<absadoc annotators=11 senti=2>
<absatitle>
  <absaspan id=1>
    <w>Asylsökande</w>
  </absaspan>
  <absaspan id=2 senti=2 target=1 source=3>
    <w>vägras</w>
    <w>pengar</w>
  </absaspan>
  <w>till</w>
  <w>vinterkläder</w>
  <absaspan id=3>
    <w>.</w>
  </absaspan>
</absatitle>
<absapar id=1>
  <w>Ur</w>
  <w>texten</w>
  <w>:</w>
  <w>.</w>
</absapar>
<absapar id=2 senti=3>
  <w>Enligt</w>
  <absaspan id=4>
    <w>länsrättens</w>
  </absaspan>
  <w>uppfattning</w>
  <w>ska</w>
  <absaspan id=5>
    <w>dagersättningen</w>
  </absaspan>
  <w>i</w>
  <w>grunden</w>
  <absaspan id=6 senti=4>
    <w>endast</w>
    <w>täcka</w>
    <w>behovet</w>
    <w>att</w>
    <w>förnya</w>
    <w>innehavet</w>
    <w>av</w>
    <w>befintliga</w>
    <w>kläder</w>
  </absaspan>
  <w>,</w>
  <w>men</w>
  <w>man</w>
  <w>påpekar</w>
  <w>samtidigt</w>
  <w>att</w>
  <w>26</w>
  <w>-</w>
  <w>åringen</w>
  <w>aldrig</w>
  <w>tidigare</w>
  <w>upplevt</w>
  <w>en</w>
  <w>svensk</w>
  <w>vinter</w>
  <absaspan id=7 senti=2>
    <w>.</w>
  </absaspan>
  <absaspan id=8 senti=2>
    <w>Länsrätten</w>
  </absaspan>
  <w>utgår</w>
  <w>från</w>
  <w>att</w>
  <w>mannen</w>
  <w>inte</w>
  <w>hade</w>
  <w>med</w>
  <w>sig</w>
  <w>vinterkläder</w>
  <w>när</w>
  <w>han</w>
  <w>flydde</w>
  <w>från</w>
  <w>Irak</w>
  <w>och</w>
  <w>att</w>
  <w>det</w>
  <w>därför</w>
  <w>uppstått</w>
  <w>ett</w>
  <w>nytt</w>
  <w>behov</w>
  <w>som</w>
  <w>inte</w>
  <w>kan</w>
  <w>täckas</w>
  <w>av</w>
  <w>dagersättningen</w>
  <absaspan id=9 senti=2>
    <w>.</w>
  </absaspan>
</absapar>
<absapar id=3 senti=2>
  <w>Vad</w>
  <w>tycker</w>
  <w>ni</w>
  <w>om</w>
  <w>detta</w>
  <absaspan id=10 senti=4>
    <w>kära</w>
    <w>meddebattörer</w>
  </absaspan>
  <w>,</w>
  <w>skall</w>
  <absaspan id=11 senti=2>
    <w>påstådd</w>
    <w>okunskap</w>
  </absaspan>
  <absaspan id=12>
    <w>om</w>
    <w>det</w>
    <w>svenska</w>
    <w>klimatet</w>
  </absaspan>
  <w>vara</w>
  <w>en</w>
  <w>omständighet</w>
  <w>till</w>
  <w>att</w>
  <absaspan id=13>
    <w>denne</w>
    <w>irakier</w>
  </absaspan>
  <w>skall</w>
  <w>få</w>
  <w>extrapengar</w>
  <w>för</w>
  <w>vinterkläder</w>
  <absaspan id=14 senti=2>
    <w>?</w>
    <w>.</w>
  </absaspan>
</absapar>
<absapar id=4 senti=2>
  <w>(</w>
  <w>Som</w>
  <w>en</w>
  <w>parentes</w>
  <w>kan</w>
  <w>jag</w>
  <w>själv</w>
  <w>tillägga</w>
  <w>att</w>
  <w>när</w>
  <absaspan id=15>
    <w>jag</w>
    <w>själv</w>
  </absaspan>
  <w>för</w>
  <w>en</w>
  <w>kort</w>
  <w>tid</w>
  <w>under</w>
  <absaspan id=16 senti=2>
    <w>dett</w>
    <w>ekonomiskt</w>
    <w>dystra</w>
    <w>90</w>
    <w>-</w>
    <w>talet</w>
  </absaspan>
  <absaspan id=17 senti=1>
    <w>hade</w>
    <w>ekonomiska</w>
    <w>problem</w>
  </absaspan>
  <absaspan id=18 senti=1>
    <w>pga</w>
  </absaspan>
  <absaspan id=19 senti=2>
    <w>arbetslöshet</w>
  </absaspan>
  <w>,</w>
  <w>så</w>
  <absaspan id=20 senti=2>
    <w>fick</w>
    <w>inte</w>
    <w>jag</w>
    <w>några</w>
    <w>extrapengar</w>
    <w>för</w>
    <w>vinterkläder</w>
  </absaspan>
  <w>.</w>
  <absaspan id=21>
    <w>Jag</w>
  </absaspan>
  <absaspan id=22 senti=4>
    <w>fick</w>
    <w>ärva</w>
  </absaspan>
  <absaspan id=23 senti=5>
    <w>kläder</w>
    <w>av</w>
  </absaspan>
  <absaspan id=24 senti=5>
    <w>folk</w>
    <w>som</w>
  </absaspan>
  <absaspan id=25 senti=4>
    <w>var</w>
    <w>snälla</w>
    <w>nog</w>
    <w>att</w>
    <w>skänka</w>
  </absaspan>
  <absaspan id=26 senti=4>
    <w>bort</w>
    <w>dom</w>
  </absaspan>
  <w>.</w>
  <w>)</w>
  <w>.</w>
</absapar>
</absadoc>
