<absadoc annotators=11 senti=2>
<absatitle>
  <absaspan id=1 senti=2 partof=2>
    <w>Skyll</w>
    <w>inte</w>
    <w>månggiftet</w>
  </absaspan>
  <absaspan id=2 senti=2 partof=1 target=2>
    <w>på</w>
    <w>Nacka</w>
    <w>kommun</w>
  </absaspan>
  <w>.</w>
  <w>.</w>
</absatitle>
<absapar id=1 senti=2>
  <w>REPLIK</w>
  <w>.</w>
  <absaspan id=3 senti=2>
    <w>Den</w>
    <w>starka</w>
    <w>reaktionen</w>
    <w>mot</w>
    <w>att</w>
    <w>Nacka</w>
    <w>kommun</w>
  </absaspan>
  <absaspan id=4>
    <w>köpt</w>
    <w>in</w>
    <w>tre</w>
    <w>lägenheter</w>
    <w>för</w>
    <w>14</w>
    <w>miljoner</w>
    <w>kronor</w>
    <w>åt</w>
    <w>en</w>
    <w>man</w>
    <w>med</w>
    <w>tre</w>
    <w>fruar</w>
    <w>och</w>
    <w>sexton</w>
    <w>barn</w>
  </absaspan>
  <absaspan id=5 senti=3>
    <w>är</w>
    <w>inte</w>
    <w>förvånande</w>
    <w>.</w>
  </absaspan>
</absapar>
<absapar id=2 senti=2>
  <absaspan id=6 senti=1>
    <w>Men</w>
    <w>att</w>
  </absaspan>
  <absaspan id=7 senti=2>
    <w>som</w>
    <w>Ulf</w>
    <w>Berquist</w>
    <w>och</w>
    <w>Anna</w>
    <w>Fayad</w>
    <w>rikta</w>
    <w>kritiken</w>
    <w>mot</w>
    <w>Nacka</w>
    <w>kommun</w>
  </absaspan>
  <absaspan id=8 senti=2>
    <w>är</w>
    <w>fel</w>
  </absaspan>
  <w>,</w>
  <absaspan id=9>
    <w>kommunen</w>
  </absaspan>
  <absaspan id=10 senti=4>
    <w>har</w>
    <w>bara</w>
    <w>följt</w>
    <w>svensk</w>
    <w>lag</w>
  </absaspan>
  <w>.</w>
</absapar>
<absapar id=3 senti=3>
  <absaspan id=11 senti=3>
    <w>Att</w>
    <w>som</w>
    <w>Berquist</w>
    <w>och</w>
    <w>Fayad</w>
  </absaspan>
  <absaspan id=12 senti=2>
    <w>ifrågasätta</w>
    <w>månggifte</w>
  </absaspan>
  <absaspan id=13 senti=2>
    <w>och</w>
    <w>hur</w>
    <w>många</w>
    <w>fruar</w>
    <w>man</w>
    <w>kan</w>
    <w>ta</w>
    <w>in</w>
    <w>som</w>
    <w>anhöriginvandrare</w>
  </absaspan>
  <absaspan id=14>
    <w>(</w>
    <w>om</w>
    <w>nu</w>
    <w>dessa</w>
    <w>kvinnor</w>
    <w>inte</w>
    <w>själva</w>
    <w>var</w>
    <w>asylsökande</w>
    <w>)</w>
  </absaspan>
  <absaspan id=15 senti=3>
    <w>är</w>
    <w>en</w>
    <w>sak</w>
  </absaspan>
  <w>,</w>
  <absaspan id=16 senti=2>
    <w>men</w>
    <w>då</w>
    <w>ska</w>
    <w>kritiken</w>
    <w>riktas</w>
  </absaspan>
  <absaspan id=17 senti=4>
    <w>mot</w>
    <w>regering</w>
    <w>,</w>
    <w>riksdag</w>
    <w>och</w>
    <w>ansvariga</w>
    <w>myndigheter</w>
  </absaspan>
  <absaspan id=18 senti=4>
    <w>och</w>
    <w>inte</w>
    <w>mot</w>
    <w>den</w>
    <w>kommun</w>
  </absaspan>
  <absaspan id=19 senti=4>
    <w>som</w>
    <w>försöker</w>
    <w>lösa</w>
    <w>en</w>
    <w>svår</w>
    <w>uppgift</w>
  </absaspan>
  <absaspan id=20 senti=4>
    <w>de</w>
    <w>är</w>
    <w>ålagda</w>
    <w>enligt</w>
    <w>lag</w>
  </absaspan>
  <absaspan id=21>
    <w>.</w>
  </absaspan>
</absapar>
<absapar id=4 senti=2>
  <absaspan id=22 senti=2>
    <w>Inte</w>
    <w>heller</w>
    <w>är</w>
    <w>det</w>
    <w>förvånande</w>
  </absaspan>
  <absaspan id=23 senti=2>
    <w>att</w>
    <w>Nackas</w>
    <w>socialdemokratiska</w>
    <w>oppositionsråd</w>
    <w>,</w>
  </absaspan>
  <absaspan id=24>
    <w>Khashayar</w>
    <w>Farmanba</w>
  </absaspan>
  <absaspan id=25 senti=2>
    <w>,</w>
    <w>passar</w>
    <w>på</w>
    <w>att</w>
    <w>kritisera</w>
  </absaspan>
  <absaspan id=26 senti=4>
    <w>att</w>
    <w>Nacka</w>
    <w>inte</w>
    <w>har</w>
    <w>något</w>
    <w>kommunalt</w>
    <w>bostadsbolag</w>
  </absaspan>
  <absaspan id=27>
    <w>.</w>
  </absaspan>
  <absaspan id=28 senti=2>
    <w>Men</w>
    <w>ur</w>
    <w>ekonomisk</w>
    <w>synvinkel</w>
    <w>har</w>
  </absaspan>
  <absaspan id=29 senti=2>
    <w>även</w>
    <w>han</w>
    <w>fel</w>
  </absaspan>
  <absaspan id=30 senti=2>
    <w>.</w>
  </absaspan>
</absapar>
<absapar id=5 senti=2>
  <absaspan id=31 senti=4>
    <w>Det</w>
    <w>är</w>
    <w>självklart</w>
  </absaspan>
  <absaspan id=32 senti=4>
    <w>billigare</w>
    <w>att</w>
    <w>bara</w>
    <w>köpa</w>
    <w>de</w>
    <w>lägenheter</w>
    <w>som</w>
    <w>behövs</w>
  </absaspan>
  <absaspan id=33 senti=2>
    <w>än</w>
    <w>att</w>
    <w>binda</w>
    <w>ett</w>
    <w>långt</w>
    <w>större</w>
    <w>kapital</w>
    <w>(</w>
    <w>skattebetalarnas</w>
    <w>)</w>
    <w>i</w>
    <w>ett</w>
    <w>stort</w>
    <w>bostadsbestånd</w>
  </absaspan>
  <absaspan id=34 senti=2>
    <w>.</w>
  </absaspan>
  <absaspan id=35 senti=4>
    <w>Pengar</w>
    <w>som</w>
    <w>i</w>
    <w>stället</w>
    <w>kan</w>
    <w>investeras</w>
    <w>i</w>
    <w>skolor</w>
    <w>,</w>
    <w>äldreboenden</w>
    <w>,</w>
    <w>idrottsplaner</w>
    <w>,</w>
    <w>vägar</w>
    <w>och</w>
    <w>annat</w>
  </absaspan>
  <absaspan id=36 senti=4>
    <w>som</w>
    <w>ger</w>
    <w>kommuninvånarna</w>
    <w>nytta</w>
  </absaspan>
  <w>.</w>
</absapar>
<absapar id=6 senti=2>
  <absaspan id=37 senti=2>
    <w>Däremot</w>
    <w>är</w>
  </absaspan>
  <absaspan id=38 senti=2>
    <w>det</w>
    <w>uppseendeväckande</w>
    <w>att</w>
  </absaspan>
  <absaspan id=39 senti=2>
    <w>det</w>
    <w>i</w>
    <w>regeringens</w>
    <w>populistiska</w>
    <w>valbudget</w>
  </absaspan>
  <absaspan id=40 senti=2>
    <w>,</w>
    <w>med</w>
    <w>bland</w>
    <w>annat</w>
    <w>skatterabatter</w>
    <w>för</w>
    <w>fackavgifter</w>
    <w>,</w>
    <w>saknas</w>
    <w>satsningar</w>
    <w>på</w>
    <w>vår</w>
    <w>tids</w>
    <w>just</w>
    <w>nu</w>
    <w>största</w>
    <w>utmaningar</w>
    <w>nämligen</w>
    <w>migration</w>
    <w>och</w>
    <w>integration</w>
  </absaspan>
  <absaspan id=41>
    <w>.</w>
  </absaspan>
  <absaspan id=42 senti=2>
    <w>Det</w>
    <w>är</w>
    <w>som</w>
    <w>om</w>
  </absaspan>
  <absaspan id=43 senti=2>
    <w>de</w>
    <w>problem</w>
    <w>som</w>
    <w>uppstod</w>
  </absaspan>
  <absaspan id=44 senti=2>
    <w>när</w>
    <w>163</w>
    <w>000</w>
    <w>asylsökande</w>
    <w>kom</w>
    <w>2015</w>
  </absaspan>
  <absaspan id=45 senti=2>
    <w>inte</w>
    <w>längre</w>
    <w>finns</w>
    <w>nu</w>
  </absaspan>
  <absaspan id=46 senti=2>
    <w>när</w>
    <w>staten</w>
    <w>skjuter</w>
  </absaspan>
  <absaspan id=47 senti=2>
    <w>över</w>
    <w>ansvaret</w>
    <w>på</w>
    <w>kommunerna</w>
  </absaspan>
  <w>.</w>
</absapar>
<absapar id=7 senti=3>
  <w>Inte</w>
  <w>minst</w>
  <absaspan id=48>
    <w>bostadsfrågan</w>
  </absaspan>
  <absaspan id=49 senti=2>
    <w>måste</w>
    <w>få</w>
    <w>en</w>
    <w>lösning</w>
  </absaspan>
  <absaspan id=50 senti=3>
    <w>.</w>
  </absaspan>
  <absaspan id=51 senti=2>
    <w>För</w>
    <w>även</w>
    <w>om</w>
  </absaspan>
  <absaspan id=52 senti=4>
    <w>kommuner</w>
    <w>som</w>
    <w>Nacka</w>
  </absaspan>
  <absaspan id=53 senti=3>
    <w>i</w>
    <w>det</w>
    <w>korta</w>
    <w>perspektivet</w>
    <w>köper</w>
    <w>bostadsrätter</w>
    <w>för</w>
    <w>att</w>
    <w>ge</w>
    <w>människor</w>
    <w>tak</w>
    <w>över</w>
    <w>huvudet</w>
  </absaspan>
  <absaspan id=54 senti=2>
    <w>är</w>
  </absaspan>
  <absaspan id=55 senti=2>
    <w>det</w>
  </absaspan>
  <absaspan id=56 senti=2>
    <w>naturligtvis</w>
    <w>inte</w>
    <w>en</w>
    <w>långsiktig</w>
    <w>lösning</w>
  </absaspan>
  <w>.</w>
</absapar>
<absapar id=8 senti=3>
  <w>Här</w>
  <absaspan id=57 senti=4>
    <w>måste</w>
    <w>i</w>
    <w>stället</w>
    <w>regering</w>
    <w>och</w>
    <w>riksdag</w>
  </absaspan>
  <absaspan id=58 senti=4>
    <w>genomföra</w>
    <w>reformer</w>
  </absaspan>
  <absaspan id=59 senti=4>
    <w>som</w>
    <w>dels</w>
    <w>gör</w>
    <w>det</w>
    <w>enklare</w>
    <w>att</w>
    <w>bygga</w>
  </absaspan>
  <absaspan id=60 senti=4>
    <w>,</w>
    <w>att</w>
    <w>projekten</w>
    <w>går</w>
    <w>fortare</w>
    <w>att</w>
    <w>genomföra</w>
    <w>och</w>
    <w>att</w>
    <w>man</w>
    <w>kan</w>
    <w>bygga</w>
    <w>på</w>
    <w>flera</w>
    <w>platser</w>
  </absaspan>
  <w>.</w>
  <absaspan id=61 senti=2>
    <w>Dels</w>
    <w>måste</w>
    <w>man</w>
  </absaspan>
  <absaspan id=62 senti=2>
    <w>underlätta</w>
    <w>för</w>
    <w>människor</w>
    <w>att</w>
    <w>kunna</w>
    <w>byta</w>
    <w>bostad</w>
  </absaspan>
  <absaspan id=63 senti=2>
    <w>i</w>
    <w>takt</w>
    <w>med</w>
    <w>att</w>
    <w>deras</w>
    <w>behov</w>
    <w>förändras</w>
  </absaspan>
  <absaspan id=64>
    <w>.</w>
  </absaspan>
  <absaspan id=65 senti=2>
    <w>För</w>
    <w>att</w>
    <w>klara</w>
    <w>detta</w>
    <w>behöver</w>
  </absaspan>
  <absaspan id=66 senti=2>
    <w>en</w>
    <w>del</w>
    <w>heliga</w>
    <w>kor</w>
  </absaspan>
  <w>,</w>
  <absaspan id=67 senti=2>
    <w>såsom</w>
    <w>flyttskatt</w>
    <w>,</w>
    <w>strandskydd</w>
    <w>,</w>
    <w>bullernormer</w>
    <w>och</w>
    <w>hyresreglering</w>
  </absaspan>
  <absaspan id=68 senti=1>
    <w>slaktas</w>
  </absaspan>
  <w>.</w>
</absapar>
<absapar id=9 senti=3>
  <absaspan id=69>
    <w>Paul</w>
    <w>Lindquist</w>
  </absaspan>
  <w>(</w>
  <w>M</w>
  <w>)</w>
  <w>,</w>
  <w>fastighetslandstingsråd</w>
  <w>,</w>
  <w>Stockholms</w>
  <w>läns</w>
  <w>landsting</w>
  <w>och</w>
  <w>kommunstyrelsens</w>
  <w>ordförande</w>
  <w>i</w>
  <w>Lidingö</w>
  <w>2003</w>
  <w>-</w>
  <w>14</w>
  <w>.</w>
</absapar>
<absapar id=10 senti=3>
  <w>Häng</w>
  <w>med</w>
  <w>i</w>
  <w>debatten</w>
  <w>–</w>
  <w>följ</w>
  <w>Debatt</w>
  <w>på</w>
  <w>Facebook</w>
  <w>.</w>
</absapar>
</absadoc>
