<absadoc annotators=2 senti=4>
<absatitle>
  <absaspan id=1>
    <w>Integrationen</w>
  </absaspan>
  <absaspan id=2 senti=4 target=1>
    <w>funkar</w>
  </absaspan>
  <w>–</w>
  <w>lär</w>
  <w>av</w>
  <absaspan id=3>
    <w>dem</w>
  </absaspan>
  <w>som</w>
  <absaspan id=4 senti=4 source=3 target=1>
    <w>lyckats</w>
  </absaspan>
  <w>.</w>
</absatitle>
<absapar id=1>
  <w>DEBATT</w>
  <w>.</w>
  <w>Debatten</w>
  <w>om</w>
  <absaspan id=5>
    <w>invandringen</w>
  </absaspan>
  <w>till</w>
  <w>Sverige</w>
  <w>har</w>
  <w>ändrat</w>
  <w>karaktär</w>
  <w>.</w>
  <w>Både</w>
  <w>den</w>
  <w>politiska</w>
  <w>retoriken</w>
  <w>och</w>
  <w>praktiken</w>
  <w>har</w>
  <w>gått</w>
  <w>i</w>
  <w>en</w>
  <w>alltmer</w>
  <w>restriktiv</w>
  <w>riktning</w>
  <w>.</w>
</absapar>
<absapar id=2>
  <w>Även</w>
  <absaspan id=6>
    <w>partier</w>
    <w>som</w>
    <w>tidigare</w>
    <w>har</w>
    <w>stått</w>
    <w>för</w>
    <w>en</w>
    <w>öppen</w>
    <w>migrationspolitik</w>
    <w>,</w>
    <w>som</w>
    <w>Socialdemokraterna</w>
  </absaspan>
  <absaspan id=7 senti=3>
    <w>och</w>
    <w>Moderaterna</w>
  </absaspan>
  <w>,</w>
  <absaspan id=8 senti=2>
    <w>framställer</w>
  </absaspan>
  <w>allt</w>
  <absaspan id=9>
    <w>oftare</w>
  </absaspan>
  <absaspan id=10>
    <w>migration</w>
  </absaspan>
  <absaspan id=11 senti=2>
    <w>som</w>
    <w>ett</w>
  </absaspan>
  <absaspan id=12 senti=2>
    <w>problem</w>
  </absaspan>
  <w>snarare</w>
  <w>än</w>
  <w>som</w>
  <w>en</w>
  <w>positiv</w>
  <w>kraft</w>
  <w>som</w>
  <w>bidrar</w>
  <w>till</w>
  <w>att</w>
  <w>utveckla</w>
  <w>Sverige</w>
  <w>.</w>
</absapar>
<absapar id=3>
  <absaspan id=13>
    <w>Detta</w>
  </absaspan>
  <absaspan id=14 senti=2>
    <w>är</w>
    <w>problematiskt</w>
  </absaspan>
  <w>av</w>
  <w>flera</w>
  <w>skäl</w>
  <w>.</w>
  <w>För</w>
  <w>det</w>
  <w>första</w>
  <absaspan id=15 senti=2>
    <w>ger</w>
  </absaspan>
  <absaspan id=16>
    <w>det</w>
  </absaspan>
  <absaspan id=17 senti=2>
    <w>en</w>
  </absaspan>
  <absaspan id=18 senti=2>
    <w>felaktig</w>
    <w>bild</w>
  </absaspan>
  <w>av</w>
  <absaspan id=19>
    <w>invandringens</w>
    <w>betydelse</w>
  </absaspan>
  <w>,</w>
  <w>för</w>
  <w>det</w>
  <w>andra</w>
  <absaspan id=20 senti=2>
    <w>spär</w>
  </absaspan>
  <absaspan id=21>
    <w>det</w>
  </absaspan>
  <absaspan id=22 senti=2>
    <w>på</w>
  </absaspan>
  <absaspan id=23 senti=2>
    <w>fördomar</w>
    <w>och</w>
    <w>negativa</w>
    <w>attityder</w>
  </absaspan>
  <w>mot</w>
  <absaspan id=24>
    <w>invandrare</w>
  </absaspan>
  <w>.</w>
  <w>Forskning</w>
  <w>visar</w>
  <w>att</w>
  <w>invandring</w>
  <w>bland</w>
  <w>annat</w>
  <w>bidrar</w>
  <w>till</w>
  <w>kompetensförsörjning</w>
  <w>,</w>
  <w>ökat</w>
  <w>företagande</w>
  <w>,</w>
  <w>utrikeshandel</w>
  <w>,</w>
  <w>kreativitet</w>
  <w>och</w>
  <w>tillväxt</w>
  <w>.</w>
  <w>SCB</w>
  <w>konstaterar</w>
  <w>också</w>
  <w>att</w>
  <w>det</w>
  <w>är</w>
  <w>de</w>
  <w>utrikes</w>
  <w>födda</w>
  <w>som</w>
  <w>beräknas</w>
  <w>stå</w>
  <w>för</w>
  <w>hela</w>
  <w>ökningen</w>
  <w>av</w>
  <w>personer</w>
  <w>i</w>
  <w>yrkesaktiv</w>
  <w>ålder</w>
  <w>.</w>
</absapar>
<absapar id=4>
  <w>Med</w>
  <w>andra</w>
  <w>ord</w>
  <w>:</w>
  <w>Sverige</w>
  <w>behöver</w>
  <w>invandring</w>
  <w>.</w>
</absapar>
<absapar id=5>
  <w>Därmed</w>
  <w>inte</w>
  <w>sagt</w>
  <w>att</w>
  <w>invandring</w>
  <w>är</w>
  <w>problemfritt</w>
  <w>.</w>
  <w>Arbetslösheten</w>
  <absaspan id=25>
    <w>i</w>
  </absaspan>
  <w>dag</w>
  <w>är</w>
  <absaspan id=26>
    <w>cirka</w>
  </absaspan>
  <w>fem</w>
  <w>gånger</w>
  <w>högre</w>
  <w>bland</w>
  <w>utrikes</w>
  <absaspan id=27>
    <w>födda</w>
  </absaspan>
  <absaspan id=28>
    <w>jämfört</w>
  </absaspan>
  <absaspan id=29>
    <w>med</w>
  </absaspan>
  <w>dem</w>
  <w>som</w>
  <w>är</w>
  <w>födda</w>
  <w>i</w>
  <absaspan id=30>
    <w>Sverige</w>
  </absaspan>
  <w>.</w>
</absapar>
<absapar id=6>
  <w>Ju</w>
  <w>snabbare</w>
  <w>en</w>
  <w>nyanländ</w>
  <w>kommer</w>
  <w>in</w>
  <w>på</w>
  <w>arbetsmarknaden</w>
  <w>och</w>
  <w>ju</w>
  <w>bättre</w>
  <w>matchningen</w>
  <w>blir</w>
  <w>,</w>
  <w>desto</w>
  <w>större</w>
  <w>blir</w>
  <w>vinsterna</w>
  <w>för</w>
  <w>samhällsekonomin</w>
  <w>.</w>
  <w>Självklart</w>
  <w>gäller</w>
  <w>detta</w>
  <w>även</w>
  <w>individen</w>
  <w>.</w>
  <absaspan id=31>
    <w>Långa</w>
    <w>perioder</w>
    <w>av</w>
    <w>arbetslöshet</w>
  </absaspan>
  <absaspan id=32 senti=2>
    <w>leder</w>
  </absaspan>
  <absaspan id=33 senti=2>
    <w>till</w>
    <w>stora</w>
  </absaspan>
  <w>ekonomiska</w>
  <w>och</w>
  <w>personliga</w>
  <absaspan id=34 senti=2>
    <w>påfrestningar</w>
  </absaspan>
  <absaspan id=35>
    <w>.</w>
  </absaspan>
</absapar>
<absapar id=7>
  <absaspan id=36 senti=4>
    <w>Lyckligtvis</w>
    <w>finns</w>
  </absaspan>
  <w>det</w>
  <absaspan id=37>
    <w>runt</w>
    <w>om</w>
    <w>i</w>
    <w>Sverige</w>
    <w>gott</w>
    <w>om</w>
    <w>belägg</w>
    <w>för</w>
    <w>att</w>
    <w>en</w>
    <w>effektiv</w>
    <w>integration</w>
    <w>är</w>
    <w>möjlig</w>
  </absaspan>
  <w>.</w>
</absapar>
<absapar id=8>
  <w>Det</w>
  <w>visar</w>
  <w>studien</w>
  <w>”</w>
  <w>Vägar</w>
  <w>till</w>
  <w>effektivare</w>
  <w>integration</w>
  <w>”</w>
  <w>som</w>
  <w>Karin</w>
  <w>Alfredsson</w>
  <w>har</w>
  <w>gjort</w>
  <w>för</w>
  <w>Global</w>
  <w>Utmanings</w>
  <w>räkning</w>
  <w>.</w>
</absapar>
<absapar id=9>
  <w>I</w>
  <w>slutordet</w>
  <w>konstaterar</w>
  <w>hon</w>
  <w>:</w>
  <w>#</w>
  <w>P</w>
  <w>IMM</w>
  <w>.</w>
  <w>”</w>
  <w>Jag</w>
  <w>har</w>
  <w>träffat</w>
  <w>massor</w>
  <w>av</w>
  <w>människor</w>
  <w>…</w>
  <w>och</w>
  <w>talet</w>
  <w>om</w>
  <w>’</w>
  <w>systemkollaps</w>
  <w>’</w>
  <w>och</w>
  <w>’</w>
  <w>Sverige</w>
  <w>orkar</w>
  <w>inte</w>
  <w>mer</w>
  <w>’</w>
  <w>har</w>
  <w>spruckit</w>
  <w>som</w>
  <w>en</w>
  <w>stor</w>
  <w>såpbubbla</w>
  <w>…</w>
  <absaspan id=38>
    <w>Att</w>
    <w>man</w>
    <w>dessutom</w>
    <w>fått</w>
    <w>arbetskraft</w>
    <w>till</w>
    <w>branscher</w>
    <w>med</w>
    <w>personalförsörjningsproblem</w>
    <w>och</w>
    <w>till</w>
    <w>kommuner</w>
    <w>med</w>
    <w>befolkningsminskning</w>
    <w>eller</w>
    <w>tillväxtboom</w>
  </absaspan>
  <absaspan id=39 senti=4>
    <w>spär</w>
    <w>på</w>
    <w>glädjen</w>
    <w>.</w>
  </absaspan>
  <w>De</w>
  <w>har</w>
  <w>förstått</w>
  <w>att</w>
  <w>utan</w>
  <w>invandring</w>
  <w>stannar</w>
  <w>Sverige</w>
  <w>.</w>
  <w>”</w>
</absapar>
<absapar id=10>
  <w>Men</w>
  <w>skillnaderna</w>
  <w>är</w>
  <w>stora</w>
  <w>mellan</w>
  <w>kommunerna</w>
  <w>.</w>
  <w>Enligt</w>
  <w>statistik</w>
  <w>från</w>
  <w>SKL</w>
  <w>varierar</w>
  <w>andelen</w>
  <w>nyanlända</w>
  <w>flyktingar</w>
  <w>som</w>
  <w>befinner</w>
  <w>sig</w>
  <w>i</w>
  <w>arbete</w>
  <w>eller</w>
  <w>utbildning</w>
  <w>efter</w>
  <w>drygt</w>
  <w>två</w>
  <w>år</w>
  <w>i</w>
  <w>en</w>
  <w>kommun</w>
  <w>mellan</w>
  <w>3</w>
  <w>procent</w>
  <w>och</w>
  <w>73</w>
  <w>procent</w>
  <w>.</w>
  <w>För</w>
  <w>landet</w>
  <w>som</w>
  <w>helhet</w>
  <w>tar</w>
  <w>det</w>
  <w>7</w>
  <w>–</w>
  <w>9</w>
  <w>år</w>
  <w>i</w>
  <w>genomsnitt</w>
  <w>för</w>
  <w>hälften</w>
  <w>av</w>
  <w>de</w>
  <w>nyanlända</w>
  <w>flyktingarna</w>
  <w>att</w>
  <w>få</w>
  <w>sysselsättning</w>
  <w>.</w>
</absapar>
<absapar id=11>
  <w>Samtidigt</w>
  <w>finns</w>
  <w>det</w>
  <w>kommuner</w>
  <w>där</w>
  <w>50</w>
  <w>procent</w>
  <w>eller</w>
  <w>fler</w>
  <w>har</w>
  <w>sysselsättning</w>
  <w>inom</w>
  <w>mindre</w>
  <w>än</w>
  <w>två</w>
  <w>år</w>
  <w>.</w>
  <w>I</w>
  <w>Åre</w>
  <w>som</w>
  <w>under</w>
  <w>2015</w>
  <w>tog</w>
  <w>emot</w>
  <w>ett</w>
  <w>antal</w>
  <w>motsvarande</w>
  <w>10</w>
  <w>procent</w>
  <w>av</w>
  <w>kommunens</w>
  <w>befolkning</w>
  <w>är</w>
  <w>siffran</w>
  <w>70</w>
  <w>procent</w>
  <w>.</w>
  <w>Det</w>
  <w>visar</w>
  <w>att</w>
  <w>en</w>
  <w>effektiv</w>
  <w>integration</w>
  <w>är</w>
  <w>möjlig</w>
  <w>!</w>
</absapar>
<absapar id=12>
  <w>Den</w>
  <w>intressanta</w>
  <w>frågan</w>
  <w>för</w>
  <w>varje</w>
  <w>politiker</w>
  <w>borde</w>
  <w>vara</w>
  <w>vad</w>
  <w>hen</w>
  <w>kan</w>
  <w>göra</w>
  <w>för</w>
  <w>att</w>
  <w>de</w>
  <w>bästa</w>
  <w>kommunernas</w>
  <w>resultat</w>
  <w>ska</w>
  <w>bli</w>
  <w>allas</w>
  <w>–</w>
  <w>inte</w>
  <w>hur</w>
  <w>man</w>
  <w>ska</w>
  <w>hålla</w>
  <w>invandrade</w>
  <w>borta</w>
  <w>.</w>
</absapar>
<absapar id=13>
  <w>Lösningarna</w>
  <w>finns</w>
  <w>både</w>
  <w>centralt</w>
  <w>och</w>
  <w>lokalt</w>
  <w>.</w>
  <absaspan id=40>
    <w>Många</w>
    <w>kommuner</w>
  </absaspan>
  <absaspan id=41 senti=1>
    <w>rapporterar</w>
    <w>djup</w>
    <w>frustration</w>
  </absaspan>
  <w>över</w>
  <absaspan id=42>
    <w>fyrkantiga</w>
    <w>regelverk</w>
    <w>och</w>
    <w>en</w>
    <w>statlig</w>
    <w>arbetsmarknadspolitik</w>
    <w>som</w>
    <w>förhindrar</w>
    <w>en</w>
    <w>individuell</w>
    <w>anpassning</w>
    <w>och</w>
    <w>lokala</w>
    <w>behov</w>
  </absaspan>
  <w>.</w>
  <w>Arbetsförmedlingen</w>
  <w>,</w>
  <w>som</w>
  <w>har</w>
  <w>det</w>
  <w>formella</w>
  <w>ansvaret</w>
  <w>för</w>
  <w>etableringen</w>
  <w>,</w>
  <w>är</w>
  <w>uppbunden</w>
  <w>av</w>
  <w>nationella</w>
  <w>program</w>
  <w>och</w>
  <w>stora</w>
  <w>,</w>
  <w>statliga</w>
  <w>upphandlingar</w>
  <w>.</w>
  <w>Följden</w>
  <w>blir</w>
  <w>att</w>
  <w>lokala</w>
  <w>resurser</w>
  <w>för</w>
  <w>vuxenutbildning</w>
  <w>,</w>
  <w>näringsliv</w>
  <w>och</w>
  <w>civilsamhälle</w>
  <w>inte</w>
  <w>alltid</w>
  <w>kan</w>
  <w>tas</w>
  <w>i</w>
  <w>anspråk</w>
  <w>.</w>
</absapar>
<absapar id=14>
  <w>Men</w>
  <w>på</w>
  <w>en</w>
  <w>del</w>
  <w>platser</w>
  <absaspan id=43 senti=4>
    <w>övervinner</w>
  </absaspan>
  <absaspan id=44>
    <w>arbetsförmedling</w>
  </absaspan>
  <absaspan id=45>
    <w>,</w>
    <w>kommun</w>
    <w>,</w>
    <w>näringsliv</w>
    <w>och</w>
    <w>civilsamhälle</w>
  </absaspan>
  <absaspan id=46 senti=4>
    <w>hindren</w>
  </absaspan>
  <w>och</w>
  <w>bygger</w>
  <w>tillsammans</w>
  <w>upp</w>
  <w>ett</w>
  <w>flexibelt</w>
  <w>och</w>
  <w>nära</w>
  <w>samarbete</w>
  <w>.</w>
  <w>Det</w>
  <w>är</w>
  <w>där</w>
  <w>det</w>
  <w>fungerar</w>
  <w>,</w>
  <w>när</w>
  <absaspan id=47>
    <w>alla</w>
    <w>berörda</w>
  </absaspan>
  <absaspan id=48 senti=4>
    <w>samarbetar</w>
    <w>nära</w>
    <w>och</w>
    <w>prestigelöst</w>
    <w>med</w>
    <w>sikte</w>
    <w>på</w>
    <w>bästa</w>
    <w>resultat</w>
  </absaspan>
  <w>.</w>
</absapar>
<absapar id=15>
  <w>Integrationen</w>
  <w>är</w>
  <w>en</w>
  <w>av</w>
  <w>de</w>
  <w>viktigaste</w>
  <w>frågorna</w>
  <w>för</w>
  <w>Sveriges</w>
  <w>ekonomi</w>
  <w>och</w>
  <w>demokrati</w>
  <w>de</w>
  <w>närmaste</w>
  <w>åren</w>
  <w>.</w>
  <w>Debatten</w>
  <w>borde</w>
  <w>fokusera</w>
  <w>mycket</w>
  <w>mer</w>
  <w>på</w>
  <w>möjligheterna</w>
  <w>och</w>
  <w>lösningarna</w>
  <w>.</w>
</absapar>
<absapar id=16>
  <w>Kunskapen</w>
  <w>om</w>
  <w>vad</w>
  <w>som</w>
  <w>fungerar</w>
  <w>ute</w>
  <w>i</w>
  <w>kommunerna</w>
  <w>behöver</w>
  <w>spridas</w>
  <w>så</w>
  <w>att</w>
  <w>framgångsfaktorerna</w>
  <w>kan</w>
  <w>tillämpas</w>
  <w>av</w>
  <w>många</w>
  <w>fler</w>
  <w>.</w>
  <w>Precis</w>
  <w>som</w>
  <w>i</w>
  <w>andra</w>
  <w>sammanhang</w>
  <w>behöver</w>
  <w>det</w>
  <w>finnas</w>
  <w>processer</w>
  <w>för</w>
  <w>att</w>
  <w>lära</w>
  <w>av</w>
  <w>dem</w>
  <w>som</w>
  <w>har</w>
  <w>lyckats</w>
  <w>bäst</w>
  <w>.</w>
</absapar>
<absapar id=17>
  <w>Det</w>
  <w>handlar</w>
  <w>både</w>
  <w>om</w>
  <w>arbetssätt</w>
  <w>och</w>
  <w>attityder</w>
  <w>.</w>
  <w>Och</w>
  <w>belöningen</w>
  <w>för</w>
  <w>samhället</w>
  <w>blir</w>
  <w>betydande</w>
  <w>när</w>
  <w>man</w>
  <w>lyckas</w>
  <w>.</w>
</absapar>
<absapar id=18>
  <w>Kristina</w>
  <w>Persson</w>
  <w>,</w>
  <w>f.d</w>
  <w>.</w>
  <w>strategi-och</w>
  <w>framtidsminister</w>
  <w>,</w>
  <w>grundare</w>
  <w>av</w>
  <w>Global</w>
  <w>UtmaningJesper</w>
  <w>Strömbäck</w>
  <w>,</w>
  <w>professor</w>
  <w>i</w>
  <w>journalistik</w>
  <w>och</w>
  <w>politisk</w>
  <w>kommunikation</w>
  <w>,</w>
  <w>f.d</w>
  <w>.</w>
  <w>framtidsutredare</w>
  <w>och</w>
  <w>författare</w>
  <w>till</w>
  <w>”</w>
  <w>Utan</w>
  <w>invandring</w>
  <w>stannar</w>
  <w>Sverige</w>
  <w>”</w>
  <w>.</w>
</absapar>
<absapar id=19>
  <w>#</w>
  <w>P</w>
  <w>IMM</w>
  <w>.</w>
  <w>⁠</w>
  <w>Häng</w>
  <w>med</w>
  <w>i</w>
  <w>debatten</w>
  <w>och</w>
  <w>kommentera</w>
  <w>artikeln</w>
  <w>–</w>
  <absaspan id=49 senti=4>
    <w>gilla</w>
  </absaspan>
  <absaspan id=50>
    <w>Aftonbladet</w>
    <w>Debatt</w>
  </absaspan>
  <w> </w>
  <w>på</w>
  <w>Facebook</w>
  <absaspan id=51>
    <w>.</w>
  </absaspan>
</absapar>
</absadoc>
