<absadoc annotators=9 senti=5>
<absatitle>
  <absaspan id=1 senti=1 target=1>
    <w>Sluta</w>
    <w>mörka</w>
    <w>information</w>
  </absaspan>
  <absaspan id=2 senti=2 target=2>
    <w>kring</w>
    <w>tvångsutvisningar</w>
  </absaspan>
  <w>.</w>
</absatitle>
<absapar id=1 senti=4>
  <absaspan id=3 senti=2>
    <w>Trots</w>
  </absaspan>
  <absaspan id=4 senti=4>
    <w>att</w>
    <w>EU</w>
    <w>krävt</w>
    <w>öppenhet</w>
  </absaspan>
  <absaspan id=5>
    <w>och</w>
    <w>övervakning</w>
  </absaspan>
  <absaspan id=6 senti=1>
    <w>vid</w>
    <w>svenska</w>
    <w>tvångsutvisningar</w>
  </absaspan>
  <w>,</w>
  <absaspan id=7 senti=2>
    <w>fortsätter</w>
    <w>hemlighetsmakeriet</w>
  </absaspan>
  <absaspan id=8 senti=2>
    <w>kring</w>
  </absaspan>
  <absaspan id=9 senti=1>
    <w>människorättsvidriga</w>
    <w>deportationer</w>
  </absaspan>
  <absaspan id=10>
    <w>av</w>
    <w>irakier</w>
    <w>till</w>
    <w>Bagdad</w>
  </absaspan>
  <absaspan id=11>
    <w>.</w>
  </absaspan>
  <w>Samtidigt</w>
  <w>tycks</w>
  <absaspan id=12 senti=2>
    <w>polisens</w>
    <w>attityd</w>
  </absaspan>
  <w>kring</w>
  <absaspan id=13>
    <w>operationerna</w>
  </absaspan>
  <absaspan id=14 senti=2>
    <w>hårdna</w>
  </absaspan>
  <w>.</w>
</absapar>
<absapar id=2 senti=4>
  <w>Natten</w>
  <w>till</w>
  <w>onsdagen</w>
  <w>den</w>
  <w>25</w>
  <w>april</w>
  <absaspan id=15 senti=4>
    <w>samlades</w>
  </absaspan>
  <absaspan id=16>
    <w>flyktingaktivister</w>
  </absaspan>
  <w>utanför</w>
  <w>Migrationsverkets</w>
  <w>förvar</w>
  <w>i</w>
  <w>Märsta</w>
  <w>och</w>
  <w>Flen</w>
  <absaspan id=17 senti=4>
    <w>för</w>
    <w>att</w>
    <w>visa</w>
    <w>solidaritet</w>
  </absaspan>
  <absaspan id=18 senti=4>
    <w>med</w>
  </absaspan>
  <absaspan id=19 senti=2>
    <w>de</w>
    <w>irakier</w>
    <w>som</w>
    <w>skulle</w>
    <w>tvångsdeporteras</w>
  </absaspan>
  <absaspan id=20>
    <w>under</w>
    <w>natten</w>
  </absaspan>
  <w>.</w>
  <w>Målet</w>
  <w>:</w>
  <absaspan id=21 senti=1>
    <w>att</w>
    <w>stoppa</w>
  </absaspan>
  <w>–</w>
  <w>eller</w>
  <w>i</w>
  <w>vart</w>
  <w>fall</w>
  <absaspan id=22 senti=2>
    <w>försvåra</w>
  </absaspan>
  <w>–</w>
  <absaspan id=23>
    <w>utvisningsprocessen</w>
    <w>.</w>
  </absaspan>
</absapar>
<absapar id=3 senti=4>
  <w>Några</w>
  <w>timmar</w>
  <w>tidigare</w>
  <absaspan id=24 senti=1>
    <w>hade</w>
  </absaspan>
  <absaspan id=25>
    <w>en</w>
    <w>av</w>
    <w>de</w>
    <w>18</w>
    <w>flyktingarna</w>
  </absaspan>
  <absaspan id=26 senti=1>
    <w>vittnat</w>
  </absaspan>
  <absaspan id=27 senti=1>
    <w>om</w>
    <w>att</w>
    <w>liv</w>
    <w>står</w>
    <w>på</w>
    <w>spel</w>
  </absaspan>
  <w>.</w>
  <absaspan id=28>
    <w>Han</w>
  </absaspan>
  <absaspan id=29 senti=1>
    <w>fruktade</w>
    <w>tortyr</w>
    <w>,</w>
    <w>kidnappning</w>
    <w>,</w>
    <w>eller</w>
    <w>avrättning</w>
  </absaspan>
  <absaspan id=30 senti=1>
    <w>vid</w>
    <w>återkomsten</w>
  </absaspan>
  <w>.</w>
  <absaspan id=31 senti=1>
    <w>Hoten</w>
  </absaspan>
  <w>är</w>
  <absaspan id=32 senti=2>
    <w>högst</w>
  </absaspan>
  <absaspan id=33>
    <w>reella</w>
  </absaspan>
  <w>.</w>
  <absaspan id=34>
    <w>Khaled</w>
  </absaspan>
  <absaspan id=35>
    <w>Khodana</w>
    <w>,</w>
  </absaspan>
  <w>tillhörande</w>
  <w>en</w>
  <w>irakisk</w>
  <w>-</w>
  <w>kurdisk</w>
  <w>minoritet</w>
  <w>,</w>
  <w>ansökte</w>
  <w>om</w>
  <w>svensk</w>
  <w>asyl</w>
  <w>och</w>
  <w>fick</w>
  <w>avslag</w>
  <w>hösten</w>
  <w>2011</w>
  <w>.</w>
  <absaspan id=36>
    <w>Han</w>
  </absaspan>
  <absaspan id=37 senti=1>
    <w>tvångsdeporterades</w>
  </absaspan>
  <w>,</w>
  <w>och</w>
  <w>blev</w>
  <w>kort</w>
  <w>därefter</w>
  <absaspan id=38 senti=1>
    <w>avrättad</w>
  </absaspan>
  <w>av</w>
  <w>den</w>
  <absaspan id=39 senti=1>
    <w>terrorgrupp</w>
    <w>som</w>
  </absaspan>
  <absaspan id=40>
    <w>han</w>
  </absaspan>
  <w>i</w>
  <w>sin</w>
  <w>ansökan</w>
  <w>hos</w>
  <absaspan id=41>
    <w>Migrationsverket</w>
  </absaspan>
  <absaspan id=42 senti=1>
    <w>uppgett</w>
    <w>sig</w>
    <w>vara</w>
    <w>hotad</w>
    <w>av</w>
  </absaspan>
  <w>,</w>
  <w>utan</w>
  <w>att</w>
  <w>ha</w>
  <w>blivit</w>
  <w>trodd</w>
  <absaspan id=43 senti=1>
    <w>.</w>
  </absaspan>
</absapar>
<absapar id=4 senti=4>
  <absaspan id=44 senti=1>
    <w>Flera</w>
    <w>av</w>
    <w>de</w>
    <w>svenska</w>
    <w>tvångsutvisningarna</w>
    <w>till</w>
    <w>Irak</w>
  </absaspan>
  <absaspan id=45 senti=2>
    <w>står</w>
    <w>i</w>
    <w>direkt</w>
    <w>strid</w>
    <w>med</w>
    <w>såväl</w>
    <w>EU-rätt</w>
    <w>som</w>
    <w>nationell</w>
    <w>lagstiftning</w>
    <w>,</w>
    <w>och</w>
    <w>utgör</w>
  </absaspan>
  <absaspan id=46 senti=1>
    <w>i</w>
    <w>vissa</w>
    <w>fall</w>
    <w>grova</w>
    <w>kränkningar</w>
  </absaspan>
  <absaspan id=47 senti=1>
    <w>.</w>
  </absaspan>
  <absaspan id=48 senti=2>
    <w>Skarp</w>
    <w>kritik</w>
    <w>mot</w>
  </absaspan>
  <absaspan id=49>
    <w>Sveriges</w>
    <w>agerande</w>
  </absaspan>
  <absaspan id=50 senti=1>
    <w>har</w>
    <w>mottagits</w>
    <w>från</w>
  </absaspan>
  <absaspan id=51>
    <w>UNHCR</w>
    <w>,</w>
    <w>FN</w>
    <w>:</w>
    <w>s</w>
    <w>tortyrkommitté</w>
    <w>,</w>
    <w>Amnesty</w>
    <w>och</w>
    <w>Iraks</w>
    <w>regering</w>
  </absaspan>
  <absaspan id=52 senti=2>
    <w>,</w>
    <w>som</w>
    <w>dessutom</w>
    <w>har</w>
    <w>påpekat</w>
    <w>att</w>
    <w>de</w>
    <w>inte</w>
    <w>kan</w>
    <w>garantera</w>
    <w>säkerheten</w>
    <w>för</w>
    <w>de</w>
    <w>som</w>
    <w>utvisas</w>
    <w>till</w>
    <w>vissa</w>
    <w>oroliga</w>
    <w>irakiska</w>
    <w>områden</w>
  </absaspan>
  <w>.</w>
</absapar>
<absapar id=5 senti=4>
  <w>I</w>
  <w>oktober</w>
  <w>2011</w>
  <absaspan id=53 senti=2>
    <w>krävde</w>
  </absaspan>
  <absaspan id=54>
    <w>Frontex</w>
  </absaspan>
  <absaspan id=55>
    <w>,</w>
    <w>EU</w>
    <w>:</w>
    <w>s</w>
    <w>gränskontrollmyndighet</w>
  </absaspan>
  <w>,</w>
  <absaspan id=56 senti=3>
    <w>ökad</w>
    <w>öppenhet</w>
    <w>och</w>
    <w>övervakning</w>
    <w>vid</w>
    <w>tvångsutvisningar</w>
  </absaspan>
  <absaspan id=57>
    <w>från</w>
    <w>Sverige</w>
  </absaspan>
  <w>.</w>
  <absaspan id=58 senti=2>
    <w>De</w>
  </absaspan>
  <absaspan id=59 senti=2>
    <w>uttryckte</w>
    <w>oro</w>
    <w>mot</w>
  </absaspan>
  <absaspan id=60 senti=2>
    <w>förekomsten</w>
    <w>av</w>
    <w>polisiärt</w>
    <w>övervåld</w>
  </absaspan>
  <w>,</w>
  <w>och</w>
  <absaspan id=61 senti=2>
    <w>hotade</w>
    <w>med</w>
    <w>att</w>
    <w>dra</w>
    <w>in</w>
    <w>finansieringen</w>
    <w>av</w>
    <w>deportationerna</w>
  </absaspan>
  <w>.</w>
  <w>Detta</w>
  <w>blev</w>
  <absaspan id=62 senti=4>
    <w>startskottet</w>
  </absaspan>
  <w>för</w>
  <absaspan id=63>
    <w>en</w>
    <w>debatt</w>
  </absaspan>
  <w>;</w>
  <w>hur</w>
  <absaspan id=64 senti=1>
    <w>rättsvidriga</w>
    <w>är</w>
  </absaspan>
  <absaspan id=65 senti=2>
    <w>Sveriges</w>
    <w>tvångsutvisningar</w>
  </absaspan>
  <absaspan id=66>
    <w>?</w>
  </absaspan>
  <w>Och</w>
  <w>varför</w>
  <absaspan id=67 senti=2>
    <w>är</w>
  </absaspan>
  <absaspan id=68>
    <w>regeringen</w>
  </absaspan>
  <absaspan id=69 senti=2>
    <w>så</w>
    <w>passiv</w>
  </absaspan>
  <absaspan id=70>
    <w>?</w>
  </absaspan>
  <w>I</w>
  <w>förslaget</w>
  <w>om</w>
  <w>genomförandet</w>
  <w>av</w>
  <w>EU</w>
  <w>:</w>
  <w>s</w>
  <w>återvändandedirektiv</w>
  <w>,</w>
  <w>som</w>
  <w>bland</w>
  <w>annat</w>
  <w>medför</w>
  <w>kortare</w>
  <w>tidsfrist</w>
  <w>mellan</w>
  <w>avslagen</w>
  <w>asylansökan</w>
  <w>och</w>
  <absaspan id=71 senti=2>
    <w>tvångsutvisning</w>
  </absaspan>
  <w>,</w>
  <w>meddelar</w>
  <w>migrationsminister</w>
  <w>Tobias</w>
  <w>Billström</w>
  <w>att</w>
  <w>endast</w>
  <w>de</w>
  <w>utvisningar</w>
  <w>som</w>
  <w>finansieras</w>
  <w>av</w>
  <w>Frontex</w>
  <w>,</w>
  <w>vilka</w>
  <w>är</w>
  <w>i</w>
  <w>klar</w>
  <w>minoritet</w>
  <w>,</w>
  <w>ska</w>
  <w>övervakas</w>
  <w>av</w>
  <w>en</w>
  <absaspan id=72 senti=4>
    <w>oberoende</w>
  </absaspan>
  <absaspan id=73>
    <w>observatör</w>
  </absaspan>
  <w>.</w>
  <w>Övriga</w>
  <w>deportationer</w>
  <w>ska</w>
  <w>,</w>
  <w>enligt</w>
  <w>förslaget</w>
  <w>,</w>
  <w>endast</w>
  <w>kunna</w>
  <w>kontrolleras</w>
  <w>i</w>
  <w>efterhand</w>
  <w>av</w>
  <w>av</w>
  <w>JO</w>
  <w>,</w>
  <w>JK</w>
  <w>och</w>
  <w>förvaltningsdomstolar</w>
  <w>.</w>
  <absaspan id=74>
    <w>Dessa</w>
    <w>aktörer</w>
  </absaspan>
  <absaspan id=75 senti=2>
    <w>har</w>
    <w>inte</w>
    <w>spelat</w>
    <w>en</w>
    <w>aktiv</w>
    <w>observatörsroll</w>
    <w>hittills</w>
  </absaspan>
  <w>,</w>
  <w>och</w>
  <absaspan id=76 senti=2>
    <w>lär</w>
    <w>förmodligen</w>
    <w>inte</w>
    <w>göra</w>
    <w>det</w>
  </absaspan>
  <w>i</w>
  <w>framtiden</w>
  <w>heller</w>
  <w>.</w>
</absapar>
<absapar id=6 senti=4>
  <absaspan id=77 senti=2>
    <w>Tobias</w>
    <w>Billström</w>
    <w>ignorerar</w>
  </absaspan>
  <absaspan id=78 senti=2>
    <w>gång</w>
    <w>på</w>
    <w>gång</w>
    <w>internationell</w>
    <w>kritik</w>
    <w>mot</w>
    <w>att</w>
    <w>systematiskt</w>
    <w>tvångsdeportera</w>
    <w>flyktingar</w>
  </absaspan>
  <w>,</w>
  <absaspan id=79 senti=2>
    <w>och</w>
    <w>tycks</w>
    <w>inte</w>
    <w>bry</w>
    <w>sig</w>
    <w>om</w>
    <w>att</w>
    <w>majoriteten</w>
    <w>av</w>
    <w>EU</w>
    <w>:</w>
    <w>s</w>
    <w>medlemsländer</w>
    <w>har</w>
    <w>just</w>
    <w>en</w>
    <w>sådan</w>
    <w>övervakningslagstiftning</w>
    <w>som</w>
    <w>Sverige</w>
    <w>i</w>
    <w>dag</w>
    <w>saknar</w>
  </absaspan>
  <absaspan id=80 senti=2>
    <w>.</w>
  </absaspan>
  <w>Resultatet</w>
  <w>blir</w>
  <w>att</w>
  <absaspan id=81>
    <w>staten</w>
  </absaspan>
  <w>,</w>
  <w>som</w>
  <w>bör</w>
  <absaspan id=82 senti=5>
    <w>garantera</w>
  </absaspan>
  <w>flyktingarnas</w>
  <absaspan id=83 senti=5>
    <w>skydd</w>
  </absaspan>
  <w>,</w>
  <absaspan id=84 senti=2>
    <w>skjuter</w>
    <w>över</w>
    <w>ansvaret</w>
    <w>för</w>
    <w>att</w>
    <w>deportationerna</w>
    <w>går</w>
    <w>rätt</w>
    <w>till</w>
  </absaspan>
  <w>på</w>
  <w>frivilligorganisationerna</w>
  <w>och</w>
  <w>på</w>
  <w>enskilda</w>
  <w>medborgares</w>
  <w>aktivism</w>
  <w>.</w>
</absapar>
<absapar id=7 senti=5>
  <w>Det</w>
  <w>är</w>
  <absaspan id=85 senti=2>
    <w>flyktingarna</w>
    <w>som</w>
    <w>drabbas</w>
    <w>allra</w>
    <w>värst</w>
  </absaspan>
  <w>av</w>
  <absaspan id=86 senti=2>
    <w>hemlighetsmakeriet</w>
  </absaspan>
  <absaspan id=87>
    <w>.</w>
  </absaspan>
  <absaspan id=88>
    <w>De</w>
  </absaspan>
  <absaspan id=89 senti=2>
    <w>får</w>
    <w>sällan</w>
    <w>reda</w>
    <w>på</w>
    <w>när</w>
    <w>de</w>
    <w>ska</w>
    <w>avvisas</w>
  </absaspan>
  <absaspan id=90>
    <w>,</w>
    <w>och</w>
    <w>eskorteras</w>
    <w>ibland</w>
    <w>bort</w>
    <w>av</w>
    <w>polisen</w>
    <w>flera</w>
    <w>dagar</w>
    <w>före</w>
    <w>utsatt</w>
    <w>tid</w>
  </absaspan>
  <w>.</w>
  <absaspan id=91>
    <w>Detta</w>
  </absaspan>
  <absaspan id=92 senti=2>
    <w>innebär</w>
    <w>en</w>
    <w>stor</w>
    <w>psykologisk</w>
    <w>stress</w>
  </absaspan>
  <w>för</w>
  <absaspan id=93>
    <w>flyktingarna</w>
    <w>själva</w>
    <w>och</w>
    <w>för</w>
    <w>familj</w>
    <w>och</w>
    <w>vänner</w>
    <w>.</w>
  </absaspan>
  <w>När</w>
  <w>tiden</w>
  <w>är</w>
  <w>kommen</w>
  <absaspan id=94 senti=2>
    <w>leds</w>
  </absaspan>
  <absaspan id=95 senti=2>
    <w>de</w>
  </absaspan>
  <absaspan id=96 senti=2>
    <w>ut</w>
    <w>som</w>
    <w>fångar</w>
  </absaspan>
  <absaspan id=97 senti=1>
    <w>,</w>
    <w>ofta</w>
    <w>bundna</w>
    <w>,</w>
    <w>med</w>
    <w>spottluvor</w>
  </absaspan>
  <absaspan id=98 senti=1>
    <w>.</w>
  </absaspan>
  <w>Utförandet</w>
  <w>sker</w>
  <w>på</w>
  <w>natten</w>
  <w>,</w>
  <w>med</w>
  <w>stort</w>
  <w>polispådrag</w>
  <w>och</w>
  <w>avspärrningar</w>
  <w>.</w>
  <absaspan id=99>
    <w>Vi</w>
    <w>som</w>
    <w>varit</w>
    <w>med</w>
    <w>vid</w>
    <w>blockaderna</w>
  </absaspan>
  <w>kan</w>
  <w>vittna</w>
  <w>om</w>
  <w>att</w>
  <absaspan id=100>
    <w>polisen</w>
  </absaspan>
  <absaspan id=101 senti=2>
    <w>försöker</w>
    <w>spela</w>
    <w>oss</w>
    <w>ur</w>
    <w>händerna</w>
    <w>genom</w>
    <w>undanmanövrar</w>
    <w>,</w>
    <w>lögner</w>
    <w>och</w>
    <w>falskt</w>
    <w>förtroendeingivande</w>
  </absaspan>
  <absaspan id=102 senti=2>
    <w>.</w>
  </absaspan>
  <w>I</w>
  <w>Flen</w>
  <w>,</w>
  <w>natten</w>
  <w>till</w>
  <w>onsdag</w>
  <w>,</w>
  <absaspan id=103 senti=2>
    <w>gick</w>
  </absaspan>
  <absaspan id=104>
    <w>polisen</w>
  </absaspan>
  <w>dock</w>
  <absaspan id=105 senti=2>
    <w>ännu</w>
  </absaspan>
  <absaspan id=106 senti=2>
    <w>längre</w>
  </absaspan>
  <w>.</w>
  <absaspan id=107 senti=1>
    <w>Ickevåld</w>
    <w>möttes</w>
    <w>då</w>
    <w>med</w>
    <w>övervåld</w>
  </absaspan>
  <absaspan id=108 senti=1>
    <w>,</w>
    <w>och</w>
    <w>batongslag</w>
  </absaspan>
  <absaspan id=109 senti=1>
    <w>,</w>
    <w>pepparspray</w>
    <w>och</w>
    <w>lösa</w>
    <w>polishundar</w>
    <w>sattes</w>
    <w>in</w>
    <w>mot</w>
    <w>fredliga</w>
    <w>aktivister</w>
  </absaspan>
  <absaspan id=110 senti=1>
    <w>.</w>
  </absaspan>
  <absaspan id=111 senti=1>
    <w>Flera</w>
    <w>demonstranter</w>
    <w>skadades</w>
  </absaspan>
  <w>och</w>
  <w>fick</w>
  <w>vårdas</w>
  <w>på</w>
  <w>plats</w>
  <w>.</w>
  <w>En</w>
  <w>blev</w>
  <w>förd</w>
  <w>till</w>
  <w>sjukhus</w>
  <w>för</w>
  <absaspan id=112 senti=2>
    <w>djupt</w>
  </absaspan>
  <absaspan id=113>
    <w>hundbett</w>
  </absaspan>
  <w>.</w>
</absapar>
<absapar id=8 senti=5>
  <w>Budskapet</w>
  <w>är</w>
  <w>tydligt</w>
  <w>–</w>
  <absaspan id=114 senti=4>
    <w>ökad</w>
    <w>öppenhet</w>
    <w>kring</w>
    <w>svensk</w>
    <w>asylpolitik</w>
  </absaspan>
  <absaspan id=115 senti=2>
    <w>syns</w>
    <w>inte</w>
    <w>i</w>
    <w>sikte</w>
  </absaspan>
  <absaspan id=116 senti=2>
    <w>.</w>
  </absaspan>
  <w>Tvärtom</w>
  <absaspan id=117 senti=1>
    <w>försöker</w>
  </absaspan>
  <absaspan id=118>
    <w>polisen</w>
  </absaspan>
  <absaspan id=119 senti=1>
    <w>alltmer</w>
    <w>mörka</w>
  </absaspan>
  <absaspan id=120 senti=1>
    <w>information</w>
    <w>kring</w>
    <w>deportationerna</w>
  </absaspan>
  <w>.</w>
  <absaspan id=121 senti=4>
    <w>I</w>
    <w>solidaritet</w>
  </absaspan>
  <absaspan id=122 senti=5>
    <w>med</w>
    <w>flyktingarna</w>
  </absaspan>
  <absaspan id=123>
    <w>kommer</w>
    <w>blockaderna</w>
  </absaspan>
  <absaspan id=124>
    <w>därför</w>
    <w>att</w>
    <w>fortsätta</w>
  </absaspan>
  <absaspan id=125 senti=4>
    <w>.</w>
  </absaspan>
  <absaspan id=126>
    <w>Vi</w>
  </absaspan>
  <absaspan id=127 senti=4>
    <w>tänker</w>
    <w>inte</w>
    <w>skrämmas</w>
    <w>till</w>
    <w>tystnad</w>
  </absaspan>
  <absaspan id=128 senti=5>
    <w>.</w>
  </absaspan>
</absapar>
<absapar id=9>
  <w>FAKTA</w>
  <w>.</w>
</absapar>
</absadoc>
