<absadoc annotators=11 senti=3>
<absatitle>
  <absaspan id=1>
    <w>Anställda</w>
  </absaspan>
  <absaspan id=2 senti=4 target=2 source=3>
    <w>får</w>
    <w>en</w>
    <w>trygg</w>
    <w>anställning</w>
  </absaspan>
  <w>hos</w>
  <absaspan id=3>
    <w>oss</w>
  </absaspan>
  <w>.</w>
</absatitle>
<absapar id=1>
  <absaspan id=4>
    <w>Susanna</w>
    <w>Gideonsson</w>
  </absaspan>
  <w>,</w>
  <w>skildrar</w>
  <absaspan id=5 senti=1>
    <w>en</w>
    <w>mardrömslik</w>
    <w>arbetsmarknad</w>
  </absaspan>
  <w>där</w>
  <absaspan id=6>
    <w>bemanningsanställda</w>
  </absaspan>
  <absaspan id=7 senti=2>
    <w>är</w>
    <w>särskilt</w>
    <w>utsatta</w>
  </absaspan>
  <w>i</w>
  <absaspan id=8 senti=2>
    <w>”</w>
    <w>Måste</w>
    <w>vakta</w>
    <w>telefonen</w>
    <w>,</w>
    <w>för</w>
    <w>att</w>
    <w>få</w>
    <w>ihop</w>
    <w>en</w>
    <w>lön</w>
  </absaspan>
  <absaspan id=9 senti=2>
    <w>”</w>
  </absaspan>
  <absaspan id=10>
    <w>.</w>
  </absaspan>
</absapar>
<absapar id=2>
  <absaspan id=11>
    <w>Majoriteten</w>
    <w>av</w>
    <w>bemanningsföretagen</w>
  </absaspan>
  <w>är</w>
  <w>dock</w>
  <absaspan id=12 senti=4>
    <w>auktoriserade</w>
  </absaspan>
  <w>och</w>
  <absaspan id=13 senti=4>
    <w>verkar</w>
    <w>i</w>
    <w>den</w>
    <w>bäst</w>
  </absaspan>
  <absaspan id=14 senti=4>
    <w>reglerade</w>
    <w>branschen</w>
  </absaspan>
  <absaspan id=15 senti=5>
    <w>av</w>
    <w>alla</w>
  </absaspan>
  <w>.</w>
</absapar>
<absapar id=3>
  <w>Så</w>
  <w>här</w>
  <w>beskriver</w>
  <absaspan id=16>
    <w>LO</w>
  </absaspan>
  <w>oss</w>
  <w>i</w>
  <w>rapporten</w>
  <w> </w>
  <w>Anställningsformer</w>
  <w>år</w>
  <w>2014</w>
  <w>:</w>
  <w>”</w>
  <w>Det</w>
  <w>kan</w>
  <w>dock</w>
  <w>antas</w>
  <w>att</w>
  <absaspan id=17>
    <w>bemanningsbranschen</w>
  </absaspan>
  <absaspan id=18 senti=4>
    <w>bidrar</w>
    <w>till</w>
    <w>att</w>
    <w>minska</w>
    <w>andelen</w>
    <w>tidsbegränsade</w>
    <w>anställningar</w>
  </absaspan>
  <w>något</w>
  <w>med</w>
  <w>tanke</w>
  <w>på</w>
  <w>att</w>
  <w>inhyrning</w>
  <w>av</w>
  <w>personal</w>
  <w>ofta</w>
  <w>är</w>
  <w>ett</w>
  <w>alternativ</w>
  <w>för</w>
  <w>en</w>
  <w>arbetsgivare</w>
  <w>till</w>
  <w>att</w>
  <w>göra</w>
  <absaspan id=19>
    <w>en</w>
    <w>tidsbegränsad</w>
    <w>anställning</w>
  </absaspan>
  <w>i</w>
  <absaspan id=20 senti=2>
    <w>egen</w>
    <w>regi</w>
  </absaspan>
  <w>.</w>
  <w>”</w>
</absapar>
<absapar id=4>
  <absaspan id=21>
    <w>Svensk</w>
    <w>bemanning</w>
  </absaspan>
  <absaspan id=22 senti=4>
    <w>är</w>
    <w>olik</w>
    <w>andra</w>
    <w>länders</w>
  </absaspan>
  <w>,</w>
  <w>97</w>
  <w>procent</w>
  <w>av</w>
  <w>de</w>
  <w>anställda</w>
  <w>har</w>
  <w>kollektivavtal</w>
  <w>,</w>
  <w>på</w>
  <w>övriga</w>
  <w>arbetsmarknaden</w>
  <w>är</w>
  <w>siffran</w>
  <w>88</w>
  <w>procent</w>
  <w>.</w>
  <absaspan id=23>
    <w>Den</w>
    <w>svenska</w>
    <w>bemanningsmodellen</w>
  </absaspan>
  <absaspan id=24 senti=4>
    <w>står</w>
    <w>för</w>
    <w>trygga</w>
    <w>jobb</w>
  </absaspan>
  <absaspan id=25 senti=4>
    <w>med</w>
    <w>längre</w>
    <w>uppdrag</w>
    <w>och</w>
    <w>fler</w>
    <w>tillsvidareanställningar</w>
  </absaspan>
  <absaspan id=26 senti=4>
    <w>i</w>
    <w>jämförelse</w>
  </absaspan>
  <absaspan id=27>
    <w>.</w>
  </absaspan>
</absapar>
<absapar id=5>
  <absaspan id=28 senti=4>
    <w>De</w>
    <w>anställda</w>
    <w>har</w>
    <w>en</w>
    <w>trygg</w>
    <w>anställning</w>
  </absaspan>
  <w>hos</w>
  <absaspan id=29>
    <w>bemanningsföretaget</w>
  </absaspan>
  <w>.</w>
  <w>Mellan</w>
  <w>uppdrag</w>
  <absaspan id=30 senti=4>
    <w>får</w>
  </absaspan>
  <w>konsulterna</w>
  <absaspan id=31 senti=4>
    <w>ersättning</w>
  </absaspan>
  <absaspan id=32 senti=4>
    <w>utan</w>
    <w>att</w>
    <w>jobba</w>
  </absaspan>
  <w>,</w>
  <w>men</w>
  <w>ska</w>
  <w>vara</w>
  <w>tillgängliga</w>
  <w>för</w>
  <w>uppdrag</w>
  <w>.</w>
  <absaspan id=33>
    <w>Alternativet</w>
  </absaspan>
  <w>är</w>
  <w>att</w>
  <absaspan id=34>
    <w>de</w>
  </absaspan>
  <absaspan id=35 senti=2>
    <w>varslas</w>
    <w>,</w>
    <w>sägs</w>
    <w>upp</w>
  </absaspan>
  <absaspan id=36 senti=2>
    <w>och</w>
    <w>sätts</w>
    <w>i</w>
    <w>åtgärder</w>
  </absaspan>
  <w>.</w>
</absapar>
<absapar id=6 senti=3>
  <absaspan id=37>
    <w>Bemanningsbranschen</w>
  </absaspan>
  <absaspan id=38 senti=4>
    <w>är</w>
    <w>bra</w>
    <w>på</w>
    <w>att</w>
    <w>etablera</w>
    <w>unga</w>
    <w>och</w>
    <w>invandrare</w>
    <w>på</w>
    <w>arbetsmarknaden</w>
  </absaspan>
  <w>.</w>
  <absaspan id=39>
    <w>Personer</w>
  </absaspan>
  <absaspan id=40>
    <w>med</w>
    <w>utländsk</w>
    <w>bakgrund</w>
  </absaspan>
  <w>är</w>
  <w>dubbelt</w>
  <w>så</w>
  <w>många</w>
  <w>som</w>
  <w>på</w>
  <w>den</w>
  <w>övriga</w>
  <w>arbetsmarknaden</w>
  <absaspan id=41 senti=4>
    <w>.</w>
  </absaspan>
  <absaspan id=42>
    <w>Många</w>
    <w>får</w>
    <w>sitt</w>
    <w>första</w>
    <w>jobb</w>
    <w>hos</w>
    <w>oss</w>
  </absaspan>
  <w>,</w>
  <w>provar</w>
  <w>olika</w>
  <w>yrken</w>
  <w>och</w>
  <absaspan id=43 senti=5>
    <w>breddar</w>
    <w>sin</w>
    <w>erfarenhet</w>
  </absaspan>
  <w>.</w>
</absapar>
<absapar id=7>
  <absaspan id=44>
    <w>Gideonsson</w>
  </absaspan>
  <absaspan id=45 senti=4>
    <w>vill</w>
  </absaspan>
  <absaspan id=46>
    <w>att</w>
    <w>arbetsgivarna</w>
    <w>i</w>
    <w>handeln</w>
    <w>ska</w>
    <w>svara</w>
    <w>på</w>
    <w>:</w>
    <w>Vilken</w>
    <w>framtid</w>
    <w>ser</w>
    <w>de</w>
    <w>för</w>
    <w>branschen</w>
    <w>?</w>
  </absaspan>
  <w>Den</w>
  <w>frågan</w>
  <absaspan id=47 senti=4>
    <w>kan</w>
  </absaspan>
  <absaspan id=48>
    <w>vi</w>
    <w>i</w>
    <w>bemanningsbranschen</w>
  </absaspan>
  <absaspan id=49 senti=4>
    <w>hjälpa</w>
  </absaspan>
  <absaspan id=50 senti=4>
    <w>dem</w>
  </absaspan>
  <w>att</w>
  <w>besvara</w>
  <w>.</w>
</absapar>
<absapar id=8>
</absapar>
<absapar id=9>
  <w>.</w>
  <w>►</w>
  <w>Häng</w>
  <w>med</w>
  <w>i</w>
  <w>debatten</w>
  <w>och</w>
  <w>kommentera</w>
  <w>artikeln</w>
  <w>–</w>
  <w>följ</w>
  <w> </w>
  <w>Aftonbladet</w>
  <w>Debatt</w>
  <w> </w>
  <w>på</w>
  <w>Facebook</w>
  <w>.</w>
</absapar>
</absadoc>
