<absadoc annotators=9 senti=0>
<absatitle>
  <w>Ta</w>
  <w>tillbaka</w>
  <w>Julen</w>
  <absaspan id=1 senti=4>
    <w>!</w>
  </absaspan>
  <w>.</w>
  <absaspan id=2 senti=4>
    <w>.</w>
  </absaspan>
</absatitle>
<absapar id=1>
  <w>#</w>
  <w>P</w>
  <w>IMM</w>
  <w>.</w>
  <absaspan id=3 senti=4>
    <w>”</w>
    <w>Reclaima</w>
    <w>”</w>
  </absaspan>
  <w>Julen</w>
  <absaspan id=4 senti=4>
    <w>!</w>
  </absaspan>
  <absaspan id=5 senti=2>
    <w>Skit</w>
    <w>i</w>
  </absaspan>
  <absaspan id=6 senti=2>
    <w>kapitalismens</w>
    <w>version</w>
    <w>av</w>
    <w>Julen</w>
  </absaspan>
  <absaspan id=7>
    <w>i</w>
    <w>år</w>
  </absaspan>
  <absaspan id=8 senti=3>
    <w>.</w>
  </absaspan>
  <w>Låt</w>
  <absaspan id=9 senti=2>
    <w>de</w>
    <w>välbeställda</w>
  </absaspan>
  <absaspan id=10 senti=2>
    <w>ge</w>
    <w>varandra</w>
    <w>statuspresenter</w>
  </absaspan>
  <absaspan id=11 senti=2>
    <w>och</w>
    <w>”</w>
    <w>årets</w>
    <w>julklapp</w>
    <w>”</w>
    <w>bäst</w>
    <w>de</w>
    <w>gitter</w>
  </absaspan>
  <absaspan id=12 senti=4>
    <w>,</w>
  </absaspan>
  <w>medan</w>
  <absaspan id=13>
    <w>du</w>
  </absaspan>
  <absaspan id=14 senti=4>
    <w>firar</w>
    <w>din</w>
    <w>egen</w>
    <w>kvalitetsjul</w>
  </absaspan>
  <absaspan id=15 senti=4>
    <w>med</w>
    <w>vänner</w>
    <w>,</w>
    <w>släktingar</w>
    <w>och</w>
    <w>likasinnade</w>
  </absaspan>
  <absaspan id=16>
    <w>.</w>
  </absaspan>
  <absaspan id=17 senti=4>
    <w>En</w>
    <w>Jul</w>
    <w>på</w>
    <w>dina</w>
    <w>egna</w>
    <w>villkor</w>
  </absaspan>
  <absaspan id=18 senti=5>
    <w>.</w>
  </absaspan>
</absapar>
<absapar id=2 senti=4>
  <absaspan id=19 senti=2>
    <w>Konsumtions-julen</w>
  </absaspan>
  <absaspan id=20 senti=2>
    <w>är</w>
  </absaspan>
  <w>i</w>
  <w>vilket</w>
  <w>fall</w>
  <w>som</w>
  <w>helst</w>
  <absaspan id=21 senti=2>
    <w>oåtkomlig</w>
    <w>för</w>
    <w>alla</w>
    <w>oss</w>
    <w>;</w>
    <w>ensamstående</w>
    <w>föräldrar</w>
  </absaspan>
  <absaspan id=22 senti=2>
    <w>,</w>
    <w>långtidssjukskrivna</w>
    <w>,</w>
    <w>deltidssjukskrivna</w>
    <w>,</w>
    <w>fattigpensionärer</w>
  </absaspan>
  <absaspan id=23 senti=2>
    <w>,</w>
    <w>arbetslösa</w>
    <w>,</w>
    <w>nyligen</w>
    <w>friställda</w>
    <w>,</w>
    <w>nyanlända</w>
    <w>flyktingfamiljer</w>
    <w>,</w>
    <w>lågavlönade</w>
  </absaspan>
  <absaspan id=24 senti=2>
    <w>,</w>
    <w>hemlösa</w>
    <w>och</w>
    <w>så</w>
    <w>vidare</w>
  </absaspan>
  <w>.</w>
</absapar>
<absapar id=3>
  <w>Och</w>
  <absaspan id=25 senti=2>
    <w>hur</w>
    <w>rolig</w>
    <w>är</w>
    <w>den</w>
  </absaspan>
  <absaspan id=26 senti=2>
    <w>traditionella</w>
    <w>julkommersen</w>
    <w>egentligen</w>
  </absaspan>
  <absaspan id=27 senti=2>
    <w>?</w>
  </absaspan>
  <absaspan id=28 senti=2>
    <w>Dyr</w>
    <w>,</w>
    <w>ångestladdad-stressande</w>
  </absaspan>
  <absaspan id=29 senti=2>
    <w>och</w>
    <w>fysiskt</w>
    <w>/</w>
    <w>psykiskt</w>
    <w>krävande</w>
  </absaspan>
  <absaspan id=30 senti=2>
    <w>,</w>
    <w>det</w>
    <w>är</w>
    <w>min</w>
    <w>erfarenhet</w>
  </absaspan>
  <absaspan id=31 senti=2>
    <w>.</w>
  </absaspan>
  <absaspan id=32 senti=2>
    <w>Dessutom</w>
    <w>är</w>
  </absaspan>
  <absaspan id=33 senti=2>
    <w>det</w>
    <w>lätt</w>
    <w>att</w>
    <w>skuldsätta</w>
    <w>sig</w>
  </absaspan>
  <absaspan id=34 senti=2>
    <w>och</w>
    <w>få</w>
    <w>en</w>
    <w>bitter</w>
    <w>eftersmak</w>
  </absaspan>
  <absaspan id=35 senti=2>
    <w>i</w>
    <w>januari</w>
  </absaspan>
  <absaspan id=36 senti=2>
    <w>.</w>
  </absaspan>
</absapar>
<absapar id=4>
  <w>Här</w>
  <w>är</w>
  <w>12</w>
  <absaspan id=37 senti=4>
    <w>tips</w>
  </absaspan>
  <w>till</w>
  <absaspan id=38>
    <w>dig</w>
  </absaspan>
  <absaspan id=39>
    <w>som</w>
  </absaspan>
  <absaspan id=40 senti=4>
    <w>vill</w>
  </absaspan>
  <w>.</w>
</absapar>
<absapar id=5>
  <absaspan id=41 senti=4>
    <w>återerövra</w>
    <w>julen</w>
  </absaspan>
  <absaspan id=42 senti=4>
    <w>:</w>
    <w>.</w>
  </absaspan>
</absapar>
<absapar id=6>
  <w>#</w>
  <w>P</w>
  <w>IMM</w>
  <w>.</w>
  <w>1</w>
  <w>.</w>
  <absaspan id=43 senti=2>
    <w>Stäng</w>
    <w>konsekvent</w>
    <w>av</w>
  </absaspan>
  <absaspan id=44 senti=2>
    <w>all</w>
    <w>TV-reklam</w>
  </absaspan>
  <absaspan id=45 senti=2>
    <w>under</w>
    <w>julmånaden</w>
  </absaspan>
  <absaspan id=46 senti=4>
    <w>,</w>
  </absaspan>
  <w>och</w>
  <absaspan id=47 senti=2>
    <w>vägra</w>
    <w>sätta</w>
    <w>din</w>
    <w>fot</w>
    <w>i</w>
  </absaspan>
  <absaspan id=48>
    <w>ett</w>
    <w>köpcentra</w>
    <w>eller</w>
    <w>en</w>
    <w>galleria</w>
  </absaspan>
  <w>under</w>
  <w>denna</w>
  <w>period</w>
  <absaspan id=49 senti=4>
    <w>.</w>
  </absaspan>
</absapar>
<absapar id=7>
  <w>#</w>
  <w>P</w>
  <w>IMM</w>
  <w>.</w>
  <w>2</w>
  <w>.</w>
  <absaspan id=50 senti=2>
    <w>Vägra</w>
  </absaspan>
  <absaspan id=51 senti=2>
    <w>att</w>
    <w>någonstans</w>
    <w>eller</w>
    <w>på</w>
    <w>något</w>
    <w>sätt</w>
    <w>sätta</w>
    <w>dig</w>
    <w>i</w>
    <w>skuld</w>
  </absaspan>
  <absaspan id=52 senti=2>
    <w>på</w>
    <w>grund</w>
    <w>av</w>
    <w>det</w>
    <w>som</w>
    <w>kan</w>
    <w>upplevas</w>
    <w>som</w>
    <w>krav</w>
    <w>på</w>
    <w>en</w>
    <w>”</w>
  </absaspan>
  <absaspan id=53 senti=2 irony>
    <w>riktig</w>
    <w>”</w>
    <w>Jul</w>
  </absaspan>
  <absaspan id=54 senti=4>
    <w>.</w>
  </absaspan>
  <absaspan id=55>
    <w>Det</w>
    <w>finns</w>
    <w>de</w>
  </absaspan>
  <absaspan id=56>
    <w>som</w>
  </absaspan>
  <absaspan id=57 senti=2>
    <w>vill</w>
    <w>profitera</w>
    <w>på</w>
    <w>dessa</w>
    <w>känslor</w>
    <w>av</w>
    <w>krav</w>
  </absaspan>
  <absaspan id=58 senti=2>
    <w>,</w>
    <w>och</w>
    <w>som</w>
    <w>gärna</w>
    <w>ser</w>
    <w>att</w>
    <w>du</w>
    <w>sätter</w>
    <w>dig</w>
    <w>i</w>
    <w>skuld</w>
  </absaspan>
  <absaspan id=59>
    <w>.</w>
  </absaspan>
</absapar>
<absapar id=8>
  <w>Dessutom</w>
  <w>;</w>
  <absaspan id=60 senti=4>
    <w>skäms</w>
    <w>aldrig</w>
    <w>när</w>
  </absaspan>
  <absaspan id=61 senti=2>
    <w>du</w>
    <w>säger</w>
    <w>att</w>
    <w>du</w>
    <w>inte</w>
    <w>har</w>
    <w>råd</w>
    <w>att</w>
    <w>delta</w>
    <w>i</w>
    <w>det</w>
    <w>ena</w>
    <w>eller</w>
    <w>andra</w>
    <w>kostsamma</w>
    <w>evenemanget</w>
    <w>eller</w>
    <w>betala</w>
    <w>den</w>
    <w>ena</w>
    <w>eller</w>
    <w>andra</w>
    <w>prylen</w>
  </absaspan>
  <absaspan id=62 senti=2>
    <w>i</w>
    <w>och</w>
    <w>kring</w>
    <w>jul</w>
    <w>.</w>
  </absaspan>
  <absaspan id=63 senti=4>
    <w>Vi</w>
    <w>är</w>
    <w>så</w>
    <w>många</w>
    <w>som</w>
    <w>inte</w>
    <w>har</w>
    <w>råd</w>
  </absaspan>
  <absaspan id=64 senti=4>
    <w>–</w>
    <w>du</w>
    <w>är</w>
  </absaspan>
  <absaspan id=65 senti=4>
    <w>inte</w>
    <w>ensam</w>
  </absaspan>
  <absaspan id=66>
    <w>.</w>
  </absaspan>
</absapar>
<absapar id=9>
  <w>#</w>
  <w>P</w>
  <w>IMM</w>
  <w>.</w>
  <w>3</w>
  <w>.</w>
  <absaspan id=67 senti=4>
    <w>Gå</w>
    <w>bara</w>
    <w>på</w>
    <w>gratisarrangemang</w>
  </absaspan>
  <absaspan id=68 senti=4>
    <w>under</w>
    <w>denna</w>
    <w>tid</w>
  </absaspan>
  <w>,</w>
  <w>såsom</w>
  <absaspan id=69 senti=2>
    <w>kyrkornas</w>
    <w>julkonserter</w>
  </absaspan>
  <absaspan id=70 senti=2>
    <w>,</w>
    <w>bo-föreningar</w>
  </absaspan>
  <absaspan id=71>
    <w>,</w>
    <w>skolors</w>
    <w>och</w>
    <w>idrottsföreningars</w>
    <w>bazarer</w>
    <w>eller</w>
    <w>dagis</w>
    <w>luciamorgon</w>
  </absaspan>
  <absaspan id=72 senti=4>
    <w>.</w>
  </absaspan>
  <absaspan id=73 senti=4>
    <w>Handlar</w>
    <w>du</w>
    <w>på</w>
    <w>deras</w>
    <w>bazarer</w>
    <w>och</w>
    <w>liknande</w>
    <w>så</w>
    <w>går</w>
  </absaspan>
  <absaspan id=74 senti=4>
    <w>dessutom</w>
    <w>dina</w>
    <w>pengar</w>
    <w>till</w>
    <w>ett</w>
    <w>någorlunda</w>
  </absaspan>
  <absaspan id=75 senti=4>
    <w>vettigt</w>
    <w>ändamål</w>
  </absaspan>
  <absaspan id=76 senti=4>
    <w>.</w>
  </absaspan>
</absapar>
<absapar id=10>
  <w>#</w>
  <w>P</w>
  <w>IMM</w>
  <w>.</w>
  <w>4</w>
  <w>.</w>
  <w>Välj</w>
  <w>ut</w>
  <absaspan id=77 senti=4>
    <w>några</w>
    <w>enstaka</w>
  </absaspan>
  <absaspan id=78 senti=4>
    <w>viktiga</w>
    <w>personer</w>
  </absaspan>
  <absaspan id=79>
    <w>som</w>
    <w>du</w>
    <w>köper</w>
    <w>julklapp</w>
    <w>åt</w>
  </absaspan>
  <absaspan id=80 senti=4>
    <w>.</w>
  </absaspan>
  <w>Köp</w>
  <w>dessa</w>
  <w>julklappar</w>
  <w>hos</w>
  <absaspan id=81 senti=4>
    <w>någon</w>
    <w>lokal</w>
    <w>småföretagare</w>
  </absaspan>
  <absaspan id=82>
    <w>som</w>
  </absaspan>
  <absaspan id=83>
    <w>du</w>
  </absaspan>
  <absaspan id=84 senti=4>
    <w>vill</w>
    <w>stödja</w>
  </absaspan>
  <absaspan id=85 senti=4>
    <w>.</w>
  </absaspan>
  <absaspan id=86 senti=2>
    <w>Undvik</w>
    <w>multinationella</w>
  </absaspan>
  <absaspan id=87 senti=2>
    <w>bolag</w>
    <w>och</w>
    <w>stora</w>
    <w>butikskedjor</w>
    <w>som</w>
    <w>gör</w>
    <w>jul-kampanjer</w>
  </absaspan>
  <absaspan id=88 senti=3>
    <w>.</w>
  </absaspan>
  <absaspan id=89>
    <w>De</w>
  </absaspan>
  <absaspan id=90 senti=2>
    <w>vill</w>
    <w>bara</w>
    <w>profitera</w>
    <w>på</w>
    <w>illusionen</w>
  </absaspan>
  <absaspan id=91 senti=2>
    <w>om</w>
    <w>en</w>
    <w>perfekt</w>
    <w>jul</w>
    <w>och</w>
    <w>din</w>
    <w>ångest</w>
    <w>för</w>
    <w>att</w>
    <w>inte</w>
    <w>räcka</w>
    <w>till</w>
  </absaspan>
  <absaspan id=92>
    <w>.</w>
  </absaspan>
  <w>Med</w>
  <w>andra</w>
  <w>ord</w>
  <w>–</w>
  <absaspan id=93>
    <w>du</w>
  </absaspan>
  <absaspan id=94 senti=4>
    <w>väljer</w>
    <w>själv</w>
    <w>vart</w>
    <w>dina</w>
    <w>pengar</w>
    <w>ska</w>
    <w>gå</w>
  </absaspan>
  <absaspan id=95>
    <w>.</w>
  </absaspan>
  <absaspan id=96 senti=4>
    <w>Gynna</w>
    <w>bara</w>
  </absaspan>
  <absaspan id=97 senti=4>
    <w>den</w>
    <w>handel</w>
    <w>som</w>
    <w>du</w>
    <w>tycker</w>
    <w>har</w>
    <w>ett</w>
    <w>acceptabelt</w>
    <w>syfte</w>
  </absaspan>
  <absaspan id=98 senti=5>
    <w>.</w>
  </absaspan>
</absapar>
<absapar id=11>
  <w>#</w>
  <w>P</w>
  <w>IMM</w>
  <w>.</w>
  <w>5</w>
  <w>.</w>
  <w>Övriga</w>
  <w>mindre</w>
  <w>och</w>
  <w>mer</w>
  <w>symboliska</w>
  <w>gåvor</w>
  <absaspan id=99 senti=4>
    <w>köper</w>
  </absaspan>
  <absaspan id=100>
    <w>du</w>
  </absaspan>
  <absaspan id=101 senti=4>
    <w>rättvisemärkt</w>
  </absaspan>
  <absaspan id=102 senti=4>
    <w>.</w>
  </absaspan>
  <w>Det</w>
  <w>kan</w>
  <w>vara</w>
  <w>till</w>
  <w>exempel</w>
  <w>te</w>
  <w>eller</w>
  <w>marmelad</w>
  <w>från</w>
  <absaspan id=103 senti=4>
    <w>kooperativa</w>
    <w>bönder</w>
  </absaspan>
  <absaspan id=104>
    <w>i</w>
    <w>Bangladesh</w>
  </absaspan>
  <w>(</w>
  <absaspan id=105 senti=4>
    <w>leta</w>
    <w>efter</w>
    <w>rättvisemärkt</w>
  </absaspan>
  <w>tex</w>
  <w>på</w>
  <w>Konsum</w>
  <w>)</w>
  <absaspan id=106>
    <w>Det</w>
  </absaspan>
  <absaspan id=107 senti=4>
    <w>finns</w>
  </absaspan>
  <absaspan id=108 senti=4>
    <w>spännande</w>
    <w>varor</w>
  </absaspan>
  <absaspan id=109 senti=4>
    <w>från</w>
    <w>alla</w>
    <w>delar</w>
    <w>av</w>
    <w>världen</w>
    <w>med</w>
    <w>detta</w>
    <w>märke</w>
  </absaspan>
  <absaspan id=110 senti=4>
    <w>,</w>
    <w>som</w>
    <w>garanterar</w>
    <w>att</w>
    <w>producenten</w>
    <w>får</w>
  </absaspan>
  <absaspan id=111 senti=4>
    <w>en</w>
    <w>människovärdig</w>
    <w>lön</w>
    <w>/</w>
    <w>ersättning</w>
  </absaspan>
  <w>.</w>
  <absaspan id=112>
    <w>Detta</w>
  </absaspan>
  <absaspan id=113 senti=4>
    <w>blir</w>
    <w>gåvor</w>
    <w>i</w>
  </absaspan>
  <absaspan id=114 senti=4>
    <w>äkta</w>
    <w>mänsklig</w>
    <w>solidaritet</w>
  </absaspan>
  <absaspan id=115 senti=5>
    <w>,</w>
  </absaspan>
  <absaspan id=116 senti=4>
    <w>helt</w>
    <w>i</w>
    <w>Julens</w>
    <w>ursprungliga</w>
    <w>anda</w>
  </absaspan>
  <w>.</w>
  <absaspan id=117>
    <w>Andra</w>
  </absaspan>
  <absaspan id=118 senti=4>
    <w>bra</w>
    <w>alternativ</w>
  </absaspan>
  <absaspan id=119 senti=4>
    <w>är</w>
    <w>gåvor</w>
  </absaspan>
  <absaspan id=120 senti=4>
    <w>i</w>
    <w>form</w>
    <w>av</w>
    <w>”</w>
    <w>Ett</w>
    <w>träd</w>
    <w>i</w>
    <w>VI-skogen</w>
    <w>”</w>
    <w>senaste</w>
    <w>numret</w>
    <w>av</w>
    <w>Aluma</w>
    <w>eller</w>
    <w>liknande</w>
  </absaspan>
  <absaspan id=121 senti=4>
    <w>.</w>
  </absaspan>
</absapar>
<absapar id=12>
  <w>#</w>
  <w>P</w>
  <w>IMM</w>
  <w>.</w>
  <w>6</w>
  <w>.</w>
  <absaspan id=122 senti=4>
    <w>Skicka</w>
  </absaspan>
  <absaspan id=123>
    <w>brev</w>
    <w>och</w>
    <w>julkort</w>
    <w>(</w>
  </absaspan>
  <absaspan id=124 senti=4>
    <w>gärna</w>
    <w>något</w>
    <w>du</w>
    <w>själv</w>
    <w>gjort</w>
  </absaspan>
  <absaspan id=125>
    <w>)</w>
  </absaspan>
  <w>till</w>
  <w>övriga</w>
  <w>vänner</w>
  <w>och</w>
  <w>släktingar</w>
  <w>–</w>
  <w>så</w>
  <w>får</w>
  <absaspan id=126 senti=2>
    <w>de</w>
    <w>rester</w>
    <w>som</w>
    <w>finns</w>
    <w>kvar</w>
  </absaspan>
  <absaspan id=127 senti=2>
    <w>av</w>
    <w>Posten</w>
  </absaspan>
  <w>något</w>
  <w>att</w>
  <w>göra</w>
  <absaspan id=128 senti=4>
    <w>.</w>
  </absaspan>
  <w>Dessutom</w>
  <absaspan id=129 senti=4>
    <w>får</w>
  </absaspan>
  <absaspan id=130 senti=2>
    <w>fattiga</w>
  </absaspan>
  <absaspan id=131>
    <w>studerande</w>
  </absaspan>
  <absaspan id=132 senti=4>
    <w>bra</w>
    <w>extraknäck</w>
  </absaspan>
  <absaspan id=133 senti=4>
    <w>på</w>
    <w>posten</w>
    <w>till</w>
    <w>Jul</w>
  </absaspan>
  <absaspan id=134 senti=4>
    <w>.</w>
  </absaspan>
</absapar>
<absapar id=13>
  <w>#</w>
  <w>P</w>
  <w>IMM</w>
  <w>.</w>
  <w>7</w>
  <w>.</w>
  <absaspan id=135>
    <w>Välj</w>
    <w>ut</w>
    <w>några</w>
  </absaspan>
  <absaspan id=136 senti=4>
    <w>enstaka</w>
    <w>viktiga</w>
    <w>maträtter</w>
  </absaspan>
  <absaspan id=137 senti=4>
    <w>till</w>
    <w>julbordet</w>
    <w>som</w>
  </absaspan>
  <absaspan id=138 senti=4>
    <w>du</w>
    <w>och</w>
    <w>din</w>
    <w>familj</w>
    <w>tycker</w>
    <w>särskilt</w>
    <w>om</w>
  </absaspan>
  <absaspan id=139 senti=4>
    <w>.</w>
  </absaspan>
  <w>Minns</w>
  <w>hur</w>
  <w>många</w>
  <w>jular</w>
  <w>du</w>
  <w>har</w>
  <w>hört</w>
  <w>”</w>
  <w>?</w>
  <w>åh</w>
  <absaspan id=140>
    <w>det</w>
  </absaspan>
  <absaspan id=141 senti=2>
    <w>är</w>
    <w>alldeles</w>
    <w>för</w>
    <w>mycket</w>
  </absaspan>
  <absaspan id=142 senti=2>
    <w>?</w>
  </absaspan>
  <absaspan id=143 senti=2>
    <w>”</w>
  </absaspan>
  <w>och</w>
  <w>”</w>
  <w>?</w>
  <w>oh</w>
  <w>,</w>
  <absaspan id=144>
    <w>jag</w>
  </absaspan>
  <absaspan id=145 senti=2>
    <w>är</w>
    <w>alldeles</w>
    <w>för</w>
    <w>mätt</w>
  </absaspan>
  <absaspan id=146 senti=2>
    <w>?</w>
  </absaspan>
  <w>”</w>
  <absaspan id=147 senti=2>
    <w>.</w>
  </absaspan>
  <absaspan id=148 senti=4>
    <w>Gör</w>
    <w>du</w>
    <w>detta</w>
    <w>urval</w>
  </absaspan>
  <w>så</w>
  <absaspan id=149 senti=4>
    <w>får</w>
  </absaspan>
  <absaspan id=150>
    <w>du</w>
  </absaspan>
  <absaspan id=151 senti=4>
    <w>dessutom</w>
  </absaspan>
  <absaspan id=152 senti=4>
    <w>råd</w>
  </absaspan>
  <absaspan id=153 senti=4>
    <w>att</w>
    <w>köpa</w>
    <w>KRAV-märkta</w>
    <w>råvaror</w>
    <w>till</w>
    <w>ingredienserna</w>
  </absaspan>
  <w>.</w>
  <absaspan id=154 senti=4>
    <w>Föredra</w>
  </absaspan>
  <w>alltid</w>
  <absaspan id=155 senti=4>
    <w>lokala</w>
    <w>miljövänliga</w>
    <w>producenter</w>
    <w>av</w>
    <w>julmat</w>
    <w>/</w>
    <w>dryck</w>
  </absaspan>
  <w>och</w>
  <absaspan id=156 senti=2>
    <w>bojkotta</w>
  </absaspan>
  <w>till</w>
  <w>exempel</w>
  <absaspan id=157 senti=2>
    <w>CocaColas</w>
    <w>julmust</w>
    <w>.</w>
  </absaspan>
  <absaspan id=158 senti=4>
    <w>Solidaritet</w>
    <w>med</w>
    <w>skapelsen</w>
    <w>/</w>
    <w>naturen</w>
  </absaspan>
  <absaspan id=159 senti=4>
    <w>passar</w>
    <w>bra</w>
    <w>till</w>
    <w>jul</w>
  </absaspan>
  <w>.</w>
</absapar>
<absapar id=14>
  <w>#</w>
  <w>P</w>
  <w>IMM</w>
  <w>.</w>
  <w>8</w>
  <w>.</w>
  <absaspan id=160 senti=2>
    <w>Strunta</w>
    <w>i</w>
  </absaspan>
  <absaspan id=161 senti=2>
    <w>”</w>
    <w>event</w>
    <w>”</w>
    <w>-</w>
    <w>evenemang</w>
  </absaspan>
  <absaspan id=162 senti=3>
    <w>.</w>
  </absaspan>
  <absaspan id=163>
    <w>De</w>
  </absaspan>
  <absaspan id=164 senti=2>
    <w>brukar</w>
    <w>vara</w>
    <w>dyra</w>
  </absaspan>
  <absaspan id=165 senti=2>
    <w>och</w>
    <w>av</w>
    <w>tveksam</w>
    <w>kvalité</w>
  </absaspan>
  <absaspan id=166 senti=2>
    <w>.</w>
  </absaspan>
</absapar>
<absapar id=15>
  <absaspan id=167 senti=2>
    <w>Gör</w>
    <w>i</w>
    <w>stället</w>
  </absaspan>
  <absaspan id=168 senti=4>
    <w>dina</w>
    <w>egna</w>
    <w>”</w>
    <w>events</w>
  </absaspan>
  <absaspan id=169 senti=4>
    <w>”</w>
    <w>.</w>
  </absaspan>
  <w>Hälsa</w>
  <w>på</w>
  <absaspan id=170 senti=2>
    <w>den</w>
    <w>där</w>
    <w>udda</w>
  </absaspan>
  <absaspan id=171>
    <w>släktingen</w>
    <w>som</w>
  </absaspan>
  <absaspan id=172>
    <w>du</w>
  </absaspan>
  <absaspan id=173 senti=4>
    <w>alltid</w>
    <w>har</w>
    <w>varit</w>
  </absaspan>
  <absaspan id=174 senti=4>
    <w>lite</w>
    <w>nyfiken</w>
  </absaspan>
  <absaspan id=175 senti=4>
    <w>på</w>
  </absaspan>
  <w>,</w>
  <w>gör</w>
  <absaspan id=176 senti=4>
    <w>en</w>
    <w>egen</w>
  </absaspan>
  <absaspan id=177 senti=4>
    <w>utflykt</w>
  </absaspan>
  <w>till</w>
  <absaspan id=178 senti=3>
    <w>den</w>
    <w>där</w>
    <w>historiska</w>
    <w>platsen</w>
    <w>som</w>
    <w>du</w>
    <w>länge</w>
    <w>undrat</w>
    <w>över</w>
  </absaspan>
  <w>(</w>
  <w>förhands-leta</w>
  <w>information</w>
  <w>på</w>
  <w>nätet</w>
  <w>)</w>
  <w>,</w>
  <w>eller</w>
  <w>leta</w>
  <w>reda</w>
  <w>på</w>
  <w>den</w>
  <w>där</w>
  <absaspan id=179>
    <w>gatan</w>
    <w>eller</w>
    <w>skogsstigen</w>
  </absaspan>
  <w>som</w>
  <w>du</w>
  <absaspan id=180 senti=4>
    <w>minns</w>
    <w>sedan</w>
    <w>din</w>
  </absaspan>
  <absaspan id=181 senti=4>
    <w>barndom</w>
  </absaspan>
  <absaspan id=182 senti=4>
    <w>.</w>
  </absaspan>
</absapar>
<absapar id=16>
  <w>#</w>
  <w>P</w>
  <w>IMM</w>
  <w>.</w>
  <w>9</w>
  <w>.</w>
  <w>När</w>
  <absaspan id=183 senti=4>
    <w>lugnet</w>
  </absaspan>
  <absaspan id=184>
    <w>och</w>
    <w>mättnaden</w>
  </absaspan>
  <absaspan id=185 senti=4>
    <w>inträder</w>
  </absaspan>
  <w>ungefär</w>
  <w>vid</w>
  <w>annanda</w>
  <w>́</w>
  <w>n</w>
  <w>ska</w>
  <w>du</w>
  <absaspan id=186 senti=3>
    <w>stänga</w>
    <w>av</w>
  </absaspan>
  <absaspan id=187>
    <w>TVn</w>
  </absaspan>
  <w>och</w>
  <w>i</w>
  <w>stället</w>
  <absaspan id=188 senti=4>
    <w>ta</w>
  </absaspan>
  <absaspan id=189>
    <w>en</w>
    <w>promenad</w>
    <w>hem</w>
    <w>till</w>
    <w>några</w>
    <w>vänner</w>
    <w>som</w>
    <w>du</w>
    <w>inte</w>
    <w>annars</w>
    <w>har</w>
    <w>tid</w>
    <w>att</w>
    <w>träffa</w>
  </absaspan>
  <absaspan id=190 senti=4>
    <w>.</w>
  </absaspan>
  <absaspan id=191 senti=4>
    <w>Drick</w>
  </absaspan>
  <absaspan id=192>
    <w>glögg</w>
  </absaspan>
  <w>med</w>
  <w>dem</w>
  <w>,</w>
  <absaspan id=193 senti=4>
    <w>gissa</w>
  </absaspan>
  <absaspan id=194>
    <w>gåtor</w>
  </absaspan>
  <w>,</w>
  <absaspan id=195 senti=4>
    <w>lek</w>
  </absaspan>
  <absaspan id=196>
    <w>jullekar</w>
  </absaspan>
  <w>och</w>
  <absaspan id=197 senti=4>
    <w>ha</w>
    <w>kul</w>
    <w>ihop</w>
  </absaspan>
  <absaspan id=198 senti=4>
    <w>!</w>
  </absaspan>
  <w>Det</w>
  <w>finns</w>
  <absaspan id=199 senti=3 irony>
    <w>många</w>
    <w>gamla</w>
    <w>jul-hyss</w>
  </absaspan>
  <absaspan id=200>
    <w>som</w>
  </absaspan>
  <absaspan id=201 senti=4>
    <w>är</w>
    <w>roliga</w>
  </absaspan>
  <absaspan id=202 senti=4>
    <w>och</w>
    <w>gratis</w>
  </absaspan>
  <w>.</w>
  <absaspan id=203 senti=4>
    <w>Ebbe</w>
    <w>Schön</w>
    <w>har</w>
    <w>skrivit</w>
  </absaspan>
  <absaspan id=204>
    <w>en</w>
    <w>hel</w>
    <w>del</w>
    <w>om</w>
    <w>det</w>
    <w>i</w>
    <w>sina</w>
    <w>böcker</w>
    <w>om</w>
    <w>svenska</w>
  </absaspan>
  <absaspan id=205 senti=4>
    <w>folkliga</w>
    <w>traditioner</w>
  </absaspan>
  <absaspan id=206>
    <w>.</w>
  </absaspan>
  <absaspan id=207 senti=4>
    <w>Mycket</w>
    <w>är</w>
    <w>kul</w>
  </absaspan>
  <absaspan id=208 senti=4>
    <w>,</w>
    <w>och</w>
    <w>värt</w>
    <w>att</w>
    <w>återuppliva</w>
  </absaspan>
  <w>.</w>
</absapar>
<absapar id=17>
  <w>#</w>
  <w>P</w>
  <w>IMM</w>
  <w>.</w>
  <w>10</w>
  <w>.</w>
  <w>Än</w>
  <w>en</w>
  <absaspan id=209 senti=4>
    <w>gång-besök</w>
  </absaspan>
  <absaspan id=210>
    <w>kyrkornas</w>
    <w>julkonserter</w>
    <w>,</w>
    <w>julböner</w>
    <w>,</w>
    <w>julottor</w>
    <w>och</w>
    <w>musikevenemang</w>
  </absaspan>
  <absaspan id=211 senti=4>
    <w>.</w>
  </absaspan>
  <absaspan id=212>
    <w>De</w>
  </absaspan>
  <absaspan id=213 senti=4>
    <w>är</w>
    <w>gratis</w>
  </absaspan>
  <w>och</w>
  <absaspan id=214>
    <w>man</w>
  </absaspan>
  <absaspan id=215 senti=4>
    <w>kan</w>
    <w>där</w>
    <w>njuta</w>
  </absaspan>
  <absaspan id=216 senti=4>
    <w>av</w>
  </absaspan>
  <absaspan id=217 senti=5>
    <w>fantastisk</w>
    <w>musik</w>
  </absaspan>
  <w>.</w>
  <w>Även</w>
  <w>om</w>
  <absaspan id=218>
    <w>man</w>
  </absaspan>
  <w>inte</w>
  <w>är</w>
  <w>så</w>
  <w>religiös</w>
  <w>,</w>
  <absaspan id=219 senti=4>
    <w>kan</w>
    <w>det</w>
    <w>kännas</w>
    <w>bra</w>
  </absaspan>
  <absaspan id=220 senti=4>
    <w>att</w>
    <w>minnas</w>
    <w>julens</w>
    <w>ursprungliga</w>
    <w>budskap</w>
  </absaspan>
  <w>.</w>
</absapar>
<absapar id=18>
  <w>#</w>
  <w>P</w>
  <w>IMM</w>
  <w>.</w>
  <w>11</w>
  <w>.</w>
  <absaspan id=221 senti=4>
    <w>Tänd</w>
  </absaspan>
  <w>ett</w>
  <absaspan id=222 senti=4>
    <w>levande</w>
    <w>ljus</w>
  </absaspan>
  <w>och</w>
  <absaspan id=223 senti=4>
    <w>tillåt</w>
    <w>dig</w>
  </absaspan>
  <absaspan id=224 senti=4>
    <w>att</w>
    <w>koppla</w>
    <w>av</w>
    <w>på</w>
    <w>ditt</w>
    <w>eget</w>
    <w>sätt</w>
  </absaspan>
  <absaspan id=225 senti=4>
    <w>utan</w>
  </absaspan>
  <absaspan id=226 senti=2>
    <w>hurtfriska</w>
    <w>pekpinnar</w>
  </absaspan>
  <absaspan id=227 senti=4>
    <w>.</w>
  </absaspan>
  <w>Låt</w>
  <w>timmarna</w>
  <w>gå</w>
  <w>–</w>
  <absaspan id=228 senti=4>
    <w>gör</w>
  </absaspan>
  <w>ingenting</w>
  <w>eller</w>
  <absaspan id=229 senti=4>
    <w>vad</w>
    <w>du</w>
  </absaspan>
  <absaspan id=230 senti=4>
    <w>vill</w>
  </absaspan>
  <absaspan id=231 senti=4>
    <w>!</w>
  </absaspan>
  <absaspan id=232 senti=4>
    <w>.</w>
  </absaspan>
</absapar>
<absapar id=19>
  <w>#</w>
  <w>P</w>
  <w>IMM</w>
  <w>.</w>
  <w>12</w>
  <w>.</w>
  <w>Sätt</w>
  <w>ut</w>
  <w>en</w>
  <w>tallrik</w>
  <w>gröt</w>
  <w>till</w>
  <w>hustomten</w>
  <w>om</w>
  <w>du</w>
  <absaspan id=233>
    <w>tror</w>
  </absaspan>
  <absaspan id=234>
    <w>på</w>
    <w>honom</w>
  </absaspan>
  <absaspan id=235 senti=4>
    <w>.</w>
  </absaspan>
  <absaspan id=236>
    <w>Det</w>
  </absaspan>
  <absaspan id=237 senti=3>
    <w>är</w>
    <w>bättre</w>
    <w>än</w>
    <w>att</w>
    <w>tro</w>
    <w>på</w>
    <w>en</w>
  </absaspan>
  <absaspan id=238 senti=1>
    <w>pervers</w>
    <w>glittrig</w>
    <w>fet</w>
    <w>Coca-Cola-tomte</w>
  </absaspan>
  <absaspan id=239 senti=4>
    <w>i</w>
    <w>alla</w>
    <w>fall</w>
  </absaspan>
  <w>.</w>
  <w>Kom</w>
  <w>bara</w>
  <w>ihåg</w>
  <w>att</w>
  <absaspan id=240 senti=4>
    <w>sätta</w>
  </absaspan>
  <absaspan id=241>
    <w>en</w>
    <w>trä</w>
    <w>-</w>
    <w>eller</w>
    <w>hornsked</w>
  </absaspan>
  <absaspan id=242 senti=4>
    <w>i</w>
  </absaspan>
  <absaspan id=243 senti=4>
    <w>gröten</w>
  </absaspan>
  <absaspan id=244 senti=4>
    <w>.</w>
  </absaspan>
  <absaspan id=245>
    <w>Hustomten</w>
  </absaspan>
  <absaspan id=246 senti=2>
    <w>gillar</w>
    <w>inte</w>
  </absaspan>
  <absaspan id=247 senti=2>
    <w>pråliga</w>
    <w>nymodigheter</w>
    <w>som</w>
    <w>rostfritt</w>
    <w>stål</w>
    <w>och</w>
    <w>silverskedar</w>
  </absaspan>
  <absaspan id=248>
    <w>.</w>
  </absaspan>
</absapar>
<absapar id=20>
  <w>Kristina</w>
  <w>Lindberg</w>
  <w>(</w>
  <w>50</w>
  <w>offentliganställd</w>
  <w>ensamstående</w>
  <w>mamma</w>
  <w>)</w>
  <w>.</w>
</absapar>
</absadoc>
