<absadoc annotators=9 senti=2>
<absatitle>
  <absaspan id=1 senti=2 target=1 source=3>
    <w>Populister</w>
  </absaspan>
  <absaspan id=2 senti=2 target=1>
    <w>stöper</w>
    <w>om</w>
    <w>skandinavisk</w>
    <w>politik</w>
    <w>.</w>
  </absaspan>
  <absaspan id=3>
    <w>.</w>
  </absaspan>
</absatitle>
<absapar id=1>
  <w>De</w>
  <w>senaste</w>
  <w>veckorna</w>
  <w>kommer</w>
  <w>att</w>
  <w>gå</w>
  <w>till</w>
  <w>historien</w>
  <w>som</w>
  <w>en</w>
  <w>vändpunkt</w>
  <w>for</w>
  <w>Skandinavien</w>
  <w>.</w>
  <w>I</w>
  <w>mitt</w>
  <w>hemland</w>
  <w>Norge</w>
  <w>lade</w>
  <absaspan id=4 senti=2>
    <w>högerpopulistiska</w>
  </absaspan>
  <absaspan id=5>
    <w>Fremskrittspartiet</w>
    <w>(</w>
    <w>Frp</w>
    <w>)</w>
  </absaspan>
  <w>för</w>
  <w>första</w>
  <w>gången</w>
  <w>fram</w>
  <w>en</w>
  <w>statsbudget</w>
  <w>från</w>
  <w>regeringsposition</w>
  <w>.</w>
  <w>I</w>
  <w>Danmark</w>
  <w>blev</w>
  <w>Dansk</w>
  <w>Folkeparti</w>
  <w>(</w>
  <w>DF</w>
  <w>)</w>
  <w>for</w>
  <w>första</w>
  <w>gången</w>
  <w>landets</w>
  <absaspan id=6 senti=4>
    <w>största</w>
  </absaspan>
  <absaspan id=7>
    <w>parti</w>
  </absaspan>
  <w>i</w>
  <w>en</w>
  <w>mätning</w>
  <w>.</w>
  <absaspan id=8 senti=2>
    <w>Och</w>
    <w>i</w>
    <w>Sverige</w>
    <w>har</w>
    <w>SD</w>
  </absaspan>
  <absaspan id=9 senti=2>
    <w>rivit</w>
    <w>upp</w>
    <w>den</w>
    <w>etablerade</w>
    <w>politiska</w>
    <w>processen</w>
  </absaspan>
  <absaspan id=10>
    <w>och</w>
  </absaspan>
  <absaspan id=11 senti=2>
    <w>tvingat</w>
    <w>fram</w>
    <w>nyval</w>
  </absaspan>
  <absaspan id=12>
    <w>.</w>
  </absaspan>
</absapar>
<absapar id=2 senti=3>
  <absaspan id=13 senti=2>
    <w>Högerpopulisterna</w>
    <w>sitter</w>
  </absaspan>
  <absaspan id=14 senti=2>
    <w>alltså</w>
    <w>med</w>
    <w>foten</w>
    <w>på</w>
    <w>pedalen</w>
    <w>i</w>
    <w>hela</w>
    <w>Skandinavien</w>
  </absaspan>
  <absaspan id=15>
    <w>,</w>
    <w>och</w>
    <w>det</w>
    <w>när</w>
    <w>det</w>
    <w>ska</w>
    <w>hållas</w>
    <w>val</w>
    <w>i</w>
    <w>alla</w>
    <w>tre</w>
    <w>länder</w>
    <w>under</w>
    <w>samma</w>
    <w>år</w>
    <w>.</w>
  </absaspan>
  <w>I</w>
  <w>september</w>
  <w>är</w>
  <w>det</w>
  <w>folketingsval</w>
  <w>i</w>
  <w>Danmark</w>
  <w>och</w>
  <w>lokalval</w>
  <w>i</w>
  <w>Norge</w>
  <w>,</w>
  <w>och</w>
  <w>i</w>
  <w>mars</w>
  <w>blir</w>
  <w>det</w>
  <w>alltså</w>
  <w>ett</w>
  <w>extra</w>
  <w>val</w>
  <w>här</w>
  <w>i</w>
  <w>Sverige</w>
  <w>.</w>
  <w>Det</w>
  <w>är</w>
  <w>ett</w>
  <absaspan id=16 senti=2>
    <w>mycket</w>
    <w>speciellt</w>
  </absaspan>
  <absaspan id=17>
    <w>läge</w>
  </absaspan>
  <w>for</w>
  <w>skandinavisk</w>
  <w>politik</w>
  <absaspan id=18 senti=2>
    <w>.</w>
  </absaspan>
</absapar>
<absapar id=3 senti=4>
  <w>Det</w>
  <w>finns</w>
  <w>stora</w>
  <w>skillnader</w>
  <w>mellan</w>
  <absaspan id=19>
    <w>SD</w>
    <w>,</w>
    <w>DF</w>
  </absaspan>
  <absaspan id=20>
    <w>och</w>
    <w>FrP</w>
  </absaspan>
  <w>,</w>
  <w>särskilt</w>
  <w>i</w>
  <w>partiernas</w>
  <w>ursprung</w>
  <w>.</w>
  <w>Men</w>
  <w>en</w>
  <absaspan id=21 senti=2>
    <w>viktig</w>
  </absaspan>
  <absaspan id=22>
    <w>sak</w>
  </absaspan>
  <w>har</w>
  <w>de</w>
  <w>gemensamt</w>
  <w>:</w>
  <absaspan id=23 senti=1>
    <w>med</w>
  </absaspan>
  <absaspan id=24 senti=2>
    <w>främlingsfientlighet</w>
  </absaspan>
  <absaspan id=25 senti=2>
    <w>som</w>
    <w>kärnfråga</w>
  </absaspan>
  <absaspan id=26 senti=2>
    <w>växer</w>
  </absaspan>
  <absaspan id=27>
    <w>dessa</w>
    <w>partier</w>
  </absaspan>
  <absaspan id=28 senti=2>
    <w>i</w>
  </absaspan>
  <absaspan id=29 senti=2>
    <w>dag</w>
    <w>på</w>
  </absaspan>
  <absaspan id=30 senti=2>
    <w>de</w>
    <w>etablerade</w>
    <w>borgerliga</w>
    <w>partiernas</w>
    <w>bekostnad</w>
  </absaspan>
  <absaspan id=31 senti=2>
    <w>.</w>
  </absaspan>
  <w>Det</w>
  <w>är</w>
  <w>nytt</w>
  <w>i</w>
  <w>Skandinaviens</w>
  <w>parlamentariska</w>
  <w>historia</w>
  <absaspan id=32>
    <w>.</w>
  </absaspan>
</absapar>
<absapar id=4>
  <w>Under</w>
  <w>30</w>
  <w>-</w>
  <w>talet</w>
  <w>,</w>
  <w>då</w>
  <absaspan id=33>
    <w>borgerligheten</w>
    <w>i</w>
    <w>det</w>
    <w>ena</w>
    <w>europeiska</w>
    <w>landet</w>
    <w>efter</w>
    <w>det</w>
    <w>andra</w>
  </absaspan>
  <absaspan id=34 senti=2>
    <w>valde</w>
  </absaspan>
  <absaspan id=35 senti=1>
    <w>fascismen</w>
  </absaspan>
  <w>,</w>
  <absaspan id=36 senti=4>
    <w>valde</w>
  </absaspan>
  <absaspan id=37>
    <w>den</w>
    <w>skandinaviska</w>
    <w>borgerligheten</w>
  </absaspan>
  <absaspan id=38 senti=4>
    <w>en</w>
  </absaspan>
  <absaspan id=39 senti=4>
    <w>annan</w>
    <w>väg</w>
    <w>.</w>
  </absaspan>
  <absaspan id=40>
    <w>I</w>
    <w>Danmark</w>
    <w>,</w>
    <w>Norge</w>
    <w>och</w>
    <w>Sverige</w>
  </absaspan>
  <absaspan id=41 senti=2>
    <w>vände</w>
  </absaspan>
  <absaspan id=42>
    <w>den</w>
    <w>ekonomiska</w>
    <w>och</w>
    <w>politiska</w>
    <w>eliten</w>
  </absaspan>
  <absaspan id=43 senti=2>
    <w>i</w>
  </absaspan>
  <absaspan id=44 senti=2>
    <w>huvudsak</w>
  </absaspan>
  <absaspan id=45 senti=2>
    <w>fascismen</w>
  </absaspan>
  <absaspan id=46 senti=2>
    <w>ryggen</w>
  </absaspan>
  <w>,</w>
  <w>och</w>
  <absaspan id=47 senti=4>
    <w>valde</w>
  </absaspan>
  <w>i</w>
  <w>stället</w>
  <absaspan id=48 senti=4>
    <w>samarbete</w>
    <w>med</w>
    <w>de</w>
    <w>starka</w>
    <w>arbetarrörelserna</w>
    <w>i</w>
    <w>dessa</w>
    <w>länder</w>
  </absaspan>
  <w>:</w>
  <absaspan id=49 senti=4>
    <w>den</w>
    <w>skandinaviska</w>
    <w>modellen</w>
  </absaspan>
  <w>.</w>
</absapar>
<absapar id=5>
  <absaspan id=50 senti=2>
    <w>Den</w>
    <w>modellen</w>
    <w>är</w>
  </absaspan>
  <absaspan id=51 senti=2>
    <w>mycket</w>
    <w>hårt</w>
    <w>pressad</w>
    <w>nu</w>
  </absaspan>
  <absaspan id=52 senti=2>
    <w>.</w>
  </absaspan>
  <absaspan id=53>
    <w>Av</w>
    <w>globalisering</w>
    <w>,</w>
    <w>av</w>
    <w>EU</w>
    <w>,</w>
    <w>av</w>
  </absaspan>
  <absaspan id=54 senti=2>
    <w>finanskrisens</w>
  </absaspan>
  <absaspan id=55>
    <w>efterdyningar</w>
  </absaspan>
  <w>.</w>
  <absaspan id=56 senti=2>
    <w>Men</w>
    <w>den</w>
    <w>största</w>
    <w>pressen</w>
  </absaspan>
  <absaspan id=57 senti=2>
    <w>kommer</w>
    <w>inifrån</w>
  </absaspan>
  <absaspan id=58>
    <w>,</w>
    <w>från</w>
    <w>borgerliga</w>
    <w>väljare</w>
  </absaspan>
  <absaspan id=59 senti=2>
    <w>som</w>
    <w>vill</w>
    <w>ha</w>
    <w>en</w>
    <w>mer</w>
  </absaspan>
  <absaspan id=60 senti=2>
    <w>aggressiv</w>
    <w>,</w>
    <w>nationalchauvinistisk</w>
  </absaspan>
  <absaspan id=61 senti=2>
    <w>högerpolitik</w>
  </absaspan>
  <absaspan id=62>
    <w>.</w>
  </absaspan>
  <absaspan id=63 senti=2>
    <w>Väljare</w>
    <w>som</w>
    <w>är</w>
    <w>en</w>
    <w>del</w>
    <w>av</w>
    <w>en</w>
    <w>gemensam</w>
    <w>,</w>
    <w>europeisk</w>
    <w>,</w>
  </absaspan>
  <absaspan id=64 senti=2>
    <w>högerradikal</w>
    <w>underström</w>
  </absaspan>
  <absaspan id=65>
    <w>,</w>
    <w>som</w>
    <w>i</w>
  </absaspan>
  <absaspan id=66 senti=2>
    <w>olika</w>
    <w>skepnader</w>
  </absaspan>
  <absaspan id=67 senti=2>
    <w>blir</w>
    <w>allt</w>
    <w>mer</w>
    <w>framgångsrik</w>
  </absaspan>
  <w>från</w>
  <w>Frankrike</w>
  <w>till</w>
  <w>Grekland</w>
  <w>till</w>
  <w>Ungern</w>
  <w>–</w>
  <w>till</w>
  <w>Skandinavien</w>
  <absaspan id=68 senti=2>
    <w>.</w>
  </absaspan>
</absapar>
<absapar id=6>
  <absaspan id=69 senti=2>
    <w>De</w>
    <w>högerpopulistiska</w>
    <w>partierna</w>
  </absaspan>
  <absaspan id=70 senti=2>
    <w>är</w>
    <w>inte</w>
    <w>klassiska</w>
    <w>fascister</w>
  </absaspan>
  <absaspan id=71 senti=4>
    <w>.</w>
  </absaspan>
  <w>Inte</w>
  <w>alls</w>
  <w>faktiskt</w>
  <w>,</w>
  <w>och</w>
  <w>det</w>
  <absaspan id=72 senti=2>
    <w>är</w>
    <w>viktigt</w>
    <w>att</w>
    <w>undvika</w>
    <w>den</w>
    <w>värsta</w>
    <w>alarmismen</w>
  </absaspan>
  <absaspan id=73 senti=4>
    <w>.</w>
  </absaspan>
  <absaspan id=74>
    <w>Men</w>
    <w>vi</w>
    <w>vet</w>
    <w>att</w>
    <w>de</w>
  </absaspan>
  <absaspan id=75 senti=2>
    <w>högerpopulistiska</w>
    <w>partierna</w>
  </absaspan>
  <absaspan id=76 senti=2>
    <w>alla</w>
    <w>bär</w>
    <w>i</w>
    <w>sig</w>
    <w>högerradikala</w>
    <w>element</w>
  </absaspan>
  <absaspan id=77 senti=2>
    <w>,</w>
    <w>som</w>
    <w>i</w>
    <w>givna</w>
    <w>situationer</w>
    <w>bryter</w>
    <w>fram</w>
  </absaspan>
  <absaspan id=78 senti=2>
    <w>.</w>
  </absaspan>
  <w>Som</w>
  <w>i</w>
  <absaspan id=79>
    <w>SD</w>
  </absaspan>
  <w>nu</w>
  <w>,</w>
  <w>där</w>
  <absaspan id=80 senti=4>
    <w>linjen</w>
    <w>att</w>
    <w>bli</w>
    <w>ett</w>
    <w>normalt</w>
    <w>parti</w>
    <w>är</w>
    <w>bruten</w>
  </absaspan>
  <w>och</w>
  <absaspan id=81 senti=2>
    <w>ersatt</w>
    <w>med</w>
    <w>ett</w>
    <w>ultimatum</w>
  </absaspan>
  <absaspan id=82 senti=2>
    <w>som</w>
    <w>luktar</w>
    <w>fanatism</w>
  </absaspan>
  <w>.</w>
</absapar>
<absapar id=7>
  <absaspan id=83 senti=2>
    <w>Tills</w>
    <w>nu</w>
    <w>har</w>
  </absaspan>
  <absaspan id=84 senti=4>
    <w>den</w>
    <w>etablerade</w>
    <w>högern</w>
    <w>i</w>
    <w>Skandinavien</w>
  </absaspan>
  <absaspan id=85 senti=2>
    <w>valt</w>
    <w>olika</w>
    <w>förhållningssätt</w>
    <w>till</w>
  </absaspan>
  <absaspan id=86 senti=2>
    <w>högerpopulisterna</w>
  </absaspan>
  <w>.</w>
  <w>I</w>
  <absaspan id=87>
    <w>Norge</w>
  </absaspan>
  <absaspan id=88 senti=4>
    <w>är</w>
  </absaspan>
  <absaspan id=89>
    <w>Frp</w>
  </absaspan>
  <absaspan id=90 senti=4>
    <w>helt</w>
  </absaspan>
  <absaspan id=91 senti=4>
    <w>inne</w>
    <w>i</w>
    <w>värmen</w>
  </absaspan>
  <w>,</w>
  <absaspan id=92>
    <w>som</w>
    <w>regeringspartner</w>
    <w>till</w>
    <w>Høyre</w>
  </absaspan>
  <w>,</w>
  <w>och</w>
  <absaspan id=93>
    <w>Frp-ledningen</w>
  </absaspan>
  <absaspan id=94 senti=2>
    <w>försöker</w>
    <w>desperat</w>
    <w>kväsa</w>
  </absaspan>
  <absaspan id=95 senti=2>
    <w>de</w>
    <w>mer</w>
    <w>radikala</w>
    <w>i</w>
    <w>partiet</w>
  </absaspan>
  <w>men</w>
  <w>kompromisser</w>
  <w>och</w>
  <w>fallande</w>
  <w>opinionssiffror</w>
  <absaspan id=96 senti=2>
    <w>stärker</w>
    <w>den</w>
  </absaspan>
  <absaspan id=97 senti=2>
    <w>radikala</w>
    <w>internoppositionen</w>
  </absaspan>
  <absaspan id=98>
    <w>.</w>
  </absaspan>
  <absaspan id=99>
    <w>Danska</w>
    <w>DF</w>
  </absaspan>
  <absaspan id=100 senti=4>
    <w>varit</w>
    <w>nöjda</w>
    <w>med</w>
  </absaspan>
  <absaspan id=101 senti=3>
    <w>rollen</w>
    <w>som</w>
    <w>mäktigt</w>
    <w>stödparti</w>
    <w>åt</w>
    <w>serier</w>
    <w>av</w>
    <w>borgerliga</w>
    <w>koalitioner</w>
  </absaspan>
  <absaspan id=102>
    <w>.</w>
  </absaspan>
  <w>Även</w>
  <absaspan id=103 senti=4>
    <w>efter</w>
    <w>triumfen</w>
  </absaspan>
  <absaspan id=104 senti=4>
    <w>i</w>
    <w>att</w>
    <w>vara</w>
    <w>största</w>
    <w>parti</w>
  </absaspan>
  <w>,</w>
  <w>säger</w>
  <absaspan id=105>
    <w>partiledaren</w>
    <w>Kristian</w>
    <w>Tulesen</w>
    <w>Dahl</w>
  </absaspan>
  <w>att</w>
  <absaspan id=106 senti=4>
    <w>det</w>
    <w>största</w>
    <w>inflytandet</w>
    <w>för</w>
  </absaspan>
  <absaspan id=107 senti=4>
    <w>DF</w>
  </absaspan>
  <w>inte</w>
  <w>ligger</w>
  <w>i</w>
  <w>att</w>
  <w>söka</w>
  <w>regeringsmakt</w>
  <w>,</w>
  <w>utan</w>
  <w>i</w>
  <absaspan id=108 senti=4>
    <w>att</w>
    <w>vara</w>
    <w>det</w>
    <w>parti</w>
    <w>de</w>
    <w>andra</w>
    <w>måste</w>
    <w>ringa</w>
    <w>till</w>
  </absaspan>
  <absaspan id=109>
    <w>.</w>
  </absaspan>
</absapar>
<absapar id=8>
  <w>Bara</w>
  <absaspan id=110>
    <w>i</w>
    <w>Sverige</w>
  </absaspan>
  <absaspan id=111 senti=4>
    <w>har</w>
  </absaspan>
  <absaspan id=112>
    <w>borgerligheten</w>
  </absaspan>
  <absaspan id=113 senti=4>
    <w>hållit</w>
    <w>fast</w>
    <w>vid</w>
    <w>att</w>
  </absaspan>
  <absaspan id=114 senti=3>
    <w>SD</w>
    <w>ska</w>
    <w>isoleras</w>
  </absaspan>
  <w>.</w>
  <w>Men</w>
  <w>i</w>
  <w>torsdags</w>
  <absaspan id=115 senti=2>
    <w>fick</w>
  </absaspan>
  <w>vi</w>
  <absaspan id=116 senti=3>
    <w>en</w>
    <w>tydlig</w>
    <w>glimt</w>
  </absaspan>
  <absaspan id=117 senti=4>
    <w>av</w>
    <w>något</w>
    <w>nytt</w>
  </absaspan>
  <w>:</w>
  <absaspan id=118 senti=2>
    <w>Alliansen</w>
    <w>var</w>
    <w>nära</w>
    <w>att</w>
    <w>ta</w>
    <w>makten</w>
    <w>på</w>
    <w>SD</w>
    <w>:</w>
    <w>s</w>
    <w>rygg</w>
    <w>,</w>
    <w>under</w>
    <w>täckmantel</w>
  </absaspan>
  <absaspan id=119 senti=2>
    <w>av</w>
    <w>att</w>
    <w>Sverige</w>
    <w>annars</w>
    <w>skulle</w>
    <w>stå</w>
    <w>utan</w>
    <w>regering</w>
  </absaspan>
  <absaspan id=120 senti=2>
    <w>.</w>
  </absaspan>
  <w>Precis</w>
  <w>som</w>
  <w>DF</w>
  <w>har</w>
  <absaspan id=121>
    <w>SD</w>
  </absaspan>
  <absaspan id=122 senti=2>
    <w>lyckats</w>
    <w>göra</w>
    <w>sig</w>
    <w>till</w>
    <w>det</w>
    <w>parti</w>
    <w>de</w>
    <w>andra</w>
    <w>måste</w>
    <w>ringa</w>
    <w>för</w>
    <w>att</w>
    <w>komma</w>
    <w>till</w>
    <w>makten</w>
  </absaspan>
  <w>.</w>
</absapar>
<absapar id=9>
  <absaspan id=123 senti=2>
    <w>De</w>
    <w>borgerliga</w>
    <w>partiledarna</w>
  </absaspan>
  <w>är</w>
  <w>fullt</w>
  <w>medvetna</w>
  <w>om</w>
  <w>att</w>
  <absaspan id=124 senti=2>
    <w>en</w>
    <w>sådan</w>
    <w>kovändning</w>
  </absaspan>
  <absaspan id=125 senti=2>
    <w>inte</w>
    <w>kan</w>
    <w>ske</w>
    <w>öppet</w>
    <w>,</w>
    <w>utan</w>
    <w>en</w>
    <w>mycket</w>
    <w>hög</w>
    <w>kostnad</w>
  </absaspan>
  <absaspan id=126 senti=2>
    <w>hos</w>
    <w>de</w>
    <w>konservativa</w>
    <w>och</w>
    <w>liberala</w>
    <w>basväljarna</w>
  </absaspan>
  <absaspan id=127 senti=2>
    <w>.</w>
  </absaspan>
  <w>Det</w>
  <w>är</w>
  <w>därför</w>
  <absaspan id=128>
    <w>deras</w>
    <w>centrala</w>
    <w>”</w>
    <w>talking</w>
    <w>point</w>
  </absaspan>
  <w>”</w>
  <w>nu</w>
  <w>är</w>
  <w>att</w>
  <absaspan id=129>
    <w>regelverken</w>
  </absaspan>
  <absaspan id=130 senti=2>
    <w>måste</w>
    <w>ändras</w>
  </absaspan>
  <absaspan id=131 senti=2>
    <w>så</w>
    <w>att</w>
    <w>det</w>
    <w>blir</w>
    <w>lättare</w>
    <w>att</w>
    <w>vara</w>
    <w>minoritetsregering</w>
    <w>i</w>
    <w>Sverige</w>
  </absaspan>
  <absaspan id=132 senti=2>
    <w>.</w>
  </absaspan>
  <absaspan id=133>
    <w>De</w>
  </absaspan>
  <w>inser</w>
  <absaspan id=134 senti=2>
    <w>att</w>
    <w>alla</w>
    <w>borgerliga</w>
    <w>regeringsambitioner</w>
  </absaspan>
  <absaspan id=135>
    <w>numera</w>
  </absaspan>
  <absaspan id=136 senti=2>
    <w>är</w>
    <w>beroende</w>
    <w>av</w>
    <w>SD</w>
    <w>som</w>
    <w>underlag</w>
  </absaspan>
  <w>,</w>
  <w>men</w>
  <absaspan id=137>
    <w>de</w>
  </absaspan>
  <absaspan id=138 senti=2>
    <w>vill</w>
    <w>inte</w>
    <w>att</w>
    <w>SD</w>
    <w>:</w>
    <w>s</w>
    <w>makt</w>
    <w>ska</w>
    <w>synas</w>
  </absaspan>
  <w>.</w>
</absapar>
<absapar id=10>
  <w>Men</w>
  <w>betänk</w>
  <w>detta</w>
  <w>scenario</w>
  <w>:</w>
  <w>vad</w>
  <w>händer</w>
  <w>om</w>
  <w>/</w>
  <w>när</w>
  <absaspan id=139>
    <w>SD</w>
  </absaspan>
  <absaspan id=140 senti=2>
    <w>växer</w>
    <w>sig</w>
    <w>så</w>
    <w>stora</w>
  </absaspan>
  <w>att</w>
  <absaspan id=141 senti=2>
    <w>de</w>
    <w>själva</w>
    <w>kan</w>
    <w>utgöra</w>
    <w>kärnan</w>
    <w>i</w>
    <w>en</w>
    <w>minoritetsregering</w>
  </absaspan>
  <w>?</w>
  <w>.</w>
</absapar>
<absapar id=11>
  <w>Marte</w>
  <w>Michelet</w>
  <w>.</w>
</absapar>
<absapar id=12>
  <w>FAKTA</w>
  <w>.</w>
</absapar>
<absapar id=13>
  <w>REN</w>
  <w>.</w>
</absapar>
<absapar id=14>
  <w>N</w>
  <w>.</w>
</absapar>
</absadoc>
