<absadoc annotators=1 senti=3>
<absatitle>
  <absaspan id=1>
    <w>Vårt</w>
    <w>asylsystem</w>
    <w>i</w>
    <w>EU</w>
  </absaspan>
  <absaspan id=2 senti=2 target=1>
    <w>fungerar</w>
    <w>inte</w>
    <w>längre</w>
  </absaspan>
  <w>.</w>
</absatitle>
<absapar id=1>
  <w>DEBATT</w>
  <w>.</w>
  <w>Under</w>
  <w>de</w>
  <w>senaste</w>
  <w>tiden</w>
  <w>har</w>
  <absaspan id=3 senti=4>
    <w>solidaritet</w>
  </absaspan>
  <w>diskuterats</w>
  <w>livligt</w>
  <w>i</w>
  <w>EU</w>
  <w>.</w>
  <w>Ibland</w>
  <w>har</w>
  <w>EU-länderna</w>
  <w>haft</w>
  <w>helt</w>
  <w>olika</w>
  <w>åsikter</w>
  <w>om</w>
  <w>framtiden</w>
  <w>för</w>
  <w>EU</w>
  <w>:</w>
  <w>s</w>
  <w>asylsystem</w>
  <w>.</w>
</absapar>
<absapar id=2>
  <w>Men</w>
  <w>i</w>
  <w>grund</w>
  <w>och</w>
  <w>botten</w>
  <w>vill</w>
  <w>vi</w>
  <w>alla</w>
  <w>ha</w>
  <w>ett</w>
  <absaspan id=4 senti=4>
    <w>starkt</w>
    <w>,</w>
    <w>välbalanserat</w>
    <w>och</w>
    <w>humant</w>
  </absaspan>
  <absaspan id=5>
    <w>asylsystem</w>
  </absaspan>
  <w>,</w>
  <absaspan id=6>
    <w>som</w>
  </absaspan>
  <w>är</w>
  <absaspan id=7 senti=4>
    <w>rättvist</w>
  </absaspan>
  <w>för</w>
  <w>såväl</w>
  <w>EU-invånare</w>
  <w>som</w>
  <w>migranter</w>
  <w>,</w>
  <w>för</w>
  <w>såväl</w>
  <w>EU-länderna</w>
  <w>som</w>
  <w>ursprungs</w>
  <w>-</w>
  <w>och</w>
  <w>transitländerna</w>
  <w>.</w>
</absapar>
<absapar id=3>
  <absaspan id=8 senti=4>
    <w>Tack</w>
    <w>vare</w>
  </absaspan>
  <absaspan id=9>
    <w>ett</w>
    <w>gemensamt</w>
    <w>arbete</w>
  </absaspan>
  <w>är</w>
  <w>situationen</w>
  <w>nu</w>
  <w>mycket</w>
  <w>stabilare</w>
  <w>.</w>
  <w>EU</w>
  <w>:</w>
  <w>s</w>
  <w>yttre</w>
  <w>gränser</w>
  <w>är</w>
  <w>bättre</w>
  <w>skyddade</w>
  <w>än</w>
  <w>tidigare</w>
  <w>.</w>
  <w>Antalet</w>
  <w>migranter</w>
  <w>som</w>
  <w>anländer</w>
  <w>irreguljärt</w>
  <w>till</w>
  <w>EU</w>
  <w>är</w>
  <w>nu</w>
  <w>lägre</w>
  <w>än</w>
  <w>det</w>
  <w>var</w>
  <w>före</w>
  <w>2014</w>
  <w>,</w>
  <w>innan</w>
  <w>migrationskrisen</w>
  <w>började</w>
  <w>.</w>
</absapar>
<absapar id=4>
  <w>Tusentals</w>
  <w>människor</w>
  <w>i</w>
  <w>behov</w>
  <w>av</w>
  <w>skydd</w>
  <w>har</w>
  <w>omplacerats</w>
  <w>och</w>
  <w>vidarebosatts</w>
  <w>runtom</w>
  <w>i</w>
  <w>Europa</w>
  <w>.</w>
  <w>Mottagningsvillkoren</w>
  <w>för</w>
  <w>migranter</w>
  <w>i</w>
  <w>tredjeländer</w>
  <w>har</w>
  <w>förbättrats</w>
  <w>med</w>
  <w>vårt</w>
  <w>stöd</w>
  <w>.</w>
  <w>Vi</w>
  <w>måste</w>
  <w>fortsätta</w>
  <w>med</w>
  <w>dessa</w>
  <w>gemensamma</w>
  <w>insatser</w>
  <w>på</w>
  <w>alla</w>
  <w>områden</w>
  <w>av</w>
  <w>vår</w>
  <w>migrationspolitik</w>
  <w>,</w>
  <w>och</w>
  <w>även</w>
  <w>förbättra</w>
  <w>förvaltningen</w>
  <w>av</w>
  <w>de</w>
  <w>yttre</w>
  <w>gränserna</w>
  <w>.</w>
</absapar>
<absapar id=5>
  <w>Vi</w>
  <w>är</w>
  <w>medvetna</w>
  <w>om</w>
  <w>att</w>
  <w>människor</w>
  <w>kommer</w>
  <w>att</w>
  <w>behöva</w>
  <w>skydd</w>
  <w>och</w>
  <w>en</w>
  <absaspan id=10 senti=4>
    <w>fristad</w>
  </absaspan>
  <w>så</w>
  <w>länge</w>
  <w>som</w>
  <w>det</w>
  <w>finns</w>
  <w>instabilitet</w>
  <w>i</w>
  <w>vårt</w>
  <w>närområde</w>
  <w>.</w>
</absapar>
<absapar id=6>
  <w>Det</w>
  <w>är</w>
  <w>EU</w>
  <w>:</w>
  <w>s</w>
  <w>moraliska</w>
  <w>och</w>
  <w>rättsliga</w>
  <w>skyldighet</w>
  <w>att</w>
  <w>erbjuda</w>
  <w>en</w>
  <absaspan id=11 senti=4>
    <w>fristad</w>
  </absaspan>
  <w>för</w>
  <w>dem</w>
  <w>som</w>
  <w>behöver</w>
  <w>det</w>
  <w>.</w>
  <w>Men</w>
  <w>det</w>
  <w>nuvarande</w>
  <w>gemensamma</w>
  <w>europeiska</w>
  <w>asylsystemet</w>
  <w>,</w>
  <w>med</w>
  <w>bland</w>
  <w>annat</w>
  <w>Dublinförordningen</w>
  <w>,</w>
  <w>är</w>
  <w>inte</w>
  <w>längre</w>
  <w>lämpligt</w>
  <w>för</w>
  <w>detta</w>
  <w>ändamål</w>
  <w>.</w>
</absapar>
<absapar id=7>
  <w>I</w>
  <w>teorin</w>
  <w>är</w>
  <w>vi</w>
  <w>alla</w>
  <w>överens</w>
  <w>om</w>
  <w>att</w>
  <w>skydd</w>
  <w>bör</w>
  <w>erbjudas</w>
  <w>dem</w>
  <w>som</w>
  <w>verkligen</w>
  <w>behöver</w>
  <w>det</w>
  <w>.</w>
  <w>Men</w>
  <w>för</w>
  <w>att</w>
  <w>göra</w>
  <w>det</w>
  <w>måste</w>
  <w>vi</w>
  <w>få</w>
  <w>ordning</w>
  <w>på</w>
  <w>våra</w>
  <w>asylsystem</w>
  <w>,</w>
  <w>vara</w>
  <w>hårdare</w>
  <w>mot</w>
  <absaspan id=12>
    <w>dem</w>
  </absaspan>
  <w>som</w>
  <absaspan id=13 senti=2>
    <w>missbrukar</w>
  </absaspan>
  <w>systemen</w>
  <w>och</w>
  <w>effektivare</w>
  <w>se</w>
  <w>till</w>
  <w>att</w>
  <w>personer</w>
  <w>som</w>
  <w>inte</w>
  <w>behöver</w>
  <w>skydd</w>
  <w>och</w>
  <w>som</w>
  <w>inte</w>
  <w>har</w>
  <w>någon</w>
  <w>rätt</w>
  <w>att</w>
  <w>stanna</w>
  <w>i</w>
  <w>EU</w>
  <w>återvänder</w>
  <w>.</w>
</absapar>
<absapar id=8>
  <w>Vi</w>
  <w>måste</w>
  <w>också</w>
  <w>bli</w>
  <w>bättre</w>
  <w>på</w>
  <w>att</w>
  <w>fördela</w>
  <w>ansvaret</w>
  <w>mellan</w>
  <w>EU-länderna</w>
  <w>.</w>
  <w>Det</w>
  <w>är</w>
  <w>just</w>
  <w>därför</w>
  <w>vi</w>
  <w>har</w>
  <w>föreslagit</w>
  <w>en</w>
  <w>reform</w>
  <w>av</w>
  <w>EU</w>
  <w>:</w>
  <w>s</w>
  <w>asylpolitik</w>
  <w>.</w>
</absapar>
<absapar id=9>
  <w>Asylsökande</w>
  <w>ska</w>
  <w>inte</w>
  <w>själva</w>
  <w>kunna</w>
  <w>välja</w>
  <w>vilket</w>
  <w>land</w>
  <w>de</w>
  <w>reser</w>
  <w>till</w>
  <w>–</w>
  <absaspan id=14>
    <w>det</w>
    <w>här</w>
  </absaspan>
  <absaspan id=15 senti=1>
    <w>har</w>
    <w>undergrävt</w>
    <w>vårt</w>
    <w>asylsystem</w>
  </absaspan>
  <w>och</w>
  <w>även</w>
  <w>den</w>
  <w>fria</w>
  <w>rörligheten</w>
  <w>inom</w>
  <w>Schengenområdet</w>
  <w>.</w>
</absapar>
<absapar id=10>
  <w>Detta</w>
  <w>kommer</w>
  <w>att</w>
  <w>förändras</w>
  <w>i</w>
  <w>och</w>
  <w>med</w>
  <w>det</w>
  <w>nya</w>
  <w>Dublinsystem</w>
  <w>som</w>
  <w>är</w>
  <w>ett</w>
  <absaspan id=16 senti=4>
    <w>hållbart</w>
    <w>och</w>
    <w>rättvist</w>
  </absaspan>
  <absaspan id=17>
    <w>system</w>
  </absaspan>
  <w>för</w>
  <w>att</w>
  <w>besluta</w>
  <w>vilket</w>
  <w>land</w>
  <w>som</w>
  <w>ska</w>
  <w>granska</w>
  <w>en</w>
  <w>persons</w>
  <w>asylansökan</w>
  <w>.</w>
  <w>På</w>
  <w>så</w>
  <w>sätt</w>
  <w>är</w>
  <w>det</w>
  <w>inte</w>
  <w>bara</w>
  <w>ett</w>
  <w>eller</w>
  <w>några</w>
  <w>få</w>
  <w>länder</w>
  <w>som</w>
  <w>får</w>
  <w>ta</w>
  <w>ansvaret</w>
  <w>i</w>
  <w>krislägen</w>
  <w>.</w>
</absapar>
<absapar id=11>
  <w>Det</w>
  <w>enda</w>
  <w>sättet</w>
  <w>att</w>
  <w>hindra</w>
  <w>sekundära</w>
  <w>flöden</w>
  <w>,</w>
  <absaspan id=18 senti=1>
    <w>asylshopping</w>
    <w>och</w>
    <w>missbruk</w>
  </absaspan>
  <w>är</w>
  <w>att</w>
  <w>se</w>
  <w>till</w>
  <w>att</w>
  <w>gräset</w>
  <w>inte</w>
  <w>är</w>
  <w>grönare</w>
  <w>på</w>
  <w>andra</w>
  <w>sidan</w>
  <w>,</w>
  <w>och</w>
  <w>att</w>
  <w>det</w>
  <w>får</w>
  <w>praktiska</w>
  <w>konsekvenser</w>
  <w>om</w>
  <w>man</w>
  <w>inte</w>
  <w>följer</w>
  <w>reglerna</w>
  <w>.</w>
</absapar>
<absapar id=12>
  <w>Med</w>
  <w>andra</w>
  <w>ord</w>
  <w>måste</w>
  <w>rutinerna</w>
  <w>,</w>
  <w>rättigheterna</w>
  <w>,</w>
  <w>skyldigheterna</w>
  <w>och</w>
  <w>villkoren</w>
  <w>i</w>
  <w>fråga</w>
  <w>om</w>
  <w>asyl</w>
  <w>vara</w>
  <w>desamma</w>
  <w>i</w>
  <w>alla</w>
  <w>EU-länderna</w>
  <w>:</w>
  <w>exempelvis</w>
  <w>bör</w>
  <w>en</w>
  <w>person</w>
  <w>från</w>
  <w>Syrien</w>
  <w>ha</w>
  <w>samma</w>
  <w>möjligheter</w>
  <w>att</w>
  <w>bli</w>
  <w>erkänd</w>
  <w>som</w>
  <w>flykting</w>
  <w>i</w>
  <w>Portugal</w>
  <w>som</w>
  <w>i</w>
  <w>Sverige</w>
  <w>.</w>
</absapar>
<absapar id=13>
  <w>Normen</w>
  <w>bör</w>
  <w>vara</w>
  <w>att</w>
  <w>fullständigt</w>
  <w>bistånd</w>
  <w>och</w>
  <w>stöd</w>
  <w>endast</w>
  <w>beviljas</w>
  <w>i</w>
  <w>det</w>
  <w>EU-land</w>
  <w>som</w>
  <w>ansvarar</w>
  <w>för</w>
  <w>att</w>
  <w>behandla</w>
  <w>asylansökan</w>
  <w>,</w>
  <w>och</w>
  <w>att</w>
  <w>stöd</w>
  <w>och</w>
  <w>skydd</w>
  <w>endast</w>
  <w>ges</w>
  <w>så</w>
  <w>länge</w>
  <w>som</w>
  <w>det</w>
  <w>behövs</w>
  <w>.</w>
  <w>Våra</w>
  <w>rutiner</w>
  <w>måste</w>
  <w>också</w>
  <w>bli</w>
  <w>snabbare</w>
  <w>och</w>
  <w>effektivare</w>
  <w>–</w>
  <w>vi</w>
  <w>vill</w>
  <w>minska</w>
  <w>handläggningstiden</w>
  <w>för</w>
  <w>en</w>
  <w>ansökan</w>
  <w>till</w>
  <w>högst</w>
  <w>sex</w>
  <w>månader</w>
  <w>.</w>
</absapar>
<absapar id=14>
  <w>Mitt</w>
  <w>främsta</w>
  <w>mål</w>
  <w>under</w>
  <w>de</w>
  <w>kommande</w>
  <w>månaderna</w>
  <w>är</w>
  <w>att</w>
  <absaspan id=19 senti=4>
    <w>säkerställa</w>
    <w>avgörande</w>
    <w>framsteg</w>
  </absaspan>
  <w>med</w>
  <absaspan id=20>
    <w>reformen</w>
    <w>av</w>
    <w>det</w>
    <w>europeiska</w>
    <w>asylsystemet</w>
  </absaspan>
  <w>.</w>
  <w>För</w>
  <w>att</w>
  <w>uppnå</w>
  <w>detta</w>
  <w>kommer</w>
  <w>jag</w>
  <w>att</w>
  <w>samarbeta</w>
  <w>nära</w>
  <w>med</w>
  <w>EU-länderna</w>
  <w>och</w>
  <w>Europaparlamentet</w>
  <w>.</w>
</absapar>
<absapar id=15>
  <w>Jag</w>
  <w>vet</w>
  <w>att</w>
  <absaspan id=21>
    <w>många</w>
  </absaspan>
  <absaspan id=22 senti=2>
    <w>har</w>
    <w>blivit</w>
    <w>oroliga</w>
    <w>eller</w>
    <w>rädda</w>
  </absaspan>
  <absaspan id=23>
    <w>när</w>
    <w>tusentals</w>
    <w>människor</w>
    <w>kommit</w>
    <w>in</w>
    <w>i</w>
    <w>Europa</w>
    <w>på</w>
    <w>ett</w>
    <w>irreguljärt</w>
    <w>sätt</w>
    <w>under</w>
    <w>de</w>
    <w>senaste</w>
    <w>åren</w>
  </absaspan>
  <w>.</w>
  <w>Samtidigt</w>
  <w>har</w>
  <w>jag</w>
  <w>också</w>
  <w>sett</w>
  <w>den</w>
  <w>stora</w>
  <absaspan id=24 senti=5>
    <w>generositet</w>
  </absaspan>
  <w>som</w>
  <absaspan id=25>
    <w>Europas</w>
    <w>invånare</w>
  </absaspan>
  <w>har</w>
  <w>visat</w>
  <w>vid</w>
  <w>många</w>
  <w>tillfällen</w>
  <w>på</w>
  <w>nationell</w>
  <w>,</w>
  <w>regional</w>
  <w>eller</w>
  <w>lokal</w>
  <w>nivå</w>
  <w>.</w>
</absapar>
<absapar id=16>
  <w>Vi</w>
  <w>får</w>
  <w>aldrig</w>
  <w>glömma</w>
  <w>att</w>
  <w>vi</w>
  <w>pratar</w>
  <w>om</w>
  <absaspan id=26>
    <w>människor</w>
  </absaspan>
  <w>,</w>
  <absaspan id=27>
    <w>som</w>
  </absaspan>
  <w>i</w>
  <w>många</w>
  <w>fall</w>
  <w>är</w>
  <absaspan id=28 senti=1>
    <w>utsatta</w>
  </absaspan>
  <w>och</w>
  <w>flyr</w>
  <absaspan id=29 senti=1>
    <w>mycket</w>
    <w>farliga</w>
  </absaspan>
  <absaspan id=30>
    <w>situationer</w>
  </absaspan>
  <w>i</w>
  <w>sitt</w>
  <w>hemland</w>
  <w>.</w>
  <absaspan id=31>
    <w>Flyktingar</w>
  </absaspan>
  <absaspan id=32 senti=3>
    <w>är</w>
    <w>inte</w>
    <w>våra</w>
    <w>fiender</w>
  </absaspan>
  <w>.</w>
  <absaspan id=33>
    <w>De</w>
  </absaspan>
  <absaspan id=34 senti=3>
    <w>är</w>
    <w>inget</w>
    <w>hot</w>
  </absaspan>
  <w>.</w>
  <w>Många</w>
  <w>av</w>
  <w>oss</w>
  <w>är</w>
  <w>ättlingar</w>
  <w>till</w>
  <w>invandrare</w>
  <w>eller</w>
  <w>flyktingar</w>
  <w>.</w>
  <w>Minnena</w>
  <w>av</w>
  <w>vår</w>
  <w>samtidshistoria</w>
  <w>lever</w>
  <w>kvar</w>
  <w>.</w>
</absapar>
<absapar id=17>
  <w>Vi</w>
  <w>vill</w>
  <w>alla</w>
  <w>komma</w>
  <w>till</w>
  <w>rätta</w>
  <w>med</w>
  <w>problemet</w>
  <w>–</w>
  <w>men</w>
  <w>det</w>
  <w>kräver</w>
  <w>att</w>
  <w>var</w>
  <w>och</w>
  <w>en</w>
  <w>av</w>
  <w>oss</w>
  <w>tar</w>
  <w>vårt</w>
  <w>ansvar</w>
  <w>.</w>
  <w>Det</w>
  <w>handlar</w>
  <w>inte</w>
  <w>om</w>
  <w>att</w>
  <w>kompromissa</w>
  <w>.</w>
</absapar>
<absapar id=18>
  <w>Om</w>
  <absaspan id=35>
    <w>vi</w>
  </absaspan>
  <w>verkligen</w>
  <absaspan id=36 senti=4>
    <w>vill</w>
    <w>förbättra</w>
  </absaspan>
  <absaspan id=37>
    <w>vårt</w>
    <w>system</w>
  </absaspan>
  <absaspan id=38 senti=3>
    <w>kan</w>
  </absaspan>
  <absaspan id=39>
    <w>vi</w>
  </absaspan>
  <absaspan id=40 senti=3>
    <w>inte</w>
    <w>köpslå</w>
    <w>med</w>
    <w>solidariteten</w>
  </absaspan>
  <w>och</w>
  <w>bara</w>
  <w>välja</w>
  <w>de</w>
  <w>delar</w>
  <w>som</w>
  <w>passar</w>
  <w>oss</w>
  <w>.</w>
  <w>Vi</w>
  <w>behöver</w>
  <w>alla</w>
  <w>delar</w>
  <w>.</w>
</absapar>
<absapar id=19>
  <w>I</w>
  <w>den</w>
  <w>europeiska</w>
  <w>familjen</w>
  <w>är</w>
  <w>vi</w>
  <w>antingen</w>
  <w>starka</w>
  <w>tillsammans</w>
  <w>–</w>
  <w>eller</w>
  <w>inte</w>
  <w>alls</w>
  <w>.</w>
  <w>Därför</w>
  <absaspan id=41 senti=4>
    <w>måste</w>
  </absaspan>
  <absaspan id=42>
    <w>vi</w>
  </absaspan>
  <absaspan id=43 senti=4>
    <w>lita</w>
    <w>på</w>
  </absaspan>
  <absaspan id=44>
    <w>varandra</w>
  </absaspan>
  <w>.</w>
  <w>Reformen</w>
  <w>av</w>
  <w>vårt</w>
  <w>gemensamma</w>
  <w>europeiska</w>
  <w>asylsystem</w>
  <w>handlar</w>
  <w>inte</w>
  <w>om</w>
  <w>välgörenhet</w>
  <w>eller</w>
  <w>goda</w>
  <w>avsikter</w>
  <w>.</w>
  <w>Det</w>
  <w>handlar</w>
  <w>om</w>
  <w>att</w>
  <absaspan id=45 senti=4>
    <w>tillvarata</w>
    <w>vårt</w>
    <w>gemensamma</w>
    <w>intresse</w>
  </absaspan>
  <absaspan id=46>
    <w>.</w>
  </absaspan>
</absapar>
<absapar id=20>
</absapar>
<absapar id=21>
  <w>.</w>
  <w>►</w>
  <w>Häng</w>
  <w>med</w>
  <w>i</w>
  <w>debatten</w>
  <w>och</w>
  <w>kommentera</w>
  <w>artikeln</w>
  <w>–</w>
  <w>gilla</w>
  <w>Aftonbladet</w>
  <w>Debatt</w>
  <w> </w>
  <w>på</w>
  <w>Facebook</w>
  <w>.</w>
</absapar>
<absapar id=22>
</absapar>
<absapar id=23>
  <w>DEBATTEN</w>
</absapar>
</absadoc>
