<absadoc annotators=1 senti=1>
<absatitle>
  <absaspan id=1 senti=1>
    <w>SKANDAL</w>
  </absaspan>
  <w>!</w>
  <w>!</w>
  <absaspan id=2>
    <w>Sverige</w>
    <w>är</w>
    <w>inte</w>
    <w>en</w>
    <w>humanitär</w>
    <w>stormakt</w>
  </absaspan>
  <w>!</w>
  <w>!</w>
  <absaspan id=3 senti=1>
    <w>SKANDAL</w>
    <w>!</w>
    <w>!</w>
  </absaspan>
</absatitle>
<absapar id=1 senti=3>
  <w>World</w>
  <w>Giving</w>
  <w>Index</w>
  <w>(</w>
  <w>WGI</w>
  <w>)</w>
  <w>är</w>
  <w>en</w>
  <w>global</w>
  <w>studie</w>
  <w>genomförs</w>
  <w>av</w>
  <w>Charities</w>
  <w>Aid</w>
  <w>Foundation</w>
  <w>och</w>
  <w>som</w>
  <w>jämför</w>
  <w>hur</w>
  <w>humanitära</w>
  <w>olika</w>
  <w>länder</w>
  <w>i</w>
  <w>världen</w>
  <w>är</w>
  <w>.</w>
  <w>Av</w>
  <w>130</w>
  <w>länder</w>
  <w>rankas</w>
  <w>Sverige</w>
  <w>som</w>
  <w>nummer</w>
  <w>40</w>
  <w>.</w>
</absapar>
<absapar id=2 senti=3>
  <w>Sverige</w>
  <w>och</w>
  <w>svenskar</w>
  <w>rankas</w>
  <w>på</w>
  <w>plats</w>
  <w>56</w>
  <w>vad</w>
  <w>gäller</w>
  <w>viljan</w>
  <w>att</w>
  <w>hjälpa</w>
  <w>främlingar</w>
  <w>,</w>
  <w>på</w>
  <w>plats</w>
  <w>18</w>
  <w>vad</w>
  <w>gäller</w>
  <w>donationer</w>
  <w>av</w>
  <w>pengar</w>
  <w>till</w>
  <w>välgörenhetsorganisationer</w>
  <w>och</w>
  <w>plats</w>
  <w>104</w>
  <w>vad</w>
  <w>gäller</w>
  <w>donationer</w>
  <w>av</w>
  <w>tid</w>
  <w>till</w>
  <w>välgörenhetsorganisationer</w>
  <w>.</w>
  <w>Dessa</w>
  <w>blygsamma</w>
  <w>placeringar</w>
  <w>tyder</w>
  <w>inte</w>
  <w>på</w>
  <w>att</w>
  <w>Sverige</w>
  <w>är</w>
  <w>en</w>
  <w></w>
  <w>humanitär</w>
  <w>stormakt</w>
  <w></w>
  <w>.</w>
</absapar>
<absapar id=3 senti=2>
  <absaspan id=4>
    <w>Sveriges</w>
    <w>politiker</w>
    <w>och</w>
    <w>media</w>
  </absaspan>
  <absaspan id=5 senti=2>
    <w>har</w>
    <w>lurat</w>
    <w>hela</w>
    <w>svenska</w>
    <w>folket</w>
  </absaspan>
  <w>att</w>
  <w>vi</w>
  <w>är</w>
  <w>en</w>
  <w>humanitär</w>
  <w>stormakt</w>
  <w>när</w>
  <w>vi</w>
  <w>hjälpt</w>
  <w>ett</w>
  <w>par</w>
  <w>tusen</w>
  <w>flyktingar</w>
  <w>i</w>
  <w>Sverige</w>
  <w>för</w>
  <w>flera</w>
  <w>miljarder</w>
  <w>kr</w>
  <w>.</w>
  <w>Men</w>
  <w>som</w>
  <w>alla</w>
  <w>förstår</w>
  <w>så</w>
  <absaspan id=6 senti=1>
    <w>hjälper</w>
  </absaspan>
  <absaspan id=7>
    <w>vi</w>
  </absaspan>
  <absaspan id=8 senti=1>
    <w>extremt</w>
  </absaspan>
  <absaspan id=9 senti=1>
    <w>få</w>
    <w>personer</w>
    <w>för</w>
    <w>extremt</w>
    <w>mycket</w>
    <w>pengar</w>
  </absaspan>
  <w>vilket</w>
  <w>självklart</w>
  <w>betyder</w>
  <w>att</w>
  <w>vi</w>
  <w>INTE</w>
  <w>är</w>
  <w>en</w>
  <w>humanitär</w>
  <w>stormakt</w>
  <w>.</w>
</absapar>
<absapar id=4 senti=2>
  <absaspan id=10 senti=2>
    <w>Varför</w>
    <w>ljuger</w>
  </absaspan>
  <absaspan id=11 senti=2>
    <w>våra</w>
    <w>politiker</w>
  </absaspan>
  <w>och</w>
  <w>media</w>
  <w>om</w>
  <w>detta</w>
  <w>?</w>
  <w>Har</w>
  <absaspan id=12>
    <w>Sverige</w>
  </absaspan>
  <w>blivit</w>
  <w>som</w>
  <w>Nordkorea</w>
  <w>,</w>
  <w>har</w>
  <absaspan id=13>
    <w>politiker</w>
  </absaspan>
  <w>tagit</w>
  <absaspan id=14>
    <w>media</w>
  </absaspan>
  <w>som</w>
  <w>gisslan</w>
  <w>när</w>
  <w>det</w>
  <w>gäller</w>
  <w>invandringspoitiken</w>
  <absaspan id=15 senti=2>
    <w>?</w>
  </absaspan>
  <w>.</w>
</absapar>
<absapar id=5>
  <w>Om</w>
  <w>detta</w>
  <w>kan</w>
  <w>ni</w>
  <w>läsa</w>
  <w>mer</w>
  <w>nedan</w>
  <w>:</w>
  <w>.</w>
</absapar>
<absapar id=6>
  <w>Texten</w>
  <w>har</w>
  <w>jag</w>
  <w>tagit</w>
  <w>från</w>
  <w>Avpilat</w>
  <w>:</w>
  <w>.</w>
</absapar>
</absadoc>
