<absadoc annotators=1 senti=3>
<absatitle>
  <absaspan id=1>
    <w>Trump</w>
  </absaspan>
  <w>om</w>
  <absaspan id=2>
    <w>vår</w>
    <w>invandring</w>
  </absaspan>
  <w>:</w>
  <w>"</w>
  <w>I</w>
  <w>know</w>
  <absaspan id=3 senti=2>
    <w>the</w>
    <w>problem</w>
  </absaspan>
  <w>will</w>
  <w>slowly</w>
  <w>disappear</w>
  <w>.</w>
  <w>"</w>
  <w>.</w>
</absatitle>
<absapar id=1>
  <w>Ser</w>
  <w>på</w>
  <w>ett</w>
  <w>klipp</w>
  <w>med</w>
  <w>en</w>
  <w>presskonferens</w>
  <w>,</w>
  <w>där</w>
  <w>Trump</w>
  <w>och</w>
  <w>Löfvén</w>
  <w>talade</w>
  <w>.</w>
  <w>Ca</w>
  <w>17</w>
  <w>:</w>
  <w>45</w>
  <w>in</w>
  <w>i</w>
  <w>klippet</w>
  <w>säger</w>
  <w>Trump</w>
  <w>frasen</w>
  <w>.</w>
</absapar>
<absapar id=2 senti=3>
  <w>Vad</w>
  <w>menar</w>
  <w>han</w>
  <w>?</w>
  <w>Hur</w>
  <w>ska</w>
  <w>det</w>
  <w>lösa</w>
  <w>sig</w>
  <w>?</w>
  <w>Vad</w>
  <w>har</w>
  <w>han</w>
  <w>och</w>
  <w>Stefan</w>
  <w>kommit</w>
  <w>överens</w>
  <w>om</w>
  <w>?</w>
  <w>.</w>
</absapar>
</absadoc>
