<absadoc annotators=1 senti=>
<absatitle>
  <w>Datorspel</w>
  <w>lär</w>
  <w>mig</w>
  <w>mycket</w>
  <w>.</w>
</absatitle>
<absapar id=1>
  <absaspan id=1>
    <w>De</w>
  </absaspan>
  <w>beskriver</w>
  <w>hur</w>
  <absaspan id=2>
    <w>ungdomar</w>
  </absaspan>
  <absaspan id=3 senti=2>
    <w>sitter</w>
    <w>ensamma</w>
  </absaspan>
  <w>i</w>
  <w>var</w>
  <w>sitt</w>
  <absaspan id=4 senti=2>
    <w>mörkt</w>
  </absaspan>
  <absaspan id=5>
    <w>rum</w>
  </absaspan>
  <w>och</w>
  <w>bara</w>
  <w>spelar</w>
  <w>på</w>
  <w>datorn</w>
  <w>.</w>
  <w>Artiklarna</w>
  <w>kommer</w>
  <w>aldrig</w>
  <w>in</w>
  <w>på</w>
  <w>vad</w>
  <w>ungdomarna</w>
  <w>faktiskt</w>
  <w>gör</w>
  <w>vid</w>
  <w>datorerna</w>
  <w>eller</w>
  <w>hur</w>
  <w>det</w>
  <w>går</w>
  <w>till</w>
  <w>.</w>
  <w>Jag</w>
  <w>tycker</w>
  <w>att</w>
  <w>det</w>
  <w>är</w>
  <w>hög</w>
  <w>tid</w>
  <w>att</w>
  <w>ge</w>
  <w>en</w>
  <w>annan</w>
  <w>och</w>
  <absaspan id=6 senti=4>
    <w>rättvis</w>
  </absaspan>
  <absaspan id=7>
    <w>bild</w>
  </absaspan>
  <w>av</w>
  <w>"</w>
  <w>spelens</w>
  <w>värld</w>
  <w>"</w>
  <w>än</w>
  <w>den</w>
  <w>som</w>
  <w>framförs</w>
  <w>av</w>
  <absaspan id=8>
    <w>vuxenvärlden</w>
  </absaspan>
  <w>som</w>
  <absaspan id=9 senti=2>
    <w>inte</w>
    <w>har</w>
    <w>någon</w>
    <w>koll</w>
  </absaspan>
  <w>.</w>
</absapar>
<absapar id=2>
  <w>Som</w>
  <w>datorspelare</w>
  <w>är</w>
  <w>man</w>
  <w>inte</w>
  <w>,</w>
  <w>som</w>
  <w>många</w>
  <w>vuxna</w>
  <w>tycks</w>
  <w>tro</w>
  <w>,</w>
  <w>asocial</w>
  <w>-</w>
  <w>tvärtom</w>
  <w>,</w>
  <w>faktiskt</w>
  <w>.</w>
</absapar>
<absapar id=3>
  <w>Jag</w>
  <w>tar</w>
  <w>mig</w>
  <w>själv</w>
  <w>som</w>
  <w>exempel</w>
  <w>:</w>
  <w>en</w>
  <w>17</w>
  <w>-</w>
  <w>årig</w>
  <w>kille</w>
  <w>som</w>
  <w>tillbringar</w>
  <w>en</w>
  <w>hel</w>
  <w>del</w>
  <w>tid</w>
  <w>vid</w>
  <w>datorn</w>
  <w>.</w>
  <w>Nu</w>
  <w>tror</w>
  <w>väl</w>
  <w>alla</w>
  <w>oförstående</w>
  <w>föräldrar</w>
  <w>att</w>
  <w>det</w>
  <w>är</w>
  <w>ännu</w>
  <w>en</w>
  <absaspan id=10 senti=2>
    <w>datorberoende</w>
  </absaspan>
  <w>person</w>
  <w>som</w>
  <w>försöker</w>
  <w>föklara</w>
  <w>hur</w>
  <w>bra</w>
  <w>spelen</w>
  <w>är</w>
  <w>,</w>
  <w>bara</w>
  <w>för</w>
  <w>att</w>
  <w>slippa</w>
  <w>erkänna</w>
  <w>vilket</w>
  <absaspan id=11 senti=2 irony>
    <w>"</w>
  </absaspan>
  <absaspan id=12 senti=2 irony>
    <w>hemskt</w>
  </absaspan>
  <absaspan id=13 senti=2 irony>
    <w>beroende</w>
  </absaspan>
  <absaspan id=14 senti=2 irony>
    <w>"</w>
  </absaspan>
  <w>man</w>
  <w>är</w>
  <w>fast</w>
  <w>i</w>
  <w>.</w>
</absapar>
<absapar id=4>
  <w>Jag</w>
  <w>ska</w>
  <w>vara</w>
  <w>ärlig</w>
  <w>mot</w>
  <w>er</w>
  <w>.</w>
  <w>Jag</w>
  <w>är</w>
  <w>beroende</w>
  <w>av</w>
  <w>datorn</w>
  <w>,</w>
  <w>men</w>
  <w>det</w>
  <w>finns</w>
  <w>olika</w>
  <w>grader</w>
  <w>av</w>
  <w>beroende</w>
  <w>.</w>
</absapar>
<absapar id=5>
  <w>Skulle</w>
  <w>jag</w>
  <w>kunna</w>
  <w>leva</w>
  <w>utan</w>
  <w>datorn</w>
  <w>?</w>
  <w>.</w>
</absapar>
<absapar id=6>
  <w>Ja</w>
  <w>,</w>
  <w>men</w>
  <w>det</w>
  <w>skulle</w>
  <w>göra</w>
  <w>mitt</w>
  <w>liv</w>
  <absaspan id=15 senti=1>
    <w>jävligt</w>
    <w>mycket</w>
    <w>mer</w>
  </absaspan>
  <absaspan id=16>
    <w>komplicerat</w>
  </absaspan>
  <w>.</w>
</absapar>
<absapar id=7>
  <w>Skulle</w>
  <w>jag</w>
  <w>ha</w>
  <w>tråkigare</w>
  <w>?</w>
  <w>.</w>
</absapar>
<absapar id=8>
  <w>Definitivt</w>
  <w>.</w>
</absapar>
<absapar id=9>
  <w>Det</w>
  <w>vissa</w>
  <w>inte</w>
  <w>verkar</w>
  <w>förstå</w>
  <w>är</w>
  <w>att</w>
  <w>internet</w>
  <w>existerar</w>
  <w>även</w>
  <w>inom</w>
  <w>spelen</w>
  <w>.</w>
  <w>När</w>
  <w>jag</w>
  <w>spelar</w>
  <w>,</w>
  <w>så</w>
  <w>spelar</w>
  <w>jag</w>
  <w>både</w>
  <w>mot</w>
  <w>och</w>
  <w>med</w>
  <w>flera</w>
  <w>hundra</w>
  <w>människor</w>
  <w>varje</w>
  <w>dag</w>
  <w>.</w>
  <w>Jag</w>
  <w>pratar</w>
  <w>med</w>
  <w>folk</w>
  <w>jag</w>
  <w>annars</w>
  <w>aldrig</w>
  <w>skulle</w>
  <w>få</w>
  <w>kontakt</w>
  <w>med</w>
  <w>,</w>
  <w>även</w>
  <w>från</w>
  <w>andra</w>
  <w>länder</w>
  <w>.</w>
</absapar>
<absapar id=10>
  <w>Jag</w>
  <w>har</w>
  <w>fått</w>
  <absaspan id=17 senti=4>
    <w>många</w>
  </absaspan>
  <w>nya</w>
  <absaspan id=18>
    <w>vänner</w>
  </absaspan>
  <w>som</w>
  <w>jag</w>
  <w>sedan</w>
  <w>träffat</w>
  <w>IRL</w>
  <w>(</w>
  <w>In</w>
  <w>Real</w>
  <w>Life</w>
  <w>)</w>
  <w>eller</w>
  <w>i</w>
  <w>verkliga</w>
  <w>livet</w>
  <w>,</w>
  <w>som</w>
  <w>det</w>
  <w>heter</w>
  <w>på</w>
  <w>svenska</w>
  <w>.</w>
  <w>Förutom</w>
  <w>att</w>
  <w>jag</w>
  <w>tränat</w>
  <w>upp</w>
  <w>både</w>
  <w>min</w>
  <w>svenska</w>
  <w>och</w>
  <w>engelska</w>
  <w>vid</w>
  <w>datorn</w>
  <w>,</w>
  <w>har</w>
  <w>jag</w>
  <w>lärt</w>
  <w>mig</w>
  <w>att</w>
  <w>samarbeta</w>
  <w>bättre</w>
  <w>.</w>
</absapar>
<absapar id=11>
  <w>Allt</w>
  <w>tack</w>
  <w>vare</w>
  <w>spelen</w>
  <w>.</w>
</absapar>
<absapar id=12>
  <w>Jag</w>
  <w>spelar</w>
  <w>bland</w>
  <w>annat</w>
  <w>spelet</w>
  <w>"</w>
  <w>World</w>
  <w>of</w>
  <w>warcraft</w>
  <w>"</w>
  <w>,</w>
  <w>som</w>
  <w>många</w>
  <w>föräldrar</w>
  <w>säkert</w>
  <w>har</w>
  <w>hört</w>
  <w>talas</w>
  <w>om</w>
  <w>.</w>
  <w>I</w>
  <w>detta</w>
  <w>spel</w>
  <w>får</w>
  <w>du</w>
  <w>göra</w>
  <w>din</w>
  <w>egen</w>
  <w>karaktär</w>
  <w>och</w>
  <w>vara</w>
  <w>i</w>
  <absaspan id=19>
    <w>en</w>
    <w>värld</w>
  </absaspan>
  <w>som</w>
  <absaspan id=20 senti=4>
    <w>är</w>
    <w>lika</w>
    <w>stor</w>
    <w>som</w>
    <w>Finland</w>
  </absaspan>
  <w>(</w>
  <w>!</w>
  <w>)</w>
  <w>.</w>
  <w>Det</w>
  <w>finns</w>
  <w>många</w>
  <w>olika</w>
  <w>raser</w>
  <w>,</w>
  <w>allt</w>
  <w>från</w>
  <w>alver</w>
  <w>till</w>
  <w>orcher</w>
  <w>.</w>
  <w>I</w>
  <w>detta</w>
  <w>spel</w>
  <w>har</w>
  <w>varje</w>
  <w>karaktär</w>
  <w>sin</w>
  <w>egen</w>
  <w>roll</w>
  <w>,</w>
  <w>och</w>
  <w>när</w>
  <w>du</w>
  <w>spelar</w>
  <w>brukar</w>
  <w>du</w>
  <w>oftast</w>
  <w>vara</w>
  <w>i</w>
  <w>en</w>
  <w>grupp</w>
  <w>med</w>
  <w>39</w>
  <w>andra</w>
  <w>personer</w>
  <w>från</w>
  <w>den</w>
  <w>"</w>
  <w>klan</w>
  <w>"</w>
  <w>du</w>
  <w>är</w>
  <w>med</w>
  <w>i</w>
  <w>.</w>
</absapar>
<absapar id=13>
  <w>Man</w>
  <w>använder</w>
  <w>sig</w>
  <w>oftast</w>
  <w>av</w>
  <w>ett</w>
  <w>"</w>
  <w>voice</w>
  <w>over</w>
  <w>IP</w>
  <w>"</w>
  <w>-</w>
  <w>program</w>
  <w>eller</w>
  <w>telefoni</w>
  <w>över</w>
  <w>internet</w>
  <w>,</w>
  <w>som</w>
  <w>det</w>
  <w>heter</w>
  <w>.</w>
  <w>En</w>
  <w>är</w>
  <w>ledare</w>
  <w>över</w>
  <w>gruppen</w>
  <w>och</w>
  <w>berättar</w>
  <w>hur</w>
  <w>det</w>
  <w>ska</w>
  <w>gå</w>
  <w>till</w>
  <w>och</w>
  <w>vad</w>
  <w>du</w>
  <w>ska</w>
  <w>göra</w>
  <w>.</w>
  <w>Ni</w>
  <w>hjälper</w>
  <w>varandra</w>
  <w>och</w>
  <w>lyckas</w>
  <w>äntligen</w>
  <w>ta</w>
  <w>ner</w>
  <w>den</w>
  <w>där</w>
  <w>bossen</w>
  <w>ni</w>
  <w>kämpat</w>
  <w>i</w>
  <w>veckor</w>
  <w>för</w>
  <w>att</w>
  <w>döda</w>
  <w>.</w>
  <w>Man</w>
  <w>lär</w>
  <w>sig</w>
  <w>samarbeta</w>
  <w>och</w>
  <absaspan id=21 senti=4>
    <w>uppskattar</w>
  </absaspan>
  <absaspan id=22>
    <w>varandra</w>
  </absaspan>
  <w>.</w>
  <w>Samtidigt</w>
  <absaspan id=23>
    <w>tränar</w>
    <w>man</w>
    <w>upp</w>
    <w>sin</w>
    <w>verbala</w>
    <w>engelska</w>
  </absaspan>
  <absaspan id=24 senti=4>
    <w>enormt</w>
  </absaspan>
  <absaspan id=25 senti=4>
    <w>mycket</w>
  </absaspan>
  <w>.</w>
</absapar>
<absapar id=14>
  <w>Förutom</w>
  <w>att</w>
  <w>spela</w>
  <w>finns</w>
  <w>det</w>
  <w>många</w>
  <w>andra</w>
  <w>saker</w>
  <w>att</w>
  <w>göra</w>
  <w>vid</w>
  <w>datorn</w>
  <w>:</w>
  <w>lyssna</w>
  <w>på</w>
  <w>musik</w>
  <w>,</w>
  <w>surfa</w>
  <w>på</w>
  <w>olika</w>
  <w>forum</w>
  <w>och</w>
  <w>community-sidor</w>
  <w>för</w>
  <w>att</w>
  <w>prata</w>
  <w>med</w>
  <w>andra</w>
  <w>som</w>
  <w>spelar</w>
  <w>eller</w>
  <w>inte</w>
  <w>spelar</w>
  <w>och</w>
  <w>diskutera</w>
  <w>allt</w>
  <w>mellan</w>
  <w>himmel</w>
  <w>och</w>
  <w>jord</w>
  <w>.</w>
  <w>Via</w>
  <w>datorn</w>
  <w>kan</w>
  <w>du</w>
  <w>prata</w>
  <w>med</w>
  <w>kompisarna</w>
  <w>i</w>
  <w>stället</w>
  <w>för</w>
  <w>att</w>
  <w>ringa</w>
  <w>.</w>
</absapar>
<absapar id=15>
  <w>Dessutom</w>
  <w>finns</w>
  <w>det</w>
  <w>,</w>
  <w>som</w>
  <w>jag</w>
  <w>nämnde</w>
  <w>tidigare</w>
  <absaspan id=26>
    <w>internettelefoni</w>
  </absaspan>
  <absaspan id=27 senti=4>
    <w>som</w>
    <w>inte</w>
    <w>kostar</w>
    <w>någonting</w>
  </absaspan>
  <w>och</w>
  <w>du</w>
  <w>kan</w>
  <w>prata</w>
  <w>med</w>
  <w>dina</w>
  <w>kompisar</w>
  <w>och</w>
  <w>människor</w>
  <w>från</w>
  <w>andra</w>
  <w>länder</w>
  <w>.</w>
  <w>Allt</w>
  <w>som</w>
  <w>krävs</w>
  <w>är</w>
  <absaspan id=28>
    <w>en</w>
  </absaspan>
  <absaspan id=29>
    <w>internetuppkoppling</w>
    <w>,</w>
    <w>en</w>
    <w>mikrofon</w>
    <w>och</w>
    <w>ett</w>
    <w>par</w>
    <w>högtalare</w>
    <w>/</w>
    <w>hörlurar</w>
  </absaspan>
  <w>.</w>
  <w>Visst</w>
  <absaspan id=30 senti=2>
    <w>kostar</w>
  </absaspan>
  <absaspan id=31>
    <w>det</w>
  </absaspan>
  <absaspan id=32 senti=2>
    <w>lite</w>
  </absaspan>
  <absaspan id=33 senti=2>
    <w>pengar</w>
  </absaspan>
  <w>,</w>
  <w>men</w>
  <absaspan id=34>
    <w>själva</w>
    <w>samtalen</w>
  </absaspan>
  <absaspan id=35 senti=4>
    <w>är</w>
    <w>gratis</w>
  </absaspan>
  <w>.</w>
</absapar>
<absapar id=16>
  <w>Men</w>
  <w>så</w>
  <w>klart</w>
  <w>finns</w>
  <absaspan id=36 senti=2>
    <w>mörka</w>
  </absaspan>
  <absaspan id=37 senti=2>
    <w>sidor</w>
  </absaspan>
  <w>av</w>
  <absaspan id=38>
    <w>spelen</w>
  </absaspan>
  <w>.</w>
  <absaspan id=39>
    <w>Vissa</w>
    <w>kan</w>
    <w>inte</w>
    <w>anpassa</w>
    <w>sitt</w>
    <w>spelande</w>
    <w>till</w>
    <w>verkligheten</w>
  </absaspan>
  <w>och</w>
  <absaspan id=40 senti=2>
    <w>börjar</w>
    <w>skolka</w>
  </absaspan>
  <w>för</w>
  <w>att</w>
  <w>de</w>
  <w>inte</w>
  <w>orkar</w>
  <w>upp</w>
  <w>till</w>
  <w>skolan</w>
  <w>morgonen</w>
  <w>efter</w>
  <w>att</w>
  <w>de</w>
  <w>suttit</w>
  <w>uppe</w>
  <w>hela</w>
  <w>natten</w>
  <w>.</w>
  <w>Då</w>
  <w>måste</w>
  <w>föräldrarna</w>
  <w>rycka</w>
  <w>in</w>
  <w>,</w>
  <w>och</w>
  <w>ibland</w>
  <w>behövs</w>
  <w>kanske</w>
  <w>till</w>
  <w>och</w>
  <w>med</w>
  <w>professionell</w>
  <w>hjälp</w>
  <w>.</w>
</absapar>
<absapar id=17>
  <w>Det</w>
  <absaspan id=41 senti=4>
    <w>är</w>
    <w>viktigt</w>
  </absaspan>
  <absaspan id=42>
    <w>att</w>
    <w>justera</w>
    <w>sitt</w>
    <w>spelande</w>
    <w>så</w>
    <w>det</w>
    <w>fungerar</w>
    <w>med</w>
    <w>verkligheten</w>
  </absaspan>
  <w>.</w>
  <w>Kan</w>
  <w>man</w>
  <w>inte</w>
  <w>det</w>
  <w>så</w>
  <w>borde</w>
  <w>man</w>
  <w>fundera</w>
  <w>noga</w>
  <w>över</w>
  <w>sitt</w>
  <w>datoranvändande</w>
  <w>.</w>
</absapar>
<absapar id=18>
  <w>Mattias</w>
  <w>Lundgren</w>
  <w>(</w>
  <w>17</w>
  <w>år</w>
  <w>Hägersten</w>
  <w>)</w>
  <w>.</w>
</absapar>
</absadoc>
