<absadoc annotators=1 senti=1>
<absatitle>
  <w>Varför</w>
  <w>vågar</w>
  <w>inte</w>
  <w>SD</w>
  <w>prata</w>
  <w>invandring</w>
  <w>längre</w>
  <w>?</w>
</absatitle>
<absapar id=1 senti=3>
  <w>Mitt</w>
  <w>i</w>
  <w>den</w>
  <absaspan id=1 senti=1>
    <w>värsta</w>
    <w>flyktingkatastrofen</w>
    <w>i</w>
    <w>mannaminne</w>
  </absaspan>
  <w>med</w>
  <w>invandring</w>
  <w>mitt</w>
  <w>på</w>
  <w>agendan</w>
  <w>så</w>
  <w>tycker</w>
  <w>man</w>
  <w>ju</w>
  <w>SD</w>
  <w>borde</w>
  <w>vara</w>
  <w>ganska</w>
  <w>aktiva</w>
  <w>med</w>
  <w>att</w>
  <w>diskutera</w>
  <w>sin</w>
  <w>"</w>
  <w>hjärtefråga</w>
  <w>"</w>
  <w>men</w>
  <w>tvärtom</w>
  <w>så</w>
  <w>hör</w>
  <w>man</w>
  <w>inte</w>
  <w>ett</w>
  <w>knyst</w>
  <w>.</w>
  <w>Istället</w>
  <w>vill</w>
  <w>man</w>
  <w>medverka</w>
  <w>i</w>
  <absaspan id=2 senti=2 irony>
    <w>mysiga</w>
    <w>svt-program</w>
  </absaspan>
  <w>,</w>
  <absaspan id=3 senti=2>
    <w>sparka</w>
    <w>ut</w>
    <w>drivna</w>
    <w>ungdomar</w>
    <w>ur</w>
    <w>partiet</w>
  </absaspan>
  <w>och</w>
  <absaspan id=4 senti=2>
    <w>starta</w>
    <w>någon</w>
    <w>jävla</w>
  </absaspan>
  <absaspan id=5 senti=2>
    <w>kampanj</w>
    <w>för</w>
    <w>hemlösa</w>
  </absaspan>
  <w>,</w>
  <w>som</w>
  <w>om</w>
  <w>inte</w>
  <w>hela</w>
  <w>den</w>
  <absaspan id=6 senti=2>
    <w>frågan</w>
    <w>varit</w>
    <w>irrelevant</w>
  </absaspan>
  <w>sedan</w>
  <w>2014</w>
  <w>i</w>
  <w>svenskarnas</w>
  <w>ögon</w>
  <w>.</w>
</absapar>
<absapar id=2 senti=1>
  <w>Nu</w>
  <w>kanske</w>
  <w>folk</w>
  <w>tycker</w>
  <w>att</w>
  <w>de</w>
  <w>inte</w>
  <w>behöver</w>
  <w>göra</w>
  <w>det</w>
  <w>då</w>
  <w>alla</w>
  <w>vet</w>
  <w>var</w>
  <w>de</w>
  <w>står</w>
  <w>men</w>
  <w>gör</w>
  <w>man</w>
  <w>verkligen</w>
  <w>det</w>
  <w>?</w>
  <w>Jag</w>
  <w>ser</w>
  <w>mig</w>
  <w>själv</w>
  <w>som</w>
  <w>rätt</w>
  <w>insatt</w>
  <w>i</w>
  <w>svensk</w>
  <w>politik</w>
  <w>och</w>
  <w>jag</w>
  <w>har</w>
  <w>faktiskt</w>
  <w>ingen</w>
  <w>som</w>
  <w>helst</w>
  <w>aning</w>
  <w>var</w>
  <w>SD</w>
  <w>står</w>
  <w>i</w>
  <w>invandringsfrågan</w>
  <w>.</w>
  <w>Vill</w>
  <w>minnas</w>
  <w>att</w>
  <w>de</w>
  <w>ville</w>
  <w>minska</w>
  <w>den</w>
  <w>med</w>
  <w>95%</w>
  <w>och</w>
  <w>då</w>
  <w>främst</w>
  <w>anhöriginvandringen</w>
  <w>men</w>
  <w>det</w>
  <w>var</w>
  <w>ju</w>
  <w>år</w>
  <w>2010</w>
  <w>eller</w>
  <w>2011</w>
  <w>och</w>
  <w>situationen</w>
  <w>har</w>
  <w>ju</w>
  <w>förändrats</w>
  <w>ganska</w>
  <w>så</w>
  <w>ordentligt</w>
  <w>sedan</w>
  <w>dess</w>
  <w>.</w>
  <w>Kan</w>
  <w>helt</w>
  <w>ärligt</w>
  <w>inte</w>
  <w>minnas</w>
  <w>sist</w>
  <w>jag</w>
  <w>hörde</w>
  <w>någon</w>
  <w>från</w>
  <w>SD</w>
  <w>ens</w>
  <w>nämna</w>
  <w>invandringsfrågan</w>
  <w>eller</w>
  <w>ens</w>
  <w>några</w>
  <w>problem</w>
  <w>som</w>
  <w>följd</w>
  <w>av</w>
  <w>den</w>
  <w>.</w>
  <absaspan id=7 senti=1>
    <w>Nyårsvåldtäkterna</w>
  </absaspan>
  <absaspan id=8>
    <w>,</w>
  </absaspan>
  <absaspan id=9 senti=2>
    <w>polisens</w>
    <w>mörkande</w>
  </absaspan>
  <absaspan id=10>
    <w>,</w>
    <w>avslöjandena</w>
    <w>om</w>
    <w>We</w>
    <w>Are</w>
    <w>Sthlm</w>
    <w>,</w>
  </absaspan>
  <absaspan id=11 senti=2>
    <w>allt</w>
    <w>kaos</w>
  </absaspan>
  <absaspan id=12>
    <w>vid</w>
  </absaspan>
  <absaspan id=13>
    <w>flyktingboendena</w>
  </absaspan>
  <w>osv</w>
  <w>osv</w>
  <w>,</w>
  <w>allt</w>
  <absaspan id=14 senti=2>
    <w>har</w>
    <w>möts</w>
    <w>av</w>
    <w>tystnad</w>
  </absaspan>
  <w>från</w>
  <w>SD</w>
  <w>:</w>
  <w>s</w>
  <w>sida</w>
  <w>.</w>
</absapar>
<absapar id=3>
  <w>Alla</w>
  <w>andra</w>
  <w>partier</w>
  <w>har</w>
  <w>ju</w>
  <w>nyligen</w>
  <w>profilerat</w>
  <w>sig</w>
  <w>själva</w>
  <w>i</w>
  <w>invandringsfrågan</w>
  <w>även</w>
  <w>fast</w>
  <w>både</w>
  <w>S</w>
  <w>och</w>
  <w>M</w>
  <w>studsar</w>
  <w>runt</w>
  <w>en</w>
  <w>hel</w>
  <w>del</w>
  <w>.</w>
  <w>Varför</w>
  <w>kan</w>
  <w>inte</w>
  <w>SD</w>
  <w>göra</w>
  <w>det</w>
  <w>?</w>
  <w>Nu</w>
  <w>när</w>
  <w>flera</w>
  <w>partiet</w>
  <w>köpt</w>
  <w>delar</w>
  <w>av</w>
  <w>deras</w>
  <w>politik</w>
  <w>så</w>
  <w>kan</w>
  <w>man</w>
  <w>ju</w>
  <w>tycka</w>
  <w>att</w>
  <w>de</w>
  <w>ska</w>
  <w>våga</w>
  <w>röra</w>
  <w>sig</w>
  <w>ännu</w>
  <w>mer</w>
  <w>åt</w>
  <w>höger</w>
  <w>men</w>
  <w>det</w>
  <w>verkar</w>
  <w>inte</w>
  <w>finnas</w>
  <w>något</w>
  <w>intresse</w>
  <w>.</w>
  <w>Är</w>
  <absaspan id=15>
    <w>SD</w>
    <w>:</w>
    <w>s</w>
    <w>mål</w>
  </absaspan>
  <w>helt</w>
  <w>enkelt</w>
  <w>att</w>
  <absaspan id=16 senti=2>
    <w>bli</w>
    <w>ytterligare</w>
    <w>ett</w>
    <w>parti</w>
    <w>i</w>
    <w>mängden</w>
  </absaspan>
  <w>eller</w>
  <w>vad</w>
  <w>är</w>
  <w>det</w>
  <w>frågan</w>
  <w>om</w>
  <w>?</w>
  <w>.</w>
</absapar>
</absadoc>
