<absadoc annotators=1 senti=0>
<absatitle>
  <w>Skriv</w>
  <w>på</w>
  <w>ILO-konventionen</w>
  <w>mot</w>
  <w>social</w>
  <w>dumping</w>
  <w>!</w>
  <w>.</w>
</absatitle>
<absapar id=1>
  <w>I</w>
  <w>dag</w>
  <w>uppmärksammar</w>
  <w>fackföreningsrörelsen</w>
  <w>över</w>
  <w>hela</w>
  <w>världen</w>
  <w>World</w>
  <w>Day</w>
  <w>for</w>
  <w>Decent</w>
  <w>Work</w>
  <w>.</w>
  <w>Dagen</w>
  <w>har</w>
  <w>lanserats</w>
  <w>av</w>
  <w>FN-organet</w>
  <w>ILO</w>
  <w>och</w>
  <w>begreppet</w>
  <w>omfattar</w>
  <absaspan id=1 senti=4>
    <w>grundläggande</w>
    <w>rättigheter</w>
    <w>i</w>
    <w>arbetslivet</w>
    <w>,</w>
    <w>full</w>
    <w>sysselsättning</w>
    <w>,</w>
    <w>social</w>
    <w>trygghet</w>
    <w>,</w>
    <w>god</w>
    <w>arbetsmiljö</w>
    <w>och</w>
    <w>social</w>
    <w>dialog</w>
  </absaspan>
  <absaspan id=2>
    <w>.</w>
  </absaspan>
</absapar>
<absapar id=2>
  <absaspan id=3 senti=2>
    <w>Tyvärr</w>
  </absaspan>
  <absaspan id=4>
    <w>är</w>
    <w>verkligheten</w>
    <w>i</w>
    <w>stora</w>
    <w>delar</w>
    <w>av</w>
    <w>världen</w>
    <w>en</w>
    <w>annan</w>
  </absaspan>
  <w>.</w>
  <w>Löntagarnas</w>
  <w>rättigheter</w>
  <w>över</w>
  <w>hela</w>
  <w>jorden</w>
  <w>utmanas</w>
  <w>av</w>
  <w>ett</w>
  <w>gränslöst</w>
  <w>kapital</w>
  <w>på</w>
  <w>jakt</w>
  <w>efter</w>
  <w>en</w>
  <w>allt</w>
  <w>högre</w>
  <w>och</w>
  <w>allt</w>
  <w>snabbare</w>
  <w>avkastning</w>
  <w>.</w>
  <w>Krav</w>
  <w>ställs</w>
  <w>på</w>
  <absaspan id=5>
    <w>en</w>
    <w>allt</w>
    <w>billigare</w>
    <w>produktion</w>
  </absaspan>
  <w>,</w>
  <w>där</w>
  <absaspan id=6 senti=1>
    <w>lägre</w>
    <w>löner</w>
    <w>och</w>
    <w>sämre</w>
    <w>arbetsvillkor</w>
    <w>leder</w>
    <w>till</w>
    <w>exploatering</w>
    <w>,</w>
    <w>förtryck</w>
    <w>och</w>
    <w>ofrihet</w>
  </absaspan>
  <w>.</w>
</absapar>
<absapar id=3 senti=4>
  <w>Även</w>
  <w>om</w>
  <absaspan id=7>
    <w>vi</w>
  </absaspan>
  <absaspan id=8>
    <w>i</w>
  </absaspan>
  <absaspan id=9>
    <w>Sverige</w>
  </absaspan>
  <absaspan id=10 senti=4>
    <w>har</w>
    <w>kommit</w>
    <w>långt</w>
  </absaspan>
  <w>i</w>
  <w>jämförelse</w>
  <w>med</w>
  <w>andra</w>
  <w>delar</w>
  <w>av</w>
  <w>världen</w>
  <w>så</w>
  <absaspan id=11 senti=2>
    <w>finns</w>
    <w>missförhållanden</w>
  </absaspan>
  <w>också</w>
  <absaspan id=12>
    <w>här</w>
  </absaspan>
  <w>.</w>
  <w>I</w>
  <w>Sverige</w>
  <w>finns</w>
  <w>papperslösa</w>
  <w>som</w>
  <absaspan id=13 senti=1>
    <w>brutalt</w>
    <w>utnyttjas</w>
  </absaspan>
  <w>av</w>
  <absaspan id=14>
    <w>arbetsgivare</w>
  </absaspan>
  <w>och</w>
  <absaspan id=15 senti=2>
    <w>inte</w>
    <w>skyddas</w>
  </absaspan>
  <w>av</w>
  <w>några</w>
  <w>lagar</w>
  <w>eller</w>
  <w>avtal</w>
  <w>.</w>
  <w>Vi</w>
  <w>ger</w>
  <w>i</w>
  <w>dag</w>
  <w>fackligt</w>
  <w>stöd</w>
  <w>till</w>
  <w>papperslösa</w>
  <w>även</w>
  <w>om</w>
  <w>de</w>
  <w>inte</w>
  <w>alltid</w>
  <w>har</w>
  <w>förutsättningar</w>
  <w>att</w>
  <w>bli</w>
  <w>medlemmar</w>
  <w>.</w>
  <w>Vi</w>
  <w>försöker</w>
  <w>också</w>
  <w>att</w>
  <w>påverka</w>
  <w>regelverket</w>
  <w>så</w>
  <w>att</w>
  <w>det</w>
  <w>inte</w>
  <w>ska</w>
  <w>vara</w>
  <w>kriminellt</w>
  <w>att</w>
  <w>vara</w>
  <w>papperslös</w>
  <w>.</w>
</absapar>
<absapar id=4>
  <absaspan id=16>
    <w>Regeringen</w>
  </absaspan>
  <absaspan id=17 senti=1>
    <w>har</w>
    <w>kraftigt</w>
    <w>urholkat</w>
    <w>resurserna</w>
    <w>för</w>
    <w>en</w>
    <w>god</w>
    <w>arbetsmiljö</w>
  </absaspan>
  <w>.</w>
  <w>Det</w>
  <w>har</w>
  <w>resulterat</w>
  <w>i</w>
  <w>att</w>
  <w>företag</w>
  <w>inte</w>
  <w>inspekteras</w>
  <w>oftare</w>
  <w>än</w>
  <w>vart</w>
  <w>tjugonde</w>
  <w>år</w>
  <w>,</w>
  <w>vilket</w>
  <w>innebär</w>
  <w>att</w>
  <w>Sverige</w>
  <w>inte</w>
  <w>längre</w>
  <w>uppfyller</w>
  <w>ILOs</w>
  <w>rekommendationer</w>
  <absaspan id=18 senti=2>
    <w>.</w>
  </absaspan>
  <w>Detta</w>
  <w>i</w>
  <w>en</w>
  <w>situation</w>
  <w>där</w>
  <w>antalet</w>
  <w>dödsolyckor</w>
  <w>i</w>
  <w>arbetslivet</w>
  <w>ökat</w>
  <w>.</w>
  <w>Även</w>
  <absaspan id=19 senti=2>
    <w>den</w>
    <w>sociala</w>
    <w>tryggheten</w>
    <w>har</w>
    <w>försämrats</w>
  </absaspan>
  <w>av</w>
  <absaspan id=20>
    <w>regeringen</w>
  </absaspan>
  <w>.</w>
  <absaspan id=21 senti=2>
    <w>Försämringen</w>
  </absaspan>
  <absaspan id=22>
    <w>av</w>
    <w>a-kassan</w>
  </absaspan>
  <absaspan id=23 senti=2>
    <w>drabbar</w>
    <w>alla</w>
  </absaspan>
  <w>.</w>
  <absaspan id=24 senti=1>
    <w>Allra</w>
    <w>hårdast</w>
    <w>slår</w>
  </absaspan>
  <absaspan id=25 senti=1>
    <w>det</w>
  </absaspan>
  <absaspan id=26 senti=1>
    <w>givetvis</w>
    <w>mot</w>
    <w>de</w>
    <w>arbetslösa</w>
  </absaspan>
  <w>,</w>
  <w>i</w>
  <w>ett</w>
  <w>läge</w>
  <w>då</w>
  <w>arbetslösheten</w>
  <w>nu</w>
  <w>åter</w>
  <w>börjar</w>
  <w>öka</w>
  <w>.</w>
  <absaspan id=27>
    <w>Förändringarna</w>
    <w>av</w>
    <w>sjukförsäkringen</w>
  </absaspan>
  <w>,</w>
  <w>med</w>
  <w>bl.a</w>
  <w>.</w>
  <w>sänkt</w>
  <w>ersättning</w>
  <w>till</w>
  <w>långtidssjukskrivna</w>
  <w>,</w>
  <w>innebär</w>
  <w>att</w>
  <w>tiotusentals</w>
  <w>riskerar</w>
  <w>att</w>
  <w>förlora</w>
  <w>sin</w>
  <w>anställning</w>
  <w>efter</w>
  <w>ett</w>
  <w>halvårs</w>
  <w>sjukdom</w>
  <w>,</w>
  <w>vilket</w>
  <w>i</w>
  <w>praktiken</w>
  <w>innebär</w>
  <w>att</w>
  <w>man</w>
  <w>kringgår</w>
  <w>lagen</w>
  <w>om</w>
  <w>anställningsskydd</w>
  <absaspan id=28 senti=1>
    <w>.</w>
  </absaspan>
</absapar>
<absapar id=5>
  <w>Arbetsmarknaden</w>
  <w>är</w>
  <w>i</w>
  <w>dag</w>
  <w>gränslös</w>
  <w>.</w>
  <w>EG-domstolens</w>
  <w>utslag</w>
  <w>i</w>
  <w>Lavalmålet</w>
  <w>innebär</w>
  <w>att</w>
  <w>vi</w>
  <w>inte</w>
  <w>längre</w>
  <w>har</w>
  <w>full</w>
  <w>rätt</w>
  <w>att</w>
  <w>kräva</w>
  <w>att</w>
  <w>utländska</w>
  <w>företag</w>
  <w>respekterar</w>
  <w>våra</w>
  <w>kollektivavtal</w>
  <absaspan id=29 senti=2>
    <w>.</w>
  </absaspan>
  <w>Vi</w>
  <w>kräver</w>
  <w>likabehandling</w>
  <w>av</w>
  <w>alla</w>
  <w>anställda</w>
  <w>och</w>
  <absaspan id=30>
    <w>en</w>
  </absaspan>
  <absaspan id=31 senti=4>
    <w>sund</w>
  </absaspan>
  <absaspan id=32>
    <w>konkurrens</w>
  </absaspan>
  <w>som</w>
  <absaspan id=33 senti=4>
    <w>bygger</w>
    <w>på</w>
    <w>bra</w>
    <w>arbetsförhållanden</w>
    <w>och</w>
    <w>kompetens</w>
  </absaspan>
  <w>,</w>
  <w>inte</w>
  <w>på</w>
  <w>vem</w>
  <w>som</w>
  <w>bjuder</w>
  <w>de</w>
  <w>lägsta</w>
  <w>lönerna</w>
  <w>eller</w>
  <w>de</w>
  <absaspan id=34 senti=1>
    <w>sämsta</w>
  </absaspan>
  <absaspan id=35>
    <w>arbetsvillkoren</w>
  </absaspan>
  <w>.</w>
</absapar>
<absapar id=6>
  <w>Arbetsmarknaden</w>
  <w>är</w>
  <w>global</w>
  <w>och</w>
  <w>vi</w>
  <w>behöver</w>
  <w>globala</w>
  <w>minimiregler</w>
  <w>.</w>
  <absaspan id=36>
    <w>Den</w>
    <w>svenska</w>
    <w>regeringen</w>
  </absaspan>
  <w>måste</w>
  <w>ge</w>
  <w>upp</w>
  <w>sitt</w>
  <absaspan id=37 senti=2>
    <w>motstånd</w>
    <w>mot</w>
  </absaspan>
  <absaspan id=38>
    <w>en</w>
    <w>svensk</w>
    <w>ratificering</w>
    <w>av</w>
    <w>ILOs</w>
    <w>konvention</w>
    <w>94</w>
  </absaspan>
  <w>,</w>
  <w>som</w>
  <w>handlar</w>
  <w>om</w>
  <w>att</w>
  <w>motverka</w>
  <w>social</w>
  <w>dumpning</w>
  <w>i</w>
  <w>samband</w>
  <w>med</w>
  <w>offentlig</w>
  <w>upphandling</w>
  <w>.</w>
</absapar>
<absapar id=7>
  <w>Decent</w>
  <w>Work</w>
  <w>Day</w>
  <w>handlar</w>
  <w>om</w>
  <w>hur</w>
  <w>visionen</w>
  <w>om</w>
  <w>allas</w>
  <w>rätt</w>
  <w>till</w>
  <absaspan id=39>
    <w>ett</w>
    <w>arbete</w>
  </absaspan>
  <w>som</w>
  <absaspan id=40 senti=4>
    <w>garanterar</w>
    <w>grundläggande</w>
    <w>rättigheter</w>
    <w>och</w>
    <w>anständiga</w>
    <w>villkor</w>
  </absaspan>
  <w>ska</w>
  <w>förverkligas</w>
  <w>.</w>
</absapar>
<absapar id=8>
  <w>Wanja</w>
  <w>Lundby-Wedin</w>
  <w>,</w>
  <w>Ordförande</w>
  <w>LO</w>
  <w>,</w>
  <w>Ulla</w>
  <w>Lindqvist</w>
  <w>,</w>
  <w>Vice</w>
  <w>ordförande</w>
  <w>,</w>
  <w>Per</w>
  <w>Bardh</w>
  <w>,</w>
  <w>vice</w>
  <w>ordförande</w>
  <w>och</w>
  <w>avtalssekreterare</w>
  <w>LO</w>
  <w>.</w>
</absapar>
</absadoc>
