<absadoc annotators=1 senti=1>
<absatitle>
  <w>PK</w>
  <w>media</w>
  <w>vs</w>
  <w>Verkligheten</w>
  <w>.</w>
</absatitle>
<absapar id=1 senti=1>
  <w>Varför</w>
  <w>kan</w>
  <w>man</w>
  <w>inte</w>
  <w>läsa</w>
  <w>i</w>
  <w>Kvällspressen</w>
  <w>eller</w>
  <w>i</w>
  <w>normal</w>
  <w>PK</w>
  <w>media</w>
  <w>hur</w>
  <w>det</w>
  <w>verkligen</w>
  <w>ligger</w>
  <w>till</w>
  <w>med</w>
  <absaspan id=1 senti=1>
    <w>nysvensk-Importen</w>
  </absaspan>
  <w>?</w>
  <w>Varför</w>
  <w>skrivs</w>
  <w>det</w>
  <w>aldrig</w>
  <w>om</w>
  <absaspan id=2 senti=1>
    <w>våldtäkter</w>
  </absaspan>
  <w>,</w>
  <absaspan id=3 senti=1>
    <w>ålderdomsrån</w>
  </absaspan>
  <w>,</w>
  <w>fria</w>
  <w>bostäder</w>
  <w>,</w>
  <w>fria</w>
  <w>lägenheter</w>
  <w>-</w>
  <w>förtur</w>
  <w>till</w>
  <absaspan id=4 senti=1>
    <w>ta</w>
    <w>mig</w>
    <w>fan</w>
  </absaspan>
  <w>allt</w>
  <w>.</w>
  <w>I</w>
  <w>KLARTEXT</w>
  <w>!</w>
  <w>Frågan</w>
  <w>är</w>
  <w>om</w>
  <w>gemene</w>
  <w>svensk</w>
  <w>får</w>
  <w>ta</w>
  <w>del</w>
  <w>av</w>
  <w>detta</w>
  <w>-</w>
  <w>verkligheten</w>
  <w>?</w>
  <w>Det</w>
  <w>finns</w>
  <w>ju</w>
  <w>sidor</w>
  <w>som</w>
  <w>.</w>
</absapar>
<absapar id=2>
  <w>och</w>
  <w>.</w>
</absapar>
<absapar id=3>
  <w>.</w>
  <w>-</w>
  <w>men</w>
  <w>hur</w>
  <w>når</w>
  <w>dessa</w>
  <w>nyheter</w>
  <w>ut</w>
  <w>till</w>
  <w>de</w>
  <w>som</w>
  <w>tror</w>
  <w>på</w>
  <w>att</w>
  <w>allt</w>
  <w>som</w>
  <absaspan id=5 senti=2>
    <w>PK-Löfven</w>
  </absaspan>
  <w>säger</w>
  <w>?</w>
  <w>.</w>
</absapar>
<absapar id=4 senti=1>
  <w>Om</w>
  <w>Svenska</w>
  <w>folket</w>
  <w>skulle</w>
  <w>få</w>
  <w>läsa</w>
  <w>och</w>
  <w>veta</w>
  <w>vars</w>
  <w>man</w>
  <w>ska</w>
  <w>läsa</w>
  <w>om</w>
  <w>dessa</w>
  <absaspan id=6 senti=1>
    <w>övergrepp</w>
  </absaspan>
  <w>som</w>
  <absaspan id=7>
    <w>skes</w>
    <w>I</w>
    <w>LANDET</w>
  </absaspan>
  <w>så</w>
  <w>tror</w>
  <w>jag</w>
  <w>att</w>
  <w>det</w>
  <w>skulle</w>
  <w>bli</w>
  <w>andra</w>
  <w>bullar</w>
  <w>.</w>
</absapar>
<absapar id=5>
  <w>Borde</w>
  <w>inte</w>
  <w>.</w>
</absapar>
<absapar id=6>
  <w>fälla</w>
  <w>ner</w>
  <absaspan id=8 senti=1>
    <w>pungen</w>
  </absaspan>
  <w>och</w>
  <w>verkligen</w>
  <w>skildra</w>
  <w>.</w>
</absapar>
<absapar id=7>
  <w>#</w>
  <w>P</w>
  <w>IMM</w>
  <w>.</w>
  <w>?</w>
  <w>.</w>
</absapar>
</absadoc>
