<absadoc annotators=1 senti=>
<absatitle>
  <w>Regeringen</w>
  <w>måste</w>
  <w>stoppa</w>
  <absaspan id=1 senti=2 target=1>
    <w>bärkaoset</w>
  </absaspan>
  <w>.</w>
</absatitle>
<absapar id=1>
  <w>Återigen</w>
  <w>står</w>
  <w>utländska</w>
  <w>bärplockare</w>
  <w>i</w>
  <w>fokus</w>
  <w>.</w>
  <w>Nu</w>
  <w>är</w>
  <w>det</w>
  <w>främst</w>
  <w>Bulgariska</w>
  <w>plockare</w>
  <w>som</w>
  <w>råkat</w>
  <w>illa</w>
  <w>ut</w>
  <w>.</w>
  <w>Tidigare</w>
  <w>år</w>
  <w>har</w>
  <w>de</w>
  <w>drabbade</w>
  <w>varit</w>
  <w>från</w>
  <w>länder</w>
  <w>utanför</w>
  <w>Europa</w>
  <w>som</w>
  <w>Thailand</w>
  <w>,</w>
  <w>Kina</w>
  <w>och</w>
  <w>Bangladesh</w>
  <w>.</w>
  <w>De</w>
  <w>senaste</w>
  <w>tio</w>
  <w>åren</w>
  <w>har</w>
  <w>ansvarig</w>
  <w>minister</w>
  <w>blir</w>
  <w>varje</w>
  <w>höst</w>
  <w>kallad</w>
  <w>till</w>
  <w>riksdagen</w>
  <w>för</w>
  <w>att</w>
  <w>förklara</w>
  <w>vad</w>
  <w>regeringen</w>
  <w>tänker</w>
  <w>göra</w>
  <w>åt</w>
  <absaspan id=2 senti=2>
    <w>missförhållanden</w>
  </absaspan>
  <w>och</w>
  <absaspan id=3 senti=2>
    <w>dåliga</w>
  </absaspan>
  <absaspan id=4>
    <w>arbetsvillkor</w>
  </absaspan>
  <w>i</w>
  <w>de</w>
  <w>svenska</w>
  <w>bärskogarna</w>
  <w>.</w>
  <w>Trots</w>
  <w>denna</w>
  <w>tradition</w>
  <w>händer</w>
  <w>inget</w>
  <w>.</w>
  <w>Nu</w>
  <w>måste</w>
  <w>regeringen</w>
  <w>ta</w>
  <w>sitt</w>
  <w>ansvar</w>
  <w>för</w>
  <w>det</w>
  <w>är</w>
  <w>uppenbart</w>
  <w>att</w>
  <w>bärbranschen</w>
  <w>på</w>
  <w>egen</w>
  <w>hand</w>
  <w>inte</w>
  <w>kan</w>
  <w>lösa</w>
  <w>det</w>
  <absaspan id=5 senti=2>
    <w>lurendrejeri</w>
  </absaspan>
  <w>som</w>
  <w>pågår</w>
  <w>.</w>
</absapar>
<absapar id=2>
  <w>Bärplockarnas</w>
  <w>utsatthet</w>
  <w>är</w>
  <w>på</w>
  <w>inget</w>
  <w>sätt</w>
  <w>ett</w>
  <w>unikt</w>
  <w>fenomen</w>
  <w>.</w>
  <w>Utländsk</w>
  <w>arbetskraft</w>
  <absaspan id=6 senti=2>
    <w>har</w>
    <w>reducerats</w>
    <w>till</w>
    <w>en</w>
    <w>billig</w>
    <w>handelsvara</w>
  </absaspan>
  <w>.</w>
  <w>Vi</w>
  <w>ser</w>
  <w>det</w>
  <w>på</w>
  <w>byggen</w>
  <w>,</w>
  <w>inom</w>
  <w>städbranschen</w>
  <w>,</w>
  <w>i</w>
  <w>lastbilshytter</w>
  <w>och</w>
  <w>i</w>
  <w>restaurangköken</w>
  <w>.</w>
  <w>Så</w>
  <w>ser</w>
  <w>det</w>
  <w>ut</w>
  <w>inom</w>
  <w>allt</w>
  <w>flera</w>
  <w>yrken</w>
  <w>.</w>
</absapar>
<absapar id=3>
  <w>Sverige</w>
  <w>har</w>
  <w>valt</w>
  <w>att</w>
  <w>arbetsvillkor</w>
  <w>och</w>
  <w>löner</w>
  <w>ska</w>
  <w>regleras</w>
  <w>av</w>
  <w>arbetsmarknadens</w>
  <w>parter</w>
  <w>.</w>
  <w>Fackförbundet</w>
  <w>Kommunal</w>
  <w>finns</w>
  <w>där</w>
  <w>för</w>
  <w>arbetstagarna</w>
  <w>,</w>
  <w>tecknar</w>
  <w>kollektivavtal</w>
  <w>och</w>
  <w>värvar</w>
  <w>medlemmar</w>
  <w>.</w>
  <w>Men</w>
  <w>med</w>
  <w>ökad</w>
  <w>internationalisering</w>
  <w>och</w>
  <w>fler</w>
  <w>utländska</w>
  <w>aktörer</w>
  <w>i</w>
  <w>Sverige</w>
  <w>krävs</w>
  <w>att</w>
  <w>regelverken</w>
  <w>som</w>
  <w>omger</w>
  <w>kollektivavtalen</w>
  <w>stärks</w>
  <w>.</w>
</absapar>
<absapar id=4>
  <w>LO</w>
  <w>ser</w>
  <w>tre</w>
  <w>områden</w>
  <w>där</w>
  <w>det</w>
  <w>krävs</w>
  <w>omedelbara</w>
  <w>åtgärder</w>
  <w>.</w>
  <w>Det</w>
  <w>går</w>
  <w>att</w>
  <w>ordna</w>
  <w>då</w>
  <w>det</w>
  <w>handlar</w>
  <w>om</w>
  <w>Sveriges</w>
  <w>nationella</w>
  <w>reglering</w>
  <w>.</w>
</absapar>
<absapar id=5>
  <w>Det</w>
  <w>första</w>
  <w>området</w>
  <w>är</w>
  <w>att</w>
  <w>reglera</w>
  <w>EUs</w>
  <w>fria</w>
  <w>rörlighet</w>
  <w>till</w>
  <w>arbetstagarnas</w>
  <w>förmån</w>
  <w>.</w>
  <w>Nuvarande</w>
  <w>regler</w>
  <w>gör</w>
  <w>det</w>
  <w>möjligt</w>
  <w>för</w>
  <w>arbetsgivare</w>
  <w>att</w>
  <w>spela</w>
  <w>ut</w>
  <w>arbetstagare</w>
  <w>mot</w>
  <w>varandra</w>
  <w>.</w>
  <w>Den</w>
  <w>arbetare</w>
  <w>som</w>
  <w>accepterar</w>
  <w>lägst</w>
  <w>lön</w>
  <w>får</w>
  <w>arbetet</w>
  <w>.</w>
  <w>Det</w>
  <w>har</w>
  <w>lett</w>
  <w>till</w>
  <w>en</w>
  <w>enorm</w>
  <w>press</w>
  <w>på</w>
  <w>priset</w>
  <w>på</w>
  <w>arbetet</w>
  <w>inom</w>
  <w>vissa</w>
  <w>branscher</w>
  <w>.</w>
  <w>Enligt</w>
  <w>LO</w>
  <w>måste</w>
  <w>den</w>
  <w>fria</w>
  <w>rörligheten</w>
  <absaspan id=7 senti=2>
    <w>bli</w>
    <w>fri</w>
    <w>från</w>
  </absaspan>
  <absaspan id=8 senti=2>
    <w>tvångsarbete</w>
  </absaspan>
  <absaspan id=9>
    <w>och</w>
  </absaspan>
  <absaspan id=10 senti=2>
    <w>undermåliga</w>
  </absaspan>
  <absaspan id=11>
    <w>arbetsvillkor</w>
  </absaspan>
  <w>.</w>
  <w>Vår</w>
  <w>utgångspunkt</w>
  <w>är</w>
  <w>att</w>
  <w>göra</w>
  <w>det</w>
  <w>tryggare</w>
  <w>–</w>
  <w>inte</w>
  <w>svårare</w>
  <w>-</w>
  <w>för</w>
  <w>arbetstagare</w>
  <w>ett</w>
  <w>röra</w>
  <w>sig</w>
  <w>över</w>
  <w>Europas</w>
  <w>gränser</w>
  <w>.</w>
  <w>Arbetsvillkoren</w>
  <w>hos</w>
  <w>utländska</w>
  <w>företag</w>
  <w>på</w>
  <w>tillfälligt</w>
  <w>besök</w>
  <w>i</w>
  <w>Sverige</w>
  <w>måste</w>
  <w>vara</w>
  <w>transparenta</w>
  <w>.</w>
  <w>LO</w>
  <w>anser</w>
  <w>att</w>
  <w>en</w>
  <w>lag</w>
  <w>ska</w>
  <w>införas</w>
  <w>som</w>
  <w>gör</w>
  <w>det</w>
  <w>tvingande</w>
  <w>för</w>
  <w>utländska</w>
  <w>företag</w>
  <w>att</w>
  <w>hos</w>
  <w>svensk</w>
  <w>myndighet</w>
  <w>registrera</w>
  <w>arbets</w>
  <w>-</w>
  <w>och</w>
  <w>anställningsvillkor</w>
  <w>.</w>
  <absaspan id=12>
    <w>Den</w>
    <w>nu</w>
    <w>gällande</w>
    <w>bevisregeln</w>
  </absaspan>
  <w>,</w>
  <w>där</w>
  <w>det</w>
  <w>åligger</w>
  <w>svensk</w>
  <w>fackförening</w>
  <w>att</w>
  <w>bevisa</w>
  <w>att</w>
  <w>anställningsvillkoren</w>
  <w>är</w>
  <w>sämre</w>
  <w>än</w>
  <w>vad</w>
  <w>svenskt</w>
  <w>kollektivavtal</w>
  <w>ger</w>
  <w>,</w>
  <absaspan id=13 senti=2>
    <w>är</w>
    <w>orimlig</w>
  </absaspan>
  <w>.</w>
  <w>Vi</w>
  <w>anser</w>
  <w>att</w>
  <w>arbetsgivaren</w>
  <w>ska</w>
  <w>vara</w>
  <w>skyldig</w>
  <w>att</w>
  <w>tillhandahålla</w>
  <w>lönelistor</w>
  <w>,</w>
  <w>arbetstidslistor</w>
  <w>och</w>
  <w>annan</w>
  <w>information</w>
  <w>som</w>
  <w>är</w>
  <w>nödvändig</w>
  <w>för</w>
  <w>att</w>
  <w>bedöma</w>
  <w>de</w>
  <w>anställnings</w>
  <w>-</w>
  <w>och</w>
  <w>arbetsvillkor</w>
  <w>som</w>
  <w>tillämpas</w>
  <w>.</w>
</absapar>
<absapar id=6>
  <w>Det</w>
  <w>andra</w>
  <w>området</w>
  <w>som</w>
  <absaspan id=14 senti=2>
    <w>måste</w>
    <w>åtgärdas</w>
  </absaspan>
  <w>är</w>
  <absaspan id=15>
    <w>arbetstillståndssystemet</w>
  </absaspan>
  <w>.</w>
  <absaspan id=16>
    <w>Samtidigt</w>
  </absaspan>
  <absaspan id=17>
    <w>som</w>
    <w>hundratals</w>
    <w>Bulgarer</w>
    <w>nu</w>
    <w>bussas</w>
    <w>hem</w>
    <w>igen</w>
    <w>flygs</w>
    <w>6</w>
    <w>000</w>
    <w>thailändare</w>
    <w>till</w>
    <w>Sverige</w>
    <w>för</w>
    <w>att</w>
    <w>plocka</w>
    <w>bär</w>
  </absaspan>
  <w>.</w>
  <absaspan id=18>
    <w>Det</w>
  </absaspan>
  <absaspan id=19 senti=1>
    <w>är</w>
    <w>helt</w>
    <w>obegripligt</w>
  </absaspan>
  <w>.</w>
  <w>Det</w>
  <w>är</w>
  <w>mer</w>
  <w>än</w>
  <w>en</w>
  <w>fördubbling</w>
  <w>av</w>
  <w>antalet</w>
  <w>arbetstillstånd</w>
  <w>jämfört</w>
  <w>med</w>
  <w>förra</w>
  <w>året</w>
  <w>.</w>
  <w>Mycket</w>
  <w>tyder</w>
  <w>på</w>
  <w>att</w>
  <w>det</w>
  <w>är</w>
  <w>fler</w>
  <w>än</w>
  <w>vad</w>
  <w>det</w>
  <w>finns</w>
  <w>avsättning</w>
  <w>för</w>
  <w>.</w>
  <w>Regeringen</w>
  <w>tog</w>
  <w>år</w>
  <w>2008</w>
  <w>bort</w>
  <w>myndigheters</w>
  <w>rätt</w>
  <w>att</w>
  <w>begränsa</w>
  <w>antalet</w>
  <w>arbetstillstånd</w>
  <w>i</w>
  <w>branscher</w>
  <w>med</w>
  <w>litet</w>
  <w>arbetskraftsbehov</w>
  <w>.</w>
  <w>LO</w>
  <w>anser</w>
  <w>att</w>
  <w>arbetsmarknadsprövningen</w>
  <w>ska</w>
  <w>återinföras</w>
  <w>så</w>
  <w>att</w>
  <w>det</w>
  <w>finns</w>
  <w>en</w>
  <w>koppling</w>
  <w>mellan</w>
  <w>antalet</w>
  <w>beviljade</w>
  <w>arbetstillstånd</w>
  <w>och</w>
  <w>behovet</w>
  <w>av</w>
  <w>arbetskraft</w>
  <w>.</w>
</absapar>
<absapar id=7>
  <w>Det</w>
  <w>tredje</w>
  <w>området</w>
  <w>som</w>
  <w>kräver</w>
  <w>förändring</w>
  <w>är</w>
  <w>i</w>
  <w>själva</w>
  <w>bärbranschen</w>
  <w>.</w>
  <w>Till</w>
  <w>viss</w>
  <w>del</w>
  <absaspan id=20 senti=2>
    <w>är</w>
  </absaspan>
  <absaspan id=21>
    <w>branschen</w>
  </absaspan>
  <absaspan id=22 senti=2>
    <w>oseriös</w>
  </absaspan>
  <w>och</w>
  <absaspan id=23 senti=2>
    <w>utnyttjar</w>
  </absaspan>
  <w>arbetskraften</w>
  <w>.</w>
  <w>Men</w>
  <w>inte</w>
  <w>alla</w>
  <w>,</w>
  <absaspan id=24>
    <w>de</w>
  </absaspan>
  <absaspan id=25 senti=4>
    <w>seriösa</w>
  </absaspan>
  <absaspan id=26>
    <w>företagen</w>
  </absaspan>
  <absaspan id=27>
    <w>som</w>
    <w>sköter</w>
    <w>sina</w>
    <w>åtaganden</w>
  </absaspan>
  <absaspan id=28 senti=4>
    <w>bör</w>
    <w>värnas</w>
  </absaspan>
  <w>.</w>
  <w>Ett</w>
  <w>grunduppdrag</w>
  <w>för</w>
  <w>näringspolitiken</w>
  <w>är</w>
  <w>att</w>
  <w>upprätthålla</w>
  <w>gemensamma</w>
  <w>spelregler</w>
  <w>.</w>
  <w>Alla</w>
  <w>företag</w>
  <w>som</w>
  <w>hanterar</w>
  <w>,</w>
  <w>köper</w>
  <w>och</w>
  <w>säljer</w>
  <w>bär</w>
  <w>ska</w>
  <w>avkrävas</w>
  <w>obligatorisk</w>
  <w>registrering</w>
  <w>.</w>
  <w>Varje</w>
  <w>parti</w>
  <w>bär</w>
  <w>ska</w>
  <w>vara</w>
  <w>fullt</w>
  <w>spårbar</w>
  <w>bakåt</w>
  <w>.</w>
  <w>Det</w>
  <w>ska</w>
  <w>vara</w>
  <w>möjligt</w>
  <w>att</w>
  <w>se</w>
  <w>vem</w>
  <w>som</w>
  <w>plockat</w>
  <w>bären</w>
  <w>och</w>
  <w>till</w>
  <w>vilka</w>
  <w>villkor</w>
  <w>.</w>
  <w>Det</w>
  <w>krävs</w>
  <w>också</w>
  <w>att</w>
  <w>företagen</w>
  <w>tar</w>
  <w>ett</w>
  <absaspan id=29 senti=4>
    <w>solidariskt</w>
  </absaspan>
  <absaspan id=30>
    <w>ansvar</w>
  </absaspan>
  <w>även</w>
  <w>för</w>
  <w>de</w>
  <w>”</w>
  <w>underentreprenörer</w>
  <w>”</w>
  <w>som</w>
  <w>anlitas</w>
  <w>.</w>
</absapar>
<absapar id=8>
  <w>Det</w>
  <w>finns</w>
  <w>lösningar</w>
  <w>på</w>
  <w>denna</w>
  <w>sommarlovsföljetong</w>
  <w>.</w>
  <w>Det</w>
  <absaspan id=31 senti=2>
    <w>är</w>
    <w>inte</w>
    <w>rimligt</w>
  </absaspan>
  <absaspan id=32>
    <w>att</w>
    <w>arbetstagare</w>
    <w>ska</w>
    <w>utnyttjas</w>
    <w>och</w>
    <w>behandlas</w>
    <w>som</w>
    <w>slavar</w>
    <w>i</w>
    <w>den</w>
    <w>svenska</w>
    <w>bärskogen</w>
  </absaspan>
  <w>.</w>
  <w>Det</w>
  <w>handlar</w>
  <w>såväl</w>
  <w>om</w>
  <w>att</w>
  <w>arbetare</w>
  <w>utnyttjas</w>
  <w>som</w>
  <w>att</w>
  <absaspan id=33 senti=2>
    <w>skrupelfria</w>
  </absaspan>
  <absaspan id=34>
    <w>arbetsgivare</w>
  </absaspan>
  <absaspan id=35 senti=2>
    <w>skor</w>
    <w>sig</w>
  </absaspan>
  <w>och</w>
  <w>att</w>
  <w>kommuner</w>
  <w>och</w>
  <w>småorter</w>
  <w>utnyttjas</w>
  <w>.</w>
  <w>Det</w>
  <w>krävs</w>
  <w>en</w>
  <w>handlingskraftig</w>
  <w>regering</w>
  <w>,</w>
  <w>sen</w>
  <w>kan</w>
  <w>strandsatta</w>
  <w>,</w>
  <w>lurade</w>
  <w>och</w>
  <w>utnyttjade</w>
  <w>arbetstagare</w>
  <w>vara</w>
  <w>blott</w>
  <w>ett</w>
  <w>minne</w>
  <w>.</w>
</absapar>
<absapar id=9>
  <w>Torbjörn</w>
  <w>Johansson</w>
  <w>.</w>
</absapar>
<absapar id=10>
  <w>Thord</w>
  <w>Ingesson</w>
  <w>.</w>
</absapar>
<absapar id=11>
  <w>FAKTA</w>
  <w>.</w>
</absapar>
</absadoc>
