<absadoc annotators=1 senti=2>
<absatitle>
  <w>Är</w>
  <w>våra</w>
  <w>invandrare</w>
  <w>egentligen</w>
  <w>lyckliga</w>
  <w>?</w>
</absatitle>
<absapar id=1>
  <w>Igår</w>
  <w>kväll</w>
  <w>när</w>
  <w>jag</w>
  <w>kollade</w>
  <w>på</w>
  <w>Paris-Dakar</w>
  <w>,</w>
  <w>så</w>
  <w>syntes</w>
  <w>en</w>
  <w>och</w>
  <w>annan</w>
  <w>glad</w>
  <w>kamelryttare</w>
  <w>i</w>
  <w>bild</w>
  <w>.</w>
  <w>De</w>
  <w>bor</w>
  <w>troligen</w>
  <w>i</w>
  <w>någon</w>
  <w>av</w>
  <w>de</w>
  <w>hundratals</w>
  <w>småbyar</w>
  <w>som</w>
  <w>finns</w>
  <w>mitt</w>
  <w>ute</w>
  <w>i</w>
  <w>den</w>
  <w>torra</w>
  <w>öknen</w>
  <w>.</w>
</absapar>
<absapar id=2>
  <w>Jag</w>
  <w>började</w>
  <w>fundera</w>
  <w>över</w>
  <w>vad</w>
  <w>som</w>
  <w>gör</w>
  <w>människor</w>
  <w>lyckliga</w>
  <w>.</w>
  <w>Det</w>
  <w>är</w>
  <w>ju</w>
  <w>inte</w>
  <w>så</w>
  <w>att</w>
  <w>välfärd</w>
  <w>automatiskt</w>
  <w>ger</w>
  <w>lyckligt</w>
  <w>liv</w>
  <w>.</w>
  <w>Det</w>
  <w>vet</w>
  <w>väl</w>
  <w>alla</w>
  <w>att</w>
  <w>man</w>
  <w>kan</w>
  <w>må</w>
  <w>bättre</w>
  <w>i</w>
  <w>en</w>
  <w>gammal</w>
  <w>kåk</w>
  <w>på</w>
  <w>landet</w>
  <w>än</w>
  <w>en</w>
  <w>nyproducerad</w>
  <w>och</w>
  <w>fräsch</w>
  <w>lägenhet</w>
  <w>i</w>
  <w>förorten</w>
  <w>.</w>
  <w>Likaså</w>
  <w>är</w>
  <w>det</w>
  <absaspan id=1 senti=2>
    <w>omöjligt</w>
    <w>att</w>
    <w>trivas</w>
    <w>på</w>
  </absaspan>
  <absaspan id=2>
    <w>jobbet</w>
  </absaspan>
  <w>endast</w>
  <w>pga</w>
  <w>att</w>
  <w>man</w>
  <w>har</w>
  <w>en</w>
  <w>bra</w>
  <w>lön</w>
  <w>.</w>
  <w>Alltså</w>
  <w>,</w>
  <w>pengar</w>
  <w>är</w>
  <w>inte</w>
  <w>allt</w>
  <w>här</w>
  <w>i</w>
  <w>livet</w>
  <w>.</w>
</absapar>
<absapar id=3 senti=2>
  <w>Nu</w>
  <w>släpper</w>
  <w>vi</w>
  <w>in</w>
  <w>tiotusentals</w>
  <w>invandrare</w>
  <w>varje</w>
  <w>år</w>
  <w>och</w>
  <w>de</w>
  <w>flesta</w>
  <w>hamnar</w>
  <w>i</w>
  <w>något</w>
  <absaspan id=3 senti=2>
    <w>förortsgetto</w>
  </absaspan>
  <w>,</w>
  <w>där</w>
  <w>sociala</w>
  <w>fixar</w>
  <w>pengar</w>
  <w>till</w>
  <w>mat</w>
  <w>och</w>
  <w>hyra</w>
  <w>mm</w>
  <w>.</w>
  <w>Många</w>
  <w>av</w>
  <w>dessa</w>
  <absaspan id=4 senti=2>
    <w>sitter</w>
    <w>fast</w>
    <w>och</w>
    <w>kan</w>
    <w>inte</w>
    <w>ta</w>
    <w>sig</w>
    <w>därifrån</w>
  </absaspan>
  <w>.</w>
  <w>Det</w>
  <w>enda</w>
  <w>nöjet</w>
  <w>dom</w>
  <w>har</w>
  <w>är</w>
  <w>att</w>
  <w>titta</w>
  <w>på</w>
  <absaspan id=5 senti=2>
    <w>turkkanaler</w>
  </absaspan>
  <w>från</w>
  <w>den</w>
  <absaspan id=6 senti=2>
    <w>bristfälligt</w>
  </absaspan>
  <absaspan id=7>
    <w>monterade</w>
    <w>parabolen</w>
  </absaspan>
  <w>,</w>
  <w>samtidigt</w>
  <w>som</w>
  <absaspan id=8>
    <w>ungarnas</w>
  </absaspan>
  <absaspan id=9 senti=1>
    <w>enda</w>
    <w>nöje</w>
    <w>är</w>
    <w>att</w>
    <w>råna</w>
    <w>svennar</w>
  </absaspan>
  <w>på</w>
  <w>mobiler</w>
  <w>mm</w>
  <w>.</w>
  <w>OK</w>
  <w>,</w>
  <w>lite</w>
  <w>generalisering</w>
  <w>av</w>
  <w>mig</w>
  <w>,</w>
  <w>men</w>
  <w>många</w>
  <w>är</w>
  <w>det</w>
  <w>säkert</w>
  <w>som</w>
  <w>lever</w>
  <w>så</w>
  <w>här</w>
  <w>.</w>
</absapar>
<absapar id=4 senti=2>
  <absaspan id=10>
    <w>Invandringen</w>
  </absaspan>
  <absaspan id=11 senti=2>
    <w>kostar</w>
    <w>dessutom</w>
    <w>väldigt</w>
    <w>mycket</w>
    <w>pengar</w>
  </absaspan>
  <w>.</w>
  <w>För</w>
  <w>samma</w>
  <w>summa</w>
  <w>som</w>
  <w>det</w>
  <w>kostar</w>
  <w>att</w>
  <w>försörja</w>
  <w>en</w>
  <w>enda</w>
  <w>6</w>
  <w>barnsfamilj</w>
  <w>i</w>
  <w>Sverige</w>
  <w>,</w>
  <w>kan</w>
  <w>man</w>
  <w>hjälpa</w>
  <w>en</w>
  <w>mindre</w>
  <w>by</w>
  <w>i</w>
  <w>nåt</w>
  <w>fattigt</w>
  <w>land</w>
  <w>.</w>
  <w>Jag</w>
  <w>tror</w>
  <w>faktiskt</w>
  <w>att</w>
  <w>en</w>
  <w>kamelryttare</w>
  <w>blir</w>
  <w>gladare</w>
  <w>åt</w>
  <w>en</w>
  <w>hink</w>
  <w>vatten</w>
  <w>i</w>
  <w>sin</w>
  <w>hemby</w>
  <w>än</w>
  <w>en</w>
  <w>ny</w>
  <w>mobil</w>
  <w>i</w>
  <w>nåt</w>
  <w>svenskt</w>
  <absaspan id=12 senti=2>
    <w>förortsgetto</w>
  </absaspan>
  <w>.</w>
</absapar>
<absapar id=5 senti=2>
  <w>En</w>
  <w>fråga</w>
  <w>till</w>
  <w>er</w>
  <w>som</w>
  <w>har</w>
  <w>invandrat</w>
  <w>hit</w>
  <w>.</w>
  <w>Om</w>
  <w>det</w>
  <w>inte</w>
  <w>vore</w>
  <absaspan id=13 senti=1>
    <w>krig</w>
    <w>,</w>
    <w>svält</w>
    <w>och</w>
    <w>annat</w>
    <w>skit</w>
  </absaspan>
  <w>i</w>
  <w>era</w>
  <w>hemländer</w>
  <w>,</w>
  <w>skulle</w>
  <w>ni</w>
  <w>då</w>
  <w>inte</w>
  <w>hellre</w>
  <w>bo</w>
  <w>bland</w>
  <w>likasinnade</w>
  <w>i</w>
  <w>ert</w>
  <w>eget</w>
  <w>land</w>
  <w>?</w>
  <w>.</w>
</absapar>
<absapar id=6>
  <w></w>
  <absaspan id=14>
    <w>Borta</w>
  </absaspan>
  <absaspan id=15 senti=4>
    <w>bra</w>
  </absaspan>
  <w>men</w>
  <absaspan id=16>
    <w>hemma</w>
  </absaspan>
  <absaspan id=17 senti=5>
    <w>bäst</w>
  </absaspan>
  <w></w>
  <w>är</w>
  <w>ett</w>
  <w>utryck</w>
  <w>som</w>
  <w>gäller</w>
  <w>mig</w>
  <w>i</w>
  <w>alla</w>
  <w>fall</w>
  <w>.</w>
</absapar>
</absadoc>
