<absadoc annotators=1 senti=2>
<absatitle>
  <w>Hög</w>
  <w>invandring</w>
  <w>även</w>
  <w>med</w>
  <w>SD</w>
  <w>:</w>
  <w>s</w>
  <w>politik</w>
  <w>.</w>
</absatitle>
<absapar id=1 senti=2>
  <w>Frågeställning</w>
  <w>:</w>
  <w>Hur</w>
  <w>tänker</w>
  <absaspan id=1>
    <w>ni</w>
    <w>som</w>
    <w>röstar</w>
    <w>på</w>
    <w>SD</w>
  </absaspan>
  <w>istället</w>
  <w>för</w>
  <w>SvP</w>
  <w>som</w>
  <absaspan id=2 senti=2>
    <w>vill</w>
  </absaspan>
  <w>helt</w>
  <absaspan id=3 senti=2>
    <w>stoppa</w>
  </absaspan>
  <absaspan id=4>
    <w>invandringen</w>
  </absaspan>
  <w>?</w>
  <w>.</w>
</absapar>
</absadoc>
