<absadoc annotators=1 senti=0>
<absatitle>
  <absaspan id=1>
    <w>Sveriges</w>
    <w>befolkning</w>
  </absaspan>
  <absaspan id=2 senti=2 source=1>
    <w>har</w>
    <w>tröttnat</w>
  </absaspan>
  <w>.</w>
</absatitle>
<absapar id=1 senti=3>
  <w>Jag</w>
  <w>brukar</w>
  <w>gå</w>
  <w>igenom</w>
  <w>7</w>
  <w>-</w>
  <w>klöverns</w>
  <w>facebooksidor</w>
  <w>och</w>
  <w>läsa</w>
  <w>vad</w>
  <w>folket</w>
  <w>säger</w>
  <w>om</w>
  <w>partiet</w>
  <w>och</w>
  <w>övriga</w>
  <w>frågor</w>
  <w>.</w>
  <w>Anmärkningsvärt</w>
  <w>är</w>
  <w>ett</w>
  <w>jag</w>
  <w>såg</w>
  <w>idag</w>
  <w>.</w>
  <w>Det</w>
  <w>var</w>
  <w>inte</w>
  <w>en</w>
  <w>enda</w>
  <absaspan id=3 senti=4>
    <w>positiv</w>
  </absaspan>
  <absaspan id=4>
    <w>kommentar</w>
  </absaspan>
  <w>vad</w>
  <w>jag</w>
  <w>kunde</w>
  <w>se</w>
  <w>om</w>
  <w>frågan</w>
  <w>om</w>
  <w>invandringen</w>
  <w>som</w>
  <w>Socialdemokraterna</w>
  <w>tog</w>
  <w>upp</w>
  <absaspan id=5>
    <w>.</w>
  </absaspan>
</absapar>
<absapar id=2>
  <absaspan id=6>
    <w>Socialdemokraterna</w>
  </absaspan>
  <absaspan id=7 senti=1>
    <w>verkar</w>
    <w>inte</w>
    <w>ens</w>
    <w>bry</w>
    <w>sig</w>
    <w>om</w>
    <w>att</w>
    <w>bemöta</w>
    <w>dessa</w>
    <w>kommentarer</w>
    <w>utan</w>
    <w>kör</w>
    <w>över</w>
    <w>dem</w>
    <w>utan</w>
    <w>nåd</w>
  </absaspan>
  <w>.</w>
  <w>Jag</w>
  <w>kommer</w>
  <w>nu</w>
  <w>ge</w>
  <w>er</w>
  <w>lite</w>
  <w>länkar</w>
  <w>och</w>
  <w>axplock</w>
  <w>av</w>
  <w>kommentarer</w>
  <w>från</w>
  <w>olika</w>
  <w>Facebooksidor</w>
  <w>av</w>
  <w>7</w>
  <w>-</w>
  <w>klövern</w>
  <w>:</w>
  <w>.</w>
</absapar>
<absapar id=3>
  <w>Har</w>
  <absaspan id=8>
    <w>Sveriges</w>
    <w>befolkning</w>
  </absaspan>
  <absaspan id=9 senti=1>
    <w>tröttnat</w>
    <w>en</w>
    <w>gång</w>
    <w>för</w>
    <w>alla</w>
    <w>på</w>
  </absaspan>
  <absaspan id=10 senti=1>
    <w>alla</w>
    <w>lögner</w>
    <w>,</w>
    <w>hycklande</w>
    <w>etc</w>
  </absaspan>
  <w>?</w>
  <w>Det</w>
  <w>verkar</w>
  <w>så</w>
  <w>eftersom</w>
  <w>jag</w>
  <w>aldrig</w>
  <w>tidigare</w>
  <w>sett</w>
  <w>en</w>
  <w>sådan</w>
  <w>aktivitet</w>
  <w>där</w>
  <w>man</w>
  <w>kommenterar</w>
  <w>med</w>
  <w>sin</w>
  <w>riktiga</w>
  <w>identitet</w>
  <w>helt</w>
  <w>öppet</w>
  <w>.</w>
  <w>Det</w>
  <w>verkar</w>
  <w>som</w>
  <absaspan id=11 senti=4>
    <w>friska</w>
    <w>vindar</w>
    <w>påväg</w>
  </absaspan>
  <w>.</w>
  <w>Vad</w>
  <w>anser</w>
  <w>ni</w>
  <w>om</w>
  <w>detta</w>
  <w>?</w>
  <w>.</w>
</absapar>
</absadoc>
