<absadoc annotators=1 senti=>
<absatitle>
  <w>Israel-lobbyn</w>
  <w>har</w>
  <absaspan id=1 senti=2 target=2>
    <w>kapat</w>
  </absaspan>
  <absaspan id=2>
    <w>svenskarnas</w>
  </absaspan>
  <absaspan id=3 senti=2 target=4>
    <w>missnöje</w>
  </absaspan>
  <absaspan id=4>
    <w>gällande</w>
    <w>massinvandring</w>
  </absaspan>
  <w>.</w>
</absatitle>
<absapar id=1>
  <w>Det</w>
  <w>står</w>
  <w>tydligt</w>
  <w>att</w>
  <absaspan id=5>
    <w>Sverigedemokraterna</w>
  </absaspan>
  <w>nu</w>
  <w>formas</w>
  <w>till</w>
  <absaspan id=6 senti=4>
    <w>en</w>
    <w>kraft</w>
  </absaspan>
  <w>lik</w>
  <w>den</w>
  <w>kristna</w>
  <w>högern</w>
  <w>i</w>
  <w>USA</w>
  <w>-</w>
  <w>att</w>
  <absaspan id=7 senti=2>
    <w>obönhörligen</w>
  </absaspan>
  <absaspan id=8>
    <w>springa</w>
    <w>Israels</w>
    <w>ärenden</w>
  </absaspan>
  <w>och</w>
  <w>enbart</w>
  <w>fokusera</w>
  <w>på</w>
  <w>muslimer</w>
  <w>.</w>
  <w>Att</w>
  <w>sprida</w>
  <w>demokrati</w>
  <w>med</w>
  <w>klusterbomber</w>
  <w>är</w>
  <w>en</w>
  <w>annan</w>
  <w>taktik</w>
  <w>som</w>
  <w>brukar</w>
  <w>följa</w>
  <w>i</w>
  <w>de</w>
  <w>neokonservativas</w>
  <w>kölvatten</w>
  <w>.</w>
  <absaspan id=9>
    <w>Bröderna</w>
    <w>Ekeroth</w>
  </absaspan>
  <w>anser</w>
  <absaspan id=10>
    <w>alla</w>
    <w>som</w>
    <w>är</w>
    <w>kritiska</w>
    <w>till</w>
    <w>Israels</w>
    <w>förehavanden</w>
  </absaspan>
  <absaspan id=11 senti=2>
    <w>är</w>
    <w>"</w>
    <w>anti-semiter</w>
  </absaspan>
  <w>"</w>
  <w>-</w>
  <w>något</w>
  <w>som</w>
  <w>Staffan</w>
  <w>Gising</w>
  <w>reagerade</w>
  <w>på</w>
  <w>.</w>
  <w>Här</w>
  <w>finns</w>
  <w>mer</w>
  <w>om</w>
  <w>detta</w>
  <w>:</w>
  <w>.</w>
</absapar>
<absapar id=2>
  <w>Jag</w>
  <w>tycker</w>
  <w>detta</w>
  <w>är</w>
  <w>allvarligt</w>
  <w>-</w>
  <w>att</w>
  <w>.</w>
</absapar>
<absapar id=3>
  <w>#</w>
  <w>P</w>
  <w>IMM</w>
  <w>.</w>
  <w>.</w>
  <w>Det</w>
  <w>är</w>
  <w>"</w>
  <absaspan id=12>
    <w>islamiseringen</w>
  </absaspan>
  <w>"</w>
  <w>(</w>
  <w>jag</w>
  <w>är</w>
  <w>medveten</w>
  <w>att</w>
  <w>vi</w>
  <w>har</w>
  <w>massiva</w>
  <w>problem</w>
  <w>med</w>
  <w>MENA-människor</w>
  <w>,</w>
  <w>men</w>
  <w>det</w>
  <w>är</w>
  <w>inte</w>
  <w>vårt</w>
  <w>enda</w>
  <w>problem</w>
  <w>)</w>
  <w>vi</w>
  <absaspan id=13 senti=2>
    <w>blint</w>
    <w>ska</w>
    <w>fokusera</w>
  </absaspan>
  <w>på</w>
  <w>nu</w>
  <w>enligt</w>
  <w>dessa</w>
  <w>.</w>
  <w>Detta</w>
  <w>när</w>
  <w>det</w>
  <w>i</w>
  <w>själva</w>
  <w>verket</w>
  <w>är</w>
  <w>destruktiv</w>
  <w>kompott</w>
  <w>av</w>
  <w>krafter</w>
  <w>som</w>
  <w>exploaterar</w>
  <w>Sverige</w>
  <w>.</w>
</absapar>
<absapar id=4>
  <w>Ett</w>
  <w>exempel</w>
  <w>på</w>
  <w>fenomenet</w>
  <w>är</w>
  <w>nyhetssidan</w>
  <w>Politisk</w>
  <w>Inkorrekt</w>
  <w>som</w>
  <w>understödjer</w>
  <w>Sverigedemokraterna</w>
  <w>och</w>
  <w>samtidigt</w>
  <w>är</w>
  <absaspan id=14 senti=2>
    <w>extremt</w>
  </absaspan>
  <absaspan id=15>
    <w>pro-israeliska</w>
  </absaspan>
  <w>.</w>
</absapar>
</absadoc>
