<absadoc annotators=1 senti=>
<absatitle>
  <w>Ska</w>
  <w>flytta</w>
  <w>till</w>
  <w>Australien</w>
  <w>om</w>
  <w>6</w>
  <w>mån</w>
  <w>,</w>
  <w>någon</w>
  <w>mer</w>
  <w>?</w>
</absatitle>
<absapar id=1>
  <w>Tjena</w>
  <w>hej</w>
  <w>,</w>
  <w>.</w>
</absapar>
<absapar id=2>
  <w>Har</w>
  <w>nu</w>
  <absaspan id=1 senti=5>
    <w>äntligen</w>
  </absaspan>
  <w>bestämt</w>
  <w>mig</w>
  <w>för</w>
  <w>att</w>
  <w>ta</w>
  <w>mitt</w>
  <w>pick</w>
  <w>&</w>
  <w>pack</w>
  <w>för</w>
  <w>att</w>
  <w>flytta</w>
  <w>till</w>
  <w>Australien</w>
  <w>,</w>
  <w>närmare</w>
  <w>bestämt</w>
  <w>Sydney</w>
  <w>.</w>
  <w>Då</w>
  <w>pratar</w>
  <w>vi</w>
  <w>inte</w>
  <w>att</w>
  <w>resa</w>
  <w>runt</w>
  <w>i</w>
  <w>paradiset</w>
  <w>och</w>
  <w>plocka</w>
  <w>tomater</w>
  <w>utan</w>
  <w>att</w>
  <w>immigrera</w>
  <w>dit</w>
  <w>.</w>
  <w>Min</w>
  <w>plan</w>
  <w>är</w>
  <w>att</w>
  <w>skaffa</w>
  <w>sig</w>
  <w>ett</w>
  <w>jobb</w>
  <w>inom</w>
  <w>Finance</w>
  <w>,</w>
  <w>bo</w>
  <w>nära</w>
  <w>stranden</w>
  <w>,</w>
  <w>dricka</w>
  <w>fosters</w>
  <w>och</w>
  <absaspan id=2 senti=5>
    <w>leva</w>
    <w>livet</w>
  </absaspan>
  <w>.</w>
  <w>Bort</w>
  <w>från</w>
  <absaspan id=3 senti=2>
    <w>stela</w>
  </absaspan>
  <w>,</w>
  <absaspan id=4 senti=2>
    <w>kalla</w>
  </absaspan>
  <w>,</w>
  <absaspan id=5 senti=1>
    <w>trångsynta</w>
  </absaspan>
  <absaspan id=6>
    <w>Sverige</w>
  </absaspan>
  <w>.</w>
  <w>Är</w>
  <w>utbildad</w>
  <w>till</w>
  <w>civilekonom-marknadsföring</w>
  <w>men</w>
  <w>tänkte</w>
  <w>försöka</w>
  <w>ge</w>
  <w>mig</w>
  <w>på</w>
  <w>finance</w>
  <w>.</w>
  <w>Har</w>
  <w>pratat</w>
  <w>med</w>
  <w>en</w>
  <w>del</w>
  <w>folk</w>
  <w>redan</w>
  <w>,</w>
  <w>både</w>
  <w>här</w>
  <w>i</w>
  <w>Sverige</w>
  <w>och</w>
  <w>där</w>
  <w>nere</w>
  <w>och</w>
  <w>alla</w>
  <w>säger</w>
  <w>att</w>
  <absaspan id=7>
    <w>arbetsgivarna</w>
  </absaspan>
  <w>är</w>
  <w>mycket</w>
  <w>mer</w>
  <absaspan id=8 senti=4>
    <w>benägna</w>
    <w>att</w>
    <w>ta</w>
    <w></w>
    <w>risken</w>
  </absaspan>
  <w></w>
  <absaspan id=9>
    <w>och</w>
    <w>anställa</w>
    <w>någon</w>
    <w>för</w>
    <w>att</w>
    <w>se</w>
    <w>hur</w>
    <w>det</w>
    <w>går</w>
  </absaspan>
  <w>,</w>
  <w>till</w>
  <w>skillnad</w>
  <w>från</w>
  <w>Sverige</w>
  <w>.</w>
  <w>Jag</w>
  <w>har</w>
  <w>ingen</w>
  <w>erfarenhet</w>
  <w>inom</w>
  <w>finance</w>
  <w>men</w>
  <w>det</w>
  <absaspan id=10 senti=4>
    <w>skulle</w>
  </absaspan>
  <w>tydligen</w>
  <absaspan id=11 senti=4>
    <w>inte</w>
  </absaspan>
  <absaspan id=12 senti=4>
    <w>vara</w>
    <w>något</w>
    <w>större</w>
    <w>problem</w>
  </absaspan>
  <absaspan id=13>
    <w>att</w>
    <w>få</w>
    <w>jobb</w>
    <w>på</w>
    <w>en</w>
    <w></w>
    <w>entry-level</w>
  </absaspan>
  <absaspan id=14>
    <w></w>
    <w>.</w>
  </absaspan>
  <w>Tillsammans</w>
  <w>kan</w>
  <w>vi</w>
  <w>leta</w>
  <w>efter</w>
  <w>boende</w>
  <w>,</w>
  <w>bygga</w>
  <w>kontakt</w>
  <w>nät</w>
  <w>här</w>
  <w>hemma</w>
  <w>ifrån</w>
  <w>så</w>
  <w>vi</w>
  <w>har</w>
  <absaspan id=15 senti=4>
    <w>så</w>
    <w>bra</w>
    <w>förutsättningar</w>
    <w>som</w>
    <w>möjligt</w>
  </absaspan>
  <w>när</w>
  <w>vi</w>
  <w>kommer</w>
  <w>ner</w>
  <w>.</w>
</absapar>
<absapar id=3>
  <w>Nu</w>
  <w>är</w>
  <w>min</w>
  <w>fråga</w>
  <w>,</w>
  <w>är</w>
  <w>det</w>
  <w>någon</w>
  <w>annan</w>
  <w>i</w>
  <w>vårt</w>
  <w>avlånga</w>
  <w>land</w>
  <w>,</w>
  <w>tjej</w>
  <w>/</w>
  <w>kille</w>
  <w>,</w>
  <w>som</w>
  <w>tänker</w>
  <w>i</w>
  <w>samma</w>
  <w>banor</w>
  <w>och</w>
  <w>också</w>
  <w>tänker</w>
  <w>flytta</w>
  <w>dit</w>
  <w>och</w>
  <w>bosätta</w>
  <w>sig</w>
  <w>i</w>
  <w>Sydney</w>
  <w>?</w>
  <w>Tanken</w>
  <w>är</w>
  <w>att</w>
  <w>dra</w>
  <w>vid</w>
  <w>årsskiftet</w>
  <w>,</w>
  <w>alltså</w>
  <w>om</w>
  <w>runt</w>
  <w>ett</w>
  <w>halvår</w>
  <w>.</w>
  <w>Jag</w>
  <w>bor</w>
  <w>i</w>
  <w>Malmö</w>
  <w>och</w>
  <w>är</w>
  <w>28</w>
  <w>år</w>
  <w>,</w>
  <w>så</w>
  <w>det</w>
  <absaspan id=16 senti=4>
    <w>hade</w>
  </absaspan>
  <w>helt</w>
  <w>klart</w>
  <absaspan id=17 senti=4>
    <w>varit</w>
  </absaspan>
  <absaspan id=18 senti=4>
    <w>trevligt</w>
  </absaspan>
  <absaspan id=19>
    <w>om</w>
    <w>man</w>
    <w>kunde</w>
    <w>hitta</w>
    <w>någon</w>
    <w>/</w>
    <w>några</w>
    <w>likasinnade</w>
    <w>i</w>
    <w>samma</w>
    <w>ålder</w>
  </absaspan>
  <w>.</w>
  <w>Vet</w>
  <w>inte</w>
  <w>hur</w>
  <w>mycket</w>
  <w>gemensamt</w>
  <w>jag</w>
  <w>har</w>
  <w>med</w>
  <w>en</w>
  <w>19</w>
  <w>årig</w>
  <w>tjej</w>
  <w>som</w>
  <w>bara</w>
  <w>vill</w>
  <w>prata</w>
  <w>om</w>
  <w>skor</w>
  <w>&</w>
  <w>nya</w>
  <w>mobilskal</w>
  <w>.</w>
  <w>.</w>
  <w>om</w>
  <w>vi</w>
  <w>e</w>
  <w>lite</w>
  <w>fördomsfulla</w>
  <absaspan id=20 senti=4>
    <w>.</w>
  </absaspan>
</absapar>
<absapar id=4>
  <w>Så</w>
  <w>hur</w>
  <w>ser</w>
  <w>det</w>
  <w>ut</w>
  <w>för</w>
  <w>er</w>
  <w>där</w>
  <w>ute</w>
  <w>,</w>
  <absaspan id=21>
    <w>någon</w>
  </absaspan>
  <w>som</w>
  <absaspan id=22 senti=4>
    <w>är</w>
    <w>sugen</w>
    <w>på</w>
  </absaspan>
  <absaspan id=23>
    <w>att</w>
    <w>ändra</w>
    <w>om</w>
    <w>lite</w>
    <w>i</w>
    <w>deras</w>
    <w>liv</w>
  </absaspan>
  <w>?</w>
  <absaspan id=24 senti=3>
    <w>Livet</w>
    <w>är</w>
    <w>på</w>
    <w>tok</w>
    <w>för</w>
    <w>kort</w>
    <w>och</w>
    <w>världen</w>
    <w>är</w>
    <w>på</w>
    <w>tok</w>
    <w>för</w>
    <w>stor</w>
    <w>för</w>
    <w>att</w>
  </absaspan>
  <absaspan id=25>
    <w>bo</w>
    <w>i</w>
    <w>lilla</w>
    <w>Sverige</w>
    <w>/</w>
    <w>Malmö</w>
  </absaspan>
  <w>.</w>
</absapar>
</absadoc>
