<absadoc annotators=1 senti=>
<absatitle>
  <w>Glöm</w>
  <w>förorten</w>
  <w>–</w>
  <w>det</w>
  <absaspan id=1 senti=2 target=2>
    <w>är</w>
    <w>farligare</w>
  </absaspan>
  <absaspan id=2>
    <w>att</w>
    <w>bo</w>
    <w>i</w>
    <w>stan</w>
  </absaspan>
  <w>.</w>
</absatitle>
<absapar id=1>
  <absaspan id=3 senti=2>
    <w>Gång</w>
    <w>på</w>
    <w>gång</w>
  </absaspan>
  <absaspan id=4>
    <w>rapporteras</w>
    <w>det</w>
    <w>om</w>
  </absaspan>
  <absaspan id=5 senti=2>
    <w>särskilt</w>
    <w>utsatta</w>
    <w>områden</w>
  </absaspan>
  <w>.</w>
  <w>En</w>
  <w>del</w>
  <w>polischefer</w>
  <absaspan id=6 senti=2>
    <w>tar</w>
    <w>i</w>
  </absaspan>
  <w>och</w>
  <absaspan id=7>
    <w>benämner</w>
    <w>dem</w>
    <w>no</w>
    <w>go-zoner</w>
  </absaspan>
  <w>.</w>
</absapar>
<absapar id=2>
  <w>Vi</w>
  <w>bestämde</w>
  <w>oss</w>
  <w>för</w>
  <w>att</w>
  <w>titta</w>
  <w>i</w>
  <w>detalj</w>
  <w>på</w>
  <w>de</w>
  <w>olika</w>
  <w>stadsdelarna</w>
  <w>i</w>
  <w>Stockholm</w>
  <w>,</w>
  <w>för</w>
  <w>att</w>
  <w>se</w>
  <w>om</w>
  <w>de</w>
  <w>utpekade</w>
  <w>förortsområdena</w>
  <w>som</w>
  <w>Rinkeby</w>
  <w>och</w>
  <w>Tensta</w>
  <w>verkligen</w>
  <w>var</w>
  <w>de</w>
  <w>farliga</w>
  <w>områden</w>
  <w>där</w>
  <w>det</w>
  <w>begicks</w>
  <w>mest</w>
  <absaspan id=8 senti=2>
    <w>allvarliga</w>
  </absaspan>
  <absaspan id=9>
    <w>brott</w>
  </absaspan>
  <w>.</w>
  <w>Och</w>
  <w>då</w>
  <w>inte</w>
  <w>minst</w>
  <w>våldsbrott</w>
  <w>.</w>
  <w>Så</w>
  <w>var</w>
  <w>det</w>
  <w>inte</w>
  <w>alls</w>
  <absaspan id=10 senti=4>
    <w>!</w>
  </absaspan>
  <w>.</w>
</absapar>
<absapar id=3>
  <w>Para</w>
  <w>§</w>
  <w>rafs</w>
  <w>researchchef</w>
  <w>,</w>
  <w>Nina</w>
  <w>Silventoinen</w>
  <w>,</w>
  <w>och</w>
  <w>jag</w>
  <w>gav</w>
  <w>oss</w>
  <w>in</w>
  <w>och</w>
  <w>grävde</w>
  <w>i</w>
  <w>siffrorna</w>
  <w>för</w>
  <w>varje</w>
  <w>stadsdel</w>
  <w>i</w>
  <w>Stockholms</w>
  <w>kommun</w>
  <w>.</w>
  <w>Vilket</w>
  <w>inkluderar</w>
  <w>en</w>
  <w>del</w>
  <w>av</w>
  <w>de</w>
  <w>utpekade</w>
  <absaspan id=11 senti=2>
    <w>”</w>
    <w>särskilt</w>
    <w>utsatta</w>
    <w>områdena</w>
    <w>”</w>
  </absaspan>
  <w>.</w>
  <w>Dessa</w>
  <w>områden</w>
  <w>skulle</w>
  <w>enligt</w>
  <w>olika</w>
  <w>rapporter</w>
  <w>bland</w>
  <w>annat</w>
  <w>innebära</w>
  <w>att</w>
  <w>kvinnor</w>
  <w>som</w>
  <w>bodde</w>
  <w>där</w>
  <w>var</w>
  <w>rädda</w>
  <w>för</w>
  <w>att</w>
  <w>gå</w>
  <w>till</w>
  <w>och</w>
  <w>från</w>
  <w>sin</w>
  <w>bostad</w>
  <w>.</w>
</absapar>
<absapar id=4>
  <w>De</w>
  <w>brott</w>
  <w>vi</w>
  <w>tittat</w>
  <w>närmare</w>
  <w>på</w>
  <w>är</w>
  <w>:</w>
  <w>Misshandel</w>
  <w>.</w>
  <w>Våldtäkt</w>
  <w>.</w>
  <w>Grov</w>
  <w>kvinnofridskränkning</w>
  <w>.</w>
  <w>Olaga</w>
  <w>förföljelse</w>
  <w>.</w>
  <w>Våld</w>
  <w>mot</w>
  <w>tjänsteman</w>
  <w>.</w>
  <w>Rån</w>
  <w>,</w>
  <w>inkluderat</w>
  <w>såväl</w>
  <w>grova</w>
  <w>rån</w>
  <w>mot</w>
  <w>banker</w>
  <w>och</w>
  <w>butiker</w>
  <w>som</w>
  <w>personrån</w>
  <w>.</w>
  <w>Och</w>
  <w>försök</w>
  <w>till</w>
  <w>mord</w>
  <w>eller</w>
  <w>dråp</w>
  <w>.</w>
</absapar>
<absapar id=5>
  <w>Vi</w>
  <w>har</w>
  <w>tittat</w>
  <w>på</w>
  <w>det</w>
  <w>sammanlagda</w>
  <w>antalet</w>
  <w>av</w>
  <w>ovanstående</w>
  <w>anmälda</w>
  <w>brott</w>
  <w>avseende</w>
  <w>de</w>
  <w>olika</w>
  <w>stadsdelarna</w>
  <w>.</w>
  <w>Och</w>
  <w>utgått</w>
  <w>från</w>
  <w>Brottsförebyggande</w>
  <w>Rådets</w>
  <w>statistik</w>
  <w>.</w>
</absapar>
<absapar id=6>
  <w>Att</w>
  <w>vi</w>
  <w>inte</w>
  <w>har</w>
  <w>med</w>
  <w>mord</w>
  <w>och</w>
  <w>dråp</w>
  <w>,</w>
  <w>beror</w>
  <w>dels</w>
  <w>på</w>
  <w>att</w>
  <w>de</w>
  <w>är</w>
  <w>förhållandevis</w>
  <w>så</w>
  <w>få</w>
  <w>att</w>
  <w>de</w>
  <w>bara</w>
  <w>skulle</w>
  <w>påverka</w>
  <w>helhetssiffrorna</w>
  <w>med</w>
  <w>någon</w>
  <w>eller</w>
  <w>några</w>
  <w>promille</w>
  <w>och</w>
  <w>dels</w>
  <w>att</w>
  <w>det</w>
  <w>är</w>
  <w>problem</w>
  <w>med</w>
  <w>statistiken</w>
  <w>för</w>
  <w>just</w>
  <w>mord</w>
  <w>och</w>
  <w>dråp</w>
  <w>.</w>
  <w>Det</w>
  <w>som</w>
  <w>av</w>
  <w>polisen</w>
  <w>från</w>
  <w>början</w>
  <w>förs</w>
  <w>in</w>
  <w>som</w>
  <w>misstänkt</w>
  <w>mord</w>
  <w>eller</w>
  <w>dråp</w>
  <w>har</w>
  <w>vid</w>
  <w>närmare</w>
  <w>granskning</w>
  <w>ibland</w>
  <w>visat</w>
  <w>sig</w>
  <w>vara</w>
  <w>en</w>
  <w>olyckshändelse</w>
  <w>,</w>
  <w>självmord</w>
  <w>eller</w>
  <w>handla</w>
  <w>om</w>
  <w>nödvärn</w>
  <w>.</w>
  <w>Alltså</w>
  <w>ett</w>
  <absaspan id=12 senti=4>
    <w>lagligt</w>
  </absaspan>
  <absaspan id=13>
    <w>självförsvarsvåld</w>
  </absaspan>
  <w>.</w>
</absapar>
<absapar id=7>
  <w>Vi</w>
  <w>har</w>
  <w>granskat</w>
  <w>de</w>
  <w>senaste</w>
  <w>tio</w>
  <w>årens</w>
  <w>tillgängliga</w>
  <w>statistik</w>
  <w>,</w>
  <w>från</w>
  <w>och</w>
  <w>med</w>
  <w>2007</w>
  <w>till</w>
  <w>och</w>
  <w>med</w>
  <w>2016</w>
  <w>.</w>
  <w>Och</w>
  <w>vi</w>
  <w>har</w>
  <w>utgått</w>
  <w>från</w>
  <w>den</w>
  <w>stadsdelsindelning</w>
  <w>som</w>
  <w>Stockholms</w>
  <w>kommun</w>
  <w>har</w>
  <w>gjort</w>
  <w>.</w>
</absapar>
<absapar id=8>
  <w>En</w>
  <w>stadsdel</w>
  <w>står</w>
  <w>då</w>
  <w>ut</w>
  <w>som</w>
  <w>den</w>
  <w>i</w>
  <absaspan id=14 senti=1>
    <w>särklass</w>
    <w>farligaste</w>
  </absaspan>
  <w>i</w>
  <w>Stockholms</w>
  <w>kommun</w>
  <w>.</w>
  <w>Det</w>
  <w>är</w>
  <absaspan id=15>
    <w>Norrmalm</w>
    <w>,</w>
    <w>som</w>
    <w>inkluderar</w>
    <w>Vasastan</w>
    <w>,</w>
    <w>City</w>
    <w>och</w>
    <w>en</w>
    <w>mindre</w>
    <w>del</w>
    <w>av</w>
    <w>Östermalm</w>
  </absaspan>
  <w>.</w>
</absapar>
<absapar id=9>
  <w>Sju</w>
  <w>av</w>
  <w>de</w>
  <w>tio</w>
  <w>granskade</w>
  <w>åren</w>
  <w>har</w>
  <w>Norrmalm</w>
  <w>flest</w>
  <w>anmälda</w>
  <w>brott</w>
  <w>när</w>
  <w>vi</w>
  <w>räknar</w>
  <w>ihop</w>
  <w>ovan</w>
  <w>beskrivna</w>
  <w>brott</w>
  <w>.</w>
  <absaspan id=16>
    <w>De</w>
    <w>tre</w>
    <w>år</w>
    <w>som</w>
    <w>Norrmalm</w>
  </absaspan>
  <absaspan id=17 senti=3>
    <w>inte</w>
    <w>är</w>
    <w>värst</w>
  </absaspan>
  <w>,</w>
  <w>är</w>
  <w>det</w>
  <w>Södermalm</w>
  <w>som</w>
  <w>är</w>
  <w>det</w>
  <w>.</w>
</absapar>
<absapar id=10>
  <w>I</w>
  <w>genomsnitt</w>
  <w>under</w>
  <w>de</w>
  <w>här</w>
  <w>tio</w>
  <w>åren</w>
  <w>är</w>
  <w>det</w>
  <w>varje</w>
  <w>år</w>
  <w>så</w>
  <w>här</w>
  <w>många</w>
  <w>anmälda</w>
  <w>brott</w>
  <w>av</w>
  <w>det</w>
  <w>här</w>
  <w>slaget</w>
  <w>:</w>
  <w>.</w>
</absapar>
<absapar id=11>
  <w>Det</w>
  <w>är</w>
  <w>därmed</w>
  <w>närmare</w>
  <w>tre</w>
  <w>gånger</w>
  <w>större</w>
  <w>risk</w>
  <w>att</w>
  <w>bli</w>
  <w>utsatt</w>
  <w>för</w>
  <w>den</w>
  <w>här</w>
  <w>typen</w>
  <w>av</w>
  <w>brott</w>
  <w>på</w>
  <w>Norrmalm</w>
  <w>än</w>
  <w>det</w>
  <w>är</w>
  <w>i</w>
  <w>Rinkeby-Kista</w>
  <w>.</w>
</absapar>
<absapar id=12>
  <w>I</w>
  <w>stadsdelen</w>
  <w>Spånga-Tensta</w>
  <w>är</w>
  <w>antalet</w>
  <w>i</w>
  <w>genomsnitt</w>
  <w>687</w>
  <w>.</w>
  <w>Vilket</w>
  <w>kan</w>
  <w>jämföras</w>
  <w>med</w>
  <w>till</w>
  <w>exempel</w>
  <w>Östermalm</w>
  <w>där</w>
  <w>det</w>
  <w>är</w>
  <w>1</w>
  <w>053</w>
  <w>årligen</w>
  <w>.</w>
</absapar>
<absapar id=13>
  <w>Men</w>
  <w>om</w>
  <w>vi</w>
  <w>även</w>
  <w>tittar</w>
  <w>på</w>
  <w>narkotikabrott</w>
  <w>,</w>
  <w>allt</w>
  <w>från</w>
  <w>mindre</w>
  <w>förseelser</w>
  <w>till</w>
  <w>grova</w>
  <w>narkotikabrott</w>
  <w>,</w>
  <w>får</w>
  <w>vi</w>
  <w>då</w>
  <w>en</w>
  <w>annan</w>
  <w>bild</w>
  <w>?</w>
  <w>Nej</w>
  <w>,</w>
  <w>tvärtom</w>
  <w>så</w>
  <w>blir</w>
  <w>det</w>
  <w>ännu</w>
  <w>tydligare</w>
  <w>:</w>
  <absaspan id=18 senti=4>
    <w>.</w>
  </absaspan>
</absapar>
<absapar id=14>
  <w>Sannolikheten</w>
  <w>för</w>
  <w>att</w>
  <w>springa</w>
  <w>på</w>
  <w>en</w>
  <w>påtänd</w>
  <w>narkoman</w>
  <w>är</w>
  <w>alltså</w>
  <w>betydligt</w>
  <w>större</w>
  <w>på</w>
  <w>Norrmalm</w>
  <w>och</w>
  <w>Södermalm</w>
  <w>än</w>
  <w>den</w>
  <w>är</w>
  <w>i</w>
  <w>Rinkeby</w>
  <w>och</w>
  <w>Tensta</w>
  <w>.</w>
</absapar>
<absapar id=15>
  <w>Någon</w>
  <w>kanske</w>
  <w>tycker</w>
  <w>att</w>
  <w>det</w>
  <w>här</w>
  <w>är</w>
  <w>konstigt</w>
  <w>eftersom</w>
  <w>inte</w>
  <w>minst</w>
  <absaspan id=19>
    <w>olika</w>
    <w>polischefer</w>
  </absaspan>
  <w>framställer</w>
  <absaspan id=20>
    <w>invandrartäta</w>
    <w>områden</w>
    <w>som</w>
    <w>Rinkeby</w>
    <w>och</w>
    <w>Tensta</w>
  </absaspan>
  <w>som</w>
  <absaspan id=21 senti=2>
    <w>farliga</w>
    <w>områden</w>
  </absaspan>
  <w>.</w>
  <w>Och</w>
  <w>i</w>
  <absaspan id=22>
    <w>innerstaden</w>
  </absaspan>
  <absaspan id=23 senti=2>
    <w>med</w>
    <w>sina</w>
    <w>bostadsrätter</w>
    <w>som</w>
    <w>kostar</w>
    <w>många</w>
    <w>miljoner</w>
    <w>att</w>
    <w>köpa</w>
  </absaspan>
  <w>,</w>
  <w>bor</w>
  <w>det</w>
  <w>ju</w>
  <w>inte</w>
  <w>så</w>
  <w>värst</w>
  <w>många</w>
  <w>invandrare</w>
  <w>.</w>
  <w>Nej</w>
  <w>–</w>
  <w>just</w>
  <w>det</w>
  <w>.</w>
</absapar>
<absapar id=16>
  <w>Men</w>
  <w>kan</w>
  <w>man</w>
  <w>jämföra</w>
  <w>på</w>
  <w>det</w>
  <w>här</w>
  <w>sättet</w>
  <w>?</w>
  <w>Måste</w>
  <w>man</w>
  <w>inte</w>
  <w>se</w>
  <w>siffrorna</w>
  <w>i</w>
  <w>förhållande</w>
  <w>till</w>
  <w>hur</w>
  <w>många</w>
  <w>som</w>
  <w>bor</w>
  <w>i</w>
  <w>de</w>
  <w>olika</w>
  <w>stadsdelarna</w>
  <w>?</w>
  <w>Nej</w>
  <w>,</w>
  <w>för</w>
  <w>det</w>
  <w>här</w>
  <w>handlar</w>
  <w>om</w>
  <w>vilka</w>
  <w>geografiska</w>
  <w>områden</w>
  <w>som</w>
  <w>är</w>
  <w>farligast</w>
  <w>att</w>
  <w>befinna</w>
  <w>sig</w>
  <w>i</w>
  <w>oavsett</w>
  <w>om</w>
  <w>man</w>
  <w>bor</w>
  <w>där</w>
  <w>eller</w>
  <w>inte</w>
  <w>–</w>
  <w>och</w>
  <w>inget</w>
  <w>annat</w>
  <w>.</w>
</absapar>
<absapar id=17>
  <w>Men</w>
  <w>det</w>
  <w>är</w>
  <w>ju</w>
  <w>inte</w>
  <w>säkert</w>
  <w>att</w>
  <w>det</w>
  <w>är</w>
  <w>de</w>
  <w>boende</w>
  <w>i</w>
  <w>de</w>
  <w>där</w>
  <w>stadsdelarna</w>
  <w>som</w>
  <w>begår</w>
  <w>alla</w>
  <w>brotten</w>
  <w>där</w>
  <w>,</w>
  <w>kanske</w>
  <w>någon</w>
  <w>invänder</w>
  <w>.</w>
  <w>Helt</w>
  <w>riktigt</w>
  <w>.</w>
  <w>Men</w>
  <w>det</w>
  <w>har</w>
  <w>inte</w>
  <w>heller</w>
  <w>med</w>
  <w>saken</w>
  <w>att</w>
  <w>göra</w>
  <w>.</w>
  <w>Utan</w>
  <w>det</w>
  <w>här</w>
  <w>handlar</w>
  <w>som</w>
  <w>sagt</w>
  <w>om</w>
  <absaspan id=24>
    <w>vilka</w>
    <w>stadsdelar</w>
  </absaspan>
  <w>man</w>
  <w>kan</w>
  <w>ha</w>
  <w>anledning</w>
  <w>att</w>
  <absaspan id=25 senti=2>
    <w>akta</w>
    <w>sig</w>
    <w>för</w>
  </absaspan>
  <w>.</w>
</absapar>
<absapar id=18>
  <w>De</w>
  <w>stadsdelar</w>
  <w>där</w>
  <w>det</w>
  <w>anmäls</w>
  <w>mest</w>
  <w>narkotikabrott</w>
  <w>,</w>
  <w>misshandel</w>
  <w>,</w>
  <w>våldtäkter</w>
  <w>,</w>
  <w>grov</w>
  <w>kvinnofridskränkning</w>
  <w>,</w>
  <w>olaga</w>
  <w>förföljelse</w>
  <w>,</w>
  <w>våld</w>
  <w>mot</w>
  <w>tjänsteman</w>
  <w>,</w>
  <w>rån</w>
  <w>,</w>
  <w>mordförsök</w>
  <w>och</w>
  <w>dråpförsök</w>
  <w>.</w>
  <w>Om</w>
  <w>man</w>
  <w>så</w>
  <w>vill</w>
  <w>–</w>
  <w>de</w>
  <w>stadsdelar</w>
  <w>som</w>
  <w>är</w>
  <absaspan id=26 senti=2>
    <w>”</w>
    <w>särskilt</w>
    <w>brottsutsatta</w>
    <w>områden</w>
    <w>”</w>
  </absaspan>
  <w>.</w>
</absapar>
<absapar id=19>
  <w>Följaktligen</w>
  <w>ska</w>
  <w>vi</w>
  <w>kanske</w>
  <w>inte</w>
  <w>bli</w>
  <w>förvånande</w>
  <w>över</w>
  <w>att</w>
  <w>det</w>
  <w>råkar</w>
  <w>vara</w>
  <w>på</w>
  <w>just</w>
  <w>Norrmalm</w>
  <w>som</w>
  <w>statsminister</w>
  <w>Olof</w>
  <w>Palme</w>
  <w>mördades</w>
  <w>.</w>
  <w>Likaså</w>
  <w>utrikesminister</w>
  <w>Anna</w>
  <w>Lindh</w>
  <w>.</w>
  <w>Och</w>
  <w>att</w>
  <w>de</w>
  <w>få</w>
  <w>terrordåd</w>
  <w>vi</w>
  <w>haft</w>
  <w>i</w>
  <w>Stockholm</w>
  <w>har</w>
  <w>genomförts</w>
  <w>på</w>
  <w>just</w>
  <w>Norrmalm</w>
  <w>.</w>
</absapar>
<absapar id=20>
  <w>Inte</w>
  <w>heller</w>
  <w>är</w>
  <w>det</w>
  <w>speciellt</w>
  <w>förvånande</w>
  <w>att</w>
  <w>flest</w>
  <absaspan id=27 senti=2>
    <w>illegala</w>
  </absaspan>
  <absaspan id=28>
    <w>spelklubbar</w>
  </absaspan>
  <w>och</w>
  <absaspan id=29 senti=2>
    <w>porrklubbar</w>
  </absaspan>
  <w>finns</w>
  <w>just</w>
  <w>på</w>
  <w>Norrmalm</w>
  <w>.</w>
</absapar>
<absapar id=21>
  <w>Finns</w>
  <w>det</w>
  <w>då</w>
  <w>anledning</w>
  <w>för</w>
  <w>alla</w>
  <w>de</w>
  <w>som</w>
  <w>arbetar</w>
  <w>eller</w>
  <w>bor</w>
  <w>på</w>
  <w>Norrmalm</w>
  <w>eller</w>
  <w>Södermalm</w>
  <w>i</w>
  <w>Stockholm</w>
  <w>,</w>
  <w>att</w>
  <absaspan id=30 senti=2>
    <w>vara</w>
    <w>oroade</w>
    <w>för</w>
  </absaspan>
  <absaspan id=31>
    <w>att</w>
    <w>gå</w>
    <w>till</w>
    <w>och</w>
    <w>från</w>
    <w>sin</w>
    <w>bostad</w>
    <w>eller</w>
    <w>arbetsplats</w>
  </absaspan>
  <w>?</w>
  <w>Nej</w>
  <w>,</w>
  <absaspan id=32>
    <w>Stockholm</w>
  </absaspan>
  <absaspan id=33 senti=4>
    <w>är</w>
  </absaspan>
  <w>i</w>
  <w>internationell</w>
  <w>jämförelse</w>
  <absaspan id=34 senti=4>
    <w>en</w>
  </absaspan>
  <absaspan id=35 senti=4>
    <w>ganska</w>
    <w>fridfull</w>
  </absaspan>
  <absaspan id=36 senti=4>
    <w>stad</w>
  </absaspan>
  <w>.</w>
  <w>Men</w>
  <w>det</w>
  <w>är</w>
  <w>alltså</w>
  <w>inte</w>
  <w>i</w>
  <w>några</w>
  <w>av</w>
  <w>de</w>
  <w>utpekade</w>
  <w>förorterna</w>
  <w>i</w>
  <w>Stockholms</w>
  <w>kommun</w>
  <w>som</w>
  <w>risken</w>
  <absaspan id=37>
    <w>att</w>
    <w>råka</w>
    <w>ut</w>
    <w>för</w>
    <w>brott</w>
  </absaspan>
  <w>är</w>
  <w>störst</w>
  <w>.</w>
</absapar>
<absapar id=22>
  <w>Dick</w>
  <w>Sundevall</w>
  <w>,</w>
  <w>chefredaktör</w>
  <w>Magasinet</w>
  <w>Para</w>
  <w>§</w>
  <w>raf</w>
  <w>Nina</w>
  <w>Silventoinen</w>
  <w>,</w>
  <w>researchchef</w>
  <w>Magasinet</w>
  <w>Para</w>
  <w>§</w>
  <w>raf</w>
  <w>.</w>
</absapar>
<absapar id=23>
  <w>Häng</w>
  <w>med</w>
  <w>i</w>
  <w>debatten</w>
  <w>och</w>
  <w>kommentera</w>
  <w>artikeln</w>
  <w>–</w>
  <w>följ</w>
  <w>Debatt</w>
  <w>på</w>
  <w>Facebook</w>
  <w>.</w>
</absapar>
</absadoc>
