<absadoc annotators=1 senti=>
<absatitle>
  <w>De</w>
  <w>arbetslösa</w>
  <w>har</w>
  <w>ingen</w>
  <w>sjukdom</w>
  <w>.</w>
</absatitle>
<absapar id=1>
  <w>På</w>
  <w>brännpunkt</w>
  <w>talar</w>
  <w>Almega</w>
  <w>sig</w>
  <w>varm</w>
  <w>om</w>
  <w>att</w>
  <w>slå</w>
  <w>ihop</w>
  <w>a-kassan</w>
  <w>med</w>
  <w>sjukförsäkringen</w>
  <w>och</w>
  <w>att</w>
  <w>göra</w>
  <w>arbetslöshetsförsäkringen</w>
  <w>obligatorisk</w>
  <w>(</w>
  <w>26</w>
  <w>/</w>
  <w>9</w>
  <w>)</w>
  <w>.</w>
  <absaspan id=1>
    <w>De</w>
  </absaspan>
  <absaspan id=2 senti=2>
    <w>menar</w>
  </absaspan>
  <w>att</w>
  <absaspan id=3>
    <w>dagens</w>
    <w>system</w>
    <w>,</w>
    <w>där</w>
    <w>a-kassa</w>
    <w>och</w>
    <w>sjukförsäkring</w>
    <w>är</w>
    <w>separerade</w>
  </absaspan>
  <w>,</w>
  <absaspan id=4 senti=2>
    <w>blir</w>
  </absaspan>
  <absaspan id=5 senti=2>
    <w>"</w>
    <w>spretigt</w>
  </absaspan>
  <w>"</w>
  <w>.</w>
</absapar>
<absapar id=2>
  <w>Det</w>
  <w>här</w>
  <w>är</w>
  <w>en</w>
  <w>argumenterande</w>
  <w>text</w>
  <w>med</w>
  <w>syfte</w>
  <w>att</w>
  <w>påverka</w>
  <w>.</w>
  <w>Åsikterna</w>
  <w>som</w>
  <w>uttrycks</w>
  <w>är</w>
  <w>skribentens</w>
  <w>egna</w>
  <w>.</w>
</absapar>
<absapar id=3>
  <w>Men</w>
  <w>det</w>
  <w>finns</w>
  <w>anledning</w>
  <w>till</w>
  <w>att</w>
  <w>a-kassa</w>
  <w>och</w>
  <w>sjukförsäkring</w>
  <w>idag</w>
  <w>är</w>
  <w>två</w>
  <w>skilda</w>
  <w>system</w>
  <w>.</w>
  <w>De</w>
  <w>som</w>
  <w>är</w>
  <w>arbetslösa</w>
  <w>har</w>
  <w>ingen</w>
  <w>sjukdom</w>
  <w>,</w>
  <w>de</w>
  <w>står</w>
  <w>beredda</w>
  <w>att</w>
  <w>ta</w>
  <w>arbete</w>
  <w>.</w>
  <w>Att</w>
  <absaspan id=6>
    <w>byråkratiskt</w>
    <w>placera</w>
    <w>de</w>
    <w>tillsammans</w>
    <w>med</w>
    <w>sjuka</w>
    <w>människor</w>
  </absaspan>
  <w>är</w>
  <absaspan id=7 senti=2>
    <w>fel</w>
    <w>väg</w>
    <w>att</w>
    <w>gå</w>
  </absaspan>
  <w>.</w>
  <w>Arbetslöshetsförsäkringen</w>
  <w>är</w>
  <w>ingen</w>
  <w>socialförsäkring</w>
  <w>utan</w>
  <absaspan id=8>
    <w>arbetslöshetsförsäkringen</w>
  </absaspan>
  <absaspan id=9 senti=4>
    <w>bör</w>
    <w>ses</w>
    <w>som</w>
    <w>en</w>
    <w>viktig</w>
    <w>del</w>
    <w>av</w>
    <w>en</w>
    <w>aktiv</w>
    <w>arbetsmarknadspolitik</w>
  </absaspan>
  <w>,</w>
  <w>som</w>
  <w>innehåller</w>
  <w>aktiva</w>
  <w>arbetsmarknadspolitiska</w>
  <w>åtgärder</w>
  <w>av</w>
  <w>hög</w>
  <w>kvalitet</w>
  <w>.</w>
</absapar>
<absapar id=4>
  <w>En</w>
  <w>obligatorisk</w>
  <w>a-kassa</w>
  <w>med</w>
  <w>nuvarande</w>
  <w>villkor</w>
  <w>och</w>
  <w>avgifter</w>
  <w>leder</w>
  <w>inte</w>
  <w>till</w>
  <w>att</w>
  <w>särskilt</w>
  <w>många</w>
  <w>fler</w>
  <w>omfattas</w>
  <w>av</w>
  <w>försäkringen</w>
  <w>än</w>
  <w>vid</w>
  <w>dagens</w>
  <w>nivå</w>
  <w>.</w>
  <w>En</w>
  <w>obligatorisk</w>
  <w>a-kassa</w>
  <w>med</w>
  <w>nuvarande</w>
  <w>villkor</w>
  <w>leder</w>
  <w>till</w>
  <w>att</w>
  <w>alla</w>
  <w>får</w>
  <w>betala</w>
  <w>till</w>
  <w>a-kassan</w>
  <w>,</w>
  <w>men</w>
  <w>att</w>
  <w>ungefär</w>
  <w>lika</w>
  <w>många</w>
  <w>kommer</w>
  <w>ha</w>
  <w>rätt</w>
  <w>till</w>
  <w>ersättning</w>
  <w>.</w>
  <w>Med</w>
  <w>utgångspunkt</w>
  <w>från</w>
  <w>socialförsäkringens</w>
  <w>utredningsdirektiv</w>
  <w>är</w>
  <w>det</w>
  <absaspan id=10 senti=2>
    <w>fräckt</w>
  </absaspan>
  <w>att</w>
  <absaspan id=11>
    <w>tala</w>
    <w>om</w>
    <w>en</w>
    <w>obligatorisk</w>
    <w>a-kassa</w>
    <w>med</w>
    <w>höga</w>
    <w>differentierade</w>
    <w>avgifter</w>
  </absaspan>
  <w>.</w>
  <w>Detta</w>
  <w>kan</w>
  <w>snarare</w>
  <w>ses</w>
  <w>som</w>
  <w>en</w>
  <w>extra</w>
  <w>och</w>
  <absaspan id=12 senti=2>
    <w>orättvis</w>
  </absaspan>
  <w>"</w>
  <absaspan id=13>
    <w>beskattning</w>
  </absaspan>
  <w>"</w>
  <w>av</w>
  <w>alla</w>
  <w>de</w>
  <w>som</w>
  <w>har</w>
  <w>ett</w>
  <w>arbete</w>
  <w>eller</w>
  <w>har</w>
  <w>haft</w>
  <w>ett</w>
  <w>arbete</w>
  <w>.</w>
</absapar>
<absapar id=5>
  <w>Tvärtemot</w>
  <w>vad</w>
  <w>Almegas</w>
  <w>tjänstemän</w>
  <w>anför</w>
  <absaspan id=14 senti=4>
    <w>finns</w>
  </absaspan>
  <w>det</w>
  <absaspan id=15 senti=4>
    <w>viktiga</w>
  </absaspan>
  <absaspan id=16 senti=4>
    <w>samhällspolitiska</w>
    <w>skäl</w>
  </absaspan>
  <w>som</w>
  <absaspan id=17>
    <w>talar</w>
    <w>för</w>
    <w>att</w>
    <w>a-kassan</w>
    <w>ska</w>
    <w>administreras</w>
    <w>av</w>
    <w>fackliga</w>
    <w>a-kassor</w>
  </absaspan>
  <w>.</w>
  <w>Det</w>
  <absaspan id=18 senti=4>
    <w>skapar</w>
  </absaspan>
  <w>dels</w>
  <w>ett</w>
  <absaspan id=19>
    <w>engagemang</w>
    <w>bland</w>
    <w>fackförbunden</w>
  </absaspan>
  <w>i</w>
  <w>arbetslöshetsfrågor</w>
  <w>och</w>
  <w>det</w>
  <w>ger</w>
  <w>även</w>
  <w>incitament</w>
  <w>för</w>
  <w>den</w>
  <w>enskilde</w>
  <w>att</w>
  <w>bli</w>
  <w>medlem</w>
  <w>i</w>
  <w>tillhörande</w>
  <w>fackförbund</w>
  <w>.</w>
  <w>Den</w>
  <absaspan id=20>
    <w>svenska</w>
    <w>arbetsmarknadspolitiska</w>
    <w>modellen</w>
  </absaspan>
  <absaspan id=21 senti=4>
    <w>bygger</w>
    <w>på</w>
    <w>legitimitet</w>
  </absaspan>
  <w>hos</w>
  <w>avtalsslutande</w>
  <w>parter</w>
  <w>och</w>
  <w>om</w>
  <absaspan id=22>
    <w>a-kassan</w>
  </absaspan>
  <absaspan id=23 senti=4>
    <w>kan</w>
    <w>underlätta</w>
    <w>rekrytering</w>
  </absaspan>
  <w>till</w>
  <w>fackförbunden</w>
  <absaspan id=24 senti=4>
    <w>är</w>
    <w>det</w>
    <w>bra</w>
  </absaspan>
  <w>för</w>
  <absaspan id=25>
    <w>den</w>
    <w>svenska</w>
    <w>modellen</w>
  </absaspan>
  <w>.</w>
  <w>Detta</w>
  <w>har</w>
  <w>inte</w>
  <w>minst</w>
  <w>poängterats</w>
  <w>i</w>
  <w>den</w>
  <w>underlagsrapport</w>
  <w>som</w>
  <w>den</w>
  <w>förre</w>
  <w>moderata</w>
  <w>statssekreteraren</w>
  <w>,</w>
  <w>Eva</w>
  <w>Uddén-Sonnegård</w>
  <w>,</w>
  <w>skrivit</w>
  <w>till</w>
  <w>den</w>
  <w>parlamentariska</w>
  <w>Socialförsäkringsutredningen</w>
  <w>.</w>
</absapar>
<absapar id=6>
  <w>#</w>
  <w>P</w>
  <w>IMM</w>
  <w>.</w>
  <w>6F</w>
  <w>–</w>
  <w>fackförbund</w>
  <w>i</w>
  <w>samverkan</w>
  <w>:</w>
  <w>.</w>
</absapar>
<absapar id=7>
  <w>JANNE</w>
  <w>RUDÉN</w>
  <w>.</w>
</absapar>
<absapar id=8>
  <w>Skräddarsydda</w>
  <w>kurser</w>
  <w>i</w>
  <w>ämnen</w>
  <w>som</w>
  <w>intresserar</w>
  <w>och</w>
  <w>engagerar</w>
  <w>både</w>
  <w>kropp</w>
  <w>och</w>
  <w>själ</w>
  <w>.</w>
</absapar>
<absapar id=9>
  <w>förbundsordförande</w>
  <w>,</w>
  <w>SEKO</w>
  <w>.</w>
</absapar>
<absapar id=10>
  <w>HANS</w>
  <w>TILLY</w>
  <w>.</w>
</absapar>
<absapar id=11>
  <w>förbundsordförande</w>
  <w>,</w>
  <w>Byggnads</w>
  <w>.</w>
</absapar>
<absapar id=12>
  <w>LARS</w>
  <w>LINDGREN</w>
  <w>.</w>
</absapar>
<absapar id=13>
  <w>förbundsordförande</w>
  <w>,</w>
  <w>Transport</w>
  <w>.</w>
</absapar>
<absapar id=14>
  <w>HANS</w>
  <w>ÖHLUND</w>
  <w>.</w>
</absapar>
<absapar id=15>
  <w>förbundsordförande</w>
  <w>,</w>
  <w>Fastighets</w>
  <w>.</w>
</absapar>
<absapar id=16>
  <w>JONAS</w>
  <w>WALLIN</w>
  <w>.</w>
</absapar>
<absapar id=17>
  <w>förbundsordförande</w>
  <w>,</w>
  <w>Elektrikerna</w>
  <w>.</w>
</absapar>
<absapar id=18>
  <w>MICKE</w>
  <w>JOHANSSON</w>
  <w>.</w>
</absapar>
<absapar id=19>
  <w>förbundsordförande</w>
  <w>,</w>
  <w>Målarna</w>
  <w>.</w>
</absapar>
<absapar id=20>
  <w>Redaktör</w>
  <w>:</w>
  <w>Carina</w>
  <w>Stensson</w>
  <w>,</w>
  <w>Biträdande</w>
  <w>redaktör</w>
  <w>:</w>
  <w>Björn</w>
  <w>Jorner</w>
  <w>,</w>
  <w>Mejl</w>
  <w>:</w>
  <w>debatt</w>
  <w>@</w>
  <w>svd.se</w>
  <w>,</w>
  <w>Telefonnummer</w>
  <w>:</w>
  <w>08</w>
  <w>-</w>
  <w>135149</w>
  <w>,</w>
  <w>Twitter</w>
  <w>:</w>
  <w>@</w>
  <w>SvDDebatt</w>
  <w>,</w>
  <w>Facebook</w>
  <w>:</w>
  <w>SvD</w>
  <w>Debatt</w>
  <w>.</w>
</absapar>
</absadoc>
