<absadoc annotators=1 senti=>
<absatitle>
  <absaspan id=1 senti=2 target=3 target=2>
    <w>Illa</w>
  </absaspan>
  <absaspan id=2 senti=2 target=3>
    <w>dold</w>
  </absaspan>
  <absaspan id=3>
    <w>frustration</w>
  </absaspan>
  <w>över</w>
  <w>forskares</w>
  <w>ifrågasättanden</w>
  <w>.</w>
</absatitle>
<absapar id=1>
  <w>Kreativitet</w>
  <w>och</w>
  <absaspan id=4 senti=4>
    <w>oberoende</w>
  </absaspan>
  <absaspan id=5>
    <w>kunskapssökande</w>
  </absaspan>
  <w>kommer</w>
  <absaspan id=6 senti=2>
    <w>inte</w>
  </absaspan>
  <w>att</w>
  <absaspan id=7 senti=2>
    <w>manas</w>
  </absaspan>
  <absaspan id=8 senti=2>
    <w>fram</w>
    <w>bäst</w>
  </absaspan>
  <w>i</w>
  <absaspan id=9>
    <w>toppstyrda</w>
    <w>organisationer</w>
  </absaspan>
  <w>–</w>
  <w>tvärtom</w>
  <w>.</w>
  <w>Det</w>
  <w>skriver</w>
  <w>forskarna</w>
  <w>Shirin</w>
  <w>Ahlbäck</w>
  <w>Öberg</w>
  <w>och</w>
  <w>Ulf</w>
  <w>Danielsson</w>
  <w>i</w>
  <w>en</w>
  <w>slutreplik</w>
  <w>om</w>
  <w>Ledningsutredningen</w>
  <w>.</w>
</absapar>
<absapar id=2>
  <w>Ledningsutredningen</w>
  <w>är</w>
  <w>ett</w>
  <w>tidstypiskt</w>
  <w>uttryck</w>
  <w>för</w>
  <w>managementsfilosofins</w>
  <absaspan id=10 senti=2>
    <w>övertro</w>
  </absaspan>
  <w>på</w>
  <absaspan id=11>
    <w>den</w>
    <w>starke</w>
    <w>ledaren</w>
  </absaspan>
  <w>.</w>
  <absaspan id=12>
    <w>Naturvetarna</w>
  </absaspan>
  <absaspan id=13 senti=2>
    <w>sväljer</w>
  </absaspan>
  <absaspan id=14>
    <w>argumentationen</w>
  </absaspan>
  <absaspan id=15 senti=2>
    <w>med</w>
  </absaspan>
  <absaspan id=16 senti=2>
    <w>hull</w>
    <w>och</w>
    <w>hår</w>
  </absaspan>
  <w>i</w>
  <w>sin</w>
  <w>replik</w>
  <w>och</w>
  <w>hävdar</w>
  <w>att</w>
  <w>det</w>
  <w>inte</w>
  <w>finns</w>
  <w>någon</w>
  <w>motsättning</w>
  <w>mellan</w>
  <w>en</w>
  <absaspan id=17 senti=4>
    <w>stark</w>
  </absaspan>
  <absaspan id=18>
    <w>lärosätesledning</w>
  </absaspan>
  <w>och</w>
  <w>en</w>
  <w>"</w>
  <absaspan id=19 senti=4>
    <w>stark</w>
  </absaspan>
  <absaspan id=20>
    <w>beslutsstruktur</w>
  </absaspan>
  <w>i</w>
  <w>botten</w>
  <w>"</w>
  <w>(</w>
  <w>SvD</w>
  <w>Debatt</w>
  <w>2</w>
  <w>/</w>
  <w>3</w>
  <w>)</w>
  <w>.</w>
  <w>Men</w>
  <w>det</w>
  <w>framgår</w>
  <w>också</w>
  <w>att</w>
  <absaspan id=21 senti=2>
    <w>syftet</w>
  </absaspan>
  <w>med</w>
  <w>den</w>
  <w>senare</w>
  <absaspan id=22 senti=2>
    <w>bara</w>
  </absaspan>
  <absaspan id=23 senti=2>
    <w>är</w>
  </absaspan>
  <w>att</w>
  <w>säkerställa</w>
  <absaspan id=24>
    <w>att</w>
    <w>ledningens</w>
    <w>strategiska</w>
    <w>val</w>
    <w>faktiskt</w>
    <w>också</w>
    <w>genomdrivs</w>
    <w>på</w>
    <w>forskarnivå</w>
  </absaspan>
  <w>.</w>
</absapar>
<absapar id=3>
  <w>Det</w>
  <w>här</w>
  <w>är</w>
  <w>en</w>
  <w>argumenterande</w>
  <w>text</w>
  <w>med</w>
  <w>syfte</w>
  <w>att</w>
  <w>påverka</w>
  <w>.</w>
  <w>Åsikterna</w>
  <w>som</w>
  <w>uttrycks</w>
  <w>är</w>
  <w>skribentens</w>
  <w>egna</w>
  <w>.</w>
</absapar>
<absapar id=4>
  <absaspan id=25>
    <w>Naturvetarna</w>
  </absaspan>
  <absaspan id=26 senti=2>
    <w>förordar</w>
    <w>i</w>
    <w>praktiken</w>
  </absaspan>
  <absaspan id=27>
    <w>att</w>
    <w>forskare</w>
    <w>och</w>
    <w>lärare</w>
    <w>skall</w>
    <w>få</w>
    <w>mindre</w>
    <w>att</w>
    <w>säga</w>
    <w>till</w>
    <w>om</w>
  </absaspan>
  <w>och</w>
  <w>man</w>
  <w>har</w>
  <w>på</w>
  <w>så</w>
  <w>sätt</w>
  <absaspan id=28 senti=2>
    <w>resignerat</w>
  </absaspan>
  <w>inför</w>
  <w>sin</w>
  <w>egen</w>
  <w>profession</w>
  <w>.</w>
  <absaspan id=29>
    <w>När</w>
    <w>detta</w>
    <w>sätt</w>
    <w>att</w>
    <w>resonera</w>
    <w>blivit</w>
    <w>kutym</w>
    <w>inom</w>
    <w>en</w>
    <w>facklig</w>
    <w>organisation</w>
  </absaspan>
  <absaspan id=30 senti=2>
    <w>har</w>
    <w>det</w>
    <w>gått</w>
    <w>långt</w>
  </absaspan>
  <w>.</w>
  <w>Det</w>
  <w>är</w>
  <w>intressant</w>
  <w>att</w>
  <w>jämföra</w>
  <w>med</w>
  <absaspan id=31>
    <w>SULF</w>
  </absaspan>
  <w>som</w>
  <w>i</w>
  <w>sitt</w>
  <w>remissvar</w>
  <absaspan id=32 senti=2>
    <w>förhåller</w>
    <w>sig</w>
    <w>mycket</w>
    <w>kritisk</w>
  </absaspan>
  <w>till</w>
  <absaspan id=33>
    <w>utredningen</w>
  </absaspan>
  <w>.</w>
</absapar>
<absapar id=5>
  <absaspan id=34>
    <w>Kåre</w>
    <w>Bremers</w>
    <w>replik</w>
    <w>till</w>
    <w>vår</w>
    <w>artikel</w>
  </absaspan>
  <absaspan id=35 senti=2>
    <w>är</w>
    <w>avslöjande</w>
  </absaspan>
  <w>(</w>
  <w>SvD</w>
  <w>Debatt</w>
  <w>4</w>
  <w>/</w>
  <w>3</w>
  <w>)</w>
  <w>.</w>
  <w>Han</w>
  <w>väljer</w>
  <w>att</w>
  <w>bortse</w>
  <w>från</w>
  <absaspan id=36 senti=4>
    <w>den</w>
    <w>helt</w>
    <w>avgörande</w>
  </absaspan>
  <absaspan id=37>
    <w>skillnaden</w>
    <w>mellan</w>
    <w>kollegialt</w>
    <w>beslutsfattande</w>
    <w>och</w>
    <w>kollegial</w>
    <w>rådgivning</w>
  </absaspan>
  <w>,</w>
  <w>där</w>
  <w>de</w>
  <w>faktiska</w>
  <w>besluten</w>
  <w>i</w>
  <w>det</w>
  <w>senare</w>
  <w>fallet</w>
  <w>ligger</w>
  <w>hos</w>
  <w>linjechef</w>
  <w>och</w>
  <w>ytterst</w>
  <w>hos</w>
  <w>rektor</w>
  <w>.</w>
  <w>Låt</w>
  <w>oss</w>
  <w>därför</w>
  <w>klargöra</w>
  <w>:</w>
  <absaspan id=38 senti=4>
    <w>Det</w>
  </absaspan>
  <absaspan id=39 senti=4>
    <w>normala</w>
  </absaspan>
  <absaspan id=40 senti=4>
    <w>sättet</w>
  </absaspan>
  <absaspan id=41 senti=4>
    <w>att</w>
    <w>styra</w>
    <w>ett</w>
    <w>universitet</w>
  </absaspan>
  <absaspan id=42>
    <w>innebär</w>
    <w>en</w>
    <w>maktdelning</w>
    <w>mellan</w>
    <w>kollegiala</w>
    <w>organ</w>
    <w>och</w>
    <w>chefslinjen</w>
    <w>,</w>
    <w>där</w>
    <w>de</w>
    <w>kollegiala</w>
    <w>organen</w>
    <w>(</w>
    <w>till</w>
    <w>exempel</w>
    <w>fakultetsnämnder</w>
    <w>)</w>
    <w>äger</w>
    <w>den</w>
    <w>yttersta</w>
    <w>beslutandemakten</w>
    <w>vad</w>
    <w>gäller</w>
    <w>frågor</w>
    <w>som</w>
    <w>rör</w>
    <w>forskningens</w>
    <w>och</w>
    <w>undervisningens</w>
    <w>innehåll</w>
    <w>och</w>
    <w>kvalitet</w>
  </absaspan>
  <w>.</w>
  <w>Denna</w>
  <w>beslutanderätt</w>
  <w>är</w>
  <w>inte</w>
  <w>delegerad</w>
  <w>ovanifrån</w>
  <w>.</w>
</absapar>
<absapar id=6>
  <w>I</w>
  <w>Bremers</w>
  <w>utredning</w>
  <absaspan id=43 senti=2>
    <w>föreslås</w>
    <w>något</w>
    <w>helt</w>
    <w>annat</w>
  </absaspan>
  <w>:</w>
  <w>"</w>
  <absaspan id=44>
    <w>Utredningen</w>
    <w>föreslår</w>
    <w>att</w>
    <w>beslut</w>
    <w>i</w>
    <w>regel</w>
    <w>fattas</w>
    <w>i</w>
    <w>linjeorganisationen</w>
    <w>,</w>
    <w>viktigare</w>
    <w>beslut</w>
    <w>först</w>
    <w>efter</w>
    <w>beredning</w>
    <w>i</w>
    <w>kollegiala</w>
    <w>organ</w>
    <w>,</w>
    <w>att</w>
    <w>kollegiala</w>
    <w>organ</w>
    <w>ges</w>
    <w>ansvar</w>
    <w>för</w>
    <w>granskning</w>
    <w>och</w>
    <w>bedömning</w>
    <w>av</w>
    <w>kvaliteten</w>
    <w>i</w>
    <w>utbildningen</w>
    <w>och</w>
    <w>forskningen</w>
    <w>och</w>
    <w>att</w>
    <w>beslut</w>
    <w>om</w>
    <w>resursfördelning</w>
    <w>fattas</w>
    <w>i</w>
    <w>linjeorganisationen</w>
    <w>,</w>
    <w>efter</w>
    <w>beredning</w>
    <w>i</w>
    <w>kollegiala</w>
    <w>organ</w>
  </absaspan>
  <w>.</w>
  <w>"</w>
  <w>(</w>
  <w>SOU</w>
  <w>2015</w>
  <w>:</w>
  <w>92</w>
  <w>,</w>
  <w>s</w>
  <w>.</w>
  <w>21</w>
  <w>)</w>
  <w>.</w>
  <w>Detta</w>
  <w>innebär</w>
  <w>att</w>
  <w>den</w>
  <w>kollegiala</w>
  <w>beslutsprincipen</w>
  <w>frångås</w>
  <w>och</w>
  <w>att</w>
  <w>de</w>
  <w>kollegialt</w>
  <w>sammansatta</w>
  <w>organen</w>
  <w>bara</w>
  <absaspan id=45 senti=2>
    <w>ges</w>
    <w>nådigt</w>
    <w>tillstånd</w>
  </absaspan>
  <absaspan id=46 senti=2>
    <w>att</w>
    <w>komma</w>
    <w>med</w>
    <w>råd</w>
    <w>som</w>
    <w>en</w>
    <w>överordnad</w>
    <w>linjechef</w>
    <w>sedan</w>
    <w>inte</w>
    <w>är</w>
    <w>bunden</w>
    <w>av</w>
  </absaspan>
  <w>.</w>
  <w>Med</w>
  <w>kollegialt</w>
  <w>styre</w>
  <w>väljer</w>
  <w>och</w>
  <w>utser</w>
  <w>kollegiet</w>
  <w>själva</w>
  <w>sina</w>
  <w>representanter</w>
  <w>i</w>
  <w>de</w>
  <w>beslutsfattande</w>
  <w>nämnderna</w>
  <w>,</w>
  <w>nämnderna</w>
  <w>bemannas</w>
  <w>alltså</w>
  <w>inte</w>
  <w>av</w>
  <w>exempelvis</w>
  <w>rektor</w>
  <w>ovanifrån</w>
  <w>.</w>
  <w>Poängen</w>
  <w>är</w>
  <w>att</w>
  <w>de</w>
  <w>kollegiala</w>
  <w>företrädarnas</w>
  <absaspan id=47 senti=4>
    <w>lojalitet</w>
    <w>ska</w>
    <w>riktas</w>
    <w>mot</w>
  </absaspan>
  <absaspan id=48>
    <w>vetenskapen</w>
    <w>och</w>
    <w>de</w>
    <w>akademiska</w>
    <w>värdena</w>
  </absaspan>
  <w>,</w>
  <w>inte</w>
  <w>gentemot</w>
  <w>överordnade</w>
  <w>chefer</w>
  <w>.</w>
  <w>I</w>
  <w>Bremers</w>
  <w>förslag</w>
  <absaspan id=49 senti=2>
    <w>plockas</w>
  </absaspan>
  <w>även</w>
  <w>detta</w>
  <absaspan id=50 senti=4>
    <w>grundläggande</w>
  </absaspan>
  <absaspan id=51>
    <w>element</w>
  </absaspan>
  <absaspan id=52 senti=2>
    <w>bort</w>
  </absaspan>
  <w>:</w>
  <w>"</w>
  <absaspan id=53>
    <w>Utredningen</w>
    <w>föreslår</w>
    <w>att</w>
    <w>akademiska</w>
    <w>ledare</w>
    <w>utnämns</w>
    <w>av</w>
    <w>överordnad</w>
    <w>chef</w>
    <w>och</w>
    <w>att</w>
    <w>utnämningen</w>
    <w>föregås</w>
    <w>av</w>
    <w>någon</w>
    <w>form</w>
    <w>av</w>
    <w>samråd</w>
    <w>med</w>
    <w>överordnad</w>
    <w>chef</w>
    <w>,</w>
    <w>eller</w>
    <w>eventuellt</w>
    <w>ett</w>
    <w>rådgivande</w>
    <w>hörande</w>
    <w>av</w>
    <w>kollegiet</w>
    <w>/</w>
    <w>medarbetare</w>
  </absaspan>
  <w>.</w>
  <w>"</w>
  <w>(</w>
  <w>SOU</w>
  <w>2015</w>
  <w>:</w>
  <w>92</w>
  <w>,</w>
  <w>s</w>
  <w>.</w>
  <w>25</w>
  <w>)</w>
  <w>.</w>
</absapar>
<absapar id=7>
  <absaspan id=54>
    <w>Vår</w>
    <w>tolkning</w>
    <w>av</w>
    <w>förslagen</w>
  </absaspan>
  <absaspan id=55 senti=3>
    <w>är</w>
    <w>inte</w>
    <w>missvisande</w>
  </absaspan>
  <w>,</w>
  <w>som</w>
  <w>Kåre</w>
  <w>Bremer</w>
  <w>hävdar</w>
  <w>,</w>
  <w>utan</w>
  <absaspan id=56 senti=5>
    <w>delas</w>
    <w>av</w>
    <w>flera</w>
  </absaspan>
  <absaspan id=57 senti=5>
    <w>tunga</w>
  </absaspan>
  <absaspan id=58 senti=5>
    <w>remissinstanser</w>
  </absaspan>
  <w>.</w>
  <w>Kungliga</w>
  <w>Vetenskapsakademien</w>
  <w>(</w>
  <w>KVA</w>
  <w>)</w>
  <w>formulerar</w>
  <w>sig</w>
  <w>på</w>
  <w>följande</w>
  <w>sätt</w>
  <w>:</w>
  <w>"</w>
  <w>Akademien</w>
  <w>noterar</w>
  <w>dock</w>
  <w>att</w>
  <w>utredningen</w>
  <w>ägnar</w>
  <w>stort</w>
  <w>utrymme</w>
  <w>åt</w>
  <w>att</w>
  <w>beskriva</w>
  <w>kollegialitetens</w>
  <w>begränsningar</w>
  <w>.</w>
  <absaspan id=59>
    <w>Kollegialitet</w>
  </absaspan>
  <w>är</w>
  <w>ett</w>
  <absaspan id=60 senti=4>
    <w>kvalitetsgranskande</w>
    <w>och</w>
    <w>kvalitetsutvecklande</w>
    <w>system</w>
  </absaspan>
  <w>som</w>
  <absaspan id=61 senti=5>
    <w>är</w>
    <w>nödvändigt</w>
  </absaspan>
  <w>som</w>
  <w>kontroll</w>
  <w>och</w>
  <w>kvalitetssäkring</w>
  <w>av</w>
  <w>lärosätets</w>
  <w>verksamhet</w>
  <w>.</w>
  <w>Hellre</w>
  <w>än</w>
  <w>att</w>
  <w>i</w>
  <w>praktiken</w>
  <w>överge</w>
  <w>styrformen</w>
  <w>och</w>
  <w>införa</w>
  <w>starkare</w>
  <w>inslag</w>
  <w>av</w>
  <w>linjestyrning</w>
  <absaspan id=62 senti=5>
    <w>förordar</w>
    <w>Vetenskapsakademien</w>
  </absaspan>
  <absaspan id=63>
    <w>att</w>
    <w>kraft</w>
    <w>läggs</w>
    <w>på</w>
    <w>att</w>
    <w>utveckla</w>
    <w>kollegialiteten</w>
  </absaspan>
  <w>.</w>
  <w>"</w>
  <w>(</w>
  <w>KVA</w>
  <w>/</w>
  <w>2015</w>
  <w>/</w>
  <w>319</w>
  <w>/</w>
  <w>76</w>
  <w>,</w>
  <w>s</w>
  <w>.</w>
  <w>1</w>
  <w>)</w>
  <w>.</w>
</absapar>
<absapar id=8>
  <w>Kåre</w>
  <w>Bremer</w>
  <absaspan id=64 senti=2>
    <w>hävdar</w>
  </absaspan>
  <absaspan id=65>
    <w>att</w>
    <w>KI</w>
    <w>har</w>
    <w>en</w>
    <w>fungerande</w>
    <w>kollegialitet</w>
  </absaspan>
  <w>.</w>
  <w>Genom</w>
  <w>att</w>
  <w>bland</w>
  <w>annat</w>
  <w>studera</w>
  <w>delegationsordningen</w>
  <w>finner</w>
  <w>man</w>
  <w>att</w>
  <absaspan id=66>
    <w>KI</w>
  </absaspan>
  <absaspan id=67 senti=2>
    <w>har</w>
    <w>få</w>
  </absaspan>
  <absaspan id=68>
    <w>beslutsfattande</w>
    <w>kollegiala</w>
    <w>organ</w>
    <w>relativt</w>
    <w>sin</w>
    <w>storlek</w>
  </absaspan>
  <w>,</w>
  <w>och</w>
  <absaspan id=69>
    <w>att</w>
    <w>det</w>
  </absaspan>
  <absaspan id=70 senti=2>
    <w>på</w>
    <w>sin</w>
    <w>höjd</w>
  </absaspan>
  <absaspan id=71>
    <w>rör</w>
    <w>sig</w>
    <w>om</w>
    <w>en</w>
    <w>centraliserad</w>
    <w>kollegialitet</w>
  </absaspan>
  <w>.</w>
  <w>De</w>
  <w>få</w>
  <w>verksamhetsstyrelsernas</w>
  <w>beslutsmakt</w>
  <w>är</w>
  <w>i</w>
  <w>stor</w>
  <w>utsträckning</w>
  <w>på</w>
  <w>delegation</w>
  <w>från</w>
  <w>rektor</w>
  <w>,</w>
  <w>en</w>
  <w>delegation</w>
  <w>som</w>
  <w>alltså</w>
  <w>kan</w>
  <w>återtas</w>
  <w>.</w>
  <w>Vad</w>
  <w>gäller</w>
  <w>rekryteringsutskottet</w>
  <w>är</w>
  <w>det</w>
  <w>KI</w>
  <w>:</w>
  <w>s</w>
  <w>rektor</w>
  <w>som</w>
  <w>utser</w>
  <w>ordföranden</w>
  <w>(</w>
  <w>efter</w>
  <w>samråd</w>
  <w>med</w>
  <w>de</w>
  <w>tre</w>
  <w>dekanerna</w>
  <w>)</w>
  <w>.</w>
  <w>Därutöver</w>
  <w>praktiseras</w>
  <w>prefektstyre</w>
  <w>,</w>
  <w>vilket</w>
  <w>ligger</w>
  <w>helt</w>
  <w>i</w>
  <w>linje</w>
  <w>med</w>
  <w>Ledningsutredningens</w>
  <w>uttryckliga</w>
  <w>rekommendation</w>
  <w>.</w>
  <absaspan id=72>
    <w>Införandet</w>
    <w>av</w>
    <w>linjeorganisation</w>
    <w>vid</w>
    <w>KI</w>
  </absaspan>
  <absaspan id=73 senti=2>
    <w>är</w>
  </absaspan>
  <w>dessutom</w>
  <absaspan id=74 senti=2>
    <w>inget</w>
  </absaspan>
  <absaspan id=75 senti=2>
    <w>olycksfall</w>
    <w>i</w>
    <w>arbetet</w>
  </absaspan>
  <w>,</w>
  <w>utan</w>
  <w>ett</w>
  <w>aktivt</w>
  <w>val</w>
  <w>av</w>
  <w>universitetsledningen</w>
  <w>.</w>
  <w>Den</w>
  <w>av</w>
  <w>universitetsledningen</w>
  <w>tillsatta</w>
  <w>utredningen</w>
  <w>"</w>
  <w>Att</w>
  <w>styra</w>
  <w>KI</w>
  <w>–</w>
  <w>organisation</w>
  <w>och</w>
  <w>kultur</w>
  <w>"</w>
  <w>(</w>
  <w>091008</w>
  <w>)</w>
  <w>föreslog</w>
  <w>i</w>
  <w>korta</w>
  <w>drag</w>
  <w>att</w>
  <w>KI</w>
  <w>antar</w>
  <w>formen</w>
  <w>av</w>
  <w>en</w>
  <w>ren</w>
  <w>linjeorganisation</w>
  <w>.</w>
  <w>Det</w>
  <w>framgår</w>
  <w>också</w>
  <w>att</w>
  <w>man</w>
  <absaspan id=76 senti=1>
    <w>förutsatte</w>
  </absaspan>
  <w>forskarnas</w>
  <absaspan id=77 senti=1>
    <w>lojalitet</w>
  </absaspan>
  <w>inför</w>
  <w>denna</w>
  <w>organisationsform</w>
  <w>:</w>
  <w>"</w>
  <absaspan id=78>
    <w>Den</w>
    <w>som</w>
    <w>inte</w>
    <w>kan</w>
    <w>ställa</w>
    <w>sig</w>
    <w>lojal</w>
    <w>med</w>
    <w>sitt</w>
    <w>universitet</w>
    <w>bör</w>
    <w>uppmanas</w>
    <w>att</w>
    <w>söka</w>
    <w>sig</w>
    <w>bort</w>
    <w>oavsett</w>
    <w>hur</w>
    <w>framgångsrik</w>
    <w>forskare</w>
    <w>man</w>
    <w>är</w>
  </absaspan>
  <w>.</w>
  <w>"</w>
  <w>(</w>
  <w>s</w>
  <w>.</w>
  <w>21</w>
  <w>)</w>
  <w>.</w>
  <w>Något</w>
  <w>som</w>
  <w>flera</w>
  <w>professorer</w>
  <w>vid</w>
  <w>KI</w>
  <w>då</w>
  <w>protesterade</w>
  <w>emot</w>
  <w>(</w>
  <w>DN</w>
  <w>debatt</w>
  <w>100726</w>
  <w>)</w>
  <w>.</w>
</absapar>
<absapar id=9>
  <w>Skräddarsydda</w>
  <w>kurser</w>
  <w>i</w>
  <w>ämnen</w>
  <w>som</w>
  <w>intresserar</w>
  <w>och</w>
  <w>engagerar</w>
  <w>både</w>
  <w>kropp</w>
  <w>och</w>
  <w>själ</w>
  <w>.</w>
</absapar>
<absapar id=10>
  <w>Man</w>
  <w>kan</w>
  <w>konstatera</w>
  <w>att</w>
  <w>KI</w>
  <w>är</w>
  <w>på</w>
  <w>god</w>
  <w>väg</w>
  <w>att</w>
  <w>genomföra</w>
  <w>det</w>
  <w>system</w>
  <w>som</w>
  <w>Ledningsutredningen</w>
  <w>förordar</w>
  <w>.</w>
  <w>Det</w>
  <w>ska</w>
  <w>också</w>
  <w>tilläggas</w>
  <w>att</w>
  <w>det</w>
  <w>yttersta</w>
  <w>ansvaret</w>
  <w>för</w>
  <w>hur</w>
  <w>KI</w>
  <w>organiserar</w>
  <w>sig</w>
  <w>ligger</w>
  <w>hos</w>
  <w>dess</w>
  <w>styrelse</w>
  <w>(</w>
  <w>Högskoleförordningen</w>
  <w>2</w>
  <w>:</w>
  <w>2</w>
  <w>)</w>
  <w>,</w>
  <w>vilket</w>
  <w>gör</w>
  <w>det</w>
  <w>omöjligt</w>
  <w>för</w>
  <w>styrelsens</w>
  <w>ordförande</w>
  <w>att</w>
  <w>avsvära</w>
  <w>sig</w>
  <w>allt</w>
  <w>ansvar</w>
  <w>i</w>
  <w>Macchiarini-affären</w>
  <w>.</w>
  <absaspan id=79>
    <w>Universitetsledningen</w>
  </absaspan>
  <w>har</w>
  <w>alltsedan</w>
  <w>Autonomireformen</w>
  <w>ansvaret</w>
  <w>för</w>
  <w>den</w>
  <w>duala</w>
  <w>styrmodellen</w>
  <w>upprätthålls</w>
  <w>inom</w>
  <w>den</w>
  <w>egna</w>
  <w>organisationen</w>
  <w>,</w>
  <w>och</w>
  <w>vi</w>
  <w>menar</w>
  <w>att</w>
  <absaspan id=80>
    <w>man</w>
  </absaspan>
  <absaspan id=81 senti=2>
    <w>inte</w>
    <w>tagit</w>
  </absaspan>
  <w>detta</w>
  <absaspan id=82 senti=2>
    <w>ansvar</w>
  </absaspan>
  <w>.</w>
</absapar>
<absapar id=11>
  <w>I</w>
  <absaspan id=83>
    <w>Ledningsutredningen</w>
  </absaspan>
  <w>finns</w>
  <w>en</w>
  <absaspan id=84 senti=2>
    <w>illa</w>
  </absaspan>
  <absaspan id=85 senti=2>
    <w>dold</w>
  </absaspan>
  <absaspan id=86 senti=2>
    <w>frustration</w>
  </absaspan>
  <w>över</w>
  <absaspan id=87>
    <w>alla</w>
    <w>dessa</w>
  </absaspan>
  <absaspan id=88 senti=2>
    <w>trätande</w>
  </absaspan>
  <absaspan id=89 senti=2>
    <w>forskares</w>
  </absaspan>
  <absaspan id=90 senti=2>
    <w>ständiga</w>
  </absaspan>
  <absaspan id=91>
    <w>ifrågasättande</w>
  </absaspan>
  <w>.</w>
  <absaspan id=92 senti=4 irony>
    <w>Tänk</w>
    <w>vad</w>
    <w>bra</w>
    <w>det</w>
    <w>skulle</w>
    <w>vara</w>
  </absaspan>
  <absaspan id=93>
    <w>om</w>
    <w>alla</w>
    <w>istället</w>
    <w>rättade</w>
    <w>sig</w>
    <w>efter</w>
    <w>de</w>
    <w>enskilda</w>
    <w>starka</w>
    <w>ledarnas</w>
    <w>politiskt</w>
    <w>förankrade</w>
    <w>strategiska</w>
    <w>visioner</w>
  </absaspan>
  <w>!</w>
  <w>Forskningen</w>
  <w>visar</w>
  <w>dock</w>
  <w>entydigt</w>
  <w>att</w>
  <w>kreativitet</w>
  <w>och</w>
  <absaspan id=94 senti=4>
    <w>oberoende</w>
  </absaspan>
  <absaspan id=95>
    <w>kunskapssökande</w>
  </absaspan>
  <absaspan id=96 senti=2>
    <w>inte</w>
    <w>bäst</w>
    <w>manas</w>
    <w>fram</w>
  </absaspan>
  <w>i</w>
  <absaspan id=97>
    <w>toppstyrda</w>
    <w>organisationer</w>
  </absaspan>
  <w>–</w>
  <w>tvärtom</w>
  <w>.</w>
</absapar>
<absapar id=12>
  <w>Shirin</w>
  <w>Ahlbäck</w>
  <w>Öberg</w>
  <w>.</w>
</absapar>
<absapar id=13>
  <w>docent</w>
  <w>i</w>
  <w>statskunskap</w>
  <w>,</w>
  <w>Uppsala</w>
  <w>universitet</w>
  <w>.</w>
</absapar>
<absapar id=14>
  <w>Ulf</w>
  <w>Danielsson</w>
  <w>.</w>
</absapar>
<absapar id=15>
  <w>professor</w>
  <w>i</w>
  <w>teoretisk</w>
  <w>fysik</w>
  <w>,</w>
  <w>Uppsala</w>
  <w>universitet</w>
  <w>.</w>
</absapar>
<absapar id=16>
  <w>Redaktör</w>
  <w>:</w>
  <w>Carina</w>
  <w>StenssonBiträdande</w>
  <w>redaktör</w>
  <w>:</w>
  <w>Carl-Johan</w>
  <w>BilkenrothMejl</w>
  <w>:</w>
  <w>debatt</w>
  <w>@</w>
  <w>svd.seTelefonnummer</w>
  <w>:</w>
  <w>08</w>
  <w>-</w>
  <w>135149Twitter</w>
  <w>:</w>
  <w>@</w>
  <w>SvDDebattFacebook</w>
  <w>:</w>
  <w>SvD</w>
  <w>Debatt</w>
  <w>.</w>
</absapar>
<absapar id=17>
  <w>Redaktör</w>
  <w>:</w>
  <w>Carina</w>
  <w>Stensson</w>
  <w>,</w>
  <w>Biträdande</w>
  <w>redaktör</w>
  <w>:</w>
  <w>Björn</w>
  <w>Jorner</w>
  <w>,</w>
  <w>Mejl</w>
  <w>:</w>
  <w>debatt</w>
  <w>@</w>
  <w>svd.se</w>
  <w>,</w>
  <w>Telefonnummer</w>
  <w>:</w>
  <w>08</w>
  <w>-</w>
  <w>135149</w>
  <w>,</w>
  <w>Twitter</w>
  <w>:</w>
  <w>@</w>
  <w>SvDDebatt</w>
  <w>,</w>
  <w>Facebook</w>
  <w>:</w>
  <w>SvD</w>
  <w>Debatt</w>
  <w>.</w>
</absapar>
</absadoc>
