<absadoc annotators=1 senti=>
<absatitle>
  <w>#</w>
  <w>T</w>
  <w>IMM</w>
  <w>.</w>
  <w>1</w>
  <w>maj</w>
  <w>i</w>
  <w>Ludvika</w>
  <w>och</w>
  <w>Boden</w>
  <w>.</w>
</absatitle>
<absapar id=1>
  <w>För</w>
  <w>första</w>
  <w>gången</w>
  <w>i</w>
  <w>modern</w>
  <w>historia</w>
  <w>arrangeras</w>
  <absaspan id=1>
    <w>två</w>
  </absaspan>
  <absaspan id=2>
    <w>nationella</w>
    <w>demonstrationer</w>
  </absaspan>
  <w>samtidigt</w>
  <w>.</w>
  <w>De</w>
  <w>går</w>
  <w>under</w>
  <w>parollen</w>
  <w></w>
  <w>Vi</w>
  <w>är</w>
  <w>inga</w>
  <w>politiker</w>
  <w>:</w>
  <w>VI</w>
  <w>ÄR</w>
  <w>FOLKET</w>
  <w>!</w>
  <w></w>
  <w>och</w>
  <w>är</w>
  <w>öppna</w>
  <w>för</w>
  <w>alla</w>
  <absaspan id=3 senti=4>
    <w>folkfränder</w>
  </absaspan>
  <w>oavsett</w>
  <w>om</w>
  <w>de</w>
  <w>är</w>
  <w>medlemmar</w>
  <w>i</w>
  <w>Nordiska</w>
  <w>motståndsrörelsen</w>
  <w>eller</w>
  <w>inte</w>
  <w>.</w>
</absapar>
<absapar id=2>
  <w>Samling</w>
  <w>sker</w>
  <w>kl</w>
  <w>12</w>
  <w>:</w>
  <w>00</w>
  <w>i</w>
  <w>de</w>
  <w>bägge</w>
  <w>städerna</w>
  <w>.</w>
</absapar>
<absapar id=3>
  <w>Mer</w>
  <w>information</w>
  <w>om</w>
  <w>exakt</w>
  <w>plats</w>
  <w>,</w>
  <w>rutt</w>
  <w>,</w>
  <w>regler</w>
  <w>,</w>
  <w>talare</w>
  <w>och</w>
  <w>möjligheter</w>
  <w>för</w>
  <w>samåkning</w>
  <w>från</w>
  <w>hela</w>
  <w>landet</w>
  <w>kommer</w>
  <w>att</w>
  <w>komma</w>
  <w>upp</w>
  <w>på</w>
  <w>Nordfront</w>
  <w>inom</w>
  <w>kort</w>
  <w>.</w>
</absapar>
<absapar id=4>
  <absaspan id=4>
    <w>Jag</w>
  </absaspan>
  <w>tror</w>
  <w>att</w>
  <absaspan id=5>
    <w>detta</w>
  </absaspan>
  <absaspan id=6 senti=4>
    <w>kommer</w>
    <w>överträffa</w>
    <w>allt</w>
  </absaspan>
  <w>den</w>
  <w>nationella</w>
  <w>rörelsen</w>
  <w>gjort</w>
  <w>hittills</w>
  <w>,</w>
  <w>är</w>
  <w>övertygad</w>
  <w>om</w>
  <w>att</w>
  <w>dom</w>
  <w>kommer</w>
  <w>ha</w>
  <w>uppåt</w>
  <w>1000</w>
  <w>man</w>
  <w>i</w>
  <w>Ludvika</w>
  <w>,</w>
  <w>ryktas</w>
  <w>om</w>
  <w>folk</w>
  <w>ifrån</w>
  <w>hela</w>
  <w>Skandinavien</w>
  <w>och</w>
  <w>senaste</w>
  <w>uppsättningarna</w>
  <w>av</w>
  <w>Radio</w>
  <w>och</w>
  <w>TV</w>
  <w>Nordfront</w>
  <w>streamas</w>
  <w>över</w>
  <w>10.000</w>
  <w>personer</w>
  <w>.</w>
</absapar>
<absapar id=5>
  <w>Verkar</w>
  <w>dessutom</w>
  <w>vara</w>
  <w>enormt</w>
  <w>sug</w>
  <w>efter</w>
  <w>folk</w>
  <w>som</w>
  <w>vill</w>
  <w>gå</w>
  <w>med</w>
  <w>NMR</w>
  <w>.</w>
</absapar>
<absapar id=6>
  <w>Lycka</w>
  <w>till</w>
  <w>grabbar</w>
  <w>och</w>
  <w>flickor</w>
  <w>som</w>
  <w>ska</w>
  <w>demonstrera</w>
  <w>.</w>
</absapar>
<absapar id=7>
  <w>Underlag</w>
  <w>för</w>
  <w>debatt</w>
  <w>:</w>
  <w>Ska</w>
  <w>du</w>
  <w>närvara</w>
  <w>?</w>
  <w>.</w>
</absapar>
<absapar id=8>
  <w>Kommer</w>
  <w>det</w>
  <w>vara</w>
  <w>mycket</w>
  <absaspan id=7 senti=2>
    <w>snutar</w>
  </absaspan>
  <w>tror</w>
  <w>ni</w>
  <w>?</w>
  <w>.</w>
</absapar>
<absapar id=9>
  <w>Vem</w>
  <w>ska</w>
  <w>sossarna</w>
  <w>skicka</w>
  <w>dit</w>
  <w>för</w>
  <w>att</w>
  <w>hålla</w>
  <w>1</w>
  <w>Maj</w>
  <w>tal</w>
  <w>?</w>
  <w>.</w>
</absapar>
</absadoc>
