<absadoc annotators=1 senti=>
<absatitle>
  <w>En</w>
  <w>ny</w>
  <w>opera</w>
  <w>byggs</w>
  <w>i</w>
  <w>Kungliga</w>
  <w>Operan</w>
  <w>.</w>
</absatitle>
<absapar id=1>
  <w>För</w>
  <w>att</w>
  <w>stärka</w>
  <w>och</w>
  <w>utveckla</w>
  <w>opera</w>
  <w>-</w>
  <w>och</w>
  <w>balettkonsten</w>
  <w>aviserar</w>
  <w>regeringen</w>
  <w>i</w>
  <w>höstbudgeten</w>
  <w>en</w>
  <w>ambitionshöjning</w>
  <w>för</w>
  <w>Kungliga</w>
  <w>Operan</w>
  <w>.</w>
  <w>När</w>
  <w>förnyelsen</w>
  <w>är</w>
  <w>klar</w>
  <w>kommer</w>
  <w>huset</w>
  <w>att</w>
  <w>förena</w>
  <w>samtidens</w>
  <w>konstnärliga</w>
  <w>krav</w>
  <w>med</w>
  <absaspan id=1 senti=4>
    <w>styrkan</w>
    <w>i</w>
    <w>ett</w>
    <w>levande</w>
  </absaspan>
  <absaspan id=2 senti=4>
    <w>kulturarv</w>
  </absaspan>
  <w>,</w>
  <w>skriver</w>
  <absaspan id=3>
    <w>kulturminister</w>
    <w>Lena</w>
    <w>Adelsohn</w>
    <w>Liljeroth</w>
    <w>(</w>
    <w>M</w>
    <w>)</w>
  </absaspan>
  <w>.</w>
</absapar>
<absapar id=2>
  <w>Medan</w>
  <absaspan id=4>
    <w>nybyggnader</w>
    <w>av</w>
    <w>helt</w>
    <w>nya</w>
    <w>operahus</w>
  </absaspan>
  <absaspan id=5 senti=4>
    <w>har</w>
    <w>sina</w>
    <w>fördelar</w>
  </absaspan>
  <w>,</w>
  <w>efterlämnar</w>
  <w>de</w>
  <w>ofta</w>
  <w>drastiskt</w>
  <w>ökade</w>
  <w>kostnader.Lena</w>
  <absaspan id=6>
    <w>Adelsohn</w>
    <w>Liljeroth</w>
  </absaspan>
  <w>.</w>
</absapar>
<absapar id=3>
  <w>Det</w>
  <w>här</w>
  <w>är</w>
  <w>en</w>
  <w>argumenterande</w>
  <w>text</w>
  <w>med</w>
  <w>syfte</w>
  <w>att</w>
  <w>påverka</w>
  <w>.</w>
  <w>Åsikterna</w>
  <w>som</w>
  <w>uttrycks</w>
  <w>är</w>
  <w>skribentens</w>
  <w>egna</w>
  <w>.</w>
</absapar>
<absapar id=4>
  <absaspan id=7>
    <w>Kungliga</w>
  </absaspan>
  <absaspan id=8>
    <w>Operan</w>
  </absaspan>
  <w>är</w>
  <w>Sveriges</w>
  <w>nationalscen</w>
  <w>för</w>
  <w>opera</w>
  <w>och</w>
  <w>balett</w>
  <w>.</w>
  <w>Inom</w>
  <w>sin</w>
  <w>konstart</w>
  <absaspan id=9 senti=5>
    <w>står</w>
  </absaspan>
  <absaspan id=10>
    <w>den</w>
  </absaspan>
  <absaspan id=11 senti=5>
    <w>för</w>
    <w>den</w>
    <w>högsta</w>
    <w>konstnärliga</w>
    <w>kvaliteten</w>
    <w>i</w>
    <w>landet</w>
  </absaspan>
  <w>och</w>
  <w>bär</w>
  <w>ett</w>
  <w>särskilt</w>
  <w>uppdrag</w>
  <w>att</w>
  <w>engagera</w>
  <w>spetsen</w>
  <w>av</w>
  <w>utövare</w>
  <w>och</w>
  <w>konstnärliga</w>
  <w>ledare</w>
  <w>.</w>
  <w>För</w>
  <w>att</w>
  <w>förbättra</w>
  <w>Operans</w>
  <w>förutsättningar</w>
  <w>som</w>
  <w>nationalscen</w>
  <w>och</w>
  <w>höja</w>
  <w>ambitionerna</w>
  <w>aviserar</w>
  <w>alliansregeringen</w>
  <w>nu</w>
  <w>en</w>
  <w>omfattande</w>
  <w>satsning</w>
  <w>för</w>
  <w>att</w>
  <w>utveckla</w>
  <w>operahuset</w>
  <w>som</w>
  <w>kulturarv</w>
  <w>–</w>
  <w>och</w>
  <w>samtidigt</w>
  <w>skapa</w>
  <w>nya</w>
  <w>möjligheter</w>
  <w>för</w>
  <w>opera</w>
  <w>och</w>
  <w>balett</w>
  <w>i</w>
  <w>världsklass</w>
  <w>.</w>
</absapar>
<absapar id=5>
  <absaspan id=12>
    <w>Operahuset</w>
    <w>vid</w>
    <w>Gustaf</w>
    <w>Adolfs</w>
    <w>torg</w>
    <w>i</w>
    <w>centrala</w>
    <w>Stockholm</w>
  </absaspan>
  <w>invigdes</w>
  <w>redan</w>
  <w>1898</w>
  <w>och</w>
  <absaspan id=13 senti=4>
    <w>är</w>
    <w>i</w>
    <w>sig</w>
    <w>en</w>
    <w>kulturhistorisk</w>
    <w>tillgång</w>
  </absaspan>
  <w>.</w>
  <absaspan id=14>
    <w>Huset</w>
  </absaspan>
  <absaspan id=15 senti=4>
    <w>erbjuder</w>
    <w>dessutom</w>
    <w>en</w>
    <w>unik</w>
    <w>miljö</w>
  </absaspan>
  <w>för</w>
  <w>den</w>
  <w>konstnärliga</w>
  <w>verksamheten</w>
  <w>och</w>
  <w>publiken</w>
  <w>.</w>
  <w>Genom</w>
  <w>åren</w>
  <w>har</w>
  <w>huset</w>
  <w>försiktigt</w>
  <w>renoverats</w>
  <w>för</w>
  <w>att</w>
  <w>försöka</w>
  <w>möta</w>
  <w>mer</w>
  <w>moderna</w>
  <w>krav</w>
  <w>.</w>
</absapar>
<absapar id=6>
  <w>Men</w>
  <w>husets</w>
  <w>ålder</w>
  <w>innebär</w>
  <w>oundvikligen</w>
  <w>begränsningar</w>
  <w>och</w>
  <w>utmaningar</w>
  <w>för</w>
  <w>den</w>
  <w>dagliga</w>
  <w>verksamheten</w>
  <w>.</w>
  <w>Operahuset</w>
  <w>är</w>
  <w>i</w>
  <w>dag</w>
  <w>i</w>
  <w>stort</w>
  <w>behov</w>
  <w>av</w>
  <w>renovering</w>
  <w>för</w>
  <w>att</w>
  <w>överhuvudtaget</w>
  <w>kunna</w>
  <w>upprätthålla</w>
  <w>sin</w>
  <w>konstnärliga</w>
  <w>nivå</w>
  <w>och</w>
  <w>erbjuda</w>
  <w>en</w>
  <w>god</w>
  <w>arbetsmiljö</w>
  <w>.</w>
  <w>Regeringen</w>
  <w>beslutade</w>
  <w>därför</w>
  <w>redan</w>
  <w>2010</w>
  <w>att</w>
  <w>ge</w>
  <w>Operan</w>
  <w>extra</w>
  <w>ekonomiskt</w>
  <w>stöd</w>
  <w>för</w>
  <w>att</w>
  <w>inleda</w>
  <w>ett</w>
  <w>renoveringsarbete</w>
  <w>.</w>
</absapar>
<absapar id=7>
  <w>Nu</w>
  <w>vill</w>
  <w>vi</w>
  <w>gå</w>
  <w>vidare</w>
  <w>.</w>
  <w>För</w>
  <w>att</w>
  <w>stärka</w>
  <w>och</w>
  <w>utveckla</w>
  <w>opera</w>
  <w>-</w>
  <w>och</w>
  <w>balettkonsten</w>
  <w>aviserar</w>
  <w>vi</w>
  <w>därför</w>
  <w>i</w>
  <w>höstbudgeten</w>
  <w>en</w>
  <w>ambitionshöjning</w>
  <w>för</w>
  <w>Kungliga</w>
  <w>Operan</w>
  <w>.</w>
  <w>Ett</w>
  <w>arbete</w>
  <w>kommer</w>
  <w>inom</w>
  <w>kort</w>
  <w>inledas</w>
  <w>för</w>
  <w>att</w>
  <w>få</w>
  <w>till</w>
  <w>stånd</w>
  <w>en</w>
  <w>utbyggnad</w>
  <w>och</w>
  <w>förnyelse</w>
  <w>av</w>
  <w>operahuset</w>
  <w>.</w>
</absapar>
<absapar id=8>
  <w>En</w>
  <w>av</w>
  <w>utgångspunkterna</w>
  <w>är</w>
  <w>att</w>
  <w>göra</w>
  <absaspan id=16>
    <w>huset</w>
  </absaspan>
  <absaspan id=17 senti=4>
    <w>mer</w>
    <w>öppet</w>
    <w>och</w>
    <w>tillgängligt</w>
  </absaspan>
  <w>för</w>
  <w>allmänheten</w>
  <w>.</w>
  <w>Nya</w>
  <w>förutsättningar</w>
  <w>kan</w>
  <w>göra</w>
  <w>det</w>
  <w>möjligt</w>
  <w>att</w>
  <w>bredda</w>
  <w>repertoaren</w>
  <w>och</w>
  <w>utveckla</w>
  <w>barn</w>
  <w>-</w>
  <w>och</w>
  <w>ungdomsverksamheten</w>
  <w>.</w>
  <absaspan id=18 senti=4>
    <w>Problemen</w>
  </absaspan>
  <absaspan id=19 senti=4>
    <w>med</w>
  </absaspan>
  <absaspan id=20 senti=4>
    <w>otillräcklig</w>
  </absaspan>
  <absaspan id=21 senti=4>
    <w>akustik</w>
  </absaspan>
  <absaspan id=22 senti=4>
    <w>,</w>
  </absaspan>
  <absaspan id=23 senti=4>
    <w>lutande</w>
  </absaspan>
  <absaspan id=24 senti=4>
    <w>scengolv</w>
  </absaspan>
  <absaspan id=25 senti=4>
    <w>,</w>
    <w>inbyggda</w>
  </absaspan>
  <absaspan id=26 senti=4>
    <w>arbetsmiljöproblem</w>
  </absaspan>
  <absaspan id=27 senti=4>
    <w>och</w>
  </absaspan>
  <absaspan id=28 senti=4>
    <w>avsaknad</w>
    <w>av</w>
    <w>tillräckliga</w>
  </absaspan>
  <absaspan id=29 senti=4>
    <w>repetitionslokaler</w>
  </absaspan>
  <absaspan id=30 senti=4>
    <w>ska</w>
    <w>också</w>
    <w>kunna</w>
    <w>lösas</w>
  </absaspan>
  <absaspan id=31>
    <w>i</w>
    <w>samband</w>
    <w>med</w>
    <w>renoveringen</w>
  </absaspan>
  <w>.</w>
  <absaspan id=32 senti=4>
    <w>Målet</w>
    <w>är</w>
  </absaspan>
  <absaspan id=33>
    <w>en</w>
    <w>ny</w>
    <w>opera</w>
    <w>i</w>
    <w>Operan</w>
  </absaspan>
  <w>för</w>
  <w>att</w>
  <w>skapa</w>
  <w>en</w>
  <w>modern</w>
  <w>nationalscen</w>
  <w>,</w>
  <w>samtidigt</w>
  <w>som</w>
  <w>det</w>
  <absaspan id=34 senti=4>
    <w>kulturhistoriskt</w>
    <w>betydelsefulla</w>
  </absaspan>
  <absaspan id=35>
    <w>operahuset</w>
  </absaspan>
  <w>kan</w>
  <w>bevaras</w>
  <w>och</w>
  <w>utvecklas</w>
  <w>.</w>
</absapar>
<absapar id=9>
  <w>Skräddarsydda</w>
  <w>kurser</w>
  <w>i</w>
  <w>ämnen</w>
  <w>som</w>
  <w>intresserar</w>
  <w>och</w>
  <w>engagerar</w>
  <w>både</w>
  <w>kropp</w>
  <w>och</w>
  <w>själ</w>
  <w>.</w>
</absapar>
<absapar id=10>
  <absaspan id=36>
    <w>Sverige</w>
  </absaspan>
  <absaspan id=37 senti=4>
    <w>har</w>
  </absaspan>
  <w>–</w>
  <w>trots</w>
  <w>att</w>
  <w>vi</w>
  <w>är</w>
  <w>ett</w>
  <w>litet</w>
  <w>operaland</w>
  <w>–</w>
  <absaspan id=38 senti=4>
    <w>imponerat</w>
    <w>med</w>
    <w>såväl</w>
    <w>hög</w>
    <w>kvalitet</w>
    <w>som</w>
    <w>ett</w>
    <w>stort</w>
    <w>intresse</w>
  </absaspan>
  <w>för</w>
  <w>opera</w>
  <w>-</w>
  <w>och</w>
  <w>balettkonsterna</w>
  <w>.</w>
  <w>Drygt</w>
  <w>var</w>
  <w>fjärde</w>
  <w>krona</w>
  <w>av</w>
  <w>den</w>
  <w>statliga</w>
  <w>kulturbudgeten</w>
  <w>går</w>
  <w>till</w>
  <w>teater</w>
  <w>och</w>
  <w>dans</w>
  <w>.</w>
  <w>Som</w>
  <w>en</w>
  <w>följd</w>
  <w>av</w>
  <w>detta</w>
  <w>kan</w>
  <w>opera</w>
  <w>,</w>
  <w>musikteater</w>
  <w>och</w>
  <w>dansföreställningar</w>
  <w>möta</w>
  <w>en</w>
  <w>stor</w>
  <w>publik</w>
  <w>,</w>
  <w>från</w>
  <w>Malmö</w>
  <w>Opera</w>
  <w>i</w>
  <w>söder</w>
  <w>till</w>
  <w>Piteå</w>
  <w>Kammaropera</w>
  <w>i</w>
  <w>norr</w>
  <w>.</w>
  <w>Digitala</w>
  <w>sändningar</w>
  <w>,</w>
  <w>ny</w>
  <w>teknik</w>
  <w>och</w>
  <w>samarbeten</w>
  <w>med</w>
  <w>biografkedjor</w>
  <w>,</w>
  <w>tv</w>
  <w>och</w>
  <w>radio</w>
  <w>gör</w>
  <w>det</w>
  <w>dessutom</w>
  <w>möjligt</w>
  <w>att</w>
  <w>nå</w>
  <w>en</w>
  <w>större</w>
  <w>och</w>
  <w>bredare</w>
  <w>publik</w>
  <w>.</w>
</absapar>
<absapar id=11>
  <absaspan id=39>
    <w>För</w>
    <w>regeringen</w>
  </absaspan>
  <absaspan id=40 senti=4>
    <w>är</w>
  </absaspan>
  <w>det</w>
  <absaspan id=41 senti=4>
    <w>centralt</w>
  </absaspan>
  <absaspan id=42>
    <w>att</w>
    <w>ta</w>
    <w>ansvar</w>
    <w>för</w>
    <w>och</w>
    <w>långsiktigt</w>
    <w>utveckla</w>
    <w>våra</w>
    <w>ledande</w>
    <w>nationella</w>
    <w>kulturinstitutioner</w>
  </absaspan>
  <w>.</w>
  <w>Detta</w>
  <w>har</w>
  <w>varit</w>
  <w>utgångspunkten</w>
  <w>för</w>
  <w>satsningar</w>
  <w>på</w>
  <w>såväl</w>
  <w>den</w>
  <w>nyligen</w>
  <w>inledda</w>
  <w>renoveringen</w>
  <w>av</w>
  <w>Nationalmuseum</w>
  <w>,</w>
  <w>det</w>
  <w>ökade</w>
  <w>stödet</w>
  <w>till</w>
  <w>Kungliga</w>
  <w>Operan</w>
  <w>och</w>
  <w>förstärkningen</w>
  <w>av</w>
  <w>Dramatens</w>
  <w>ungdomsverksamhet</w>
  <w>.</w>
</absapar>
<absapar id=12>
  <w>Med</w>
  <w>lång</w>
  <w>tradition</w>
  <w>inom</w>
  <w>sina</w>
  <w>konstarter</w>
  <absaspan id=43 senti=4>
    <w>gör</w>
  </absaspan>
  <absaspan id=44>
    <w>verksamheter</w>
    <w>som</w>
    <w>dessa</w>
  </absaspan>
  <absaspan id=45 senti=4>
    <w>ovärderliga</w>
    <w>insatser</w>
  </absaspan>
  <w>för</w>
  <w>att</w>
  <w>ge</w>
  <w>liv</w>
  <w>åt</w>
  <w>det</w>
  <w>nationella</w>
  <w>kulturarvet</w>
  <w>.</w>
  <w>Samtidigt</w>
  <w>tjänar</w>
  <w>de</w>
  <w>genom</w>
  <w>sin</w>
  <w>kontinuitet</w>
  <w>också</w>
  <w>som</w>
  <w>fundament</w>
  <w>för</w>
  <w>nyskapande</w>
  <w>kultur</w>
  <w>.</w>
</absapar>
<absapar id=13>
  <w>Kungliga</w>
  <w>Operan</w>
  <w>bär</w>
  <w>nationalscensuppdraget</w>
  <w>för</w>
  <w>opera</w>
  <w>-</w>
  <w>och</w>
  <w>balettkonsterna</w>
  <w>.</w>
  <w>Operan</w>
  <w>står</w>
  <w>för</w>
  <w>Sveriges</w>
  <w>enda</w>
  <w>klassiska</w>
  <w>balettkompani</w>
  <w>och</w>
  <w>ger</w>
  <w>föreställningar</w>
  <w>som</w>
  <w>ofta</w>
  <w>går</w>
  <w>för</w>
  <w>fulla</w>
  <w>salonger</w>
  <w>.</w>
  <w>Det</w>
  <w>råder</w>
  <w>ingen</w>
  <w>tvekan</w>
  <w>om</w>
  <w>att</w>
  <absaspan id=46>
    <w>verksamheten</w>
  </absaspan>
  <w>–</w>
  <absaspan id=47 senti=5>
    <w>med</w>
    <w>gott</w>
    <w>resultat</w>
    <w>–</w>
    <w>använder</w>
    <w>sina</w>
    <w>nuvarande</w>
    <w>förutsättningar</w>
    <w>till</w>
    <w>det</w>
    <w>yttersta</w>
  </absaspan>
  <w>.</w>
</absapar>
<absapar id=14>
  <w>Men</w>
  <w>mer</w>
  <w>kan</w>
  <w>göras</w>
  <w>för</w>
  <w>att</w>
  <w>höja</w>
  <w>Kungliga</w>
  <w>Operans</w>
  <w>attraktionskraft</w>
  <w>,</w>
  <w>samarbetsmöjligheter</w>
  <w>och</w>
  <w>konstnärliga</w>
  <w>kvalitet</w>
  <w>,</w>
  <w>inte</w>
  <w>minst</w>
  <w>på</w>
  <w>den</w>
  <w>internationella</w>
  <w>nivån</w>
  <w>.</w>
  <w>För</w>
  <w>att</w>
  <w>kunna</w>
  <w>attrahera</w>
  <w>och</w>
  <w>samverka</w>
  <w>med</w>
  <w>världens</w>
  <w>ledande</w>
  <w>institutioner</w>
  <w>,</w>
  <w>dansare</w>
  <w>,</w>
  <w>sångare</w>
  <w>,</w>
  <w>koreografer</w>
  <w>och</w>
  <w>regissörer</w>
  <w>krävs</w>
  <w>en</w>
  <w>nationalscen</w>
  <w>som</w>
  <w>också</w>
  <w>kan</w>
  <w>erbjuda</w>
  <w>förstklassiga</w>
  <w>förutsättningar</w>
  <w>.</w>
  <w>Dessutom</w>
  <absaspan id=48 senti=4>
    <w>vill</w>
  </absaspan>
  <absaspan id=49>
    <w>vi</w>
  </absaspan>
  <absaspan id=50>
    <w>att</w>
    <w>fler</w>
    <w>,</w>
    <w>framför</w>
    <w>allt</w>
    <w>ovana</w>
    <w>besökare</w>
    <w>och</w>
    <w>den</w>
    <w>yngre</w>
    <w>generationen</w>
    <w>,</w>
    <w>ska</w>
    <w>känna</w>
    <w>sig</w>
    <w>välkomna</w>
    <w>och</w>
    <w>få</w>
    <w>möjlighet</w>
    <w>att</w>
    <w>uppleva</w>
    <w>opera</w>
    <w>och</w>
    <w>balett</w>
  </absaspan>
  <w>.</w>
</absapar>
<absapar id=15>
  <w>Utformningen</w>
  <w>av</w>
  <w>den</w>
  <w>nya</w>
  <w>Kungliga</w>
  <w>Operan</w>
  <w>i</w>
  <w>Stockholm</w>
  <w>ska</w>
  <w>kunna</w>
  <w>bygga</w>
  <w>på</w>
  <w>lärdomar</w>
  <w>från</w>
  <w>internationella</w>
  <w>förebilder</w>
  <w>.</w>
  <absaspan id=51>
    <w>Flera</w>
    <w>historiska</w>
    <w>operahus</w>
    <w>har</w>
  </absaspan>
  <absaspan id=52 senti=4>
    <w>framgångsrikt</w>
  </absaspan>
  <absaspan id=53>
    <w>omvandlats</w>
    <w>på</w>
    <w>liknande</w>
    <w>sätt</w>
  </absaspan>
  <w>,</w>
  <w>bland</w>
  <w>annat</w>
  <w>The</w>
  <w>Royal</w>
  <w>Opera</w>
  <w>House</w>
  <w>i</w>
  <w>London</w>
  <w>och</w>
  <w>Opéra</w>
  <w>de</w>
  <w>Lyon</w>
  <w>.</w>
</absapar>
<absapar id=16>
  <w>Medan</w>
  <absaspan id=54>
    <w>nybyggnader</w>
    <w>av</w>
    <w>helt</w>
    <w>nya</w>
    <w>operahus</w>
  </absaspan>
  <absaspan id=55 senti=4>
    <w>har</w>
    <w>sina</w>
    <w>fördelar</w>
  </absaspan>
  <w>,</w>
  <absaspan id=56 senti=2>
    <w>efterlämnar</w>
  </absaspan>
  <w>de</w>
  <absaspan id=57 senti=2>
    <w>ofta</w>
  </absaspan>
  <absaspan id=58 senti=2>
    <w>drastiskt</w>
    <w>ökade</w>
    <w>kostnader</w>
  </absaspan>
  <w>som</w>
  <w>tar</w>
  <w>resurser</w>
  <w>från</w>
  <w>den</w>
  <w>konstnärliga</w>
  <w>verksamheten</w>
  <w>.</w>
  <w>Resultatet</w>
  <w>riskerar</w>
  <w>att</w>
  <w>bli</w>
  <w>nya</w>
  <w>,</w>
  <absaspan id=59 senti=4>
    <w>ståtliga</w>
  </absaspan>
  <w>men</w>
  <absaspan id=60 senti=2>
    <w>fattiga</w>
  </absaspan>
  <absaspan id=61>
    <w>operahus</w>
  </absaspan>
  <w>.</w>
  <w>För</w>
  <w>Sveriges</w>
  <w>del</w>
  <absaspan id=62 senti=2>
    <w>vore</w>
  </absaspan>
  <w>det</w>
  <absaspan id=63 senti=2>
    <w>olyckligt</w>
  </absaspan>
  <absaspan id=64>
    <w>att</w>
    <w>inte</w>
    <w>ta</w>
    <w>tillvara</w>
    <w>Kungliga</w>
    <w>Operans</w>
    <w>attraktiva</w>
    <w>läge</w>
    <w>i</w>
    <w>hjärtat</w>
    <w>av</w>
    <w>Stockholm</w>
  </absaspan>
  <w>.</w>
  <w>Vi</w>
  <w>vill</w>
  <w>därför</w>
  <w>utveckla</w>
  <w>detta</w>
  <w>unika</w>
  <w>kulturarv</w>
  <w>och</w>
  <w>fortsatt</w>
  <w>fokusera</w>
  <w>på</w>
  <w>den</w>
  <absaspan id=65>
    <w>kärnverksamhet</w>
  </absaspan>
  <w>,</w>
  <w>som</w>
  <absaspan id=66>
    <w>människor</w>
    <w>i</w>
    <w>generationer</w>
  </absaspan>
  <absaspan id=67 senti=4>
    <w>kan</w>
    <w>ha</w>
    <w>glädje</w>
    <w>av</w>
  </absaspan>
  <w>.</w>
</absapar>
<absapar id=17>
  <w>Alla</w>
  <w>ska</w>
  <w>ha</w>
  <w>möjlighet</w>
  <w>att</w>
  <w>delta</w>
  <w>i</w>
  <w>kulturlivet</w>
  <w>.</w>
  <w>Genom</w>
  <w>att</w>
  <w>skapa</w>
  <w>nya</w>
  <w>publika</w>
  <w>utrymmen</w>
  <w>och</w>
  <w>lokaler</w>
  <w>mot</w>
  <w>omkringliggande</w>
  <w>kvarter</w>
  <w>kan</w>
  <w>trösklarna</w>
  <w>sänkas</w>
  <w>och</w>
  <absaspan id=68>
    <w>fler</w>
  </absaspan>
  <absaspan id=69 senti=4>
    <w>känna</w>
    <w>sig</w>
    <w>inbjudna</w>
    <w>till</w>
  </absaspan>
  <absaspan id=70>
    <w>Operans</w>
    <w>utbud</w>
    <w>av</w>
    <w>föreställningar</w>
    <w>och</w>
    <w>verksamhet</w>
  </absaspan>
  <w>.</w>
  <w>Med</w>
  <w>den</w>
  <w>nya</w>
  <w>Kungliga</w>
  <w>Operan</w>
  <w>,</w>
  <w>ett</w>
  <w>nyrenoverat</w>
  <w>Nationalmuseum</w>
  <w>och</w>
  <w>ett</w>
  <w>helt</w>
  <w>nytt</w>
  <w>Nobelcenter</w>
  <w>på</w>
  <w>Blasieholmen</w>
  <w>kommer</w>
  <absaspan id=71>
    <w>Stockholm</w>
  </absaspan>
  <w>att</w>
  <w>vara</w>
  <w>en</w>
  <w>huvudstad</w>
  <w>med</w>
  <absaspan id=72>
    <w>såväl</w>
    <w>kulturarvet</w>
    <w>som</w>
    <w>konsten</w>
  </absaspan>
  <absaspan id=73 senti=4>
    <w>i</w>
    <w>centrum</w>
  </absaspan>
  <w>.</w>
</absapar>
<absapar id=18>
  <w>Den</w>
  <w>nya</w>
  <w>Kungliga</w>
  <w>Operan</w>
  <w>är</w>
  <w>en</w>
  <w>omfattande</w>
  <w>framtidsinvestering</w>
  <w>i</w>
  <w>konst</w>
  <w>och</w>
  <w>kultur</w>
  <w>som</w>
  <w>sträcker</w>
  <w>sig</w>
  <w>över</w>
  <w>många</w>
  <w>år</w>
  <w>framöver</w>
  <w>.</w>
  <w>När</w>
  <w>huset</w>
  <w>står</w>
  <w>klart</w>
  <w>kommer</w>
  <w>det</w>
  <w>att</w>
  <w>förena</w>
  <w>samtidens</w>
  <w>konstnärliga</w>
  <w>krav</w>
  <w>med</w>
  <w>styrkan</w>
  <w>i</w>
  <w>ett</w>
  <w>levande</w>
  <w>kulturarv</w>
  <w>.</w>
  <absaspan id=74>
    <w>Den</w>
    <w>nya</w>
    <w>Operan</w>
  </absaspan>
  <absaspan id=75 senti=4>
    <w>ska</w>
    <w>bli</w>
    <w>en</w>
    <w>öppen</w>
    <w>plats</w>
    <w>som</w>
    <w>angår</w>
    <w>och</w>
    <w>berör</w>
  </absaspan>
  <w>en</w>
  <w>ny</w>
  <w>publik</w>
  <w>med</w>
  <absaspan id=76>
    <w>scenkonst</w>
  </absaspan>
  <absaspan id=77 senti=5>
    <w>i</w>
    <w>världsklass</w>
  </absaspan>
  <w>.</w>
  <absaspan id=78 senti=4>
    <w>Det</w>
    <w>är</w>
    <w>tid</w>
  </absaspan>
  <absaspan id=79>
    <w>för</w>
    <w>Sverige</w>
    <w>att</w>
    <w>få</w>
    <w>en</w>
    <w>modern</w>
    <w>nationalscen</w>
    <w>för</w>
    <w>opera</w>
    <w>-</w>
    <w>och</w>
    <w>balettkonst</w>
  </absaspan>
  <w>.</w>
</absapar>
<absapar id=19>
  <w>LENA</w>
  <w>ADELSOHN</w>
  <w>LILJEROTH</w>
  <w>(</w>
  <w>M</w>
  <w>)</w>
  <w>.</w>
</absapar>
<absapar id=20>
  <w>kulturminister</w>
  <w>.</w>
</absapar>
<absapar id=21>
  <w>Redaktör</w>
  <w>:</w>
  <w>Carina</w>
  <w>Stensson</w>
  <w>,</w>
  <w>Biträdande</w>
  <w>redaktör</w>
  <w>:</w>
  <w>Björn</w>
  <w>Jorner</w>
  <w>,</w>
  <w>Mejl</w>
  <w>:</w>
  <w>debatt</w>
  <w>@</w>
  <w>svd.se</w>
  <w>,</w>
  <w>Telefonnummer</w>
  <w>:</w>
  <w>08</w>
  <w>-</w>
  <w>135149</w>
  <w>,</w>
  <w>Twitter</w>
  <w>:</w>
  <w>@</w>
  <w>SvDDebatt</w>
  <w>,</w>
  <w>Facebook</w>
  <w>:</w>
  <w>SvD</w>
  <w>Debatt</w>
  <w>.</w>
</absapar>
</absadoc>
