<absadoc annotators=1 senti=>
<absatitle>
  <absaspan id=1 senti=2 target=2>
    <w>Sluta</w>
  </absaspan>
  <absaspan id=2>
    <w>misskreditera</w>
    <w>hyresrätten</w>
  </absaspan>
  <w>.</w>
</absatitle>
<absapar id=1>
  <w>BOSTÄDER</w>
  <w>Det</w>
  <w>finns</w>
  <w>en</w>
  <w>attityd</w>
  <w>hos</w>
  <absaspan id=3>
    <w>politiker</w>
  </absaspan>
  <w>där</w>
  <absaspan id=4 senti=2>
    <w>boende</w>
    <w>i</w>
    <w>hyresrätter</w>
    <w>nedvärderas</w>
  </absaspan>
  <w>.</w>
  <w>I</w>
  <w>själva</w>
  <w>verket</w>
  <w>har</w>
  <w>många</w>
  <w>valt</w>
  <w>ett</w>
  <w>fullserviceboende</w>
  <w>.</w>
  <w>Även</w>
  <absaspan id=5>
    <w>skattereglerna</w>
  </absaspan>
  <absaspan id=6 senti=2>
    <w>missgynnar</w>
    <w>hyresrätterna</w>
  </absaspan>
  <w>enligt</w>
  <w>en</w>
  <w>ny</w>
  <w>rapport</w>
  <w>från</w>
  <absaspan id=7>
    <w>Hyresgästföreningen</w>
    <w>,</w>
    <w>Fastighetsägarna</w>
    <w>och</w>
    <w>SABO</w>
  </absaspan>
  <w>.</w>
</absapar>
<absapar id=2>
  <w>Begreppet</w>
  <w>"</w>
  <w>bostadskarriär</w>
  <w>"</w>
  <w>har</w>
  <w>blivit</w>
  <w>allt</w>
  <w>mer</w>
  <w>populärt</w>
  <w>bland</w>
  <absaspan id=8>
    <w>politiker</w>
    <w>,</w>
    <w>debattörer</w>
    <w>och</w>
    <w>allmänhet</w>
  </absaspan>
  <w>.</w>
  <w>Man</w>
  <w>talar</w>
  <w>om</w>
  <w>vikten</w>
  <w>av</w>
  <w>att</w>
  <w>kunna</w>
  <w>använda</w>
  <w>sitt</w>
  <w>boende</w>
  <w>som</w>
  <w>en</w>
  <w>språngbräda</w>
  <w>för</w>
  <w>att</w>
  <w>höja</w>
  <w>sin</w>
  <w>bostandard</w>
  <w>.</w>
  <absaspan id=9>
    <w>Hyresrätten</w>
  </absaspan>
  <absaspan id=10 senti=2>
    <w>utmålas</w>
    <w>som</w>
  </absaspan>
  <w>den</w>
  <w>som</w>
  <w>"</w>
  <w>blir</w>
  <w>över</w>
  <w>"</w>
  <w>,</w>
  <w>något</w>
  <w>för</w>
  <w>dem</w>
  <w>som</w>
  <w>inte</w>
  <w>kan</w>
  <w>få</w>
  <w>något</w>
  <w>bättre</w>
  <w>.</w>
</absapar>
<absapar id=3>
  <w>Det</w>
  <w>här</w>
  <w>är</w>
  <w>en</w>
  <w>argumenterande</w>
  <w>text</w>
  <w>med</w>
  <w>syfte</w>
  <w>att</w>
  <w>påverka</w>
  <w>.</w>
  <w>Åsikterna</w>
  <w>som</w>
  <w>uttrycks</w>
  <w>är</w>
  <w>skribentens</w>
  <w>egna</w>
  <w>.</w>
</absapar>
<absapar id=4>
  <w>Det</w>
  <w>är</w>
  <w>fel</w>
  <w>.</w>
  <w>Fakta</w>
  <w>är</w>
  <w>att</w>
  <w>tre</w>
  <w>miljoner</w>
  <w>människor</w>
  <w>valt</w>
  <w>att</w>
  <w>bo</w>
  <w>i</w>
  <w>hyresrätt</w>
  <w>.</w>
  <w>Här</w>
  <w>bor</w>
  <w>alla</w>
  <w>slags</w>
  <w>männi-skor</w>
  <w>;</w>
  <w>spridningen</w>
  <w>i</w>
  <w>inkomst</w>
  <w>,</w>
  <w>val</w>
  <w>av</w>
  <w>yrke</w>
  <w>,</w>
  <w>ålder</w>
  <w>och</w>
  <w>etnicitet</w>
  <w>är</w>
  <w>mycket</w>
  <w>stor</w>
  <w>.</w>
  <w>Och</w>
  <w>många</w>
  <w>av</w>
  <w>dem</w>
  <w>hyr</w>
  <w>sin</w>
  <w>bostad</w>
  <w>utan</w>
  <w>tanke</w>
  <w>på</w>
  <w>så</w>
  <w>kallad</w>
  <w>bostads-karriär</w>
  <w>.</w>
  <w>I</w>
  <w>hyresrätten</w>
  <absaspan id=11 senti=2>
    <w>slipper</w>
  </absaspan>
  <w>de</w>
  <absaspan id=12>
    <w>binda</w>
    <w>kapital</w>
  </absaspan>
  <w>och</w>
  <absaspan id=13 senti=2>
    <w>slipper</w>
  </absaspan>
  <absaspan id=14>
    <w>oroa</w>
    <w>sig</w>
    <w>för</w>
    <w>räntorna</w>
  </absaspan>
  <w>.</w>
  <w>Någon</w>
  <w>annan</w>
  <w>krattar</w>
  <w>höst</w>
  <w>-</w>
  <w>löven</w>
  <w>,</w>
  <w>skottar</w>
  <w>snön</w>
  <w>och</w>
  <w>klipper</w>
  <w>gräset</w>
  <w>.</w>
  <w>Hyresrätten</w>
  <w>gör</w>
  <w>det</w>
  <w>möjligt</w>
  <w>att</w>
  <w>snabbt</w>
  <w>flytta</w>
  <w>dit</w>
  <w>jobb</w>
  <w>och</w>
  <w>studier</w>
  <w>finns</w>
  <w>.</w>
  <w>Det</w>
  <w>är</w>
  <w>knappast</w>
  <w>ett</w>
  <w>boende</w>
  <w>som</w>
  <w>överges</w>
  <w>för</w>
  <w>att</w>
  <w>nå</w>
  <w>karriärstoppen</w>
  <w>.</w>
  <absaspan id=15>
    <w>Det</w>
  </absaspan>
  <absaspan id=16 senti=5>
    <w>är</w>
  </absaspan>
  <w>redan</w>
  <absaspan id=17 senti=5>
    <w>toppen</w>
  </absaspan>
  <w>.</w>
</absapar>
<absapar id=5>
  <w>Just</w>
  <w>därför</w>
  <absaspan id=18 senti=2>
    <w>är</w>
  </absaspan>
  <absaspan id=19>
    <w>talet</w>
    <w>om</w>
    <w>bostadskarriär</w>
  </absaspan>
  <absaspan id=20 senti=2>
    <w>mycket</w>
    <w>märkligt</w>
  </absaspan>
  <w>.</w>
  <absaspan id=21>
    <w>Politiker</w>
  </absaspan>
  <absaspan id=22>
    <w>och</w>
    <w>debattörer</w>
  </absaspan>
  <w>utgår</w>
  <w>inte</w>
  <w>från</w>
  <w>hyresrättens</w>
  <w>service</w>
  <w>och</w>
  <w>frihet</w>
  <w>.</w>
  <absaspan id=23>
    <w>De</w>
  </absaspan>
  <absaspan id=24 senti=2>
    <w>blundar</w>
    <w>för</w>
    <w>människors</w>
    <w>val</w>
  </absaspan>
  <w>.</w>
  <w>Istället</w>
  <w>utgår</w>
  <absaspan id=25>
    <w>man</w>
  </absaspan>
  <w>från</w>
  <w>att</w>
  <w>just</w>
  <absaspan id=26>
    <w>denna</w>
    <w>bostadsform</w>
  </absaspan>
  <absaspan id=27 senti=1>
    <w>är</w>
    <w>lägsta</w>
    <w>steget</w>
    <w>på</w>
    <w>bostadskarriärens</w>
    <w>trappa</w>
  </absaspan>
  <w>.</w>
  <w>Enligt</w>
  <w>bostadskarriärismens</w>
  <w>första</w>
  <w>sats</w>
  <w>ska</w>
  <w>man</w>
  <w>nämligen</w>
  <w>alltid</w>
  <w>flytta</w>
  <w>från</w>
  <w>hyresrätten</w>
  <w>,</w>
  <w>genom</w>
  <w>att</w>
  <w>byta</w>
  <w>bort</w>
  <w>den</w>
  <w>eller</w>
  <w>köpa</w>
  <w>den</w>
  <w>vid</w>
  <w>en</w>
  <w>ombildningsprocess</w>
  <w>.</w>
  <w>Det</w>
  <w>är</w>
  <w>först</w>
  <w>då</w>
  <w>som</w>
  <w>karriären</w>
  <w>antas</w>
  <w>ta</w>
  <w>fart</w>
  <w>.</w>
  <w>Budskapet</w>
  <w>detta</w>
  <w>sänder</w>
  <w>till</w>
  <w>landets</w>
  <w>hyresgäster</w>
  <w>är</w>
  <w>att</w>
  <w>de</w>
  <w>valt</w>
  <absaspan id=28 senti=2>
    <w>fel</w>
  </absaspan>
  <absaspan id=29>
    <w>bostad</w>
  </absaspan>
  <w>och</w>
  <w>att</w>
  <w>bostadspolitikens</w>
  <w>främsta</w>
  <w>uppgift</w>
  <w>är</w>
  <w>att</w>
  <w>bereda</w>
  <w>vägen</w>
  <w>så</w>
  <w>att</w>
  <w>de</w>
  <w>kan</w>
  <w>lämna</w>
  <w>sitt</w>
  <w>fullserviceboende</w>
  <w>så</w>
  <w>snart</w>
  <w>som</w>
  <w>möjligt</w>
  <w>.</w>
</absapar>
<absapar id=6>
  <w>Men</w>
  <w>det</w>
  <w>är</w>
  <w>inte</w>
  <w>bara</w>
  <w>språket</w>
  <w>och</w>
  <w>attityden</w>
  <w>som</w>
  <absaspan id=30 senti=2>
    <w>avslöjar</w>
  </absaspan>
  <absaspan id=31>
    <w>vad</w>
    <w>politikerna</w>
    <w>anser</w>
    <w>om</w>
    <w>hyresrätten</w>
  </absaspan>
  <w>.</w>
  <w>Även</w>
  <absaspan id=32>
    <w>de</w>
    <w>faktiska</w>
    <w>skattereglerna</w>
  </absaspan>
  <absaspan id=33 senti=2>
    <w>är</w>
    <w>missgynnande</w>
  </absaspan>
  <w>.</w>
  <w>En</w>
  <w>nybyggd</w>
  <w>hyreslägenhet</w>
  <w>är</w>
  <w>2000</w>
  <w>kronor</w>
  <w>dyrare</w>
  <w>per</w>
  <w>månad</w>
  <w>än</w>
  <w>ett</w>
  <w>nybyggt</w>
  <w>småhus</w>
  <w>eller</w>
  <w>en</w>
  <w>bostadsrätt</w>
  <w>,</w>
  <w>enligt</w>
  <w>en</w>
  <w>rapport</w>
  <w>som</w>
  <w>Hyresgästföreningen</w>
  <w>,</w>
  <w>Fastighets-ägarna</w>
  <w>och</w>
  <w>SABO</w>
  <w>gemensamt</w>
  <w>tagit</w>
  <w>fram</w>
  <w>.</w>
</absapar>
<absapar id=7>
  <w>Det</w>
  <w>ägda</w>
  <w>boendet</w>
  <w>gynnas</w>
  <w>systematiskt</w>
  <w>genom</w>
  <w>skatter</w>
  <w>och</w>
  <w>avdrag</w>
  <w>.</w>
  <w>Hyresrätten</w>
  <w>har</w>
  <w>fått</w>
  <w>stå</w>
  <w>tillbaka</w>
  <w>,</w>
  <w>till</w>
  <w>exempel</w>
  <w>genom</w>
  <w>att</w>
  <w>ROT-avdraget</w>
  <w>endast</w>
  <w>gäller</w>
  <w>för</w>
  <w>villor</w>
  <w>och</w>
  <w>bostadsrätter</w>
  <w>.</w>
  <absaspan id=34>
    <w>Särbehandlingen</w>
  </absaspan>
  <absaspan id=35 senti=2>
    <w>borde</w>
    <w>stoppas</w>
  </absaspan>
  <w>och</w>
  <w>politikerna</w>
  <w>börja</w>
  <w>se</w>
  <w>hyresrätten</w>
  <w>,</w>
  <w>villan</w>
  <w>och</w>
  <w>bostadsrätten</w>
  <w>som</w>
  <w>goda</w>
  <w>boendeformer</w>
  <w>som</w>
  <w>kompletterar</w>
  <w>varandra</w>
  <w>.</w>
  <w>Det</w>
  <absaspan id=36 senti=4>
    <w>måste</w>
    <w>vara</w>
  </absaspan>
  <absaspan id=37>
    <w>upp</w>
    <w>till</w>
    <w>var</w>
    <w>och</w>
    <w>en</w>
    <w>att</w>
    <w>välja</w>
    <w>vilket</w>
    <w>boende</w>
    <w>som</w>
    <w>passar</w>
    <w>en</w>
    <w>bäst</w>
  </absaspan>
  <w>.</w>
  <w>Staten</w>
  <absaspan id=38 senti=2>
    <w>ska</w>
    <w>inte</w>
  </absaspan>
  <absaspan id=39>
    <w>styra</w>
    <w>var</w>
    <w>vi</w>
    <w>ska</w>
    <w>bo</w>
  </absaspan>
  <w>.</w>
  <w>Staten</w>
  <absaspan id=40 senti=2>
    <w>ska</w>
    <w>inte</w>
  </absaspan>
  <absaspan id=41>
    <w>styra</w>
    <w>hur</w>
    <w>mycket</w>
    <w>service</w>
    <w>vi</w>
    <w>vill</w>
    <w>ha</w>
    <w>i</w>
    <w>vårt</w>
    <w>boende</w>
  </absaspan>
  <w>.</w>
  <w>Staten</w>
  <absaspan id=42 senti=2>
    <w>ska</w>
    <w>inte</w>
  </absaspan>
  <absaspan id=43>
    <w>styra</w>
    <w>vad</w>
    <w>vi</w>
    <w>ska</w>
    <w>lägga</w>
    <w>våra</w>
    <w>sparpengar</w>
    <w>på</w>
  </absaspan>
  <w>.</w>
  <w>Det</w>
  <w>kan</w>
  <w>låta</w>
  <w>som</w>
  <w>självklarheter</w>
  <w>,</w>
  <w>men</w>
  <w>är</w>
  <w>det</w>
  <w>dessvärre</w>
  <w>inte</w>
  <w>.</w>
</absapar>
<absapar id=8>
  <w>I</w>
  <absaspan id=44>
    <w>partiledardebatter</w>
  </absaspan>
  <w>i</w>
  <w>samband</w>
  <w>med</w>
  <w>valet</w>
  <absaspan id=45 senti=2>
    <w>kopplades</w>
  </absaspan>
  <w>till</w>
  <w>exempel</w>
  <absaspan id=46>
    <w>boendet</w>
    <w>i</w>
    <w>hyresrätt</w>
  </absaspan>
  <absaspan id=47 senti=2>
    <w>ihop</w>
  </absaspan>
  <absaspan id=48 senti=2>
    <w>med</w>
    <w>socialbidragstagande</w>
  </absaspan>
  <w>och</w>
  <w>pekades</w>
  <w>ut</w>
  <w>som</w>
  <w>en</w>
  <w>orsak</w>
  <w>till</w>
  <w>ökande</w>
  <w>segregation</w>
  <w>.</w>
  <w>I</w>
  <w>bästa</w>
  <w>fall</w>
  <w>var</w>
  <w>det</w>
  <w>en</w>
  <w>groda</w>
  <w>i</w>
  <w>valdebattens</w>
  <w>hetta</w>
  <w>snarare</w>
  <w>än</w>
  <w>en</w>
  <w>politisk</w>
  <w>ståndpunkt</w>
  <w>.</w>
</absapar>
<absapar id=9>
  <w>Skräddarsydda</w>
  <w>kurser</w>
  <w>i</w>
  <w>ämnen</w>
  <w>som</w>
  <w>intresserar</w>
  <w>och</w>
  <w>engagerar</w>
  <w>både</w>
  <w>kropp</w>
  <w>och</w>
  <w>själ</w>
  <w>.</w>
</absapar>
<absapar id=10>
  <w>Oavsett</w>
  <w>vilket</w>
  <w>,</w>
  <absaspan id=49 senti=2>
    <w>degraderas</w>
    <w>tre</w>
    <w>miljoner</w>
    <w>människor</w>
  </absaspan>
  <w>till</w>
  <w>en</w>
  <w>andra</w>
  <w>klassens</w>
  <w>boende</w>
  <w>genom</w>
  <absaspan id=50>
    <w>den</w>
    <w>typen</w>
    <w>av</w>
    <w>associationer</w>
  </absaspan>
  <w>.</w>
  <w>Det</w>
  <w>är</w>
  <w>en</w>
  <absaspan id=51 senti=2>
    <w>omodern</w>
  </absaspan>
  <absaspan id=52>
    <w>syn</w>
  </absaspan>
  <w>som</w>
  <absaspan id=53 senti=2>
    <w>inte</w>
    <w>alls</w>
    <w>stämmer</w>
    <w>överens</w>
    <w>med</w>
    <w>verklig-heten</w>
  </absaspan>
  <w>.</w>
  <w>Tvärtom</w>
  <w>avslöjar</w>
  <w>den</w>
  <w>en</w>
  <w>betydande</w>
  <w>okunskap</w>
  <w>om</w>
  <w>den</w>
  <w>stora</w>
  <w>variation</w>
  <w>som</w>
  <w>råder</w>
  <w>på</w>
  <w>hyresmarknaden</w>
  <w>.</w>
  <w>Den</w>
  <w>bortser</w>
  <w>även</w>
  <w>från</w>
  <w>den</w>
  <w>utveckling</w>
  <w>som</w>
  <w>pågår</w>
  <w>för</w>
  <w>att</w>
  <w>skapa</w>
  <w>en</w>
  <w>ännu</w>
  <w>större</w>
  <w>bredd</w>
  <w>,</w>
  <w>med</w>
  <w>möjlighet</w>
  <w>för</w>
  <w>alla</w>
  <w>att</w>
  <w>finna</w>
  <w>just</w>
  <w>den</w>
  <w>sorts</w>
  <w>hyresrätt</w>
  <w>som</w>
  <w>de</w>
  <w>önskar</w>
  <w>.</w>
</absapar>
<absapar id=11>
  <w>I</w>
  <w>tisdags</w>
  <w>presenterades</w>
  <w>en</w>
  <w>ny</w>
  <w>regering</w>
  <w>.</w>
  <w>Stefan</w>
  <w>Attefall</w>
  <w>(</w>
  <w>KD</w>
  <w>)</w>
  <w>efterträder</w>
  <w>Mats</w>
  <w>Odell</w>
  <w>som</w>
  <w>bostadsminister</w>
  <w>.</w>
  <w>Om</w>
  <w>Attefall</w>
  <w>och</w>
  <w>alliansregeringen</w>
  <w>vill</w>
  <w>ge</w>
  <w>medborgarna</w>
  <w>en</w>
  <w>verklig</w>
  <w>valfrihet</w>
  <absaspan id=54 senti=4>
    <w>måste</w>
  </absaspan>
  <absaspan id=55>
    <w>hyresrättens</w>
    <w>status</w>
    <w>stärkas</w>
  </absaspan>
  <w>.</w>
  <w>Både</w>
  <w>ekonomiskt</w>
  <w>och</w>
  <w>i</w>
  <w>debatten</w>
  <w>.</w>
  <absaspan id=56 senti=4>
    <w>Ett</w>
    <w>första</w>
    <w>steg</w>
    <w>är</w>
  </absaspan>
  <absaspan id=57>
    <w>att</w>
    <w>sluta</w>
    <w>misskreditera</w>
    <w>hyresrätten</w>
  </absaspan>
  <w>–</w>
  <w>både</w>
  <w>i</w>
  <w>ord</w>
  <w>och</w>
  <w>i</w>
  <w>handling</w>
  <w>.</w>
  <w>Politikernas</w>
  <w>uppgift</w>
  <w>är</w>
  <w>inte</w>
  <w>att</w>
  <w>rangordna</w>
  <w>boende</w>
  <w>-</w>
  <w>former</w>
  <w>.</w>
</absapar>
<absapar id=12>
  <w>KURT</w>
  <w>ELIASSON</w>
  <w>.</w>
</absapar>
<absapar id=13>
  <w>SABO</w>
  <w>.</w>
</absapar>
<absapar id=14>
  <w>BARBRO</w>
  <w>ENGMAN</w>
  <w>.</w>
</absapar>
<absapar id=15>
  <w>Hyresgästföreningen</w>
  <w>.</w>
</absapar>
<absapar id=16>
  <w>REINHOLD</w>
  <w>LENNEBO</w>
  <w>.</w>
</absapar>
<absapar id=17>
  <w>Fastighetsägarna</w>
  <w>Sverige</w>
  <w>.</w>
</absapar>
<absapar id=18>
  <w>Redaktör</w>
  <w>:</w>
  <w>Carina</w>
  <w>Stensson</w>
  <w>,</w>
  <w>Biträdande</w>
  <w>redaktör</w>
  <w>:</w>
  <w>Björn</w>
  <w>Jorner</w>
  <w>,</w>
  <w>Mejl</w>
  <w>:</w>
  <w>debatt</w>
  <w>@</w>
  <w>svd.se</w>
  <w>,</w>
  <w>Telefonnummer</w>
  <w>:</w>
  <w>08</w>
  <w>-</w>
  <w>135149</w>
  <w>,</w>
  <w>Twitter</w>
  <w>:</w>
  <w>@</w>
  <w>SvDDebatt</w>
  <w>,</w>
  <w>Facebook</w>
  <w>:</w>
  <w>SvD</w>
  <w>Debatt</w>
  <w>.</w>
</absapar>
</absadoc>
