<absadoc annotators=1 senti=>
<absatitle>
  <absaspan id=1 senti=2 target=2>
    <w>Större</w>
    <w>risk</w>
    <w>för</w>
    <w>skador</w>
  </absaspan>
  <w>när</w>
  <absaspan id=2>
    <w>skogen</w>
    <w>blir</w>
    <w>äldre</w>
  </absaspan>
  <w>.</w>
</absatitle>
<absapar id=1>
  <w>De</w>
  <w>skogar</w>
  <w>som</w>
  <w>används</w>
  <w>för</w>
  <w>friluftsliv</w>
  <w>behöver</w>
  <w>inte</w>
  <w>undantas</w>
  <w>från</w>
  <w>skogsbruk</w>
  <w>,</w>
  <w>men</w>
  <w>brukandet</w>
  <w>kan</w>
  <w>i</w>
  <w>vissa</w>
  <w>fall</w>
  <w>behöva</w>
  <w>anpassas</w>
  <w>till</w>
  <w>friluftslivet.Helena</w>
  <w>Jonsson</w>
  <w>och</w>
  <w>Sven</w>
  <w>Erik</w>
  <w>Hammar</w>
  <w>.</w>
</absapar>
<absapar id=2>
  <w>Det</w>
  <w>här</w>
  <w>är</w>
  <w>en</w>
  <w>argumenterande</w>
  <w>text</w>
  <w>med</w>
  <w>syfte</w>
  <w>att</w>
  <w>påverka</w>
  <w>.</w>
  <w>Åsikterna</w>
  <w>som</w>
  <w>uttrycks</w>
  <w>är</w>
  <w>skribentens</w>
  <w>egna</w>
  <w>.</w>
</absapar>
<absapar id=3>
  <absaspan id=3>
    <w>Naturskyddsföreningen</w>
  </absaspan>
  <absaspan id=4 senti=4>
    <w>vill</w>
    <w>ha</w>
  </absaspan>
  <absaspan id=5>
    <w>en</w>
    <w>ny</w>
    <w>skogspolitik</w>
  </absaspan>
  <w>och</w>
  <w>lanserade</w>
  <w>delar</w>
  <w>av</w>
  <w>sitt</w>
  <w>förslag</w>
  <w>till</w>
  <w>en</w>
  <w>sådan</w>
  <w>på</w>
  <w>Brännpunkt</w>
  <w>7</w>
  <w>/</w>
  <w>4</w>
  <w>.</w>
  <absaspan id=6>
    <w>De</w>
  </absaspan>
  <w>kallar</w>
  <w>sitt</w>
  <w>förslag</w>
  <w>"</w>
  <absaspan id=7 senti=4>
    <w>Ny</w>
    <w>vår</w>
    <w>för</w>
  </absaspan>
  <absaspan id=8>
    <w>skogen</w>
  </absaspan>
  <w>"</w>
  <w>.</w>
  <w>Det</w>
  <w>kommer</w>
  <w>troligen</w>
  <w>inte</w>
  <w>att</w>
  <w>ge</w>
  <w>landets</w>
  <w>330</w>
  <w>000</w>
  <w>enskilda</w>
  <w>skogsägare</w>
  <w>några</w>
  <w>vidare</w>
  <w>vårkänslor</w>
  <w>.</w>
  <w>Dock</w>
  <w>tycker</w>
  <w>vi</w>
  <w>oss</w>
  <w>i</w>
  <w>texten</w>
  <w>ana</w>
  <absaspan id=9 senti=4>
    <w>möjligheter</w>
    <w>till</w>
    <w>en</w>
    <w>ny</w>
    <w>vår</w>
  </absaspan>
  <absaspan id=10>
    <w>i</w>
    <w>synen</w>
    <w>på</w>
    <w>naturskydd</w>
  </absaspan>
  <absaspan id=11>
    <w>.</w>
  </absaspan>
</absapar>
<absapar id=4>
  <absaspan id=12>
    <w>Vi</w>
  </absaspan>
  <absaspan id=13 senti=4>
    <w>ser</w>
    <w>det</w>
    <w>som</w>
    <w>positivt</w>
  </absaspan>
  <absaspan id=14>
    <w>att</w>
  </absaspan>
  <absaspan id=15>
    <w>Naturskyddsföreningen</w>
  </absaspan>
  <absaspan id=16 senti=4>
    <w>visar</w>
    <w>insikt</w>
  </absaspan>
  <absaspan id=17>
    <w>om</w>
    <w>att</w>
    <w>den</w>
    <w>brukade</w>
    <w>skogen</w>
    <w>kan</w>
    <w>rymma</w>
    <w>stora</w>
    <w>naturvärden</w>
  </absaspan>
  <w>.</w>
  <w>Man</w>
  <w>menar</w>
  <w>att</w>
  <w>en</w>
  <w>överhållning</w>
  <w>av</w>
  <w>skogen</w>
  <w>till</w>
  <w>över</w>
  <w>140</w>
  <w>år</w>
  <w>visserligen</w>
  <w>på</w>
  <w>kort</w>
  <w>sikt</w>
  <w>skulle</w>
  <w>ge</w>
  <w>minskade</w>
  <w>intäkter</w>
  <w>,</w>
  <w>men</w>
  <w>ändå</w>
  <w>över</w>
  <w>en</w>
  <w>längre</w>
  <w>period</w>
  <w>vara</w>
  <w>det</w>
  <w>ekonomiskt</w>
  <w>mest</w>
  <w>fördelaktiga</w>
  <w>.</w>
  <w>Även</w>
  <w>om</w>
  <absaspan id=18>
    <w>den</w>
    <w>ekonomiska</w>
    <w>slutsatsen</w>
  </absaspan>
  <absaspan id=19 senti=2>
    <w>är</w>
    <w>felaktig</w>
  </absaspan>
  <absaspan id=20 senti=4>
    <w>visar</w>
  </absaspan>
  <absaspan id=21>
    <w>resonemanget</w>
  </absaspan>
  <absaspan id=22 senti=4>
    <w>på</w>
  </absaspan>
  <absaspan id=23 senti=4>
    <w>en</w>
    <w>förståelse</w>
    <w>för</w>
  </absaspan>
  <w>att</w>
  <w>naturvärden</w>
  <w>kan</w>
  <w>byta</w>
  <w>plats</w>
  <w>i</w>
  <w>landskapet</w>
  <w>och</w>
  <w>att</w>
  <absaspan id=24>
    <w>brukade</w>
    <w>skogar</w>
  </absaspan>
  <absaspan id=25 senti=4>
    <w>är</w>
    <w>viktiga</w>
  </absaspan>
  <w>för</w>
  <w>den</w>
  <w>biologiska</w>
  <w>mångfalden</w>
  <w>på</w>
  <w>olika</w>
  <w>sätt</w>
  <w>under</w>
  <w>en</w>
  <w>omloppstid</w>
  <w>,</w>
  <w>även</w>
  <w>om</w>
  <w>de</w>
  <w>senare</w>
  <w>avverkas</w>
  <w>.</w>
  <w>Vi</w>
  <w>tror</w>
  <w>att</w>
  <w>samhällets</w>
  <w>naturvårdsinsatser</w>
  <w>i</w>
  <w>allt</w>
  <w>större</w>
  <w>omfattning</w>
  <w>måste</w>
  <w>kombineras</w>
  <w>med</w>
  <w>brukande</w>
  <w>för</w>
  <w>att</w>
  <w>klara</w>
  <w>alla</w>
  <w>de</w>
  <w>anspråk</w>
  <w>som</w>
  <w>ställs</w>
  <w>på</w>
  <w>skogen</w>
  <w>.</w>
</absapar>
<absapar id=5>
  <w>I</w>
  <w>Naturskyddsföreningens</w>
  <w>ekonomiska</w>
  <w>beräkningar</w>
  <absaspan id=26 senti=2>
    <w>tycks</w>
  </absaspan>
  <absaspan id=27>
    <w>man</w>
  </absaspan>
  <absaspan id=28 senti=2>
    <w>ha</w>
  </absaspan>
  <absaspan id=29 senti=2>
    <w>glömt</w>
  </absaspan>
  <w>de</w>
  <w>värdeminskningar</w>
  <w>som</w>
  <w>följer</w>
  <w>med</w>
  <w>rotröta</w>
  <w>och</w>
  <w>andra</w>
  <w>skaderisker</w>
  <w>som</w>
  <w>ökar</w>
  <w>med</w>
  <w>stigande</w>
  <w>ålder</w>
  <w>.</w>
  <w>För</w>
  <w>flertalet</w>
  <w>skogsägare</w>
  <w>,</w>
  <w>särskilt</w>
  <w>i</w>
  <w>södra</w>
  <w>Sverige</w>
  <w>där</w>
  <w>omloppstiderna</w>
  <w>är</w>
  <w>kortare</w>
  <w>,</w>
  <w>skulle</w>
  <absaspan id=30>
    <w>förslaget</w>
    <w>om</w>
    <w>20</w>
    <w>procent</w>
    <w>skog</w>
    <w>äldre</w>
    <w>än</w>
    <w>140</w>
    <w>år</w>
  </absaspan>
  <absaspan id=31 senti=2>
    <w>innebära</w>
    <w>helt</w>
    <w>uteblivna</w>
    <w>möjligheter</w>
  </absaspan>
  <w>till</w>
  <w>slutavverkning</w>
  <w>de</w>
  <w>kommande</w>
  <w>decennierna</w>
  <w>i</w>
  <w>väntan</w>
  <w>på</w>
  <w>att</w>
  <w>skog</w>
  <w>ska</w>
  <w>växa</w>
  <w>in</w>
  <w>i</w>
  <w>åldersklassen</w>
  <w>över</w>
  <w>140</w>
  <w>år</w>
  <w>.</w>
</absapar>
<absapar id=6>
  <absaspan id=32>
    <w>Förslaget</w>
  </absaspan>
  <absaspan id=33 senti=2>
    <w>rimmar</w>
    <w>också</w>
    <w>illa</w>
  </absaspan>
  <w>med</w>
  <w>att</w>
  <absaspan id=34>
    <w>Naturskyddsföreningen</w>
  </absaspan>
  <w>anser</w>
  <w>att</w>
  <w>det</w>
  <absaspan id=35 senti=4>
    <w>är</w>
    <w>viktigt</w>
  </absaspan>
  <absaspan id=36>
    <w>att</w>
    <w>förstärka</w>
    <w>skogens</w>
    <w>roll</w>
    <w>i</w>
    <w>arbetet</w>
    <w>med</w>
    <w>att</w>
    <w>motverka</w>
    <w>klimatförändringarna</w>
  </absaspan>
  <w>.</w>
  <w>Den</w>
  <w>gamla</w>
  <w>skogens</w>
  <w>avtagande</w>
  <w>tillväxt</w>
  <w>innebär</w>
  <w>nämligen</w>
  <w>ett</w>
  <w>lägre</w>
  <w>koldioxidupptag</w>
  <w>.</w>
  <w>Ny</w>
  <w>forskning</w>
  <w>visar</w>
  <w>att</w>
  <w>man</w>
  <w>får</w>
  <w>största</w>
  <w>klimatnyttan</w>
  <w>genom</w>
  <w>aktivt</w>
  <w>brukade</w>
  <w>skogar</w>
  <w>som</w>
  <w>ger</w>
  <w>hög</w>
  <w>tillväxt</w>
  <w>och</w>
  <w>därmed</w>
  <w>högt</w>
  <w>koldioxidupptag</w>
  <w>,</w>
  <w>kombinerat</w>
  <w>med</w>
  <w>användning</w>
  <w>av</w>
  <w>träråvara</w>
  <w>istället</w>
  <w>för</w>
  <w>fossila</w>
  <w>och</w>
  <w>energikrävande</w>
  <w>material</w>
  <w>.</w>
</absapar>
<absapar id=7>
  <absaspan id=37>
    <w>*</w>
  </absaspan>
  <absaspan id=38>
    <w>*</w>
    <w>I</w>
    <w>debattartikeln</w>
    <w>*</w>
    <w>*</w>
    <w>lyfts</w>
    <w>det</w>
    <w>faktum</w>
    <w>att</w>
    <w>allt</w>
    <w>fler</w>
    <w>väljer</w>
    <w>att</w>
    <w>bosätta</w>
    <w>sig</w>
    <w>i</w>
    <w>städerna</w>
    <w>,</w>
    <w>vilket</w>
    <w>ökar</w>
    <w>betydelsen</w>
    <w>av</w>
    <w>de</w>
    <w>tätortsnära</w>
    <w>skogarna</w>
    <w>eftersom</w>
  </absaspan>
  <absaspan id=39>
    <w>vi</w>
    <w>svenskar</w>
  </absaspan>
  <absaspan id=40 senti=4>
    <w>har</w>
    <w>en</w>
    <w>stark</w>
    <w>känslomässig</w>
    <w>relation</w>
    <w>till</w>
  </absaspan>
  <absaspan id=41>
    <w>skogen</w>
  </absaspan>
  <w>.</w>
  <absaspan id=42>
    <w>Vi</w>
  </absaspan>
  <absaspan id=43 senti=4>
    <w>instämmer</w>
    <w>i</w>
  </absaspan>
  <absaspan id=44>
    <w>detta</w>
  </absaspan>
  <w>och</w>
  <w>tror</w>
  <w>att</w>
  <w>det</w>
  <absaspan id=45 senti=4>
    <w>är</w>
    <w>viktigt</w>
  </absaspan>
  <absaspan id=46>
    <w>att</w>
    <w>människans</w>
    <w>behov</w>
    <w>sätts</w>
    <w>i</w>
    <w>centrum</w>
    <w>i</w>
    <w>användningen</w>
    <w>av</w>
    <w>skogen</w>
  </absaspan>
  <w>.</w>
  <w>I</w>
  <w>dagens</w>
  <w>naturvårdsarbete</w>
  <w>,</w>
  <w>som</w>
  <w>nästan</w>
  <w>uteslutande</w>
  <w>fokuserar</w>
  <w>på</w>
  <w>rödlistade</w>
  <w>arter</w>
  <w>,</w>
  <w>glöms</w>
  <w>ofta</w>
  <w>människan</w>
  <w>bort</w>
  <w>.</w>
  <w>De</w>
  <w>skogar</w>
  <w>som</w>
  <w>används</w>
  <w>för</w>
  <w>friluftsliv</w>
  <w>behöver</w>
  <w>inte</w>
  <w>undantas</w>
  <w>från</w>
  <w>skogsbruk</w>
  <w>,</w>
  <w>men</w>
  <absaspan id=47>
    <w>brukandet</w>
  </absaspan>
  <absaspan id=48>
    <w>kan</w>
    <w>i</w>
    <w>vissa</w>
    <w>fall</w>
    <w>behöva</w>
    <w>anpassas</w>
    <w>till</w>
    <w>friluftslivet</w>
  </absaspan>
  <w>.</w>
  <w>För</w>
  <w>en</w>
  <w>markägare</w>
  <w>som</w>
  <w>har</w>
  <w>en</w>
  <w>stor</w>
  <w>del</w>
  <w>av</w>
  <w>sin</w>
  <w>skog</w>
  <w>i</w>
  <absaspan id=49 senti=4>
    <w>välbesökta</w>
  </absaspan>
  <absaspan id=50>
    <w>områden</w>
  </absaspan>
  <absaspan id=51 senti=2>
    <w>kan</w>
  </absaspan>
  <absaspan id=52>
    <w>en</w>
    <w>sådan</w>
    <w>anpassning</w>
  </absaspan>
  <absaspan id=53 senti=2>
    <w>ge</w>
  </absaspan>
  <absaspan id=54 senti=2>
    <w>mycket</w>
    <w>kännbara</w>
    <w>ekonomiska</w>
    <w>avbräck</w>
  </absaspan>
  <w>.</w>
  <w>För</w>
  <w>att</w>
  <w>hantera</w>
  <w>detta</w>
  <absaspan id=55 senti=4>
    <w>behövs</w>
  </absaspan>
  <absaspan id=56>
    <w>nya</w>
    <w>verktyg</w>
    <w>där</w>
    <w>brukande</w>
    <w>och</w>
    <w>bevarande</w>
    <w>kombineras</w>
  </absaspan>
  <w>,</w>
  <w>till</w>
  <w>exempel</w>
  <w>frivilliga</w>
  <w>avtal</w>
  <w>där</w>
  <w>markägare</w>
  <w>ersätts</w>
  <w>för</w>
  <w>sina</w>
  <w>merkostnader</w>
  <w>och</w>
  <w>uteblivna</w>
  <w>intäkter</w>
  <w>.</w>
</absapar>
<absapar id=8>
  <w>Skräddarsydda</w>
  <w>kurser</w>
  <w>i</w>
  <w>ämnen</w>
  <w>som</w>
  <w>intresserar</w>
  <w>och</w>
  <w>engagerar</w>
  <w>både</w>
  <w>kropp</w>
  <w>och</w>
  <w>själ</w>
  <w>.</w>
</absapar>
<absapar id=9>
  <absaspan id=57>
    <w>Vi</w>
  </absaspan>
  <absaspan id=58 senti=3>
    <w>vill</w>
    <w>uppmana</w>
  </absaspan>
  <absaspan id=59>
    <w>Naturskyddsföreningen</w>
  </absaspan>
  <w>att</w>
  <w>istället</w>
  <w>för</w>
  <w>att</w>
  <w>ropa</w>
  <w>på</w>
  <w>en</w>
  <w>ny</w>
  <w>skogspolitisk</w>
  <w>utredning</w>
  <w>satsa</w>
  <w>på</w>
  <w>att</w>
  <w>aktivt</w>
  <w>delta</w>
  <w>i</w>
  <w>arbetet</w>
  <w>med</w>
  <w>det</w>
  <w>nationella</w>
  <w>skogsprogrammet</w>
  <w>.</w>
  <w>Där</w>
  <w>finns</w>
  <w>möjlighet</w>
  <w>att</w>
  <w>föra</w>
  <w>en</w>
  <absaspan id=60 senti=4>
    <w>konstruktiv</w>
  </absaspan>
  <absaspan id=61>
    <w>dialog</w>
  </absaspan>
  <w>om</w>
  <w>skogens</w>
  <w>användning</w>
  <w>och</w>
  <w>anlägga</w>
  <w>en</w>
  <w>helhetssyn</w>
  <w>på</w>
  <w>skogen</w>
  <w>som</w>
  <w>resurs</w>
  <w>för</w>
  <w>att</w>
  <w>ställa</w>
  <w>om</w>
  <w>Sverige</w>
  <w>till</w>
  <w>ett</w>
  <w>mer</w>
  <w>biobaserat</w>
  <w>samhälle</w>
  <w>.</w>
  <absaspan id=62>
    <w>Det</w>
    <w>nationella</w>
    <w>skogsprogrammet</w>
  </absaspan>
  <absaspan id=63 senti=4>
    <w>kan</w>
  </absaspan>
  <w>,</w>
  <w>om</w>
  <absaspan id=64>
    <w>vi</w>
    <w>alla</w>
  </absaspan>
  <absaspan id=65 senti=4>
    <w>gör</w>
    <w>vårt</w>
    <w>bästa</w>
  </absaspan>
  <w>,</w>
  <absaspan id=66 senti=4>
    <w>leda</w>
  </absaspan>
  <absaspan id=67 senti=4>
    <w>till</w>
    <w>en</w>
    <w>ny</w>
    <w>vår</w>
    <w>för</w>
  </absaspan>
  <w>både</w>
  <w>skogen</w>
  <w>,</w>
  <w>skogsägaren</w>
  <w>och</w>
  <w>samhället</w>
  <w>.</w>
</absapar>
<absapar id=10>
  <w>HELENA</w>
  <w>JONSSON</w>
  <w>.</w>
</absapar>
<absapar id=11>
  <w>förbundsordförande</w>
  <w>LRF</w>
  <w>.</w>
</absapar>
<absapar id=12>
  <w>SVEN</w>
  <w>ERIK</w>
  <w>HAMMAR</w>
  <w>.</w>
</absapar>
<absapar id=13>
  <w>ordförande</w>
  <w>LRF</w>
  <w>Skogsägarna</w>
  <w>.</w>
</absapar>
<absapar id=14>
  <w>Redaktör</w>
  <w>:</w>
  <w>Carina</w>
  <w>Stensson</w>
  <w>,</w>
  <w>Biträdande</w>
  <w>redaktör</w>
  <w>:</w>
  <w>Björn</w>
  <w>Jorner</w>
  <w>,</w>
  <w>Mejl</w>
  <w>:</w>
  <w>debatt</w>
  <w>@</w>
  <w>svd.se</w>
  <w>,</w>
  <w>Telefonnummer</w>
  <w>:</w>
  <w>08</w>
  <w>-</w>
  <w>135149</w>
  <w>,</w>
  <w>Twitter</w>
  <w>:</w>
  <w>@</w>
  <w>SvDDebatt</w>
  <w>,</w>
  <w>Facebook</w>
  <w>:</w>
  <w>SvD</w>
  <w>Debatt</w>
  <w>.</w>
</absapar>
</absadoc>
