<absadoc annotators=1 senti=0>
<absatitle>
  <w>Moderaternas</w>
  <w>SD-inspirerade</w>
  <w>politik</w>
  <w>-</w>
  <w>Samlingstråd</w>
  <w>[</w>
  <w>Sammanf</w>
  <w>/</w>
  <w>Mod</w>
  <w>]</w>
  <w>.</w>
</absatitle>
<absapar id=1 senti=3>
  <absaspan id=1>
    <w>Moderaterna</w>
  </absaspan>
  <absaspan id=2 senti=5>
    <w>går</w>
    <w>från</w>
    <w>klarhet</w>
    <w>till</w>
    <w>klarhet</w>
  </absaspan>
  <w>.</w>
  <w>Nyligen</w>
  <w>sa</w>
  <w>de</w>
  <w>att</w>
  <absaspan id=3>
    <w>de</w>
  </absaspan>
  <absaspan id=4 senti=4>
    <w>vill</w>
  </absaspan>
  <absaspan id=5>
    <w>att</w>
    <w>sexualbrottslingars</w>
    <w>etnicitet</w>
    <w>ska</w>
    <w>kartläggas</w>
  </absaspan>
  <w>.</w>
  <w>Idag</w>
  <w>säger</w>
  <w>man</w>
  <w>att</w>
  <w>invandringen</w>
  <w>har</w>
  <w>varit</w>
  <w>olönsam</w>
  <w>sedan</w>
  <w>90</w>
  <w>-</w>
  <w>talet</w>
  <w>.</w>
</absapar>
<absapar id=2>
  <absaspan id=6 senti=4>
    <w>Är</w>
  </absaspan>
  <absaspan id=7>
    <w>Moderaterna</w>
  </absaspan>
  <absaspan id=8 senti=4>
    <w>ett</w>
  </absaspan>
  <absaspan id=9 senti=4>
    <w>seriöst</w>
    <w>alternativ</w>
  </absaspan>
  <w>för</w>
  <w>en</w>
  <w>Sverigevän</w>
  <w>valet</w>
  <w>2018</w>
  <w>?</w>
  <w>Det</w>
  <w>börjar</w>
  <w>kännas</w>
  <w>som</w>
  <w>det</w>
  <w>.</w>
</absapar>
</absadoc>
