<absadoc annotators=1 senti=3>
<absatitle>
  <absaspan id=1 senti=4 target=2>
    <w>Intressant</w>
  </absaspan>
  <absaspan id=2>
    <w>statistik</w>
  </absaspan>
  <w>angående</w>
  <w>barn</w>
  <w>med</w>
  <w>blandad</w>
  <w>etnisk</w>
  <w>härkomst</w>
  <w>i</w>
  <w>Sverige</w>
  <w>.</w>
</absatitle>
<absapar id=1>
  <w>Det</w>
  <w>finns</w>
  <w>inte</w>
  <w>särskilt</w>
  <w>mycket</w>
  <w>statistik</w>
  <w>att</w>
  <w>gå</w>
  <w>på</w>
  <w>när</w>
  <w>man</w>
  <w>vill</w>
  <w>hitta</w>
  <w>hur</w>
  <w>stor</w>
  <w>andelen</w>
  <w>med</w>
  <w>en</w>
  <w>svensk</w>
  <w>och</w>
  <w>en</w>
  <w>utländsk</w>
  <w>förälder</w>
  <w>är</w>
  <w>dock</w>
  <w>så</w>
  <w>har</w>
  <w>jag</w>
  <w>nu</w>
  <w>skuggat</w>
  <w>igenom</w>
  <absaspan id=3>
    <w>en</w>
  </absaspan>
  <absaspan id=4 senti=4>
    <w>intressant</w>
  </absaspan>
  <absaspan id=5>
    <w>länk</w>
    <w>från</w>
    <w>statistiska</w>
    <w>centralbyrån</w>
  </absaspan>
  <w>som</w>
  <w>går</w>
  <w>igenom</w>
  <w>detta</w>
  <w>ämne</w>
  <absaspan id=6 senti=5>
    <w>enkelt</w>
    <w>och</w>
    <w>bra</w>
  </absaspan>
  <w>.</w>
</absapar>
<absapar id=2>
  <w>Efter</w>
  <w>blandingen</w>
  <w>svens-finsk</w>
  <w>förälder</w>
  <w>så</w>
  <w>ser</w>
  <w>det</w>
  <w>alltså</w>
  <w>ut</w>
  <w>som</w>
  <w>följande</w>
  <w>,</w>
  <w>svenska</w>
  <w>kvinnor</w>
  <w>skaffar</w>
  <w>oftast</w>
  <w>barn</w>
  <w>med</w>
  <w>jugoslaviska</w>
  <w>och</w>
  <w>turkiska</w>
  <w>män</w>
  <w>och</w>
  <w>svenska</w>
  <w>män</w>
  <w>skaffar</w>
  <w>oftare</w>
  <w>barn</w>
  <w>med</w>
  <w>kvinnor</w>
  <w>från</w>
  <w>Ryssland</w>
  <w>,</w>
  <w>Polen</w>
  <w>och</w>
  <w>Thailand</w>
  <w>.</w>
</absapar>
<absapar id=3>
  <w>Det</w>
  <w>finns</w>
  <w>två</w>
  <w>andra</w>
  <absaspan id=7 senti=4>
    <w>intressanta</w>
  </absaspan>
  <absaspan id=8>
    <w>länkar</w>
    <w>som</w>
    <w>visar</w>
    <w>statitistiken</w>
    <w>gällande</w>
    <w>antal</w>
    <w>barn</w>
    <w>födda</w>
    <w>med</w>
    <w>en</w>
    <w>utländsk</w>
    <w>/</w>
    <w>inrikes</w>
    <w>född</w>
    <w>mamma</w>
    <w>och</w>
    <w>en</w>
    <w>utländsk</w>
    <w>/</w>
    <w>inrikes</w>
    <w>född</w>
    <w>pappa</w>
    <w>och</w>
    <w>vilken</w>
    <w>nationalitet</w>
    <w>de</w>
    <w>utländskt</w>
    <w>födda</w>
    <w>föräldrarna</w>
    <w>har</w>
  </absaspan>
  <w>,</w>
  <w>jag</w>
  <w>sökte</w>
  <w>igenom</w>
  <w>information</w>
  <w>angående</w>
  <w>detta</w>
  <w>genom</w>
  <w>dessa</w>
  <w>två</w>
  <w>länkar</w>
  <w>och</w>
  <w>fann</w>
  <w>en</w>
  <w>del</w>
  <absaspan id=9 senti=4>
    <w>intressanta</w>
  </absaspan>
  <absaspan id=10>
    <w>saker</w>
  </absaspan>
  <w>:</w>
  <w>.</w>
</absapar>
<absapar id=4>
  <w>Utländsk</w>
  <w>mamma</w>
  <w>/</w>
  <w>inrikes</w>
  <w>född</w>
  <w>pappa</w>
  <w>:</w>
  <w>.</w>
</absapar>
<absapar id=5>
  <w>#</w>
  <w>P</w>
  <w>IMM</w>
  <w>.</w>
  <w>8798</w>
  <w>Barn</w>
  <w>är</w>
  <w>födda</w>
  <w>till</w>
  <w>en</w>
  <w>Thailändskfödd</w>
  <w>mamma</w>
  <w>och</w>
  <w>en</w>
  <w>svenskfödd</w>
  <w>pappa</w>
  <w>.</w>
</absapar>
<absapar id=6>
  <w>#</w>
  <w>P</w>
  <w>IMM</w>
  <w>.</w>
  <w>3143</w>
  <w>Barn</w>
  <w>är</w>
  <w>födda</w>
  <w>till</w>
  <w>en</w>
  <w>Ryskfödd</w>
  <w>mamma</w>
  <w>och</w>
  <w>svenskfödd</w>
  <w>pappa</w>
  <w>.</w>
</absapar>
<absapar id=7>
  <w>#</w>
  <w>P</w>
  <w>IMM</w>
  <w>.</w>
  <w>14479</w>
  <w>Barn</w>
  <w>är</w>
  <w>födda</w>
  <w>till</w>
  <w>en</w>
  <w>polskfödd</w>
  <w>mamma</w>
  <w>och</w>
  <w>en</w>
  <w>svenskfödd</w>
  <w>pappa</w>
  <w>.</w>
</absapar>
<absapar id=8>
  <w>Inrikes</w>
  <w>född</w>
  <w>mamma</w>
  <w>/</w>
  <w>utländsk</w>
  <w>pappa</w>
  <w>:</w>
  <w>.</w>
</absapar>
<absapar id=9>
  <w>#</w>
  <w>P</w>
  <w>IMM</w>
  <w>.</w>
  <w>28989</w>
  <w>Barn</w>
  <w>födda</w>
  <w>till</w>
  <w>en</w>
  <w>jugoslavisk</w>
  <w>född</w>
  <w>pappa</w>
  <w>och</w>
  <w>en</w>
  <w>svenskfödd</w>
  <w>mamma</w>
  <w>.</w>
</absapar>
<absapar id=10>
  <w>#</w>
  <w>P</w>
  <w>IMM</w>
  <w>.</w>
  <w>24264</w>
  <w>Barn</w>
  <w>födda</w>
  <w>till</w>
  <w>en</w>
  <w>Turkisk</w>
  <w>född</w>
  <w>pappa</w>
  <w>och</w>
  <w>en</w>
  <w>svenskfödd</w>
  <w>mamma</w>
  <w>.</w>
</absapar>
<absapar id=11>
  <w>#</w>
  <w>P</w>
  <w>IMM</w>
  <w>.</w>
  <w>19106</w>
  <w>Barn</w>
  <w>födda</w>
  <w>till</w>
  <w>en</w>
  <w>Libanesisk</w>
  <w>född</w>
  <w>pappa</w>
  <w>och</w>
  <w>en</w>
  <w>svenskfödd</w>
  <w>mamma</w>
  <w>.</w>
</absapar>
<absapar id=12>
  <w>Nu</w>
  <w>betyder</w>
  <w>inte</w>
  <w>alla</w>
  <w>dessa</w>
  <w>siffror</w>
  <w>att</w>
  <w>det</w>
  <w>verkligen</w>
  <w>rör</w>
  <w>sig</w>
  <w>om</w>
  <w>blandade</w>
  <w>par</w>
  <w>,</w>
  <w>en</w>
  <w>hel</w>
  <w>del</w>
  <w>av</w>
  <w>dessa</w>
  <w>rör</w>
  <w>sig</w>
  <w>om</w>
  <w>samma</w>
  <w>etnicitet</w>
  <w>men</w>
  <w>födda</w>
  <w>i</w>
  <w>olika</w>
  <w>länder</w>
  <w>.</w>
  <w>Dock</w>
  <w>så</w>
  <w>är</w>
  <w>en</w>
  <w>stor</w>
  <w>majoritet</w>
  <w>av</w>
  <w>barnen</w>
  <w>med</w>
  <w>en</w>
  <w>thailändsk</w>
  <w>född</w>
  <w>mamma</w>
  <w>naturligtvis</w>
  <w>blandade</w>
  <w>vilket</w>
  <w>man</w>
  <w>tydligt</w>
  <w>kan</w>
  <w>se</w>
  <w>med</w>
  <w>en</w>
  <w>mycket</w>
  <w>mindre</w>
  <w>andel</w>
  <w>födda</w>
  <w>med</w>
  <w>en</w>
  <w>Thailändsködd</w>
  <w>pappa</w>
  <w>,</w>
  <w>troligen</w>
  <w>även</w>
  <w>barnen</w>
  <w>med</w>
  <w>en</w>
  <w>ryskfödd</w>
  <w>mamma</w>
  <w>.</w>
</absapar>
<absapar id=13 senti=3>
  <absaspan id=11>
    <w>Statistiken</w>
  </absaspan>
  <absaspan id=12 senti=4>
    <w>är</w>
  </absaspan>
  <w>dock</w>
  <absaspan id=13 senti=4>
    <w>helt</w>
  </absaspan>
  <absaspan id=14 senti=4>
    <w>klart</w>
    <w>intressant</w>
  </absaspan>
  <w>och</w>
  <w>ger</w>
  <w>ett</w>
  <w>hum</w>
  <w>om</w>
  <w>hur</w>
  <w>det</w>
  <w>ligger</w>
  <w>till</w>
  <w>,</w>
  <w>barnen</w>
  <w>med</w>
  <w>en</w>
  <w>svenskfödd</w>
  <w>pappa</w>
  <w>och</w>
  <w>en</w>
  <w>utländsk</w>
  <w>född</w>
  <w>mamma</w>
  <w>så</w>
  <w>har</w>
  <w>mamman</w>
  <w>oftast</w>
  <w>rötter</w>
  <w>i</w>
  <w>Östeuropa</w>
  <w>och</w>
  <w>Asien</w>
  <w>,</w>
  <w>barnen</w>
  <w>till</w>
  <w>en</w>
  <w>svenskfödd</w>
  <w>mamma</w>
  <w>och</w>
  <w>en</w>
  <w>utländsk</w>
  <w>född</w>
  <w>pappa</w>
  <w>så</w>
  <w>har</w>
  <w>pappan</w>
  <w>oftast</w>
  <w>rötter</w>
  <w>i</w>
  <w>Mellanöstern</w>
  <w>och</w>
  <w>även</w>
  <w>Jugoslavien</w>
  <w>och</w>
  <w>Afrika</w>
  <w>.</w>
</absapar>
<absapar id=14>
  <w>.</w>
  <w>*</w>
  <w>Vad</w>
  <w>säger</w>
  <w>ni</w>
  <w>om</w>
  <w>denna</w>
  <w>statistik</w>
  <w>?</w>
  <w>Något</w>
  <w>som</w>
  <w>förvånade</w>
  <w>/</w>
  <w>överraskade</w>
  <w>er</w>
  <w>?</w>
  <w>Vad</w>
  <w>beror</w>
  <w>skillnaderna</w>
  <w>på</w>
  <w>vad</w>
  <w>gällande</w>
  <w>härkomst</w>
  <w>och</w>
  <w>så</w>
  <w>vidare</w>
  <w>?</w>
  <w>Kommer</w>
  <w>detta</w>
  <w>förändras</w>
  <w>i</w>
  <w>framtiden</w>
  <w>eller</w>
  <w>kommer</w>
  <w>det</w>
  <w>fortsätta</w>
  <w>se</w>
  <w>ut</w>
  <w>som</w>
  <w>det</w>
  <w>gör</w>
  <w>idag</w>
  <w>på</w>
  <w>denna</w>
  <w>front</w>
  <w>?</w>
  <w>.</w>
</absapar>
</absadoc>
