<absadoc annotators=1 senti=>
<absatitle>
  <absaspan id=1 senti=4 target=2>
    <w>Underlätta</w>
  </absaspan>
  <absaspan id=2>
    <w>pendlingen</w>
    <w>i</w>
    <w>Mälardalen</w>
  </absaspan>
  <w>.</w>
</absatitle>
<absapar id=1>
  <absaspan id=3>
    <w>Mälardalens</w>
  </absaspan>
  <absaspan id=4>
    <w>län</w>
  </absaspan>
  <absaspan id=5 senti=5>
    <w>bör</w>
    <w>ha</w>
  </absaspan>
  <absaspan id=6>
    <w>norra</w>
    <w>Europas</w>
    <w>bästa</w>
    <w>lösning</w>
    <w>för</w>
    <w>tågpendling</w>
  </absaspan>
  <w>och</w>
  <w>annat</w>
  <w>resande</w>
  <w>.</w>
  <absaspan id=7>
    <w>Det</w>
  </absaspan>
  <absaspan id=8 senti=5>
    <w>skulle</w>
    <w>göra</w>
    <w>positiv</w>
    <w>skillnad</w>
  </absaspan>
  <w>för</w>
  <w>både</w>
  <w>företag</w>
  <w>och</w>
  <w>annan</w>
  <w>verksamhet</w>
  <w>i</w>
  <w>regionen</w>
  <w>,</w>
  <w>liksom</w>
  <w>för</w>
  <w>de</w>
  <w>många</w>
  <w>människor</w>
  <w>som</w>
  <w>bor</w>
  <w>och</w>
  <w>arbetar</w>
  <w>här</w>
  <w>.</w>
  <w>Men</w>
  <w>då</w>
  <w>gäller</w>
  <w>det</w>
  <w>att</w>
  <w>regionens</w>
  <w>beslutsfattare</w>
  <w>tar</w>
  <w>ett</w>
  <w>samhällsansvar</w>
  <w>över</w>
  <w>sina</w>
  <w>länsgränser</w>
  <w>,</w>
  <w>skriver</w>
  <w>flera</w>
  <w>debattörer</w>
  <w>.</w>
</absapar>
<absapar id=2>
  <absaspan id=9 senti=4>
    <w>Bättre</w>
    <w>förutsättningar</w>
    <w>för</w>
  </absaspan>
  <absaspan id=10>
    <w>tågpendlingen</w>
    <w>i</w>
    <w>Mälardalen</w>
  </absaspan>
  <w>kräver</w>
  <w>att</w>
  <w>beslutsfattare</w>
  <w>agerar</w>
  <w>.</w>
  <w>Vi</w>
  <w>har</w>
  <w>identifierat</w>
  <w>två</w>
  <absaspan id=11 senti=2>
    <w>knäckfrågor</w>
  </absaspan>
  <w>som</w>
  <w>är</w>
  <w>avgörande</w>
  <w>om</w>
  <absaspan id=12>
    <w>Mälardalsregionen</w>
  </absaspan>
  <w>ska</w>
  <w>fortsätta</w>
  <w>vara</w>
  <absaspan id=13 senti=2>
    <w>attraktiv</w>
    <w>för</w>
    <w>jobb</w>
    <w>och</w>
    <w>företagande</w>
  </absaspan>
  <w>:</w>
  <w>.</w>
</absapar>
<absapar id=3>
  <w>Det</w>
  <w>här</w>
  <w>är</w>
  <w>en</w>
  <w>argumenterande</w>
  <w>text</w>
  <w>med</w>
  <w>syfte</w>
  <w>att</w>
  <w>påverka</w>
  <w>.</w>
  <w>Åsikterna</w>
  <w>som</w>
  <w>uttrycks</w>
  <w>är</w>
  <w>skribentens</w>
  <w>egna</w>
  <w>.</w>
</absapar>
<absapar id=4>
  <w>#</w>
  <w>P</w>
  <w>IMM</w>
  <w>.</w>
  <w>1</w>
  <w>.</w>
  <w>Vidga</w>
  <w>Stockholmsperspektivet</w>
  <w>.</w>
  <w>I</w>
  <w>dag</w>
  <w>kör</w>
  <w>två</w>
  <w>helt</w>
  <w>skilda</w>
  <w>tågsystem</w>
  <w>pendlingstrafiken</w>
  <w>i</w>
  <w>Stockholm</w>
  <w>och</w>
  <w>Mälardalen</w>
  <w>.</w>
  <w>Dels</w>
  <w>de</w>
  <w>olika</w>
  <w>länens</w>
  <w>egen</w>
  <w>spårtrafik</w>
  <w>(</w>
  <w>till</w>
  <w>exempel</w>
  <w>SL</w>
  <w>:</w>
  <w>s</w>
  <w>pendeltåg</w>
  <w>och</w>
  <w>tunnelbana</w>
  <w>)</w>
  <w>,</w>
  <w>dels</w>
  <w>SJ</w>
  <w>:</w>
  <w>s</w>
  <w>regionaltåg</w>
  <w>till</w>
  <w>angränsande</w>
  <w>län</w>
  <w>,</w>
  <w>kallat</w>
  <w>TiM</w>
  <w>(</w>
  <w>Trafik</w>
  <w>i</w>
  <w>Mälardalen</w>
  <w>)</w>
  <w>.</w>
  <absaspan id=14>
    <w>Dagens</w>
    <w>regionaltågstrafik</w>
  </absaspan>
  <w>körs</w>
  <w>av</w>
  <w>SJ</w>
  <w>och</w>
  <absaspan id=15 senti=2>
    <w>upplevs</w>
  </absaspan>
  <w>av</w>
  <absaspan id=16>
    <w>pendlarna</w>
  </absaspan>
  <absaspan id=17 senti=2>
    <w>som</w>
  </absaspan>
  <absaspan id=18 senti=2>
    <w>bristande</w>
  </absaspan>
  <w>då</w>
  <w>det</w>
  <w>oavsett</w>
  <w>väder</w>
  <absaspan id=19 senti=1>
    <w>råder</w>
    <w>ständiga</w>
    <w>förseningar</w>
    <w>och</w>
    <w>störningar</w>
  </absaspan>
  <w>.</w>
  <absaspan id=20>
    <w>Det</w>
    <w>goda</w>
    <w>trafiksystem</w>
    <w>som</w>
    <w>utlovades</w>
    <w>för</w>
    <w>drygt</w>
    <w>15</w>
    <w>år</w>
    <w>sedan</w>
  </absaspan>
  <absaspan id=21 senti=2>
    <w>har</w>
    <w>inte</w>
    <w>kommit</w>
    <w>till</w>
    <w>stånd</w>
  </absaspan>
  <w>.</w>
</absapar>
<absapar id=5>
  <absaspan id=22>
    <w>Framkomligheten</w>
    <w>på</w>
    <w>järnvägsnätet</w>
    <w>i</w>
    <w>Mälardalen</w>
  </absaspan>
  <w>är</w>
  <w>så</w>
  <absaspan id=23 senti=1>
    <w>nedsatt</w>
  </absaspan>
  <w>att</w>
  <w>det</w>
  <w>på</w>
  <w>vissa</w>
  <w>banor</w>
  <w>inte</w>
  <w>går</w>
  <w>att</w>
  <w>sätta</w>
  <w>in</w>
  <w>fler</w>
  <w>tåg</w>
  <w>trots</w>
  <w>behov</w>
  <w>.</w>
  <w>Det</w>
  <w>råder</w>
  <w>en</w>
  <w>konkurrens</w>
  <w>om</w>
  <w>spårkapacitet</w>
  <w>mellan</w>
  <w>å</w>
  <w>ena</w>
  <w>sidan</w>
  <w>regionaltåg</w>
  <w>(</w>
  <w>SJ</w>
  <w>)</w>
  <w>och</w>
  <w>lokala</w>
  <w>pendeltåg</w>
  <w>(</w>
  <w>SL</w>
  <w>)</w>
  <w>,</w>
  <w>å</w>
  <w>andra</w>
  <w>sidan</w>
  <w>mellan</w>
  <w>regionaltåg</w>
  <w>(</w>
  <w>SJ</w>
  <w>)</w>
  <w>och</w>
  <w>interregionala</w>
  <w>snabbtåg</w>
  <w>(</w>
  <w>SJ</w>
  <w>med</w>
  <w>flera</w>
  <w>företag</w>
  <w>)</w>
  <w>.</w>
  <absaspan id=24>
    <w>De</w>
    <w>infrastruktursatsningar</w>
    <w>som</w>
    <w>i</w>
    <w>dag</w>
    <w>görs</w>
  </absaspan>
  <absaspan id=25 senti=2>
    <w>riskerar</w>
    <w>att</w>
    <w>bära</w>
    <w>liten</w>
    <w>frukt</w>
  </absaspan>
  <w>inom</w>
  <w>en</w>
  <w>rimlig</w>
  <w>framtid</w>
  <w>;</w>
  <w>Mälarbanan</w>
  <w>är</w>
  <w>exempel</w>
  <w>på</w>
  <w>en</w>
  <w>sådan</w>
  <w>sträcka</w>
  <w>där</w>
  <w>endast</w>
  <w>delar</w>
  <w>av</w>
  <w>satsningarna</w>
  <w>är</w>
  <w>finansierade</w>
  <w>trots</w>
  <w>att</w>
  <w>hela</w>
  <w>sträckan</w>
  <w>ingår</w>
  <w>i</w>
  <w>Trafikverkets</w>
  <w>nationella</w>
  <w>plan</w>
  <w>.</w>
</absapar>
<absapar id=6>
  <w>#</w>
  <w>P</w>
  <w>IMM</w>
  <w>.</w>
  <w>2</w>
  <w>.</w>
  <w>Samordna</w>
  <w>biljettpriser</w>
  <w>över</w>
  <w>länsgränserna</w>
  <w>.</w>
  <w>Priset</w>
  <w>för</w>
  <w>ett</w>
  <w>30</w>
  <w>-</w>
  <w>dagarskort</w>
  <w>skiljer</w>
  <w>sig</w>
  <w>avsevärt</w>
  <w>åt</w>
  <w>om</w>
  <w>man</w>
  <w>pendlar</w>
  <w>inom</w>
  <w>Stockholms</w>
  <w>län</w>
  <w>eller</w>
  <w>i</w>
  <w>angränsande</w>
  <w>län</w>
  <w>.</w>
  <w>Ett</w>
  <w>30</w>
  <w>-</w>
  <w>dagarskort</w>
  <w>hos</w>
  <w>SL</w>
  <w>kostar</w>
  <w>790</w>
  <w>kronor</w>
  <w>och</w>
  <w>omfattar</w>
  <w>resor</w>
  <w>inom</w>
  <w>hela</w>
  <w>Stockholms</w>
  <w>län</w>
  <w>,</w>
  <w>men</w>
  <w>ett</w>
  <w>30</w>
  <w>-</w>
  <w>dagarskort</w>
  <w>med</w>
  <w>TiM</w>
  <w>kostar</w>
  <w>oftast</w>
  <w>3000</w>
  <w>till</w>
  <w>4000</w>
  <w>kronor</w>
  <w>om</w>
  <w>kortet</w>
  <w>även</w>
  <w>omfattar</w>
  <w>resor</w>
  <w>med</w>
  <w>länstrafikbolagen</w>
  <w>.</w>
  <w>Detta</w>
  <w>är</w>
  <w>också</w>
  <w>ungefär</w>
  <w>dubbelt</w>
  <w>så</w>
  <w>dyrt</w>
  <w>som</w>
  <w>länsöverskridande</w>
  <w>trafik</w>
  <w>i</w>
  <w>Öresundsregionen</w>
  <w>.</w>
  <absaspan id=26>
    <w>De</w>
    <w>höga</w>
    <w>priserna</w>
  </absaspan>
  <absaspan id=27 senti=1>
    <w>omöjliggör</w>
    <w>i</w>
    <w>praktiken</w>
    <w>arbetspendling</w>
    <w>för</w>
    <w>låginkomsttagare</w>
  </absaspan>
  <w>.</w>
  <w>Regering</w>
  <w>,</w>
  <w>riksdag</w>
  <w>,</w>
  <w>landsting</w>
  <w>och</w>
  <w>politiska</w>
  <w>partier</w>
  <w>talar</w>
  <w>ofta</w>
  <w>om</w>
  <absaspan id=28 senti=1>
    <w>utanförskap</w>
  </absaspan>
  <w>,</w>
  <w>men</w>
  <w>bidrar</w>
  <w>själva</w>
  <w>till</w>
  <w>detta</w>
  <w>genom</w>
  <w>sin</w>
  <w>inställning</w>
  <w>till</w>
  <w>regional</w>
  <w>pendling</w>
  <w>över</w>
  <w>länsgränser</w>
  <w>och</w>
  <w>annat</w>
  <w>resande</w>
  <w>.</w>
</absapar>
<absapar id=7>
  <w>Mälardalstrafik</w>
  <w>(</w>
  <w>Mälab</w>
  <w>)</w>
  <w>som</w>
  <w>ägs</w>
  <w>av</w>
  <w>de</w>
  <w>sex</w>
  <w>landstingen</w>
  <w>i</w>
  <w>Mälardalen</w>
  <w>planerar</w>
  <w>ett</w>
  <w>nytt</w>
  <w>system</w>
  <w>för</w>
  <w>regionaltåg</w>
  <w>från</w>
  <w>2017</w>
  <w>.</w>
  <w>Som</w>
  <w>komplement</w>
  <w>till</w>
  <w>de</w>
  <w>av</w>
  <w>Mälab</w>
  <w>lagda</w>
  <w>förslagen</w>
  <w>har</w>
  <w>föreningen</w>
  <w>TIM-pendlare</w>
  <w>nyligen</w>
  <w>publicerat</w>
  <w>en</w>
  <w>utredning</w>
  <w>.</w>
  <w>Den</w>
  <w>visar</w>
  <w>att</w>
  <absaspan id=29 senti=3>
    <w>det</w>
    <w>är</w>
    <w>fullt</w>
    <w>möjligt</w>
  </absaspan>
  <absaspan id=30>
    <w>att</w>
    <w>få</w>
    <w>en</w>
    <w>bra</w>
    <w>tågtrafik</w>
    <w>till</w>
    <w>betydligt</w>
    <w>lägre</w>
    <w>kostnader</w>
    <w>än</w>
    <w>idag</w>
  </absaspan>
  <absaspan id=31>
    <w>.</w>
  </absaspan>
  <w>Föreningen</w>
  <w>presenterar</w>
  <w>en</w>
  <w>samling</w>
  <w>olika</w>
  <w>förslag</w>
  <w>för</w>
  <w>att</w>
  <w>uppnå</w>
  <w>detta</w>
  <w>.</w>
  <w>Med</w>
  <w>en</w>
  <absaspan id=32 senti=3>
    <w>måttlig</w>
  </absaspan>
  <absaspan id=33>
    <w>skattefinansiering</w>
  </absaspan>
  <w>(</w>
  <w>lägre</w>
  <w>än</w>
  <w>i</w>
  <w>de</w>
  <w>flesta</w>
  <w>regioner</w>
  <w>)</w>
  <w>bör</w>
  <w>biljettpriset</w>
  <w>kunna</w>
  <w>sänkas</w>
  <w>cirka</w>
  <w>30</w>
  <w>procent</w>
  <w>.</w>
</absapar>
<absapar id=8>
  <w>Det</w>
  <w>förutsätter</w>
  <w>att</w>
  <w>regionen</w>
  <w>genom</w>
  <w>Mälab</w>
  <w>tar</w>
  <w>ett</w>
  <w>helhetsgrepp</w>
  <w>om</w>
  <w>trafiken</w>
  <w>.</w>
  <absaspan id=34>
    <w>De</w>
    <w>olika</w>
    <w>biljettsystemen</w>
  </absaspan>
  <absaspan id=35 senti=3>
    <w>måste</w>
    <w>samordnas</w>
  </absaspan>
  <w>och</w>
  <absaspan id=36>
    <w>ett</w>
    <w>antal</w>
    <w>åtgärder</w>
    <w>i</w>
    <w>infrastrukturen</w>
  </absaspan>
  <absaspan id=37 senti=3>
    <w>måste</w>
    <w>till</w>
  </absaspan>
  <w>.</w>
</absapar>
<absapar id=9>
  <w>Skräddarsydda</w>
  <w>kurser</w>
  <w>i</w>
  <w>ämnen</w>
  <w>som</w>
  <w>intresserar</w>
  <w>och</w>
  <w>engagerar</w>
  <w>både</w>
  <w>kropp</w>
  <w>och</w>
  <w>själ</w>
  <w>.</w>
</absapar>
<absapar id=10>
  <w>PETER</w>
  <w>GERMER</w>
  <w>.</w>
</absapar>
<absapar id=11>
  <w>regionchef</w>
  <w>Företagarna</w>
  <w>Mälardalen</w>
  <w>.</w>
</absapar>
<absapar id=12>
  <w>LARS</w>
  <w>JAGRÉN</w>
  <w>.</w>
</absapar>
<absapar id=13>
  <w>chefsekonom</w>
  <w>Företagarna</w>
  <w>Mälardalen</w>
  <w>.</w>
</absapar>
<absapar id=14>
  <w>ISABEL</w>
  <w>DELLACASALINDBERG</w>
  <w>.</w>
</absapar>
<absapar id=15>
  <w>ordförande</w>
  <w>föreningen</w>
  <w>TiM-pendlare</w>
  <w>.</w>
</absapar>
<absapar id=16>
  <w>EVERT</w>
  <w>ANDERSSON</w>
  <w>.</w>
</absapar>
<absapar id=17>
  <w>sakkunnig</w>
  <w>föreningen</w>
  <w>TiM-pendlare</w>
  <w>.</w>
</absapar>
<absapar id=18>
  <w>Redaktör</w>
  <w>:</w>
  <w>Carina</w>
  <w>Stensson</w>
  <w>,</w>
  <w>Biträdande</w>
  <w>redaktör</w>
  <w>:</w>
  <w>Björn</w>
  <w>Jorner</w>
  <w>,</w>
  <w>Mejl</w>
  <w>:</w>
  <w>debatt</w>
  <w>@</w>
  <w>svd.se</w>
  <w>,</w>
  <w>Telefonnummer</w>
  <w>:</w>
  <w>08</w>
  <w>-</w>
  <w>135149</w>
  <w>,</w>
  <w>Twitter</w>
  <w>:</w>
  <w>@</w>
  <w>SvDDebatt</w>
  <w>,</w>
  <w>Facebook</w>
  <w>:</w>
  <w>SvD</w>
  <w>Debatt</w>
  <w>.</w>
</absapar>
</absadoc>
