<absadoc annotators=1 senti=>
<absatitle>
  <absaspan id=1>
    <w>Svensk</w>
    <w>mat</w>
  </absaspan>
  <absaspan id=2 senti=4 target=1>
    <w>kan</w>
    <w>bli</w>
    <w>en</w>
    <w>storsäljare</w>
  </absaspan>
  <w>utomlands</w>
  <w>.</w>
</absatitle>
<absapar id=1>
  <w>Hittills</w>
  <w>har</w>
  <w>både</w>
  <w>myndigheter</w>
  <w>och</w>
  <w>handel</w>
  <w>ensidigt</w>
  <w>fokuserat</w>
  <w>på</w>
  <w>låga</w>
  <w>matpriser</w>
  <w>.</w>
  <w>Men</w>
  <absaspan id=3 senti=2>
    <w>prispressen</w>
  </absaspan>
  <absaspan id=4 senti=2>
    <w>leder</w>
  </absaspan>
  <w>också</w>
  <w>till</w>
  <absaspan id=5 senti=2>
    <w>sämre</w>
  </absaspan>
  <absaspan id=6 senti=2>
    <w>kvalitet</w>
    <w>och</w>
    <w>försämrar</w>
    <w>industrins</w>
    <w>och</w>
    <w>jordbrukets</w>
    <w>möjligheter</w>
    <w>att</w>
    <w>erbjuda</w>
    <w>bra</w>
    <w>arbetsmiljö</w>
    <w>,</w>
    <w>bra</w>
    <w>lön</w>
    <w>och</w>
    <w>trygga</w>
    <w>jobb</w>
  </absaspan>
  <w>.</w>
  <w>Livsmedelsproduktion</w>
  <w>flyttas</w>
  <w>till</w>
  <absaspan id=7>
    <w>länder</w>
  </absaspan>
  <w>där</w>
  <absaspan id=8 senti=2>
    <w>mänskliga</w>
    <w>rättigheter</w>
    <w>inte</w>
    <w>respekteras</w>
  </absaspan>
  <w>och</w>
  <w>där</w>
  <w>man</w>
  <w>inte</w>
  <w>får</w>
  <w>vara</w>
  <w>med</w>
  <w>i</w>
  <w>facket</w>
  <w>.</w>
</absapar>
<absapar id=2>
  <w>Den</w>
  <w>nuvarande</w>
  <w>utvecklingen</w>
  <w>riskerar</w>
  <w>att</w>
  <w>göra</w>
  <absaspan id=9>
    <w>svenska</w>
    <w>butiker</w>
  </absaspan>
  <w>till</w>
  <absaspan id=10 senti=2>
    <w>säljmaskiner</w>
  </absaspan>
  <w>och</w>
  <w>leda</w>
  <w>till</w>
  <w>att</w>
  <w>matglädjen</w>
  <w>försvinner</w>
  <w>,</w>
  <w>att</w>
  <absaspan id=11>
    <w>livsmedelsarbetarnas</w>
  </absaspan>
  <absaspan id=12 senti=2>
    <w>yrkesstolthet</w>
    <w>utarmas</w>
  </absaspan>
  <w>och</w>
  <w>sist</w>
  <w>men</w>
  <w>inte</w>
  <w>minst</w>
  <w>att</w>
  <absaspan id=13>
    <w>konsumenterna</w>
  </absaspan>
  <absaspan id=14 senti=2>
    <w>inte</w>
    <w>får</w>
    <w>valuta</w>
    <w>för</w>
    <w>matpengarna</w>
  </absaspan>
  <w>.</w>
</absapar>
<absapar id=3>
  <w>En</w>
  <absaspan id=15>
    <w>matindustri</w>
  </absaspan>
  <w>med</w>
  <absaspan id=16 senti=2>
    <w>ensidig</w>
    <w>inriktning</w>
    <w>mot</w>
    <w>lågpris</w>
  </absaspan>
  <w>är</w>
  <w>inte</w>
  <w>någon</w>
  <w>framgångsrik</w>
  <w>strategi</w>
  <w>för</w>
  <w>ett</w>
  <w>land</w>
  <w>som</w>
  <w>Sverige</w>
  <w>.</w>
  <w>Livsmedelsindustrin</w>
  <w>måste</w>
  <w>,</w>
  <w>likt</w>
  <w>annan</w>
  <w>arbetskraftsintensiv</w>
  <w>industri</w>
  <w>,</w>
  <w>koncentrera</w>
  <w>sig</w>
  <w>på</w>
  <absaspan id=17>
    <w>produkter</w>
  </absaspan>
  <w>med</w>
  <absaspan id=18 senti=4>
    <w>högt</w>
    <w>kunskapsinnehåll</w>
    <w>och</w>
    <w>kvaliteter</w>
  </absaspan>
  <w>som</w>
  <w>kan</w>
  <w>motivera</w>
  <w>högre</w>
  <w>priser</w>
  <w>.</w>
</absapar>
<absapar id=4>
  <w>De</w>
  <w>företag</w>
  <w>som</w>
  <w>gjort</w>
  <w>sådana</w>
  <w>satsningar</w>
  <w>har</w>
  <w>ofta</w>
  <w>lyckats</w>
  <w>väl</w>
  <w>.</w>
  <w>Polarbröd</w>
  <w>,</w>
  <w>Annas</w>
  <w>Pepparkakor</w>
  <w>och</w>
  <w>Absolut</w>
  <w>vodka</w>
  <w>är</w>
  <w>några</w>
  <w>exempel</w>
  <w>.</w>
</absapar>
<absapar id=5>
  <absaspan id=19>
    <w>Livsmedelsindustrin</w>
  </absaspan>
  <absaspan id=20 senti=4>
    <w>har</w>
    <w>goda</w>
    <w>möjligheter</w>
  </absaspan>
  <w>att</w>
  <w>ta</w>
  <w>större</w>
  <w>andelar</w>
  <w>på</w>
  <w>den</w>
  <w>globala</w>
  <w>livsmedelsmarknaden</w>
  <w>,</w>
  <w>samtidigt</w>
  <w>som</w>
  <w>man</w>
  <w>kanske</w>
  <w>måste</w>
  <w>släppa</w>
  <w>vissa</w>
  <w>delar</w>
  <w>av</w>
  <w>den</w>
  <w>nationella</w>
  <w>marknaden</w>
  <w>.</w>
</absapar>
<absapar id=6>
  <w>Den</w>
  <w>avgående</w>
  <w>socialdemokratiska</w>
  <w>regeringen</w>
  <w>har</w>
  <w>i</w>
  <w>dag</w>
  <w>,</w>
  <w>tillsammans</w>
  <w>med</w>
  <w>företag</w>
  <w>och</w>
  <w>fack</w>
  <w>initierat</w>
  <w>branschprogram</w>
  <w>för</w>
  <w>sex</w>
  <w>områden</w>
  <w>:</w>
  <w>skog</w>
  <w>,</w>
  <w>metallurgi</w>
  <w>,</w>
  <w>fordon</w>
  <w>,</w>
  <w>läkemedel</w>
  <w>,</w>
  <w>IT</w>
  <w>/</w>
  <w>telekom</w>
  <w>och</w>
  <w>bioteknik</w>
  <w>.</w>
  <w>Syftet</w>
  <w>är</w>
  <w>att</w>
  <absaspan id=21>
    <w>ta</w>
    <w>fram</w>
    <w>strategiska</w>
    <w>utvecklingsprogram</w>
  </absaspan>
  <w>.</w>
  <absaspan id=22>
    <w>Detta</w>
  </absaspan>
  <absaspan id=23 senti=4>
    <w>är</w>
    <w>alldeles</w>
    <w>utmärkt</w>
  </absaspan>
  <w>.</w>
  <w>Det</w>
  <w>är</w>
  <absaspan id=24>
    <w>en</w>
    <w>typ</w>
    <w>av</w>
    <w>satsning</w>
  </absaspan>
  <w>som</w>
  <absaspan id=25 senti=4>
    <w>är</w>
    <w>minst</w>
    <w>lika</w>
    <w>angelägen</w>
  </absaspan>
  <w>för</w>
  <w>livsmedelsindustrin</w>
  <w>.</w>
</absapar>
<absapar id=7>
  <w>Livsmedelssektorn</w>
  <w>påverkas</w>
  <w>nu</w>
  <w>och</w>
  <w>i</w>
  <w>framtiden</w>
  <w>alltmer</w>
  <w>av</w>
  <w>:</w>
  <w>.</w>
</absapar>
<absapar id=8>
  <w>Nya</w>
  <w>krav</w>
  <w>på</w>
  <w>hygien</w>
  <w>,</w>
  <w>kvalitet</w>
  <w>,</w>
  <w>smak</w>
  <w>,</w>
  <w>positiva</w>
  <w>hälsoeffekter</w>
  <w>och</w>
  <w>förändrade</w>
  <w>livsstilar</w>
  <w>.</w>
</absapar>
<absapar id=9>
  <w>Allt</w>
  <w>fler</w>
  <w>enpersonshushåll</w>
  <w>och</w>
  <w>äldre</w>
  <w>befolkning</w>
  <w>samt</w>
  <w>en</w>
  <w>mindre</w>
  <w>andel</w>
  <w>av</w>
  <w>måltiderna</w>
  <w>som</w>
  <w>äts</w>
  <w>i</w>
  <w>hemmet</w>
  <w>.</w>
</absapar>
<absapar id=10>
  <w>Tekniska</w>
  <w>innovationer</w>
  <w>och</w>
  <w>förändringar</w>
  <w>i</w>
  <w>distribution</w>
  <w>och</w>
  <w>handel</w>
  <w>avseende</w>
  <w>struktur</w>
  <w>,</w>
  <w>ägande</w>
  <w>och</w>
  <w>makt</w>
  <w>.</w>
</absapar>
<absapar id=11>
  <w>Ett</w>
  <w>minskat</w>
  <w>antal</w>
  <w>,</w>
  <w>men</w>
  <w>större</w>
  <w>varumärken</w>
  <w>med</w>
  <w>genomslag</w>
  <w>samt</w>
  <w>naturligtvis</w>
  <w>växande</w>
  <w>internationell</w>
  <w>handel</w>
  <w>.</w>
</absapar>
<absapar id=12>
  <w>En</w>
  <w>del</w>
  <w>av</w>
  <w>detta</w>
  <w>måste</w>
  <w>svenska</w>
  <w>tillverkare</w>
  <w>anpassa</w>
  <w>sig</w>
  <w>till</w>
  <w>.</w>
  <w>En</w>
  <w>del</w>
  <w>går</w>
  <w>att</w>
  <w>påverka</w>
  <w>,</w>
  <w>en</w>
  <w>del</w>
  <w>går</w>
  <w>att</w>
  <w>utnyttja</w>
  <w>och</w>
  <w>en</w>
  <w>del</w>
  <w>kan</w>
  <w>skapa</w>
  <w>problem</w>
  <w>.</w>
</absapar>
<absapar id=13>
  <w>Genom</w>
  <w>samverkan</w>
  <w>och</w>
  <w>utveckling</w>
  <w>av</w>
  <w>teknik</w>
  <w>,</w>
  <w>produkter</w>
  <w>,</w>
  <w>service</w>
  <w>och</w>
  <w>logistik</w>
  <absaspan id=26 senti=4>
    <w>kan</w>
  </absaspan>
  <absaspan id=27>
    <w>vi</w>
  </absaspan>
  <absaspan id=28 senti=4>
    <w>bli</w>
  </absaspan>
  <absaspan id=29 senti=4>
    <w>vinnare</w>
  </absaspan>
  <w>.</w>
  <w>Vi</w>
  <w>har</w>
  <w>tex</w>
  <w>sett</w>
  <w>hur</w>
  <w>Sverige</w>
  <w>blivit</w>
  <w>bas</w>
  <w>för</w>
  <w>produktion</w>
  <w>av</w>
  <w>etnisk</w>
  <w>mat</w>
  <w>,</w>
  <w>vi</w>
  <w>kan</w>
  <w>ana</w>
  <w>oss</w>
  <w>till</w>
  <w>att</w>
  <w>svenska</w>
  <w>ostar</w>
  <w>har</w>
  <w>en</w>
  <w>stor</w>
  <w>potential</w>
  <w>på</w>
  <w>den</w>
  <w>globala</w>
  <w>delikatessmarknaden</w>
  <w>.</w>
  <w>Vi</w>
  <w>vet</w>
  <w>att</w>
  <w>det</w>
  <w>också</w>
  <w>finns</w>
  <w>svenska</w>
  <w>charkuterier</w>
  <w>och</w>
  <w>drycker</w>
  <w>som</w>
  <w>har</w>
  <w>stor</w>
  <w>exportpotential</w>
  <w>.</w>
</absapar>
<absapar id=14>
  <w>Men</w>
  <w>för</w>
  <w>att</w>
  <absaspan id=30>
    <w>dessa</w>
    <w>möjligheter</w>
  </absaspan>
  <absaspan id=31 senti=4>
    <w>ska</w>
    <w>kunna</w>
    <w>utnyttjas</w>
    <w>fullt</w>
    <w>ut</w>
  </absaspan>
  <w>krävs</w>
  <w>samverkan</w>
  <w>mellan</w>
  <w>alla</w>
  <w>aktörer</w>
  <w>i</w>
  <w>livsmedelskedjan</w>
  <w>.</w>
  <w>Alla</w>
  <w>måste</w>
  <w>inse</w>
  <w>att</w>
  <w>spelplanen</w>
  <w>inte</w>
  <w>är</w>
  <w>lokal</w>
  <w>utan</w>
  <w>global</w>
  <w>.</w>
</absapar>
<absapar id=15>
  <w>Sveriges</w>
  <w>tempererade</w>
  <w>klimat</w>
  <w>och</w>
  <w>rena</w>
  <w>miljö</w>
  <w>är</w>
  <w>en</w>
  <w>bas</w>
  <w>som</w>
  <w>vi</w>
  <w>kan</w>
  <w>utnyttja</w>
  <w>bättre</w>
  <w>med</w>
  <w>hjälp</w>
  <w>av</w>
  <w>den</w>
  <w>forskning</w>
  <w>som</w>
  <w>görs</w>
  <w>vid</w>
  <w>lantbruksuniversiteten</w>
  <w>.</w>
  <w>Vår</w>
  <w>omfattande</w>
  <w>produktion</w>
  <w>av</w>
  <w>regionala</w>
  <w>delikatesser</w>
  <w>kan</w>
  <w>utvecklas</w>
  <w>och</w>
  <w>vinna</w>
  <w>större</w>
  <w>marknadsandelar</w>
  <w>om</w>
  <w>vi</w>
  <w>hittar</w>
  <w>lämpliga</w>
  <w>former</w>
  <w>att</w>
  <w>sälja</w>
  <w>dem</w>
  <w>via</w>
  <w>de</w>
  <w>internationella</w>
  <w>livsmedelskedjorna</w>
  <w>.</w>
  <w>Vi</w>
  <w>har</w>
  <w>effektiva</w>
  <w>butiker</w>
  <w>,</w>
  <w>som</w>
  <w>behöver</w>
  <w>kompletteras</w>
  <w>med</w>
  <w>koncept</w>
  <w>för</w>
  <w>upplevelser</w>
  <w>och</w>
  <w>försäljning</w>
  <w>av</w>
  <w>högkvalitativa</w>
  <w>specialiteter</w>
  <w>.</w>
</absapar>
<absapar id=16>
  <absaspan id=32>
    <w>Livsmedelsindustrin</w>
  </absaspan>
  <absaspan id=33 senti=4>
    <w>är</w>
    <w>en</w>
    <w>av</w>
    <w>spjutspetsarna</w>
    <w>mot</w>
    <w>framtiden</w>
  </absaspan>
  <w>,</w>
  <w>mot</w>
  <w>upplevelsesamhället</w>
  <w>.</w>
  <w>Redan</w>
  <w>i</w>
  <w>dag</w>
  <w>är</w>
  <w>det</w>
  <w>vanligt</w>
  <w>att</w>
  <w>den</w>
  <w>som</w>
  <w>fyller</w>
  <w>år</w>
  <w>får</w>
  <w>en</w>
  <w>god</w>
  <w>middag</w>
  <w>i</w>
  <w>present</w>
  <w>istället</w>
  <w>för</w>
  <w>något</w>
  <w>materiellt</w>
  <w>.</w>
  <w>Upplevelser</w>
  <w>har</w>
  <w>i</w>
  <w>det</w>
  <w>moderna</w>
  <w>samhället</w>
  <w>större</w>
  <w>värde</w>
  <w>än</w>
  <w>materiella</w>
  <w>prylar</w>
  <w>.</w>
  <w>Och</w>
  <w>bra</w>
  <w>mat</w>
  <w>är</w>
  <w>en</w>
  <w>upplevelse</w>
  <w>.</w>
</absapar>
<absapar id=17>
  <w>Den</w>
  <w>borgerliga</w>
  <w>alliansregeringen</w>
  <w>kan</w>
  <w>nu</w>
  <w>omedelbart</w>
  <w>uppfylla</w>
  <w>vallöftet</w>
  <w>om</w>
  <w>att</w>
  <w>skapa</w>
  <w>fler</w>
  <w>jobb</w>
  <w>genom</w>
  <w>att</w>
  <w>ta</w>
  <w>initiativ</w>
  <w>till</w>
  <w>ett</w>
  <w>utvecklingsprogram</w>
  <w>för</w>
  <w>den</w>
  <w>svenska</w>
  <w>maten</w>
  <w>!</w>
  <w>.</w>
</absapar>
<absapar id=18>
  <w>Dagens</w>
  <w>debattör</w>
  <w>.</w>
</absapar>
<absapar id=19>
  <w>Hans-Olof</w>
  <w>Nilsson</w>
  <w>.</w>
</absapar>
</absadoc>
