<absadoc annotators=1 senti=3>
<absatitle>
  <absaspan id=1>
    <w>Vilka</w>
    <w>invandrare</w>
  </absaspan>
  <absaspan id=2 senti=5 target=1 source=3>
    <w>sköter</w>
    <w>sig</w>
    <w>bäst</w>
  </absaspan>
  <absaspan id=3>
    <w>?</w>
  </absaspan>
</absatitle>
<absapar id=1 senti=3>
  <w>Ja</w>
  <w>,</w>
  <w>frågan</w>
  <w>är</w>
  <w>enkel</w>
  <w>:</w>
  <absaspan id=4>
    <w>Vilka</w>
    <w>invandrare</w>
  </absaspan>
  <absaspan id=5 senti=5>
    <w>sköter</w>
    <w>sig</w>
    <w>bäst</w>
    <w>,</w>
    <w>har</w>
    <w>bäst</w>
    <w>utbildning</w>
  </absaspan>
  <w>,</w>
  <w>osv</w>
  <absaspan id=6>
    <w>?</w>
  </absaspan>
  <w>(</w>
  <w>Om</w>
  <w>man</w>
  <w>nu</w>
  <w>bortser</w>
  <w>från</w>
  <w>europeer</w>
  <w>)</w>
  <w>.</w>
</absapar>
<absapar id=2 senti=3>
  <w>Utan</w>
  <w>större</w>
  <w>erfarenhet</w>
  <w>skulle</w>
  <absaspan id=7>
    <w>jag</w>
  </absaspan>
  <w>spontant</w>
  <w>säga</w>
  <w>att</w>
  <absaspan id=8>
    <w>iranier</w>
  </absaspan>
  <absaspan id=9 senti=4>
    <w>ligger</w>
    <w>bra</w>
    <w>till</w>
  </absaspan>
  <w>.</w>
  <w>Tänker</w>
  <w>då</w>
  <w>på</w>
  <w>de</w>
  <w>som</w>
  <w>tvingades</w>
  <w>fly</w>
  <w>efter</w>
  <w>Shahens</w>
  <w>fall</w>
  <w>.</w>
</absapar>
</absadoc>
