<absadoc annotators=1 senti=1>
<absatitle>
  <w>Är</w>
  <w>man</w>
  <w>rasist</w>
  <w>om</w>
  <absaspan id=1>
    <w>man</w>
  </absaspan>
  <absaspan id=2 senti=2 source=1 target=3>
    <w>undviker</w>
  </absaspan>
  <absaspan id=3>
    <w>blattar</w>
  </absaspan>
  <w>?</w>
</absatitle>
<absapar id=1>
  <w>Jag</w>
  <w>tänkte</w>
  <w>på</w>
  <w>en</w>
  <w>sak</w>
  <w>,</w>
  <w>nu</w>
  <w>är</w>
  <w>ju</w>
  <w>jag</w>
  <w>iof</w>
  <w>rasist</w>
  <w>och</w>
  <w>jag</w>
  <w>kan</w>
  <w>motivera</w>
  <w>varför</w>
  <w>.</w>
  <w>Men</w>
  <w>låt</w>
  <w>säga</w>
  <w>att</w>
  <w>man</w>
  <w>inte</w>
  <w>kallar</w>
  <w>sig</w>
  <w>rasist</w>
  <w>,</w>
  <w>eller</w>
  <w>rentav</w>
  <w>anti-rasist</w>
  <w>men</w>
  <absaspan id=4>
    <w>man</w>
  </absaspan>
  <absaspan id=5 senti=1>
    <w>känner</w>
  </absaspan>
  <w>ändå</w>
  <absaspan id=6 senti=1>
    <w>obehag</w>
  </absaspan>
  <absaspan id=7>
    <w>av</w>
    <w>att</w>
    <w>vara</w>
    <w>i</w>
    <w>närheten</w>
    <w>av</w>
    <w>blattar</w>
    <w>och</w>
    <w>undviker</w>
    <w>dem</w>
    <w>helst</w>
  </absaspan>
  <w>.</w>
  <absaspan id=8>
    <w>Jag</w>
  </absaspan>
  <absaspan id=9 senti=4>
    <w>är</w>
    <w>övertygad</w>
    <w>om</w>
  </absaspan>
  <absaspan id=10>
    <w>att</w>
    <w>det</w>
    <w>finns</w>
    <w>mängder</w>
    <w>av</w>
    <w>dessa</w>
    <w>personer</w>
  </absaspan>
  <w>.</w>
  <w>Är</w>
  <w>inte</w>
  <w>de</w>
  <w>rasister</w>
  <w>då</w>
  <w>,</w>
  <w>vare</w>
  <w>sig</w>
  <w>de</w>
  <w>vill</w>
  <w>eller</w>
  <w>inte</w>
  <w>?</w>
  <absaspan id=11 senti=3>
    <w>Handlingar</w>
    <w>talar</w>
    <w>ju</w>
    <w>högre</w>
    <w>än</w>
    <w>ord</w>
  </absaspan>
  <w>.</w>
</absapar>
<absapar id=2 senti=1>
  <absaspan id=12>
    <w>Jan</w>
    <w>Helin</w>
  </absaspan>
  <w>tex</w>
  <w>(</w>
  <w>aftonbladets</w>
  <w>)</w>
  <absaspan id=13 senti=4>
    <w>ser</w>
    <w>det</w>
  </absaspan>
  <w>ju</w>
  <absaspan id=14 senti=4>
    <w>som</w>
  </absaspan>
  <absaspan id=15 senti=4>
    <w>helt</w>
    <w>i</w>
    <w>sin</w>
    <w>ordning</w>
  </absaspan>
  <absaspan id=16>
    <w>att</w>
    <w>man</w>
    <w>umgås</w>
    <w>och</w>
    <w>bor</w>
    <w>med</w>
    <w>de</w>
    <w>man</w>
    <w>liknar</w>
  </absaspan>
  <w>.</w>
  <w>Men</w>
  <w>det</w>
  <w>innebär</w>
  <w>ju</w>
  <w>att</w>
  <w>man</w>
  <w>inte</w>
  <w>umgås</w>
  <w>och</w>
  <w>inte</w>
  <w>bor</w>
  <w>med</w>
  <w>de</w>
  <w>man</w>
  <w>inte</w>
  <w>liknar</w>
  <w>(</w>
  <w>iaf</w>
  <w>inte</w>
  <w>i</w>
  <w>samma</w>
  <w>utsträckning</w>
  <w>)</w>
  <w>.</w>
  <w>Det</w>
  <w>är</w>
  <w>som</w>
  <w>att</w>
  <w>säga</w>
  <w>ja</w>
  <w>,</w>
  <absaspan id=17>
    <w>segregation</w>
  </absaspan>
  <absaspan id=18 senti=4>
    <w>är</w>
    <w>bra</w>
  </absaspan>
  <absaspan id=19>
    <w>.</w>
  </absaspan>
  <w>Nu</w>
  <absaspan id=20 senti=3>
    <w>tycker</w>
  </absaspan>
  <w>ju</w>
  <absaspan id=21>
    <w>jag</w>
  </absaspan>
  <w>också</w>
  <absaspan id=22>
    <w>det</w>
  </absaspan>
  <w>,</w>
  <w>men</w>
  <w>jag</w>
  <w>förstår</w>
  <w>inte</w>
  <w>hur</w>
  <w>man</w>
  <w>får</w>
  <w>ihop</w>
  <w>segregation</w>
  <w>med</w>
  <w>öppna</w>
  <w>gränser</w>
  <w>.</w>
</absapar>
</absadoc>
