<absadoc annotators=1 senti=>
<absatitle>
  <absaspan id=1>
    <w>Läxhjälp</w>
  </absaspan>
  <absaspan id=2 senti=1 target=1>
    <w>ett</w>
    <w>hån</w>
  </absaspan>
  <w>mot</w>
  <w>lärarnas</w>
  <w>kompetens</w>
  <w>.</w>
</absatitle>
<absapar id=1>
  <w>Läxhjälpen</w>
  <w>bör</w>
  <w>bygga</w>
  <w>på</w>
  <w>att</w>
  <w>det</w>
  <w>är</w>
  <w>kvalificerad</w>
  <w>personal</w>
  <w>som</w>
  <w>svarar</w>
  <w>för</w>
  <w>verksamheten</w>
  <w>.</w>
  <w>Det</w>
  <w>är</w>
  <w>en</w>
  <w>paradox</w>
  <w>om</w>
  <w>samma</w>
  <w>regering</w>
  <w>som</w>
  <w>inför</w>
  <w>lärarlegitimation</w>
  <w>också</w>
  <w>vill</w>
  <w>införa</w>
  <w>att</w>
  <w>lekmän</w>
  <w>som</w>
  <w>entreprenörer</w>
  <w>ska</w>
  <w>svara</w>
  <w>för</w>
  <w>en</w>
  <w>del</w>
  <w>av</w>
  <w>skolans</w>
  <w>kunskapsuppdrag</w>
  <w>.</w>
  <w>Det</w>
  <w>skriver</w>
  <w>professorerna</w>
  <w>Hans</w>
  <w>Albin</w>
  <w>Larsson</w>
  <w>och</w>
  <w>Anne-Christine</w>
  <w>Hornborg</w>
  <w>.</w>
</absapar>
<absapar id=2>
  <w>Läxhjälp</w>
  <w>med</w>
  <w>rutavdrag</w>
  <w>har</w>
  <w>debatterats</w>
  <w>livligt</w>
  <w>.</w>
  <w>Främst</w>
  <w>har</w>
  <w>frågan</w>
  <w>gällt</w>
  <w>om</w>
  <w>hjälpen</w>
  <w>verkligen</w>
  <w>kommer</w>
  <w>de</w>
  <w>svagaste</w>
  <w>eleverna</w>
  <w>till</w>
  <w>del</w>
  <w>,</w>
  <w>eller</w>
  <w>om</w>
  <w>det</w>
  <w>blir</w>
  <w>,</w>
  <w>som</w>
  <absaspan id=3>
    <w>en</w>
    <w>debattör</w>
  </absaspan>
  <w>uttryckte</w>
  <w>sig</w>
  <w>,</w>
  <w>enbart</w>
  <absaspan id=4>
    <w>de</w>
    <w>välbeställdas</w>
  </absaspan>
  <absaspan id=5 senti=2>
    <w>"</w>
    <w>dumma</w>
    <w>"</w>
  </absaspan>
  <absaspan id=6>
    <w>barn</w>
  </absaspan>
  <w>som</w>
  <w>får</w>
  <w>del</w>
  <w>av</w>
  <w>skattestödet</w>
  <w>.</w>
  <w>Ingen</w>
  <w>debattör</w>
  <w>verkar</w>
  <w>dock</w>
  <w>ha</w>
  <w>ställt</w>
  <absaspan id=7 senti=5>
    <w>de</w>
    <w>två</w>
    <w>viktigaste</w>
  </absaspan>
  <absaspan id=8>
    <w>frågorna</w>
  </absaspan>
  <w>:</w>
  <w>.</w>
</absapar>
<absapar id=3>
  <w>Det</w>
  <w>här</w>
  <w>är</w>
  <w>en</w>
  <w>argumenterande</w>
  <w>text</w>
  <w>med</w>
  <w>syfte</w>
  <w>att</w>
  <w>påverka</w>
  <w>.</w>
  <w>Åsikterna</w>
  <w>som</w>
  <w>uttrycks</w>
  <w>är</w>
  <w>skribentens</w>
  <w>egna</w>
  <w>.</w>
</absapar>
<absapar id=4>
  <w>I</w>
  <w>stället</w>
  <w>för</w>
  <w>att</w>
  <w>diskutera</w>
  <w>orsakerna</w>
  <w>till</w>
  <w>att</w>
  <w>det</w>
  <w>behövs</w>
  <w>läxhjälp</w>
  <w>och</w>
  <absaspan id=9>
    <w>hur</w>
    <w>elevernas</w>
    <w>kunskapsluckor</w>
  </absaspan>
  <absaspan id=10 senti=5>
    <w>bäst</w>
  </absaspan>
  <absaspan id=11>
    <w>kan</w>
    <w>fyllas</w>
  </absaspan>
  <w>,</w>
  <w>handlar</w>
  <w>diskussionen</w>
  <w>om</w>
  <w>skolan</w>
  <w>som</w>
  <w>bas</w>
  <w>för</w>
  <w>entreprenöriell</w>
  <w>verksamhet</w>
  <w>och</w>
  <w>i</w>
  <w>så</w>
  <w>fall</w>
  <w>om</w>
  <absaspan id=12>
    <w>rutavdrag</w>
    <w>och</w>
    <w>skattesubventioner</w>
  </absaspan>
  <w>är</w>
  <absaspan id=13 senti=5>
    <w>den</w>
    <w>bästa</w>
    <w>,</w>
    <w>mest</w>
    <w>rättvisa</w>
    <w>,</w>
    <w>formen</w>
    <w>av</w>
    <w>stöd</w>
  </absaspan>
  <absaspan id=14>
    <w>.</w>
  </absaspan>
  <w>Debattörerna</w>
  <w>har</w>
  <w>missat</w>
  <absaspan id=15 senti=4>
    <w>syftet</w>
  </absaspan>
  <w>med</w>
  <absaspan id=16>
    <w>en</w>
    <w>skattefinansierad</w>
    <w>skola</w>
  </absaspan>
  <w>,</w>
  <absaspan id=17 senti=4>
    <w>att</w>
    <w>ge</w>
    <w>varje</w>
    <w>individ</w>
    <w>en</w>
  </absaspan>
  <absaspan id=18 senti=4>
    <w>så</w>
    <w>god</w>
  </absaspan>
  <absaspan id=19 senti=4>
    <w>utbildning</w>
  </absaspan>
  <absaspan id=20 senti=4>
    <w>som</w>
  </absaspan>
  <absaspan id=21 senti=4>
    <w>möjligt</w>
  </absaspan>
  <absaspan id=22 senti=4>
    <w>för</w>
    <w>dennes</w>
    <w>egen</w>
    <w>skull</w>
    <w>och</w>
    <w>för</w>
    <w>samhällets</w>
    <w>gemensamma</w>
    <w>nytta</w>
  </absaspan>
  <w>.</w>
</absapar>
<absapar id=5>
  <absaspan id=23 senti=2>
    <w>Urholkningen</w>
  </absaspan>
  <absaspan id=24>
    <w>kring</w>
    <w>1990</w>
    <w>av</w>
    <w>skolans</w>
    <w>kvalitetsstödjande</w>
    <w>regelverk</w>
  </absaspan>
  <w>innebar</w>
  <w>att</w>
  <w>behörighetsregler</w>
  <w>för</w>
  <w>lärare</w>
  <w>och</w>
  <w>rektorer</w>
  <w>försvann</w>
  <w>,</w>
  <w>klasserna</w>
  <w>blev</w>
  <w>större</w>
  <w>,</w>
  <w>läromedel</w>
  <w>eftersattes</w>
  <w>,</w>
  <w>skollokaler</w>
  <w>fick</w>
  <w>förfalla</w>
  <w>,</w>
  <w>speciallärare</w>
  <w>med</w>
  <w>flera</w>
  <w>sparades</w>
  <w>bort</w>
  <w>samt</w>
  <w>att</w>
  <w>lärarrollen</w>
  <w>ändrades</w>
  <w>från</w>
  <w>expert</w>
  <w>till</w>
  <w>trivselvaktmästare</w>
  <absaspan id=25 senti=2>
    <w>.</w>
  </absaspan>
  <w>En</w>
  <w>föga</w>
  <w>debatterad</w>
  <w>effekt</w>
  <w>var</w>
  <w>att</w>
  <w>tidsanvändningen</w>
  <w>i</w>
  <w>skolan</w>
  <w>blev</w>
  <w>en</w>
  <w>annan</w>
  <w>:</w>
  <absaspan id=26>
    <w>färre</w>
  </absaspan>
  <absaspan id=27>
    <w>riktiga</w>
    <w>lektioner</w>
    <w>,</w>
    <w>fler</w>
    <w>grupparbeten</w>
    <w>och</w>
    <w>betydligt</w>
    <w>mer</w>
    <w>självstudier</w>
  </absaspan>
  <w>.</w>
  <absaspan id=28>
    <w>Detta</w>
  </absaspan>
  <absaspan id=29 senti=2>
    <w>innebar</w>
    <w>en</w>
    <w>försämring</w>
  </absaspan>
  <w>för</w>
  <w>alla</w>
  <w>,</w>
  <w>framför</w>
  <w>allt</w>
  <w>för</w>
  <w>elever</w>
  <w>utan</w>
  <w>studietradition</w>
  <w>hemifrån</w>
  <w>som</w>
  <w>fick</w>
  <w>allt</w>
  <w>svårare</w>
  <w>att</w>
  <w>klara</w>
  <w>sig</w>
  <w>.</w>
</absapar>
<absapar id=6>
  <absaspan id=30>
    <w>De</w>
    <w>senaste</w>
    <w>årens</w>
    <w>reformer</w>
  </absaspan>
  <absaspan id=31 senti=4>
    <w>rättar</w>
    <w>till</w>
    <w>en</w>
    <w>del</w>
    <w>av</w>
    <w>bristerna</w>
  </absaspan>
  <w>men</w>
  <w>inte</w>
  <w>allt</w>
  <w>.</w>
  <w>Kommunaliseringen</w>
  <w>av</w>
  <w>skolan</w>
  <w>1991</w>
  <w>innebar</w>
  <w>att</w>
  <w>de</w>
  <w>professionella</w>
  <w>,</w>
  <w>lärarna</w>
  <w>,</w>
  <w>förlorade</w>
  <w>tolkningsföreträdet</w>
  <w>när</w>
  <w>det</w>
  <w>gäller</w>
  <w>kursplaner</w>
  <w>och</w>
  <w>metodval</w>
  <w>.</w>
  <absaspan id=32>
    <w>Lokala</w>
    <w>lekmän</w>
    <w>har</w>
    <w>sedan</w>
    <w>dess</w>
    <w>styrt</w>
    <w>skolan</w>
  </absaspan>
  <w>,</w>
  <absaspan id=33 senti=2>
    <w>alltför</w>
    <w>ofta</w>
    <w>utan</w>
    <w>kunskap</w>
    <w>om</w>
    <w>undervisning</w>
    <w>och</w>
    <w>utbildning</w>
  </absaspan>
  <w>men</w>
  <w>med</w>
  <w>stor</w>
  <w>förmåga</w>
  <w>att</w>
  <w>driva</w>
  <w>skolor</w>
  <w>till</w>
  <w>lägsta</w>
  <w>kostnad</w>
  <w>.</w>
  <w>Följden</w>
  <w>är</w>
  <w>att</w>
  <w>skolan</w>
  <w>ses</w>
  <w>kortsiktigt</w>
  <w>,</w>
  <w>som</w>
  <w>kommunal</w>
  <w>konsumtion</w>
  <w>eller</w>
  <w>exploateringsfält</w>
  <w>för</w>
  <w>koncerner</w>
  <w>,</w>
  <w>där</w>
  <w>de</w>
  <w>pedagogiska</w>
  <w>målen</w>
  <w>får</w>
  <w>vika</w>
  <w>för</w>
  <w>de</w>
  <w>ekonomiska</w>
  <w>.</w>
</absapar>
<absapar id=7>
  <w>Förslaget</w>
  <w>om</w>
  <w>läxhjälp</w>
  <w>rättar</w>
  <w>inte</w>
  <w>till</w>
  <w>de</w>
  <w>felstyrande</w>
  <w>strukturerna</w>
  <w>utan</w>
  <w>lappar</w>
  <w>nödtorftigt</w>
  <w>på</w>
  <w>ytan</w>
  <w>.</w>
  <w>Skattebetalarna</w>
  <w>förutsätts</w>
  <w>betala</w>
  <w>till</w>
  <w>icke</w>
  <w>utbildade</w>
  <w>läxhjälpare</w>
  <w>och</w>
  <w>entreprenörer</w>
  <w>som</w>
  <w>kan</w>
  <w>utnyttja</w>
  <w>ännu</w>
  <w>en</w>
  <w>vinstgivande</w>
  <w>källa</w>
  <w>i</w>
  <w>offentlig</w>
  <w>verksamhet</w>
  <w>samtidigt</w>
  <w>som</w>
  <w>utbildade</w>
  <w>lärare</w>
  <w>inte</w>
  <w>ges</w>
  <w>särskilt</w>
  <w>goda</w>
  <w>villkor</w>
  <w>.</w>
  <w>Det</w>
  <w>betyder</w>
  <w>att</w>
  <w>de</w>
  <w>utbildade</w>
  <w>speciallärare</w>
  <w>som</w>
  <w>tidigare</w>
  <w>sparades</w>
  <w>bort</w>
  <w>nu</w>
  <w>ska</w>
  <w>ersättas</w>
  <w>av</w>
  <w>outbildade</w>
  <w>läxhjälpare</w>
  <w>,</w>
  <w>finansierade</w>
  <w>av</w>
  <w>skattemedel</w>
  <w>.</w>
</absapar>
<absapar id=8>
  <w>Skräddarsydda</w>
  <w>kurser</w>
  <w>i</w>
  <w>ämnen</w>
  <w>som</w>
  <w>intresserar</w>
  <w>och</w>
  <w>engagerar</w>
  <w>både</w>
  <w>kropp</w>
  <w>och</w>
  <w>själ</w>
  <w>.</w>
</absapar>
<absapar id=9>
  <w>Belysningen</w>
  <w>av</w>
  <w>den</w>
  <w>andra</w>
  <w>frågan</w>
  <w>borde</w>
  <w>än</w>
  <w>tydligare</w>
  <w>markeras</w>
  <w>:</w>
  <w>varje</w>
  <w>år</w>
  <w>utbildas</w>
  <w>lärarstudenter</w>
  <w>till</w>
  <w>att</w>
  <w>kvalificera</w>
  <w>sig</w>
  <w>för</w>
  <w>att</w>
  <w>arbeta</w>
  <w>med</w>
  <w>elever</w>
  <w>med</w>
  <w>särskilda</w>
  <w>behov</w>
  <w>.</w>
  <w>Vilka</w>
  <w>signaler</w>
  <w>ger</w>
  <w>vi</w>
  <w>till</w>
  <w>dessa</w>
  <w>studenter</w>
  <w>som</w>
  <w>med</w>
  <w>fem</w>
  <w>års</w>
  <w>studielån</w>
  <w>och</w>
  <w>specialkunskaper</w>
  <w>får</w>
  <w>veta</w>
  <w>att</w>
  <w>skattesubventioner</w>
  <w>ska</w>
  <w>användas</w>
  <w>för</w>
  <w>att</w>
  <w>okvalificerad</w>
  <w>arbetskraft</w>
  <w>istället</w>
  <w>ska</w>
  <w>anlitas</w>
  <w>där</w>
  <w>det</w>
  <w>finns</w>
  <w>barn</w>
  <w>med</w>
  <w>speciella</w>
  <w>behov</w>
  <w>?</w>
  <w>Vilka</w>
  <w>signaler</w>
  <w>ger</w>
  <w>vi</w>
  <w>till</w>
  <w>dessa</w>
  <w>barns</w>
  <w>föräldrar</w>
  <w>?</w>
  <w>.</w>
</absapar>
<absapar id=10>
  <w>Om</w>
  <w>läxhjälp</w>
  <w>ses</w>
  <w>som</w>
  <w>ett</w>
  <w>komplement</w>
  <w>till</w>
  <w>undervisningen</w>
  <w>kan</w>
  <w>det</w>
  <w>skötas</w>
  <w>av</w>
  <w>syskon</w>
  <w>,</w>
  <w>vänner</w>
  <w>,</w>
  <w>ideella</w>
  <w>läxhjälpare</w>
  <w>eller</w>
  <w>till</w>
  <w>och</w>
  <w>med</w>
  <w>läxhjälpsföretag</w>
  <w>–</w>
  <w>men</w>
  <w>utan</w>
  <w>skattesubventioner</w>
  <w>.</w>
  <w>Är</w>
  <w>läxhjälpen</w>
  <w>däremot</w>
  <w>en</w>
  <w>del</w>
  <w>av</w>
  <w>skolans</w>
  <w>normala</w>
  <w>verksamhet</w>
  <w>,</w>
  <w>bland</w>
  <w>annat</w>
  <w>för</w>
  <w>att</w>
  <w>alla</w>
  <w>elever</w>
  <w>ska</w>
  <w>ha</w>
  <w>en</w>
  <w>chans</w>
  <w>att</w>
  <w>nå</w>
  <w>målen</w>
  <w>,</w>
  <w>bör</w>
  <w>den</w>
  <w>självfallet</w>
  <w>bygga</w>
  <w>på</w>
  <w>att</w>
  <w>det</w>
  <w>är</w>
  <w>kvalificerad</w>
  <w>personal</w>
  <w>som</w>
  <w>svarar</w>
  <w>för</w>
  <w>verksamheten</w>
  <w>.</w>
</absapar>
<absapar id=11>
  <w>Det</w>
  <w>är</w>
  <w>onekligen</w>
  <w>en</w>
  <w>paradox</w>
  <w>om</w>
  <w>samma</w>
  <w>regering</w>
  <w>som</w>
  <w>inför</w>
  <w>lärarlegitimation</w>
  <w>också</w>
  <w>vill</w>
  <w>införa</w>
  <w>att</w>
  <w>lekmän</w>
  <w>som</w>
  <w>entreprenörer</w>
  <w>ska</w>
  <w>svara</w>
  <w>för</w>
  <w>en</w>
  <w>del</w>
  <w>av</w>
  <w>skolans</w>
  <w>kunskapsuppdrag</w>
  <w>.</w>
  <w>Ännu</w>
  <w>finns</w>
  <w>tid</w>
  <w>till</w>
  <w>begrundan</w>
  <w>.</w>
  <w>Tänk</w>
  <w>om</w>
  <w>!</w>
  <w>.</w>
</absapar>
<absapar id=12>
  <w>HANS</w>
  <w>ALBIN</w>
  <w>LARSSON</w>
  <w>.</w>
</absapar>
<absapar id=13>
  <w>professor</w>
  <w>i</w>
  <w>historia</w>
  <w>och</w>
  <w>utbildningsvetenskap</w>
  <w>vid</w>
  <w>Högskolan</w>
  <w>i</w>
  <w>Jönköping</w>
  <w>.</w>
</absapar>
<absapar id=14>
  <w>ANNE-CHRISTINE</w>
  <w>HORNBORG</w>
  <w>.</w>
</absapar>
<absapar id=15>
  <w>professor</w>
  <w>i</w>
  <w>religionshistoria</w>
  <w>,</w>
  <w>Lunds</w>
  <w>universitet</w>
  <w>.</w>
</absapar>
<absapar id=16>
  <w>Redaktör</w>
  <w>:</w>
  <w>Carina</w>
  <w>Stensson</w>
  <w>,</w>
  <w>Biträdande</w>
  <w>redaktör</w>
  <w>:</w>
  <w>Björn</w>
  <w>Jorner</w>
  <w>,</w>
  <w>Mejl</w>
  <w>:</w>
  <w>debatt</w>
  <w>@</w>
  <w>svd.se</w>
  <w>,</w>
  <w>Telefonnummer</w>
  <w>:</w>
  <w>08</w>
  <w>-</w>
  <w>135149</w>
  <w>,</w>
  <w>Twitter</w>
  <w>:</w>
  <w>@</w>
  <w>SvDDebatt</w>
  <w>,</w>
  <w>Facebook</w>
  <w>:</w>
  <w>SvD</w>
  <w>Debatt</w>
  <w>.</w>
</absapar>
</absadoc>
