<absadoc annotators=1 senti=>
<absatitle>
  <w>Trump</w>
  <w>drar</w>
  <w>Röd</w>
  <w>Linje</w>
  <w>:</w>
  <w>hotar</w>
  <w>Nordkorea</w>
  <w>med</w>
  <w>(</w>
  <w>kärnvapen</w>
  <w>)</w>
  <w>krig</w>
  <w>.</w>
</absatitle>
<absapar id=1>
  <w>Donald</w>
  <w>Trump</w>
  <w>säger</w>
  <w>alltså</w>
  <w>att</w>
  <w>verbala</w>
  <w>hot</w>
  <w>från</w>
  <w>DFR</w>
  <w>Korea</w>
  <w>(</w>
  <w>Nordkorea</w>
  <w>)</w>
  <w>kommer</w>
  <w>att</w>
  <w>mötas</w>
  <w>med</w>
  <w>en</w>
  <w>gigantisk</w>
  <w>militär</w>
  <w>attack</w>
  <w>:</w>
  <w>.</w>
</absapar>
<absapar id=2>
  <w></w>
  <absaspan id=1>
    <w>North</w>
  </absaspan>
  <absaspan id=2>
    <w>Korea</w>
  </absaspan>
  <w>best</w>
  <w>not</w>
  <w>make</w>
  <w>any</w>
  <w>more</w>
  <w>threats</w>
  <w>to</w>
  <w>the</w>
  <w>United</w>
  <w>States</w>
  <w>,</w>
  <w></w>
  <absaspan id=3>
    <w>Trump</w>
  </absaspan>
  <w>told</w>
  <w>journalists</w>
  <w>at</w>
  <w>his</w>
  <w>club</w>
  <w>in</w>
  <w>Bedminster</w>
  <w>,</w>
  <w>New</w>
  <w>Jersey</w>
  <w>.</w>
  <w></w>
  <absaspan id=4>
    <w>They</w>
  </absaspan>
  <absaspan id=5 senti=1>
    <w>will</w>
    <w>be</w>
    <w>met</w>
    <w>with</w>
    <w>the</w>
    <w>fire</w>
    <w>and</w>
    <w>the</w>
    <w>fury</w>
    <w>like</w>
    <w>the</w>
    <w>world</w>
    <w>has</w>
    <w>never</w>
    <w>seen</w>
  </absaspan>
  <w>.</w>
  <w></w>
  <w>(</w>
  <w>länk</w>
  <w>nedan</w>
  <w>)</w>
  <w>.</w>
</absapar>
<absapar id=3>
  <w>Är</w>
  <w>det</w>
  <w>nått</w>
  <w>DFR</w>
  <w>Korea</w>
  <w>och</w>
  <w>familjen</w>
  <w>Kim</w>
  <w>inte</w>
  <w>har</w>
  <w>gjort</w>
  <w>under</w>
  <w>de</w>
  <w>senaste</w>
  <w>decennierna</w>
  <w>så</w>
  <w>är</w>
  <w>det</w>
  <w>att</w>
  <w>vika</w>
  <w>sig</w>
  <w>för</w>
  <w>hot</w>
  <w>.</w>
  <w>Snart</w>
  <w>får</w>
  <w>vi</w>
  <w>alltså</w>
  <w>se</w>
  <w>om</w>
  <w>Trump</w>
  <w>även</w>
  <w>kommer</w>
  <w>att</w>
  <w>"</w>
  <w>walk</w>
  <w>the</w>
  <w>walk</w>
  <w>"</w>
  <w>,</w>
  <w>då</w>
  <w>DFR</w>
  <w>Korea</w>
  <w>dels</w>
  <w>kommer</w>
  <w>att</w>
  <w>upprepa</w>
  <w>sin</w>
  <w>varning</w>
  <w>till</w>
  <w>USA</w>
  <w>om</w>
  <w>att</w>
  <w>det</w>
  <w>kommer</w>
  <w>att</w>
  <w>anfallas</w>
  <w>om</w>
  <w>det</w>
  <w>provocerar</w>
  <w>DFRK</w>
  <w>och</w>
  <w>dels</w>
  <w>kommer</w>
  <w>DFRK</w>
  <w>snart</w>
  <w>testa</w>
  <w>fler</w>
  <w>missiler</w>
  <w>eller</w>
  <w>bomber</w>
  <w>.</w>
</absapar>
<absapar id=4>
  <w>Om</w>
  <absaspan id=6>
    <w>Trump</w>
  </absaspan>
  <w>nu</w>
  <absaspan id=7 senti=2>
    <w>inte</w>
    <w>vill</w>
    <w>se</w>
    <w>ut</w>
    <w>som</w>
    <w>ett</w>
    <w>fån</w>
  </absaspan>
  <w>,</w>
  <w>måste</w>
  <w>han</w>
  <w>ju</w>
  <w>gå</w>
  <w>ut</w>
  <w>i</w>
  <w>krig</w>
  <w>,</w>
  <w>vilket</w>
  <w>för</w>
  <w>USAs</w>
  <w>del</w>
  <w>sannolikt</w>
  <w>innebär</w>
  <w>miljoner</w>
  <w>döda</w>
  <w>(</w>
  <w>plus</w>
  <w>en</w>
  <w>massa</w>
  <w>andra</w>
  <absaspan id=8 senti=2 irony>
    <w>angenäma</w>
    <w>konsekvenser</w>
  </absaspan>
  <w>,</w>
  <absaspan id=9>
    <w>som</w>
    <w>t</w>
    <w>ex</w>
    <w>en</w>
    <w>världsekonomi</w>
    <w>i</w>
    <w>depression</w>
    <w>,</w>
    <w>en</w>
    <w>amerikansk</w>
    <w>supermakt</w>
    <w>som</w>
    <w>går</w>
    <w>i</w>
    <w>graven</w>
    <w>etc</w>
    <w>.</w>
    <w>)</w>
  </absaspan>
  <w>.</w>
</absapar>
<absapar id=5>
  <w>Så</w>
  <w>,</w>
  <w>kommer</w>
  <w>ww3</w>
  <w>att</w>
  <w>inledas</w>
  <w>nu</w>
  <w>,</w>
  <w>eftersom</w>
  <w>DFRK</w>
  <w>med</w>
  <w>all</w>
  <w>säkerhet</w>
  <w>kommer</w>
  <w>att</w>
  <w>bryta</w>
  <w>detta</w>
  <w>som</w>
  <w>får</w>
  <w>betraktas</w>
  <w>som</w>
  <w>en</w>
  <w>röd</w>
  <w>linje</w>
  <w>av</w>
  <w>Trump</w>
  <w>eller</w>
  <absaspan id=10 senti=2>
    <w>kommer</w>
  </absaspan>
  <absaspan id=11>
    <w>Trump</w>
  </absaspan>
  <w>att</w>
  <absaspan id=12 senti=2>
    <w>stå</w>
  </absaspan>
  <absaspan id=13 senti=2>
    <w>där</w>
    <w>som</w>
    <w>ett</w>
    <w>fån</w>
  </absaspan>
  <w>?</w>
  <w>.</w>
</absapar>
<absapar id=6>
  <w>Konsekvenser</w>
  <w>för</w>
  <w>USA</w>
  <w>:</w>
  <w>.</w>
</absapar>
<absapar id=7>
  <w></w>
  <w>I</w>
  <w>don</w>
  <w></w>
  <w>t</w>
  <w>have</w>
  <w>the</w>
  <w>slightest</w>
  <w>doubt</w>
  <w>that</w>
  <w>the</w>
  <w>RVs</w>
  <w>(</w>
  <w>re-entry</w>
  <w>vehicle</w>
  <w>)</w>
  <w>on</w>
  <w>these</w>
  <w>missiles</w>
  <w>are</w>
  <w>working</w>
  <w>,</w>
  <w></w>
  <w>said</w>
  <w>Jeffrey</w>
  <w>Lewis</w>
  <w>,</w>
  <w>the</w>
  <w>director</w>
  <w>of</w>
  <w>the</w>
  <w>East</w>
  <w>Asia</w>
  <w>nonproliferation</w>
  <w>programme</w>
  <w>at</w>
  <w>the</w>
  <w>Middlebury</w>
  <w>Institute</w>
  <w>of</w>
  <w>International</w>
  <w>Studies</w>
  <w>at</w>
  <w>Monterey</w>
  <w>.</w>
  <w></w>
  <w>That</w>
  <w></w>
  <w>s</w>
  <w>done</w>
  <w>.</w>
  <w>We</w>
  <w></w>
  <w>re</w>
  <w>there</w>
  <w>.</w>
  <w>North</w>
  <w>Korea</w>
  <w>can</w>
  <w>put</w>
  <w>a</w>
  <w>nuclear</w>
  <w>weapon</w>
  <w>on</w>
  <w>New</w>
  <w>York</w>
  <w>City</w>
  <w>.</w>
  <w></w>
  <w>.</w>
</absapar>
</absadoc>
