<absadoc annotators=1 senti=1>
<absatitle>
  <w>Västerås</w>
  <w>köper</w>
  <w>radhus</w>
  <w>åt</w>
  <absaspan id=1 senti=1 target=1>
    <w>parasiter</w>
  </absaspan>
  <w>!</w>
</absatitle>
<absapar id=1 senti=1>
  <w>I</w>
  <w>veckan</w>
  <w>köpte</w>
  <w>Västerås</w>
  <w>stad</w>
  <w>ett</w>
  <w>radhus</w>
  <w>på</w>
  <w>Ringduvegatan</w>
  <w>86</w>
  <w>för</w>
  <w>1,2</w>
  <w>miljoner</w>
  <w>kronor</w>
  <w>.</w>
  <w>Efter</w>
  <w>kontakt</w>
  <w>med</w>
  <w>ansvariga</w>
  <w>i</w>
  <w>staden</w>
  <w>har</w>
  <w>det</w>
  <w>framkommit</w>
  <w>att</w>
  <w>huset</w>
  <w>är</w>
  <w>inköpt</w>
  <w>för</w>
  <w>Integrationsenhetens</w>
  <w>räkning</w>
  <w>*</w>
  <w>.</w>
  <w>En</w>
  <absaspan id=2 senti=1>
    <w>parasiterande</w>
    <w>blattefamilj</w>
  </absaspan>
  <w>som</w>
  <w>dragit</w>
  <w>högvinsten</w>
  <w>i</w>
  <absaspan id=3 senti=1>
    <w>välfärdslotteriet</w>
  </absaspan>
  <w>således</w>
  <w>.</w>
  <w>De</w>
  <w>familjer</w>
  <w>som</w>
  <w>redan</w>
  <w>bor</w>
  <w>i</w>
  <w>området</w>
  <w>är</w>
  <w>förmodligen</w>
  <w>inte</w>
  <w>lika</w>
  <w>glada</w>
  <w>.</w>
  <w>Att</w>
  <w>själv</w>
  <w>behöva</w>
  <w>låna</w>
  <w>till</w>
  <w>sitt</w>
  <w>boende</w>
  <w>och</w>
  <w>sedan</w>
  <w>få</w>
  <w>se</w>
  <w>sig</w>
  <w>omsprungen</w>
  <w>av</w>
  <absaspan id=4 senti=1>
    <w>lättingar</w>
    <w>från</w>
    <w>Tredje</w>
    <w>världen</w>
  </absaspan>
  <w>kan</w>
  <w>aldrig</w>
  <w>vara</w>
  <w>kul</w>
  <w>.</w>
  <w>Inte</w>
  <w>heller</w>
  <w>kan</w>
  <w>det</w>
  <w>vara</w>
  <w>uppmuntrande</w>
  <w>att</w>
  <absaspan id=5 senti=1>
    <w>tvingas</w>
    <w>på</w>
  </absaspan>
  <absaspan id=6 senti=1>
    <w>mångkultur</w>
  </absaspan>
  <absaspan id=7 senti=1>
    <w>och</w>
    <w>elände</w>
  </absaspan>
  <w>.</w>
</absapar>
<absapar id=2 senti=1>
  <absaspan id=8 senti=1>
    <w>Att</w>
    <w>tvinga</w>
    <w>på</w>
    <w>oss</w>
  </absaspan>
  <w>svenskar</w>
  <absaspan id=9 senti=1>
    <w>blattar</w>
  </absaspan>
  <absaspan id=10 senti=1>
    <w>och</w>
    <w>mångkultur</w>
  </absaspan>
  <w>är</w>
  <w>förövrigt</w>
  <w>något</w>
  <absaspan id=11>
    <w>politikerna</w>
    <w>planerat</w>
    <w>för</w>
    <w>i</w>
    <w>flertalet</w>
    <w>år</w>
  </absaspan>
  <w>.</w>
  <w>Så</w>
  <w>här</w>
  <w>skrev</w>
  <absaspan id=12 senti=1>
    <w>olyckan</w>
  </absaspan>
  <absaspan id=13>
    <w>Birgit</w>
    <w>Friggebod</w>
  </absaspan>
  <w>å</w>
  <w>regeringen</w>
  <w>Bildts</w>
  <w>vägnar</w>
  <w>i</w>
  <w>prop</w>
  <w>.</w>
  <w>1993</w>
  <w>/</w>
  <w>94</w>
  <w>:</w>
  <w>94</w>
  <w>:</w>
  <w>.</w>
</absapar>
<absapar id=3>
  <w>#</w>
  <w>P</w>
  <absaspan id=14 senti=1>
    <w>IMM</w>
  </absaspan>
  <w>.</w>
  <w>.</w>
  <w>Alla</w>
  <w>skall</w>
  <w>med</w>
  <w>i</w>
  <w>det</w>
  <w>mångkulturella</w>
  <w>samhället</w>
  <w>.</w>
  <w>Medborgare</w>
  <w>som</w>
  <w>stretar</w>
  <w>emot</w>
  <w>tvingas</w>
  <w>in</w>
  <w>i</w>
  <w>projektet</w>
  <w>.</w>
  <w>Ingen</w>
  <w>medborgare</w>
  <w>skall</w>
  <w>kunna</w>
  <w>känna</w>
  <w>sig</w>
  <w>trygg</w>
  <w>.</w>
  <w>Svenskar</w>
  <w>föräldrar</w>
  <w>i</w>
  <w>hela</w>
  <w>landet</w>
  <w>skall</w>
  <w>alltid</w>
  <w>behöva</w>
  <w>undra</w>
  <w>om</w>
  <w>barnen</w>
  <w>kommer</w>
  <w>att</w>
  <w>bli</w>
  <w>personrånade</w>
  <w>av</w>
  <w>någon</w>
  <absaspan id=15 senti=4 irony>
    <w>trevlig</w>
  </absaspan>
  <absaspan id=16>
    <w>import</w>
    <w>från</w>
    <w>Tredje</w>
    <w>världen</w>
  </absaspan>
  <w>.</w>
</absapar>
<absapar id=4>
  <w>FRÅGESTÄLLNINGAR</w>
  <w>:</w>
  <w>.</w>
</absapar>
<absapar id=5 senti=1>
  <w>Vi</w>
  <w>vet</w>
  <w>att</w>
  <absaspan id=17>
    <w>bostadsområden</w>
    <w>med</w>
    <w>en</w>
    <w>tillräckligt</w>
    <w>stor</w>
  </absaspan>
  <absaspan id=18 senti=1>
    <w>blattapopulation</w>
  </absaspan>
  <w>förr</w>
  <w>eller</w>
  <w>senare</w>
  <absaspan id=19 senti=1>
    <w>fullständigt</w>
    <w>ballar</w>
    <w>ur</w>
  </absaspan>
  <w>.</w>
  <absaspan id=20 senti=1>
    <w>Stenkastning</w>
    <w>,</w>
    <w>rån</w>
    <w>,</w>
    <w>bilbränder</w>
    <w>,</w>
    <w>våldtäkter</w>
    <w>och</w>
    <w>andra</w>
    <w>våldsamheter</w>
  </absaspan>
  <w>blir</w>
  <w>en</w>
  <w>naturlig</w>
  <w>del</w>
  <w>av</w>
  <w>vardagen</w>
  <w>.</w>
  <w>Om</w>
  <w>kommunen</w>
  <w>tillåter</w>
  <w>ännu</w>
  <w>fler</w>
  <absaspan id=21 senti=1>
    <w>blattar</w>
  </absaspan>
  <w>bo</w>
  <w>i</w>
  <w>området</w>
  <w>hur</w>
  <w>lång</w>
  <w>tid</w>
  <w>tror</w>
  <w>ni</w>
  <w>det</w>
  <w>kommer</w>
  <w>att</w>
  <w>ta</w>
  <w>innan</w>
  <absaspan id=22>
    <w>detta</w>
    <w>radhusområde</w>
  </absaspan>
  <absaspan id=23 senti=1>
    <w>fullständigt</w>
    <w>chanserar</w>
  </absaspan>
  <w>?</w>
  <w>.</w>
</absapar>
<absapar id=6 senti=1>
  <w>Därtill</w>
  <w>är</w>
  <w>det</w>
  <w>välkänt</w>
  <w>för</w>
  <w>alla</w>
  <w>och</w>
  <w>envar</w>
  <w>att</w>
  <w>bostadspriserna</w>
  <w>sjunker</w>
  <w>i</w>
  <w>kulturberikade</w>
  <w>bostadsområden</w>
  <w>.</w>
  <w>Borde</w>
  <w>kommunen</w>
  <w>därför</w>
  <w>betala</w>
  <w>skadestånd</w>
  <w>till</w>
  <w>de</w>
  <w>radhusägare</w>
  <w>som</w>
  <w>nu</w>
  <w>förlorar</w>
  <w>pengar</w>
  <w>på</w>
  <w>grund</w>
  <w>av</w>
  <w>att</w>
  <w>kommunen</w>
  <w>tvingar</w>
  <w>på</w>
  <w>dem</w>
  <w>nya</w>
  <w>grannar</w>
  <w>.</w>
  <absaspan id=24>
    <w>Grannar</w>
    <w>som</w>
    <w>är</w>
    <w>direkt</w>
    <w>oförenliga</w>
    <w>med</w>
    <w>det</w>
    <w>svenska</w>
    <w>samhället</w>
  </absaspan>
  <w>och</w>
  <w>därför</w>
  <absaspan id=25 senti=1>
    <w>mycket</w>
    <w>otrevliga</w>
    <w>att</w>
    <w>ha</w>
    <w>inpå</w>
    <w>husknuten</w>
  </absaspan>
  <w>.</w>
  <w>Kan</w>
  <w>svenskar</w>
  <w>som</w>
  <w>nyligen</w>
  <w>köpt</w>
  <w>radhus</w>
  <w>i</w>
  <w>området</w>
  <w>kräva</w>
  <w>avdrag</w>
  <w>på</w>
  <w>köpeskillingen</w>
  <w>eller</w>
  <w>rent</w>
  <w>av</w>
  <w>häva</w>
  <w>köpet</w>
  <w>i</w>
  <w>enlighet</w>
  <w>med</w>
  <w>jordbalkens</w>
  <w>regler</w>
  <w>om</w>
  <w>dolda</w>
  <w>fel</w>
  <w>?</w>
  <w>.</w>
</absapar>
<absapar id=7>
  <w>.</w>
  <w>*</w>
  <w>.</w>
</absapar>
</absadoc>
