<absadoc annotators=1 senti=2>
<absatitle>
  <w>Asylsökande</w>
  <w>män</w>
  <w>på</w>
  <w>vanlig</w>
  <w>grundskola</w>
  <w>i</w>
  <w>Uppsala</w>
  <w>.</w>
</absatitle>
<absapar id=1 senti=3>
  <w>Årsta</w>
  <w>högstadium</w>
  <w>(</w>
  <w>Palmbladsskolan</w>
  <w>)</w>
  <w>är</w>
  <w>en</w>
  <w>grundskola</w>
  <w>med</w>
  <w>barn</w>
  <w>på</w>
  <w>11</w>
  <w>-</w>
  <w>15</w>
  <w>år</w>
  <w>,</w>
  <w>årskurs</w>
  <w>6</w>
  <w>-</w>
  <w>9</w>
  <w>.</w>
  <w>I</w>
  <w>skolbyggnaden</w>
  <w>finns</w>
  <w>även</w>
  <w>en</w>
  <w>asylenhet</w>
  <w>med</w>
  <w>sju</w>
  <w>klasser</w>
  <w>asylsökande</w>
  <w>män</w>
  <w>.</w>
  <w>De</w>
  <w>är</w>
  <w>placerade</w>
  <w>efter</w>
  <w>kunskapsnivå</w>
  <w>och</w>
  <w>därför</w>
  <w>placerats</w>
  <w>i</w>
  <w>år</w>
  <w>7</w>
  <w>-</w>
  <w>9</w>
  <w>.</w>
  <w>Åldersmässigt</w>
  <w>är</w>
  <w>de</w>
  <w>dock</w>
  <w>äldre</w>
  <w>,</w>
  <w>det</w>
  <w>ser</w>
  <w>man</w>
  <w>när</w>
  <w>man</w>
  <w>besöker</w>
  <w>skolan</w>
  <w>.</w>
  <w>De</w>
  <w>är</w>
  <w>i</w>
  <w>en</w>
  <w>asylprocess</w>
  <w>och</w>
  <w>åldersbedömningen</w>
  <w>är</w>
  <w>ännu</w>
  <w>inte</w>
  <w>gjord</w>
  <w>,</w>
  <w>den</w>
  <w>görs</w>
  <w>i</w>
  <w>slutet</w>
  <w>av</w>
  <w>asylprocessen</w>
  <w>.</w>
  <w>I</w>
  <w>majoriteten</w>
  <w>av</w>
  <w>fallen</w>
  <w>stämmer</w>
  <w>inte</w>
  <w>den</w>
  <w>ålder</w>
  <w>som</w>
  <w>den</w>
  <w>asylsökande</w>
  <w>angivit</w>
  <w>.</w>
</absapar>
<absapar id=2>
  <w>Dessa</w>
  <absaspan id=1>
    <w>asylsökande</w>
  </absaspan>
  <absaspan id=2>
    <w>män</w>
  </absaspan>
  <w>delar</w>
  <w>alla</w>
  <w>utrymmen</w>
  <w>på</w>
  <w>skolan</w>
  <w>med</w>
  <w>pojkar</w>
  <w>och</w>
  <w>flickor</w>
  <w>11</w>
  <w>-</w>
  <w>15</w>
  <w>år</w>
  <w>,</w>
  <absaspan id=3>
    <w>de</w>
  </absaspan>
  <absaspan id=4 senti=2>
    <w>trängs</w>
    <w>i</w>
    <w>matköer</w>
  </absaspan>
  <w>,</w>
  <w>i</w>
  <w>soffan</w>
  <w>i</w>
  <w>uppehållsrummet</w>
  <w>,</w>
  <w>de</w>
  <w>delar</w>
  <w>toalettutrymmen</w>
  <w>,</w>
  <w>de</w>
  <w>delar</w>
  <w>omklädningsrum</w>
  <w>och</w>
  <w>duschar</w>
  <w>.</w>
</absapar>
<absapar id=3>
  <w>Det</w>
  <w>faktum</w>
  <w>att</w>
  <w>de</w>
  <w>är</w>
  <w>vuxna</w>
  <w>och</w>
  <w>är</w>
  <w>många</w>
  <w>till</w>
  <w>antalet</w>
  <w>(</w>
  <w>sju</w>
  <w>klasser</w>
  <w>)</w>
  <w>gör</w>
  <w>att</w>
  <w>skolan</w>
  <w>domineras</w>
  <w>av</w>
  <w>vuxna</w>
  <w>män</w>
  <w>.</w>
  <absaspan id=5>
    <w>De</w>
  </absaspan>
  <absaspan id=6 senti=2>
    <w>är</w>
    <w>mycket</w>
    <w>högljudda</w>
  </absaspan>
  <w>,</w>
  <w>hörs</w>
  <w>i</w>
  <w>hela</w>
  <w>skolbyggnaden</w>
  <w>och</w>
  <w>ockuperar</w>
  <w>spel</w>
  <w>mm</w>
  <w>som</w>
  <w>finns</w>
  <w>på</w>
  <w>skolan</w>
  <w>.</w>
  <w>Inte</w>
  <w>lätt</w>
  <w>när</w>
  <w>man</w>
  <w>är</w>
  <w>mycket</w>
  <w>mindre</w>
  <w>och</w>
  <w>yngre</w>
  <w>att</w>
  <w>få</w>
  <w>plats</w>
  <w>eller</w>
  <w>utrymme</w>
  <w>.</w>
  <w>De</w>
  <w>pekar</w>
  <w>på</w>
  <w>flickorna</w>
  <w>och</w>
  <w>kommenterar</w>
  <w>och</w>
  <w>skrattar</w>
  <w>.</w>
</absapar>
<absapar id=4>
  <absaspan id=7>
    <w>De</w>
  </absaspan>
  <absaspan id=8 senti=2>
    <w>startar</w>
  </absaspan>
  <w>så</w>
  <absaspan id=9 senti=2>
    <w>våldsamma</w>
  </absaspan>
  <absaspan id=10 senti=2>
    <w>slagsmål</w>
  </absaspan>
  <w>att</w>
  <w>polisen</w>
  <w>har</w>
  <w>larmats</w>
  <w>och</w>
  <w>ryckt</w>
  <w>ut</w>
  <w>till</w>
  <w>skolan</w>
  <w>.</w>
  <w>Exempelvis</w>
  <w>3</w>
  <w>oktober</w>
  <w>kom</w>
  <w>polis</w>
  <w>till</w>
  <w>skolan</w>
  <w>.</w>
</absapar>
<absapar id=5>
  <w>Såväl</w>
  <w>SKL</w>
  <w>,</w>
  <w>Sveriges</w>
  <w>kommuner</w>
  <w>och</w>
  <w>landsting</w>
  <w>och</w>
  <w>Migrationsverket</w>
  <w>har</w>
  <w>gått</w>
  <w>ut</w>
  <w>och</w>
  <w>varnat</w>
  <w>för</w>
  <w>att</w>
  <w>blanda</w>
  <w>vuxna</w>
  <w>och</w>
  <w>barn</w>
  <w>i</w>
  <w>verksamheter</w>
  <w>och</w>
  <w>vill</w>
  <w>se</w>
  <w>en</w>
  <w>lagstiftning</w>
  <w>mot</w>
  <w>detta</w>
  <w>.</w>
  <w>Vuxna</w>
  <w>som</w>
  <w>arbetar</w>
  <w>på</w>
  <w>skolan</w>
  <w>kontrolleras</w>
  <w>mot</w>
  <w>brottsregistret</w>
  <w>och</w>
  <w>det</w>
  <w>av</w>
  <w>en</w>
  <w>viktig</w>
  <w>anledning</w>
  <w>.</w>
</absapar>
<absapar id=6>
  <absaspan id=11>
    <w>Årsta</w>
  </absaspan>
  <absaspan id=12>
    <w>högstadium</w>
    <w>(</w>
    <w>Palmbladsskolan</w>
    <w>)</w>
  </absaspan>
  <w>Uppsala</w>
  <w>sticker</w>
  <w>ut</w>
  <w>på</w>
  <w>ett</w>
  <w>negativt</w>
  <w>sätt</w>
  <w>i</w>
  <w>Skolinspektionens</w>
  <w>enkät</w>
  <w>hösten</w>
  <w>2016</w>
  <w>,</w>
  <w>speciellt</w>
  <w>när</w>
  <w>det</w>
  <w>gäller</w>
  <w>trygghet</w>
  <w>.</w>
  <absaspan id=13>
    <w>Här</w>
  </absaspan>
  <absaspan id=14 senti=2>
    <w>upplever</w>
  </absaspan>
  <w>man</w>
  <absaspan id=15 senti=2>
    <w>mindre</w>
  </absaspan>
  <absaspan id=16 senti=2>
    <w>trygghet</w>
  </absaspan>
  <w>än</w>
  <w>på</w>
  <w>andra</w>
  <w>skolor</w>
  <w>.</w>
  <w>Årsta</w>
  <w>högstadium</w>
  <w>får</w>
  <w>6,8</w>
  <w>i</w>
  <w>trygghetsindex</w>
  <w>av</w>
  <w>föräldrar</w>
  <w>att</w>
  <w>jämföra</w>
  <w>med</w>
  <w>landets</w>
  <w>genomsnitt</w>
  <w>på</w>
  <w>8,4</w>
  <w>.</w>
</absapar>
<absapar id=7>
  <w>Några</w>
  <w>exempel</w>
  <w>från</w>
  <w>skolenkäten</w>
  <w>:</w>
  <w>Dubbelt</w>
  <w>så</w>
  <w>många</w>
  <w>elever</w>
  <w>anger</w>
  <w>att</w>
  <w>det</w>
  <w>finns</w>
  <w>elever</w>
  <w>de</w>
  <w>är</w>
  <w>rädda</w>
  <w>för</w>
  <w>,</w>
  <w>här</w>
  <w>är</w>
  <w>det</w>
  <w>14%</w>
  <w>som</w>
  <w>instämmer</w>
  <w>helt</w>
  <w>och</w>
  <w>hållet</w>
  <w>att</w>
  <w>jämföra</w>
  <w>med</w>
  <w>7%</w>
  <w>för</w>
  <w>samtliga</w>
  <w>skolor</w>
  <w>.</w>
  <w>Även</w>
  <w>personalen</w>
  <w>ger</w>
  <w>lägre</w>
  <w>index</w>
  <w>för</w>
  <w>trygghet</w>
  <w>.</w>
  <w>Likaså</w>
  <w>föräldrarna</w>
  <w>ger</w>
  <w>lägre</w>
  <w>siffror</w>
  <w>för</w>
  <w>trygghet</w>
  <w>än</w>
  <w>på</w>
  <w>andra</w>
  <w>skolor</w>
  <w>.</w>
  <w>På</w>
  <w>frågan</w>
  <w>om</w>
  <w>föräldern</w>
  <w>skulle</w>
  <w>rekommendera</w>
  <w>barnets</w>
  <w>skola</w>
  <w>säger</w>
  <w>29%</w>
  <w>ja</w>
  <w>,</w>
  <w>att</w>
  <w>jämföra</w>
  <w>med</w>
  <w>samtliga</w>
  <w>skolor</w>
  <w>där</w>
  <w>51%</w>
  <w>säger</w>
  <w>ja</w>
  <w>.</w>
  <w>Enkätsvaren</w>
  <w>finns</w>
  <w>på</w>
  <w>Skolinspektionens</w>
  <w>hemsida</w>
  <w>.</w>
</absapar>
<absapar id=8>
  <w>Skolan</w>
  <w>har</w>
  <w>inte</w>
  <w>presenterat</w>
  <w>en</w>
  <w>enda</w>
  <w>åtgärd</w>
  <w>.</w>
</absapar>
</absadoc>
