<absadoc annotators=1 senti=>
<absatitle>
  <w>KD</w>
  <w>:</w>
  <w>Vi</w>
  <w>föreslår</w>
  <w>en</w>
  <w>helt</w>
  <w>ny</w>
  <w>anställningsform</w>
  <w>.</w>
</absatitle>
<absapar id=1>
  <absaspan id=1>
    <w>Vårt</w>
    <w>samhälle</w>
  </absaspan>
  <w>måste</w>
  <w>på</w>
  <w>riktigt</w>
  <absaspan id=2 senti=4>
    <w>ge</w>
  </absaspan>
  <w>nyanlända</w>
  <w>och</w>
  <w>andra</w>
  <absaspan id=3 senti=4>
    <w>utsatta</w>
    <w>en</w>
    <w>chans</w>
  </absaspan>
  <w>att</w>
  <w>få</w>
  <w>arbete</w>
  <w>.</w>
  <w>Vi</w>
  <w>föreslår</w>
  <w>därför</w>
  <w>en</w>
  <w>helt</w>
  <w>ny</w>
  <w>anställningsform</w>
  <w>som</w>
  <w>kallas</w>
  <w>introduktionsanställning</w>
  <w>.</w>
  <w>Vid</w>
  <w>en</w>
  <w>sådan</w>
  <w>anställning</w>
  <w>får</w>
  <w>ingångslönen</w>
  <w>vara</w>
  <w>75</w>
  <w>procent</w>
  <w>av</w>
  <w>lägsta</w>
  <w>lön</w>
  <w>eller</w>
  <w>ingångslön</w>
  <w>enligt</w>
  <w>kollektivavtal</w>
  <w>,</w>
  <w>skriver</w>
  <w>Kristdemokraternas</w>
  <w>Ebba</w>
  <w>Busch</w>
  <w>Thor</w>
  <w>med</w>
  <w>flera</w>
  <w>.</w>
</absapar>
<absapar id=2>
  <w>Introduktionsanställningar</w>
  <w>är</w>
  <w>ingen</w>
  <w>arbetsmarknadsåtgärd</w>
  <w>.</w>
  <w>Ingen</w>
  <w>byråkrati</w>
  <w>,</w>
  <w>inga</w>
  <w>stöd</w>
  <w>eller</w>
  <w>nya</w>
  <w>subventioner</w>
  <w>.</w>
</absapar>
<absapar id=3>
  <w>Det</w>
  <w>här</w>
  <w>är</w>
  <w>en</w>
  <w>argumenterande</w>
  <w>text</w>
  <w>med</w>
  <w>syfte</w>
  <w>att</w>
  <w>påverka</w>
  <w>.</w>
  <w>Åsikterna</w>
  <w>som</w>
  <w>uttrycks</w>
  <w>är</w>
  <w>skribentens</w>
  <w>egna</w>
  <w>.</w>
</absapar>
<absapar id=4>
  <w>Allt</w>
  <w>fler</w>
  <absaspan id=4>
    <w>arbetslösa</w>
  </absaspan>
  <absaspan id=5 senti=4>
    <w>befinner</w>
    <w>sig</w>
  </absaspan>
  <w>i</w>
  <w>det</w>
  <w>som</w>
  <w>kallas</w>
  <absaspan id=6 senti=4>
    <w>utsatt</w>
  </absaspan>
  <absaspan id=7 senti=4>
    <w>ställning</w>
  </absaspan>
  <w>,</w>
  <w>det</w>
  <w>är</w>
  <w>personer</w>
  <w>med</w>
  <w>högst</w>
  <w>förgymnasial</w>
  <w>utbildning</w>
  <w>,</w>
  <w>funktionsnedsättning</w>
  <w>,</w>
  <w>äldre</w>
  <w>och</w>
  <w>utomeuropeiskt</w>
  <w>födda</w>
  <w>.</w>
  <w>Högst</w>
  <w>är</w>
  <w>arbetslösheten</w>
  <w>bland</w>
  <w>utrikes</w>
  <w>födda</w>
  <w>med</w>
  <w>enbart</w>
  <w>förgymnasial</w>
  <w>utbildning</w>
  <w>.</w>
  <w>Efter</w>
  <w>att</w>
  <w>ha</w>
  <w>befunnit</w>
  <w>sig</w>
  <w>i</w>
  <w>Sverige</w>
  <w>i</w>
  <w>3</w>
  <w>-</w>
  <w>5</w>
  <w>år</w>
  <w>är</w>
  <w>arbetslösheten</w>
  <w>bland</w>
  <w>dessa</w>
  <w>45</w>
  <w>procent</w>
  <w>.</w>
</absapar>
<absapar id=5>
  <w>Samtidigt</w>
  <w>pressas</w>
  <w>många</w>
  <w>enklare</w>
  <w>jobb</w>
  <w>ut</w>
  <w>från</w>
  <w>arbetsmarknaden</w>
  <w>,</w>
  <w>inte</w>
  <w>minst</w>
  <w>genom</w>
  <w>automatisering</w>
  <w>och</w>
  <w>digitalisering</w>
  <w>.</w>
  <w>Detta</w>
  <w>är</w>
  <w>den</w>
  <w>främsta</w>
  <w>anledningen</w>
  <w>till</w>
  <w>att</w>
  <w>såväl</w>
  <w>utlandsfödda</w>
  <w>som</w>
  <w>infödda</w>
  <w>svenskar</w>
  <w>med</w>
  <w>låg</w>
  <w>utbildningsgrad</w>
  <w>saknar</w>
  <w>jobb</w>
  <w>.</w>
  <w>Jobben</w>
  <w>försvinner</w>
  <w>också</w>
  <w>genom</w>
  <w>att</w>
  <w>lägstalönerna</w>
  <w>i</w>
  <w>kollektivavtalen</w>
  <w>höjs</w>
  <w>till</w>
  <w>en</w>
  <w>nivå</w>
  <w>där</w>
  <w>det</w>
  <w>inte</w>
  <w>är</w>
  <w>lönsamt</w>
  <w>att</w>
  <w>anställa</w>
  <w>personer</w>
  <w>för</w>
  <w>att</w>
  <w>utföra</w>
  <w>vissa</w>
  <w>arbeten</w>
  <w>.</w>
  <w>Samtidigt</w>
  <w>saknar</w>
  <w>omkring</w>
  <w>700</w>
  <w>000</w>
  <w>i</w>
  <w>arbetsför</w>
  <w>ålder</w>
  <w>gymnasieutbildning</w>
  <w>.</w>
  <w>Det</w>
  <w>har</w>
  <w>skapat</w>
  <w>en</w>
  <w>tudelning</w>
  <w>på</w>
  <w>svensk</w>
  <w>arbetsmarknad</w>
  <w>som</w>
  <w>fördjupas</w>
  <w>snabbt</w>
  <w>.</w>
</absapar>
<absapar id=6>
  <absaspan id=8 senti=4>
    <w>Utmaningen</w>
  </absaspan>
  <w>är</w>
  <w>så</w>
  <w>stor</w>
  <w>att</w>
  <w>det</w>
  <w>är</w>
  <w>uppenbart</w>
  <w>att</w>
  <w>utbildningsinsatser</w>
  <w>inte</w>
  <w>ensamt</w>
  <w>kommer</w>
  <w>att</w>
  <w>räcka</w>
  <w>.</w>
  <w>Vi</w>
  <w>behöver</w>
  <w>reformer</w>
  <w>för</w>
  <w>att</w>
  <w>fler</w>
  <w>vardagsjobb</w>
  <w>ska</w>
  <w>växa</w>
  <w>fram</w>
  <w>och</w>
  <w>vi</w>
  <w>behöver</w>
  <w>sänka</w>
  <w>trösklarna</w>
  <w>in</w>
  <w>på</w>
  <w>arbetsmarknaden</w>
  <w>.</w>
  <w>Det</w>
  <w>måste</w>
  <w>bli</w>
  <w>möjligt</w>
  <w>att</w>
  <w>på</w>
  <w>riktigt</w>
  <w>lära</w>
  <w>sig</w>
  <w>jobbet</w>
  <w>på</w>
  <w>jobbet</w>
  <w>.</w>
</absapar>
<absapar id=7>
  <w>Höga</w>
  <w>ingångslöner</w>
  <w>är</w>
  <w>något</w>
  <w>som</w>
  <w>många</w>
  <absaspan id=9>
    <w>ekonomer</w>
    <w>och</w>
    <w>internationella</w>
    <w>bedömare</w>
    <w>,</w>
    <w>som</w>
    <w>IMF</w>
  </absaspan>
  <w>,</w>
  <w>pekar</w>
  <w>på</w>
  <w>som</w>
  <absaspan id=10 senti=2>
    <w>hinder</w>
  </absaspan>
  <w>på</w>
  <w>svensk</w>
  <w>arbetsmarknad</w>
  <w>för</w>
  <w>personer</w>
  <w>med</w>
  <w>lägre</w>
  <w>utbildning</w>
  <w>och</w>
  <w>ofta</w>
  <w>sämre</w>
  <w>språkkunskaper</w>
  <w>.</w>
</absapar>
<absapar id=8>
  <w>Ett</w>
  <w>sätt</w>
  <w>att</w>
  <w>försöka</w>
  <w>hantera</w>
  <w>detta</w>
  <w>har</w>
  <w>varit</w>
  <w>olika</w>
  <w>typer</w>
  <w>av</w>
  <w>arbetsmarknadsåtgärder</w>
  <w>som</w>
  <w>syftar</w>
  <w>till</w>
  <w>att</w>
  <w>subventionera</w>
  <w>och</w>
  <w>träna</w>
  <w>upp</w>
  <w>arbetskraft</w>
  <w>till</w>
  <w>att</w>
  <w>nå</w>
  <w>en</w>
  <w>produktivitet</w>
  <w>som</w>
  <w>motsvarar</w>
  <w>kollektivavtalsnivå</w>
  <w>.</w>
  <w>Ofta</w>
  <w>har</w>
  <w>stöden</w>
  <w>varit</w>
  <w>krångliga</w>
  <w>och</w>
  <w>omgärdade</w>
  <w>av</w>
  <w>olika</w>
  <w>restriktioner</w>
  <w>och</w>
  <w>inte</w>
  <w>sällan</w>
  <w>har</w>
  <w>kännedomen</w>
  <w>om</w>
  <w>dem</w>
  <w>varit</w>
  <w>låg</w>
  <w>.</w>
</absapar>
<absapar id=9>
  <w>Det</w>
  <w>är</w>
  <w>för</w>
  <absaspan id=11>
    <w>oss</w>
  </absaspan>
  <w>uppenbart</w>
  <w>att</w>
  <w>det</w>
  <w>behövs</w>
  <absaspan id=12>
    <w>reformer</w>
  </absaspan>
  <w>som</w>
  <w>förenklar</w>
  <w>,</w>
  <absaspan id=13 senti=4>
    <w>sänker</w>
    <w>trösklar</w>
  </absaspan>
  <w>och</w>
  <w>som</w>
  <w>gör</w>
  <w>det</w>
  <w>möjligt</w>
  <w>för</w>
  <w>breda</w>
  <w>grupper</w>
  <w>att</w>
  <w>lära</w>
  <w>sig</w>
  <w>jobbet</w>
  <w>på</w>
  <w>jobbet</w>
  <w>.</w>
</absapar>
<absapar id=10>
  <w>*</w>
  <w>*</w>
  <w>Därför</w>
  <w>föreslår</w>
  <w>vi</w>
  <w>en</w>
  <w>helt</w>
  <w>ny</w>
  <w>*</w>
  <w>*</w>
  <w>anställningsform</w>
  <w>som</w>
  <w>kallas</w>
  <w>introduktionsanställning</w>
  <w>.</w>
  <w>En</w>
  <w>sådan</w>
  <w>anställning</w>
  <w>är</w>
  <w>precis</w>
  <w>som</w>
  <w>en</w>
  <w>vanlig</w>
  <w>anställning</w>
  <w>med</w>
  <w>den</w>
  <w>enda</w>
  <w>skillnaden</w>
  <w>att</w>
  <w>ingångslönen</w>
  <w>får</w>
  <w>vara</w>
  <w>75</w>
  <w>procent</w>
  <w>av</w>
  <w>lägsta</w>
  <w>lön</w>
  <w>eller</w>
  <w>ingångslön</w>
  <w>enligt</w>
  <w>kollektivavtal</w>
  <w>.</w>
  <w>Detta</w>
  <w>bygger</w>
  <w>på</w>
  <w>att</w>
  <w>25</w>
  <w>procent</w>
  <w>av</w>
  <w>arbetstiden</w>
  <w>är</w>
  <w>utbildning</w>
  <w>som</w>
  <w>arbetsgivaren</w>
  <w>ansvarar</w>
  <w>för</w>
  <w>.</w>
  <w>Under</w>
  <w>introduktionsanställningen</w>
  <w>omfattas</w>
  <w>personen</w>
  <w>av</w>
  <w>LAS</w>
  <w>.</w>
  <w>Detta</w>
  <w>ökar</w>
  <w>arbetsgivarens</w>
  <w>intresse</w>
  <w>av</w>
  <w>att</w>
  <w>få</w>
  <w>en</w>
  <w>så</w>
  <w>bra</w>
  <w>utbildad</w>
  <w>medarbetare</w>
  <w>som</w>
  <w>möjligt</w>
  <w>.</w>
  <w>En</w>
  <w>introduktionsanställning</w>
  <w>kan</w>
  <w>vara</w>
  <w>i</w>
  <w>max</w>
  <w>fem</w>
  <w>år</w>
  <w>.</w>
</absapar>
<absapar id=11>
  <w>Introduktionsanställningar</w>
  <w>är</w>
  <w>ingen</w>
  <w>arbetsmarknadsåtgärd</w>
  <w>.</w>
  <w>Ingen</w>
  <w>byråkrati</w>
  <w>,</w>
  <w>inga</w>
  <w>stöd</w>
  <w>eller</w>
  <w>nya</w>
  <w>subventioner</w>
  <w>–</w>
  <w>dock</w>
  <w>blir</w>
  <w>det</w>
  <w>möjligt</w>
  <w>att</w>
  <w>kombinera</w>
  <w>med</w>
  <w>nystartsjobb</w>
  <w>.</w>
</absapar>
<absapar id=12>
  <w>Introduktionsanställningar</w>
  <w>ska</w>
  <w>inte</w>
  <w>omfatta</w>
  <w>yrken</w>
  <w>som</w>
  <w>kräver</w>
  <w>eftergymnasial</w>
  <w>utbildning</w>
  <w>eller</w>
  <w>där</w>
  <w>lägsta</w>
  <w>lönen</w>
  <w>överstiger</w>
  <w>22</w>
  <w>000</w>
  <w>kronor</w>
  <w>.</w>
  <w>Av</w>
  <w>konkurrensskäl</w>
  <w>ska</w>
  <w>inte</w>
  <w>heller</w>
  <w>arbetsgivare</w>
  <w>kunna</w>
  <w>ha</w>
  <w>fler</w>
  <w>introduktionsanställda</w>
  <w>än</w>
  <w>vanligt</w>
  <w>anställda</w>
  <w>.</w>
</absapar>
<absapar id=13>
  <w>Kristdemokraterna</w>
  <w>har</w>
  <w>tidigare</w>
  <w>föreslagit</w>
  <w>lägre</w>
  <w>beskattning</w>
  <w>av</w>
  <w>arbetsinkomster</w>
  <w>för</w>
  <w>nyanlända</w>
  <w>,</w>
  <w>unga</w>
  <w>och</w>
  <w>långtidsarbetslösa</w>
  <w>.</w>
  <w>Det</w>
  <w>gör</w>
  <w>att</w>
  <w>en</w>
  <w>anställning</w>
  <w>på</w>
  <w>dessa</w>
  <w>villkor</w>
  <w>får</w>
  <w>en</w>
  <w>relativt</w>
  <w>liten</w>
  <w>negativ</w>
  <w>effekt</w>
  <w>för</w>
  <w>den</w>
  <w>enskilde</w>
  <w>jämfört</w>
  <w>med</w>
  <w>nuvarande</w>
  <w>regler</w>
  <w>.</w>
</absapar>
<absapar id=14>
  <w>Lägstalönerna</w>
  <w>har</w>
  <w>också</w>
  <w>stigit</w>
  <w>relativt</w>
  <w>snabbt</w>
  <w>de</w>
  <w>senaste</w>
  <w>åren</w>
  <w>.</w>
  <w>Den</w>
  <w>som</w>
  <w>genom</w>
  <w>vår</w>
  <w>reform</w>
  <w>skulle</w>
  <w>få</w>
  <w>ett</w>
  <w>jobb</w>
  <w>med</w>
  <w>75</w>
  <w>procent</w>
  <w>av</w>
  <w>nuvarande</w>
  <w>lägstalön</w>
  <w>kommer</w>
  <w>ändå</w>
  <w>ha</w>
  <w>en</w>
  <w>högre</w>
  <w>reallön</w>
  <w>än</w>
  <w>den</w>
  <w>som</w>
  <w>hade</w>
  <w>samma</w>
  <w>jobb</w>
  <w>med</w>
  <w>100</w>
  <w>procent</w>
  <w>lön</w>
  <w>för</w>
  <w>tio</w>
  <w>år</w>
  <w>sedan</w>
  <w>.</w>
</absapar>
<absapar id=15>
  <w>Vårt</w>
  <w>samhälle</w>
  <w>måste</w>
  <w>på</w>
  <w>riktigt</w>
  <w>ge</w>
  <w>nyanlända</w>
  <w>och</w>
  <w>andra</w>
  <w>med</w>
  <w>utsatt</w>
  <w>ställning</w>
  <w>på</w>
  <w>arbetsmarknaden</w>
  <w>en</w>
  <w>chans</w>
  <w>att</w>
  <w>få</w>
  <w>arbete</w>
  <w>.</w>
  <absaspan id=14>
    <w>En</w>
    <w>introduktionsanställning</w>
  </absaspan>
  <w>som</w>
  <w>ger</w>
  <w>lägre</w>
  <w>lön</w>
  <w>men</w>
  <w>samtidigt</w>
  <absaspan id=15 senti=4>
    <w>en</w>
    <w>fot</w>
    <w>in</w>
    <w>på</w>
    <w>arbetsmarknaden</w>
  </absaspan>
  <w>,</w>
  <w>yrkesutbildning</w>
  <w>,</w>
  <w>en</w>
  <w>arbetsgemenskap</w>
  <w>och</w>
  <w>en</w>
  <w>möjlighet</w>
  <w>att</w>
  <w>lära</w>
  <w>sig</w>
  <w>svenska</w>
  <w>språket</w>
  <w>är</w>
  <w>just</w>
  <w>den</w>
  <w>chansen</w>
  <w>Kristdemokraterna</w>
  <w>vill</w>
  <w>ge</w>
  <w>.</w>
</absapar>
<absapar id=16>
  <w>Ebba</w>
  <w>Busch</w>
  <w>Thor</w>
  <w>(</w>
  <w>KD</w>
  <w>)</w>
  <w>.</w>
</absapar>
<absapar id=17>
  <w>partiordförande</w>
  <w>.</w>
</absapar>
<absapar id=18>
  <w>Jakob</w>
  <w>Forssmed</w>
  <w>(</w>
  <w>KD</w>
  <w>)</w>
  <w>.</w>
</absapar>
<absapar id=19>
  <w>ekonomisk</w>
  <w>talesperson</w>
  <w>.</w>
</absapar>
<absapar id=20>
  <w>Désirée</w>
  <w>Pethrus</w>
  <w>(</w>
  <w>KD</w>
  <w>)</w>
  <w>.</w>
</absapar>
<absapar id=21>
  <w>arbetsmarknadspolitisk</w>
  <w>talesperson</w>
  <w>.</w>
</absapar>
<absapar id=22>
  <w>Redaktör</w>
  <w>:</w>
  <w>Carina</w>
  <w>StenssonBiträdande</w>
  <w>redaktör</w>
  <w>:</w>
  <w>Carl-Johan</w>
  <w>BilkenrothMejl</w>
  <w>:</w>
  <w>debatt</w>
  <w>@</w>
  <w>svd.seTelefonnummer</w>
  <w>:</w>
  <w>08</w>
  <w>-</w>
  <w>135149Twitter</w>
  <w>:</w>
  <w>@</w>
  <w>SvDDebattFacebook</w>
  <w>:</w>
  <w>SvD</w>
  <w>Debatt</w>
  <w>.</w>
</absapar>
<absapar id=23>
  <w>Redaktör</w>
  <w>:</w>
  <w>Carina</w>
  <w>Stensson</w>
  <w>,</w>
  <w>Biträdande</w>
  <w>redaktör</w>
  <w>:</w>
  <w>Björn</w>
  <w>Jorner</w>
  <w>,</w>
  <w>Mejl</w>
  <w>:</w>
  <w>debatt</w>
  <w>@</w>
  <w>svd.se</w>
  <w>,</w>
  <w>Telefonnummer</w>
  <w>:</w>
  <w>08</w>
  <w>-</w>
  <w>135149</w>
  <w>,</w>
  <w>Twitter</w>
  <w>:</w>
  <w>@</w>
  <w>SvDDebatt</w>
  <w>,</w>
  <w>Facebook</w>
  <w>:</w>
  <w>SvD</w>
  <w>Debatt</w>
  <w>.</w>
</absapar>
</absadoc>
