<absadoc annotators=1 senti=0>
<absatitle>
  <absaspan id=1>
    <w>Bonus</w>
  </absaspan>
  <absaspan id=2 senti=2 target=1>
    <w>ingen</w>
    <w>hjälp</w>
  </absaspan>
  <w>för</w>
  <w>akademiker</w>
  <w>.</w>
</absatitle>
<absapar id=1>
  <w>Om</w>
  <w>invandrade</w>
  <w>samhällsvetare</w>
  <w>ska</w>
  <w>kunna</w>
  <absaspan id=3 senti=4>
    <w>framgångsrikt</w>
    <w>integreras</w>
  </absaspan>
  <w>och</w>
  <absaspan id=4>
    <w>få</w>
    <w>jobb</w>
    <w>efter</w>
    <w>kompetens</w>
  </absaspan>
  <w>krävs</w>
  <w>en</w>
  <w>undervisning</w>
  <w>i</w>
  <w>svenska</w>
  <w>på</w>
  <w>en</w>
  <w>helt</w>
  <w>annan</w>
  <w>nivå</w>
  <w>än</w>
  <w>vad</w>
  <w>som</w>
  <w>erbjuds</w>
  <w>i</w>
  <w>dag</w>
  <w>.</w>
  <absaspan id=5>
    <w>Den</w>
    <w>bonus</w>
    <w>som</w>
    <w>regeringen</w>
    <w>väntas</w>
    <w>föreslå</w>
  </absaspan>
  <absaspan id=6 senti=2>
    <w>hjälper</w>
    <w>inte</w>
  </absaspan>
  <w>dessa</w>
  <w>personer</w>
  <w>,</w>
  <w>skriver</w>
  <w>Göran</w>
  <w>Arrius</w>
  <w>,</w>
  <w>ordförande</w>
  <w>i</w>
  <w>Jusek</w>
  <w>.</w>
</absapar>
<absapar id=2>
  <w>Inom</w>
  <w>kort</w>
  <w>kommer</w>
  <w>regeringen</w>
  <w>att</w>
  <w>föreslå</w>
  <w>att</w>
  <w>invandrare</w>
  <w>som</w>
  <w>klarar</w>
  <w>svenskundervisning</w>
  <w>för</w>
  <w>invandrare</w>
  <w>,</w>
  <w>sfi</w>
  <w>,</w>
  <w>inom</w>
  <w>en</w>
  <w>viss</w>
  <w>tid</w>
  <w>ska</w>
  <w>få</w>
  <w>en</w>
  <w>bonus</w>
  <w>.</w>
  <w>Det</w>
  <w>är</w>
  <absaspan id=7>
    <w>ett</w>
    <w>förslag</w>
  </absaspan>
  <w>som</w>
  <absaspan id=8 senti=2>
    <w>missar</w>
    <w>själva</w>
    <w>målet</w>
  </absaspan>
  <w>med</w>
  <w>integrationspolitiken</w>
  <w>,</w>
  <w>i</w>
  <w>vart</w>
  <w>fall</w>
  <w>för</w>
  <w>våra</w>
  <w>medlemsgrupper</w>
  <w>.</w>
</absapar>
<absapar id=3>
  <w>Det</w>
  <w>här</w>
  <w>är</w>
  <w>en</w>
  <w>argumenterande</w>
  <w>text</w>
  <w>med</w>
  <w>syfte</w>
  <w>att</w>
  <w>påverka</w>
  <w>.</w>
  <w>Åsikterna</w>
  <w>som</w>
  <w>uttrycks</w>
  <w>är</w>
  <w>skribentens</w>
  <w>egna</w>
  <w>.</w>
</absapar>
<absapar id=4>
  <w>Bakgrunden</w>
  <w>är</w>
  <w>att</w>
  <absaspan id=9>
    <w>en</w>
  </absaspan>
  <absaspan id=10 senti=4>
    <w>bra</w>
  </absaspan>
  <absaspan id=11>
    <w>svenskundervisning</w>
  </absaspan>
  <absaspan id=12 senti=4>
    <w>är</w>
    <w>central</w>
  </absaspan>
  <w>för</w>
  <w>att</w>
  <w>invandrare</w>
  <w>ska</w>
  <w>komma</w>
  <w>in</w>
  <w>på</w>
  <w>arbetsmarknaden</w>
  <w>.</w>
  <w>Men</w>
  <w>med</w>
  <w>förslaget</w>
  <w>görs</w>
  <w>hela</w>
  <w>frågan</w>
  <w>om</w>
  <w>integration</w>
  <w>och</w>
  <w>svenskkunskaper</w>
  <w>till</w>
  <w>en</w>
  <w>fråga</w>
  <w>om</w>
  <w>individuellt</w>
  <w>ansvar</w>
  <w>och</w>
  <w>förmåga</w>
  <w>.</w>
  <absaspan id=13 senti=2>
    <w>Problemet</w>
  </absaspan>
  <w>i</w>
  <w>dag</w>
  <w>är</w>
  <absaspan id=14>
    <w>vilken</w>
    <w>utbildning</w>
    <w>som</w>
    <w>erbjuds</w>
    <w>och</w>
    <w>hur</w>
    <w>väl</w>
    <w>den</w>
    <w>är</w>
    <w>avpassad</w>
    <w>till</w>
    <w>den</w>
    <w>enskildes</w>
    <w>behov</w>
  </absaspan>
  <w>.</w>
</absapar>
<absapar id=5>
  <w>Många</w>
  <w>nyligen</w>
  <w>invandrade</w>
  <w>akademiker</w>
  <w>,</w>
  <w>med</w>
  <w>studier</w>
  <w>i</w>
  <w>samhällsvetenskapliga</w>
  <w>ämnen</w>
  <w>som</w>
  <w>juridik</w>
  <w>,</w>
  <w>ekonomi</w>
  <w>och</w>
  <w>statskunskap</w>
  <w>,</w>
  <w>kommer</w>
  <w>att</w>
  <w>kvalificera</w>
  <w>sig</w>
  <w>för</w>
  <w>sfi-bonusen</w>
  <w>.</w>
  <w>Men</w>
  <w>detta</w>
  <w>tar</w>
  <w>dem</w>
  <w>inte</w>
  <w>närmare</w>
  <absaspan id=15 senti=4>
    <w>målet</w>
  </absaspan>
  <w>:</w>
  <absaspan id=16>
    <w>ett</w>
    <w>kvalificerat</w>
    <w>jobb</w>
    <w>i</w>
    <w>Sverige</w>
  </absaspan>
  <w>.</w>
  <absaspan id=17>
    <w>Kunskapsnivån</w>
    <w>och</w>
    <w>den</w>
    <w>undervisning</w>
    <w>som</w>
    <w>erbjuds</w>
  </absaspan>
  <w>är</w>
  <w>på</w>
  <w>en</w>
  <absaspan id=18 senti=2>
    <w>för</w>
  </absaspan>
  <absaspan id=19 senti=2>
    <w>låg</w>
  </absaspan>
  <absaspan id=20 senti=2>
    <w>nivå</w>
  </absaspan>
  <w>.</w>
</absapar>
<absapar id=6 senti=3>
  <w>Samhället</w>
  <w>har</w>
  <w>satsat</w>
  <absaspan id=21 senti=2>
    <w>allt</w>
    <w>för</w>
    <w>lite</w>
  </absaspan>
  <absaspan id=22>
    <w>tid</w>
    <w>och</w>
    <w>kraft</w>
  </absaspan>
  <w>för</w>
  <w>att</w>
  <w>samhällsvetare</w>
  <w>ska</w>
  <w>få</w>
  <w>en</w>
  <w>bra</w>
  <w>integration</w>
  <w>.</w>
  <w>Därmed</w>
  <w>förlorar</w>
  <w>Sverige</w>
  <absaspan id=23 senti=4>
    <w>värdefull</w>
  </absaspan>
  <absaspan id=24>
    <w>kunskap</w>
  </absaspan>
  <w>.</w>
  <w>Om</w>
  <w>regeringen</w>
  <w>håller</w>
  <w>kvar</w>
  <w>vid</w>
  <w>sitt</w>
  <w>remissförslag</w>
  <w>kommer</w>
  <absaspan id=25>
    <w>ansvaret</w>
  </absaspan>
  <absaspan id=26>
    <w>för</w>
    <w>att</w>
    <w>klara</w>
    <w>studierna</w>
    <w>att</w>
    <w>läggas</w>
    <w>på</w>
    <w>den</w>
    <w>enskilda</w>
    <w>individen</w>
  </absaspan>
  <w>.</w>
  <w>Men</w>
  <absaspan id=27>
    <w>det</w>
  </absaspan>
  <absaspan id=28 senti=2>
    <w>kommer</w>
    <w>inte</w>
    <w>att</w>
    <w>förbättra</w>
  </absaspan>
  <w>undervisningskvalitén</w>
  <w>.</w>
</absapar>
<absapar id=7 senti=3>
  <w>Invandrarakademiker</w>
  <w>har</w>
  <w>svårare</w>
  <w>att</w>
  <w>få</w>
  <w>arbete</w>
  <w>än</w>
  <w>svenskfödda</w>
  <w>akademiker</w>
  <w>.</w>
  <w>Invandrare</w>
  <w>med</w>
  <w>samhällsvetenskaplig</w>
  <w>utbildning</w>
  <w>har</w>
  <absaspan id=29 senti=2>
    <w>ännu</w>
  </absaspan>
  <absaspan id=30>
    <w>svårare</w>
  </absaspan>
  <w>än</w>
  <w>andra</w>
  <w>akademiker</w>
  <w>med</w>
  <w>utländsk</w>
  <w>bakgrund</w>
  <w>.</w>
  <w>Enligt</w>
  <w>en</w>
  <w>SCB-undersökning</w>
  <w>för</w>
  <w>några</w>
  <w>år</w>
  <w>sedan</w>
  <w>hade</w>
  <w>bara</w>
  <w>31</w>
  <w>procent</w>
  <w>av</w>
  <w>de</w>
  <w>invandrade</w>
  <w>samhällsvetarna</w>
  <w>ett</w>
  <w>jobb</w>
  <w>i</w>
  <w>linje</w>
  <w>med</w>
  <w>sin</w>
  <w>utbildning</w>
  <w>,</w>
  <w>mot</w>
  <w>70</w>
  <w>procent</w>
  <w>av</w>
  <w>samhällsvetarna</w>
  <w>med</w>
  <w>svensk</w>
  <w>bakgrund</w>
  <w>.</w>
</absapar>
<absapar id=8 senti=3>
  <w>Ingenting</w>
  <w>tyder</w>
  <w>på</w>
  <w>att</w>
  <w>det</w>
  <w>har</w>
  <w>blivit</w>
  <w>bättre</w>
  <absaspan id=31 senti=2>
    <w>.</w>
  </absaspan>
  <w>Siffror</w>
  <w>som</w>
  <w>Jusek</w>
  <w>tagit</w>
  <w>fram</w>
  <w>visar</w>
  <w>att</w>
  <w>2006</w>
  <w>–</w>
  <w>senaste</w>
  <w>året</w>
  <w>det</w>
  <w>finns</w>
  <w>uppgifter</w>
  <w>från</w>
  <w>–</w>
  <w>hade</w>
  <w>36</w>
  <w>procent</w>
  <w>av</w>
  <w>de</w>
  <w>invandrade</w>
  <w>samhällsvetarna</w>
  <w>ett</w>
  <w>arbete</w>
  <w>som</w>
  <w>krävde</w>
  <w>högskoleutbildning</w>
  <w>.</w>
  <w>Siffran</w>
  <w>ska</w>
  <w>jämföras</w>
  <w>med</w>
  <w>78</w>
  <w>procent</w>
  <w>av</w>
  <w>dem</w>
  <w>med</w>
  <w>svensk</w>
  <w>bakgrund</w>
  <w>.</w>
</absapar>
<absapar id=9>
  <w>Samma</w>
  <w>år</w>
  <absaspan id=32 senti=2>
    <w>var</w>
  </absaspan>
  <w>även</w>
  <absaspan id=33>
    <w>inkomsten</w>
  </absaspan>
  <absaspan id=34 senti=2>
    <w>betydligt</w>
  </absaspan>
  <absaspan id=35 senti=2>
    <w>sämre</w>
  </absaspan>
  <w>för</w>
  <w>akademiker</w>
  <w>födda</w>
  <w>utomlands</w>
  <w>jämfört</w>
  <w>med</w>
  <w>svenskfödda</w>
  <w>.</w>
  <w>Ungefär</w>
  <w>70</w>
  <w>procent</w>
  <w>av</w>
  <w>de</w>
  <w>invandrade</w>
  <w>samhällsvetarna</w>
  <w>hade</w>
  <w>en</w>
  <w>deklarerad</w>
  <w>årsinkomst</w>
  <w>på</w>
  <w>högst</w>
  <w>240</w>
  <w>000</w>
  <w>kronor</w>
  <w>,</w>
  <w>jämfört</w>
  <w>med</w>
  <w>40</w>
  <w>procent</w>
  <w>av</w>
  <w>dem</w>
  <w>med</w>
  <w>svensk</w>
  <w>bakgrund</w>
  <w>.</w>
  <w>Omvänt</w>
  <w>hade</w>
  <absaspan id=36 senti=2>
    <w>bara</w>
  </absaspan>
  <absaspan id=37>
    <w>var</w>
    <w>tionde</w>
  </absaspan>
  <w>av</w>
  <w>de</w>
  <w>invandrade</w>
  <w>en</w>
  <w>inkomst</w>
  <w>högre</w>
  <w>än</w>
  <w>400</w>
  <w>000</w>
  <w>kronor</w>
  <w>,</w>
  <w>medan</w>
  <w>mer</w>
  <w>än</w>
  <w>var</w>
  <w>fjärde</w>
  <w>av</w>
  <w>övriga</w>
  <w>hade</w>
  <w>det</w>
  <w>.</w>
</absapar>
<absapar id=10>
  <w>Vi</w>
  <w>anser</w>
  <w>att</w>
  <w>det</w>
  <w>finns</w>
  <w>flera</w>
  <absaspan id=38 senti=4>
    <w>viktiga</w>
  </absaspan>
  <absaspan id=39 senti=4>
    <w>områden</w>
  </absaspan>
  <w>där</w>
  <w>politiken</w>
  <w>måste</w>
  <w>förändras</w>
  <w>.</w>
  <w>Det</w>
  <w>handlar</w>
  <w>bland</w>
  <w>annat</w>
  <w>om</w>
  <absaspan id=40>
    <w>utbildningen</w>
    <w>i</w>
    <w>svenska</w>
    <w>,</w>
    <w>bedömning</w>
    <w>och</w>
    <w>validering</w>
    <w>av</w>
    <w>utbildning</w>
    <w>och</w>
    <w>att</w>
    <w>erbjuda</w>
    <w>kompletterande</w>
    <w>utbildningar</w>
  </absaspan>
  <w>.</w>
</absapar>
<absapar id=11 senti=3>
  <w>Regeringens</w>
  <w>integrationspolitik</w>
  <w>syftar</w>
  <w>till</w>
  <w>att</w>
  <w>alla</w>
  <absaspan id=41 senti=4>
    <w>så</w>
    <w>fort</w>
    <w>som</w>
    <w>möjligt</w>
  </absaspan>
  <w>ska</w>
  <absaspan id=42>
    <w>få</w>
    <w>ett</w>
    <w>arbete</w>
  </absaspan>
  <w>.</w>
  <w>Det</w>
  <w>är</w>
  <w>en</w>
  <absaspan id=43 senti=4>
    <w>vällovlig</w>
  </absaspan>
  <absaspan id=44>
    <w>ambition</w>
  </absaspan>
  <w>,</w>
  <w>men</w>
  <w>fungerar</w>
  <w>inte</w>
  <w>för</w>
  <w>alla</w>
  <w>.</w>
  <w>Ska</w>
  <w>en</w>
  <w>samhällsvetare</w>
  <w>med</w>
  <w>invandrarbakgrund</w>
  <w>få</w>
  <w>ett</w>
  <w>arbete</w>
  <w>som</w>
  <w>motsvarar</w>
  <w>sin</w>
  <w>utbildning</w>
  <w>krävs</w>
  <w>i</w>
  <w>många</w>
  <w>fall</w>
  <absaspan id=45 senti=4>
    <w>goda</w>
  </absaspan>
  <absaspan id=46>
    <w>kunskaper</w>
    <w>i</w>
    <w>svenska</w>
  </absaspan>
  <w>.</w>
  <w>Den</w>
  <w>precision</w>
  <w>som</w>
  <w>en</w>
  <w>jurist</w>
  <w>eller</w>
  <w>handläggare</w>
  <w>behöver</w>
  <w>i</w>
  <w>sin</w>
  <w>språkbehandling</w>
  <w>är</w>
  <w>på</w>
  <w>en</w>
  <w>helt</w>
  <w>annan</w>
  <w>nivå</w>
  <w>än</w>
  <w>för</w>
  <w>många</w>
  <w>andra</w>
  <w>yrkesgrupper</w>
  <w>.</w>
  <absaspan id=47>
    <w>Ett</w>
    <w>snabbt</w>
    <w>inträde</w>
    <w>på</w>
    <w>arbetsmarknaden</w>
  </absaspan>
  <w>kan</w>
  <w>därför</w>
  <w>bli</w>
  <w>ett</w>
  <absaspan id=48 senti=2>
    <w>hinder</w>
  </absaspan>
  <w>för</w>
  <w>akademiker</w>
  <w>att</w>
  <w>få</w>
  <w>kvalificerade</w>
  <w>jobb</w>
  <w>,</w>
  <w>genom</w>
  <w>att</w>
  <w>de</w>
  <w>inte</w>
  <w>ges</w>
  <w>möjlighet</w>
  <w>att</w>
  <w>nå</w>
  <w>tillräckligt</w>
  <w>goda</w>
  <w>språkkunskaper</w>
  <w>.</w>
</absapar>
<absapar id=12>
  <absaspan id=49>
    <w>Satsningar</w>
    <w>på</w>
    <w>svenskundervisning</w>
  </absaspan>
  <w>är</w>
  <w>därför</w>
  <absaspan id=50 senti=4>
    <w>centrala</w>
  </absaspan>
  <w>.</w>
  <absaspan id=51>
    <w>De</w>
    <w>studier</w>
    <w>som</w>
    <w>erbjuds</w>
    <w>i</w>
    <w>dag</w>
  </absaspan>
  <absaspan id=52 senti=2>
    <w>är</w>
    <w>vare</w>
    <w>sig</w>
    <w>tillräckligt</w>
    <w>strukturerade</w>
    <w>eller</w>
    <w>syftande</w>
  </absaspan>
  <w>till</w>
  <w>en</w>
  <w>framtid</w>
  <w>inom</w>
  <w>det</w>
  <w>yrke</w>
  <w>man</w>
  <w>är</w>
  <w>utbildad</w>
  <w>för</w>
  <w>.</w>
  <w>Samhällsvetare</w>
  <w>måste</w>
  <w>få</w>
  <w>en</w>
  <w>chans</w>
  <w>att</w>
  <w>lära</w>
  <w>sig</w>
  <w>språket</w>
  <w>på</w>
  <w>en</w>
  <w>betydlig</w>
  <w>högre</w>
  <w>nivå</w>
  <w>än</w>
  <w>idag</w>
  <w>.</w>
</absapar>
<absapar id=13>
  <w>De</w>
  <w>invandrare</w>
  <w>som</w>
  <w>läst</w>
  <w>sin</w>
  <w>examen</w>
  <w>i</w>
  <w>annat</w>
  <w>land</w>
  <w>behöver</w>
  <w>få</w>
  <w>sin</w>
  <w>utbildning</w>
  <w>bedömd</w>
  <w>i</w>
  <w>Sverige</w>
  <w>,</w>
  <w>så</w>
  <w>att</w>
  <w>arbetsgivare</w>
  <w>kan</w>
  <w>få</w>
  <w>veta</w>
  <w>vad</w>
  <w>personen</w>
  <w>har</w>
  <w>läst</w>
  <w>och</w>
  <w>vilka</w>
  <w>kunskaper</w>
  <w>han</w>
  <w>eller</w>
  <w>hon</w>
  <w>har</w>
  <w>.</w>
  <w>Idag</w>
  <w>tar</w>
  <w>det</w>
  <w>ofta</w>
  <absaspan id=53 senti=2>
    <w>lång</w>
  </absaspan>
  <absaspan id=54>
    <w>tid</w>
  </absaspan>
  <w>mellan</w>
  <w>själva</w>
  <w>invandringen</w>
  <w>och</w>
  <w>att</w>
  <w>bedömningen</w>
  <w>,</w>
  <w>om</w>
  <w>över</w>
  <w>huvud</w>
  <w>taget</w>
  <w>,</w>
  <w>blir</w>
  <w>gjord</w>
  <absaspan id=55 senti=2>
    <w>.</w>
  </absaspan>
</absapar>
<absapar id=14>
  <w>För</w>
  <w>den</w>
  <w>enskilda</w>
  <w>individen</w>
  <w>är</w>
  <w>det</w>
  <w>oerhört</w>
  <w>viktigt</w>
  <w>att</w>
  <w>detta</w>
  <w>sker</w>
  <w>snabbt</w>
  <w>.</w>
  <w>Invandraren</w>
  <w>behöver</w>
  <w>också</w>
  <w>få</w>
  <w>ett</w>
  <w>snabbt</w>
  <w>besked</w>
  <w>om</w>
  <w>vilka</w>
  <w>kompletterande</w>
  <w>utbildningar</w>
  <w>han</w>
  <w>eller</w>
  <w>hon</w>
  <w>behöver</w>
  <w>.</w>
</absapar>
<absapar id=15>
  <absaspan id=56>
    <w>Akademiker</w>
  </absaspan>
  <absaspan id=57>
    <w>måste</w>
    <w>också</w>
    <w>få</w>
    <w>en</w>
  </absaspan>
  <absaspan id=58 senti=4>
    <w>reell</w>
  </absaspan>
  <absaspan id=59>
    <w>möjlighet</w>
  </absaspan>
  <absaspan id=60>
    <w>att</w>
    <w>få</w>
    <w>sina</w>
    <w>utbildningar</w>
    <w>och</w>
    <w>andra</w>
    <w>kompetenser</w>
    <w>validerade</w>
  </absaspan>
  <w>.</w>
  <absaspan id=61>
    <w>Det</w>
  </absaspan>
  <absaspan id=62 senti=2>
    <w>sker</w>
    <w>väldigt</w>
    <w>sällan</w>
  </absaspan>
  <w>idag</w>
  <w>,</w>
  <w>eftersom</w>
  <w>validering</w>
  <w>sker</w>
  <w>utifrån</w>
  <w>arbetsmarknadens</w>
  <w>–</w>
  <w>inte</w>
  <w>den</w>
  <w>enskildes</w>
  <w>–</w>
  <w>behov</w>
  <w>.</w>
</absapar>
<absapar id=16>
  <w>Det</w>
  <w>är</w>
  <w>inte</w>
  <w>en</w>
  <w>sfi-bonus</w>
  <w>som</w>
  <w>behövs</w>
  <w>för</w>
  <w>att</w>
  <w>förbättra</w>
  <w>integrationen</w>
  <w>för</w>
  <w>invandrade</w>
  <w>akademiker</w>
  <w>.</w>
  <w>I</w>
  <w>stället</w>
  <w>behövs</w>
  <w>en</w>
  <absaspan id=63 senti=4>
    <w>mera</w>
    <w>strukturerad</w>
  </absaspan>
  <absaspan id=64>
    <w>politik</w>
  </absaspan>
  <w>,</w>
  <w>med</w>
  <w>en</w>
  <absaspan id=65 senti=4>
    <w>möjlighet</w>
  </absaspan>
  <w>till</w>
  <absaspan id=66 senti=4>
    <w>goda</w>
  </absaspan>
  <absaspan id=67>
    <w>kunskaper</w>
    <w>i</w>
    <w>svenska</w>
  </absaspan>
  <w>,</w>
  <w>bättre</w>
  <w>system</w>
  <w>för</w>
  <w>erkännande</w>
  <w>och</w>
  <w>validering</w>
  <w>av</w>
  <w>utländska</w>
  <w>utbildningar</w>
  <w>samt</w>
  <w>goda</w>
  <w>möjligheter</w>
  <w>till</w>
  <w>kompletterande</w>
  <w>utbildningar</w>
  <w>på</w>
  <w>högskolenivå</w>
  <w>.</w>
</absapar>
<absapar id=17>
  <w>Göran</w>
  <w>Arrius</w>
  <w>.</w>
</absapar>
<absapar id=18>
  <w>Ordförande</w>
  <w>Jusek</w>
  <w>.</w>
</absapar>
<absapar id=19>
  <w>Redaktör</w>
  <w>:</w>
  <w>Carina</w>
  <w>Stensson</w>
  <w>,</w>
  <w>Biträdande</w>
  <w>redaktör</w>
  <w>:</w>
  <w>Björn</w>
  <w>Jorner</w>
  <w>,</w>
  <w>Mejl</w>
  <w>:</w>
  <w>debatt</w>
  <w>@</w>
  <w>svd.se</w>
  <w>,</w>
  <w>Telefonnummer</w>
  <w>:</w>
  <w>08</w>
  <w>-</w>
  <w>135149</w>
  <w>,</w>
  <w>Twitter</w>
  <w>:</w>
  <w>@</w>
  <w>SvDDebatt</w>
  <w>,</w>
  <w>Facebook</w>
  <w>:</w>
  <w>SvD</w>
  <w>Debatt</w>
  <w>.</w>
</absapar>
</absadoc>
