<absadoc annotators=1 senti=2>
<absatitle>
  <w>Vad</w>
  <w>är</w>
  <w>det</w>
  <w>för</w>
  <absaspan id=1 senti=2 target=2>
    <w>fel</w>
  </absaspan>
  <w>på</w>
  <absaspan id=2>
    <w>svensk</w>
    <w>forskning</w>
  </absaspan>
  <absaspan id=3>
    <w>?</w>
  </absaspan>
  <w>.</w>
</absatitle>
<absapar id=1 senti=2>
  <w>"</w>
  <w>Sverige</w>
  <w>vet</w>
  <w>inte</w>
  <w>vad</w>
  <w>invandringen</w>
  <w>kostar</w>
  <w>"</w>
  <w>,</w>
  <w>skrev</w>
  <w>jag</w>
  <w>på</w>
  <w>SvD</w>
  <w>Brännpunkt</w>
  <w>23</w>
  <w>/</w>
  <w>9</w>
  <w>.</w>
  <w>Sedan</w>
  <w>dess</w>
  <w>har</w>
  <absaspan id=4>
    <w>jag</w>
  </absaspan>
  <w>erfarit</w>
  <w>att</w>
  <absaspan id=5>
    <w>sanningen</w>
  </absaspan>
  <absaspan id=6 senti=2>
    <w>är</w>
    <w>värre</w>
  </absaspan>
  <w>.</w>
  <absaspan id=7>
    <w>Svenska</w>
    <w>forskare</w>
  </absaspan>
  <w>saknar</w>
  <w>inte</w>
  <w>statistik</w>
  <w>men</w>
  <w>de</w>
  <absaspan id=8 senti=2>
    <w>saknar</w>
    <w>integritet</w>
    <w>och</w>
    <w>mod</w>
  </absaspan>
  <w>.</w>
</absapar>
<absapar id=2>
  <w>Det</w>
  <w>här</w>
  <w>är</w>
  <w>en</w>
  <w>argumenterande</w>
  <w>text</w>
  <w>med</w>
  <w>syfte</w>
  <w>att</w>
  <w>påverka</w>
  <w>.</w>
  <w>Åsikterna</w>
  <w>som</w>
  <w>uttrycks</w>
  <w>är</w>
  <w>skribentens</w>
  <w>egna</w>
  <w>.</w>
</absapar>
<absapar id=3 senti=3>
  <absaspan id=9>
    <w>Martin</w>
    <w>Hällsten</w>
    <w>,</w>
    <w>Stockholms</w>
    <w>universitet</w>
  </absaspan>
  <w>,</w>
  <absaspan id=10 senti=4>
    <w>har</w>
    <w>rätt</w>
    <w>på</w>
    <w>en</w>
    <w>punkt</w>
  </absaspan>
  <w>:</w>
  <absaspan id=11>
    <w>Jag</w>
  </absaspan>
  <absaspan id=12 senti=2>
    <w>tog</w>
    <w>fel</w>
  </absaspan>
  <w>på</w>
  <w>att</w>
  <absaspan id=13>
    <w>Sverige</w>
  </absaspan>
  <absaspan id=14 senti=2>
    <w>inte</w>
  </absaspan>
  <absaspan id=15>
    <w>har</w>
  </absaspan>
  <absaspan id=16 senti=2>
    <w>tillräckligt</w>
  </absaspan>
  <absaspan id=17 senti=2>
    <w>bra</w>
  </absaspan>
  <absaspan id=18>
    <w>registerstatistik</w>
  </absaspan>
  <w>.</w>
  <w>Det</w>
  <w>har</w>
  <w>varit</w>
  <w>svårt</w>
  <w>för</w>
  <w>mig</w>
  <w>att</w>
  <w>inhämta</w>
  <w>information</w>
  <w>om</w>
  <w>hur</w>
  <w>det</w>
  <w>går</w>
  <w>för</w>
  <w>olika</w>
  <w>invandrargrupper</w>
  <w>.</w>
  <w>Som</w>
  <w>outsider</w>
  <w>antog</w>
  <w>jag</w>
  <w>att</w>
  <w>detta</w>
  <w>beror</w>
  <w>på</w>
  <w>avsaknad</w>
  <w>av</w>
  <w>data</w>
  <w>.</w>
</absapar>
<absapar id=4 senti=2>
  <w>*</w>
  <w>*</w>
  <w>Jag</w>
  <w>förstår</w>
  <w>nu</w>
  <w>att</w>
  <absaspan id=19>
    <w>de</w>
  </absaspan>
  <absaspan id=20>
    <w>*</w>
    <w>*</w>
    <w>som</w>
    <w>är</w>
    <w>insatta</w>
    <w>i</w>
    <w>dessa</w>
    <w>frågor</w>
  </absaspan>
  <w>har</w>
  <w>tillgång</w>
  <w>till</w>
  <w>data</w>
  <w>som</w>
  <w>visar</w>
  <w>hur</w>
  <absaspan id=21 senti=2>
    <w>svår</w>
  </absaspan>
  <absaspan id=22>
    <w>situationen</w>
  </absaspan>
  <absaspan id=23 senti=2>
    <w>kan</w>
    <w>bli</w>
  </absaspan>
  <absaspan id=24>
    <w>i</w>
    <w>Sverige</w>
  </absaspan>
  <w>,</w>
  <w>men</w>
  <absaspan id=25>
    <w>de</w>
  </absaspan>
  <w>har</w>
  <absaspan id=26 senti=2>
    <w>nästan</w>
    <w>helt</w>
    <w>undanhållit</w>
    <w>detta</w>
    <w>från</w>
    <w>allmänheten</w>
  </absaspan>
  <w>.</w>
</absapar>
<absapar id=5 senti=3>
  <w>Det</w>
  <w>svar</w>
  <w>jag</w>
  <w>fick</w>
  <w>av</w>
  <w>Li</w>
  <w>Jansson</w>
  <w>–</w>
  <w>arbetsmarknadsekonom</w>
  <w>på</w>
  <w>Almega</w>
  <w>–</w>
  <w>är</w>
  <w>ett</w>
  <absaspan id=27 senti=4>
    <w>bra</w>
  </absaspan>
  <absaspan id=28>
    <w>exempel</w>
  </absaspan>
  <w>.</w>
  <w>Hon</w>
  <w>skriver</w>
  <w>angående</w>
  <w>SCB-statistiken</w>
  <w>:</w>
  <w>"</w>
  <w>Denna</w>
  <w>databas</w>
  <w>visar</w>
  <w>att</w>
  <w>sysselsättningen</w>
  <w>bland</w>
  <w>utomeuropeiskt</w>
  <w>födda</w>
  <w>höjts</w>
  <w>från</w>
  <w>51,7</w>
  <w>procent</w>
  <w>år</w>
  <w>2006</w>
  <w>till</w>
  <w>54,3</w>
  <w>procent</w>
  <w>år</w>
  <w>2012</w>
  <w>.</w>
  <w>"</w>
  <w>Li</w>
  <w>Jansson</w>
  <w>nämner</w>
  <w>aldrig</w>
  <w>att</w>
  <w>förvärvsfrekvens</w>
  <w>bland</w>
  <w>de</w>
  <w>med</w>
  <w>svenskt</w>
  <w>ursprung</w>
  <w>i</w>
  <w>samma</w>
  <w>åldrar</w>
  <w>är</w>
  <w>cirka</w>
  <w>85</w>
  <w>procent</w>
  <w>.</w>
  <absaspan id=29>
    <w>Sysselsättningssituationen</w>
    <w>bland</w>
    <w>utomeuropeiska</w>
    <w>invandrare</w>
  </absaspan>
  <w>är</w>
  <w>med</w>
  <w>andra</w>
  <w>ord</w>
  <absaspan id=30 senti=1>
    <w>katastrofal</w>
  </absaspan>
  <absaspan id=31>
    <w>i</w>
    <w>Sverige</w>
  </absaspan>
  <w>.</w>
</absapar>
<absapar id=6 senti=2>
  <w>Ändå</w>
  <w>framställer</w>
  <w>hon</w>
  <w>och</w>
  <w>Almega</w>
  <w>,</w>
  <w>hennes</w>
  <w>arbetsgivare</w>
  <w>,</w>
  <w>invandring</w>
  <w>som</w>
  <w>en</w>
  <w>vinst</w>
  <w>.</w>
  <w>Hon</w>
  <w>skriver</w>
  <w>också</w>
  <w>:</w>
  <w>"</w>
  <w>Almega</w>
  <w>har</w>
  <w>specialstuderat</w>
  <w>utlandsfödda</w>
  <w>i</w>
  <w>arbetsför</w>
  <w>ålder</w>
  <w>,</w>
  <w>25</w>
  <w>till</w>
  <w>64</w>
  <w>år</w>
  <w>.</w>
  <w>Bland</w>
  <w>dem</w>
  <w>har</w>
  <w>sysselsättningen</w>
  <w>ökat</w>
  <w>med</w>
  <w>177</w>
  <w>000</w>
  <w>personer</w>
  <w>sedan</w>
  <w>2007</w>
  <w>.</w>
  <w>"</w>
  <absaspan id=32>
    <w>Detta</w>
  </absaspan>
  <absaspan id=33 senti=1>
    <w>är</w>
    <w>ju</w>
    <w>rent</w>
    <w>svammel</w>
  </absaspan>
  <w>.</w>
  <w>Sysselsättningen</w>
  <w>har</w>
  <w>ökat</w>
  <w>för</w>
  <w>att</w>
  <w>befolkningen</w>
  <w>har</w>
  <w>växt</w>
  <w>,</w>
  <w>inte</w>
  <w>på</w>
  <w>grund</w>
  <w>av</w>
  <w>att</w>
  <w>en</w>
  <w>signifikant</w>
  <w>högre</w>
  <w>andel</w>
  <w>arbetar</w>
  <w>.</w>
  <w>Ekonomer</w>
  <w>mäter</w>
  <w>inte</w>
  <w>sysselsättningsgrad</w>
  <w>i</w>
  <w>antal</w>
  <w>sysselsatta</w>
  <w>utan</w>
  <w>i</w>
  <w>procent</w>
  <w>.</w>
  <w>Li</w>
  <w>Jansson</w>
  <w>framställer</w>
  <w>en</w>
  <w>befolkningsökning</w>
  <w>som</w>
  <w>en</w>
  <absaspan id=34 senti=4>
    <w>förbättring</w>
  </absaspan>
  <w>av</w>
  <w>integrationen</w>
  <w>.</w>
  <w>Är</w>
  <w>det</w>
  <w>en</w>
  <absaspan id=35 senti=4>
    <w>ärlig</w>
  </absaspan>
  <absaspan id=36>
    <w>forskningsredovisning</w>
    <w>?</w>
  </absaspan>
  <w>.</w>
</absapar>
<absapar id=7 senti=3>
  <w>Anders</w>
  <w>Bergström</w>
  <w>vid</w>
  <w>tankesmedjan</w>
  <w>Fores</w>
  <w>skriver</w>
  <w>att</w>
  <w>alla</w>
  <w>forskare</w>
  <w>redan</w>
  <w>vet</w>
  <w>att</w>
  <w>invandringen</w>
  <w>till</w>
  <w>Sverige</w>
  <w>inte</w>
  <w>är</w>
  <w>lönsam</w>
  <w>och</w>
  <w>kostar</w>
  <w>mellan</w>
  <w>50</w>
  <w>och</w>
  <w>80</w>
  <w>miljarder</w>
  <w>kronor</w>
  <w>.</w>
  <w>Några</w>
  <w>månader</w>
  <w>tidigare</w>
  <w>skrev</w>
  <w>Fores</w>
  <w>på</w>
  <w>betald</w>
  <w>annonsplats</w>
  <w>i</w>
  <w>Dagens</w>
  <w>Nyheter</w>
  <w>:</w>
  <w>"</w>
  <w>I</w>
  <w>Sverige</w>
  <w>bidrar</w>
  <w>invandrarna</w>
  <w>mer</w>
  <w>till</w>
  <w>stat</w>
  <w>och</w>
  <w>kommun</w>
  <w>än</w>
  <w>de</w>
  <w>får</w>
  <w>tillbaka</w>
  <w>"</w>
  <w>.</w>
  <absaspan id=37>
    <w>Att</w>
    <w>komma</w>
    <w>med</w>
    <w>så</w>
    <w>motstridiga</w>
    <w>uppgifter</w>
  </absaspan>
  <absaspan id=38 senti=2>
    <w>förtjänar</w>
    <w>inte</w>
    <w>något</w>
    <w>ytterligare</w>
    <w>svar</w>
  </absaspan>
  <w>från</w>
  <w>min</w>
  <w>sida</w>
  <w>.</w>
</absapar>
<absapar id=8>
  <w>Skräddarsydda</w>
  <w>kurser</w>
  <w>i</w>
  <w>ämnen</w>
  <w>som</w>
  <w>intresserar</w>
  <w>och</w>
  <w>engagerar</w>
  <w>både</w>
  <w>kropp</w>
  <w>och</w>
  <w>själ</w>
  <w>.</w>
</absapar>
<absapar id=9>
  <w>*</w>
  <w>*</w>
  <w>Norska</w>
  <w>forskare</w>
  <w>har</w>
  <w>*</w>
  <w>*</w>
  <w>skickat</w>
  <w>mig</w>
  <w>e-post</w>
  <w>med</w>
  <absaspan id=39 senti=4>
    <w>bra</w>
  </absaspan>
  <absaspan id=40>
    <w>svensk</w>
    <w>forskning</w>
  </absaspan>
  <w>,</w>
  <w>för</w>
  <w>att</w>
  <w>komma</w>
  <w>sina</w>
  <w>svenska</w>
  <w>kollegor</w>
  <w>till</w>
  <w>undsättning</w>
  <w>.</w>
  <w>Men</w>
  <w>den</w>
  <w>är</w>
  <w>bara</w>
  <w>publicerad</w>
  <w>i</w>
  <w>smala</w>
  <w>akademiska</w>
  <w>tidskrifter</w>
  <w>och</w>
  <w>på</w>
  <w>engelska</w>
  <w>.</w>
  <w>Sådant</w>
  <w>ger</w>
  <w>forskaren</w>
  <w>internationell</w>
  <w>akademisk</w>
  <w>status</w>
  <w>,</w>
  <w>men</w>
  <w>når</w>
  <w>inte</w>
  <w>fram</w>
  <w>till</w>
  <w>den</w>
  <w>allmänhet</w>
  <w>som</w>
  <w>faktiskt</w>
  <w>avlönar</w>
  <w>forskaren</w>
  <w>genom</w>
  <w>sin</w>
  <w>skattsedel</w>
  <w>.</w>
</absapar>
<absapar id=10 senti=3>
  <absaspan id=41>
    <w>Jag</w>
  </absaspan>
  <absaspan id=42 senti=2>
    <w>hade</w>
  </absaspan>
  <w>med</w>
  <w>andra</w>
  <w>ord</w>
  <absaspan id=43 senti=2>
    <w>fel</w>
  </absaspan>
  <w>om</w>
  <w>svenska</w>
  <w>registeruppgifter</w>
  <w>.</w>
  <w>Även</w>
  <absaspan id=44>
    <w>Sverige</w>
    <w>har</w>
  </absaspan>
  <absaspan id=45 senti=4>
    <w>tillräckligt</w>
    <w>bra</w>
  </absaspan>
  <absaspan id=46>
    <w>data</w>
  </absaspan>
  <w>för</w>
  <w>att</w>
  <w>räkna</w>
  <w>ut</w>
  <w>vad</w>
  <w>olika</w>
  <w>grupper</w>
  <w>av</w>
  <w>invandrare</w>
  <w>ekonomiskt</w>
  <w>bidrar</w>
  <w>med</w>
  <w>eller</w>
  <w>kostar</w>
  <w>.</w>
  <w>Skillnaden</w>
  <w>är</w>
  <w>att</w>
  <w>i</w>
  <w>Norge</w>
  <w>har</w>
  <w>sådana</w>
  <w>detaljerade</w>
  <w>beräkningar</w>
  <w>genomförts</w>
  <w>och</w>
  <w>redovisats</w>
  <w>för</w>
  <w>allmänheten</w>
  <w>.</w>
</absapar>
<absapar id=11 senti=3>
  <w>I</w>
  <w>Sverige</w>
  <w>har</w>
  <w>dessa</w>
  <w>data</w>
  <w>inte</w>
  <w>utnyttjats</w>
  <w>.</w>
  <w>Ingen</w>
  <w>forskare</w>
  <w>har</w>
  <w>någonsin</w>
  <w>räknat</w>
  <w>ut</w>
  <w>vad</w>
  <w>utomeuropeisk</w>
  <w>invandring</w>
  <w>kostar</w>
  <w>i</w>
  <w>ett</w>
  <w>längre</w>
  <w>tidsperspektiv</w>
  <w>,</w>
  <w>trots</w>
  <w>att</w>
  <w>det</w>
  <w>bör</w>
  <w>kunna</w>
  <w>genomföras</w>
  <w>.</w>
  <w>Ingen</w>
  <w>har</w>
  <w>räknat</w>
  <w>separat</w>
  <w>på</w>
  <w>flykting</w>
  <w>-</w>
  <w>och</w>
  <w>anhöriginvandring</w>
  <w>samt</w>
  <w>arbetskraftsinvandring</w>
  <w>.</w>
  <w>Det</w>
  <w>går</w>
  <w>,</w>
  <w>ändå</w>
  <w>har</w>
  <w>det</w>
  <w>inte</w>
  <w>gjorts</w>
  <w>.</w>
</absapar>
<absapar id=12 senti=3>
  <w>Av</w>
  <w>debatten</w>
  <w>har</w>
  <w>jag</w>
  <w>också</w>
  <w>lärt</w>
  <w>mig</w>
  <w>att</w>
  <w>den</w>
  <w>senast</w>
  <w>genomförda</w>
  <w>beräkningen</w>
  <w>av</w>
  <w>invandringens</w>
  <w>kostnader</w>
  <w>gjord</w>
  <w>av</w>
  <w>en</w>
  <w>svensk</w>
  <w>nationalekonom</w>
  <w>skedde</w>
  <w>utifrån</w>
  <w>2006</w>
  <w>års</w>
  <w>förhållanden</w>
  <w>,</w>
  <w>det</w>
  <w>vill</w>
  <w>säga</w>
  <w>baserat</w>
  <w>på</w>
  <w>åtta</w>
  <w>år</w>
  <w>gamla</w>
  <w>siffror</w>
  <w>.</w>
</absapar>
<absapar id=13 senti=2>
  <w>Sedan</w>
  <w>dess</w>
  <w>har</w>
  <w>antalet</w>
  <w>utrikes</w>
  <w>födda</w>
  <w>ökat</w>
  <w>med</w>
  <w>en</w>
  <w>halv</w>
  <w>miljon</w>
  <w>,</w>
  <w>och</w>
  <absaspan id=47>
    <w>frågan</w>
  </absaspan>
  <absaspan id=48 senti=4>
    <w>har</w>
    <w>blivit</w>
    <w>viktigare</w>
  </absaspan>
  <w>.</w>
  <w>Ändå</w>
  <w>är</w>
  <w>det</w>
  <absaspan id=49 senti=2>
    <w>snarast</w>
    <w>svårare</w>
  </absaspan>
  <absaspan id=50>
    <w>att</w>
    <w>hitta</w>
    <w>aktuell</w>
    <w>data</w>
  </absaspan>
  <w>.</w>
  <w>Senaste</w>
  <w>tillfället</w>
  <w>svenska</w>
  <w>myndigheter</w>
  <w>redovisade</w>
  <absaspan id=51>
    <w>invandrares</w>
  </absaspan>
  <absaspan id=52 senti=2>
    <w>överrepresentation</w>
    <w>i</w>
    <w>brottslighet</w>
  </absaspan>
  <w>var</w>
  <w>2005</w>
  <w>.</w>
  <w>Svenska</w>
  <w>myndigheter</w>
  <w>har</w>
  <w>inte</w>
  <w>rätt</w>
  <w>att</w>
  <w>samla</w>
  <w>in</w>
  <w>data</w>
  <w>på</w>
  <w>födelseland</w>
  <w>för</w>
  <w>de</w>
  <w>som</w>
  <w>sitter</w>
  <w>i</w>
  <w>fängelse</w>
  <w>.</w>
  <w>Vad</w>
  <w>försöker</w>
  <w>svenska</w>
  <w>politiker</w>
  <w>dölja</w>
  <w>?</w>
  <w>.</w>
</absapar>
<absapar id=14 senti=2>
  <absaspan id=53>
    <w>Jag</w>
  </absaspan>
  <absaspan id=54 senti=2>
    <w>hade</w>
  </absaspan>
  <w>med</w>
  <w>andra</w>
  <w>ord</w>
  <absaspan id=55 senti=2>
    <w>fel</w>
  </absaspan>
  <w>om</w>
  <w>registerstatistik</w>
  <w>.</w>
  <w>Mina</w>
  <w>motståndares</w>
  <w>svar</w>
  <w>förstärker</w>
  <w>dock</w>
  <w>bilden</w>
  <w>av</w>
  <absaspan id=56>
    <w>ett</w>
  </absaspan>
  <absaspan id=57>
    <w>land</w>
  </absaspan>
  <absaspan id=58>
    <w>där</w>
  </absaspan>
  <absaspan id=59 senti=2>
    <w>integrationsproblematikens</w>
    <w>kostnader</w>
    <w>aktivt</w>
    <w>döljs</w>
    <w>för</w>
    <w>allmänheten</w>
  </absaspan>
  <w>.</w>
  <w>De</w>
  <w>som</w>
  <w>svarade</w>
  <w>mig</w>
  <w>medgav</w>
  <w>att</w>
  <w>invandring</w>
  <w>kostar</w>
  <w>"</w>
  <w>50</w>
  <w>-</w>
  <w>80</w>
  <w>miljarder</w>
  <w>"</w>
  <w>per</w>
  <w>år</w>
  <w>enligt</w>
  <w>forskningen</w>
  <w>och</w>
  <w>att</w>
  <w>bara</w>
  <w>54</w>
  <w>procent</w>
  <w>av</w>
  <w>utomeuropeiska</w>
  <w>invandrare</w>
  <w>arbetar</w>
  <w>.</w>
  <w>Varför</w>
  <w>är</w>
  <w>detta</w>
  <w>inte</w>
  <w>allmänt</w>
  <w>känt</w>
  <w>?</w>
  <w>Är</w>
  <w>det</w>
  <w>för</w>
  <w>att</w>
  <absaspan id=60>
    <w>invandring</w>
  </absaspan>
  <absaspan id=61 senti=3>
    <w>inte</w>
    <w>är</w>
    <w>en</w>
    <w>viktig</w>
    <w>politiskt</w>
    <w>fråga</w>
  </absaspan>
  <w>i</w>
  <w>Sverige</w>
  <w>som</w>
  <w>allmänheten</w>
  <w>inte</w>
  <w>är</w>
  <w>nyfiken</w>
  <w>på</w>
  <absaspan id=62>
    <w>?</w>
  </absaspan>
  <w>Det</w>
  <w>tvivlar</w>
  <w>jag</w>
  <w>på</w>
  <w>.</w>
</absapar>
<absapar id=15>
  <w>På</w>
  <w>sin</w>
  <w>blogg</w>
  <w>26</w>
  <w>september</w>
  <w>skriver</w>
  <absaspan id=63>
    <w>nationalekonomen</w>
    <w>Tino</w>
    <w>Sanandaji</w>
  </absaspan>
  <w>att</w>
  <w>"</w>
  <w>Problemet</w>
  <w>är</w>
  <w>inte</w>
  <w>att</w>
  <w>svensk</w>
  <w>forskning</w>
  <w>är</w>
  <w>korrumperad</w>
  <w>,</w>
  <w>utan</w>
  <w>att</w>
  <absaspan id=64>
    <w>media</w>
    <w>och</w>
    <w>politikerna</w>
  </absaspan>
  <absaspan id=65 senti=1>
    <w>har</w>
    <w>varit</w>
    <w>korrupta</w>
  </absaspan>
  <absaspan id=66>
    <w>i</w>
    <w>sin</w>
    <w>rapportering</w>
    <w>av</w>
    <w>forskningsläget</w>
  </absaspan>
  <w>.</w>
  <absaspan id=67>
    <w>Akademins</w>
  </absaspan>
  <absaspan id=68 senti=1>
    <w>svek</w>
  </absaspan>
  <w>har</w>
  <w>bestått</w>
  <w>i</w>
  <w>att</w>
  <w>vara</w>
  <w>tysta</w>
  <w>och</w>
  <w>låta</w>
  <w>osanningar</w>
  <w>dominera</w>
  <w>mot</w>
  <w>bättre</w>
  <w>vetande</w>
  <w>.</w>
  <w>"</w>
  <w>.</w>
</absapar>
<absapar id=16 senti=2>
  <w>Våra</w>
  <w>nordiska</w>
  <w>välfärdssamhällen</w>
  <w>bygger</w>
  <w>på</w>
  <w>en</w>
  <w>förutsättning</w>
  <w>av</w>
  <w>en</w>
  <w>hög</w>
  <w>andel</w>
  <w>förvärvsarbetande</w>
  <w>.</w>
  <w>De</w>
  <w>som</w>
  <w>inte</w>
  <w>blir</w>
  <w>integrerade</w>
  <w>på</w>
  <w>arbetsmarknaden</w>
  <w>faller</w>
  <w>utanför</w>
  <w>,</w>
  <w>socialt</w>
  <w>och</w>
  <w>ekonomiskt</w>
  <w>.</w>
  <absaspan id=69>
    <w>Vi</w>
  </absaspan>
  <absaspan id=70 senti=4>
    <w>önskar</w>
  </absaspan>
  <absaspan id=71>
    <w>ett</w>
    <w>samhälle</w>
    <w>med</w>
    <w>största</w>
    <w>möjliga</w>
    <w>jämlikhet</w>
  </absaspan>
  <w>,</w>
  <absaspan id=72 senti=2>
    <w>inte</w>
  </absaspan>
  <absaspan id=73>
    <w>ett</w>
    <w>samhälle</w>
    <w>med</w>
    <w>en</w>
    <w>stor</w>
    <w>,</w>
    <w>fattig</w>
    <w>underklass</w>
    <w>,</w>
    <w>vilket</w>
    <w>invandringen</w>
    <w>verkar</w>
    <w>skapa</w>
  </absaspan>
  <w>.</w>
</absapar>
<absapar id=17>
  <w>Regeringen</w>
  <w>Stoltenberg</w>
  <w>från</w>
  <w>Arbeiderpartiet</w>
  <w>(</w>
  <w>Norges</w>
  <w>"</w>
  <w>sossar</w>
  <w>"</w>
  <w>)</w>
  <w>såg</w>
  <w>till</w>
  <w>att</w>
  <w>fakta</w>
  <w>kom</w>
  <w>på</w>
  <w>bordet</w>
  <w>i</w>
  <w>och</w>
  <w>med</w>
  <w>Brochmann-rapporten</w>
  <w>.</w>
  <w>Det</w>
  <w>var</w>
  <w>en</w>
  <absaspan id=74 senti=5>
    <w>mycket</w>
    <w>uttömmande</w>
    <w>och</w>
    <w>noggrann</w>
  </absaspan>
  <absaspan id=75>
    <w>forskningsrapport</w>
  </absaspan>
  <w>.</w>
  <w>Kan</w>
  <w>vi</w>
  <w>förvänta</w>
  <w>oss</w>
  <w>att</w>
  <w>Sveriges</w>
  <w>nya</w>
  <w>regering</w>
  <w>ber</w>
  <w>om</w>
  <w>något</w>
  <w>motsvarande</w>
  <w>–</w>
  <w>och</w>
  <w>i</w>
  <w>så</w>
  <w>fall</w>
  <w>offentliggör</w>
  <w>resultaten</w>
  <w>oavsett</w>
  <w>vad</w>
  <w>de</w>
  <w>visar</w>
  <w>?</w>
  <w>.</w>
</absapar>
<absapar id=18 senti=3>
  <w>Efter</w>
  <w>Brochmann-rapporten</w>
  <w>,</w>
  <w>som</w>
  <w>fick</w>
  <w>stor</w>
  <w>uppmärksamhet</w>
  <w>i</w>
  <w>norsk</w>
  <w>press</w>
  <w>,</w>
  <w>kan</w>
  <w>politikerna</w>
  <w>inte</w>
  <w>längre</w>
  <w>servera</w>
  <absaspan id=76 senti=1>
    <w>skrönan</w>
  </absaspan>
  <w>om</w>
  <absaspan id=77>
    <w>"</w>
    <w>lönsam</w>
    <w>invandring</w>
    <w>"</w>
  </absaspan>
  <w>.</w>
  <w>Men</w>
  <w>väljarna</w>
  <w>kräver</w>
  <w>inte</w>
  <w>heller</w>
  <w>det</w>
  <w>,</w>
  <w>eftersom</w>
  <w>invandring</w>
  <w>kan</w>
  <w>ha</w>
  <w>många</w>
  <w>andra</w>
  <w>skäl</w>
  <w>än</w>
  <w>lönsamhet</w>
  <w>.</w>
  <absaspan id=78>
    <w>Den</w>
    <w>stora</w>
    <w>norska</w>
    <w>och</w>
    <w>svenska</w>
    <w>majoriteten</w>
  </absaspan>
  <absaspan id=79 senti=4>
    <w>vill</w>
  </absaspan>
  <w>nämligen</w>
  <absaspan id=80>
    <w>nuvarande</w>
    <w>och</w>
    <w>kommande</w>
    <w>invandrare</w>
  </absaspan>
  <absaspan id=81 senti=4>
    <w>väl</w>
    <w>på</w>
    <w>grund</w>
    <w>av</w>
    <w>rent</w>
    <w>humanitära</w>
    <w>skäl</w>
  </absaspan>
  <w>.</w>
  <absaspan id=82 senti=1>
    <w>Att</w>
    <w>manipulera</w>
    <w>fakta</w>
  </absaspan>
  <absaspan id=83 senti=1>
    <w>fördärvar</w>
    <w>bara</w>
  </absaspan>
  <w>.</w>
</absapar>
<absapar id=19 senti=3>
  <absaspan id=84>
    <w>Sveriges</w>
    <w>invandringspolitik</w>
  </absaspan>
  <w>väcker</w>
  <w>stort</w>
  <w>intresse</w>
  <w>och</w>
  <absaspan id=85 senti=2>
    <w>bekymmer</w>
  </absaspan>
  <absaspan id=86>
    <w>i</w>
    <w>Norge</w>
  </absaspan>
  <w>.</w>
  <w>Ledaren</w>
  <w>av</w>
  <w>Brochmann-utredningen</w>
  <w>,</w>
  <w>Grete</w>
  <w>Brochmann</w>
  <w>skrev</w>
  <w>i</w>
  <w>Morgenbladet</w>
  <w>26</w>
  <w>september</w>
  <w>:</w>
  <w>"</w>
  <w>Olikheterna</w>
  <w>i</w>
  <w>Sverige</w>
  <w>har</w>
  <w>växt</w>
  <w>starkare</w>
  <w>än</w>
  <w>i</w>
  <w>något</w>
  <w>annat</w>
  <w>OECD-land</w>
  <w>de</w>
  <w>senaste</w>
  <w>15</w>
  <w>åren</w>
  <w>.</w>
  <w>I</w>
  <w>europeiska</w>
  <w>komparativa</w>
  <w>studier</w>
  <w>om</w>
  <w>invandrares</w>
  <w>integration</w>
  <w>får</w>
  <w>Sverige</w>
  <w>oftast</w>
  <w>bäst</w>
  <w>resultat</w>
  <w>när</w>
  <w>det</w>
  <w>gäller</w>
  <w>tilldelning</w>
  <w>av</w>
  <w>rättigheter</w>
  <w>och</w>
  <w>antidiskrimineringsåtgärder</w>
  <w>men</w>
  <w>låga</w>
  <w>resultat</w>
  <w>avseende</w>
  <w>sysselsättning</w>
  <w>–</w>
  <w>integration</w>
  <w>på</w>
  <w>arbetsmarknaden</w>
  <w>.</w>
  <w>"</w>
  <w>.</w>
</absapar>
<absapar id=20>
  <w>Jag</w>
  <w>kan</w>
  <w>bara</w>
  <w>upprepa</w>
  <w>min</w>
  <w>huvudpoäng</w>
  <w>:</w>
  <w>Demokrati</w>
  <w>vilar</w>
  <w>på</w>
  <w>förutsättningen</w>
  <w>om</w>
  <w>en</w>
  <w>upplyst</w>
  <w>allmänhet</w>
  <w>.</w>
  <w>När</w>
  <w>fakta</w>
  <w>saknas</w>
  <w>kommer</w>
  <w>de</w>
  <w>folkvalda</w>
  <w>att</w>
  <w>basera</w>
  <w>sin</w>
  <w>politik</w>
  <w>på</w>
  <w>ideologi</w>
  <w>,</w>
  <w>inte</w>
  <w>på</w>
  <w>realiteter</w>
  <w>.</w>
  <w>Svenska</w>
  <w>forskare</w>
  <w>måste</w>
  <w>nu</w>
  <w>bevisa</w>
  <w>att</w>
  <w>de</w>
  <w>faktiskt</w>
  <w>önskar</w>
  <w>att</w>
  <w>dela</w>
  <w>sin</w>
  <w>kompetens</w>
  <w>och</w>
  <w>sina</w>
  <w>resultat</w>
  <w>med</w>
  <w>den</w>
  <w>svenska</w>
  <w>allmänheten</w>
  <w>–</w>
  <w>oavsett</w>
  <w>om</w>
  <w>resultaten</w>
  <w>är</w>
  <w>politiskt</w>
  <w>bekväma</w>
  <w>eller</w>
  <w>inte</w>
  <w>.</w>
</absapar>
<absapar id=21>
  <w>ELIN</w>
  <w>ØRJASÆTER</w>
  <w>.</w>
</absapar>
<absapar id=22>
  <w>författare</w>
  <w>,</w>
  <w>skribent</w>
  <w>och</w>
  <w>förstelektor</w>
  <w>vid</w>
  <w>Markedshøyskolen</w>
  <w>.</w>
</absapar>
<absapar id=23>
  <w>Hemsida</w>
  <w>:</w>
  <w>orjas.no</w>
  <w>.</w>
</absapar>
<absapar id=24>
  <w>Redaktör</w>
  <w>:</w>
  <w>Carina</w>
  <w>Stensson</w>
  <w>,</w>
  <w>Biträdande</w>
  <w>redaktör</w>
  <w>:</w>
  <w>Björn</w>
  <w>Jorner</w>
  <w>,</w>
  <w>Mejl</w>
  <w>:</w>
  <w>debatt</w>
  <w>@</w>
  <w>svd.se</w>
  <w>,</w>
  <w>Telefonnummer</w>
  <w>:</w>
  <w>08</w>
  <w>-</w>
  <w>135149</w>
  <w>,</w>
  <w>Twitter</w>
  <w>:</w>
  <w>@</w>
  <w>SvDDebatt</w>
  <w>,</w>
  <w>Facebook</w>
  <w>:</w>
  <w>SvD</w>
  <w>Debatt</w>
  <w>.</w>
</absapar>
</absadoc>
