<absadoc annotators=1 senti=0>
<absatitle>
  <absaspan id=1>
    <w>EU</w>
  </absaspan>
  <absaspan id=2 senti=2 target=1>
    <w>måste</w>
    <w>respektera</w>
    <w>större</w>
    <w>olikheter</w>
  </absaspan>
  <w>.</w>
</absatitle>
<absapar id=1>
  <w>Över</w>
  <w>hela</w>
  <w>kontinenten</w>
  <w>har</w>
  <absaspan id=3>
    <w>politiska</w>
    <w>partier</w>
    <w>som</w>
  </absaspan>
  <absaspan id=4 senti=2>
    <w>är</w>
    <w>emot</w>
  </absaspan>
  <absaspan id=5>
    <w>EU</w>
  </absaspan>
  <w>haft</w>
  <w>stora</w>
  <w>framgångar</w>
  <w>de</w>
  <w>senaste</w>
  <w>åren</w>
  <w>–</w>
  <w>i</w>
  <w>lokala</w>
  <w>,</w>
  <w>nationella</w>
  <w>och</w>
  <w>europeiska</w>
  <w>val</w>
  <w>.</w>
  <w>Vi</w>
  <w>måste</w>
  <w>bemöta</w>
  <w>detta</w>
  <w>genom</w>
  <w>att</w>
  <w>göra</w>
  <w>EU</w>
  <w>mer</w>
  <w>demokratiskt</w>
  <w>och</w>
  <w>med</w>
  <w>långt</w>
  <w>bättre</w>
  <w>förutsättningar</w>
  <w>för</w>
  <w>att</w>
  <w>bidra</w>
  <w>till</w>
  <w>att</w>
  <w>leverera</w>
  <w>den</w>
  <w>tillväxt</w>
  <w>och</w>
  <w>de</w>
  <w>jobb</w>
  <w>som</w>
  <w>medborgarna</w>
  <w>förväntar</w>
  <w>sig</w>
  <w>.</w>
  <w>Det</w>
  <w>skriver</w>
  <w>den</w>
  <w>brittiske</w>
  <w>utrikesministern</w>
  <w>Philip</w>
  <w>Hammond</w>
  <w>.</w>
</absapar>
<absapar id=2>
  <absaspan id=6 senti=2>
    <w>Alltför</w>
    <w>ofta</w>
  </absaspan>
  <absaspan id=7>
    <w>har</w>
    <w>EU</w>
    <w>utövat</w>
    <w>makt</w>
    <w>på</w>
    <w>områden</w>
    <w>där</w>
    <w>beslutsfattande</w>
    <w>skulle</w>
    <w>kunna</w>
    <w>göras</w>
    <w>på</w>
    <w>nationell</w>
    <w>,</w>
    <w>regional</w>
    <w>eller</w>
    <w>lokal</w>
    <w>regeringsnivå</w>
  </absaspan>
  <w>.</w>
</absapar>
<absapar id=3>
  <w>Det</w>
  <w>här</w>
  <w>är</w>
  <w>en</w>
  <w>argumenterande</w>
  <w>text</w>
  <w>med</w>
  <w>syfte</w>
  <w>att</w>
  <w>påverka</w>
  <w>.</w>
  <w>Åsikterna</w>
  <w>som</w>
  <w>uttrycks</w>
  <w>är</w>
  <w>skribentens</w>
  <w>egna</w>
  <w>.</w>
</absapar>
<absapar id=4>
  <w>Sedan</w>
  <w>Storbritannien</w>
  <w>gick</w>
  <w>med</w>
  <w>har</w>
  <w>EU</w>
  <w>förändrats</w>
  <w>bortom</w>
  <w>all</w>
  <w>igenkännlighet</w>
  <w>.</w>
  <w>Järnridåns</w>
  <w>fall</w>
  <w>ledde</w>
  <w>till</w>
  <w>att</w>
  <w>EU</w>
  <w>utökades</w>
  <w>och</w>
  <w>16</w>
  <w>nya</w>
  <w>länder</w>
  <w>blev</w>
  <w>medlemmar</w>
  <w>.</w>
  <w>Euron</w>
  <w>skapades</w>
  <w>och</w>
  <w>EU-regler</w>
  <w>reglerar</w>
  <w>nu</w>
  <w>våra</w>
  <w>angelägenheter</w>
  <w>på</w>
  <w>ett</w>
  <w>jättelikt</w>
  <w>område</w>
  <w>som</w>
  <w>sträcker</w>
  <w>sig</w>
  <w>från</w>
  <w>miljö</w>
  <w>till</w>
  <w>sociala</w>
  <w>frågor</w>
  <w>.</w>
  <w>Det</w>
  <w>är</w>
  <w>ingen</w>
  <w>tvekan</w>
  <w>om</w>
  <w>att</w>
  <absaspan id=8>
    <w>EU-medlemskapet</w>
  </absaspan>
  <absaspan id=9 senti=4>
    <w>har</w>
    <w>fört</w>
    <w>med</w>
    <w>sig</w>
    <w>tydliga</w>
    <w>fördelar</w>
  </absaspan>
  <w>till</w>
  <w>Storbritannien</w>
  <w>på</w>
  <w>några</w>
  <w>områden</w>
  <w>.</w>
  <w>Men</w>
  <w>på</w>
  <w>andra</w>
  <w>områden</w>
  <absaspan id=10 senti=2>
    <w>har</w>
  </absaspan>
  <absaspan id=11>
    <w>det</w>
  </absaspan>
  <absaspan id=12 senti=2>
    <w>lett</w>
  </absaspan>
  <absaspan id=13 senti=2>
    <w>till</w>
    <w>förlusten</w>
    <w>av</w>
    <w>nationell</w>
    <w>suveränitet</w>
  </absaspan>
  <w>och</w>
  <w>en</w>
  <w>ökning</w>
  <w>av</w>
  <w>den</w>
  <w>byråkratiska</w>
  <absaspan id=14 senti=2>
    <w>bördan</w>
  </absaspan>
  <w>för</w>
  <w>företag</w>
  <w>vilket</w>
  <w>har</w>
  <w>resulterat</w>
  <w>i</w>
  <w>att</w>
  <absaspan id=15>
    <w>det</w>
    <w>brittiska</w>
    <w>folkets</w>
  </absaspan>
  <absaspan id=16 senti=2>
    <w>samtycke</w>
    <w>till</w>
  </absaspan>
  <absaspan id=17>
    <w>medlemskap</w>
  </absaspan>
  <absaspan id=18 senti=2>
    <w>har</w>
  </absaspan>
  <absaspan id=19 senti=2>
    <w>tunnats</w>
    <w>ut</w>
  </absaspan>
  <w>.</w>
</absapar>
<absapar id=5>
  <w>*</w>
  <w>*</w>
  <w>Så</w>
  <w>vad</w>
  <w>är</w>
  <w>det</w>
  <w>den</w>
  <w>brittiska</w>
  <w>*</w>
  <w>*</w>
  <w>regeringen</w>
  <w>vill</w>
  <w>med</w>
  <w>dessa</w>
  <w>förhandlingar</w>
  <w>?</w>
  <w>För</w>
  <w>att</w>
  <w>återställa</w>
  <w>det</w>
  <w>brittiska</w>
  <w>folkets</w>
  <w>förtroende</w>
  <w>för</w>
  <w>EU</w>
  <w>behöver</w>
  <w>vi</w>
  <w>samarbeta</w>
  <w>med</w>
  <w>våra</w>
  <w>europeiska</w>
  <w>partners</w>
  <w>för</w>
  <w>att</w>
  <w>komma</w>
  <w>överens</w>
  <w>om</w>
  <w>ett</w>
  <w>paket</w>
  <w>med</w>
  <w>åtgärder</w>
  <w>som</w>
  <w>säkerställer</w>
  <w>att</w>
  <w>EU</w>
  <w>är</w>
  <w>rustat</w>
  <w>för</w>
  <w>2000</w>
  <w>-</w>
  <w>talet</w>
  <w>,</w>
  <absaspan id=20>
    <w>reformer</w>
    <w>som</w>
  </absaspan>
  <absaspan id=21 senti=4>
    <w>är</w>
    <w>till</w>
    <w>nytta</w>
  </absaspan>
  <w>inte</w>
  <w>bara</w>
  <w>för</w>
  <w>Storbritannien</w>
  <w>utan</w>
  <w>för</w>
  <w>alla</w>
  <w>medlemsländer</w>
  <w>.</w>
</absapar>
<absapar id=6>
  <w>.</w>
  <w>•</w>
  <w>För</w>
  <w>det</w>
  <w>första</w>
  <w>,</w>
  <w>när</w>
  <w>det</w>
  <w>gäller</w>
  <w>jobben</w>
  <w>och</w>
  <w>tillväxten</w>
  <absaspan id=22 senti=2>
    <w>är</w>
    <w>den</w>
    <w>obekväma</w>
    <w>sanningen</w>
  </absaspan>
  <absaspan id=23>
    <w>att</w>
    <w>EU</w>
    <w>:</w>
    <w>s</w>
    <w>tillväxttakt</w>
    <w>är</w>
    <w>mycket</w>
    <w>lägre</w>
    <w>än</w>
    <w>vad</w>
    <w>som</w>
    <w>krävs</w>
    <w>för</w>
    <w>att</w>
    <w>minska</w>
    <w>arbetslösheten</w>
    <w>till</w>
    <w>acceptabla</w>
    <w>nivåer</w>
  </absaspan>
  <w>och</w>
  <w>den</w>
  <w>utmanas</w>
  <w>inte</w>
  <w>bara</w>
  <w>av</w>
  <w>Asien</w>
  <w>utan</w>
  <w>även</w>
  <w>av</w>
  <w>USA</w>
  <w>.</w>
  <w>Om</w>
  <w>vi</w>
  <w>ska</w>
  <w>kunna</w>
  <w>bevara</w>
  <w>den</w>
  <w>europeiska</w>
  <w>levnadsstandarden</w>
  <w>måste</w>
  <w>vi</w>
  <w>göra</w>
  <w>det</w>
  <w>möjligt</w>
  <w>för</w>
  <w>våra</w>
  <w>företag</w>
  <w>att</w>
  <w>konkurrera</w>
  <w>effektivare</w>
  <w>runt</w>
  <w>om</w>
  <w>i</w>
  <w>världen</w>
  <w>genom</w>
  <w>att</w>
  <w>förbättra</w>
  <w>den</w>
  <w>gemensamma</w>
  <w>marknaden</w>
  <w>,</w>
  <w>särskilt</w>
  <w>för</w>
  <w>tjänster</w>
  <w>,</w>
  <w>energi</w>
  <w>samt</w>
  <w>det</w>
  <w>digitala</w>
  <w>området</w>
  <w>.</w>
  <w>Vi</w>
  <w>måste</w>
  <w>vara</w>
  <w>öppna</w>
  <w>för</w>
  <w>världshandeln</w>
  <w>och</w>
  <w>slutföra</w>
  <w>handelsavtal</w>
  <w>med</w>
  <w>USA</w>
  <w>,</w>
  <w>Japan</w>
  <w>och</w>
  <w>andra</w>
  <w>utvecklade</w>
  <w>ekonomier</w>
  <w>såväl</w>
  <w>som</w>
  <w>de</w>
  <w>snabbt</w>
  <w>växande</w>
  <w>ekonomierna</w>
  <w>i</w>
  <w>Asien</w>
  <w>och</w>
  <w>Sydamerika</w>
  <w>.</w>
  <w>Och</w>
  <w>vi</w>
  <w>måste</w>
  <w>skapa</w>
  <w>ett</w>
  <absaspan id=24>
    <w>regelverk</w>
    <w>som</w>
  </absaspan>
  <absaspan id=25 senti=4>
    <w>stödjer</w>
  </absaspan>
  <w>,</w>
  <absaspan id=26 senti=3>
    <w>inte</w>
    <w>hindrar</w>
  </absaspan>
  <w>,</w>
  <w>företag</w>
  <w>att</w>
  <w>skapa</w>
  <w>den</w>
  <w>tillväxt</w>
  <w>och</w>
  <w>de</w>
  <w>jobb</w>
  <w>vi</w>
  <w>behöver</w>
  <w>.</w>
</absapar>
<absapar id=7>
  <w>.</w>
  <w>•</w>
  <w>För</w>
  <w>det</w>
  <w>andra</w>
  <absaspan id=27 senti=4>
    <w>eftersträvar</w>
  </absaspan>
  <absaspan id=28>
    <w>vi</w>
  </absaspan>
  <absaspan id=29>
    <w>reformer</w>
    <w>som</w>
    <w>låter</w>
    <w>de</w>
    <w>länder</w>
    <w>som</w>
    <w>vill</w>
    <w>integrera</w>
    <w>ytterligare</w>
    <w>att</w>
    <w>göra</w>
    <w>detta</w>
    <w>medan</w>
  </absaspan>
  <absaspan id=30>
    <w>intressena</w>
    <w>för</w>
    <w>de</w>
    <w>som</w>
    <w>inte</w>
    <w>vill</w>
    <w>ha</w>
    <w>ytterligare</w>
    <w>integration</w>
  </absaspan>
  <absaspan id=31 senti=4>
    <w>respekteras</w>
  </absaspan>
  <absaspan id=32>
    <w>.</w>
  </absaspan>
  <w>Detta</w>
  <w>gäller</w>
  <w>tydligast</w>
  <w>för</w>
  <w>eurozonen</w>
  <w>där</w>
  <absaspan id=33>
    <w>Storbritannien</w>
  </absaspan>
  <absaspan id=34 senti=3>
    <w>inte</w>
    <w>strävar</w>
    <w>efter</w>
    <w>att</w>
    <w>förhindra</w>
  </absaspan>
  <absaspan id=35>
    <w>ytterligare</w>
  </absaspan>
  <absaspan id=36>
    <w>integration</w>
  </absaspan>
  <w>–</w>
  <w>utan</w>
  <w>faktiskt</w>
  <absaspan id=37 senti=4>
    <w>stöder</w>
  </absaspan>
  <absaspan id=38>
    <w>detta</w>
  </absaspan>
  <w>–</w>
  <w>men</w>
  <w>det</w>
  <absaspan id=39 senti=4>
    <w>behövs</w>
  </absaspan>
  <absaspan id=40>
    <w>garantier</w>
    <w>för</w>
    <w>att</w>
    <w>intressena</w>
    <w>hos</w>
    <w>dem</w>
    <w>som</w>
    <w>står</w>
    <w>utanför</w>
    <w>eurozonen</w>
    <w>skyddas</w>
  </absaspan>
  <w>.</w>
  <absaspan id=41>
    <w>Detta</w>
  </absaspan>
  <absaspan id=42>
    <w>koncept</w>
    <w>med</w>
    <w>ett</w>
    <w>Europa</w>
    <w>med</w>
    <w>två</w>
    <w>pelare</w>
    <w>,</w>
    <w>med</w>
    <w>ett</w>
  </absaspan>
  <absaspan id=43 senti=4>
    <w>klart</w>
    <w>definierat</w>
  </absaspan>
  <absaspan id=44>
    <w>förhållande</w>
  </absaspan>
  <absaspan id=45>
    <w>mellan</w>
    <w>euroländer</w>
    <w>och</w>
    <w>icke-euroländer</w>
    <w>inom</w>
    <w>en</w>
    <w>gemensam</w>
    <w>marknad</w>
    <w>som</w>
    <w>delar</w>
    <w>samma</w>
    <w>institutioner</w>
    <w>som</w>
    <w>grundar</w>
    <w>sig</w>
    <w>på</w>
    <w>ett</w>
    <w>existerande</w>
    <w>system</w>
    <w>med</w>
    <w>Schengensamarbetet</w>
    <w>och</w>
    <w>bankunionen</w>
  </absaspan>
  <w>och</w>
  <absaspan id=46>
    <w>som</w>
  </absaspan>
  <absaspan id=47 senti=4>
    <w>är</w>
    <w>bra</w>
    <w>för</w>
    <w>alla</w>
  </absaspan>
  <w>.</w>
  <absaspan id=48>
    <w>Det</w>
  </absaspan>
  <absaspan id=49 senti=4>
    <w>låter</w>
  </absaspan>
  <w>integrationen</w>
  <w>på</w>
  <w>euroområdet</w>
  <absaspan id=50 senti=4>
    <w>gå</w>
    <w>framåt</w>
  </absaspan>
  <w>och</w>
  <absaspan id=51 senti=4>
    <w>respekterar</w>
    <w>intressena</w>
  </absaspan>
  <w>hos</w>
  <w>icke-euroländer</w>
  <w>.</w>
  <w>Och</w>
  <w>det</w>
  <w>medger</w>
  <w>att</w>
  <w>medan</w>
  <absaspan id=52>
    <w>idén</w>
  </absaspan>
  <absaspan id=53>
    <w>om</w>
    <w>ett</w>
    <w>djupare</w>
    <w>samarbete</w>
  </absaspan>
  <absaspan id=54 senti=4>
    <w>tilltalar</w>
  </absaspan>
  <absaspan id=55>
    <w>en</w>
    <w>del</w>
    <w>medlemsländer</w>
  </absaspan>
  <w>så</w>
  <w>är</w>
  <absaspan id=56>
    <w>det</w>
  </absaspan>
  <absaspan id=57 senti=3>
    <w>inte</w>
    <w>rätt</w>
    <w>för</w>
    <w>alla</w>
  </absaspan>
  <absaspan id=58>
    <w>.</w>
  </absaspan>
</absapar>
<absapar id=8>
  <w>.</w>
  <w>•</w>
  <w>För</w>
  <w>det</w>
  <w>tredje</w>
  <w>tycker</w>
  <w>vi</w>
  <w>att</w>
  <w>alla</w>
  <w>nationella</w>
  <w>parlament</w>
  <w>måste</w>
  <w>ha</w>
  <w>mer</w>
  <w>att</w>
  <w>säga</w>
  <w>till</w>
  <w>om</w>
  <w>,</w>
  <w>både</w>
  <w>när</w>
  <w>det</w>
  <w>gäller</w>
  <w>att</w>
  <w>koppla</w>
  <w>samman</w>
  <w>medborgarna</w>
  <w>med</w>
  <w>beslut</w>
  <w>som</w>
  <w>fattas</w>
  <w>av</w>
  <w>EU</w>
  <w>och</w>
  <w>när</w>
  <w>det</w>
  <w>rör</w>
  <w>genomförandet</w>
  <w>av</w>
  <w>subsidiaritetsprincipen</w>
  <w>–</w>
  <w>idén</w>
  <w>att</w>
  <w>alla</w>
  <w>beslut</w>
  <w>ska</w>
  <w>fattas</w>
  <w>så</w>
  <w>nära</w>
  <w>som</w>
  <w>möjligt</w>
  <w>till</w>
  <w>de</w>
  <w>medborgare</w>
  <w>som</w>
  <w>påverkas</w>
  <w>av</w>
  <w>dem</w>
  <w>.</w>
</absapar>
<absapar id=9>
  <w>Skräddarsydda</w>
  <w>kurser</w>
  <w>i</w>
  <absaspan id=59>
    <w>ämnen</w>
    <w>som</w>
  </absaspan>
  <absaspan id=60 senti=4>
    <w>intresserar</w>
    <w>och</w>
    <w>engagerar</w>
    <w>både</w>
    <w>kropp</w>
    <w>och</w>
    <w>själ</w>
  </absaspan>
  <absaspan id=61>
    <w>.</w>
  </absaspan>
</absapar>
<absapar id=10>
  <absaspan id=62 senti=2>
    <w>Alltför</w>
    <w>ofta</w>
  </absaspan>
  <absaspan id=63>
    <w>har</w>
    <w>EU</w>
    <w>utövat</w>
    <w>makt</w>
    <w>på</w>
    <w>områden</w>
    <w>där</w>
  </absaspan>
  <absaspan id=64>
    <w>beslutsfattande</w>
  </absaspan>
  <absaspan id=65 senti=4>
    <w>skulle</w>
    <w>kunna</w>
    <w>göras</w>
  </absaspan>
  <absaspan id=66>
    <w>på</w>
    <w>nationell</w>
    <w>,</w>
    <w>regional</w>
    <w>eller</w>
    <w>lokal</w>
    <w>regeringsnivå</w>
    <w>utan</w>
    <w>att</w>
    <w>inkräkta</w>
    <w>på</w>
    <w>verksamheten</w>
    <w>på</w>
    <w>den</w>
    <w>inre</w>
    <w>marknaden</w>
    <w>eller</w>
    <w>ett</w>
  </absaspan>
  <absaspan id=67 senti=4>
    <w>effektivt</w>
    <w>fungerande</w>
  </absaspan>
  <absaspan id=68>
    <w>EU</w>
  </absaspan>
  <w>.</w>
  <absaspan id=69>
    <w>Vi</w>
  </absaspan>
  <absaspan id=70 senti=4>
    <w>vill</w>
  </absaspan>
  <absaspan id=71 senti=4>
    <w>stärka</w>
  </absaspan>
  <absaspan id=72>
    <w>de</w>
    <w>nationella</w>
    <w>parlamentens</w>
    <w>roll</w>
  </absaspan>
  <w>,</w>
  <w>till</w>
  <w>exempel</w>
  <w>genom</w>
  <w>att</w>
  <absaspan id=73 senti=4>
    <w>tillåta</w>
  </absaspan>
  <absaspan id=74>
    <w>grupperingar</w>
    <w>av</w>
    <w>dem</w>
  </absaspan>
  <w>att</w>
  <w>hindra</w>
  <w>regler</w>
  <w>i</w>
  <w>framtiden</w>
  <w>.</w>
  <w>EU</w>
  <w>måste</w>
  <w>respektera</w>
  <w>de</w>
  <w>nivåer</w>
  <w>av</w>
  <w>regeringsmakten</w>
  <w>som</w>
  <w>är</w>
  <w>närmast</w>
  <w>och</w>
  <w>har</w>
  <w>störst</w>
  <w>ansvar</w>
  <w>för</w>
  <w>europeiska</w>
  <w>medborgare</w>
  <w>.</w>
  <absaspan id=75>
    <w>Vi</w>
  </absaspan>
  <absaspan id=76 senti=4>
    <w>instämmer</w>
    <w>med</w>
  </absaspan>
  <absaspan id=77>
    <w>den</w>
    <w>nederländska</w>
    <w>regeringen</w>
  </absaspan>
  <w>:</w>
  <w>"</w>
  <w>Europa</w>
  <w>där</w>
  <w>det</w>
  <w>är</w>
  <w>nödvändigt</w>
  <w>,</w>
  <w>nationellt</w>
  <w>där</w>
  <w>det</w>
  <w>är</w>
  <w>möjligt</w>
  <w>.</w>
  <w>"</w>
  <w>.</w>
</absapar>
<absapar id=11 senti=3>
  <w>.</w>
  <w>•</w>
  <w>För</w>
  <w>det</w>
  <w>fjärde</w>
  <w>,</w>
  <absaspan id=78>
    <w>vi</w>
  </absaspan>
  <absaspan id=79 senti=4>
    <w>accepterar</w>
  </absaspan>
  <absaspan id=80>
    <w>att</w>
  </absaspan>
  <absaspan id=81>
    <w>fri</w>
    <w>rörlighet</w>
    <w>för</w>
    <w>människor</w>
    <w>för</w>
    <w>arbete</w>
    <w>är</w>
    <w>en</w>
    <w>av</w>
    <w>EU</w>
    <w>:</w>
    <w>s</w>
    <w>fyra</w>
    <w>grundläggande</w>
    <w>friheter</w>
  </absaspan>
  <w>och</w>
  <w>dessa</w>
  <w>förhandlingar</w>
  <absaspan id=82 senti=3>
    <w>är</w>
    <w>inte</w>
    <w>ute</w>
    <w>efter</w>
    <w>att</w>
  </absaspan>
  <w>inte</w>
  <absaspan id=83 senti=3>
    <w>inskränka</w>
  </absaspan>
  <absaspan id=84>
    <w>denna</w>
    <w>frihet</w>
  </absaspan>
  <w>,</w>
  <w>men</w>
  <absaspan id=85>
    <w>vi</w>
  </absaspan>
  <absaspan id=86 senti=4>
    <w>vill</w>
  </absaspan>
  <absaspan id=87 senti=4>
    <w>skydda</w>
  </absaspan>
  <absaspan id=88>
    <w>Storbritanniens</w>
  </absaspan>
  <absaspan id=89>
    <w>välfärdssystem</w>
    <w>från</w>
    <w>att</w>
    <w>utnyttjas</w>
  </absaspan>
  <w>och</w>
  <absaspan id=90 senti=2>
    <w>minska</w>
  </absaspan>
  <absaspan id=91>
    <w>sporrarna</w>
  </absaspan>
  <absaspan id=92>
    <w>som</w>
    <w>uppmuntrar</w>
    <w>arbetare</w>
    <w>med</w>
    <w>högre</w>
    <w>yrkesutbildning</w>
    <w>att</w>
    <w>resa</w>
    <w>till</w>
    <w>Storbritannien</w>
    <w>för</w>
    <w>arbeten</w>
    <w>för</w>
    <w>okvalificerade</w>
    <w>arbeten</w>
  </absaspan>
  <w>.</w>
  <absaspan id=93>
    <w>Detta</w>
  </absaspan>
  <absaspan id=94 senti=2>
    <w>underminerar</w>
  </absaspan>
  <absaspan id=95 senti=2>
    <w>ekonomisk</w>
    <w>tillväxt</w>
  </absaspan>
  <w>i</w>
  <w>länderna</w>
  <w>de</w>
  <w>reser</w>
  <w>till</w>
  <w>och</w>
  <absaspan id=96 senti=2>
    <w>tron</w>
  </absaspan>
  <absaspan id=97 senti=2>
    <w>på</w>
    <w>rättvisan</w>
  </absaspan>
  <w>i</w>
  <w>fri</w>
  <w>rörlighet</w>
  <w>i</w>
  <w>länderna</w>
  <w>de</w>
  <w>reser</w>
  <w>till</w>
  <w>.</w>
  <absaspan id=98>
    <w>Vi</w>
  </absaspan>
  <w>måste</w>
  <w>även</w>
  <w>utveckla</w>
  <w>de</w>
  <w>andra</w>
  <w>friheterna</w>
  <w>,</w>
  <w>särskilt</w>
  <w>friheten</w>
  <w>i</w>
  <w>rörlighet</w>
  <w>av</w>
  <w>tjänster</w>
  <w>och</w>
  <w>kapital</w>
  <w>,</w>
  <w>för</w>
  <absaspan id=99 senti=4>
    <w>att</w>
    <w>försäkra</w>
  </absaspan>
  <absaspan id=100>
    <w>att</w>
    <w>det</w>
    <w>inte</w>
    <w>enbart</w>
    <w>är</w>
    <w>fri</w>
    <w>rörlighet</w>
    <w>av</w>
    <w>människor</w>
    <w>som</w>
    <w>bidrar</w>
    <w>till</w>
    <w>konvergensen</w>
    <w>av</w>
    <w>levnadsstandard</w>
    <w>över</w>
    <w>hela</w>
    <w>EU</w>
  </absaspan>
  <w>.</w>
</absapar>
<absapar id=12>
  <absaspan id=101>
    <w>Vi</w>
  </absaspan>
  <absaspan id=102 senti=4>
    <w>närmar</w>
    <w>oss</w>
  </absaspan>
  <absaspan id=103>
    <w>dessa</w>
    <w>reformer</w>
  </absaspan>
  <absaspan id=104 senti=4>
    <w>positivt</w>
  </absaspan>
  <absaspan id=105 senti=4>
    <w>och</w>
    <w>engagerat</w>
  </absaspan>
  <w>,</w>
  <absaspan id=106>
    <w>vi</w>
  </absaspan>
  <w>lyssnar</w>
  <w>på</w>
  <w>våra</w>
  <w>partners</w>
  <w>och</w>
  <absaspan id=107 senti=4>
    <w>har</w>
    <w>för</w>
    <w>avsikt</w>
    <w>att</w>
    <w>komma</w>
    <w>överens</w>
  </absaspan>
  <w>om</w>
  <w>reformer</w>
  <w>som</w>
  <w>hjälper</w>
  <w>alla</w>
  <w>medlemsländer</w>
  <w>att</w>
  <w>växa</w>
  <w>under</w>
  <w>2000</w>
  <w>-</w>
  <w>talet</w>
  <w>.</w>
</absapar>
<absapar id=13>
  <w>Vi</w>
  <w>kommer</w>
  <w>att</w>
  <w>förhandla</w>
  <w>fram</w>
  <w>ett</w>
  <w>paket</w>
  <w>av</w>
  <w>reformer</w>
  <w>och</w>
  <w>sedan</w>
  <w>kommer</w>
  <w>vi</w>
  <w>att</w>
  <w>fråga</w>
  <w>det</w>
  <w>brittiska</w>
  <w>folket</w>
  <w>om</w>
  <w>deras</w>
  <w>åsikt</w>
  <w>i</w>
  <w>en</w>
  <w>direkt</w>
  <w>"</w>
  <w>in</w>
  <w>eller</w>
  <w>ut</w>
  <w>"</w>
  <w>-</w>
  <w>folkomröstning</w>
  <w>innan</w>
  <w>slutet</w>
  <w>av</w>
  <w>2017</w>
  <w>,</w>
  <w>tidigare</w>
  <w>om</w>
  <w>vi</w>
  <w>kan</w>
  <w>.</w>
</absapar>
<absapar id=14>
  <w>Insatserna</w>
  <w>är</w>
  <w>höga</w>
  <w>:</w>
  <absaspan id=108>
    <w>Storbritannien</w>
  </absaspan>
  <absaspan id=109>
    <w>är</w>
    <w>en</w>
    <w>stor</w>
    <w>och</w>
    <w>öppen</w>
  </absaspan>
  <absaspan id=110>
    <w>ekonomi</w>
  </absaspan>
  <absaspan id=111>
    <w>med</w>
    <w>en</w>
    <w>lång</w>
    <w>historia</w>
    <w>och</w>
    <w>en</w>
  </absaspan>
  <absaspan id=112 senti=4>
    <w>betydelsefull</w>
    <w>roll</w>
    <w>i</w>
    <w>världen</w>
  </absaspan>
  <absaspan id=113>
    <w>vilket</w>
  </absaspan>
  <absaspan id=114 senti=4>
    <w>kan</w>
    <w>bidra</w>
    <w>betydande</w>
    <w>till</w>
    <w>enormt</w>
    <w>till</w>
    <w>Europas</w>
    <w>framgångar</w>
  </absaspan>
  <w>.</w>
  <w>Om</w>
  <w>vi</w>
  <w>kan</w>
  <w>lösa</w>
  <absaspan id=115>
    <w>de</w>
    <w>frågor</w>
    <w>som</w>
  </absaspan>
  <absaspan id=116 senti=2>
    <w>bekymrat</w>
  </absaspan>
  <absaspan id=117>
    <w>det</w>
    <w>brittiska</w>
    <w>folket</w>
  </absaspan>
  <absaspan id=118 senti=2>
    <w>så</w>
    <w>mycket</w>
  </absaspan>
  <w>och</w>
  <w>åstadkomma</w>
  <w>ett</w>
  <w>"</w>
  <w>Ja</w>
  <w>"</w>
  <w>i</w>
  <w>folkomröstningen</w>
  <absaspan id=119 senti=4>
    <w>kommer</w>
  </absaspan>
  <absaspan id=120>
    <w>vi</w>
  </absaspan>
  <absaspan id=121 senti=4>
    <w>att</w>
  </absaspan>
  <absaspan id=122 senti=4>
    <w>lösa</w>
    <w>frågan</w>
  </absaspan>
  <w>om</w>
  <w>Storbritanniens</w>
  <w>plats</w>
  <w>i</w>
  <w>Europa</w>
  <w>och</w>
  <absaspan id=123 senti=4>
    <w>göra</w>
  </absaspan>
  <absaspan id=124 senti=4>
    <w>det</w>
    <w>möjligt</w>
  </absaspan>
  <w>för</w>
  <w>Storbritannien</w>
  <w>ha</w>
  <w>en</w>
  <absaspan id=125 senti=4>
    <w>fullständigt</w>
    <w>engagerad</w>
  </absaspan>
  <absaspan id=126>
    <w>roll</w>
  </absaspan>
  <w>i</w>
  <w>ett</w>
  <w>mer</w>
  <absaspan id=127 senti=4>
    <w>konkurrenskraftigt</w>
  </absaspan>
  <w>,</w>
  <absaspan id=128 senti=4>
    <w>framgångsrikt</w>
  </absaspan>
  <w>,</w>
  <absaspan id=129 senti=4>
    <w>utåtriktat</w>
  </absaspan>
  <w>och</w>
  <absaspan id=130 senti=4>
    <w>tillitsfullt</w>
  </absaspan>
  <absaspan id=131>
    <w>EU</w>
    <w>i</w>
    <w>framtiden.Det</w>
  </absaspan>
  <w>är</w>
  <w>ett</w>
  <absaspan id=132>
    <w>resultat</w>
    <w>som</w>
  </absaspan>
  <absaspan id=133 senti=5>
    <w>verkligen</w>
    <w>kommer</w>
    <w>att</w>
    <w>vara</w>
    <w>i</w>
    <w>det</w>
    <w>bästa</w>
    <w>intresset</w>
  </absaspan>
  <w>för</w>
  <w>européer</w>
  <w>på</w>
  <w>båda</w>
  <w>sidorna</w>
  <w>av</w>
  <w>den</w>
  <w>Engelska</w>
  <w>Kanalen</w>
  <w>.</w>
</absapar>
<absapar id=15>
  <w>Philip</w>
  <w>Hammond</w>
  <w>.</w>
</absapar>
<absapar id=16>
  <w>Storbritanniens</w>
  <w>utrikesminister</w>
  <w>.</w>
</absapar>
<absapar id=17>
  <w>Redaktör</w>
  <w>:</w>
  <w>Carina</w>
  <w>Stensson</w>
  <w>,</w>
  <w>Biträdande</w>
  <w>redaktör</w>
  <w>:</w>
  <w>Björn</w>
  <w>Jorner</w>
  <w>,</w>
  <w>Mejl</w>
  <w>:</w>
  <w>debatt</w>
  <w>@</w>
  <w>svd.se</w>
  <w>,</w>
  <w>Telefonnummer</w>
  <w>:</w>
  <w>08</w>
  <w>-</w>
  <w>135149</w>
  <w>,</w>
  <w>Twitter</w>
  <w>:</w>
  <w>@</w>
  <w>SvDDebatt</w>
  <w>,</w>
  <w>Facebook</w>
  <w>:</w>
  <w>SvD</w>
  <w>Debatt</w>
  <w>.</w>
</absapar>
</absadoc>
