<absadoc annotators=1 senti=>
<absatitle>
  <w>Varför</w>
  <w>är</w>
  <w>det</w>
  <w>fult</w>
  <w>att</w>
  <w>köpa</w>
  <w>städhjälp</w>
  <w>?</w>
</absatitle>
<absapar id=1>
  <w>Jaha</w>
  <w>,</w>
  <w>här</w>
  <w>kommer</w>
  <w>pigdebatten</w>
  <w>2.0</w>
  <w>.</w>
</absapar>
<absapar id=2>
  <w>Sossarna</w>
  <w>vill</w>
  <w>ha</w>
  <w>bort</w>
  <w>den</w>
  <w>borgerliga</w>
  <w>skattelättnaden</w>
  <w>för</w>
  <w>hushållsnära</w>
  <w>tjänster</w>
  <w>,</w>
  <w>i</w>
  <w>alla</w>
  <w>fall</w>
  <w>vad</w>
  <w>gäller</w>
  <w>städning</w>
  <w>och</w>
  <w>sånt</w>
  <w>.</w>
  <w>Hantverksarbete</w>
  <w>är</w>
  <w>fortfarande</w>
  <w>okej</w>
  <w>.</w>
</absapar>
<absapar id=3>
  <w>Städföretaget</w>
  <w>Hemfrids</w>
  <w>grundare</w>
  <absaspan id=1>
    <w>Monica</w>
    <w>Lindstedt</w>
  </absaspan>
  <w>tycker</w>
  <w>att</w>
  <absaspan id=2>
    <w>sossarnas</w>
    <w>"</w>
    <w>hållning</w>
    <w>när</w>
    <w>det</w>
    <w>gäller</w>
    <w>skattereduktionen</w>
    <w>för</w>
    <w>hushållsnära</w>
    <w>tjänster</w>
  </absaspan>
  <absaspan id=3 senti=2>
    <w>är</w>
    <w>obegriplig</w>
    <w>och</w>
    <w>bakåtsträvande</w>
  </absaspan>
  <w>"</w>
  <w>.</w>
  <w>Det</w>
  <w>är</w>
  <w>den</w>
  <w>väl</w>
  <w>förvisso</w>
  <w>inte</w>
  <w>.</w>
  <w>Jag</w>
  <w>förstår</w>
  <w>dem</w>
  <w>precis</w>
  <w>.</w>
</absapar>
<absapar id=4>
  <w>Så</w>
  <w>här</w>
  <w>tänker</w>
  <w>sossarna</w>
  <w>(</w>
  <w>JAG</w>
  <w>HAR</w>
  <w>HELA</w>
  <w>LISTAN</w>
  <w>!</w>
  <w>)</w>
  <w>:</w>
  <w>.</w>
</absapar>
<absapar id=5>
  <w>#</w>
  <w>P</w>
  <w>IMM</w>
  <w>.</w>
  <w>1</w>
  <w>)</w>
  <absaspan id=4>
    <w>Vanligt</w>
    <w>folk</w>
  </absaspan>
  <absaspan id=5 senti=2>
    <w>skall</w>
    <w>inte</w>
    <w>behöva</w>
    <w>städa</w>
    <w>upp</w>
    <w>överklassens</w>
    <w>skit</w>
  </absaspan>
  <w>.</w>
</absapar>
<absapar id=6>
  <w>#</w>
  <w>P</w>
  <w>IMM</w>
  <w>.</w>
  <w>2</w>
  <w>)</w>
  <w>Tanken</w>
  <w>att</w>
  <absaspan id=6>
    <w>någon</w>
    <w>överhuvudtaget</w>
    <w>skall</w>
    <w>kunna</w>
    <w>köpa</w>
    <w>sig</w>
    <w>fri</w>
    <w>från</w>
    <w>tråkigheter</w>
  </absaspan>
  <absaspan id=7 senti=2>
    <w>är</w>
    <w>smaklös</w>
  </absaspan>
  <w>.</w>
</absapar>
<absapar id=7>
  <w>Jag</w>
  <w>håller</w>
  <w>faktiskt</w>
  <w>med</w>
  <w>.</w>
</absapar>
<absapar id=8>
  <w>Samtidigt</w>
  <w>förstår</w>
  <w>jag</w>
  <w>också</w>
  <w>Monica</w>
  <w>Lindstedt</w>
  <w>.</w>
  <w>Jag</w>
  <w>tänker</w>
  <w>att</w>
  <w>städning</w>
  <w>väl</w>
  <w>är</w>
  <w>ett</w>
  <w>jobb</w>
  <w>som</w>
  <w>alla</w>
  <w>andra</w>
  <w>,</w>
  <w>och</w>
  <absaspan id=8>
    <w>jag</w>
  </absaspan>
  <w>är</w>
  <w>enig</w>
  <w>med</w>
  <w>henne</w>
  <w>om</w>
  <w>att</w>
  <w>det</w>
  <w>ju</w>
  <absaspan id=9 senti=4>
    <w>är</w>
    <w>alldeles</w>
    <w>ypperligt</w>
  </absaspan>
  <w>ifall</w>
  <absaspan id=10>
    <w>eljest</w>
    <w>svaga</w>
    <w>grupper</w>
    <w>som</w>
    <w>invandrare</w>
    <w>och</w>
    <w>kvinnor</w>
    <w>kan</w>
    <w>ta</w>
    <w>sig</w>
    <w>ut</w>
    <w>i</w>
    <w>arbetslivet</w>
    <w>genom</w>
    <w>att</w>
    <w>fixa</w>
    <w>i</w>
    <w>folks</w>
    <w>hem</w>
  </absaspan>
  <w>.</w>
</absapar>
<absapar id=9>
  <w>Varför</w>
  <w>är</w>
  <w>det</w>
  <w>fult</w>
  <w>att</w>
  <w>köpa</w>
  <w>städhjälp</w>
  <w>?</w>
  <w>Det</w>
  <w>är</w>
  <w>en</w>
  <w>intressant</w>
  <w>fråga</w>
  <w>.</w>
  <w>Det</w>
  <w>finns</w>
  <w>många</w>
  <w>perspektiv</w>
  <w>att</w>
  <w>inta</w>
  <w>,</w>
  <w>och</w>
  <w>jag</w>
  <w>förstår</w>
  <w>dem</w>
  <w>alla</w>
  <w>.</w>
  <w>Jag</w>
  <w>känner</w>
  <w>mig</w>
  <w>lite</w>
  <w>som</w>
  <w>en</w>
  <w>fluga</w>
  <w>med</w>
  <w>facettögon</w>
  <w>.</w>
</absapar>
<absapar id=10>
  <absaspan id=11>
    <w>Socialdemokraternas</w>
  </absaspan>
  <absaspan id=12 senti=2>
    <w>antipati</w>
  </absaspan>
  <w>grundar</w>
  <w>sig</w>
  <w>i</w>
  <w>en</w>
  <w>idé</w>
  <w>om</w>
  <w>allas</w>
  <w>lika</w>
  <w>värde</w>
  <w>.</w>
  <w>Men</w>
  <w>deras</w>
  <w>omtanke</w>
  <w>slår</w>
  <w>snett</w>
  <w>när</w>
  <w>de</w>
  <w>tänker</w>
  <w>sig</w>
  <w>att</w>
  <w>en</w>
  <w>viss</w>
  <w>sorts</w>
  <w>syssla</w>
  <w>,</w>
  <w>till</w>
  <w>exempel</w>
  <w>hushållsarbete</w>
  <w>,</w>
  <w>är</w>
  <w>förnedrande</w>
  <w>i</w>
  <w>sig</w>
  <w>.</w>
</absapar>
<absapar id=11>
  <w>Samtidigt</w>
  <w>tror</w>
  <absaspan id=13>
    <w>jag</w>
  </absaspan>
  <w>att</w>
  <w>om</w>
  <w>man</w>
  <w>likt</w>
  <absaspan id=14>
    <w>Monica</w>
    <w>Lindstedt</w>
  </absaspan>
  <absaspan id=15 senti=2>
    <w>viftar</w>
    <w>bort</w>
  </absaspan>
  <w>allt</w>
  <w>vad</w>
  <w>politik</w>
  <w>heter</w>
  <w>så</w>
  <w>gör</w>
  <w>man</w>
  <w>det</w>
  <w>alldeles</w>
  <w>för</w>
  <w>enkelt</w>
  <w>för</w>
  <w>sig</w>
  <w>.</w>
  <w>För</w>
  <w>det</w>
  <w>är</w>
  <w>klart</w>
  <w>att</w>
  <w>det</w>
  <w>betyder</w>
  <w>något</w>
  <w>att</w>
  <w>städbranschen</w>
  <w>består</w>
  <w>av</w>
  <w>idel</w>
  <w>invandrare</w>
  <w>och</w>
  <w>kvinnor</w>
  <w>som</w>
  <w>betjänar</w>
  <w>bättre</w>
  <w>bemedlade</w>
  <w>personer</w>
  <w>.</w>
  <w>Om</w>
  <w>man</w>
  <absaspan id=16>
    <w>bortser</w>
    <w>från</w>
    <w>det</w>
  </absaspan>
  <absaspan id=17 senti=1>
    <w>är</w>
    <w>man</w>
    <w>ju</w>
    <w>bara</w>
    <w>dum</w>
    <w>i</w>
    <w>huvudet</w>
  </absaspan>
  <w>.</w>
</absapar>
<absapar id=12>
  <w>Men</w>
  <w>det</w>
  <w>jag</w>
  <w>tycker</w>
  <w>är</w>
  <w>mest</w>
  <w>intressant</w>
  <w>är</w>
  <w>att</w>
  <w>ingen</w>
  <w>ifrågasätter</w>
  <w>drängarbetet</w>
  <w>,</w>
  <w>ingen</w>
  <w>kallar</w>
  <w>det</w>
  <w>ens</w>
  <w>drängarbete</w>
  <w>.</w>
  <w>Alla</w>
  <w>är</w>
  <w>rörande</w>
  <w>överens</w>
  <w>att</w>
  <w>det</w>
  <w>är</w>
  <w>bra</w>
  <w>med</w>
  <w>avdrag</w>
  <w>för</w>
  <w>hantverkararbete</w>
  <w>.</w>
  <w>Och</w>
  <w>det</w>
  <w>här</w>
  <w>skulle</w>
  <w>jag</w>
  <w>gärna</w>
  <w>vilja</w>
  <w>diskutera</w>
  <w>.</w>
  <w>Vad</w>
  <w>är</w>
  <w>det</w>
  <w>som</w>
  <w>gör</w>
  <w>det</w>
  <w>ena</w>
  <w>–</w>
  <w>traditionellt</w>
  <w>manliga</w>
  <w>hushållsnära</w>
  <w>tjänster</w>
  <w>–</w>
  <w>professionellt</w>
  <w>och</w>
  <w>affärsmässigt</w>
  <w>och</w>
  <w>värdigt</w>
  <w>,</w>
  <w>och</w>
  <w>det</w>
  <w>andra</w>
  <w>–</w>
  <w>traditionellt</w>
  <w>kvinnliga</w>
  <w>hushållsnära</w>
  <w>tjänster</w>
  <w>–</w>
  <w>privat</w>
  <w>och</w>
  <w>amatörmässigt</w>
  <w>och</w>
  <w>ovärdigt</w>
  <w>?</w>
  <w>Det</w>
  <w>vore</w>
  <w>fint</w>
  <w>om</w>
  <w>någon</w>
  <w>kunde</w>
  <w>svara</w>
  <w>på</w>
  <w>det</w>
  <w>.</w>
</absapar>
</absadoc>
