<absadoc annotators=1 senti=>
<absatitle>
  <w>Det</w>
  <w>krävs</w>
  <w>ny</w>
  <w>politik</w>
  <w>för</w>
  <w>att</w>
  <w>stävja</w>
  <w>kvinnovåld</w>
  <w>.</w>
</absatitle>
<absapar id=1>
  <w>Mäns</w>
  <w>våld</w>
  <w>mot</w>
  <w>kvinnor</w>
  <w>är</w>
  <w>ett</w>
  <w>av</w>
  <w>de</w>
  <w>viktigaste</w>
  <w>samhällsproblemen</w>
  <w>i</w>
  <w>dag</w>
  <w>.</w>
  <w>Det</w>
  <absaspan id=1 senti=2>
    <w>är</w>
    <w>mycket</w>
    <w>oroande</w>
  </absaspan>
  <absaspan id=2>
    <w>att</w>
    <w>antalet</w>
    <w>anmälda</w>
    <w>brott</w>
    <w>över</w>
    <w>tid</w>
    <w>,</w>
    <w>särskilt</w>
    <w>när</w>
    <w>det</w>
    <w>gäller</w>
    <w>sexuellt</w>
    <w>våld</w>
    <w>,</w>
    <w>har</w>
    <w>ökat</w>
  </absaspan>
  <w>.</w>
  <w>Samtidigt</w>
  <w>finns</w>
  <w>många</w>
  <w>tecken</w>
  <w>på</w>
  <w>att</w>
  <w>rättsväsendets</w>
  <w>förmåga</w>
  <w>att</w>
  <w>bekämpa</w>
  <w>denna</w>
  <w>typ</w>
  <w>av</w>
  <w>brott</w>
  <w>har</w>
  <w>försämrats</w>
  <w>på</w>
  <w>senare</w>
  <w>år</w>
  <w>,</w>
  <w>skriver</w>
  <w>Morgan</w>
  <w>Johansson</w>
  <w>(</w>
  <w>S</w>
  <w>)</w>
  <w>.</w>
</absapar>
<absapar id=2>
  <w>När</w>
  <w>viljorna</w>
  <w>drar</w>
  <w>åt</w>
  <w>olika</w>
  <w>håll</w>
  <w>i</w>
  <w>regeringen</w>
  <w>blir</w>
  <w>det</w>
  <w>låsningar.Morgan</w>
  <w>Johansson</w>
  <w>.</w>
</absapar>
<absapar id=3>
  <w>Det</w>
  <w>här</w>
  <w>är</w>
  <w>en</w>
  <w>argumenterande</w>
  <w>text</w>
  <w>med</w>
  <w>syfte</w>
  <w>att</w>
  <w>påverka</w>
  <w>.</w>
  <w>Åsikterna</w>
  <w>som</w>
  <w>uttrycks</w>
  <w>är</w>
  <w>skribentens</w>
  <w>egna</w>
  <w>.</w>
</absapar>
<absapar id=4>
  <w>Stiftelsen</w>
  <w>Tryggare</w>
  <w>Sverige</w>
  <w>presenterade</w>
  <w>för</w>
  <w>några</w>
  <w>veckor</w>
  <w>sedan</w>
  <w>en</w>
  <w>rapport</w>
  <w>där</w>
  <w>man</w>
  <w>undersökt</w>
  <w>de</w>
  <w>80000</w>
  <w>anmälningarna</w>
  <w>av</w>
  <w>kvinnomisshandel</w>
  <w>inomhus</w>
  <w>av</w>
  <w>en</w>
  <w>bekant</w>
  <w>gärningsman</w>
  <w>under</w>
  <w>2008</w>
  <w>–</w>
  <w>2012</w>
  <w>.</w>
  <absaspan id=3>
    <w>När</w>
  </absaspan>
  <absaspan id=4>
    <w>det</w>
    <w>gäller</w>
    <w>dessa</w>
    <w>typiska</w>
    <w>kvinnomisshandelsfall</w>
    <w>så</w>
    <w>var</w>
    <w>det</w>
    <w>bara</w>
    <w>cirka</w>
    <w>20</w>
    <w>procent</w>
    <w>som</w>
    <w>personuppklarades</w>
  </absaspan>
  <w>–</w>
  <w>trots</w>
  <w>att</w>
  <w>det</w>
  <w>ju</w>
  <w>rör</w>
  <w>sig</w>
  <w>om</w>
  <w>en</w>
  <w>bekant</w>
  <w>gärningsman</w>
  <w>.</w>
  <absaspan id=5>
    <w>Det</w>
  </absaspan>
  <absaspan id=6 senti=2>
    <w>är</w>
    <w>mycket</w>
    <w>anmärkningsvärt</w>
  </absaspan>
  <w>,</w>
  <w>och</w>
  <absaspan id=7 senti=2>
    <w>än</w>
    <w>mer</w>
    <w>anmärkningsvärt</w>
    <w>är</w>
  </absaspan>
  <absaspan id=8>
    <w>att</w>
    <w>resultatet</w>
    <w>fallit</w>
    <w>under</w>
    <w>perioden</w>
    <w>,</w>
    <w>från</w>
    <w>23</w>
    <w>procent</w>
    <w>till</w>
    <w>19</w>
    <w>procent</w>
  </absaspan>
  <w>.</w>
</absapar>
<absapar id=5>
  <w>Och</w>
  <w>det</w>
  <w>dödliga</w>
  <w>våldet</w>
  <w>i</w>
  <w>nära</w>
  <w>relationer</w>
  <w>ligger</w>
  <w>kvar</w>
  <w>på</w>
  <w>cirka</w>
  <w>17</w>
  <w>fall</w>
  <w>per</w>
  <w>år</w>
  <w>trots</w>
  <w>höga</w>
  <w>ambitioner</w>
  <w>och</w>
  <w>stora</w>
  <w>satsningar</w>
  <w>på</w>
  <w>polisen</w>
  <w>.</w>
</absapar>
<absapar id=6>
  <absaspan id=9>
    <w>Förmågan</w>
    <w>att</w>
    <w>möta</w>
    <w>sexuellt</w>
    <w>våld</w>
    <w>i</w>
    <w>samhället</w>
  </absaspan>
  <absaspan id=10 senti=2>
    <w>är</w>
    <w>också</w>
    <w>skrämmande</w>
    <w>låg</w>
  </absaspan>
  <w>.</w>
  <w>2012</w>
  <w>anmäldes</w>
  <w>totalt</w>
  <w>knappt</w>
  <w>6000</w>
  <w>våldtäkter</w>
  <w>mot</w>
  <w>kvinnor</w>
  <w>.</w>
  <w>Inte</w>
  <w>heller</w>
  <w>här</w>
  <w>lyckas</w>
  <w>polisen</w>
  <w>knyta</w>
  <w>en</w>
  <w>gärningsperson</w>
  <w>till</w>
  <w>mer</w>
  <w>än</w>
  <w>vart</w>
  <w>femte</w>
  <w>anmält</w>
  <w>brott</w>
  <w>.</w>
  <w>För</w>
  <w>drabbade</w>
  <w>kvinnor</w>
  <w>över</w>
  <w>18</w>
  <w>år</w>
  <absaspan id=11 senti=2>
    <w>är</w>
  </absaspan>
  <absaspan id=12>
    <w>resultatet</w>
  </absaspan>
  <absaspan id=13 senti=2>
    <w>än</w>
  </absaspan>
  <absaspan id=14 senti=2>
    <w>värre</w>
  </absaspan>
  <w>.</w>
  <w>Endast</w>
  <w>i</w>
  <w>drygt</w>
  <w>vart</w>
  <w>tionde</w>
  <w>fall</w>
  <w>kunde</w>
  <w>en</w>
  <w>gärningsman</w>
  <w>knytas</w>
  <w>till</w>
  <w>brottet</w>
  <w>.</w>
</absapar>
<absapar id=7>
  <w>Ansvaret</w>
  <w>för</w>
  <absaspan id=15>
    <w>rättsväsendets</w>
  </absaspan>
  <absaspan id=16 senti=2>
    <w>bristande</w>
    <w>förmåga</w>
  </absaspan>
  <w>kan</w>
  <w>fördelas</w>
  <w>på</w>
  <w>många</w>
  <w>.</w>
  <w>Självklart</w>
  <w>så</w>
  <w>har</w>
  <w>regeringen</w>
  <w>ett</w>
  <w>huvudansvar</w>
  <w>.</w>
  <w>Under</w>
  <w>Beatrice</w>
  <w>Asks</w>
  <w>tid</w>
  <w>som</w>
  <w>justitieminister</w>
  <w>så</w>
  <w>har</w>
  <w>antalet</w>
  <w>anmälda</w>
  <w>brott</w>
  <w>ökat</w>
  <w>,</w>
  <w>samtidigt</w>
  <w>som</w>
  <w>andelen</w>
  <w>uppklarade</w>
  <w>brott</w>
  <w>minskat</w>
  <w>.</w>
  <w>På</w>
  <w>senare</w>
  <w>år</w>
  <w>har</w>
  <w>också</w>
  <w>antalet</w>
  <w>lagföringar</w>
  <w>minskat</w>
  <w>.</w>
</absapar>
<absapar id=8>
  <w>Tillfrågad</w>
  <w>om</w>
  <w>detta</w>
  <absaspan id=17 senti=2>
    <w>brukar</w>
  </absaspan>
  <absaspan id=18>
    <w>hon</w>
  </absaspan>
  <absaspan id=19 senti=2>
    <w>skylla</w>
  </absaspan>
  <absaspan id=20 senti=2>
    <w>på</w>
  </absaspan>
  <absaspan id=21>
    <w>polisen</w>
  </absaspan>
  <w>.</w>
  <w>När</w>
  <w>statsministern</w>
  <w>uttalar</w>
  <w>sig</w>
  <w>numera</w>
  <w>,</w>
  <w>så</w>
  <absaspan id=22 senti=2>
    <w>brukar</w>
  </absaspan>
  <absaspan id=23>
    <w>han</w>
  </absaspan>
  <absaspan id=24 senti=2>
    <w>skylla</w>
  </absaspan>
  <absaspan id=25 senti=2>
    <w>på</w>
  </absaspan>
  <absaspan id=26>
    <w>domstolarna</w>
  </absaspan>
  <w>,</w>
  <w>som</w>
  <w>inte</w>
  <w>dömer</w>
  <w>som</w>
  <w>han</w>
  <w>vill</w>
  <w>.</w>
  <w>Och</w>
  <w>när</w>
  <w>rikspolischefen</w>
  <w>skulle</w>
  <w>kommentera</w>
  <w>Tryggare</w>
  <w>Sveriges</w>
  <w>rapport</w>
  <w>så</w>
  <w>sa</w>
  <w>han</w>
  <w>att</w>
  <w>han</w>
  <w>minsann</w>
  <w>inte</w>
  <w>kunde</w>
  <w>utreda</w>
  <w>brotten</w>
  <w>,</w>
  <w>eftersom</w>
  <w>den</w>
  <w>uppgiften</w>
  <w>ligger</w>
  <w>på</w>
  <w>polismyndigheterna</w>
  <w>.</w>
</absapar>
<absapar id=9>
  <w>Skräddarsydda</w>
  <w>kurser</w>
  <w>i</w>
  <w>ämnen</w>
  <w>som</w>
  <w>intresserar</w>
  <w>och</w>
  <w>engagerar</w>
  <w>både</w>
  <w>kropp</w>
  <w>och</w>
  <w>själ</w>
  <w>.</w>
</absapar>
<absapar id=10>
  <w>Det</w>
  <absaspan id=27 senti=2>
    <w>duger</w>
    <w>inte</w>
    <w>längre</w>
  </absaspan>
  <absaspan id=28>
    <w>att</w>
    <w>skylla</w>
    <w>på</w>
    <w>varandra</w>
  </absaspan>
  <w>.</w>
  <w>De</w>
  <w>som</w>
  <w>ytterst</w>
  <w>betalar</w>
  <w>priset</w>
  <w>för</w>
  <w>det</w>
  <w>är</w>
  <w>brottsoffren</w>
  <w>.</w>
</absapar>
<absapar id=11>
  <absaspan id=29>
    <w>Vi</w>
  </absaspan>
  <absaspan id=30 senti=3>
    <w>kritiserar</w>
    <w>inte</w>
  </absaspan>
  <absaspan id=31>
    <w>regeringens</w>
  </absaspan>
  <absaspan id=32>
    <w>vilja</w>
  </absaspan>
  <w>,</w>
  <absaspan id=33>
    <w>den</w>
  </absaspan>
  <absaspan id=34 senti=4>
    <w>är</w>
    <w>säkert</w>
    <w>god</w>
  </absaspan>
  <w>.</w>
  <w>Men</w>
  <absaspan id=35 senti=2>
    <w>tyvärr</w>
  </absaspan>
  <absaspan id=36 senti=2>
    <w>präglas</w>
  </absaspan>
  <absaspan id=37>
    <w>regeringen</w>
  </absaspan>
  <absaspan id=38>
    <w>också</w>
    <w>inom</w>
    <w>detta</w>
    <w>politikområde</w>
  </absaspan>
  <absaspan id=39 senti=2>
    <w>av</w>
    <w>svagt</w>
    <w>ledarskap</w>
    <w>och</w>
    <w>initiativlöshet</w>
  </absaspan>
  <w>.</w>
  <w>Kanske</w>
  <w>beror</w>
  <w>det</w>
  <w>på</w>
  <w>blockpolitikens</w>
  <w>förbannelse</w>
  <w>.</w>
  <w>När</w>
  <w>viljorna</w>
  <w>drar</w>
  <w>åt</w>
  <w>olika</w>
  <w>håll</w>
  <w>i</w>
  <w>regeringen</w>
  <w>blir</w>
  <w>det</w>
  <w>låsningar</w>
  <w>.</w>
  <w>Då</w>
  <w>är</w>
  <w>det</w>
  <w>enklare</w>
  <w>att</w>
  <w>bara</w>
  <w>stå</w>
  <w>kvar</w>
  <w>och</w>
  <w>försvara</w>
  <w>sig</w>
  <w>.</w>
</absapar>
<absapar id=12>
  <w>Vi</w>
  <w>har</w>
  <w>en</w>
  <w>rad</w>
  <w>förslag</w>
  <w>för</w>
  <w>att</w>
  <w>förbättra</w>
  <w>polisens</w>
  <w>förmåga</w>
  <w>att</w>
  <w>bekämpa</w>
  <w>brott</w>
  <w>och</w>
  <w>stödja</w>
  <w>brottsoffren</w>
  <w>,</w>
  <w>inte</w>
  <w>minst</w>
  <w>när</w>
  <w>det</w>
  <w>gäller</w>
  <w>arbetet</w>
  <w>mot</w>
  <w>övergrepp</w>
  <w>mot</w>
  <w>kvinnor</w>
  <w>.</w>
  <w>Vinner</w>
  <w>vi</w>
  <w>valet</w>
  <w>2014</w>
  <w>så</w>
  <w>kommer</w>
  <w>vi</w>
  <w>att</w>
  <w>:</w>
  <w>.</w>
</absapar>
<absapar id=13>
  <w>.</w>
  <w>•</w>
  <w>Se</w>
  <w>till</w>
  <w>att</w>
  <w>målsägandebiträden</w>
  <w>kan</w>
  <w>komma</w>
  <w>in</w>
  <w>redan</w>
  <w>när</w>
  <w>brottsanmälan</w>
  <w>sker</w>
  <w>.</w>
  <w>Det</w>
  <w>innebär</w>
  <w>ett</w>
  <w>tidigt</w>
  <w>stöd</w>
  <w>och</w>
  <w>hjälp</w>
  <w>för</w>
  <w>den</w>
  <w>som</w>
  <w>utsatts</w>
  <w>för</w>
  <w>våld</w>
  <w>eller</w>
  <w>sexualiserat</w>
  <w>våld</w>
  <w>,</w>
  <w>och</w>
  <w>ofta</w>
  <w>befinner</w>
  <w>sig</w>
  <w>i</w>
  <w>en</w>
  <w>traumatiserad</w>
  <w>situation</w>
  <w>.</w>
  <absaspan id=40 senti=2>
    <w>Tyvärr</w>
  </absaspan>
  <absaspan id=41>
    <w>verkar</w>
    <w>regeringen</w>
    <w>här</w>
    <w>vilja</w>
    <w>gå</w>
    <w>i</w>
    <w>motsatt</w>
    <w>riktning</w>
  </absaspan>
  <w>.</w>
</absapar>
<absapar id=14>
  <w>.</w>
  <w>•</w>
  <w>Inrätta</w>
  <w>en</w>
  <w>oberoende</w>
  <w>granskningskommission</w>
  <w>för</w>
  <w>att</w>
  <w>undersöka</w>
  <w>varför</w>
  <w>så</w>
  <w>få</w>
  <w>våldtäktsanmälningar</w>
  <w>leder</w>
  <w>till</w>
  <w>åtal</w>
  <w>i</w>
  <w>Sverige</w>
  <w>.</w>
  <absaspan id=42>
    <w>Det</w>
  </absaspan>
  <absaspan id=43 senti=2>
    <w>är</w>
    <w>anmärkningsvärt</w>
    <w>låga</w>
    <w>tal</w>
  </absaspan>
  <w>för</w>
  <w>ett</w>
  <w>så</w>
  <w>pass</w>
  <w>grovt</w>
  <w>brott</w>
  <w>.</w>
</absapar>
<absapar id=15>
  <w>.</w>
  <w>•</w>
  <w>Öka</w>
  <w>rättsintygens</w>
  <w>kvalitet</w>
  <w>.</w>
  <w>Ett</w>
  <w>rättsintyg</w>
  <w>visar</w>
  <w>vilka</w>
  <w>skador</w>
  <w>man</w>
  <w>fått</w>
  <w>av</w>
  <w>ett</w>
  <w>övergrepp</w>
  <w>och</w>
  <w>kan</w>
  <w>ha</w>
  <w>avgörande</w>
  <w>betydelse</w>
  <w>i</w>
  <w>utredningar</w>
  <w>och</w>
  <w>rättegångar</w>
  <w>.</w>
  <absaspan id=44>
    <w>Enligt</w>
  </absaspan>
  <absaspan id=45>
    <w>en</w>
    <w>studie</w>
    <w>från</w>
    <w>2011</w>
    <w>innehöll</w>
    <w>nästan</w>
    <w>hälften</w>
    <w>av</w>
    <w>rättsintygen</w>
    <w>felaktigheter</w>
    <w>som</w>
    <w>behövde</w>
    <w>rättas</w>
    <w>till</w>
    <w>och</w>
    <w>mer</w>
    <w>än</w>
    <w>vart</w>
    <w>tionde</w>
    <w>innehöll</w>
    <w>allvarliga</w>
    <w>fel</w>
  </absaspan>
  <w>.</w>
  <absaspan id=46>
    <w>Det</w>
  </absaspan>
  <absaspan id=47 senti=2>
    <w>är</w>
    <w>ett</w>
    <w>allvarligt</w>
    <w>rättssäkerhetsproblem</w>
  </absaspan>
  <w>.</w>
</absapar>
<absapar id=16>
  <w>.</w>
  <w>•</w>
  <w>Förbättra</w>
  <w>mottagandet</w>
  <w>på</w>
  <w>sjukhus</w>
  <w>.</w>
  <w>Många</w>
  <w>kvinnor</w>
  <w>som</w>
  <w>utsätts</w>
  <w>för</w>
  <w>övergrepp</w>
  <w>och</w>
  <w>som</w>
  <w>söker</w>
  <w>sjukhusvård</w>
  <w>polisanmäler</w>
  <w>inte</w>
  <w>övergreppen</w>
  <w>.</w>
  <w>Och</w>
  <w>många</w>
  <w>som</w>
  <w>polisanmäler</w>
  <w>sexuella</w>
  <w>övergrepp</w>
  <w>kommer</w>
  <w>inte</w>
  <w>till</w>
  <w>sjukvården</w>
  <w>i</w>
  <w>tid</w>
  <w>för</w>
  <w>att</w>
  <w>säkra</w>
  <w>bevis</w>
  <w>.</w>
  <w>Det</w>
  <w>krävs</w>
  <w>ett</w>
  <w>aktivt</w>
  <w>arbete</w>
  <w>för</w>
  <w>att</w>
  <w>alla</w>
  <w>akutsjukhusmottagningar</w>
  <w>i</w>
  <w>landet</w>
  <w>ska</w>
  <w>besitta</w>
  <w>kunskap</w>
  <w>för</w>
  <w>att</w>
  <w>ta</w>
  <w>emot</w>
  <w>kvinnor</w>
  <w>som</w>
  <w>utsatts</w>
  <w>för</w>
  <w>sexuella</w>
  <w>övergrepp</w>
  <w>.</w>
</absapar>
<absapar id=17>
  <w>.</w>
  <w>•</w>
  <w>Skapa</w>
  <w>en</w>
  <absaspan id=48 senti=4>
    <w>modern</w>
    <w>och</w>
    <w>attraktiv</w>
  </absaspan>
  <absaspan id=49>
    <w>högskoleutbildning</w>
  </absaspan>
  <w>för</w>
  <w>poliser</w>
  <w>.</w>
  <w>Det</w>
  <w>skulle</w>
  <w>höja</w>
  <w>polisyrkets</w>
  <w>status</w>
  <w>och</w>
  <w>främja</w>
  <w>forskning</w>
  <w>och</w>
  <w>metodutveckling</w>
  <w>.</w>
  <w>Ökad</w>
  <w>kunskap</w>
  <w>leder</w>
  <w>till</w>
  <w>att</w>
  <w>organisationen</w>
  <w>blir</w>
  <w>mer</w>
  <w>kritisk</w>
  <w>i</w>
  <w>sin</w>
  <w>granskning</w>
  <w>av</w>
  <w>sitt</w>
  <w>eget</w>
  <w>arbete</w>
  <w>.</w>
</absapar>
<absapar id=18>
  <w>.</w>
  <w>•</w>
  <w>Skapa</w>
  <w>en</w>
  <w>utvecklings</w>
  <w>-</w>
  <w>och</w>
  <w>analysfunktion</w>
  <w>på</w>
  <w>central</w>
  <w>nivå</w>
  <w>.</w>
  <w>Med</w>
  <w>förbättrad</w>
  <w>kvalitetsgranskning</w>
  <w>av</w>
  <w>polisverksamheten</w>
  <w>stärks</w>
  <w>polisens</w>
  <w>möjlighet</w>
  <w>att</w>
  <w>bygga</w>
  <w>sin</w>
  <w>verksamhet</w>
  <w>på</w>
  <w>vetenskap</w>
  <w>och</w>
  <w>beprövad</w>
  <w>erfarenhet</w>
  <w>.</w>
  <w>Det</w>
  <w>bidrar</w>
  <w>till</w>
  <w>en</w>
  <w>effektivare</w>
  <w>och</w>
  <w>bättre</w>
  <w>polisverksamhet</w>
  <w>.</w>
</absapar>
<absapar id=19>
  <w>.</w>
  <w>•</w>
  <w>Vi</w>
  <w>vill</w>
  <w>förstärka</w>
  <w>brottsofferjourerna</w>
  <w>med</w>
  <w>10</w>
  <w>miljoner</w>
  <w>kronor</w>
  <w>.</w>
  <w>Det</w>
  <w>innebär</w>
  <w>en</w>
  <w>fördubbling</w>
  <w>av</w>
  <w>stödet</w>
  <w>.</w>
  <absaspan id=50>
    <w>Brottsofferjourerna</w>
  </absaspan>
  <absaspan id=51 senti=4>
    <w>fungerar</w>
    <w>som</w>
    <w>ett</w>
    <w>mycket</w>
    <w>viktigt</w>
    <w>stöd</w>
  </absaspan>
  <w>för</w>
  <w>kvinnor</w>
  <w>som</w>
  <w>utsätts</w>
  <w>för</w>
  <w>våld</w>
  <w>av</w>
  <w>en</w>
  <w>närstående</w>
  <w>.</w>
  <w>Brottsofferjourernas</w>
  <w>Riksförbund</w>
  <w>har</w>
  <w>varnat</w>
  <w>för</w>
  <w>att</w>
  <w>om</w>
  <w>inte</w>
  <w>ytterligare</w>
  <w>resurser</w>
  <w>skjuts</w>
  <w>till</w>
  <w>,</w>
  <w>så</w>
  <w>blir</w>
  <w>det</w>
  <w>svårt</w>
  <w>att</w>
  <w>arbeta</w>
  <w>vidare</w>
  <w>med</w>
  <w>området</w>
  <w>våld</w>
  <w>i</w>
  <w>nära</w>
  <w>relationer</w>
  <w>.</w>
</absapar>
<absapar id=20>
  <w>Det</w>
  <w>här</w>
  <w>är</w>
  <w>bara</w>
  <w>några</w>
  <w>av</w>
  <w>de</w>
  <w>över</w>
  <w>hundra</w>
  <w>förslag</w>
  <w>som</w>
  <w>vi</w>
  <w>har</w>
  <w>på</w>
  <w>rättsväsendets</w>
  <w>område</w>
  <w>.</w>
  <w>Det</w>
  <w>behövs</w>
  <w>en</w>
  <w>ny</w>
  <w>politik</w>
  <w>för</w>
  <w>att</w>
  <w>ge</w>
  <w>rättsväsendet</w>
  <w>bättre</w>
  <w>förutsättningar</w>
  <w>att</w>
  <w>förebygga</w>
  <w>och</w>
  <w>bekämpa</w>
  <w>våld</w>
  <w>mot</w>
  <w>kvinnor</w>
  <w>.</w>
</absapar>
<absapar id=21>
  <w>MORGAN</w>
  <w>JOHANSSON</w>
  <w>(</w>
  <w>S</w>
  <w>)</w>
  <w>.</w>
</absapar>
<absapar id=22>
  <w>ordförande</w>
  <w>i</w>
  <w>justitieutskottet</w>
  <w>.</w>
</absapar>
<absapar id=23>
  <w>Redaktör</w>
  <w>:</w>
  <w>Carina</w>
  <w>Stensson</w>
  <w>,</w>
  <w>Biträdande</w>
  <w>redaktör</w>
  <w>:</w>
  <w>Björn</w>
  <w>Jorner</w>
  <w>,</w>
  <w>Mejl</w>
  <w>:</w>
  <w>debatt</w>
  <w>@</w>
  <w>svd.se</w>
  <w>,</w>
  <w>Telefonnummer</w>
  <w>:</w>
  <w>08</w>
  <w>-</w>
  <w>135149</w>
  <w>,</w>
  <w>Twitter</w>
  <w>:</w>
  <w>@</w>
  <w>SvDDebatt</w>
  <w>,</w>
  <w>Facebook</w>
  <w>:</w>
  <w>SvD</w>
  <w>Debatt</w>
  <w>.</w>
</absapar>
</absadoc>
