<absadoc annotators=1 senti=>
<absatitle>
  <w>Första</w>
  <w>Maj</w>
  <w>i</w>
  <w>Frankrike</w>
  <w>:</w>
  <w>sex</w>
  <w>poliser</w>
  <w>skadade</w>
  <w>efter</w>
  <w>våldsamma</w>
  <w>anti-rasist</w>
  <w>dåd</w>
  <w>.</w>
</absatitle>
<absapar id=1>
  <w>'</w>
  <w>About</w>
  <absaspan id=1>
    <w>150</w>
    <w>people</w>
  </absaspan>
  <w>armed</w>
  <w>with</w>
  <w>molotov</w>
  <w>cocktails</w>
  <w>and</w>
  <w>stones</w>
  <absaspan id=2 senti=2>
    <w>invade</w>
  </absaspan>
  <w>event</w>
  <w>,</w>
  <w>with</w>
  <w>France</w>
  <w>divided</w>
  <w>over</w>
  <w>presidential</w>
  <w>election</w>
  <w>'</w>
  <w>.</w>
</absapar>
<absapar id=2>
  <w>'</w>
  <w>Six</w>
  <w>riot</w>
  <w>police</w>
  <w>officers</w>
  <w>were</w>
  <w>injured</w>
  <w>,</w>
  <w>one</w>
  <w>with</w>
  <w>third-degree</w>
  <w>burns</w>
  <w>to</w>
  <w>his</w>
  <w>hand</w>
  <w>and</w>
  <w>face</w>
  <w>,</w>
  <w>in</w>
  <w>Paris</w>
  <w>when</w>
  <w>a</w>
  <w>group</w>
  <w>of</w>
  <w>about</w>
  <w>150</w>
  <w>people</w>
  <w>armed</w>
  <w>with</w>
  <w>molotov</w>
  <w>cocktails</w>
  <w>,</w>
  <w>stones</w>
  <w>and</w>
  <w>sticks</w>
  <w>hijacked</w>
  <w>the</w>
  <w>traditional</w>
  <w>May</w>
  <w>Day</w>
  <w>march</w>
  <w>organised</w>
  <w>by</w>
  <w>French</w>
  <w>unions</w>
  <w>.</w>
  <w>'</w>
  <w>.</w>
</absapar>
<absapar id=3>
  <w>'</w>
  <w>Even</w>
  <w>before</w>
  <w>the</w>
  <w>violence</w>
  <w>,</w>
  <absaspan id=3>
    <w>the</w>
    <w>march</w>
  </absaspan>
  <absaspan id=4 senti=2>
    <w>had</w>
    <w>got</w>
    <w>off</w>
    <w>on</w>
    <w>the</w>
    <w>wrong</w>
    <w>foot</w>
  </absaspan>
  <w>.</w>
  <w>Unable</w>
  <w>to</w>
  <w>agree</w>
  <w>on</w>
  <w>how</w>
  <w>best</w>
  <w>to</w>
  <w>confront</w>
  <w>the</w>
  <w>prospect</w>
  <w>of</w>
  <w>Le</w>
  <w>Pen</w>
  <w>becoming</w>
  <w>the</w>
  <w>country</w>
  <w></w>
  <w>s</w>
  <w>next</w>
  <w>president</w>
  <w>-</w>
  <w>by</w>
  <w>voting</w>
  <w>blank</w>
  <w>,</w>
  <w>abstaining</w>
  <w>or</w>
  <w>choosing</w>
  <w>Emmanuel</w>
  <w>Macron</w>
  <w>:</w>
  <w>the</w>
  <w>unions</w>
  <w>went</w>
  <w>their</w>
  <w>separate</w>
  <w>ways</w>
  <w>,</w>
  <w>with</w>
  <w>two</w>
  <w>organising</w>
  <w>a</w>
  <w>breakaway</w>
  <w>gathering</w>
  <w>in</w>
  <w>north</w>
  <w>Paris</w>
  <w>on</w>
  <w>Monday</w>
  <w>morning</w>
  <w>.</w>
  <w>'</w>
  <w>.</w>
</absapar>
<absapar id=4>
  <w>Dags</w>
  <w>att</w>
  <w>internera</w>
  <absaspan id=5 senti=2>
    <w>subversiva</w>
    <w>anti-rasister</w>
  </absaspan>
  <w>?</w>
  <w>.</w>
</absapar>
<absapar id=5>
  <w>Fick</w>
  <w>Le</w>
  <w>Pen</w>
  <w>10%</w>
  <w>mer</w>
  <w>röster</w>
  <w>pga</w>
  <w>denna</w>
  <w>incident</w>
  <w>?</w>
  <w>.</w>
</absapar>
</absadoc>
