<absadoc annotators=1 senti=2>
<absatitle>
  <w>"</w>
  <w>Bara</w>
  <w>en</w>
  <absaspan id=1 senti=4 target=2>
    <w>stark</w>
  </absaspan>
  <absaspan id=2>
    <w>ledare</w>
  </absaspan>
  <w>kommer</w>
  <w>kunna</w>
  <w>rädda</w>
  <w>Sverige</w>
  <w>"</w>
  <w>Hur</w>
  <w>viktig</w>
  <w>är</w>
  <w>demokratin</w>
  <w>?</w>
</absatitle>
<absapar id=1>
  <w>När</w>
  <w>ett</w>
  <w>land</w>
  <w>är</w>
  <w>i</w>
  <absaspan id=3 senti=2>
    <w>kris</w>
  </absaspan>
  <w>,</w>
  <w>så</w>
  <w>är</w>
  <w>det</w>
  <w>inte</w>
  <w>en</w>
  <absaspan id=4 senti=2>
    <w>mjuk</w>
  </absaspan>
  <absaspan id=5>
    <w>feminist</w>
  </absaspan>
  <w>,</w>
  <w>eller</w>
  <absaspan id=6 senti=2>
    <w>ultrademokratisk</w>
  </absaspan>
  <absaspan id=7>
    <w>byråkrat</w>
  </absaspan>
  <w>som</w>
  <w>räddar</w>
  <w>folket</w>
  <w>undan</w>
  <absaspan id=8 senti=1>
    <w>undergång</w>
  </absaspan>
  <w>!</w>
  <w>.</w>
</absapar>
<absapar id=2>
  <w>I</w>
  <absaspan id=9 senti=2>
    <w>svåra</w>
  </absaspan>
  <absaspan id=10>
    <w>krissituationer</w>
  </absaspan>
  <w>så</w>
  <w>krävs</w>
  <w>en</w>
  <absaspan id=11 senti=4>
    <w>stark</w>
  </absaspan>
  <absaspan id=12>
    <w>ledare</w>
  </absaspan>
  <w>som</w>
  <w>får</w>
  <w>eller</w>
  <w>tar</w>
  <w>makt</w>
  <w>för</w>
  <w>att</w>
  <w>genomföra</w>
  <absaspan id=13 senti=2>
    <w>tuffa</w>
  </absaspan>
  <absaspan id=14>
    <w>beslut</w>
  </absaspan>
  <w>i</w>
  <w>folkets</w>
  <absaspan id=15 senti=4>
    <w>bästa</w>
  </absaspan>
  <absaspan id=16>
    <w>intresse</w>
  </absaspan>
  <w>.</w>
</absapar>
<absapar id=3>
  <w>Det</w>
  <w>funkar</w>
  <w>inte</w>
  <w>att</w>
  <w>ha</w>
  <absaspan id=17>
    <w>media</w>
  </absaspan>
  <w>som</w>
  <absaspan id=18 senti=2>
    <w>motarbetar</w>
  </absaspan>
  <w>dessa</w>
  <w>beslut</w>
  <w>eller</w>
  <absaspan id=19 senti=2>
    <w>spär</w>
    <w>missnöje</w>
    <w>och</w>
    <w>protester</w>
  </absaspan>
  <w>.</w>
</absapar>
<absapar id=4>
  <w>Jag</w>
  <w>tror</w>
  <w>inte</w>
  <w>det</w>
  <w>dröjer</w>
  <w>länge</w>
  <w>tills</w>
  <w>Sverige</w>
  <w>befinner</w>
  <w>sig</w>
  <w>i</w>
  <w>en</w>
  <w>situation</w>
  <w>där</w>
  <absaspan id=20>
    <w>den</w>
    <w>svenska</w>
  </absaspan>
  <absaspan id=21 senti=2>
    <w>mjuka</w>
  </absaspan>
  <absaspan id=22>
    <w>ledarskapsstilen</w>
  </absaspan>
  <absaspan id=23 senti=2>
    <w>inte</w>
    <w>längre</w>
    <w>håller</w>
  </absaspan>
  <w>.</w>
</absapar>
<absapar id=5 senti=2>
  <w>Vi</w>
  <w>kommer</w>
  <w>behöva</w>
  <w>en</w>
  <w>ledare</w>
  <w>som</w>
  <w>sätta</w>
  <w>totalstopp</w>
  <w>för</w>
  <w>upplopp</w>
  <w>i</w>
  <w>förorterna</w>
  <w>,</w>
  <w>på</w>
  <w>förläggningar</w>
  <w>,</w>
  <w>vid</w>
  <w>utvisningar</w>
  <w>.</w>
  <absaspan id=24>
    <w>Kriminaliteten</w>
  </absaspan>
  <w>kommer</w>
  <absaspan id=25 senti=1>
    <w>eskalera</w>
    <w>utom</w>
    <w>kontroll</w>
  </absaspan>
  <w>,</w>
  <absaspan id=26>
    <w>gatorna</w>
  </absaspan>
  <absaspan id=27 senti=2>
    <w>otrygga</w>
  </absaspan>
  <w>och</w>
  <w>vissa</w>
  <w>människor</w>
  <w>kommer</w>
  <w>behöva</w>
  <absaspan id=28 senti=2>
    <w>tvingas</w>
  </absaspan>
  <w>att</w>
  <absaspan id=29>
    <w>ta</w>
    <w>jobb</w>
    <w>de</w>
    <w>inte</w>
    <w>har</w>
  </absaspan>
  <w>.</w>
  <absaspan id=30>
    <w>Kraschar</w>
    <w>ekonomin</w>
  </absaspan>
  <w>så</w>
  <absaspan id=31 senti=1>
    <w>förvärras</w>
    <w>allt</w>
    <w>tiofaldigt</w>
  </absaspan>
  <w>.</w>
</absapar>
<absapar id=6 senti=2>
  <w>Vi</w>
  <w>kommer</w>
  <w>behöva</w>
  <absaspan id=32 senti=1>
    <w>massavvisa</w>
  </absaspan>
  <w>hundratusentals</w>
  <w>som</w>
  <w>inte</w>
  <w>vill</w>
  <w>lämna</w>
  <w>.</w>
  <w>Vi</w>
  <w>kommer</w>
  <w>ha</w>
  <w>en</w>
  <w>pool</w>
  <w>på</w>
  <absaspan id=33>
    <w>en</w>
    <w>miljon</w>
    <w>människor</w>
  </absaspan>
  <w>som</w>
  <absaspan id=34 senti=2>
    <w>inte</w>
    <w>har</w>
    <w>förmåga</w>
  </absaspan>
  <w>att</w>
  <w>göra</w>
  <w>något</w>
  <w>annat</w>
  <w>än</w>
  <absaspan id=35 senti=2>
    <w>enkla</w>
  </absaspan>
  <absaspan id=36>
    <w>fysiska</w>
    <w>jobb</w>
  </absaspan>
  <w>.</w>
  <w>Kan</w>
  <w>vi</w>
  <w>starta</w>
  <w>ett</w>
  <absaspan id=37 senti=4>
    <w>vettigt</w>
    <w>och</w>
    <w>användbart</w>
  </absaspan>
  <absaspan id=38>
    <w>projekt</w>
  </absaspan>
  <w>som</w>
  <absaspan id=39 senti=4>
    <w>gynnar</w>
  </absaspan>
  <w>landet</w>
  <w>,</w>
  <w>som</w>
  <w>de</w>
  <w>kan</w>
  <w>jobba</w>
  <w>på</w>
  <w>?</w>
  <w>.</w>
</absapar>
<absapar id=7>
  <w>Någon</w>
  <w>som</w>
  <w>tänker</w>
  <w>i</w>
  <w>samma</w>
  <w>tankegångar</w>
  <w>?</w>
  <w>.</w>
</absapar>
</absadoc>
