<absadoc annotators=1 senti=0>
<absatitle>
  <w>Sättet</w>
  <w>att</w>
  <w>söka</w>
  <w>asyl</w>
  <w>måste</w>
  <w>förändras</w>
  <w>.</w>
</absatitle>
<absapar id=1>
  <w>Det</w>
  <w>är</w>
  <w>dagens</w>
  <w>asylrätt</w>
  <w>som</w>
  <w>har</w>
  <w>skapat</w>
  <w>incitament</w>
  <w>för</w>
  <w>människor</w>
  <w>att</w>
  <w>betala</w>
  <w>flyktingsmugglare</w>
  <w>dyrt</w>
  <w>.</w>
  <w>Det</w>
  <w>är</w>
  <w>den</w>
  <w>som</w>
  <w>har</w>
  <w>lett</w>
  <w>till</w>
  <w>att</w>
  <w>mer</w>
  <w>än</w>
  <w>25</w>
  <w>000</w>
  <w>människor</w>
  <w>har</w>
  <w>drunknat</w>
  <w>på</w>
  <w>Medelhavet</w>
  <w>under</w>
  <w>de</w>
  <w>senaste</w>
  <w>tio</w>
  <w>åren</w>
  <w>.</w>
  <w>Därför</w>
  <w>behöver</w>
  <w>systemet</w>
  <w>göras</w>
  <w>om</w>
  <w>,</w>
  <w>skriver</w>
  <w>KDU</w>
  <w>Sverige</w>
  <w>i</w>
  <w>en</w>
  <w>slutreplik</w>
  <w>.</w>
</absapar>
<absapar id=2 senti=3>
  <w>KDU</w>
  <w>säger</w>
  <w>nej</w>
  <w>till</w>
  <w>tvingande</w>
  <w>flyktingkvoter</w>
  <w>inom</w>
  <w>EU</w>
  <w>.</w>
  <w>Det</w>
  <w>är</w>
  <w>bra</w>
  <w>att</w>
  <w>EU</w>
  <w>:</w>
  <w>s</w>
  <w>medlemsländer</w>
  <w>samordnar</w>
  <w>sitt</w>
  <w>flyktingmottagande</w>
  <w>,</w>
  <w>men</w>
  <w>varje</w>
  <w>medlemsland</w>
  <w>behöver</w>
  <w>ha</w>
  <w>makt</w>
  <w>över</w>
  <w>migrationspolitiken</w>
  <w>och</w>
  <w>kunna</w>
  <w>avgöra</w>
  <w>hur</w>
  <w>många</w>
  <w>flyktingar</w>
  <w>man</w>
  <w>ska</w>
  <w>ta</w>
  <w>emot</w>
  <w>.</w>
  <w>Detta</w>
  <w>för</w>
  <w>att</w>
  <w>säkerställa</w>
  <w>att</w>
  <w>mottagandet</w>
  <w>och</w>
  <w>integrationen</w>
  <w>fungerar</w>
  <w>.</w>
</absapar>
<absapar id=3>
  <w>Det</w>
  <w>här</w>
  <w>är</w>
  <w>en</w>
  <w>argumenterande</w>
  <w>text</w>
  <w>med</w>
  <w>syfte</w>
  <w>att</w>
  <w>påverka</w>
  <w>.</w>
  <w>Åsikterna</w>
  <w>som</w>
  <w>uttrycks</w>
  <w>är</w>
  <w>skribentens</w>
  <w>egna</w>
  <w>.</w>
</absapar>
<absapar id=4 senti=3>
  <w>Vi</w>
  <w>i</w>
  <w>KDU</w>
  <w>föreslår</w>
  <w>därför</w>
  <w>en</w>
  <w>övergång</w>
  <w>till</w>
  <w>ett</w>
  <w>helt</w>
  <w>nytt</w>
  <w>asylkvotsystem</w>
  <w>där</w>
  <w>vi</w>
  <w>i</w>
  <w>Sverige</w>
  <w>skulle</w>
  <w>kunna</w>
  <w>fastställa</w>
  <w>hur</w>
  <w>många</w>
  <w>flyktingar</w>
  <w>vi</w>
  <w>ska</w>
  <w>ta</w>
  <w>emot</w>
  <w>.</w>
  <w>Kvotens</w>
  <w>storlek</w>
  <w>skulle</w>
  <w>kunna</w>
  <w>justeras</w>
  <w>och</w>
  <w>variera</w>
  <w>över</w>
  <w>tid</w>
  <w>,</w>
  <w>både</w>
  <w>utifrån</w>
  <w>behoven</w>
  <w>i</w>
  <w>omvärlden</w>
  <w>och</w>
  <w>vår</w>
  <w>egen</w>
  <w>mottagningsförmåga</w>
  <w>.</w>
</absapar>
<absapar id=5 senti=3>
  <w>Liberalernas</w>
  <w>Europaparlamentariker</w>
  <absaspan id=1>
    <w>Cecilia</w>
  </absaspan>
  <absaspan id=2>
    <w>Wikström</w>
  </absaspan>
  <w>håller</w>
  <w>inte</w>
  <w>med</w>
  <w>(</w>
  <w>SVD</w>
  <w>26</w>
  <w>/</w>
  <w>1</w>
  <w>)</w>
  <w>.</w>
  <absaspan id=3>
    <w>Hon</w>
  </absaspan>
  <w>vill</w>
  <w>i</w>
  <w>stället</w>
  <w>flytta</w>
  <w>makten</w>
  <w>över</w>
  <w>migrationspolitiken</w>
  <w>till</w>
  <w>Bryssel</w>
  <w>och</w>
  <absaspan id=4 senti=2>
    <w>köra</w>
    <w>över</w>
  </absaspan>
  <w>de</w>
  <w>medlemsländer</w>
  <w>som</w>
  <w>motsätter</w>
  <w>sig</w>
  <w>förslaget</w>
  <w>om</w>
  <w>tvingande</w>
  <w>kvoter</w>
  <w>.</w>
  <w>I</w>
  <w>stället</w>
  <w>för</w>
  <w>att</w>
  <w>argumentera</w>
  <w>för</w>
  <absaspan id=5 senti=2>
    <w>sin</w>
    <w>dröm</w>
    <w>om</w>
    <w>ett</w>
    <w>Europas</w>
    <w>Förenta</w>
    <w>Stater</w>
  </absaspan>
  <w>eller</w>
  <w>varför</w>
  <w>hon</w>
  <w>vill</w>
  <w>att</w>
  <w>EU</w>
  <w>ska</w>
  <w>bestämma</w>
  <w>över</w>
  <w>Sveriges</w>
  <w>flyktingpolitik</w>
  <w>,</w>
  <w>väljer</w>
  <w>Wikström</w>
  <w>att</w>
  <w>kritisera</w>
  <w>KDU</w>
  <w>.</w>
  <w>Hon</w>
  <w>beskyller</w>
  <w>oss</w>
  <w>både</w>
  <w>för</w>
  <w>att</w>
  <w>sparka</w>
  <w>in</w>
  <w>öppna</w>
  <w>dörrar</w>
  <w>och</w>
  <w>att</w>
  <w>"</w>
  <w>helt</w>
  <w>vilja</w>
  <w>avskaffa</w>
  <w>asylrätten</w>
  <w>"</w>
  <w>,</w>
  <w>ett</w>
  <w>minst</w>
  <w>sagt</w>
  <w>förvirrat</w>
  <w>och</w>
  <w>motsägelsefullt</w>
  <w>resonemang</w>
  <w>.</w>
</absapar>
<absapar id=6>
  <w>Låt</w>
  <w>oss</w>
  <w>därför</w>
  <w>tala</w>
  <w>klarspråk</w>
  <w>.</w>
</absapar>
<absapar id=7>
  <w>KDU</w>
  <w>vill</w>
  <w>inte</w>
  <w>avskaffa</w>
  <w>asylrätten</w>
  <w>,</w>
  <w>vi</w>
  <w>vill</w>
  <w>reformera</w>
  <w>den</w>
  <w>!</w>
  <w>Sättet</w>
  <w>för</w>
  <w>människor</w>
  <w>att</w>
  <w>söka</w>
  <w>asyl</w>
  <w>måste</w>
  <w>förändras</w>
  <w>.</w>
  <w>Det</w>
  <w>skäms</w>
  <w>vi</w>
  <w>inte</w>
  <w>för</w>
  <w>att</w>
  <w>säga</w>
  <w>.</w>
</absapar>
<absapar id=8 senti=3>
  <absaspan id=6>
    <w>Wikström</w>
  </absaspan>
  <w>påstår</w>
  <w>att</w>
  <absaspan id=7>
    <w>dagens</w>
    <w>asylsystem</w>
  </absaspan>
  <w>är</w>
  <absaspan id=8 senti=4>
    <w>det</w>
    <w>minst</w>
    <w>dåliga</w>
  </absaspan>
  <w>.</w>
  <w>Det</w>
  <w>stämmer</w>
  <w>inte</w>
  <w>.</w>
  <w>Det</w>
  <w>är</w>
  <w>dagens</w>
  <w>asylrätt</w>
  <w>som</w>
  <w>skapar</w>
  <w>incitament</w>
  <w>för</w>
  <w>människor</w>
  <w>att</w>
  <w>betala</w>
  <w>flyktingsmugglare</w>
  <w>dyrt</w>
  <w>.</w>
  <w>Det</w>
  <w>är</w>
  <w>den</w>
  <w>som</w>
  <w>har</w>
  <w>lett</w>
  <w>till</w>
  <w>att</w>
  <w>mer</w>
  <w>än</w>
  <w>25</w>
  <w>000</w>
  <w>människor</w>
  <w>har</w>
  <w>drunknat</w>
  <w>på</w>
  <w>Medelhavet</w>
  <w>under</w>
  <w>de</w>
  <w>senaste</w>
  <w>tio</w>
  <w>åren</w>
  <w>.</w>
</absapar>
<absapar id=9>
  <w>Skräddarsydda</w>
  <w>kurser</w>
  <w>i</w>
  <w>ämnen</w>
  <w>som</w>
  <w>intresserar</w>
  <w>och</w>
  <w>engagerar</w>
  <w>både</w>
  <w>kropp</w>
  <w>och</w>
  <w>själ</w>
  <w>.</w>
</absapar>
<absapar id=10 senti=4>
  <w>Det</w>
  <w>är</w>
  <w>utformningen</w>
  <w>av</w>
  <w>dagens</w>
  <w>asylrätt</w>
  <w>som</w>
  <w>dessutom</w>
  <w>har</w>
  <w>resulterat</w>
  <w>i</w>
  <w>att</w>
  <w>av</w>
  <w>de</w>
  <w>asylsökande</w>
  <w>som</w>
  <w>kom</w>
  <w>hösten</w>
  <w>2015</w>
  <w>så</w>
  <w>var</w>
  <w>70</w>
  <w>procent</w>
  <w>män</w>
  <w>,</w>
  <w>de</w>
  <w>allra</w>
  <w>flesta</w>
  <w>under</w>
  <w>40</w>
  <w>år</w>
  <w>.</w>
  <w>Kvinnor</w>
  <w>,</w>
  <w>fattiga</w>
  <w>,</w>
  <w>sjuka</w>
  <w>och</w>
  <w>äldre</w>
  <w>blir</w>
  <w>i</w>
  <w>högre</w>
  <w>utsträckning</w>
  <w>kvar</w>
  <w>i</w>
  <w>flyktinglägren</w>
  <w>.</w>
  <w>Det</w>
  <w>är</w>
  <w>inte</w>
  <w>moraliskt</w>
  <w>försvarbart</w>
  <w>.</w>
  <w>Människor</w>
  <w>ska</w>
  <w>inte</w>
  <w>behöva</w>
  <w>lämna</w>
  <w>hus</w>
  <w>och</w>
  <w>hem</w>
  <w>för</w>
  <w>att</w>
  <w>söka</w>
  <w>asyl</w>
  <w>i</w>
  <w>väst</w>
  <w>och</w>
  <w>solidariteten</w>
  <w>får</w>
  <w>inte</w>
  <w>endast</w>
  <w>sträcka</w>
  <w>sig</w>
  <w>till</w>
  <w>de</w>
  <w>människor</w>
  <w>som</w>
  <w>förmår</w>
  <w>att</w>
  <w>dyka</w>
  <w>upp</w>
  <w>vid</w>
  <w>vår</w>
  <w>egen</w>
  <w>tröskel</w>
  <w>.</w>
</absapar>
<absapar id=11>
  <w>Med</w>
  <w>KDU</w>
  <w>:</w>
  <w>s</w>
  <w>förslag</w>
  <w>om</w>
  <w>en</w>
  <w>övergång</w>
  <w>till</w>
  <w>ett</w>
  <w>asylkvotsystem</w>
  <w>skulle</w>
  <w>vi</w>
  <w>stänga</w>
  <w>de</w>
  <w>illegala</w>
  <w>vägarna</w>
  <w>som</w>
  <w>utgör</w>
  <w>grunden</w>
  <w>för</w>
  <w>dagens</w>
  <w>asylsystem</w>
  <w>och</w>
  <w>samtidigt</w>
  <w>skapa</w>
  <w>nya</w>
  <w>legala</w>
  <w>vägar</w>
  <w>att</w>
  <w>söka</w>
  <w>asyl</w>
  <w>från</w>
  <w>asylsökningscenter</w>
  <w>i</w>
  <w>flyktingarnas</w>
  <w>hemländer</w>
  <w>,</w>
  <w>flyktingläger</w>
  <w>och</w>
  <w>militärt</w>
  <w>säkra</w>
  <w>zoner</w>
  <w>.</w>
</absapar>
<absapar id=12 senti=4>
  <w>Det</w>
  <w>betyder</w>
  <w>inte</w>
  <w>att</w>
  <w>vi</w>
  <w>i</w>
  <w>KDU</w>
  <w>är</w>
  <w>beredda</w>
  <w>att</w>
  <w>sända</w>
  <w>tillbaka</w>
  <w>personer</w>
  <w>"</w>
  <w>för</w>
  <w>att</w>
  <w>hängas</w>
  <w>från</w>
  <w>en</w>
  <w>lyftkran</w>
  <w>på</w>
  <w>ett</w>
  <w>torg</w>
  <w>i</w>
  <w>Teheran</w>
  <w>?</w>
  <w>"</w>
  <w>,</w>
  <w>för</w>
  <w>att</w>
  <w>citera</w>
  <w>Cecilia</w>
  <w>Wikström</w>
  <w>.</w>
  <w>Det</w>
  <w>betyder</w>
  <w>dock</w>
  <w>att</w>
  <w>en</w>
  <w>ansökan</w>
  <w>om</w>
  <w>asyl</w>
  <w>på</w>
  <w>plats</w>
  <w>i</w>
  <w>Sverige</w>
  <w>inte</w>
  <w>längre</w>
  <w>skulle</w>
  <w>ge</w>
  <w>förtur</w>
  <w>.</w>
  <w>Incitamenten</w>
  <w>för</w>
  <w>de</w>
  <w>livsfarliga</w>
  <w>resorna</w>
  <w>måste</w>
  <w>nämligen</w>
  <w>bort</w>
  <w>.</w>
  <w>Så</w>
  <w>stoppar</w>
  <absaspan id=9>
    <w>vi</w>
  </absaspan>
  <absaspan id=10 senti=2>
    <w>döden</w>
    <w>på</w>
    <w>Medelhavet</w>
  </absaspan>
  <w>och</w>
  <w>så</w>
  <w>säkerställer</w>
  <w>vi</w>
  <w>att</w>
  <w>också</w>
  <absaspan id=11>
    <w>de</w>
    <w>med</w>
    <w>störst</w>
    <w>skyddsbehov</w>
  </absaspan>
  <w>,</w>
  <w>som</w>
  <w>inte</w>
  <w>har</w>
  <w>kraft</w>
  <w>att</w>
  <w>genomföra</w>
  <w>de</w>
  <absaspan id=12 senti=2>
    <w>farliga</w>
  </absaspan>
  <w>resorna</w>
  <w>,</w>
  <w>får</w>
  <w>lika</w>
  <w>stor</w>
  <w>chans</w>
  <w>till</w>
  <w>asyl</w>
  <w>.</w>
  <w>Cecilia</w>
  <w>Wikström</w>
  <w>må</w>
  <w>avfärda</w>
  <w>detta</w>
  <w>som</w>
  <w>"</w>
  <w>rent</w>
  <w>nonsens</w>
  <w>"</w>
  <w>.</w>
  <w>Det</w>
  <w>får</w>
  <w>stå</w>
  <w>för</w>
  <w>henne</w>
  <w>.</w>
  <w>Vi</w>
  <w>i</w>
  <absaspan id=13>
    <w>KDU</w>
  </absaspan>
  <w>anser</w>
  <w>i</w>
  <w>alla</w>
  <w>fall</w>
  <absaspan id=14 senti=2>
    <w>inte</w>
  </absaspan>
  <w>att</w>
  <absaspan id=15 senti=2>
    <w>enbart</w>
  </absaspan>
  <absaspan id=16 senti=2>
    <w>den</w>
    <w>starkes</w>
    <w>rätt</w>
  </absaspan>
  <w>ska</w>
  <w>få</w>
  <w>avgöra</w>
  <w>vem</w>
  <w>som</w>
  <w>får</w>
  <w>en</w>
  <absaspan id=17 senti=4>
    <w>fristad</w>
  </absaspan>
  <w>i</w>
  <w>Sverige</w>
  <w>.</w>
</absapar>
<absapar id=13>
  <w>Vi</w>
  <w>kristdemokrater</w>
  <w>kommer</w>
  <w>alltid</w>
  <w>att</w>
  <w>känna</w>
  <w>ett</w>
  <w>moraliskt</w>
  <w>ansvar</w>
  <w>att</w>
  <w>hjälpa</w>
  <w>medmänniskor</w>
  <w>på</w>
  <w>flykt</w>
  <w>.</w>
  <w>Det</w>
  <w>betyder</w>
  <w>inte</w>
  <w>att</w>
  <w>vi</w>
  <w>låter</w>
  <w>liberaler</w>
  <w>lura</w>
  <w>oss</w>
  <w>att</w>
  <w>vi</w>
  <w>måste</w>
  <w>överlåta</w>
  <w>makten</w>
  <w>över</w>
  <w>flyktingpolitiken</w>
  <w>till</w>
  <w>EU</w>
  <w>.</w>
  <w>För</w>
  <absaspan id=18>
    <w>KDU</w>
  </absaspan>
  <w>kommer</w>
  <w>det</w>
  <w>dessutom</w>
  <w>alltid</w>
  <w>att</w>
  <w>vara</w>
  <w>viktigare</w>
  <w>att</w>
  <absaspan id=19>
    <w>försöka</w>
    <w>hjälpa</w>
    <w>människor</w>
    <w>på</w>
    <w>bästa</w>
    <w>sätt</w>
  </absaspan>
  <w>än</w>
  <w>att</w>
  <absaspan id=20 senti=2>
    <w>klamra</w>
    <w>sig</w>
    <w>fast</w>
  </absaspan>
  <w>vid</w>
  <w>en</w>
  <w>lagstiftning</w>
  <w>som</w>
  <w>inte</w>
  <w>längre</w>
  <w>fungerar</w>
  <w>.</w>
  <w>Vi</w>
  <w>inser</w>
  <w>att</w>
  <w>gårdagens</w>
  <w>lösningar</w>
  <w>varken</w>
  <w>löser</w>
  <w>dagens</w>
  <w>eller</w>
  <w>morgondagens</w>
  <w>problem</w>
  <w>.</w>
</absapar>
<absapar id=14>
  <w>Christian</w>
  <w>Carlssonförbundsordförande</w>
  <w>,</w>
  <w>KDU</w>
  <w>Sverige</w>
  <w>.</w>
</absapar>
<absapar id=15>
  <w>Martin</w>
  <w>Hallandervice</w>
  <w>ordförande</w>
  <w>och</w>
  <w>EU-politisk</w>
  <w>talesperson</w>
  <w>,</w>
  <w>KDU</w>
  <w>Sverige</w>
  <w>.</w>
</absapar>
<absapar id=16>
  <w>Hedvig</w>
  <w>Åkessonandre</w>
  <w>vice</w>
  <w>ordförande</w>
  <w>och</w>
  <w>migrationspolitisk</w>
  <w>talesperson</w>
  <w>,</w>
  <w>KDU</w>
  <w>Sverige</w>
  <w>.</w>
</absapar>
<absapar id=17>
  <w>Redaktör</w>
  <w>:</w>
  <w>Carina</w>
  <w>Stensson</w>
  <w>,</w>
  <w>Biträdande</w>
  <w>redaktör</w>
  <w>:</w>
  <w>Björn</w>
  <w>Jorner</w>
  <w>,</w>
  <w>Mejl</w>
  <w>:</w>
  <w>debatt</w>
  <w>@</w>
  <w>svd.se</w>
  <w>,</w>
  <w>Telefonnummer</w>
  <w>:</w>
  <w>08</w>
  <w>-</w>
  <w>135149</w>
  <w>,</w>
  <w>Twitter</w>
  <w>:</w>
  <w>@</w>
  <w>SvDDebatt</w>
  <w>,</w>
  <w>Facebook</w>
  <w>:</w>
  <w>SvD</w>
  <w>Debatt</w>
  <w>.</w>
</absapar>
</absadoc>
