<absadoc annotators=1 senti=>
<absatitle>
  <absaspan id=1 senti=2 target=2>
    <w>Fel</w>
  </absaspan>
  <w>av</w>
  <w>Sverige</w>
  <absaspan id=2>
    <w>att</w>
    <w>utvisa</w>
    <w>till</w>
    <w>Irak</w>
  </absaspan>
  <w>.</w>
</absatitle>
<absapar id=1>
  <w>Trots</w>
  <w>våldet</w>
  <w>och</w>
  <w>den</w>
  <w>svåra</w>
  <w>situationen</w>
  <w>i</w>
  <w>norra</w>
  <w>Irak</w>
  <w>,</w>
  <w>utvisar</w>
  <w>Sverige</w>
  <w>nu</w>
  <w>yazidier</w>
  <w>och</w>
  <w>assyrier</w>
  <w>till</w>
  <w>detta</w>
  <w>område</w>
  <w>.</w>
  <w>Migrationsverket</w>
  <w>bör</w>
  <w>ompröva</w>
  <w>sitt</w>
  <w>ställningstagande</w>
  <w>att</w>
  <w>detta</w>
  <w>är</w>
  <w>en</w>
  <w>riskfri</w>
  <w>zon</w>
  <w>,</w>
  <w>skriver</w>
  <w>kurdiska</w>
  <w>debattören</w>
  <w>Xoncha</w>
  <w>Nouri</w>
  <w>.</w>
</absapar>
<absapar id=2>
  <w>FN</w>
  <w>har</w>
  <w>deklarerat</w>
  <w>att</w>
  <w>Irak</w>
  <w>befinner</w>
  <w>sig</w>
  <w>i</w>
  <w>den</w>
  <w>tredje</w>
  <w>och</w>
  <w>högsta</w>
  <w>graden</w>
  <w>av</w>
  <w>katastrofläge</w>
  <w>och</w>
  <w>att</w>
  <w>religiösa</w>
  <w>minoriteter</w>
  <w>riskerar</w>
  <w>folkmord.Xoncha</w>
  <w>Nouri</w>
  <w>.</w>
</absapar>
<absapar id=3>
  <w>Det</w>
  <w>här</w>
  <w>är</w>
  <w>en</w>
  <w>argumenterande</w>
  <w>text</w>
  <w>med</w>
  <w>syfte</w>
  <w>att</w>
  <w>påverka</w>
  <w>.</w>
  <w>Åsikterna</w>
  <w>som</w>
  <w>uttrycks</w>
  <w>är</w>
  <w>skribentens</w>
  <w>egna</w>
  <w>.</w>
</absapar>
<absapar id=4>
  <w>Jag</w>
  <w>skriver</w>
  <w>från</w>
  <w>Arbil</w>
  <w>,</w>
  <w>huvudstad</w>
  <w>i</w>
  <w>södra</w>
  <w>Kurdistan</w>
  <w>(</w>
  <w>vad</w>
  <w>som</w>
  <w>brukar</w>
  <w>kallas</w>
  <w>norra</w>
  <w>Irak</w>
  <w>)</w>
  <w>.</w>
  <w>Trots</w>
  <w>den</w>
  <w>svåra</w>
  <w>situationen</w>
  <w>här</w>
  <w>utvisas</w>
  <w>nu</w>
  <w>folkmordsdrabbade</w>
  <w>yazidier</w>
  <w>och</w>
  <w>assyrier</w>
  <w>från</w>
  <w>Sverige</w>
  <w>.</w>
  <w>När</w>
  <w>jag</w>
  <w>först</w>
  <w>fick</w>
  <w>kännedom</w>
  <w>om</w>
  <w>det</w>
  <w>hade</w>
  <w>jag</w>
  <w>svårt</w>
  <w>att</w>
  <w>tro</w>
  <w>att</w>
  <w>det</w>
  <w>var</w>
  <w>sant</w>
  <w>att</w>
  <w>dessa</w>
  <w>utsatta</w>
  <w>grupper</w>
  <w>,</w>
  <w>vars</w>
  <w>bröder</w>
  <w>och</w>
  <w>systrar</w>
  <w>slaktas</w>
  <w>av</w>
  <w>världens</w>
  <w>mest</w>
  <w>organiserade</w>
  <w>terroristorganisation</w>
  <w>IS</w>
  <w>(</w>
  <w>tidigare</w>
  <w>benämnda</w>
  <w>Isis</w>
  <w>)</w>
  <w>,</w>
  <w>de</w>
  <w>facto</w>
  <w>utvisas</w>
  <w>.</w>
  <w>De</w>
  <w>riskerar</w>
  <w>att</w>
  <w>gå</w>
  <w>en</w>
  <w>brutal</w>
  <w>död</w>
  <w>till</w>
  <w>mötes</w>
  <w>.</w>
  <w>Om</w>
  <w>de</w>
  <w>är</w>
  <w>kvinnor</w>
  <w>riskerar</w>
  <w>de</w>
  <w>dessutom</w>
  <w>systematiska</w>
  <w>våldtäkter</w>
  <w>och</w>
  <w>att</w>
  <w>bli</w>
  <w>sålda</w>
  <w>som</w>
  <w>sexslavar</w>
  <w>.</w>
</absapar>
<absapar id=5>
  <w>Mitt</w>
  <w>namn</w>
  <w>är</w>
  <w>Xoncha</w>
  <w>Nouri</w>
  <w>och</w>
  <w>jag</w>
  <w>kom</w>
  <w>till</w>
  <w>Sverige</w>
  <w>med</w>
  <w>min</w>
  <w>familj</w>
  <w>när</w>
  <w>jag</w>
  <w>var</w>
  <w>tre</w>
  <w>år</w>
  <w>.</w>
  <w>Vi</w>
  <w>var</w>
  <w>tvungna</w>
  <w>att</w>
  <w>fly</w>
  <w>Kurdistan</w>
  <w>under</w>
  <w>80</w>
  <w>-</w>
  <w>talet</w>
  <w>när</w>
  <w>Saddam</w>
  <w>Husseins</w>
  <w>diktatur</w>
  <w>försökte</w>
  <w>utplåna</w>
  <w>kurder</w>
  <w>.</w>
  <w>Vi</w>
  <w>hamnade</w>
  <w>i</w>
  <w>Sverige</w>
  <w>och</w>
  <w>beviljades</w>
  <w>genast</w>
  <w>politisk</w>
  <w>asyl</w>
  <w>då</w>
  <w>mina</w>
  <w>föräldrar</w>
  <w>var</w>
  <w>aktiva</w>
  <w>inom</w>
  <w>den</w>
  <w>kurdiska</w>
  <w>motståndsrörelsen</w>
  <w>.</w>
  <absaspan id=3>
    <w>Jag</w>
  </absaspan>
  <absaspan id=4>
    <w>fick</w>
    <w>en</w>
    <w>möjlighet</w>
    <w>att</w>
    <w>växa</w>
    <w>upp</w>
    <w>i</w>
    <w>säkerhet</w>
    <w>och</w>
    <w>kunde</w>
    <w>forma</w>
    <w>mitt</w>
    <w>eget</w>
    <w>liv</w>
  </absaspan>
  <w>.</w>
  <absaspan id=5>
    <w>Det</w>
  </absaspan>
  <w>är</w>
  <w>något</w>
  <w>som</w>
  <absaspan id=6>
    <w>jag</w>
  </absaspan>
  <absaspan id=7 senti=4>
    <w>alltid</w>
    <w>kommer</w>
    <w>att</w>
    <w>vara</w>
    <w>tacksam</w>
    <w>för</w>
  </absaspan>
  <w>,</w>
  <w>alla</w>
  <w>flyktingar</w>
  <w>får</w>
  <w>inte</w>
  <w>en</w>
  <w>andra</w>
  <w>chans</w>
  <w>.</w>
  <absaspan id=8>
    <w>Resultatet</w>
    <w>från</w>
    <w>riksdagsvalet</w>
    <w>som</w>
    <w>ägde</w>
    <w>rum</w>
    <w>i</w>
    <w>söndags</w>
    <w>indikerar</w>
  </absaspan>
  <absaspan id=9 senti=2>
    <w>dessvärre</w>
  </absaspan>
  <absaspan id=10>
    <w>på</w>
    <w>att</w>
    <w>det</w>
    <w>inte</w>
    <w>är</w>
    <w>alldeles</w>
    <w>självklart</w>
    <w>att</w>
    <w>Sveriges</w>
    <w>gränser</w>
    <w>kommer</w>
    <w>att</w>
    <w>förbli</w>
    <w>öppna</w>
    <w>för</w>
    <w>människor</w>
    <w>som</w>
    <w>söker</w>
    <w>skydd</w>
  </absaspan>
  <w>.</w>
</absapar>
<absapar id=6>
  <w>De</w>
  <w>senaste</w>
  <w>åren</w>
  <w>har</w>
  <w>jag</w>
  <w>själv</w>
  <w>jobbat</w>
  <w>med</w>
  <w>flyktingar</w>
  <w>från</w>
  <w>krigsdrabbade</w>
  <w>länder</w>
  <w>,</w>
  <w>både</w>
  <w>på</w>
  <w>plats</w>
  <w>här</w>
  <w>i</w>
  <w>Kurdistan</w>
  <w>men</w>
  <w>även</w>
  <w>på</w>
  <w>gränsen</w>
  <w>till</w>
  <w>Syrien</w>
  <w>,</w>
  <w>i</w>
  <w>Jordanien</w>
  <w>.</w>
  <w>Jag</w>
  <w>har</w>
  <w>sett</w>
  <w>och</w>
  <w>hört</w>
  <absaspan id=11 senti=2>
    <w>förskräckliga</w>
  </absaspan>
  <absaspan id=12>
    <w>berättelser</w>
  </absaspan>
  <w>;</w>
  <w>förtvivlade</w>
  <w>ansikten</w>
  <w>som</w>
  <w>har</w>
  <w>fastnat</w>
  <w>på</w>
  <w>näthinnan</w>
  <w>,</w>
  <w>inhumana</w>
  <w>historier</w>
  <w>som</w>
  <w>jag</w>
  <w>aldrig</w>
  <w>kommer</w>
  <w>att</w>
  <w>glömma</w>
  <w>.</w>
</absapar>
<absapar id=7>
  <w>*</w>
  <w>*</w>
  <w>Förra</w>
  <w>månaden</w>
  <w>utsattes</w>
  <w>*</w>
  <w>*</w>
  <w>staden</w>
  <w>Sinjar</w>
  <w>i</w>
  <w>nordvästra</w>
  <w>delen</w>
  <w>av</w>
  <w>landet</w>
  <w>för</w>
  <w>en</w>
  <w>attack</w>
  <w>av</w>
  <w>IS</w>
  <w>och</w>
  <w>hundratusentals</w>
  <w>yazidier</w>
  <w>blev</w>
  <w>tvungna</w>
  <w>att</w>
  <w>lämna</w>
  <w>sina</w>
  <w>hem</w>
  <w>.</w>
  <w>Tiotusentals</w>
  <w>människor</w>
  <w>sökte</w>
  <w>sin</w>
  <w>tillflykt</w>
  <w>till</w>
  <w>Sinjarberget</w>
  <w>där</w>
  <w>många</w>
  <w>,</w>
  <w>framförallt</w>
  <w>barn</w>
  <w>,</w>
  <w>törstade</w>
  <w>eller</w>
  <w>svalt</w>
  <w>till</w>
  <w>döds</w>
  <w>.</w>
  <w>Flertalet</w>
  <w>hade</w>
  <w>tagit</w>
  <w>sig</w>
  <w>till</w>
  <w>Duhok</w>
  <w>,</w>
  <w>Zaxo</w>
  <w>och</w>
  <w>andra</w>
  <w>kurdiska</w>
  <w>städer</w>
  <w>.</w>
  <w>Jag</w>
  <w>fick</w>
  <w>möjligheten</w>
  <w>att</w>
  <w>prata</w>
  <w>med</w>
  <w>några</w>
  <w>av</w>
  <w>dessa</w>
  <w>internflyktingar</w>
  <w>när</w>
  <w>jag</w>
  <w>besökte</w>
  <w>olika</w>
  <w>flyktingläger</w>
  <w>nyligen</w>
  <w>.</w>
  <w>De</w>
  <w>hade</w>
  <w>precis</w>
  <w>överlevt</w>
  <w>en</w>
  <w>resa</w>
  <w>i</w>
  <w>helvetet</w>
  <w>.</w>
  <w>Med</w>
  <w>nöd</w>
  <w>och</w>
  <w>näppe</w>
  <w>hade</w>
  <w>de</w>
  <w>flytt</w>
  <w>från</w>
  <w>IS</w>
  <absaspan id=13 senti=2>
    <w>barbariska</w>
  </absaspan>
  <absaspan id=14>
    <w>våld</w>
  </absaspan>
  <w>,</w>
  <w>vandrat</w>
  <w>barfota</w>
  <w>i</w>
  <w>timmar</w>
  <w>,</w>
  <w>dagar</w>
  <w>och</w>
  <w>även</w>
  <w>veckor</w>
  <w>i</w>
  <w>extrem</w>
  <w>hetta</w>
  <w>för</w>
  <w>att</w>
  <w>nå</w>
  <w>säkerhet</w>
  <w>.</w>
  <w>På</w>
  <w>vägen</w>
  <w>hade</w>
  <w>de</w>
  <w>lämnat</w>
  <w>efter</w>
  <w>sig</w>
  <w>sina</w>
  <w>nära</w>
  <w>och</w>
  <w>kära</w>
  <w>,</w>
  <w>några</w>
  <w>som</w>
  <w>levde</w>
  <w>,</w>
  <w>andra</w>
  <w>som</w>
  <w>var</w>
  <w>döda</w>
  <w>.</w>
</absapar>
<absapar id=8>
  <w>Det</w>
  <w>är</w>
  <w>inte</w>
  <w>bara</w>
  <w>yazidier</w>
  <w>som</w>
  <w>utgör</w>
  <w>terroristernas</w>
  <w>mål</w>
  <w>;</w>
  <w>även</w>
  <w>andra</w>
  <w>minoriteter</w>
  <w>utsätts</w>
  <w>för</w>
  <absaspan id=15 senti=2>
    <w>allvarliga</w>
  </absaspan>
  <absaspan id=16>
    <w>övergrepp</w>
  </absaspan>
  <w>och</w>
  <w>mördas</w>
  <w>på</w>
  <absaspan id=17 senti=2>
    <w>de</w>
    <w>mest</w>
    <w>brutala</w>
  </absaspan>
  <absaspan id=18>
    <w>sätt</w>
  </absaspan>
  <w>.</w>
  <w>Det</w>
  <w>tog</w>
  <w>två</w>
  <w>veckor</w>
  <w>för</w>
  <w>det</w>
  <w>internationella</w>
  <w>samfundet</w>
  <w>att</w>
  <w>inse</w>
  <w>både</w>
  <w>omfattningen</w>
  <w>och</w>
  <w>allvaret</w>
  <w>i</w>
  <w>problemet</w>
  <w>.</w>
  <w>Närmare</w>
  <w>1,5</w>
  <w>miljoner</w>
  <w>människor</w>
  <w>är</w>
  <w>nu</w>
  <w>internflyktingar</w>
  <w>här</w>
  <w>i</w>
  <w>Kurdistan</w>
  <w>.</w>
  <w>Dessutom</w>
  <w>bor</w>
  <w>omkring</w>
  <w>300</w>
  <w>000</w>
  <w>flyktingar</w>
  <w>från</w>
  <w>Syrien</w>
  <w>här</w>
  <w>sedan</w>
  <w>kriget</w>
  <w>där</w>
  <w>bröt</w>
  <w>ut</w>
  <w>för</w>
  <w>tre</w>
  <w>år</w>
  <w>sedan</w>
  <w>.</w>
  <w>Omfattningen</w>
  <w>av</w>
  <w>krisen</w>
  <w>,</w>
  <w>trycket</w>
  <w>samt</w>
  <w>påfrestningarna</w>
  <w>på</w>
  <w>Kurdistan</w>
  <w>,</w>
  <w>befolkningen</w>
  <w>och</w>
  <w>Kurdistans</w>
  <w>Regionala</w>
  <w>Regering</w>
  <w>kan</w>
  <w>inte</w>
  <w>understrykas</w>
  <w>nog</w>
  <w>.</w>
  <w>Vi</w>
  <w>behöver</w>
  <w>all</w>
  <w>hjälp</w>
  <w>vi</w>
  <w>kan</w>
  <w>få</w>
  <w>,</w>
  <w>på</w>
  <w>en</w>
  <w>humanitär</w>
  <w>nivå</w>
  <w>,</w>
  <w>en</w>
  <w>politisk</w>
  <w>nivå</w>
  <w>och</w>
  <w>på</w>
  <w>en</w>
  <w>militär</w>
  <w>nivå</w>
  <w>.</w>
  <w>Och</w>
  <w>vi</w>
  <w>behöver</w>
  <w>det</w>
  <w>snarast</w>
  <w>.</w>
</absapar>
<absapar id=9>
  <w>Nyligen</w>
  <w>höll</w>
  <w>Barack</w>
  <w>Obama</w>
  <w>ett</w>
  <w>tal</w>
  <w>till</w>
  <w>nationen</w>
  <w>där</w>
  <w>presidenten</w>
  <w>lovade</w>
  <w>att</w>
  <w>förgöra</w>
  <w>IS</w>
  <w>genom</w>
  <w>framförallt</w>
  <w>fler</w>
  <w>luftattacker</w>
  <w>.</w>
  <absaspan id=19>
    <w>Denna</w>
    <w>utveckling</w>
  </absaspan>
  <absaspan id=20 senti=4>
    <w>välkomnas</w>
  </absaspan>
  <w>men</w>
  <w>den</w>
  <w>militära</w>
  <w>satsningen</w>
  <w>påvisar</w>
  <w>samtidigt</w>
  <w>att</w>
  <w>norra</w>
  <w>Irak</w>
  <w>inte</w>
  <w>är</w>
  <w>en</w>
  <w>riskfri</w>
  <w>zon</w>
  <w>,</w>
  <w>något</w>
  <w>som</w>
  <w>Migrationsverket</w>
  <w>anser</w>
  <w>.</w>
  <w>Frankrike</w>
  <w>gör</w>
  <w>exempelvis</w>
  <w>en</w>
  <w>helt</w>
  <w>annan</w>
  <w>bedömning</w>
  <w>än</w>
  <w>Sverige</w>
  <w>och</w>
  <w>har</w>
  <w>tagit</w>
  <w>emot</w>
  <w>yazidier</w>
  <w>med</w>
  <w>öppna</w>
  <w>armar</w>
  <w>.</w>
  <w>Även</w>
  <w>om</w>
  <w>minoriteterna</w>
  <w>hittills</w>
  <w>har</w>
  <w>kunnat</w>
  <w>söka</w>
  <w>skydd</w>
  <w>här</w>
  <w>i</w>
  <w>Kurdistan</w>
  <w>så</w>
  <absaspan id=21 senti=2>
    <w>har</w>
  </absaspan>
  <absaspan id=22>
    <w>situationen</w>
  </absaspan>
  <absaspan id=23 senti=2>
    <w>varit</w>
    <w>allvarlig</w>
    <w>från</w>
    <w>dag</w>
    <w>ett</w>
  </absaspan>
  <w>och</w>
  <w>den</w>
  <w>har</w>
  <w>intensifierats</w>
  <w>,</w>
  <w>vilket</w>
  <w>Migrationsverket</w>
  <w>borde</w>
  <w>ha</w>
  <w>kännedom</w>
  <w>om</w>
  <w>.</w>
</absapar>
<absapar id=10>
  <w>Den</w>
  <w>humanitära</w>
  <w>krisen</w>
  <w>kräver</w>
  <w>både</w>
  <w>kortsiktiga</w>
  <w>och</w>
  <w>långsiktiga</w>
  <w>insatser</w>
  <w>,</w>
  <w>och</w>
  <w>Genèvekonventionen</w>
  <w>måste</w>
  <w>respekteras</w>
  <w>.</w>
  <w>Sverige</w>
  <w>har</w>
  <w>skrivit</w>
  <w>under</w>
  <w>konventionen</w>
  <w>och</w>
  <w>enligt</w>
  <w>svensk</w>
  <w>lag</w>
  <w>och</w>
  <w>EU-regler</w>
  <w>uppfylls</w>
  <w>flyktingkriterierna</w>
  <w>när</w>
  <w>en</w>
  <w>person</w>
  <w>på</w>
  <w>grund</w>
  <w>av</w>
  <w>ras</w>
  <w>,</w>
  <w>nationalitet</w>
  <w>,</w>
  <w>religiös</w>
  <w>eller</w>
  <w>politisk</w>
  <w>uppfattning</w>
  <w>,</w>
  <w>kön</w>
  <w>,</w>
  <w>sexuell</w>
  <w>läggning</w>
  <w>eller</w>
  <w>tillhörighet</w>
  <w>till</w>
  <w>viss</w>
  <w>samhällsgrupp</w>
  <w>"</w>
  <w>har</w>
  <w>välgrundade</w>
  <w>skäl</w>
  <w>att</w>
  <w>vara</w>
  <w>rädd</w>
  <w>för</w>
  <w>förföljelse</w>
  <w>"</w>
  <w>.</w>
  <w>Det</w>
  <w>gäller</w>
  <w>dessutom</w>
  <w>när</w>
  <w>myndigheter</w>
  <w>i</w>
  <w>värdlandet</w>
  <w>vill</w>
  <w>ge</w>
  <w>skydd</w>
  <w>men</w>
  <w>där</w>
  <w>de</w>
  <w>mot</w>
  <w>förmodan</w>
  <w>inte</w>
  <w>kan</w>
  <w>göra</w>
  <w>det</w>
  <w>.</w>
  <w>Det</w>
  <w>ska</w>
  <w>tilläggas</w>
  <w>att</w>
  <w>det</w>
  <w>finns</w>
  <w>något</w>
  <w>som</w>
  <w>kallas</w>
  <w>för</w>
  <w>alternativ</w>
  <w>skyddsstatusförklaring</w>
  <w>.</w>
  <w>Detta</w>
  <w>gäller</w>
  <w>exempelvis</w>
  <w>i</w>
  <w>de</w>
  <w>utvisningsfall</w>
  <w>där</w>
  <w>en</w>
  <w>"</w>
  <w>civilperson</w>
  <w>löper</w>
  <w>allvarlig</w>
  <w>risk</w>
  <w>att</w>
  <w>skadas</w>
  <w>på</w>
  <w>grund</w>
  <w>av</w>
  <w>väpnad</w>
  <w>konflikt</w>
  <w>"</w>
  <w>.</w>
  <w>All</w>
  <w>denna</w>
  <w>information</w>
  <w>känner</w>
  <w>naturligtvis</w>
  <w>Migrationsverket</w>
  <w>i</w>
  <w>Sverige</w>
  <w>till</w>
  <w>.</w>
</absapar>
<absapar id=11>
  <w>*</w>
  <w>*</w>
  <absaspan id=24>
    <w>Kurdistans</w>
    <w>Regionala</w>
    <w>Regering</w>
  </absaspan>
  <w>*</w>
  <w>*</w>
  <w>(</w>
  <w>KRG</w>
  <w>)</w>
  <w>har</w>
  <w>genom</w>
  <w>öppna</w>
  <w>gränser</w>
  <absaspan id=25 senti=4>
    <w>demonstrerat</w>
    <w>en</w>
    <w>stor</w>
    <w>välvilja</w>
    <w>gentemot</w>
  </absaspan>
  <absaspan id=26>
    <w>flyende</w>
    <w>minoriteter</w>
  </absaspan>
  <w>som</w>
  <w>tar</w>
  <w>sig</w>
  <w>till</w>
  <w>de</w>
  <w>kurdiska</w>
  <w>städerna</w>
  <w>.</w>
  <w>Däremot</w>
  <w>är</w>
  <w>påfrestningarna</w>
  <w>stora</w>
  <w>i</w>
  <w>och</w>
  <w>med</w>
  <w>de</w>
  <w>massiva</w>
  <w>flyktingströmmarna</w>
  <w>.</w>
  <w>Ytterligare</w>
  <w>en</w>
  <w>försvårande</w>
  <w>omständighet</w>
  <w>är</w>
  <w>att</w>
  <w>regeringen</w>
  <w>i</w>
  <w>Bagdad</w>
  <w>under</w>
  <w>nio</w>
  <w>månader</w>
  <w>inte</w>
  <w>har</w>
  <w>betalat</w>
  <w>ut</w>
  <w>den</w>
  <w>del</w>
  <w>av</w>
  <w>budgeten</w>
  <w>som</w>
  <w>KRG</w>
  <w>har</w>
  <w>rätt</w>
  <w>till</w>
  <w>enligt</w>
  <w>Iraks</w>
  <w>konstitution</w>
  <w>.</w>
  <w>Alla</w>
  <w>dessa</w>
  <w>faktorer</w>
  <w>,</w>
  <w>i</w>
  <w>kombination</w>
  <w>med</w>
  <w>den</w>
  <w>militära</w>
  <w>upptrappningen</w>
  <w>,</w>
  <w>bör</w>
  <w>ligga</w>
  <w>till</w>
  <w>grund</w>
  <w>för</w>
  <w>den</w>
  <w>landinformation</w>
  <w>som</w>
  <w>Migrationsverket</w>
  <w>använder</w>
  <w>sig</w>
  <w>av</w>
  <w>vid</w>
  <w>utvisningsbeslut</w>
  <w>.</w>
  <w>Är</w>
  <w>de</w>
  <w>"</w>
  <w>interna</w>
  <w>flyktvägarna</w>
  <w>"</w>
  <w>som</w>
  <w>anges</w>
  <w>som</w>
  <w>skäl</w>
  <w>vid</w>
  <w>utvisningarna</w>
  <w>tillräckligt</w>
  <w>säkra</w>
  <w>när</w>
  <w>KRG</w>
  <w>dagligen</w>
  <w>för</w>
  <w>en</w>
  <w>väpnad</w>
  <w>kamp</w>
  <w>mot</w>
  <w>IS-terrorister</w>
  <w>?</w>
  <w>På</w>
  <w>vilka</w>
  <w>grunder</w>
  <w>genomför</w>
  <w>Migrationsverket</w>
  <w>sin</w>
  <w>säkerhetsbedömning</w>
  <w>?</w>
  <w>Är</w>
  <w>norra</w>
  <w>Irak</w>
  <w>tillräckligt</w>
  <w>stabilt</w>
  <w>i</w>
  <w>Migrationsverkets</w>
  <w>ögon</w>
  <w>när</w>
  <w>massavrättningar</w>
  <w>,</w>
  <w>gruppvåldtäkter</w>
  <w>,</w>
  <w>tortyr</w>
  <w>och</w>
  <w>slaveri</w>
  <w>är</w>
  <w>vardag</w>
  <w>för</w>
  <w>yazidier</w>
  <w>och</w>
  <w>assyrier</w>
  <w>i</w>
  <w>städer</w>
  <w>som</w>
  <w>Mosul</w>
  <w>som</w>
  <w>endast</w>
  <w>ligger</w>
  <w>ett</w>
  <w>par</w>
  <w>mil</w>
  <w>från</w>
  <w>Arbil</w>
  <w>?</w>
  <w>.</w>
</absapar>
<absapar id=12>
  <w>FN</w>
  <w>har</w>
  <w>deklarerat</w>
  <w>att</w>
  <w>Irak</w>
  <w>befinner</w>
  <w>sig</w>
  <w>i</w>
  <w>den</w>
  <w>tredje</w>
  <w>och</w>
  <w>högsta</w>
  <w>graden</w>
  <w>av</w>
  <w>katastrofläge</w>
  <w>och</w>
  <w>att</w>
  <w>dessa</w>
  <w>religiösa</w>
  <w>minoriteter</w>
  <w>riskerar</w>
  <w>folkmord</w>
  <w>.</w>
  <w>Enligt</w>
  <w>Amnestys</w>
  <w>senaste</w>
  <absaspan id=27 senti=2>
    <w>alarmerande</w>
  </absaspan>
  <absaspan id=28>
    <w>rapport</w>
  </absaspan>
  <w>handlar</w>
  <w>det</w>
  <w>om</w>
  <w>minoriteter</w>
  <w>som</w>
  <w>utsätts</w>
  <w>för</w>
  <w>en</w>
  <w>etnisk</w>
  <w>rensning</w>
  <w>.</w>
  <absaspan id=29>
    <w>Att</w>
    <w>personer</w>
    <w>tillhörande</w>
    <w>folkmordsdrabbade</w>
    <w>minoriteter</w>
    <w>utvisas</w>
    <w>från</w>
    <w>tryggheten</w>
    <w>i</w>
    <w>Sverige</w>
  </absaspan>
  <absaspan id=30 senti=1>
    <w>är</w>
    <w>katastrofalt</w>
    <w>och</w>
    <w>inget</w>
    <w>annat</w>
    <w>än</w>
    <w>en</w>
    <w>stor</w>
    <w>skam</w>
  </absaspan>
  <w>.</w>
  <w>Det</w>
  <w>utgör</w>
  <w>även</w>
  <w>brott</w>
  <w>mot</w>
  <w>flyktingkonventionen</w>
  <w>och</w>
  <w>svensk</w>
  <w>asyllag</w>
  <w>.</w>
  <w>Ett</w>
  <w>verkställighetsstopp</w>
  <w>till</w>
  <w>Irak</w>
  <w>bör</w>
  <w>därför</w>
  <w>ses</w>
  <w>över</w>
  <w>.</w>
  <w>Hur</w>
  <w>ser</w>
  <w>Migrationsverket</w>
  <w>på</w>
  <w>det</w>
  <w>faktum</w>
  <w>att</w>
  <w>ett</w>
  <w>flertal</w>
  <w>länder</w>
  <w>tar</w>
  <w>emot</w>
  <w>dessa</w>
  <w>utsatta</w>
  <w>yazidier</w>
  <w>och</w>
  <w>assyrier</w>
  <w>medan</w>
  <w>Sverige</w>
  <w>utvisar</w>
  <w>dem</w>
  <w>?</w>
  <w>.</w>
</absapar>
<absapar id=13>
  <w>XONCHA</w>
  <w>NOURI</w>
  <w>.</w>
</absapar>
<absapar id=14>
  <w>arbetar</w>
  <w>för</w>
  <w>Kurdistans</w>
  <w>Regionala</w>
  <w>Regering</w>
  <w>i</w>
  <w>Arbil</w>
  <w>men</w>
  <w>skriver</w>
  <w>här</w>
  <w>i</w>
  <w>egenskap</w>
  <w>av</w>
  <w>privatperson</w>
  <w>.</w>
</absapar>
<absapar id=15>
  <w>Redaktör</w>
  <w>:</w>
  <w>Carina</w>
  <w>Stensson</w>
  <w>,</w>
  <w>Biträdande</w>
  <w>redaktör</w>
  <w>:</w>
  <w>Björn</w>
  <w>Jorner</w>
  <w>,</w>
  <w>Mejl</w>
  <w>:</w>
  <w>debatt</w>
  <w>@</w>
  <w>svd.se</w>
  <w>,</w>
  <w>Telefonnummer</w>
  <w>:</w>
  <w>08</w>
  <w>-</w>
  <w>135149</w>
  <w>,</w>
  <w>Twitter</w>
  <w>:</w>
  <w>@</w>
  <w>SvDDebatt</w>
  <w>,</w>
  <w>Facebook</w>
  <w>:</w>
  <w>SvD</w>
  <w>Debatt</w>
  <w>.</w>
</absapar>
</absadoc>
