<absadoc annotators=1 senti=0>
<absatitle>
  <absaspan id=1>
    <w>Debattörerna</w>
  </absaspan>
  <w>:</w>
  <absaspan id=2>
    <w>Ett</w>
    <w>förbud</w>
    <w>mot</w>
    <w>tiggeri</w>
  </absaspan>
  <absaspan id=3 senti=1 target=2 source=1>
    <w>slår</w>
    <w>mot</w>
    <w>de</w>
    <w>fattigaste</w>
  </absaspan>
  <w>.</w>
</absatitle>
<absapar id=1>
  <w>Justitieminister</w>
  <w>Beatrice</w>
  <w>Ask</w>
  <w>säger</w>
  <w>att</w>
  <w>man</w>
  <w>vill</w>
  <w>komma</w>
  <w>åt</w>
  <w>ligorna</w>
  <w>bakom</w>
  <w>det</w>
  <w>organiserade</w>
  <w>tiggeriet</w>
  <w>,</w>
  <w>inte</w>
  <w>individerna</w>
  <w>.</w>
  <w>Men</w>
  <w>vi</w>
  <w>vet</w>
  <w>vilka</w>
  <w>det</w>
  <w>är</w>
  <w>som</w>
  <w>främst</w>
  <w>drabbas</w>
  <w>om</w>
  <w>tiggeriet</w>
  <w>kriminaliseras</w>
  <w>.</w>
  <w>Om</w>
  <w>ligorna</w>
  <w>vore</w>
  <w>huvudsaken</w>
  <w>skulle</w>
  <w>ju</w>
  <w>svenska</w>
  <w>myndigheter</w>
  <w>kunna</w>
  <w>inleda</w>
  <w>ett</w>
  <w>samarbete</w>
  <w>med</w>
  <w>Interpol</w>
  <w>för</w>
  <w>att</w>
  <w>bekämpa</w>
  <w>dem</w>
  <w>.</w>
</absapar>
<absapar id=2>
  <w>Men</w>
  <w>nu</w>
  <w>är</w>
  <w>det</w>
  <absaspan id=4>
    <w>de</w>
    <w>romska</w>
    <w>individerna</w>
  </absaspan>
  <absaspan id=5>
    <w>man</w>
  </absaspan>
  <absaspan id=6 senti=1>
    <w>vill</w>
    <w>bli</w>
    <w>av</w>
    <w>med</w>
  </absaspan>
  <w>.</w>
  <w>Ligaledarna</w>
  <w>har</w>
  <w>ofta</w>
  <w>mäktiga</w>
  <w>beskyddare</w>
  <w>i</w>
  <absaspan id=7>
    <w>de</w>
    <w>länder</w>
    <w>där</w>
  </absaspan>
  <absaspan id=8 senti=1>
    <w>diskriminering</w>
  </absaspan>
  <absaspan id=9>
    <w>mot</w>
    <w>romer</w>
  </absaspan>
  <absaspan id=10 senti=1>
    <w>är</w>
    <w>som</w>
    <w>värst</w>
  </absaspan>
  <w>,</w>
  <w>en</w>
  <w>diskriminering</w>
  <w>som</w>
  <w>driver</w>
  <w>människor</w>
  <w>ut</w>
  <w>på</w>
  <w>tiggarresor</w>
  <w>i</w>
  <w>Europa</w>
  <w>.</w>
  <w>Det</w>
  <w>handlar</w>
  <w>bland</w>
  <w>annat</w>
  <w>om</w>
  <w>att</w>
  <w>utfattiga</w>
  <w>romska</w>
  <w>familjer</w>
  <w>tvingas</w>
  <w>sälja</w>
  <w>allt</w>
  <w>de</w>
  <w>äger</w>
  <w>för</w>
  <w>att</w>
  <w>sända</w>
  <w>sina</w>
  <w>barn</w>
  <w>till</w>
  <w>andra</w>
  <w>länder</w>
  <w>i</w>
  <w>jakt</w>
  <w>på</w>
  <w>bättre</w>
  <w>villkor</w>
  <w>.</w>
  <w>Ofta</w>
  <w>har</w>
  <w>ungdomarna</w>
  <w>förespeglats</w>
  <w>jobb</w>
  <w>som</w>
  <w>i</w>
  <w>själva</w>
  <w>verket</w>
  <w>innebär</w>
  <w>att</w>
  <w>de</w>
  <w>blir</w>
  <w>offer</w>
  <w>för</w>
  <absaspan id=11 senti=1>
    <w>slavhandel</w>
  </absaspan>
  <w>.</w>
</absapar>
<absapar id=3>
  <w>Som</w>
  <w>bekant</w>
  <w>vill</w>
  <w>SD</w>
  <w>att</w>
  <w>även</w>
  <w>individerna</w>
  <w>,</w>
  <w>offren</w>
  <w>,</w>
  <w>kriminaliseras</w>
  <w>om</w>
  <w>de</w>
  <w>tigger</w>
  <w>på</w>
  <w>svenska</w>
  <w>gator</w>
  <w>.</w>
  <w>Men</w>
  <w>med</w>
  <w>det</w>
  <w>lagförslag</w>
  <w>Beatrice</w>
  <w>Ask</w>
  <w>lägger</w>
  <w>fram</w>
  <w>behövs</w>
  <w>ingen</w>
  <w>sådan</w>
  <w>kriminalisering</w>
  <w>.</w>
  <w>De</w>
  <w>tiggande</w>
  <w>romerna</w>
  <w>blir</w>
  <w>offer</w>
  <w>i</w>
  <w>alla</w>
  <w>fall</w>
  <w>.</w>
</absapar>
<absapar id=4 senti=3>
  <w>Om</w>
  <w>tiggeri</w>
  <w>förbjuds</w>
  <w>blir</w>
  <w>det</w>
  <w>lättare</w>
  <w>för</w>
  <w>den</w>
  <w>svenska</w>
  <w>polisen</w>
  <w>att</w>
  <w>direkt</w>
  <w>avvisa</w>
  <w>romer</w>
  <w>vid</w>
  <w>gränserna</w>
  <w>om</w>
  <w>de</w>
  <w>inte</w>
  <w>kan</w>
  <w>uppvisa</w>
  <w>tillräckligt</w>
  <w>med</w>
  <w>medel</w>
  <w>för</w>
  <w>sitt</w>
  <w>uppehälle</w>
  <w>.</w>
  <w>Vi</w>
  <w>är</w>
  <w>då</w>
  <w>tillbaka</w>
  <w>i</w>
  <w>förhållandena</w>
  <w>under</w>
  <w>åren</w>
  <w>1914</w>
  <w>–</w>
  <w>1954</w>
  <w>då</w>
  <w>det</w>
  <w>rådde</w>
  <w>inreseförbud</w>
  <w>för</w>
  <w>romer</w>
  <w>.</w>
</absapar>
<absapar id=5>
  <w>När</w>
  <w>Sverige</w>
  <w>nu</w>
  <w>föreslås</w>
  <w>gå</w>
  <w>samma</w>
  <w>väg</w>
  <w>som</w>
  <w>Norge</w>
  <w>och</w>
  <w>kriminalisera</w>
  <w>tiggeri</w>
  <w>gör</w>
  <w>man</w>
  <w>det</w>
  <w>under</w>
  <w>förespegling</w>
  <w>att</w>
  <w>man</w>
  <w>på</w>
  <w>det</w>
  <w>sättet</w>
  <w>skulle</w>
  <w>komma</w>
  <w>åt</w>
  <absaspan id=12 senti=1>
    <w>människohandel</w>
  </absaspan>
  <w>.</w>
  <w>Men</w>
  <w>hur</w>
  <w>avgör</w>
  <w>man</w>
  <w>i</w>
  <w>vilken</w>
  <w>grad</w>
  <w>en</w>
  <w>tiggande</w>
  <w>rom</w>
  <w>ingår</w>
  <w>i</w>
  <w>organiserad</w>
  <w>kriminalitet</w>
  <w>eller</w>
  <w>bara</w>
  <w>i</w>
  <w>sin</w>
  <w>familjegrupp</w>
  <w>?</w>
  <w>Dessutom</w>
  <w>är</w>
  <w>inte</w>
  <w>alla</w>
  <w>tiggare</w>
  <w>romer</w>
  <w>.</w>
  <w>Det</w>
  <w>förekommer</w>
  <w>många</w>
  <w>olika</w>
  <w>östeuropeiska</w>
  <w>grupper</w>
  <w>i</w>
  <w>de</w>
  <w>här</w>
  <w>sammanhangen</w>
  <w>.</w>
</absapar>
<absapar id=6>
  <w>Plötsligt</w>
  <w>befinner</w>
  <w>sig</w>
  <w>landets</w>
  <w>justitieminister</w>
  <w>i</w>
  <w>ett</w>
  <absaspan id=13 senti=2>
    <w>tvivelaktigt</w>
    <w>sällskap</w>
  </absaspan>
  <w>av</w>
  <absaspan id=14>
    <w>europeiska</w>
    <w>politiker</w>
    <w>från</w>
    <w>länder</w>
    <w>där</w>
    <w>man</w>
    <w>struntar</w>
    <w>i</w>
    <w>om</w>
    <w>man</w>
    <w>bryter</w>
    <w>mot</w>
    <w>romernas</w>
    <w>mänskliga</w>
    <w>rättigheter</w>
  </absaspan>
  <w>.</w>
</absapar>
<absapar id=7>
  <w>Var</w>
  <w>det</w>
  <w>inte</w>
  <w>meningen</w>
  <w>att</w>
  <w>man</w>
  <w>i</w>
  <w>EU</w>
  <w>skulle</w>
  <w>kräva</w>
  <w>att</w>
  <absaspan id=15>
    <w>den</w>
    <w>romska</w>
    <w>frågan</w>
  </absaspan>
  <absaspan id=16 senti=4>
    <w>prioriterades</w>
  </absaspan>
  <w>på</w>
  <w>förhandlingsbordet</w>
  <w>?</w>
  <w>När</w>
  <w>man</w>
  <w>inte</w>
  <w>öppet</w>
  <w>vågar</w>
  <w>kritisera</w>
  <absaspan id=17>
    <w>de</w>
    <w>länder</w>
    <w>i</w>
    <w>Europa</w>
    <w>som</w>
  </absaspan>
  <absaspan id=18 senti=1>
    <w>diskriminerar</w>
  </absaspan>
  <absaspan id=19>
    <w>romer</w>
  </absaspan>
  <w>–</w>
  <w>praktiskt</w>
  <w>taget</w>
  <w>alla</w>
  <w>–</w>
  <absaspan id=20 senti=1>
    <w>ger</w>
  </absaspan>
  <absaspan id=21>
    <w>man</w>
  </absaspan>
  <absaspan id=22 senti=1>
    <w>sig</w>
  </absaspan>
  <w>nu</w>
  <w>i</w>
  <w>stället</w>
  <absaspan id=23 senti=1>
    <w>på</w>
  </absaspan>
  <absaspan id=24 senti=1>
    <w>offren</w>
    <w>,</w>
    <w>de</w>
    <w>minst</w>
    <w>skyddade</w>
    <w>,</w>
    <w>de</w>
    <w>som</w>
    <w>ofta</w>
    <w>inte</w>
    <w>har</w>
    <w>mat</w>
    <w>för</w>
    <w>dagen</w>
    <w>,</w>
    <w>människor</w>
    <w>som</w>
    <w>är</w>
    <w>skuldsatta</w>
    <w>och</w>
    <w>knappt</w>
    <w>har</w>
    <w>en</w>
    <w>chans</w>
    <w>att</w>
    <w>komma</w>
    <w>in</w>
    <w>i</w>
    <w>samhället</w>
  </absaspan>
  <w>.</w>
</absapar>
<absapar id=8>
  <absaspan id=25>
    <w>Europarådet</w>
  </absaspan>
  <w>har</w>
  <w>uttryckt</w>
  <absaspan id=26 senti=2>
    <w>stor</w>
    <w>oro</w>
    <w>över</w>
  </absaspan>
  <absaspan id=27>
    <w>hur</w>
    <w>offentliga</w>
    <w>tjänstemän</w>
    <w>i</w>
    <w>olika</w>
    <w>länder</w>
    <w>skärper</w>
    <w>tonen</w>
    <w>mot</w>
    <w>romerna</w>
    <w>som</w>
    <w>folkgrupp</w>
  </absaspan>
  <w>.</w>
  <w>Det</w>
  <w>gäller</w>
  <w>inte</w>
  <w>bara</w>
  <w>länder</w>
  <w>som</w>
  <w>Tjeckien</w>
  <w>,</w>
  <w>Slovenien</w>
  <w>och</w>
  <w>Italien</w>
  <w>utan</w>
  <w>också</w>
  <w>sådana</w>
  <w>som</w>
  <w>Schweiz</w>
  <w>,</w>
  <w>Storbritannien</w>
  <w>,</w>
  <w>Belgien</w>
  <w>,</w>
  <w>Portugal</w>
  <w>och</w>
  <w>Lettland</w>
  <w>.</w>
  <w>Vi</w>
  <w>vet</w>
  <w>att</w>
  <absaspan id=28>
    <w>andra</w>
    <w>organisationer</w>
  </absaspan>
  <absaspan id=29 senti=2>
    <w>kritiserat</w>
  </absaspan>
  <absaspan id=30>
    <w>antiromska</w>
    <w>uttalanden</w>
    <w>från</w>
    <w>makt</w>
    <w>-</w>
    <w>havare</w>
  </absaspan>
  <w>i</w>
  <w>till</w>
  <w>exempel</w>
  <w>Moldavien</w>
  <w>,</w>
  <w>Österrike</w>
  <w>,</w>
  <w>Bulgarien</w>
  <w>,</w>
  <w>Danmark</w>
  <w>,</w>
  <w>Grekland</w>
  <w>,</w>
  <w>Litauen</w>
  <w>,</w>
  <w>Spanien</w>
  <w>och</w>
  <w>Turkiet</w>
  <w>.</w>
</absapar>
<absapar id=9>
  <absaspan id=31>
    <w>Berlusconi</w>
    <w>i</w>
    <w>Italien</w>
  </absaspan>
  <w>samlade</w>
  <w>röster</w>
  <w>under</w>
  <w>parollen</w>
  <w>”</w>
  <absaspan id=32>
    <w>romer</w>
  </absaspan>
  <absaspan id=33 senti=1>
    <w>är</w>
    <w>ondskans</w>
    <w>armé</w>
  </absaspan>
  <w>”</w>
  <w>.</w>
</absapar>
<absapar id=10>
  <absaspan id=34>
    <w>Utrikesministern</w>
    <w>i</w>
    <w>Rumänien</w>
  </absaspan>
  <absaspan id=35 senti=4>
    <w>ville</w>
  </absaspan>
  <w>2008</w>
  <absaspan id=36>
    <w>inrätta</w>
    <w>arbetsläger</w>
    <w>för</w>
    <w>romer</w>
    <w>i</w>
    <w>den</w>
    <w>egyptiska</w>
    <w>öknen</w>
  </absaspan>
  <w>,</w>
  <w>hans</w>
  <w>efterträdare</w>
  <w>hävdade</w>
  <w>att</w>
  <w>romer</w>
  <w>genetiskt</w>
  <w>är</w>
  <w>predestinerade</w>
  <w>för</w>
  <w>kriminalitet</w>
  <w>.</w>
  <w>I</w>
  <w>Ungern</w>
  <w>diskuteras</w>
  <w>införandet</w>
  <w>av</w>
  <w>arbetsläger</w>
  <w>för</w>
  <w>romer</w>
  <w>för</w>
  <w>att</w>
  <w>få</w>
  <w>”</w>
  <w>ordning</w>
  <w>på</w>
  <absaspan id=37 senti=2>
    <w>missbruket</w>
  </absaspan>
  <absaspan id=38>
    <w>”</w>
    <w>av</w>
    <w>välfärden</w>
  </absaspan>
  <w>.</w>
  <w>Från</w>
  <w>Frankrike</w>
  <w>har</w>
  <w>romer</w>
  <w>deporterats</w>
  <w>i</w>
  <w>låsta</w>
  <w>godsvagnar</w>
  <w>och</w>
  <w>i</w>
  <w>Bulgarien</w>
  <w>inrättades</w>
  <w>2007</w>
  <w>ett</w>
  <w>nationalgarde</w>
  <w>för</w>
  <w>att</w>
  <w>skydda</w>
  <w>bulgarerna</w>
  <w>mot</w>
  <w>”</w>
  <absaspan id=39>
    <w>romsk</w>
  </absaspan>
  <absaspan id=40 senti=1>
    <w>terror</w>
  </absaspan>
  <w>”</w>
  <w>.</w>
</absapar>
<absapar id=11>
  <w>Överallt</w>
  <w>i</w>
  <w>Europa</w>
  <w>hänvisas</w>
  <w>romer</w>
  <w>till</w>
  <w>städers</w>
  <w>och</w>
  <w>byars</w>
  <w>utkanter</w>
  <w>utan</w>
  <w>service</w>
  <w>.</w>
  <w>De</w>
  <w>bor</w>
  <w>i</w>
  <w>skjul</w>
  <w>utan</w>
  <w>vatten</w>
  <w>och</w>
  <w>el</w>
  <w>och</w>
  <w>deras</w>
  <w>barn</w>
  <w>kan</w>
  <w>avvisas</w>
  <w>från</w>
  <w>skolorna</w>
  <w>om</w>
  <w>man</w>
  <w>tycker</w>
  <w>att</w>
  <w>de</w>
  <w>är</w>
  <w>”</w>
  <w>för</w>
  <w>många</w>
  <w>”</w>
  <w>.</w>
</absapar>
<absapar id=12>
  <w>Vilken</w>
  <w>signal</w>
  <w>vill</w>
  <w>Beatrice</w>
  <w>Ask</w>
  <w>ge</w>
  <w>det</w>
  <w>övriga</w>
  <w>Europa</w>
  <w>?</w>
  <w>.</w>
</absapar>
<absapar id=13>
  <w>Domino</w>
  <w>Kai</w>
  <w>.</w>
</absapar>
<absapar id=14>
  <w>Mirelle</w>
  <w>Gyllenbäck</w>
  <w>.</w>
</absapar>
<absapar id=15>
  <w>Rosita</w>
  <w>Grönfors</w>
  <w>.</w>
</absapar>
<absapar id=16>
  <w>Ingrid</w>
  <w>Blomerus</w>
  <w>.</w>
</absapar>
</absadoc>
