<absadoc annotators=1 senti=>
<absatitle>
  <w>Myten</w>
  <w>om</w>
  <w>den</w>
  <w>förtryckta</w>
  <w>skolflickan</w>
  <w>.</w>
</absatitle>
<absapar id=1>
  <w>När</w>
  <w>man</w>
  <w>analyserar</w>
  <w>den</w>
  <w>så</w>
  <w>kallade</w>
  <w>"</w>
  <w>sanningen</w>
  <w>"</w>
  <w>om</w>
  <w>de</w>
  <w>tysta</w>
  <w>,</w>
  <w>förtryckta</w>
  <w>skolflickorna</w>
  <w>och</w>
  <w>de</w>
  <absaspan id=1 senti=2>
    <w>skrikiga</w>
    <w>och</w>
    <w>dominanta</w>
  </absaspan>
  <absaspan id=2>
    <w>pojkarna</w>
  </absaspan>
  <w>förnimmer</w>
  <w>man</w>
  <w>snart</w>
  <w>att</w>
  <w>den</w>
  <w>är</w>
  <w>en</w>
  <w>myt</w>
  <absaspan id=3>
    <w>.</w>
  </absaspan>
  <w>Det</w>
  <w>skriver</w>
  <w>Bitte</w>
  <w>Assarmo</w>
  <w>,</w>
  <w>fri</w>
  <w>skribent</w>
  <w>och</w>
  <w>debattör</w>
  <w>.</w>
</absapar>
<absapar id=2>
  <w>När</w>
  <w>jag</w>
  <w>gick</w>
  <w>i</w>
  <w>högstadiet</w>
  <w>i</w>
  <w>mitten</w>
  <w>av</w>
  <w>1970</w>
  <w>-</w>
  <w>talet</w>
  <w>visades</w>
  <w>en</w>
  <w>TV-serie</w>
  <w>som</w>
  <w>hette</w>
  <w>Tjejerna</w>
  <w>gör</w>
  <w>uppror</w>
  <w>.</w>
  <w>Den</w>
  <w>handlade</w>
  <w>om</w>
  <absaspan id=4>
    <w>Asta</w>
  </absaspan>
  <w>,</w>
  <w>som</w>
  <absaspan id=5 senti=2>
    <w>fått</w>
    <w>nog</w>
    <w>av</w>
  </absaspan>
  <absaspan id=6>
    <w>patriarkatet</w>
  </absaspan>
  <w>och</w>
  <w>beslöt</w>
  <w>sig</w>
  <w>för</w>
  <w>att</w>
  <w>samla</w>
  <w>ihop</w>
  <w>resterna</w>
  <w>av</w>
  <w>tjejerna</w>
  <w>i</w>
  <w>klassen</w>
  <w>och</w>
  <w>visa</w>
  <w>att</w>
  <w>tjejer</w>
  <w>kan</w>
  <w>.</w>
</absapar>
<absapar id=3>
  <w>Det</w>
  <w>här</w>
  <w>är</w>
  <w>en</w>
  <w>argumenterande</w>
  <w>text</w>
  <w>med</w>
  <w>syfte</w>
  <w>att</w>
  <w>påverka</w>
  <w>.</w>
  <w>Åsikterna</w>
  <w>som</w>
  <w>uttrycks</w>
  <w>är</w>
  <w>skribentens</w>
  <w>egna</w>
  <w>.</w>
</absapar>
<absapar id=4>
  <w>Precis</w>
  <w>som</w>
  <w>handlingen</w>
  <w>i</w>
  <w>Peter</w>
  <w>Schildts</w>
  <w>senaste</w>
  <w>film</w>
  <w>Tusen</w>
  <w>gånger</w>
  <w>starkare</w>
  <w>,</w>
  <w>alltså</w>
  <w>.</w>
  <w>Asta</w>
  <w>har</w>
  <w>,</w>
  <w>i</w>
  <w>Peter</w>
  <w>Schildts</w>
  <w>version</w>
  <w>,</w>
  <w>visserligen</w>
  <w>bytt</w>
  <w>namn</w>
  <w>till</w>
  <w>Saga</w>
  <w>men</w>
  <w>annars</w>
  <w>är</w>
  <w>det</w>
  <w>mesta</w>
  <w>sig</w>
  <w>likt</w>
  <w>.</w>
  <w>Högstadieklassen</w>
  <w>domineras</w>
  <w>av</w>
  <absaspan id=7 senti=1>
    <w>skräniga</w>
    <w>och</w>
    <w>osympatiska</w>
  </absaspan>
  <absaspan id=8>
    <w>killar</w>
  </absaspan>
  <w>och</w>
  <absaspan id=9>
    <w>tjejerna</w>
  </absaspan>
  <w>är</w>
  <absaspan id=10 senti=2>
    <w>svaga</w>
    <w>,</w>
    <w>klena</w>
  </absaspan>
  <w>och</w>
  <w>förtryckta</w>
  <absaspan id=11>
    <w>.</w>
  </absaspan>
</absapar>
<absapar id=5>
  <w>Jag</w>
  <w>kände</w>
  <w>inte</w>
  <w>igen</w>
  <w>mig</w>
  <w>i</w>
  <w>Tjejerna</w>
  <w>gör</w>
  <w>uppror</w>
  <w>och</w>
  <w>jag</w>
  <w>känner</w>
  <w>inte</w>
  <w>igen</w>
  <w>mig</w>
  <w>i</w>
  <w>Peter</w>
  <w>Schildts</w>
  <w>historia</w>
  <w>.</w>
  <w>Som</w>
  <w>elev</w>
  <w>och</w>
  <w>tillika</w>
  <w>tjej</w>
  <w>i</w>
  <w>en</w>
  <w>svensk</w>
  <w>högstadieskola</w>
  <w>i</w>
  <w>mitten</w>
  <w>av</w>
  <w>1970</w>
  <w>-</w>
  <w>talet</w>
  <w>upplevde</w>
  <w>jag</w>
  <w>istället</w>
  <w>att</w>
  <w>det</w>
  <w>var</w>
  <w>just</w>
  <w>vi</w>
  <w>tjejer</w>
  <w>som</w>
  <w>var</w>
  <w>starkast</w>
  <w>–</w>
  <w>och</w>
  <w>det</w>
  <w>utan</w>
  <w>att</w>
  <w>någon</w>
  <w>Asta</w>
  <w>eller</w>
  <w>Saga</w>
  <w>dök</w>
  <w>upp</w>
  <w>från</w>
  <w>ingenstans</w>
  <w>och</w>
  <w>lärde</w>
  <w>oss</w>
  <w>att</w>
  <w>kräva</w>
  <w>vår</w>
  <w>rätt</w>
  <w>.</w>
  <w>Vi</w>
  <w>höll</w>
  <w>låda</w>
  <w>,</w>
  <w>vi</w>
  <w>krävde</w>
  <w>lärarnas</w>
  <w>uppmärksamhet</w>
  <w>,</w>
  <w>vi</w>
  <w>styrde</w>
  <w>och</w>
  <w>ställde</w>
  <w>och</w>
  <w>vi</w>
  <w>fick</w>
  <w>bäst</w>
  <w>betyg</w>
  <w>.</w>
  <w>Vi</w>
  <w>tog</w>
  <w>för</w>
  <w>oss</w>
  <w>,</w>
  <w>som</w>
  <w>det</w>
  <w>numera</w>
  <w>kallas</w>
  <w>.</w>
  <w>De</w>
  <w>patriarkala</w>
  <w>maktstrukturerna</w>
  <w>kanske</w>
  <w>fanns</w>
  <w>där</w>
  <w>,</w>
  <w>men</w>
  <w>om</w>
  <w>de</w>
  <w>nu</w>
  <w>gjorde</w>
  <w>det</w>
  <w>märkte</w>
  <w>jag</w>
  <w>aldrig</w>
  <w>av</w>
  <w>dem</w>
  <w>och</w>
  <w>inte</w>
  <w>hindrade</w>
  <w>de</w>
  <w>mig</w>
  <w>från</w>
  <w>att</w>
  <w>utvecklas</w>
  <w>heller</w>
  <w>.</w>
</absapar>
<absapar id=6>
  <w>Vad</w>
  <w>som</w>
  <w>däremot</w>
  <w>var</w>
  <w>uppenbart</w>
  <w>,</w>
  <w>till</w>
  <w>och</w>
  <w>med</w>
  <w>för</w>
  <w>en</w>
  <w>ung</w>
  <w>tonårstjej</w>
  <w>som</w>
  <w>jag</w>
  <w>,</w>
  <w>var</w>
  <w>att</w>
  <w>killarna</w>
  <w>hade</w>
  <w>det</w>
  <w>betydligt</w>
  <w>tuffare</w>
  <w>.</w>
  <w>De</w>
  <w>fick</w>
  <w>mindre</w>
  <w>uppmärksamhet</w>
  <w>av</w>
  <w>lärarna</w>
  <w>,</w>
  <w>satt</w>
  <w>oftare</w>
  <w>tysta</w>
  <w>på</w>
  <w>lektionerna</w>
  <w>och</w>
  <w>fick</w>
  <w>generellt</w>
  <w>sämre</w>
  <w>betyg</w>
  <w>.</w>
</absapar>
<absapar id=7>
  <w>Samma</w>
  <w>mönster</w>
  <w>var</w>
  <w>lika</w>
  <w>tydligt</w>
  <w>under</w>
  <w>min</w>
  <w>sons</w>
  <w>skoltid</w>
  <w>trettio</w>
  <w>år</w>
  <w>senare</w>
  <w>.</w>
  <w>Flickorna</w>
  <w>höll</w>
  <w>låda</w>
  <w>i</w>
  <w>klassrummet</w>
  <w>.</w>
  <w>Flickorna</w>
  <w>fick</w>
  <w>mest</w>
  <w>uppmärksamhet</w>
  <w>av</w>
  <w>läraren</w>
  <w>.</w>
  <w>Flickorna</w>
  <w>fick</w>
  <w>genomgående</w>
  <w>bättre</w>
  <w>betyg</w>
  <w>–</w>
  <w>detta</w>
  <w>trots</w>
  <w>att</w>
  <w>de</w>
  <w>inte</w>
  <w>nödvändigtvis</w>
  <w>var</w>
  <w>mer</w>
  <w>begåvade</w>
  <w>eller</w>
  <w>hade</w>
  <w>gjort</w>
  <w>bättre</w>
  <w>ifrån</w>
  <w>sig</w>
  <w>på</w>
  <w>enskilda</w>
  <w>prov</w>
  <w>.</w>
</absapar>
<absapar id=8>
  <w>Så</w>
  <w>var</w>
  <w>det</w>
  <w>alltså</w>
  <w>på</w>
  <w>1970</w>
  <w>-</w>
  <w>talet</w>
  <w>,</w>
  <w>när</w>
  <w>Asta</w>
  <w>gjorde</w>
  <w>uppror</w>
  <w>,</w>
  <w>och</w>
  <w>så</w>
  <w>är</w>
  <w>det</w>
  <w>idag</w>
  <w>när</w>
  <absaspan id=12>
    <w>Saga</w>
  </absaspan>
  <w>tar</w>
  <w>över</w>
  <w>Astas</w>
  <w>roll</w>
  <w>som</w>
  <absaspan id=13>
    <w>flickornas</w>
  </absaspan>
  <absaspan id=14 senti=4 irony>
    <w>frälserska</w>
  </absaspan>
  <w>.</w>
  <w>Och</w>
  <w>samma</w>
  <w>mönster</w>
  <w>går</w>
  <w>igen</w>
  <w>i</w>
  <w>hela</w>
  <w>Europa</w>
  <w>.</w>
  <w>Pojkar</w>
  <w>halkar</w>
  <w>efter</w>
  <w>i</w>
  <w>en</w>
  <w>skola</w>
  <w>som</w>
  <w>alltmer</w>
  <w>formas</w>
  <w>efter</w>
  <w>flickors</w>
  <w>specifika</w>
  <w>förutsättningar</w>
  <w>.</w>
  <w>Men</w>
  <w>det</w>
  <w>talas</w>
  <w>det</w>
  <w>knappast</w>
  <w>aldrig</w>
  <w>om</w>
  <w>.</w>
  <w>Istället</w>
  <absaspan id=15 senti=2>
    <w>ältas</w>
  </absaspan>
  <w>det</w>
  <absaspan id=16 senti=2>
    <w>ständigt</w>
  </absaspan>
  <w>om</w>
  <absaspan id=17>
    <w>hur</w>
    <w>svårt</w>
    <w>det</w>
    <w>är</w>
    <w>för</w>
    <w>tjejer</w>
    <w>att</w>
    <w>komma</w>
    <w>till</w>
    <w>sin</w>
    <w>rätt</w>
  </absaspan>
  <w>.</w>
  <absaspan id=18>
    <w>Krönikörer</w>
    <w>och</w>
    <w>debattörer</w>
    <w>–</w>
    <w>och</w>
    <w>nu</w>
    <w>också</w>
    <w>Peter</w>
    <w>Schildt</w>
  </absaspan>
  <w>–</w>
  <w>kan</w>
  <w>inte</w>
  <w>nog</w>
  <w>framhålla</w>
  <w>hur</w>
  <absaspan id=19>
    <w>flickor</w>
  </absaspan>
  <absaspan id=20 senti=2>
    <w>missgynnas</w>
  </absaspan>
  <absaspan id=21>
    <w>av</w>
    <w>det</w>
    <w>svenska</w>
    <w>skolsystemet</w>
  </absaspan>
  <w>som</w>
  <w>om</w>
  <w>det</w>
  <w>vore</w>
  <w>en</w>
  <w>universell</w>
  <w>sanning</w>
  <w>som</w>
  <w>inte</w>
  <w>får</w>
  <w>ifrågasättas</w>
  <w>.</w>
  <w>Men</w>
  <w>sanningar</w>
  <w>ska</w>
  <w>inte</w>
  <w>bara</w>
  <w>presenteras</w>
  <w>.</w>
  <w>De</w>
  <w>måste</w>
  <w>också</w>
  <w>värderas</w>
  <w>och</w>
  <w>analyseras</w>
  <w>.</w>
  <w>Och</w>
  <w>när</w>
  <w>man</w>
  <w>analyserar</w>
  <w>den</w>
  <w>så</w>
  <w>kallade</w>
  <w>"</w>
  <w>sanningen</w>
  <w>"</w>
  <w>om</w>
  <w>de</w>
  <w>tysta</w>
  <w>,</w>
  <w>förtryckta</w>
  <w>skolflickorna</w>
  <w>och</w>
  <w>de</w>
  <absaspan id=22 senti=2>
    <w>skrikiga</w>
    <w>och</w>
    <w>dominanta</w>
  </absaspan>
  <absaspan id=23>
    <w>pojkarna</w>
  </absaspan>
  <w>förnimmer</w>
  <w>man</w>
  <w>snart</w>
  <w>att</w>
  <w>den</w>
  <w>är</w>
  <w>en</w>
  <w>myt</w>
  <absaspan id=24>
    <w>.</w>
  </absaspan>
  <w>Statistiken</w>
  <w>visar</w>
  <w>att</w>
  <w>det</w>
  <w>är</w>
  <absaspan id=25>
    <w>pojkarna</w>
  </absaspan>
  <w>som</w>
  <absaspan id=26 senti=2>
    <w>missgynnas</w>
  </absaspan>
  <absaspan id=27>
    <w>av</w>
    <w>skolsystemet</w>
  </absaspan>
  <w>–</w>
  <w>inte</w>
  <w>flickorna</w>
  <w>.</w>
</absapar>
<absapar id=9>
  <w>Skräddarsydda</w>
  <w>kurser</w>
  <w>i</w>
  <w>ämnen</w>
  <w>som</w>
  <w>intresserar</w>
  <w>och</w>
  <w>engagerar</w>
  <w>både</w>
  <w>kropp</w>
  <w>och</w>
  <w>själ</w>
  <w>.</w>
</absapar>
<absapar id=10>
  <w>Någon</w>
  <w>Saga</w>
  <w>behövs</w>
  <w>alltså</w>
  <w>inte</w>
  <w>i</w>
  <w>skolan</w>
  <w>,</w>
  <w>i</w>
  <w>alla</w>
  <w>fall</w>
  <w>inte</w>
  <w>om</w>
  <w>man</w>
  <w>ska</w>
  <w>gå</w>
  <w>efter</w>
  <w>Skolverkets</w>
  <w>egna</w>
  <w>dokument</w>
  <w>.</w>
  <w>Men</w>
  <absaspan id=28 senti=4>
    <w>kanske</w>
    <w>behövs</w>
  </absaspan>
  <absaspan id=29>
    <w>en</w>
    <w>eller</w>
    <w>annan</w>
    <w>Tage</w>
    <w>som</w>
    <w>kan</w>
    <w>komma</w>
    <w>och</w>
    <w>frälsa</w>
    <w>pojkarna</w>
    <w>så</w>
    <w>att</w>
    <w>de</w>
    <w>blir</w>
    <w>tusen</w>
    <w>gånger</w>
    <w>starkare</w>
    <w>och</w>
    <w>kan</w>
    <w>ta</w>
    <w>för</w>
    <w>sig</w>
    <w>bättre</w>
  </absaspan>
  <w>.</w>
</absapar>
<absapar id=11>
  <w>BITTE</w>
  <w>ASSARMO</w>
  <w>.</w>
</absapar>
<absapar id=12>
  <w>fri</w>
  <w>skribent</w>
  <w>och</w>
  <w>debattör</w>
  <w>.</w>
</absapar>
<absapar id=13>
  <w>Redaktör</w>
  <w>:</w>
  <w>Carina</w>
  <w>Stensson</w>
  <w>,</w>
  <w>Biträdande</w>
  <w>redaktör</w>
  <w>:</w>
  <w>Björn</w>
  <w>Jorner</w>
  <w>,</w>
  <w>Mejl</w>
  <w>:</w>
  <w>debatt</w>
  <w>@</w>
  <w>svd.se</w>
  <w>,</w>
  <w>Telefonnummer</w>
  <w>:</w>
  <w>08</w>
  <w>-</w>
  <w>135149</w>
  <w>,</w>
  <w>Twitter</w>
  <w>:</w>
  <w>@</w>
  <w>SvDDebatt</w>
  <w>,</w>
  <w>Facebook</w>
  <w>:</w>
  <w>SvD</w>
  <w>Debatt</w>
  <w>.</w>
</absapar>
</absadoc>
