<absadoc annotators=1 senti=1>
<absatitle>
  <w>Tyskland</w>
  <w>drar</w>
  <w>i</w>
  <w>bromsen</w>
  <w>-</w>
  <absaspan id=1 senti=1 target=1>
    <w>asylfesten</w>
  </absaspan>
  <w>är</w>
  <w>slut</w>
  <w>.</w>
</absatitle>
<absapar id=1 senti=1>
  <w>Ja</w>
  <w>vad</w>
  <w>säger</w>
  <w>man</w>
  <w>.</w>
  <w>1.1</w>
  <w>miljoner</w>
  <w>och</w>
  <w>taharrush-festival</w>
  <w>och</w>
  <w>Merkel</w>
  <w>klarar</w>
  <w>inte</w>
  <w>av</w>
  <w>mer</w>
  <w>.</w>
  <absaspan id=2>
    <w>Hela</w>
    <w>Europa</w>
  </absaspan>
  <absaspan id=3 senti=1>
    <w>hatar</w>
  </absaspan>
  <absaspan id=4>
    <w>araber</w>
  </absaspan>
  <w>och</w>
  <w>kommer</w>
  <w>troligtvis</w>
  <w>göra</w>
  <w>det</w>
  <w>för</w>
  <w>all</w>
  <w>framtid</w>
  <w>.</w>
</absapar>
<absapar id=2>
  <w>#</w>
  <w>P</w>
  <w>IMM</w>
  <w>.</w>
  <absaspan id=5>
    <w>2015</w>
  </absaspan>
  <w>kommer</w>
  <w>gå</w>
  <w>till</w>
  <w>historien</w>
  <w>som</w>
  <absaspan id=6 senti=1>
    <w>det</w>
    <w>galnaste</w>
    <w>året</w>
    <w>i</w>
    <w>Europas</w>
    <w>historia</w>
  </absaspan>
  <w>.</w>
  <w>Året</w>
  <w>då</w>
  <w>politiker</w>
  <w>lyssnade</w>
  <w>på</w>
  <absaspan id=7 senti=1>
    <w>hjärndöda</w>
    <w>hippies</w>
  </absaspan>
  <w>.</w>
</absapar>
<absapar id=3>
  <w>#</w>
  <w>P</w>
  <w>IMM</w>
  <w>.</w>
  <w>2016</w>
  <w>-</w>
  <w>baksmällan</w>
  <w>har</w>
  <w>äntligen</w>
  <w>kommit</w>
  <w>.</w>
</absapar>
</absadoc>
