<absadoc annotators=1 senti=1>
<absatitle>
  <w>#</w>
  <w>T</w>
  <w>IMM</w>
  <w>.</w>
  <w>480</w>
  <w>000</w>
  <w>sexbrott</w>
  <w>mot</w>
  <w>kvinnor</w>
  <w>i</w>
  <w>Sverige</w>
  <w>:</w>
  <w>på</w>
  <w>ett</w>
  <w>år</w>
  <w>,</w>
  <w>bilden</w>
  <w>avslöjar</w>
  <w>"</w>
  <w>sanningen</w>
  <w>"</w>
  <w>.</w>
</absatitle>
<absapar id=1>
  <absaspan id=1>
    <w>Allt</w>
    <w>fler</w>
    <w>kvinnor</w>
  </absaspan>
  <w>säger</w>
  <w>sig</w>
  <w>vara</w>
  <absaspan id=2 senti=1>
    <w>utsatta</w>
    <w>för</w>
    <w>sexualbrott</w>
  </absaspan>
  <w>.</w>
  <w>Nya</w>
  <w>siffror</w>
  <w>från</w>
  <w>Brå</w>
  <w>visar</w>
  <w>att</w>
  <w>480</w>
  <w>000</w>
  <w>händelser</w>
  <absaspan id=3 senti=1>
    <w>drabbade</w>
  </absaspan>
  <absaspan id=4>
    <w>svenska</w>
    <w>kvinnor</w>
  </absaspan>
  <w>under</w>
  <w>2015</w>
  <w>.</w>
  <w>Det</w>
  <w>är</w>
  <w>fler</w>
  <w>än</w>
  <w>något</w>
  <w>tidigare</w>
  <w>år</w>
  <w>.</w>
</absapar>
<absapar id=2>
  <w>"</w>
  <w>Vi</w>
  <w>kan</w>
  <w>inte</w>
  <w>säga</w>
  <w>vad</w>
  <w>det</w>
  <w>beror</w>
  <w>på</w>
  <w>.</w>
  <w>Den</w>
  <w>här</w>
  <w>undersökningen</w>
  <w>innehåller</w>
  <w>inte</w>
  <w>de</w>
  <w>verktygen</w>
  <w>,</w>
  <w>"</w>
  <w>.</w>
</absapar>
<absapar id=3>
  <w>Ja</w>
  <w>vet</w>
  <w>vad</w>
  <w>det</w>
  <w>beror</w>
  <w>på</w>
  <w>!</w>
  <w>.</w>
</absapar>
<absapar id=4>
  <w>Det</w>
  <w>är</w>
  <w>en</w>
  <w>vit</w>
  <w>man</w>
  <w>som</w>
  <w>givetvis</w>
  <w>tafsar</w>
  <w>på</w>
  <w>en</w>
  <w>mörkhyad</w>
  <w>tjej</w>
  <w>.</w>
  <w>Det</w>
  <w>är</w>
  <w>helt</w>
  <w>klart</w>
  <w>att</w>
  <w>vita</w>
  <w>män</w>
  <w>är</w>
  <w>överrepresenterade</w>
  <w>att</w>
  <w>tafsa</w>
  <w>på</w>
  <w>kvinnor</w>
  <w>?</w>
  <w>Detta</w>
  <w>gäller</w>
  <w>även</w>
  <w>i</w>
  <w>Sverige</w>
  <w>eftersom</w>
  <w>artikel</w>
  <w>handlar</w>
  <w>om</w>
  <w>just</w>
  <w>Sverige</w>
  <w>.</w>
</absapar>
<absapar id=5>
  <w>I</w>
  <w>texten</w>
  <w>säger</w>
  <w>man</w>
  <w>sig</w>
  <w>veta</w>
  <w>varför</w>
  <w>det</w>
  <w>ökar</w>
  <w>.</w>
</absapar>
<absapar id=6>
  <w>Det</w>
  <w>första</w>
  <w>man</w>
  <w>brukar</w>
  <w>göra</w>
  <w>är</w>
  <w>att</w>
  <w>blunda</w>
  <w>och</w>
  <w>att</w>
  <w>skylla</w>
  <w>på</w>
  <w>något</w>
  <w>annat</w>
  <w>.</w>
</absapar>
<absapar id=7>
  <w>Att</w>
  <w>det</w>
  <w>ökar</w>
  <w>med</w>
  <w>sexbrott</w>
  <w>beror</w>
  <w>givetvis</w>
  <w>på</w>
  <w>att</w>
  <w>det</w>
  <w>är</w>
  <w>fler</w>
  <w>som</w>
  <w>vågar</w>
  <w>anmäla</w>
  <w>.</w>
  <absaspan id=5>
    <w>Detta</w>
  </absaspan>
  <w>är</w>
  <absaspan id=6 senti=3>
    <w>ett</w>
    <w>utmärkt</w>
    <w>exempel</w>
  </absaspan>
  <w>på</w>
  <w>att</w>
  <absaspan id=7 senti=1>
    <w>vilseleda</w>
    <w>människor</w>
  </absaspan>
  <w>.</w>
  <w>Givetvis</w>
  <w>vågar</w>
  <w>fler</w>
  <w>anmäla</w>
  <w>,</w>
  <w>men</w>
  <w>det</w>
  <w>är</w>
  <w>även</w>
  <w>högre</w>
  <w>nivån</w>
  <w>att</w>
  <w>personer</w>
  <w>tvekar</w>
  <w>anmäla</w>
  <w>idag</w>
  <w>eftersom</w>
  <w>de</w>
  <w>vet</w>
  <w>att</w>
  <w>åtalat</w>
  <w>läggs</w>
  <w>ner</w>
  <w>på</w>
  <w>löpande</w>
  <w>band</w>
  <w>.</w>
  <absaspan id=8 senti=3>
    <w>Märkligt</w>
  </absaspan>
  <absaspan id=9>
    <w>att</w>
    <w>inte</w>
    <w>Finland</w>
    <w>har</w>
    <w>denna</w>
    <w>höga</w>
    <w>statistik</w>
    <w>på</w>
    <w>sexbrott</w>
  </absaspan>
  <w>.</w>
  <w>Måste</w>
  <w>bero</w>
  <w>på</w>
  <w>spriten</w>
  <w>.</w>
</absapar>
<absapar id=8>
  <w>Att</w>
  <w>sexuella</w>
  <w>brott</w>
  <w>ökade</w>
  <w>dramatiskt</w>
  <w>i</w>
  <w>somras</w>
  <w>beror</w>
  <w>inte</w>
  <w>heller</w>
  <w>på</w>
  <w>något</w>
  <w>annat</w>
  <w>än</w>
  <w>vädret</w>
  <w>!</w>
  <w>.</w>
</absapar>
<absapar id=9>
  <w>Det</w>
  <w>är</w>
  <w>vädret</w>
  <w>fel</w>
  <w>att</w>
  <w>kvinnor</w>
  <w>blir</w>
  <w>våldtagna</w>
  <w>!</w>
  <absaspan id=10 senti=1>
    <w>.</w>
  </absaspan>
</absapar>
<absapar id=10>
  <w>Vad</w>
  <w>skyller</w>
  <w>man</w>
  <w>på</w>
  <w>nu</w>
  <w>när</w>
  <w>det</w>
  <w>är</w>
  <w>kallt</w>
  <w>ute</w>
  <w>?</w>
  <w>Att</w>
  <w>våldtäktsmannen</w>
  <w>frös</w>
  <w>och</w>
  <w>försöka</w>
  <w>värma</w>
  <w>sig</w>
  <w>i</w>
  <w>kvinnans</w>
  <w>jacka</w>
  <w>?</w>
  <w>.</w>
</absapar>
<absapar id=11>
  <w>tack</w>
  <w>och</w>
  <w>lov</w>
  <w>för</w>
  <w>Norge</w>
  <w>långt</w>
  <w>upp</w>
  <w>i</w>
  <w>skogen</w>
  <w>!</w>
  <w>slipper</w>
  <w>se</w>
  <w>skiten</w>
  <w>.</w>
  <absaspan id=11 senti=3>
    <w>tycker</w>
    <w>synd</w>
    <w>om</w>
  </absaspan>
  <absaspan id=12>
    <w>kvinnorna</w>
  </absaspan>
  <w>.</w>
</absapar>
</absadoc>
