<absadoc annotators=1 senti=>
<absatitle>
  <w>Vi</w>
  <w>behöver</w>
  <w>en</w>
  <w>mångfald</w>
  <w>av</w>
  <w>boendeformer</w>
  <w>.</w>
</absatitle>
<absapar id=1>
  <w>Stockholm</w>
  <w>behöver</w>
  <w>olika</w>
  <w>typer</w>
  <w>av</w>
  <w>boenden</w>
  <w>i</w>
  <w>hela</w>
  <w>staden</w>
  <w>.</w>
  <w>Det</w>
  <w>motverkar</w>
  <w>segregation</w>
  <w>och</w>
  <w>ombildningar</w>
  <w>ger</w>
  <w>kommunen</w>
  <w>intäkter</w>
  <w>som</w>
  <w>går</w>
  <w>till</w>
  <w>renoveringar</w>
  <w>och</w>
  <w>nya</w>
  <w>bostäder</w>
  <w>.</w>
  <w>Det</w>
  <w>skriver</w>
  <w>Alliansens</w>
  <w>gruppledare</w>
  <w>i</w>
  <w>Stockholms</w>
  <w>stad</w>
  <w>i</w>
  <w>ett</w>
  <w>svar</w>
  <w>till</w>
  <w>Karin</w>
  <w>Wanngård</w>
  <w>(</w>
  <w>S</w>
  <w>)</w>
  <w>.</w>
</absapar>
<absapar id=2>
  <absaspan id=1>
    <w>Socialdemokraterna</w>
    <w>i</w>
    <w>Stockholm</w>
  </absaspan>
  <absaspan id=2 senti=2>
    <w>vill</w>
    <w>inte</w>
  </absaspan>
  <w>att</w>
  <w>människor</w>
  <w>i</w>
  <w>ytterstaden</w>
  <absaspan id=3 senti=2>
    <w>ska</w>
  </absaspan>
  <absaspan id=4 senti=2>
    <w>få</w>
    <w>möjlighet</w>
    <w>att</w>
    <w>äga</w>
  </absaspan>
  <w>sina</w>
  <w>bostäder</w>
  <w>(</w>
  <w>SvD</w>
  <w>Debatt</w>
  <w>15</w>
  <w>/</w>
  <w>3</w>
  <w>)</w>
  <w>.</w>
  <w>Den</w>
  <w>rödgrönrosa</w>
  <w>majoriteten</w>
  <w>har</w>
  <w>stoppat</w>
  <w>alla</w>
  <w>ombildningar</w>
  <w>.</w>
  <w>Men</w>
  <w>det</w>
  <w>hårdnackade</w>
  <w>motståndet</w>
  <w>delar</w>
  <w>inte</w>
  <w>Karin</w>
  <w>Wanngård</w>
  <w>(</w>
  <w>S</w>
  <w>)</w>
  <w>med</w>
  <w>sina</w>
  <w>partikollegor</w>
  <w>runt</w>
  <w>om</w>
  <w>i</w>
  <w>Sverige</w>
  <w>.</w>
  <w>I</w>
  <w>exempelvis</w>
  <w>S-ledda</w>
  <w>Malmö</w>
  <w>har</w>
  <w>de</w>
  <w>kommunala</w>
  <w>bostadsbolagen</w>
  <w>givit</w>
  <w>människor</w>
  <w>i</w>
  <w>hyresrätter</w>
  <w>chansen</w>
  <w>att</w>
  <w>äga</w>
  <w>sitt</w>
  <w>boende</w>
  <w>.</w>
</absapar>
<absapar id=3>
  <w>Det</w>
  <w>här</w>
  <w>är</w>
  <w>en</w>
  <w>argumenterande</w>
  <w>text</w>
  <w>med</w>
  <w>syfte</w>
  <w>att</w>
  <w>påverka</w>
  <w>.</w>
  <w>Åsikterna</w>
  <w>som</w>
  <w>uttrycks</w>
  <w>är</w>
  <w>skribentens</w>
  <w>egna</w>
  <w>.</w>
</absapar>
<absapar id=4>
  <w>Socialdemokraterna</w>
  <w>frågar</w>
  <w>hur</w>
  <w>många</w>
  <w>bostäder</w>
  <w>vi</w>
  <w>vill</w>
  <w>"</w>
  <w>sälja</w>
  <w>ut</w>
  <w>"</w>
  <w>.</w>
  <w>Svaret</w>
  <w>är</w>
  <w>noll</w>
  <w>.</w>
  <w>Vad</w>
  <w>vi</w>
  <w>vill</w>
  <w>är</w>
  <w>att</w>
  <w>låta</w>
  <w>människor</w>
  <w>i</w>
  <w>områden</w>
  <w>i</w>
  <w>ytterstaden</w>
  <w>,</w>
  <w>där</w>
  <w>det</w>
  <w>nästan</w>
  <w>enbart</w>
  <w>eller</w>
  <w>enbart</w>
  <w>finns</w>
  <w>hyresrätter</w>
  <w>,</w>
  <w>välja</w>
  <w>om</w>
  <w>de</w>
  <w>vill</w>
  <w>bilda</w>
  <w>bostadsrättsförening</w>
  <w>.</w>
  <w>Vad</w>
  <w>är</w>
  <w>då</w>
  <w>vinsten</w>
  <w>med</w>
  <w>detta</w>
  <w>?</w>
  <w>Jo</w>
  <w>,</w>
  <w>genom</w>
  <w>att</w>
  <absaspan id=5>
    <w>skapa</w>
    <w>områden</w>
    <w>med</w>
    <w>både</w>
    <w>hyresrätter</w>
    <w>och</w>
    <w>bostadsrätter</w>
    <w>i</w>
    <w>hela</w>
    <w>staden</w>
  </absaspan>
  <absaspan id=6 senti=4>
    <w>kan</w>
  </absaspan>
  <w>vi</w>
  <absaspan id=7 senti=4>
    <w>bryta</w>
  </absaspan>
  <absaspan id=8 senti=4>
    <w>segregationen</w>
  </absaspan>
  <w>.</w>
  <absaspan id=9>
    <w>Människor</w>
  </absaspan>
  <absaspan id=10>
    <w>kan</w>
    <w>då</w>
    <w>byta</w>
    <w>bostad</w>
    <w>allteftersom</w>
    <w>livet</w>
    <w>förändras</w>
  </absaspan>
  <w>,</w>
  <w>när</w>
  <w>barnen</w>
  <w>kommer</w>
  <w>eller</w>
  <w>flyttar</w>
  <w>ut</w>
  <w>,</w>
  <w>bo</w>
  <w>kvar</w>
  <w>i</w>
  <w>samma</w>
  <w>område</w>
  <w>om</w>
  <w>man</w>
  <w>vill</w>
  <w>eller</w>
  <w>flytta</w>
  <w>om</w>
  <w>man</w>
  <w>vill</w>
  <w>.</w>
  <absaspan id=11>
    <w>På</w>
    <w>så</w>
    <w>sätt</w>
  </absaspan>
  <absaspan id=12 senti=4>
    <w>stärker</w>
  </absaspan>
  <w>vi</w>
  <w>den</w>
  <w>sociala</w>
  <w>integrationen</w>
  <w>och</w>
  <w>ökar</w>
  <w>människors</w>
  <w>möjligheter</w>
  <w>att</w>
  <w>välja</w>
  <w>hur</w>
  <w>de</w>
  <w>vill</w>
  <w>bo</w>
  <w>.</w>
</absapar>
<absapar id=5>
  <w>Hyresrätten</w>
  <w>behövs</w>
  <w>självklart</w>
  <w>.</w>
  <w>Vi</w>
  <w>måste</w>
  <w>därför</w>
  <w>bygga</w>
  <w>fler</w>
  <w>hyresrätter</w>
  <w>,</w>
  <w>samtidigt</w>
  <w>som</w>
  <w>ombildningarna</w>
  <w>i</w>
  <w>de</w>
  <w>delar</w>
  <w>av</w>
  <w>staden</w>
  <w>där</w>
  <w>bostadsrätter</w>
  <w>är</w>
  <w>dominerande</w>
  <w>är</w>
  <w>avslutade</w>
  <w>.</w>
  <w>Det</w>
  <w>är</w>
  <w>just</w>
  <w>själva</w>
  <w>blandningen</w>
  <w>som</w>
  <w>är</w>
  <w>viktig</w>
  <w>för</w>
  <w>en</w>
  <w>socialt</w>
  <w>sammanhållen</w>
  <w>stad</w>
  <w>.</w>
</absapar>
<absapar id=6>
  <w>När</w>
  <w>Stockholm</w>
  <w>växer</w>
  <w>behöver</w>
  <w>vi</w>
  <w>också</w>
  <w>intäkter</w>
  <w>,</w>
  <w>inte</w>
  <w>minst</w>
  <w>för</w>
  <w>att</w>
  <w>rusta</w>
  <w>upp</w>
  <w>i</w>
  <w>miljonprogrammets</w>
  <w>stadsdelar</w>
  <w>.</w>
  <absaspan id=13>
    <w>Vi</w>
  </absaspan>
  <w>ser</w>
  <w>nu</w>
  <w>hur</w>
  <absaspan id=14>
    <w>Socialdemokraterna</w>
  </absaspan>
  <absaspan id=15 senti=2>
    <w>prioriterar</w>
    <w>ned</w>
    <w>investeringar</w>
  </absaspan>
  <w>i</w>
  <w>befintliga</w>
  <w>bostäder</w>
  <w>på</w>
  <w>grund</w>
  <w>av</w>
  <w>att</w>
  <w>det</w>
  <w>saknas</w>
  <w>ekonomiska</w>
  <w>förutsättningar</w>
  <w>.</w>
  <w>Det</w>
  <w>blir</w>
  <w>konsekvensen</w>
  <w>när</w>
  <w>Socialdemokraterna</w>
  <w>ständigt</w>
  <w>lånar</w>
  <w>istället</w>
  <w>för</w>
  <w>att</w>
  <w>låta</w>
  <w>de</w>
  <w>människor</w>
  <w>som</w>
  <w>vill</w>
  <w>ombilda</w>
  <w>sina</w>
  <w>lägenheter</w>
  <w>.</w>
</absapar>
<absapar id=7>
  <absaspan id=16>
    <w>Vi</w>
  </absaspan>
  <w>är</w>
  <absaspan id=17 senti=4>
    <w>stolta</w>
  </absaspan>
  <w>över</w>
  <w>vad</w>
  <absaspan id=18>
    <w>Alliansen</w>
  </absaspan>
  <w>uträttade</w>
  <w>när</w>
  <w>vi</w>
  <w>styrde</w>
  <w>Stockholm</w>
  <w>tillsammans</w>
  <w>förra</w>
  <w>mandatperioden</w>
  <w>.</w>
  <w>Vi</w>
  <w>rustade</w>
  <w>exempelvis</w>
  <w>upp</w>
  <w>2</w>
  <w>000</w>
  <w>lägenheter</w>
  <w>i</w>
  <w>Järva</w>
  <w>.</w>
  <w>Hyresgästerna</w>
  <w>fick</w>
  <w>välja</w>
  <w>mellan</w>
  <w>tre</w>
  <w>olika</w>
  <w>hyresnivåer</w>
  <w>och</w>
  <w>85</w>
  <w>procent</w>
  <w>av</w>
  <w>dem</w>
  <w>valde</w>
  <w>att</w>
  <w>flytta</w>
  <w>tillbaka</w>
  <w>.</w>
  <w>När</w>
  <w>vi</w>
  <w>styrde</w>
  <w>gick</w>
  <w>hälften</w>
  <w>av</w>
  <w>alla</w>
  <w>markanvisningar</w>
  <w>till</w>
  <w>hyresrätter</w>
  <w>och</w>
  <w>41,3</w>
  <w>procent</w>
  <w>av</w>
  <w>alla</w>
  <w>lägenheter</w>
  <w>som</w>
  <w>byggdes</w>
  <w>var</w>
  <w>hyresrätter</w>
  <w>.</w>
  <w>Vår</w>
  <w>ambition</w>
  <w>nu</w>
  <w>är</w>
  <w>50</w>
  <w>000</w>
  <w>nya</w>
  <w>bostäder</w>
  <w>till</w>
  <w>2020</w>
  <w>,</w>
  <w>där</w>
  <w>målet</w>
  <w>är</w>
  <w>att</w>
  <w>hälften</w>
  <w>av</w>
  <w>de</w>
  <w>bostäder</w>
  <w>som</w>
  <w>byggs</w>
  <w>är</w>
  <w>hyresrätter</w>
  <w>.</w>
</absapar>
<absapar id=8>
  <absaspan id=19>
    <w>Socialdemokraterna</w>
  </absaspan>
  <w>bedriver</w>
  <absaspan id=20 senti=2>
    <w>en</w>
    <w>politik</w>
    <w>som</w>
    <w>förvägrar</w>
  </absaspan>
  <w>människor</w>
  <w>i</w>
  <w>ytterstaden</w>
  <w>samma</w>
  <w>möjlighet</w>
  <w>till</w>
  <w>inflytande</w>
  <w>över</w>
  <w>sitt</w>
  <w>boende</w>
  <w>som</w>
  <w>andra</w>
  <w>.</w>
  <absaspan id=21>
    <w>Deras</w>
    <w>politik</w>
  </absaspan>
  <absaspan id=22 senti=2>
    <w>är</w>
    <w>ansvarslös</w>
  </absaspan>
  <w>då</w>
  <absaspan id=23>
    <w>de</w>
  </absaspan>
  <absaspan id=24 senti=2>
    <w>av</w>
    <w>dogmatiska</w>
    <w>skäl</w>
  </absaspan>
  <w>lånar</w>
  <w>till</w>
  <w>investeringar</w>
  <w>och</w>
  <w>nyproduktion</w>
  <w>istället</w>
  <w>för</w>
  <w>att</w>
  <w>säkra</w>
  <w>upp</w>
  <w>intäkter</w>
  <w>genom</w>
  <w>försäljningar</w>
  <w>.</w>
  <w>Prognoserna</w>
  <w>visar</w>
  <w>att</w>
  <absaspan id=25>
    <w>stockholmarnas</w>
    <w>skuldbörda</w>
  </absaspan>
  <w>kommer</w>
  <w>att</w>
  <w>mer</w>
  <w>än</w>
  <w>fördubblas</w>
  <w>fram</w>
  <w>till</w>
  <w>valet</w>
  <w>och</w>
  <absaspan id=26 senti=2>
    <w>kommer</w>
    <w>att</w>
    <w>uppgå</w>
    <w>till</w>
    <w>hisnande</w>
  </absaspan>
  <w>50</w>
  <w>miljarder</w>
  <w>–</w>
  <w>i</w>
  <w>ett</w>
  <w>läge</w>
  <w>där</w>
  <w>konjunkturen</w>
  <w>sannolikt</w>
  <w>snart</w>
  <w>går</w>
  <w>nedåt</w>
  <w>och</w>
  <w>räntorna</w>
  <w>kommer</w>
  <w>att</w>
  <w>stiga</w>
  <w>.</w>
  <w>Det</w>
  <w>är</w>
  <w>en</w>
  <w>fråga</w>
  <w>att</w>
  <w>ta</w>
  <w>på</w>
  <w>största</w>
  <w>allvar</w>
  <w>.</w>
</absapar>
<absapar id=9>
  <w>Skräddarsydda</w>
  <w>kurser</w>
  <w>i</w>
  <w>ämnen</w>
  <w>som</w>
  <w>intresserar</w>
  <w>och</w>
  <w>engagerar</w>
  <w>både</w>
  <w>kropp</w>
  <w>och</w>
  <w>själ</w>
  <w>.</w>
</absapar>
<absapar id=10>
  <w>Så</w>
  <w>,</w>
  <w>ja</w>
  <w>,</w>
  <w>Karin</w>
  <w>Wanngård</w>
  <w>,</w>
  <w>till</w>
  <w>skillnad</w>
  <w>från</w>
  <w>dig</w>
  <w>kommer</w>
  <w>vi</w>
  <w>ge</w>
  <w>människor</w>
  <w>i</w>
  <w>ytterstaden</w>
  <w>chansen</w>
  <w>att</w>
  <w>själva</w>
  <w>äga</w>
  <w>sitt</w>
  <w>boende</w>
  <w>.</w>
  <w>Det</w>
  <w>är</w>
  <w>en</w>
  <w>av</w>
  <w>alla</w>
  <w>åtgärder</w>
  <w>,</w>
  <w>tillsammans</w>
  <w>med</w>
  <absaspan id=27 senti=4>
    <w>investeringar</w>
    <w>i</w>
    <w>trygghet</w>
  </absaspan>
  <w>,</w>
  <w>i</w>
  <w>Stockholms</w>
  <w>skolor</w>
  <w>och</w>
  <w>i</w>
  <w>det</w>
  <w>sociala</w>
  <w>skyddsnätet</w>
  <w>som</w>
  <absaspan id=28>
    <w>vi</w>
  </absaspan>
  <w>kommer</w>
  <w>att</w>
  <w>göra</w>
  <w>för</w>
  <w>att</w>
  <absaspan id=29 senti=4>
    <w>ge</w>
  </absaspan>
  <w>människor</w>
  <absaspan id=30 senti=4>
    <w>mer</w>
  </absaspan>
  <absaspan id=31 senti=4>
    <w>frihet</w>
    <w>och</w>
    <w>ökad</w>
    <w>framtidstro</w>
  </absaspan>
  <w>.</w>
  <w>Det</w>
  <w>är</w>
  <w>ett</w>
  <w>vallöfte</w>
  <w>.</w>
</absapar>
<absapar id=11>
  <w>Anna</w>
  <w>König</w>
  <w>Jerlmyr</w>
  <w>(</w>
  <w>M</w>
  <w>)</w>
  <w>gruppledare</w>
  <w>och</w>
  <w>oppositionsborgarråd</w>
  <w>.</w>
</absapar>
<absapar id=12>
  <w>Lotta</w>
  <w>Edholm</w>
  <w>(</w>
  <w>L</w>
  <w>)</w>
  <w>gruppledare</w>
  <w>och</w>
  <w>oppositionsborgarråd</w>
  <w>.</w>
</absapar>
<absapar id=13>
  <w>Karin</w>
  <w>Ernlund</w>
  <w>(</w>
  <w>C</w>
  <w>)</w>
  <w>gruppledare</w>
  <w>.</w>
</absapar>
<absapar id=14>
  <w>Erik</w>
  <w>Slottner</w>
  <w>(</w>
  <w>KD</w>
  <w>)</w>
  <w>gruppledare</w>
  <w>.</w>
</absapar>
<absapar id=15>
  <w>Redaktör</w>
  <w>:</w>
  <w>Carina</w>
  <w>Stensson</w>
  <w>,</w>
  <w>Biträdande</w>
  <w>redaktör</w>
  <w>:</w>
  <w>Björn</w>
  <w>Jorner</w>
  <w>,</w>
  <w>Mejl</w>
  <w>:</w>
  <w>debatt</w>
  <w>@</w>
  <w>svd.se</w>
  <w>,</w>
  <w>Telefonnummer</w>
  <w>:</w>
  <w>08</w>
  <w>-</w>
  <w>135149</w>
  <w>,</w>
  <w>Twitter</w>
  <w>:</w>
  <w>@</w>
  <w>SvDDebatt</w>
  <w>,</w>
  <w>Facebook</w>
  <w>:</w>
  <w>SvD</w>
  <w>Debatt</w>
  <w>.</w>
</absapar>
</absadoc>
