<absadoc annotators=1 senti=>
<absatitle>
  <absaspan id=1>
    <w>Sverige</w>
  </absaspan>
  <absaspan id=2 senti=2 target=1>
    <w>har</w>
    <w>inte</w>
    <w>råd</w>
    <w>att</w>
    <w>tappa</w>
  </absaspan>
  <w>värdefull</w>
  <w>vattenkraft</w>
  <w>.</w>
</absatitle>
<absapar id=1>
  <absaspan id=3>
    <w>Vattenverksamhetsutredningens</w>
  </absaspan>
  <absaspan id=4>
    <w>förslag</w>
  </absaspan>
  <absaspan id=5 senti=2>
    <w>hotar</w>
  </absaspan>
  <w>satsningarna</w>
  <w>på</w>
  <w>ett</w>
  <w>fossilfritt</w>
  <w>energisystem</w>
  <w>och</w>
  <absaspan id=6 senti=2>
    <w>riskerar</w>
  </absaspan>
  <w>minska</w>
  <w>industrins</w>
  <w>konkurrenskraft</w>
  <w>genom</w>
  <w>ökade</w>
  <w>kostnader</w>
  <w>för</w>
  <w>el</w>
  <w>,</w>
  <w>skriver</w>
  <w>Jan</w>
  <w>Johansson</w>
  <w>,</w>
  <w>SCA</w>
  <w>,</w>
  <w>och</w>
  <w>Annika</w>
  <w>Lundius</w>
  <w>,</w>
  <w>Svenskt</w>
  <w>Näringsliv</w>
  <w>.</w>
</absapar>
<absapar id=2>
  <absaspan id=7>
    <w>Förslagen</w>
    <w>som</w>
    <w>läggs</w>
  </absaspan>
  <w>river</w>
  <w>upp</w>
  <w>ett</w>
  <w>helt</w>
  <w>system</w>
  <w>och</w>
  <absaspan id=8 senti=2>
    <w>kommer</w>
    <w>att</w>
    <w>få</w>
    <w>stora</w>
    <w>konsekvenser.Jan</w>
  </absaspan>
  <w>Johansson</w>
  <w>,</w>
  <w>och</w>
  <w>Annika</w>
  <w>Lundius</w>
  <w>.</w>
</absapar>
<absapar id=3>
  <w>Det</w>
  <w>här</w>
  <w>är</w>
  <w>en</w>
  <w>argumenterande</w>
  <w>text</w>
  <w>med</w>
  <w>syfte</w>
  <w>att</w>
  <w>påverka</w>
  <w>.</w>
  <w>Åsikterna</w>
  <w>som</w>
  <w>uttrycks</w>
  <w>är</w>
  <w>skribentens</w>
  <w>egna</w>
  <w>.</w>
</absapar>
<absapar id=4>
  <w>När</w>
  <absaspan id=9>
    <w>Barack</w>
  </absaspan>
  <absaspan id=10>
    <w>Obama</w>
  </absaspan>
  <w>var</w>
  <w>i</w>
  <w>Sverige</w>
  <w>för</w>
  <w>några</w>
  <w>veckor</w>
  <w>sedan</w>
  <w>,</w>
  <absaspan id=11 senti=4>
    <w>berömde</w>
  </absaspan>
  <absaspan id=12>
    <w>han</w>
  </absaspan>
  <absaspan id=13>
    <w>den</w>
    <w>svenska</w>
    <w>energipolitiken</w>
  </absaspan>
  <w>.</w>
  <absaspan id=14>
    <w>Han</w>
  </absaspan>
  <absaspan id=15 senti=4>
    <w>konstaterade</w>
    <w>att</w>
  </absaspan>
  <absaspan id=16>
    <w>vi</w>
  </absaspan>
  <absaspan id=17 senti=4>
    <w>har</w>
  </absaspan>
  <absaspan id=18 senti=4>
    <w>lyckats</w>
  </absaspan>
  <w>att</w>
  <w>bryta</w>
  <w>sambandet</w>
  <w>mellan</w>
  <w>tillväxt</w>
  <w>och</w>
  <w>ökande</w>
  <w>koldioxidutsläpp</w>
  <w>.</w>
  <w>Det</w>
  <w>är</w>
  <w>något</w>
  <w>vi</w>
  <w>ska</w>
  <w>vara</w>
  <w>stolta</w>
  <w>över</w>
  <w>.</w>
  <absaspan id=19>
    <w>Sverige</w>
  </absaspan>
  <absaspan id=20 senti=4>
    <w>har</w>
    <w>lyckats</w>
  </absaspan>
  <w>med</w>
  <w>detta</w>
  <w>tack</w>
  <w>vare</w>
  <w>vår</w>
  <w>kärnkraft</w>
  <w>och</w>
  <w>vår</w>
  <w>vattenkraft</w>
  <w>.</w>
  <w>Vi</w>
  <w>har</w>
  <w>skapat</w>
  <w>ett</w>
  <w>elsystem</w>
  <w>där</w>
  <w>fossila</w>
  <w>bränslen</w>
  <w>i</w>
  <w>princip</w>
  <w>inte</w>
  <w>behövs</w>
  <w>:</w>
  <w>97</w>
  <w>procent</w>
  <w>av</w>
  <w>vår</w>
  <w>elproduktion</w>
  <w>sker</w>
  <w>utan</w>
  <w>koldioxidutsläpp</w>
  <w>.</w>
</absapar>
<absapar id=5>
  <w>Satsningen</w>
  <w>på</w>
  <w>vattenkraft</w>
  <w>har</w>
  <w>handlat</w>
  <w>om</w>
  <w>att</w>
  <w>förse</w>
  <w>industrin</w>
  <w>med</w>
  <w>el</w>
  <w>,</w>
  <w>men</w>
  <w>vattenkraften</w>
  <w>har</w>
  <w>också</w>
  <w>bidragit</w>
  <w>till</w>
  <w>att</w>
  <w>ersätta</w>
  <w>fossila</w>
  <w>bränslen</w>
  <w>.</w>
  <w>Genom</w>
  <absaspan id=21>
    <w>vattenkraften</w>
  </absaspan>
  <w>har</w>
  <w>vi</w>
  <w>fått</w>
  <w>en</w>
  <w>förnybar</w>
  <w>och</w>
  <w>billig</w>
  <w>energikälla</w>
  <w>.</w>
  <w>Vattenkraftens</w>
  <w>möjlighet</w>
  <w>att</w>
  <w>lagras</w>
  <w>i</w>
  <w>dammar</w>
  <w>och</w>
  <w>regleras</w>
  <w>gör</w>
  <w>att</w>
  <w>vi</w>
  <w>enkelt</w>
  <w>kan</w>
  <w>anpassa</w>
  <w>elproduktionen</w>
  <w>mot</w>
  <w>efterfrågan</w>
  <w>på</w>
  <w>el</w>
  <w>och</w>
  <w>variationen</w>
  <w>i</w>
  <w>annan</w>
  <w>elproduktion</w>
  <w>.</w>
  <absaspan id=22>
    <w>Den</w>
  </absaspan>
  <absaspan id=23 senti=4>
    <w>är</w>
    <w>särskilt</w>
    <w>viktig</w>
  </absaspan>
  <w>i</w>
  <w>ett</w>
  <w>energisystem</w>
  <w>som</w>
  <w>får</w>
  <w>allt</w>
  <w>mer</w>
  <w>väderberoende</w>
  <w>kraft</w>
  <w>,</w>
  <w>som</w>
  <w>sol</w>
  <w>-</w>
  <w>och</w>
  <w>vindkraft</w>
  <w>.</w>
  <absaspan id=24>
    <w>Vattenkraften</w>
  </absaspan>
  <absaspan id=25 senti=5>
    <w>är</w>
  </absaspan>
  <w>därför</w>
  <w>ur</w>
  <w>ett</w>
  <w>energisystemperspektiv</w>
  <absaspan id=26 senti=5>
    <w>överlägsen</w>
  </absaspan>
  <w>alla</w>
  <w>andra</w>
  <w>kraftkällor</w>
  <w>.</w>
</absapar>
<absapar id=6>
  <w>Den</w>
  <w>första</w>
  <w>oktober</w>
  <absaspan id=27>
    <w>presenterade</w>
  </absaspan>
  <absaspan id=28>
    <w>Vattenverksamhetsutredningen</w>
  </absaspan>
  <absaspan id=29>
    <w>sitt</w>
    <w>delbetänkande</w>
    <w>"</w>
    <w>Ny</w>
    <w>tid</w>
    <w>ny</w>
    <w>prövning</w>
    <w>"</w>
  </absaspan>
  <w>.</w>
  <absaspan id=30>
    <w>Utredningens</w>
    <w>förslag</w>
  </absaspan>
  <absaspan id=31 senti=2>
    <w>hotar</w>
  </absaspan>
  <w>satsningarna</w>
  <w>på</w>
  <w>ett</w>
  <w>fossilfritt</w>
  <w>energisystem</w>
  <w>och</w>
  <absaspan id=32 senti=2>
    <w>riskerar</w>
  </absaspan>
  <w>minska</w>
  <w>industrins</w>
  <w>konkurrenskraft</w>
  <w>genom</w>
  <w>ökade</w>
  <w>kostnader</w>
  <w>för</w>
  <w>el</w>
  <w>.</w>
</absapar>
<absapar id=7>
  <w>Utredningen</w>
  <w>föreslår</w>
  <w>att</w>
  <w>all</w>
  <w>vattenverksamhet</w>
  <w>som</w>
  <w>fått</w>
  <w>tillstånd</w>
  <w>före</w>
  <w>1999</w>
  <w>ska</w>
  <w>prövas</w>
  <w>som</w>
  <w>om</w>
  <w>den</w>
  <w>är</w>
  <w>ny</w>
  <w>verksamhet</w>
  <w>.</w>
  <w>Detta</w>
  <w>innebär</w>
  <w>exempelvis</w>
  <w>att</w>
  <w>existerande</w>
  <w>vattenkraftverk</w>
  <w>på</w>
  <w>grund</w>
  <w>av</w>
  <w>förhållanden</w>
  <w>som</w>
  <w>tillkommit</w>
  <w>efter</w>
  <w>att</w>
  <w>de</w>
  <w>uppfördes</w>
  <w>kan</w>
  <w>komma</w>
  <w>att</w>
  <w>förlora</w>
  <w>sitt</w>
  <w>tillstånd</w>
  <w>och</w>
  <w>måste</w>
  <w>rivas</w>
  <w>.</w>
  <w>Den</w>
  <w>som</w>
  <w>har</w>
  <w>en</w>
  <w>vattenverksamhet</w>
  <w>förlorar</w>
  <w>i</w>
  <w>praktiken</w>
  <w>sin</w>
  <w>rättstrygghet</w>
  <w>.</w>
  <absaspan id=33>
    <w>Förslaget</w>
  </absaspan>
  <w>innebär</w>
  <w>ett</w>
  <w>mycket</w>
  <w>långtgående</w>
  <w>ingrepp</w>
  <w>som</w>
  <w>starkt</w>
  <w>kommer</w>
  <w>att</w>
  <w>påverka</w>
  <w>investeringsviljan</w>
  <w>i</w>
  <w>vattenkraft</w>
  <absaspan id=34 senti=2>
    <w>.</w>
  </absaspan>
  <w>Vattenkraftverk</w>
  <w>kan</w>
  <w>komma</w>
  <w>att</w>
  <w>läggas</w>
  <w>ner</w>
  <w>eftersom</w>
  <w>de</w>
  <w>blir</w>
  <w>olönsamma</w>
  <w>och</w>
  <w>att</w>
  <w>andra</w>
  <w>riskerar</w>
  <w>en</w>
  <w>minskad</w>
  <w>elproduktion</w>
  <w>,</w>
  <w>något</w>
  <w>som</w>
  <w>leder</w>
  <w>till</w>
  <w>ökade</w>
  <w>elpriser</w>
  <w>som</w>
  <w>ovillkorligen</w>
  <w>drabbar</w>
  <w>industrin</w>
  <w>.</w>
</absapar>
<absapar id=8>
  <absaspan id=35>
    <w>Utredningens</w>
  </absaspan>
  <w>syfte</w>
  <w>är</w>
  <w>att</w>
  <w>anpassa</w>
  <w>och</w>
  <w>modernisera</w>
  <w>svensk</w>
  <w>lagstiftning</w>
  <w>för</w>
  <w>vattenkraftverk</w>
  <w>.</w>
  <absaspan id=36>
    <w>Den</w>
  </absaspan>
  <absaspan id=37 senti=4>
    <w>vill</w>
  </absaspan>
  <absaspan id=38>
    <w>bland</w>
    <w>annat</w>
  </absaspan>
  <absaspan id=39 senti=4>
    <w>stärka</w>
  </absaspan>
  <absaspan id=40>
    <w>den</w>
    <w>biologiska</w>
    <w>mångfalden</w>
  </absaspan>
  <w>,</w>
  <w>något</w>
  <w>som</w>
  <w>i</w>
  <w>och</w>
  <w>för</w>
  <w>sig</w>
  <absaspan id=41 senti=4>
    <w>är</w>
    <w>vällovligt</w>
  </absaspan>
  <w>.</w>
  <w>Men</w>
  <absaspan id=42>
    <w>förslaget</w>
  </absaspan>
  <absaspan id=43 senti=4>
    <w>saknar</w>
    <w>konsekvensanalys</w>
  </absaspan>
  <w>av</w>
  <w>vad</w>
  <w>det</w>
  <w>ökade</w>
  <w>skyddet</w>
  <w>skulle</w>
  <w>innebära</w>
  <w>,</w>
  <w>trots</w>
  <w>att</w>
  <w>detta</w>
  <w>är</w>
  <w>en</w>
  <w>del</w>
  <w>av</w>
  <w>uppdraget</w>
  <w>.</w>
  <w>Det</w>
  <w>saknas</w>
  <w>svar</w>
  <w>på</w>
  <w>frågor</w>
  <w>om</w>
  <w>hur</w>
  <w>mycket</w>
  <w>vattenkraft</w>
  <w>som</w>
  <w>riskerar</w>
  <w>att</w>
  <w>gå</w>
  <w>förlorad</w>
  <w>.</w>
  <w>Det</w>
  <w>saknas</w>
  <w>också</w>
  <w>en</w>
  <w>analys</w>
  <w>av</w>
  <w>hur</w>
  <w>detta</w>
  <w>påverkar</w>
  <w>vårt</w>
  <w>energisystem</w>
  <w>.</w>
  <w>Med</w>
  <w>ökande</w>
  <w>elproduktion</w>
  <w>från</w>
  <w>vindkraft</w>
  <w>kommer</w>
  <w>också</w>
  <w>ökande</w>
  <w>behov</w>
  <w>av</w>
  <w>att</w>
  <w>kunna</w>
  <w>reglera</w>
  <w>i</w>
  <w>vattenkraften</w>
  <w>.</w>
  <w>Denna</w>
  <w>möjlighet</w>
  <w>till</w>
  <w>reglering</w>
  <w>kommer</w>
  <w>att</w>
  <w>minska</w>
  <w>med</w>
  <w>utredningens</w>
  <w>förslag</w>
  <w>och</w>
  <w>hur</w>
  <w>elsystemet</w>
  <w>ska</w>
  <w>kunna</w>
  <w>hantera</w>
  <w>den</w>
  <w>ökande</w>
  <w>mängd</w>
  <w>väderberoende</w>
  <w>kraft</w>
  <w>analyseras</w>
  <w>inte</w>
  <w>.</w>
  <w>Det</w>
  <w>saknas</w>
  <w>även</w>
  <w>en</w>
  <w>analys</w>
  <w>av</w>
  <w>vilken</w>
  <w>påverkan</w>
  <w>det</w>
  <w>får</w>
  <w>på</w>
  <w>elpriset</w>
  <w>,</w>
  <w>eller</w>
  <w>hur</w>
  <w>det</w>
  <w>i</w>
  <w>sin</w>
  <w>tur</w>
  <w>påverkar</w>
  <w>svenska</w>
  <w>företags</w>
  <w>konkurrenskraft</w>
  <w>och</w>
  <w>vår</w>
  <w>välfärd</w>
  <w>.</w>
</absapar>
<absapar id=9>
  <absaspan id=44>
    <w>Förslagen</w>
    <w>som</w>
    <w>läggs</w>
  </absaspan>
  <w>river</w>
  <w>upp</w>
  <w>ett</w>
  <w>helt</w>
  <w>system</w>
  <w>och</w>
  <absaspan id=45 senti=4>
    <w>kommer</w>
    <w>att</w>
    <w>få</w>
    <w>stora</w>
    <w>konsekvenser</w>
  </absaspan>
  <w>.</w>
  <w>För</w>
  <w>att</w>
  <w>nå</w>
  <w>de</w>
  <w>mål</w>
  <w>utredningen</w>
  <w>har</w>
  <w>går</w>
  <w>det</w>
  <w>att</w>
  <w>med</w>
  <w>betydligt</w>
  <w>mindre</w>
  <w>ändringar</w>
  <w>genomföra</w>
  <w>behövliga</w>
  <w>åtgärder</w>
  <w>.</w>
  <w>Det</w>
  <w>är</w>
  <absaspan id=46 senti=2>
    <w>ett</w>
  </absaspan>
  <absaspan id=47 senti=2>
    <w>högt</w>
    <w>spel</w>
  </absaspan>
  <w>som</w>
  <absaspan id=48>
    <w>Sverige</w>
  </absaspan>
  <absaspan id=49 senti=2>
    <w>spelar</w>
  </absaspan>
  <w>.</w>
  <w>För</w>
  <absaspan id=50>
    <w>många</w>
    <w>andra</w>
    <w>länder</w>
  </absaspan>
  <w>,</w>
  <w>som</w>
  <absaspan id=51 senti=4>
    <w>med</w>
    <w>avund</w>
    <w>ser</w>
    <w>på</w>
  </absaspan>
  <absaspan id=52>
    <w>Sveriges</w>
    <w>rena</w>
    <w>elproduktion</w>
  </absaspan>
  <w>,</w>
  <w>är</w>
  <w>det</w>
  <w>obegripligt</w>
  <w>.</w>
</absapar>
<absapar id=10>
  <w>Det</w>
  <w>svenska</w>
  <w>näringslivet</w>
  <w>har</w>
  <w>länge</w>
  <w>varit</w>
  <w>engagerat</w>
  <w>i</w>
  <w>energi</w>
  <w>-</w>
  <w>och</w>
  <w>klimatfrågor</w>
  <w>.</w>
  <w>Näringslivets</w>
  <w>direkta</w>
  <w>och</w>
  <w>indirekta</w>
  <w>koldioxidutsläpp</w>
  <w>har</w>
  <w>under</w>
  <w>lång</w>
  <w>tid</w>
  <w>minskat</w>
  <w>både</w>
  <w>i</w>
  <w>faktiska</w>
  <w>tal</w>
  <w>och</w>
  <w>i</w>
  <w>förhållande</w>
  <w>till</w>
  <w>produktion</w>
  <w>och</w>
  <w>förädlingsvärde</w>
  <w>.</w>
  <w>Den</w>
  <w>svenska</w>
  <w>industrin</w>
  <w>exporterar</w>
  <w>produkter</w>
  <w>med</w>
  <w>globalt</w>
  <w>sett</w>
  <w>små</w>
  <w>koldioxidavtryck</w>
  <w>till</w>
  <w>en</w>
  <w>världsmarknad</w>
  <w>.</w>
  <w>Sverige</w>
  <w>har</w>
  <w>en</w>
  <absaspan id=53 senti=5>
    <w>fantastisk</w>
  </absaspan>
  <absaspan id=54>
    <w>utgångspunkt</w>
  </absaspan>
  <w>att</w>
  <w>fortsätta</w>
  <w>vara</w>
  <w>en</w>
  <w>nation</w>
  <w>med</w>
  <w>en</w>
  <w>betydande</w>
  <w>industri</w>
  <w>,</w>
  <w>med</w>
  <w>elpriser</w>
  <w>som</w>
  <w>gör</w>
  <w>att</w>
  <w>vi</w>
  <w>kan</w>
  <w>konkurrera</w>
  <w>och</w>
  <w>med</w>
  <w>produkter</w>
  <w>som</w>
  <w>gör</w>
  <w>global</w>
  <w>klimatnytta</w>
  <w>.</w>
</absapar>
<absapar id=11>
  <w>Låt</w>
  <w>oss</w>
  <w>värna</w>
  <w>om</w>
  <w>den</w>
  <w>möjligheten</w>
  <w>.</w>
</absapar>
<absapar id=12>
  <w>JAN</w>
  <w>JOHANSSON</w>
  <w>.</w>
</absapar>
<absapar id=13>
  <w>vd</w>
  <w>SCA</w>
  <w>och</w>
  <w>ordförande</w>
  <w>i</w>
  <w>SKGS</w>
  <w>,</w>
  <w>basindustrins</w>
  <w>Energisamarbete</w>
  <w>.</w>
</absapar>
<absapar id=14>
  <w>ANNIKA</w>
  <w>LUNDIUS</w>
  <w>.</w>
</absapar>
<absapar id=15>
  <w>vice</w>
  <w>vd</w>
  <w>Svenskt</w>
  <w>Näringsliv</w>
  <w>.</w>
</absapar>
<absapar id=16>
  <w>Redaktör</w>
  <w>:</w>
  <w>Carina</w>
  <w>Stensson</w>
  <w>,</w>
  <w>Biträdande</w>
  <w>redaktör</w>
  <w>:</w>
  <w>Björn</w>
  <w>Jorner</w>
  <w>,</w>
  <w>Mejl</w>
  <w>:</w>
  <w>debatt</w>
  <w>@</w>
  <w>svd.se</w>
  <w>,</w>
  <w>Telefonnummer</w>
  <w>:</w>
  <w>08</w>
  <w>-</w>
  <w>135149</w>
  <w>,</w>
  <w>Twitter</w>
  <w>:</w>
  <w>@</w>
  <w>SvDDebatt</w>
  <w>,</w>
  <w>Facebook</w>
  <w>:</w>
  <w>SvD</w>
  <w>Debatt</w>
  <w>.</w>
</absapar>
</absadoc>
