<absadoc annotators=1 senti=>
<absatitle>
  <w>Hur</w>
  <w>många</w>
  <w>arbetar</w>
  <w>för</w>
  <w>Migrationsverket</w>
  <w>?</w>
</absatitle>
<absapar id=1>
  <w>På</w>
  <w>Migrationsverkets</w>
  <w>hemsida</w>
  <w>står</w>
  <w>det</w>
  <w>att</w>
  <w>cirka</w>
  <w>5000</w>
  <w>är</w>
  <w>anställda</w>
  <w>.</w>
</absapar>
<absapar id=2>
  <w>Migrationsverket</w>
  <w>.</w>
  <w>Mig</w>
  <w>veterligen</w>
  <w>ligger</w>
  <w>den</w>
  <w>siffran</w>
  <w>mycket</w>
  <w>högre</w>
  <w>,</w>
  <w>någonstans</w>
  <w>på</w>
  <w>hundratusentalen</w>
  <w>,</w>
  <w>men</w>
  <w>p.g.a</w>
  <w>.</w>
  <w>att</w>
  <w>myndigheten</w>
  <w>konsulterat</w>
  <w>andra</w>
  <w>privata</w>
  <w>firmor</w>
  <absaspan id=1>
    <w>kan</w>
    <w>de</w>
    <w>påstå</w>
    <w>att</w>
    <w>den</w>
    <w>ligger</w>
    <w>på</w>
    <w>5000</w>
  </absaspan>
  <w>-</w>
  <w>rent</w>
  <absaspan id=2 senti=2>
    <w>siffertrix</w>
  </absaspan>
  <w>.</w>
</absapar>
<absapar id=3>
  <w>Vad</w>
  <w>säger</w>
  <w>ni</w>
  <w>insatta</w>
  <w>Flashbackare</w>
  <w>om</w>
  <w>det</w>
  <w>här</w>
  <w>,</w>
  <w>hur</w>
  <w>många</w>
  <w>jobbar</w>
  <w>egentligen</w>
  <w>inom</w>
  <w>/</w>
  <w>för</w>
  <w>Migrationsverket</w>
  <w>?</w>
  <w>Hur</w>
  <w>många</w>
  <w>i</w>
  <w>Sverige</w>
  <w>förtjänar</w>
  <w>sitt</w>
  <w>uppehälle</w>
  <w>genom</w>
  <w>pengar</w>
  <w>från</w>
  <w>Migrationsverket</w>
  <w>(</w>
  <w>tekniskt</w>
  <w>sett</w>
  <w>statens</w>
  <w>pengar</w>
  <w>)</w>
  <w>?</w>
  <w>.</w>
</absapar>
</absadoc>
