<absadoc annotators=1 senti=>
<absatitle>
  <w>(</w>
  <w>S</w>
  <w>)</w>
  <w>luta</w>
  <w>klaga</w>
  <w>–</w>
  <w>se</w>
  <w>framåt</w>
  <w>.</w>
</absatitle>
<absapar id=1>
  <w>Det</w>
  <w>har</w>
  <w>varit</w>
  <w>en</w>
  <w>svår</w>
  <w>tid</w>
  <w>för</w>
  <w>socialdemokrater</w>
  <w>.</w>
  <w>Omprövningen</w>
  <w>av</w>
  <w>politiken</w>
  <w>har</w>
  <w>sedan</w>
  <w>valet</w>
  <w>i</w>
  <w>höstas</w>
  <w>gränsat</w>
  <w>till</w>
  <w>självplågeri</w>
  <w>.</w>
  <w>Ledarskapsskiftet</w>
  <w>i</w>
  <w>mars</w>
  <w>nästa</w>
  <w>år</w>
  <w>har</w>
  <w>lett</w>
  <w>till</w>
  <w>positionering</w>
  <w>och</w>
  <w>en</w>
  <absaspan id=1 senti=2>
    <w>överdriven</w>
  </absaspan>
  <absaspan id=2>
    <w>indelning</w>
    <w>i</w>
    <w>vänster</w>
    <w>/</w>
    <w>högerfalanger</w>
  </absaspan>
  <w>.</w>
</absapar>
<absapar id=2>
  <w>Samtidigt</w>
  <w>växer</w>
  <w>svensk</w>
  <w>tillväxt</w>
  <w>och</w>
  <w>export</w>
  <w>.</w>
  <absaspan id=3>
    <w>Sverige</w>
  </absaspan>
  <absaspan id=4 senti=4>
    <w>uppfattas</w>
  </absaspan>
  <absaspan id=5>
    <w>av</w>
    <w>många</w>
  </absaspan>
  <absaspan id=6 senti=4>
    <w>som</w>
    <w>en</w>
    <w>sedan</w>
    <w>länge</w>
    <w>välskött</w>
    <w>oas</w>
  </absaspan>
  <w>i</w>
  <w>världsekonomin</w>
  <w>.</w>
  <w>Den</w>
  <w>moderatledda</w>
  <w>regeringen</w>
  <w>lutar</w>
  <w>sig</w>
  <w>tillbaka</w>
  <w>och</w>
  <w>frammanar</w>
  <w>en</w>
  <w>bild</w>
  <w>av</w>
  <w>regeringsfähighet</w>
  <w>och</w>
  <w>förträfflighet</w>
  <w>.</w>
  <absaspan id=7>
    <w>Reinfeldts</w>
    <w>strategi</w>
  </absaspan>
  <absaspan id=8 senti=4>
    <w>tycks</w>
    <w>lyckosam</w>
  </absaspan>
  <w>-</w>
  <w>att</w>
  <w>inte</w>
  <w>utmana</w>
  <w>det</w>
  <w>svenska</w>
  <w>samhällsbygge</w>
  <w>som</w>
  <w>skett</w>
  <w>i</w>
  <w>socialdemokratisk</w>
  <w>regi</w>
  <w>och</w>
  <w>samförståndsanda</w>
  <w>.</w>
  <w>Man</w>
  <w>kallar</w>
  <w>sig</w>
  <w>det</w>
  <w>enda</w>
  <w>arbetarpartiet</w>
  <w>och</w>
  <w>tar</w>
  <w>ohejdat</w>
  <w>över</w>
  <w>socialdemokratins</w>
  <w>honnörsord</w>
  <w>.</w>
</absapar>
<absapar id=3>
  <w>I</w>
  <w>denna</w>
  <w>situation</w>
  <w>kan</w>
  <w>socialdemokraters</w>
  <w>självkänsla</w>
  <w>lätt</w>
  <w>svikta</w>
  <w>.</w>
  <w>S-profilen</w>
  <w>har</w>
  <w>suddats</w>
  <w>ut</w>
  <w>av</w>
  <w>rödgröna</w>
  <w>kompromisser</w>
  <w>och</w>
  <w>av</w>
  <w>den</w>
  <w>nervösa</w>
  <w>köpslagan</w>
  <w>om</w>
  <w>röster</w>
  <w>som</w>
  <w>tog</w>
  <w>fart</w>
  <w>under</w>
  <w>valrörelsen</w>
  <w>.</w>
</absapar>
<absapar id=4>
  <w>Nu</w>
  <w>är</w>
  <w>det</w>
  <w>dags</w>
  <w>för</w>
  <w>socialdemokratin</w>
  <w>att</w>
  <w>lämna</w>
  <w>krisdebatten</w>
  <w>och</w>
  <w>klagosången</w>
  <w>bakom</w>
  <w>sig</w>
  <w>,</w>
  <w>samla</w>
  <w>sig</w>
  <w>kring</w>
  <w>grundläggande</w>
  <w>värderingar</w>
  <w>och</w>
  <w>lägga</w>
  <w>kursen</w>
  <w>framåt</w>
  <w>för</w>
  <w>Sverige</w>
  <w>.</w>
  <w>Och</w>
  <w>då</w>
  <w>är</w>
  <w>det</w>
  <w>viktigt</w>
  <w>att</w>
  <w>inse</w>
  <w>att</w>
  <w>Sverige</w>
  <w>är</w>
  <w>en</w>
  <w>del</w>
  <w>av</w>
  <w>världen</w>
  <w>men</w>
  <w>också</w>
  <w>att</w>
  <w>världen</w>
  <w>finns</w>
  <w>i</w>
  <w>Sverige</w>
  <w>.</w>
</absapar>
<absapar id=5>
  <w>I</w>
  <w>debatten</w>
  <w>målas</w>
  <w>ofta</w>
  <w>upp</w>
  <absaspan id=9>
    <w>en</w>
  </absaspan>
  <absaspan id=10>
    <w>motsättning</w>
    <w>mellan</w>
    <w>en</w>
    <w>politik</w>
    <w>för</w>
    <w>tillväxt</w>
    <w>och</w>
    <w>en</w>
    <w>politik</w>
    <w>för</w>
    <w>solidaritet</w>
  </absaspan>
  <w>.</w>
  <absaspan id=11>
    <w>Detta</w>
  </absaspan>
  <absaspan id=12 senti=2>
    <w>är</w>
    <w>en</w>
    <w>falsk</w>
    <w>motsättning</w>
  </absaspan>
  <w>,</w>
  <w>som</w>
  <w>bara</w>
  <w>stärker</w>
  <w>polariseringen</w>
  <w>i</w>
  <w>vårt</w>
  <w>samhälle</w>
  <w>.</w>
  <w>Tage</w>
  <w>Erlander</w>
  <w>sade</w>
  <w>en</w>
  <w>gång</w>
  <w>att</w>
  <w>varje</w>
  <w>samhälle</w>
  <w>skall</w>
  <w>bedömas</w>
  <w>efter</w>
  <w>hur</w>
  <w>det</w>
  <w>behandlar</w>
  <w>sina</w>
  <w>mest</w>
  <w>utsatta</w>
  <w>.</w>
  <w>Denna</w>
  <w>grundtes</w>
  <w>för</w>
  <w>socialdemokratin</w>
  <w>är</w>
  <w>i</w>
  <w>själva</w>
  <w>verket</w>
  <w>en</w>
  <w>förutsättning</w>
  <w>för</w>
  <w>sammanhållning</w>
  <w>och</w>
  <w>förtroende</w>
  <w>i</w>
  <w>en</w>
  <w>nation</w>
  <w>.</w>
  <w>Ekonomisk</w>
  <w>rättvisa</w>
  <w>,</w>
  <w>jämlikhet</w>
  <w>och</w>
  <w>en</w>
  <w>väl</w>
  <w>fungerande</w>
  <w>offentlig</w>
  <w>sektor</w>
  <w>säkrar</w>
  <w>tillväxt</w>
  <w>och</w>
  <w>ekonomisk</w>
  <w>effektivitet</w>
  <w>,</w>
  <w>vilket</w>
  <w>visats</w>
  <w>i</w>
  <w>flera</w>
  <w>studier</w>
  <w>på</w>
  <w>senare</w>
  <w>tid</w>
  <w>.</w>
  <w>I</w>
  <w>mitt</w>
  <w>internationella</w>
  <w>arbete</w>
  <w>har</w>
  <w>jag</w>
  <w>sett</w>
  <w>resultatet</w>
  <w>av</w>
  <w>motsatserna</w>
  <w>:</w>
  <w>djupa</w>
  <absaspan id=13 senti=2>
    <w>orättvisor</w>
  </absaspan>
  <w>,</w>
  <w>ojämlikhet</w>
  <w>mellan</w>
  <w>kvinnor</w>
  <w>och</w>
  <w>män</w>
  <w>,</w>
  <w>korruption</w>
  <w>och</w>
  <absaspan id=14 senti=2>
    <w>svag</w>
  </absaspan>
  <absaspan id=15>
    <w>infrastruktur</w>
  </absaspan>
  <w>.</w>
  <absaspan id=16>
    <w>En</w>
    <w>värld</w>
    <w>med</w>
    <w>stora</w>
    <w>klyftor</w>
  </absaspan>
  <absaspan id=17 senti=2>
    <w>är</w>
    <w>en</w>
    <w>farlig</w>
    <w>värld</w>
  </absaspan>
  <w>.</w>
</absapar>
<absapar id=6>
  <w>Socialdemokratin</w>
  <w>bör</w>
  <w>nu</w>
  <w>samla</w>
  <w>sig</w>
  <w>kring</w>
  <w>en</w>
  <w>politik</w>
  <w>för</w>
  <w>tillväxt</w>
  <w>och</w>
  <w>hållbar</w>
  <w>utveckling</w>
  <w>–</w>
  <w>parallellt</w>
  <w>med</w>
  <w>en</w>
  <w>politik</w>
  <w>som</w>
  <w>värnar</w>
  <w>om</w>
  <w>dem</w>
  <w>som</w>
  <w>far</w>
  <w>illa</w>
  <w>och</w>
  <w>som</w>
  <w>ger</w>
  <w>dem</w>
  <w>chansen</w>
  <w>till</w>
  <w>ett</w>
  <w>bättre</w>
  <w>liv</w>
  <w>.</w>
  <w>Socialdemokratin</w>
  <w>bör</w>
  <w>satsa</w>
  <w>på</w>
  <w>en</w>
  <w>framtidsinriktad</w>
  <w>politik</w>
  <w>med</w>
  <w>betoning</w>
  <w>på</w>
  <w>forskning</w>
  <w>och</w>
  <w>utbildning</w>
  <w>,</w>
  <w>miljösäker</w>
  <w>tillväxt</w>
  <w>,</w>
  <w>en</w>
  <w>gedigen</w>
  <w>infrastruktur</w>
  <w>och</w>
  <w>en</w>
  <absaspan id=18 senti=4>
    <w>effektiv</w>
  </absaspan>
  <absaspan id=19>
    <w>offentlig</w>
    <w>sektor</w>
  </absaspan>
  <w>.</w>
  <w>Men</w>
  <absaspan id=20 senti=4>
    <w>lika</w>
    <w>viktigt</w>
    <w>är</w>
  </absaspan>
  <absaspan id=21>
    <w>att</w>
    <w>bevara</w>
    <w>solidaritetsperspektivet</w>
  </absaspan>
  <w>,</w>
  <w>att</w>
  <w>sätta</w>
  <w>människan</w>
  <w>i</w>
  <w>centrum</w>
  <w>och</w>
  <w>att</w>
  <w>aldrig</w>
  <w>slira</w>
  <w>på</w>
  <w>alla</w>
  <w>människors</w>
  <w>lika</w>
  <w>värde</w>
  <w>.</w>
</absapar>
<absapar id=7>
  <w>Vi</w>
  <w>måste</w>
  <w>se</w>
  <w>verkligheten</w>
  <w>i</w>
  <w>vitögat</w>
  <w>och</w>
  <w>göra</w>
  <w>något</w>
  <w>åt</w>
  <w>den</w>
  <w>:</w>
  <w>de</w>
  <w>försummade</w>
  <w>barnen</w>
  <w>,</w>
  <w>de</w>
  <w>misshandlade</w>
  <w>kvinnorna</w>
  <w>,</w>
  <w>de</w>
  <w>glömda</w>
  <w>gamlingarna</w>
  <w>,</w>
  <w>de</w>
  <w>rädda</w>
  <w>flyktingarna</w>
  <w>,</w>
  <w>de</w>
  <w>kroniskt</w>
  <w>sjuka</w>
  <w>,</w>
  <w>liksom</w>
  <w>ungdomarna</w>
  <w>och</w>
  <w>de</w>
  <w>nya</w>
  <w>svenskarna</w>
  <w>i</w>
  <w>långvarig</w>
  <w>arbetslöshet</w>
  <w>.</w>
  <w>Vi</w>
  <w>måste</w>
  <w>ge</w>
  <w>alla</w>
  <w>dessa</w>
  <w>grupper</w>
  <w>hopp</w>
  <w>och</w>
  <w>en</w>
  <w>grundad</w>
  <w>känsla</w>
  <w>av</w>
  <w>hemhörighet</w>
  <w>i</w>
  <w>Sverige</w>
  <w>.</w>
  <w>Denna</w>
  <absaspan id=22 senti=4>
    <w>genuina</w>
  </absaspan>
  <absaspan id=23>
    <w>medkänsla</w>
  </absaspan>
  <w>var</w>
  <w>drivkraften</w>
  <w>för</w>
  <w>den</w>
  <w>socialdemokrati</w>
  <w>som</w>
  <absaspan id=24 senti=4>
    <w>gjorde</w>
  </absaspan>
  <absaspan id=25>
    <w>Sverige</w>
  </absaspan>
  <absaspan id=26 senti=4>
    <w>till</w>
  </absaspan>
  <absaspan id=27 senti=4>
    <w>en</w>
    <w>stark</w>
    <w>och</w>
    <w>konkurrenskraftig</w>
    <w>välfärdsstat</w>
  </absaspan>
  <w>.</w>
</absapar>
<absapar id=8>
  <w>Under</w>
  <w>valkampanjen</w>
  <w>saknade</w>
  <w>jag</w>
  <w>den</w>
  <w>internationella</w>
  <w>dimensionen</w>
  <w>,</w>
  <w>världen</w>
  <w>utanför</w>
  <w>Sverige</w>
  <w>.</w>
  <w>Att</w>
  <w>en</w>
  <w>valrörelse</w>
  <w>bedrivs</w>
  <w>utan</w>
  <w>att</w>
  <w>vi</w>
  <w>talar</w>
  <w>om</w>
  <w>världen</w>
  <w>utanför</w>
  <w>våra</w>
  <w>gränser</w>
  <w>är</w>
  <w>att</w>
  <w>inte</w>
  <w>inse</w>
  <w>vilken</w>
  <w>tid</w>
  <w>vi</w>
  <w>lever</w>
  <w>i</w>
  <w>,</w>
  <w>hur</w>
  <w>ömsesidigt</w>
  <w>beroende</w>
  <w>vi</w>
  <w>är</w>
  <w>av</w>
  <w>varandra</w>
  <w>.</w>
  <w>Var</w>
  <w>fanns</w>
  <w>diskussionen</w>
  <w>om</w>
  <w>EU</w>
  <w>och</w>
  <w>Europa</w>
  <w>,</w>
  <w>om</w>
  <w>världsfattigdomen</w>
  <w>och</w>
  <w>FN</w>
  <w>:</w>
  <w>s</w>
  <w>millenniemål</w>
  <w>,</w>
  <w>om</w>
  <w>klimat</w>
  <w>-</w>
  <w>och</w>
  <w>miljöhoten</w>
  <w>och</w>
  <w>om</w>
  <w>den</w>
  <w>internationella</w>
  <w>organiserade</w>
  <w>brottsligheten</w>
  <w>?</w>
  <w>Ödesfrågorna</w>
  <w>kring</w>
  <w>migration</w>
  <w>kom</w>
  <w>upp</w>
  <w>-</w>
  <w>men</w>
  <w>då</w>
  <w>från</w>
  <w>ett</w>
  <absaspan id=28 senti=2>
    <w>kusligt</w>
  </absaspan>
  <absaspan id=29>
    <w>främlingsfientligt</w>
    <w>perspektiv</w>
  </absaspan>
  <w>,</w>
  <w>som</w>
  <w>inte</w>
  <w>heller</w>
  <w>tydligt</w>
  <w>bemöttes</w>
  <w>från</w>
  <w>politiskt</w>
  <w>håll</w>
  <w>.</w>
</absapar>
<absapar id=9>
  <w>Internationell</w>
  <w>medvetenhet</w>
  <w>och</w>
  <w>solidaritet</w>
  <w>är</w>
  <w>klassiska</w>
  <w>socialdemokratiska</w>
  <w>kännetecken</w>
  <w>.</w>
  <w>"</w>
  <w>Internationalism</w>
  <w>måste</w>
  <w>vara</w>
  <w>vår</w>
  <w>bästa</w>
  <w>gren</w>
  <w>"</w>
  <w>sade</w>
  <w>mig</w>
  <w>en</w>
  <w>gång</w>
  <w>Olof</w>
  <w>Palme</w>
  <w>på</w>
  <w>en</w>
  <w>medlarresa</w>
  <w>under</w>
  <w>Iran</w>
  <w>/</w>
  <w>Irak-kriget</w>
  <w>.</w>
  <w>Socialdemokratin</w>
  <w>måste</w>
  <w>stärka</w>
  <w>det</w>
  <w>internationella</w>
  <w>elementet</w>
  <w>i</w>
  <w>sin</w>
  <w>politik</w>
  <w>,</w>
  <w>värna</w>
  <w>om</w>
  <w>solidariteten</w>
  <w>med</w>
  <w>de</w>
  <w>fattiga</w>
  <w>i</w>
  <w>världen</w>
  <w>och</w>
  <w>arbeta</w>
  <w>för</w>
  <w>reformer</w>
  <w>inom</w>
  <w>FN</w>
  <w>och</w>
  <w>EU</w>
  <w>.</w>
  <w>På</w>
  <w>samma</w>
  <w>sätt</w>
  <w>måste</w>
  <w>vi</w>
  <w>här</w>
  <w>hemma</w>
  <w>främja</w>
  <w>språkutbildning</w>
  <w>och</w>
  <w>kunskap</w>
  <w>om</w>
  <w>omvärlden</w>
  <w>,</w>
  <w>inte</w>
  <w>minst</w>
  <w>genom</w>
  <w>att</w>
  <w>ta</w>
  <w>emot</w>
  <w>utländska</w>
  <w>studenter</w>
  <w>och</w>
  <w>öppna</w>
  <w>mer</w>
  <w>för</w>
  <w>svenska</w>
  <w>ungdomar</w>
  <w>att</w>
  <w>arbeta</w>
  <w>och</w>
  <w>studera</w>
  <w>utomlands</w>
  <w>.</w>
  <w>Vi</w>
  <w>måste</w>
  <w>också</w>
  <w>säkra</w>
  <w>att</w>
  <w>Sverige</w>
  <w>är</w>
  <w>väl</w>
  <w>representerat</w>
  <w>i</w>
  <w>omvärlden</w>
  <w>.</w>
</absapar>
<absapar id=10>
  <w>Om</w>
  <w>vi</w>
  <w>inte</w>
  <w>tar</w>
  <w>krafttag</w>
  <w>för</w>
  <w>en</w>
  <w>internationalisering</w>
  <w>i</w>
  <w>Sverige</w>
  <w>riskerar</w>
  <w>vi</w>
  <w>att</w>
  <absaspan id=30>
    <w>omvärlden</w>
  </absaspan>
  <w>av</w>
  <absaspan id=31>
    <w>många</w>
    <w>svenskar</w>
  </absaspan>
  <absaspan id=32 senti=2>
    <w>blir</w>
    <w>betraktad</w>
    <w>som</w>
    <w>ett</w>
    <w>hot</w>
  </absaspan>
  <w>-</w>
  <w>inte</w>
  <w>som</w>
  <w>en</w>
  <w>möjlighet</w>
  <w>.</w>
  <w>Detta</w>
  <w>kan</w>
  <w>leda</w>
  <w>till</w>
  <w>förstärkt</w>
  <w>främlingsfientlighet</w>
  <w>och</w>
  <w>en</w>
  <w>indelning</w>
  <w>av</w>
  <w>människor</w>
  <w>i</w>
  <w>"</w>
  <w>vi</w>
  <w>och</w>
  <w>dom</w>
  <w>"</w>
  <w>,</w>
  <w>som</w>
  <w>i</w>
  <w>sin</w>
  <w>tur</w>
  <w>underminerar</w>
  <w>grundvärderingen</w>
  <w>allas</w>
  <w>lika</w>
  <w>värde</w>
  <w>.</w>
</absapar>
<absapar id=11>
  <w>Socialdemokratin</w>
  <w>måste</w>
  <w>hämta</w>
  <w>energi</w>
  <w>och</w>
  <w>kraft</w>
  <w>från</w>
  <w>sina</w>
  <w>rötter</w>
  <w>,</w>
  <w>göra</w>
  <w>en</w>
  <w>realistisk</w>
  <w>framtidsanalys</w>
  <w>och</w>
  <w>lägga</w>
  <w>en</w>
  <w>kurs</w>
  <w>framåt</w>
  <w>som</w>
  <w>skapar</w>
  <w>förtroende</w>
  <w>hos</w>
  <w>svenska</w>
  <w>folket</w>
  <w>.</w>
  <w>Socialdemokratins</w>
  <w>väljarunderlag</w>
  <w>är</w>
  <w>de</w>
  <w>många</w>
  <w>människor</w>
  <w>i</w>
  <w>Sverige</w>
  <w>som</w>
  <w>vill</w>
  <w>se</w>
  <w>en</w>
  <w>politik</w>
  <w>som</w>
  <w>skapar</w>
  <w>jobb</w>
  <w>och</w>
  <w>hållbar</w>
  <w>tillväxt</w>
  <w>men</w>
  <w>som</w>
  <w>också</w>
  <w>värnar</w>
  <w>om</w>
  <w>de</w>
  <w>svaga</w>
  <w>och</w>
  <w>utsatta</w>
  <w>i</w>
  <w>samhället</w>
  <w>-</w>
  <w>och</w>
  <w>som</w>
  <w>också</w>
  <w>är</w>
  <w>öppen</w>
  <w>för</w>
  <w>världen</w>
  <w>utanför</w>
  <w>våra</w>
  <w>gränser</w>
  <w>.</w>
</absapar>
<absapar id=12>
  <w>FAKTA</w>
  <w>.</w>
</absapar>
<absapar id=13>
  <w>Jan</w>
  <w>Eliasson</w>
  <w>.</w>
</absapar>
</absadoc>
