<absadoc annotators=1 senti=>
<absatitle>
  <w>AKB</w>
  <w>var</w>
  <w>lätt</w>
  <w>att</w>
  <w>offra</w>
  <w>-</w>
  <w>som</w>
  <w>ledare</w>
  <w>och</w>
  <w>kvinna</w>
  <w>.</w>
</absatitle>
<absapar id=1>
  <w>#</w>
  <w>P</w>
  <w>IMM</w>
  <w>.</w>
  <w>”</w>
  <absaspan id=1>
    <w>Jag</w>
  </absaspan>
  <absaspan id=2 senti=4>
    <w>hoppas</w>
  </absaspan>
  <absaspan id=3>
    <w>min</w>
    <w>dotter</w>
    <w>under</w>
    <w>sin</w>
    <w>livstid</w>
    <w>får</w>
    <w>uppleva</w>
    <w>att</w>
    <w>Sverige</w>
    <w>får</w>
    <w>sin</w>
    <w>första</w>
    <w>kvinna</w>
    <w>som</w>
    <w>statsminister</w>
  </absaspan>
  <w>”</w>
  <w>,</w>
  <w>sa</w>
  <absaspan id=4>
    <w>Anna</w>
  </absaspan>
  <absaspan id=5>
    <w>Kinberg</w>
    <w>Batra</w>
  </absaspan>
  <w>under</w>
  <w>presskonferensen</w>
  <w>då</w>
  <w>hon</w>
  <w>meddelade</w>
  <w>sin</w>
  <w>avgång</w>
  <w>.</w>
</absapar>
<absapar id=2>
  <w>Det</w>
  <w>finns</w>
  <absaspan id=6>
    <w>ett</w>
    <w>tydligt</w>
    <w>medskick</w>
    <w>i</w>
    <w>den</w>
    <w>kommentaren</w>
  </absaspan>
  <w>,</w>
  <w>som</w>
  <absaspan id=7>
    <w>jag</w>
  </absaspan>
  <absaspan id=8 senti=4>
    <w>hoppas</w>
  </absaspan>
  <absaspan id=9>
    <w>att</w>
    <w>alla</w>
    <w>tog</w>
    <w>till</w>
    <w>sig</w>
  </absaspan>
  <w>.</w>
  <w>Hon</w>
  <w>har</w>
  <w>alltså</w>
  <w>gett</w>
  <w>upp</w>
  <w>hoppet</w>
  <w>om</w>
  <w>att</w>
  <w>få</w>
  <w>se</w>
  <w>en</w>
  <w>kvinna</w>
  <w>på</w>
  <w>Sveriges</w>
  <w>högsta</w>
  <w>politiska</w>
  <w>position</w>
  <w>under</w>
  <w>sin</w>
  <w>egen</w>
  <w>livstid</w>
  <w>.</w>
  <w>Kanske</w>
  <w>nästa</w>
  <w>generation</w>
  <w>.</w>
</absapar>
<absapar id=3>
  <w>Jag</w>
  <w>delar</w>
  <w>hennes</w>
  <w>misströstan</w>
  <w>på</w>
  <w>den</w>
  <w>punkten</w>
  <w>.</w>
  <w>I</w>
  <w>ett</w>
  <w>av</w>
  <w>världens</w>
  <w>mest</w>
  <w>jämställda</w>
  <w>länder</w>
  <w>är</w>
  <w>det</w>
  <w>tydligt</w>
  <w>att</w>
  <w>vi</w>
  <w>inte</w>
  <w>är</w>
  <w>mogna</w>
  <w>för</w>
  <w>en</w>
  <w>kvinnlig</w>
  <w>statsminister</w>
  <w>.</w>
  <w>Vi</w>
  <w>beter</w>
  <w>oss</w>
  <w>ungefär</w>
  <w>som</w>
  <absaspan id=10>
    <w>de</w>
  </absaspan>
  <w>som</w>
  <absaspan id=11 senti=2>
    <w>ringde</w>
    <w>in</w>
    <w>till</w>
    <w>Sveriges</w>
    <w>Radios</w>
    <w>klagomur</w>
  </absaspan>
  <w>första</w>
  <w>gången</w>
  <absaspan id=12>
    <w>en</w>
    <w>kvinna</w>
    <w>lästa</w>
    <w>nyheterna</w>
  </absaspan>
  <w>1938</w>
  <w>.</w>
</absapar>
<absapar id=4>
  <w>Och</w>
  <w>på</w>
  <w>tal</w>
  <w>om</w>
  <w>Sveriges</w>
  <w>Radio</w>
  <w>.</w>
  <w>.</w>
  <w>.</w>
  <w>Ekot</w>
  <w>rapporterade</w>
  <w>direkt</w>
  <w>från</w>
  <w>presskonferensen</w>
  <w>:</w>
  <w>”</w>
  <w>.</w>
  <w>.</w>
  <w>.</w>
  <w>nu</w>
  <w>kommer</w>
  <absaspan id=13>
    <w>Anna</w>
  </absaspan>
  <absaspan id=14>
    <w>Kinberg</w>
    <w>Batra</w>
  </absaspan>
  <w>in</w>
  <w>iklädd</w>
  <w>en</w>
  <w>mörkgrå</w>
  <w>klänning</w>
  <w>.</w>
  <w>.</w>
  <w>.</w>
  <w>”</w>
  <w>Oklart</w>
  <w>om</w>
  <w>vi</w>
  <w>är</w>
  <w>på</w>
  <w>presskonferens</w>
  <w>eller</w>
  <w>om</w>
  <w>vi</w>
  <w>är</w>
  <w>på</w>
  <w>nobelfest</w>
  <w>.</w>
  <w>Frisyr</w>
  <w>,</w>
  <w>klädsel</w>
  <w>,</w>
  <w>vikt</w>
  <w>.</w>
  <w>.</w>
  <w>.</w>
  <w>allt</w>
  <w>verkar</w>
  <w>vara</w>
  <w>relevant</w>
  <w>oavsett</w>
  <w>sammanhang</w>
  <w>.</w>
</absapar>
<absapar id=5>
  <absaspan id=15 senti=1>
    <w>Stursk</w>
    <w>,</w>
    <w>styvnackad</w>
    <w>och</w>
    <w>kall</w>
  </absaspan>
  <w>har</w>
  <absaspan id=16>
    <w>hon</w>
  </absaspan>
  <w>kallats</w>
  <absaspan id=17>
    <w>.</w>
  </absaspan>
  <w>Det</w>
  <w>är</w>
  <w>egenskaper</w>
  <w>vi</w>
  <w>skulle</w>
  <w>kunna</w>
  <w>tillskriva</w>
  <w>många</w>
  <w>manliga</w>
  <w>partiledare</w>
  <w>också</w>
  <w>.</w>
  <w>Hur</w>
  <absaspan id=18 senti=5>
    <w>varm</w>
    <w>och</w>
    <w>följsam</w>
  </absaspan>
  <w>framstår</w>
  <absaspan id=19>
    <w>Carl</w>
    <w>Bildt</w>
  </absaspan>
  <absaspan id=20>
    <w>?</w>
  </absaspan>
  <w>Hos</w>
  <w>en</w>
  <w>man</w>
  <w>kallar</w>
  <w>vi</w>
  <w>samma</w>
  <w>egenskaper</w>
  <w>för</w>
  <w>statsmannamässig</w>
  <w>pondus</w>
  <w>.</w>
</absapar>
<absapar id=6>
  <w>En</w>
  <w>kvinna</w>
  <w>med</w>
  <w>makt</w>
  <w>analyseras</w>
  <w>hela</w>
  <w>tiden</w>
  <w>utifrån</w>
  <w>att</w>
  <w>hon</w>
  <w>först</w>
  <w>och</w>
  <w>främst</w>
  <w>är</w>
  <w>kvinna</w>
  <w>och</w>
  <w>då</w>
  <w>förväntar</w>
  <w>vi</w>
  <w>oss</w>
  <w>lite</w>
  <w>mildare</w>
  <w>och</w>
  <w>mjukare</w>
  <w>uttryck</w>
  <w>.</w>
</absapar>
<absapar id=7>
  <w>Anna</w>
  <w>Kinberg</w>
  <w>Batra</w>
  <w>har</w>
  <w>drabbats</w>
  <w>av</w>
  <w>samma</w>
  <w>dubbelbestraffning</w>
  <w>som</w>
  <w>Hillary</w>
  <w>Clinton</w>
  <w>inför</w>
  <w>det</w>
  <w>amerikanska</w>
  <w>presidentvalet</w>
  <w>.</w>
</absapar>
<absapar id=8>
  <w>Är</w>
  <w>du</w>
  <absaspan id=21 senti=2>
    <w>för</w>
    <w>känslosam</w>
  </absaspan>
  <w>är</w>
  <w>du</w>
  <w>inte</w>
  <w>lämpad</w>
  <w>för</w>
  <w>uppdraget</w>
  <w>,</w>
  <w>är</w>
  <w>du</w>
  <absaspan id=22 senti=2>
    <w>för</w>
    <w>samlad</w>
  </absaspan>
  <w>är</w>
  <w>du</w>
  <w>okvinnlig</w>
  <w>och</w>
  <absaspan id=23 senti=1>
    <w>opålitlig</w>
  </absaspan>
  <absaspan id=24>
    <w>.</w>
  </absaspan>
  <w>Ekvationen</w>
  <w>går</w>
  <w>inte</w>
  <w>ihop</w>
  <w>,</w>
  <w>så</w>
  <w>i</w>
  <w>stället</w>
  <w>för</w>
  <w>Hillary</w>
  <w>Clinton</w>
  <w>blev</w>
  <w>det</w>
  <w>Donald</w>
  <w>Trump</w>
  <w>.</w>
</absapar>
<absapar id=9>
  <w>Det</w>
  <w>är</w>
  <w>svårt</w>
  <w>att</w>
  <w>inte</w>
  <w>dra</w>
  <w>paralleller</w>
  <w>till</w>
  <w>Mona</w>
  <w>Sahlin</w>
  <w>.</w>
</absapar>
<absapar id=10>
  <w>Den</w>
  <w>enda</w>
  <w>kvinnan</w>
  <w>som</w>
  <w>innan</w>
  <w>Anna</w>
  <w>Kinberg</w>
  <w>Batra</w>
  <w>på</w>
  <w>riktigt</w>
  <w>utmanat</w>
  <w>om</w>
  <w>statsministerposten</w>
  <w>.</w>
  <w>Ni</w>
  <w>minns</w>
  <w>väl</w>
  <w>diskussionen</w>
  <w>om</w>
  <w>hennes</w>
  <w>röda</w>
  <w>handväska</w>
  <w>?</w>
  <w>Den</w>
  <w>som</w>
  <w>hon</w>
  <w>fått</w>
  <w>i</w>
  <w>present</w>
  <w>och</w>
  <w>som</w>
  <w>kostade</w>
  <w>en</w>
  <w>bråkdel</w>
  <w>av</w>
  <w>den</w>
  <w>manliga</w>
  <w>kollegans</w>
  <w>klocka</w>
  <w>,</w>
  <w>men</w>
  <w>ändå</w>
  <w>blev</w>
  <w>bränsle</w>
  <w>för</w>
  <w>en</w>
  <absaspan id=25 senti=2>
    <w>hätsk</w>
  </absaspan>
  <absaspan id=26>
    <w>debatt</w>
  </absaspan>
  <w>.</w>
</absapar>
<absapar id=11>
  <absaspan id=27>
    <w>När</w>
    <w>Mona</w>
    <w>Sahlin</w>
    <w>gjorde</w>
    <w>analysen</w>
    <w>att</w>
    <w>Socialdemokraterna</w>
    <w>kanske</w>
    <w>inte</w>
    <w>kunde</w>
    <w>regera</w>
    <w>själva</w>
    <w>i</w>
    <w>framtiden</w>
    <w>eftersom</w>
    <w>det</w>
    <w>politiska</w>
    <w>landskapet</w>
    <w>förändrades</w>
  </absaspan>
  <w>,</w>
  <absaspan id=28 senti=2>
    <w>var</w>
    <w>måttet</w>
    <w>rågat</w>
  </absaspan>
  <absaspan id=29>
    <w>.</w>
  </absaspan>
</absapar>
<absapar id=12>
  <w>Att</w>
  <w>hon</w>
  <w>sedan</w>
  <w>fick</w>
  <w>rätt</w>
  <w>hade</w>
  <w>ingen</w>
  <w>betydelse</w>
  <w>,</w>
  <w>självbilden</w>
  <w>stämde</w>
  <w>inte</w>
  <w>med</w>
  <w>det</w>
  <w>politiska</w>
  <w>landskapet</w>
  <w>,</w>
  <w>så</w>
  <w>”</w>
  <w>av</w>
  <w>med</w>
  <w>huvudet</w>
  <w>”</w>
  <w>,</w>
  <w>som</w>
  <w>Hjärter</w>
  <w>Dam</w>
  <w>säger</w>
  <w>i</w>
  <w>Alice</w>
  <w>i</w>
  <w>Underlandet</w>
  <w>.</w>
  <w>I</w>
  <w>stället</w>
  <w>för</w>
  <w>Mona</w>
  <w>Sahlin</w>
  <w>fick</w>
  <w>Socialdemokraterna</w>
  <w>Håkan</w>
  <w>Juholt</w>
  <w>.</w>
</absapar>
<absapar id=13>
  <w>Politik</w>
  <w>handlar</w>
  <w>om</w>
  <w>makt</w>
  <w>,</w>
  <w>men</w>
  <w>det</w>
  <w>är</w>
  <w>också</w>
  <w>ett</w>
  <w>jobb</w>
  <w>.</w>
  <w>I</w>
  <w>ett</w>
  <w>parti</w>
  <w>som</w>
  <w>krymper</w>
  <w>riskerar</w>
  <w>människor</w>
  <w>att</w>
  <w>förlora</w>
  <w>sina</w>
  <w>riksdagsmandat</w>
  <w>.</w>
  <w>I</w>
  <w>det</w>
  <w>här</w>
  <w>fallet</w>
  <w>agerar</w>
  <w>kuppmakarna</w>
  <w>inte</w>
  <w>för</w>
  <w>att</w>
  <w>få</w>
  <w>fler</w>
  <w>mandat</w>
  <w>eller</w>
  <w>ens</w>
  <w>säkra</w>
  <w>de</w>
  <w>mandat</w>
  <w>de</w>
  <w>har</w>
  <w>i</w>
  <w>dag</w>
  <w>.</w>
</absapar>
<absapar id=14>
  <w>Det</w>
  <w>är</w>
  <w>nog</w>
  <w>ingen</w>
  <w>som</w>
  <w>på</w>
  <w>riktigt</w>
  <w>tror</w>
  <w>att</w>
  <w>Moderaterna</w>
  <w>i</w>
  <w>det</w>
  <w>här</w>
  <w>parlamentariska</w>
  <w>läget</w>
  <w>,</w>
  <w>ett</w>
  <w>år</w>
  <w>innan</w>
  <w>valet</w>
  <w>,</w>
  <w>kan</w>
  <w>hämta</w>
  <w>hem</w>
  <w>opinionen</w>
  <w>.</w>
</absapar>
<absapar id=15>
  <w>Tiderna</w>
  <w>förändras</w>
  <w>.</w>
  <absaspan id=30 senti=2>
    <w>Den</w>
    <w>här</w>
    <w>soppan</w>
  </absaspan>
  <w>handlar</w>
  <w>i</w>
  <w>stället</w>
  <w>om</w>
  <w>att</w>
  <w>några</w>
  <w>vill</w>
  <w>positionera</w>
  <w>sig</w>
  <w>högre</w>
  <w>upp</w>
  <w>på</w>
  <w>riksdagslistorna</w>
  <w>så</w>
  <w>att</w>
  <w>de</w>
  <w>sitter</w>
  <w>säkra</w>
  <w>även</w>
  <w>om</w>
  <w>partiet</w>
  <w>krymper</w>
  <w>.</w>
</absapar>
<absapar id=16>
  <absaspan id=31 senti=4>
    <w>Sån</w>
    <w>tur</w>
  </absaspan>
  <absaspan id=32>
    <w>för</w>
    <w>dem</w>
    <w>att</w>
    <w>Moderaterna</w>
    <w>hade</w>
    <w>en</w>
    <w>kvinna</w>
    <w>som</w>
    <w>partiledare</w>
  </absaspan>
  <w>.</w>
  <absaspan id=33>
    <w>Annars</w>
  </absaspan>
  <w>hade</w>
  <w>det</w>
  <w>varit</w>
  <absaspan id=34 senti=2>
    <w>mycket</w>
    <w>svårare</w>
  </absaspan>
  <w>.</w>
  <w>Flockbeteendena</w>
  <w>är</w>
  <w>diametralt</w>
  <w>motsatta</w>
  <w>när</w>
  <w>en</w>
  <w>manlig</w>
  <w>ledare</w>
  <w>utmanas</w>
  <w>jämfört</w>
  <w>med</w>
  <w>en</w>
  <w>kvinnlig</w>
  <w>ledare</w>
  <w>.</w>
</absapar>
<absapar id=17>
  <w>En</w>
  <w>manlig</w>
  <w>makthavare</w>
  <w>har</w>
  <w>vanligtvis</w>
  <w>ett</w>
  <absaspan id=35 senti=4>
    <w>mycket</w>
    <w>mer</w>
    <w>finmaskigt</w>
  </absaspan>
  <absaspan id=36 senti=4>
    <w>skyddsnät</w>
  </absaspan>
  <w>och</w>
  <w>en</w>
  <w>kritiker</w>
  <w>får</w>
  <w>ofta</w>
  <w>stå</w>
  <w>ensam</w>
  <w>.</w>
  <absaspan id=37 senti=1>
    <w>Risken</w>
    <w>är</w>
    <w>för</w>
    <w>stor</w>
    <w>att</w>
    <w>hamna</w>
    <w>i</w>
    <w>kylan</w>
  </absaspan>
  <absaspan id=38 senti=1>
    <w>om</w>
    <w>kuppen</w>
    <w>misslyckas</w>
  </absaspan>
  <absaspan id=39 senti=1>
    <w>och</w>
    <w>då</w>
    <w>vill</w>
    <w>få</w>
    <w>bli</w>
    <w>nersmittade</w>
  </absaspan>
  <absaspan id=40>
    <w>.</w>
  </absaspan>
</absapar>
<absapar id=18>
  <w>Är</w>
  <w>makthavaren</w>
  <w>kvinna</w>
  <w>är</w>
  <w>risken</w>
  <w>den</w>
  <w>omvända</w>
  <w>.</w>
  <w>Skyddsnätet</w>
  <w>är</w>
  <w>glesare</w>
  <w>och</w>
  <w>oddsen</w>
  <w>för</w>
  <w>att</w>
  <w>en</w>
  <w>kupp</w>
  <w>ska</w>
  <w>lyckas</w>
  <w>är</w>
  <w>betydligt</w>
  <w>bättre</w>
  <w>.</w>
  <w>Fler</w>
  <w>vill</w>
  <w>hålla</w>
  <w>sig</w>
  <w>framme</w>
  <w>för</w>
  <w>att</w>
  <w>,</w>
  <w>om</w>
  <w>inte</w>
  <w>ta</w>
  <w>makten</w>
  <w>själv</w>
  <w>,</w>
  <w>så</w>
  <w>visa</w>
  <w>den</w>
  <w>nya</w>
  <w>makthavaren</w>
  <w>sitt</w>
  <w>stöd</w>
  <w>för</w>
  <w>att</w>
  <w>få</w>
  <w>en</w>
  <w>mer</w>
  <w>framträdande</w>
  <w>roll</w>
  <w>.</w>
</absapar>
<absapar id=19>
  <w>Det</w>
  <w>är</w>
  <w>vad</w>
  <w>vi</w>
  <w>just</w>
  <w>har</w>
  <w>bevittnat</w>
  <w>.</w>
  <absaspan id=41>
    <w>Anna</w>
    <w>Kinberg</w>
    <w>Batra</w>
  </absaspan>
  <w>kallar</w>
  <w>själv</w>
  <absaspan id=42>
    <w>det</w>
  </absaspan>
  <absaspan id=43>
    <w>hennes</w>
    <w>kolleger</w>
    <w>ägnat</w>
    <w>sig</w>
    <w>åt</w>
  </absaspan>
  <w>för</w>
  <w>”</w>
  <absaspan id=44 senti=1>
    <w>självskadebeteende</w>
  </absaspan>
  <w>.</w>
  <w>”</w>
  <w>.</w>
</absapar>
<absapar id=20>
  <w>Jag</w>
  <w>skulle</w>
  <w>vilja</w>
  <w>gå</w>
  <w>längre</w>
  <w>än</w>
  <w>så</w>
  <w>.</w>
  <absaspan id=45>
    <w>Det</w>
    <w>här</w>
  </absaspan>
  <absaspan id=46 senti=1>
    <w>är</w>
    <w>inget</w>
    <w>annat</w>
    <w>än</w>
    <w>kannibalism</w>
  </absaspan>
  <w>.</w>
</absapar>
<absapar id=21>
  <w>Och</w>
  <w>kvinnoblod</w>
  <w>verkar</w>
  <w>helt</w>
  <w>enkelt</w>
  <w>smaka</w>
  <w>bättre</w>
  <w>än</w>
  <w>mansblod</w>
  <w>.</w>
</absapar>
<absapar id=22>
  <w>Camilla</w>
  <w>Wagner</w>
  <w>.</w>
</absapar>
<absapar id=23>
  <w>Häng</w>
  <w>med</w>
  <w>i</w>
  <w>debatten</w>
  <w>och</w>
  <w>kommentera</w>
  <w>artikeln</w>
  <w>–</w>
  <w>följ</w>
  <w>Debatt</w>
  <w>på</w>
  <w>Facebook</w>
  <w>.</w>
</absapar>
<absapar id=24>
  <w>REN</w>
  <w>.</w>
</absapar>
<absapar id=25>
  <w>N</w>
  <w>.</w>
</absapar>
</absadoc>
