<absadoc annotators=1 senti=>
<absatitle>
  <absaspan id=1>
    <w>Telias</w>
    <w>agerande</w>
  </absaspan>
  <absaspan id=2 senti=2 target=1>
    <w>hotar</w>
  </absaspan>
  <w>ett</w>
  <absaspan id=3 senti=4 target=4>
    <w>fritt</w>
  </absaspan>
  <absaspan id=4>
    <w>internet</w>
  </absaspan>
  <w>.</w>
</absatitle>
<absapar id=1>
  <w>Telias</w>
  <w>agerande</w>
  <w>där</w>
  <w>nätet</w>
  <w>inte</w>
  <w>är</w>
  <w>neutralt</w>
  <w>innebär</w>
  <w>flera</w>
  <w>problem</w>
  <w>.</w>
  <w>Konsumenter</w>
  <w>och</w>
  <w>företagare</w>
  <w>bör</w>
  <w>få</w>
  <w>dra</w>
  <w>nytta</w>
  <w>av</w>
  <w>potentialen</w>
  <w>av</w>
  <w>fibernät</w>
  <w>.</w>
  <w>Det</w>
  <w>skriver</w>
  <w>Henrik</w>
  <w>Ringmar</w>
  <w>,</w>
  <w>vd</w>
  <w>för</w>
  <w>IP-Only</w>
  <w>.</w>
</absapar>
<absapar id=2>
  <w>Kombinationen</w>
  <w>av</w>
  <absaspan id=5 senti=2>
    <w>inskränkningar</w>
  </absaspan>
  <w>i</w>
  <w>nätneutraliteten</w>
  <w>samtidigt</w>
  <w>som</w>
  <absaspan id=6>
    <w>vissa</w>
    <w>kommuner</w>
  </absaspan>
  <w>försöker</w>
  <absaspan id=7 senti=2>
    <w>hindra</w>
  </absaspan>
  <w>privata</w>
  <w>aktörer</w>
  <w>att</w>
  <w>bygga</w>
  <w>fiberinfrastruktur</w>
  <w>äventyrar</w>
  <w>den</w>
  <w>konkurrens</w>
  <w>som</w>
  <w>länge</w>
  <w>varit</w>
  <w>unik</w>
  <w>för</w>
  <w>Sverige</w>
  <w>.</w>
</absapar>
<absapar id=3>
  <w>Det</w>
  <w>här</w>
  <w>är</w>
  <w>en</w>
  <w>argumenterande</w>
  <w>text</w>
  <w>med</w>
  <w>syfte</w>
  <w>att</w>
  <w>påverka</w>
  <w>.</w>
  <w>Åsikterna</w>
  <w>som</w>
  <w>uttrycks</w>
  <w>är</w>
  <w>skribentens</w>
  <w>egna</w>
  <w>.</w>
</absapar>
<absapar id=4>
  <absaspan id=8>
    <w>Inskränkningar</w>
    <w>i</w>
    <w>nätneutraliteten</w>
  </absaspan>
  <absaspan id=9 senti=2>
    <w>riskerar</w>
  </absaspan>
  <w>inte</w>
  <w>bara</w>
  <absaspan id=10 senti=2>
    <w>yttrandefriheten</w>
  </absaspan>
  <w>utan</w>
  <w>även</w>
  <w>konkurrensen</w>
  <w>på</w>
  <w>bredbandsmarknaden</w>
  <w>.</w>
  <w>Sveriges</w>
  <w>ledande</w>
  <w>publicister</w>
  <w>sätter</w>
  <w>fingret</w>
  <w>på</w>
  <w>en</w>
  <w>ömmande</w>
  <w>punkt</w>
  <w>i</w>
  <w>sin</w>
  <w>debattartikel</w>
  <w>om</w>
  <w>Telias</w>
  <w>samarbete</w>
  <w>med</w>
  <w>Facebook</w>
  <w>(</w>
  <w>SvD</w>
  <w>Debatt</w>
  <w>3</w>
  <w>/</w>
  <w>5</w>
  <w>)</w>
  <w>.</w>
  <w>Vi</w>
  <w>som</w>
  <w>arbetar</w>
  <w>för</w>
  <w>att</w>
  <w>en</w>
  <w>digital</w>
  <w>infrastruktur</w>
  <w>som</w>
  <w>rymmer</w>
  <w>en</w>
  <w>mångfald</w>
  <w>av</w>
  <w>tjänster</w>
  <w>och</w>
  <w>operatörer</w>
  <w>ska</w>
  <w>bli</w>
  <w>tillgängligt</w>
  <w>välkomnar</w>
  <w>därför</w>
  <w>debatten</w>
  <w>om</w>
  <w>de</w>
  <w>grundläggande</w>
  <w>förutsättningarna</w>
  <w>för</w>
  <w>ett</w>
  <w>fritt</w>
  <w>internet</w>
  <w>till</w>
  <w>alla</w>
  <w>.</w>
</absapar>
<absapar id=5>
  <w>IP-Only</w>
  <w>delar</w>
  <w>den</w>
  <w>oro</w>
  <w>som</w>
  <w>flera</w>
  <w>företrädare</w>
  <w>för</w>
  <w>svenska</w>
  <w>medier</w>
  <w>ger</w>
  <w>uttryck</w>
  <w>för</w>
  <w>.</w>
  <w>Att</w>
  <w>statliga</w>
  <w>Telia</w>
  <w>premierar</w>
  <w>vissa</w>
  <w>tjänster</w>
  <w>i</w>
  <w>det</w>
  <w>egna</w>
  <w>nätet</w>
  <w>utgör</w>
  <w>en</w>
  <w>inskränkning</w>
  <w>i</w>
  <w>neutraliteten</w>
  <w>på</w>
  <w>internet</w>
  <w>,</w>
  <w>som</w>
  <w>i</w>
  <w>förlängningen</w>
  <w>hotar</w>
  <w>den</w>
  <w>mångfald</w>
  <w>som</w>
  <w>är</w>
  <w>nödvändig</w>
  <w>för</w>
  <w>att</w>
  <w>internets</w>
  <w>alla</w>
  <w>möjligheter</w>
  <w>ska</w>
  <w>vara</w>
  <w>tillgängliga</w>
  <w>för</w>
  <w>alla</w>
  <w>.</w>
</absapar>
<absapar id=6>
  <w>Att</w>
  <absaspan id=11>
    <w>subventionera</w>
    <w>enskilda</w>
    <w>tjänster</w>
    <w>och</w>
    <w>leverantörer</w>
    <w>i</w>
    <w>det</w>
    <w>egna</w>
    <w>nätet</w>
  </absaspan>
  <absaspan id=12 senti=2>
    <w>hotar</w>
  </absaspan>
  <w>inte</w>
  <w>bara</w>
  <w>de</w>
  <w>svenska</w>
  <w>medieföretagens</w>
  <w>möjlighet</w>
  <w>att</w>
  <w>sprida</w>
  <w>samhällsviktig</w>
  <w>information</w>
  <w>,</w>
  <w>det</w>
  <w>är</w>
  <w>också</w>
  <w>ett</w>
  <w>direkt</w>
  <absaspan id=13 senti=2>
    <w>hot</w>
  </absaspan>
  <w>mot</w>
  <absaspan id=14>
    <w>konkurrensen</w>
  </absaspan>
  <w>som</w>
  <w>gjort</w>
  <w>Sverige</w>
  <w>till</w>
  <w>ett</w>
  <w>internationellt</w>
  <w>föredöme</w>
  <w>på</w>
  <w>bredbandsområdet</w>
  <w>.</w>
  <w>Den</w>
  <w>reglerande</w>
  <w>myndigheten</w>
  <w>Post</w>
  <w>-</w>
  <w>och</w>
  <w>Telestyrelsen</w>
  <w>(</w>
  <w>PTS</w>
  <w>)</w>
  <w>motsatte</w>
  <w>sig</w>
  <w>tidigare</w>
  <w>en</w>
  <w>reglering</w>
  <w>av</w>
  <w>neutraliteten</w>
  <w>i</w>
  <w>näten</w>
  <w>av</w>
  <w>det</w>
  <w>enkla</w>
  <w>skälet</w>
  <w>att</w>
  <w>den</w>
  <w>svenska</w>
  <w>marknaden</w>
  <w>redan</w>
  <w>reglerades</w>
  <w>av</w>
  <w>konkurrensen</w>
  <w>,</w>
  <w>det</w>
  <w>vill</w>
  <w>säga</w>
  <w>tack</w>
  <w>vare</w>
  <w>att</w>
  <w>det</w>
  <w>finns</w>
  <w>ett</w>
  <w>flertal</w>
  <w>operatörer</w>
  <w>som</w>
  <w>erbjuder</w>
  <w>fibernät</w>
  <w>och</w>
  <w>tjänster</w>
  <w>så</w>
  <w>behövdes</w>
  <w>ingen</w>
  <w>reglering</w>
  <w>kring</w>
  <w>nätneutralitet</w>
  <w>.</w>
  <absaspan id=15>
    <w>Telias</w>
    <w>agerande</w>
  </absaspan>
  <absaspan id=16 senti=2>
    <w>riskerar</w>
    <w>att</w>
    <w>kraftigt</w>
    <w>försämra</w>
    <w>möjligheterna</w>
  </absaspan>
  <w>för</w>
  <w>konsumenter</w>
  <w>och</w>
  <w>företagare</w>
  <w>att</w>
  <w>dra</w>
  <w>nytta</w>
  <w>av</w>
  <w>den</w>
  <w>fulla</w>
  <w>potentialen</w>
  <w>av</w>
  <w>fibernätet</w>
  <w>och</w>
  <absaspan id=17 senti=2>
    <w>underminera</w>
  </absaspan>
  <w>den</w>
  <w>självreglering</w>
  <w>som</w>
  <w>tidigare</w>
  <w>präglat</w>
  <w>branschen</w>
  <w>.</w>
  <w>Är</w>
  <w>det</w>
  <w>så</w>
  <w>att</w>
  <w>Telia</w>
  <w>nu</w>
  <w>ser</w>
  <w>att</w>
  <w>man</w>
  <w>kan</w>
  <w>börja</w>
  <w>kompromissa</w>
  <w>med</w>
  <w>nätneutraliteten</w>
  <w>för</w>
  <w>att</w>
  <w>konkurrensen</w>
  <w>på</w>
  <w>fibermarknaden</w>
  <w>försämras</w>
  <w>,</w>
  <w>då</w>
  <w>privata</w>
  <w>aktörer</w>
  <w>hindras</w>
  <w>att</w>
  <w>bygga</w>
  <w>fiberinfrastruktur</w>
  <w>?</w>
  <w>.</w>
</absapar>
<absapar id=7>
  <w>Ett</w>
  <absaspan id=18>
    <w>brett</w>
    <w>utbud</w>
    <w>av</w>
    <w>tjänster</w>
    <w>och</w>
    <w>leverantörer</w>
  </absaspan>
  <absaspan id=19 senti=4>
    <w>skapar</w>
    <w>innovationskraft</w>
  </absaspan>
  <w>.</w>
  <w>Detta</w>
  <w>har</w>
  <w>konstaterats</w>
  <w>flera</w>
  <w>gånger</w>
  <w>av</w>
  <w>både</w>
  <w>PTS</w>
  <w>och</w>
  <w>Svenska</w>
  <w>stadsnätsföreningen</w>
  <w>.</w>
  <w>Den</w>
  <w>riskerar</w>
  <w>att</w>
  <w>gå</w>
  <w>förlorad</w>
  <w>om</w>
  <w>hushåll</w>
  <w>och</w>
  <w>företag</w>
  <w>enbart</w>
  <w>kan</w>
  <w>välja</w>
  <w>mellan</w>
  <w>ett</w>
  <w>särskilt</w>
  <absaspan id=20>
    <w>utbud</w>
  </absaspan>
  <absaspan id=21>
    <w>av</w>
    <w>tjänster</w>
    <w>som</w>
    <w>antingen</w>
    <w>prioriteras</w>
    <w>eller</w>
    <w>subventioneras</w>
    <w>av</w>
    <w>Telia</w>
  </absaspan>
  <w>.</w>
  <absaspan id=22>
    <w>Det</w>
  </absaspan>
  <absaspan id=23 senti=2>
    <w>skapar</w>
  </absaspan>
  <w>i</w>
  <w>sin</w>
  <w>tur</w>
  <w>en</w>
  <absaspan id=24 senti=2>
    <w>klyfta</w>
  </absaspan>
  <w>i</w>
  <w>Sverige</w>
  <w>mellan</w>
  <w>de</w>
  <w>som</w>
  <w>har</w>
  <w>och</w>
  <w>de</w>
  <w>som</w>
  <w>inte</w>
  <w>har</w>
  <w>tillgång</w>
  <w>till</w>
  <w>ett</w>
  <w>diversifierat</w>
  <w>utbud</w>
  <w>av</w>
  <w>tjänster</w>
  <w>och</w>
  <w>leverantörer</w>
  <w>i</w>
  <w>näten</w>
  <w>.</w>
</absapar>
<absapar id=8>
  <w>Ända</w>
  <w>sedan</w>
  <w>starten</w>
  <w>har</w>
  <w>IP-Only</w>
  <w>verkat</w>
  <w>utifrån</w>
  <w>premissen</w>
  <w>att</w>
  <w>öppna</w>
  <w>och</w>
  <w>neutrala</w>
  <w>nät</w>
  <w>är</w>
  <w>en</w>
  <w>förutsättning</w>
  <w>för</w>
  <w>den</w>
  <w>digitala</w>
  <w>infrastrukturen</w>
  <w>.</w>
  <w>Just</w>
  <w>därför</w>
  <w>investerar</w>
  <w>vi</w>
  <w>i</w>
  <w>och</w>
  <w>utvecklar</w>
  <w>vår</w>
  <w>egen</w>
  <w>infrastruktur</w>
  <w>vilket</w>
  <w>gör</w>
  <w>att</w>
  <w>vi</w>
  <w>aldrig</w>
  <w>behöver</w>
  <w>kompromissa</w>
  <w>med</w>
  <w>vår</w>
  <w>öppenhet</w>
  <w>och</w>
  <w>att</w>
  <w>våra</w>
  <w>nät</w>
  <w>alltid</w>
  <w>erbjuder</w>
  <w>den</w>
  <w>mångfald</w>
  <w>som</w>
  <w>i</w>
  <w>dag</w>
  <w>efterfrågas</w>
  <w>av</w>
  <w>konsumenter</w>
  <w>som</w>
  <w>vill</w>
  <w>ha</w>
  <w>mer</w>
  <w>än</w>
  <w>ett</w>
  <w>val</w>
  <w>på</w>
  <w>bredbandsmarknaden</w>
  <w>.</w>
</absapar>
<absapar id=9>
  <w>Skräddarsydda</w>
  <w>kurser</w>
  <w>i</w>
  <w>ämnen</w>
  <w>som</w>
  <w>intresserar</w>
  <w>och</w>
  <w>engagerar</w>
  <w>både</w>
  <w>kropp</w>
  <w>och</w>
  <w>själ</w>
  <w>.</w>
</absapar>
<absapar id=10>
  <w>Genom</w>
  <w>ett</w>
  <absaspan id=25 senti=4>
    <w>konstruktivt</w>
    <w>samarbete</w>
  </absaspan>
  <w>med</w>
  <w>landets</w>
  <w>kommuner</w>
  <w>kan</w>
  <w>vi</w>
  <w>säkerställa</w>
  <w>att</w>
  <w>hela</w>
  <w>Sverige</w>
  <w>,</w>
  <w>även</w>
  <w>landsbygden</w>
  <w>,</w>
  <w>erbjuds</w>
  <w>ett</w>
  <w>alternativ</w>
  <w>till</w>
  <w>ett</w>
  <w>nationellt</w>
  <w>täckande</w>
  <w>Telia-nät</w>
  <w>med</w>
  <w>enbart</w>
  <w>sitt</w>
  <w>egna</w>
  <w>urval</w>
  <w>av</w>
  <w>tjänster</w>
  <w>.</w>
  <w>Det</w>
  <w>skapar</w>
  <w>också</w>
  <w>möjligheter</w>
  <w>för</w>
  <w>tjänsteleverantörer</w>
  <w>som</w>
  <w>själva</w>
  <w>saknar</w>
  <w>kapital</w>
  <w>för</w>
  <w>att</w>
  <w>bygga</w>
  <w>egna</w>
  <w>nät</w>
  <w>att</w>
  <w>nyttja</w>
  <w>vår</w>
  <w>infrastruktur</w>
  <w>och</w>
  <w>leverera</w>
  <w>till</w>
  <w>kunder</w>
  <w>,</w>
  <w>något</w>
  <w>som</w>
  <w>hade</w>
  <w>varit</w>
  <w>omöjligt</w>
  <w>om</w>
  <w>det</w>
  <w>bara</w>
  <w>fanns</w>
  <w>ett</w>
  <w>nät</w>
  <w>ägt</w>
  <w>av</w>
  <w>Telia</w>
  <w>.</w>
</absapar>
<absapar id=11>
  <w>Den</w>
  <w>svenska</w>
  <w>bredbandsutbyggnaden</w>
  <w>står</w>
  <w>inför</w>
  <w>ett</w>
  <w>paradigmskifte</w>
  <w>.</w>
  <w>Kombinationen</w>
  <w>av</w>
  <w>inskränkningar</w>
  <w>i</w>
  <w>nätneutraliteten</w>
  <w>samtidigt</w>
  <w>som</w>
  <w>vissa</w>
  <w>kommuner</w>
  <w>försöker</w>
  <w>hindra</w>
  <w>privata</w>
  <w>aktörer</w>
  <w>att</w>
  <w>bygga</w>
  <w>fiberinfrastruktur</w>
  <w>äventyrar</w>
  <w>den</w>
  <w>konkurrens</w>
  <w>som</w>
  <w>länge</w>
  <w>varit</w>
  <w>unik</w>
  <w>för</w>
  <w>Sverige</w>
  <w>.</w>
  <w>Om</w>
  <w>ingenting</w>
  <w>görs</w>
  <absaspan id=26 senti=2>
    <w>riskerar</w>
  </absaspan>
  <w>vi</w>
  <w>att</w>
  <absaspan id=27 senti=2>
    <w>permanent</w>
  </absaspan>
  <absaspan id=28 senti=2>
    <w>rasera</w>
  </absaspan>
  <w>de</w>
  <absaspan id=29>
    <w>nationella</w>
    <w>förutsättningar</w>
  </absaspan>
  <w>som</w>
  <w>skapat</w>
  <w>innovation</w>
  <w>i</w>
  <w>teknik</w>
  <w>-</w>
  <w>och</w>
  <w>tjänstesektorn</w>
  <w>i</w>
  <w>Sverige</w>
  <w>.</w>
</absapar>
<absapar id=12>
  <absaspan id=30>
    <w>Vi</w>
  </absaspan>
  <w>delar</w>
  <w>därför</w>
  <absaspan id=31>
    <w>landets</w>
    <w>ledande</w>
    <w>medieföretags</w>
  </absaspan>
  <w>slutsats</w>
  <w>att</w>
  <w>regeringen</w>
  <w>bör</w>
  <w>ta</w>
  <w>ett</w>
  <w>ansvar</w>
  <w>i</w>
  <w>arbetet</w>
  <w>med</w>
  <w>att</w>
  <absaspan id=32 senti=4>
    <w>garantera</w>
    <w>ett</w>
    <w>fritt</w>
    <w>internet</w>
  </absaspan>
  <w>.</w>
  <w>Förutsättningarna</w>
  <w>för</w>
  <w>konstruktivt</w>
  <w>samarbete</w>
  <w>mellan</w>
  <w>svenska</w>
  <w>kommuner</w>
  <w>som</w>
  <w>ger</w>
  <w>grävtillstånd</w>
  <w>och</w>
  <w>markavtal</w>
  <w>och</w>
  <w>investeringsvilliga</w>
  <w>privata</w>
  <w>aktörer</w>
  <w>bör</w>
  <w>säkerställas</w>
  <w>för</w>
  <w>att</w>
  <w>ett</w>
  <w>neutralt</w>
  <w>fibernät</w>
  <w>ska</w>
  <w>kunna</w>
  <w>erbjudas</w>
  <w>till</w>
  <w>alla</w>
  <w>.</w>
  <w>Genom</w>
  <absaspan id=33>
    <w>samarbete</w>
  </absaspan>
  <absaspan id=34 senti=4>
    <w>kan</w>
    <w>den</w>
    <w>fulla</w>
    <w>potentialen</w>
    <w>i</w>
    <w>ett</w>
    <w>fritt</w>
    <w>internet</w>
    <w>realiseras</w>
  </absaspan>
  <w>då</w>
  <w>användarna</w>
  <w>själva</w>
  <w>har</w>
  <w>valmöjligheten</w>
  <w>att</w>
  <w>avgöra</w>
  <w>vilket</w>
  <w>utbud</w>
  <w>de</w>
  <w>vill</w>
  <w>ha</w>
  <w>.</w>
</absapar>
<absapar id=13>
  <w>Henrik</w>
  <w>Ringmar</w>
  <w>.</w>
</absapar>
<absapar id=14>
  <w>vd</w>
  <w>IP-Only</w>
  <w>.</w>
</absapar>
<absapar id=15>
  <w>Fotnot</w>
  <w>:</w>
  <w>IP-Only</w>
  <w>är</w>
  <w>en</w>
  <w>internetoperatör</w>
  <w>som</w>
  <w>främst</w>
  <w>riktar</w>
  <w>sig</w>
  <w>till</w>
  <w>leverantörer</w>
  <w>av</w>
  <w>informationstjänster</w>
  <w>på</w>
  <w>Internet</w>
  <w>.</w>
</absapar>
<absapar id=16>
  <w>Redaktör</w>
  <w>:</w>
  <w>Carina</w>
  <w>StenssonBiträdande</w>
  <w>redaktör</w>
  <w>:</w>
  <w>Carl-Johan</w>
  <w>BilkenrothMejl</w>
  <w>:</w>
  <w>debatt</w>
  <w>@</w>
  <w>svd.seTelefonnummer</w>
  <w>:</w>
  <w>08</w>
  <w>-</w>
  <w>135149Twitter</w>
  <w>:</w>
  <w>@</w>
  <w>SvDDebattFacebook</w>
  <w>:</w>
  <w>SvD</w>
  <w>Debatt</w>
  <w>.</w>
</absapar>
<absapar id=17>
  <w>Redaktör</w>
  <w>:</w>
  <w>Carina</w>
  <w>Stensson</w>
  <w>,</w>
  <w>Biträdande</w>
  <w>redaktör</w>
  <w>:</w>
  <w>Björn</w>
  <w>Jorner</w>
  <w>,</w>
  <w>Mejl</w>
  <w>:</w>
  <w>debatt</w>
  <w>@</w>
  <w>svd.se</w>
  <w>,</w>
  <w>Telefonnummer</w>
  <w>:</w>
  <w>08</w>
  <w>-</w>
  <w>135149</w>
  <w>,</w>
  <w>Twitter</w>
  <w>:</w>
  <w>@</w>
  <w>SvDDebatt</w>
  <w>,</w>
  <w>Facebook</w>
  <w>:</w>
  <w>SvD</w>
  <w>Debatt</w>
  <w>.</w>
</absapar>
</absadoc>
