<absadoc annotators=1 senti=>
<absatitle>
  <absaspan id=1>
    <w>Jämställdhet</w>
  </absaspan>
  <w>är</w>
  <w>en</w>
  <w>fråga</w>
  <w>om</w>
  <absaspan id=2 senti=4 target=1>
    <w>frihet</w>
  </absaspan>
  <w>.</w>
</absatitle>
<absapar id=1>
  <w>MODERAT</w>
  <w>OMSVÄNGNING</w>
  <w>Att</w>
  <w>förnya</w>
  <w>sin</w>
  <w>politik</w>
  <w>är</w>
  <w>viktigt</w>
  <w>för</w>
  <w>alla</w>
  <w>partier</w>
  <w>som</w>
  <w>vill</w>
  <w>utvecklas</w>
  <w>.</w>
  <w>För</w>
  <w>att</w>
  <w>nå</w>
  <absaspan id=3 senti=4>
    <w>målet</w>
  </absaspan>
  <w>om</w>
  <absaspan id=4>
    <w>ett</w>
  </absaspan>
  <absaspan id=5>
    <w>jämställt</w>
    <w>samhälle</w>
  </absaspan>
  <w>krävs</w>
  <w>ett</w>
  <absaspan id=6 senti=4>
    <w>hårt</w>
    <w>och</w>
    <w>målinriktat</w>
  </absaspan>
  <absaspan id=7>
    <w>arbete</w>
  </absaspan>
  <w>.</w>
  <absaspan id=8>
    <w>Detta</w>
  </absaspan>
  <w>ska</w>
  <w>bli</w>
  <w>en</w>
  <w>av</w>
  <w>våra</w>
  <absaspan id=9 senti=5>
    <w>största</w>
    <w>frihetsreformer</w>
    <w>någonsin</w>
  </absaspan>
  <w>,</w>
  <w>skriver</w>
  <w>Per</w>
  <w>Schlingmann</w>
  <w>och</w>
  <w>Hillevi</w>
  <w>Engström</w>
  <w>(</w>
  <w>M</w>
  <w>)</w>
  <w>.</w>
</absapar>
<absapar id=2>
  <w>oderaternas</w>
  <absaspan id=10 senti=4>
    <w>mål</w>
  </absaspan>
  <w>är</w>
  <w>att</w>
  <w>uppnå</w>
  <absaspan id=11>
    <w>ett</w>
    <w>samhälle</w>
    <w>där</w>
    <w>alla</w>
    <w>har</w>
    <w>samma</w>
    <w>förutsättningar</w>
    <w>och</w>
    <w>inte</w>
  </absaspan>
  <absaspan id=12 senti=2>
    <w>bromsas</w>
    <w>av</w>
  </absaspan>
  <absaspan id=13>
    <w>fördomar</w>
    <w>eller</w>
    <w>könsnormer</w>
  </absaspan>
  <w>.</w>
  <w>Sverige</w>
  <w>ska</w>
  <w>vara</w>
  <w>ett</w>
  <w>land</w>
  <w>där</w>
  <w>vi</w>
  <w>tar</w>
  <w>vara</w>
  <w>på</w>
  <w>allas</w>
  <w>förmåga</w>
  <w>och</w>
  <w>ambitioner</w>
  <w>och</w>
  <w>där</w>
  <w>alla</w>
  <w>känner</w>
  <w>att</w>
  <w>de</w>
  <w>får</w>
  <w>komma</w>
  <w>till</w>
  <w>sin</w>
  <w>rätt</w>
  <w>.</w>
</absapar>
<absapar id=3>
  <w>Det</w>
  <w>här</w>
  <w>är</w>
  <w>en</w>
  <w>argumenterande</w>
  <w>text</w>
  <w>med</w>
  <w>syfte</w>
  <w>att</w>
  <w>påverka</w>
  <w>.</w>
  <w>Åsikterna</w>
  <w>som</w>
  <w>uttrycks</w>
  <w>är</w>
  <w>skribentens</w>
  <w>egna</w>
  <w>.</w>
</absapar>
<absapar id=4>
  <w>Vi</w>
  <w>vill</w>
  <w>att</w>
  <w>alla</w>
  <w>barn</w>
  <absaspan id=14 senti=4>
    <w>redan</w>
    <w>från</w>
    <w>födseln</w>
  </absaspan>
  <absaspan id=15>
    <w>bemöts</w>
    <w>som</w>
    <w>individer</w>
  </absaspan>
  <w>och</w>
  <w>behandlas</w>
  <w>som</w>
  <w>just</w>
  <w>den</w>
  <w>han</w>
  <w>eller</w>
  <w>hon</w>
  <w>är</w>
  <w>och</w>
  <w>att</w>
  <w>fler</w>
  <w>människor</w>
  <absaspan id=16 senti=4>
    <w>får</w>
    <w>makt</w>
  </absaspan>
  <absaspan id=17>
    <w>att</w>
    <w>forma</w>
    <w>sitt</w>
    <w>eget</w>
    <w>liv</w>
  </absaspan>
  <w>.</w>
  <absaspan id=18 senti=2>
    <w>I</w>
    <w>vägen</w>
    <w>för</w>
    <w>detta</w>
    <w>står</w>
  </absaspan>
  <w>bland</w>
  <w>annat</w>
  <absaspan id=19>
    <w>föreställningar</w>
    <w>om</w>
    <w>kön</w>
    <w>som</w>
    <w>gör</w>
    <w>att</w>
    <w>många</w>
    <w>tjejer</w>
    <w>och</w>
    <w>kvinnor</w>
    <w>inte</w>
    <w>enbart</w>
    <w>bedöms</w>
    <w>utifrån</w>
    <w>den</w>
    <w>individ</w>
    <w>de</w>
    <w>är</w>
  </absaspan>
  <w>.</w>
  <w>Detta</w>
  <w>är</w>
  <w>därför</w>
  <w>en</w>
  <w>frihetsfråga</w>
  <w>,</w>
  <w>men</w>
  <w>också</w>
  <w>en</w>
  <w>fråga</w>
  <w>om</w>
  <w>hur</w>
  <w>vi</w>
  <w>utvecklar</w>
  <w>hela</w>
  <w>Sveriges</w>
  <w>potential</w>
  <w>.</w>
</absapar>
<absapar id=5>
  <absaspan id=20>
    <w>Att</w>
    <w>arbeta</w>
    <w>för</w>
    <w>ökad</w>
    <w>jämställdhet</w>
  </absaspan>
  <w>blir</w>
  <w>därmed</w>
  <w>till</w>
  <absaspan id=21 senti=4>
    <w>en</w>
    <w>självklarhet</w>
  </absaspan>
  <w>för</w>
  <w>oss</w>
  <w>.</w>
  <w>Vi</w>
  <w>har</w>
  <w>under</w>
  <w>längre</w>
  <w>tid</w>
  <w>arbetat</w>
  <w>för</w>
  <w>att</w>
  <w>utveckla</w>
  <w>svaren</w>
  <w>på</w>
  <w>hur</w>
  <absaspan id=22>
    <w>jämställdheten</w>
    <w>och</w>
    <w>därmed</w>
    <w>friheten</w>
  </absaspan>
  <absaspan id=23 senti=4>
    <w>kan</w>
    <w>öka</w>
  </absaspan>
  <w>.</w>
  <w>Detta</w>
  <w>har</w>
  <w>nu</w>
  <w>resulterat</w>
  <w>i</w>
  <w>den</w>
  <w>jämställdhetspolitiska</w>
  <w>plattform</w>
  <w>som</w>
  <w>partistyrelsen</w>
  <w>antagit</w>
  <w>och</w>
  <w>som</w>
  <w>ligger</w>
  <w>till</w>
  <w>grund</w>
  <w>för</w>
  <w>vårt</w>
  <w>fortsatta</w>
  <w>agerande</w>
  <w>i</w>
  <w>frågan</w>
  <w>.</w>
</absapar>
<absapar id=6>
  <absaspan id=24>
    <w>Att</w>
    <w>förnya</w>
    <w>sin</w>
    <w>politik</w>
    <w>utifrån</w>
    <w>vilka</w>
    <w>samhällsproblem</w>
    <w>som</w>
    <w>bildar</w>
  </absaspan>
  <absaspan id=25 senti=4>
    <w>viktiga</w>
  </absaspan>
  <absaspan id=26>
    <w>utmaningar</w>
  </absaspan>
  <absaspan id=27 senti=4>
    <w>är</w>
    <w>viktigt</w>
  </absaspan>
  <w>för</w>
  <w>alla</w>
  <w>partier</w>
  <w>som</w>
  <w>vill</w>
  <w>utvecklas</w>
  <w>.</w>
  <w>Socialdemokraternas</w>
  <w>talesperson</w>
  <w>i</w>
  <w>frågan</w>
  <w>Claes</w>
  <w>Borgström</w>
  <w>beskriver</w>
  <w>i</w>
  <w>sin</w>
  <w>artikel</w>
  <w>den</w>
  <w>26</w>
  <w>januari</w>
  <w>delar</w>
  <w>av</w>
  <w>våra</w>
  <w>slutsatser</w>
  <w>.</w>
</absapar>
<absapar id=7>
  <w>Det</w>
  <absaspan id=28 senti=4>
    <w>helt</w>
    <w>avgörande</w>
  </absaspan>
  <w>är</w>
  <absaspan id=29>
    <w>att</w>
    <w>stärka</w>
    <w>kvinnors</w>
    <w>ställning</w>
    <w>på</w>
    <w>arbetsmarknaden</w>
  </absaspan>
  <w>.</w>
  <w>Det</w>
  <w>handlar</w>
  <w>bland</w>
  <w>annat</w>
  <w>om</w>
  <absaspan id=30 senti=2>
    <w>åtgärder</w>
    <w>mot</w>
  </absaspan>
  <absaspan id=31>
    <w>löneskillnader</w>
    <w>,</w>
    <w>den</w>
  </absaspan>
  <absaspan id=32 senti=2>
    <w>könssegregerade</w>
  </absaspan>
  <absaspan id=33>
    <w>arbetsmarknaden</w>
  </absaspan>
  <absaspan id=34>
    <w>,</w>
    <w>att</w>
    <w>kvinnor</w>
    <w>i</w>
    <w>mindre</w>
    <w>utsträckning</w>
    <w>än</w>
    <w>män</w>
    <w>har</w>
    <w>inflytande</w>
    <w>på</w>
    <w>sina</w>
    <w>arbetsplatser</w>
    <w>och</w>
    <w>att</w>
    <w>väsentligt</w>
    <w>färre</w>
    <w>kvinnor</w>
    <w>är</w>
    <w>företagare</w>
  </absaspan>
  <w>.</w>
</absapar>
<absapar id=8>
  <w>Men</w>
  <w>det</w>
  <w>handlar</w>
  <w>också</w>
  <w>om</w>
  <w>jobbpolitiken</w>
  <w>och</w>
  <w>här</w>
  <w>har</w>
  <w>vi</w>
  <w>en</w>
  <w>tydlig</w>
  <w>agenda</w>
  <w>för</w>
  <w>nästa</w>
  <w>mandatperiod</w>
  <w>som</w>
  <w>handlar</w>
  <w>om</w>
  <w>att</w>
  <absaspan id=35 senti=4>
    <w>förstärka</w>
  </absaspan>
  <absaspan id=36>
    <w>drivkrafterna</w>
    <w>för</w>
    <w>att</w>
    <w>arbeta</w>
    <w>och</w>
    <w>anställa</w>
  </absaspan>
  <w>,</w>
  <w>att</w>
  <w>ge</w>
  <w>människor</w>
  <w>verktyg</w>
  <w>för</w>
  <w>att</w>
  <w>bli</w>
  <w>anställningsbara</w>
  <w>och</w>
  <w>att</w>
  <w>säkra</w>
  <w>resurserna</w>
  <w>till</w>
  <w>välfärdens</w>
  <w>kärna</w>
  <w>.</w>
  <absaspan id=37>
    <w>Jobbpolitiken</w>
  </absaspan>
  <w>är</w>
  <w>en</w>
  <absaspan id=38 senti=4>
    <w>viktig</w>
  </absaspan>
  <absaspan id=39 senti=4>
    <w>kvinnofråga</w>
  </absaspan>
  <w>.</w>
</absapar>
<absapar id=9>
  <w>Skräddarsydda</w>
  <w>kurser</w>
  <w>i</w>
  <w>ämnen</w>
  <w>som</w>
  <w>intresserar</w>
  <w>och</w>
  <w>engagerar</w>
  <w>både</w>
  <w>kropp</w>
  <w>och</w>
  <w>själ</w>
  <w>.</w>
</absapar>
<absapar id=10>
  <w>Ett</w>
  <absaspan id=40 senti=4>
    <w>viktigt</w>
  </absaspan>
  <absaspan id=41 senti=4>
    <w>instrument</w>
  </absaspan>
  <absaspan id=42 senti=4>
    <w>är</w>
  </absaspan>
  <absaspan id=43>
    <w>lönekartläggningar</w>
  </absaspan>
  <w>.</w>
  <absaspan id=44>
    <w>Lönekartläggningar</w>
  </absaspan>
  <w>är</w>
  <w>ett</w>
  <absaspan id=45 senti=4>
    <w>bra</w>
  </absaspan>
  <absaspan id=46 senti=4>
    <w>verktyg</w>
  </absaspan>
  <w>för</w>
  <w>att</w>
  <w>komma</w>
  <w>tillrätta</w>
  <w>med</w>
  <absaspan id=47 senti=2>
    <w>osakliga</w>
  </absaspan>
  <absaspan id=48>
    <w>löneskillnader</w>
    <w>mellan</w>
    <w>kvinnor</w>
    <w>och</w>
    <w>män</w>
  </absaspan>
  <w>.</w>
  <w>Därför</w>
  <w>föreslår</w>
  <w>vi</w>
  <w>att</w>
  <w>lönekartläggningar</w>
  <w>ska</w>
  <w>genomföras</w>
  <w>vartannat</w>
  <w>år</w>
  <w>istället</w>
  <w>för</w>
  <w>var</w>
  <w>tredje</w>
  <w>.</w>
  <w>Till</w>
  <w>det</w>
  <w>vill</w>
  <w>vi</w>
  <w>också</w>
  <w>koppla</w>
  <w>en</w>
  <absaspan id=49 senti=4>
    <w>jämställdhetsrating</w>
  </absaspan>
  <w>av</w>
  <w>arbetsgivare</w>
  <w>för</w>
  <w>att</w>
  <w>synliggöra</w>
  <w>skillnader</w>
  <w>för</w>
  <w>arbetssökande</w>
  <w>och</w>
  <w>arbetstagare</w>
  <w>.</w>
</absapar>
<absapar id=11>
  <w>Ett</w>
  <w>annat</w>
  <w>exempel</w>
  <w>på</w>
  <w>behovet</w>
  <w>av</w>
  <w>vidareutveckling</w>
  <w>av</w>
  <w>vår</w>
  <w>politik</w>
  <w>är</w>
  <w>att</w>
  <w>vi</w>
  <w>vill</w>
  <absaspan id=50 senti=4>
    <w>förstärka</w>
    <w>och</w>
    <w>utveckla</w>
  </absaspan>
  <absaspan id=51>
    <w>jämställdhetsbonusen</w>
  </absaspan>
  <w>som</w>
  <absaspan id=52 senti=4>
    <w>uppmuntrar</w>
  </absaspan>
  <w>föräldrar</w>
  <absaspan id=53>
    <w>att</w>
    <w>dela</w>
    <w>mer</w>
    <w>lika</w>
    <w>på</w>
    <w>föräldraledigheten</w>
  </absaspan>
  <w>.</w>
  <w>Det</w>
  <w>blir</w>
  <w>helt</w>
  <w>enkelt</w>
  <absaspan id=54 senti=4>
    <w>mer</w>
    <w>lönsamt</w>
  </absaspan>
  <absaspan id=55>
    <w>för</w>
    <w>kvinnor</w>
    <w>att</w>
    <w>arbeta</w>
    <w>och</w>
    <w>för</w>
    <w>män</w>
    <w>att</w>
    <w>ta</w>
    <w>ansvar</w>
    <w>för</w>
    <w>hem</w>
    <w>och</w>
    <w>familj</w>
  </absaspan>
  <w>.</w>
</absapar>
<absapar id=12>
  <w>När</w>
  <w>kvinnor</w>
  <w>tjänar</w>
  <w>,</w>
  <w>äger</w>
  <w>och</w>
  <w>bestämmer</w>
  <w>mindre</w>
  <w>än</w>
  <w>män</w>
  <w>betyderdet</w>
  <w>att</w>
  <w>människors</w>
  <w>rätt</w>
  <w>att</w>
  <w>bli</w>
  <w>bemötta</w>
  <w>för</w>
  <w>just</w>
  <w>den</w>
  <w>de</w>
  <w>är</w>
  <w>och</w>
  <w>det</w>
  <w>de</w>
  <w>kan</w>
  <w>inte</w>
  <w>respekteras</w>
  <w>.</w>
  <w>Jämställdhetsarbetets</w>
  <absaspan id=56 senti=4>
    <w>tydliga</w>
  </absaspan>
  <absaspan id=57 senti=4>
    <w>mål</w>
  </absaspan>
  <absaspan id=58 senti=4>
    <w>är</w>
  </absaspan>
  <absaspan id=59>
    <w>mer</w>
    <w>frihet</w>
    <w>för</w>
    <w>fler</w>
  </absaspan>
  <w>.</w>
  <w>För</w>
  <w>att</w>
  <w>nå</w>
  <w>dit</w>
  <w>måste</w>
  <w>debatten</w>
  <w>engagera</w>
  <w>fler</w>
  <w>och</w>
  <w>föras</w>
  <w>på</w>
  <w>en</w>
  <w>nivå</w>
  <w>som</w>
  <w>berör</w>
  <w>människors</w>
  <w>utmaningar</w>
  <w>i</w>
  <w>vardagen</w>
  <w>.</w>
</absapar>
<absapar id=13>
  <w>En</w>
  <w>helt</w>
  <absaspan id=60 senti=4>
    <w>central</w>
    <w>frihetsfråga</w>
  </absaspan>
  <w>är</w>
  <absaspan id=61>
    <w>att</w>
    <w>såväl</w>
    <w>kvinnor</w>
    <w>som</w>
    <w>män</w>
    <w>måste</w>
    <w>kunna</w>
    <w>leva</w>
    <w>på</w>
    <w>sin</w>
    <w>lön</w>
  </absaspan>
  <w>.</w>
  <w>En</w>
  <w>stor</w>
  <w>del</w>
  <w>av</w>
  <w>alla</w>
  <w>kvinnor</w>
  <w>i</w>
  <w>Sverige</w>
  <w>kan</w>
  <w>inte</w>
  <w>försörja</w>
  <w>sig</w>
  <w>på</w>
  <w>sin</w>
  <w>lön</w>
  <w>utan</w>
  <w>är</w>
  <w>beroende</w>
  <w>av</w>
  <w>sin</w>
  <w>partner</w>
  <w>.</w>
  <w>Att</w>
  <w>det</w>
  <absaspan id=62 senti=2>
    <w>inskränker</w>
  </absaspan>
  <absaspan id=63>
    <w>kvinnors</w>
  </absaspan>
  <absaspan id=64 senti=4>
    <w>möjlighet</w>
  </absaspan>
  <absaspan id=65>
    <w>att</w>
    <w>göra</w>
    <w>sina</w>
    <w>egna</w>
    <w>val</w>
    <w>och</w>
    <w>att</w>
    <w>kunna</w>
    <w>stå</w>
    <w>på</w>
    <w>egna</w>
    <w>ben</w>
  </absaspan>
  <w>är</w>
  <w>en</w>
  <w>självklarhet</w>
  <w>.</w>
</absapar>
<absapar id=14>
  <w>Här</w>
  <w>har</w>
  <w>vi</w>
  <w>en</w>
  <w>verklig</w>
  <w>skillnad</w>
  <w>i</w>
  <w>svensk</w>
  <w>politik</w>
  <w>.</w>
  <w>Medan</w>
  <w>en</w>
  <w>undersköterska</w>
  <w>har</w>
  <w>fått</w>
  <w>en</w>
  <w>extra</w>
  <w>månadslön</w>
  <w>per</w>
  <w>år</w>
  <w>med</w>
  <w>vår</w>
  <w>politik</w>
  <w>är</w>
  <w>Claes</w>
  <w>Borgströms</w>
  <w>besked</w>
  <w>att</w>
  <w>han</w>
  <w>och</w>
  <w>vänsterpartierna</w>
  <w>vill</w>
  <w>höja</w>
  <w>inkomstskatten</w>
  <w>för</w>
  <w>alla</w>
  <w>arbetande</w>
  <w>kvinnor</w>
  <w>.</w>
  <w>Tre</w>
  <w>av</w>
  <w>fyra</w>
  <w>jobbsskatteavdragskronor</w>
  <w>har</w>
  <w>gått</w>
  <w>till</w>
  <w>dem</w>
  <w>med</w>
  <w>inkomster</w>
  <w>under</w>
  <w>31000</w>
  <w>kronor</w>
  <w>.</w>
  <w>Det</w>
  <w>har</w>
  <w>fått</w>
  <w>till</w>
  <w>följd</w>
  <w>att</w>
  <w>lärare</w>
  <w>,</w>
  <w>sjuksköterskor</w>
  <w>och</w>
  <w>vårdbiträden</w>
  <w>fått</w>
  <w>behållamer</w>
  <w>av</w>
  <w>sin</w>
  <w>lön</w>
  <w>.</w>
  <w>Vi</w>
  <w>har</w>
  <w>med</w>
  <absaspan id=66>
    <w>jobbskatteavdraget</w>
  </absaspan>
  <absaspan id=67 senti=4>
    <w>gjort</w>
    <w>större</w>
    <w>reella</w>
    <w>skillnader</w>
  </absaspan>
  <w>för</w>
  <w>kvinnor</w>
  <w>med</w>
  <w>låga</w>
  <w>löner</w>
  <w>än</w>
  <w>vad</w>
  <absaspan id=68 senti=2>
    <w>bortförhandlade</w>
  </absaspan>
  <absaspan id=69 senti=2>
    <w>kvinnolönspotter</w>
  </absaspan>
  <w>och</w>
  <w>avtalsförhandlingarna</w>
  <w>lett</w>
  <w>till</w>
  <w>.</w>
</absapar>
<absapar id=15>
  <w>Fortsatta</w>
  <w>skattelättnader</w>
  <w>för</w>
  <w>alla</w>
  <w>som</w>
  <w>arbetar</w>
  <w>,</w>
  <w>inom</w>
  <w>ramen</w>
  <w>för</w>
  <w>en</w>
  <absaspan id=70 senti=4>
    <w>ansvarsfull</w>
  </absaspan>
  <absaspan id=71>
    <w>ekonomisk</w>
    <w>politik</w>
  </absaspan>
  <w>,</w>
  <absaspan id=72 senti=4>
    <w>stärker</w>
  </absaspan>
  <absaspan id=73>
    <w>kvinnors</w>
    <w>självbestämmande</w>
  </absaspan>
  <w>och</w>
  <absaspan id=74 senti=4>
    <w>ökar</w>
  </absaspan>
  <absaspan id=75>
    <w>friheten</w>
    <w>och</w>
    <w>valmöjligheterna</w>
  </absaspan>
  <w>.</w>
</absapar>
<absapar id=16>
  <w>Kvinnor</w>
  <w>måste</w>
  <w>också</w>
  <w>ges</w>
  <w>lika</w>
  <w>stor</w>
  <absaspan id=76 senti=4>
    <w>frihet</w>
  </absaspan>
  <absaspan id=77>
    <w>att</w>
    <w>välja</w>
    <w>och</w>
    <w>välja</w>
    <w>bort</w>
    <w>arbetsgivare</w>
  </absaspan>
  <w>som</w>
  <w>män</w>
  <w>har</w>
  <w>.</w>
  <w>För</w>
  <w>att</w>
  <w>nå</w>
  <w>dit</w>
  <w>krävs</w>
  <w>det</w>
  <w>en</w>
  <w>mångfald</w>
  <w>av</w>
  <w>arbetsgivare</w>
  <w>i</w>
  <w>traditionellt</w>
  <w>offentligt</w>
  <w>styrda</w>
  <w>verksamheter</w>
  <w>.</w>
  <w>Därför</w>
  <w>vill</w>
  <w>vi</w>
  <w>förbättra</w>
  <absaspan id=78 senti=4>
    <w>möjligheten</w>
  </absaspan>
  <absaspan id=79>
    <w>att</w>
    <w>etablera</w>
    <w>alternativ</w>
    <w>inom</w>
    <w>skola</w>
    <w>,</w>
    <w>vård</w>
    <w>-</w>
    <w>,</w>
    <w>och</w>
    <w>omsorgsverksamheter</w>
  </absaspan>
  <w>.</w>
  <w>Det</w>
  <w>ger</w>
  <absaspan id=80 senti=4>
    <w>möjligheter</w>
  </absaspan>
  <w>för</w>
  <w>kvinnor</w>
  <absaspan id=81>
    <w>att</w>
    <w>utvecklas</w>
    <w>i</w>
    <w>sina</w>
    <w>yrken</w>
    <w>och</w>
    <w>få</w>
    <w>större</w>
    <w>inflytande</w>
    <w>över</w>
    <w>sin</w>
    <w>arbetssituation</w>
  </absaspan>
  <w>.</w>
  <absaspan id=82>
    <w>Socialdemokraternas</w>
  </absaspan>
  <absaspan id=83 senti=2>
    <w>tveksamhet</w>
  </absaspan>
  <absaspan id=84>
    <w>inför</w>
  </absaspan>
  <absaspan id=85>
    <w>alternativ</w>
    <w>i</w>
    <w>vården</w>
  </absaspan>
  <absaspan id=86 senti=2>
    <w>hindrar</w>
  </absaspan>
  <w>många</w>
  <w>kvinnor</w>
  <w>från</w>
  <w>att</w>
  <w>starta</w>
  <w>eget</w>
  <w>och</w>
  <absaspan id=87 senti=2>
    <w>minskar</w>
  </absaspan>
  <absaspan id=88 senti=2>
    <w>möjligheten</w>
  </absaspan>
  <w>för</w>
  <w>välfärdens</w>
  <w>medarbetare</w>
  <absaspan id=89>
    <w>att</w>
    <w>kunna</w>
    <w>välja</w>
    <w>arbetsgivare</w>
  </absaspan>
  <w>.</w>
</absapar>
<absapar id=17>
  <w>Vår</w>
  <w>jämställdhetspolitik</w>
  <w>tar</w>
  <w>sin</w>
  <w>utgångspunkt</w>
  <w>i</w>
  <absaspan id=90 senti=4>
    <w>övertygelsen</w>
  </absaspan>
  <w>om</w>
  <absaspan id=91>
    <w>att</w>
  </absaspan>
  <absaspan id=92>
    <w>alla</w>
    <w>människor</w>
  </absaspan>
  <absaspan id=93 senti=4>
    <w>är</w>
    <w>unika</w>
  </absaspan>
  <absaspan id=94>
    <w>med</w>
    <w>egna</w>
    <w>beslut</w>
    <w>att</w>
    <w>fatta</w>
  </absaspan>
  <w>.</w>
  <w>Starka</w>
  <w>normer</w>
  <w>och</w>
  <w>ideal</w>
  <w>påverkar</w>
  <w>vår</w>
  <w>syn</w>
  <w>på</w>
  <w>andra</w>
  <w>,</w>
  <w>men</w>
  <w>också</w>
  <w>på</w>
  <w>oss</w>
  <w>själva</w>
  <w>.</w>
  <absaspan id=95>
    <w>Fördomar</w>
    <w>,</w>
  </absaspan>
  <absaspan id=96 senti=2>
    <w>dåliga</w>
  </absaspan>
  <absaspan id=97>
    <w>attityder</w>
  </absaspan>
  <absaspan id=98>
    <w>och</w>
  </absaspan>
  <absaspan id=99 senti=2>
    <w>förutfattade</w>
  </absaspan>
  <absaspan id=100>
    <w>meningar</w>
  </absaspan>
  <absaspan id=101 senti=2>
    <w>minskar</w>
    <w>människors</w>
    <w>frihet</w>
  </absaspan>
  <w>,</w>
  <w>utvecklingsmöjligheter</w>
  <w>och</w>
  <absaspan id=102 senti=2>
    <w>vingklipper</w>
  </absaspan>
  <w>viljan</w>
  <w>att</w>
  <w>vara</w>
  <w>med</w>
  <w>och</w>
  <w>bidra</w>
  <w>till</w>
  <w>samhällets</w>
  <w>utveckling</w>
  <w>.</w>
</absapar>
<absapar id=18>
  <w>Kvinnor</w>
  <w>,</w>
  <w>män</w>
  <w>och</w>
  <w>samhället</w>
  <w>i</w>
  <w>stort</w>
  <absaspan id=103 senti=4>
    <w>tjänar</w>
    <w>på</w>
  </absaspan>
  <absaspan id=104>
    <w>att</w>
    <w>kvinnor</w>
    <w>ges</w>
    <w>lika</w>
    <w>förutsättningar</w>
    <w>i</w>
    <w>arbetslivet</w>
  </absaspan>
  <w>.</w>
  <w>I</w>
  <w>ett</w>
  <w>jämställt</w>
  <w>samhälle</w>
  <w>gäller</w>
  <w>arbetslinjen</w>
  <w>lika</w>
  <w>för</w>
  <w>alla</w>
  <w>.</w>
  <w>Vi</w>
  <w>är</w>
  <w>medvetna</w>
  <w>om</w>
  <w>att</w>
  <w>det</w>
  <w>krävs</w>
  <w>ett</w>
  <absaspan id=105 senti=4>
    <w>hårt</w>
    <w>och</w>
    <w>målinriktat</w>
  </absaspan>
  <absaspan id=106>
    <w>arbete</w>
  </absaspan>
  <w>för</w>
  <w>att</w>
  <w>nå</w>
  <absaspan id=107>
    <w>ett</w>
  </absaspan>
  <absaspan id=108>
    <w>jämställt</w>
    <w>samhälle</w>
  </absaspan>
  <w>.</w>
  <w>Låt</w>
  <absaspan id=109>
    <w>detta</w>
  </absaspan>
  <w>bli</w>
  <w>en</w>
  <w>av</w>
  <w>våra</w>
  <absaspan id=110 senti=5>
    <w>största</w>
    <w>frihetsreformer</w>
    <w>någonsin</w>
  </absaspan>
  <w>.</w>
</absapar>
<absapar id=19>
  <w>PER</w>
  <w>SCHLINGMANN</w>
  <w>(</w>
  <w>M</w>
  <w>)</w>
  <w>.</w>
</absapar>
<absapar id=20>
  <w>partisekreterare</w>
  <w>.</w>
</absapar>
<absapar id=21>
  <w>HILLEVI</w>
  <w>ENGSTRÖM</w>
  <w>(</w>
  <w>M</w>
  <w>)</w>
  <w>.</w>
</absapar>
<absapar id=22>
  <w>jämställdhetspolitisk</w>
  <w>talesperson</w>
  <w>.</w>
</absapar>
<absapar id=23>
  <w>Redaktör</w>
  <w>:</w>
  <w>Carina</w>
  <w>Stensson</w>
  <w>,</w>
  <w>Biträdande</w>
  <w>redaktör</w>
  <w>:</w>
  <w>Björn</w>
  <w>Jorner</w>
  <w>,</w>
  <w>Mejl</w>
  <w>:</w>
  <w>debatt</w>
  <w>@</w>
  <w>svd.se</w>
  <w>,</w>
  <w>Telefonnummer</w>
  <w>:</w>
  <w>08</w>
  <w>-</w>
  <w>135149</w>
  <w>,</w>
  <w>Twitter</w>
  <w>:</w>
  <w>@</w>
  <w>SvDDebatt</w>
  <w>,</w>
  <w>Facebook</w>
  <w>:</w>
  <w>SvD</w>
  <w>Debatt</w>
  <w>.</w>
</absapar>
</absadoc>
