<absadoc annotators=1 senti=3>
<absatitle>
  <w>Fördubblat</w>
  <w>flyktingmottagande</w>
  <w>detta</w>
  <w>valår</w>
  <w>.</w>
</absatitle>
<absapar id=1 senti=3>
  <w>Lite</w>
  <w>fakta</w>
  <w>från</w>
  <w>bl.a</w>
  <w>.</w>
  <w>Integrationsverket</w>
  <w>och</w>
  <w>längre</w>
  <w>ner</w>
  <w>Info</w>
  <w>14</w>
  <w>(</w>
  <w>en</w>
  <w>höger</w>
  <w>/</w>
  <w>vänster</w>
  <absaspan id=1 senti=1>
    <w>extremistisk</w>
  </absaspan>
  <absaspan id=2>
    <w>organisation</w>
  </absaspan>
  <w>beroende</w>
  <w>på</w>
  <w>hur</w>
  <w>man</w>
  <w>ser</w>
  <w>det</w>
  <w>)</w>
  <w>.</w>
</absapar>
<absapar id=2 senti=3>
  <w>Vad</w>
  <w>tycker</w>
  <w>ni</w>
  <w>som</w>
  <w>skall</w>
  <w>rösta</w>
  <w>om</w>
  <w>några</w>
  <w>dar</w>
  <w>den</w>
  <w>17</w>
  <w>September</w>
  <w>påverkar</w>
  <w>denna</w>
  <w>statistik</w>
  <w>vilket</w>
  <w>parti</w>
  <w>ni</w>
  <w>slutligen</w>
  <w>kommer</w>
  <w>att</w>
  <w>välja</w>
  <w>?</w>
  <w>.</w>
</absapar>
<absapar id=3 senti=3>
  <absaspan id=3 senti=2>
    <w>Är</w>
  </absaspan>
  <absaspan id=4>
    <w>Sverige</w>
  </absaspan>
  <absaspan id=5 senti=2>
    <w>alldeles</w>
  </absaspan>
  <absaspan id=6 senti=2>
    <w>för</w>
    <w>generöst</w>
  </absaspan>
  <w>eller</w>
  <w>tycker</w>
  <absaspan id=7>
    <w>ni</w>
  </absaspan>
  <w>rent</w>
  <w>av</w>
  <w>att</w>
  <absaspan id=8>
    <w>vi</w>
  </absaspan>
  <absaspan id=9 senti=2>
    <w>borde</w>
    <w>ta</w>
    <w>emot</w>
    <w>fler</w>
  </absaspan>
  <w>och</w>
  <w>och</w>
  <w>följa</w>
  <w>mp</w>
  <w>och</w>
  <w>v</w>
  <w>uppmaning</w>
  <w>om</w>
  <w>ett</w>
  <w>utökad</w>
  <w>flyktingmottagande</w>
  <w>?</w>
  <w>.</w>
</absapar>
</absadoc>
