<absadoc annotators=1 senti=>
<absatitle>
  <w>Frökens</w>
  <w>Frimans</w>
  <w>krig</w>
  <w>pågår</w>
  <w>ännu</w>
  <w>.</w>
</absatitle>
<absapar id=1>
  <w>I</w>
  <w>helgerna</w>
  <w>har</w>
  <absaspan id=1>
    <w>”</w>
    <w>Fröken</w>
    <w>Frimans</w>
    <w>krig</w>
    <w>”</w>
  </absaspan>
  <w>i</w>
  <w>SVT</w>
  <w>återigen</w>
  <absaspan id=2 senti=4>
    <w>elegant</w>
    <w>berättat</w>
  </absaspan>
  <w>om</w>
  <w>kvinnors</w>
  <w>kamp</w>
  <w>för</w>
  <w>politiska</w>
  <w>rättigheter</w>
  <w>och</w>
  <w>rösträtt</w>
  <w>.</w>
  <w>I</w>
  <w>serien</w>
  <w>framgår</w>
  <w>hur</w>
  <w>kvinnoaktivister</w>
  <w>genom</w>
  <w>politiskt</w>
  <w>,</w>
  <w>strategiskt</w>
  <w>arbete</w>
  <w>banar</w>
  <w>väg</w>
  <w>för</w>
  <w>framtida</w>
  <w>frågor</w>
  <w>som</w>
  <w>tillgång</w>
  <w>till</w>
  <w>studier</w>
  <w>,</w>
  <w>likalön</w>
  <w>och</w>
  <w>jämställdhet</w>
  <w>på</w>
  <w>arbetsmarknaden</w>
  <w>.</w>
  <w>Det</w>
  <w>motstånd</w>
  <w>och</w>
  <w>hån</w>
  <w>,</w>
  <w>som</w>
  <w>jämställdhetsivrare</w>
  <w>fortfarande</w>
  <w>stöter</w>
  <w>på</w>
  <w>,</w>
  <w>skildras</w>
  <w>också</w>
  <w>.</w>
  <w>Det</w>
  <w>är</w>
  <w>ett</w>
  <w>problem</w>
  <w>att</w>
  <w>alldeles</w>
  <w>för</w>
  <w>få</w>
  <w>män</w>
  <w>har</w>
  <w>engagerat</w>
  <w>sig</w>
  <w>i</w>
  <w>jämställdhetsarbetet</w>
  <w>,</w>
  <w>men</w>
  <w>de</w>
  <w>finns</w>
  <w>,</w>
  <w>och</w>
  <w>de</w>
  <w>fanns</w>
  <w>då</w>
  <w>.</w>
</absapar>
<absapar id=2>
  <w>År</w>
  <w>2015</w>
  <w>var</w>
  <w>jämställdhet</w>
  <w>inte</w>
  <w>i</w>
  <w>mediers</w>
  <w>fokus</w>
  <w>.</w>
  <w>Men</w>
  <w>det</w>
  <w>pågick</w>
  <w>samhälleliga</w>
  <w>samtal</w>
  <w>om</w>
  <w>”</w>
  <w>förortsfeminism</w>
  <w>”</w>
  <w>,</w>
  <w>om</w>
  <w>hur</w>
  <w>vi</w>
  <w>ska</w>
  <w>förebygga</w>
  <w>våld</w>
  <w>,</w>
  <w>om</w>
  <w>näthat</w>
  <w>mot</w>
  <w>kvinnor</w>
  <w>i</w>
  <w>offentligheten</w>
  <w>och</w>
  <w>om</w>
  <w>sjuktal</w>
  <w>kopplat</w>
  <w>till</w>
  <w>kön</w>
  <w>.</w>
  <w>Regeringen</w>
  <w>har</w>
  <w>tagit</w>
  <w>beslut</w>
  <w>och</w>
  <w>budgetar</w>
  <w>som</w>
  <w>främjar</w>
  <w>kvinnors</w>
  <w>ekonomi</w>
  <w>,</w>
  <w>stärker</w>
  <w>förebyggande</w>
  <w>av</w>
  <w>våld</w>
  <w>,</w>
  <w>motverkar</w>
  <w>kvinnors</w>
  <w>stigande</w>
  <w>ohälsa</w>
  <w>och</w>
  <w>ökar</w>
  <w>fäders</w>
  <w>uttag</w>
  <w>av</w>
  <w>föräldraförsäkringen</w>
  <w>.</w>
</absapar>
<absapar id=3>
  <w>Kvinnorörelsen</w>
  <w>driver</w>
  <w>på</w>
  <w>.</w>
  <w>År</w>
  <w>2015</w>
  <w>uppgick</w>
  <w>kvinnors</w>
  <w>andel</w>
  <w>av</w>
  <w>ledamöterna</w>
  <w>i</w>
  <w>riksdagen</w>
  <w>,</w>
  <w>en</w>
  <w>siffra</w>
  <w>som</w>
  <w>sjunkit</w>
  <w>två</w>
  <w>val</w>
  <w>i</w>
  <w>rad</w>
  <w>,</w>
  <w>till</w>
  <w>44</w>
  <w>procent</w>
  <w>.</w>
  <w>Minskningen</w>
  <w>beror</w>
  <w>inte</w>
  <w>minst</w>
  <w>på</w>
  <w>Sverigedemokraternas</w>
  <w>framgångar</w>
  <w>.</w>
  <w>De</w>
  <w>har</w>
  <w>övervägande</w>
  <w>manliga</w>
  <w>riksdagsmän</w>
  <w>och</w>
  <w>är</w>
  <w>i</w>
  <w>vissa</w>
  <w>mätningar</w>
  <w>största</w>
  <w>parti</w>
  <w>bland</w>
  <w>manliga</w>
  <w>väljare</w>
  <w>.</w>
</absapar>
<absapar id=4>
  <absaspan id=3>
    <w>SD-ledamöter</w>
  </absaspan>
  <w>vill</w>
  <w>gärna</w>
  <w>debattera</w>
  <w>jämställdhet</w>
  <w>.</w>
  <w>Rubrikerna</w>
  <w>varierar</w>
  <w>,</w>
  <w>men</w>
  <absaspan id=4>
    <w>deras</w>
  </absaspan>
  <w>ärende</w>
  <w>är</w>
  <w>föreställningen</w>
  <w>om</w>
  <w>att</w>
  <w>den</w>
  <absaspan id=5 senti=2>
    <w>svenska</w>
    <w>jämställdheten</w>
    <w>inte</w>
    <w>överlever</w>
  </absaspan>
  <absaspan id=6>
    <w>omfattande</w>
    <w>invandring</w>
    <w>från</w>
    <w>länder</w>
    <w>där</w>
    <w>kvinnors</w>
    <w>ställning</w>
    <w>inte</w>
    <w>är</w>
    <w>lika</w>
    <w>stark</w>
    <w>som</w>
    <w>här</w>
  </absaspan>
  <w>.</w>
</absapar>
<absapar id=5>
  <w>Att</w>
  <absaspan id=7>
    <w>värna</w>
    <w>jämställdhetsframgångar</w>
  </absaspan>
  <absaspan id=8 senti=4>
    <w>är</w>
    <w>onekligen</w>
    <w>viktigt</w>
  </absaspan>
  <w>.</w>
  <w>Det</w>
  <w>paradoxala</w>
  <w>är</w>
  <w>att</w>
  <w>SD</w>
  <w>själva</w>
  <w>inte</w>
  <w>alls</w>
  <w>står</w>
  <w>för</w>
  <w>”</w>
  <w>svensk</w>
  <w>jämställdhetspolitik</w>
  <w>”</w>
  <w>.</w>
  <absaspan id=9>
    <w>SD</w>
  </absaspan>
  <w>är</w>
  <w>emot</w>
  <w>de</w>
  <w>flesta</w>
  <w>av</w>
  <w>de</w>
  <w>reformer</w>
  <w>som</w>
  <w>lett</w>
  <w>fram</w>
  <w>till</w>
  <w>den</w>
  <w>grad</w>
  <w>av</w>
  <w>jämställdhet</w>
  <w>som</w>
  <w>kvinnorörelsen</w>
  <w>och</w>
  <w>kvinnor</w>
  <w>i</w>
  <w>politiska</w>
  <w>partier</w>
  <w>arbetat</w>
  <w>fram</w>
  <w>i</w>
  <w>decennier</w>
  <w>.</w>
  <w>Partiet</w>
  <w>verkar</w>
  <w>tro</w>
  <w>att</w>
  <w>jämställdhetsvinningar</w>
  <w>uppstått</w>
  <w>av</w>
  <w>sig</w>
  <w>själva</w>
  <w>–</w>
  <w>ja</w>
  <w>,</w>
  <w>är</w>
  <w>något</w>
  <w>automatiskt</w>
  <w>i</w>
  <w>det</w>
  <w>svenska</w>
  <w>samhället</w>
  <w>.</w>
</absapar>
<absapar id=6>
  <absaspan id=10>
    <w>Deras</w>
    <w>syn</w>
  </absaspan>
  <w>på</w>
  <w>kvinnors</w>
  <w>rättigheter</w>
  <absaspan id=11 senti=2>
    <w>är</w>
    <w>djupt</w>
    <w>historielös</w>
    <w>och</w>
    <w>föraktfull</w>
  </absaspan>
  <w>mot</w>
  <w>de</w>
  <w>modiga</w>
  <w>aktivister</w>
  <w>som</w>
  <w>slagits</w>
  <w>för</w>
  <w>dem</w>
  <w>.</w>
  <w>SD</w>
  <w>motsätter</w>
  <w>sig</w>
  <w>abortlagstiftningen</w>
  <w>i</w>
  <w>dess</w>
  <w>nuvarande</w>
  <w>form</w>
  <w>.</w>
  <w>SD</w>
  <w>förespråkar</w>
  <w>sambeskattning</w>
  <w>,</w>
  <w>trots</w>
  <w>att</w>
  <w>särbeskattningens</w>
  <w>införande</w>
  <w>bidrog</w>
  <w>exempellöst</w>
  <w>till</w>
  <w>kvinnors</w>
  <w>arbetskraftsdeltagande</w>
  <w>.</w>
  <w>De</w>
  <w>förordar</w>
  <w>vårdnadsbidrag</w>
  <w>och</w>
  <w>är</w>
  <w>emot</w>
  <w>kvotering</w>
  <w>av</w>
  <w>föräldraförsäkringen</w>
  <w>.</w>
</absapar>
<absapar id=7>
  <w>I</w>
  <w>själva</w>
  <w>verket</w>
  <w>liknar</w>
  <absaspan id=12>
    <w>SDs</w>
    <w>syn</w>
    <w>på</w>
    <w>jämställdhetsfrågor</w>
  </absaspan>
  <w>mer</w>
  <w>den</w>
  <w>i</w>
  <w>länder</w>
  <w>där</w>
  <w>religion</w>
  <w>har</w>
  <w>stort</w>
  <w>inflytande</w>
  <w>över</w>
  <w>politiken</w>
  <w>,</w>
  <w>än</w>
  <w>den</w>
  <w>svenska</w>
  <absaspan id=13 senti=2>
    <w>.</w>
  </absaspan>
  <w>Jag</w>
  <w>undrar</w>
  <w>faktiskt</w>
  <w>om</w>
  <w>de</w>
  <w>män</w>
  <w>som</w>
  <w>stödjer</w>
  <absaspan id=14>
    <w>SD</w>
  </absaspan>
  <w>har</w>
  <w>tänkt</w>
  <w>igenom</w>
  <w>det</w>
  <w>här</w>
  <w>?</w>
  <w>Tycker</w>
  <absaspan id=15>
    <w>de</w>
  </absaspan>
  <w>verkligen</w>
  <w>att</w>
  <w>kvinnor</w>
  <w>inte</w>
  <w>längre</w>
  <w>ska</w>
  <w>få</w>
  <w>bestämma</w>
  <w>över</w>
  <w>sina</w>
  <w>kroppar</w>
  <w>,</w>
  <w>ha</w>
  <w>inkomster</w>
  <w>man</w>
  <w>inte</w>
  <w>kan</w>
  <w>leva</w>
  <w>på</w>
  <w>eller</w>
  <w>att</w>
  <w>omsorgen</w>
  <w>om</w>
  <w>små</w>
  <w>barn</w>
  <w>inte</w>
  <w>ska</w>
  <w>delas</w>
  <w>mer</w>
  <w>lika</w>
  <w>?</w>
  <absaspan id=16 senti=2>
    <w>.</w>
  </absaspan>
</absapar>
<absapar id=8>
  <w>#</w>
  <w>P</w>
  <w>IMM</w>
  <w>.</w>
  <w>”</w>
  <w>Fröken</w>
  <w>Frimans</w>
  <w>”</w>
  <w>kamp</w>
  <w>förs</w>
  <w>fortfarande</w>
  <w>.</w>
  <w>Runt</w>
  <w>om</w>
  <w>i</w>
  <w>världen</w>
  <w>möter</w>
  <w>kvinnoaktivister</w>
  <w>motstånd</w>
  <w>,</w>
  <w>allt</w>
  <w>från</w>
  <w>indragna</w>
  <w>medel</w>
  <w>,</w>
  <w>hot</w>
  <w>och</w>
  <w>offentliga</w>
  <w>våldtäkter</w>
  <w>rapporteras</w>
  <w>.</w>
  <w>Samtidigt</w>
  <w>har</w>
  <w>allt</w>
  <w>fler</w>
  <w>flickor</w>
  <w>tillgång</w>
  <w>till</w>
  <w>utbildning</w>
  <w>,</w>
  <w>fler</w>
  <w>kvinnor</w>
  <w>förvärvsarbetar</w>
  <w>och</w>
  <w>lagar</w>
  <w>om</w>
  <w>våld</w>
  <w>mot</w>
  <w>kvinnor</w>
  <w>moderniseras</w>
  <w>.</w>
</absapar>
<absapar id=9>
  <w>Jag</w>
  <w>ser</w>
  <w>frågor</w>
  <w>om</w>
  <w>representation</w>
  <w>och</w>
  <w>kön</w>
  <w>som</w>
  <w>helt</w>
  <w>centrala</w>
  <w>jämställdhetsfrågor</w>
  <w>och</w>
  <w>kommer</w>
  <w>under</w>
  <w>våren</w>
  <w>bjuda</w>
  <w>in</w>
  <w>till</w>
  <w>samtal</w>
  <w>om</w>
  <w>framtida</w>
  <w>insatser</w>
  <w>för</w>
  <w>att</w>
  <w>stärka</w>
  <w>flickors</w>
  <w>och</w>
  <w>kvinnors</w>
  <w>politiska</w>
  <w>rättigheter</w>
  <w>och</w>
  <w>tillgång</w>
  <w>till</w>
  <w>det</w>
  <w>offentliga</w>
  <w>samtalet</w>
  <w>och</w>
  <w>rummet</w>
  <w>,</w>
  <w>oberoende</w>
  <w>av</w>
  <w>bakgrund</w>
  <w>och</w>
  <w>bostadsort</w>
  <w>.</w>
  <w>I</w>
  <w>mars</w>
  <w>kommer</w>
  <w>jag</w>
  <w>i</w>
  <w>FN</w>
  <w>i</w>
  <w>New</w>
  <w>York</w>
  <w>träffa</w>
  <w>kvinnoorganisationer</w>
  <w>från</w>
  <w>hela</w>
  <w>världen</w>
  <w>för</w>
  <w>att</w>
  <w>höra</w>
  <w>deras</w>
  <w>syn</w>
  <w>på</w>
  <w>motstånd</w>
  <w>och</w>
  <w>framgångar</w>
  <w>.</w>
</absapar>
<absapar id=10>
  <w>#</w>
  <w>P</w>
  <w>IMM</w>
  <w>.</w>
  <w>”</w>
  <w>Fröken</w>
  <w>Frimans</w>
  <w>krig</w>
  <w>”</w>
  <w>påminner</w>
  <w>om</w>
  <w>de</w>
  <absaspan id=17 senti=4>
    <w>modiga</w>
    <w>kvinnor</w>
  </absaspan>
  <w>som</w>
  <w>gjort</w>
  <w>dagens</w>
  <w>jämställdhetsarbete</w>
  <w>möjligt</w>
  <w>.</w>
  <w>Det</w>
  <w>måste</w>
  <w>ständigt</w>
  <w>försvaras</w>
  <w>och</w>
  <w>förnyas</w>
  <w>.</w>
</absapar>
<absapar id=11>
  <w>Åsa</w>
  <w>Regnér</w>
  <w>.</w>
</absapar>
<absapar id=12>
  <w>Barn</w>
  <w>-</w>
  <w>,</w>
  <w>äldre</w>
  <w>-</w>
  <w>och</w>
  <w>jämställdhetsminister</w>
  <w>(</w>
  <w>S</w>
  <w>)</w>
  <w>.</w>
</absapar>
</absadoc>
