<absadoc annotators=1 senti=0>
<absatitle>
  <w>Det</w>
  <w>räcker</w>
  <w>inte</w>
  <w>att</w>
  <w>lära</w>
  <w>invandrare</w>
  <w>svenska</w>
  <w>.</w>
</absatitle>
<absapar id=1>
  <w>#</w>
  <w>P</w>
  <w>IMM</w>
  <w>.</w>
  <w>”</w>
  <w>Integrationpolitiken</w>
  <w>har</w>
  <w>misslyckats</w>
  <w>”</w>
  <w>,</w>
  <w>utropar</w>
  <w>Mona</w>
  <w>Sahlin</w>
  <w>efter</w>
  <w>det</w>
  <w>chockerande</w>
  <w>mordet</w>
  <w>på</w>
  <w>invandrarflickan</w>
  <w>Fadime</w>
  <w>Sahindal</w>
  <w>.</w>
</absapar>
<absapar id=2>
  <w>Jojo</w>
  <w>,</w>
  <w>det</w>
  <w>är</w>
  <w>så</w>
  <w>dags</w>
  <w>att</w>
  <w>upptäcka</w>
  <w>det</w>
  <w>först</w>
  <w>nu</w>
  <w>,</w>
  <w>tänker</w>
  <w>jag</w>
  <w>när</w>
  <w>jag</w>
  <w>läser</w>
  <w>ministerns</w>
  <w>ord</w>
  <w>i</w>
  <w>en</w>
  <w>av</w>
  <w>rikstidningarna</w>
  <w>.</w>
  <w>Samtidigt</w>
  <absaspan id=1 senti=1>
    <w>känner</w>
  </absaspan>
  <absaspan id=2>
    <w>jag</w>
  </absaspan>
  <absaspan id=3 senti=1>
    <w>sorg</w>
  </absaspan>
  <absaspan id=4 senti=1>
    <w>och</w>
    <w>ilska</w>
  </absaspan>
  <w>över</w>
  <w>att</w>
  <w>det</w>
  <w>till</w>
  <w>stor</w>
  <w>del</w>
  <w>är</w>
  <w>just</w>
  <w>de</w>
  <absaspan id=5>
    <w>svenska</w>
    <w>politikernas</w>
    <w>och</w>
    <w>myndigheternas</w>
  </absaspan>
  <w>naivitet</w>
  <w>,</w>
  <w>okunskap</w>
  <w>och</w>
  <w>feghet</w>
  <w>som</w>
  <w>lett</w>
  <w>fram</w>
  <w>till</w>
  <w>ett</w>
  <w>samhälle</w>
  <w>där</w>
  <w>inhumana</w>
  <w>tankar</w>
  <w>och</w>
  <w>levnadsmönster</w>
  <w>kunnat</w>
  <w>frodas</w>
  <w>inom</w>
  <w>vissa</w>
  <w>invandrargrupper</w>
  <w>under</w>
  <w>täckmantel</w>
  <w>av</w>
  <w>kulturella</w>
  <w>eller</w>
  <w>religiösa</w>
  <w>särdrag</w>
  <w>.</w>
</absapar>
<absapar id=3>
  <w>Gång</w>
  <w>på</w>
  <w>gång</w>
  <w>har</w>
  <w>Mona</w>
  <w>och</w>
  <w>andra</w>
  <absaspan id=6 senti=2>
    <w>förståsigpåare</w>
  </absaspan>
  <w>påpekat</w>
  <w>att</w>
  <w>det</w>
  <w>är</w>
  <w>viktigt</w>
  <w>att</w>
  <w>de</w>
  <w>infödda</w>
  <w>svenskarna</w>
  <w>visar</w>
  <w>tolerans</w>
  <w>mot</w>
  <w>invandrarna</w>
  <w>och</w>
  <w>försöker</w>
  <w>”</w>
  <w>förstå</w>
  <w>dem</w>
  <w>”</w>
  <w>.</w>
  <w>Vad</w>
  <w>som</w>
  <w>mindre</w>
  <w>sällan</w>
  <w>,</w>
  <w>eller</w>
  <w>aldrig</w>
  <w>,</w>
  <w>påpekas</w>
  <w>är</w>
  <w>att</w>
  <w>det</w>
  <w>snarare</w>
  <w>är</w>
  <w>många</w>
  <w>invandrare</w>
  <w>själva</w>
  <w>som</w>
  <w>är</w>
  <w>i</w>
  <w>ett</w>
  <w>betydligt</w>
  <w>större</w>
  <w>behov</w>
  <w>än</w>
  <w>svenskarna</w>
  <w>av</w>
  <w>att</w>
  <w>få</w>
  <w>lära</w>
  <w>sig</w>
  <w>tolerans</w>
  <w>och</w>
  <w>förståelse</w>
  <w>.</w>
</absapar>
<absapar id=4>
  <w>Efter</w>
  <w>att</w>
  <w>ha</w>
  <w>arbetat</w>
  <w>som</w>
  <w>lärare</w>
  <w>i</w>
  <w>Göteborg</w>
  <w>under</w>
  <w>tre</w>
  <w>år</w>
  <w>med</w>
  <w>enbart</w>
  <w>vuxna</w>
  <w>invandrare</w>
  <w>–</w>
  <w>både</w>
  <w>nyanlända</w>
  <w>och</w>
  <w>sådana</w>
  <w>som</w>
  <w>varit</w>
  <w>här</w>
  <w>många</w>
  <w>år</w>
  <w>–</w>
  <w>tror</w>
  <w>jag</w>
  <w>mig</w>
  <w>ha</w>
  <w>ett</w>
  <w>hum</w>
  <w>om</w>
  <w>var</w>
  <w>skon</w>
  <w>egentligen</w>
  <w>klämmer</w>
  <w>.</w>
  <w>Problemet</w>
  <w>bottnar</w>
  <w>mycket</w>
  <w>i</w>
  <w>att</w>
  <w>politikerna</w>
  <w>och</w>
  <w>skolmyndigheterna</w>
  <w>tror</w>
  <w>att</w>
  <w>det</w>
  <w>räcker</w>
  <w>med</w>
  <w>att</w>
  <w>lära</w>
  <w>invandrarna</w>
  <w>svenska</w>
  <w>och</w>
  <w>sedan</w>
  <w>dumpa</w>
  <w>dem</w>
  <w>i</w>
  <w>någon</w>
  <w>förort</w>
  <w>.</w>
  <w>Det</w>
  <w>multikulturella</w>
  <w>samhället</w>
  <w>,</w>
  <w>där</w>
  <w>alla</w>
  <w>lever</w>
  <w>i</w>
  <w>harmoni</w>
  <w>och</w>
  <w>respekterar</w>
  <w>varandra</w>
  <w>,</w>
  <w>ska</w>
  <w>sedan</w>
  <w>på</w>
  <w>något</w>
  <w>märkligt</w>
  <w>sätt</w>
  <w>växa</w>
  <w>fram</w>
  <w>av</w>
  <w>egen</w>
  <w>kraft</w>
  <w>.</w>
  <w>Så</w>
  <w>fungerar</w>
  <w>naturligtvis</w>
  <w>inte</w>
  <w>verkligheten</w>
  <w>.</w>
</absapar>
<absapar id=5>
  <w>I</w>
  <w>dag</w>
  <w>möts</w>
  <w>de</w>
  <w>nyanlända</w>
  <w>invandrarna</w>
  <w>oftast</w>
  <w>av</w>
  <absaspan id=7 senti=4>
    <w>snälla</w>
    <w>,</w>
    <w>välmenande</w>
  </absaspan>
  <absaspan id=8>
    <w>SFI-lärare</w>
  </absaspan>
  <w>som</w>
  <w>försöker</w>
  <w>pränta</w>
  <w>i</w>
  <w>dem</w>
  <w>svenska</w>
  <w>språkets</w>
  <w>grunder</w>
  <w>under</w>
  <w>hundratals</w>
  <w>lektionstimmar</w>
  <w>.</w>
  <w>Emellanåt</w>
  <w>pratar</w>
  <w>lärarna</w>
  <w>också</w>
  <w>om</w>
  <w>svenska</w>
  <w>seder</w>
  <w>som</w>
  <w>midsommar</w>
  <w>,</w>
  <w>jul</w>
  <w>och</w>
  <w>våra</w>
  <w>matvanor</w>
  <w>.</w>
  <w>Men</w>
  <w>det</w>
  <w>enligt</w>
  <w>min</w>
  <w>mening</w>
  <w>allra</w>
  <w>viktigaste</w>
  <w>glömmer</w>
  <w>man</w>
  <w>alltför</w>
  <w>ofta</w>
  <w>att</w>
  <w>diskutera</w>
  <w>:</w>
  <w>grundläggande</w>
  <w>saker</w>
  <w>som</w>
  <w>demokrati</w>
  <w>,</w>
  <w>jämställdhet</w>
  <w>och</w>
  <w>tolerans</w>
  <w>.</w>
  <w>Varför</w>
  <w>det</w>
  <w>är</w>
  <w>så</w>
  <w>har</w>
  <w>många</w>
  <w>skäl</w>
  <w>.</w>
  <w>Ett</w>
  <w>är</w>
  <w>att</w>
  <w>det</w>
  <w>konstigt</w>
  <w>nog</w>
  <w>inte</w>
  <w>finns</w>
  <w>något</w>
  <w>ordentligt</w>
  <w>kursmaterial</w>
  <w>om</w>
  <w>saken</w>
  <w>som</w>
  <w>alla</w>
  <w>lärare</w>
  <w>kunde</w>
  <w>använda</w>
  <w>sig</w>
  <w>av</w>
  <w>.</w>
  <w>Ett</w>
  <w>annat</w>
  <w>skäl</w>
  <w>är</w>
  <w>att</w>
  <w>åtskilliga</w>
  <absaspan id=9>
    <w>lärare</w>
  </absaspan>
  <w>tycks</w>
  <absaspan id=10 senti=2>
    <w>ha</w>
    <w>en</w>
    <w>rädsla</w>
  </absaspan>
  <w>för</w>
  <w>att</w>
  <w>försöka</w>
  <absaspan id=11 senti=2>
    <w>truga</w>
  </absaspan>
  <w>på</w>
  <w>våra</w>
  <w>svenska</w>
  <w>värderingar</w>
  <w>på</w>
  <w>invandrare</w>
  <w>som</w>
  <w>ofta</w>
  <w>har</w>
  <w>helt</w>
  <w>andra</w>
  <w>,</w>
  <w>enligt</w>
  <w>vårt</w>
  <w>sätt</w>
  <w>att</w>
  <w>se</w>
  <w>det</w>
  <w>,</w>
  <w>odemokratiska</w>
  <w>värderingar</w>
  <w>.</w>
  <w>Ofta</w>
  <absaspan id=12 senti=2>
    <w>backar</w>
  </absaspan>
  <absaspan id=13>
    <w>man</w>
  </absaspan>
  <absaspan id=14 senti=2>
    <w>hellre</w>
  </absaspan>
  <absaspan id=15 senti=2>
    <w>än</w>
    <w>att</w>
    <w>ta</w>
    <w>en</w>
    <w>rejäl</w>
    <w>”</w>
    <w>fight</w>
    <w>”</w>
  </absaspan>
  <w>med</w>
  <w>de</w>
  <absaspan id=16 senti=2>
    <w>värsta</w>
    <w>mörkermännen</w>
  </absaspan>
  <w>när</w>
  <w>de</w>
  <w>kommer</w>
  <w>med</w>
  <w>mothugg</w>
  <w>.</w>
</absapar>
<absapar id=6>
  <w>Att</w>
  <w>det</w>
  <w>är</w>
  <w>något</w>
  <w>av</w>
  <w>ett</w>
  <w>måste</w>
  <w>att</w>
  <w>från</w>
  <w>första</w>
  <w>stund</w>
  <w>lära</w>
  <w>ut</w>
  <w>vad</w>
  <w>det</w>
  <w>innebär</w>
  <w>att</w>
  <w>leva</w>
  <w>i</w>
  <w>en</w>
  <w>modern</w>
  <w>,</w>
  <w>sekulariserad</w>
  <w>västerländsk</w>
  <w>stat</w>
  <w>har</w>
  <w>erfarenheten</w>
  <w>lärt</w>
  <w>mig</w>
  <w>.</w>
</absapar>
<absapar id=7 senti=3>
  <w>De</w>
  <w>senaste</w>
  <w>två</w>
  <w>årtiondena</w>
  <w>har</w>
  <w>Sverige</w>
  <w>tagit</w>
  <w>emot</w>
  <w>flyktingar</w>
  <w>från</w>
  <w>åtskilliga</w>
  <w>länder</w>
  <w>där</w>
  <w>demokrati</w>
  <w>,</w>
  <w>jämställdhet</w>
  <w>och</w>
  <w>yttrandefrihet</w>
  <w>av</w>
  <w>tradition</w>
  <w>aldrig</w>
  <w>stått</w>
  <w>högt</w>
  <w>i</w>
  <w>kurs</w>
  <w>.</w>
  <w>Exempel</w>
  <w>på</w>
  <w>sådana</w>
  <w>länder</w>
  <w>är</w>
  <w>Somalia</w>
  <w>,</w>
  <w>Irak</w>
  <w>och</w>
  <w>Marocko</w>
  <w>.</w>
  <w>Många</w>
  <w>av</w>
  <w>flyktingarna</w>
  <w>som</w>
  <w>kommit</w>
  <w>hit</w>
  <w>är</w>
  <w>rent</w>
  <w>ut</w>
  <w>sagt</w>
  <w>präglade</w>
  <w>sedan</w>
  <w>barnsben</w>
  <w>till</w>
  <w>ett</w>
  <w>odemokratiskt</w>
  <w>,</w>
  <w>patriarkaliskt</w>
  <w>och</w>
  <w>intolerant</w>
  <w>tänkande</w>
  <w>.</w>
  <w>Det</w>
  <w>säger</w>
  <w>sig</w>
  <w>självt</w>
  <w>att</w>
  <w>det</w>
  <w>inte</w>
  <w>är</w>
  <w>en</w>
  <w>lätt</w>
  <w>omställning</w>
  <w>att</w>
  <w>komma</w>
  <w>till</w>
  <w>det</w>
  <w>sekulariserade</w>
  <w>,</w>
  <w>närmast</w>
  <w>irreligiösa</w>
  <w>,</w>
  <w>Sverige</w>
  <w>där</w>
  <w>allt</w>
  <w>och</w>
  <w>alla</w>
  <w>i</w>
  <w>princip</w>
  <w>har</w>
  <w>rätt</w>
  <w>att</w>
  <w>säga</w>
  <w>och</w>
  <w>göra</w>
  <w>vad</w>
  <w>de</w>
  <w>vill</w>
  <w>.</w>
  <w>Lättare</w>
  <w>blir</w>
  <w>inte</w>
  <w>heller</w>
  <w>omställningen</w>
  <w>när</w>
  <w>kulturrelativister</w>
  <w>vill</w>
  <w>låta</w>
  <w>påskina</w>
  <w>att</w>
  <w>det</w>
  <w>här</w>
  <w>problemet</w>
  <w>inte</w>
  <w>existerar</w>
  <w>och</w>
  <w>försöker</w>
  <w>sopa</w>
  <w>saken</w>
  <w>under</w>
  <w>mattan</w>
  <w>.</w>
  <w>Att</w>
  <w>problemet</w>
  <w>verkligen</w>
  <w>finns</w>
  <w>kan</w>
  <w>jag</w>
  <w>intyga</w>
  <w>.</w>
  <w>Jag</w>
  <w>har</w>
  <w>upplevt</w>
  <w>det</w>
  <w>gång</w>
  <w>på</w>
  <w>gång</w>
  <w>i</w>
  <w>mitt</w>
  <w>klassrum</w>
  <w>med</w>
  <w>egna</w>
  <w>ögon</w>
  <w>.</w>
  <w>Några</w>
  <w>exempel</w>
  <w>ur</w>
  <w>den</w>
  <w>digra</w>
  <w>skörden</w>
  <w>av</w>
  <w>kulturkrockar</w>
  <w>:</w>
  <w>.</w>
</absapar>
<absapar id=8>
  <w>Ali</w>
  <w>är</w>
  <w>från</w>
  <w>Iran</w>
  <w>och</w>
  <w>har</w>
  <w>flytt</w>
  <w>undan</w>
  <w>mullornas</w>
  <w>prästvälde</w>
  <w>.</w>
  <w>Liksom</w>
  <w>många</w>
  <w>iranier</w>
  <w>som</w>
  <w>fått</w>
  <w>asyl</w>
  <w>i</w>
  <w>Sverige</w>
  <w>är</w>
  <w>han</w>
  <w>inte</w>
  <w>speciellt</w>
  <w>förtjust</w>
  <w>i</w>
  <w>religion</w>
  <w>.</w>
  <w>En</w>
  <w>dag</w>
  <w>berättar</w>
  <w>han</w>
  <w>i</w>
  <w>klassrummet</w>
  <w>att</w>
  <w>han</w>
  <w>blivit</w>
  <w>ateist</w>
  <w>.</w>
  <w>Då</w>
  <w>får</w>
  <w>den</w>
  <w>annars</w>
  <w>så</w>
  <w>snälla</w>
  <w>kvinnan</w>
  <w>Aisha</w>
  <w>från</w>
  <w>Irak</w>
  <w>ett</w>
  <w>vredesutbrott</w>
  <w>och</w>
  <w>skriker</w>
  <w>att</w>
  <w>han</w>
  <w>är</w>
  <w>en</w>
  <w>avfälling</w>
  <w>från</w>
  <w>islam</w>
  <w>och</w>
  <w>borde</w>
  <w>dödas</w>
  <w>.</w>
  <w>Själv</w>
  <w>tillrättavisar</w>
  <w>jag</w>
  <w>Aisha</w>
  <w>och</w>
  <w>förklarar</w>
  <w>att</w>
  <w>i</w>
  <w>Sverige</w>
  <w>är</w>
  <w>det</w>
  <w>faktiskt</w>
  <w>straffbart</w>
  <w>att</w>
  <w>mordhota</w>
  <w>folk</w>
  <w>.</w>
  <w>Här</w>
  <w>har</w>
  <w>folk</w>
  <w>rätt</w>
  <w>att</w>
  <w>tro</w>
  <w>på</w>
  <w>vilka</w>
  <w>gudar</w>
  <w>de</w>
  <w>vill</w>
  <w>och</w>
  <w>lämna</w>
  <w>gudarna</w>
  <w>när</w>
  <w>de</w>
  <w>vill</w>
  <w>.</w>
</absapar>
<absapar id=9>
  <w>Jag</w>
  <w>har</w>
  <w>ett</w>
  <w>klassrum</w>
  <w>fullt</w>
  <w>med</w>
  <w>ett</w>
  <w>tiotal</w>
  <w>män</w>
  <w>i</w>
  <w>åldrarna</w>
  <w>20</w>
  <w>–</w>
  <w>55</w>
  <w>från</w>
  <w>några</w>
  <w>arabländer</w>
  <w>och</w>
  <w>Somalia</w>
  <w>.</w>
  <w>Vi</w>
  <w>råkar</w>
  <w>komma</w>
  <w>in</w>
  <w>på</w>
  <w>ämnet</w>
  <w>kvinnors</w>
  <w>rättigheter</w>
  <w>.</w>
  <w>Alla</w>
  <w>är</w>
  <w>rörande</w>
  <w>eniga</w>
  <w>om</w>
  <w>att</w>
  <w>en</w>
  <w>kvinna</w>
  <w>måste</w>
  <w>veta</w>
  <w>sin</w>
  <w>plats</w>
  <w>.</w>
  <w>Alla</w>
  <w>håller</w>
  <w>med</w>
  <w>om</w>
  <w>att</w>
  <w>en</w>
  <w>kvinna</w>
  <w>som</w>
  <w>har</w>
  <w>sex</w>
  <w>före</w>
  <w>äktenskapet</w>
  <w>är</w>
  <w>en</w>
  <w>skam</w>
  <w>för</w>
  <w>familjen</w>
  <w>.</w>
  <w>En</w>
  <w>man</w>
  <w>som</w>
  <w>gör</w>
  <w>samma</w>
  <w>sak</w>
  <w>är</w>
  <w>det</w>
  <w>inte</w>
  <w>.</w>
  <w>Jag</w>
  <w>skakar</w>
  <w>på</w>
  <w>huvudet</w>
  <w>och</w>
  <w>lägger</w>
  <w>in</w>
  <w>en</w>
  <w>tirad</w>
  <w>av</w>
  <w>motargument</w>
  <w>.</w>
</absapar>
<absapar id=10>
  <w>I</w>
  <w>en</w>
  <w>annan</w>
  <w>klass</w>
  <w>pratar</w>
  <w>vi</w>
  <w>en</w>
  <w>dag</w>
  <w>om</w>
  <w>yttrandefrihet</w>
  <w>.</w>
  <w>Vad</w>
  <w>innebär</w>
  <w>egentligen</w>
  <w>det</w>
  <w>?</w>
  <w>Jag</w>
  <w>påpekar</w>
  <w>att</w>
  <w>här</w>
  <w>i</w>
  <w>Sverige</w>
  <w>måste</w>
  <w>man</w>
  <w>lära</w>
  <w>sig</w>
  <w>tåla</w>
  <w>att</w>
  <w>folk</w>
  <w>säger</w>
  <w>saker</w>
  <w>som</w>
  <w>man</w>
  <w>inte</w>
  <w>gillar</w>
  <w>–</w>
  <w>till</w>
  <w>exempel</w>
  <w>om</w>
  <w>ens</w>
  <w>religion</w>
  <w>.</w>
  <w>Jag</w>
  <w>tar</w>
  <w>upp</w>
  <w>Rushdieaffären</w>
  <w>.</w>
  <w>Det</w>
  <w>blir</w>
  <w>plötsligt</w>
  <w>ett</w>
  <w>väldigt</w>
  <w>liv</w>
  <w>.</w>
  <w>En</w>
  <w>av</w>
  <w>eleverna</w>
  <w>påstår</w>
  <w>att</w>
  <w>han</w>
  <w>är</w>
  <w>en</w>
  <w>hädare</w>
  <w>som</w>
  <w>borde</w>
  <w>avrättas</w>
  <w>.</w>
  <w>Andra</w>
  <w>tycker</w>
  <w>att</w>
  <w>man</w>
  <w>kan</w>
  <w>nöja</w>
  <w>sig</w>
  <w>med</w>
  <w>fängelse</w>
  <w>.</w>
  <w>Mitt</w>
  <w>påpekande</w>
  <w>att</w>
  <w>hädelsebrott</w>
  <w>inte</w>
  <w>längre</w>
  <w>existerar</w>
  <w>i</w>
  <w>Sverige</w>
  <w>tas</w>
  <w>emot</w>
  <w>med</w>
  <w>skepsis</w>
  <w>av</w>
  <w>vissa</w>
  <w>.</w>
</absapar>
<absapar id=11>
  <w>En</w>
  <w>ung</w>
  <w>,</w>
  <w>kvinnlig</w>
  <w>lärarkollega</w>
  <w>kommer</w>
  <w>upprört</w>
  <w>till</w>
  <w>mig</w>
  <w>första</w>
  <w>skoldagen</w>
  <w>och</w>
  <w>säger</w>
  <w>att</w>
  <w>jag</w>
  <w>måste</w>
  <w>hjälpa</w>
  <w>henne</w>
  <w>.</w>
  <w>En</w>
  <w>muslimsk</w>
  <w>man</w>
  <w>har</w>
  <w>nämligen</w>
  <w>vägrat</w>
  <w>att</w>
  <w>ta</w>
  <w>henne</w>
  <w>i</w>
  <w>hand</w>
  <w>eftersom</w>
  <w>hon</w>
  <w>är</w>
  <w>kvinna</w>
  <w>.</w>
  <w>Jag</w>
  <w>förklarar</w>
  <w>för</w>
  <w>henne</w>
  <w>att</w>
  <w>mannen</w>
  <w>förmodligen</w>
  <w>är</w>
  <w>fundamentalist</w>
  <w>och</w>
  <w>anser</w>
  <w>att</w>
  <w>hans</w>
  <w>tro</w>
  <w>inte</w>
  <w>tillåter</w>
  <w>honom</w>
  <w>att</w>
  <w>röra</w>
  <w>vid</w>
  <w>främmande</w>
  <w>kvinnor</w>
  <w>.</w>
  <w>Senare</w>
  <w>pratar</w>
  <w>jag</w>
  <w>med</w>
  <w>mannen</w>
  <w>och</w>
  <w>förklarar</w>
  <w>att</w>
  <w>ingen</w>
  <w>i</w>
  <w>Sverige</w>
  <w>kan</w>
  <w>tvinga</w>
  <w>honom</w>
  <w>att</w>
  <w>hälsa</w>
  <w>på</w>
  <w>kvinnor</w>
  <w>men</w>
  <w>att</w>
  <w>hans</w>
  <w>attityd</w>
  <w>kan</w>
  <w>skada</w>
  <w>honom</w>
  <w>i</w>
  <w>framtiden</w>
  <w>–</w>
  <w>inte</w>
  <w>minst</w>
  <w>i</w>
  <w>arbetslivet</w>
  <w>.</w>
</absapar>
<absapar id=12>
  <w>Det</w>
  <w>ska</w>
  <w>genast</w>
  <w>påpekas</w>
  <w>att</w>
  <w>jag</w>
  <w>med</w>
  <w>de</w>
  <w>här</w>
  <w>exemplen</w>
  <w>inte</w>
  <w>vill</w>
  <w>påskina</w>
  <w>att</w>
  <w>ALLA</w>
  <w>invandrare</w>
  <w>skulle</w>
  <w>skriva</w>
  <w>under</w>
  <w>på</w>
  <w>åsikter</w>
  <w>som</w>
  <w>dessa</w>
  <w>.</w>
  <w>Tvärtom</w>
  <w>är</w>
  <w>jag</w>
  <w>övertygad</w>
  <w>om</w>
  <w>att</w>
  <w>en</w>
  <w>stor</w>
  <w>majoritet</w>
  <w>inte</w>
  <w>gör</w>
  <w>det</w>
  <w>.</w>
  <w>Men</w>
  <w>min</w>
  <w>erfarenhet</w>
  <w>säger</w>
  <w>mig</w>
  <w>att</w>
  <absaspan id=17>
    <w>tillräckligt</w>
    <w>många</w>
  </absaspan>
  <w>dras</w>
  <w>med</w>
  <w>värderingar</w>
  <w>som</w>
  <w>kunde</w>
  <w>vara</w>
  <absaspan id=18 senti=1>
    <w>hämtade</w>
    <w>från</w>
    <w>mörkaste</w>
    <w>medeltiden</w>
  </absaspan>
  <w>för</w>
  <w>att</w>
  <w>det</w>
  <w>ska</w>
  <w>vara</w>
  <w>1ett</w>
  <w>reellt</w>
  <w>problem</w>
  <w>som</w>
  <w>vi</w>
  <w>gemensamt</w>
  <w>måste</w>
  <w>ta</w>
  <w>itu</w>
  <w>med</w>
  <w>–</w>
  <w>både</w>
  <w>invandrare</w>
  <w>och</w>
  <w>svenskar</w>
  <w>.</w>
</absapar>
<absapar id=13>
  <w>Vad</w>
  <w>är</w>
  <w>då</w>
  <w>mitt</w>
  <w>recept</w>
  <w>för</w>
  <w>att</w>
  <w>råda</w>
  <w>bot</w>
  <w>på</w>
  <w>saken</w>
  <w>?</w>
  <w>Några</w>
  <w>förslag</w>
  <w>:</w>
  <w>.</w>
</absapar>
<absapar id=14>
  <w>#</w>
  <w>P</w>
  <w>IMM</w>
  <w>.</w>
  <w>1</w>
  <w>Låt</w>
  <w>Skolverket</w>
  <w>sy</w>
  <w>ihop</w>
  <w>en</w>
  <w>liten</w>
  <w>bok</w>
  <w>om</w>
  <w>demokrati</w>
  <w>och</w>
  <w>yttrandefrihet</w>
  <w>som</w>
  <w>ska</w>
  <w>ingå</w>
  <w>som</w>
  <w>en</w>
  <w>obligatorisk</w>
  <w>del</w>
  <w>i</w>
  <w>SFI-utbildningen</w>
  <w>.</w>
</absapar>
<absapar id=15>
  <w>#</w>
  <w>P</w>
  <w>IMM</w>
  <w>.</w>
  <w>2</w>
  <w>Utbilda</w>
  <w>invandrarlärarna</w>
  <w>mer</w>
  <w>om</w>
  <w>.</w>
</absapar>
<absapar id=16>
  <w>de</w>
  <w>kulturer</w>
  <w>flyktingarna</w>
  <w>kommer</w>
  <w>ifrån</w>
  <w>.</w>
  <w>Undvik</w>
  <w>att</w>
  <w>sopa</w>
  <w>de</w>
  <w>”</w>
  <w>kulturella</w>
  <w>”</w>
  <w>problem</w>
  <w>som</w>
  <w>tveklöst</w>
  <w>finns</w>
  <w>i</w>
  <w>vissa</w>
  <w>länder</w>
  <w>och</w>
  <w>kulturer</w>
  <w>under</w>
  <w>mattan</w>
  <w>i</w>
  <w>undervisningen</w>
  <w>.</w>
  <w>Då</w>
  <w>är</w>
  <w>lärarna</w>
  <w>bättre</w>
  <w>förberedda</w>
  <w>på</w>
  <w>vad</w>
  <w>de</w>
  <w>kan</w>
  <w>vänta</w>
  <w>sig</w>
  <w>.</w>
</absapar>
<absapar id=17>
  <w>#</w>
  <w>P</w>
  <w>IMM</w>
  <w>.</w>
  <w>3</w>
  <w>Ge</w>
  <w>mer</w>
  <w>ekonomiskt</w>
  <w>stöd</w>
  <w>till</w>
  <w>de</w>
  <w>många</w>
  <w>progressiva</w>
  <w>invandrarföreningar</w>
  <w>som</w>
  <w>trots</w>
  <w>allt</w>
  <w>existerar</w>
  <w>i</w>
  <w>landet</w>
  <w>.</w>
  <w>Låt</w>
  <w>dem</w>
  <w>till</w>
  <w>stor</w>
  <w>del</w>
  <w>föra</w>
  <w>kampen</w>
  <w>för</w>
  <w>mer</w>
  <w>upplysning</w>
  <w>bland</w>
  <w>sina</w>
  <w>landsmän</w>
  <w>.</w>
</absapar>
<absapar id=18>
  <w>#</w>
  <w>P</w>
  <w>IMM</w>
  <w>.</w>
  <w>4</w>
  <w>Förbjud</w>
  <w>alla</w>
  <w>friskolor</w>
  <w>med</w>
  <w>religiös</w>
  <w>prägel</w>
  <w>.</w>
  <w>Staten</w>
  <w>borde</w>
  <w>inte</w>
  <w>finansiera</w>
  <w>religiös</w>
  <w>indoktrinering</w>
  <w>.</w>
  <w>Satsa</w>
  <w>istället</w>
  <w>mer</w>
  <w>pengar</w>
  <w>på</w>
  <w>samhällets</w>
  <w>egna</w>
  <w>multikulturella</w>
  <w>skolor</w>
  <w>där</w>
  <w>kritiskt</w>
  <w>tänkande</w>
  <w>uppmuntras</w>
  <w>.</w>
  <w>Själv</w>
  <w>gick</w>
  <absaspan id=19>
    <w>jag</w>
  </absaspan>
  <w>som</w>
  <w>barn</w>
  <w>i</w>
  <w>katolsk</w>
  <w>skola</w>
  <w>i</w>
  <w>Sverige</w>
  <w>och</w>
  <absaspan id=20 senti=2>
    <w>har</w>
    <w>sedan</w>
    <w>dess</w>
    <w>en</w>
    <w>aversion</w>
  </absaspan>
  <w>mot</w>
  <w>allt</w>
  <w>vad</w>
  <absaspan id=21>
    <w>religiösa</w>
    <w>skolor</w>
  </absaspan>
  <w>heter</w>
  <w>.</w>
</absapar>
<absapar id=19>
  <w>Tyck</w>
  <w>till</w>
  <w>:</w>
  <w>.</w>
</absapar>
<absapar id=20>
  <w>Antonio</w>
  <w>Jerez</w>
  <w>(</w>
  <w>lärare</w>
  <w>och</w>
  <w>själv</w>
  <w>invandrare</w>
  <w>)</w>
  <w>.</w>
</absapar>
</absadoc>
