<absadoc annotators=1 senti=>
<absatitle>
  <w>Kritiker</w>
  <w>har</w>
  <w>inte</w>
  <w>KD</w>
  <w>:</w>
  <w>s</w>
  <w>bästa</w>
  <w>för</w>
  <w>ögonen</w>
  <w>.</w>
</absatitle>
<absapar id=1>
  <absaspan id=1>
    <w>Den</w>
    <w>kristdemokratiska</w>
    <w>eftervalsdebatten</w>
  </absaspan>
  <w>sker</w>
  <w>nu</w>
  <w>på</w>
  <w>ett</w>
  <w>sätt</w>
  <w>och</w>
  <w>i</w>
  <w>forum</w>
  <w>som</w>
  <absaspan id=2 senti=2>
    <w>oroar</w>
    <w>mig</w>
  </absaspan>
  <w>om</w>
  <w>man</w>
  <w>samtidigt</w>
  <w>vill</w>
  <w>vara</w>
  <w>rädd</w>
  <w>om</w>
  <w>partiet</w>
  <w>.</w>
  <w>Utifrån</w>
  <w>min</w>
  <w>horisont</w>
  <w>har</w>
  <absaspan id=3>
    <w>Göran</w>
    <w>Hägglunds</w>
    <w>ledarskap</w>
  </absaspan>
  <w>och</w>
  <w>politiska</w>
  <w>orientering</w>
  <absaspan id=4 senti=5>
    <w>ett</w>
    <w>mycket</w>
    <w>brett</w>
    <w>stöd</w>
  </absaspan>
  <w>i</w>
  <absaspan id=5>
    <w>Kristdemokraterna</w>
  </absaspan>
  <w>.</w>
  <absaspan id=6>
    <w>De</w>
    <w>som</w>
    <w>nu</w>
    <w>ifrågasätter</w>
    <w>hans</w>
    <w>ledarskap</w>
  </absaspan>
  <w>verkar</w>
  <absaspan id=7 senti=2>
    <w>inte</w>
  </absaspan>
  <w>göra</w>
  <w>det</w>
  <absaspan id=8 senti=2>
    <w>med</w>
  </absaspan>
  <absaspan id=9 senti=2>
    <w>partiets</w>
    <w>bästa</w>
    <w>för</w>
    <w>ögonen</w>
  </absaspan>
  <w>eller</w>
  <w>på</w>
  <w>helt</w>
  <w>sakliga</w>
  <w>grunder</w>
  <w>.</w>
  <w>Det</w>
  <w>skriver</w>
  <w>fd</w>
  <w>riksdagsledamoten</w>
  <absaspan id=10>
    <w>Peter</w>
    <w>Althin</w>
  </absaspan>
  <w>.</w>
</absapar>
<absapar id=2>
  <absaspan id=11>
    <w>Den</w>
  </absaspan>
  <absaspan id=12>
    <w>interna</w>
    <w>debatten</w>
    <w>i</w>
    <w>Kristdemokraterna</w>
  </absaspan>
  <absaspan id=13 senti=4>
    <w>skall</w>
    <w>självklart</w>
  </absaspan>
  <absaspan id=14>
    <w>föras</w>
    <w>utan</w>
    <w>begränsningar</w>
  </absaspan>
  <w>.</w>
  <w>Efter</w>
  <w>ytterligare</w>
  <w>ett</w>
  <w>mycket</w>
  <w>smärtsamt</w>
  <w>förlustval</w>
  <absaspan id=15 senti=4>
    <w>är</w>
  </absaspan>
  <absaspan id=16>
    <w>det</w>
  </absaspan>
  <absaspan id=17 senti=4>
    <w>nödvändigt</w>
  </absaspan>
  <w>.</w>
  <w>Paradoxalt</w>
  <w>nog</w>
  <w>är</w>
  <w>det</w>
  <w>just</w>
  <w>Göran</w>
  <w>Hägglunds</w>
  <w>uppmaning</w>
  <w>att</w>
  <w>föra</w>
  <w>denna</w>
  <w>debatt</w>
  <w>obegränsat</w>
  <w>som</w>
  <w>gett</w>
  <w>kritikerna</w>
  <w>ett</w>
  <w>utrymme</w>
  <w>.</w>
  <absaspan id=18>
    <w>Göran</w>
    <w>Hägglund</w>
  </absaspan>
  <absaspan id=19 senti=4>
    <w>har</w>
    <w>öppet</w>
    <w>bett</w>
  </absaspan>
  <absaspan id=20>
    <w>partiet</w>
    <w>att</w>
    <w>fundera</w>
    <w>igenomalla</w>
    <w>politiska</w>
    <w>områden</w>
  </absaspan>
  <w>.</w>
  <w>Att</w>
  <w>hitta</w>
  <w>vägar</w>
  <w>framåt</w>
  <w>för</w>
  <w>att</w>
  <w>bättre</w>
  <w>kunna</w>
  <w>presentera</w>
  <w>partiets</w>
  <w>målsättningar</w>
  <w>och</w>
  <w>visioner</w>
  <w>genom</w>
  <w>en</w>
  <w>sakpolitik</w>
  <w>som</w>
  <w>väljarna</w>
  <w>förstår</w>
  <w>och</w>
  <w>attraheras</w>
  <w>av</w>
  <w>.</w>
</absapar>
<absapar id=3>
  <w>Det</w>
  <w>här</w>
  <w>är</w>
  <w>en</w>
  <w>argumenterande</w>
  <w>text</w>
  <w>med</w>
  <w>syfte</w>
  <w>att</w>
  <w>påverka</w>
  <w>.</w>
  <w>Åsikterna</w>
  <w>som</w>
  <w>uttrycks</w>
  <w>är</w>
  <w>skribentens</w>
  <w>egna</w>
  <w>.</w>
</absapar>
<absapar id=4>
  <w>Det</w>
  <w>var</w>
  <absaspan id=21>
    <w>Kristdemokraternas</w>
    <w>familjesyn</w>
  </absaspan>
  <w>som</w>
  <w>en</w>
  <w>gång</w>
  <absaspan id=22 senti=4>
    <w>fick</w>
    <w>mig</w>
    <w>att</w>
    <w>bli</w>
    <w>aktiv</w>
    <w>i</w>
    <w>partiet</w>
  </absaspan>
  <w>.</w>
  <absaspan id=23>
    <w>Familjens</w>
    <w>roll</w>
    <w>att</w>
    <w>ge</w>
    <w>barn</w>
    <w>kärlek</w>
    <w>och</w>
    <w>trygghet</w>
    <w>och</w>
    <w>hitta</w>
    <w>sin</w>
    <w>plats</w>
    <w>i</w>
    <w>livet</w>
  </absaspan>
  <absaspan id=24 senti=4>
    <w>kan</w>
    <w>inte</w>
    <w>underskattas</w>
  </absaspan>
  <w>.</w>
  <w>För</w>
  <w>mig</w>
  <w>som</w>
  <w>advokat</w>
  <absaspan id=25 senti=4>
    <w>är</w>
  </absaspan>
  <w>det</w>
  <w>till</w>
  <w>exempel</w>
  <absaspan id=26 senti=4>
    <w>uppenbart</w>
  </absaspan>
  <absaspan id=27>
    <w>att</w>
  </absaspan>
  <absaspan id=28>
    <w>familjen</w>
  </absaspan>
  <absaspan id=29>
    <w>är</w>
  </absaspan>
  <absaspan id=30 senti=4>
    <w>det</w>
    <w>mest</w>
    <w>effektiva</w>
    <w>brottsförebyggande</w>
    <w>verktyget</w>
  </absaspan>
  <w>.</w>
  <absaspan id=31 senti=4>
    <w>För</w>
    <w>ett</w>
    <w>tryggare</w>
    <w>Sverige</w>
  </absaspan>
  <w>.</w>
</absapar>
<absapar id=5>
  <absaspan id=32>
    <w>Jag</w>
  </absaspan>
  <absaspan id=33 senti=4>
    <w>skulle</w>
    <w>vilja</w>
    <w>påstå</w>
  </absaspan>
  <absaspan id=34>
    <w>att</w>
  </absaspan>
  <absaspan id=35 senti=4>
    <w>inget</w>
    <w>parti</w>
    <w>har</w>
    <w>gjort</w>
    <w>mer</w>
  </absaspan>
  <absaspan id=36>
    <w>än</w>
  </absaspan>
  <absaspan id=37>
    <w>Kristdemokraterna</w>
  </absaspan>
  <absaspan id=38 senti=4>
    <w>för</w>
  </absaspan>
  <absaspan id=39 senti=4>
    <w>att</w>
    <w>ge</w>
    <w>landets</w>
    <w>familjer</w>
    <w>bättre</w>
    <w>förutsättningar</w>
    <w>att</w>
    <w>spela</w>
    <w>denna</w>
    <w>roll</w>
  </absaspan>
  <w>.</w>
  <w>Införandet</w>
  <w>av</w>
  <w>vårdnadsbidrag</w>
  <w>och</w>
  <w>barnomsorgspeng</w>
  <w>är</w>
  <w>bara</w>
  <w>två</w>
  <w>exempel</w>
  <w>.</w>
  <w>Skyddsvärnet</w>
  <w>mot</w>
  <w>andra</w>
  <w>Allianspartiers</w>
  <w>och</w>
  <w>de</w>
  <w>rödgrönas</w>
  <w>tankar</w>
  <w>på</w>
  <w>kvotering</w>
  <w>av</w>
  <w>föräldraförsäkringen</w>
  <w>ett</w>
  <w>annat</w>
  <w>.</w>
  <absaspan id=40>
    <w>Att</w>
  </absaspan>
  <absaspan id=41>
    <w>Göran</w>
    <w>Hägglund</w>
  </absaspan>
  <absaspan id=42>
    <w>nu</w>
    <w>vill</w>
    <w>hitta</w>
    <w>vägar</w>
    <w>att</w>
    <w>flytta</w>
    <w>fram</w>
    <w>positionerna</w>
  </absaspan>
  <absaspan id=43 senti=4>
    <w>borde</w>
    <w>välkomnas</w>
    <w>av</w>
    <w>alla</w>
  </absaspan>
  <w>och</w>
  <w>att</w>
  <w>han</w>
  <w>gör</w>
  <w>det</w>
  <w>i</w>
  <w>en</w>
  <w>öppen</w>
  <w>debatt</w>
  <w>är</w>
  <w>om</w>
  <w>något</w>
  <w>exempel</w>
  <w>på</w>
  <w>att</w>
  <w>han</w>
  <absaspan id=44 senti=4>
    <w>är</w>
    <w>en</w>
    <w>ledare</w>
    <w>som</w>
    <w>inte</w>
    <w>smygreformerar</w>
    <w>partiets</w>
    <w>politiska</w>
    <w>linje</w>
  </absaspan>
  <w>.</w>
</absapar>
<absapar id=6>
  <w>Ingen</w>
  <w>ledare</w>
  <w>är</w>
  <w>perfekt</w>
  <w>.</w>
  <w>Självklart</w>
  <w>finns</w>
  <w>det</w>
  <w>alltid</w>
  <w>utrymme</w>
  <w>att</w>
  <w>förbättra</w>
  <w>sig</w>
  <w>.</w>
  <w>Partistyrelsen</w>
  <w>och</w>
  <w>riksdagsgrupper</w>
  <w>har</w>
  <w>alla</w>
  <w>möjligheter</w>
  <w>att</w>
  <w>direkt</w>
  <w>med</w>
  <w>partipresidiet</w>
  <w>diskutera</w>
  <w>vilka</w>
  <w>frågor</w>
  <w>vi</w>
  <w>vill</w>
  <w>.</w>
  <w>Jag</w>
  <w>och</w>
  <w>andra</w>
  <w>i</w>
  <w>partistyrelsen</w>
  <w>har</w>
  <w>ofta</w>
  <w>använt</w>
  <w>oss</w>
  <w>av</w>
  <w>denna</w>
  <w>möjlighet</w>
  <w>.</w>
  <w>När</w>
  <w>partiets</w>
  <w>politiska</w>
  <w>profil</w>
  <w>och</w>
  <w>prioriteringar</w>
  <w>skulle</w>
  <w>bestämmas</w>
  <w>gjordes</w>
  <w>det</w>
  <w>i</w>
  <w>en</w>
  <w>tvåårig</w>
  <w>öppen</w>
  <w>process</w>
  <w>,</w>
  <w>med</w>
  <w>otaliga</w>
  <w>diskussionsgrupper</w>
  <w>och</w>
  <w>enkäter</w>
  <w>.</w>
  <w>Den</w>
  <w>politiska</w>
  <w>linjen</w>
  <w>har</w>
  <w>sedan</w>
  <w>beslutats</w>
  <w>av</w>
  <w>både</w>
  <w>partistyrelse</w>
  <w>och</w>
  <w>partidistrikt</w>
  <w>.</w>
  <w>När</w>
  <w>partistyrelsen</w>
  <w>föreslog</w>
  <w>inriktning</w>
  <w>på</w>
  <w>politiken</w>
  <w>inför</w>
  <w>valet</w>
  <w>2010</w>
  <w>gjordes</w>
  <w>också</w>
  <w>det</w>
  <w>i</w>
  <w>en</w>
  <w>öppen</w>
  <w>process</w>
  <w>med</w>
  <w>rådslag</w>
  <w>och</w>
  <w>beslut</w>
  <w>på</w>
  <w>riksting</w>
  <w>.</w>
</absapar>
<absapar id=7>
  <w>En</w>
  <w>partiledare</w>
  <w>är</w>
  <w>inte</w>
  <w>en</w>
  <w>ledare</w>
  <w>om</w>
  <w>han</w>
  <w>inte</w>
  <w>pekar</w>
  <w>på</w>
  <w>alternativa</w>
  <w>färdriktningar</w>
  <w>när</w>
  <w>den</w>
  <w>prövade</w>
  <w>inte</w>
  <w>vann</w>
  <w>framgång</w>
  <w>.</w>
  <w>Det</w>
  <w>om</w>
  <w>något</w>
  <w>är</w>
  <w>inte</w>
  <w>ett</w>
  <w>bevis</w>
  <w>på</w>
  <w>bristande</w>
  <w>ledarskap</w>
  <w>.</w>
  <w>Tvärtom</w>
  <w>.</w>
</absapar>
<absapar id=8>
  <absaspan id=45>
    <w>Den</w>
    <w>debatt</w>
    <w>som</w>
    <w>förs</w>
    <w>nu</w>
  </absaspan>
  <absaspan id=46 senti=2>
    <w>är</w>
  </absaspan>
  <w>därför</w>
  <absaspan id=47 senti=2>
    <w>inte</w>
  </absaspan>
  <absaspan id=48 senti=2>
    <w>saklig</w>
  </absaspan>
  <w>.</w>
  <w>Jag</w>
  <w>bedömer</w>
  <w>att</w>
  <absaspan id=49 senti=4>
    <w>stödet</w>
  </absaspan>
  <w>för</w>
  <absaspan id=50>
    <w>Göran</w>
    <w>Hägglund</w>
  </absaspan>
  <absaspan id=51 senti=4>
    <w>är</w>
  </absaspan>
  <absaspan id=52 senti=4>
    <w>stort</w>
  </absaspan>
  <w>i</w>
  <absaspan id=53>
    <w>partiet</w>
  </absaspan>
  <w>.</w>
  <w>Självklart</w>
  <w>var</w>
  <w>det</w>
  <w>många</w>
  <w>i</w>
  <w>partiet</w>
  <w>som</w>
  <w>undrade</w>
  <w>vad</w>
  <w>som</w>
  <w>var</w>
  <w>på</w>
  <w>gång</w>
  <w>när</w>
  <w>den</w>
  <w>mediala</w>
  <w>bilden</w>
  <w>blev</w>
  <w>att</w>
  <w>Göran</w>
  <w>Hägglund</w>
  <w>föreslagit</w>
  <w>att</w>
  <w>vårdnadsbidraget</w>
  <w>skulle</w>
  <w>överges</w>
  <w>.</w>
  <w>Som</w>
  <w>jag</w>
  <w>förstår</w>
  <w>det</w>
  <w>kommer</w>
  <absaspan id=54>
    <w>Göran</w>
    <w>Hägglund</w>
  </absaspan>
  <w>aldrig</w>
  <w>att</w>
  <w>backa</w>
  <w>i</w>
  <w>kampen</w>
  <w>för</w>
  <w>mer</w>
  <w>frihet</w>
  <w>och</w>
  <w>makt</w>
  <w>åt</w>
  <w>landets</w>
  <w>familjer</w>
  <absaspan id=55 senti=4>
    <w>.</w>
  </absaspan>
  <w>Därför</w>
  <w>utgör</w>
  <w>den</w>
  <w>framförda</w>
  <w>kritiken</w>
  <w>kanske</w>
  <w>ett</w>
  <w>bevis</w>
  <w>för</w>
  <w>att</w>
  <w>debatten</w>
  <w>inte</w>
  <w>i</w>
  <w>första</w>
  <w>hand</w>
  <w>handlar</w>
  <w>om</w>
  <w>hans</w>
  <w>ledarskap</w>
  <w>utan</w>
  <w>mera</w>
  <w>om</w>
  <w>andra</w>
  <w>personers</w>
  <w>makt</w>
  <w>och</w>
  <w>inflytande</w>
  <w>över</w>
  <w>politiken</w>
  <w>.</w>
  <w>Är</w>
  <w>man</w>
  <w>missnöjd</w>
  <w>med</w>
  <w>den</w>
  <w>inriktning</w>
  <w>som</w>
  <w>en</w>
  <w>stor</w>
  <w>majoritet</w>
  <w>i</w>
  <w>partiet</w>
  <w>har</w>
  <w>ställt</w>
  <w>sig</w>
  <w>bakom</w>
  <w>,</w>
  <absaspan id=56 senti=2>
    <w>är</w>
  </absaspan>
  <absaspan id=57>
    <w>persondebatter</w>
  </absaspan>
  <absaspan id=58 senti=2>
    <w>den</w>
  </absaspan>
  <absaspan id=59 senti=2>
    <w>enklaste</w>
    <w>vägen</w>
    <w>att</w>
    <w>skapa</w>
    <w>oro</w>
  </absaspan>
  <w>.</w>
  <w>Dessvärre</w>
  <absaspan id=60 senti=2>
    <w>på</w>
    <w>bekostnad</w>
    <w>av</w>
  </absaspan>
  <absaspan id=61>
    <w>att</w>
    <w>företrädare</w>
    <w>för</w>
    <w>partiet</w>
    <w>i</w>
    <w>alla</w>
    <w>tänkbara</w>
    <w>mediekanaler</w>
    <w>förstärker</w>
    <w>en</w>
    <w>mediadriven</w>
    <w>dramaturgi</w>
    <w>som</w>
    <w>får</w>
    <w>väljare</w>
    <w>att</w>
    <w>ifrågasätta</w>
    <w>om</w>
    <w>Kristdemokraterna</w>
    <w>är</w>
    <w>familjepartiet</w>
    <w>framför</w>
    <w>andra</w>
  </absaspan>
  <w>.</w>
  <w>Jag</w>
  <w>frågar</w>
  <w>mig</w>
  <w>hur</w>
  <w>det</w>
  <w>kan</w>
  <w>gagna</w>
  <w>andra</w>
  <w>syften</w>
  <w>än</w>
  <w>högst</w>
  <w>personliga</w>
  <absaspan id=62 senti=2>
    <w>.</w>
  </absaspan>
</absapar>
<absapar id=9>
  <absaspan id=63>
    <w>Göran</w>
    <w>Hägglund</w>
  </absaspan>
  <absaspan id=64 senti=4>
    <w>har</w>
    <w>en</w>
    <w>stor</w>
    <w>öppenhet</w>
    <w>för</w>
    <w>omvärlden</w>
  </absaspan>
  <w>och</w>
  <w>inget</w>
  <w>behov</w>
  <w>,</w>
  <w>som</w>
  <w>jag</w>
  <w>förstår</w>
  <w>det</w>
  <w>,</w>
  <w>att</w>
  <w>begränsa</w>
  <w>maktutövning</w>
  <w>eller</w>
  <w>att</w>
  <w>backa</w>
  <w>för</w>
  <w>svåra</w>
  <w>frågor</w>
  <w>.</w>
</absapar>
<absapar id=10>
  <w>På</w>
  <w>fredag</w>
  <w>träffas</w>
  <w>Kristdemokraternas</w>
  <w>partistyrelse</w>
  <w>.</w>
  <w>Vi</w>
  <w>som</w>
  <w>kollektiv</w>
  <w>bär</w>
  <w>naturligtvis</w>
  <w>ansvar</w>
  <w>för</w>
  <w>den</w>
  <w>politik</w>
  <w>som</w>
  <w>vi</w>
  <w>gått</w>
  <w>till</w>
  <w>val</w>
  <w>på</w>
  <w>,</w>
  <w>vårt</w>
  <w>deltagande</w>
  <w>i</w>
  <w>allians</w>
  <w>och</w>
  <w>regering</w>
  <w>och</w>
  <w>inte</w>
  <w>minst</w>
  <w>vår</w>
  <w>eftervalsdebatt</w>
  <w>.</w>
  <absaspan id=65>
    <w>Jag</w>
  </absaspan>
  <absaspan id=66 senti=4>
    <w>ser</w>
    <w>fram</w>
    <w>emot</w>
  </absaspan>
  <absaspan id=67>
    <w>att</w>
    <w>vi</w>
    <w>fortsatt</w>
    <w>skall</w>
    <w>ta</w>
    <w>detta</w>
    <w>ansvar</w>
    <w>gemensamt</w>
    <w>och</w>
    <w>tillsammans</w>
    <w>ge</w>
    <w>de</w>
    <w>rätta</w>
    <w>förutsättningarna</w>
    <w>för</w>
    <w>partipresidiet</w>
    <w>att</w>
    <w>leda</w>
    <w>partiet</w>
  </absaspan>
  <w>.</w>
  <w>De</w>
  <w>kritiker</w>
  <w>som</w>
  <w>nu</w>
  <w>återfinns</w>
  <w>i</w>
  <w>partistyrelsen</w>
  <w>har</w>
  <w>alla</w>
  <w>möjligheter</w>
  <w>att</w>
  <w>använda</w>
  <w>sig</w>
  <w>av</w>
  <w>detta</w>
  <w>sitt</w>
  <w>inflytande</w>
  <w>och</w>
  <w>få</w>
  <w>sina</w>
  <w>idéer</w>
  <w>prövade</w>
  <w>i</w>
  <w>en</w>
  <w>demokratisk</w>
  <w>process</w>
  <w>.</w>
  <absaspan id=68>
    <w>Göran</w>
    <w>Hägglund</w>
  </absaspan>
  <absaspan id=69 senti=4>
    <w>är</w>
    <w>en</w>
    <w>lyssnande</w>
    <w>ledare</w>
  </absaspan>
  <w>,</w>
  <w>med</w>
  <w>högre</w>
  <w>förtroende</w>
  <w>bland</w>
  <w>väljarna</w>
  <w>än</w>
  <w>de</w>
  <w>ger</w>
  <w>vårt</w>
  <w>parti</w>
  <w>i</w>
  <w>allmänna</w>
  <w>val</w>
  <w>och</w>
  <w>därmed</w>
  <absaspan id=70 senti=4>
    <w>en</w>
    <w>mycket</w>
    <w>stor</w>
    <w>tillgång</w>
  </absaspan>
  <w>i</w>
  <w>den</w>
  <w>utveckling</w>
  <w>som</w>
  <w>måste</w>
  <w>till</w>
  <w>.</w>
  <w>Den</w>
  <w>som</w>
  <w>skall</w>
  <w>leda</w>
  <w>till</w>
  <w>ett</w>
  <w>mycket</w>
  <w>bättre</w>
  <w>valresultat</w>
  <w>år</w>
  <w>2014</w>
  <w>.</w>
</absapar>
<absapar id=11>
  <w>PETER</w>
  <w>ALTHIN</w>
  <w>.</w>
</absapar>
<absapar id=12>
  <w>advokat</w>
  <w>och</w>
  <w>före</w>
  <w>detta</w>
  <w>riksdagsledamot</w>
  <w>för</w>
  <w>Kristdemokraterna</w>
  <w>.</w>
</absapar>
<absapar id=13>
  <w>Redaktör</w>
  <w>:</w>
  <w>Carina</w>
  <w>Stensson</w>
  <w>,</w>
  <w>Biträdande</w>
  <w>redaktör</w>
  <w>:</w>
  <w>Björn</w>
  <w>Jorner</w>
  <w>,</w>
  <w>Mejl</w>
  <w>:</w>
  <w>debatt</w>
  <w>@</w>
  <w>svd.se</w>
  <w>,</w>
  <w>Telefonnummer</w>
  <w>:</w>
  <w>08</w>
  <w>-</w>
  <w>135149</w>
  <w>,</w>
  <w>Twitter</w>
  <w>:</w>
  <w>@</w>
  <w>SvDDebatt</w>
  <w>,</w>
  <w>Facebook</w>
  <w>:</w>
  <w>SvD</w>
  <w>Debatt</w>
  <w>.</w>
</absapar>
</absadoc>
