<absadoc annotators=1 senti=>
<absatitle>
  <w>Minister</w>
  <w>:</w>
  <w>Vi</w>
  <w>skapar</w>
  <w>fler</w>
  <w>vägar</w>
  <w>till</w>
  <w>högre</w>
  <w>studier</w>
  <w>.</w>
</absatitle>
<absapar id=1>
  <w>Det</w>
  <w>blir</w>
  <w>nu</w>
  <w>möjligt</w>
  <w>att</w>
  <w>till</w>
  <w>exempel</w>
  <w>ställa</w>
  <w>krav</w>
  <w>på</w>
  <w>lämplighet</w>
  <w>för</w>
  <w>den</w>
  <w>som</w>
  <w>söker</w>
  <w>till</w>
  <w>lärarutbildningen</w>
  <w>.</w>
  <w>Samtidigt</w>
  <w>ska</w>
  <w>högskolan</w>
  <w>vara</w>
  <w>öppen</w>
  <w>för</w>
  <w>fler</w>
  <w>människor</w>
  <w>,</w>
  <w>under</w>
  <w>hela</w>
  <w>yrkeslivet</w>
  <w>.</w>
  <w>Det</w>
  <w>skriver</w>
  <w>Helene</w>
  <w>Hellmark</w>
  <w>Knutsson</w>
  <w>(</w>
  <w>S</w>
  <w>)</w>
  <w>,</w>
  <w>minister</w>
  <w>för</w>
  <w>högre</w>
  <w>studier</w>
  <w>,</w>
  <w>när</w>
  <w>regeringen</w>
  <w>nu</w>
  <w>föreslår</w>
  <w>nya</w>
  <w>regler</w>
  <w>för</w>
  <w>antagning</w>
  <w>till</w>
  <w>högskolan</w>
  <w>.</w>
</absapar>
<absapar id=2>
  <w>Nu</w>
  <w>lägger</w>
  <w>regeringen</w>
  <w>fram</w>
  <w>ett</w>
  <w>nytt</w>
  <w>ramverk</w>
  <w>för</w>
  <w>antagningen</w>
  <w>till</w>
  <w>högskolan</w>
  <w>.</w>
  <w>Det</w>
  <w>blir</w>
  <w>ett</w>
  <w>viktigt</w>
  <w>verktyg</w>
  <w>för</w>
  <w>en</w>
  <w>modern</w>
  <w>högskola</w>
  <w>i</w>
  <w>takt</w>
  <w>med</w>
  <w>tiden</w>
  <w>.</w>
  <w>Förslaget</w>
  <w>fokuserar</w>
  <w>på</w>
  <w>kompetens</w>
  <w>och</w>
  <w>lägger</w>
  <w>grunden</w>
  <w>för</w>
  <w>att</w>
  <w>kunna</w>
  <w>värdera</w>
  <w>arbetslivserfarenhet</w>
  <w>.</w>
  <w>Samtidigt</w>
  <w>som</w>
  <w>det</w>
  <w>öppnar</w>
  <w>för</w>
  <w>att</w>
  <w>ställa</w>
  <w>särskilda</w>
  <w>krav</w>
  <w>som</w>
  <w>till</w>
  <w>exempel</w>
  <w>lämplighetsbedömning</w>
  <w>för</w>
  <w>de</w>
  <w>som</w>
  <w>vill</w>
  <w>läsa</w>
  <w>på</w>
  <w>vissa</w>
  <w>utbildningar</w>
  <w>som</w>
  <w>lärarutbildningar</w>
  <w>.</w>
</absapar>
<absapar id=3>
  <w>Det</w>
  <w>här</w>
  <w>är</w>
  <w>en</w>
  <w>argumenterande</w>
  <w>text</w>
  <w>med</w>
  <w>syfte</w>
  <w>att</w>
  <w>påverka</w>
  <w>.</w>
  <w>Åsikterna</w>
  <w>som</w>
  <w>uttrycks</w>
  <w>är</w>
  <w>skribentens</w>
  <w>egna</w>
  <w>.</w>
</absapar>
<absapar id=4>
  <w>Arbetsmarknaden</w>
  <w>förändras</w>
  <w>snabbt</w>
  <w>.</w>
  <w>Både</w>
  <w>välfärd</w>
  <w>och</w>
  <w>industri</w>
  <w>letar</w>
  <w>ständigt</w>
  <w>efter</w>
  <w>fler</w>
  <w>personer</w>
  <w>att</w>
  <w>anställa</w>
  <w>.</w>
  <w>Behovet</w>
  <w>är</w>
  <w>stort</w>
  <w>.</w>
  <w>Det</w>
  <w>finns</w>
  <w>idag</w>
  <w>över</w>
  <w>100</w>
  <w>000</w>
  <w>lediga</w>
  <w>jobb</w>
  <w>som</w>
  <w>måste</w>
  <w>fyllas</w>
  <w>.</w>
  <w>Samtidigt</w>
  <w>ser</w>
  <w>vi</w>
  <w>att</w>
  <w>digitalisering</w>
  <w>,</w>
  <w>robotisering</w>
  <w>gör</w>
  <w>att</w>
  <w>många</w>
  <w>kommer</w>
  <w>behöva</w>
  <w>fylla</w>
  <w>på</w>
  <w>med</w>
  <w>nya</w>
  <w>kunskaper</w>
  <w>senare</w>
  <w>i</w>
  <w>livet</w>
  <w>.</w>
  <w>Tiden</w>
  <w>då</w>
  <w>det</w>
  <w>räckte</w>
  <w>att</w>
  <w>utbilda</w>
  <w>sig</w>
  <w>en</w>
  <w>gång</w>
  <w>i</w>
  <w>början</w>
  <w>av</w>
  <w>karriären</w>
  <w>är</w>
  <w>förbi</w>
  <w>,</w>
  <w>istället</w>
  <w>kommer</w>
  <w>det</w>
  <w>krävas</w>
  <w>mer</w>
  <w>av</w>
  <w>livslångt</w>
  <w>lärande</w>
  <w>.</w>
  <w>Här</w>
  <w>har</w>
  <w>högskolan</w>
  <w>en</w>
  <w>avgörande</w>
  <w>roll</w>
  <w>.</w>
  <w>Den</w>
  <w>behöver</w>
  <w>främja</w>
  <w>ett</w>
  <w>tryggt</w>
  <w>och</w>
  <w>hållbart</w>
  <w>arbetsliv</w>
  <w>för</w>
  <w>att</w>
  <w>möta</w>
  <w>2020</w>
  <w>-</w>
  <w>talets</w>
  <w>behov</w>
  <w>.</w>
</absapar>
<absapar id=5>
  <w>Därför</w>
  <w>arbetar</w>
  <w>regeringen</w>
  <w>för</w>
  <w>att</w>
  <w>öka</w>
  <w>möjligheterna</w>
  <w>för</w>
  <w>människor</w>
  <w>att</w>
  <w>kunna</w>
  <w>studera</w>
  <w>under</w>
  <w>hela</w>
  <w>livet</w>
  <w>och</w>
  <w>i</w>
  <w>hela</w>
  <w>landet</w>
  <w>oavsett</w>
  <w>vart</w>
  <w>du</w>
  <w>bor</w>
  <w>.</w>
  <w>Framtidens</w>
  <w>campus</w>
  <w>kommer</w>
  <w>vara</w>
  <w>fyllda</w>
  <w>av</w>
  <w>människor</w>
  <w>i</w>
  <w>alla</w>
  <w>åldrar</w>
  <w>.</w>
</absapar>
<absapar id=6>
  <w>En</w>
  <w>viktig</w>
  <w>pusselbit</w>
  <w>i</w>
  <w>det</w>
  <w>arbetet</w>
  <w>är</w>
  <w>antagningen</w>
  <w>till</w>
  <w>högskolan</w>
  <w>.</w>
  <w>Här</w>
  <w>lägger</w>
  <w>vi</w>
  <w>nu</w>
  <w>en</w>
  <w>proposition</w>
  <w>med</w>
  <w>ett</w>
  <w>nytt</w>
  <w>ramverk</w>
  <w>som</w>
  <w>fokuserar</w>
  <w>på</w>
  <w>kompetens</w>
  <w>.</w>
  <w>Det</w>
  <w>ställer</w>
  <w>både</w>
  <w>krav</w>
  <w>samtidigt</w>
  <w>som</w>
  <w>det</w>
  <w>öppnar</w>
  <w>nya</w>
  <w>vägar</w>
  <w>till</w>
  <w>högskolan</w>
  <w>.</w>
  <w>Propositionen</w>
  <w>innehåller</w>
  <w>en</w>
  <w>rad</w>
  <w>viktiga</w>
  <w>förslag</w>
  <w>:</w>
  <w>.</w>
</absapar>
<absapar id=7>
  <w>För</w>
  <w>det</w>
  <w>första</w>
  <w>så</w>
  <w>föreslår</w>
  <w>vi</w>
  <w>att</w>
  <w>den</w>
  <w>grundläggande</w>
  <w>behörigheten</w>
  <w>till</w>
  <w>högskolan</w>
  <w>ska</w>
  <w>anges</w>
  <w>i</w>
  <w>kompetenser</w>
  <w>.</w>
  <w>Det</w>
  <w>nya</w>
  <w>ramverket</w>
  <w>kommer</w>
  <w>därför</w>
  <w>göra</w>
  <w>det</w>
  <w>tydligt</w>
  <w>att</w>
  <w>de</w>
  <w>som</w>
  <w>kommer</w>
  <w>in</w>
  <w>på</w>
  <w>en</w>
  <w>utbildning</w>
  <w>ska</w>
  <w>ha</w>
  <w>det</w>
  <w>som</w>
  <w>krävs</w>
  <w>för</w>
  <w>att</w>
  <w>ta</w>
  <w>till</w>
  <w>sig</w>
  <w>och</w>
  <w>slutföra</w>
  <w>utbildningen</w>
  <w>.</w>
  <w>Det</w>
  <w>är</w>
  <w>viktigt</w>
  <w>både</w>
  <w>för</w>
  <w>enskilda</w>
  <w>människor</w>
  <w>och</w>
  <w>för</w>
  <w>samhället</w>
  <w>.</w>
  <w>Dessutom</w>
  <w>är</w>
  <w>det</w>
  <w>viktigt</w>
  <w>för</w>
  <w>att</w>
  <w>tydliggöra</w>
  <w>för</w>
  <w>sökande</w>
  <w>vad</w>
  <w>som</w>
  <w>krävs</w>
  <w>för</w>
  <w>att</w>
  <w>klara</w>
  <w>en</w>
  <w>högskoleutbildning</w>
  <w>,</w>
  <w>framför</w>
  <w>allt</w>
  <w>för</w>
  <w>dem</w>
  <w>som</w>
  <w>tagit</w>
  <w>en</w>
  <w>annan</w>
  <w>väg</w>
  <w>än</w>
  <w>gymnasieskolan</w>
  <w>.</w>
  <w>Det</w>
  <w>lägger</w>
  <w>också</w>
  <w>grunden</w>
  <w>för</w>
  <w>att</w>
  <w>i</w>
  <w>framtiden</w>
  <w>kunna</w>
  <w>införa</w>
  <w>ett</w>
  <w>nytt</w>
  <w>nationellt</w>
  <w>behörighetsprov</w>
  <w>för</w>
  <w>att</w>
  <w>värdera</w>
  <w>människors</w>
  <w>kompetens</w>
  <w>.</w>
  <w>Något</w>
  <w>som</w>
  <w>kan</w>
  <w>bli</w>
  <w>ett</w>
  <w>verktyg</w>
  <w>för</w>
  <w>att</w>
  <w>kunna</w>
  <w>värdera</w>
  <w>bland</w>
  <w>annat</w>
  <w>arbetslivserfarenhet</w>
  <w>.</w>
</absapar>
<absapar id=8>
  <w>För</w>
  <w>det</w>
  <w>andra</w>
  <w>föreslår</w>
  <w>regeringen</w>
  <w>att</w>
  <w>när</w>
  <w>det</w>
  <w>gäller</w>
  <w>särskilda</w>
  <w>förkunskapskrav</w>
  <w>så</w>
  <w>bör</w>
  <w>det</w>
  <w>kunna</w>
  <w>ställas</w>
  <w>särskilda</w>
  <w>krav</w>
  <w>för</w>
  <w>vissa</w>
  <w>utbildningar</w>
  <w>.</w>
  <w>Detta</w>
  <w>kan</w>
  <w>i</w>
  <w>framtiden</w>
  <w>ge</w>
  <w>möjlighet</w>
  <w>att</w>
  <w>kunna</w>
  <w>införa</w>
  <w>lämplighetsprov</w>
  <w>för</w>
  <w>utbildningar</w>
  <w>som</w>
  <w>till</w>
  <w>exempel</w>
  <w>lärarutbildningar</w>
  <w>.</w>
</absapar>
<absapar id=9>
  <w>Skräddarsydda</w>
  <w>kurser</w>
  <w>i</w>
  <w>ämnen</w>
  <w>som</w>
  <w>intresserar</w>
  <w>och</w>
  <w>engagerar</w>
  <w>både</w>
  <w>kropp</w>
  <w>och</w>
  <w>själ</w>
  <w>.</w>
</absapar>
<absapar id=10>
  <w>För</w>
  <w>det</w>
  <w>tredje</w>
  <w>så</w>
  <w>kommer</w>
  <w>urvalet</w>
  <w>bland</w>
  <w>dem</w>
  <w>som</w>
  <w>blir</w>
  <w>behöriga</w>
  <w>att</w>
  <w>fortsatt</w>
  <w>utgå</w>
  <w>från</w>
  <w>att</w>
  <w>minst</w>
  <w>en</w>
  <w>tredjedel</w>
  <w>ska</w>
  <w>antas</w>
  <w>utifrån</w>
  <w>betyg</w>
  <w>,</w>
  <w>minst</w>
  <w>en</w>
  <w>tredjedel</w>
  <w>utifrån</w>
  <w>resultat</w>
  <w>från</w>
  <w>högskoleprovet</w>
  <w>och</w>
  <w>högst</w>
  <w>en</w>
  <w>tredjedel</w>
  <w>utifrån</w>
  <w>av</w>
  <w>högskolan</w>
  <w>bestämda</w>
  <w>urvalsgrunder</w>
  <w>.</w>
  <w>Men</w>
  <w>i</w>
  <w>propositionen</w>
  <w>förtydligas</w>
  <w>att</w>
  <w>det</w>
  <w>även</w>
  <w>ska</w>
  <w>gå</w>
  <w>att</w>
  <w>anta</w>
  <w>en</w>
  <w>mindre</w>
  <w>andel</w>
  <w>än</w>
  <w>en</w>
  <w>tredjedel</w>
  <w>utifrån</w>
  <w>högskoleprovet</w>
  <w>till</w>
  <w>utbildningar</w>
  <w>där</w>
  <w>det</w>
  <w>råder</w>
  <w>låg</w>
  <w>konkurrens</w>
  <w>om</w>
  <w>platserna</w>
  <w>och</w>
  <w>där</w>
  <w>högskoleprovet</w>
  <w>har</w>
  <w>en</w>
  <w>dålig</w>
  <w>förmåga</w>
  <w>att</w>
  <w>förutse</w>
  <w>studieframgång</w>
  <w>.</w>
  <w>Målet</w>
  <w>med</w>
  <w>det</w>
  <w>är</w>
  <w>fler</w>
  <w>ska</w>
  <w>kunna</w>
  <w>läsa</w>
  <w>klart</w>
  <w>utbildningarna</w>
  <w>.</w>
</absapar>
<absapar id=11>
  <w>Regeringens</w>
  <w>proposition</w>
  <w>skapar</w>
  <w>fler</w>
  <w>vägar</w>
  <w>till</w>
  <w>högskolan</w>
  <w>och</w>
  <w>lägger</w>
  <w>fokus</w>
  <w>på</w>
  <w>kompetens</w>
  <w>.</w>
  <w>Kärnan</w>
  <w>är</w>
  <w>både</w>
  <w>och</w>
  <w>–</w>
  <w>både</w>
  <w>krav</w>
  <w>och</w>
  <w>rätt</w>
  <w>.</w>
  <w>Det</w>
  <w>är</w>
  <w>en</w>
  <w>politik</w>
  <w>som</w>
  <w>kommer</w>
  <w>skapa</w>
  <w>fler</w>
  <w>vägar</w>
  <w>till</w>
  <w>högre</w>
  <w>studier</w>
  <w>,</w>
  <w>men</w>
  <w>också</w>
  <w>göra</w>
  <w>det</w>
  <w>tydligare</w>
  <w>vad</w>
  <w>som</w>
  <w>krävs</w>
  <w>för</w>
  <w>att</w>
  <w>studera</w>
  <w>på</w>
  <w>högskolan</w>
  <w>.</w>
  <w>Det</w>
  <w>kommer</w>
  <w>skapa</w>
  <w>bättre</w>
  <w>möjligheter</w>
  <w>att</w>
  <w>studera</w>
  <w>vidare</w>
  <w>i</w>
  <w>Sverige</w>
  <w>och</w>
  <w>främja</w>
  <w>ett</w>
  <w>tryggt</w>
  <w>arbetsliv</w>
  <w>.</w>
</absapar>
<absapar id=12>
  <w>Helene</w>
  <w>Hellmark</w>
  <w>Knutsson</w>
  <w>(</w>
  <w>S</w>
  <w>)</w>
  <w>minister</w>
  <w>för</w>
  <w>högre</w>
  <w>studier</w>
  <w>och</w>
  <w>forskning</w>
  <w>.</w>
</absapar>
<absapar id=13>
  <w>Redaktör</w>
  <w>:</w>
  <w>Carina</w>
  <w>Stensson</w>
  <w>,</w>
  <w>Biträdande</w>
  <w>redaktör</w>
  <w>:</w>
  <w>Björn</w>
  <w>Jorner</w>
  <w>,</w>
  <w>Mejl</w>
  <w>:</w>
  <w>debatt</w>
  <w>@</w>
  <w>svd.se</w>
  <w>,</w>
  <w>Telefonnummer</w>
  <w>:</w>
  <w>08</w>
  <w>-</w>
  <w>135149</w>
  <w>,</w>
  <w>Twitter</w>
  <w>:</w>
  <w>@</w>
  <w>SvDDebatt</w>
  <w>,</w>
  <w>Facebook</w>
  <w>:</w>
  <w>SvD</w>
  <w>Debatt</w>
  <w>.</w>
</absapar>
</absadoc>
