<absadoc annotators=1 senti=0>
<absatitle>
  <w>Diskriminera</w>
  <w>inte</w>
  <w>asylsökande</w>
  <w>barn</w>
  <w>.</w>
</absatitle>
<absapar id=1>
  <w>Diskriminering</w>
  <w>vill</w>
  <w>vi</w>
  <w>inte</w>
  <w>ha</w>
  <w>i</w>
  <w>Sverige</w>
  <w>.</w>
  <w>Allra</w>
  <w>minst</w>
  <w>av</w>
  <w>barn</w>
  <w>.</w>
</absapar>
<absapar id=2>
  <w>Tre</w>
  <w>vise</w>
  <w>män</w>
  <w>kom</w>
  <w>med</w>
  <w>guld</w>
  <w>,</w>
  <w>rökelse</w>
  <w>och</w>
  <w>myrra</w>
  <w>.</w>
  <w>Det</w>
  <w>tycks</w>
  <w>vara</w>
  <w>opraktiska</w>
  <w>presenter</w>
  <w>till</w>
  <w>ett</w>
  <w>nyfött</w>
  <w>barn</w>
  <w>.</w>
  <w>Kunde</w>
  <w>de</w>
  <w>tre</w>
  <w>vise</w>
  <w>männen</w>
  <w>inte</w>
  <w>ha</w>
  <w>haft</w>
  <w>med</w>
  <w>sig</w>
  <w>varma</w>
  <w>filtar</w>
  <w>eller</w>
  <w>en</w>
  <w>spjälsäng</w>
  <w>i</w>
  <w>stället</w>
  <w>?</w>
  <w>.</w>
</absapar>
<absapar id=3>
  <w>Men</w>
  <w>vid</w>
  <w>närmare</w>
  <w>eftertanke</w>
  <w>var</w>
  <w>detta</w>
  <w>kanske</w>
  <absaspan id=1 senti=4>
    <w>mycket</w>
    <w>bra</w>
  </absaspan>
  <absaspan id=2>
    <w>gåvor</w>
  </absaspan>
  <w>.</w>
  <w>Guld</w>
  <w>,</w>
  <w>rökelse</w>
  <w>och</w>
  <w>myrra</w>
  <w>var</w>
  <w>värdefulla</w>
  <w>handelsvaror</w>
  <w>.</w>
  <w>Maria</w>
  <w>och</w>
  <w>Josef</w>
  <w>kunde</w>
  <w>säkert</w>
  <w>använda</w>
  <w>dem</w>
  <w>för</w>
  <w>att</w>
  <w>kunna</w>
  <w>köpa</w>
  <w>nödvändigheter</w>
  <w>åt</w>
  <w>barnet</w>
  <w>.</w>
  <w>Föräldrar</w>
  <w>är</w>
  <w>nästan</w>
  <w>alltid</w>
  <w>de</w>
  <w>som</w>
  <w>bäst</w>
  <w>vet</w>
  <w>vad</w>
  <w>deras</w>
  <w>små</w>
  <w>barn</w>
  <w>behöver</w>
  <w>.</w>
</absapar>
<absapar id=4>
  <w>I</w>
  <w>Sverige</w>
  <w>har</w>
  <w>vi</w>
  <w>haft</w>
  <w>allmänt</w>
  <w>barnbidrag</w>
  <w>sedan</w>
  <w>1948</w>
  <w>.</w>
  <w>Det</w>
  <w>är</w>
  <w>ett</w>
  <w>exempel</w>
  <w>på</w>
  <absaspan id=3 senti=4>
    <w>tilltro</w>
  </absaspan>
  <w>till</w>
  <w>att</w>
  <w>även</w>
  <absaspan id=4>
    <w>fattiga</w>
    <w>föräldrar</w>
    <w>använder</w>
    <w>pengarna</w>
    <w>på</w>
    <w>bästa</w>
    <w>sätt</w>
    <w>för</w>
    <w>sitt</w>
    <w>barn</w>
  </absaspan>
  <w>.</w>
  <w>Det</w>
  <w>är</w>
  <w>ett</w>
  <w>bemyndigande</w>
  <w>som</w>
  <w>samhället</w>
  <w>inte</w>
  <w>ångrat</w>
  <w>.</w>
</absapar>
<absapar id=5>
  <w>Även</w>
  <w>personer</w>
  <w>som</w>
  <w>kommer</w>
  <w>hit</w>
  <w>och</w>
  <w>söker</w>
  <w>skydd</w>
  <w>från</w>
  <w>förföljelse</w>
  <w>får</w>
  <w>ekonomiskt</w>
  <w>stöd</w>
  <w>,</w>
  <w>så</w>
  <w>kallat</w>
  <w>dagbidrag</w>
  <w>till</w>
  <w>asylsökande</w>
  <w>.</w>
  <w>Där</w>
  <w>saknas</w>
  <w>dock</w>
  <w>en</w>
  <w>del</w>
  <w>av</w>
  <w>insikterna</w>
  <w>kring</w>
  <w>barnbidraget</w>
  <w>,</w>
  <w>som</w>
  <w>att</w>
  <w>barnens</w>
  <w>behov</w>
  <w>är</w>
  <w>särskilt</w>
  <w>viktiga</w>
  <w>att</w>
  <w>se</w>
  <w>till</w>
  <w>,</w>
  <w>inte</w>
  <w>minst</w>
  <w>när</w>
  <w>en</w>
  <w>familj</w>
  <w>ska</w>
  <w>försöka</w>
  <w>ta</w>
  <w>sig</w>
  <w>fram</w>
  <w>i</w>
  <w>ett</w>
  <w>nytt</w>
  <w>samhälle</w>
  <w>.</w>
</absapar>
<absapar id=6>
  <absaspan id=5>
    <w>Dagbidraget</w>
    <w>till</w>
    <w>asylsökande</w>
    <w>har</w>
    <w>inte</w>
    <w>höjts</w>
    <w>sedan</w>
    <w>1994</w>
  </absaspan>
  <w>.</w>
  <w>Det</w>
  <w>är</w>
  <w>nu</w>
  <w>tjugo</w>
  <w>år</w>
  <w>sedan</w>
  <absaspan id=6 senti=2>
    <w>!</w>
  </absaspan>
  <w>Under</w>
  <w>samma</w>
  <w>tid</w>
  <w>har</w>
  <w>prisindex</w>
  <w>ökat</w>
  <w>med</w>
  <w>26</w>
  <w>procent</w>
  <w>.</w>
  <w>För</w>
  <w>familjer</w>
  <w>med</w>
  <w>fler</w>
  <w>än</w>
  <w>två</w>
  <w>barn</w>
  <w>sänks</w>
  <w>dessutom</w>
  <w>ersättningen</w>
  <w>per</w>
  <w>barn</w>
  <w>med</w>
  <w>50</w>
  <w>procent</w>
  <w>från</w>
  <w>och</w>
  <w>med</w>
  <w>det</w>
  <w>tredje</w>
  <w>barnet</w>
  <w>!</w>
  <w>Det</w>
  <w>är</w>
  <w>tvärt</w>
  <w>emot</w>
  <w>hur</w>
  <w>det</w>
  <w>är</w>
  <w>med</w>
  <w>barnbidraget</w>
  <w>.</w>
  <w>Där</w>
  <w>ökar</w>
  <w>ersättningen</w>
  <w>per</w>
  <w>barn</w>
  <w>med</w>
  <w>flera</w>
  <w>barn</w>
  <w>.</w>
  <w>Det</w>
  <w>här</w>
  <absaspan id=7 senti=2>
    <w>luktar</w>
    <w>diskriminering</w>
  </absaspan>
  <w>av</w>
  <w>vissa</w>
  <w>barn</w>
  <w>och</w>
  <w>står</w>
  <w>i</w>
  <w>motsättning</w>
  <w>till</w>
  <w>ett</w>
  <w>par</w>
  <w>artiklar</w>
  <w>i</w>
  <w>Barnkonventionen</w>
  <w>,</w>
  <w>vilket</w>
  <w>även</w>
  <w>Barnombudsmannen</w>
  <w>påpekat</w>
  <absaspan id=8>
    <w>.</w>
  </absaspan>
</absapar>
<absapar id=7 senti=3>
  <w>Barn</w>
  <w>till</w>
  <w>människor</w>
  <w>som</w>
  <w>söker</w>
  <w>skydd</w>
  <w>riskerar</w>
  <w>följaktligen</w>
  <w>att</w>
  <w>växa</w>
  <w>upp</w>
  <w>i</w>
  <w>stor</w>
  <w>fattigdom</w>
  <w>under</w>
  <w>den</w>
  <w>utsatta</w>
  <w>period</w>
  <w>som</w>
  <w>asyltiden</w>
  <w>innebär</w>
  <w>.</w>
  <w>För</w>
  <w>många</w>
  <w>handlar</w>
  <w>det</w>
  <w>om</w>
  <w>ett</w>
  <w>eller</w>
  <w>två</w>
  <w>år</w>
  <w>.</w>
  <w>Det</w>
  <w>är</w>
  <w>lång</w>
  <w>tid</w>
  <w>för</w>
  <w>barn</w>
  <w>.</w>
</absapar>
<absapar id=8>
  <w>I</w>
  <w>Svenska</w>
  <w>kyrkan</w>
  <w>arbetar</w>
  <w>vi</w>
  <w>med</w>
  <w>barnkonsekvensanalyser</w>
  <w>.</w>
  <w>Inför</w>
  <w>alla</w>
  <w>beslut</w>
  <w>som</w>
  <w>fattas</w>
  <w>i</w>
  <w>församlingarna</w>
  <w>och</w>
  <w>stiften</w>
  <w>i</w>
  <w>Svenska</w>
  <w>kyrkan</w>
  <w>ska</w>
  <w>frågan</w>
  <w>ställas</w>
  <w>:</w>
  <w>”</w>
  <w>Hur</w>
  <w>påverkar</w>
  <w>detta</w>
  <w>barn</w>
  <w>?</w>
  <w>”</w>
  <w>.</w>
  <w>I</w>
  <w>den</w>
  <w>analysen</w>
  <w>ska</w>
  <w>man</w>
  <w>tänka</w>
  <w>in</w>
  <w>barn</w>
  <w>i</w>
  <w>alla</w>
  <w>möjliga</w>
  <w>olika</w>
  <w>livssituationer</w>
  <w>.</w>
  <w>Det</w>
  <w>är</w>
  <w>ett</w>
  <w>arbetssätt</w>
  <w>som</w>
  <w>fler</w>
  <w>aktörer</w>
  <w>i</w>
  <w>samhället</w>
  <w>borde</w>
  <w>använda</w>
  <w>sig</w>
  <w>av</w>
  <w>,</w>
  <w>inte</w>
  <w>minst</w>
  <w>i</w>
  <w>budgetarbetet</w>
  <w>på</w>
  <w>alla</w>
  <w>nivåer</w>
  <w>i</w>
  <w>offentlig</w>
  <w>förvaltning</w>
  <w>.</w>
</absapar>
<absapar id=9>
  <w>Om</w>
  <w>man</w>
  <w>gör</w>
  <w>en</w>
  <w>barnkonsekvensanalys</w>
  <w>av</w>
  <w>det</w>
  <w>ekonomiska</w>
  <w>stödet</w>
  <w>till</w>
  <w>personer</w>
  <w>som</w>
  <w>söker</w>
  <w>asyl</w>
  <w>i</w>
  <w>Sverige</w>
  <w>så</w>
  <w>upptäcks</w>
  <w>direkt</w>
  <w>att</w>
  <w>man</w>
  <absaspan id=9 senti=4>
    <w>med</w>
    <w>ganska</w>
    <w>små</w>
    <w>medel</w>
    <w>kan</w>
    <w>göra</w>
    <w>mycket</w>
    <w>stor</w>
    <w>skillnad</w>
  </absaspan>
  <w>i</w>
  <w>de</w>
  <w>berörda</w>
  <absaspan id=10>
    <w>barnens</w>
    <w>liv</w>
  </absaspan>
  <w>.</w>
  <w>Det</w>
  <w>generella</w>
  <w>stödet</w>
  <w>bör</w>
  <w>öka</w>
  <w>.</w>
  <w>Men</w>
  <w>den</w>
  <w>allra</w>
  <w>enklaste</w>
  <w>reformen</w>
  <w>borde</w>
  <w>kunna</w>
  <w>göras</w>
  <w>snabbt</w>
  <w>om</w>
  <w>regeringen</w>
  <w>önskar</w>
  <w>.</w>
  <w>Det</w>
  <w>handlar</w>
  <w>om</w>
  <w>att</w>
  <w>genom</w>
  <w>en</w>
  <w>enkel</w>
  <w>ändring</w>
  <w>i</w>
  <w>förordningen</w>
  <w>om</w>
  <w>Lagen</w>
  <w>om</w>
  <w>mottagande</w>
  <w>av</w>
  <w>asylsökande</w>
  <w>ta</w>
  <w>bort</w>
  <w>halveringen</w>
  <w>av</w>
  <w>stödet</w>
  <w>från</w>
  <w>och</w>
  <w>med</w>
  <w>det</w>
  <w>tredje</w>
  <w>barnet</w>
  <w>i</w>
  <w>en</w>
  <w>asylsökande</w>
  <w>familj</w>
  <w>.</w>
</absapar>
<absapar id=10>
  <w>Om</w>
  <w>Anders</w>
  <w>Borg</w>
  <w>,</w>
  <w>Maria</w>
  <w>Larsson</w>
  <w>och</w>
  <w>Tobias</w>
  <w>Billström</w>
  <w>ska</w>
  <w>komma</w>
  <w>ut</w>
  <w>som</w>
  <w>tre</w>
  <w>visa</w>
  <w>ministrar</w>
  <w>vid</w>
  <w>Trettondagstiden</w>
  <w>så</w>
  <w>vore</w>
  <w>detta</w>
  <w>nog</w>
  <w>ett</w>
  <w>klokt</w>
  <w>beslut</w>
  <w>.</w>
  <w>Guld</w>
  <w>,</w>
  <w>rökelse</w>
  <w>och</w>
  <w>myrra</w>
  <w>behövs</w>
  <w>inte</w>
  <w>.</w>
  <w>Bara</w>
  <w>att</w>
  <w>se</w>
  <w>att</w>
  <w>barn</w>
  <w>i</w>
  <w>Sverige</w>
  <w>är</w>
  <w>barn</w>
  <w>i</w>
  <w>Sverige</w>
  <w>,</w>
  <w>även</w>
  <w>om</w>
  <w>de</w>
  <w>ingår</w>
  <w>i</w>
  <w>en</w>
  <w>asylsökande</w>
  <w>familj</w>
  <w>!</w>
  <w>.</w>
</absapar>
<absapar id=11>
  <w>Anders</w>
  <w>Wejryd</w>
  <w>.</w>
</absapar>
<absapar id=12>
  <w>FAKTA</w>
  <w>.</w>
</absapar>
<absapar id=13>
  <w>REN</w>
  <w>.</w>
</absapar>
<absapar id=14>
  <w>N</w>
  <w>.</w>
</absapar>
</absadoc>
