<absadoc annotators=1 senti=0>
<absatitle>
  <absaspan id=1 senti=2 target=2>
    <w>Valhänt</w>
  </absaspan>
  <w>,</w>
  <absaspan id=2>
    <w>Carlgren</w>
  </absaspan>
  <w>!</w>
  <w>.</w>
</absatitle>
<absapar id=1>
  <absaspan id=3>
    <w>Vi</w>
  </absaspan>
  <absaspan id=4 senti=2>
    <w>välkomnar</w>
  </absaspan>
  <absaspan id=5>
    <w>att</w>
    <w>Andreas</w>
    <w>Carlgren</w>
    <w>nu</w>
    <w>så</w>
    <w>klart</w>
    <w>och</w>
    <w>offentligt</w>
    <w>tagit</w>
    <w>ställning</w>
    <w>för</w>
    <w>det</w>
    <w>vetenskapliga</w>
    <w>kvotsystem</w>
    <w>som</w>
    <w>Internationella</w>
    <w>valfångstkommissionen</w>
    <w>tagit</w>
    <w>fram</w>
    <w>samt</w>
    <w>säger</w>
    <w>sig</w>
    <w>vilja</w>
    <w>minska</w>
    <w>valjakten</w>
  </absaspan>
  <w>.</w>
  <w>Då</w>
  <absaspan id=6 senti=2>
    <w>är</w>
  </absaspan>
  <w>det</w>
  <absaspan id=7 senti=2>
    <w>synd</w>
  </absaspan>
  <absaspan id=8>
    <w>att</w>
    <w>Sverige</w>
    <w>inte</w>
    <w>tagit</w>
    <w>offentligt</w>
    <w>avstånd</w>
    <w>från</w>
    <w>förslaget</w>
    <w>att</w>
    <w>acceptera</w>
    <w>kommersiell</w>
    <w>valjakt</w>
  </absaspan>
  <w>,</w>
  <w>i</w>
  <w>ett</w>
  <absaspan id=9 senti=2>
    <w>missriktat</w>
  </absaspan>
  <absaspan id=10>
    <w>försök</w>
    <w>att</w>
    <w>minska</w>
    <w>den</w>
    <w>totala</w>
    <w>jakten</w>
  </absaspan>
  <w>(</w>
  <w>det</w>
  <w>så</w>
  <w>kallade</w>
  <w>Ordförandens</w>
  <w>förslag</w>
  <w>)</w>
  <w>.</w>
  <w>De</w>
  <w>flesta</w>
  <w>länder</w>
  <w>uppfattar</w>
  <w>att</w>
  <w>Sveriges</w>
  <w>position</w>
  <w>är</w>
  <w>ett</w>
  <w>starkt</w>
  <w>stöd</w>
  <w>för</w>
  <w>detta</w>
  <w>förlag</w>
  <w>.</w>
  <w>I</w>
  <w>praktiken</w>
  <w>driver</w>
  <absaspan id=11>
    <w>Sverige</w>
  </absaspan>
  <w>,</w>
  <w>dessutom</w>
  <w>enligt</w>
  <w>flera</w>
  <w>av</w>
  <w>varandra</w>
  <w>oberoende</w>
  <w>källor</w>
  <w>,</w>
  <w>förslaget</w>
  <w>som</w>
  <w>motarbetar</w>
  <w>det</w>
  <w>vetenskapliga</w>
  <w>kvotsystemet</w>
  <w>.</w>
</absapar>
<absapar id=2 senti=2>
  <w>Carlgren</w>
  <w>påstår</w>
  <w>:</w>
  <w>Att</w>
  <w>Sverige</w>
  <w>vill</w>
  <w>få</w>
  <w>ett</w>
  <w>slut</w>
  <w>på</w>
  <w>jakt</w>
  <w>på</w>
  <w>hotade</w>
  <w>arter</w>
  <w>.</w>
  <w>Förslaget</w>
  <w>Sverige</w>
  <w>stöder</w>
  <w>innebär</w>
  <w>de</w>
  <w>facto</w>
  <w>jakt</w>
  <w>på</w>
  <w>de</w>
  <w>internationellt</w>
  <w>rödlistade</w>
  <w>arterna</w>
  <w>sillval</w>
  <w>,</w>
  <w>sejval</w>
  <w>och</w>
  <w>den</w>
  <w>hotade</w>
  <w>populationen</w>
  <w>av</w>
  <w>vikval</w>
  <w>i</w>
  <w>norra</w>
  <w>Stilla</w>
  <w>Havet</w>
  <w>.</w>
  <absaspan id=12>
    <w>Sverige</w>
  </absaspan>
  <w>har</w>
  <w>ignorerat</w>
  <w>effekten</w>
  <w>av</w>
  <w>bifångster</w>
  <w>av</w>
  <w>val</w>
  <w>i</w>
  <w>fiskeredskap</w>
  <w>och</w>
  <absaspan id=13 senti=2>
    <w>motsatt</w>
    <w>sig</w>
  </absaspan>
  <absaspan id=14>
    <w>andra</w>
    <w>EU-länders</w>
    <w>(</w>
    <w>till</w>
    <w>exempel</w>
    <w>Storbritannien</w>
    <w>,</w>
    <w>Frankrike</w>
    <w>och</w>
    <w>Italien</w>
    <w>)</w>
    <w>krav</w>
    <w>för</w>
    <w>ökade</w>
    <w>naturvårdskrav</w>
  </absaspan>
  <w>i</w>
  <w>ett</w>
  <w>tidigt</w>
  <w>skede</w>
  <w>och</w>
  <absaspan id=15 senti=2>
    <w>direkt</w>
    <w>motsatt</w>
    <w>sig</w>
  </absaspan>
  <absaspan id=16>
    <w>en</w>
    <w>utfasning</w>
    <w>av</w>
    <w>valjakten</w>
    <w>i</w>
    <w>Södra</w>
    <w>Ishavets</w>
    <w>valreservat</w>
  </absaspan>
  <w>.</w>
</absapar>
<absapar id=3>
  <w>Carlgren</w>
  <w>påstår</w>
  <w>:</w>
  <w>Att</w>
  <w>Sverige</w>
  <w>vill</w>
  <w>minska</w>
  <w>valjakten</w>
  <w>.</w>
  <w>Men</w>
  <w>i</w>
  <w>EU-sammanhang</w>
  <absaspan id=17 senti=2>
    <w>motsätter</w>
    <w>sig</w>
  </absaspan>
  <absaspan id=18>
    <w>Sverige</w>
  </absaspan>
  <absaspan id=19>
    <w>förslag</w>
    <w>från</w>
    <w>andra</w>
    <w>EU-länder</w>
  </absaspan>
  <w>att</w>
  <w>det</w>
  <w>vetenskapliga</w>
  <w>kvotsystemet</w>
  <w>ska</w>
  <w>användas</w>
  <w>på</w>
  <w>ett</w>
  <w>sådant</w>
  <w>sätt</w>
  <w>som</w>
  <w>leder</w>
  <w>till</w>
  <w>att</w>
  <w>fångsten</w>
  <w>garanterat</w>
  <w>inte</w>
  <w>ökar</w>
  <w>.</w>
  <absaspan id=20>
    <w>Sveriges</w>
    <w>position</w>
  </absaspan>
  <absaspan id=21 senti=2>
    <w>innebär</w>
  </absaspan>
  <w>därför</w>
  <absaspan id=22 senti=2>
    <w>en</w>
  </absaspan>
  <absaspan id=23 senti=2>
    <w>risk</w>
  </absaspan>
  <w>för</w>
  <w>att</w>
  <w>den</w>
  <w>verkliga</w>
  <w>jakten</w>
  <w>ökar</w>
  <w>samtidigt</w>
  <w>som</w>
  <w>den</w>
  <w>kommersiella</w>
  <w>valjakten</w>
  <w>accepteras</w>
  <w>.</w>
</absapar>
<absapar id=4>
  <w>Carlgren</w>
  <w>påstår</w>
  <w>:</w>
  <w>Att</w>
  <w>Sverige</w>
  <w>stöder</w>
  <w>jaktförbud</w>
  <w>i</w>
  <w>skyddade</w>
  <w>områden</w>
  <w>,</w>
  <w>till</w>
  <w>exempel</w>
  <w>i</w>
  <w>Södra</w>
  <w>Ishavets</w>
  <w>valskyddsområde</w>
  <w>.</w>
  <w>Men</w>
  <w>i</w>
  <w>EU-sammanhang</w>
  <absaspan id=24 senti=2>
    <w>vägrar</w>
  </absaspan>
  <absaspan id=25>
    <w>Sverige</w>
  </absaspan>
  <absaspan id=26>
    <w>att</w>
    <w>stödja</w>
    <w>ett</w>
    <w>förslag</w>
    <w>från</w>
    <w>Storbritannien</w>
    <w>att</w>
    <w>helt</w>
    <w>fasa</w>
    <w>ut</w>
    <w>valjakt</w>
    <w>i</w>
    <w>valskyddsområdet</w>
  </absaspan>
  <w>.</w>
  <absaspan id=27>
    <w>Förslaget</w>
    <w>Sverige</w>
  </absaspan>
  <absaspan id=28 senti=4>
    <w>stöttar</w>
  </absaspan>
  <w>innebär</w>
  <w>att</w>
  <w>valjakt</w>
  <w>i</w>
  <w>även</w>
  <w>valskyddsområdet</w>
  <w>officiellt</w>
  <w>accepteras</w>
  <w>under</w>
  <w>de</w>
  <w>kommande</w>
  <w>tio</w>
  <w>åren</w>
  <w>,</w>
  <w>inte</w>
  <w>att</w>
  <w>den</w>
  <w>fasas</w>
  <w>ut</w>
  <w>.</w>
  <w>Sverige</w>
  <w>medverkar</w>
  <w>därmed</w>
  <w>till</w>
  <w>att</w>
  <w>Japan</w>
  <w>uppmuntras</w>
  <w>till</w>
  <w>att</w>
  <w>modernisera</w>
  <w>sin</w>
  <absaspan id=29 senti=2>
    <w>föråldrade</w>
  </absaspan>
  <absaspan id=30>
    <w>flotta</w>
  </absaspan>
  <w>istället</w>
  <w>för</w>
  <w>att</w>
  <w>fasa</w>
  <w>ut</w>
  <w>den</w>
  <w>.</w>
</absapar>
<absapar id=5>
  <w>Carlgren</w>
  <w>påstår</w>
  <w>:</w>
  <w>Att</w>
  <w>Sverige</w>
  <w>stöder</w>
  <w>det</w>
  <w>vetenskapliga</w>
  <w>kvotsystemet</w>
  <w>.</w>
  <w>Det</w>
  <absaspan id=31 senti=4>
    <w>är</w>
    <w>naturligtvis</w>
    <w>utmärkt</w>
  </absaspan>
  <absaspan id=32>
    <w>att</w>
  </absaspan>
  <absaspan id=33>
    <w>Carlgren</w>
  </absaspan>
  <absaspan id=34>
    <w>nu</w>
    <w>öppet</w>
    <w>stöder</w>
  </absaspan>
  <absaspan id=35>
    <w>systemet</w>
  </absaspan>
  <w>,</w>
  <w>som</w>
  <w>syftar</w>
  <w>till</w>
  <w>att</w>
  <w>på</w>
  <w>ett</w>
  <absaspan id=36 senti=4>
    <w>vetenskapligt</w>
    <w>beprövat</w>
    <w>sätt</w>
  </absaspan>
  <w>bestämma</w>
  <w>fångstkvoter</w>
  <w>.</w>
  <w>Men</w>
  <w>genom</w>
  <absaspan id=37>
    <w>att</w>
    <w>stödja</w>
    <w>förslaget</w>
  </absaspan>
  <absaspan id=38 senti=2>
    <w>riskerar</w>
  </absaspan>
  <absaspan id=39>
    <w>han</w>
  </absaspan>
  <w>hela</w>
  <w>framtiden</w>
  <w>av</w>
  <w>detta</w>
  <absaspan id=40 senti=4>
    <w>framsynta</w>
  </absaspan>
  <absaspan id=41>
    <w>system</w>
  </absaspan>
  <w>,</w>
  <w>och</w>
  <w>därmed</w>
  <w>också</w>
  <w>att</w>
  <w>politisk</w>
  <w>kohandel</w>
  <w>kommer</w>
  <w>att</w>
  <w>styra</w>
  <w>fångstkvoterna</w>
  <w>även</w>
  <w>för</w>
  <w>valar</w>
  <w>.</w>
  <w>Valfångstkommissionens</w>
  <w>vetenskapliga</w>
  <w>kommitté</w>
  <w>,</w>
  <w>som</w>
  <w>Carlgren</w>
  <w>säger</w>
  <w>sig</w>
  <w>stödja</w>
  <w>,</w>
  <w>får</w>
  <w>ingen</w>
  <w>roll</w>
  <w>i</w>
  <w>förslaget</w>
  <w>.</w>
</absapar>
<absapar id=6>
  <w>Det</w>
  <absaspan id=42 senti=4>
    <w>är</w>
    <w>glädjande</w>
  </absaspan>
  <absaspan id=43>
    <w>att</w>
    <w>Carlgren</w>
    <w>säger</w>
    <w>att</w>
    <w>hans</w>
    <w>ambition</w>
    <w>är</w>
    <w>att</w>
    <w>minska</w>
    <w>valjakten</w>
  </absaspan>
  <w>.</w>
  <absaspan id=44 senti=2>
    <w>Tyvärr</w>
  </absaspan>
  <absaspan id=45 senti=2>
    <w>riskerar</w>
  </absaspan>
  <absaspan id=46>
    <w>hans</w>
    <w>valhänta</w>
    <w>agerande</w>
  </absaspan>
  <absaspan id=47>
    <w>att</w>
    <w>få</w>
    <w>precis</w>
    <w>motsatt</w>
    <w>effekt</w>
  </absaspan>
  <w>.</w>
  <w>Han</w>
  <w>lyckas</w>
  <w>dock</w>
  <w>inte</w>
  <w>genom</w>
  <w>att</w>
  <w>presentera</w>
  <w>förslag</w>
  <w>i</w>
  <w>EU-sammanhang</w>
  <w>,</w>
  <w>byggt</w>
  <w>på</w>
  <absaspan id=48 senti=2>
    <w>felaktiga</w>
  </absaspan>
  <absaspan id=49>
    <w>siffror</w>
  </absaspan>
  <w>,</w>
  <w>övertyga</w>
  <w>oss</w>
  <w>eller</w>
  <w>andra</w>
  <w>EU-länder</w>
  <w>om</w>
  <w>att</w>
  <w>det</w>
  <w>resultat</w>
  <w>han</w>
  <w>säger</w>
  <w>sig</w>
  <w>vilja</w>
  <w>uppnå</w>
  <w>verkligen</w>
  <w>kommer</w>
  <w>att</w>
  <w>uppnås</w>
  <w>.</w>
  <w>Till</w>
  <w>exempel</w>
  <w>är</w>
  <w>Sveriges</w>
  <w>påstående</w>
  <w>om</w>
  <w>de</w>
  <w>genomsnittliga</w>
  <w>fångsterna</w>
  <w>av</w>
  <w>vikval</w>
  <w>under</w>
  <w>en</w>
  <w>tioårsperiod</w>
  <w>fel</w>
  <w>med</w>
  <w>tre</w>
  <w>gånger</w>
  <w>,</w>
  <w>och</w>
  <absaspan id=50>
    <w>prognoserna</w>
    <w>om</w>
    <w>en</w>
    <w>fortsatt</w>
    <w>ökning</w>
    <w>av</w>
    <w>valjakten</w>
  </absaspan>
  <absaspan id=51 senti=2>
    <w>inte</w>
    <w>faktabaserad</w>
  </absaspan>
  <w>(</w>
  <w>enligt</w>
  <w>officiell</w>
  <w>fångststatistik</w>
  <w>)</w>
  <w>.</w>
</absapar>
<absapar id=7>
  <absaspan id=52 senti=2>
    <w>Istället</w>
    <w>för</w>
  </absaspan>
  <absaspan id=53>
    <w>att</w>
    <w>stödja</w>
    <w>valfångarnas</w>
    <w>förslag</w>
  </absaspan>
  <absaspan id=54 senti=4>
    <w>borde</w>
  </absaspan>
  <absaspan id=55>
    <w>Sverige</w>
    <w>tydligt</w>
    <w>ta</w>
    <w>ställning</w>
    <w>för</w>
    <w>en</w>
    <w>utfasning</w>
    <w>av</w>
    <w>valfångsten</w>
  </absaspan>
  <w>.</w>
  <absaspan id=56 senti=2>
    <w>Inte</w>
  </absaspan>
  <absaspan id=57>
    <w>en</w>
    <w>legalisering</w>
  </absaspan>
  <w>.</w>
  <w>Förutom</w>
  <w>att</w>
  <w>ge</w>
  <w>ett</w>
  <w>tydligt</w>
  <w>besked</w>
  <w>om</w>
  <w>vilken</w>
  <w>valjaktspolitik</w>
  <w>Sverige</w>
  <w>egentligen</w>
  <w>driver</w>
  <absaspan id=58 senti=2>
    <w>bör</w>
  </absaspan>
  <w>Sverige</w>
  <absaspan id=59 senti=4>
    <w>driva</w>
  </absaspan>
  <absaspan id=60 senti=4>
    <w>följande</w>
  </absaspan>
  <w>:</w>
  <w>.</w>
</absapar>
<absapar id=8>
  <absaspan id=61>
    <w>Förbud</w>
    <w>för</w>
    <w>export</w>
    <w>av</w>
    <w>valprodukter</w>
  </absaspan>
  <w>(</w>
  <w>bara</w>
  <w>inrikeshandel</w>
  <w>)</w>
  <w>.</w>
</absapar>
<absapar id=9>
  <absaspan id=62>
    <w>Fasa</w>
    <w>ut</w>
    <w>all</w>
    <w>valjakt</w>
    <w>i</w>
    <w>Södra</w>
    <w>Ishavet</w>
  </absaspan>
  <w>.</w>
</absapar>
<absapar id=10>
  <absaspan id=63>
    <w>Att</w>
    <w>den</w>
    <w>publicerade</w>
    <w>kvotsystemet</w>
    <w>med</w>
    <w>det</w>
    <w>vetenskapligt</w>
    <w>överenskomna</w>
    <w>riktvärdet</w>
    <w>0,72</w>
    <w>skall</w>
    <w>användas</w>
  </absaspan>
  <w>.</w>
</absapar>
<absapar id=11>
  <w>Carl</w>
  <w>Schlyter</w>
  <w>.</w>
</absapar>
<absapar id=12>
  <w>Europaparlamentariker</w>
  <w>(</w>
  <w>mp</w>
  <w>)</w>
  <w>.</w>
</absapar>
<absapar id=13>
  <w>Isabella</w>
  <w>Lövin</w>
  <w>.</w>
</absapar>
<absapar id=14>
  <w>Europaparlamentariker</w>
  <w>(</w>
  <w>mp</w>
  <w>)</w>
  <w>.</w>
</absapar>
</absadoc>
