<absadoc annotators=1 senti=>
<absatitle>
  <w>Kommunerna</w>
  <w>klarar</w>
  <w>inte</w>
  <w>sina</w>
  <w>skyldigheter</w>
  <w>.</w>
</absatitle>
<absapar id=1>
  <w>Idag</w>
  <w>–</w>
  <w>lördagen</w>
  <w>den</w>
  <w>20</w>
  <w>oktober</w>
  <w>–</w>
  <w>är</w>
  <w>det</w>
  <w>Hörselskadades</w>
  <w>dag</w>
  <w>och</w>
  <w>det</w>
  <absaspan id=1 senti=4>
    <w>finns</w>
    <w>all</w>
    <w>anledning</w>
  </absaspan>
  <absaspan id=2>
    <w>att</w>
    <w>uppmärksamma</w>
    <w>hur</w>
    <w>hörselskadade</w>
    <w>har</w>
    <w>det</w>
    <w>,</w>
    <w>inte</w>
    <w>minst</w>
    <w>de</w>
    <w>hörselskadade</w>
    <w>barnen</w>
  </absaspan>
  <w>.</w>
  <absaspan id=3>
    <w>Vi</w>
    <w>kristdemokrater</w>
  </absaspan>
  <w>anser</w>
  <w>att</w>
  <w>barn</w>
  <w>med</w>
  <w>hörselnedsättningar</w>
  <absaspan id=4 senti=4>
    <w>bör</w>
    <w>få</w>
    <w>bättre</w>
    <w>tillgång</w>
    <w>till</w>
  </absaspan>
  <w>teckenspråk</w>
  <w>,</w>
  <w>hörseltekniska</w>
  <w>anpassningar</w>
  <w>och</w>
  <w>hörselutbildade</w>
  <w>lärare</w>
  <w>i</w>
  <w>skolan</w>
  <w>.</w>
</absapar>
<absapar id=2>
  <w>Över</w>
  <w>en</w>
  <w>miljon</w>
  <w>människor</w>
  <w>lever</w>
  <w>med</w>
  <w>en</w>
  <w>hörselskada</w>
  <w>.</w>
  <w>Av</w>
  <w>dessa</w>
  <w>är</w>
  <w>cirka</w>
  <w>10</w>
  <w>000</w>
  <w>barn</w>
  <w>och</w>
  <w>ungdomar</w>
  <w>upp</w>
  <w>till</w>
  <w>20</w>
  <w>år</w>
  <w>.</w>
  <w>Deras</w>
  <w>vardagsupplevelser</w>
  <w>skiljer</w>
  <w>sig</w>
  <w>på</w>
  <w>flera</w>
  <w>sätt</w>
  <w>från</w>
  <w>personer</w>
  <w>som</w>
  <w>har</w>
  <w>full</w>
  <w>hörsel</w>
  <w>.</w>
  <w>Ett</w>
  <w>enkelt</w>
  <w>samtal</w>
  <w>ute</w>
  <w>på</w>
  <w>rasten</w>
  <w>eller</w>
  <w>i</w>
  <w>klassrummet</w>
  <w>kan</w>
  <w>vara</w>
  <w>helt</w>
  <w>obegripligt</w>
  <w>.</w>
  <w>Att</w>
  <w>behöva</w>
  <w>fråga</w>
  <w>”</w>
  <w>vad</w>
  <w>sa</w>
  <w>du</w>
  <w>?</w>
  <w>”</w>
  <w>och</w>
  <w>få</w>
  <w>till</w>
  <w>svar</w>
  <w>”</w>
  <w>det</w>
  <w>var</w>
  <w>inget</w>
  <w>viktigt</w>
  <w>”</w>
  <w>.</w>
  <w>Det</w>
  <w>är</w>
  <w>här</w>
  <w>,</w>
  <w>i</w>
  <w>klassrummet</w>
  <w>och</w>
  <w>på</w>
  <w>rasten</w>
  <w>,</w>
  <absaspan id=5 senti=2>
    <w>utanförskapet</w>
  </absaspan>
  <w>börjar</w>
  <w>för</w>
  <w>barn</w>
  <w>och</w>
  <w>ungdomar</w>
  <w>med</w>
  <w>hörselnedsättningar</w>
  <w>.</w>
  <w>Det</w>
  <w>är</w>
  <w>ett</w>
  <absaspan id=6 senti=2>
    <w>utanförskap</w>
  </absaspan>
  <w>som</w>
  <w>vi</w>
  <w>måste</w>
  <w>bryta</w>
  <w>.</w>
</absapar>
<absapar id=3>
  <absaspan id=7>
    <w>Att</w>
    <w>få</w>
    <w>en</w>
  </absaspan>
  <absaspan id=8 senti=4>
    <w>bra</w>
  </absaspan>
  <absaspan id=9>
    <w>start</w>
    <w>i</w>
    <w>livet</w>
  </absaspan>
  <absaspan id=10>
    <w>för</w>
    <w>hörselskadade</w>
  </absaspan>
  <absaspan id=11 senti=4>
    <w>är</w>
    <w>grundläggande</w>
    <w>för</w>
    <w>att</w>
    <w>resten</w>
    <w>av</w>
    <w>livet</w>
    <w>skall</w>
    <w>bli</w>
    <w>så</w>
    <w>gott</w>
    <w>som</w>
    <w>möjligt</w>
  </absaspan>
  <w>.</w>
  <w>Kommunerna</w>
  <w>är</w>
  <w>idag</w>
  <w>skyldiga</w>
  <w>att</w>
  <w>ge</w>
  <w>varje</w>
  <w>barn</w>
  <w>den</w>
  <w>hjälp</w>
  <w>de</w>
  <w>behöver</w>
  <w>för</w>
  <w>att</w>
  <w>klara</w>
  <w>skolgången</w>
  <w>.</w>
  <w>Men</w>
  <w>verkligheten</w>
  <w>ser</w>
  <w>annorlunda</w>
  <w>ut</w>
  <w>.</w>
  <w>Undersökningar</w>
  <w>som</w>
  <w>HRF</w>
  <w>,</w>
  <w>Hörselskadades</w>
  <w>riksförbund</w>
  <w>,</w>
  <w>gjort</w>
  <w>visar</w>
  <w>att</w>
  <w>andelen</w>
  <w>hörselskadade</w>
  <w>elever</w>
  <w>som</w>
  <w>går</w>
  <w>i</w>
  <w>anpassade</w>
  <w>skolformer</w>
  <w>är</w>
  <w>så</w>
  <w>lågt</w>
  <w>som</w>
  <w>16</w>
  <w>procent</w>
  <w>.</w>
  <w>De</w>
  <w>övriga</w>
  <w>84</w>
  <w>procenten</w>
  <w>av</w>
  <w>de</w>
  <w>hörselskadade</w>
  <w>eleverna</w>
  <w>går</w>
  <w>i</w>
  <w>vanliga</w>
  <w>skolor</w>
  <w>.</w>
  <w>Ofta</w>
  <w>i</w>
  <w>stora</w>
  <w>klasser</w>
  <w>och</w>
  <w>med</w>
  <absaspan id=12 senti=2>
    <w>mycket</w>
    <w>begränsad</w>
    <w>tillgång</w>
  </absaspan>
  <w>till</w>
  <w>hörselteknisk</w>
  <w>utrustning</w>
  <w>och</w>
  <w>hörselpedagogiskt</w>
  <w>stöd</w>
  <w>.</w>
</absapar>
<absapar id=4>
  <w>Många</w>
  <w>gånger</w>
  <w>har</w>
  <absaspan id=13>
    <w>kommunerna</w>
  </absaspan>
  <absaspan id=14 senti=2>
    <w>en</w>
    <w>övertro</w>
    <w>på</w>
    <w>sin</w>
    <w>egen</w>
    <w>förmåga</w>
  </absaspan>
  <w>att</w>
  <w>hjälpa</w>
  <w>och</w>
  <w>stötta</w>
  <w>barn</w>
  <w>med</w>
  <w>hörselnedsättningar</w>
  <w>,</w>
  <w>samtidigt</w>
  <w>som</w>
  <absaspan id=15 senti=2>
    <w>problemen</w>
  </absaspan>
  <w>hos</w>
  <w>barnen</w>
  <absaspan id=16 senti=2>
    <w>underskattas</w>
  </absaspan>
  <w>.</w>
  <absaspan id=17 senti=2>
    <w>Problemet</w>
  </absaspan>
  <w>som</w>
  <w>följer</w>
  <absaspan id=18>
    <w>när</w>
  </absaspan>
  <absaspan id=19>
    <w>kommuner</w>
  </absaspan>
  <absaspan id=20 senti=2>
    <w>brister</w>
    <w>i</w>
    <w>sina</w>
    <w>åtaganden</w>
  </absaspan>
  <absaspan id=21 senti=2>
    <w>är</w>
    <w>att</w>
    <w>hörselskadade</w>
    <w>barn</w>
    <w>inte</w>
    <w>får</w>
    <w>möjligheten</w>
    <w>till</w>
    <w>den</w>
    <w>utbildning</w>
    <w>som</w>
    <w>de</w>
    <w>har</w>
    <w>rätt</w>
    <w>till</w>
  </absaspan>
  <w>.</w>
  <w>Eleverna</w>
  <w>kan</w>
  <w>vara</w>
  <w>fysiskt</w>
  <w>närvarande</w>
  <w>vid</w>
  <w>alla</w>
  <w>lektioner</w>
  <w>och</w>
  <w>ändå</w>
  <w>inte</w>
  <w>ha</w>
  <w>tillgång</w>
  <w>till</w>
  <w>sin</w>
  <w>utbildning</w>
  <w>,</w>
  <w>på</w>
  <w>grund</w>
  <w>av</w>
  <w>att</w>
  <w>de</w>
  <absaspan id=22 senti=2>
    <w>inte</w>
    <w>får</w>
    <w>de</w>
    <w>stöd</w>
    <w>som</w>
    <w>behövs</w>
  </absaspan>
  <w>för</w>
  <w>att</w>
  <w>de</w>
  <w>skall</w>
  <w>kunna</w>
  <w>ta</w>
  <w>till</w>
  <w>sig</w>
  <w>undervisningen</w>
  <w>.</w>
</absapar>
<absapar id=5>
  <w>Bland</w>
  <w>hörselskadade</w>
  <w>elever</w>
  <w>i</w>
  <w>årskurs</w>
  <w>9</w>
  <w>är</w>
  <w>det</w>
  <w>så</w>
  <w>många</w>
  <w>som</w>
  <w>19</w>
  <w>procent</w>
  <w>som</w>
  <w>inte</w>
  <w>är</w>
  <w>behöriga</w>
  <w>att</w>
  <w>söka</w>
  <w>vidare</w>
  <w>till</w>
  <w>gymnasiet</w>
  <w>.</w>
  <w>Av</w>
  <w>de</w>
  <w>elever</w>
  <w>som</w>
  <w>söker</w>
  <w>till</w>
  <w>Riksgymnasiet</w>
  <w>för</w>
  <w>hörselskadade</w>
  <w>(</w>
  <w>RGH</w>
  <w>)</w>
  <w>är</w>
  <w>36,7</w>
  <w>procent</w>
  <w>obehöriga</w>
  <w>.</w>
  <w>Bakom</w>
  <w>dessa</w>
  <w>siffror</w>
  <w>finns</w>
  <w>det</w>
  <w>enskilda</w>
  <w>barn</w>
  <w>-</w>
  <w>och</w>
  <w>ungdomar</w>
  <w>med</w>
  <w>samma</w>
  <absaspan id=23 senti=4>
    <w>värde</w>
    <w>och</w>
    <w>rättigheter</w>
  </absaspan>
  <w>som</w>
  <w>sina</w>
  <w>fullt</w>
  <w>hörande</w>
  <w>kompisar</w>
  <w>.</w>
  <w>Det</w>
  <w>visar</w>
  <absaspan id=24 senti=2>
    <w>allvaret</w>
    <w>i</w>
    <w>de</w>
    <w>problem</w>
    <w>vi</w>
    <w>står</w>
    <w>inför</w>
  </absaspan>
  <w>och</w>
  <w>det</w>
  <absaspan id=25 senti=2>
    <w>utanförskap</w>
  </absaspan>
  <w>som</w>
  <w>skapats</w>
  <w>för</w>
  <w>många</w>
  <w>hörselskadade</w>
  <w>barn</w>
  <w>.</w>
</absapar>
<absapar id=6>
  <w>Vi</w>
  <w>behöver</w>
  <w>alla</w>
  <w>de</w>
  <w>små</w>
  <w>gemenskaperna</w>
  <w>i</w>
  <w>samhället</w>
  <w>för</w>
  <w>att</w>
  <w>utvecklas</w>
  <w>som</w>
  <w>individer</w>
  <w>,</w>
  <w>men</w>
  <w>vi</w>
  <w>måste</w>
  <w>också</w>
  <w>få</w>
  <w>möjligheten</w>
  <w>att</w>
  <w>finnas</w>
  <w>med</w>
  <w>på</w>
  <w>lika</w>
  <w>villkor</w>
  <w>.</w>
  <w>Alla</w>
  <w>måste</w>
  <w>ges</w>
  <w>möjlighet</w>
  <w>att</w>
  <w>integreras</w>
  <w>men</w>
  <w>utifrån</w>
  <w>sina</w>
  <w>egna</w>
  <w>villkor</w>
  <w>och</w>
  <w>inte</w>
  <w>andras</w>
  <w>.</w>
  <absaspan id=26>
    <w>Jag</w>
  </absaspan>
  <absaspan id=27 senti=4>
    <w>vill</w>
  </absaspan>
  <absaspan id=28>
    <w>att</w>
    <w>alla</w>
    <w>barn</w>
    <w>som</w>
    <w>lider</w>
    <w>av</w>
    <w>någon</w>
    <w>form</w>
    <w>av</w>
    <w>hörselnedsättning</w>
    <w>ska</w>
    <w>ha</w>
    <w>tillgång</w>
    <w>till</w>
    <w>skolor</w>
    <w>med</w>
    <w>teckenspråk</w>
    <w>,</w>
    <w>hörseltekniska</w>
    <w>anpassningar</w>
    <w>och</w>
    <w>hörselutbildade</w>
    <w>lärare</w>
  </absaspan>
  <w>.</w>
  <w>Det</w>
  <w>är</w>
  <w>en</w>
  <w>förutsättning</w>
  <w>för</w>
  <w>att</w>
  <w>barn</w>
  <w>med</w>
  <w>hörselnedsättningar</w>
  <w>ska</w>
  <w>kunna</w>
  <w>utveckla</w>
  <w>relationer</w>
  <w>,</w>
  <w>språk</w>
  <w>och</w>
  <w>färdigheter</w>
  <w>på</w>
  <w>sina</w>
  <w>egna</w>
  <w>villkor</w>
  <w>.</w>
  <absaspan id=29>
    <w>Jag</w>
  </absaspan>
  <w>anser</w>
  <w>att</w>
  <w>det</w>
  <absaspan id=30 senti=4>
    <w>behövs</w>
  </absaspan>
  <absaspan id=31>
    <w>en</w>
    <w>översyn</w>
    <w>av</w>
    <w>dagens</w>
    <w>skolpolitik</w>
    <w>för</w>
    <w>att</w>
    <w>säkerställa</w>
    <w>kvalitén</w>
    <w>på</w>
    <w>utbildningen</w>
    <w>för</w>
    <w>hörselskadade</w>
    <w>barn</w>
    <w>och</w>
    <w>ungdomar</w>
  </absaspan>
  <w>.</w>
  <absaspan id=32>
    <w>Kan</w>
    <w>detta</w>
    <w>bli</w>
    <w>verklighet</w>
    <w>för</w>
    <w>varje</w>
    <w>hörselskadat</w>
    <w>barn</w>
  </absaspan>
  <w>,</w>
  <absaspan id=33 senti=4>
    <w>minimeras</w>
    <w>risken</w>
    <w>för</w>
    <w>ett</w>
    <w>liv</w>
    <w>i</w>
    <w>utanförskap</w>
  </absaspan>
  <w>.</w>
</absapar>
<absapar id=7>
  <w>Sven</w>
  <w>Gunnar</w>
  <w>Persson</w>
  <w>.</w>
</absapar>
<absapar id=8>
  <w>riksdagsledamot</w>
  <w>(</w>
  <w>kd</w>
  <w>)</w>
  <w>.</w>
</absapar>
<absapar id=9>
  <w>Debattören</w>
  <w>.</w>
</absapar>
<absapar id=10>
  <w>Sven</w>
  <w>Gunnar</w>
  <w>Persson</w>
  <w>.</w>
</absapar>
<absapar id=11>
  <w>riksdagsledamot</w>
  <w>(</w>
  <w>kd</w>
  <w>)</w>
  <w>.</w>
</absapar>
</absadoc>
