<absadoc annotators=1 senti=3>
<absatitle>
  <w>SD-politiker</w>
  <w>:</w>
  <w>"</w>
  <w>Jag</w>
  <w>drömde</w>
  <w>det</w>
  <w>i</w>
  <w>natt</w>
  <w>"</w>
  <w>.</w>
</absatitle>
<absapar id=1 senti=3>
  <absaspan id=1>
    <w>SD-politiker</w>
    <w>Ann-Katrin</w>
    <w>Anka</w>
    <w>Löfwenhamn</w>
  </absaspan>
  <absaspan id=2 senti=2>
    <w>anklagar</w>
  </absaspan>
  <absaspan id=3>
    <w>somalier</w>
    <w>för</w>
    <w>att</w>
    <w>ha</w>
    <w>fått</w>
    <w>gratis</w>
    <w>körkort</w>
    <w>genom</w>
    <w>Arbetarnas</w>
    <w>Bildningsförbund</w>
    <w>(</w>
    <w>ABF</w>
    <w>)</w>
    <w>finansierat</w>
    <w>av</w>
    <w>skattepengar</w>
  </absaspan>
  <w>,</w>
  <w>och</w>
  <w>menar</w>
  <w>då</w>
  <w>att</w>
  <w>detta</w>
  <absaspan id=4 senti=2>
    <w>är</w>
    <w>orättvist</w>
  </absaspan>
  <w>mot</w>
  <w>"</w>
  <w>svenska</w>
  <w>ungdomar</w>
  <w>"</w>
  <w>.</w>
  <w>Länken</w>
  <w>går</w>
  <w>till</w>
  <w>journalisten</w>
  <w>Henrik</w>
  <w>Johanssons</w>
  <w>telefonsamtal</w>
  <w>med</w>
  <w>Löfwenhamn</w>
  <w>.</w>
</absapar>
<absapar id=2 senti=3>
  <w>Vad</w>
  <w>tycker</w>
  <w>flashback</w>
  <w>om</w>
  <w>politiker</w>
  <w>som</w>
  <w>yttrar</w>
  <w>sig</w>
  <w>på</w>
  <w>det</w>
  <w>viset</w>
  <w>på</w>
  <w>sociala</w>
  <w>medier</w>
  <w>?</w>
  <w>Vad</w>
  <w>tycker</w>
  <w>vi</w>
  <w>om</w>
  <w>dessa</w>
  <w>arrangerade</w>
  <w>studiecirklar</w>
  <w>från</w>
  <w>ABF</w>
  <w>?</w>
  <absaspan id=5>
    <w>Själv</w>
  </absaspan>
  <absaspan id=6>
    <w>tycker</w>
    <w>jag</w>
    <w>att</w>
    <w>studiecirklarna</w>
    <w>är</w>
    <w>bland</w>
    <w>de</w>
    <w>bästa</w>
    <w>föreningsaktiviteterna</w>
    <w>som</w>
    <w>finns</w>
    <w>vad</w>
    <w>gäller</w>
    <w>att</w>
    <w>utbilda</w>
    <w>folk</w>
    <w>kostnadslöst</w>
    <w>,</w>
    <w>och</w>
    <w>som</w>
    <w>i</w>
    <w>det</w>
    <w>är</w>
    <w>fallet</w>
    <w>hjälpa</w>
    <w>invandrare</w>
    <w>integreras</w>
    <w>i</w>
    <w>det</w>
    <w>svenska</w>
    <w>samhället</w>
  </absaspan>
  <w>.</w>
  <w>Jag</w>
  <w>tycker</w>
  <w>inget</w>
  <w>annat</w>
  <w>än</w>
  <w>att</w>
  <absaspan id=7>
    <w>det</w>
  </absaspan>
  <w>är</w>
  <w>klart</w>
  <absaspan id=8 senti=4>
    <w>gynnsamt</w>
  </absaspan>
  <w>.</w>
  <w>Vad</w>
  <w>tycker</w>
  <w>ni</w>
  <w>?</w>
  <w>.</w>
</absapar>
</absadoc>
