<absadoc annotators=1 senti=0>
<absatitle>
  <w>Kustbevakningen</w>
  <w>räddar</w>
  <w>flyktingar</w>
  <w>på</w>
  <w>Medelhavet</w>
  <w>.</w>
</absatitle>
<absapar id=1>
  <absaspan id=1 senti=4>
    <w>Hedransvärd</w>
  </absaspan>
  <w>insats</w>
  <w>att</w>
  <absaspan id=2>
    <w>svenska</w>
    <w>kustbevakningen</w>
  </absaspan>
  <w>är</w>
  <w>nere</w>
  <w>på</w>
  <w>Medelhavet</w>
  <w>och</w>
  <w>räddar</w>
  <w>flyktingar</w>
  <w>.</w>
</absapar>
<absapar id=2 senti=3>
  <w>Men</w>
  <w>hade</w>
  <w>det</w>
  <w>inte</w>
  <w>varit</w>
  <w>bättre</w>
  <w>att</w>
  <w>hyra</w>
  <w>några</w>
  <w>kryssningsfartyg</w>
  <w>och</w>
  <w>kanske</w>
  <w>någon</w>
  <w>Finlandsfärja</w>
  <w>och</w>
  <w>åka</w>
  <w>ned</w>
  <w>till</w>
  <w>Afrika</w>
  <w>och</w>
  <w>hämta</w>
  <w>hit</w>
  <w>dem</w>
  <w>direkt</w>
  <w>?</w>
  <w>.</w>
</absapar>
<absapar id=3>
  <w>Måste</w>
  <w>ju</w>
  <w>vara</w>
  <w>humanare</w>
  <w>och</w>
  <w>de</w>
  <w>slipper</w>
  <w>betala</w>
  <w>en</w>
  <w>förmögenhet</w>
  <w>till</w>
  <w>pirater</w>
  <w>som</w>
  <w>håller</w>
  <w>på</w>
  <w>med</w>
  <w>människosmuggling</w>
  <w>.</w>
</absapar>
<absapar id=4>
  <w>Eller</w>
  <w>vad</w>
  <w>tycker</w>
  <w>ni</w>
  <w>?</w>
  <w>.</w>
</absapar>
</absadoc>
