<absadoc annotators=1 senti=1>
<absatitle>
  <absaspan id=1>
    <w>Nu</w>
    <w>är</w>
    <w>Donald</w>
    <w>J</w>
    <w>Trump</w>
    <w>Officiellt</w>
    <w>USAs</w>
    <w>45</w>
    <w>:</w>
    <w>e</w>
    <w>President</w>
  </absaspan>
  <w>,</w>
  <w>Konsekvenser</w>
  <w>för</w>
  <w>Sverige</w>
  <w>?</w>
</absatitle>
<absapar id=1>
  <w>Först</w>
  <w>och</w>
  <w>främst</w>
  <w>måste</w>
  <w>jag</w>
  <w>ge</w>
  <w>SVT</w>
  <w>en</w>
  <w>spark</w>
  <w>i</w>
  <w>ansiktet</w>
  <w>pgr</w>
  <w>av</w>
  <w>hur</w>
  <absaspan id=2 senti=1>
    <w>otroligt</w>
  </absaspan>
  <absaspan id=3 senti=1>
    <w>arroganta</w>
    <w>och</w>
    <w>fientliga</w>
  </absaspan>
  <absaspan id=4>
    <w>SVT</w>
  </absaspan>
  <absaspan id=5 senti=1>
    <w>låter</w>
  </absaspan>
  <w>mot</w>
  <w>Donald</w>
  <w>J</w>
  <w>Trump</w>
  <w>och</w>
  <w>försöker</w>
  <w>vrida</w>
  <w>och</w>
  <w>vända</w>
  <w>på</w>
  <w>varenda</w>
  <w>sten</w>
  <w>för</w>
  <w>att</w>
  <w>få</w>
  <absaspan id=6 senti=5>
    <w>detta</w>
    <w>underbara</w>
    <w>heliga</w>
    <w>gudstecken</w>
  </absaspan>
  <w>som</w>
  <w>någonting</w>
  <w>negativt</w>
  <w>som</w>
  <w>värsta</w>
  <w>tänkbara</w>
  <w>satanister</w>
  <w>.</w>
</absapar>
<absapar id=2>
  <w>Förstå</w>
  <w>detta</w>
  <w>:</w>
  <w>.</w>
</absapar>
<absapar id=3>
  <w>#</w>
  <w>P</w>
  <absaspan id=7 senti=1>
    <w>IMM</w>
  </absaspan>
  <w>.</w>
  <w>1</w>
  <w>.</w>
  <w>Världen</w>
  <w>kommer</w>
  <w>inte</w>
  <w>gå</w>
  <w>under</w>
  <w>bara</w>
  <w>för</w>
  <w>att</w>
  <absaspan id=8>
    <w>Donald</w>
  </absaspan>
  <absaspan id=9>
    <w>Trump</w>
  </absaspan>
  <w>är</w>
  <w>president</w>
  <w>.</w>
  <w>Tvärt</w>
  <w>om</w>
  <w>,</w>
  <absaspan id=10>
    <w>han</w>
  </absaspan>
  <absaspan id=11 senti=5>
    <w>har</w>
    <w>med</w>
    <w>största</w>
    <w>säkerhet</w>
    <w>räddat</w>
    <w>världen</w>
  </absaspan>
  <w>,</w>
  <w>genom</w>
  <w>att</w>
  <w>låta</w>
  <w>varje</w>
  <w>land</w>
  <w>ha</w>
  <w>sin</w>
  <w>kultur</w>
  <w>,</w>
  <w>sitt</w>
  <w>folk</w>
  <w>,</w>
  <w>sin</w>
  <w>religion</w>
  <w>och</w>
  <w>sitt</w>
  <w>sätt</w>
  <w>att</w>
  <w>leva</w>
  <w>.</w>
  <w>Vi</w>
  <w>såg</w>
  <w>en</w>
  <w>indier</w>
  <w>nicka</w>
  <w>väldigt</w>
  <w>belåtet</w>
  <w>när</w>
  <w>Trump</w>
  <w>sa</w>
  <w>det</w>
  <w>.</w>
</absapar>
<absapar id=4>
  <w>#</w>
  <w>P</w>
  <w>IMM</w>
  <w>.</w>
  <w>2</w>
  <w>.</w>
  <w>Att</w>
  <w>Trump</w>
  <w>nu</w>
  <w>är</w>
  <w>president</w>
  <w>är</w>
  <w>ett</w>
  <w>bevis</w>
  <w>på</w>
  <w>att</w>
  <w>sagan</w>
  <w>fick</w>
  <w>en</w>
  <absaspan id=12 senti=4>
    <w>god</w>
  </absaspan>
  <absaspan id=13>
    <w>vändning</w>
  </absaspan>
  <w>och</w>
  <w>att</w>
  <w>sundheten</w>
  <w>har</w>
  <w>segrat</w>
  <w>och</w>
  <w>saker</w>
  <w>och</w>
  <w>ting</w>
  <w>ska</w>
  <w>återgå</w>
  <w>till</w>
  <w>det</w>
  <w>mer</w>
  <w>normala</w>
  <w>.</w>
  <w>Det</w>
  <w>genomgående</w>
  <w>känslostyrda</w>
  <absaspan id=14 senti=1>
    <w>fullkomligt</w>
    <w>ologiska</w>
  </absaspan>
  <absaspan id=15>
    <w>känslovärlden</w>
    <w>hos</w>
    <w>så</w>
    <w>kallade</w>
    <w>"</w>
    <w>Vänsterliberaler</w>
    <w>"</w>
  </absaspan>
  <w>Har</w>
  <w>jämnats</w>
  <w>ut</w>
  <w>med</w>
  <w>både</w>
  <w>känslor</w>
  <w>OCH</w>
  <w>.</w>
</absapar>
<absapar id=5>
  <w>sinne</w>
  <w>.</w>
  <w>Logik</w>
  <w>och</w>
  <w>Känslor</w>
  <w>.</w>
  <w>Kropp</w>
  <w>och</w>
  <w>själ</w>
  <w>.</w>
</absapar>
<absapar id=6>
  <w>Med</w>
  <w>det</w>
  <w>sagt</w>
  <w>så</w>
  <w>är</w>
  <w>inte</w>
  <w>bara</w>
  <w>USAs</w>
  <w>folk</w>
  <w>splittrat</w>
  <w>och</w>
  <w>lever</w>
  <w>i</w>
  <w>en</w>
  <w>helt</w>
  <w>annan</w>
  <w>värld</w>
  <w>än</w>
  <w>motparten</w>
  <w>.</w>
  <w>Även</w>
  <w>i</w>
  <w>Sverige</w>
  <w>.</w>
  <w>Vi</w>
  <w>såg</w>
  <w>hur</w>
  <w>den</w>
  <w>svenska</w>
  <w>SVT</w>
  <w>reportern</w>
  <w>var</w>
  <w>typiskt</w>
  <w>svensk</w>
  <w>och</w>
  <w>ifrågasatte</w>
  <w>allting</w>
  <w>.</w>
  <w>"</w>
  <w>Why</w>
  <w>"</w>
  <w>"</w>
  <w>Why</w>
  <w>"</w>
  <w>"</w>
  <w>Why</w>
  <w>"</w>
  <w>.</w>
  <w>Det</w>
  <w>är</w>
  <w>ett</w>
  <w>bevis</w>
  <w>på</w>
  <w>att</w>
  <absaspan id=16>
    <w>Sverige</w>
  </absaspan>
  <absaspan id=17 senti=1>
    <w>inte</w>
    <w>vet</w>
    <w>ett</w>
    <w>skit</w>
  </absaspan>
  <w>vad</w>
  <w>VI</w>
  <w>håller</w>
  <w>på</w>
  <w>med</w>
  <w>.</w>
  <w>För</w>
  <w>vi</w>
  <w>förstår</w>
  <w>inte</w>
  <absaspan id=18>
    <w>varför</w>
    <w>USA</w>
    <w>har</w>
    <w>valt</w>
    <w>Donald</w>
    <w>J</w>
    <w>Trump</w>
    <w>som</w>
    <w>president</w>
  </absaspan>
  <w>.</w>
  <w>Men</w>
  <absaspan id=19>
    <w>jag</w>
  </absaspan>
  <absaspan id=20 senti=5>
    <w>förstår</w>
    <w>mer</w>
    <w>än</w>
    <w>väl</w>
  </absaspan>
  <w>.</w>
</absapar>
<absapar id=7>
  <absaspan id=21>
    <w>Folk</w>
  </absaspan>
  <absaspan id=22 senti=2>
    <w>är</w>
    <w>rädda</w>
  </absaspan>
  <w>för</w>
  <w>att</w>
  <w>säga</w>
  <w>det</w>
  <w>.</w>
  <w>Men</w>
  <absaspan id=23 senti=2>
    <w>problemen</w>
  </absaspan>
  <w>i</w>
  <w>den</w>
  <w>här</w>
  <w>världen</w>
  <w>idag</w>
  <w>är</w>
  <w>saker</w>
  <w>som</w>
  <w>gör</w>
  <w>folk</w>
  <w>helt</w>
  <w>sinnesjuka</w>
  <w>.</w>
  <w>Dessa</w>
  <w>saker</w>
  <w>är</w>
  <w>.</w>
</absapar>
<absapar id=8>
  <w>#</w>
  <w>P</w>
  <w>IMM</w>
  <w>.</w>
  <w>1</w>
  <w>.</w>
  <w>Feminism</w>
  <w>(</w>
  <absaspan id=24>
    <w>Kvinnomakt</w>
  </absaspan>
  <absaspan id=25 senti=2>
    <w>är</w>
    <w>onaturligt</w>
  </absaspan>
  <w>och</w>
  <w>främjar</w>
  <w>psykisk</w>
  <w>sjukdom</w>
  <w>hos</w>
  <w>både</w>
  <w>män</w>
  <w>och</w>
  <w>kvinnor</w>
  <w>.</w>
  <w>Källan</w>
  <w>är</w>
  <w>jag</w>
  <w>på</w>
  <w>det</w>
  <w>.</w>
  <w>För</w>
  <w>jag</w>
  <w>lever</w>
  <w>i</w>
  <w>den</w>
  <w>här</w>
  <w>världen</w>
  <w>och</w>
  <w>ser</w>
  <w>vad</w>
  <w>som</w>
  <w>försegår</w>
  <w>.</w>
  <w>)</w>
  <w>.</w>
</absapar>
<absapar id=9>
  <w>#</w>
  <w>P</w>
  <w>IMM</w>
  <w>.</w>
  <w>2</w>
  <w>.</w>
  <w>HBTQ</w>
  <w>acceptans</w>
  <w>(</w>
  <w>Och</w>
  <w>till</w>
  <w>och</w>
  <w>med</w>
  <w>uppmuntrande</w>
  <w>som</w>
  <w>att</w>
  <w>det</w>
  <w>vore</w>
  <w>en</w>
  <w>påtvingad</w>
  <w>sak</w>
  <w>att</w>
  <w>någon</w>
  <w>ska</w>
  <w>stoppa</w>
  <w>in</w>
  <w>sin</w>
  <w>kuk</w>
  <w>i</w>
  <w>en</w>
  <w>annan</w>
  <w>mans</w>
  <w>avföringshål</w>
  <w>)</w>
  <w>.</w>
</absapar>
<absapar id=10>
  <w>#</w>
  <w>P</w>
  <absaspan id=26 senti=1>
    <w>IMM</w>
  </absaspan>
  <w>.</w>
  <w>3</w>
  <w>.</w>
  <absaspan id=27>
    <w>Uppblandningen</w>
    <w>av</w>
    <w>raser</w>
    <w>,</w>
    <w>vilket</w>
  </absaspan>
  <absaspan id=28 senti=1>
    <w>är</w>
    <w>mycket</w>
    <w>negativt</w>
  </absaspan>
  <w>och</w>
  <w>skapar</w>
  <w>krig</w>
  <w>på</w>
  <w>lokal</w>
  <w>nivå</w>
  <w>.</w>
  <w>(</w>
  <w>Jorden</w>
  <w>är</w>
  <w>mångkulturell</w>
  <w>och</w>
  <w>det</w>
  <w>har</w>
  <w>alltid</w>
  <w>skapat</w>
  <w>krig</w>
  <w>.</w>
  <w>och</w>
  <w>det</w>
  <w>har</w>
  <w>aldrig</w>
  <w>fungerat</w>
  <w>så</w>
  <w>varför</w>
  <w>skulle</w>
  <w>det</w>
  <w>fungerat</w>
  <w>koncentrerat</w>
  <w>?</w>
  <w>Då</w>
  <w>skapas</w>
  <w>krig</w>
  <w>på</w>
  <w>lokal</w>
  <w>nivå</w>
  <w>istället</w>
  <w>.</w>
  <w>TRO</w>
  <w>MIG</w>
  <w>.</w>
  <absaspan id=29>
    <w>Vänsterliberalernas</w>
  </absaspan>
  <absaspan id=30>
    <w>dröm</w>
    <w>om</w>
    <w>att</w>
    <w>alla</w>
    <w>blandas</w>
    <w>upp</w>
  </absaspan>
  <w>kommer</w>
  <w>ej</w>
  <w>hända</w>
  <w>,</w>
  <absaspan id=31>
    <w>det</w>
  </absaspan>
  <absaspan id=32 senti=1>
    <w>kommer</w>
    <w>enbart</w>
    <w>skapa</w>
    <w>kaos</w>
    <w>,</w>
    <w>rädsla</w>
    <w>,</w>
    <w>hat</w>
    <w>,</w>
    <w>misär</w>
  </absaspan>
  <w>,</w>
  <w>precis</w>
  <w>som</w>
  <w>vi</w>
  <w>ser</w>
  <w>i</w>
  <w>Sverige</w>
  <w>och</w>
  <w>i</w>
  <w>samtliga</w>
  <w>mångkulturella</w>
  <w>länder</w>
  <w>idag</w>
  <w>,</w>
  <w>alla</w>
  <w>vet</w>
  <w>att</w>
  <w>det</w>
  <w>kommer</w>
  <w>bli</w>
  <w>inbördeskrig</w>
  <w>i</w>
  <w>Sverige</w>
  <w>pgr</w>
  <w>av</w>
  <absaspan id=33>
    <w>akademiker</w>
    <w>i</w>
  </absaspan>
  <absaspan id=34 senti=2>
    <w>konsensusgrupper</w>
  </absaspan>
  <absaspan id=35>
    <w>som</w>
  </absaspan>
  <absaspan id=36 senti=1>
    <w>inte</w>
    <w>lever</w>
    <w>i</w>
    <w>verkligheten</w>
  </absaspan>
  <w>,</w>
  <w>dom</w>
  <w>träffar</w>
  <w>inte</w>
  <w>människor</w>
  <w>och</w>
  <w>ser</w>
  <w>deras</w>
  <w>kroppspråk</w>
  <w>,</w>
  <w>deras</w>
  <w>hat</w>
  <w>i</w>
  <w>blicken</w>
  <w>,</w>
  <w>deras</w>
  <w>verbala</w>
  <w>och</w>
  <w>fysiska</w>
  <w>angrepp</w>
  <w>och</w>
  <w>hot</w>
  <w>.</w>
  <w>Dom</w>
  <w>tänker</w>
  <w>med</w>
  <w>ord</w>
  <w>och</w>
  <w>mönster</w>
  <w>,</w>
  <w>dom</w>
  <w>tänker</w>
  <w>ej</w>
  <w>på</w>
  <w>det</w>
  <w>dom</w>
  <w>faktiskt</w>
  <w>ser</w>
  <w>och</w>
  <w>upplever</w>
  <w>med</w>
  <w>sina</w>
  <w>sinnen</w>
  <w>.</w>
  <w>)</w>
  <w>.</w>
</absapar>
<absapar id=11 senti=1>
  <absaspan id=37>
    <w>Donald</w>
    <w>J</w>
    <w>Trump</w>
  </absaspan>
  <absaspan id=38 senti=5>
    <w>har</w>
  </absaspan>
  <w>personligen</w>
  <absaspan id=39 senti=5>
    <w>gett</w>
  </absaspan>
  <absaspan id=40 senti=5>
    <w>mig</w>
    <w>en</w>
    <w>helig</w>
    <w>känsla</w>
    <w>i</w>
    <w>kroppen</w>
  </absaspan>
  <w>,</w>
  <absaspan id=41 senti=5>
    <w>En</w>
    <w>extas</w>
    <w>känsla</w>
    <w>av</w>
    <w>hopp</w>
    <w>och</w>
    <w>glädje</w>
  </absaspan>
  <absaspan id=42 senti=1>
    <w>i</w>
    <w>mörkrets</w>
  </absaspan>
  <absaspan id=43 senti=1>
    <w>Sverige</w>
  </absaspan>
  <w>.</w>
  <absaspan id=44>
    <w>Jag</w>
  </absaspan>
  <absaspan id=45 senti=2>
    <w>känner</w>
    <w>ingen</w>
    <w>empati</w>
    <w>för</w>
  </absaspan>
  <absaspan id=46>
    <w>vänsterliberalerna</w>
  </absaspan>
  <absaspan id=47>
    <w>,</w>
    <w>kommunisterna</w>
  </absaspan>
  <absaspan id=48>
    <w>som</w>
  </absaspan>
  <absaspan id=49 senti=1>
    <w>fått</w>
    <w>Sverige</w>
    <w>att</w>
    <w>bli</w>
    <w>ett</w>
    <w>levande</w>
    <w>helvete</w>
  </absaspan>
  <w>.</w>
  <w>Vi</w>
  <w>behöver</w>
  <w>en</w>
  <w>Donald</w>
  <w>J</w>
  <w>Trump</w>
  <w>omgående</w>
  <w>.</w>
  <w>Och</w>
  <w>jag</w>
  <w>råder</w>
  <absaspan id=50>
    <w>SVT</w>
  </absaspan>
  <absaspan id=51>
    <w>och</w>
    <w>andra</w>
    <w>genomgående</w>
    <w>USA</w>
    <w>fientliga</w>
    <w>informationsspridare</w>
  </absaspan>
  <w>att</w>
  <w>tiga</w>
  <absaspan id=52 senti=2>
    <w>.</w>
  </absaspan>
  <w>Ni</w>
  <w>har</w>
  <w>ingen</w>
  <w>plats</w>
  <w>i</w>
  <w>paradiset</w>
  <w>.</w>
  <absaspan id=53>
    <w>Ni</w>
  </absaspan>
  <absaspan id=54 senti=1>
    <w>är</w>
    <w>som</w>
    <w>onda</w>
    <w>demoner</w>
    <w>som</w>
    <w>fått</w>
    <w>Sverige</w>
    <w>att</w>
    <w>brinna</w>
  </absaspan>
  <w>.</w>
  <absaspan id=55>
    <w>Alla</w>
  </absaspan>
  <absaspan id=56>
    <w>i</w>
    <w>Sverige</w>
  </absaspan>
  <w>ÄR</w>
  <w>rädda</w>
  <w>.</w>
  <absaspan id=57>
    <w>Dom</w>
  </absaspan>
  <absaspan id=58 senti=2>
    <w>vågar</w>
  </absaspan>
  <w>bara</w>
  <absaspan id=59 senti=2>
    <w>inte</w>
    <w>erkänna</w>
  </absaspan>
  <w>det</w>
  <w>för</w>
  <w>att</w>
  <w>visa</w>
  <w>svaghet</w>
  <w>och</w>
  <w>frångå</w>
  <w>konformitet</w>
  <w>.</w>
  <absaspan id=60>
    <w>Dom</w>
    <w>som</w>
    <w>inte</w>
    <w>är</w>
    <w>rädda</w>
    <w>i</w>
    <w>Sverige</w>
    <w>idag</w>
  </absaspan>
  <absaspan id=61 senti=1>
    <w>är</w>
    <w>helt</w>
    <w>enkelt</w>
    <w>mentalt</w>
    <w>handikappade</w>
  </absaspan>
  <w>.</w>
  <w>Det</w>
  <absaspan id=62 senti=2>
    <w>hjälper</w>
    <w>inte</w>
  </absaspan>
  <absaspan id=63>
    <w>att</w>
    <w>SÄPO</w>
    <w>,</w>
    <w>Polischefen</w>
    <w>,</w>
    <w>Regeringen</w>
    <w>säger</w>
    <w>att</w>
    <w>vi</w>
    <w>inte</w>
    <w>ska</w>
    <w>vara</w>
    <w>rädda</w>
    <w>och</w>
    <w>fortsätta</w>
    <w>som</w>
    <w>vanligt</w>
  </absaspan>
  <w>.</w>
  <absaspan id=64>
    <w>Folk</w>
  </absaspan>
  <w>beväpnar</w>
  <w>sig</w>
  <w>och</w>
  <absaspan id=65 senti=2>
    <w>är</w>
    <w>väldigt</w>
    <w>rädda</w>
  </absaspan>
  <w>för</w>
  <w>folket</w>
  <w>kan</w>
  <w>inte</w>
  <w>lita</w>
  <w>på</w>
  <w>någon</w>
  <w>längre</w>
  <w>ALLRA</w>
  <w>minst</w>
  <w>myndigheter</w>
  <w>,</w>
  <w>Nyhetsankare</w>
  <w>och</w>
  <w>allra</w>
  <w>ALLRA</w>
  <w>minst</w>
  <w>vår</w>
  <w>nuvarande</w>
  <w>regering</w>
  <w>!</w>
  <absaspan id=66>
    <w>Sveriges</w>
  </absaspan>
  <absaspan id=67>
    <w>Regering</w>
    <w>som</w>
    <w>vi</w>
    <w>har</w>
    <w>just</w>
    <w>nu</w>
  </absaspan>
  <absaspan id=68 senti=1>
    <w>är</w>
    <w>födda</w>
    <w>ur</w>
    <w>ett</w>
    <w>sinnesjukt</w>
    <w>mörker</w>
    <w>som</w>
    <w>sprider</w>
    <w>kaos</w>
    <w>,</w>
    <w>hat</w>
    <w>och</w>
    <w>lidande</w>
    <w>i</w>
    <w>hela</w>
    <w>vårat</w>
    <w>avlånga</w>
    <w>land</w>
  </absaspan>
  <w>.</w>
  <absaspan id=69>
    <w>Ni</w>
  </absaspan>
  <absaspan id=70 senti=1>
    <w>importerar</w>
  </absaspan>
  <absaspan id=71 senti=1>
    <w>jordens</w>
    <w>absolut</w>
    <w>värsta</w>
    <w>skitfolk</w>
  </absaspan>
  <absaspan id=72 senti=1>
    <w>till</w>
    <w>Sverige</w>
  </absaspan>
  <w>och</w>
  <w>Sveriges</w>
  <w>nuvarande</w>
  <w>regering</w>
  <w>har</w>
  <w>fått</w>
  <w>Sverige</w>
  <w>att</w>
  <w>BOKSTAVLIGEN</w>
  <w>brinna</w>
  <w>.</w>
</absapar>
<absapar id=12 senti=1>
  <w>Men</w>
  <w>det</w>
  <w>sagt</w>
  <absaspan id=73 senti=4>
    <w>kommer</w>
  </absaspan>
  <absaspan id=74>
    <w>Donald</w>
    <w>J</w>
    <w>Trump</w>
  </absaspan>
  <absaspan id=75 senti=4>
    <w>med</w>
  </absaspan>
  <absaspan id=76 senti=4>
    <w>största</w>
    <w>säkerhet</w>
    <w>ha</w>
    <w>goda</w>
    <w>idéer</w>
  </absaspan>
  <w>för</w>
  <w>Sverige</w>
  <w>och</w>
  <w>Sveriges</w>
  <w>framtid</w>
  <w>.</w>
  <w>Jag</w>
  <w>tror</w>
  <w>att</w>
  <w>Donald</w>
  <w>J</w>
  <w>Trump</w>
  <w>vill</w>
  <w>Sverige</w>
  <w>väl</w>
  <w>även</w>
  <w>om</w>
  <w>alla</w>
  <w>länder</w>
  <w>runt</w>
  <w>omkring</w>
  <w>Sverige</w>
  <w>kallar</w>
  <w>Sverige</w>
  <w>för</w>
  <w>ordagrant</w>
  <w>"</w>
  <w>Fittor</w>
  <w>"</w>
  <w>.</w>
  <absaspan id=77>
    <w>Våld</w>
  </absaspan>
  <absaspan id=78 senti=2>
    <w>är</w>
    <w>inte</w>
    <w>lösningen</w>
  </absaspan>
  <w>.</w>
  <absaspan id=79>
    <w>Maktskifte</w>
    <w>i</w>
    <w>Sverige</w>
  </absaspan>
  <absaspan id=80 senti=5>
    <w>är</w>
  </absaspan>
  <w>dock</w>
  <absaspan id=81 senti=5>
    <w>högt</w>
  </absaspan>
  <absaspan id=82 senti=5>
    <w>önskvärt</w>
  </absaspan>
  <w>.</w>
  <w>Att</w>
  <absaspan id=83>
    <w>ett</w>
    <w>parti</w>
    <w>som</w>
  </absaspan>
  <absaspan id=84 senti=5>
    <w>älskar</w>
  </absaspan>
  <absaspan id=85>
    <w>sitt</w>
    <w>folk</w>
    <w>och</w>
    <w>sin</w>
    <w>nation</w>
  </absaspan>
  <w>leder</w>
  <w>NATIONEN</w>
  <w>Sverige</w>
  <w>.</w>
  <w>Vi</w>
  <w>behöver</w>
  <w>inte</w>
  <w>fler</w>
  <absaspan id=86 senti=1>
    <w>fittor</w>
  </absaspan>
  <w>,</w>
  <w>som</w>
  <w>alla</w>
  <w>friska</w>
  <w>människor</w>
  <w>kallar</w>
  <w>våra</w>
  <w>ledare</w>
  <w>.</w>
  <w>Vi</w>
  <w>behöver</w>
  <absaspan id=87 senti=5>
    <w>ädla</w>
    <w>moraliska</w>
  </absaspan>
  <w>ickepsykopatiska</w>
  <absaspan id=88>
    <w>ledare</w>
  </absaspan>
  <absaspan id=89>
    <w>som</w>
  </absaspan>
  <absaspan id=90 senti=4>
    <w>har</w>
    <w>förmåga</w>
    <w>att</w>
    <w>balansera</w>
    <w>sinne</w>
    <w>och</w>
    <w>känslor</w>
  </absaspan>
  <w>och</w>
  <w>inte</w>
  <w>bara</w>
  <w>tycka</w>
  <w>synd</w>
  <w>om</w>
  <w>alla</w>
  <w>med</w>
  <w>brun</w>
  <w>hud</w>
  <w>och</w>
  <w>ge</w>
  <w>dom</w>
  <w>allt</w>
  <w>medans</w>
  <w>det</w>
  <w>egna</w>
  <w>folket</w>
  <w>bara</w>
  <w>fungerar</w>
  <w>som</w>
  <w>en</w>
  <w>mjölk-kossa</w>
  <w>för</w>
  <w>alla</w>
  <w>bruna</w>
  <w>att</w>
  <w>ta</w>
  <w>för</w>
  <w>sig</w>
  <w>av</w>
  <w>.</w>
</absapar>
<absapar id=13>
  <absaspan id=91 senti=1>
    <w>Det</w>
    <w>får</w>
    <w>vara</w>
    <w>slut</w>
    <w>med</w>
  </absaspan>
  <absaspan id=92>
    <w>att</w>
  </absaspan>
  <absaspan id=93 senti=1>
    <w>mobbare</w>
  </absaspan>
  <absaspan id=94>
    <w>styr</w>
    <w>landet</w>
  </absaspan>
  <w>.</w>
  <w>Att</w>
  <absaspan id=95 senti=1>
    <w>onda</w>
  </absaspan>
  <absaspan id=96>
    <w>människor</w>
  </absaspan>
  <w>styr</w>
  <w>Sverige</w>
  <w>.</w>
  <w>Sverige</w>
  <w>ska</w>
  <w>bli</w>
  <w>ett</w>
  <w>friskt</w>
  <w>land</w>
  <w>igen</w>
  <w>.</w>
  <w>Fred</w>
  <w>och</w>
  <w>frihet</w>
  <w>ska</w>
  <w>råda</w>
  <w>.</w>
  <w>Folk</w>
  <w>ska</w>
  <w>våga</w>
  <w>gå</w>
  <w>ut</w>
  <w>på</w>
  <w>gatan</w>
  <w>!</w>
  <w>Folk</w>
  <w>ska</w>
  <w>bli</w>
  <w>rättvist</w>
  <w>behandlade</w>
  <w>!</w>
  <w>Vård</w>
  <w>skola</w>
  <w>och</w>
  <w>omsorg</w>
  <w>ska</w>
  <w>för</w>
  <w>GUDS</w>
  <w>SKULL</w>
  <w>bli</w>
  <w>lugna</w>
  <absaspan id=97 senti=5>
    <w>harmoniska</w>
  </absaspan>
  <absaspan id=98>
    <w>platser</w>
  </absaspan>
  <w>där</w>
  <w>människor</w>
  <w>kan</w>
  <w>känna</w>
  <w>att</w>
  <w>dom</w>
  <w>kan</w>
  <w>koncentrera</w>
  <w>sig</w>
  <w>på</w>
  <w>sitt</w>
  <w>jobb</w>
  <w>och</w>
  <w>på</w>
  <w>sina</w>
  <w>studier</w>
  <w>.</w>
</absapar>
<absapar id=14>
  <w>Vi</w>
  <w>behöver</w>
  <w>Sverigedemokraterna</w>
  <w>nu</w>
  <w>.</w>
  <w>För</w>
  <w>det</w>
  <w>är</w>
  <w>det</w>
  <w>parti</w>
  <w>i</w>
  <w>Sverige</w>
  <w>som</w>
  <w>liknar</w>
  <w>Donald</w>
  <w>J</w>
  <w>Trump</w>
  <w>mest</w>
  <w>.</w>
  <absaspan id=99>
    <w>Svenskar</w>
  </absaspan>
  <absaspan id=100 senti=2>
    <w>vill</w>
    <w>inte</w>
    <w>ha</w>
  </absaspan>
  <absaspan id=101>
    <w>en</w>
    <w>massa</w>
    <w>ledare</w>
    <w>som</w>
    <w>inte</w>
    <w>kan</w>
    <w>tala</w>
    <w>om</w>
    <w>hur</w>
    <w>det</w>
    <w>faktiskt</w>
    <w>ligger</w>
    <w>till</w>
  </absaspan>
  <w>.</w>
  <absaspan id=102>
    <w>Vi</w>
  </absaspan>
  <absaspan id=103 senti=2>
    <w>vill</w>
    <w>inte</w>
    <w>ha</w>
  </absaspan>
  <absaspan id=104>
    <w>en</w>
    <w>statsminister</w>
    <w>som</w>
    <w>får</w>
    <w>expertinformation</w>
    <w>ifrån</w>
    <w>någon</w>
    <w>som</w>
    <w>skriker</w>
    <w>att</w>
    <w>sagofiguren</w>
    <w>voldemort</w>
    <w>har</w>
    <w>vunnit</w>
  </absaspan>
  <w>.</w>
</absapar>
<absapar id=15 senti=1>
  <absaspan id=105>
    <w>Sverige</w>
  </absaspan>
  <absaspan id=106 senti=1>
    <w>lever</w>
    <w>inte</w>
    <w>i</w>
    <w>verkligheten</w>
    <w>idag</w>
  </absaspan>
  <w>.</w>
  <absaspan id=107>
    <w>I</w>
  </absaspan>
  <absaspan id=108>
    <w>Sverige</w>
  </absaspan>
  <absaspan id=109 senti=2>
    <w>kan</w>
  </absaspan>
  <absaspan id=110>
    <w>man</w>
  </absaspan>
  <absaspan id=111 senti=2>
    <w>inte</w>
  </absaspan>
  <absaspan id=112 senti=2>
    <w>lita</w>
    <w>på</w>
  </absaspan>
  <absaspan id=113>
    <w>sina</w>
    <w>medmänniskor</w>
  </absaspan>
  <w>idag</w>
  <w>.</w>
  <w>Jag</w>
  <w>pratar</w>
  <w>med</w>
  <absaspan id=114>
    <w>Svenskar</w>
  </absaspan>
  <w>dom</w>
  <w>säger</w>
  <w>att</w>
  <absaspan id=115>
    <w>dom</w>
  </absaspan>
  <absaspan id=116 senti=1>
    <w>har</w>
    <w>blivit</w>
    <w>känslokalla</w>
    <w>psykopater</w>
    <w>av</w>
    <w>att</w>
    <w>vara</w>
    <w>hela</w>
    <w>världens</w>
    <w>socialkontor</w>
  </absaspan>
  <w>.</w>
  <w>Dom</w>
  <w>känner</w>
  <w>sig</w>
  <w>som</w>
  <w>robotar</w>
  <w>som</w>
  <w>bara</w>
  <w>arbetar</w>
  <w>men</w>
  <w>ser</w>
  <w>inte</w>
  <w>vad</w>
  <w>dom</w>
  <w>egentligen</w>
  <w>arbetar</w>
  <w>för</w>
  <w>.</w>
  <w>Vi</w>
  <w>behöver</w>
  <w>hopp</w>
  <w>,</w>
  <w>trygghet</w>
  <w>,</w>
  <w>folkkärlek</w>
  <w>,</w>
  <w>framtidsvision</w>
  <w>men</w>
  <w>framförallt</w>
  <w>RÄTTVISA</w>
  <w>i</w>
  <w>Sverige</w>
  <w>idag</w>
  <w>.</w>
</absapar>
<absapar id=16 senti=1>
  <w>Idag</w>
  <absaspan id=117 senti=1>
    <w>är</w>
  </absaspan>
  <absaspan id=118>
    <w>Sverige</w>
  </absaspan>
  <absaspan id=119 senti=1>
    <w>KAOS</w>
  </absaspan>
  <absaspan id=120 senti=1>
    <w>,</w>
    <w>ONDSKA</w>
    <w>,</w>
    <w>HAT</w>
    <w>,</w>
    <w>NEDBRYTANDE</w>
    <w>,</w>
    <w>SPLITTRANDE</w>
    <w>,</w>
    <w>ETT</w>
    <w>RENT</w>
    <w>JÄVLA</w>
  </absaspan>
  <w>.</w>
</absapar>
<absapar id=17 senti=1>
  <w>Och</w>
  <w>vi</w>
  <w>vet</w>
  <w>alla</w>
  <w>att</w>
  <absaspan id=121>
    <w>dom</w>
  </absaspan>
  <absaspan id=122 senti=1>
    <w>misslyckade</w>
  </absaspan>
  <absaspan id=123 senti=1>
    <w>psykopatpolitikerna</w>
  </absaspan>
  <absaspan id=124>
    <w>i</w>
    <w>Sverige</w>
  </absaspan>
  <absaspan id=125 senti=2>
    <w>bara</w>
    <w>kommer</w>
    <w>att</w>
    <w>förvärra</w>
    <w>situationen</w>
  </absaspan>
  <w>.</w>
  <absaspan id=126>
    <w>Sverigedemokraterna</w>
  </absaspan>
  <absaspan id=127 senti=4>
    <w>är</w>
  </absaspan>
  <w>i</w>
  <w>alla</w>
  <w>fall</w>
  <absaspan id=128 senti=4>
    <w>sunda</w>
  </absaspan>
  <w>för</w>
  <w>folket</w>
  <w>har</w>
  <w>Sverigedemokraternas</w>
  <w>hjärtefrågor</w>
  <w>som</w>
  <w>sin</w>
  <w>enligt</w>
  <w>färska</w>
  <w>undersökningar</w>
  <w>.</w>
</absapar>
<absapar id=18 senti=1>
  <w>Globalisternas</w>
  <w>uppblandningsera</w>
  <w>har</w>
  <w>nu</w>
  <w>nått</w>
  <w>sitt</w>
  <w>slut</w>
  <w>.</w>
  <w>Nu</w>
  <absaspan id=129>
    <w>får</w>
  </absaspan>
  <absaspan id=130 senti=5>
    <w>äntligen</w>
  </absaspan>
  <absaspan id=131>
    <w>sundhet</w>
    <w>råda</w>
    <w>igen</w>
  </absaspan>
  <w>.</w>
</absapar>
<absapar id=19 senti=1>
  <w>I</w>
  <w>Sverige</w>
  <w>har</w>
  <w>vi</w>
  <w>demokrati</w>
  <w>,</w>
  <w>och</w>
  <w>historien</w>
  <w>kommer</w>
  <w>döma</w>
  <w>våra</w>
  <w>nuvarande</w>
  <w>politiker</w>
  <w>väldigt</w>
  <w>hårt</w>
  <w>.</w>
  <w>Våra</w>
  <w>nuvarande</w>
  <w>politiker</w>
  <w>kommer</w>
  <w>bli</w>
  <w>ihågkomna</w>
  <w>som</w>
  <w>både</w>
  <w>folk</w>
  <w>och</w>
  <w>landsförrädare</w>
  <w>som</w>
  <w>fick</w>
  <w>Sverige</w>
  <w>att</w>
  <w>bli</w>
  <w>det</w>
  <w>värsta</w>
  <w>tänkbara</w>
  <w>land</w>
  <w>som</w>
  <w>kan</w>
  <w>konstrueras</w>
  <w>.</w>
  <w>Finns</w>
  <w>det</w>
  <w>demoner</w>
  <w>som</w>
  <w>går</w>
  <w>på</w>
  <w>jorden</w>
  <w>är</w>
  <absaspan id=132>
    <w>våra</w>
  </absaspan>
  <absaspan id=133>
    <w>nuvarande</w>
    <w>politiker</w>
  </absaspan>
  <w>i</w>
  <w>regeringen</w>
  <w>garanterat</w>
  <w>det</w>
  <w>.</w>
</absapar>
<absapar id=20>
  <absaspan id=134>
    <w>Ni</w>
  </absaspan>
  <absaspan id=135 senti=1>
    <w>är</w>
    <w>så</w>
    <w>hemska</w>
    <w>och</w>
    <w>elaka</w>
  </absaspan>
  <w>,</w>
  <absaspan id=136>
    <w>ni</w>
  </absaspan>
  <absaspan id=137 senti=1>
    <w>är</w>
    <w>totalt</w>
    <w>och</w>
    <w>fullkomligt</w>
    <w>sinnesförvirrade</w>
  </absaspan>
  <w>och</w>
  <absaspan id=138>
    <w>ni</w>
  </absaspan>
  <absaspan id=139 senti=1>
    <w>har</w>
    <w>inget</w>
    <w>existensberättigande</w>
  </absaspan>
  <w>.</w>
  <w>Det</w>
  <absaspan id=140 senti=1>
    <w>är</w>
    <w>en</w>
    <w>synd</w>
  </absaspan>
  <absaspan id=141>
    <w>att</w>
    <w>våra</w>
    <w>politiker</w>
    <w>i</w>
    <w>regeringen</w>
    <w>får</w>
    <w>vistas</w>
    <w>på</w>
    <w>denna</w>
    <w>jord</w>
    <w>med</w>
    <w>bra</w>
    <w>människor</w>
  </absaspan>
  <w>.</w>
</absapar>
<absapar id=21>
  <absaspan id=142>
    <w>Sveriges</w>
    <w>nuvarande</w>
    <w>regeringar</w>
  </absaspan>
  <absaspan id=143 senti=1>
    <w>har</w>
    <w>inte</w>
    <w>min</w>
    <w>tillit</w>
    <w>över</w>
    <w>huvud</w>
    <w>taget</w>
  </absaspan>
  <w>.</w>
</absapar>
<absapar id=22 senti=1>
  <w>Så</w>
  <absaspan id=144 senti=4>
    <w>Vi</w>
    <w>får</w>
    <w>hoppas</w>
    <w>att</w>
  </absaspan>
  <absaspan id=145>
    <w>THE</w>
    <w>Donald</w>
    <w>J</w>
    <w>Trump</w>
    <w>kommer</w>
    <w>förändra</w>
    <w>Sverige</w>
    <w>till</w>
    <w>det</w>
  </absaspan>
  <absaspan id=146 senti=5>
    <w>lyckorike</w>
  </absaspan>
  <absaspan id=147>
    <w>det</w>
    <w>en</w>
    <w>gång</w>
    <w>var</w>
    <w>innan</w>
  </absaspan>
  <absaspan id=148>
    <w>invandrarna</w>
  </absaspan>
  <absaspan id=149 senti=1>
    <w>kom</w>
    <w>och</w>
    <w>förstörde</w>
    <w>allt</w>
    <w>MINA</w>
    <w>förfäder</w>
    <w>har</w>
    <w>byggt</w>
    <w>upp</w>
  </absaspan>
  <w>.</w>
</absapar>
<absapar id=23 senti=1>
  <absaspan id=150>
    <w>Östasiaterna</w>
  </absaspan>
  <w>ska</w>
  <w>man</w>
  <w>inte</w>
  <w>skylla</w>
  <w>på</w>
  <w>,</w>
  <absaspan id=151>
    <w>dom</w>
  </absaspan>
  <absaspan id=152 senti=4>
    <w>sköter</w>
    <w>sig</w>
  </absaspan>
  <w>.</w>
  <w>Men</w>
  <absaspan id=153 senti=1>
    <w>detta</w>
    <w>förbannade</w>
    <w>skitfolk</w>
  </absaspan>
  <absaspan id=154>
    <w>från</w>
    <w>mellanöstern</w>
    <w>som</w>
    <w>kallar</w>
    <w>sig</w>
    <w>muslimer</w>
  </absaspan>
  <absaspan id=155 senti=1>
    <w>är</w>
    <w>ONDSKANS</w>
    <w>AVFÖRING</w>
  </absaspan>
  <w>.</w>
</absapar>
<absapar id=24 senti=1>
  <absaspan id=156 senti=1>
    <w>DRA</w>
    <w>ÅT</w>
    <w>HELVETE</w>
    <w>DÄR</w>
    <w>NI</w>
    <w>HÖR</w>
    <w>HEMMA</w>
  </absaspan>
  <w>MED</w>
  <w>ER</w>
  <w>OCH</w>
  <w>ERAN</w>
  <absaspan id=157 senti=1>
    <w>FÖRBANNADE</w>
  </absaspan>
  <w>"</w>
  <w>BEHANDLA</w>
  <w>ANDRA</w>
  <w>PRECIS</w>
  <w>HUR</w>
  <w>FAN</w>
  <w>NI</w>
  <w>VILL</w>
  <w>"</w>
  <absaspan id=158 senti=1>
    <w>DÅLIGA</w>
    <w>URSÄKT</w>
    <w>FÖR</w>
  </absaspan>
  <absaspan id=159>
    <w>RELIGION</w>
  </absaspan>
  <w>.</w>
</absapar>
<absapar id=25 senti=1>
  <w>Med</w>
  <w>det</w>
  <w>sagt</w>
  <absaspan id=160 senti=5>
    <w>hoppas</w>
  </absaspan>
  <absaspan id=161>
    <w>vi</w>
    <w>alla</w>
  </absaspan>
  <absaspan id=162 senti=5>
    <w>innerligt</w>
  </absaspan>
  <absaspan id=163>
    <w>att</w>
    <w>vi</w>
    <w>kan</w>
    <w>finna</w>
    <w>fred</w>
    <w>i</w>
    <w>vårat</w>
    <w>land</w>
    <w>en</w>
    <w>vacker</w>
    <w>dag</w>
  </absaspan>
  <w>,</w>
  <w>för</w>
  <w>nu</w>
  <w>pågår</w>
  <w>redan</w>
  <w>en</w>
  <w>inbördeskrig</w>
  <w>i</w>
  <w>Sverige</w>
  <w>.</w>
  <w>Det</w>
  <w>är</w>
  <w>ett</w>
  <w>inbördeskrig</w>
  <w>mellan</w>
  <w>Laglydiga</w>
  <w>och</w>
  <w>Kriminella</w>
  <w>i</w>
  <w>Sverige</w>
  <w>idag</w>
  <w>.</w>
  <w>Det</w>
  <w>är</w>
  <w>ett</w>
  <w>inbördeskrig</w>
  <w>mellan</w>
  <absaspan id=164 senti=4>
    <w>friska</w>
  </absaspan>
  <w>och</w>
  <absaspan id=165 senti=1>
    <w>sinnesjuka</w>
  </absaspan>
  <absaspan id=166>
    <w>människor</w>
  </absaspan>
  <w>.</w>
  <w>Det</w>
  <w>är</w>
  <w>ett</w>
  <w>krig</w>
  <w>mellan</w>
  <w>raser</w>
  <w>och</w>
  <w>det</w>
  <w>är</w>
  <w>ett</w>
  <w>krig</w>
  <w>mot</w>
  <w>GUD</w>
  <w>.</w>
</absapar>
<absapar id=26 senti=1>
  <w>Donald</w>
  <w>Trump</w>
  <w>är</w>
  <w>nu</w>
  <w>president</w>
  <w>,</w>
  <w>NU</w>
  <w>SKALL</w>
  <w>GODHETEN</w>
  <w>SEGRA</w>
  <w>!</w>
  <w>!</w>
  <w>!</w>
  <w>HOPPET</w>
  <w>ÄR</w>
  <w>NU</w>
  <w>TÄNT</w>
  <w>!</w>
  <w>!</w>
  <w>!</w>
  <w>DET</w>
  <absaspan id=167 senti=4>
    <w>VACKRA</w>
  </absaspan>
  <absaspan id=168>
    <w>SVERIGE</w>
  </absaspan>
  <w>SKA</w>
  <w>ÅTERUPPBYGGAS</w>
  <w>MED</w>
  <w>GODHETEN</w>
  <w>OCH</w>
  <w>BANNA</w>
  <w>MÖRKRETS</w>
  <w>SINNESJUKA</w>
  <w>!</w>
  <w>!</w>
  <w>!</w>
  <w>.</w>
</absapar>
<absapar id=27>
  <w>Debatten</w>
  <w>går</w>
  <w>ut</w>
  <w>på</w>
  <w>:</w>
  <w>.</w>
</absapar>
<absapar id=28>
  <w>Hur</w>
  <w>känner</w>
  <w>ni</w>
  <w>inför</w>
  <w>Donald</w>
  <w>J</w>
  <w>Trumps</w>
  <absaspan id=169 senti=5>
    <w>HELIGA</w>
  </absaspan>
  <absaspan id=170>
    <w>seger</w>
    <w>över</w>
  </absaspan>
  <absaspan id=171 senti=1>
    <w>mörkrets</w>
    <w>makter</w>
  </absaspan>
  <w>?</w>
  <w>.</w>
</absapar>
<absapar id=29>
  <w>Vad</w>
  <w>tror</w>
  <w>ni</w>
  <w>kommer</w>
  <w>hända</w>
  <w>i</w>
  <w>Sverige</w>
  <w>nu</w>
  <w>när</w>
  <absaspan id=172 senti=4>
    <w>dom</w>
    <w>goda</w>
  </absaspan>
  <w>har</w>
  <w>segrat</w>
  <w>i</w>
  <w>USA</w>
  <w>?</w>
  <w>.</w>
</absapar>
</absadoc>
