<absadoc annotators=1 senti=>
<absatitle>
  <w>Skulle</w>
  <w>ni</w>
  <w>våga</w>
  <w>avbryta</w>
  <w>en</w>
  <w>misshandel</w>
  <w>?</w>
</absatitle>
<absapar id=1>
  <w>Om</w>
  <w>ni</w>
  <w>rent</w>
  <w>hypotetiskt</w>
  <w>skulle</w>
  <w>vara</w>
  <w>på</w>
  <w>väg</w>
  <w>hem</w>
  <w>efter</w>
  <w>en</w>
  <w>bio</w>
  <w>och</w>
  <w>går</w>
  <w>igenom</w>
  <w>en</w>
  <w>park</w>
  <w>i</w>
  <w>stan</w>
  <w>mot</w>
  <w>din</w>
  <w>bil</w>
  <w>/</w>
  <w>lägenhet</w>
  <w>,</w>
  <w>också</w>
  <w>ser</w>
  <w>du</w>
  <absaspan id=1>
    <w>ett</w>
  </absaspan>
  <absaspan id=2>
    <w>par</w>
    <w>killar</w>
  </absaspan>
  <w>som</w>
  <w>både</w>
  <w>slår</w>
  <w>och</w>
  <w>sparkar</w>
  <w>på</w>
  <w>en</w>
  <w>ensam</w>
  <w>kille</w>
  <w>som</w>
  <w>ligger</w>
  <w>ner</w>
  <w>,</w>
  <w>och</w>
  <w>flera</w>
  <w>sparkar</w>
  <w>riktas</w>
  <w>emot</w>
  <w>hans</w>
  <w>huvud</w>
  <w>.</w>
</absapar>
<absapar id=2>
  <w>Nå</w>
  <w>skulle</w>
  <w>ni</w>
  <w>våga</w>
  <w>hjälpa</w>
  <w>han</w>
  <w>?</w>
  <w>Tänk</w>
  <w>också</w>
  <w>på</w>
  <w>att</w>
  <w>eftersom</w>
  <absaspan id=3>
    <w>de</w>
  </absaspan>
  <absaspan id=4 senti=2>
    <w>är</w>
    <w>störda</w>
    <w>nog</w>
    <w>att</w>
    <w>sparka</w>
    <w>på</w>
    <w>en</w>
    <w>ensam</w>
    <w>kille</w>
  </absaspan>
  <w>som</w>
  <w>ligger</w>
  <w>ner</w>
  <w>så</w>
  <w>är</w>
  <w>de</w>
  <w>nog</w>
  <w>störda</w>
  <w>att</w>
  <w>ge</w>
  <w>sig</w>
  <w>på</w>
  <w>dig</w>
  <w>med</w>
  <w>samma</w>
  <w>behandling</w>
  <w>.</w>
</absapar>
<absapar id=3>
  <w>#</w>
  <w>P</w>
  <w>IMM</w>
  <w>.</w>
  <w>1</w>
  <w>.</w>
  <w>Gå</w>
  <w>hem</w>
  <w>med</w>
  <w>hälsan</w>
  <w>i</w>
  <w>behåll</w>
  <w>som</w>
  <absaspan id=5 senti=1>
    <w>en</w>
    <w>jävla</w>
    <w>fegis</w>
  </absaspan>
  <w>.</w>
</absapar>
<absapar id=4>
  <w>#</w>
  <w>P</w>
  <w>IMM</w>
  <w>.</w>
  <w>2</w>
  <w>.</w>
  <w>Ge</w>
  <w>dig</w>
  <w>in</w>
  <w>i</w>
  <w>leken</w>
  <w>och</w>
  <w>riskera</w>
  <w>hjärnblödning</w>
  <w>och</w>
  <w>skallfrakturer</w>
  <w>.</w>
</absapar>
<absapar id=5>
  <w>Motivera</w>
  <w>ditt</w>
  <w>svar</w>
  <w>.</w>
  <w>Tack</w>
  <w>på</w>
  <w>förhand</w>
  <w>!</w>
  <w>.</w>
</absapar>
<absapar id=6>
  <w>Mvh</w>
  <w>.</w>
</absapar>
</absadoc>
