<absadoc annotators=1 senti=2>
<absatitle>
  <w>Migrationsverket</w>
  <w>:</w>
  <w>293</w>
  <w>milljarder</w>
  <w>kr</w>
  <w>.</w>
</absatitle>
<absapar id=1 senti=2>
  <absaspan id=1 senti=2>
    <w>Moraliskt</w>
    <w>rimligt</w>
  </absaspan>
  <absaspan id=2>
    <w>lägga</w>
    <w>ut</w>
    <w>293</w>
    <w>miljarder</w>
    <w>på</w>
    <w>Migrationsverket</w>
    <w>när</w>
    <w>FN</w>
    <w>vädjar</w>
    <w>om</w>
    <w>200</w>
    <w>miljarder</w>
    <w>för</w>
    <w>129</w>
    <w>miljoner</w>
    <w>migranter</w>
    <w>i</w>
    <w>världen</w>
  </absaspan>
  <w>?</w>
  <w>.</w>
</absapar>
<absapar id=2>
  <w>För</w>
  <w>att</w>
  <w>enklast</w>
  <w>komma</w>
  <w>åt</w>
  <w>budget</w>
  <w>prognoserna</w>
  <w>.</w>
</absapar>
<absapar id=3>
  <w>För</w>
  <w>varje</w>
  <w>länk</w>
  <w>till</w>
  <w>migrationsverket</w>
  <w>,</w>
  <w>scrolla</w>
  <w>ner</w>
  <w>till</w>
  <w>sista</w>
  <w>sidan</w>
  <w>,</w>
  <w>därefter</w>
  <w>scrolla</w>
  <w>upp</w>
  <w>beroende</w>
  <w>dokument</w>
  <w>6</w>
  <w>-</w>
  <w>11</w>
  <w>sidor</w>
  <w>.</w>
  <w>ser</w>
  <w>ett</w>
  <w>vågrätt</w>
  <w>dokument</w>
  <w>i</w>
  <w>grått</w>
  <w>med</w>
  <w>årtal</w>
  <w>och</w>
  <w>kolumner</w>
  <w>.</w>
  <w>Det</w>
  <w>ska</w>
  <w>stå</w>
  <w>Prognos</w>
  <w>efter</w>
  <w>behov</w>
  <w>,</w>
  <w>huvudscenario</w>
  <w>.</w>
  <w>Står</w>
  <w>ingen</w>
  <w>siffra</w>
  <w>i</w>
  <w>något</w>
  <w>hörn</w>
  <w>.</w>
  <w>Summan</w>
  <w>är</w>
  <w>kolumnen</w>
  <w>längst</w>
  <w>åt</w>
  <w>höger</w>
  <w>.</w>
</absapar>
<absapar id=4>
  <w>Man</w>
  <w>kan</w>
  <w>jämföra</w>
  <w>ex</w>
  <w>2016</w>
  <w>med</w>
  <w>"</w>
  <w>alternativ</w>
  <w>fakta</w>
  <w>"</w>
  <w>uppger</w>
  <w>samma</w>
  <w>budget</w>
  <w>.</w>
</absapar>
<absapar id=5>
  <w>Detta</w>
  <w>är</w>
  <w>offentliga</w>
  <w>källor</w>
  <w>från</w>
  <w>den</w>
  <w>statliga</w>
  <w>myndigheten</w>
  <w>Migrationsverket</w>
  <w>,</w>
  <absaspan id=3 senti=2 irony>
    <w>duger</w>
    <w>"</w>
    <w>alternativ</w>
    <w>fakta</w>
  </absaspan>
  <w>"</w>
  <w>?</w>
  <w>.</w>
</absapar>
<absapar id=6>
  <absaspan id=4>
    <w>FN</w>
  </absaspan>
  <absaspan id=5 senti=4>
    <w>vädjar</w>
  </absaspan>
  <w>till</w>
  <absaspan id=6>
    <w>världssamfundet</w>
    <w>att</w>
    <w>skramla</w>
    <w>ihop</w>
    <w>22,2</w>
    <w>miljarder</w>
    <w>dollar</w>
  </absaspan>
  <w>(</w>
  <w>motsvarande</w>
  <w>drygt</w>
  <w>200</w>
  <w>miljarder</w>
  <w>kronor</w>
  <w>)</w>
  <w>i</w>
  <w>humanitärt</w>
  <w>bistånd</w>
  <w>under</w>
  <w>2017</w>
  <w>.</w>
</absapar>
<absapar id=7>
  <w>Pengarna</w>
  <w>ska</w>
  <w>riktas</w>
  <w>till</w>
  <w>insatser</w>
  <w>för</w>
  <w>att</w>
  <w>hjälpa</w>
  <w>de</w>
  <w>omkring</w>
  <w>93</w>
  <w>miljoner</w>
  <w>människor</w>
  <w>som</w>
  <w>är</w>
  <w>mest</w>
  <w>utsatta</w>
  <w>,</w>
  <w>av</w>
  <w>sammanlagt</w>
  <w>129</w>
  <w>miljoner</w>
  <w>människor</w>
  <w>utspridda</w>
  <w>i</w>
  <w>33</w>
  <w>länder</w>
  <w>som</w>
  <w>väntas</w>
  <w>behöva</w>
  <w>stöd</w>
  <w>från</w>
  <w>FN</w>
  <w>under</w>
  <w>nästa</w>
  <w>år</w>
  <w>.</w>
</absapar>
<absapar id=8>
  <w>#</w>
  <w>P</w>
  <w>IMM</w>
  <w>.</w>
  <w>2013</w>
  <w>:</w>
  <w>.</w>
</absapar>
<absapar id=9>
  <w>#</w>
  <w>P</w>
  <w>IMM</w>
  <w>.</w>
  <w>15.415.063</w>
  <w>kr</w>
  <w>.</w>
</absapar>
<absapar id=10>
  <w>#</w>
  <w>P</w>
  <w>IMM</w>
  <w>.</w>
  <w>2014</w>
  <w>:</w>
  <w>.</w>
</absapar>
<absapar id=11>
  <w>#</w>
  <w>P</w>
  <w>IMM</w>
  <w>.</w>
  <w>20.037.300</w>
  <w>kr</w>
  <w>.</w>
</absapar>
<absapar id=12>
  <w>#</w>
  <w>P</w>
  <w>IMM</w>
  <w>.</w>
  <w>2015</w>
  <w>:</w>
  <w>.</w>
</absapar>
<absapar id=13>
  <w>#</w>
  <w>P</w>
  <w>IMM</w>
  <w>.</w>
  <w>27.480.338</w>
  <w>kr</w>
  <w>.</w>
</absapar>
<absapar id=14>
  <w>#</w>
  <w>P</w>
  <w>IMM</w>
  <w>.</w>
  <w>2016</w>
  <w>:</w>
  <w>.</w>
</absapar>
<absapar id=15>
  <w>#</w>
  <w>P</w>
  <w>IMM</w>
  <w>.</w>
  <w>50.256.793</w>
  <w>kr</w>
  <w>.</w>
</absapar>
<absapar id=16>
  <w>#</w>
  <w>P</w>
  <w>IMM</w>
  <w>.</w>
  <w>2017</w>
  <w>:</w>
  <w>.</w>
</absapar>
<absapar id=17>
  <w>#</w>
  <w>P</w>
  <w>IMM</w>
  <w>.</w>
  <w>54.198.828</w>
  <w>kr</w>
  <w>.</w>
</absapar>
<absapar id=18>
  <w>#</w>
  <w>P</w>
  <w>IMM</w>
  <w>.</w>
  <w>2018</w>
  <w>:</w>
  <w>.</w>
</absapar>
<absapar id=19>
  <w>#</w>
  <w>P</w>
  <w>IMM</w>
  <w>.</w>
  <w>38.644.922</w>
  <w>kr</w>
  <w>.</w>
</absapar>
<absapar id=20>
  <w>#</w>
  <w>P</w>
  <w>IMM</w>
  <w>.</w>
  <w>2019</w>
  <w>:</w>
  <w>.</w>
</absapar>
<absapar id=21>
  <w>#</w>
  <w>P</w>
  <w>IMM</w>
  <w>.</w>
  <w>30.751.180</w>
  <w>kr</w>
  <w>.</w>
</absapar>
<absapar id=22>
  <w>#</w>
  <w>P</w>
  <w>IMM</w>
  <w>.</w>
  <w>2020</w>
  <w>:</w>
  <w>.</w>
</absapar>
<absapar id=23>
  <w>#</w>
  <w>P</w>
  <w>IMM</w>
  <w>.</w>
  <w>28.964.199</w>
  <w>kr</w>
  <w>.</w>
</absapar>
<absapar id=24>
  <w>#</w>
  <w>P</w>
  <w>IMM</w>
  <w>.</w>
  <w>2021</w>
  <w>:</w>
  <w>.</w>
</absapar>
<absapar id=25>
  <w>#</w>
  <w>P</w>
  <w>IMM</w>
  <w>.</w>
  <w>27.657.095</w>
  <w>kr</w>
  <w>.</w>
</absapar>
</absadoc>
