<absadoc annotators=1 senti=>
<absatitle>
  <w>Vetenskap</w>
  <w>eller</w>
  <w>galenskap</w>
  <w>?</w>
  <w>.</w>
</absatitle>
<absapar id=1>
  <w>Vetenskapsrådet</w>
  <w>har</w>
  <w>beviljat</w>
  <w>över</w>
  <w>en</w>
  <w>halv</w>
  <w>miljon</w>
  <w>kronor</w>
  <w>till</w>
  <w>ett</w>
  <w>treårigt</w>
  <w>projekt</w>
  <w>i</w>
  <w>musikvetenskap</w>
  <w>,</w>
  <w>"</w>
  <w>Trumpeten</w>
  <w>som</w>
  <w>genussymbol</w>
  <w>"</w>
  <w>,</w>
  <w>som</w>
  <w>ska</w>
  <w>söka</w>
  <w>misstänkt</w>
  <w>genusspecifika</w>
  <w>klanger</w>
  <w>hos</w>
  <w>instrumentet</w>
  <w>.</w>
  <absaspan id=1 senti=2>
    <w>Genusvansinnet</w>
  </absaspan>
  <w>har</w>
  <w>nått</w>
  <w>nya</w>
  <w>höjder</w>
  <w>,</w>
  <w>skriver</w>
  <absaspan id=2>
    <w>Tanja</w>
    <w>Bergkvist</w>
  </absaspan>
  <w>.</w>
</absapar>
<absapar id=2>
  <w>Vetenskapsrådet</w>
  <w>är</w>
  <w>den</w>
  <w>största</w>
  <w>statliga</w>
  <w>finansiären</w>
  <w>av</w>
  <w>grundforskning</w>
  <w>vid</w>
  <w>svenska</w>
  <w>universitet</w>
  <w>,</w>
  <w>högskolor</w>
  <w>och</w>
  <w>institut</w>
  <w>.</w>
  <w>Nyligen</w>
  <w>kritiserade</w>
  <w>jag</w>
  <w>genusidéernas</w>
  <w>inflytande</w>
  <w>över</w>
  <w>svenska</w>
  <w>förskolor</w>
  <w>–</w>
  <w>men</w>
  <w>det</w>
  <w>stannar</w>
  <w>inte</w>
  <w>där</w>
  <w>.</w>
</absapar>
<absapar id=3>
  <w>Det</w>
  <w>här</w>
  <w>är</w>
  <w>en</w>
  <w>argumenterande</w>
  <w>text</w>
  <w>med</w>
  <w>syfte</w>
  <w>att</w>
  <w>påverka</w>
  <w>.</w>
  <w>Åsikterna</w>
  <w>som</w>
  <w>uttrycks</w>
  <w>är</w>
  <w>skribentens</w>
  <w>egna</w>
  <w>.</w>
</absapar>
<absapar id=4>
  <w>En</w>
  <w>liten</w>
  <w>klick</w>
  <w>experter</w>
  <w>i</w>
  <w>det</w>
  <w>här</w>
  <w>landet</w>
  <w>som</w>
  <w>fått</w>
  <w>oproportionerligt</w>
  <w>stort</w>
  <w>inflytande</w>
  <w>har</w>
  <w>nämligen</w>
  <w>som</w>
  <w>uttalad</w>
  <w>målsättning</w>
  <w>att</w>
  <w>"</w>
  <w>genusperspektivet</w>
  <w>"</w>
  <w>ska</w>
  <w>genomsyra</w>
  <w>all</w>
  <w>privat</w>
  <w>och</w>
  <w>offentlig</w>
  <w>verksamhet</w>
  <w>i</w>
  <w>landet</w>
  <w>,</w>
  <w>så</w>
  <w>även</w>
  <w>forskningen</w>
  <w>.</w>
</absapar>
<absapar id=5>
  <w>Inom</w>
  <w>Vetenskapsrådet</w>
  <w>finns</w>
  <w>en</w>
  <w>särskild</w>
  <w>genuskommitté</w>
  <w>med</w>
  <w>uppgift</w>
  <w>att</w>
  <w>"</w>
  <w>verka</w>
  <w>för</w>
  <w>att</w>
  <w>genusperspektiv</w>
  <w>får</w>
  <w>genomslag</w>
  <w>i</w>
  <w>forskningen</w>
  <w>"</w>
  <w>.</w>
  <w>En</w>
  <w>sökning</w>
  <w>i</w>
  <w>Vetenskapsrådets</w>
  <w>projektdatabas</w>
  <w>ger</w>
  <w>en</w>
  <w>tydlig</w>
  <w>bild</w>
  <w>av</w>
  <w>hur</w>
  <w>långt</w>
  <w>genusvansinnet</w>
  <w>gått</w>
  <w>.</w>
</absapar>
<absapar id=6>
  <w>Rådet</w>
  <w>har</w>
  <w>beviljat</w>
  <w>över</w>
  <w>en</w>
  <w>halv</w>
  <w>miljon</w>
  <w>kronor</w>
  <w>för</w>
  <w>ett</w>
  <w>treårigt</w>
  <w>projekt</w>
  <w>inom</w>
  <w>musikvetenskap</w>
  <w>med</w>
  <w>titeln</w>
  <w>"</w>
  <w>Trumpeten</w>
  <w>som</w>
  <w>genussymbol</w>
  <w>"</w>
  <w>(</w>
  <w>dnr</w>
  <w>2008</w>
  <w>-</w>
  <w>528</w>
  <w>)</w>
  <w>,</w>
  <w>där</w>
  <w>man</w>
  <w>bland</w>
  <w>annat</w>
  <w>ska</w>
  <w>"</w>
  <w>problematisera</w>
  <w>begreppen</w>
  <w>manligt</w>
  <w>och</w>
  <w>kvinnligt</w>
  <w>och</w>
  <w>undersöka</w>
  <w>närmare</w>
  <w>de</w>
  <w>föreställningar</w>
  <w>som</w>
  <w>är</w>
  <w>verksamma</w>
  <w>och</w>
  <w>skapar</w>
  <w>trumpeten</w>
  <w>som</w>
  <w>markör</w>
  <w>för</w>
  <w>manlighet</w>
  <w>.</w>
  <w>"</w>
  <w>.</w>
</absapar>
<absapar id=7>
  <w>Projektbeskrivningen</w>
  <w>talar</w>
  <w>för</w>
  <w>sig</w>
  <w>själv</w>
  <w>,</w>
  <w>jag</w>
  <w>citerar</w>
  <w>några</w>
  <w>utvalda</w>
  <w>delar</w>
  <w>:</w>
  <w>.</w>
</absapar>
<absapar id=8>
  <w>"</w>
  <w>Den</w>
  <w>övergripande</w>
  <w>frågeställningen</w>
  <w>är</w>
  <w>att</w>
  <w>undersöka</w>
  <w>vilka</w>
  <w>mekanismer</w>
  <w>och</w>
  <w>sociala</w>
  <w>och</w>
  <w>kulturella</w>
  <w>sammanhang</w>
  <w>i</w>
  <w>tid</w>
  <w>och</w>
  <w>rum</w>
  <w>som</w>
  <w>gestaltas</w>
  <w>,</w>
  <w>skapas</w>
  <w>och</w>
  <w>återskapas</w>
  <w>genom</w>
  <w>trumpeten</w>
  <w>som</w>
  <w>genussymbol</w>
  <w>.</w>
</absapar>
<absapar id=9>
  <w>Skräddarsydda</w>
  <w>kurser</w>
  <w>i</w>
  <w>ämnen</w>
  <w>som</w>
  <w>intresserar</w>
  <w>och</w>
  <w>engagerar</w>
  <w>både</w>
  <w>kropp</w>
  <w>och</w>
  <w>själ</w>
  <w>.</w>
</absapar>
<absapar id=10>
  <w>För</w>
  <w>att</w>
  <w>kunna</w>
  <w>utkristallisera</w>
  <w>dessa</w>
  <w>blir</w>
  <w>det</w>
  <w>nödvändigt</w>
  <w>att</w>
  <w>problematisera</w>
  <w>begreppen</w>
  <w>manligt</w>
  <w>och</w>
  <w>kvinnligt</w>
  <w>och</w>
  <w>undersöka</w>
  <w>närmare</w>
  <w>de</w>
  <w>föreställningar</w>
  <w>som</w>
  <w>är</w>
  <w>verksamma</w>
  <w>och</w>
  <w>skapar</w>
  <w>trumpeten</w>
  <w>som</w>
  <w>markör</w>
  <w>för</w>
  <w>manlighet</w>
  <w>.</w>
</absapar>
<absapar id=11>
  <w>Vilka</w>
  <w>normer</w>
  <w>ligger</w>
  <w>bakom</w>
  <w>detta</w>
  <w>?</w>
  <w>Hur</w>
  <w>kommer</w>
  <w>dessa</w>
  <w>till</w>
  <w>uttryck</w>
  <w>och</w>
  <w>hur</w>
  <w>tvingande</w>
  <w>tycks</w>
  <w>de</w>
  <w>vara</w>
  <w>?</w>
  <w>.</w>
</absapar>
<absapar id=12>
  <w>Frågor</w>
  <w>som</w>
  <w>leder</w>
  <w>mig</w>
  <w>är</w>
  <w>:</w>
  <w>Vilken</w>
  <w>klang</w>
  <w>i</w>
  <w>trumpetens</w>
  <w>breda</w>
  <w>klangspektrum</w>
  <w>blir</w>
  <w>till</w>
  <w>norm</w>
  <w>och</w>
  <w>vilken</w>
  <w>klang</w>
  <w>uppfattas</w>
  <w>som</w>
  <w>avvikande</w>
  <w>och</w>
  <w>kallas</w>
  <w>för</w>
  <w>kvinnlig</w>
  <w>respektive</w>
  <w>manlig</w>
  <w>?</w>
  <w>Vad</w>
  <w>händer</w>
  <w>med</w>
  <w>klangen</w>
  <w>,</w>
  <w>när</w>
  <w>trumpetaren</w>
  <w>spelar</w>
  <w>med</w>
  <w>en</w>
  <w>’</w>
  <w>kvinnlig</w>
  <w>klang</w>
  <w>’</w>
  <w>?</w>
  <w>.</w>
</absapar>
<absapar id=13>
  <w>För</w>
  <w>att</w>
  <w>komma</w>
  <w>åt</w>
  <w>konstruktionen</w>
  <w>av</w>
  <w>trumpetbilden</w>
  <w>ska</w>
  <w>jag</w>
  <w>även</w>
  <w>analysera</w>
  <w>trumpetdiskurser</w>
  <w>både</w>
  <w>i</w>
  <w>akademisk</w>
  <w>tradition</w>
  <w>och</w>
  <w>i</w>
  <w>populära</w>
  <w>sammanhang</w>
  <w>.</w>
</absapar>
<absapar id=14>
  <w>Någon</w>
  <w>liknande</w>
  <w>studie</w>
  <w>har</w>
  <w>inte</w>
  <w>tidigare</w>
  <w>gjorts</w>
  <w>.</w>
  <w>Genusperspektiv</w>
  <w>har</w>
  <w>länge</w>
  <w>inte</w>
  <w>tagits</w>
  <w>i</w>
  <w>beaktning</w>
  <w>inom</w>
  <w>trumpetforskningen</w>
  <w>.</w>
  <w>På</w>
  <w>det</w>
  <w>viset</w>
  <w>innebär</w>
  <w>det</w>
  <w>planerade</w>
  <w>projektet</w>
  <w>ett</w>
  <w>viktigt</w>
  <w>kunskapstillskott</w>
  <w>inom</w>
  <w>forskningsfältet</w>
  <w>.</w>
</absapar>
<absapar id=15>
  <w>Intresset</w>
  <w>för</w>
  <w>genusforskningenligger</w>
  <w>i</w>
  <w>att</w>
  <w>undersökningen</w>
  <w>kommer</w>
  <w>att</w>
  <w>belysa</w>
  <w>hur</w>
  <w>genus</w>
  <w>konstrueras</w>
  <w>i</w>
  <w>musiksammanhang</w>
  <w>,</w>
  <w>kopplat</w>
  <w>till</w>
  <w>instrumentet</w>
  <w>trumpet</w>
  <w>.</w>
  <w>"</w>
  <w>.</w>
</absapar>
<absapar id=16>
  <absaspan id=3>
    <w>Jag</w>
  </absaspan>
  <w>utgår</w>
  <w>ifrån</w>
  <w>att</w>
  <w>jag</w>
  <w>skulle</w>
  <w>få</w>
  <w>stöd</w>
  <w>på</w>
  <w>liknande</w>
  <w>sätt</w>
  <w>om</w>
  <w>jag</w>
  <w>gör</w>
  <w>en</w>
  <w>projektbeskrivning</w>
  <w>i</w>
  <w>matematik</w>
  <w>där</w>
  <w>jag</w>
  <w>kan</w>
  <w>ägna</w>
  <w>tre</w>
  <w>år</w>
  <w>åt</w>
  <w>att</w>
  <w>studera</w>
  <w>flerdimensionell</w>
  <w>analys</w>
  <w>ur</w>
  <w>ett</w>
  <w>genusperspektiv</w>
  <w>,</w>
  <w>till</w>
  <w>exempel</w>
  <w>hur</w>
  <w>matematiken</w>
  <w>som</w>
  <w>vetenskap</w>
  <w>omedvetet</w>
  <w>genom</w>
  <w>sitt</w>
  <w>bruk</w>
  <w>av</w>
  <w>variabler</w>
  <w>och</w>
  <w>normer</w>
  <w>befäster</w>
  <w>stereotyper</w>
  <w>och</w>
  <w>förstärker</w>
  <w>den</w>
  <w>i</w>
  <w>samhället</w>
  <w>rådande</w>
  <w>könsmaktsordningen</w>
  <absaspan id=4 senti=2>
    <w>.</w>
  </absaspan>
</absapar>
<absapar id=17>
  <w>Så</w>
  <w>här</w>
  <w>skulle</w>
  <w>en</w>
  <w>ansökan</w>
  <w>kunna</w>
  <w>se</w>
  <w>ut</w>
  <w>:</w>
  <w>.</w>
</absapar>
<absapar id=18>
  <w>Jag</w>
  <w>tänkte</w>
  <w>börja</w>
  <w>med</w>
  <w>att</w>
  <w>ur</w>
  <w>ett</w>
  <w>genusperspektiv</w>
  <w>problematisera</w>
  <w>klassen</w>
  <w>av</w>
  <w>ekvationer</w>
  <w>i</w>
  <w>två</w>
  <w>variabler</w>
  <w>x</w>
  <w>och</w>
  <w>y</w>
  <w>,</w>
  <w>där</w>
  <w>x</w>
  <w>utgör</w>
  <w>den</w>
  <w>kvinnliga</w>
  <w>komponenten</w>
  <w>och</w>
  <w>y</w>
  <w>den</w>
  <w>manliga</w>
  <w>.</w>
  <w>Hur</w>
  <w>ofta</w>
  <w>förekommer</w>
  <w>y</w>
  <w>i</w>
  <w>förhållande</w>
  <w>till</w>
  <w>x</w>
  <w>,</w>
  <w>och</w>
  <w>vilken</w>
  <w>av</w>
  <w>dessa</w>
  <w>variabler</w>
  <w>tilldelas</w>
  <w>genomgående</w>
  <w>den</w>
  <w>högsta</w>
  <w>exponenten</w>
  <w>i</w>
  <w>såväl</w>
  <w>forskningsartiklar</w>
  <w>som</w>
  <w>studentlitteratur</w>
  <w>?</w>
  <w>.</w>
</absapar>
<absapar id=19>
  <w>Hur</w>
  <w>påverkar</w>
  <w>detta</w>
  <w>i</w>
  <w>ekvationen</w>
  <w>inbyggda</w>
  <w>könsmönster</w>
  <w>den</w>
  <w>kvinnliga</w>
  <w>studentens</w>
  <w>självbild</w>
  <w>,</w>
  <w>och</w>
  <w>vilka</w>
  <w>mekanismer</w>
  <w>ligger</w>
  <w>bakom</w>
  <w>den</w>
  <w>förtryckarstruktur</w>
  <w>som</w>
  <w>döljer</w>
  <w>sig</w>
  <w>inom</w>
  <w>flerdimensionell</w>
  <w>analys</w>
  <w>?</w>
  <w>.</w>
</absapar>
<absapar id=20>
  <w>Vilka</w>
  <w>matematiska</w>
  <w>normer</w>
  <w>(</w>
  <w>olika</w>
  <w>sätt</w>
  <w>att</w>
  <w>mäta</w>
  <w>längden</w>
  <w>av</w>
  <w>en</w>
  <w>vektor</w>
  <w>i</w>
  <w>ett</w>
  <w>normerat</w>
  <w>rum</w>
  <w>)</w>
  <w>ligger</w>
  <w>bakom</w>
  <w>detta</w>
  <w>problematiska</w>
  <w>faktum</w>
  <w>?</w>
  <w>.</w>
</absapar>
<absapar id=21>
  <w>För</w>
  <w>en</w>
  <w>heltäckande</w>
  <w>analys</w>
  <w>måste</w>
  <w>man</w>
  <w>här</w>
  <w>även</w>
  <w>inkludera</w>
  <w>begreppet</w>
  <w>intersektionalitet</w>
  <w>,</w>
  <w>som</w>
  <w>innebär</w>
  <w>att</w>
  <w>ekvationen</w>
  <w>skapar</w>
  <w>sin</w>
  <w>identitet</w>
  <w>även</w>
  <w>utifrån</w>
  <w>övriga</w>
  <w>ingående</w>
  <w>variabler</w>
  <w>,</w>
  <w>utöver</w>
  <w>x</w>
  <w>och</w>
  <w>y</w>
  <w>.</w>
</absapar>
<absapar id=22>
  <w>Frågor</w>
  <w>som</w>
  <w>leder</w>
  <w>mig</w>
  <w>är</w>
  <w>:</w>
  <w>Kan</w>
  <w>man</w>
  <w>könsneutralisera</w>
  <w>en</w>
  <w>godtycklig</w>
  <w>ekvation</w>
  <w>i</w>
  <w>flera</w>
  <w>variabler</w>
  <w>genom</w>
  <w>en</w>
  <w>transformation</w>
  <w>eller</w>
  <w>social</w>
  <w>konstruktion</w>
  <w>som</w>
  <w>återför</w>
  <w>alla</w>
  <w>variabler</w>
  <w>på</w>
  <w>en</w>
  <w>icke</w>
  <w>könskodad</w>
  <w>variabel</w>
  <w>z</w>
  <w>?</w>
  <w>.</w>
</absapar>
<absapar id=23>
  <w>Vad</w>
  <w>kan</w>
  <w>man</w>
  <w>i</w>
  <w>så</w>
  <w>fall</w>
  <w>säga</w>
  <w>om</w>
  <w>den</w>
  <w>primitiva</w>
  <w>funktion</w>
  <w>som</w>
  <w>erhålls</w>
  <w>efter</w>
  <w>integration</w>
  <w>med</w>
  <w>avseende</w>
  <w>på</w>
  <w>z</w>
  <w>?</w>
  <w>Är</w>
  <w>den</w>
  <w>primitiva</w>
  <w>funktionen</w>
  <w>manligt</w>
  <w>könskodad</w>
  <w>medan</w>
  <w>den</w>
  <w>komplexa</w>
  <w>variabeln</w>
  <w>z</w>
  <w>är</w>
  <w>kvinnlig</w>
  <w>?</w>
  <w>.</w>
</absapar>
<absapar id=24>
  <w>Denna</w>
  <w>hypotes</w>
  <w>har</w>
  <w>starkt</w>
  <w>experimentellt</w>
  <w>stöd</w>
  <w>men</w>
  <w>måste</w>
  <w>ledas</w>
  <w>i</w>
  <w>bevis</w>
  <w>.</w>
</absapar>
<absapar id=25>
  <w>Hur</w>
  <w>kan</w>
  <w>man</w>
  <w>i</w>
  <w>så</w>
  <w>fall</w>
  <w>problematisera</w>
  <w>att</w>
  <w>kvinnligt</w>
  <w>/</w>
  <w>manligt</w>
  <w>gestaltas</w>
  <w>,</w>
  <w>skapas</w>
  <w>och</w>
  <w>återskapas</w>
  <w>i</w>
  <w>ekvationen</w>
  <w>även</w>
  <w>efter</w>
  <w>könsneutraliseringsprocessen</w>
  <w>?</w>
  <w>.</w>
</absapar>
<absapar id=26>
  <w>Detta</w>
  <w>genusperspektiv</w>
  <w>är</w>
  <w>helt</w>
  <w>nytt</w>
  <w>–</w>
  <w>ingen</w>
  <w>liknande</w>
  <w>studie</w>
  <w>har</w>
  <w>tidigare</w>
  <w>gjorts</w>
  <w>för</w>
  <w>att</w>
  <w>problematisera</w>
  <w>flervariabelanalysen</w>
  <w>utifrån</w>
  <w>de</w>
  <w>könsroller</w>
  <w>som</w>
  <w>de</w>
  <w>.</w>
</absapar>
<absapar id=27>
  <w>olika</w>
  <w>variablerna</w>
  <w>påtvingar</w>
  <w>ekvationerna</w>
  <w>.</w>
</absapar>
<absapar id=28>
  <w>Som</w>
  <w>sagt</w>
  <w>,</w>
  <w>så</w>
  <w>där</w>
  <w>skulle</w>
  <w>en</w>
  <w>ansökan</w>
  <w>kunna</w>
  <w>formuleras</w>
  <w>.</w>
</absapar>
<absapar id=29>
  <w>Jag</w>
  <w>bör</w>
  <w>faktiskt</w>
  <w>,</w>
  <w>med</w>
  <w>trumpetgenusprojektet</w>
  <w>i</w>
  <w>åtanke</w>
  <w>,</w>
  <w>genast</w>
  <w>skicka</w>
  <w>in</w>
  <w>den</w>
  <w>till</w>
  <w>Vetenskapsrådet</w>
  <w>.</w>
  <w>Jag</w>
  <w>tror</w>
  <w>inte</w>
  <w>att</w>
  <w>mina</w>
  <w>differentialoperatorer</w>
  <w>har</w>
  <w>en</w>
  <w>chans</w>
  <w>mot</w>
  <w>detta</w>
  <w>!</w>
  <w>.</w>
</absapar>
<absapar id=30>
  <w>TANJA</w>
  <w>BERGKVIST</w>
  <w>.</w>
</absapar>
<absapar id=31>
  <w>fil</w>
  <w>dr</w>
  <w>matematik</w>
  <w>.</w>
</absapar>
<absapar id=32>
  <w>Redaktör</w>
  <w>:</w>
  <w>Carina</w>
  <w>Stensson</w>
  <w>,</w>
  <w>Biträdande</w>
  <w>redaktör</w>
  <w>:</w>
  <w>Björn</w>
  <w>Jorner</w>
  <w>,</w>
  <w>Mejl</w>
  <w>:</w>
  <w>debatt</w>
  <w>@</w>
  <w>svd.se</w>
  <w>,</w>
  <w>Telefonnummer</w>
  <w>:</w>
  <w>08</w>
  <w>-</w>
  <w>135149</w>
  <w>,</w>
  <w>Twitter</w>
  <w>:</w>
  <w>@</w>
  <w>SvDDebatt</w>
  <w>,</w>
  <w>Facebook</w>
  <w>:</w>
  <w>SvD</w>
  <w>Debatt</w>
  <w>.</w>
</absapar>
</absadoc>
