<absadoc annotators=1 senti=>
<absatitle>
  <w>Människors</w>
  <w>dröm</w>
  <w>om</w>
  <w>villa</w>
  <w>bör</w>
  <w>bejakas</w>
  <w>.</w>
</absatitle>
<absapar id=1>
  <w>Undersökningar</w>
  <w>visar</w>
  <w>att</w>
  <w>60</w>
  <w>-</w>
  <w>70</w>
  <w>procent</w>
  <w>vill</w>
  <w>bo</w>
  <w>i</w>
  <w>småhus.Stefan</w>
  <w>Attefall</w>
  <w>.</w>
</absapar>
<absapar id=2>
  <w>Det</w>
  <w>här</w>
  <w>är</w>
  <w>en</w>
  <w>argumenterande</w>
  <w>text</w>
  <w>med</w>
  <w>syfte</w>
  <w>att</w>
  <w>påverka</w>
  <w>.</w>
  <w>Åsikterna</w>
  <w>som</w>
  <w>uttrycks</w>
  <w>är</w>
  <w>skribentens</w>
  <w>egna</w>
  <w>.</w>
</absapar>
<absapar id=3>
  <w>De</w>
  <w>ledande</w>
  <w>folkpartisterna</w>
  <w>i</w>
  <w>Stockholm</w>
  <w>,</w>
  <absaspan id=1>
    <w>Lotta</w>
    <w>Edholm</w>
  </absaspan>
  <w>och</w>
  <absaspan id=2>
    <w>Madeleine</w>
    <w>Sjöstedt</w>
  </absaspan>
  <w>,</w>
  <absaspan id=3 senti=1>
    <w>kritiserar</w>
  </absaspan>
  <absaspan id=4>
    <w>min</w>
    <w>önskan</w>
    <w>om</w>
    <w>att</w>
    <w>bejaka</w>
    <w>även</w>
    <w>människors</w>
    <w>dröm</w>
    <w>att</w>
    <w>bo</w>
    <w>villa</w>
  </absaspan>
  <w>(</w>
  <w>Brännpunkt</w>
  <w>14</w>
  <w>/</w>
  <w>7</w>
  <w>)</w>
  <w>.</w>
</absapar>
<absapar id=4>
  <w>Största</w>
  <w>delen</w>
  <w>av</w>
  <w>de</w>
  <w>112</w>
  <w>skarpa</w>
  <w>lagförslag</w>
  <w>regeringen</w>
  <w>lagt</w>
  <w>till</w>
  <w>riksdagen</w>
  <w>om</w>
  <w>reformering</w>
  <w>av</w>
  <w>bostadspolitiken</w>
  <w>har</w>
  <w>handlat</w>
  <w>om</w>
  <w>hur</w>
  <w>vi</w>
  <w>bygger</w>
  <w>billigare</w>
  <w>,</w>
  <w>snabbare</w>
  <w>och</w>
  <w>mer</w>
  <w>bostäder</w>
  <w>i</w>
  <w>förtätade</w>
  <w>områden</w>
  <w>i</w>
  <w>växande</w>
  <w>städer</w>
  <w>.</w>
  <w>Det</w>
  <w>har</w>
  <w>handlat</w>
  <w>om</w>
  <w>planprocessen</w>
  <w>,</w>
  <w>bullerregler</w>
  <w>,</w>
  <w>enklare</w>
  <w>regler</w>
  <w>för</w>
  <w>att</w>
  <w>bygga</w>
  <w>mindre</w>
  <w>lägenheter</w>
  <w>med</w>
  <w>mera</w>
  <w>.</w>
</absapar>
<absapar id=5>
  <w>Men</w>
  <w>lika</w>
  <w>tydligt</w>
  <w>har</w>
  <w>jag</w>
  <w>deklarerat</w>
  <w>att</w>
  <absaspan id=5>
    <w>jag</w>
  </absaspan>
  <absaspan id=6 senti=4>
    <w>bejakar</w>
  </absaspan>
  <absaspan id=7>
    <w>medborgarnas</w>
    <w>dröm</w>
    <w>om</w>
    <w>ett</w>
    <w>naturnära</w>
    <w>villaboende</w>
  </absaspan>
  <w>.</w>
  <w>Undersökningar</w>
  <w>visar</w>
  <w>nämligen</w>
  <w>att</w>
  <w>60</w>
  <w>-</w>
  <w>70</w>
  <w>procent</w>
  <w>vill</w>
  <w>bo</w>
  <w>i</w>
  <w>småhus</w>
  <w>.</w>
  <w>I</w>
  <w>mitt</w>
  <w>Stockholm</w>
  <w>bor</w>
  <w>det</w>
  <w>över</w>
  <w>två</w>
  <w>miljoner</w>
  <w>invånare</w>
  <w>i</w>
  <w>26</w>
  <w>olika</w>
  <w>kommuner</w>
  <w>.</w>
  <w>Hela</w>
  <w>Stockholms</w>
  <w>län</w>
  <w>och</w>
  <w>även</w>
  <w>några</w>
  <w>områden</w>
  <w>därutöver</w>
  <w>utgör</w>
  <w>en</w>
  <w>arbetsmarknads</w>
  <w>-</w>
  <w>och</w>
  <w>bostadsmarknadsregion</w>
  <w>.</w>
  <w>Där</w>
  <w>bor</w>
  <w>det</w>
  <w>bara</w>
  <w>cirka</w>
  <w>300000</w>
  <w>personer</w>
  <w>innanför</w>
  <w>tullarna</w>
  <w>,</w>
  <w>dubbelt</w>
  <w>så</w>
  <w>många</w>
  <w>i</w>
  <w>villor</w>
  <w>och</w>
  <w>runt</w>
  <w>en</w>
  <w>miljon</w>
  <w>i</w>
  <w>punkthus</w>
  <w>runt</w>
  <w>om</w>
  <w>i</w>
  <w>länet</w>
  <w>.</w>
</absapar>
<absapar id=6>
  <w>Edholm</w>
  <w>/</w>
  <w>Sjöstedt</w>
  <w>kommer</w>
  <w>med</w>
  <w>den</w>
  <w>felaktiga</w>
  <w>uppgiften</w>
  <w>att</w>
  <w>det</w>
  <w>är</w>
  <w>nästintill</w>
  <w>omöjligt</w>
  <w>att</w>
  <w>förse</w>
  <w>villaområden</w>
  <w>med</w>
  <absaspan id=8 senti=4>
    <w>god</w>
    <w>kollektivtrafik</w>
  </absaspan>
  <w>.</w>
  <w>Det</w>
  <w>var</w>
  <w>kanske</w>
  <w>länge</w>
  <w>sedan</w>
  <w>dessa</w>
  <w>folkpartister</w>
  <w>tog</w>
  <w>sig</w>
  <w>en</w>
  <w>tur</w>
  <w>utanför</w>
  <w>tullarna</w>
  <w>,</w>
  <w>för</w>
  <w>hade</w>
  <w>de</w>
  <w>gjort</w>
  <w>det</w>
  <w>skulle</w>
  <w>de</w>
  <w>kunnat</w>
  <w>se</w>
  <w>den</w>
  <absaspan id=9 senti=5>
    <w>väl</w>
    <w>fungerande</w>
    <w>kollektivtrafik</w>
    <w>som</w>
    <w>SL</w>
    <w>tillhandahåller</w>
  </absaspan>
  <w>i</w>
  <w>många</w>
  <w>villaområden</w>
  <w>.</w>
  <w>Detta</w>
  <w>kan</w>
  <w>givetvis</w>
  <w>utvecklas</w>
  <w>ytterligare</w>
  <w>.</w>
</absapar>
<absapar id=7>
  <w>*</w>
  <w>*</w>
  <w>Vi</w>
  <w>ser</w>
  <absaspan id=10>
    <w>ett</w>
  </absaspan>
  <absaspan id=11>
    <w>ökat</w>
    <w>intresse</w>
    <w>*</w>
    <w>*</w>
    <w>för</w>
    <w>att</w>
    <w>bo</w>
    <w>centralt</w>
    <w>och</w>
    <w>i</w>
    <w>förtätade</w>
    <w>områden</w>
  </absaspan>
  <w>.</w>
  <absaspan id=12>
    <w>Det</w>
  </absaspan>
  <absaspan id=13 senti=5>
    <w>ska</w>
    <w>bejakas</w>
  </absaspan>
  <w>.</w>
  <w>Vi</w>
  <w>ser</w>
  <w>också</w>
  <w>hur</w>
  <w>flerbostadsbyggandet</w>
  <w>stiger</w>
  <w>kraftigt</w>
  <w>.</w>
  <w>Men</w>
  <w>vi</w>
  <w>ser</w>
  <w>samtidigt</w>
  <w>att</w>
  <w>småhusbyggandet</w>
  <w>inte</w>
  <w>ökar</w>
  <w>i</w>
  <w>samma</w>
  <w>takt</w>
  <w>.</w>
</absapar>
<absapar id=8>
  <w>Skräddarsydda</w>
  <w>kurser</w>
  <w>i</w>
  <w>ämnen</w>
  <w>som</w>
  <w>intresserar</w>
  <w>och</w>
  <w>engagerar</w>
  <w>både</w>
  <w>kropp</w>
  <w>och</w>
  <w>själ</w>
  <w>.</w>
</absapar>
<absapar id=9>
  <w>De</w>
  <w>senaste</w>
  <w>åren</w>
  <absaspan id=14 senti=1>
    <w>har</w>
  </absaspan>
  <absaspan id=15>
    <w>vissa</w>
  </absaspan>
  <absaspan id=16 senti=1>
    <w>börjat</w>
  </absaspan>
  <absaspan id=17 senti=1>
    <w>argumentera</w>
    <w>för</w>
    <w>att</w>
    <w>vi</w>
    <w>ska</w>
    <w>motverka</w>
  </absaspan>
  <absaspan id=18>
    <w>ett</w>
    <w>naturnära</w>
    <w>grönt</w>
    <w>villaboende</w>
  </absaspan>
  <w>och</w>
  <w>bara</w>
  <w>planera</w>
  <w>för</w>
  <w>den</w>
  <w>täta</w>
  <w>betongstaden</w>
  <w>.</w>
  <w>Argumentet</w>
  <w>för</w>
  <w>en</w>
  <w>sådan</w>
  <w>ensidig</w>
  <w>styrning</w>
  <w>är</w>
  <w>påståenden</w>
  <w>om</w>
  <absaspan id=19 senti=4>
    <w>fördelar</w>
    <w>ur</w>
    <w>hållbarhetssynpunkt</w>
  </absaspan>
  <w>,</w>
  <w>främst</w>
  <w>avseende</w>
  <w>klimateffekter</w>
  <w>.</w>
  <w>Ny</w>
  <w>forskning</w>
  <w>visar</w>
  <w>att</w>
  <w>den</w>
  <w>täta</w>
  <w>betongstaden</w>
  <w>vid</w>
  <w>byggtillfället</w>
  <w>orsakar</w>
  <w>större</w>
  <w>klimatpåverkan</w>
  <w>jämfört</w>
  <w>med</w>
  <w>småhusbyggande</w>
  <w>i</w>
  <w>trä</w>
  <absaspan id=20>
    <w>.</w>
  </absaspan>
  <w>Vidare</w>
  <absaspan id=21 senti=4>
    <w>framhålls</w>
    <w>allt</w>
    <w>oftare</w>
  </absaspan>
  <absaspan id=22>
    <w>den</w>
    <w>gröna</w>
    <w>villastadens</w>
  </absaspan>
  <absaspan id=23 senti=4>
    <w>fördelar</w>
  </absaspan>
  <w>när</w>
  <w>det</w>
  <w>gäller</w>
  <absaspan id=24>
    <w>ekosystemtjänster</w>
  </absaspan>
  <w>.</w>
</absapar>
<absapar id=10>
  <w>*</w>
  <w>*</w>
  <w>Vi</w>
  <w>vet</w>
  <w>alltså</w>
  <w>att</w>
  <w>*</w>
  <w>*</w>
  <w>fler</w>
  <w>än</w>
  <w>idag</w>
  <w>vill</w>
  <w>bo</w>
  <w>i</w>
  <w>villa</w>
  <w>.</w>
  <absaspan id=25 senti=4>
    <w>Därför</w>
    <w>är</w>
    <w>det</w>
    <w>angeläget</w>
  </absaspan>
  <absaspan id=26>
    <w>att</w>
    <w>arbeta</w>
    <w>med</w>
    <w>frågan</w>
    <w>hur</w>
    <w>ett</w>
    <w>ökat</w>
    <w>villaboende</w>
    <w>kan</w>
    <w>integreras</w>
    <w>med</w>
    <w>den</w>
    <w>pågående</w>
    <w>urbaniseringen</w>
  </absaspan>
  <w>på</w>
  <w>ett</w>
  <w>hållbart</w>
  <w>sätt</w>
  <w>.</w>
  <w>Boverket</w>
  <w>har</w>
  <w>av</w>
  <w>hela</w>
  <w>regeringen</w>
  <w>fått</w>
  <absaspan id=27 senti=5>
    <w>ett</w>
    <w>spännande</w>
    <w>uppdrag</w>
  </absaspan>
  <absaspan id=28>
    <w>att</w>
    <w>arbeta</w>
    <w>vidare</w>
    <w>med</w>
    <w>denna</w>
    <w>utmaning</w>
  </absaspan>
  <w>,</w>
  <w>vilket</w>
  <w>de</w>
  <w>ledande</w>
  <absaspan id=29>
    <w>folkpartisterna</w>
    <w>i</w>
    <w>Stockholm</w>
  </absaspan>
  <absaspan id=30 senti=1>
    <w>inte</w>
    <w>tycks</w>
    <w>gilla</w>
  </absaspan>
  <w>.</w>
  <w>Framtiden</w>
  <w>behöver</w>
  <w>både</w>
  <w>en</w>
  <w>förtätad</w>
  <w>betongstad</w>
  <w>och</w>
  <w>gröna</w>
  <w>villaområden</w>
  <w>.</w>
</absapar>
<absapar id=11>
  <w>STEFAN</w>
  <w>ATTEFALL</w>
  <w>(</w>
  <w>KD</w>
  <w>)</w>
  <w>.</w>
</absapar>
<absapar id=12>
  <w>bostadsminister</w>
  <w>.</w>
</absapar>
<absapar id=13>
  <w>Redaktör</w>
  <w>:</w>
  <w>Carina</w>
  <w>Stensson</w>
  <w>,</w>
  <w>Biträdande</w>
  <w>redaktör</w>
  <w>:</w>
  <w>Björn</w>
  <w>Jorner</w>
  <w>,</w>
  <w>Mejl</w>
  <w>:</w>
  <w>debatt</w>
  <w>@</w>
  <w>svd.se</w>
  <w>,</w>
  <w>Telefonnummer</w>
  <w>:</w>
  <w>08</w>
  <w>-</w>
  <w>135149</w>
  <w>,</w>
  <w>Twitter</w>
  <w>:</w>
  <w>@</w>
  <w>SvDDebatt</w>
  <w>,</w>
  <w>Facebook</w>
  <w>:</w>
  <w>SvD</w>
  <w>Debatt</w>
  <w>.</w>
</absapar>
</absadoc>
