<absadoc annotators=1 senti=0>
<absatitle>
  <absaspan id=1>
    <w>Månggifte</w>
  </absaspan>
  <absaspan id=2 senti=2 target=1>
    <w>bör</w>
    <w>inte</w>
    <w>erkännas</w>
  </absaspan>
  <w>i</w>
  <w>Sverige</w>
  <w>.</w>
</absatitle>
<absapar id=1 senti=3>
  <w>På</w>
  <w>grund</w>
  <w>av</w>
  <w>den</w>
  <w>ökade</w>
  <w>invandringen</w>
  <w>från</w>
  <w>Mellanöstern</w>
  <w>och</w>
  <w>norra</w>
  <w>Afrika</w>
  <w>under</w>
  <w>senare</w>
  <w>år</w>
  <w>har</w>
  <w>frågan</w>
  <w>om</w>
  <w>månggifte</w>
  <w>blivit</w>
  <w>alltmer</w>
  <w>aktuell</w>
  <w>.</w>
  <w>Skatteverket</w>
  <w>har</w>
  <w>enligt</w>
  <w>en</w>
  <w>(</w>
  <w>i</w>
  <w>och</w>
  <w>för</w>
  <w>sig</w>
  <w>osäker</w>
  <w>)</w>
  <w>beräkning</w>
  <w>kommit</w>
  <w>fram</w>
  <w>till</w>
  <w>att</w>
  <w>vi</w>
  <w>i</w>
  <w>dag</w>
  <w>har</w>
  <w>ca</w>
  <w>300</w>
  <w>månggiftesäktenskap</w>
  <w>registrerade</w>
  <w>i</w>
  <w>Sverige</w>
  <w>.</w>
</absapar>
<absapar id=2>
  <w>Nedan</w>
  <w>förs</w>
  <w>resonemanget</w>
  <w>bara</w>
  <w>utifrån</w>
  <w>att</w>
  <w>en</w>
  <w>man</w>
  <w>har</w>
  <w>två</w>
  <w>hustrur</w>
  <w>.</w>
  <w>Andra</w>
  <w>situationer</w>
  <w>kan</w>
  <w>i</w>
  <w>sällsynta</w>
  <w>fall</w>
  <w>förekomma</w>
  <w>.</w>
</absapar>
<absapar id=3>
  <w>Den</w>
  <w>första</w>
  <w>frågan</w>
  <w>som</w>
  <w>uppstår</w>
  <w>är</w>
  <w>om</w>
  <w>vi</w>
  <w>i</w>
  <w>Sverige</w>
  <w>skall</w>
  <w>erkänna</w>
  <w>båda</w>
  <w>äktenskapen</w>
  <w>?</w>
  <w>Följdfrågan</w>
  <w>blir</w>
  <w>vilka</w>
  <w>rättsliga</w>
  <w>konsekvenser</w>
  <w>det</w>
  <w>blir</w>
  <w>för</w>
  <w>makarna</w>
  <w>om</w>
  <w>månggifte</w>
  <w>inte</w>
  <w>erkänns</w>
  <w>.</w>
</absapar>
<absapar id=4>
  <w>Dessa</w>
  <w>frågor</w>
  <w>behandlades</w>
  <w>redan</w>
  <w>1987</w>
  <w>i</w>
  <w>en</w>
  <w>statlig</w>
  <w>utredning</w>
  <w>.</w>
  <w>Utredningen</w>
  <w>kom</w>
  <w>fram</w>
  <w>till</w>
  <w>två</w>
  <w>grundläggande</w>
  <w>slutsatser</w>
  <w>.</w>
  <w>Dels</w>
  <w>att</w>
  <w>det</w>
  <w>utländska</w>
  <w>månggiftet</w>
  <w>ska</w>
  <w>erkännas</w>
  <w>i</w>
  <w>Sverige</w>
  <w>,</w>
  <w>dels</w>
  <w>att</w>
  <w>det</w>
  <w>ska</w>
  <w>ske</w>
  <w>en</w>
  <w>likabehandling</w>
  <w>av</w>
  <w>de</w>
  <w>två</w>
  <w>äktenskapen</w>
  <w>.</w>
  <w>Däremot</w>
  <w>föreslog</w>
  <w>utredningen</w>
  <w>inga</w>
  <w>lagregler</w>
  <w>om</w>
  <w>månggifte</w>
  <w>.</w>
  <w>Orsakerna</w>
  <w>var</w>
  <w>att</w>
  <w>månggifte</w>
  <w>då</w>
  <w>var</w>
  <w>sällsynt</w>
  <w>i</w>
  <w>Sverige</w>
  <w>och</w>
  <w>att</w>
  <w>det</w>
  <w>var</w>
  <w>svårt</w>
  <w>att</w>
  <w>anpassa</w>
  <w>en</w>
  <w>lagstiftning</w>
  <w>,</w>
  <w>som</w>
  <w>bygger</w>
  <w>på</w>
  <w>monogami</w>
  <w>(</w>
  <w>som</w>
  <w>den</w>
  <w>svenska</w>
  <w>)</w>
  <w>,</w>
  <w>till</w>
  <w>en</w>
  <w>månggiftessituation</w>
  <w>.</w>
  <w>Därför</w>
  <w>överlämnades</w>
  <w>åt</w>
  <w>domstolar</w>
  <w>och</w>
  <w>myndigheter</w>
  <w>att</w>
  <w>hantera</w>
  <w>enskilda</w>
  <w>fall</w>
  <w>genom</w>
  <w>anpassning</w>
  <w>av</w>
  <w>de</w>
  <w>svenska</w>
  <w>reglerna</w>
  <w>.</w>
</absapar>
<absapar id=5>
  <w>Utredningens</w>
  <w>inställning</w>
  <w>,</w>
  <w>att</w>
  <w>utländska</w>
  <w>månggiften</w>
  <w>ska</w>
  <w>erkännas</w>
  <w>i</w>
  <w>Sverige</w>
  <w>,</w>
  <w>har</w>
  <w>legat</w>
  <w>till</w>
  <w>grund</w>
  <w>för</w>
  <w>att</w>
  <w>Skatteverket</w>
  <w>har</w>
  <w>registrerat</w>
  <w>båda</w>
  <w>äktenskapen</w>
  <w>.</w>
  <w>Under</w>
  <w>senare</w>
  <w>år</w>
  <w>har</w>
  <absaspan id=3>
    <w>lagstiftningen</w>
  </absaspan>
  <absaspan id=4 senti=2>
    <w>fått</w>
    <w>en</w>
    <w>stramare</w>
    <w>syn</w>
  </absaspan>
  <w>på</w>
  <absaspan id=5>
    <w>äktenskap</w>
    <w>som</w>
    <w>strider</w>
    <w>mot</w>
    <w>de</w>
    <w>svenska</w>
    <w>äktenskapshindren</w>
  </absaspan>
  <w>–</w>
  <w>till</w>
  <w>exempel</w>
  <w>förbudet</w>
  <w>mot</w>
  <w>månggifte</w>
  <w>.</w>
</absapar>
<absapar id=6>
  <w>Det</w>
  <w>har</w>
  <w>inneburit</w>
  <w>att</w>
  <w>det</w>
  <w>senare</w>
  <w>äktenskapet</w>
  <w>inte</w>
  <w>erkänts</w>
  <w>i</w>
  <w>Sverige</w>
  <w>,</w>
  <w>om</w>
  <w>någon</w>
  <w>av</w>
  <w>makarna</w>
  <w>hade</w>
  <w>medborgarskap</w>
  <w>eller</w>
  <w>hemvist</w>
  <w>i</w>
  <w>Sverige</w>
  <w>vid</w>
  <w>tidpunkten</w>
  <w>för</w>
  <w>det</w>
  <w>senare</w>
  <w>giftermålet</w>
  <w>.</w>
  <w>Enligt</w>
  <absaspan id=6>
    <w>en</w>
    <w>svensk</w>
    <w>lagregel</w>
  </absaspan>
  <w>kan</w>
  <w>dock</w>
  <w>ett</w>
  <absaspan id=7>
    <w>utländskt</w>
    <w>äktenskap</w>
  </absaspan>
  <absaspan id=8 senti=2>
    <w>vägras</w>
    <w>erkännande</w>
  </absaspan>
  <w>,</w>
  <w>om</w>
  <w>det</w>
  <w>strider</w>
  <w>mot</w>
  <w>grunderna</w>
  <w>för</w>
  <w>den</w>
  <w>svenska</w>
  <w>rättsordningen</w>
  <w>.</w>
</absapar>
<absapar id=7>
  <w>Vi</w>
  <w>anser</w>
  <w>att</w>
  <absaspan id=9>
    <w>månggifte</w>
  </absaspan>
  <absaspan id=10 senti=2>
    <w>är</w>
    <w>uppenbart</w>
    <w>stridande</w>
    <w>mot</w>
    <w>grunderna</w>
    <w>för</w>
    <w>den</w>
    <w>svenska</w>
    <w>rättsordningen</w>
  </absaspan>
  <w>.</w>
</absapar>
<absapar id=8>
  <w>Grunden</w>
  <w>för</w>
  <w>vår</w>
  <w>inställning</w>
  <w>är</w>
  <absaspan id=11>
    <w>grundlagens</w>
  </absaspan>
  <absaspan id=12 senti=4>
    <w>krav</w>
    <w>på</w>
  </absaspan>
  <absaspan id=13>
    <w>respekt</w>
    <w>för</w>
    <w>alla</w>
    <w>människors</w>
    <w>lika</w>
    <w>värde</w>
  </absaspan>
  <w>,</w>
  <w>kravet</w>
  <w>på</w>
  <w>beaktande</w>
  <w>av</w>
  <w>allas</w>
  <w>likhet</w>
  <w>inför</w>
  <w>lagen</w>
  <w>och</w>
  <w>på</w>
  <w>att</w>
  <w>lagen</w>
  <w>inte</w>
  <w>får</w>
  <w>innebära</w>
  <w>att</w>
  <w>någon</w>
  <w>missgynnas</w>
  <w>på</w>
  <w>grund</w>
  <w>av</w>
  <w>sitt</w>
  <w>kön</w>
  <w>.</w>
  <w>I</w>
  <w>de</w>
  <w>länder</w>
  <w>,</w>
  <w>där</w>
  <w>månggiftesäktenskap</w>
  <w>tillåts</w>
  <w>,</w>
  <w>är</w>
  <w>det</w>
  <w>bara</w>
  <w>mannen</w>
  <w>som</w>
  <w>får</w>
  <w>gifta</w>
  <w>sig</w>
  <w>med</w>
  <w>mer</w>
  <w>än</w>
  <w>en</w>
  <w>kvinna</w>
  <w>.</w>
  <w>En</w>
  <w>kvinna</w>
  <w>har</w>
  <w>inte</w>
  <w>rätt</w>
  <w>att</w>
  <w>gifta</w>
  <w>sig</w>
  <w>med</w>
  <w>flera</w>
  <w>män</w>
  <w>.</w>
</absapar>
<absapar id=9>
  <w>Denna</w>
  <w>inställning</w>
  <w>överensstämmer</w>
  <w>med</w>
  <absaspan id=14>
    <w>EU-rätten</w>
  </absaspan>
  <w>,</w>
  <w>som</w>
  <w>säger</w>
  <w>att</w>
  <w>en</w>
  <w>man</w>
  <w>,</w>
  <w>som</w>
  <w>redan</w>
  <w>bor</w>
  <w>tillsammans</w>
  <w>med</w>
  <w>en</w>
  <w>maka</w>
  <w>inom</w>
  <w>EU</w>
  <w>,</w>
  <absaspan id=15 senti=2>
    <w>inte</w>
    <w>skall</w>
    <w>tillåtas</w>
  </absaspan>
  <absaspan id=16>
    <w>familjeåterförening</w>
    <w>för</w>
    <w>ytterligare</w>
    <w>en</w>
    <w>maka</w>
  </absaspan>
  <w>.</w>
  <absaspan id=17>
    <w>FN</w>
    <w>:</w>
    <w>s</w>
    <w>kommitté</w>
    <w>för</w>
    <w>mänskliga</w>
    <w>rättigheter</w>
  </absaspan>
  <w>har</w>
  <w>också</w>
  <absaspan id=18 senti=2>
    <w>dömt</w>
    <w>ut</w>
  </absaspan>
  <absaspan id=19>
    <w>polygami</w>
  </absaspan>
  <w>såsom</w>
  <absaspan id=20 senti=2>
    <w>stridande</w>
    <w>mot</w>
    <w>kvinnors</w>
    <w>rätt</w>
    <w>att</w>
    <w>ingå</w>
    <w>äktenskap</w>
    <w>på</w>
    <w>samma</w>
    <w>villkor</w>
    <w>som</w>
    <w>män</w>
  </absaspan>
  <w>.</w>
  <w>Vilka</w>
  <w>blir</w>
  <w>då</w>
  <w>konsekvenserna</w>
  <w>av</w>
  <w>vår</w>
  <w>inställning</w>
  <w>om</w>
  <w>en</w>
  <w>man</w>
  <w>kommer</w>
  <w>till</w>
  <w>Sverige</w>
  <w>och</w>
  <w>är</w>
  <w>gift</w>
  <w>med</w>
  <w>två</w>
  <w>kvinnor</w>
  <w>?</w>
  <w>Svaret</w>
  <w>är</w>
  <absaspan id=21>
    <w>att</w>
    <w>det</w>
    <w>senare</w>
    <w>av</w>
    <w>hans</w>
    <w>båda</w>
    <w>äktenskap</w>
  </absaspan>
  <absaspan id=22 senti=2>
    <w>ej</w>
    <w>bör</w>
    <w>erkännas</w>
  </absaspan>
  <w>i</w>
  <w>Sverige</w>
  <w>.</w>
  <w>Äktenskapet</w>
  <w>behöver</w>
  <w>därför</w>
  <w>ej</w>
  <w>upplösas</w>
  <w>genom</w>
  <w>äktenskapsskillnad</w>
  <w>.</w>
  <w>Någon</w>
  <w>bodelning</w>
  <w>ska</w>
  <w>normalt</w>
  <w>inte</w>
  <w>ske</w>
  <w>.</w>
  <w>Den</w>
  <w>senare</w>
  <w>”</w>
  <w>hustrun</w>
  <w>”</w>
  <w>har</w>
  <w>ingen</w>
  <w>arvsrätt</w>
  <w>efter</w>
  <w>mannen</w>
  <w>och</w>
  <w>han</w>
  <w>har</w>
  <w>ingen</w>
  <w>arvsrätt</w>
  <w>efter</w>
  <w>henne</w>
  <w>.</w>
  <w>Eventuella</w>
  <w>barn</w>
  <w>i</w>
  <w>det</w>
  <w>senare</w>
  <w>”</w>
  <w>äktenskapet</w>
  <w>”</w>
  <w>är</w>
  <w>i</w>
  <w>arv</w>
  <w>efter</w>
  <w>mannen</w>
  <w>att</w>
  <w>betrakta</w>
  <w>som</w>
  <w>särkullbarn</w>
  <w>.</w>
</absapar>
<absapar id=10>
  <w>Vi</w>
  <w>anser</w>
  <w>således</w>
  <w>att</w>
  <absaspan id=23>
    <w>månggifte</w>
  </absaspan>
  <absaspan id=24 senti=2>
    <w>inte</w>
    <w>bör</w>
    <w>erkännas</w>
  </absaspan>
  <w>i</w>
  <w>Sverige</w>
  <w>,</w>
  <absaspan id=25 senti=2>
    <w>inte</w>
    <w>ens</w>
  </absaspan>
  <w>om</w>
  <w>ingen</w>
  <w>av</w>
  <w>makarna</w>
  <w>hade</w>
  <w>någon</w>
  <w>anknytning</w>
  <w>till</w>
  <w>Sverige</w>
  <w>när</w>
  <w>det</w>
  <w>andra</w>
  <w>äktenskapet</w>
  <w>ingicks</w>
  <w>.</w>
</absapar>
<absapar id=11>
  <w>Ulf</w>
  <w>Bergquist</w>
  <w>.</w>
</absapar>
<absapar id=12>
  <w>Anna</w>
  <w>Fayad</w>
  <w>.</w>
</absapar>
<absapar id=13>
  <w>Häng</w>
  <w>med</w>
  <w>i</w>
  <w>debatten</w>
  <w>och</w>
  <w>kommentera</w>
  <w>artikeln</w>
  <w>–</w>
  <w>följ</w>
  <w>Debatt</w>
  <w>på</w>
  <w>Facebook</w>
  <w>.</w>
</absapar>
<absapar id=14>
  <w>FAKTA</w>
  <w>.</w>
</absapar>
<absapar id=15>
  <w>RERNA</w>
  <w>.</w>
</absapar>
<absapar id=16>
  <w>N</w>
  <w>.</w>
</absapar>
</absadoc>
