<absadoc annotators=1 senti=>
<absatitle>
  <w>Centerpartisterna</w>
  <w>:</w>
  <w>Vi</w>
  <w>vägrar</w>
  <w>jobba</w>
  <w>för</w>
  <w>Maud</w>
  <w>.</w>
</absatitle>
<absapar id=1>
  <w>Alla</w>
  <w>som</w>
  <w>har</w>
  <w>engagerat</w>
  <w>sig</w>
  <w>i</w>
  <w>bollsporter</w>
  <w>vet</w>
  <w>hur</w>
  <w>det</w>
  <w>känns</w>
  <w>att</w>
  <w>råka</w>
  <w>ut</w>
  <w>för</w>
  <w>självmål</w>
  <w>i</w>
  <w>en</w>
  <w>jämn</w>
  <w>match</w>
  <w>.</w>
  <w>När</w>
  <w>man</w>
  <w>har</w>
  <w>kämpat</w>
  <w>som</w>
  <w>bäst</w>
  <w>för</w>
  <w>det</w>
  <w>egna</w>
  <w>laget</w>
  <w>och</w>
  <w>sina</w>
  <w>kamrater</w>
  <w>och</w>
  <w>någon</w>
  <w>av</w>
  <w>dessa</w>
  <w>plötsligt</w>
  <w>,</w>
  <w>genom</w>
  <w>en</w>
  <w>skevspark</w>
  <w>eller</w>
  <w>annan</w>
  <w>ofrivillig</w>
  <absaspan id=1 senti=2>
    <w>klantighet</w>
  </absaspan>
  <w>,</w>
  <w>råkar</w>
  <w>styra</w>
  <w>bollen</w>
  <w>i</w>
  <w>eget</w>
  <w>mål</w>
  <w>,</w>
  <w>otagbart</w>
  <w>för</w>
  <w>den</w>
  <w>egna</w>
  <w>målvakten</w>
  <w>.</w>
</absapar>
<absapar id=2>
  <w>Även</w>
  <w>i</w>
  <w>politiken</w>
  <w>kan</w>
  <w>man</w>
  <w>minsann</w>
  <w>råka</w>
  <w>utför</w>
  <w>självmål</w>
  <w>,</w>
  <w>visserligen</w>
  <w>av</w>
  <w>mera</w>
  <w>symbolisk</w>
  <w>art</w>
  <w>men</w>
  <w>med</w>
  <w>samma</w>
  <w>överraskningseffekt</w>
  <w>.</w>
  <w>I</w>
  <w>vårt</w>
  <w>land</w>
  <w>är</w>
  <w>Centerpartiet</w>
  <w>sedan</w>
  <w>några</w>
  <w>år</w>
  <w>okrönta</w>
  <w>mästare</w>
  <w>i</w>
  <w>den</w>
  <w>sortens</w>
  <w>aktiviteter</w>
  <w>.</w>
  <w>Det</w>
  <w>speciella</w>
  <w>här</w>
  <w>är</w>
  <w>att</w>
  <w>det</w>
  <w>är</w>
  <w>frontfigurerna</w>
  <w>,</w>
  <w>våra</w>
  <w>forwards</w>
  <w>om</w>
  <w>man</w>
  <w>så</w>
  <w>vill</w>
  <w>,</w>
  <w>som</w>
  <w>i</w>
  <w>den</w>
  <w>allmänna</w>
  <absaspan id=2 senti=2>
    <w>hetsjakten</w>
  </absaspan>
  <w>på</w>
  <w>att</w>
  <w>tillfredsställa</w>
  <w>sina</w>
  <w>kompisar</w>
  <w>i</w>
  <w>alliansen</w>
  <w>smockar</w>
  <w>in</w>
  <w>en</w>
  <w>och</w>
  <w>annan</w>
  <w>pärla</w>
  <w>i</w>
  <w>vårt</w>
  <w>eget</w>
  <w>mål</w>
  <w>–</w>
  <w>otagbart</w>
  <w>för</w>
  <w>oss</w>
  <w>centerfolk</w>
  <w>av</w>
  <w>det</w>
  <w>gamla</w>
  <w>genuina</w>
  <w>slaget</w>
  <w>som</w>
  <w>får</w>
  <w>utgöra</w>
  <w>försvaret</w>
  <w>,</w>
  <w>för</w>
  <w>att</w>
  <w>fortsätta</w>
  <w>tala</w>
  <w>fotbollsspråk</w>
  <w>.</w>
</absapar>
<absapar id=3>
  <w>Vi</w>
  <w>är</w>
  <w>många</w>
  <absaspan id=3>
    <w>centerpartister</w>
  </absaspan>
  <absaspan id=4 senti=4>
    <w>av</w>
    <w>det</w>
    <w>gamla</w>
    <w>hederliga</w>
    <w>slaget</w>
  </absaspan>
  <w>som</w>
  <w>inte</w>
  <w>alls</w>
  <w>känner</w>
  <w>igen</w>
  <w>oss</w>
  <w>i</w>
  <w>det</w>
  <w>som</w>
  <w>händer</w>
  <w>på</w>
  <w>det</w>
  <w>centrala</w>
  <w>planet</w>
  <w>.</w>
  <w>Vi</w>
  <w>känner</w>
  <w>oss</w>
  <w>svikna</w>
  <w>och</w>
  <w>förstår</w>
  <w>inte</w>
  <w>vad</w>
  <w>som</w>
  <w>händer</w>
  <w>och</w>
  <w>varför</w>
  <w>.</w>
  <w>Några</w>
  <w>menar</w>
  <w>att</w>
  <w>det</w>
  <w>intensiva</w>
  <w>arbetet</w>
  <w>med</w>
  <w>att</w>
  <w>flytta</w>
  <w>Centerpartiet</w>
  <w>åt</w>
  <w>höger</w>
  <w>och</w>
  <w>i</w>
  <w>princip</w>
  <w>ta</w>
  <w>ledningen</w>
  <w>i</w>
  <w>alliansen</w>
  <w>är</w>
  <w>ett</w>
  <w>led</w>
  <w>i</w>
  <w>en</w>
  <w>parti</w>
  <w>reform</w>
  <w>i</w>
  <w>all</w>
  <w>tysthet</w>
  <w>.</w>
  <w>Utan</w>
  <w>onödig</w>
  <w>inblandning</w>
  <w>från</w>
  <w>medlemmarna</w>
  <w>runt</w>
  <w>om</w>
  <w>i</w>
  <w>landet</w>
  <w>.</w>
  <w>.</w>
  <w>.</w>
  <w>Förutom</w>
  <w>de</w>
  <w>ibland</w>
  <w>spektakulära</w>
  <w>”</w>
  <w>självmålen</w>
  <w>”</w>
  <w>,</w>
  <w>typ</w>
  <w>kärnkraftschocken</w>
  <w>,</w>
  <absaspan id=5 senti=2>
    <w>pyr</w>
  </absaspan>
  <absaspan id=6>
    <w>vårt</w>
  </absaspan>
  <absaspan id=7 senti=2>
    <w>missnöje</w>
    <w>bland</w>
    <w>annat</w>
    <w>över</w>
  </absaspan>
  <absaspan id=8>
    <w>det</w>
  </absaspan>
  <absaspan id=9>
    <w>totala</w>
    <w>sveket</w>
    <w>mot</w>
    <w>landsbygden</w>
    <w>och</w>
    <w>småorterna</w>
  </absaspan>
  <w>,</w>
  <absaspan id=10>
    <w>som</w>
  </absaspan>
  <w>ju</w>
  <absaspan id=11 senti=2>
    <w>är</w>
    <w>rent</w>
    <w>ofattbart</w>
    <w>för</w>
  </absaspan>
  <absaspan id=12>
    <w>gemene</w>
    <w>man</w>
  </absaspan>
  <w>.</w>
  <w>Där</w>
  <w>har</w>
  <w>planen</w>
  <w>lämnats</w>
  <w>fri</w>
  <w>för</w>
  <w>andra</w>
  <w>partier</w>
  <w>,</w>
  <w>som</w>
  <w>numera</w>
  <w>–</w>
  <w>åtminstone</w>
  <w>med</w>
  <w>läpparna</w>
  <w>–</w>
  <w>bekänner</w>
  <w>sig</w>
  <w>till</w>
  <w>landsortens</w>
  <w>riddare</w>
  <w>.</w>
  <w>Visserligen</w>
  <w>är</w>
  <w>väl</w>
  <w>målsättningen</w>
  <w>att</w>
  <w>partiet</w>
  <w>ska</w>
  <w>jobba</w>
  <w>sig</w>
  <w>in</w>
  <w>bland</w>
  <w>storstadsbefolkningen</w>
  <w>,</w>
  <w>men</w>
  <w>måste</w>
  <w>man</w>
  <w>lämna</w>
  <w>de</w>
  <w>gamla</w>
  <w>trotjänarna</w>
  <w>ute</w>
  <w>i</w>
  <w>landet</w>
  <w>i</w>
  <w>sticket</w>
  <w>för</w>
  <w>det</w>
  <w>?</w>
  <w>.</w>
</absapar>
<absapar id=4>
  <w>Centerpartisterna</w>
  <w>är</w>
  <w>i</w>
  <w>huvudsak</w>
  <w>tålmodiga</w>
  <w>och</w>
  <w>inte</w>
  <w>särskilt</w>
  <w>lättrörliga</w>
  <w>när</w>
  <w>det</w>
  <w>gäller</w>
  <w>sånt</w>
  <w>som</w>
  <w>politisk</w>
  <w>uppfattning</w>
  <w>och</w>
  <w>solidaritet</w>
  <w>med</w>
  <w>ledning</w>
  <w>och</w>
  <w>kamrater</w>
  <w>.</w>
  <absaspan id=13 senti=2>
    <w>Desto</w>
    <w>mera</w>
    <w>oroande</w>
    <w>är</w>
  </absaspan>
  <w>det</w>
  <w>därför</w>
  <absaspan id=14>
    <w>att</w>
    <w>notera</w>
  </absaspan>
  <absaspan id=15 senti=2>
    <w>det</w>
    <w>jäsande</w>
    <w>missnöje</w>
  </absaspan>
  <absaspan id=16>
    <w>som</w>
    <w>ger</w>
    <w>sig</w>
    <w>till</w>
    <w>känna</w>
  </absaspan>
  <absaspan id=17>
    <w>i</w>
    <w>olika</w>
    <w>delar</w>
    <w>av</w>
    <w>vårt</w>
    <w>land</w>
  </absaspan>
  <w>.</w>
  <w>Det</w>
  <w>kanske</w>
  <w>inte</w>
  <w>är</w>
  <w>så</w>
  <w>att</w>
  <w>vårt</w>
  <w>parti</w>
  <w>håller</w>
  <w>på</w>
  <w>att</w>
  <w>rasa</w>
  <w>ihop</w>
  <w>,</w>
  <w>men</w>
  <w>klart</w>
  <w>är</w>
  <w>att</w>
  <w>den</w>
  <w>senare</w>
  <w>tidens</w>
  <w>opinionssiffror</w>
  <w>inte</w>
  <w>helt</w>
  <w>är</w>
  <w>utan</w>
  <w>grund</w>
  <w>.</w>
  <w>Vi</w>
  <w>har</w>
  <w>inom</w>
  <w>centerkretsar</w>
  <w>i</w>
  <w>Ånge</w>
  <w>kommun</w>
  <w>givetvis</w>
  <w>känt</w>
  <w>av</w>
  <w>och</w>
  <w>haft</w>
  <w>diskussioner</w>
  <w>i</w>
  <w>samband</w>
  <w>med</w>
  <w>de</w>
  <w>här</w>
  <w>orosmolnen</w>
  <w>,</w>
  <w>och</w>
  <w>starka</w>
  <w>krafter</w>
  <w>har</w>
  <w>agerat</w>
  <w>för</w>
  <w>att</w>
  <w>vi</w>
  <w>,</w>
  <w>liksom</w>
  <w>skett</w>
  <w>på</w>
  <w>några</w>
  <w>andra</w>
  <w>håll</w>
  <w>i</w>
  <w>landet</w>
  <w>,</w>
  <w>skulle</w>
  <w>bryta</w>
  <w>oss</w>
  <w>ur</w>
  <w>Centerpartiet</w>
  <w>och</w>
  <w>bilda</w>
  <w>ett</w>
  <w>eget</w>
  <w>,</w>
  <w>lokalt</w>
  <w>parti</w>
  <w>.</w>
  <absaspan id=18>
    <w>Man</w>
  </absaspan>
  <absaspan id=19 senti=2>
    <w>känner</w>
    <w>helt</w>
    <w>enkelt</w>
    <w>inte</w>
    <w>för</w>
  </absaspan>
  <absaspan id=20>
    <w>att</w>
    <w>agera</w>
    <w>för</w>
    <w>partiet</w>
    <w>på</w>
    <w>riksplanet</w>
    <w>med</w>
    <w>den</w>
    <w>på</w>
    <w>senare</w>
    <w>tid</w>
    <w>förda</w>
    <w>centerpolitiken</w>
  </absaspan>
  <w>.</w>
  <absaspan id=21 senti=2>
    <w>Något</w>
    <w>större</w>
    <w>intresse</w>
    <w>fanns</w>
    <w>inte</w>
    <w>heller</w>
    <w>för</w>
  </absaspan>
  <absaspan id=22>
    <w>att</w>
    <w>hänga</w>
    <w>med</w>
    <w>i</w>
    <w>något</w>
    <w>av</w>
    <w>de</w>
    <w>nya</w>
    <w>partier</w>
    <w>som</w>
    <w>bildats</w>
    <w>på</w>
    <w>riksplanet</w>
    <w>av</w>
    <w>gamla</w>
    <w>centerpartister</w>
  </absaspan>
  <w>.</w>
</absapar>
<absapar id=5>
  <w>Men</w>
  <w>–</w>
  <w>där</w>
  <w>har</w>
  <w>vi</w>
  <w>i</w>
  <w>Ånge</w>
  <w>kommuns</w>
  <w>centerrörelse</w>
  <w>gått</w>
  <w>en</w>
  <w>egen</w>
  <w>väg</w>
  <w>!</w>
  <w>Vi</w>
  <w>har</w>
  <w>fått</w>
  <w>ett</w>
  <w>enhälligt</w>
  <w>beslut</w>
  <w>i</w>
  <w>kommunkretsen</w>
  <w>för</w>
  <w>att</w>
  <w>fortsätta</w>
  <w>i</w>
  <w>partiet</w>
  <w>,</w>
  <w>men</w>
  <w>med</w>
  <w>en</w>
  <w>klar</w>
  <w>markering</w>
  <w>av</w>
  <w>vår</w>
  <w>självständighet</w>
  <w>som</w>
  <w>ett</w>
  <w>centerparti</w>
  <w>enligt</w>
  <w>de</w>
  <w>gamla</w>
  <w>normerna</w>
  <w>–</w>
  <w>fortfarande</w>
  <w>enligt</w>
  <w>gällande</w>
  <w>partiprogram</w>
  <w>.</w>
  <w>En</w>
  <w>profil</w>
  <w>som</w>
  <w>centerfolk</w>
  <w>känner</w>
  <w>igen</w>
  <w>,</w>
  <w>och</w>
  <w>som</w>
  <w>vi</w>
  <w>lovar</w>
  <w>att</w>
  <w>i</w>
  <w>kommunpolitiken</w>
  <w>arbeta</w>
  <w>efter</w>
  <w>.</w>
  <w>Vi</w>
  <w>tar</w>
  <w>med</w>
  <w>andra</w>
  <w>ord</w>
  <w>inte</w>
  <w>ansvar</w>
  <w>för</w>
  <w>alla</w>
  <absaspan id=23 senti=2>
    <w>mer</w>
    <w>eller</w>
    <w>mindre</w>
    <w>galna</w>
  </absaspan>
  <w>och</w>
  <w>för</w>
  <w>oss</w>
  <w>främmande</w>
  <absaspan id=24>
    <w>ställningstaganden</w>
    <w>och</w>
    <w>beslut</w>
  </absaspan>
  <w>av</w>
  <w>Maud</w>
  <w>&</w>
  <w>co</w>
  <w>i</w>
  <w>fråga</w>
  <w>om</w>
  <w>kärnkraft</w>
  <w>,</w>
  <w>miljöpolitik</w>
  <w>,</w>
  <w>landsbygds</w>
  <w>-</w>
  <w>och</w>
  <w>regionalpolitik</w>
  <w>med</w>
  <w>mera</w>
  <w>.</w>
</absapar>
<absapar id=6>
  <w>Vi</w>
  <w>anser</w>
  <w>att</w>
  <absaspan id=25>
    <w>Centerpartiets</w>
  </absaspan>
  <absaspan id=26 senti=2>
    <w>förtroendekapital</w>
  </absaspan>
  <absaspan id=27>
    <w>ute</w>
    <w>i</w>
    <w>landet</w>
  </absaspan>
  <absaspan id=28 senti=2>
    <w>är</w>
  </absaspan>
  <absaspan id=29 senti=2>
    <w>i</w>
    <w>det</w>
    <w>närmaste</w>
    <w>förbrukat</w>
  </absaspan>
  <w>,</w>
  <w>och</w>
  <w>vi</w>
  <w>kommer</w>
  <w>därför</w>
  <w>inte</w>
  <w>att</w>
  <w>arbeta</w>
  <w>aktivt</w>
  <w>i</w>
  <w>vår</w>
  <w>kommunala</w>
  <w>organisation</w>
  <w>i</w>
  <w>höstens</w>
  <w>val</w>
  <w>för</w>
  <w>Centerpartiet</w>
  <w>eller</w>
  <w>företrädare</w>
  <w>på</w>
  <w>riksplanet</w>
  <w>.</w>
</absapar>
<absapar id=7>
  <w>I</w>
  <w>den</w>
  <w>mån</w>
  <w>enskilda</w>
  <w>medlemmar</w>
  <w>eventuellt</w>
  <w>skulle</w>
  <w>känna</w>
  <w>för</w>
  <w>att</w>
  <w>agera</w>
  <w>på</w>
  <w>annat</w>
  <w>sätt</w>
  <w>är</w>
  <w>det</w>
  <w>inget</w>
  <w>vi</w>
  <w>från</w>
  <w>kommunkretsen</w>
  <w>lägger</w>
  <w>oss</w>
  <w>i</w>
  <w>.</w>
  <w>Avsikten</w>
  <w>med</w>
  <w>denna</w>
  <w>ovanliga</w>
  <w>form</w>
  <w>av</w>
  <w>lokalpolitik</w>
  <w>är</w>
  <w>att</w>
  <w>i</w>
  <w>möjligaste</w>
  <w>mån</w>
  <w>försöka</w>
  <w>hålla</w>
  <w>centerpartister</w>
  <w>av</w>
  <w>den</w>
  <w>gamla</w>
  <w>trofasta</w>
  <w>sorten</w>
  <w>kvar</w>
  <w>i</w>
  <w>rörelsen</w>
  <w>,</w>
  <w>då</w>
  <w>man</w>
  <w>ju</w>
  <w>vet</w>
  <w>att</w>
  <w>trycket</w>
  <w>från</w>
  <w>andra</w>
  <w>partier</w>
  <w>och</w>
  <w>kamrat</w>
  <w>och</w>
  <w>familjekretsen</w>
  <w>kan</w>
  <w>vara</w>
  <w>ganska</w>
  <w>hårt</w>
  <w>.</w>
</absapar>
<absapar id=8>
  <w>Vi</w>
  <w>är</w>
  <w>i</w>
  <w>klartext</w>
  <w>optimister</w>
  <w>och</w>
  <w>tänker</w>
  <w>nu</w>
  <w>i</w>
  <w>form</w>
  <w>av</w>
  <w>överlevnad</w>
  <w>under</w>
  <w>ett</w>
  <w>år</w>
  <w>för</w>
  <w>vårt</w>
  <absaspan id=30 senti=4>
    <w>kära</w>
  </absaspan>
  <absaspan id=31>
    <w>parti</w>
  </absaspan>
  <w>.</w>
  <w>För</w>
  <w>att</w>
  <w>än</w>
  <w>en</w>
  <w>gång</w>
  <w>anknyta</w>
  <w>till</w>
  <w>fotbollstermer</w>
  <w>så</w>
  <w>kan</w>
  <w>man</w>
  <w>hoppas</w>
  <w>på</w>
  <w>att</w>
  <w>några</w>
  <w>lämpliga</w>
  <w>spelarbyten</w>
  <w>på</w>
  <w>strategiska</w>
  <w>poster</w>
  <w>kan</w>
  <w>lösa</w>
  <w>vårt</w>
  <w>dilemma</w>
  <w>,</w>
  <w>om</w>
  <w>inte</w>
  <w>annat</w>
  <w>efter</w>
  <w>nästa</w>
  <w>års</w>
  <w>Centerstämma</w>
  <w>!</w>
  <w>.</w>
</absapar>
<absapar id=9>
  <w>FAKTA</w>
  <w>.</w>
</absapar>
<absapar id=10>
  <w>Bloggat</w>
  <w>om</w>
  <w>Nya</w>
  <w>Moderaterna</w>
  <w>.</w>
</absapar>
<absapar id=11>
  <w>Har</w>
  <w>aldrig</w>
  <w>fungerat</w>
  <w>i</w>
  <w>praktiken</w>
  <w>.</w>
</absapar>
<absapar id=12>
  <w>Ett</w>
  <w>hjärta</w>
  <w>rött</w>
  <w>:</w>
  <w>Alliansregeringen</w>
  <w>har</w>
  <w>som</w>
  <w>uttalat</w>
  <w>mål</w>
  <w>att</w>
  <w>öka</w>
  <w>klyftorna</w>
  <w>mellan</w>
  <w>de</w>
  <w>som</w>
  <w>har</w>
  <w>och</w>
  <w>de</w>
  <w>som</w>
  <w>inte</w>
  <w>har</w>
  <w>(</w>
  <w>arbete</w>
  <w>,</w>
  <w>hälsa</w>
  <w>och</w>
  <w>förmögenhet</w>
  <w>)</w>
  <w>.</w>
  <w>Man</w>
  <w>lever</w>
  <w>kvar</w>
  <w>i</w>
  <w>den</w>
  <w>gamla</w>
  <w>föreställningen</w>
  <w>;</w>
  <w>om</w>
  <w>de</w>
  <w>som</w>
  <w>redan</w>
  <w>har</w>
  <w>mest</w>
  <w>får</w>
  <w>mest</w>
  <w>så</w>
  <w>sipprar</w>
  <w>rikedomen</w>
  <w>till</w>
  <w>sist</w>
  <w>ned</w>
  <w>till</w>
  <w>resten</w>
  <w>av</w>
  <w>folket</w>
  <w>.</w>
  <w>.</w>
  <w>Men</w>
  <absaspan id=32>
    <w>trickle-down-ekonomin</w>
  </absaspan>
  <absaspan id=33 senti=2>
    <w>har</w>
    <w>aldrig</w>
    <w>fungerat</w>
    <w>i</w>
    <w>praktiken</w>
  </absaspan>
  <w>.</w>
  <w>I</w>
  <w>USA</w>
  <absaspan id=34 senti=2>
    <w>blev</w>
    <w>resultatet</w>
  </absaspan>
  <w>av</w>
  <absaspan id=35>
    <w>Bush</w>
    <w>och</w>
    <w>Reagans</w>
    <w>praktiska</w>
    <w>trickle-down-övningar</w>
  </absaspan>
  <absaspan id=36 senti=2>
    <w>rekordstora</w>
  </absaspan>
  <absaspan id=37 senti=2>
    <w>klyftor</w>
    <w>och</w>
    <w>ökad</w>
    <w>fattigdom</w>
  </absaspan>
  <w>.</w>
  <w>Knappast</w>
  <w>något</w>
  <w>att</w>
  <w>ta</w>
  <w>efter</w>
  <w>.</w>
</absapar>
<absapar id=13>
  <w>Överraskande</w>
  <w>ärligt</w>
  <w>.</w>
</absapar>
<absapar id=14>
  <w>Storstad</w>
  <w>:</w>
  <w>Det</w>
  <w>är</w>
  <w>överraskande</w>
  <w>ärligt</w>
  <w>,</w>
  <w>nästan</w>
  <w>naket</w>
  <w>,</w>
  <w>att</w>
  <w>Henrik</w>
  <w>von</w>
  <w>Sydow</w>
  <w>(</w>
  <w>i</w>
  <w>Almedalen</w>
  <w>)</w>
  <w>låter</w>
  <w>Jarvis</w>
  <w>Cocker</w>
  <w>med</w>
  <w>Common</w>
  <w>People</w>
  <w>illustrera</w>
  <w>Nya</w>
  <w>Moderaternas</w>
  <w>försök</w>
  <w>att</w>
  <w>styla</w>
  <w>sig</w>
  <w>till</w>
  <w>allt</w>
  <w>från</w>
  <w>arbetarparti</w>
  <w>till</w>
  <w>allmänintresse</w>
  <w>.</w>
</absapar>
<absapar id=15>
  <w>Tage</w>
  <w>Påhlsson</w>
  <w>.</w>
</absapar>
</absadoc>
