<absadoc annotators=1 senti=0>
<absatitle>
  <w>Åtta</w>
  <w>män</w>
  <w>häktade</w>
  <w>för</w>
  <w>grov</w>
  <w>våldtäkt</w>
  <w>i</w>
  <w>Mariannelund</w>
  <w>.</w>
</absatitle>
<absapar id=1>
  <w>Fem</w>
  <w>personer</w>
  <w>sitter</w>
  <w>anhållna</w>
  <w>misstänkta</w>
  <w>för</w>
  <w>grov</w>
  <w>våldtäkt</w>
  <w>på</w>
  <w>Höglandet</w>
  <w>i</w>
  <w>helgen</w>
  <w>.</w>
</absapar>
<absapar id=2>
  <w>Det</w>
  <w>rör</w>
  <w>sig</w>
  <w>om</w>
  <w>fem</w>
  <w>män</w>
  <w>som</w>
  <w>är</w>
  <w>mellan</w>
  <w>20</w>
  <w>och</w>
  <w>30</w>
  <w>år</w>
  <w>gamla</w>
  <w>.</w>
  <w>Samtliga</w>
  <w>anhölls</w>
  <w>vid</w>
  <w>halv</w>
  <w>tiotiden</w>
  <w>på</w>
  <w>lördagskvällen</w>
  <w>.</w>
</absapar>
<absapar id=3>
  <w>Misstanken</w>
  <w>gäller</w>
  <w>grov</w>
  <w>våldtäkt</w>
  <w>och</w>
  <w>polisen</w>
  <w>är</w>
  <w>ytterst</w>
  <w>förtegen</w>
  <w>om</w>
  <w>var</w>
  <w>brottet</w>
  <w>ska</w>
  <w>ha</w>
  <w>begåtts</w>
  <w>.</w>
</absapar>
<absapar id=4>
  <w>Polisen</w>
  <w>ytterst</w>
  <w>förtegen</w>
  <w>.</w>
  <w>Vad</w>
  <w>kan</w>
  <w>detta</w>
  <w>handla</w>
  <w>om</w>
  <w>?</w>
  <w>Vad</w>
  <w>är</w>
  <w>Höglandet</w>
  <w>för</w>
  <w>område</w>
  <w>?</w>
  <w>.</w>
</absapar>
<absapar id=5>
  <w>De</w>
  <w>har</w>
  <w>lyckats</w>
  <w>plocka</w>
  <w>in</w>
  <w>alla</w>
  <w>gärningsmän</w>
  <w>samtidigt</w>
  <w>på</w>
  <w>lördagskvällen</w>
  <w>vilket</w>
  <w>tyder</w>
  <w>på</w>
  <w>att</w>
  <w>offret</w>
  <w>anmält</w>
  <w>våldtäkten</w>
  <w>omgående</w>
  <w>.</w>
</absapar>
<absapar id=6 senti=2>
  <absaspan id=1 senti=2>
    <w>Berikare</w>
  </absaspan>
  <w>i</w>
  <w>farten</w>
  <w>?</w>
  <w>.</w>
</absapar>
</absadoc>
