<absadoc annotators=1 senti=>
<absatitle>
  <w>Ny</w>
  <w>kvinnoanstalt</w>
  <w>med</w>
  <w>jobbfokus</w>
  <w>.</w>
</absatitle>
<absapar id=1>
  <w>Anstalten</w>
  <w>Smälteryd</w>
  <w>i</w>
  <w>Västra</w>
  <w>Götaland</w>
  <w>ska</w>
  <w>öppnas</w>
  <w>på</w>
  <w>nytt</w>
  <w>.</w>
  <w>Där</w>
  <w>ska</w>
  <w>kvinnliga</w>
  <w>intagna</w>
  <w>få</w>
  <w>arbetsmarknadsutbilning</w>
  <w>i</w>
  <w>ett</w>
  <w>samarbete</w>
  <w>mellan</w>
  <w>Arbetsförmedlingen</w>
  <w>och</w>
  <w>Kriminalvården</w>
  <w>.</w>
  <w>Det</w>
  <w>skriver</w>
  <w>generaldirektörerna</w>
  <w>Angeles</w>
  <w>Bermudez-Svankvist</w>
  <w>och</w>
  <w>Nils</w>
  <w>Öberg</w>
  <w>.</w>
</absapar>
<absapar id=2>
  <w>Det</w>
  <w>finns</w>
  <w>cirka</w>
  <w>300</w>
  <w>kvinnor</w>
  <w>i</w>
  <w>Sverige</w>
  <w>som</w>
  <w>sitter</w>
  <w>i</w>
  <w>fängelse</w>
  <w>.</w>
  <w>I</w>
  <w>många</w>
  <w>avseenden</w>
  <w>är</w>
  <w>det</w>
  <w>ingen</w>
  <w>skillnad</w>
  <w>mellan</w>
  <w>kvinnliga</w>
  <w>och</w>
  <w>manliga</w>
  <w>intagna</w>
  <w>.</w>
  <w>Kvinnor</w>
  <w>begår</w>
  <w>lika</w>
  <w>allvarliga</w>
  <w>brott</w>
  <w>som</w>
  <w>män</w>
  <w>och</w>
  <w>döms</w>
  <w>till</w>
  <w>samma</w>
  <w>slags</w>
  <w>påföljder</w>
  <w>.</w>
  <w>Men</w>
  <w>det</w>
  <w>finns</w>
  <w>också</w>
  <w>skillnader</w>
  <w>som</w>
  <w>gör</w>
  <w>att</w>
  <w>det</w>
  <w>behövs</w>
  <w>särskilda</w>
  <w>insatser</w>
  <w>för</w>
  <w>kvinnorna</w>
  <w>.</w>
  <w>Kvinnor</w>
  <w>har</w>
  <w>ofta</w>
  <w>ett</w>
  <w>missbruk</w>
  <w>och</w>
  <w>har</w>
  <w>ofta</w>
  <w>utsatts</w>
  <w>för</w>
  <w>våld</w>
  <w>och</w>
  <w>allvarliga</w>
  <w>övergrepp</w>
  <w>.</w>
  <w>Inte</w>
  <w>sällan</w>
  <w>har</w>
  <w>de</w>
  <w>därför</w>
  <w>särskilda</w>
  <w>vårdbehov</w>
  <w>.</w>
  <w>Då</w>
  <w>de</w>
  <w>är</w>
  <w>färre</w>
  <w>till</w>
  <w>antalet</w>
  <w>placeras</w>
  <w>kvinnliga</w>
  <w>intagna</w>
  <w>på</w>
  <w>ett</w>
  <w>annat</w>
  <w>sätt</w>
  <w>.</w>
  <w>De</w>
  <w>som</w>
  <w>har</w>
  <w>korta</w>
  <w>straff</w>
  <w>kan</w>
  <w>vara</w>
  <w>placerade</w>
  <w>på</w>
  <w>samma</w>
  <w>anstalt</w>
  <w>som</w>
  <w>livstidsdömda</w>
  <w>.</w>
  <w>Det</w>
  <w>händer</w>
  <w>också</w>
  <w>att</w>
  <w>kvinnor</w>
  <w>har</w>
  <w>barn</w>
  <w>med</w>
  <w>sig</w>
  <w>i</w>
  <w>anstalten</w>
  <w>.</w>
  <w>Mamman</w>
  <w>och</w>
  <w>barnet</w>
  <w>får</w>
  <w>då</w>
  <w>ett</w>
  <w>anpassat</w>
  <w>boende</w>
  <w>.</w>
</absapar>
<absapar id=3>
  <w>Det</w>
  <w>här</w>
  <w>är</w>
  <w>en</w>
  <w>argumenterande</w>
  <w>text</w>
  <w>med</w>
  <w>syfte</w>
  <w>att</w>
  <w>påverka</w>
  <w>.</w>
  <w>Åsikterna</w>
  <w>som</w>
  <w>uttrycks</w>
  <w>är</w>
  <w>skribentens</w>
  <w>egna</w>
  <w>.</w>
</absapar>
<absapar id=4>
  <w>På</w>
  <w>arbetsmarknaden</w>
  <w>har</w>
  <w>kriminellt</w>
  <w>belastade</w>
  <w>en</w>
  <w>svag</w>
  <w>ställning</w>
  <w>.</w>
  <w>För</w>
  <w>Kriminalvårdens</w>
  <w>kvinnliga</w>
  <w>klienter</w>
  <w>är</w>
  <w>det</w>
  <w>ännu</w>
  <w>svårare</w>
  <w>att</w>
  <w>få</w>
  <w>ett</w>
  <w>jobb</w>
  <w>.</w>
  <w>Det</w>
  <w>finns</w>
  <w>få</w>
  <w>andra</w>
  <w>grupper</w>
  <w>i</w>
  <w>samhället</w>
  <w>som</w>
  <w>har</w>
  <w>en</w>
  <w>svagare</w>
  <w>ställning</w>
  <w>på</w>
  <w>arbetsmarknaden</w>
  <w>.</w>
  <w>Samtidigt</w>
  <absaspan id=1 senti=4>
    <w>är</w>
  </absaspan>
  <absaspan id=2>
    <w>ett</w>
    <w>arbete</w>
    <w>eller</w>
    <w>en</w>
    <w>yrkesutbildning</w>
  </absaspan>
  <w>ofta</w>
  <absaspan id=3 senti=4>
    <w>en</w>
  </absaspan>
  <absaspan id=4 senti=4>
    <w>förutsättning</w>
    <w>för</w>
    <w>att</w>
    <w>kunna</w>
    <w>bryta</w>
    <w>kriminaliteten</w>
  </absaspan>
  <w>.</w>
</absapar>
<absapar id=5>
  <w>Brottsförebyggande</w>
  <w>rådet</w>
  <w>gjorde</w>
  <w>2009</w>
  <w>en</w>
  <w>utvärdering</w>
  <w>av</w>
  <w>Arbetsförmedlingens</w>
  <w>arbetsmarknadsutbildningar</w>
  <w>på</w>
  <w>landets</w>
  <w>anstalter</w>
  <w>,</w>
  <w>"</w>
  <w>Effekter</w>
  <w>av</w>
  <w>yrkesutbildning</w>
  <w>för</w>
  <w>intagna</w>
  <w>i</w>
  <w>kriminalvård</w>
  <w>"</w>
  <w>.</w>
  <w>Studien</w>
  <w>visar</w>
  <w>att</w>
  <w>arbetsmarknadsutbildning</w>
  <w>i</w>
  <w>högre</w>
  <w>grad</w>
  <w>leder</w>
  <w>till</w>
  <w>arbete</w>
  <w>efter</w>
  <w>avtjänat</w>
  <w>straff</w>
  <w>jämfört</w>
  <w>med</w>
  <w>en</w>
  <w>kontrollgrupp</w>
  <w>som</w>
  <w>inte</w>
  <w>deltog</w>
  <w>.</w>
  <absaspan id=5>
    <w>Studien</w>
  </absaspan>
  <w>visar</w>
  <w>även</w>
  <w>att</w>
  <absaspan id=6>
    <w>arbete</w>
  </absaspan>
  <absaspan id=7 senti=4>
    <w>minskar</w>
  </absaspan>
  <absaspan id=8 senti=4>
    <w>risken</w>
    <w>för</w>
  </absaspan>
  <absaspan id=9 senti=4>
    <w>återfall</w>
  </absaspan>
  <w>.</w>
  <absaspan id=10>
    <w>Vi</w>
  </absaspan>
  <w>har</w>
  <w>under</w>
  <w>de</w>
  <w>senaste</w>
  <w>åren</w>
  <absaspan id=11 senti=4>
    <w>strävat</w>
    <w>efter</w>
  </absaspan>
  <absaspan id=12>
    <w>att</w>
    <w>öka</w>
    <w>antalet</w>
    <w>arbetsmarknadsutbildningar</w>
    <w>på</w>
    <w>anstalterna</w>
  </absaspan>
  <w>.</w>
  <w>Under</w>
  <w>2011</w>
  <w>pågick</w>
  <w>35</w>
  <w>utbildningar</w>
  <w>på</w>
  <w>32</w>
  <w>anstalter</w>
  <w>.</w>
  <w>Detta</w>
  <w>var</w>
  <w>en</w>
  <w>ökning</w>
  <w>i</w>
  <w>förhållande</w>
  <w>till</w>
  <w>2010</w>
  <w>,</w>
  <w>då</w>
  <w>det</w>
  <w>var</w>
  <w>23</w>
  <w>.</w>
  <w>På</w>
  <w>landets</w>
  <w>sex</w>
  <w>kvinnoanstalter</w>
  <w>fanns</w>
  <w>under</w>
  <w>förra</w>
  <w>året</w>
  <w>arbetsmarknadsutbildningar</w>
  <w>på</w>
  <w>tre</w>
  <w>.</w>
</absapar>
<absapar id=6>
  <w>Regeringen</w>
  <w>har</w>
  <w>nyligen</w>
  <w>gett</w>
  <w>oss</w>
  <absaspan id=13>
    <w>ett</w>
  </absaspan>
  <absaspan id=14>
    <w>gemensamt</w>
    <w>uppdrag</w>
    <w>att</w>
    <w>skapa</w>
    <w>arbetsfrämjande</w>
    <w>åtgärder</w>
    <w>för</w>
    <w>dessa</w>
    <w>kvinnor</w>
  </absaspan>
  <w>.</w>
  <absaspan id=15>
    <w>Det</w>
  </absaspan>
  <absaspan id=16 senti=4>
    <w>välkomnar</w>
  </absaspan>
  <absaspan id=17>
    <w>vi</w>
  </absaspan>
  <w>.</w>
  <w>Det</w>
  <w>fördjupade</w>
  <w>samarbetet</w>
  <w>innebär</w>
  <w>att</w>
  <w>Arbetsförmedlingen</w>
  <w>kommer</w>
  <w>in</w>
  <w>tidigare</w>
  <w>med</w>
  <w>insatser</w>
  <w>som</w>
  <w>leder</w>
  <w>till</w>
  <w>arbete</w>
  <w>.</w>
  <w>Vi</w>
  <w>investerar</w>
  <w>gemensamt</w>
  <w>i</w>
  <w>yrkesutbildning</w>
  <w>,</w>
  <w>kartläggning</w>
  <w>,</w>
  <w>validering</w>
  <w>av</w>
  <w>yrkeskunskaper</w>
  <w>,</w>
  <w>betyg</w>
  <w>,</w>
  <w>certifiering</w>
  <w>och</w>
  <w>arbetsmarknadsåtgärder</w>
  <w>med</w>
  <w>inriktning</w>
  <w>på</w>
  <w>denna</w>
  <w>klientgrupp</w>
  <w>.</w>
</absapar>
<absapar id=7>
  <w>I</w>
  <w>en</w>
  <w>unik</w>
  <w>satsning</w>
  <w>öppnar</w>
  <w>Kriminalvården</w>
  <w>den</w>
  <w>stängda</w>
  <w>anstalten</w>
  <w>Smälteryd</w>
  <w>i</w>
  <w>Sätila</w>
  <w>,</w>
  <w>Västra</w>
  <w>Götaland</w>
  <w>,</w>
  <w>för</w>
  <w>kvinnor</w>
  <w>,</w>
  <w>med</w>
  <w>fokus</w>
  <w>på</w>
  <w>arbetsmarknadsanpassad</w>
  <w>utbildning</w>
  <w>.</w>
  <w>Målet</w>
  <w>är</w>
  <w>att</w>
  <w>i</w>
  <w>nära</w>
  <w>samarbete</w>
  <w>med</w>
  <w>Arbetsförmedlingen</w>
  <w>redan</w>
  <w>på</w>
  <w>projekteringsstadiet</w>
  <w>se</w>
  <w>till</w>
  <w>att</w>
  <w>yrkesförberedande</w>
  <w>inslag</w>
  <w>integreras</w>
  <w>samt</w>
  <w>att</w>
  <w>skapa</w>
  <w>direkta</w>
  <w>kopplingar</w>
  <w>till</w>
  <w>näringslivet</w>
  <w>.</w>
  <w>Genom</w>
  <absaspan id=18>
    <w>riktade</w>
    <w>satsningar</w>
  </absaspan>
  <absaspan id=19 senti=4>
    <w>kan</w>
  </absaspan>
  <w>vi</w>
  <absaspan id=20 senti=4>
    <w>skapa</w>
  </absaspan>
  <absaspan id=21 senti=4>
    <w>förutsättningar</w>
    <w>för</w>
    <w>att</w>
    <w>minska</w>
    <w>återfall</w>
    <w>i</w>
    <w>brott</w>
    <w>,</w>
    <w>förebygga</w>
    <w>att</w>
    <w>nya</w>
    <w>brottsoffer</w>
    <w>drabbas</w>
    <w>men</w>
    <w>också</w>
    <w>möta</w>
    <w>arbetsmarknadens</w>
    <w>efterfrågan</w>
    <w>.</w>
  </absaspan>
</absapar>
<absapar id=8>
  <w>Kriminalvårdens</w>
  <w>generella</w>
  <w>uppdrag</w>
  <w>handlar</w>
  <w>såväl</w>
  <w>om</w>
  <w>att</w>
  <w>verkställa</w>
  <w>påföljder</w>
  <w>som</w>
  <w>att</w>
  <w>förhindra</w>
  <w>återfall</w>
  <w>.</w>
  <w>Det</w>
  <w>återfallsförebyggande</w>
  <w>arbetet</w>
  <w>börjar</w>
  <w>redan</w>
  <w>vid</w>
  <w>mötet</w>
  <w>med</w>
  <w>klienten</w>
  <w>,</w>
  <w>på</w>
  <w>häktet</w>
  <w>eller</w>
  <w>i</w>
  <w>frivården</w>
  <w>.</w>
  <w>För</w>
  <absaspan id=22>
    <w>varje</w>
    <w>person</w>
    <w>som</w>
    <w>kan</w>
    <w>förmås</w>
    <w>att</w>
    <w>avsluta</w>
    <w>sin</w>
    <w>kriminalitet</w>
  </absaspan>
  <w>,</w>
  <w>har</w>
  <w>samhället</w>
  <absaspan id=23 senti=4>
    <w>vunnit</w>
    <w>i</w>
    <w>trygghet</w>
    <w>,</w>
    <w>minskat</w>
    <w>lidande</w>
    <w>och</w>
    <w>reducerat</w>
    <w>kostnader</w>
  </absaspan>
  <w>.</w>
  <w>Kriminalvårdens</w>
  <w>omvårdnadsuppdrag</w>
  <w>innehåller</w>
  <w>flera</w>
  <w>delar</w>
  <w>:</w>
  <w>behandling</w>
  <w>mot</w>
  <w>missbruk</w>
  <w>och</w>
  <w>kriminalitet</w>
  <w>men</w>
  <w>också</w>
  <w>ett</w>
  <w>stödjande</w>
  <w>och</w>
  <w>motiverande</w>
  <w>förhållningssätt</w>
  <w>från</w>
  <w>personalen</w>
  <w>.</w>
</absapar>
<absapar id=9>
  <w>Skräddarsydda</w>
  <w>kurser</w>
  <w>i</w>
  <w>ämnen</w>
  <w>som</w>
  <w>intresserar</w>
  <w>och</w>
  <w>engagerar</w>
  <w>både</w>
  <w>kropp</w>
  <w>och</w>
  <w>själ</w>
  <w>.</w>
</absapar>
<absapar id=10>
  <w>Kvinnliga</w>
  <w>klienter</w>
  <w>i</w>
  <w>Kriminalvården</w>
  <w>har</w>
  <w>ofta</w>
  <w>barn</w>
  <w>,</w>
  <w>undantagsvis</w>
  <w>är</w>
  <w>små</w>
  <w>barn</w>
  <w>med</w>
  <w>sina</w>
  <w>mammor</w>
  <w>i</w>
  <w>anstalten</w>
  <w>.</w>
  <w>Därför</w>
  <w>jobbar</w>
  <w>Kriminalvården</w>
  <w>mycket</w>
  <w>med</w>
  <w>barnperspektivet</w>
  <w>och</w>
  <w>har</w>
  <w>inrättat</w>
  <w>särskilda</w>
  <w>barnombud</w>
  <w>,</w>
  <w>anpassar</w>
  <w>boende</w>
  <w>och</w>
  <w>verksamhet</w>
  <w>efter</w>
  <w>barnens</w>
  <w>behov</w>
  <w>i</w>
  <w>största</w>
  <w>möjliga</w>
  <w>mån</w>
  <w>och</w>
  <w>försöker</w>
  <w>stötta</w>
  <w>intagna</w>
  <w>i</w>
  <w>sin</w>
  <w>föräldraroll</w>
  <w>.</w>
  <w>Syftet</w>
  <w>är</w>
  <w>att</w>
  <w>barnen</w>
  <w>inte</w>
  <w>ska</w>
  <w>lida</w>
  <w>men</w>
  <w>eller</w>
  <w>ännu</w>
  <w>större</w>
  <w>skada</w>
  <w>än</w>
  <w>de</w>
  <w>redan</w>
  <w>gjort</w>
  <w>.</w>
  <w>Detta</w>
  <w>är</w>
  <w>också</w>
  <w>ett</w>
  <w>led</w>
  <w>i</w>
  <w>ansträngningarna</w>
  <w>att</w>
  <w>förbereda</w>
  <w>för</w>
  <w>ett</w>
  <w>fungerande</w>
  <w>liv</w>
  <w>.</w>
</absapar>
<absapar id=11>
  <w>Anstalten</w>
  <w>Smälteryd</w>
  <w>är</w>
  <w>ett</w>
  <w>före</w>
  <w>detta</w>
  <w>lantbruk</w>
  <w>med</w>
  <w>goda</w>
  <w>möjligheter</w>
  <w>att</w>
  <w>bedriva</w>
  <w>djurskötsel</w>
  <w>.</w>
  <w>Vi</w>
  <w>kan</w>
  <w>där</w>
  <w>erbjuda</w>
  <w>kvinnorna</w>
  <w>yrkesutbildning</w>
  <w>och</w>
  <w>certifiering</w>
  <w>i</w>
  <w>skötsel</w>
  <w>av</w>
  <w>framför</w>
  <w>allt</w>
  <w>hästar</w>
  <w>.</w>
  <w>Vi</w>
  <w>undersöker</w>
  <w>även</w>
  <w>möjligheten</w>
  <w>att</w>
  <w>ha</w>
  <w>viss</w>
  <w>hundverksamhet</w>
  <w>.</w>
  <absaspan id=24>
    <w>Vi</w>
  </absaspan>
  <w>vet</w>
  <w>att</w>
  <absaspan id=25>
    <w>djurskötsel</w>
  </absaspan>
  <absaspan id=26 senti=4>
    <w>har</w>
    <w>en</w>
    <w>god</w>
    <w>inverkan</w>
  </absaspan>
  <w>.</w>
  <absaspan id=27>
    <w>Några</w>
    <w>anstalter</w>
    <w>driver</w>
    <w>redan</w>
    <w>i</w>
    <w>dag</w>
    <w>lantbruk</w>
  </absaspan>
  <w>och</w>
  <w>vi</w>
  <w>ser</w>
  <w>att</w>
  <w>det</w>
  <absaspan id=28 senti=4>
    <w>främjar</w>
    <w>både</w>
    <w>yrkesskicklighet</w>
    <w>,</w>
    <w>empatisk</w>
    <w>förmåga</w>
    <w>och</w>
    <w>självförtroendet</w>
  </absaspan>
  <w>.</w>
  <w>Arbetsförmedlingens</w>
  <w>kunskaper</w>
  <w>om</w>
  <w>arbetsmarknaden</w>
  <w>visar</w>
  <w>att</w>
  <w>just</w>
  <w>häst</w>
  <w>-</w>
  <w>och</w>
  <w>hundskötsel</w>
  <w>är</w>
  <w>en</w>
  <w>växande</w>
  <w>bransch</w>
  <w>.</w>
</absapar>
<absapar id=12>
  <w>På</w>
  <w>Smälteryd</w>
  <w>finns</w>
  <w>även</w>
  <w>goda</w>
  <w>förutsättningar</w>
  <w>för</w>
  <w>att</w>
  <w>bedriva</w>
  <w>utbildningar</w>
  <w>inom</w>
  <w>logistik</w>
  <w>,</w>
  <w>verkstad</w>
  <w>,</w>
  <w>restaurang</w>
  <w>och</w>
  <w>storhushåll</w>
  <w>.</w>
</absapar>
<absapar id=13>
  <w>Den</w>
  <w>nya</w>
  <w>anstalten</w>
  <w>kan</w>
  <w>även</w>
  <w>tillgodose</w>
  <w>barnperspektivet</w>
  <w>och</w>
  <w>erbjuda</w>
  <w>de</w>
  <w>barn</w>
  <w>som</w>
  <w>besöker</w>
  <w>eller</w>
  <w>följer</w>
  <w>med</w>
  <w>sina</w>
  <w>mammor</w>
  <w>en</w>
  <w>bättre</w>
  <w>miljö</w>
  <w>.</w>
</absapar>
<absapar id=14>
  <w>Vi</w>
  <w>är</w>
  <w>två</w>
  <w>av</w>
  <w>statens</w>
  <w>största</w>
  <w>myndigheter</w>
  <w>som</w>
  <w>redan</w>
  <w>i</w>
  <w>dag</w>
  <w>har</w>
  <w>ett</w>
  <absaspan id=29 senti=4>
    <w>gott</w>
  </absaspan>
  <absaspan id=30>
    <w>samarbete</w>
  </absaspan>
  <w>.</w>
  <absaspan id=31 senti=4>
    <w>En</w>
    <w>framgångsrik</w>
    <w>del</w>
    <w>av</w>
    <w>detta</w>
    <w>är</w>
  </absaspan>
  <absaspan id=32>
    <w>Krami</w>
  </absaspan>
  <w>,</w>
  <w>en</w>
  <w>samverkan</w>
  <w>mellan</w>
  <w>frivården</w>
  <w>,</w>
  <w>Arbetsförmedlingen</w>
  <w>och</w>
  <w>kommunerna</w>
  <w>som</w>
  <w>syftar</w>
  <w>till</w>
  <w>att</w>
  <w>Kriminalvårdens</w>
  <w>klienter</w>
  <w>ska</w>
  <w>få</w>
  <w>och</w>
  <w>behålla</w>
  <w>ett</w>
  <w>arbete</w>
  <w>,</w>
  <w>ett</w>
  <w>annat</w>
  <w>är</w>
  <absaspan id=33>
    <w>yrkesförberedande</w>
    <w>utbildningar</w>
    <w>av</w>
    <w>olika</w>
    <w>slag</w>
  </absaspan>
  <absaspan id=34 senti=4>
    <w>.</w>
  </absaspan>
  <w>Anstalten</w>
  <w>Smälteryd</w>
  <w>blir</w>
  <w>ett</w>
  <w>nytt</w>
  <w>sätt</w>
  <w>för</w>
  <w>oss</w>
  <w>att</w>
  <w>vidareutveckla</w>
  <w>och</w>
  <w>fördjupa</w>
  <w>vårt</w>
  <w>samarbete</w>
  <w>.</w>
  <absaspan id=35>
    <w>Ett</w>
    <w>arbete</w>
  </absaspan>
  <absaspan id=36 senti=4>
    <w>är</w>
    <w>en</w>
    <w>nyckel</w>
    <w>till</w>
    <w>ett</w>
    <w>liv</w>
    <w>utan</w>
    <w>kriminalitet</w>
    <w>och</w>
    <w>missbruk</w>
  </absaspan>
  <w>.</w>
  <w>Det</w>
  <w>gäller</w>
  <w>både</w>
  <w>män</w>
  <w>och</w>
  <w>kvinnor</w>
  <w>.</w>
</absapar>
<absapar id=15>
  <w>ANGELES</w>
  <w>BERMUDEZ-SVANKVIST</w>
  <w>.</w>
</absapar>
<absapar id=16>
  <w>generaldirektör</w>
  <w>Arbetsförmedlingen</w>
  <w>.</w>
</absapar>
<absapar id=17>
  <w>NILS</w>
  <w>ÖBERG</w>
  <w>.</w>
</absapar>
<absapar id=18>
  <w>generaldirektör</w>
  <w>Kriminalvården</w>
  <w>.</w>
</absapar>
<absapar id=19>
  <w>Redaktör</w>
  <w>:</w>
  <w>Carina</w>
  <w>Stensson</w>
  <w>,</w>
  <w>Biträdande</w>
  <w>redaktör</w>
  <w>:</w>
  <w>Björn</w>
  <w>Jorner</w>
  <w>,</w>
  <w>Mejl</w>
  <w>:</w>
  <w>debatt</w>
  <w>@</w>
  <w>svd.se</w>
  <w>,</w>
  <w>Telefonnummer</w>
  <w>:</w>
  <w>08</w>
  <w>-</w>
  <w>135149</w>
  <w>,</w>
  <w>Twitter</w>
  <w>:</w>
  <w>@</w>
  <w>SvDDebatt</w>
  <w>,</w>
  <w>Facebook</w>
  <w>:</w>
  <w>SvD</w>
  <w>Debatt</w>
  <w>.</w>
</absapar>
</absadoc>
