<absadoc annotators=1 senti=2>
<absatitle>
  <w>Invandringskritiker</w>
  <w>:</w>
  <w>Hur</w>
  <w>liten</w>
  <w>invandring</w>
  <w>vill</w>
  <w>ni</w>
  <w>ha</w>
  <w>,</w>
  <w>och</w>
  <w>vilken</w>
  <w>sort</w>
  <w>,</w>
  <w>om</w>
  <w>ens</w>
  <w>någon</w>
  <w>?</w>
</absatitle>
<absapar id=1 senti=3>
  <w>Det</w>
  <w>har</w>
  <w>hänt</w>
  <w>mycket</w>
  <w>sedan</w>
  <w>den</w>
  <w>kaotiska</w>
  <w>hösten</w>
  <w>2015</w>
  <w>.</w>
  <w>Ibland</w>
  <w>låter</w>
  <w>det</w>
  <w>här</w>
  <w>som</w>
  <w>om</w>
  <w>flyktingkrisen</w>
  <w>aldrig</w>
  <w>tog</w>
  <w>slut</w>
  <w>för</w>
  <w>Sveriges</w>
  <w>del</w>
  <w>.</w>
</absapar>
<absapar id=2 senti=3>
  <w>Men</w>
  <w>ser</w>
  <w>man</w>
  <w>på</w>
  <w>antalet</w>
  <w>asylsökande</w>
  <w>i</w>
  <w>migrationsverkets</w>
  <w>mottagningssystem</w>
  <w>så</w>
  <w>är</w>
  <w>det</w>
  <w>mindre</w>
  <w>än</w>
  <w>hälften</w>
  <w>än</w>
  <w>vad</w>
  <w>det</w>
  <w>var</w>
  <w>den</w>
  <w>första</w>
  <w>januari</w>
  <w>2016</w>
  <w>.</w>
</absapar>
<absapar id=3 senti=3>
  <w>Tittar</w>
  <w>man</w>
  <w>på</w>
  <w>antalet</w>
  <w>asylsökande</w>
  <w>,</w>
  <w>per</w>
  <w>vecka</w>
  <w>,</w>
  <w>så</w>
  <w>ligger</w>
  <w>nu</w>
  <w>nivån</w>
  <w>på</w>
  <w>blott</w>
  <w>fem</w>
  <w>procent</w>
  <w>av</w>
  <w>vad</w>
  <w>det</w>
  <w>var</w>
  <w>som</w>
  <w>mest</w>
  <w>hösten</w>
  <w>2015</w>
  <w>.</w>
</absapar>
<absapar id=4 senti=3>
  <w>Sant</w>
  <w>är</w>
  <w>att</w>
  <w>det</w>
  <w>beviljas</w>
  <w>massor</w>
  <w>av</w>
  <w>uppehållstillstånd</w>
  <w>.</w>
  <w>Men</w>
  <w>dessa</w>
  <w>är</w>
  <w>av</w>
  <w>olika</w>
  <w>typ</w>
  <w>och</w>
  <w>man</w>
  <w>måste</w>
  <w>skilja</w>
  <w>päron</w>
  <w>ifrån</w>
  <w>äpplen</w>
  <w>.</w>
</absapar>
<absapar id=5 senti=3>
  <w>Min</w>
  <w>egen</w>
  <w>syn</w>
  <w>på</w>
  <w>saken</w>
  <w>är</w>
  <w>att</w>
  <w>vi</w>
  <w>borde</w>
  <w>klara</w>
  <w>oss</w>
  <w>med</w>
  <w>ungefär</w>
  <w>det</w>
  <w>antal</w>
  <w>asylsökande</w>
  <w>som</w>
  <w>kommit</w>
  <w>i</w>
  <w>år</w>
  <w>,</w>
  <w>hittills</w>
  <w>under</w>
  <w>20</w>
  <w>000</w>
  <w>,</w>
  <w>alltså</w>
  <w>runt</w>
  <w>25</w>
  <w>000</w>
  <w>per</w>
  <w>år</w>
  <w>.</w>
  <w>Samtidigt</w>
  <w>så</w>
  <w>tycker</w>
  <w>jag</w>
  <w>dock</w>
  <w>att</w>
  <w>vi</w>
  <w>bör</w>
  <w>öka</w>
  <w>antalet</w>
  <w>kvotflyktingar</w>
  <w>till</w>
  <w>ca</w>
  <w>10</w>
  <w>000</w>
  <w>per</w>
  <w>år</w>
  <w>.</w>
  <w>En</w>
  <absaspan id=1 senti=4>
    <w>lagom</w>
  </absaspan>
  <absaspan id=2>
    <w>nivå</w>
  </absaspan>
  <w>på</w>
  <w>antalet</w>
  <w>människor</w>
  <w>i</w>
  <w>migrationsverkets</w>
  <w>mottagningssystem</w>
  <w>borde</w>
  <w>vara</w>
  <w>ca</w>
  <w>35</w>
  <w>000</w>
  <w>,</w>
  <w>ungefär</w>
  <w>samma</w>
  <w>nivå</w>
  <w>som</w>
  <w>2009</w>
  <w>.</w>
</absapar>
<absapar id=6 senti=3>
  <w>Samtidigt</w>
  <w>så</w>
  <w>har</w>
  <w>jag</w>
  <w>absolut</w>
  <w>inget</w>
  <w>emot</w>
  <w>arbetskraftsinvandring</w>
  <w>.</w>
  <w>Dessa</w>
  <w>invandrare</w>
  <w>,</w>
  <w>och</w>
  <w>dess</w>
  <w>anhöriga</w>
  <w>får</w>
  <w>gärna</w>
  <w>öka</w>
  <w>väldigt</w>
  <w>mycket</w>
  <w>.</w>
  <w>En</w>
  <w>total</w>
  <w>befolkningsökning</w>
  <w>på</w>
  <w>1,5</w>
  <w>procent</w>
  <w>per</w>
  <w>år</w>
  <w>är</w>
  <w>bara</w>
  <w>bra</w>
  <w>för</w>
  <w>Sverige</w>
  <w>.</w>
  <w>I</w>
  <w>år</w>
  <w>kommer</w>
  <w>vi</w>
  <w>nog</w>
  <w>inte</w>
  <w>upp</w>
  <w>i</w>
  <w>det</w>
  <w>.</w>
</absapar>
<absapar id=7>
  <w>Lite</w>
  <w>statistik</w>
  <w>ifrån</w>
  <w>Migrationsverket</w>
  <w>:</w>
  <w>.</w>
</absapar>
<absapar id=8>
  <w>Aktuell</w>
  <w>statistik</w>
  <w>:</w>
  <w>.</w>
</absapar>
<absapar id=9>
  <w>Inskrivna</w>
  <w>personer</w>
  <w>i</w>
  <w>migrationsverkets</w>
  <w>mottagningssystem</w>
  <w>1</w>
  <w>november</w>
  <w>2017</w>
  <w>,</w>
  <w>(</w>
  <w>observera</w>
  <w>att</w>
  <w>nästa</w>
  <w>10</w>
  <w>000</w>
  <w>av</w>
  <w>dem</w>
  <w>har</w>
  <w>giltigt</w>
  <w>uppehållstillstånd</w>
  <w>)</w>
  <w>.</w>
</absapar>
<absapar id=10>
  <w>Inskrivna</w>
  <w>personer</w>
  <w>i</w>
  <w>migrationsverkets</w>
  <w>mottagningssystem</w>
  <w>1</w>
  <w>januari</w>
  <w>2016</w>
  <w>:</w>
  <w>.</w>
</absapar>
<absapar id=11>
  <w>Inskrivna</w>
  <w>personer</w>
  <w>i</w>
  <w>migrationsverkets</w>
  <w>motttangningssystem</w>
  <w>4</w>
  <w>januari</w>
  <w>2010</w>
  <w>:</w>
  <w>.</w>
</absapar>
<absapar id=12>
  <w>Beviljade</w>
  <w>uppehållstillstånd</w>
  <w>,</w>
  <w>arbetstagare</w>
  <w>:</w>
  <w>.</w>
</absapar>
<absapar id=13>
  <w>Beviljade</w>
  <w>uppehållstillstånd</w>
  <w>,</w>
  <w>totalt</w>
  <w>2017</w>
  <w>:</w>
  <w>.</w>
</absapar>
<absapar id=14>
  <w>Så</w>
  <w>vad</w>
  <w>tycker</w>
  <w>ni</w>
  <w>?</w>
  <w>.</w>
</absapar>
<absapar id=15 senti=3>
  <w>Hur</w>
  <w>stor</w>
  <w>invandring</w>
  <w>bör</w>
  <w>vi</w>
  <w>ha</w>
  <w>?</w>
  <w>.</w>
</absapar>
<absapar id=16 senti=2>
  <w>Ifrån</w>
  <w>vilka</w>
  <w>länder</w>
  <w>?</w>
  <w>.</w>
</absapar>
<absapar id=17 senti=2>
  <w>Vilken</w>
  <w>slags</w>
  <w>invandring</w>
  <w>vill</w>
  <w>ni</w>
  <w>ha</w>
  <w>?</w>
  <w>.</w>
</absapar>
<absapar id=18 senti=2>
  <w>Vill</w>
  <w>ni</w>
  <w>skicka</w>
  <w>tillbaka</w>
  <w>invandrare</w>
  <w>som</w>
  <w>redan</w>
  <w>fått</w>
  <w>PUT</w>
  <w>?</w>
  <w>.</w>
</absapar>
<absapar id=19 senti=2>
  <w>Hur</w>
  <w>skall</w>
  <w>vi</w>
  <w>hantera</w>
  <w>invandrare</w>
  <w>som</w>
  <w>befinner</w>
  <w>sig</w>
  <w>i</w>
  <w>Sverige</w>
  <w>illegalt</w>
  <w>,</w>
  <w>(</w>
  <w>sk</w>
  <w>"</w>
  <w>papperslösa</w>
  <w>)</w>
  <w>?</w>
  <w>.</w>
</absapar>
</absadoc>
