<absadoc annotators=1 senti=>
<absatitle>
  <absaspan id=1>
    <w>Vi</w>
  </absaspan>
  <absaspan id=2 senti=2 source=1 target=3>
    <w>vägrar</w>
  </absaspan>
  <w>att</w>
  <w>stanna</w>
  <w>inne</w>
  <w>för</w>
  <absaspan id=3>
    <w>nazisterna</w>
  </absaspan>
  <w>.</w>
</absatitle>
<absapar id=1>
  <w>I</w>
  <w>december</w>
  <w>2000</w>
  <w>mördades</w>
  <w>en</w>
  <w>ung</w>
  <w>nazistsympatisör</w>
  <w>vid</w>
  <w>en</w>
  <w>busshållplats</w>
  <w>i</w>
  <w>Salems</w>
  <w>kommun</w>
  <w>,</w>
  <w>söder</w>
  <w>om</w>
  <w>Stockholm</w>
  <w>.</w>
  <w>Under</w>
  <w>täckmanteln</w>
  <w>av</w>
  <w>”</w>
  <w>sorgehögtid</w>
  <w>”</w>
  <w>genomförde</w>
  <w>flera</w>
  <w>nazistorganisationer</w>
  <w>en</w>
  <w>marsch</w>
  <w>av</w>
  <w>vanligt</w>
  <w>,</w>
  <w>nazistiskt</w>
  <w>,</w>
  <w>paramilitärt</w>
  <w>slag</w>
  <w>efter</w>
  <w>mordet</w>
  <w>på</w>
  <w>nazistsympatisören</w>
  <w>.</w>
</absapar>
<absapar id=2>
  <w>Marschen</w>
  <w>upprepades</w>
  <w>2001</w>
  <w>i</w>
  <w>ett</w>
  <w>fortfarande</w>
  <w>yrvaket</w>
  <w>Salem</w>
  <w>som</w>
  <w>dittills</w>
  <w>inte</w>
  <w>haft</w>
  <w>några</w>
  <absaspan id=4 senti=2>
    <w>nazistproblem</w>
  </absaspan>
  <w>.</w>
  <w>Vad</w>
  <w>skulle</w>
  <w>kommunen</w>
  <w>göra</w>
  <w>åt</w>
  <w>detta</w>
  <w>oväntade</w>
  <w>,</w>
  <w>okända</w>
  <absaspan id=5 senti=2>
    <w>elände</w>
  </absaspan>
  <w>?</w>
  <w>.</w>
</absapar>
<absapar id=3>
  <w>Polisen</w>
  <w>gav</w>
  <w>tillstånd</w>
  <w>till</w>
  <w>nazisternas</w>
  <w>parad</w>
  <w>2001</w>
  <w>och</w>
  <w>politikerna</w>
  <w>från</w>
  <w>den</w>
  <absaspan id=6>
    <w>borgerliga</w>
    <w>majoriteten</w>
  </absaspan>
  <w>uppmanade</w>
  <w>folket</w>
  <w>att</w>
  <w>hålla</w>
  <w>sig</w>
  <w>i</w>
  <w>stillhet</w>
  <w>samt</w>
  <absaspan id=7 senti=4>
    <w>uttryckte</w>
    <w>förhoppningen</w>
  </absaspan>
  <w>att</w>
  <absaspan id=8>
    <w>ingen</w>
    <w>måtte</w>
    <w>protestera</w>
    <w>mot</w>
    <w>nazismen</w>
  </absaspan>
  <w>.</w>
  <w>Detta</w>
  <w>var</w>
  <w>ett</w>
  <w>praktiskt</w>
  <w>erbjudande</w>
  <w>om</w>
  <w>långtidsparkering</w>
  <w>i</w>
  <w>Salem</w>
  <w>för</w>
  <w>nazister</w>
  <w>.</w>
</absapar>
<absapar id=4>
  <w>I</w>
  <w>Salem</w>
  <w>har</w>
  <w>vi</w>
  <w>startat</w>
  <w>föreningen</w>
  <w>”</w>
  <w>Salembor</w>
  <w>mot</w>
  <w>rasism</w>
  <w>”</w>
  <w>(</w>
  <w>SMR</w>
  <w>)</w>
  <w>för</w>
  <w>att</w>
  <w>göra</w>
  <w>Salem</w>
  <w>till</w>
  <w>en</w>
  <w>nazistfri</w>
  <w>zon</w>
  <w>.</w>
</absapar>
<absapar id=5>
  <w>Det</w>
  <w>bästa</w>
  <w>sättet</w>
  <w>att</w>
  <absaspan id=9 senti=4>
    <w>bekämpa</w>
  </absaspan>
  <absaspan id=10>
    <w>nazism</w>
    <w>och</w>
    <w>rasism</w>
  </absaspan>
  <w>är</w>
  <w>att</w>
  <w>organisera</w>
  <w>sig</w>
  <w>och</w>
  <w>arbeta</w>
  <w>lokalt</w>
  <w>.</w>
  <w>Officiella</w>
  <w>kampanjer</w>
  <w>upp-ifrån</w>
  <w>är</w>
  <w>mindre</w>
  <w>viktigt</w>
  <w>än</w>
  <w>folkrörelse</w>
  <w>-</w>
  <w>.</w>
</absapar>
<absapar id=6>
  <w>arbete</w>
  <w>underifrån</w>
  <w>.</w>
</absapar>
<absapar id=7>
  <w>Rasisterna</w>
  <w>agerar</w>
  <w>lokalt</w>
  <w>och</w>
  <w>det</w>
  <w>måste</w>
  <w>motståndet</w>
  <w>mot</w>
  <w>rasism</w>
  <w>också</w>
  <w>göra</w>
  <w>.</w>
  <w>När</w>
  <w>ras-istiska</w>
  <w>partier</w>
  <w>försöker</w>
  <w>skaffa</w>
  <w>sig</w>
  <w>fotfäste</w>
  <w>i</w>
  <w>en</w>
  <w>kommun</w>
  <w>eller</w>
  <w>begår</w>
  <w>brott</w>
  <w>mot</w>
  <w>invandrare</w>
  <w>har</w>
  <w>de</w>
  <w>fått</w>
  <w>svar</w>
  <w>på</w>
  <w>tal</w>
  <w>genom</w>
  <w>att</w>
  <w>lokala</w>
  <w>,</w>
  <w>antirasistiska</w>
  <w>organisationer</w>
  <w>bildats</w>
  <w>.</w>
  <w>Till</w>
  <w>exempel</w>
  <w>föranledde</w>
  <w>”</w>
  <w>lasermannens</w>
  <w>”</w>
  <w>mord-attentat</w>
  <w>i</w>
  <w>början</w>
  <w>av</w>
  <w>1990</w>
  <w>-</w>
  <w>talet</w>
  <w>att</w>
  <w>boende</w>
  <w>i</w>
  <w>Hägersten</w>
  <w>bildade</w>
  <w>”</w>
  <w>Hasans</w>
  <w>vänner</w>
  <w>mot</w>
  <w>våld</w>
  <w>och</w>
  <w>rasism</w>
  <w>”</w>
  <w>,</w>
  <w>en</w>
  <w>förening</w>
  <w>som</w>
  <w>bekämpat</w>
  <w>rasismen</w>
  <w>i</w>
  <w>mer</w>
  <w>än</w>
  <w>tio</w>
  <w>år</w>
  <w>.</w>
</absapar>
<absapar id=8>
  <w>Salembors</w>
  <absaspan id=11 senti=2>
    <w>problem</w>
  </absaspan>
  <w>med</w>
  <absaspan id=12>
    <w>rasism</w>
  </absaspan>
  <w>är</w>
  <w>unikt</w>
  <w>i</w>
  <w>Sverige</w>
  <w>.</w>
  <w>I</w>
  <w>Salem</w>
  <w>har</w>
  <w>behovet</w>
  <w>av</w>
  <w>vår</w>
  <w>förening</w>
  <w>inte</w>
  <w>uppstått</w>
  <w>på</w>
  <w>grund</w>
  <w>av</w>
  <w>nazistisk</w>
  <w>brottslighet</w>
  <w>mot</w>
  <w>invandrare</w>
  <w>,</w>
  <w>som</w>
  <w>i</w>
  <w>så</w>
  <w>många</w>
  <w>andra</w>
  <w>kommuner</w>
  <w>.</w>
  <w>Salem</w>
  <w>är</w>
  <w>i</w>
  <w>stället</w>
  <w>platsen</w>
  <w>där</w>
  <w>nazisterna</w>
  <w>fått</w>
  <w>sin</w>
  <w>första</w>
  <w>martyr</w>
  <w>.</w>
  <w>Här</w>
  <w>kan</w>
  <w>vi</w>
  <w>för</w>
  <w>första</w>
  <w>gången</w>
  <w>konkret</w>
  <w>mäta</w>
  <w>värdet</w>
  <w>av</w>
  <w>en</w>
  <w>Horst</w>
  <w>Wessel</w>
  <w>(</w>
  <w>nazitysk</w>
  <w>martyr</w>
  <w>under</w>
  <w>1930</w>
  <w>-</w>
  <w>talet</w>
  <w>)</w>
  <w>på</w>
  <w>svensk</w>
  <w>mark</w>
  <w>.</w>
  <w>Vi</w>
  <w>finner</w>
  <w>då</w>
  <w>att</w>
  <w>en</w>
  <w>dödad</w>
  <w>nazist</w>
  <w>åtminstone</w>
  <w>banar</w>
  <w>politisk</w>
  <w>väg</w>
  <w>för</w>
  <absaspan id=13 senti=2>
    <w>nazismens</w>
    <w>marschkultur</w>
  </absaspan>
  <w>.</w>
  <w>Mer</w>
  <w>osäkert</w>
  <w>är</w>
  <w>om</w>
  <w>sympatin</w>
  <w>för</w>
  <w>nazismen</w>
  <w>ökar</w>
  <w>.</w>
</absapar>
<absapar id=9>
  <w>Salems</w>
  <w>kommunledning</w>
  <w>,</w>
  <w>men</w>
  <w>också</w>
  <w>allmänheten</w>
  <w>,</w>
  <w>har</w>
  <w>haft</w>
  <w>svårigheter</w>
  <w>att</w>
  <w>uppfatta</w>
  <absaspan id=14>
    <w>”</w>
    <w>sorgehögtiden</w>
    <w>”</w>
  </absaspan>
  <w>som</w>
  <w>det</w>
  <absaspan id=15 senti=1>
    <w>militaristiska</w>
    <w>stöveltramp</w>
    <w>det</w>
    <w>i</w>
    <w>verkligheten</w>
    <w>är</w>
  </absaspan>
  <absaspan id=16>
    <w>.</w>
  </absaspan>
</absapar>
<absapar id=10>
  <w>En</w>
  <w>sådan</w>
  <w>taktisk</w>
  <w>fördel</w>
  <w>–</w>
  <w>en</w>
  <w>lönndörr</w>
  <w>för</w>
  <w>nazistparaderna</w>
  <w>att</w>
  <w>komma</w>
  <w>in</w>
  <w>genom</w>
  <w>–</w>
  <w>släpper</w>
  <w>ingen</w>
  <w>nazist</w>
  <w>ifrån</w>
  <w>sig</w>
  <w>frivilligt</w>
  <w>.</w>
  <w>En</w>
  <w>viktig</w>
  <w>uppgift</w>
  <w>för</w>
  <w>en</w>
  <w>antirasistisk</w>
  <w>förening</w>
  <w>i</w>
  <w>Salem</w>
  <w>är</w>
  <w>att</w>
  <w>informera</w>
  <w>kommunen</w>
  <w>och</w>
  <w>medborgarna</w>
  <w>om</w>
  <w>vad</w>
  <w>som</w>
  <w>står</w>
  <w>på</w>
  <w>spel</w>
  <w>.</w>
</absapar>
<absapar id=11>
  <w>Nazisternas</w>
  <w>parader</w>
  <w>är</w>
  <w>inga</w>
  <w>demonstrationer</w>
  <w>i</w>
  <w>demokratisk</w>
  <w>mening</w>
  <w>.</w>
  <w>De</w>
  <w>är</w>
  <w>inte</w>
  <w>tecken</w>
  <w>på</w>
  <w>yttrandefrihet</w>
  <w>.</w>
  <absaspan id=17>
    <w>Paradernas</w>
  </absaspan>
  <absaspan id=18 senti=2>
    <w>syfte</w>
  </absaspan>
  <w>är</w>
  <w>att</w>
  <absaspan id=19 senti=2>
    <w>skapa</w>
  </absaspan>
  <absaspan id=20 senti=2>
    <w>rädsla</w>
  </absaspan>
  <w>och</w>
  <w>anpassning</w>
  <w>i</w>
  <w>det</w>
  <w>omgivande</w>
  <w>samhället</w>
  <w>.</w>
  <w>När</w>
  <w>en</w>
  <w>nervös</w>
  <absaspan id=21>
    <w>kommunledning</w>
    <w>uppmanar</w>
    <w>medborgarna</w>
    <w>att</w>
    <w>inte</w>
    <w>ordna</w>
    <w>någon</w>
    <w>motdemonstration</w>
    <w>utan</w>
    <w>hålla</w>
    <w>sig</w>
    <w>inomhus</w>
  </absaspan>
  <w>–</w>
  <w>då</w>
  <w>hjälper</w>
  <w>kommunen</w>
  <w>nazisterna</w>
  <w>,</w>
  <absaspan id=22 senti=2>
    <w>serverar</w>
    <w>dem</w>
    <w>rädslan</w>
    <w>på</w>
    <w>ett</w>
    <w>silverfat</w>
  </absaspan>
  <w>.</w>
</absapar>
<absapar id=12>
  <w>När</w>
  <absaspan id=23 senti=2>
    <w>oron</w>
  </absaspan>
  <w>och</w>
  <w>anpassningen</w>
  <w>sprider</w>
  <w>sig</w>
  <w>hotar</w>
  <w>även</w>
  <w>vardagsrasismen</w>
  <w>att</w>
  <w>växa</w>
  <absaspan id=24>
    <w>.</w>
  </absaspan>
  <w>Rasistiska</w>
  <w>tolkningar</w>
  <w>av</w>
  <w>sociala</w>
  <w>problem</w>
  <w>vinner</w>
  <w>budskap</w>
  <w>i</w>
  <w>opinionen</w>
  <w>.</w>
  <w>Genom</w>
  <w>att</w>
  <w>vi</w>
  <w>är</w>
  <w>vanliga</w>
  <w>Salembor</w>
  <w>och</w>
  <w>ingen</w>
  <w>elit</w>
  <w>har</w>
  <w>vår</w>
  <w>förening</w>
  <w>möjlighet</w>
  <w>att</w>
  <w>motverka</w>
  <w>rasism</w>
  <w>som</w>
  <w>kan</w>
  <w>uppstå</w>
  <w>till</w>
  <w>exempel</w>
  <w>efter</w>
  <w>händelser</w>
  <w>som</w>
  <w>misshandeln</w>
  <w>på</w>
  <w>Skogsängsskolan</w>
  <w>nyligen</w>
  <w>.</w>
</absapar>
<absapar id=13>
  <absaspan id=25>
    <w>Vi</w>
  </absaspan>
  <w>kan</w>
  <w>med</w>
  <w>trovärdighet</w>
  <w>kritisera</w>
  <absaspan id=26>
    <w>sociala</w>
    <w>myndigheters</w>
  </absaspan>
  <absaspan id=27 senti=2>
    <w>diskriminering</w>
    <w>av</w>
    <w>utsatta</w>
    <w>familjer</w>
    <w>med</w>
    <w>invandrarbakgrund</w>
  </absaspan>
  <w>.</w>
  <w>Och</w>
  <w>därmed</w>
  <absaspan id=28 senti=4>
    <w>slå</w>
    <w>undan</w>
    <w>benen</w>
  </absaspan>
  <w>på</w>
  <absaspan id=29>
    <w>rasistiska</w>
    <w>lögner</w>
  </absaspan>
  <w>om</w>
  <w>orsak</w>
  <w>och</w>
  <w>verkan</w>
  <w>.</w>
</absapar>
<absapar id=14>
  <w>För</w>
  <w>att</w>
  <w>skapa</w>
  <w>ordning</w>
  <w>och</w>
  <w>reda</w>
  <w>i</w>
  <w>det</w>
  <w>antirasistiska</w>
  <w>arbetet</w>
  <w>och</w>
  <w>för</w>
  <w>att</w>
  <w>ingen</w>
  <w>ska</w>
  <w>känna</w>
  <w>sig</w>
  <w>isolerad</w>
  <w>och</w>
  <w>handlingsförlamad</w>
  <w>bildade</w>
  <w>vi</w>
  <w>Salembor</w>
  <w>mot</w>
  <w>rasism</w>
  <w>.</w>
</absapar>
<absapar id=15>
  <w>Effektivitet</w>
  <w>kräver</w>
  <w>struktur</w>
  <w>och</w>
  <w>pengar</w>
  <w>.</w>
  <w>Nu</w>
  <w>kan</w>
  <w>vi</w>
  <w>ordna</w>
  <w>möten</w>
  <w>,</w>
  <w>lära</w>
  <w>oss</w>
  <w>mera</w>
  <w>,</w>
  <w>sprida</w>
  <w>information</w>
  <w>,</w>
  <w>uttala</w>
  <w>oss</w>
  <w>offentligt</w>
  <w>och</w>
  <w>dra</w>
  <w>flera</w>
  <w>Salembor</w>
  <w>till</w>
  <w>verksamheten</w>
  <w>.</w>
</absapar>
<absapar id=16>
  <w>Bara</w>
  <w>närvaron</w>
  <w>av</w>
  <w>en</w>
  <w>antirasistisk</w>
  <w>organisation</w>
  <w>i</w>
  <w>Salem</w>
  <w>utgör</w>
  <w>svar</w>
  <w>på</w>
  <w>tal</w>
  <w>till</w>
  <w>rasismen</w>
  <w>,</w>
  <w>i</w>
  <w>och</w>
  <w>utanför</w>
  <w>kommunen</w>
  <w>.</w>
  <w>Föreningens</w>
  <w>blotta</w>
  <w>existens</w>
  <w>fäller</w>
  <w>den</w>
  <absaspan id=30 senti=2>
    <w>nonchalanta</w>
  </absaspan>
  <absaspan id=31>
    <w>kommunmajoriteten</w>
  </absaspan>
  <w>,</w>
  <w>som</w>
  <w>genom</w>
  <w>underlåtenhetssynd</w>
  <w>drar</w>
  <w>nationalsocialis</w>
  <w>-</w>
  <w>men</w>
  <w>över</w>
  <w>Salem</w>
  <w>för</w>
  <w>oöverblickbar</w>
  <w>framtid</w>
  <w>.</w>
</absapar>
<absapar id=17>
  <w>Vårt</w>
  <w>program</w>
  <w>lyder</w>
  <w>:</w>
  <w>Aldrig</w>
  <w>mera</w>
  <w>polistillstånd</w>
  <w>till</w>
  <w>paramilitära</w>
  <w>nazitåg</w>
  <w>genom</w>
  <w>Salem</w>
  <w>:</w>
  <w>större</w>
  <w>motdemonstrationer</w>
  <w>än</w>
  <w>hittills</w>
  <w>:</w>
  <w>Salem</w>
  <w>–</w>
  <w>en</w>
  <w>nazistfri</w>
  <w>zon</w>
  <w>.</w>
</absapar>
<absapar id=18>
  <absaspan id=32>
    <w>Vi</w>
  </absaspan>
  <w>är</w>
  <w>övertygade</w>
  <w>om</w>
  <w>att</w>
  <absaspan id=33 senti=4>
    <w>stödet</w>
  </absaspan>
  <w>är</w>
  <w>överväldigande</w>
  <w>bland</w>
  <w>de</w>
  <w>boende</w>
  <w>i</w>
  <w>Salem</w>
  <w>för</w>
  <w>kravet</w>
  <w>på</w>
  <w>kommunen</w>
  <w>som</w>
  <w>en</w>
  <w>nazistfri</w>
  <w>zon</w>
  <w>.</w>
</absapar>
<absapar id=19>
  <w>Carina</w>
  <w>Hedström</w>
  <w>,</w>
  <w>ordförande</w>
  <w>i</w>
  <w>SMR</w>
  <w>.</w>
</absapar>
<absapar id=20>
  <w>tillsammans</w>
  <w>med</w>
  <w>styrelsen</w>
  <w>i</w>
  <w>SMR</w>
  <w>.</w>
</absapar>
</absadoc>
