<absadoc annotators=1 senti=4>
<absatitle>
  <w>Migrationsverket</w>
  <w>:</w>
  <w>Familjen</w>
  <w>Grigorian</w>
  <w>ska</w>
  <w>avvisas</w>
  <absaspan id=1>
    <w>.</w>
  </absaspan>
  <absaspan id=2 senti=2>
    <w>Fel</w>
  </absaspan>
  <absaspan id=3>
    <w>beslut</w>
    <w>?</w>
  </absaspan>
</absatitle>
<absapar id=1>
  <w>Från</w>
  <w>tidningsartikel</w>
  <w>i</w>
  <w>Metro</w>
  <w>igår</w>
  <w>.</w>
  <w>.</w>
</absapar>
<absapar id=2>
  <w>Källa</w>
  <w>:</w>
  <w>.</w>
</absapar>
<absapar id=3>
  <w>#</w>
  <w>P</w>
  <absaspan id=4 senti=3>
    <w>IMM</w>
  </absaspan>
  <w>.</w>
  <w>.</w>
  <w>.</w>
  <w>om</w>
  <absaspan id=5>
    <w>familjen</w>
  </absaspan>
  <absaspan id=6>
    <w>Grigorian</w>
  </absaspan>
  <w>,</w>
  <w>en</w>
  <w>mamma</w>
  <w>och</w>
  <w>hennes</w>
  <w>två</w>
  <w>barn</w>
  <w>,</w>
  <w>som</w>
  <w>skall</w>
  <w>utvisas</w>
  <w>till</w>
  <w>Armenien</w>
  <w>enligt</w>
  <w>beslut</w>
  <w>från</w>
  <w>Migrationsverket</w>
  <w>.</w>
</absapar>
<absapar id=4>
  <w>Citerar</w>
  <w>från</w>
  <w>tiningsartikel</w>
  <w>:</w>
  <w>.</w>
</absapar>
<absapar id=5>
  <w>Spontant</w>
  <w>känner</w>
  <absaspan id=7>
    <w>jag</w>
  </absaspan>
  <absaspan id=8 senti=4>
    <w>empati</w>
  </absaspan>
  <w>för</w>
  <absaspan id=9>
    <w>den</w>
    <w>här</w>
    <w>familjen</w>
  </absaspan>
  <w>.</w>
</absapar>
<absapar id=6>
  <w>sedan</w>
  <w>fem</w>
  <w>år</w>
  <w>.</w>
  <w>På</w>
  <w>bilden</w>
  <w>i</w>
  <w>Metro</w>
  <w>synes</w>
  <w>de</w>
  <w>vara</w>
  <w>harmlösa</w>
  <w>och</w>
  <w>normala</w>
  <w>.</w>
</absapar>
<absapar id=7 senti=3>
  <w>Kollade</w>
  <w>upp</w>
  <w>några</w>
  <w>liknande</w>
  <w>rättsfall</w>
  <w>som</w>
  <w>liknar</w>
  <w>familjens</w>
  <w>situation</w>
  <w>och</w>
  <w>som</w>
  <w>talar</w>
  <w>för</w>
  <w>verkställighetshinder</w>
  <w>av</w>
  <w>Migrationsverkets</w>
  <w>beslut</w>
  <w>.</w>
</absapar>
<absapar id=8 senti=4>
  <w>Utvisningen</w>
  <w>bör</w>
  <w>skjutas</w>
  <w>upp</w>
  <w>om</w>
  <w>Migrationsverket</w>
  <w>inte</w>
  <w>har</w>
  <w>inhämtat</w>
  <w>utredning</w>
  <w>från</w>
  <w>socialnämnden</w>
  <w>för</w>
  <w>att</w>
  <w>belysa</w>
  <w>barnperspektivet</w>
  <w>,</w>
  <w>detta</w>
  <w>angående</w>
  <w>barnen</w>
  <w>fjortonårige</w>
  <w>Hovik</w>
  <w>och</w>
  <w>hans</w>
  <w>lillebror</w>
  <w>Hakop</w>
  <w>13</w>
  <w>.</w>
  <w>Se</w>
  <w>artikel</w>
  <w>i</w>
  <w>Metro</w>
  <w>.</w>
</absapar>
<absapar id=9 senti=4>
  <w>Rätten</w>
  <w>skall</w>
  <w>enligt</w>
  <w>4</w>
  <w>kap</w>
  <w>10</w>
  <w>§</w>
  <w>första</w>
  <w>stycket</w>
  <w>2</w>
  <w>utlänningslagen</w>
  <w>(</w>
  <w>1989</w>
  <w>:</w>
  <w>529</w>
  <w>)</w>
  <w>,</w>
  <w>numera</w>
  <w>8</w>
  <w>kap</w>
  <w>II</w>
  <w>§</w>
  <w>första</w>
  <w>stycket</w>
  <w>2</w>
  <w>utlänningslagen</w>
  <w>(</w>
  <w>2005</w>
  <w>:</w>
  <w>716</w>
  <w>)</w>
  <w>beakta</w>
  <w>en</w>
  <w>utvisnings</w>
  <w>konsekvenser</w>
  <w>med</w>
  <w>avseende</w>
  <w>på</w>
  <w>barnen</w>
  <w>.</w>
</absapar>
<absapar id=10 senti=4>
  <w>Alltså</w>
  <w>.</w>
  <w>.</w>
  <w>en</w>
  <w>summering</w>
  <w>av</w>
  <w>vad</w>
  <w>jag</w>
  <w>skrev</w>
  <w>.</w>
  <w>Barnperspektivet</w>
  <w>,</w>
  <absaspan id=10 senti=1>
    <w>risken</w>
    <w>för</w>
    <w>förföljelse</w>
    <w>och</w>
    <w>statslöshet</w>
  </absaspan>
  <absaspan id=11>
    <w>i</w>
    <w>hemlandet</w>
    <w>Armenien</w>
  </absaspan>
  <w>och</w>
  <w>mammans</w>
  <w>före</w>
  <w>detta</w>
  <w>mans</w>
  <w>värnpliktsvägran</w>
  <w>kan</w>
  <w>ge</w>
  <w>konsekvenser</w>
  <absaspan id=12>
    <w>.</w>
  </absaspan>
</absapar>
</absadoc>
