<absadoc annotators=1 senti=>
<absatitle>
  <w>#</w>
  <w>T</w>
  <absaspan id=1>
    <w>IMM</w>
  </absaspan>
  <w>.</w>
  <w>500</w>
  <w>000</w>
  <w>kr</w>
  <w>skattefritt</w>
  <w>för</w>
  <w>unga</w>
  <w>och</w>
  <w>nyanlända</w>
  <w>invandrare</w>
  <w>(</w>
  <w>Kd</w>
  <w>)</w>
  <w>.</w>
</absatitle>
<absapar id=1>
  <w>KD's</w>
  <w>budgetprop</w>
  <w>för</w>
  <w>nästa</w>
  <w>år</w>
  <w>skulle</w>
  <w>innebära</w>
  <w>att</w>
  <w>de</w>
  <w>första</w>
  <w>500</w>
  <w>000</w>
  <w>som</w>
  <w>.</w>
</absapar>
<absapar id=2>
  <w>vissa</w>
  <w>invandrare</w>
  <w>tjänar</w>
  <w>skulle</w>
  <w>vara</w>
  <w>skattefria</w>
  <w>!</w>
  <w>.</w>
</absapar>
<absapar id=3>
  <w>Hur</w>
  <w>tänkte</w>
  <w>EBT</w>
  <w>nu</w>
  <w>?</w>
  <w>Vill</w>
  <w>KD</w>
  <w>inte</w>
  <w>vara</w>
  <w>ett</w>
  <w>riksdagsparti</w>
  <w>,</w>
  <w>eller</w>
  <w>fikar</w>
  <w>man</w>
  <w>efter</w>
  <w>,</w>
  <w>ja</w>
  <w>vilka</w>
  <w>röster</w>
  <w>?</w>
  <w>.</w>
</absapar>
<absapar id=4>
  <w>Nyanlända</w>
  <w>lär</w>
  <w>ju</w>
  <w>inte</w>
  <w>få</w>
  <w>rösta</w>
  <w>på</w>
  <w>ett</w>
  <w>tag</w>
  <w>.</w>
</absapar>
<absapar id=5>
  <w>Förslaget</w>
  <w>ska</w>
  <w>tydligen</w>
  <w>publiceras</w>
  <w>imorgon</w>
  <w>.</w>
</absapar>
</absadoc>
