<absadoc annotators=1 senti=>
<absatitle>
  <w>Är</w>
  <w>det</w>
  <w>behovet</w>
  <w>av</w>
  <w>makt</w>
  <w>som</w>
  <w>styr</w>
  <w>?</w>
</absatitle>
<absapar id=1>
  <w>I</w>
  <w>fyra</w>
  <w>år</w>
  <w>har</w>
  <w>låten</w>
  <w>”</w>
  <w>Du</w>
  <w>är</w>
  <w>min</w>
  <w>man</w>
  <w>”</w>
  <w>med</w>
  <w>Helen</w>
  <w>Sjöholm</w>
  <w>och</w>
  <w>Benny</w>
  <w>Anderssons</w>
  <w>orkester</w>
  <w>legat</w>
  <w>på</w>
  <w>svensktoppen</w>
  <w>.</w>
  <w>Det</w>
  <w>är</w>
  <w>ett</w>
  <w>oerhört</w>
  <w>intressant</w>
  <w>fenomen</w>
  <w>,</w>
  <w>fyra</w>
  <w>år</w>
  <w>är</w>
  <w>209</w>
  <w>veckor</w>
  <w>och</w>
  <w>det</w>
  <w>finns</w>
  <w>anledning</w>
  <w>att</w>
  <w>fundera</w>
  <w>över</w>
  <w>vad</w>
  <w>det</w>
  <w>är</w>
  <w>i</w>
  <w>låten</w>
  <w>som</w>
  <w>gör</w>
  <w>att</w>
  <w>folk</w>
  <w>inte</w>
  <w>tröttnar</w>
  <w>på</w>
  <w>den</w>
  <w>.</w>
  <w>Vad</w>
  <w>det</w>
  <w>är</w>
  <w>som</w>
  <w>så</w>
  <w>slår</w>
  <w>an</w>
  <w>i</w>
  <w>våra</w>
  <w>svenska</w>
  <w>hjärtan</w>
  <w>?</w>
  <w>.</w>
</absapar>
<absapar id=2>
  <absaspan id=1>
    <w>Helene</w>
    <w>Sjöholm</w>
  </absaspan>
  <w>sjunger</w>
  <w>:</w>
  <w>”</w>
  <absaspan id=2>
    <w>Du</w>
  </absaspan>
  <w>är</w>
  <w>min</w>
  <w>man</w>
  <w>o</w>
  <w>’</w>
  <w>jag</w>
  <w>vet</w>
  <absaspan id=3 senti=4>
    <w>du</w>
    <w>gör</w>
    <w>så</w>
    <w>gott</w>
    <w>du</w>
    <w>kan</w>
  </absaspan>
  <w>.</w>
  <w>Fast</w>
  <w>du</w>
  <w>inte</w>
  <w>tycker</w>
  <w>att</w>
  <w>du</w>
  <w>räcker</w>
  <w>till</w>
  <w>,</w>
  <w>men</w>
  <w>du</w>
  <w>får</w>
  <w>tycka</w>
  <w>vad</w>
  <w>du</w>
  <w>vill</w>
  <w>.</w>
  <w>”</w>
  <w>.</w>
</absapar>
<absapar id=3>
  <absaspan id=4 senti=2>
    <w>Lite</w>
    <w>töntligt</w>
  </absaspan>
  <w>kan</w>
  <w>jag</w>
  <w>tycka</w>
  <w>själv</w>
  <w>och</w>
  <w>tänker</w>
  <w>genast</w>
  <w>på</w>
  <w>uttrycket</w>
  <w>:</w>
  <w>Bakom</w>
  <w>en</w>
  <w>framgångsrik</w>
  <w>man</w>
  <w>står</w>
  <w>en</w>
  <w>förvånad</w>
  <w>kvinna</w>
  <w>.</w>
</absapar>
<absapar id=4>
  <w>Är</w>
  <w>det</w>
  <w>så</w>
  <w>att</w>
  <absaspan id=5>
    <w>svenska</w>
    <w>män</w>
  </absaspan>
  <absaspan id=6 senti=2>
    <w>är</w>
    <w>lite</w>
    <w>taffliga</w>
    <w>och</w>
    <w>behöver</w>
    <w>ständigt</w>
    <w>stöd</w>
    <w>från</w>
    <w>oss</w>
    <w>kvinnor</w>
    <w>?</w>
  </absaspan>
  <w>Eller</w>
  <w>är</w>
  <w>det</w>
  <w>rent</w>
  <w>av</w>
  <w>så</w>
  <w>att</w>
  <w>kvinnan</w>
  <w>i</w>
  <w>sången</w>
  <w>visar</w>
  <w>sin</w>
  <w>hängivenhet</w>
  <w>och</w>
  <w>dyrkan</w>
  <w>så</w>
  <w>att</w>
  <absaspan id=7>
    <w>alla</w>
    <w>män</w>
  </absaspan>
  <absaspan id=8 senti=4>
    <w>känner</w>
    <w>oerhörd</w>
    <w>sympati</w>
  </absaspan>
  <absaspan id=9>
    <w>för</w>
    <w>sådana</w>
    <w>kvinnor</w>
  </absaspan>
  <w>som</w>
  <w>alltid</w>
  <w>ställer</w>
  <w>upp</w>
  <w>?</w>
  <w>.</w>
</absapar>
<absapar id=5>
  <w>Det</w>
  <w>kan</w>
  <w>också</w>
  <w>finnas</w>
  <w>ett</w>
  <w>ägandebehov</w>
  <w>i</w>
  <w>låten</w>
  <w>.</w>
  <w>Du</w>
  <w>är</w>
  <w>”</w>
  <w>min</w>
  <w>man</w>
  <w>”</w>
  <w>och</w>
  <w>det</w>
  <absaspan id=10 senti=5>
    <w>är</w>
    <w>jävligt</w>
    <w>bra</w>
  </absaspan>
  <absaspan id=11>
    <w>att</w>
    <w>du</w>
    <w>gör</w>
    <w>som</w>
  </absaspan>
  <absaspan id=12>
    <w>jag</w>
  </absaspan>
  <absaspan id=13>
    <w>säger</w>
  </absaspan>
  <w>.</w>
</absapar>
<absapar id=6>
  <w>Eller</w>
  <w>också</w>
  <w>är</w>
  <w>det</w>
  <w>drömmen</w>
  <w>om</w>
  <w>det</w>
  <w>perfekta</w>
  <w>äktenskapet</w>
  <w>som</w>
  <w>refrängen</w>
  <w>ger</w>
  <w>uttryck</w>
  <w>för</w>
  <w>;</w>
  <w>”</w>
  <absaspan id=14>
    <w>Jag</w>
  </absaspan>
  <absaspan id=15 senti=5>
    <w>älskar</w>
  </absaspan>
  <absaspan id=16>
    <w>dig</w>
  </absaspan>
  <w>,</w>
  <w>o</w>
  <w>’</w>
  <w>jag</w>
  <w>ber</w>
  <w>du</w>
  <w>måste</w>
  <w>tro</w>
  <w>på</w>
  <w>mig</w>
  <w>.</w>
  <w>Det</w>
  <w>betyder</w>
  <w>allt</w>
  <w>att</w>
  <w>vi</w>
  <w>två</w>
  <w>har</w>
  <w>varan</w>
  <w>`</w>
  <w>,</w>
  <w>du</w>
  <w>är</w>
  <w>min</w>
  <w>man</w>
  <w>.</w>
  <w>”</w>
  <w>.</w>
</absapar>
<absapar id=7>
  <w>Någon</w>
  <absaspan id=17 senti=2>
    <w>landsplåga</w>
  </absaspan>
  <w>har</w>
  <w>låten</w>
  <w>ändå</w>
  <w>inte</w>
  <w>blivit</w>
  <w>som</w>
  <absaspan id=18>
    <w>Ulf</w>
    <w>Lundells</w>
    <w>öppna</w>
    <w>landskap</w>
  </absaspan>
  <w>.</w>
  <w>Vaktparaden</w>
  <w>har</w>
  <w>mig</w>
  <w>veterligt</w>
  <w>ännu</w>
  <w>inte</w>
  <w>spelat</w>
  <w>den</w>
  <w>.</w>
  <w>Men</w>
  <w>frågan</w>
  <w>kvarstår</w>
  <w>varför</w>
  <w>älskar</w>
  <w>folk</w>
  <w>den</w>
  <w>här</w>
  <w>låten</w>
  <w>?</w>
  <w>.</w>
</absapar>
<absapar id=8>
  <w>Lotta</w>
  <w>Gröning</w>
  <w>.</w>
</absapar>
</absadoc>
