<absadoc annotators=1 senti=2>
<absatitle>
  <w>SD</w>
  <w>:</w>
  <w>Helt</w>
  <w>otillräckligt</w>
  <w>för</w>
  <w>att</w>
  <w>lösa</w>
  <w>flyktingkrisen</w>
  <w>.</w>
</absatitle>
<absapar id=1 senti=2>
  <w>Regeringen</w>
  <w>och</w>
  <w>Alliansen</w>
  <w>träffade</w>
  <w>i</w>
  <w>dag</w>
  <w>en</w>
  <w>överenskommelse</w>
  <w>om</w>
  <w>hur</w>
  <w>Sverige</w>
  <w>ska</w>
  <w>klara</w>
  <w>den</w>
  <w>allt</w>
  <w>mer</w>
  <absaspan id=1 senti=2>
    <w>kaotiska</w>
  </absaspan>
  <absaspan id=2>
    <w>flyktingsituationen</w>
  </absaspan>
  <w>.</w>
  <absaspan id=3>
    <w>Ökade</w>
    <w>försörjningskrav</w>
    <w>och</w>
    <w>vissa</w>
    <w>tillfälliga</w>
    <w>uppehållstillstånd</w>
    <w>är</w>
    <w>små</w>
    <w>steg</w>
    <w>i</w>
    <w>rätt</w>
    <w>riktning</w>
  </absaspan>
  <w>,</w>
  <w>men</w>
  <w>i</w>
  <w>det</w>
  <w>stora</w>
  <w>perspektivet</w>
  <absaspan id=4 senti=2>
    <w>helt</w>
    <w>otillräckliga</w>
  </absaspan>
  <w>.</w>
  <w>Övriga</w>
  <w>partier</w>
  <w>kommer</w>
  <w>även</w>
  <w>fortsättningsvis</w>
  <w>se</w>
  <w>invandring</w>
  <w>,</w>
  <w>inte</w>
  <w>bistånd</w>
  <w>som</w>
  <w>det</w>
  <w>huvudsakliga</w>
  <w>verktyget</w>
  <w>för</w>
  <w>flyktinghjälp</w>
  <w>,</w>
  <w>och</w>
  <absaspan id=5>
    <w>så</w>
    <w>länge</w>
    <w>detta</w>
    <w>synsätt</w>
    <w>råder</w>
  </absaspan>
  <absaspan id=6 senti=2>
    <w>är</w>
    <w>ingen</w>
    <w>förbättring</w>
    <w>möjlig</w>
  </absaspan>
  <w>,</w>
  <w>snarare</w>
  <w>tvärtom</w>
  <w>,</w>
  <w>skriver</w>
  <w>Julia</w>
  <w>Kronlid</w>
  <w>(</w>
  <w>SD</w>
  <w>)</w>
  <w>och</w>
  <w>Markus</w>
  <w>Wiechel</w>
  <w>(</w>
  <w>SD</w>
  <w>)</w>
  <w>.</w>
</absapar>
<absapar id=2 senti=2>
  <w>Det</w>
  <absaspan id=7 senti=4>
    <w>är</w>
    <w>dags</w>
  </absaspan>
  <absaspan id=8>
    <w>att</w>
    <w>svenska</w>
    <w>folket</w>
    <w>får</w>
    <w>säga</w>
    <w>sitt</w>
    <w>i</w>
    <w>en</w>
    <w>folkomröstning</w>
    <w>om</w>
    <w>invandringen</w>
  </absaspan>
  <w>.</w>
</absapar>
<absapar id=3>
  <w>Det</w>
  <w>här</w>
  <w>är</w>
  <w>en</w>
  <w>argumenterande</w>
  <w>text</w>
  <w>med</w>
  <w>syfte</w>
  <w>att</w>
  <w>påverka</w>
  <w>.</w>
  <w>Åsikterna</w>
  <w>som</w>
  <w>uttrycks</w>
  <w>är</w>
  <w>skribentens</w>
  <w>egna</w>
  <w>.</w>
</absapar>
<absapar id=4 senti=2>
  <w>Vi</w>
  <w>berörs</w>
  <w>alla</w>
  <w>av</w>
  <w>bilder</w>
  <w>på</w>
  <w>barn</w>
  <w>som</w>
  <w>dör</w>
  <w>på</w>
  <w>Medelhavet</w>
  <w>,</w>
  <w>men</w>
  <w>trots</w>
  <w>medvetenheten</w>
  <w>om</w>
  <absaspan id=9 senti=2>
    <w>hänsynslösa</w>
  </absaspan>
  <absaspan id=10>
    <w>flyktingsmugglare</w>
  </absaspan>
  <w>som</w>
  <absaspan id=11 senti=1>
    <w>sätter</w>
    <w>människors</w>
    <w>liv</w>
    <w>på</w>
    <w>spel</w>
  </absaspan>
  <w>kommer</w>
  <w>nuvarande</w>
  <w>överenskommelse</w>
  <w>fortsätta</w>
  <w>att</w>
  <w>uppmuntra</w>
  <w>till</w>
  <w>irreguljär</w>
  <w>invandring</w>
  <w>.</w>
</absapar>
<absapar id=5>
  <w>Flertalet</w>
  <w>som</w>
  <w>söker</w>
  <w>asyl</w>
  <w>i</w>
  <w>Sverige</w>
  <w>har</w>
  <w>redan</w>
  <w>sökt</w>
  <w>skydd</w>
  <w>i</w>
  <w>närområdet</w>
  <w>och</w>
  <w>Stefan</w>
  <w>Löfvens</w>
  <w>hälsning</w>
  <w>till</w>
  <w>dem</w>
  <w>är</w>
  <w>att</w>
  <w>om</w>
  <w>de</w>
  <w>har</w>
  <w>råd</w>
  <w>att</w>
  <w>betala</w>
  <w>flyktingsmugglare</w>
  <w>så</w>
  <absaspan id=12 senti=4 irony>
    <w>utlovar</w>
  </absaspan>
  <absaspan id=13>
    <w>Löven</w>
  </absaspan>
  <absaspan id=14 senti=4 irony>
    <w>både</w>
  </absaspan>
  <absaspan id=15 senti=4 irony>
    <w>guld</w>
    <w>och</w>
    <w>gröna</w>
    <w>skogar</w>
  </absaspan>
  <w>,</w>
  <w>medan</w>
  <w>de</w>
  <w>som</w>
  <w>stannar</w>
  <w>överges</w>
  <w>.</w>
  <w>Att</w>
  <absaspan id=16>
    <w>Löfven</w>
  </absaspan>
  <absaspan id=17 senti=2>
    <w>inte</w>
    <w>berättar</w>
    <w>sanningen</w>
  </absaspan>
  <w>att</w>
  <absaspan id=18>
    <w>den</w>
    <w>verklighet</w>
    <w>som</w>
    <w>väntar</w>
    <w>i</w>
    <w>Sverige</w>
  </absaspan>
  <absaspan id=19 senti=2>
    <w>är</w>
    <w>tältläger</w>
    <w>i</w>
    <w>snö</w>
    <w>och</w>
    <w>kyla</w>
  </absaspan>
  <w>visar</w>
  <w>att</w>
  <absaspan id=20>
    <w>dagens</w>
    <w>flyktingpolitik</w>
  </absaspan>
  <w>mer</w>
  <absaspan id=21 senti=2>
    <w>bygger</w>
    <w>på</w>
    <w>hyckleri</w>
    <w>och</w>
    <w>dubbelmoral</w>
    <w>än</w>
    <w>empati</w>
    <w>och</w>
    <w>en</w>
    <w>vilja</w>
    <w>att</w>
    <w>hjälpa</w>
  </absaspan>
  <w>på</w>
  <w>riktigt</w>
  <w>.</w>
</absapar>
<absapar id=6 senti=2>
  <w>Det</w>
  <absaspan id=22 senti=4>
    <w>är</w>
    <w>naturligtvis</w>
    <w>smickrande</w>
  </absaspan>
  <absaspan id=23>
    <w>att</w>
    <w>överenskommelsen</w>
    <w>tar</w>
    <w>efter</w>
    <w>Sverigedemokraternas</w>
    <w>förslag</w>
    <w>på</w>
    <w>att</w>
    <w>öka</w>
    <w>antalet</w>
    <w>kvotflyktingar</w>
    <w>genom</w>
    <w>UNHCR</w>
  </absaspan>
  <w>eftersom</w>
  <w>det</w>
  <w>riktar</w>
  <w>sig</w>
  <w>till</w>
  <w>de</w>
  <w>mest</w>
  <w>utsatta</w>
  <w>.</w>
  <w>Om</w>
  <w>ambitionen</w>
  <w>är</w>
  <w>att</w>
  <w>övergå</w>
  <w>från</w>
  <absaspan id=24 senti=2>
    <w>livsfarliga</w>
  </absaspan>
  <absaspan id=25>
    <w>irreguljära</w>
    <w>vägar</w>
  </absaspan>
  <w>till</w>
  <w>säkra</w>
  <w>lagliga</w>
  <w>blir</w>
  <w>det</w>
  <w>dock</w>
  <w>totalt</w>
  <w>verkningslöst</w>
  <w>om</w>
  <w>de</w>
  <w>irreguljära</w>
  <w>vägarna</w>
  <w>fortsatt</w>
  <w>prioriteras</w>
  <w>och</w>
  <w>inte</w>
  <w>stoppas</w>
  <w>genom</w>
  <w>gränskontroller</w>
  <w>.</w>
</absapar>
<absapar id=7 senti=2>
  <w>*</w>
  <w>*</w>
  <w>Vi</w>
  <w>har</w>
  <w>varit</w>
  <w>på</w>
  <w>plats</w>
  <w>*</w>
  <w>*</w>
  <w>i</w>
  <w>både</w>
  <w>Jordanien</w>
  <w>,</w>
  <w>Libanon</w>
  <w>och</w>
  <w>Turkiet</w>
  <w>och</w>
  <w>sett</w>
  <w>UNHCR</w>
  <w>:</w>
  <w>s</w>
  <w>arbete</w>
  <w>,</w>
  <w>vi</w>
  <w>vet</w>
  <absaspan id=26>
    <w>att</w>
    <w>samma</w>
    <w>summa</w>
    <w>till</w>
    <w>UNHCR</w>
  </absaspan>
  <absaspan id=27 senti=4>
    <w>kan</w>
    <w>hjälpa</w>
    <w>långt</w>
    <w>fler</w>
  </absaspan>
  <w>flyktingar</w>
  <w>än</w>
  <w>vad</w>
  <w>som</w>
  <w>någonsin</w>
  <w>är</w>
  <w>möjligt</w>
  <w>i</w>
  <w>Sverige</w>
  <w>.</w>
</absapar>
<absapar id=8>
  <w>Enligt</w>
  <w>UNHCR</w>
  <w>har</w>
  <w>över</w>
  <w>fyra</w>
  <w>miljoner</w>
  <w>människor</w>
  <absaspan id=28 senti=2>
    <w>tvingats</w>
  </absaspan>
  <absaspan id=29>
    <w>fly</w>
    <w>från</w>
    <w>Syrien</w>
    <w>till</w>
    <w>närliggande</w>
    <w>länder</w>
  </absaspan>
  <w>,</w>
  <w>därtill</w>
  <w>kommer</w>
  <w>att</w>
  <w>över</w>
  <w>sju</w>
  <w>miljoner</w>
  <w>syrier</w>
  <w>för</w>
  <w>närvarande</w>
  <w>är</w>
  <w>internflyktingar</w>
  <w>och</w>
  <w>att</w>
  <w>runt</w>
  <w>tolv</w>
  <w>miljoner</w>
  <w>,</w>
  <w>över</w>
  <w>hälften</w>
  <w>av</w>
  <w>landets</w>
  <w>befolkning</w>
  <w>är</w>
  <w>i</w>
  <w>behöv</w>
  <w>av</w>
  <w>humanitär</w>
  <w>hjälp</w>
  <w>.</w>
  <w>I</w>
  <w>grannlandet</w>
  <w>Irak</w>
  <w>har</w>
  <w>två</w>
  <w>miljoner</w>
  <w>människor</w>
  <absaspan id=30 senti=2>
    <w>tvingats</w>
  </absaspan>
  <absaspan id=31>
    <w>lämna</w>
    <w>sina</w>
    <w>hem</w>
  </absaspan>
  <w>och</w>
  <w>befinner</w>
  <w>sig</w>
  <w>på</w>
  <w>flykt</w>
  <w>i</w>
  <w>och</w>
  <w>utanför</w>
  <w>landet</w>
  <w>.</w>
</absapar>
<absapar id=9>
  <w>Skräddarsydda</w>
  <w>kurser</w>
  <w>i</w>
  <w>ämnen</w>
  <w>som</w>
  <w>intresserar</w>
  <w>och</w>
  <w>engagerar</w>
  <w>både</w>
  <w>kropp</w>
  <w>och</w>
  <w>själ</w>
  <w>.</w>
</absapar>
<absapar id=10>
  <w>*</w>
  <w>*</w>
  <w>Samtidigt</w>
  <w>som</w>
  <w>UNHCR</w>
  <w>*</w>
  <w>*</w>
  <w>är</w>
  <w>starkt</w>
  <w>underfinansierade</w>
  <w>och</w>
  <w>World</w>
  <w>Food</w>
  <w>Program</w>
  <w>på</w>
  <w>vissa</w>
  <w>platser</w>
  <absaspan id=32 senti=2>
    <w>tvingas</w>
  </absaspan>
  <absaspan id=33>
    <w>avluta</w>
    <w>eller</w>
    <w>reducera</w>
    <w>sina</w>
    <w>matprogram</w>
  </absaspan>
  <w>väljer</w>
  <w>regeringen</w>
  <w>att</w>
  <w>ta</w>
  <w>åtta</w>
  <w>miljarder</w>
  <w>från</w>
  <w>biståndet</w>
  <w>för</w>
  <w>att</w>
  <w>finansiera</w>
  <w>flyktingmottagning</w>
  <w>i</w>
  <w>Sverige</w>
  <w>och</w>
  <w>Löfven</w>
  <w>har</w>
  <w>aviserat</w>
  <w>att</w>
  <w>ytterligare</w>
  <w>medel</w>
  <w>kan</w>
  <w>tas</w>
  <w>från</w>
  <w>biståndet</w>
  <w>.</w>
  <absaspan id=34>
    <w>Dagens</w>
    <w>löfte</w>
    <w>från</w>
    <w>regeringen</w>
    <w>om</w>
    <w>25</w>
    <w>miljoner</w>
    <w>till</w>
    <w>WFP</w>
    <w>och</w>
    <w>katastroffonden</w>
    <w>vardera</w>
  </absaspan>
  <absaspan id=35 senti=2>
    <w>är</w>
  </absaspan>
  <w>i</w>
  <w>sammanhanget</w>
  <w>inget</w>
  <w>mer</w>
  <w>än</w>
  <absaspan id=36 senti=2>
    <w>ett</w>
  </absaspan>
  <absaspan id=37 senti=2>
    <w>hån</w>
  </absaspan>
  <w>,</w>
  <w>summan</w>
  <w>vittnar</w>
  <w>om</w>
  <absaspan id=38 senti=2>
    <w>total</w>
    <w>brist</w>
    <w>på</w>
    <w>insikt</w>
  </absaspan>
  <w>.</w>
  <w>Samtidigt</w>
  <w>utlovas</w>
  <w>10</w>
  <w>miljarder</w>
  <w>till</w>
  <w>svenska</w>
  <w>kommuner</w>
  <w>.</w>
  <absaspan id=39>
    <w>Ska</w>
    <w>flyktingbarn</w>
    <w>behöva</w>
  </absaspan>
  <absaspan id=40 senti=1>
    <w>riskera</w>
    <w>livet</w>
  </absaspan>
  <absaspan id=41>
    <w>och</w>
  </absaspan>
  <absaspan id=42>
    <w>resa</w>
    <w>till</w>
    <w>Sverige</w>
  </absaspan>
  <absaspan id=43>
    <w>för</w>
    <w>att</w>
    <w>få</w>
    <w>mat</w>
  </absaspan>
  <w>?</w>
  <w>Detta</w>
  <w>är</w>
  <w>en</w>
  <absaspan id=44 senti=1>
    <w>felprioritering</w>
    <w>av</w>
    <w>historiska</w>
    <w>mått</w>
  </absaspan>
  <w>.</w>
</absapar>
<absapar id=11 senti=2>
  <absaspan id=45>
    <w>Sverigedemokraterna</w>
  </absaspan>
  <absaspan id=46 senti=5>
    <w>avsätter</w>
  </absaspan>
  <w>därför</w>
  <absaspan id=47 senti=5>
    <w>nio</w>
  </absaspan>
  <absaspan id=48 senti=5>
    <w>miljarder</w>
    <w>mer</w>
    <w>än</w>
    <w>regeringen</w>
  </absaspan>
  <w>till</w>
  <w>flyktinghjälp</w>
  <w>i</w>
  <w>krisens</w>
  <w>närområde</w>
  <w>genom</w>
  <w>bland</w>
  <w>annat</w>
  <w>UNHCR</w>
  <w>,</w>
  <w>inklusive</w>
  <w>tre</w>
  <w>miljarder</w>
  <w>till</w>
  <w>WFP</w>
  <w>vilket</w>
  <w>skulle</w>
  <w>täcka</w>
  <w>deras</w>
  <w>nuvarande</w>
  <w>nödförfrågan</w>
  <w>,</w>
  <w>vi</w>
  <w>skulle</w>
  <w>dessutom</w>
  <w>kunna</w>
  <w>bidra</w>
  <w>till</w>
  <w>världsbanken</w>
  <w>för</w>
  <w>att</w>
  <absaspan id=49 senti=4>
    <w>långsiktigt</w>
    <w>stödja</w>
  </absaspan>
  <absaspan id=50>
    <w>flyktingmottagande</w>
    <w>i</w>
    <w>krisens</w>
    <w>närområde</w>
  </absaspan>
  <w>,</w>
  <w>ge</w>
  <w>tusentals</w>
  <w>barn</w>
  <w>skolgång</w>
  <w>,</w>
  <w>utbildning</w>
  <w>till</w>
  <w>vuxna</w>
  <w>och</w>
  <w>mycket</w>
  <w>mer</w>
  <w>därtill</w>
  <w>.</w>
</absapar>
<absapar id=12>
  <w>*</w>
  <w>*</w>
  <w>Pengarna</w>
  <w>frigör</w>
  <w>vi</w>
  <w>*</w>
  <w>*</w>
  <w>genom</w>
  <w>att</w>
  <w>dels</w>
  <w>renodla</w>
  <w>biståndet</w>
  <w>från</w>
  <w>stora</w>
  <w>avräkningar</w>
  <w>för</w>
  <w>flyktingmottagande</w>
  <w>,</w>
  <w>dels</w>
  <w>genom</w>
  <w>omprioriteringar</w>
  <w>.</w>
  <w>Exempelvis</w>
  <absaspan id=51 senti=2>
    <w>minskar</w>
    <w>vi</w>
  </absaspan>
  <absaspan id=52>
    <w>reformsamarbetet</w>
    <w>i</w>
    <w>Östeuropa</w>
  </absaspan>
  <w>eftersom</w>
  <w>dessa</w>
  <w>länder</w>
  <w>redan</w>
  <w>får</w>
  <w>höga</w>
  <w>EU-bidrag</w>
  <w>,</w>
  <absaspan id=53 senti=2>
    <w>vi</w>
    <w>minskar</w>
  </absaspan>
  <w>även</w>
  <absaspan id=54>
    <w>det</w>
  </absaspan>
  <absaspan id=55>
    <w>generella</w>
    <w>budgetstödet</w>
    <w>och</w>
    <w>liknande</w>
    <w>bistånd</w>
  </absaspan>
  <w>eftersom</w>
  <absaspan id=56>
    <w>pengarna</w>
  </absaspan>
  <absaspan id=57 senti=2>
    <w>går</w>
    <w>rakt</w>
    <w>in</w>
    <w>i</w>
    <w>mottagarens</w>
    <w>statskassa</w>
  </absaspan>
  <w>och</w>
  <absaspan id=58 senti=2>
    <w>riskerar</w>
  </absaspan>
  <absaspan id=59>
    <w>att</w>
    <w>försvinna</w>
    <w>i</w>
    <w>korruption</w>
  </absaspan>
  <w>.</w>
</absapar>
<absapar id=13>
  <w>Det</w>
  <absaspan id=60 senti=4>
    <w>långsiktiga</w>
  </absaspan>
  <absaspan id=61>
    <w>demokratibiståndet</w>
  </absaspan>
  <w>är</w>
  <w>ett</w>
  <w>av</w>
  <w>de</w>
  <w>större</w>
  <w>områdena</w>
  <w>i</w>
  <w>regeringens</w>
  <w>biståndsbudget</w>
  <w>med</w>
  <w>anslag</w>
  <w>på</w>
  <w>över</w>
  <w>5</w>
  <w>miljarder</w>
  <w>2014</w>
  <w>.</w>
  <w>Så</w>
  <w>länge</w>
  <absaspan id=62 senti=1>
    <w>extrem</w>
  </absaspan>
  <absaspan id=63>
    <w>fattigdom</w>
  </absaspan>
  <w>och</w>
  <w>en</w>
  <w>stor</w>
  <w>flyktingkris</w>
  <w>pågår</w>
  <absaspan id=64 senti=2>
    <w>anser</w>
    <w>vi</w>
    <w>det</w>
    <w>inte</w>
    <w>vara</w>
    <w>prioriterat</w>
  </absaspan>
  <absaspan id=65>
    <w>att</w>
    <w>exempelvis</w>
    <w>lära</w>
    <w>Kosovo</w>
    <w>om</w>
    <w>fastighetsskatt</w>
  </absaspan>
  <w>.</w>
</absapar>
<absapar id=14>
  <w>Långsiktigt</w>
  <absaspan id=66 senti=4>
    <w>vill</w>
    <w>vi</w>
    <w>se</w>
  </absaspan>
  <absaspan id=67>
    <w>ett</w>
    <w>bistånd</w>
    <w>som</w>
    <w>skapar</w>
    <w>förutsättningar</w>
    <w>för</w>
    <w>människor</w>
    <w>i</w>
    <w>fattigdom</w>
    <w>och</w>
    <w>förtryck</w>
    <w>att</w>
    <w>förbättra</w>
    <w>sina</w>
    <w>levnadsvillkor</w>
    <w>utifrån</w>
    <w>deras</w>
    <w>grundläggande</w>
    <w>behov</w>
    <w>i</w>
    <w>den</w>
    <w>omedelbara</w>
    <w>vardagen</w>
  </absaspan>
  <w>exempelvis</w>
  <w>genom</w>
  <absaspan id=68 senti=4>
    <w>ökad</w>
    <w>tillgång</w>
  </absaspan>
  <w>till</w>
  <absaspan id=69>
    <w>vatten</w>
    <w>och</w>
    <w>sanitet</w>
  </absaspan>
  <w>,</w>
  <w>för</w>
  <w>att</w>
  <w>göra</w>
  <w>detta</w>
  <absaspan id=70 senti=4>
    <w>lägger</w>
  </absaspan>
  <absaspan id=71>
    <w>vi</w>
  </absaspan>
  <w>i</w>
  <w>år</w>
  <absaspan id=72 senti=4>
    <w>515</w>
  </absaspan>
  <absaspan id=73 senti=4>
    <w>miljoner</w>
    <w>mer</w>
    <w>än</w>
    <w>regeringen</w>
  </absaspan>
  <w>på</w>
  <w>biståndet</w>
  <w>.</w>
</absapar>
<absapar id=15 senti=3>
  <w>Det</w>
  <absaspan id=74 senti=4>
    <w>är</w>
    <w>dags</w>
  </absaspan>
  <absaspan id=75>
    <w>att</w>
    <w>svenska</w>
    <w>folket</w>
    <w>får</w>
    <w>säga</w>
    <w>sitt</w>
    <w>i</w>
    <w>en</w>
    <w>folkomröstning</w>
    <w>om</w>
    <w>invandringen</w>
  </absaspan>
  <w>,</w>
  <w>för</w>
  <w>en</w>
  <absaspan id=76 senti=4>
    <w>ansvarsfull</w>
    <w>,</w>
    <w>kontrollerad</w>
  </absaspan>
  <absaspan id=77>
    <w>invandringspolitik</w>
  </absaspan>
  <w>och</w>
  <absaspan id=78 senti=4>
    <w>human</w>
  </absaspan>
  <absaspan id=79>
    <w>flyktingpolitik</w>
  </absaspan>
  <w>.</w>
</absapar>
<absapar id=16>
  <w>Julia</w>
  <w>Kronlid</w>
  <w>.</w>
</absapar>
<absapar id=17>
  <w>utrikes</w>
  <w>-</w>
  <w>och</w>
  <w>biståndspolitisk</w>
  <w>talesperson</w>
  <w>SD</w>
  <w>.</w>
</absapar>
<absapar id=18>
  <w>Markus</w>
  <w>Wiechel</w>
  <w>.</w>
</absapar>
<absapar id=19>
  <w>migrationspolitisk</w>
  <w>talesperson</w>
  <w>SD</w>
  <w>.</w>
</absapar>
<absapar id=20>
  <w>Redaktör</w>
  <w>:</w>
  <w>Carina</w>
  <w>Stensson</w>
  <w>,</w>
  <w>Biträdande</w>
  <w>redaktör</w>
  <w>:</w>
  <w>Björn</w>
  <w>Jorner</w>
  <w>,</w>
  <w>Mejl</w>
  <w>:</w>
  <w>debatt</w>
  <w>@</w>
  <w>svd.se</w>
  <w>,</w>
  <w>Telefonnummer</w>
  <w>:</w>
  <w>08</w>
  <w>-</w>
  <w>135149</w>
  <w>,</w>
  <w>Twitter</w>
  <w>:</w>
  <w>@</w>
  <w>SvDDebatt</w>
  <w>,</w>
  <w>Facebook</w>
  <w>:</w>
  <w>SvD</w>
  <w>Debatt</w>
  <w>.</w>
</absapar>
</absadoc>
