<absadoc annotators=1 senti=1>
<absatitle>
  <w>Metro</w>
  <w>:</w>
  <w>Så</w>
  <w>vill</w>
  <w>svenskarna</w>
  <w>tillbringa</w>
  <w>helgen</w>
  <w>.</w>
  <w>-</w>
  <w>Bild</w>
  <w>på</w>
  <w>mörkhyad</w>
  <w>familj</w>
  <w>.</w>
</absatitle>
<absapar id=1>
  <w>Hitta</w>
  <w>.</w>
</absapar>
<absapar id=2>
  <w>på</w>
  <w>framsidan</w>
  <w>av</w>
  <w>dagens</w>
  <w>Metro</w>
  <w>,</w>
  <w>påminner</w>
  <w>lite</w>
  <w>om</w>
  <w>.</w>
</absapar>
<absapar id=3>
  <w>#</w>
  <w>P</w>
  <absaspan id=1 senti=1>
    <w>IMM</w>
  </absaspan>
  <w>.</w>
  <w>.</w>
  <w>Det</w>
  <w>verkar</w>
  <w>som</w>
  <w>ett</w>
  <w>sätt</w>
  <w>för</w>
  <absaspan id=2 senti=1>
    <w>godhetsknarkarna</w>
  </absaspan>
  <w>att</w>
  <w>normalisera</w>
  <w>faktumet</w>
  <w>att</w>
  <w>Sverige</w>
  <w>inte</w>
  <w>kommer</w>
  <w>bestå</w>
  <w>av</w>
  <w>en</w>
  <w>majoritet</w>
  <w>svenskar</w>
  <w>i</w>
  <w>framtiden</w>
  <w>.</w>
  <absaspan id=3 senti=1>
    <w>Över</w>
    <w>reagerar</w>
  </absaspan>
  <absaspan id=4>
    <w>jag</w>
  </absaspan>
  <w>eller</w>
  <absaspan id=5 senti=1>
    <w>blir</w>
  </absaspan>
  <absaspan id=6>
    <w>andra</w>
  </absaspan>
  <absaspan id=7 senti=1>
    <w>irriterade</w>
  </absaspan>
  <absaspan id=8>
    <w>när</w>
    <w>dom</w>
    <w>kallar</w>
    <w>en</w>
    <w>Afrikansk</w>
    <w>familj</w>
    <w>svenskar</w>
  </absaspan>
  <w>?</w>
  <w>.</w>
</absapar>
</absadoc>
