<absadoc annotators=1 senti=>
<absatitle>
  <absaspan id=1 senti=2 target=1>
    <w>Strul</w>
  </absaspan>
  <w>med</w>
  <w>a-kassan</w>
  <w>efter</w>
  <w>utlandsjobb</w>
  <w>.</w>
</absatitle>
<absapar id=1>
  <w>Tiotusentals</w>
  <w>svenskar</w>
  <w>som</w>
  <w>jobbar</w>
  <w>i</w>
  <w>ett</w>
  <w>annat</w>
  <w>nordiskt</w>
  <w>land</w>
  <absaspan id=2 senti=2>
    <w>riskerar</w>
  </absaspan>
  <w>att</w>
  <absaspan id=3>
    <w>hamna</w>
    <w>utanför</w>
    <w>arbetslöshetsförsäkringen</w>
  </absaspan>
  <w>.</w>
  <w>Regelverket</w>
  <w>har</w>
  <w>inte</w>
  <w>hängt</w>
  <w>med</w>
  <w>.</w>
  <absaspan id=4 senti=2>
    <w>Risken</w>
    <w>finns</w>
  </absaspan>
  <w>att</w>
  <absaspan id=5>
    <w>människor</w>
    <w>blir</w>
    <w>avskräckta</w>
    <w>från</w>
    <w>att</w>
    <w>söka</w>
    <w>jobb</w>
    <w>utomlands</w>
  </absaspan>
  <w>,</w>
  <w>skriver</w>
  <absaspan id=6>
    <w>fackliga</w>
    <w>företrädare</w>
  </absaspan>
  <w>.</w>
</absapar>
<absapar id=2>
  <absaspan id=7>
    <w>Människor</w>
  </absaspan>
  <absaspan id=8 senti=2>
    <w>blir</w>
    <w>avskräckta</w>
  </absaspan>
  <w>från</w>
  <w>att</w>
  <absaspan id=9>
    <w>söka</w>
    <w>sig</w>
    <w>till</w>
    <w>jobb</w>
    <w>utomlands</w>
  </absaspan>
  <w>.</w>
</absapar>
<absapar id=3>
  <w>Det</w>
  <w>här</w>
  <w>är</w>
  <w>en</w>
  <w>argumenterande</w>
  <w>text</w>
  <w>med</w>
  <w>syfte</w>
  <w>att</w>
  <w>påverka</w>
  <w>.</w>
  <w>Åsikterna</w>
  <w>som</w>
  <w>uttrycks</w>
  <w>är</w>
  <w>skribentens</w>
  <w>egna</w>
  <w>.</w>
</absapar>
<absapar id=4>
  <w>Sedan</w>
  <w>1954</w>
  <w>har</w>
  <w>vi</w>
  <w>en</w>
  <w>gemensam</w>
  <w>nordisk</w>
  <w>arbetsmarknad</w>
  <w>där</w>
  <w>arbetstagare</w>
  <w>ska</w>
  <w>kunna</w>
  <w>röra</w>
  <w>sig</w>
  <w>över</w>
  <w>gränserna</w>
  <w>.</w>
  <w>Men</w>
  <w>de</w>
  <w>tiotusentals</w>
  <w>svenskar</w>
  <w>som</w>
  <w>i</w>
  <w>dag</w>
  <w>arbetar</w>
  <w>i</w>
  <w>ett</w>
  <w>annat</w>
  <w>nordiskt</w>
  <w>land</w>
  <absaspan id=10 senti=2>
    <w>riskerar</w>
  </absaspan>
  <w>att</w>
  <absaspan id=11>
    <w>hamna</w>
    <w>utanför</w>
    <w>den</w>
    <w>inkomstrelaterade</w>
    <w>arbetslöshetsförsäkringen</w>
  </absaspan>
  <w>eftersom</w>
  <absaspan id=12>
    <w>regelverket</w>
    <w>i</w>
    <w>Sverige</w>
  </absaspan>
  <w>inte</w>
  <w>har</w>
  <w>hängt</w>
  <w>med</w>
  <w>i</w>
  <w>utvecklingen</w>
  <w>,</w>
  <w>och</w>
  <absaspan id=13 senti=2>
    <w>är</w>
    <w>i</w>
    <w>dag</w>
    <w>inte</w>
    <w>helt</w>
    <w>ändamålsenligt</w>
  </absaspan>
  <w>.</w>
</absapar>
<absapar id=5>
  <w>I</w>
  <w>svensk</w>
  <w>arbetslöshetsförsäkring</w>
  <w>krävs</w>
  <w>ett</w>
  <w>obrutet</w>
  <w>medlemskap</w>
  <w>i</w>
  <w>tolv</w>
  <w>månader</w>
  <w>för</w>
  <w>att</w>
  <w>få</w>
  <w>inkomstrelaterad</w>
  <w>ersättning</w>
  <w>.</w>
  <absaspan id=14 senti=2>
    <w>Glapp</w>
  </absaspan>
  <w>i</w>
  <absaspan id=15>
    <w>medlemskapet</w>
  </absaspan>
  <w>kan</w>
  <w>innebära</w>
  <w>ett</w>
  <w>inkomsttapp</w>
  <w>på</w>
  <w>flera</w>
  <w>hundra</w>
  <w>kronor</w>
  <w>per</w>
  <w>dag</w>
  <w>och</w>
  <w>en</w>
  <absaspan id=16 senti=2>
    <w>förstörd</w>
  </absaspan>
  <absaspan id=17>
    <w>ekonomi</w>
  </absaspan>
  <w>.</w>
</absapar>
<absapar id=6>
  <w>För</w>
  <w>den</w>
  <w>som</w>
  <w>arbetat</w>
  <w>i</w>
  <w>ett</w>
  <w>annat</w>
  <w>EU</w>
  <w>/</w>
  <w>EES-land</w>
  <w>eller</w>
  <w>Schweiz</w>
  <w>,</w>
  <w>innebär</w>
  <w>kravet</w>
  <w>på</w>
  <w>obrutet</w>
  <w>medlemskap</w>
  <w>en</w>
  <w>obruten</w>
  <w>försäkring</w>
  <w>mellan</w>
  <w>länderna</w>
  <w>.</w>
  <w>En</w>
  <w>person</w>
  <w>som</w>
  <w>arbetat</w>
  <w>utomlands</w>
  <w>måste</w>
  <w>därför</w>
  <w>se</w>
  <w>till</w>
  <w>att</w>
  <w>utan</w>
  <w>avbrott</w>
  <w>bli</w>
  <w>medlem</w>
  <w>i</w>
  <w>en</w>
  <w>svensk</w>
  <w>arbetslöshetskassa</w>
  <w>efter</w>
  <w>att</w>
  <w>den</w>
  <w>utländska</w>
  <w>försäkringen</w>
  <w>upphört</w>
  <w>.</w>
  <w>Det</w>
  <absaspan id=18 senti=2>
    <w>kan</w>
    <w>vara</w>
    <w>svårt</w>
    <w>för</w>
    <w>den</w>
    <w>enskilde</w>
    <w>att</w>
    <w>förstå</w>
  </absaspan>
  <w>att</w>
  <absaspan id=19>
    <w>det</w>
    <w>är</w>
    <w>viktigt</w>
    <w>att</w>
    <w>ansöka</w>
    <w>om</w>
    <w>medlemskap</w>
    <w>i</w>
    <w>tid</w>
  </absaspan>
  <w>.</w>
</absapar>
<absapar id=7>
  <w>Så</w>
  <w>här</w>
  <w>har</w>
  <w>utfallet</w>
  <w>blivit</w>
  <w>i</w>
  <w>två</w>
  <w>avgöranden</w>
  <w>från</w>
  <w>svenska</w>
  <w>förvaltningsrättsdomstolar</w>
  <w>:</w>
  <w>.</w>
</absapar>
<absapar id=8>
  <w>.</w>
  <w>•</w>
  <w>En</w>
  <w>kvinna</w>
  <w>bodde</w>
  <w>och</w>
  <w>arbetade</w>
  <w>på</w>
  <w>Island</w>
  <w>.</w>
  <w>Den</w>
  <w>isländska</w>
  <w>försäkringen</w>
  <w>upphörde</w>
  <w>den</w>
  <w>15</w>
  <w>november</w>
  <w>,</w>
  <w>men</w>
  <w>hon</w>
  <w>fick</w>
  <w>inte</w>
  <w>arbete</w>
  <w>i</w>
  <w>Sverige</w>
  <w>förrän</w>
  <w>i</w>
  <w>slutet</w>
  <w>av</w>
  <w>december</w>
  <w>.</w>
  <w>Hon</w>
  <w>såg</w>
  <w>till</w>
  <w>att</w>
  <w>bli</w>
  <w>medlem</w>
  <w>i</w>
  <w>en</w>
  <w>svensk</w>
  <w>arbetslöshetskassa</w>
  <w>,</w>
  <w>vilket</w>
  <w>hon</w>
  <w>inte</w>
  <w>kunde</w>
  <w>bli</w>
  <w>tidigare</w>
  <w>än</w>
  <w>den</w>
  <w>1</w>
  <w>december</w>
  <w>.</w>
  <w>På</w>
  <w>grund</w>
  <w>av</w>
  <w>de</w>
  <w>15</w>
  <w>dagars</w>
  <w>glapp</w>
  <w>som</w>
  <w>uppstod</w>
  <w>mellan</w>
  <w>den</w>
  <w>16</w>
  <w>–</w>
  <w>30</w>
  <w>november</w>
  <w>,</w>
  <w>nekades</w>
  <w>kvinnan</w>
  <w>ersättning</w>
  <w>enligt</w>
  <w>inkomstbortfallsförsäkringen</w>
  <w>och</w>
  <w>fick</w>
  <w>i</w>
  <w>stället</w>
  <w>grundersättning</w>
  <w>.</w>
</absapar>
<absapar id=9>
  <w>Skräddarsydda</w>
  <w>kurser</w>
  <w>i</w>
  <w>ämnen</w>
  <w>som</w>
  <w>intresserar</w>
  <w>och</w>
  <w>engagerar</w>
  <w>både</w>
  <w>kropp</w>
  <w>och</w>
  <w>själ</w>
  <w>.</w>
</absapar>
<absapar id=10>
  <w>.</w>
  <w>•</w>
  <w>En</w>
  <w>kvinna</w>
  <w>upphörde</w>
  <w>att</w>
  <w>vara</w>
  <w>försäkrad</w>
  <w>i</w>
  <w>Finland</w>
  <w>den</w>
  <w>23</w>
  <w>september</w>
  <w>.</w>
  <w>Samma</w>
  <w>dag</w>
  <w>skulle</w>
  <w>hon</w>
  <w>avresa</w>
  <w>till</w>
  <w>Sverige</w>
  <w>för</w>
  <w>arbete</w>
  <w>här</w>
  <w>.</w>
  <w>Hon</w>
  <w>insjuknade</w>
  <w>dock</w>
  <w>och</w>
  <w>kom</w>
  <w>inte</w>
  <w>till</w>
  <w>Sverige</w>
  <w>förrän</w>
  <w>den</w>
  <w>28</w>
  <w>september</w>
  <w>.</w>
  <w>På</w>
  <w>grund</w>
  <w>av</w>
  <w>sin</w>
  <w>sjukdom</w>
  <w>skickade</w>
  <w>hon</w>
  <w>inte</w>
  <w>ansökan</w>
  <w>till</w>
  <w>sin</w>
  <w>svenska</w>
  <w>a-kassa</w>
  <w>förrän</w>
  <w>i</w>
  <w>början</w>
  <w>av</w>
  <w>oktober</w>
  <w>.</w>
  <w>Detta</w>
  <w>innebar</w>
  <w>,</w>
  <w>enligt</w>
  <w>länsrätten</w>
  <w>,</w>
  <w>att</w>
  <w>hon</w>
  <w>hade</w>
  <w>glapp</w>
  <w>i</w>
  <w>försäkringen</w>
  <w>under</w>
  <w>24</w>
  <w>–</w>
  <w>30</w>
  <w>september</w>
  <w>och</w>
  <w>därför</w>
  <w>nekades</w>
  <w>ersättning</w>
  <w>enligt</w>
  <w>inkomstbortfallsförsäkringen</w>
  <w>.</w>
</absapar>
<absapar id=11>
  <w>I</w>
  <w>båda</w>
  <w>exemplen</w>
  <w>krävs</w>
  <w>det</w>
  <w>att</w>
  <w>de</w>
  <w>för</w>
  <w>att</w>
  <w>få</w>
  <w>rätt</w>
  <w>till</w>
  <w>inkomstrelaterad</w>
  <w>ersättning</w>
  <w>på</w>
  <w>nytt</w>
  <w>måste</w>
  <w>vara</w>
  <w>medlemmar</w>
  <w>i</w>
  <w>minst</w>
  <w>tolv</w>
  <w>månader</w>
  <w>och</w>
  <w>därutöver</w>
  <w>arbeta</w>
  <w>minst</w>
  <w>sex</w>
  <w>månader</w>
  <w>under</w>
  <w>samma</w>
  <w>period</w>
  <w>.</w>
  <w>Detta</w>
  <w>oavsett</w>
  <w>hur</w>
  <w>många</w>
  <w>år</w>
  <w>de</w>
  <w>tidigare</w>
  <w>har</w>
  <w>varit</w>
  <w>försäkrade</w>
  <w>och</w>
  <w>betalat</w>
  <w>in</w>
  <w>avgifter</w>
  <w>till</w>
  <w>svenskt</w>
  <w>eller</w>
  <w>utländskt</w>
  <w>försäkringssystem</w>
  <w>.</w>
</absapar>
<absapar id=12>
  <w>Vissa</w>
  <w>personer</w>
  <w>som</w>
  <w>återkommer</w>
  <w>från</w>
  <w>ett</w>
  <w>arbete</w>
  <w>i</w>
  <w>ett</w>
  <w>annat</w>
  <w>EU</w>
  <w>/</w>
  <w>EES-land</w>
  <w>eller</w>
  <w>Schweiz</w>
  <w>blir</w>
  <w>nekade</w>
  <w>inträde</w>
  <w>i</w>
  <w>en</w>
  <w>svensk</w>
  <w>a-kassa</w>
  <w>.</w>
  <w>En</w>
  <w>person</w>
  <w>som</w>
  <w>har</w>
  <w>arbetat</w>
  <w>utomlands</w>
  <w>,</w>
  <w>men</w>
  <w>som</w>
  <w>inte</w>
  <w>direkt</w>
  <w>går</w>
  <w>in</w>
  <w>i</w>
  <w>arbetslöshet</w>
  <w>i</w>
  <w>Sverige</w>
  <w>,</w>
  <w>får</w>
  <w>med</w>
  <w>gällande</w>
  <w>regelverk</w>
  <w>inte</w>
  <w>bli</w>
  <w>medlem</w>
  <w>i</w>
  <w>en</w>
  <w>svensk</w>
  <w>arbetslöshetskassa</w>
  <w>och</w>
  <w>således</w>
  <w>inte</w>
  <w>får</w>
  <w>försäkra</w>
  <w>sig</w>
  <w>här</w>
  <w>.</w>
  <w>Detta</w>
  <w>trots</w>
  <w>att</w>
  <w>svensk</w>
  <w>lagstiftning</w>
  <w>om</w>
  <w>arbetslöshetsförsäkring</w>
  <w>är</w>
  <w>tillämplig</w>
  <w>och</w>
  <w>trots</w>
  <w>att</w>
  <w>personen</w>
  <w>känner</w>
  <w>till</w>
  <w>regelverket</w>
  <w>och</w>
  <w>ansöker</w>
  <w>om</w>
  <w>medlemskap</w>
  <w>i</w>
  <w>tid</w>
  <w>.</w>
</absapar>
<absapar id=13>
  <w>Ett</w>
  <w>exempel</w>
  <w>:</w>
  <w>Annas</w>
  <w>anställning</w>
  <w>i</w>
  <w>Danmark</w>
  <w>avslutas</w>
  <w>med</w>
  <w>avgångsvederlag</w>
  <w>.</w>
  <w>I</w>
  <w>dansk</w>
  <w>lagstiftning</w>
  <w>är</w>
  <w>avgångsvederlag</w>
  <w>inte</w>
  <w>att</w>
  <w>jämställa</w>
  <w>med</w>
  <w>arbete</w>
  <w>,</w>
  <w>vilket</w>
  <w>det</w>
  <w>är</w>
  <w>i</w>
  <w>svensk</w>
  <w>.</w>
  <w>När</w>
  <absaspan id=20>
    <w>Anna</w>
  </absaspan>
  <w>återvänder</w>
  <w>till</w>
  <w>Sverige</w>
  <w>omfattas</w>
  <w>hon</w>
  <w>av</w>
  <w>svensk</w>
  <w>lagstiftning</w>
  <w>men</w>
  <absaspan id=21 senti=3>
    <w>anses</w>
    <w>inte</w>
    <w>vara</w>
    <w>arbetslös</w>
  </absaspan>
  <absaspan id=22>
    <w>.</w>
  </absaspan>
  <w>Trots</w>
  <w>att</w>
  <w>svensk</w>
  <w>lagstiftning</w>
  <w>är</w>
  <w>tillämplig</w>
  <w>,</w>
  <w>får</w>
  <w>hon</w>
  <w>därför</w>
  <w>inte</w>
  <w>bli</w>
  <w>medlem</w>
  <w>i</w>
  <w>svensk</w>
  <w>arbetslöshetskassa</w>
  <w>.</w>
</absapar>
<absapar id=14>
  <w>Enligt</w>
  <w>AEA</w>
  <w>,</w>
  <w>Sveriges</w>
  <w>största</w>
  <w>a-kassa</w>
  <w>,</w>
  <w>har</w>
  <w>23</w>
  <w>procent</w>
  <w>av</w>
  <w>deras</w>
  <w>medlemmar</w>
  <w>som</w>
  <w>beviljades</w>
  <w>grundbelopp</w>
  <w>2012</w>
  <w>efter</w>
  <w>att</w>
  <w>ha</w>
  <w>arbetat</w>
  <w>utomlands</w>
  <w>,</w>
  <w>eller</w>
  <w>22</w>
  <w>personer</w>
  <w>,</w>
  <absaspan id=23 senti=2>
    <w>råkat</w>
    <w>ut</w>
    <w>för</w>
  </absaspan>
  <absaspan id=24>
    <w>ett</w>
    <w>av</w>
    <w>de</w>
    <w>gränshinder</w>
    <w>som</w>
    <w>omnämnts</w>
  </absaspan>
  <w>.</w>
  <w>Den</w>
  <w>verkliga</w>
  <w>siffran</w>
  <w>är</w>
  <w>sannolikt</w>
  <w>högre</w>
  <w>,</w>
  <w>då</w>
  <w>många</w>
  <w>vänder</w>
  <w>sig</w>
  <w>till</w>
  <w>Alfa-kassan</w>
  <w>,</w>
  <w>som</w>
  <w>betalar</w>
  <w>ersättning</w>
  <w>till</w>
  <w>dem</w>
  <w>som</w>
  <w>saknar</w>
  <w>medlemskap</w>
  <absaspan id=25>
    <w>.</w>
  </absaspan>
</absapar>
<absapar id=15>
  <absaspan id=26>
    <w>Detta</w>
  </absaspan>
  <w>är</w>
  <w>i</w>
  <w>huvudsak</w>
  <absaspan id=27 senti=2>
    <w>ett</w>
    <w>problem</w>
    <w>för</w>
    <w>svenskar</w>
  </absaspan>
  <w>som</w>
  <w>återvänder</w>
  <w>efter</w>
  <w>en</w>
  <w>tid</w>
  <w>i</w>
  <w>jobb</w>
  <w>utomlands</w>
  <w>.</w>
  <w>Men</w>
  <w>konsekvenserna</w>
  <w>blir</w>
  <w>att</w>
  <absaspan id=28>
    <w>människor</w>
  </absaspan>
  <absaspan id=29 senti=2>
    <w>blir</w>
    <w>avskräckta</w>
  </absaspan>
  <absaspan id=30>
    <w>från</w>
    <w>att</w>
  </absaspan>
  <absaspan id=31>
    <w>söka</w>
    <w>sig</w>
    <w>till</w>
    <w>jobb</w>
    <w>utomlands</w>
  </absaspan>
  <w>,</w>
  <w>och</w>
  <absaspan id=32>
    <w>det</w>
  </absaspan>
  <absaspan id=33 senti=2>
    <w>gör</w>
    <w>det</w>
    <w>till</w>
    <w>ett</w>
    <w>problem</w>
  </absaspan>
  <w>för</w>
  <w>hela</w>
  <w>Norden</w>
  <w>.</w>
</absapar>
<absapar id=16>
  <w>Hur</w>
  <w>löser</w>
  <w>vi</w>
  <w>detta</w>
  <w>?</w>
  <w>.</w>
</absapar>
<absapar id=17>
  <w>I</w>
  <w>den</w>
  <w>parlamentariska</w>
  <w>socialförsäkringsutredningens</w>
  <w>delbetänkande</w>
  <w>finns</w>
  <w>ett</w>
  <w>förslag</w>
  <w>som</w>
  <w>innebär</w>
  <w>att</w>
  <w>en</w>
  <w>person</w>
  <w>som</w>
  <w>arbetat</w>
  <w>utomlands</w>
  <w>ska</w>
  <w>kunna</w>
  <w>beviljas</w>
  <w>medlemskap</w>
  <w>från</w>
  <w>och</w>
  <w>med</w>
  <w>månaden</w>
  <w>före</w>
  <w>ansökan</w>
  <w>.</w>
  <w>Därmed</w>
  <w>skulle</w>
  <w>Sverige</w>
  <w>införa</w>
  <w>en</w>
  <w>skyddsregel</w>
  <w>som</w>
  <w>liknar</w>
  <w>dem</w>
  <w>som</w>
  <w>redan</w>
  <w>finns</w>
  <w>i</w>
  <w>andra</w>
  <w>länder</w>
  <w>.</w>
  <w>Danmark</w>
  <w>har</w>
  <w>en</w>
  <w>regel</w>
  <w>som</w>
  <w>tillåter</w>
  <w>upp</w>
  <w>till</w>
  <w>åtta</w>
  <w>veckors</w>
  <w>avbrott</w>
  <w>i</w>
  <w>försäkringarna</w>
  <w>mellan</w>
  <w>två</w>
  <w>EU</w>
  <w>/</w>
  <w>EES-länder</w>
  <w>eller</w>
  <w>Schweiz</w>
  <w>.</w>
  <absaspan id=34>
    <w>Denna</w>
    <w>olikhet</w>
    <w>i</w>
    <w>lagstiftningen</w>
  </absaspan>
  <absaspan id=35 senti=2>
    <w>är</w>
    <w>ett</w>
    <w>problem</w>
  </absaspan>
  <w>då</w>
  <w>danska</w>
  <w>arbetslöshetskassor</w>
  <w>inte</w>
  <w>alltid</w>
  <w>är</w>
  <w>uppmärksamma</w>
  <w>på</w>
  <w>hur</w>
  <absaspan id=36 senti=4>
    <w>viktigt</w>
  </absaspan>
  <w>det</w>
  <w>är</w>
  <w>att</w>
  <absaspan id=37>
    <w>svenskar</w>
    <w>går</w>
    <w>med</w>
    <w>i</w>
    <w>a-kassan</w>
    <w>redan</w>
    <w>första</w>
    <w>arbetsdagen</w>
    <w>i</w>
    <w>Danmark</w>
  </absaspan>
  <w>.</w>
</absapar>
<absapar id=18>
  <absaspan id=38 senti=2>
    <w>Alla</w>
    <w>problem</w>
    <w>löses</w>
    <w>tyvärr</w>
    <w>inte</w>
  </absaspan>
  <w>genom</w>
  <absaspan id=39>
    <w>skyddsregler</w>
  </absaspan>
  <w>.</w>
  <w>Det</w>
  <absaspan id=40 senti=4>
    <w>behöver</w>
    <w>bli</w>
    <w>lättare</w>
  </absaspan>
  <w>att</w>
  <absaspan id=41>
    <w>få</w>
    <w>inträde</w>
    <w>i</w>
    <w>en</w>
    <w>svensk</w>
    <w>arbetslöshetskassa</w>
    <w>efter</w>
    <w>arbete</w>
    <w>i</w>
    <w>ett</w>
    <w>annat</w>
    <w>EU</w>
    <w>/</w>
    <w>EES-land</w>
    <w>eller</w>
    <w>Schweiz</w>
  </absaspan>
  <w>,</w>
  <w>även</w>
  <w>i</w>
  <w>de</w>
  <w>fall</w>
  <w>man</w>
  <w>inte</w>
  <w>är</w>
  <w>arbetslös</w>
  <w>och</w>
  <w>ansöker</w>
  <w>om</w>
  <w>ersättning</w>
  <w>.</w>
  <w>Detta</w>
  <w>kräver</w>
  <w>förändringar</w>
  <w>,</w>
  <w>både</w>
  <w>inom</w>
  <w>de</w>
  <w>föreskrifter</w>
  <w>som</w>
  <w>gäller</w>
  <w>och</w>
  <w>i</w>
  <w>förhållandet</w>
  <w>mellan</w>
  <w>regler</w>
  <w>för</w>
  <w>medlemskap</w>
  <w>och</w>
  <w>regler</w>
  <w>för</w>
  <w>arbetslöshetsförsäkring</w>
  <w>.</w>
  <w>Förändringar</w>
  <w>som</w>
  <w>enbart</w>
  <w>Sveriges</w>
  <w>regering</w>
  <w>kan</w>
  <w>besluta</w>
  <w>om</w>
  <w>.</w>
</absapar>
<absapar id=19>
  <w>LOA</w>
  <w>BRYNJULFSDOTTIR</w>
  <w>.</w>
</absapar>
<absapar id=20>
  <w>generalsekreterare</w>
  <w>för</w>
  <w>NFS</w>
  <w>–</w>
  <w>Nordens</w>
  <w>fackliga</w>
  <w>samorganisation</w>
  <w>.</w>
</absapar>
<absapar id=21>
  <w>HARALD</w>
  <w>PETERSSON</w>
  <w>.</w>
</absapar>
<absapar id=22>
  <w>ordförande</w>
  <w>för</w>
  <w>SO</w>
  <w>–</w>
  <w>Arbetslöshetskassornas</w>
  <w>samorganisation</w>
  <w>.</w>
</absapar>
<absapar id=23>
  <w>MORTEN</w>
  <w>KASPERSEN</w>
  <w>.</w>
</absapar>
<absapar id=24>
  <w>ordförande</w>
  <w>för</w>
  <w>AK-Samvirke</w>
  <w>–</w>
  <w>arbetslöshetskassornas</w>
  <w>samorganisation</w>
  <w>i</w>
  <w>Danmark</w>
  <w>.</w>
</absapar>
<absapar id=25>
  <w>SINIKKA</w>
  <w>BOHLIN</w>
  <w>.</w>
</absapar>
<absapar id=26>
  <w>ordförande</w>
  <w>för</w>
  <w>föreningen</w>
  <w>Norden</w>
  <w>i</w>
  <w>Sverige</w>
  <w>.</w>
</absapar>
<absapar id=27>
  <w>Redaktör</w>
  <w>:</w>
  <w>Carina</w>
  <w>Stensson</w>
  <w>,</w>
  <w>Biträdande</w>
  <w>redaktör</w>
  <w>:</w>
  <w>Björn</w>
  <w>Jorner</w>
  <w>,</w>
  <w>Mejl</w>
  <w>:</w>
  <w>debatt</w>
  <w>@</w>
  <w>svd.se</w>
  <w>,</w>
  <w>Telefonnummer</w>
  <w>:</w>
  <w>08</w>
  <w>-</w>
  <w>135149</w>
  <w>,</w>
  <w>Twitter</w>
  <w>:</w>
  <w>@</w>
  <w>SvDDebatt</w>
  <w>,</w>
  <w>Facebook</w>
  <w>:</w>
  <w>SvD</w>
  <w>Debatt</w>
  <w>.</w>
</absapar>
</absadoc>
