<absadoc annotators=8 senti=2>
<absatitle>
  <w>Gränspolisen</w>
  <w>,</w>
  <w>Tullen</w>
  <w>och</w>
  <w>Migrationsverket</w>
  <w>.</w>
</absatitle>
<absapar id=1 senti=3>
  <absaspan id=1 senti=4>
    <w>En</w>
    <w>intressant</w>
  </absaspan>
  <absaspan id=2>
    <w>artikel</w>
    <w>i</w>
    <w>Polistidningen</w>
  </absaspan>
  <w>tar</w>
  <w>upp</w>
  <w>konflikterna</w>
  <w>mellan</w>
  <w>polisen</w>
  <w>och</w>
  <w>Migrationsverket</w>
  <w>.</w>
</absapar>
<absapar id=2 senti=2>
  <absaspan id=3>
    <w>Artikeln</w>
  </absaspan>
  <w>tar</w>
  <w>upp</w>
  <w>mycket</w>
  <w>om</w>
  <w>fingeravtryck</w>
  <w>och</w>
  <absaspan id=4 senti=2>
    <w>den</w>
    <w>enorma</w>
    <w>blåögdhet</w>
    <w>som</w>
    <w>råder</w>
  </absaspan>
  <w>,</w>
  <w>där</w>
  <absaspan id=5 senti=4>
    <w>asylsökande</w>
    <w>får</w>
    <w>mängder</w>
    <w>av</w>
    <w>chanser</w>
    <w>att</w>
    <w>helt</w>
    <w>enkelt</w>
    <w>försvinna</w>
    <w>trots</w>
    <w>att</w>
    <w>de</w>
    <w>blivit</w>
    <w>tagna</w>
    <w>av</w>
    <w>gränspolisen</w>
  </absaspan>
  <absaspan id=6 senti=2>
    <w>.</w>
  </absaspan>
  <absaspan id=7>
    <w>Och</w>
  </absaspan>
  <absaspan id=8 senti=2>
    <w>att</w>
    <w>Migrationsverket</w>
  </absaspan>
  <absaspan id=9 senti=2>
    <w>i</w>
    <w>praktiken</w>
    <w>gör</w>
    <w>att</w>
    <w>mängder</w>
    <w>av</w>
    <w>människor</w>
    <w>som</w>
    <w>inte</w>
    <w>ens</w>
    <w>har</w>
    <w>rätt</w>
    <w>att</w>
    <w>söka</w>
    <w>asyl</w>
    <w>här</w>
    <w>ändå</w>
    <w>får</w>
    <w>uppehållstillstånd</w>
  </absaspan>
  <absaspan id=10>
    <w>,</w>
    <w>osv</w>
  </absaspan>
  <absaspan id=11 senti=2>
    <w>.</w>
  </absaspan>
</absapar>
<absapar id=3>
  <w>#</w>
  <w>P</w>
  <w>IMM</w>
  <w>.</w>
  <w>-</w>
  <w>></w>
  <w>.</w>
</absapar>
<absapar id=4 senti=2>
  <absaspan id=12>
    <w>Det</w>
  </absaspan>
  <absaspan id=13 senti=1>
    <w>är</w>
    <w>verkligen</w>
    <w>helt</w>
    <w>vansinnigt</w>
  </absaspan>
  <absaspan id=14 senti=1>
    <w>.</w>
  </absaspan>
  <absaspan id=15 senti=1>
    <w>Inte</w>
    <w>bara</w>
  </absaspan>
  <absaspan id=16>
    <w>att</w>
    <w>gränspolisen</w>
    <w>inte</w>
    <w>har</w>
    <w>rätt</w>
    <w>att</w>
    <w>stanna</w>
    <w>vilka</w>
    <w>bilar</w>
    <w>de</w>
    <w>vill</w>
    <w>utan</w>
    <w>måste</w>
    <w>ha</w>
    <w>synnerliga</w>
    <w>skäl</w>
    <w>för</w>
    <w>"</w>
    <w>husrannsakan</w>
    <w>"</w>
    <w>(</w>
    <w>vilket</w>
    <w>alltså</w>
    <w>inte</w>
    <w>kan</w>
    <w>vara</w>
    <w>t</w>
    <w>ex</w>
    <w>:</w>
    <w>5</w>
  </absaspan>
  <absaspan id=17 senti=1>
    <w>blattar</w>
  </absaspan>
  <absaspan id=18>
    <w>i</w>
    <w>bilen</w>
    <w>)</w>
    <w>,</w>
    <w>dessutom</w>
  </absaspan>
  <absaspan id=19 senti=2>
    <w>saboteras</w>
    <w>på</w>
    <w>olika</w>
    <w>sätt</w>
    <w>alla</w>
    <w>möjligheter</w>
  </absaspan>
  <absaspan id=20 senti=5>
    <w>att</w>
    <w>få</w>
    <w>hela</w>
    <w>processen</w>
    <w>att</w>
    <w>gå</w>
    <w>till</w>
    <w>på</w>
    <w>ett</w>
    <w>rimligt</w>
    <w>och</w>
    <w>rättssäkert</w>
  </absaspan>
  <absaspan id=21 senti=5>
    <w>vis</w>
  </absaspan>
  <w>.</w>
  <absaspan id=22 senti=2>
    <w>Tillfällen</w>
    <w>att</w>
    <w>sätta</w>
    <w>stopp</w>
    <w>för</w>
    <w>människosmuggling</w>
  </absaspan>
  <absaspan id=23 senti=2>
    <w>tillåts</w>
    <w>också</w>
    <w>rinna</w>
    <w>ut</w>
    <w>i</w>
    <w>sanden</w>
  </absaspan>
  <w>.</w>
  <absaspan id=24 senti=2>
    <w>Alla</w>
    <w>,</w>
    <w>oavsett</w>
    <w>vad</w>
    <w>man</w>
    <w>tycker</w>
    <w>om</w>
    <w>hur</w>
    <w>många</w>
    <w>invandrare</w>
    <w>vi</w>
    <w>ska</w>
    <w>släppa</w>
    <w>in</w>
    <w>,</w>
    <w>måste</w>
    <w>ju</w>
    <w>tycka</w>
  </absaspan>
  <absaspan id=25 senti=2>
    <w>att</w>
  </absaspan>
  <absaspan id=26 senti=1>
    <w>detta</w>
    <w>är</w>
    <w>helt</w>
    <w>sjukt</w>
  </absaspan>
  <w>.</w>
</absapar>
</absadoc>
