<absadoc annotators=1 senti=>
<absatitle>
  <absaspan id=1>
    <w>Academedia</w>
  </absaspan>
  <w>:</w>
  <absaspan id=2>
    <w>Enkät</w>
    <w>till</w>
    <w>eleverna</w>
  </absaspan>
  <absaspan id=3 senti=4 target=2 source=1>
    <w>höjer</w>
    <w>kvaliteten</w>
  </absaspan>
  <w>.</w>
</absatitle>
<absapar id=1>
  <w>Academedia</w>
  <w>låter</w>
  <w>inte</w>
  <w>eleverna</w>
  <w>sätta</w>
  <w>lärarnas</w>
  <w>löner</w>
  <w>.</w>
  <w>Däremot</w>
  <w>följer</w>
  <w>vi</w>
  <w>upp</w>
  <w>hur</w>
  <w>elever</w>
  <w>upplever</w>
  <w>sin</w>
  <w>lärares</w>
  <w>undervisning</w>
  <w>,</w>
  <w>som</w>
  <w>ett</w>
  <w>sätt</w>
  <w>att</w>
  <w>höja</w>
  <w>kvaliteten</w>
  <w>.</w>
  <w>Det</w>
  <w>skriver</w>
  <w>företrädare</w>
  <w>för</w>
  <w>Academedia</w>
  <w>i</w>
  <w>en</w>
  <w>replik</w>
  <w>till</w>
  <w>tre</w>
  <absaspan id=4 senti=2>
    <w>kritiska</w>
  </absaspan>
  <absaspan id=5>
    <w>lärare</w>
  </absaspan>
  <w>.</w>
</absapar>
<absapar id=2>
  <w>På</w>
  <w>SvD</w>
  <w>Debatt</w>
  <w>14</w>
  <w>/</w>
  <w>8</w>
  <w>kräver</w>
  <w>tre</w>
  <w>lärare</w>
  <w>på</w>
  <w>AcadeMedia</w>
  <w>"</w>
  <w>att</w>
  <w>Academedia</w>
  <w>omvärderar</w>
  <w>sitt</w>
  <w>beslut</w>
  <w>att</w>
  <w>införa</w>
  <w>den</w>
  <w>lönepåverkande</w>
  <w>elevenkäten</w>
  <w>höstterminen</w>
  <w>2015</w>
  <w>"</w>
  <w>.</w>
  <w>Kravet</w>
  <w>bygger</w>
  <w>dock</w>
  <w>på</w>
  <w>en</w>
  <absaspan id=6 senti=2>
    <w>missuppfattning</w>
  </absaspan>
  <w>.</w>
  <w>Vi</w>
  <w>har</w>
  <w>aldrig</w>
  <w>beslutat</w>
  <w>att</w>
  <w>införa</w>
  <w>någon</w>
  <w>elevenkät</w>
  <w>som</w>
  <w>ska</w>
  <w>ha</w>
  <w>inflytande</w>
  <w>över</w>
  <w>lärarnas</w>
  <w>löner</w>
  <w>.</w>
</absapar>
<absapar id=3>
  <w>Det</w>
  <w>här</w>
  <w>är</w>
  <w>en</w>
  <w>argumenterande</w>
  <w>text</w>
  <w>med</w>
  <w>syfte</w>
  <w>att</w>
  <w>påverka</w>
  <w>.</w>
  <w>Åsikterna</w>
  <w>som</w>
  <w>uttrycks</w>
  <w>är</w>
  <w>skribentens</w>
  <w>egna</w>
  <w>.</w>
</absapar>
<absapar id=4>
  <w>Lärarnas</w>
  <w>löner</w>
  <w>sätts</w>
  <w>av</w>
  <w>närmaste</w>
  <w>chef</w>
  <w>,</w>
  <w>oftast</w>
  <w>rektor</w>
  <w>.</w>
  <w>Lönesättningen</w>
  <w>grundar</w>
  <w>sig</w>
  <w>på</w>
  <w>en</w>
  <w>mängd</w>
  <w>olika</w>
  <w>faktorer</w>
  <w>,</w>
  <w>många</w>
  <w>saker</w>
  <w>ska</w>
  <w>vägas</w>
  <w>samman</w>
  <w>.</w>
  <w>En</w>
  <absaspan id=7 senti=4>
    <w>bra</w>
  </absaspan>
  <absaspan id=8>
    <w>lärare</w>
  </absaspan>
  <w>,</w>
  <absaspan id=9>
    <w>som</w>
  </absaspan>
  <absaspan id=10 senti=4>
    <w>lyckas</w>
    <w>med</w>
    <w>sina</w>
    <w>elever</w>
  </absaspan>
  <w>,</w>
  <w>ska</w>
  <w>premieras</w>
  <w>.</w>
</absapar>
<absapar id=5>
  <w>*</w>
  <w>*</w>
  <w>Att</w>
  <w>följa</w>
  <w>upp</w>
  <w>hur</w>
  <w>elever</w>
  <w>upplever</w>
  <w>*</w>
  <w>*</w>
  <w>sin</w>
  <w>lärares</w>
  <w>undervisning</w>
  <w>ur</w>
  <w>olika</w>
  <w>aspekter</w>
  <w>är</w>
  <w>en</w>
  <w>viktig</w>
  <w>del</w>
  <w>i</w>
  <w>att</w>
  <w>utveckla</w>
  <w>undervisningen</w>
  <w>.</w>
  <w>En</w>
  <w>skolhuvudman</w>
  <w>ska</w>
  <w>enligt</w>
  <w>skollagen</w>
  <w>kontinuerligt</w>
  <w>planera</w>
  <w>,</w>
  <w>följa</w>
  <w>upp</w>
  <w>och</w>
  <w>utveckla</w>
  <w>utbildningen</w>
  <w>.</w>
  <w>I</w>
  <w>läroplanen</w>
  <w>står</w>
  <w>det</w>
  <w>också</w>
  <w>tydligt</w>
  <w>reglerat</w>
  <w>vad</w>
  <w>en</w>
  <w>lärare</w>
  <w>ska</w>
  <w>göra</w>
  <w>och</w>
  <w>det</w>
  <w>är</w>
  <w>huvudmannens</w>
  <w>skyldighet</w>
  <w>att</w>
  <w>följa</w>
  <w>upp</w>
  <w>att</w>
  <w>så</w>
  <w>sker</w>
  <w>.</w>
  <w>Det</w>
  <w>står</w>
  <w>också</w>
  <w>att</w>
  <w>elevperspektivet</w>
  <w>ska</w>
  <w>vara</w>
  <w>med</w>
  <w>.</w>
</absapar>
<absapar id=6>
  <w>Det</w>
  <w>är</w>
  <w>precis</w>
  <w>det</w>
  <w>Academedia</w>
  <w>gör</w>
  <w>.</w>
  <w>Vi</w>
  <w>ser</w>
  <w>det</w>
  <w>som</w>
  <w>ett</w>
  <w>sätt</w>
  <w>att</w>
  <w>skapa</w>
  <w>fler</w>
  <w>underlag</w>
  <w>för</w>
  <w>att</w>
  <w>ge</w>
  <w>läraren</w>
  <w>återkoppling</w>
  <w>på</w>
  <w>sin</w>
  <w>undervisning</w>
  <w>,</w>
  <w>något</w>
  <w>vi</w>
  <w>vet</w>
  <w>att</w>
  <w>svenska</w>
  <w>lärare</w>
  <w>får</w>
  <w>i</w>
  <w>rätt</w>
  <w>liten</w>
  <w>utsträckning</w>
  <w>.</w>
</absapar>
<absapar id=7>
  <w>Det</w>
  <w>här</w>
  <w>handlar</w>
  <w>alltså</w>
  <w>om</w>
  <w>att</w>
  <w>höja</w>
  <w>kvaliteten</w>
  <w>genom</w>
  <w>att</w>
  <w>utveckla</w>
  <w>undervisningen</w>
  <w>i</w>
  <w>varje</w>
  <w>klassrum</w>
  <w>.</w>
  <w>För</w>
  <w>att</w>
  <w>göra</w>
  <w>det</w>
  <w>är</w>
  <w>det</w>
  <w>viktigt</w>
  <w>att</w>
  <w>veta</w>
  <w>vad</w>
  <w>olika</w>
  <w>intressenter</w>
  <w>tycker</w>
  <w>.</w>
  <w>Eleverna</w>
  <w>är</w>
  <w>,</w>
  <w>och</w>
  <w>måste</w>
  <w>vara</w>
  <w>,</w>
  <w>en</w>
  <w>viktig</w>
  <w>grupp</w>
  <w>här</w>
  <w>och</w>
  <w>vi</w>
  <w>har</w>
  <w>stor</w>
  <w>tilltro</w>
  <w>till</w>
  <w>att</w>
  <absaspan id=11>
    <w>majoriteten</w>
    <w>av</w>
    <w>dem</w>
  </absaspan>
  <absaspan id=12 senti=4>
    <w>hanterar</w>
    <w>detta</w>
    <w>klokt</w>
  </absaspan>
  <w>.</w>
  <w>Samtidigt</w>
  <w>vet</w>
  <w>vi</w>
  <w>också</w>
  <w>att</w>
  <w>elever</w>
  <w>kan</w>
  <w>göra</w>
  <absaspan id=13 senti=2>
    <w>osakliga</w>
  </absaspan>
  <absaspan id=14>
    <w>värderingar</w>
    <w>av</w>
    <w>undervisningen</w>
  </absaspan>
  <w>av</w>
  <w>en</w>
  <w>mängd</w>
  <w>olika</w>
  <w>skäl</w>
  <w>,</w>
  <w>men</w>
  <w>medvetenheten</w>
  <w>om</w>
  <w>det</w>
  <w>gör</w>
  <w>det</w>
  <w>också</w>
  <w>möjligt</w>
  <w>för</w>
  <w>oss</w>
  <w>att</w>
  <w>kompensera</w>
  <w>för</w>
  <w>det</w>
  <w>.</w>
</absapar>
<absapar id=8>
  <w>Här</w>
  <w>kommer</w>
  <w>lärarnas</w>
  <w>,</w>
  <w>rektorernas</w>
  <w>,</w>
  <w>och</w>
  <w>kvalitetsansvarigas</w>
  <w>profession</w>
  <w>in</w>
  <w>,</w>
  <w>det</w>
  <w>är</w>
  <w>deras</w>
  <w>uppdrag</w>
  <w>att</w>
  <w>göra</w>
  <w>rätt</w>
  <w>analyser</w>
  <w>av</w>
  <w>all</w>
  <w>uppföljning</w>
  <w>som</w>
  <w>görs</w>
  <w>.</w>
</absapar>
<absapar id=9>
  <w>Skräddarsydda</w>
  <w>kurser</w>
  <w>i</w>
  <w>ämnen</w>
  <w>som</w>
  <w>intresserar</w>
  <w>och</w>
  <w>engagerar</w>
  <w>både</w>
  <w>kropp</w>
  <w>och</w>
  <w>själ</w>
  <w>.</w>
</absapar>
<absapar id=10>
  <w>*</w>
  <w>*</w>
  <w>Vad</w>
  <w>är</w>
  <w>det</w>
  <w>då</w>
  <w>vi</w>
  <w>har</w>
  <w>fattat</w>
  <w>*</w>
  <w>*</w>
  <w>för</w>
  <w>beslut</w>
  <w>?</w>
  <w>Academedia</w>
  <w>har</w>
  <w>beslutat</w>
  <w>att</w>
  <w>:</w>
  <w>.</w>
</absapar>
<absapar id=11>
  <w>Vi</w>
  <w>höjer</w>
  <w>alltså</w>
  <w>ambitionsnivån</w>
  <w>när</w>
  <w>det</w>
  <w>gäller</w>
  <w>uppföljning</w>
  <w>och</w>
  <w>utveckling</w>
  <w>av</w>
  <w>undervisningen</w>
  <w>.</w>
  <w>Många</w>
  <w>av</w>
  <w>gymnasieskolorna</w>
  <w>inom</w>
  <w>Academedia</w>
  <w>har</w>
  <w>genomfört</w>
  <absaspan id=15>
    <w>elevenkäter</w>
  </absaspan>
  <w>i</w>
  <w>flera</w>
  <w>år</w>
  <w>,</w>
  <w>och</w>
  <w>vi</w>
  <w>vet</w>
  <w>att</w>
  <absaspan id=16>
    <w>de</w>
  </absaspan>
  <absaspan id=17 senti=4>
    <w>fungerar</w>
  </absaspan>
  <w>.</w>
  <w>Nu</w>
  <w>kommer</w>
  <w>fler</w>
  <w>skolor</w>
  <w>inom</w>
  <w>koncernen</w>
  <w>att</w>
  <w>göra</w>
  <w>motsvarande</w>
  <w>–</w>
  <w>som</w>
  <w>en</w>
  <w>konsekvens</w>
  <w>av</w>
  <w>vårt</w>
  <w>krav</w>
  <w>på</w>
  <w>att</w>
  <w>alla</w>
  <w>på</w>
  <w>något</w>
  <w>sätt</w>
  <w>ska</w>
  <w>följa</w>
  <w>upp</w>
  <w>undervisningens</w>
  <w>kvalitet</w>
  <w>.</w>
  <w>Det</w>
  <w>betyder</w>
  <w>att</w>
  <w>en</w>
  <w>elev</w>
  <w>som</w>
  <w>börjar</w>
  <w>på</w>
  <w>en</w>
  <w>av</w>
  <w>Academedias</w>
  <w>grund</w>
  <w>-</w>
  <w>eller</w>
  <w>gymnasieskolor</w>
  <w>alltid</w>
  <w>kan</w>
  <w>utgå</w>
  <w>från</w>
  <w>att</w>
  <w>skolan</w>
  <w>har</w>
  <w>ett</w>
  <w>systematiskt</w>
  <w>kvalitets</w>
  <w>-</w>
  <w>och</w>
  <w>utvecklingsarbete</w>
  <w>där</w>
  <w>utvärdering</w>
  <w>av</w>
  <w>undervisningen</w>
  <w>är</w>
  <w>en</w>
  <w>central</w>
  <w>del</w>
  <w>.</w>
</absapar>
<absapar id=12>
  <w>De</w>
  <w>enkätfrågor</w>
  <w>som</w>
  <w>ställs</w>
  <w>till</w>
  <w>eleverna</w>
  <w>utgår</w>
  <w>i</w>
  <w>princip</w>
  <w>från</w>
  <w>lärarens</w>
  <w>uppdrag</w>
  <w>som</w>
  <w>det</w>
  <w>formuleras</w>
  <w>i</w>
  <w>läroplanen</w>
  <w>.</w>
  <w>Frågorna</w>
  <w>varierar</w>
  <w>något</w>
  <w>mellan</w>
  <w>olika</w>
  <w>verksamheter</w>
  <w>eftersom</w>
  <w>de</w>
  <w>som</w>
  <w>haft</w>
  <w>dessa</w>
  <w>enkäter</w>
  <w>i</w>
  <w>flera</w>
  <w>år</w>
  <w>vill</w>
  <w>kunna</w>
  <w>jämföra</w>
  <w>svaren</w>
  <w>bakåt</w>
  <w>i</w>
  <w>tiden</w>
  <w>.</w>
  <w>De</w>
  <w>frågor</w>
  <w>som</w>
  <w>den</w>
  <w>publicerade</w>
  <w>debattartikeln</w>
  <w>bygger</w>
  <w>på</w>
  <w>,</w>
  <w>bör</w>
  <w>vara</w>
  <w>dessa</w>
  <w>,</w>
  <w>som</w>
  <w>ställs</w>
  <w>på</w>
  <w>Academedias</w>
  <w>teoretiska</w>
  <w>gymnasieskolor</w>
  <w>:</w>
  <w>.</w>
</absapar>
<absapar id=13>
  <absaspan id=18>
    <w>Vi</w>
  </absaspan>
  <w>tycker</w>
  <absaspan id=19>
    <w>svaren</w>
    <w>på</w>
    <w>dessa</w>
    <w>frågor</w>
  </absaspan>
  <absaspan id=20 senti=4>
    <w>är</w>
    <w>viktiga</w>
  </absaspan>
  <w>.</w>
  <w>Sverige</w>
  <w>har</w>
  <w>en</w>
  <absaspan id=21 senti=2>
    <w>skolkris</w>
  </absaspan>
  <w>och</w>
  <absaspan id=22>
    <w>vi</w>
  </absaspan>
  <absaspan id=23>
    <w>vet</w>
    <w>att</w>
    <w>en</w>
    <w>av</w>
    <w>de</w>
    <w>viktigaste</w>
    <w>nycklarna</w>
    <w>för</w>
    <w>att</w>
    <w>vända</w>
    <w>resultaten</w>
    <w>är</w>
    <w>att</w>
    <w>utveckla</w>
    <w>undervisningen</w>
    <w>och</w>
    <w>därmed</w>
    <w>få</w>
    <w>allt</w>
    <w>fler</w>
    <w>elever</w>
    <w>att</w>
    <w>nå</w>
    <w>målen</w>
  </absaspan>
  <w>.</w>
  <absaspan id=24>
    <w>Det</w>
  </absaspan>
  <w>tror</w>
  <absaspan id=25>
    <w>vi</w>
  </absaspan>
  <absaspan id=26 senti=4>
    <w>är</w>
    <w>helt</w>
    <w>rätt</w>
    <w>väg</w>
    <w>att</w>
    <w>gå</w>
  </absaspan>
  <w>.</w>
</absapar>
<absapar id=14>
  <w>Ingela</w>
  <w>Gullberg</w>
  <w>.</w>
</absapar>
<absapar id=15>
  <w>kvalitetschef</w>
  <w>Academedia</w>
  <w>.</w>
</absapar>
<absapar id=16>
  <w>Martin</w>
  <w>Sandgren</w>
  <w>.</w>
</absapar>
<absapar id=17>
  <w>vice</w>
  <w>vd</w>
  <w>Academedia</w>
  <w>och</w>
  <w>chef</w>
  <w>för</w>
  <w>Academedias</w>
  <w>gymnasieskolor</w>
  <w>.</w>
</absapar>
<absapar id=18>
  <w>Lise-Lotte</w>
  <w>Oldmark</w>
  <w>.</w>
</absapar>
<absapar id=19>
  <w>HR-direktör</w>
  <w>Academedia</w>
  <w>.</w>
</absapar>
<absapar id=20>
  <w>Redaktör</w>
  <w>:</w>
  <w>Carina</w>
  <w>Stensson</w>
  <w>,</w>
  <w>Biträdande</w>
  <w>redaktör</w>
  <w>:</w>
  <w>Björn</w>
  <w>Jorner</w>
  <w>,</w>
  <w>Mejl</w>
  <w>:</w>
  <w>debatt</w>
  <w>@</w>
  <w>svd.se</w>
  <w>,</w>
  <w>Telefonnummer</w>
  <w>:</w>
  <w>08</w>
  <w>-</w>
  <w>135149</w>
  <w>,</w>
  <w>Twitter</w>
  <w>:</w>
  <w>@</w>
  <w>SvDDebatt</w>
  <w>,</w>
  <w>Facebook</w>
  <w>:</w>
  <w>SvD</w>
  <w>Debatt</w>
  <w>.</w>
</absapar>
</absadoc>
