<absadoc annotators=1 senti=>
<absatitle>
  <w>Supportersäsongen</w>
  <w>2015</w>
  <w>.</w>
</absatitle>
<absapar id=1>
  <w>Hade</w>
  <w>precis</w>
  <w>tänkt</w>
  <w>skriva</w>
  <w>ett</w>
  <w>inlägg</w>
  <w>i</w>
  <w>den</w>
  <w>nuvarande</w>
  <w>supportersäsongen-tråden</w>
  <w>när</w>
  <w>jag</w>
  <w>kom</w>
  <w>på</w>
  <w>att</w>
  <w>mitt</w>
  <w>inlägg</w>
  <w>jag</w>
  <w>hade</w>
  <w>tänkt</w>
  <w>skriva</w>
  <w>faktiskt</w>
  <w>handlar</w>
  <w>om</w>
  <w>säsongen</w>
  <w>2015</w>
  <w>,</w>
  <w>så</w>
  <w>lika</w>
  <w>bra</w>
  <w>att</w>
  <w>dra</w>
  <w>igång</w>
  <w>denna</w>
  <w>tråden</w>
  <w>då</w>
  <w>de</w>
  <w>enda</w>
  <w>tillkommande</w>
  <w>inläggen</w>
  <w>och</w>
  <w>diskussioner</w>
  <w>kommer</w>
  <w>att</w>
  <w>handla</w>
  <w>om</w>
  <w>just</w>
  <w>,</w>
  <w>2015</w>
  <w>.</w>
</absapar>
<absapar id=2>
  <w>#</w>
  <w>P</w>
  <w>IMM</w>
  <w>.</w>
  <absaspan id=1>
    <w>2015</w>
  </absaspan>
  <w>är</w>
  <w>ett</w>
  <absaspan id=2 senti=4>
    <w>väldigt</w>
    <w>intressant</w>
    <w>år</w>
  </absaspan>
  <w>,</w>
  <w>främst</w>
  <w>pga</w>
  <w>att</w>
  <w>Bajen</w>
  <w>går</w>
  <w>upp</w>
  <w>.</w>
  <w>Kommer</w>
  <w>ni</w>
  <w>(</w>
  <w>Bajen</w>
  <w>)</w>
  <w>fortsätta</w>
  <w>ha</w>
  <w>ett</w>
  <w>enormt</w>
  <w>publikpådrag</w>
  <w>?</w>
  <w>Kommer</w>
  <w>slaget</w>
  <w>om</w>
  <w>Söder</w>
  <w>blossa</w>
  <w>upp</w>
  <w>igen</w>
  <w>pga</w>
  <absaspan id=3>
    <w>Bajens</w>
    <w>plats</w>
    <w>i</w>
    <w>Allsvenskan</w>
  </absaspan>
  <w>och</w>
  <w>kommer</w>
  <absaspan id=4 senti=2>
    <w>AIK</w>
  </absaspan>
  <w>till</w>
  <w>följd</w>
  <w>av</w>
  <w>detta</w>
  <absaspan id=5 senti=2>
    <w>hamna</w>
  </absaspan>
  <absaspan id=6 senti=2>
    <w>lite</w>
    <w>i</w>
    <w>skymundan</w>
  </absaspan>
  <w>?</w>
  <w>.</w>
</absapar>
<absapar id=3>
  <w>Kommer</w>
  <w>AIK</w>
  <w>lyckas</w>
  <w>sälja</w>
  <w>lika</w>
  <w>många</w>
  <w>årskort</w>
  <w>även</w>
  <w>denna</w>
  <w>säsong</w>
  <w>?</w>
  <w>.</w>
</absapar>
<absapar id=4>
  <w>Tror</w>
  <w>ni</w>
  <w>i</w>
  <w>Malmös</w>
  <w>årskort</w>
  <w>säljas</w>
  <w>som</w>
  <w>smör</w>
  <w>nu</w>
  <w>,</w>
  <absaspan id=7 senti=4>
    <w>tack</w>
    <w>vare</w>
  </absaspan>
  <absaspan id=8>
    <w>framgångarna</w>
    <w>i</w>
    <w>Europa</w>
  </absaspan>
  <w>?</w>
  <w>.</w>
</absapar>
<absapar id=5>
  <w>Kommer</w>
  <w>de</w>
  <absaspan id=9 senti=2>
    <w>kontroversiella</w>
  </absaspan>
  <absaspan id=10>
    <w>politikdiskussionerna</w>
  </absaspan>
  <w>eskalera</w>
  <w>,</w>
  <w>avta</w>
  <w>eller</w>
  <w>till</w>
  <w>och</w>
  <w>med</w>
  <w>försvinna</w>
  <w>denna</w>
  <w>kommande</w>
  <w>säsong</w>
  <w>?</w>
  <w>.</w>
</absapar>
<absapar id=6>
  <w>Blir</w>
  <w>den</w>
  <absaspan id=11 senti=2>
    <w>allmänna</w>
    <w>repressionen</w>
  </absaspan>
  <w>mot</w>
  <absaspan id=12>
    <w>oss</w>
    <w>supportrar</w>
  </absaspan>
  <w>ovanligt</w>
  <w>påeldad</w>
  <w>av</w>
  <w>media</w>
  <w>och</w>
  <w>andra</w>
  <w>makthavare</w>
  <w>?</w>
  <w>.</w>
</absapar>
<absapar id=7>
  <w>För</w>
  <w>vår</w>
  <w>egen</w>
  <w>del</w>
  <absaspan id=13 senti=4>
    <w>tror</w>
  </absaspan>
  <w>jag</w>
  <w>det</w>
  <absaspan id=14 senti=4>
    <w>kan</w>
  </absaspan>
  <absaspan id=15 senti=4>
    <w>bli</w>
  </absaspan>
  <w>ett</w>
  <absaspan id=16>
    <w>roligt</w>
    <w>år</w>
  </absaspan>
  <w>.</w>
  <w>UG</w>
  <w>fyller</w>
  <w>10</w>
  <w>år</w>
  <w>och</w>
  <w>på</w>
  <w>läktaren</w>
  <w>tycker</w>
  <w>åtminstone</w>
  <w>jag</w>
  <w>att</w>
  <w>vi</w>
  <w>är</w>
  <w>på</w>
  <w>en</w>
  <w>,</w>
  <w>möjligen</w>
  <w>liten</w>
  <w>,</w>
  <w>men</w>
  <w>ändå</w>
  <w>på</w>
  <w>en</w>
  <absaspan id=17 senti=4>
    <w>uppåtgående</w>
  </absaspan>
  <absaspan id=18>
    <w>trend</w>
  </absaspan>
  <w>.</w>
</absapar>
<absapar id=8>
  <w>Vi</w>
  <w>avslutar</w>
  <w>vår</w>
  <w>försäsong</w>
  <w>med</w>
  <w>att</w>
  <w>möta</w>
  <w>FC</w>
  <w>Köpenhamn</w>
  <w>borta</w>
  <w>,</w>
  <w>den</w>
  <w>14</w>
  <w>februari</w>
  <w>.</w>
  <w>En</w>
  <absaspan id=19 senti=4>
    <w>riktigt</w>
    <w>rolig</w>
  </absaspan>
  <absaspan id=20>
    <w>match</w>
  </absaspan>
  <w>där</w>
  <w>jag</w>
  <w>dessutom</w>
  <w>tror</w>
  <w>att</w>
  <w>vi</w>
  <w>kan</w>
  <w>få</w>
  <w>ner</w>
  <w>en</w>
  <w>massa</w>
  <w>man</w>
  <w>.</w>
  <absaspan id=21 senti=4>
    <w>Hetsen</w>
  </absaspan>
  <w>till</w>
  <w>den</w>
  <absaspan id=22>
    <w>matchen</w>
  </absaspan>
  <absaspan id=23 senti=4>
    <w>är</w>
  </absaspan>
  <absaspan id=24 senti=4>
    <w>redan</w>
    <w>igång</w>
  </absaspan>
  <w>!</w>
  <w>.</w>
</absapar>
<absapar id=9>
  <w>Hur</w>
  <w>ser</w>
  <w>er</w>
  <w>försäsong</w>
  <w>ut</w>
  <w>?</w>
  <w>.</w>
</absapar>
</absadoc>
