<absadoc annotators=1 senti=>
<absatitle>
  <w>Omvänd</w>
  <w>rasism</w>
  <w>.</w>
  <w>Inte</w>
  <w>så</w>
  <w>många</w>
  <w>anmällningar</w>
  <w>enligt</w>
  <w>polisen</w>
  <w>.</w>
</absatitle>
<absapar id=1>
  <w>Lyssnade</w>
  <w>precis</w>
  <w>på</w>
  <w>radion</w>
  <w>där</w>
  <w>en</w>
  <w>polis</w>
  <w>diskuterade</w>
  <w>med</w>
  <w>programledaren</w>
  <w>om</w>
  <w>detta</w>
  <w>.</w>
</absapar>
<absapar id=2>
  <w>Programledaren</w>
  <w>sa</w>
  <w>ungefär</w>
  <w>så</w>
  <w>här</w>
  <w>.</w>
</absapar>
<absapar id=3>
  <w>Vilken</w>
  <w>rapport</w>
  <w>menar</w>
  <w>han</w>
  <w>?</w>
  <w>.</w>
</absapar>
<absapar id=4>
  <w>Enligt</w>
  <w>denna</w>
  <w>polisen</w>
  <w>så</w>
  <w>ska</w>
  <w>det</w>
  <w>alltså</w>
  <w>vara</w>
  <w>ovanligt</w>
  <w>med</w>
  <w>sådana</w>
  <w>anmälningar</w>
  <w>.</w>
  <w>Vad</w>
  <w>tror</w>
  <w>ni</w>
  <w>?</w>
  <w>.</w>
</absapar>
<absapar id=5>
  <w>Kan</w>
  <w>en</w>
  <w>svensk</w>
  <w>enbart</w>
  <w>vinna</w>
  <w>i</w>
  <w>ett</w>
  <w>hatbrottsfall</w>
  <w>eller</w>
  <w>/</w>
  <w>och</w>
  <w>hets</w>
  <w>mot</w>
  <w>folkgrupp</w>
  <w>?</w>
  <w>.</w>
</absapar>
<absapar id=6>
  <w>Ska</w>
  <w>se</w>
  <w>om</w>
  <w>jag</w>
  <w>kan</w>
  <w>hitta</w>
  <w>programmet</w>
  <w>från</w>
  <w>radio</w>
  <w>om</w>
  <w>en</w>
  <w>stund</w>
  <w>.</w>
</absapar>
<absapar id=7>
  <w>Edit</w>
  <w>:</w>
  <w>.</w>
</absapar>
<absapar id=8>
  <w>Tryck</w>
  <w>på</w>
  <w>den</w>
  <w>knappen</w>
  <w>"</w>
  <w>Många</w>
  <w>är</w>
  <w>chockade</w>
  <w>"</w>
  <w>och</w>
  <w>spola</w>
  <w>fram</w>
  <w>till</w>
  <w>02</w>
  <w>:</w>
  <w>20</w>
  <w>.</w>
</absapar>
</absadoc>
