<absadoc annotators=1 senti=3>
<absatitle>
  <w>Vad</w>
  <w>händer</w>
  <w>om</w>
  <w>en</w>
  <w>asylsökande</w>
  <w>får</w>
  <w>ihop</w>
  <w>det</w>
  <w>med</w>
  <w>en</w>
  <absaspan id=1 senti=2>
    <w>ful</w>
  </absaspan>
  <absaspan id=2>
    <w>Svenska</w>
  </absaspan>
  <w>?</w>
</absatitle>
<absapar id=1 senti=3>
  <w>Jag</w>
  <w>bor</w>
  <w>granne</w>
  <w>med</w>
  <w>en</w>
  <w>tjej</w>
  <w>45</w>
  <w>år</w>
  <w>runt</w>
  <w>120</w>
  <w>kg</w>
  <w>ingen</w>
  <w>kvinna</w>
  <w>som</w>
  <w>normalt</w>
  <w>träffar</w>
  <w>en</w>
  <w>man</w>
  <w>på</w>
  <w>nätet</w>
  <w>eller</w>
  <w>på</w>
  <w>krogen</w>
  <w>.</w>
  <w>Hon</w>
  <w>dejtar</w>
  <w>en</w>
  <w>mörk</w>
  <w>person</w>
  <w>som</w>
  <w>är</w>
  <w>asylsökande</w>
  <w>och</w>
  <w>är</w>
  <w>runt</w>
  <w>25</w>
  <w>år</w>
  <w>.</w>
</absapar>
<absapar id=2 senti=3>
  <w>Kan</w>
  <w>.</w>
</absapar>
<absapar id=3 senti=3>
  <w>få</w>
  <w>stanna</w>
  <w>i</w>
  <w>Sverige</w>
  <w>om</w>
  <w>dom</w>
  <w>gifter</w>
  <w>sig</w>
  <w>?</w>
  <w>Vill</w>
  <w>inte</w>
  <w>gå</w>
  <w>händelserna</w>
  <w>i</w>
  <w>förväg</w>
  <w>men</w>
  <w>han</w>
  <w>stannar</w>
  <w>nog</w>
  <w>inte</w>
  <w>kvar</w>
  <w>hos</w>
  <w>henne</w>
  <w>längre</w>
  <w>än</w>
  <w>nödvändigt</w>
  <w>kan</w>
  <w>jag</w>
  <w>tänka</w>
  <w>mig</w>
  <w>,</w>
  <w>hur</w>
  <w>länge</w>
  <w>måste</w>
  <w>han</w>
  <w>stå</w>
  <w>ut</w>
  <w>?</w>
  <w>.</w>
</absapar>
<absapar id=4>
  <w>Till</w>
  <w>sist</w>
  <w>varför</w>
  <w>går</w>
  <w>medelålderskvinnor</w>
  <w>på</w>
  <w>den</w>
  <w>lätta</w>
  <w>?</w>
  <w>.</w>
</absapar>
</absadoc>
