<absadoc annotators=1 senti=>
<absatitle>
  <w>Så</w>
  <w>här</w>
  <w>fixar</w>
  <w>ni</w>
  <w>turnén</w>
  <w>!</w>
  <w>.</w>
</absatitle>
<absapar id=1>
  <w>I</w>
  <w>går</w>
  <w>presenterade</w>
  <w>Centerpartiet</w>
  <w>att</w>
  <w>Linda</w>
  <w>Bengtzing</w>
  <w>åker</w>
  <w>på</w>
  <w>sommarturné</w>
  <w>med</w>
  <w>Maud</w>
  <w>Olofsson</w>
  <w>för</w>
  <w>att</w>
  <w>locka</w>
  <w>väljare</w>
  <w>med</w>
  <w>allsång</w>
  <w>och</w>
  <w>schlagerhits</w>
  <w>.</w>
  <w>Musik</w>
  <w>kombinerat</w>
  <w>med</w>
  <w>politik</w>
  <w>har</w>
  <w>en</w>
  <w>lång</w>
  <w>historia</w>
  <w>och</w>
  <w>Bengtzing</w>
  <w>är</w>
  <w>inte</w>
  <w>den</w>
  <w>enda</w>
  <w>som</w>
  <w>agerat</w>
  <w>dragplåster</w>
  <w>åt</w>
  <w>ett</w>
  <w>politiskt</w>
  <w>parti</w>
  <w>.</w>
  <w>Miss</w>
  <w>Li</w>
  <w>,</w>
  <w>Mange</w>
  <w>Schmidt</w>
  <w>,</w>
  <w>Moneybrother</w>
  <w>,</w>
  <w>The</w>
  <w>Knife</w>
  <w>och</w>
  <w>Robyn</w>
  <w>har</w>
  <w>också</w>
  <w>visat</w>
  <w>var</w>
  <w>de</w>
  <w>har</w>
  <w>sitt</w>
  <w>politiska</w>
  <w>hjärta</w>
  <w>.</w>
  <w>Som</w>
  <w>hjälp</w>
  <w>på</w>
  <w>traven</w>
  <w>har</w>
  <w>vi</w>
  <w>satt</w>
  <w>ihop</w>
  <w>fem</w>
  <w>råd</w>
  <w>till</w>
  <w>Linda</w>
  <w>Bengtzing</w>
  <w>och</w>
  <w>Maud</w>
  <w>Olofsson</w>
  <w>.</w>
</absapar>
<absapar id=2>
  <w>Bottna</w>
  <w>i</w>
  <w>det</w>
  <w>ni</w>
  <w>gör</w>
  <w>.</w>
</absapar>
<absapar id=3>
  <absaspan id=1>
    <w>Trovärdigheten</w>
  </absaspan>
  <absaspan id=2 senti=4>
    <w>är</w>
    <w>det</w>
    <w>viktigaste</w>
    <w>en</w>
    <w>politiker</w>
    <w>har</w>
  </absaspan>
  <w>,</w>
  <w>och</w>
  <w>därför</w>
  <w>gäller</w>
  <w>det</w>
  <w>att</w>
  <w>hitta</w>
  <absaspan id=3 senti=4>
    <w>trovärdiga</w>
    <w>och</w>
    <w>engagerade</w>
  </absaspan>
  <absaspan id=4>
    <w>samarbeten</w>
  </absaspan>
  <w>.</w>
  <w>Mange</w>
  <w>Schmidt</w>
  <w>har</w>
  <w>varit</w>
  <w>med</w>
  <w>och</w>
  <w>skrivit</w>
  <w>en</w>
  <w>kampanjlåt</w>
  <w>till</w>
  <w>Moderaterna</w>
  <w>.</w>
  <w>Med</w>
  <w>tidigare</w>
  <w>låttexter</w>
  <w>som</w>
  <w>”</w>
  <w>måste</w>
  <w>man</w>
  <w>jobba</w>
  <w>,</w>
  <w>jag</w>
  <w>vill</w>
  <w>bara</w>
  <w>softa</w>
  <w>,</w>
  <w>kan</w>
  <w>inte</w>
  <w>nån</w>
  <w>annan</w>
  <w>pröjsa</w>
  <w>mina</w>
  <w>räkningar</w>
  <w>”</w>
  <w>är</w>
  <w>kanske</w>
  <w>inte</w>
  <w>Mange</w>
  <w>Schmidt</w>
  <w>den</w>
  <w>första</w>
  <w>man</w>
  <w>tänker</w>
  <w>på</w>
  <w>för</w>
  <w>att</w>
  <w>lyfta</w>
  <w>fram</w>
  <w>Moderaternas</w>
  <w>fokus</w>
  <w>på</w>
  <w>”</w>
  <w>arbetslinjen</w>
  <w>”</w>
  <w>.</w>
  <w>Engagemang</w>
  <w>lyser</w>
  <w>igenom</w>
  <w>.</w>
  <w>Om</w>
  <w>ni</w>
  <w>tror</w>
  <w>på</w>
  <w>det</w>
  <w>ni</w>
  <w>gör</w>
  <w>och</w>
  <w>säger</w>
  <w>så</w>
  <w>kommer</w>
  <w>även</w>
  <w>andra</w>
  <w>att</w>
  <w>göra</w>
  <w>det</w>
  <w>.</w>
</absapar>
<absapar id=4>
  <w>Rätt</w>
  <w>låt</w>
  <w>vid</w>
  <w>rätt</w>
  <w>tillfälle</w>
  <w>.</w>
</absapar>
<absapar id=5>
  <w>Tänk</w>
  <w>igenom</w>
  <w>målgruppen</w>
  <w>.</w>
  <w>Vilka</w>
  <w>vill</w>
  <w>ni</w>
  <w>attrahera</w>
  <w>?</w>
  <w>Använd</w>
  <w>alltid</w>
  <w>samma</w>
  <w>grundbudskap</w>
  <w>men</w>
  <w>variera</w>
  <w>det</w>
  <w>beroende</w>
  <w>på</w>
  <w>vem</w>
  <w>det</w>
  <w>är</w>
  <w>som</w>
  <w>lyssnar</w>
  <w>.</w>
  <w>Det</w>
  <w>blir</w>
  <w>enklare</w>
  <w>att</w>
  <w>ta</w>
  <w>till</w>
  <w>sig</w>
  <w>budskapet</w>
  <w>för</w>
  <w>lyssnaren</w>
  <w>och</w>
  <w>risken</w>
  <w>för</w>
  <w>att</w>
  <w>trampa</w>
  <w>någon</w>
  <w>på</w>
  <w>tårna</w>
  <w>minskar</w>
  <w>.</w>
  <w>Linda</w>
  <w>Bengtzings</w>
  <w>”</w>
  <w>Jag</w>
  <w>ljuger</w>
  <w>så</w>
  <w>bra</w>
  <w>”</w>
  <w>fungerar</w>
  <w>inte</w>
  <w>lika</w>
  <w>bra</w>
  <w>i</w>
  <w>politiken</w>
  <w>som</w>
  <w>på</w>
  <w>Svensktoppen</w>
  <w>.</w>
</absapar>
<absapar id=6>
  <absaspan id=5 senti=2>
    <w>Se</w>
    <w>upp</w>
    <w>med</w>
  </absaspan>
  <absaspan id=6>
    <w>ironi</w>
  </absaspan>
  <w>.</w>
</absapar>
<absapar id=7>
  <w>Ironi</w>
  <w>fungerar</w>
  <w>sällan</w>
  <w>i</w>
  <w>politiken</w>
  <w>och</w>
  <w>kan</w>
  <w>lätt</w>
  <w>ge</w>
  <w>en</w>
  <w>känsla</w>
  <w>av</w>
  <w>att</w>
  <w>man</w>
  <w>står</w>
  <w>utanför</w>
  <w>.</w>
  <absaspan id=7>
    <w>Jan</w>
  </absaspan>
  <absaspan id=8>
    <w>Björklund</w>
  </absaspan>
  <w>visade</w>
  <w>nyligen</w>
  <w>upp</w>
  <w>sin</w>
  <w>Spotify-lista</w>
  <w>med</w>
  <absaspan id=9>
    <w>sin</w>
  </absaspan>
  <absaspan id=10 senti=4>
    <w>favoritmusik</w>
  </absaspan>
  <w>.</w>
  <w>Schlagerlåten</w>
  <w>”</w>
  <w>I</w>
  <w>Love</w>
  <w>Europe</w>
  <w>”</w>
  <w>med</w>
  <w>Christer</w>
  <w>Sjögren</w>
  <w>var</w>
  <w>en</w>
  <w>av</w>
  <w>dem</w>
  <w>.</w>
  <w>Vi</w>
  <w>är</w>
  <w>fortfarande</w>
  <w>förvirrade</w>
  <w>.</w>
  <w>Är</w>
  <w>han</w>
  <w>ironisk</w>
  <w>eller</w>
  <w>inte</w>
  <w>?</w>
  <w>Vi</w>
  <w>vet</w>
  <w>inte</w>
  <w>vad</w>
  <w>vi</w>
  <w>helst</w>
  <w>hoppas</w>
  <w>på</w>
  <w>.</w>
  <w>.</w>
  <w>.</w>
</absapar>
<absapar id=8>
  <w>Gör</w>
  <absaspan id=11>
    <w>det</w>
  </absaspan>
  <absaspan id=12 senti=4>
    <w>med</w>
    <w>stil</w>
  </absaspan>
  <w>.</w>
</absapar>
<absapar id=9>
  <w>Både</w>
  <w>musik</w>
  <w>och</w>
  <w>politik</w>
  <w>handlar</w>
  <w>om</w>
  <w>att</w>
  <w>förmedla</w>
  <w>en</w>
  <w>känsla</w>
  <w>.</w>
  <w>Håll</w>
  <w>er</w>
  <w>till</w>
  <w>ert</w>
  <w>budskap</w>
  <w>och</w>
  <w>sväva</w>
  <w>inte</w>
  <w>ut</w>
  <w>för</w>
  <w>mycket</w>
  <w>.</w>
  <w>Mikael</w>
  <w>Wiehe</w>
  <w>har</w>
  <w>nyligen</w>
  <w>gett</w>
  <w>sig</w>
  <w>ut</w>
  <w>på</w>
  <w>sommarturné</w>
  <w>–</w>
  <w>”</w>
  <w>Spank</w>
  <w>a</w>
  <w>Banker</w>
  <w>Tour</w>
  <w>”</w>
  <w>.</w>
  <absaspan id=13>
    <w>På</w>
    <w>affischen</w>
    <w>sitter</w>
    <w>Wiehe</w>
    <w>på</w>
    <w>en</w>
    <w>stol</w>
    <w>och</w>
    <w>piskar</w>
    <w>en</w>
    <w>bankman</w>
    <w>som</w>
    <w>ligger</w>
    <w>över</w>
    <w>hans</w>
    <w>knä</w>
    <w>med</w>
    <w>neddragna</w>
    <w>byxor</w>
  </absaspan>
  <w>.</w>
  <absaspan id=14 senti=2>
    <w>Inte</w>
    <w>lika</w>
    <w>stilfullt</w>
    <w>som</w>
    <w>tydligt</w>
  </absaspan>
  <w>.</w>
</absapar>
<absapar id=10>
  <w>Framgångssagan</w>
  <w>.</w>
</absapar>
<absapar id=11>
  <absaspan id=15>
    <w>Media</w>
  </absaspan>
  <absaspan id=16 senti=5>
    <w>älskar</w>
  </absaspan>
  <absaspan id=17>
    <w>framgångssagan</w>
  </absaspan>
  <w>.</w>
  <w>Våga</w>
  <w>utnyttja</w>
  <w>att</w>
  <w>ni</w>
  <w>båda</w>
  <w>är</w>
  <w>framgångsrika</w>
  <w>i</w>
  <w>era</w>
  <w>yrken</w>
  <w>och</w>
  <w>försök</w>
  <w>hitta</w>
  <w>synergieffekter</w>
  <w>.</w>
  <w>Går</w>
  <w>det</w>
  <w>ovanligt</w>
  <w>bra</w>
  <w>för</w>
  <w>er</w>
  <w>turné</w>
  <w>blir</w>
  <w>det</w>
  <w>också</w>
  <w>något</w>
  <w>för</w>
  <w>media</w>
  <w>att</w>
  <w>skriva</w>
  <w>om</w>
  <w>.</w>
  <w>När</w>
  <w>Benny</w>
  <w>Andersson</w>
  <w>gav</w>
  <w>en</w>
  <w>miljon</w>
  <w>kronor</w>
  <w>till</w>
  <w>Feministiskt</w>
  <w>Initiativ</w>
  <w>en</w>
  <w>vecka</w>
  <w>innan</w>
  <w>valet</w>
  <w>till</w>
  <w>Europaparlamentet</w>
  <w>fick</w>
  <w>det</w>
  <w>stor</w>
  <w>uppmärksamhet</w>
  <w>.</w>
  <w>Och</w>
  <w>FI</w>
  <w>fick</w>
  <w>sina</w>
  <w>högsta</w>
  <w>röstsiffror</w>
  <w>någonsin</w>
  <w>.</w>
</absapar>
<absapar id=12>
  <absaspan id=18 senti=4>
    <w>Huruvida</w>
    <w>det</w>
    <w>kommer</w>
    <w>att</w>
    <w>vara</w>
    <w>ett</w>
    <w>lyckokast</w>
  </absaspan>
  <absaspan id=19>
    <w>för</w>
    <w>Maud</w>
    <w>och</w>
    <w>Linda</w>
    <w>att</w>
    <w>åka</w>
    <w>på</w>
    <w>turné</w>
    <w>tillsammans</w>
    <w>och</w>
    <w>sjunga</w>
    <w>allsång</w>
  </absaspan>
  <w>återstår</w>
  <w>att</w>
  <w>se</w>
  <w>,</w>
  <w>men</w>
  <w>vi</w>
  <w>väntar</w>
  <w>med</w>
  <w>spänning</w>
  <w>.</w>
</absapar>
<absapar id=13>
  <w>Maria</w>
  <w>Hazard</w>
  <w>och</w>
  <w>Janna</w>
  <w>Sundewall</w>
  <w>.</w>
</absapar>
<absapar id=14>
  <w>Pr-konsulter</w>
  <w>på</w>
  <w>Westander</w>
  <w>.</w>
</absapar>
<absapar id=15>
  <w>FAKTA</w>
  <w>.</w>
</absapar>
</absadoc>
