<absadoc annotators=1 senti=>
<absatitle>
  <absaspan id=1>
    <w>Expo-David</w>
  </absaspan>
  <absaspan id=2>
    <w>tar</w>
    <w>årets</w>
    <w>bild</w>
  </absaspan>
  <w>-</w>
  <w>eller</w>
  <absaspan id=3 senti=2>
    <w>är</w>
  </absaspan>
  <absaspan id=4 refersto=1>
    <w>det</w>
  </absaspan>
  <absaspan id=5 senti=2>
    <w>fusk</w>
  </absaspan>
  <w>?</w>
</absatitle>
<absapar id=1>
  <w>Diverse</w>
  <w>vänsteraktivister</w>
  <w>var</w>
  <w>ju</w>
  <w>självfallet</w>
  <w>på</w>
  <w>plats</w>
  <w>när</w>
  <w>NMR</w>
  <w>tågade</w>
  <w>genom</w>
  <w>Borlänge</w>
  <w>,</w>
  <w>däribland</w>
  <w>dem</w>
  <w>David</w>
  <w>Lagerlöf</w>
  <w>från</w>
  <w>Expo</w>
  <w>.</w>
</absapar>
<absapar id=2>
  <w>Han</w>
  <w>lyckades</w>
  <w>där</w>
  <w>knäppa</w>
  <absaspan id=6>
    <w>en</w>
  </absaspan>
  <absaspan id=7>
    <w>uppdaterad</w>
    <w>version</w>
    <w>av</w>
    <w>den</w>
  </absaspan>
  <absaspan id=8 senti=4>
    <w>berömda</w>
  </absaspan>
  <absaspan id=9>
    <w>bilden</w>
  </absaspan>
  <absaspan id=10>
    <w>med</w>
    <w>"</w>
    <w>tanten</w>
    <w>med</w>
    <w>handväskan</w>
    <w>"</w>
  </absaspan>
  <absaspan id=11>
    <w>.</w>
  </absaspan>
  <w>Bilden</w>
  <w>sprids</w>
  <w>nu</w>
  <w>snabbt</w>
  <w>på</w>
  <w>sociala</w>
  <w>medier</w>
  <w>.</w>
</absapar>
<absapar id=3>
  <absaspan id=12>
    <w>Bilden</w>
  </absaspan>
  <absaspan id=13 senti=5>
    <w>är</w>
  </absaspan>
  <w>ju</w>
  <absaspan id=14 senti=5>
    <w>perfekt</w>
  </absaspan>
  <absaspan id=15 senti=5>
    <w>på</w>
    <w>många</w>
    <w>vis</w>
  </absaspan>
  <w>.</w>
  <w>En</w>
  <w>ung</w>
  <w>svart</w>
  <w>kvinna</w>
  <w>med</w>
  <w>rakat</w>
  <w>huvud</w>
  <w>står</w>
  <w>mitt</w>
  <w>i</w>
  <w>vägen</w>
  <w>för</w>
  <w>demonstrationståget</w>
  <w>med</w>
  <w>armen</w>
  <w>uppsträckt</w>
  <w>och</w>
  <w>med</w>
  <w>knuten</w>
  <w>näve</w>
  <w>.</w>
</absapar>
<absapar id=4>
  <w>#</w>
  <w>P</w>
  <w>IMM</w>
  <w>.</w>
  <w>"</w>
  <w>:</w>
  <w>Det</w>
  <w>här</w>
  <w>är</w>
  <w>ju</w>
  <w>ledargarnityret</w>
  <w>som</w>
  <w>går</w>
  <w>sakta</w>
  <w>fram</w>
  <w>mot</w>
  <w>henne</w>
  <w>och</w>
  <w>det</w>
  <w>ser</w>
  <w>ut</w>
  <w>som</w>
  <w>hennes</w>
  <w>och</w>
  <w>ledarens</w>
  <w>blickar</w>
  <w>möts</w>
  <w>,</w>
  <w>att</w>
  <w>de</w>
  <w>stirrar</w>
  <w>på</w>
  <w>varandra</w>
  <w>.</w>
  <w>När</w>
  <w>de</w>
  <w>är</w>
  <w>ganska</w>
  <w>nära</w>
  <w>varandra</w>
  <w>kommer</w>
  <w>polisen</w>
  <w>och</w>
  <w>puttar</w>
  <w>undan</w>
  <w>henne</w>
  <w>,</w>
  <w>berättar</w>
  <w>Lagerlöf</w>
  <w>om</w>
  <w>sina</w>
  <w>minnesbilder</w>
  <w>av</w>
  <w>hur</w>
  <w>det</w>
  <w>hela</w>
  <w>gick</w>
  <w>till</w>
  <w>.</w>
  <w>"</w>
  <w>.</w>
</absapar>
<absapar id=5>
  <w>Med</w>
  <w>andra</w>
  <w>ord</w>
  <w>så</w>
  <w>är</w>
  <w>bilden</w>
  <w>tagen</w>
  <w>ca</w>
  <w>1</w>
  <w>sekund</w>
  <w>innan</w>
  <w>"</w>
  <w>polisen</w>
  <w>puttar</w>
  <w>undan</w>
  <w>henne</w>
  <w>"</w>
  <w>då</w>
  <w>hon</w>
  <w>tycks</w>
  <w>stå</w>
  <w>på</w>
  <w>en</w>
  <w>armslängds</w>
  <w>avstånd</w>
  <w>från</w>
  <w>tåget</w>
  <w>.</w>
  <absaspan id=16 senti=4>
    <w>Bra</w>
  </absaspan>
  <absaspan id=17>
    <w>timing</w>
  </absaspan>
  <w>med</w>
  <w>andra</w>
  <w>ord</w>
  <w>.</w>
  <w>Och</w>
  <w>konstigt</w>
  <w>att</w>
  <w>ingen</w>
  <w>annan</w>
  <w>tidning</w>
  <w>reagerat</w>
  <w>på</w>
  <w>händelsen</w>
  <w>eller</w>
  <w>polisingripandet</w>
  <w>.</w>
</absapar>
<absapar id=6>
  <w>Ja</w>
  <w>,</w>
  <w>något</w>
  <w>säger</w>
  <w>mig</w>
  <w>att</w>
  <w>bilden</w>
  <w>är</w>
  <w>arrangerad</w>
  <w>.</w>
  <w>Symbolvärdet</w>
  <w>av</w>
  <w>den</w>
  <w>svarta</w>
  <w>kvinnan</w>
  <w>,</w>
  <w>liknelsen</w>
  <w>med</w>
  <w>det</w>
  <w>ikoniska</w>
  <w>handväskfotot</w>
  <w>samt</w>
  <w>inte</w>
  <w>minst</w>
  <w>för</w>
  <w>att</w>
  <w>det</w>
  <w>är</w>
  <w>Expo</w>
  <w>som</w>
  <w>står</w>
  <w>bakom</w>
  <w>.</w>
</absapar>
<absapar id=7>
  <w>Var</w>
  <w>någon</w>
  <w>på</w>
  <w>plats</w>
  <w>och</w>
  <w>såg</w>
  <w>detta</w>
  <w>?</w>
  <w>Vet</w>
  <w>någon</w>
  <w>vem</w>
  <w>kvinnan</w>
  <w>är</w>
  <w>?</w>
  <w>Är</w>
  <w>bilden</w>
  <w>ev</w>
  <w>.</w>
  <w>shoppad</w>
  <w>?</w>
  <w>.</w>
</absapar>
</absadoc>
