<absadoc annotators=1 senti=3>
<absatitle>
  <w>Bara</w>
  <w>acceptera</w>
  <w>kvotflyktingar</w>
  <w>?</w>
</absatitle>
<absapar id=1 senti=3>
  <w>Ju</w>
  <w>mer</w>
  <w>jag</w>
  <w>lär</w>
  <w>mig</w>
  <w>om</w>
  <w>flyktingströmmarna</w>
  <w>i</w>
  <w>världen</w>
  <w>,</w>
  <w>flyktingsmugglarna</w>
  <w>och</w>
  <absaspan id=1>
    <w>de</w>
    <w>som</w>
  </absaspan>
  <absaspan id=2 senti=2>
    <w>missbrukar</w>
    <w>asylrätten</w>
  </absaspan>
  <w>,</w>
  <w>desto</w>
  <w>mer</w>
  <w>förvånad</w>
  <w>blir</w>
  <w>jag</w>
  <w>över</w>
  <w>att</w>
  <w>Sverige</w>
  <w>inte</w>
  <w>vägrar</w>
  <w>ta</w>
  <w>emot</w>
  <w>några</w>
  <w>andra</w>
  <w>än</w>
  <w>kvotflyktingarna</w>
  <w>.</w>
</absapar>
<absapar id=2 senti=3>
  <absaspan id=3>
    <w>Det</w>
  </absaspan>
  <absaspan id=4 senti=4>
    <w>är</w>
    <w>,</w>
    <w>ur</w>
    <w>alla</w>
    <w>avseenden</w>
    <w>bättre</w>
  </absaspan>
  <w>.</w>
  <w>För</w>
  <w>alla</w>
  <w>.</w>
</absapar>
<absapar id=3 senti=3>
  <w>(</w>
  <w>En</w>
  <w>kvotflykting</w>
  <w>är</w>
  <w>en</w>
  <w>som</w>
  <w>i</w>
  <w>flyktingläger</w>
  <w>väljs</w>
  <w>ut</w>
  <w>av</w>
  <w>FN</w>
  <w>:</w>
  <w>s</w>
  <w>flyktingorgan</w>
  <w>(</w>
  <w>UNHCR</w>
  <w>)</w>
  <w>och</w>
  <w>som</w>
  <w>söker</w>
  <w>asyl</w>
  <w>på</w>
  <w>plats</w>
  <w>.</w>
  <w>De</w>
  <w>som</w>
  <w>blir</w>
  <w>uttagna</w>
  <w>får</w>
  <w>ofta</w>
  <w>lära</w>
  <w>sig</w>
  <w>om</w>
  <w>Sverige</w>
  <w>där</w>
  <w>och</w>
  <w>när</w>
  <w>de</w>
  <w>kommer</w>
  <w>hit</w>
  <w>placeras</w>
  <w>de</w>
  <w>genast</w>
  <w>ut</w>
  <w>i</w>
  <w>en</w>
  <w>kommun</w>
  <w>och</w>
  <w>kan</w>
  <w>börja</w>
  <w>sitt</w>
  <w>liv</w>
  <w>)</w>
  <w>.</w>
</absapar>
<absapar id=4 senti=3>
  <w>Ur</w>
  <w>rättvisesynpunkt</w>
  <w>-</w>
  <w>hur</w>
  <w>många</w>
  <absaspan id=5>
    <w>flyktingar</w>
  </absaspan>
  <w>har</w>
  <w>råd</w>
  <w>att</w>
  <w>betala</w>
  <w>för</w>
  <w>resan</w>
  <w>till</w>
  <w>Sverige</w>
  <w>?</w>
  <w>.</w>
</absapar>
<absapar id=5 senti=3>
  <absaspan id=6>
    <w>De</w>
    <w>flesta</w>
  </absaspan>
  <absaspan id=7 senti=4>
    <w>klarar</w>
    <w>av</w>
  </absaspan>
  <w>att</w>
  <w>ta</w>
  <w>sig</w>
  <w>till</w>
  <w>ett</w>
  <w>flyktingläger</w>
  <w>i</w>
  <w>närheten</w>
  <w>.</w>
</absapar>
<absapar id=6 senti=3>
  <w>Ur</w>
  <w>rättssynpunkt</w>
  <w>-</w>
  <w>hur</w>
  <w>många</w>
  <w>klarar</w>
  <w>av</w>
  <w>att</w>
  <w>ta</w>
  <w>sig</w>
  <w>till</w>
  <w>Sverige</w>
  <w>på</w>
  <w>laglig</w>
  <w>väg</w>
  <w>?</w>
  <w>.</w>
</absapar>
<absapar id=7 senti=3>
  <w>Om</w>
  <w>inga</w>
  <w>blev</w>
  <w>prövade</w>
  <w>här</w>
  <w>,</w>
  <w>skulle</w>
  <w>alla</w>
  <w>flyktingsmugglare</w>
  <w>få</w>
  <w>byta</w>
  <w>jobb</w>
  <w>och</w>
  <w>en</w>
  <w>miljonindustri</w>
  <w>skrotas</w>
  <w>.</w>
</absapar>
<absapar id=8 senti=4>
  <w>Ur</w>
  <w>genussynpunkt</w>
  <w>-</w>
  <w>idag</w>
  <w>kommer</w>
  <w>nästan</w>
  <w>enbart</w>
  <w>män</w>
  <w>.</w>
  <w>De</w>
  <w>kan</w>
  <w>sedan</w>
  <w>hämta</w>
  <w>hit</w>
  <w>"</w>
  <w>sina</w>
  <w>"</w>
  <w>kvinnor</w>
  <w>.</w>
  <w>Ensamstående</w>
  <w>kvinnor</w>
  <w>har</w>
  <w>inte</w>
  <w>en</w>
  <w>chans</w>
  <w>.</w>
</absapar>
<absapar id=9 senti=4>
  <w>Ur</w>
  <w>samhällssynpunkt</w>
  <w>-</w>
  <w>få</w>
  <w>protesterar</w>
  <w>om</w>
  <w>människor</w>
  <w>från</w>
  <w>flyktingläger</w>
  <w>kommer</w>
  <w>hit</w>
  <w>.</w>
  <w>De</w>
  <w>är</w>
  <w>alldeles</w>
  <w>uppenbart</w>
  <w>skyddsbehövande</w>
  <w>.</w>
</absapar>
<absapar id=10 senti=3>
  <w>Idag</w>
  <w>kommer</w>
  <w>de</w>
  <w>som</w>
  <w>har</w>
  <w>råd</w>
  <w>och</w>
  <w>som</w>
  <w>har</w>
  <w>kriminella</w>
  <w>kontakter</w>
  <w>-</w>
  <w>inte</w>
  <w>de</w>
  <w>som</w>
  <w>bäst</w>
  <w>behöver</w>
  <w>skydd</w>
  <w>,</w>
  <w>vilket</w>
  <w>gör</w>
  <w>att</w>
  <absaspan id=8 senti=1>
    <w>invandrarfientligheten</w>
  </absaspan>
  <w>sprider</w>
  <w>sig</w>
  <w>som</w>
  <w>en</w>
  <w>löpeld</w>
  <w>,</w>
  <w>liksom</w>
  <absaspan id=9>
    <w>folks</w>
  </absaspan>
  <absaspan id=10 senti=2>
    <w>misstroende</w>
    <w>för</w>
  </absaspan>
  <absaspan id=11>
    <w>politikerna</w>
  </absaspan>
  <w>.</w>
</absapar>
<absapar id=11 senti=3>
  <absaspan id=12>
    <w>Det</w>
  </absaspan>
  <absaspan id=13 senti=5>
    <w>är</w>
    <w>ett</w>
  </absaspan>
  <absaspan id=14 senti=5>
    <w>utmärkt</w>
  </absaspan>
  <absaspan id=15 senti=5>
    <w>sätt</w>
  </absaspan>
  <w>för</w>
  <w>Sverige</w>
  <w>att</w>
  <w>"</w>
  <w>rädda</w>
  <w>ansiktet</w>
  <w>"</w>
  <w>-</w>
  <w>våra</w>
  <w>politiker</w>
  <w>kan</w>
  <w>fortsätta</w>
  <w>stoltsera</w>
  <w>med</w>
  <absaspan id=16>
    <w>den</w>
  </absaspan>
  <absaspan id=17>
    <w>svenska</w>
    <w>invandringspolitiken</w>
  </absaspan>
  <w>(</w>
  <w>trots</w>
  <w>att</w>
  <absaspan id=18>
    <w>den</w>
  </absaspan>
  <absaspan id=19 senti=1>
    <w>suger</w>
  </absaspan>
  <w>och</w>
  <absaspan id=20 senti=1>
    <w>är</w>
    <w>kass</w>
  </absaspan>
  <w>i</w>
  <w>jämföelse</w>
  <w>med</w>
  <w>flera</w>
  <w>andra</w>
  <w>EU-länders</w>
  <w>-</w>
  <w>inte</w>
  <w>minst</w>
  <w>vad</w>
  <w>gäller</w>
  <absaspan id=21>
    <w>sjukvården</w>
    <w>som</w>
  </absaspan>
  <absaspan id=22 senti=1>
    <w>är</w>
    <w>under</w>
    <w>all</w>
    <w>kritik</w>
  </absaspan>
  <w>)</w>
  <w>.</w>
</absapar>
<absapar id=12 senti=4>
  <absaspan id=23>
    <w>Vi</w>
  </absaspan>
  <absaspan id=24 senti=4>
    <w>kan</w>
    <w>hjälpa</w>
    <w>människor</w>
    <w>som</w>
    <w>verkligen</w>
    <w>behöver</w>
    <w>hjälp</w>
  </absaspan>
  <w>och</w>
  <w>vi</w>
  <w>kan</w>
  <w>dra</w>
  <w>undan</w>
  <w>mattan</w>
  <w>för</w>
  <w>ligisterna</w>
  <w>.</w>
</absapar>
<absapar id=13 senti=3>
  <w>Varför</w>
  <w>i</w>
  <w>hela</w>
  <w>friden</w>
  <w>tar</w>
  <w>inte</w>
  <w>Sverige</w>
  <w>emot</w>
  <w>fler</w>
  <w>kvotisar</w>
  <w>och</w>
  <w>färre</w>
  <w>som</w>
  <w>kommer</w>
  <w>hit</w>
  <w>?</w>
  <w>.</w>
</absapar>
</absadoc>
