<absadoc annotators=1 senti=3>
<absatitle>
  <absaspan id=1>
    <w>Hannah</w>
  </absaspan>
  <absaspan id=2 senti=2 target=1>
    <w>är</w>
    <w>okunnig</w>
  </absaspan>
  <w>om</w>
  <w>reglerna</w>
  <w>för</w>
  <w>asyl</w>
  <w>.</w>
</absatitle>
<absapar id=1>
  <w>I</w>
  <w>en</w>
  <w>debattartikel</w>
  <w>i</w>
  <w>(</w>
  <w>11</w>
  <w>/</w>
  <w>9</w>
  <w>)</w>
  <absaspan id=3 senti=2>
    <w>vänder</w>
    <w>sig</w>
  </absaspan>
  <absaspan id=4>
    <w>Robert</w>
    <w>Hannah</w>
  </absaspan>
  <w>(</w>
  <w>FP</w>
  <w>)</w>
  <absaspan id=5 senti=2>
    <w>starkt</w>
  </absaspan>
  <absaspan id=6 senti=2>
    <w>emot</w>
  </absaspan>
  <absaspan id=7>
    <w>Migrationsverkets</w>
    <w>sätt</w>
    <w>att</w>
    <w>handlägga</w>
    <w>asylärenden</w>
    <w>kopplade</w>
    <w>till</w>
    <w>den</w>
    <w>kristna</w>
    <w>minoriteten</w>
    <w>i</w>
    <w>Irak</w>
  </absaspan>
  <w>.</w>
  <absaspan id=8>
    <w>Hannah</w>
  </absaspan>
  <w>säger</w>
  <w>bland</w>
  <w>annat</w>
  <w>att</w>
  <w>det</w>
  <absaspan id=9 senti=2>
    <w>är</w>
    <w>en</w>
    <w>skam</w>
  </absaspan>
  <w>för</w>
  <w>Sverige</w>
  <absaspan id=10>
    <w>att</w>
    <w>inte</w>
    <w>bevilja</w>
    <w>samtliga</w>
    <w>kristna</w>
    <w>irakier</w>
    <w>asyl</w>
    <w>i</w>
    <w>Sverige</w>
  </absaspan>
  <w>.</w>
  <absaspan id=11>
    <w>Vidare</w>
  </absaspan>
  <absaspan id=12>
    <w>påstår</w>
  </absaspan>
  <absaspan id=13>
    <w>Hannah</w>
  </absaspan>
  <absaspan id=14>
    <w>att</w>
  </absaspan>
  <absaspan id=15>
    <w>Migrationsverket</w>
  </absaspan>
  <absaspan id=16 senti=1>
    <w>bryter</w>
    <w>mot</w>
    <w>mänskliga</w>
    <w>rättigheter</w>
  </absaspan>
  <w>.</w>
  <absaspan id=17>
    <w>Det</w>
  </absaspan>
  <absaspan id=18 senti=1>
    <w>är</w>
    <w>allvarliga</w>
    <w>anklagelser</w>
  </absaspan>
  <w>.</w>
</absapar>
<absapar id=2 senti=3>
  <w>Det</w>
  <w>är</w>
  <w>i</w>
  <w>sig</w>
  <absaspan id=19 senti=3>
    <w>inte</w>
    <w>ovanligt</w>
  </absaspan>
  <absaspan id=20>
    <w>att</w>
  </absaspan>
  <absaspan id=21 senti=2>
    <w>kritik</w>
    <w>riktas</w>
  </absaspan>
  <absaspan id=22>
    <w>mot</w>
  </absaspan>
  <absaspan id=23>
    <w>det</w>
    <w>sätt</w>
    <w>Migrationsverket</w>
    <w>och</w>
    <w>domstolar</w>
    <w>tillämpar</w>
    <w>den</w>
    <w>lagstiftning</w>
    <w>en</w>
    <w>enig</w>
    <w>riksdag</w>
    <w>beslutade</w>
    <w>om</w>
    <w>2005</w>
  </absaspan>
  <absaspan id=24>
    <w>.</w>
  </absaspan>
  <w>Vad</w>
  <w>som</w>
  <w>däremot</w>
  <absaspan id=25 senti=2>
    <w>är</w>
    <w>både</w>
    <w>ovanligt</w>
    <w>och</w>
    <w>bekymmersamt</w>
  </absaspan>
  <w>är</w>
  <absaspan id=26>
    <w>när</w>
    <w>man</w>
    <w>från</w>
    <w>politiskt</w>
    <w>håll</w>
    <w>ger</w>
    <w>sig</w>
    <w>ut</w>
    <w>i</w>
    <w>debatten</w>
    <w>utan</w>
    <w>kunskap</w>
    <w>om</w>
    <w>gällande</w>
    <w>regelverk</w>
  </absaspan>
  <w>.</w>
</absapar>
<absapar id=3 senti=3>
  <absaspan id=27>
    <w>Migrationsverket</w>
  </absaspan>
  <w>har</w>
  <w>sedan</w>
  <w>2009</w>
  <absaspan id=28 senti=4>
    <w>riktat</w>
    <w>särskild</w>
    <w>uppmärksamhet</w>
  </absaspan>
  <w>mot</w>
  <absaspan id=29>
    <w>situationen</w>
    <w>för</w>
    <w>minoriteter</w>
    <w>,</w>
    <w>däribland</w>
    <w>kristna</w>
    <w>,</w>
    <w>i</w>
    <w>Irak</w>
  </absaspan>
  <w>.</w>
  <w>Sommarens</w>
  <w>händelser</w>
  <w>i</w>
  <w>norra</w>
  <w>Irak</w>
  <w>accentuerar</w>
  <w>behovet</w>
  <w>av</w>
  <w>skydd</w>
  <w>för</w>
  <w>minoriteter</w>
  <w>än</w>
  <w>mer</w>
  <w>.</w>
  <w>Genom</w>
  <w>två</w>
  <w>rättsliga</w>
  <w>kommentarer</w>
  <w>under</w>
  <w>sommaren</w>
  <w>konstaterar</w>
  <w>vi</w>
  <w>att</w>
  <w>det</w>
  <w>råder</w>
  <w>en</w>
  <w>inre</w>
  <w>väpnad</w>
  <w>konflikt</w>
  <w>i</w>
  <w>fyra</w>
  <w>provinser</w>
  <w>i</w>
  <w>de</w>
  <w>västra</w>
  <w>och</w>
  <w>norra</w>
  <w>delarna</w>
  <w>av</w>
  <w>landet</w>
  <w>.</w>
</absapar>
<absapar id=4 senti=3>
  <absaspan id=30>
    <w>Situationen</w>
    <w>för</w>
    <w>kristna</w>
    <w>och</w>
    <w>andra</w>
    <w>minoriteter</w>
    <w>som</w>
    <w>kommer</w>
    <w>från</w>
    <w>de</w>
    <w>mest</w>
    <w>drabbade</w>
    <w>provinserna</w>
    <w>i</w>
    <w>Irak</w>
  </absaspan>
  <absaspan id=31 senti=2>
    <w>är</w>
    <w>så</w>
    <w>allvarligt</w>
  </absaspan>
  <w>att</w>
  <w>de</w>
  <w>inte</w>
  <w>kan</w>
  <w>återvända</w>
  <w>dit</w>
  <w>eftersom</w>
  <w>de</w>
  <absaspan id=32 senti=2>
    <w>riskerar</w>
  </absaspan>
  <absaspan id=33>
    <w>att</w>
    <w>förföljas</w>
    <w>eller</w>
    <w>dödas</w>
  </absaspan>
  <w>.</w>
  <w>Men</w>
  <w>våldet</w>
  <w>sträcker</w>
  <w>sig</w>
  <w>inte</w>
  <w>över</w>
  <w>hela</w>
  <w>landet</w>
  <w>.</w>
</absapar>
<absapar id=5 senti=3>
  <w>Migrationsverket</w>
  <w>är</w>
  <w>som</w>
  <w>rättstillämpare</w>
  <w>skyldiga</w>
  <w>att</w>
  <w>följa</w>
  <w>gällande</w>
  <w>rätt</w>
  <w>.</w>
  <w>Av</w>
  <w>både</w>
  <w>nationell</w>
  <w>och</w>
  <w>internationell</w>
  <w>rätt</w>
  <w>följer</w>
  <w>att</w>
  <w>nationellt</w>
  <w>skydd</w>
  <w>går</w>
  <w>före</w>
  <w>internationellt</w>
  <w>skydd</w>
  <w>,</w>
  <w>det</w>
  <w>så</w>
  <w>kallade</w>
  <w>internflyktsalternativet</w>
  <w>.</w>
  <w>Denna</w>
  <w>ordning</w>
  <w>har</w>
  <w>också</w>
  <w>bekräftats</w>
  <w>av</w>
  <w>Europadomstolen</w>
  <w>för</w>
  <w>mänskliga</w>
  <w>rättigheter</w>
  <w>som</w>
  <w>under</w>
  <w>2013</w>
  <w>avgjort</w>
  <w>ett</w>
  <w>flertal</w>
  <w>ärenden</w>
  <w>som</w>
  <w>gäller</w>
  <w>kristna</w>
  <w>från</w>
  <w>Irak</w>
  <w>.</w>
  <w>I</w>
  <w>Migrationsverkets</w>
  <w>riktlinjer</w>
  <w>framgår</w>
  <w>tydligt</w>
  <w>att</w>
  <w>det</w>
  <w>inre</w>
  <w>flyktalternativet</w>
  <w>ska</w>
  <w>användas</w>
  <w>restriktivt</w>
  <w>och</w>
  <w>endast</w>
  <w>om</w>
  <w>det</w>
  <w>ger</w>
  <w>relevant</w>
  <w>skydd</w>
  <w>och</w>
  <w>framförallt</w>
  <w>om</w>
  <w>det</w>
  <w>är</w>
  <w>rimligt</w>
  <w>för</w>
  <w>människan</w>
  <w>att</w>
  <w>uppehålla</w>
  <w>sig</w>
  <w>där</w>
  <w>.</w>
  <w>Det</w>
  <w>ska</w>
  <w>vara</w>
  <w>de</w>
  <w>individuella</w>
  <w>förutsättningarna</w>
  <w>i</w>
  <w>ärendet</w>
  <w>som</w>
  <w>är</w>
  <w>avgörande</w>
  <w>för</w>
  <w>om</w>
  <w>ett</w>
  <w>internflyktalternativ</w>
  <w>är</w>
  <w>rimligt</w>
  <w>.</w>
  <w>Ålder</w>
  <w>,</w>
  <w>kön</w>
  <w>och</w>
  <w>hälsotillstånd</w>
  <w>är</w>
  <w>några</w>
  <w>faktorer</w>
  <w>som</w>
  <w>är</w>
  <w>avgörande</w>
  <w>i</w>
  <w>denna</w>
  <w>bedömning</w>
  <w>men</w>
  <w>också</w>
  <w>omständigheter</w>
  <w>som</w>
  <w>om</w>
  <w>den</w>
  <w>enskilde</w>
  <w>har</w>
  <w>någon</w>
  <w>anknytning</w>
  <w>till</w>
  <w>området</w>
  <w>,</w>
  <w>till</w>
  <w>exempel</w>
  <w>genom</w>
  <w>anhöriga</w>
  <w>eller</w>
  <w>vänner</w>
  <w>.</w>
</absapar>
<absapar id=6 senti=3>
  <w>Mot</w>
  <w>bakgrund</w>
  <w>av</w>
  <w>den</w>
  <w>stora</w>
  <w>gruppen</w>
  <w>internflyktingar</w>
  <w>i</w>
  <w>Irak</w>
  <w>och</w>
  <w>därmed</w>
  <w>det</w>
  <w>ökade</w>
  <w>trycket</w>
  <w>på</w>
  <w>myndigheterna</w>
  <w>i</w>
  <w>KRI</w>
  <w>är</w>
  <w>det</w>
  <w>särskilt</w>
  <w>den</w>
  <w>humanitära</w>
  <w>situationen</w>
  <w>i</w>
  <w>det</w>
  <w>enskilda</w>
  <w>fallet</w>
  <w>som</w>
  <w>nu</w>
  <w>blir</w>
  <w>central</w>
  <w>i</w>
  <w>denna</w>
  <w>bedömning</w>
  <w>.</w>
  <w>Dessa</w>
  <w>bedömningar</w>
  <w>har</w>
  <w>resulterat</w>
  <w>i</w>
  <w>att</w>
  <w>majoriteten</w>
  <w>av</w>
  <w>irakierna</w>
  <w>i</w>
  <w>dagsläget</w>
  <w>beviljas</w>
  <w>asyl</w>
  <w>.</w>
  <w>För</w>
  <w>att</w>
  <w>bevilja</w>
  <w>samtliga</w>
  <w>kristna</w>
  <w>irakier</w>
  <w>,</w>
  <w>från</w>
  <w>alla</w>
  <w>delar</w>
  <w>av</w>
  <w>landet</w>
  <w>,</w>
  <w>asyl</w>
  <w>i</w>
  <w>Sverige</w>
  <w>krävs</w>
  <w>att</w>
  <w>hotbilden</w>
  <w>skulle</w>
  <w>sträcka</w>
  <w>sig</w>
  <w>över</w>
  <w>hela</w>
  <w>landet</w>
  <w>vilken</w>
  <w>den</w>
  <w>inte</w>
  <w>gör</w>
  <w>.</w>
  <w>Om</w>
  <w>det</w>
  <w>blir</w>
  <w>så</w>
  <w>vet</w>
  <w>vi</w>
  <w>inte</w>
  <w>,</w>
  <w>just</w>
  <w>nu</w>
  <w>förefaller</w>
  <w>det</w>
  <w>inte</w>
  <w>troligt</w>
  <w>,</w>
  <w>men</w>
  <w>vi</w>
  <w>följer</w>
  <w>utvecklingen</w>
  <w>i</w>
  <w>Irak</w>
  <w>mycket</w>
  <w>noggrant</w>
  <w>.</w>
</absapar>
<absapar id=7 senti=3>
  <w>Viktigt</w>
  <w>att</w>
  <w>komma</w>
  <w>ihåg</w>
  <w>är</w>
  <w>att</w>
  <w>alla</w>
  <w>asylsökande</w>
  <w>har</w>
  <w>vid</w>
  <w>ett</w>
  <w>avslag</w>
  <w>rätt</w>
  <w>att</w>
  <w>få</w>
  <w>sin</w>
  <w>sak</w>
  <w>prövad</w>
  <w>av</w>
  <w>svensk</w>
  <w>domstol</w>
  <w>.</w>
  <w>I</w>
  <w>de</w>
  <w>fall</w>
  <w>domstolen</w>
  <w>kommer</w>
  <w>till</w>
  <w>en</w>
  <w>annan</w>
  <w>slutsats</w>
  <w>i</w>
  <w>fråga</w>
  <w>om</w>
  <w>skyddsbehov</w>
  <w>ändras</w>
  <w>Migrationsverkets</w>
  <w>beslut</w>
  <w>.</w>
</absapar>
<absapar id=8>
  <w>Carl</w>
  <w>Bexelius</w>
  <w>.</w>
</absapar>
<absapar id=9>
  <w>Biträdande</w>
  <w>rättschef</w>
  <w>,</w>
  <w>Migrationsverket</w>
  <w>.</w>
</absapar>
<absapar id=10>
  <w>FAKTA</w>
  <w>.</w>
</absapar>
</absadoc>
