<absadoc annotators=1 senti=>
<absatitle>
  <w>Utländsk</w>
  <w>militär</w>
  <w>på</w>
  <w>väg</w>
  <w>att</w>
  <w>lämna</w>
  <w>Afghanistan</w>
  <w>.</w>
</absatitle>
<absapar id=1>
  <w>I</w>
  <w>ett</w>
  <w>tal</w>
  <w>idag</w>
  <w>tillkännagav</w>
  <w>den</w>
  <w>afghanske</w>
  <w>presidenten</w>
  <w>att</w>
  <w>den</w>
  <w>utländska</w>
  <w>militära</w>
  <w>närvaron</w>
  <w>ska</w>
  <w>börja</w>
  <w>avvecklas</w>
  <w>.</w>
  <w>Ett</w>
  <w>av</w>
  <w>områdena</w>
  <w>är</w>
  <w>det</w>
  <w>där</w>
  <w>Sverige</w>
  <w>har</w>
  <w>närvaro</w>
  <w>.</w>
  <w>Det</w>
  <w>är</w>
  <w>nu</w>
  <absaspan id=1 senti=3>
    <w>avgörande</w>
    <w>för</w>
    <w>Afghanistans</w>
    <w>framtid</w>
  </absaspan>
  <absaspan id=2>
    <w>hur</w>
    <w>överlämningen</w>
    <w>genomförs</w>
  </absaspan>
  <w>och</w>
  <absaspan id=3>
    <w>att</w>
    <w>det</w>
    <w>afghanska</w>
    <w>rättsväsendet</w>
    <w>får</w>
    <w>stöd</w>
  </absaspan>
  <w>,</w>
  <w>skriver</w>
  <absaspan id=4>
    <w>Peter</w>
    <w>Brune</w>
  </absaspan>
  <w>,</w>
  <w>generalsekreterare</w>
  <w>,</w>
  <w>Svenska</w>
  <w>Afghanistankommittén</w>
  <w>.</w>
</absapar>
<absapar id=2>
  <w>Ett</w>
  <w>decennium</w>
  <w>har</w>
  <w>snart</w>
  <w>gått</w>
  <w>sedan</w>
  <w>11</w>
  <w>-</w>
  <w>september-attackerna</w>
  <w>.</w>
  <w>Några</w>
  <w>veckor</w>
  <w>senare</w>
  <w>invaderade</w>
  <w>amerikanska</w>
  <w>trupper</w>
  <w>Afghanistan</w>
  <w>,</w>
  <w>på</w>
  <w>jakt</w>
  <w>efter</w>
  <absaspan id=5>
    <w>Usama</w>
    <w>bin</w>
    <w>Laden</w>
  </absaspan>
  <w>,</w>
  <absaspan id=6 senti=1>
    <w>hjärnan</w>
    <w>bakom</w>
    <w>de</w>
    <w>vedervärdiga</w>
    <w>dåden</w>
  </absaspan>
  <w>.</w>
  <w>De</w>
  <w>amerikanska</w>
  <w>trupperna</w>
  <w>har</w>
  <w>allteftersom</w>
  <w>kompletterats</w>
  <w>och</w>
  <w>idag</w>
  <w>är</w>
  <w>50</w>
  <w>länder</w>
  <w>militärt</w>
  <w>engagerade</w>
  <w>,</w>
  <w>med</w>
  <w>Tonga</w>
  <w>,</w>
  <w>Togo</w>
  <w>och</w>
  <w>Colombia</w>
  <w>som</w>
  <w>senaste</w>
  <w>tillskott</w>
  <w>.</w>
</absapar>
<absapar id=3>
  <w>Det</w>
  <w>här</w>
  <w>är</w>
  <w>en</w>
  <w>argumenterande</w>
  <w>text</w>
  <w>med</w>
  <w>syfte</w>
  <w>att</w>
  <w>påverka</w>
  <w>.</w>
  <w>Åsikterna</w>
  <w>som</w>
  <w>uttrycks</w>
  <w>är</w>
  <w>skribentens</w>
  <w>egna</w>
  <w>.</w>
</absapar>
<absapar id=4>
  <w>Idag</w>
  <w>,</w>
  <w>i</w>
  <w>anslutning</w>
  <w>till</w>
  <w>firandet</w>
  <w>av</w>
  <w>det</w>
  <w>afghanska</w>
  <w>nyåret</w>
  <w>,</w>
  <w>Nawroz</w>
  <w>,</w>
  <w>tillkännagav</w>
  <w>president</w>
  <w>Karzai</w>
  <w>att</w>
  <w>den</w>
  <w>utländska</w>
  <w>militära</w>
  <w>närvaron</w>
  <w>nu</w>
  <w>ska</w>
  <w>börja</w>
  <w>avvecklas</w>
  <w>.</w>
  <w>För</w>
  <w>Sverige</w>
  <w>var</w>
  <w>detta</w>
  <w>av</w>
  <w>speciellt</w>
  <w>intresse</w>
  <w>då</w>
  <w>en</w>
  <w>av</w>
  <w>de</w>
  <w>sju</w>
  <w>platser</w>
  <w>där</w>
  <w>detta</w>
  <w>överlämnande</w>
  <w>av</w>
  <w>ansvar</w>
  <w>ska</w>
  <w>inledas</w>
  <w>,</w>
  <w>är</w>
  <w>det</w>
  <w>område</w>
  <w>där</w>
  <w>Sverige</w>
  <w>opererar</w>
  <w>,</w>
  <w>Mazar-e-Sharif</w>
  <w>i</w>
  <w>Balkhprovinsen</w>
  <w>.</w>
</absapar>
<absapar id=5>
  <w>Afghanistan</w>
  <w>har</w>
  <w>genomlevt</w>
  <w>30</w>
  <w>år</w>
  <w>av</w>
  <w>väpnat</w>
  <w>våld</w>
  <w>.</w>
  <w>Under</w>
  <w>de</w>
  <w>tio</w>
  <w>år</w>
  <w>som</w>
  <w>har</w>
  <w>gått</w>
  <w>sedan</w>
  <w>den</w>
  <w>USA-ledda</w>
  <w>militära</w>
  <w>operationen</w>
  <w>inleddes</w>
  <absaspan id=7 senti=1>
    <w>har</w>
    <w>många</w>
    <w>allvarliga</w>
    <w>misstag</w>
    <w>begåtts</w>
    <w>av</w>
  </absaspan>
  <absaspan id=8>
    <w>den</w>
    <w>Nato-ledda</w>
    <w>Isaf-styrkan</w>
  </absaspan>
  <w>.</w>
  <w>Ett</w>
  <w>tiotal</w>
  <w>officiella</w>
  <w>strategier</w>
  <w>har</w>
  <w>lanserats</w>
  <w>av</w>
  <w>EU</w>
  <w>,</w>
  <w>Nato</w>
  <w>,</w>
  <w>FN</w>
  <w>med</w>
  <w>flera</w>
  <w>för</w>
  <w>hur</w>
  <absaspan id=9>
    <w>det</w>
    <w>afghanska</w>
    <w>folkets</w>
  </absaspan>
  <absaspan id=10 senti=4>
    <w>lidande</w>
    <w>ska</w>
    <w>kunna</w>
    <w>komma</w>
    <w>till</w>
    <w>ett</w>
    <w>avslut</w>
  </absaspan>
  <w>.</w>
  <w>Nyckelordet</w>
  <w>i</w>
  <w>den</w>
  <w>pågående</w>
  <w>debatten</w>
  <w>benämns</w>
  <w>"</w>
  <w>transition</w>
  <w>"</w>
  <w>.</w>
  <w>Detta</w>
  <w>militära</w>
  <w>och</w>
  <w>polisiära</w>
  <w>maktöverförande</w>
  <w>ska</w>
  <w>vara</w>
  <w>avslutat</w>
  <w>2014</w>
  <w>.</w>
  <w>Vi</w>
  <w>som</w>
  <w>har</w>
  <w>funnits</w>
  <w>på</w>
  <w>plats</w>
  <w>i</w>
  <w>Afghanistan</w>
  <w>sedan</w>
  <w>början</w>
  <w>av</w>
  <w>80</w>
  <w>-</w>
  <w>talet</w>
  <w>,</w>
  <w>utan</w>
  <w>vapen</w>
  <w>i</w>
  <w>hand</w>
  <w>,</w>
  <w>har</w>
  <w>konsekvent</w>
  <w>hävdat</w>
  <w>att</w>
  <w>ingenting</w>
  <w>är</w>
  <w>vunnet</w>
  <w>,</w>
  <w>vare</w>
  <w>sig</w>
  <w>militärt</w>
  <w>eller</w>
  <w>politiskt</w>
  <w>,</w>
  <w>om</w>
  <w>inte</w>
  <absaspan id=11>
    <w>det</w>
    <w>afghanska</w>
    <w>ägarskapet</w>
  </absaspan>
  <absaspan id=12 senti=3>
    <w>tas</w>
    <w>på</w>
    <w>allvar</w>
  </absaspan>
  <w>.</w>
</absapar>
<absapar id=6>
  <w>Det</w>
  <w>är</w>
  <w>dock</w>
  <absaspan id=13 senti=2>
    <w>en</w>
    <w>enorm</w>
    <w>utmaning</w>
  </absaspan>
  <absaspan id=14>
    <w>att</w>
    <w>se</w>
    <w>till</w>
    <w>att</w>
    <w>afghansk</w>
    <w>militär</w>
    <w>och</w>
    <w>polis</w>
    <w>uppnår</w>
    <w>ens</w>
    <w>minimal</w>
    <w>standard</w>
  </absaspan>
  <w>.</w>
  <w>Aktuella</w>
  <w>uppskattningar</w>
  <w>visar</w>
  <w>att</w>
  <w>9</w>
  <w>av</w>
  <w>10</w>
  <w>militära</w>
  <w>rekryter</w>
  <w>är</w>
  <w>analfabeter</w>
  <w>,</w>
  <w>40</w>
  <w>procent</w>
  <w>beräknas</w>
  <w>vara</w>
  <w>drogberoende</w>
  <w>och</w>
  <w>upp</w>
  <w>till</w>
  <w>30</w>
  <w>procent</w>
  <w>av</w>
  <w>styrkan</w>
  <w>deserterar</w>
  <w>varje</w>
  <w>år</w>
  <w>,</w>
  <w>en</w>
  <w>ansenlig</w>
  <w>del</w>
  <w>av</w>
  <w>dem</w>
  <w>till</w>
  <w>den</w>
  <w>väpnade</w>
  <w>oppositionen</w>
  <w>.</w>
  <w>Därutöver</w>
  <absaspan id=15>
    <w>är</w>
  </absaspan>
  <absaspan id=16>
    <w>rekryteringsbasen</w>
  </absaspan>
  <absaspan id=17 senti=1>
    <w>etniskt</w>
    <w>snedfördelad</w>
  </absaspan>
  <w>,</w>
  <w>vilket</w>
  <absaspan id=18 senti=1>
    <w>kan</w>
    <w>ha</w>
    <w>mycket</w>
    <w>allvarliga</w>
    <w>konsekvenser</w>
    <w>på</w>
    <w>sikt</w>
  </absaspan>
  <w>.</w>
  <absaspan id=19>
    <w>Siffrorna</w>
    <w>för</w>
    <w>den</w>
    <w>poliskår</w>
    <w>man</w>
    <w>försöker</w>
    <w>bygga</w>
    <w>upp</w>
  </absaspan>
  <absaspan id=20 senti=1>
    <w>är</w>
    <w>ännu</w>
    <w>mer</w>
    <w>alarmerande</w>
  </absaspan>
  <w>.</w>
</absapar>
<absapar id=7>
  <w>Samtidigt</w>
  <w>är</w>
  <w>givetvis</w>
  <absaspan id=21>
    <w>processen</w>
  </absaspan>
  <absaspan id=22 senti=3>
    <w>nödvändig</w>
  </absaspan>
  <w>.</w>
  <w>Alla</w>
  <w>krig</w>
  <w>tar</w>
  <w>förr</w>
  <w>eller</w>
  <w>senare</w>
  <w>slut</w>
  <w>.</w>
  <w>En</w>
  <w>av</w>
  <w>de</w>
  <w>förutsättningar</w>
  <w>som</w>
  <w>faktiskt</w>
  <absaspan id=23 senti=5>
    <w>talar</w>
    <w>till</w>
    <w>Afghanistans</w>
    <w>fördel</w>
  </absaspan>
  <w>är</w>
  <absaspan id=24>
    <w>att</w>
    <w>de</w>
    <w>senaste</w>
    <w>30</w>
    <w>årens</w>
    <w>krig</w>
    <w>inte</w>
    <w>utgör</w>
    <w>ett</w>
    <w>"</w>
    <w>normaltillstånd</w>
  </absaspan>
  <w>"</w>
  <w>.</w>
  <absaspan id=25>
    <w>Afghanistan</w>
  </absaspan>
  <absaspan id=26 senti=5>
    <w>förtjänar</w>
    <w>ett</w>
    <w>bättre</w>
    <w>öde</w>
  </absaspan>
  <w>.</w>
  <absaspan id=27>
    <w>Den</w>
    <w>vanlige</w>
    <w>afghanen</w>
  </absaspan>
  <absaspan id=28 senti=5>
    <w>vill</w>
    <w>inget</w>
    <w>hellre</w>
    <w>än</w>
  </absaspan>
  <absaspan id=29>
    <w>att</w>
    <w>den</w>
    <w>egna</w>
    <w>nationen</w>
    <w>ska</w>
    <w>resa</w>
    <w>sig</w>
    <w>ur</w>
    <w>de</w>
    <w>senaste</w>
    <w>decenniernas</w>
    <w>förnedrande</w>
    <w>utländska</w>
    <w>interventioner</w>
    <w>och</w>
    <w>inhemska</w>
    <w>maktkamper</w>
    <w>mellan</w>
    <w>olika</w>
    <w>krigsherrar</w>
  </absaspan>
  <w>.</w>
</absapar>
<absapar id=8>
  <w>I</w>
  <w>överlämnandet</w>
  <w>kommer</w>
  <w>planeringen</w>
  <w>av</w>
  <absaspan id=30 senti=4>
    <w>det</w>
    <w>fortsatta</w>
    <w>stödet</w>
    <w>till</w>
  </absaspan>
  <w>inte</w>
  <w>minst</w>
  <absaspan id=31>
    <w>den</w>
    <w>afghanska</w>
    <w>polisen</w>
  </absaspan>
  <w>att</w>
  <w>vara</w>
  <w>avgörande.Peter</w>
  <w>Brune</w>
  <w>.</w>
</absapar>
<absapar id=9>
  <w>Skräddarsydda</w>
  <w>kurser</w>
  <w>i</w>
  <w>ämnen</w>
  <w>som</w>
  <w>intresserar</w>
  <w>och</w>
  <w>engagerar</w>
  <w>både</w>
  <w>kropp</w>
  <w>och</w>
  <w>själ</w>
  <w>.</w>
</absapar>
<absapar id=10>
  <absaspan id=32>
    <w>Omvärlden</w>
  </absaspan>
  <absaspan id=33 senti=1>
    <w>har</w>
  </absaspan>
  <w>tidigare</w>
  <absaspan id=34 senti=1>
    <w>vänt</w>
  </absaspan>
  <absaspan id=35>
    <w>Afghanistan</w>
  </absaspan>
  <absaspan id=36 senti=1>
    <w>ryggen</w>
  </absaspan>
  <w>och</w>
  <w>senare</w>
  <absaspan id=37 senti=1>
    <w>fått</w>
    <w>betala</w>
    <w>ett</w>
    <w>dyrt</w>
    <w>pris</w>
  </absaspan>
  <w>för</w>
  <w>detta</w>
  <w>.</w>
  <absaspan id=38>
    <w>Samma</w>
    <w>misstag</w>
  </absaspan>
  <absaspan id=39 senti=1>
    <w>får</w>
    <w>inte</w>
    <w>ske</w>
    <w>igen</w>
  </absaspan>
  <w>.</w>
  <absaspan id=40>
    <w>Svenska</w>
    <w>Afghanistankommittén</w>
  </absaspan>
  <w>har</w>
  <w>tidigare</w>
  <absaspan id=41 senti=1>
    <w>kritiserat</w>
  </absaspan>
  <absaspan id=42 senti=1>
    <w>den</w>
    <w>skeva</w>
    <w>fördelningen</w>
    <w>av</w>
  </absaspan>
  <absaspan id=43>
    <w>resurser</w>
  </absaspan>
  <w>när</w>
  <w>internationella</w>
  <w>samfundet</w>
  <w>engagerar</w>
  <w>sig</w>
  <w>på</w>
  <w>det</w>
  <w>sätt</w>
  <w>som</w>
  <w>man</w>
  <w>gjort</w>
  <w>i</w>
  <w>Afghanistan</w>
  <w>,</w>
  <w>med</w>
  <w>en</w>
  <w>så</w>
  <w>stor</w>
  <w>tyngdpunkt</w>
  <w>på</w>
  <w>militära</w>
  <w>medel</w>
  <w>.</w>
  <w>Även</w>
  <absaspan id=44>
    <w>proportionerna</w>
    <w>hos</w>
    <w>de</w>
    <w>länder</w>
    <w>som</w>
    <w>satsar</w>
    <w>både</w>
    <w>civilt</w>
    <w>och</w>
    <w>militärt</w>
    <w>insatser</w>
  </absaspan>
  <absaspan id=45 senti=1>
    <w>är</w>
    <w>orimliga</w>
  </absaspan>
  <w>–</w>
  <absaspan id=46>
    <w>Sverige</w>
  </absaspan>
  <absaspan id=47 senti=5 irony>
    <w>tillhör</w>
    <w>de</w>
    <w>"</w>
    <w>bästa</w>
    <w>i</w>
    <w>klassen</w>
  </absaspan>
  <w>"</w>
  <w>men</w>
  <w>fortfarande</w>
  <w>kostar</w>
  <w>de</w>
  <w>militära</w>
  <w>aktiviteterna</w>
  <w>ungefär</w>
  <w>tre</w>
  <w>gånger</w>
  <w>så</w>
  <w>mycket</w>
  <w>som</w>
  <w>de</w>
  <w>civila</w>
  <w>.</w>
</absapar>
<absapar id=11>
  <w>Dessutom</w>
  <w>finns</w>
  <w>sedan</w>
  <w>länge</w>
  <absaspan id=48 senti=1>
    <w>en</w>
    <w>snedfördelning</w>
    <w>av</w>
  </absaspan>
  <absaspan id=49>
    <w>biståndsresurser</w>
    <w>inom</w>
    <w>landet</w>
  </absaspan>
  <w>.</w>
  <absaspan id=50>
    <w>Provinser</w>
  </absaspan>
  <absaspan id=51 senti=1>
    <w>som</w>
    <w>drabbats</w>
    <w>hårt</w>
    <w>av</w>
    <w>konflikten</w>
  </absaspan>
  <w>får</w>
  <w>mer</w>
  <w>bistånd</w>
  <w>.</w>
  <absaspan id=52>
    <w>Svenska</w>
    <w>och</w>
    <w>utländska</w>
    <w>biståndsorganisationer</w>
  </absaspan>
  <absaspan id=53 senti=1>
    <w>har</w>
    <w>med</w>
    <w>stor</w>
    <w>oro</w>
    <w>sett</w>
  </absaspan>
  <absaspan id=54>
    <w>hur</w>
    <w>bistånd</w>
    <w>från</w>
    <w>vissa</w>
    <w>länder</w>
    <w>behandlats</w>
    <w>som</w>
    <w>ett</w>
    <w>militärt</w>
    <w>redskap</w>
  </absaspan>
  <w>där</w>
  <w>stora</w>
  <w>resurser</w>
  <w>spenderats</w>
  <w>under</w>
  <w>kort</w>
  <w>tid</w>
  <w>,</w>
  <absaspan id=55 senti=1>
    <w>med</w>
    <w>dåliga</w>
    <w>resultat</w>
  </absaspan>
  <w>.</w>
</absapar>
<absapar id=12>
  <w>Vissa</w>
  <w>länder</w>
  <w>har</w>
  <w>också</w>
  <w>agerat</w>
  <w>utifrån</w>
  <w>en</w>
  <w>sammanslagen</w>
  <w>strategi</w>
  <w>för</w>
  <w>bistånds</w>
  <w>-</w>
  <w>och</w>
  <w>militärinsatsen</w>
  <w>i</w>
  <w>Afghanistan</w>
  <w>.</w>
  <w>Det</w>
  <w>finns</w>
  <w>därför</w>
  <absaspan id=56 senti=1>
    <w>en</w>
    <w>tydlig</w>
    <w>risk</w>
  </absaspan>
  <w>att</w>
  <w>den</w>
  <w>framtida</w>
  <w>riktningen</w>
  <w>för</w>
  <w>det</w>
  <w>internationella</w>
  <w>utvecklingssamarbetet</w>
  <w>med</w>
  <w>Afghanistan</w>
  <w>kopplas</w>
  <w>samman</w>
  <w>med</w>
  <w>tillbakadragande</w>
  <w>av</w>
  <w>internationell</w>
  <w>trupp</w>
  <w>.</w>
  <w>Detta</w>
  <w>är</w>
  <w>två</w>
  <w>olika</w>
  <w>agendor</w>
  <w>med</w>
  <w>olika</w>
  <w>mål</w>
  <w>och</w>
  <w>måste</w>
  <w>därför</w>
  <w>hållas</w>
  <w>isär</w>
  <w>.</w>
</absapar>
<absapar id=13>
  <w>Vi</w>
  <w>har</w>
  <w>tillsammans</w>
  <w>med</w>
  <w>europeiska</w>
  <w>systerorganisationer</w>
  <absaspan id=57 senti=4>
    <w>inlett</w>
    <w>ett</w>
    <w>nytt</w>
    <w>samarbete</w>
  </absaspan>
  <w>där</w>
  <w>vi</w>
  <w>noggrant</w>
  <w>kommer</w>
  <w>att</w>
  <w>följa</w>
  <w>överlämnandet</w>
  <w>av</w>
  <w>det</w>
  <w>militära</w>
  <w>och</w>
  <w>polisiära</w>
  <w>säkerhetsansvaret</w>
  <w>till</w>
  <w>afghanska</w>
  <w>myndigheter</w>
  <w>.</w>
  <w>De</w>
  <w>krav</w>
  <w>vi</w>
  <w>har</w>
  <w>rest</w>
  <w>går</w>
  <w>i</w>
  <w>första</w>
  <w>hand</w>
  <w>ut</w>
  <w>på</w>
  <w>att</w>
  <w>:</w>
  <w>.</w>
</absapar>
<absapar id=14>
  <w>.</w>
  <w>•</w>
  <w>Det</w>
  <w>behövs</w>
  <w>en</w>
  <w>mycket</w>
  <w>mer</w>
  <w>öppen</w>
  <w>dialog</w>
  <w>om</w>
  <w>planeringsprocessen</w>
  <w>för</w>
  <w>överlämnandet</w>
  <w>.</w>
  <absaspan id=58>
    <w>Hur</w>
    <w>och</w>
    <w>när</w>
    <w>Nato</w>
    <w>lämnar</w>
    <w>över</w>
    <w>det</w>
    <w>operationella</w>
    <w>ansvaret</w>
  </absaspan>
  <absaspan id=59 senti=3>
    <w>spelar</w>
    <w>roll</w>
    <w>för</w>
  </absaspan>
  <absaspan id=60>
    <w>de</w>
    <w>lokalsamhällen</w>
    <w>vi</w>
    <w>arbetar</w>
    <w>med</w>
  </absaspan>
  <w>.</w>
  <w>Vi</w>
  <w>märker</w>
  <w>redan</w>
  <absaspan id=61 senti=1>
    <w>en</w>
    <w>stark</w>
    <w>oro</w>
    <w>för</w>
  </absaspan>
  <absaspan id=62>
    <w>att</w>
    <w>kortsiktiga</w>
    <w>politiska</w>
    <w>ställningstaganden</w>
    <w>kommer</w>
    <w>att</w>
    <w>styra</w>
    <w>överlämnandet</w>
  </absaspan>
  <w>.</w>
</absapar>
<absapar id=15>
  <w>.</w>
  <w>•</w>
  <absaspan id=63>
    <w>En</w>
    <w>fortsatt</w>
    <w>regionalisering</w>
    <w>av</w>
    <w>utvecklingssamarbetet</w>
    <w>med</w>
    <w>Afghanistan</w>
  </absaspan>
  <absaspan id=64 senti=1>
    <w>måste</w>
    <w>undvikas</w>
  </absaspan>
  <w>.</w>
  <w>Idag</w>
  <w>kopplar</w>
  <w>enskilda</w>
  <w>länder</w>
  <w>sina</w>
  <w>utvecklingsinsatser</w>
  <w>till</w>
  <w>den</w>
  <w>region</w>
  <w>där</w>
  <w>man</w>
  <w>har</w>
  <w>militär</w>
  <w>personal</w>
  <w>.</w>
  <w>Engagemanget</w>
  <w>och</w>
  <w>kapaciteten</w>
  <w>skiljer</w>
  <w>sig</w>
  <w>kraftigt</w>
  <w>mellan</w>
  <w>de</w>
  <w>europeiska</w>
  <w>länder</w>
  <w>som</w>
  <absaspan id=65 senti=5>
    <w>ger</w>
    <w>stöd</w>
  </absaspan>
  <w>från</w>
  <w>sina</w>
  <w>provinsiella</w>
  <w>militärbaser</w>
  <w>.</w>
  <w>Det</w>
  <w>skapar</w>
  <absaspan id=66 senti=1>
    <w>regionala</w>
    <w>obalanser</w>
  </absaspan>
  <w>och</w>
  <absaspan id=67 senti=2>
    <w>en</w>
    <w>ojämn</w>
    <w>implementering</w>
  </absaspan>
  <w>av</w>
  <w>Afghanistans</w>
  <w>nationella</w>
  <w>utvecklingsstrategi</w>
  <w>.</w>
  <w>Överlämnandet</w>
  <w>får</w>
  <w>inte</w>
  <w>innebära</w>
  <w>att</w>
  <absaspan id=68 senti=1>
    <w>nuvarande</w>
    <w>obalanser</w>
  </absaspan>
  <w>bibehålls</w>
  <w>eller</w>
  <w>till</w>
  <w>och</w>
  <w>med</w>
  <w>förstärks</w>
  <w>.</w>
  <w>Sverige</w>
  <w>,</w>
  <w>som</w>
  <w>en</w>
  <w>av</w>
  <w>arkitekterna</w>
  <w>bakom</w>
  <w>EU</w>
  <w>:</w>
  <w>s</w>
  <w>gemensamma</w>
  <w>biståndsarbete</w>
  <w>,</w>
  <w>har</w>
  <w>här</w>
  <w>ett</w>
  <w>särskilt</w>
  <w>ansvar</w>
  <w>att</w>
  <w>försäkra</w>
  <w>sig</w>
  <w>om</w>
  <w>att</w>
  <w>den</w>
  <w>nationella</w>
  <w>utvecklingsplanen</w>
  <w>efterföljs</w>
  <w>.</w>
</absapar>
<absapar id=16>
  <absaspan id=69 senti=5>
    <w>Rättvisa</w>
  </absaspan>
  <w>,</w>
  <w>och</w>
  <absaspan id=70 senti=5>
    <w>åtgärder</w>
    <w>som</w>
    <w>stärker</w>
    <w>rättvisa</w>
  </absaspan>
  <w>,</w>
  <w>måste</w>
  <w>spela</w>
  <w>en</w>
  <w>central</w>
  <w>roll</w>
  <w>i</w>
  <w>överlämnandet</w>
  <w>av</w>
  <w>det</w>
  <w>operativa</w>
  <w>säkerhetsansvaret</w>
  <w>.</w>
  <w>En</w>
  <w>stor</w>
  <w>del</w>
  <w>av</w>
  <absaspan id=71 senti=1>
    <w>misstron</w>
  </absaspan>
  <w>i</w>
  <absaspan id=72>
    <w>Afghanistan</w>
  </absaspan>
  <absaspan id=73 senti=1>
    <w>mot</w>
  </absaspan>
  <absaspan id=74>
    <w>det</w>
    <w>internationella</w>
    <w>samfundets</w>
    <w>uppsåt</w>
  </absaspan>
  <w>,</w>
  <w>grundar</w>
  <w>sig</w>
  <w>i</w>
  <absaspan id=75 senti=1>
    <w>misslyckandet</w>
  </absaspan>
  <w>att</w>
  <w>skapa</w>
  <w>en</w>
  <w>fungerande</w>
  <w>rättstat</w>
  <w>.</w>
  <w>I</w>
  <w>överlämnandet</w>
  <w>kommer</w>
  <w>planeringen</w>
  <w>av</w>
  <absaspan id=76 senti=4>
    <w>det</w>
    <w>fortsatta</w>
    <w>stödet</w>
  </absaspan>
  <w>till</w>
  <w>inte</w>
  <w>minst</w>
  <w>den</w>
  <w>afghanska</w>
  <w>polisen</w>
  <w>att</w>
  <w>vara</w>
  <w>avgörande</w>
  <w>.</w>
  <w>Detta</w>
  <w>kommer</w>
  <w>i</w>
  <w>hög</w>
  <w>att</w>
  <w>påverka</w>
  <absaspan id=77 senti=3>
    <w>hur</w>
  </absaspan>
  <absaspan id=78>
    <w>den</w>
    <w>afghanska</w>
    <w>befolkningen</w>
  </absaspan>
  <absaspan id=79 senti=3>
    <w>komma</w>
  </absaspan>
  <absaspan id=80 senti=3>
    <w>att</w>
    <w>värdera</w>
  </absaspan>
  <absaspan id=81>
    <w>de</w>
    <w>senaste</w>
    <w>tio</w>
    <w>årens</w>
    <w>insatser</w>
  </absaspan>
  <w>.</w>
</absapar>
<absapar id=17>
  <w>Ny</w>
  <w>statistik</w>
  <w>visar</w>
  <w>att</w>
  <w>2010</w>
  <w>var</w>
  <w>det</w>
  <w>blodigaste</w>
  <w>året</w>
  <w>i</w>
  <w>Afghanistan</w>
  <w>sedan</w>
  <w>WTC-attacken</w>
  <w>för</w>
  <w>tio</w>
  <w>år</w>
  <w>sedan</w>
  <w>.</w>
  <w>Idag</w>
  <w>hör</w>
  <w>vi</w>
  <w>från</w>
  <w>alla</w>
  <w>inblandade</w>
  <w>aktörer</w>
  <w>att</w>
  <absaspan id=82>
    <w>kriget</w>
  </absaspan>
  <absaspan id=83>
    <w>i</w>
    <w>Afghanistan</w>
    <w>inte</w>
    <w>kan</w>
    <w>vinnas</w>
    <w>militärt</w>
  </absaspan>
  <w>.</w>
  <absaspan id=84>
    <w>Det</w>
  </absaspan>
  <absaspan id=85 senti=1>
    <w>är</w>
    <w>en</w>
    <w>senkommen</w>
    <w>insikt</w>
  </absaspan>
  <w>.</w>
  <w>I</w>
  <w>det</w>
  <w>senaste</w>
  <w>riksdagsbeslutet</w>
  <w>från</w>
  <w>december</w>
  <w>2010</w>
  <w>om</w>
  <w>den</w>
  <w>svenska</w>
  <w>politiken</w>
  <w>för</w>
  <w>Afghanistan</w>
  <w>utfäster</w>
  <w>sig</w>
  <w>en</w>
  <w>bred</w>
  <w>riksdagsmajoritet</w>
  <w>till</w>
  <w>att</w>
  <w>engagemanget</w>
  <w>ska</w>
  <w>förbli</w>
  <w>långsiktigt</w>
  <w>.</w>
</absapar>
<absapar id=18>
  <w>Svenska</w>
  <w>Afghanistankommittén</w>
  <w>,</w>
  <w>tillsammans</w>
  <w>med</w>
  <w>16</w>
  <w>andra</w>
  <w>europeiska</w>
  <w>systerorganisationer</w>
  <w>,</w>
  <w>kommer</w>
  <w>att</w>
  <w>övervaka</w>
  <w>att</w>
  <absaspan id=86>
    <w>världssamfundets</w>
    <w>löften</w>
  </absaspan>
  <w>inte</w>
  <w>har</w>
  <w>visat</w>
  <w>sig</w>
  <w>vara</w>
  <absaspan id=87 senti=1>
    <w>tomma</w>
    <w>ord</w>
  </absaspan>
  <w>.</w>
  <w>Det</w>
  <w>gemensamma</w>
  <w>ansvaret</w>
  <w>för</w>
  <w>Afghanistan</w>
  <w>är</w>
  <w>långsiktigt</w>
  <w>–</w>
  <w>oavsett</w>
  <w>om</w>
  <w>svensk</w>
  <w>militär</w>
  <w>är</w>
  <w>där</w>
  <w>och</w>
  <w>oavsett</w>
  <w>att</w>
  <w>de</w>
  <w>provinser</w>
  <w>som</w>
  <w>Sverige</w>
  <w>har</w>
  <w>ett</w>
  <w>militärt</w>
  <w>ansvar</w>
  <w>för</w>
  <w>inom</w>
  <w>Isaf-mandatet</w>
  <w>är</w>
  <w>de</w>
  <w>första</w>
  <w>att</w>
  <w>överlämnas</w>
  <w>till</w>
  <w>afghanskt</w>
  <w>ägarskap</w>
  <w>.</w>
</absapar>
<absapar id=19>
  <w>PETER</w>
  <w>BRUNE</w>
  <w>.</w>
</absapar>
<absapar id=20>
  <w>generalsekreterare</w>
  <w>,</w>
  <w>Svenska</w>
  <w>Afghanistankommittén</w>
  <w>.</w>
</absapar>
<absapar id=21>
  <w>Redaktör</w>
  <w>:</w>
  <w>Carina</w>
  <w>Stensson</w>
  <w>,</w>
  <w>Biträdande</w>
  <w>redaktör</w>
  <w>:</w>
  <w>Björn</w>
  <w>Jorner</w>
  <w>,</w>
  <w>Mejl</w>
  <w>:</w>
  <w>debatt</w>
  <w>@</w>
  <w>svd.se</w>
  <w>,</w>
  <w>Telefonnummer</w>
  <w>:</w>
  <w>08</w>
  <w>-</w>
  <w>135149</w>
  <w>,</w>
  <w>Twitter</w>
  <w>:</w>
  <w>@</w>
  <w>SvDDebatt</w>
  <w>,</w>
  <w>Facebook</w>
  <w>:</w>
  <w>SvD</w>
  <w>Debatt</w>
  <w>.</w>
</absapar>
</absadoc>
