<absadoc annotators=1 senti=4>
<absatitle>
  <absaspan id=1 senti=2 target=2>
    <w>Sluta</w>
  </absaspan>
  <absaspan id=2>
    <w>snacka</w>
  </absaspan>
  <w>-</w>
  <w>vi</w>
  <absaspan id=3 senti=4 target=4>
    <w>vill</w>
    <w>anställa</w>
  </absaspan>
  <absaspan id=4>
    <w>flyktingarna</w>
  </absaspan>
  <w>.</w>
</absatitle>
<absapar id=1 senti=3>
  <w>Sedan</w>
  <w>januari</w>
  <w>2014</w>
  <w>har</w>
  <w>över</w>
  <w>250</w>
  <w>000</w>
  <w>asylsökande</w>
  <w>kommit</w>
  <w>till</w>
  <w>Sverige</w>
  <w>.</w>
  <w>Frågan</w>
  <w>om</w>
  <w>hur</w>
  <w>vi</w>
  <w>ska</w>
  <w>lösa</w>
  <w>en</w>
  <w>integrationsutmaning</w>
  <w>som</w>
  <w>bara</w>
  <w>kommer</w>
  <w>att</w>
  <w>växa</w>
  <w>har</w>
  <w>blivit</w>
  <w>ett</w>
  <w>politiskt</w>
  <w>slagträ</w>
  <w>där</w>
  <w>alla</w>
  <w>politiska</w>
  <w>partier</w>
  <w>kommit</w>
  <w>med</w>
  <w>egna</w>
  <w>förslag</w>
  <w>.</w>
  <w>Men</w>
  <w>våra</w>
  <w>medlemmar</w>
  <w>,</w>
  <w>chefer</w>
  <w>inom</w>
  <w>privat</w>
  <w>tjänstesektor</w>
  <w>,</w>
  <w>saknar</w>
  <w>lösningarna</w>
  <w>som</w>
  <w>verkligen</w>
  <w>får</w>
  <w>integrationen</w>
  <w>att</w>
  <w>fungera</w>
  <w>–</w>
  <w>i</w>
  <w>praktiken</w>
  <w>.</w>
</absapar>
<absapar id=2 senti=3>
  <w>Samtidigt</w>
  <w>som</w>
  <w>dessa</w>
  <w>frågor</w>
  <w>diskuteras</w>
  <w>i</w>
  <w>tv-soffor</w>
  <w>,</w>
  <w>partiledardebatter</w>
  <w>och</w>
  <w>på</w>
  <w>ledarsidor</w>
  <w>jobbar</w>
  <w>arbetsgivare</w>
  <w>redan</w>
  <w>med</w>
  <w>detta</w>
  <w>på</w>
  <w>arbetsplatser</w>
  <w>runt</w>
  <w>om</w>
  <w>i</w>
  <w>Sverige</w>
  <w>.</w>
  <w>Med</w>
  <w>chefer</w>
  <w>som</w>
  <w>vet</w>
  <w>exakt</w>
  <w>vad</w>
  <w>som</w>
  <w>saknas</w>
  <w>för</w>
  <w>att</w>
  <w>arbetsmarknaden</w>
  <w>på</w>
  <w>allvar</w>
  <w>ska</w>
  <w>kunna</w>
  <w>vara</w>
  <w>det</w>
  <w>integrationsinstrument</w>
  <w>vi</w>
  <w>alla</w>
  <w>önskar</w>
  <w>.</w>
</absapar>
<absapar id=3 senti=3>
  <absaspan id=5>
    <w>Den</w>
    <w>privata</w>
    <w>tjänstesektorn</w>
  </absaspan>
  <absaspan id=6 senti=4>
    <w>är</w>
    <w>loket</w>
  </absaspan>
  <w>på</w>
  <w>den</w>
  <w>svenska</w>
  <w>arbetsmarknaden</w>
  <w>.</w>
  <w>Det</w>
  <w>är</w>
  <w>där</w>
  <w>stora</w>
  <w>delar</w>
  <w>av</w>
  <w>de</w>
  <w>nya</w>
  <w>jobben</w>
  <w>skapas</w>
  <w>.</w>
  <w>Med</w>
  <w>den</w>
  <w>positionen</w>
  <w>kommer</w>
  <w>ett</w>
  <absaspan id=7 senti=4>
    <w>viktigt</w>
  </absaspan>
  <absaspan id=8 senti=4>
    <w>ansvar</w>
  </absaspan>
  <w>–</w>
  <absaspan id=9>
    <w>att</w>
    <w>bidra</w>
    <w>positivt</w>
    <w>till</w>
    <w>att</w>
    <w>lösa</w>
    <w>integrationen</w>
  </absaspan>
  <w>.</w>
  <w>Det</w>
  <w>är</w>
  <absaspan id=10>
    <w>ett</w>
    <w>ansvar</w>
  </absaspan>
  <w>vi</w>
  <w>och</w>
  <w>våra</w>
  <w>medlemmar</w>
  <absaspan id=11 senti=4>
    <w>gärna</w>
    <w>tar</w>
  </absaspan>
  <w>,</w>
  <w>men</w>
  <w>vi</w>
  <absaspan id=12 senti=4>
    <w>behöver</w>
  </absaspan>
  <absaspan id=13>
    <w>bättre</w>
    <w>redskap</w>
    <w>,</w>
    <w>verktyg</w>
    <w>och</w>
    <w>tätare</w>
    <w>dialog</w>
  </absaspan>
  <w>.</w>
  <w>Helst</w>
  <w>i</w>
  <w>går</w>
  <w>!</w>
  <absaspan id=14 senti=2>
    <w>.</w>
  </absaspan>
</absapar>
<absapar id=4 senti=3>
  <w>Det</w>
  <w>är</w>
  <absaspan id=15>
    <w>chefer</w>
    <w>över</w>
    <w>hela</w>
    <w>landet</w>
  </absaspan>
  <w>som</w>
  <w>är</w>
  <w>de</w>
  <w>som</w>
  <w>ska</w>
  <w>omsätta</w>
  <w>politik</w>
  <w>,</w>
  <w>goda</w>
  <w>viljor</w>
  <w>och</w>
  <w>idéer</w>
  <w>och</w>
  <w>faktiskt</w>
  <absaspan id=16 senti=4>
    <w>lösa</w>
    <w>integrationen</w>
  </absaspan>
  <w>i</w>
  <w>praktiken</w>
  <w>.</w>
  <w>I</w>
  <w>en</w>
  <w>ny</w>
  <w>kommande</w>
  <w>rapport</w>
  <w>är</w>
  <w>de</w>
  <w>tydliga</w>
  <w>med</w>
  <w>vad</w>
  <w>som</w>
  <w>saknas</w>
  <w>för</w>
  <w>att</w>
  <w>göra</w>
  <w>det</w>
  <w>.</w>
</absapar>
<absapar id=5 senti=3>
  <w>Rapporten</w>
  <w>har</w>
  <w>kartlagt</w>
  <w>svenska</w>
  <w>chefers</w>
  <w>attityd</w>
  <w>till</w>
  <w>nyanlända</w>
  <w>i</w>
  <w>de</w>
  <w>egna</w>
  <w>verksamheterna</w>
  <w>.</w>
  <w>Den</w>
  <w>viktigaste</w>
  <w>slutsatsen</w>
  <w>man</w>
  <w>kan</w>
  <w>dra</w>
  <w>av</w>
  <w>rapporten</w>
  <w>är</w>
  <w>följande</w>
  <w>:</w>
  <w>.</w>
</absapar>
<absapar id=6>
  <absaspan id=17>
    <w>Svenska</w>
    <w>chefer</w>
  </absaspan>
  <absaspan id=18 senti=4>
    <w>vill</w>
    <w>anställa</w>
  </absaspan>
  <absaspan id=19>
    <w>nyanlända</w>
  </absaspan>
  <w>–</w>
  <w>men</w>
  <absaspan id=20>
    <w>hindren</w>
    <w>och</w>
    <w>trösklarna</w>
  </absaspan>
  <absaspan id=21 senti=2>
    <w>är</w>
  </absaspan>
  <w>fortfarande</w>
  <absaspan id=22 senti=2>
    <w>för</w>
  </absaspan>
  <absaspan id=23 senti=2>
    <w>stora</w>
  </absaspan>
  <w>.</w>
</absapar>
<absapar id=7 senti=3>
  <w>För</w>
  <w>att</w>
  <w>våra</w>
  <w>medlemmar</w>
  <w>ska</w>
  <w>kunna</w>
  <w>ta</w>
  <w>sitt</w>
  <w>fulla</w>
  <w>ansvar</w>
  <w>,</w>
  <w>dels</w>
  <w>för</w>
  <w>integrationen</w>
  <w>,</w>
  <w>men</w>
  <w>också</w>
  <absaspan id=24 senti=4>
    <w>för</w>
    <w>att</w>
    <w>säkerställa</w>
  </absaspan>
  <absaspan id=25>
    <w>fortsatt</w>
    <w>tillväxt</w>
    <w>i</w>
    <w>Sverige</w>
  </absaspan>
  <absaspan id=26 senti=4>
    <w>behövs</w>
  </absaspan>
  <w>:</w>
  <w>.</w>
</absapar>
<absapar id=8>
  <absaspan id=27>
    <w>Bättre</w>
    <w>verktyg</w>
  </absaspan>
  <w>.</w>
</absapar>
<absapar id=9 senti=3>
  <w>Nio</w>
  <w>av</w>
  <w>tio</w>
  <w>chefer</w>
  <w>säger</w>
  <w>i</w>
  <w>vår</w>
  <w>undersökning</w>
  <w>att</w>
  <w>de</w>
  <absaspan id=28 senti=2>
    <w>ser</w>
  </absaspan>
  <absaspan id=29>
    <w>språkhinder</w>
  </absaspan>
  <absaspan id=30 senti=2>
    <w>som</w>
  </absaspan>
  <absaspan id=31 senti=2>
    <w>en</w>
    <w>utmaning</w>
  </absaspan>
  <w>i</w>
  <w>någon</w>
  <w>grad</w>
  <w>.</w>
  <w>Även</w>
  <absaspan id=32>
    <w>bättre</w>
    <w>verktyg</w>
    <w>för</w>
    <w>kunskapsvalidering</w>
  </absaspan>
  <absaspan id=33 senti=4>
    <w>behövs</w>
  </absaspan>
  <w>.</w>
</absapar>
<absapar id=10 senti=3>
  <w>Samordning</w>
  <w>i</w>
  <w>integrationskedjan</w>
  <w>.</w>
</absapar>
<absapar id=11 senti=3>
  <w>I</w>
  <w>dag</w>
  <w>vet</w>
  <absaspan id=34 senti=2>
    <w>bara</w>
  </absaspan>
  <absaspan id=35>
    <w>54</w>
    <w>procent</w>
    <w>av</w>
    <w>våra</w>
    <w>medlemmar</w>
    <w>att</w>
    <w>asylsökande</w>
    <w>ens</w>
    <w>får</w>
    <w>arbeta</w>
    <w>i</w>
    <w>Sverige</w>
  </absaspan>
  <w>.</w>
  <w>Migrationsverket</w>
  <w>registrerar</w>
  <w>inte</w>
  <w>heller</w>
  <w>vilket</w>
  <w>yrke</w>
  <w>människor</w>
  <w>haft</w>
  <w>innan</w>
  <w>de</w>
  <w>kommit</w>
  <w>till</w>
  <w>Sverige</w>
  <w>.</w>
  <w>Och</w>
  <w>Arbetsförmedlingen</w>
  <w>saknar</w>
  <w>nationell</w>
  <w>samordning</w>
  <w>och</w>
  <w>statistik</w>
  <w>kring</w>
  <w>detta</w>
  <w>.</w>
  <absaspan id=36>
    <w>Kan</w>
    <w>våra</w>
    <w>inbördes</w>
    <w>informationsutbyten</w>
    <w>bli</w>
    <w>bättre</w>
  </absaspan>
  <absaspan id=37 senti=4>
    <w>är</w>
    <w>mycket</w>
    <w>vunnet</w>
  </absaspan>
  <w>.</w>
</absapar>
<absapar id=12 senti=3>
  <w>Större</w>
  <w>kunskap</w>
  <w>om</w>
  <w>nyanländas</w>
  <w>potential</w>
  <w>.</w>
</absapar>
<absapar id=13 senti=4>
  <w>En</w>
  <w>av</w>
  <w>de</w>
  <w>viktigaste</w>
  <w>faktorerna</w>
  <w>till</w>
  <w>att</w>
  <absaspan id=38>
    <w>våra</w>
  </absaspan>
  <absaspan id=39>
    <w>medlemmar</w>
  </absaspan>
  <w>i</w>
  <w>dag</w>
  <w>anställer</w>
  <w>nyanlända</w>
  <w>eller</w>
  <w>har</w>
  <w>planer</w>
  <w>på</w>
  <w>att</w>
  <w>göra</w>
  <w>det</w>
  <w>,</w>
  <w>är</w>
  <w>att</w>
  <absaspan id=40>
    <w>man</w>
  </absaspan>
  <w>ser</w>
  <absaspan id=41 senti=4>
    <w>möjligheter</w>
  </absaspan>
  <w>till</w>
  <absaspan id=42>
    <w>utveckling</w>
    <w>och</w>
    <w>tillgång</w>
    <w>till</w>
    <w>nya</w>
    <w>kompetenser</w>
  </absaspan>
  <w>.</w>
  <w>Och</w>
  <w>bland</w>
  <w>de</w>
  <w>företag</w>
  <w>som</w>
  <w>i</w>
  <w>dag</w>
  <w>har</w>
  <w>nyanlända</w>
  <w>bland</w>
  <w>sina</w>
  <w>anställda</w>
  <w>har</w>
  <w>man</w>
  <w>uppnått</w>
  <w>precis</w>
  <w>detta</w>
  <w>.</w>
  <absaspan id=43>
    <w>Kunskapsutbytet</w>
  </absaspan>
  <absaspan id=44 senti=2>
    <w>måste</w>
    <w>bli</w>
    <w>betydligt</w>
    <w>bättre</w>
  </absaspan>
  <w>mellan</w>
  <w>de</w>
  <w>som</w>
  <w>redan</w>
  <w>är</w>
  <w>igång</w>
  <w>med</w>
  <w>att</w>
  <w>anställa</w>
  <w>och</w>
  <w>övriga</w>
  <w>.</w>
</absapar>
<absapar id=14 senti=3>
  <w>Att</w>
  <w>fler</w>
  <w>än</w>
  <w>250</w>
  <w>000</w>
  <w>nyanlända</w>
  <w>kommit</w>
  <w>till</w>
  <w>Sverige</w>
  <w>sedan</w>
  <w>i</w>
  <w>januari</w>
  <w>2014</w>
  <w>ger</w>
  <w>oss</w>
  <w>en</w>
  <w>situation</w>
  <w>där</w>
  <w>Sverige</w>
  <w>står</w>
  <w>inför</w>
  <w>ett</w>
  <absaspan id=45 senti=4>
    <w>viktigt</w>
  </absaspan>
  <absaspan id=46>
    <w>vägskäl</w>
  </absaspan>
  <w>.</w>
  <w>Frågan</w>
  <w>om</w>
  <w>hur</w>
  <w>väl</w>
  <w>vi</w>
  <w>lyckas</w>
  <w>integrera</w>
  <w>dessa</w>
  <w>personer</w>
  <w>in</w>
  <w>i</w>
  <w>vårt</w>
  <w>samhälle</w>
  <w>kommer</w>
  <w>att</w>
  <w>helt</w>
  <w>avgörande</w>
  <w>.</w>
</absapar>
<absapar id=15 senti=3>
  <w>Låt</w>
  <w>oss</w>
  <absaspan id=47 senti=2>
    <w>gå</w>
    <w>ifrån</w>
  </absaspan>
  <absaspan id=48>
    <w>politisk</w>
    <w>teori</w>
  </absaspan>
  <w>–</w>
  <w>och</w>
  <w>gemensamt</w>
  <w>lösa</w>
  <w>integrationen</w>
  <w>i</w>
  <w>praktiken</w>
  <w>.</w>
</absapar>
<absapar id=16>
  <w>Lorri</w>
  <w>Mortensen</w>
  <w>Mates</w>
  <w>,</w>
  <w>ordförande</w>
  <w>Ledarna</w>
  <w>inom</w>
  <w>privat</w>
  <w>tjänstesektor</w>
  <w>.</w>
</absapar>
<absapar id=17>
  <w>Häng</w>
  <w>med</w>
  <w>i</w>
  <w>debatten</w>
  <w>och</w>
  <w>kommentera</w>
  <w>artikeln</w>
  <w>–</w>
  <w>följ</w>
  <w>Debatt</w>
  <w>på</w>
  <w>Facebook</w>
  <w>.</w>
</absapar>
<absapar id=18>
  <w>Ledarna</w>
  <w>inom</w>
  <w>privat</w>
  <w>tjänstesektor</w>
  <w>.</w>
</absapar>
</absadoc>
