<absadoc annotators=1 senti=>
<absatitle>
  <absaspan id=1>
    <w>Helena</w>
    <w>Trotzenfeldt</w>
  </absaspan>
  <w>;</w>
  <w>Den</w>
  <w>socialistiska</w>
  <w>moderaten</w>
  <w>?</w>
  <w>Vad</w>
  <w>vet</w>
  <w>vi</w>
  <w>om</w>
  <w>henne</w>
  <w>?</w>
</absatitle>
<absapar id=1>
  <w>Hon</w>
  <w>är</w>
  <w>inte</w>
  <w>politiker</w>
  <w>och</w>
  <w>snarare</w>
  <w>mer</w>
  <w>av</w>
  <w>en</w>
  <w>"</w>
  <w>kulturperson</w>
  <w>"</w>
  <w>varav</w>
  <w>jag</w>
  <w>postar</w>
  <w>tråden</w>
  <w>i</w>
  <w>delforumet</w>
  <w>media</w>
  <w>.</w>
  <w>Frågan</w>
  <w>är</w>
  <w>vad</w>
  <w>vet</w>
  <w>vi</w>
  <w>om</w>
  <w>henne</w>
  <w>,</w>
  <w>hennes</w>
  <absaspan id=2 senti=4>
    <w>sympatier</w>
  </absaspan>
  <w>och</w>
  <w>vad</w>
  <w>har</w>
  <w>hon</w>
  <w>för</w>
  <w>agenda</w>
  <w>med</w>
  <w>sina</w>
  <w>mediautspel</w>
  <absaspan id=3>
    <w>?</w>
  </absaspan>
  <w>Senaste</w>
  <w>alstret</w>
  <w>här</w>
  <w>:</w>
  <w>.</w>
</absapar>
<absapar id=2>
  <w>Maria</w>
  <w>Helena</w>
  <w>Lind</w>
  <w>Trotzenfeldt</w>
  <w>,</w>
  <w>tidigare</w>
  <w>Lindskog</w>
  <w>,</w>
  <w>född</w>
  <w>Paulsson</w>
  <w>5</w>
  <w>mars</w>
  <w>1966</w>
  <w>i</w>
  <w>Norrstrands</w>
  <w>församling</w>
  <w>i</w>
  <w>Karlstad</w>
  <w>,</w>
  <w>är</w>
  <w>en</w>
  <w>svensk</w>
  <w>författare</w>
  <w>.</w>
  <w>Hennes</w>
  <w>första</w>
  <w>roman</w>
  <w>kom</w>
  <w>ut</w>
  <w>2012</w>
  <w>.</w>
</absapar>
<absapar id=3>
  <w>Tydligen</w>
  <w>har</w>
  <w>hon</w>
  <w>någon</w>
  <w>koppling</w>
  <w>till</w>
  <w>vänstersajten</w>
  <w>Motargument</w>
  <w>:</w>
  <w>.</w>
</absapar>
</absadoc>
