<absadoc annotators=1 senti=>
<absatitle>
  <absaspan id=1>
    <w>SFI</w>
  </absaspan>
  <w>-</w>
  <absaspan id=2 senti=1 target=1>
    <w>ett</w>
    <w>kravlöst</w>
    <w>skämt</w>
  </absaspan>
  <w>.</w>
</absatitle>
<absapar id=1>
  <w>Förra</w>
  <w>veckan</w>
  <w>så</w>
  <w>talade</w>
  <w>jag</w>
  <w>med</w>
  <absaspan id=3>
    <w>en</w>
    <w>ny</w>
    <w>kollega</w>
    <w>på</w>
    <w>jobbet</w>
    <w>som</w>
    <w>kommer</w>
    <w>från</w>
    <w>England</w>
  </absaspan>
  <w>,</w>
  <w>och</w>
  <w>han</w>
  <w>berättade</w>
  <w>att</w>
  <w>första</w>
  <w>året</w>
  <w>så</w>
  <w>gick</w>
  <w>han</w>
  <w>på</w>
  <w>SFI</w>
  <w>och</w>
  <w>att</w>
  <w>det</w>
  <absaspan id=4 senti=1>
    <w>var</w>
    <w>en</w>
    <w>sjuk</w>
  </absaspan>
  <absaspan id=5>
    <w>upplevelse</w>
  </absaspan>
  <w>.</w>
</absapar>
<absapar id=2>
  <w>Han</w>
  <w>själv</w>
  <w>har</w>
  <w>lyckats</w>
  <w>lära</w>
  <w>sig</w>
  <w>att</w>
  <w>prata</w>
  <w>god</w>
  <w>svenska</w>
  <w>(</w>
  <w>fattar</w>
  <w>kanske</w>
  <w>90%</w>
  <w>av</w>
  <w>vad</w>
  <w>man</w>
  <w>säger</w>
  <w>,</w>
  <w>och</w>
  <w>kan</w>
  <w>uttrycka</w>
  <w>sig</w>
  <w>kanske</w>
  <w>inte</w>
  <w>grammatiskt</w>
  <w>korrekt</w>
  <w>och</w>
  <w>med</w>
  <w>brytning</w>
  <w>)</w>
  <w>men</w>
  <w>har</w>
  <w>verkligen</w>
  <w>gjort</w>
  <w>allt</w>
  <w>för</w>
  <w>att</w>
  <w>lära</w>
  <w>sig</w>
  <w>svenska</w>
  <w>detta</w>
  <w>trots</w>
  <w>att</w>
  <w>han</w>
  <w>bara</w>
  <w>vart</w>
  <w>i</w>
  <w>Sverige</w>
  <w>knappt</w>
  <w>1,5</w>
  <w>år</w>
  <w>.</w>
</absapar>
<absapar id=3>
  <w>Hursomhelst</w>
  <w>så</w>
  <w>berättade</w>
  <w>han</w>
  <w>om</w>
  <w>hur</w>
  <w>det</w>
  <w>var</w>
  <w>att</w>
  <w>gå</w>
  <w>på</w>
  <w>SFI</w>
  <w>i</w>
  <w>min</w>
  <w>kommun</w>
  <w>,</w>
  <w>att</w>
  <absaspan id=6 senti=2>
    <w>välfärdsparasiterna</w>
  </absaspan>
  <w>får</w>
  <w>stora</w>
  <w>bonusar</w>
  <w>12000</w>
  <w>-</w>
  <w>14000</w>
  <w>kr</w>
  <w>när</w>
  <w>de</w>
  <w>lyckas</w>
  <w>klara</w>
  <w>kurser</w>
  <w>som</w>
  <w>de</w>
  <w>borde</w>
  <w>tvingas</w>
  <w>till</w>
  <w>att</w>
  <w>klara</w>
  <w>är</w>
  <w>ju</w>
  <w>vida</w>
  <w>känt</w>
  <w>.</w>
</absapar>
<absapar id=4>
  <w>Men</w>
  <absaspan id=7>
    <w>undervisningen</w>
    <w>och</w>
    <w>närvaron</w>
  </absaspan>
  <absaspan id=8 senti=2>
    <w>var</w>
    <w>ett</w>
    <w>skämt</w>
  </absaspan>
  <w>,</w>
  <w>majoriteten</w>
  <w>hade</w>
  <w>läst</w>
  <w>samma</w>
  <w>kurs</w>
  <w>minst</w>
  <w>2</w>
  <w>-</w>
  <w>3</w>
  <w>ggr</w>
  <w>.</w>
</absapar>
<absapar id=5>
  <w>Enda</w>
  <w>kraven</w>
  <w>för</w>
  <w>att</w>
  <w>inte</w>
  <w>bli</w>
  <w>utsparkad</w>
  <w>från</w>
  <w>SFI</w>
  <w>var</w>
  <w>att</w>
  <w>de</w>
  <w>kom</w>
  <w>och</w>
  <w>var</w>
  <w>där</w>
  <w>en</w>
  <w>timme</w>
  <w>/</w>
  <w>vecka</w>
  <w>och</w>
  <w>skrev</w>
  <w>på</w>
  <w>en</w>
  <w>närvarolista</w>
  <w>att</w>
  <w>tilläggas</w>
  <w>kan</w>
  <w>att</w>
  <w>de</w>
  <w>inte</w>
  <w>ens</w>
  <w>behövde</w>
  <w>studera</w>
  <w>under</w>
  <w>tiden</w>
  <w>de</w>
  <w>kunde</w>
  <w>sitta</w>
  <w>med</w>
  <w>deras</w>
  <w>iphone</w>
  <w>58</w>
  <w>minuter</w>
  <w>och</w>
  <w>sedan</w>
  <w>skriva</w>
  <w>på</w>
  <w>listan</w>
  <w>de</w>
  <w>2</w>
  <w>sista</w>
  <w>minutrarna</w>
  <w>och</w>
  <w>gå</w>
  <w>hem</w>
  <w>direkt</w>
  <w>.</w>
</absapar>
<absapar id=6>
  <w>Det</w>
  <w>var</w>
  <w>tydligen</w>
  <w>rätt</w>
  <w>många</w>
  <w>som</w>
  <w>gjorde</w>
  <w>så</w>
  <w>,</w>
  <absaspan id=9>
    <w>aldrig</w>
    <w>kom</w>
    <w>till</w>
    <w>undervisningen</w>
    <w>mer</w>
    <w>än</w>
    <w>att</w>
    <w>skriva</w>
    <w>på</w>
    <w>närvarolistan</w>
  </absaspan>
  <w>.</w>
</absapar>
<absapar id=7>
  <w>Det</w>
  <w>är</w>
  <w>ett</w>
  <w>sånt</w>
  <absaspan id=10 senti=2>
    <w>hån</w>
  </absaspan>
  <w>mot</w>
  <w>oss</w>
  <w>svenska</w>
  <w>studenter</w>
  <w>,</w>
  <absaspan id=11 senti=1>
    <w>välfärdsparasiterna</w>
  </absaspan>
  <w>har</w>
  <w>inga</w>
  <w>krav</w>
  <w>,</w>
  <w>får</w>
  <w>lösa</w>
  <w>om</w>
  <w>samma</w>
  <w>kurs</w>
  <w>10</w>
  <w>+</w>
  <w>gånger</w>
  <w>,</w>
  <w>får</w>
  <w>bonusar</w>
  <w>om</w>
  <w>de</w>
  <w>äntligen</w>
  <w>lyckas</w>
  <w>klara</w>
  <w>kursen</w>
  <w>,</w>
  <w>får</w>
  <w>socialbidrag</w>
  <w>och</w>
  <w>fixad</w>
  <w>bostad</w>
  <w>av</w>
  <w>kommunen</w>
  <w>under</w>
  <w>tiden</w>
  <w>,</w>
  <w>får</w>
  <w>inga</w>
  <w>konsekvenser</w>
  <w>av</w>
  <w>om</w>
  <w>de</w>
  <w>inte</w>
  <w>ens</w>
  <w>försöker</w>
  <w>lära</w>
  <w>sig</w>
  <w>svenska</w>
  <w>.</w>
</absapar>
<absapar id=8>
  <w>Vi</w>
  <w>svenska</w>
  <w>studenter</w>
  <w>får</w>
  <w>fixa</w>
  <w>allt</w>
  <w>själv</w>
  <w>,</w>
  <w>samhället</w>
  <w>bryr</w>
  <w>sig</w>
  <w>inte</w>
  <w>.</w>
  <w>Vi</w>
  <w>tvingas</w>
  <w>dra</w>
  <w>på</w>
  <w>oss</w>
  <w>stora</w>
  <w>studielån</w>
  <w>,</w>
  <w>om</w>
  <w>man</w>
  <w>ligger</w>
  <w>back</w>
  <w>lite</w>
  <w>högskolepoäng</w>
  <w>är</w>
  <w>CSN</w>
  <w>benhårda</w>
  <w>och</w>
  <w>drar</w>
  <w>in</w>
  <w>studiemedel</w>
  <w>direkt</w>
  <w>,</w>
  <w>studenter</w>
  <w>som</w>
  <w>jobbar</w>
  <w>för</w>
  <w>mycket</w>
  <w>får</w>
  <w>bidrag</w>
  <w>indraget</w>
  <w>,</w>
  <w>när</w>
  <w>det</w>
  <w>gäller</w>
  <w>bostad</w>
  <w>så</w>
  <w>bryr</w>
  <w>sig</w>
  <w>inte</w>
  <w>myndigheterna</w>
  <w>om</w>
  <w>studenterna</w>
  <w>tvingas</w>
  <w>bo</w>
  <w>i</w>
  <w>tält</w>
  <w>eller</w>
  <w>på</w>
  <w>gatan</w>
  <w>.</w>
  <w>Man</w>
  <w>ansvarar</w>
  <w>för</w>
  <w>allt</w>
  <w>själv</w>
  <w>.</w>
</absapar>
<absapar id=9>
  <w>Är</w>
  <w>det</w>
  <w>någon</w>
  <w>här</w>
  <w>som</w>
  <w>jobbar</w>
  <w>inom</w>
  <w>SFI</w>
  <w>och</w>
  <w>kan</w>
  <w>berätta</w>
  <w>hur</w>
  <w>det</w>
  <w>ser</w>
  <w>ut</w>
  <w>på</w>
  <w>er</w>
  <w>skola</w>
  <w>/</w>
  <w>er</w>
  <w>kommun</w>
  <w>?</w>
  <w>.</w>
</absapar>
<absapar id=10>
  <w>Är</w>
  <w>ni</w>
  <w>fler</w>
  <w>som</w>
  <w>har</w>
  <w>historier</w>
  <w>att</w>
  <w>förtälja</w>
  <w>om</w>
  <w>hur</w>
  <w>det</w>
  <w>är</w>
  <w>för</w>
  <w>folk</w>
  <w>som</w>
  <w>har</w>
  <w>gått</w>
  <w>på</w>
  <w>SFI</w>
  <w>?</w>
  <w>.</w>
</absapar>
</absadoc>
