<absadoc annotators=1 senti=>
<absatitle>
  <w>Är</w>
  <w>det</w>
  <w>inte</w>
  <absaspan id=1 senti=1 target=1>
    <w>rasism</w>
  </absaspan>
  <absaspan id=2>
    <w>att</w>
    <w>flytta</w>
    <w>från</w>
    <w>kulturberikade</w>
    <w>områden</w>
  </absaspan>
  <absaspan id=3 senti=2>
    <w>?</w>
  </absaspan>
</absatitle>
<absapar id=1>
  <absaspan id=4>
    <w>De</w>
    <w>flesta</w>
    <w>svenskar</w>
    <w>anser</w>
    <w>sig</w>
    <w>inte</w>
    <w>vara</w>
    <w>rasistiska</w>
    <w>men</w>
    <w>när</w>
    <w>araber</w>
    <w>och</w>
    <w>somalier</w>
    <w>blir</w>
    <w>3</w>
    <w>-</w>
    <w>4%</w>
    <w>eller</w>
    <w>fler</w>
    <w>i</w>
    <w>ett</w>
    <w>område</w>
    <w>,</w>
    <w>då</w>
    <w>flyttar</w>
    <w>svenskar</w>
    <w>ut</w>
    <w>!</w>
  </absaspan>
  <absaspan id=5>
    <w>Men</w>
    <w>detta</w>
    <w>anser</w>
    <w>inte</w>
    <w>svenskar</w>
    <w>vara</w>
    <w>rasism</w>
    <w>,</w>
    <w>istället</w>
    <w>ställer</w>
    <w>man</w>
    <w>frågan</w>
    <w>till</w>
    <w>de</w>
    <w>som</w>
    <w>ändå</w>
    <w>försökt</w>
    <w>att</w>
    <w>integrera</w>
    <w>sig</w>
    <w>med</w>
    <w>invandrarna</w>
    <w>,</w>
    <w>varför</w>
    <w>flyttar</w>
    <w>du</w>
    <w>till</w>
    <w>ett</w>
    <w>sånt</w>
    <w>där</w>
    <w>område</w>
    <w>?</w>
  </absaspan>
  <absaspan id=6>
    <w>De</w>
    <w>svenskar</w>
    <w>som</w>
    <w>säger</w>
    <w>detta</w>
    <w>anser</w>
    <w>inte</w>
    <w>sig</w>
    <w>själva</w>
    <w>vara</w>
    <w>rasister</w>
  </absaspan>
  <w>.</w>
  <absaspan id=7 senti=2>
    <w>Mycket</w>
    <w>märkligt</w>
  </absaspan>
  <w>.</w>
  <w>Svensken</w>
  <w>säger</w>
  <w>"</w>
  <w>jag</w>
  <w>är</w>
  <w>absolut</w>
  <w>inte</w>
  <w>rasist</w>
  <w>men</w>
  <w>just</w>
  <w>JAG</w>
  <w>vill</w>
  <w>inte</w>
  <w>ha</w>
  <w>något</w>
  <w>med</w>
  <w>invandrare</w>
  <w>från</w>
  <w>Mellanöstern</w>
  <w>och</w>
  <w>Afrika</w>
  <w>att</w>
  <w>göra</w>
  <w>"</w>
  <w>.</w>
  <w>Men</w>
  <w>protesterar</w>
  <w>svenskarna</w>
  <w>?</w>
  <w>Nej</w>
  <w>det</w>
  <w>är</w>
  <w>bara</w>
  <w>att</w>
  <w>flytta</w>
  <w>till</w>
  <w>ett</w>
  <w>etniskt</w>
  <w>svenskt</w>
  <w>område</w>
  <w>så</w>
  <w>är</w>
  <w>problemet</w>
  <w>löst</w>
  <w>!</w>
  <w>.</w>
</absapar>
</absadoc>
