<absadoc annotators=1 senti=>
<absatitle>
  <w>Mordoffers</w>
  <w>anhöriga</w>
  <absaspan id=1 senti=4>
    <w>måste</w>
    <w>få</w>
    <w>bättre</w>
    <w>stöd</w>
  </absaspan>
  <w>.</w>
</absatitle>
<absapar id=1>
  <absaspan id=2>
    <w>Anhöriga</w>
  </absaspan>
  <absaspan id=3>
    <w>till</w>
    <w>mordoffer</w>
  </absaspan>
  <w>har</w>
  <w>under</w>
  <w>lång</w>
  <w>tid</w>
  <w>inte</w>
  <w>fått</w>
  <absaspan id=4>
    <w>den</w>
    <w>uppmärksamhet</w>
  </absaspan>
  <absaspan id=5>
    <w>de</w>
  </absaspan>
  <absaspan id=6 senti=5>
    <w>så</w>
    <w>utomordentligt</w>
    <w>väl</w>
    <w>är</w>
    <w>värda</w>
  </absaspan>
  <w>.</w>
  <w>Medan</w>
  <w>stora</w>
  <w>vårdresurser</w>
  <w>står</w>
  <w>redo</w>
  <w>för</w>
  <w>mördarna</w>
  <w>blir</w>
  <w>offrens</w>
  <w>anhöriga</w>
  <absaspan id=7 senti=2>
    <w>ofta</w>
    <w>lämnade</w>
    <w>att</w>
    <w>själva</w>
    <w>ordna</w>
    <w>med</w>
    <w>vård</w>
    <w>och</w>
    <w>stöd</w>
  </absaspan>
  <w>.</w>
  <w>Detta</w>
  <w>trots</w>
  <w>att</w>
  <w>de</w>
  <absaspan id=8 senti=1>
    <w>ofta</w>
    <w>drabbas</w>
    <w>av</w>
  </absaspan>
  <absaspan id=9 senti=1>
    <w>ett</w>
    <w>livslångt</w>
    <w>lidande</w>
  </absaspan>
  <w>och</w>
  <w>generellt</w>
  <w>sett</w>
  <w>har</w>
  <w>ett</w>
  <w>stort</w>
  <w>behov</w>
  <w>av</w>
  <w>ett</w>
  <absaspan id=10 senti=4>
    <w>fullgott</w>
    <w>och</w>
    <w>långvarigt</w>
    <w>stöd</w>
  </absaspan>
  <w>i</w>
  <w>sin</w>
  <absaspan id=11 senti=2>
    <w>svåra</w>
    <w>situation</w>
  </absaspan>
  <w>.</w>
  <w>Jag</w>
  <w>vet</w>
  <w>,</w>
  <w>eftersom</w>
  <w>jag</w>
  <w>under</w>
  <w>min</w>
  <w>långa</w>
  <w>karriär</w>
  <w>inom</w>
  <w>rättsväsendet</w>
  <w>mött</w>
  <w>många</w>
  <w>av</w>
  <w>de</w>
  <w>drabbade</w>
  <w>och</w>
  <w>deras</w>
  <absaspan id=12 senti=1>
    <w>oerhörda</w>
    <w>sorg</w>
  </absaspan>
  <w>.</w>
</absapar>
<absapar id=2>
  <w>Därför</w>
  <w>är</w>
  <w>Brottsofferjouren</w>
  <w>nu</w>
  <w>med</w>
  <w>som</w>
  <w>samarbetspartner</w>
  <w>när</w>
  <w>TV3</w>
  <w>sänder</w>
  <w>serien</w>
  <w>”</w>
  <w>Mordet</w>
  <w>”</w>
  <w>,</w>
  <w>där</w>
  <w>kanalen</w>
  <w>tar</w>
  <w>upp</w>
  <w>fem</w>
  <w>mordfall</w>
  <w>helt</w>
  <w>utifrån</w>
  <w>offrens</w>
  <w>och</w>
  <w>de</w>
  <w>anhörigas</w>
  <w>perspektiv</w>
  <w>.</w>
  <absaspan id=13>
    <w>Vi</w>
  </absaspan>
  <w>tycker</w>
  <w>det</w>
  <absaspan id=14 senti=4>
    <w>är</w>
    <w>viktigt</w>
  </absaspan>
  <absaspan id=15>
    <w>att</w>
    <w>vi</w>
    <w>etablerar</w>
    <w>ett</w>
    <w>starkare</w>
    <w>offerperspektiv</w>
    <w>inom</w>
    <w>rättsväsendet</w>
    <w>i</w>
    <w>synnerhet</w>
    <w>och</w>
    <w>samhället</w>
    <w>i</w>
    <w>allmänhet</w>
  </absaspan>
  <w>.</w>
  <w>Det</w>
  <w>normala</w>
  <w>är</w>
  <w>att</w>
  <w>fokus</w>
  <w>hamnar</w>
  <w>på</w>
  <absaspan id=16 senti=2>
    <w>förövarna</w>
  </absaspan>
  <w>,</w>
  <w>mordjakten</w>
  <w>och</w>
  <w>rättsprocessen</w>
  <absaspan id=17>
    <w>.</w>
  </absaspan>
  <w>Medan</w>
  <w>mördarna</w>
  <w>har</w>
  <w>tiden</w>
  <w>på</w>
  <w>sin</w>
  <w>sida</w>
  <w>är</w>
  <w>mordoffren</w>
  <w>ställda</w>
  <w>utanför</w>
  <w>tid</w>
  <w>och</w>
  <w>rum</w>
  <w>,</w>
  <w>oförmögna</w>
  <w>att</w>
  <w>föra</w>
  <w>sin</w>
  <w>talan</w>
  <absaspan id=18 senti=2>
    <w>.</w>
  </absaspan>
</absapar>
<absapar id=3>
  <w>När</w>
  <w>vi</w>
  <w>blickar</w>
  <w>bakåt</w>
  <w>i</w>
  <w>tiden</w>
  <w>har</w>
  <w>det</w>
  <w>straffrättsliga</w>
  <w>förfarandet</w>
  <w>i</w>
  <w>vårt</w>
  <w>land</w>
  <w>under</w>
  <w>många</w>
  <w>år</w>
  <w>i</w>
  <w>första</w>
  <w>hand</w>
  <w>haft</w>
  <w>fokus</w>
  <w>på</w>
  <w>att</w>
  <w>tillgodose</w>
  <w>den</w>
  <w>misstänktes</w>
  <w>eller</w>
  <w>tilltalades</w>
  <w>intressen</w>
  <w>.</w>
  <w>Det</w>
  <w>har</w>
  <w>gällt</w>
  <w>såväl</w>
  <w>den</w>
  <w>centrala</w>
  <w>frågan</w>
  <w>om</w>
  <w>möjlighet</w>
  <w>att</w>
  <w>få</w>
  <absaspan id=19>
    <w>ett</w>
  </absaspan>
  <absaspan id=20 senti=4>
    <w>fullgott</w>
  </absaspan>
  <absaspan id=21>
    <w>juridiskt</w>
    <w>stöd</w>
    <w>i</w>
    <w>form</w>
    <w>av</w>
    <w>försvarare</w>
  </absaspan>
  <w>,</w>
  <w>inte</w>
  <w>minst</w>
  <w>i</w>
  <w>allvarligare</w>
  <w>brottmål</w>
  <w>,</w>
  <w>som</w>
  <absaspan id=22 senti=4>
    <w>möjligheterna</w>
    <w>att</w>
    <w>få</w>
    <w>god</w>
    <w>vård</w>
  </absaspan>
  <w>inom</w>
  <w>en</w>
  <absaspan id=23>
    <w>så</w>
  </absaspan>
  <absaspan id=24 senti=4>
    <w>human</w>
  </absaspan>
  <absaspan id=25>
    <w>kriminalvård</w>
    <w>som</w>
    <w>möjligt</w>
  </absaspan>
  <w>efter</w>
  <w>fällande</w>
  <w>dom</w>
  <absaspan id=26>
    <w>.</w>
  </absaspan>
  <w>Först</w>
  <w>på</w>
  <w>senare</w>
  <w>år</w>
  <w>har</w>
  <w>brottsofferrollen</w>
  <w>uppmärksammats</w>
  <w>mer</w>
  <w>,</w>
  <w>till</w>
  <w>exempel</w>
  <w>genom</w>
  <w>att</w>
  <w>en</w>
  <w>målsägande</w>
  <w>fått</w>
  <w>möjlighet</w>
  <w>att</w>
  <w>i</w>
  <w>viss</w>
  <w>utsträckning</w>
  <w>få</w>
  <w>juridiskt</w>
  <w>stöd</w>
  <w>i</w>
  <w>form</w>
  <w>av</w>
  <w>ett</w>
  <w>målsägandebiträde</w>
  <w>.</w>
  <w>Även</w>
  <w>den</w>
  <absaspan id=27 senti=4>
    <w>medmänskliga</w>
    <w>ideella</w>
    <w>stödverksamheten</w>
  </absaspan>
  <w>har</w>
  <w>byggts</w>
  <w>upp</w>
  <w>och</w>
  <w>utvecklats</w>
  <w>under</w>
  <w>en</w>
  <w>följd</w>
  <w>av</w>
  <w>år</w>
  <w>.</w>
</absapar>
<absapar id=4>
  <w>Alltjämt</w>
  <w>finns</w>
  <w>det</w>
  <w>mycket</w>
  <w>att</w>
  <w>förbättra</w>
  <w>på</w>
  <w>målsägandesidan</w>
  <w>,</w>
  <w>utan</w>
  <w>att</w>
  <w>det</w>
  <w>inskränker</w>
  <w>de</w>
  <w>misstänkta</w>
  <w>eller</w>
  <w>tilltalades</w>
  <w>rättigheter</w>
  <w>.</w>
  <w>Inte</w>
  <w>minst</w>
  <absaspan id=28>
    <w>EU</w>
    <w>:</w>
    <w>s</w>
  </absaspan>
  <absaspan id=29 senti=4>
    <w>viktiga</w>
  </absaspan>
  <absaspan id=30>
    <w>brottsofferdirektiv</w>
    <w>(</w>
    <w>2012</w>
    <w>/</w>
    <w>29</w>
    <w>/</w>
    <w>EU</w>
    <w>)</w>
  </absaspan>
  <w>ger</w>
  <w>anledning</w>
  <w>att</w>
  <w>noga</w>
  <w>se</w>
  <w>över</w>
  <w>hur</w>
  <w>allt</w>
  <absaspan id=31 senti=4>
    <w>kan</w>
    <w>fungera</w>
    <w>än</w>
    <w>bättre</w>
  </absaspan>
  <w>framöver</w>
  <w>.</w>
  <w>Enligt</w>
  <w>direktivet</w>
  <w>avses</w>
  <w>också</w>
  <w>familjemedlemmar</w>
  <w>i</w>
  <w>begreppet</w>
  <w>brottsoffer</w>
  <w>.</w>
</absapar>
<absapar id=5>
  <w>EU-direktivet</w>
  <w>syftar</w>
  <w>till</w>
  <w>att</w>
  <w>säkerställa</w>
  <w>att</w>
  <w>brottsoffer</w>
  <w>–</w>
  <w>också</w>
  <w>reellt</w>
  <w>och</w>
  <w>väl</w>
  <w>fungerande</w>
  <w>–</w>
  <w>får</w>
  <absaspan id=32 senti=4>
    <w>lämplig</w>
  </absaspan>
  <absaspan id=33>
    <w>information</w>
  </absaspan>
  <w>,</w>
  <absaspan id=34 senti=4>
    <w>lämpligt</w>
    <w>stöd</w>
    <w>och</w>
    <w>skydd</w>
  </absaspan>
  <w>och</w>
  <absaspan id=35>
    <w>kan</w>
    <w>medverka</w>
    <w>i</w>
    <w>straffrättsliga</w>
    <w>förfaranden</w>
  </absaspan>
  <absaspan id=36 senti=4>
    <w>på</w>
    <w>ett</w>
    <w>bra</w>
    <w>sätt</w>
  </absaspan>
  <w>.</w>
  <w>En</w>
  <w>förundersökning</w>
  <w>och</w>
  <w>en</w>
  <w>därefter</w>
  <w>eventuellt</w>
  <w>följande</w>
  <w>brottmålsprocess</w>
  <w>berör</w>
  <w>ju</w>
  <w>i</w>
  <w>högsta</w>
  <w>grad</w>
  <w>brottsoffren</w>
  <w>.</w>
</absapar>
<absapar id=6>
  <w>Alla</w>
  <w>brottsoffer</w>
  <w>ska</w>
  <w>enligt</w>
  <absaspan id=37>
    <w>EU-direktivet</w>
  </absaspan>
  <absaspan id=38 senti=4>
    <w>erkännas</w>
    <w>och</w>
    <w>behandlas</w>
    <w>på</w>
    <w>ett</w>
    <w>respektfullt</w>
    <w>,</w>
    <w>individuellt</w>
    <w>,</w>
    <w>professionellt</w>
    <w>och</w>
    <w>icke-diskriminerande</w>
    <w>sätt</w>
  </absaspan>
  <w>.</w>
  <w>Det</w>
  <w>är</w>
  <w>naturligt</w>
  <w>att</w>
  <w>familjemedlemmar</w>
  <w>till</w>
  <w>mordoffer</w>
  <w>i</w>
  <w>hög</w>
  <w>grad</w>
  <w>har</w>
  <w>behov</w>
  <w>av</w>
  <w>kostnadsfria</w>
  <w>och</w>
  <w>konfidentiella</w>
  <w>specialiserade</w>
  <w>stödverksamheter</w>
  <w>,</w>
  <w>till</w>
  <w>exempel</w>
  <w>genom</w>
  <w>psykolog</w>
  <w>.</w>
  <absaspan id=39>
    <w>Statens</w>
    <w>ansvar</w>
  </absaspan>
  <absaspan id=40 senti=4>
    <w>måste</w>
    <w>vara</w>
  </absaspan>
  <absaspan id=41>
    <w>långtgående</w>
  </absaspan>
  <w>.</w>
  <w>I</w>
  <w>dag</w>
  <w>är</w>
  <w>det</w>
  <w>inte</w>
  <w>ens</w>
  <w>automatiskt</w>
  <w>skäl</w>
  <w>för</w>
  <w>sjukskrivning</w>
  <w>när</w>
  <w>ditt</w>
  <w>barn</w>
  <w>har</w>
  <w>mördats</w>
  <w>.</w>
</absapar>
<absapar id=7>
  <absaspan id=42>
    <w>Professionella</w>
    <w>stödinsatser</w>
    <w>kombineras</w>
  </absaspan>
  <absaspan id=43 senti=4>
    <w>lämpligen</w>
  </absaspan>
  <absaspan id=44>
    <w>genom</w>
    <w>ideellt</w>
    <w>emotionellt</w>
    <w>stöd</w>
  </absaspan>
  <w>som</w>
  <w>också</w>
  <w>tillhandahåller</w>
  <w>rådgivning</w>
  <w>och</w>
  <w>information</w>
  <w>om</w>
  <w>de</w>
  <w>möjliga</w>
  <w>professionella</w>
  <w>stödinsatser</w>
  <w>som</w>
  <w>kan</w>
  <w>erbjudas</w>
  <w>.</w>
</absapar>
<absapar id=8>
  <absaspan id=45>
    <w>Inom</w>
    <w>Brottsofferjouren</w>
    <w>Sverige</w>
  </absaspan>
  <absaspan id=46 senti=4>
    <w>verkar</w>
    <w>vi</w>
    <w>för</w>
  </absaspan>
  <absaspan id=47>
    <w>att</w>
    <w>Sverige</w>
    <w>fullt</w>
    <w>ut</w>
    <w>och</w>
    <w>på</w>
    <w>bästa</w>
    <w>sätt</w>
    <w>ska</w>
    <w>uppfylla</w>
    <w>kraven</w>
    <w>enligt</w>
    <w>EU-direktivet</w>
  </absaspan>
  <w>.</w>
  <w>Vi</w>
  <w>bör</w>
  <w>alltså</w>
  <w>se</w>
  <w>på</w>
  <w>nämnda</w>
  <w>krav</w>
  <w>från</w>
  <w>ett</w>
  <absaspan id=48 senti=4>
    <w>positivt</w>
  </absaspan>
  <w>och</w>
  <w>icke-minimalistiskt</w>
  <absaspan id=49>
    <w>betraktelsesätt</w>
  </absaspan>
  <w>.</w>
  <absaspan id=50>
    <w>Sverige</w>
  </absaspan>
  <absaspan id=51 senti=5>
    <w>bör</w>
    <w>bli</w>
    <w>ett</w>
    <w>föregångsland</w>
  </absaspan>
  <w>vad</w>
  <w>gäller</w>
  <w>villkoren</w>
  <w>för</w>
  <w>brottsoffer</w>
  <w>i</w>
  <w>alla</w>
  <w>avseenden</w>
  <w>.</w>
</absapar>
<absapar id=9>
  <w>Sven-Erik</w>
  <w>Alhem</w>
  <w>.</w>
</absapar>
<absapar id=10>
  <w>FAKTA</w>
  <w>.</w>
</absapar>
<absapar id=11>
  <w>REN</w>
  <w>.</w>
</absapar>
<absapar id=12>
  <w>N</w>
  <w>.</w>
</absapar>
</absadoc>
