<absadoc annotators=1 senti=>
<absatitle>
  <w>Vill</w>
  <w>du</w>
  <w>ge</w>
  <w>mig</w>
  <w>alla</w>
  <w>fördelarna</w>
  <w>som</w>
  <w>finns</w>
  <w>med</w>
  <w>den</w>
  <w>stora</w>
  <w>invandringen</w>
  <w>?</w>
</absatitle>
<absapar id=1>
  <w>Vill</w>
  <w>någon</w>
  <w>förklara</w>
  <w>för</w>
  <w>mig</w>
  <w>vad</w>
  <w>Sverige</w>
  <w>och</w>
  <w>svenska</w>
  <w>folket</w>
  <w>tjänar</w>
  <w>på</w>
  <w>att</w>
  <w>ha</w>
  <w>den</w>
  <w>invandringskvot</w>
  <w>vi</w>
  <w>har</w>
  <w>till</w>
  <w>Sverige</w>
  <w>idag</w>
  <w>.</w>
</absapar>
<absapar id=2>
  <w>Nackdelarna</w>
  <w>vet</w>
  <w>jag</w>
  <w>redan</w>
  <w>men</w>
  <w>visa</w>
  <w>hävdar</w>
  <w>att</w>
  <w>det</w>
  <w>finns</w>
  <w>fördelar</w>
  <w>också</w>
  <w>,</w>
  <w>men</w>
  <w>vad</w>
  <w>skulle</w>
  <w>det</w>
  <w>vara</w>
  <w>för</w>
  <w>fördelar</w>
  <w>?</w>
  <w>.</w>
</absapar>
<absapar id=3>
  <w>Att</w>
  <w>invandrare</w>
  <w>tar</w>
  <w>jobb</w>
  <w>som</w>
  <w>svenskar</w>
  <w>inte</w>
  <w>vill</w>
  <w>ha</w>
  <w>är</w>
  <w>en</w>
  <w>stor</w>
  <w>lögn</w>
  <w>,</w>
  <w>som</w>
  <w>många</w>
  <w>tyvärr</w>
  <w>tro</w>
  <w>på</w>
  <w>än</w>
  <w>idag</w>
  <w>.</w>
</absapar>
<absapar id=4>
  <absaspan id=1>
    <w>Att</w>
    <w>vi</w>
    <w>inte</w>
    <w>skulle</w>
    <w>ha</w>
    <w>pizza</w>
  </absaspan>
  <w>finner</w>
  <w>jag</w>
  <absaspan id=2 senti=2>
    <w>inte</w>
    <w>ens</w>
    <w>skrattretande</w>
    <w>längre</w>
  </absaspan>
  <w>för</w>
  <w>det</w>
  <w>finns</w>
  <w>de</w>
  <w>som</w>
  <w>verkligen</w>
  <w>tror</w>
  <w>att</w>
  <w>så</w>
  <w>är</w>
  <w>fallet</w>
  <w>.</w>
</absapar>
<absapar id=5>
  <w>Nej</w>
  <w>jag</w>
  <w>är</w>
  <w>inte</w>
  <w>rasist</w>
  <w>.</w>
</absapar>
<absapar id=6>
  <w>Tror</w>
  <w>du</w>
  <w>det</w>
  <w>så</w>
  <w>vet</w>
  <w>du</w>
  <w>inte</w>
  <w>vad</w>
  <w>en</w>
  <w>rasist</w>
  <w>är</w>
  <w>.</w>
</absapar>
<absapar id=7>
  <w>Då</w>
  <w>är</w>
  <w>du</w>
  <w>en</w>
  <w>av</w>
  <w>de</w>
  <w>som</w>
  <w>tror</w>
  <w>man</w>
  <w>är</w>
  <w>rasist</w>
  <w>för</w>
  <w>att</w>
  <w>man</w>
  <w>vill</w>
  <w>rädda</w>
  <w>sitt</w>
  <w>land</w>
  <w>från</w>
  <w>inbördeskrig</w>
  <w>.</w>
</absapar>
<absapar id=8>
  <w>För</w>
  <w>att</w>
  <w>vara</w>
  <w></w>
  <w>värdig</w>
  <w></w>
  <w>till</w>
  <w>att</w>
  <w>kallas</w>
  <w>för</w>
  <w>rasist</w>
  <w>så</w>
  <w>måste</w>
  <w>man</w>
  <w>bevisa</w>
  <w>mycket</w>
  <w>,</w>
  <w>man</w>
  <w>måste</w>
  <w>visa</w>
  <w>att</w>
  <w>man</w>
  <w>hatar</w>
  <w>allt</w>
  <w>annat</w>
  <w>folk</w>
  <w>som</w>
  <w>har</w>
  <w>en</w>
  <w>annan</w>
  <w>hudfärg</w>
  <w>än</w>
  <w>vad</w>
  <w>man</w>
  <w>själv</w>
  <w>har</w>
  <w>,</w>
  <w>och</w>
  <w>man</w>
  <w>ska</w>
  <w>hata</w>
  <w>alla</w>
  <w>oavsett</w>
  <w>om</w>
  <w>de</w>
  <w>bor</w>
  <w>kvar</w>
  <w>i</w>
  <w>sina</w>
  <w>hemländer</w>
  <w>och</w>
  <w>gör</w>
  <w>rätt</w>
  <w>för</w>
  <w>sig</w>
  <w>.</w>
  <w>En</w>
  <absaspan id=3>
    <w>rasist</w>
    <w>dömer</w>
    <w>människor</w>
    <w>efter</w>
    <w>hudfärg</w>
  </absaspan>
  <w>,</w>
  <w>detta</w>
  <absaspan id=4 senti=1>
    <w>är</w>
    <w>givetvis</w>
    <w>helt</w>
    <w>åt</w>
    <w>helvete</w>
  </absaspan>
  <w>.</w>
</absapar>
<absapar id=9>
  <w>Man</w>
  <w>får</w>
  <w>inte</w>
  <w>kallas</w>
  <w>för</w>
  <w>rasist</w>
  <w>bara</w>
  <w>för</w>
  <w>att</w>
  <w>man</w>
  <w>är</w>
  <w>emot</w>
  <w>invandrare</w>
  <w>i</w>
  <w>Sverige</w>
  <w>,</w>
  <w>det</w>
  <w>är</w>
  <w>ju</w>
  <w>lika</w>
  <w>illa</w>
  <w>som</w>
  <w>att</w>
  <w>kalla</w>
  <w>sig</w>
  <w>för</w>
  <w>elektriker</w>
  <w>för</w>
  <w>att</w>
  <w>man</w>
  <w>kan</w>
  <w>skruva</w>
  <w>i</w>
  <w>en</w>
  <w>glödlampa</w>
  <w>.</w>
</absapar>
<absapar id=10>
  <w>Så</w>
  <w>åter</w>
  <w>till</w>
  <w>huvudfråga</w>
  <w>,</w>
  <w>kan</w>
  <w>någon</w>
  <w>vänlig</w>
  <w>själ</w>
  <w>informera</w>
  <w>mig</w>
  <w>om</w>
  <w>alla</w>
  <w>fördelar</w>
  <w>som</w>
  <w>den</w>
  <w>stora</w>
  <w>invandringen</w>
  <w>för</w>
  <w>med</w>
  <w>sig</w>
  <w>till</w>
  <w>Sverige</w>
  <w>?</w>
  <w>.</w>
</absapar>
</absadoc>
