<absadoc annotators=1 senti=>
<absatitle>
  <w>Ge</w>
  <w>inte</w>
  <w>efter</w>
  <w>för</w>
  <absaspan id=1 senti=1 target=1>
    <w>talibaner</w>
  </absaspan>
  <w>och</w>
  <absaspan id=2 senti=1 target=2>
    <w>extremism</w>
  </absaspan>
  <w>.</w>
</absatitle>
<absapar id=1>
  <absaspan id=3>
    <w>Regimen</w>
    <w>i</w>
    <w>Kabul</w>
    <w>är</w>
    <w>mer</w>
    <w>intresserad</w>
    <w>av</w>
  </absaspan>
  <w>att</w>
  <absaspan id=4 senti=2>
    <w>plundra</w>
    <w>statskassan</w>
    <w>än</w>
    <w>att</w>
    <w>bekämpa</w>
    <w>talibanerna</w>
  </absaspan>
  <w>.</w>
  <absaspan id=5>
    <w>Om</w>
    <w>Sverige</w>
    <w>lämnar</w>
    <w>Afghanistan</w>
  </absaspan>
  <absaspan id=6 senti=2>
    <w>innebär</w>
  </absaspan>
  <w>det</w>
  <w>i</w>
  <w>princip</w>
  <absaspan id=7 senti=2>
    <w>kapitulation</w>
  </absaspan>
  <absaspan id=8 senti=2>
    <w>mot</w>
    <w>talibaner</w>
    <w>och</w>
    <w>extremism</w>
  </absaspan>
  <absaspan id=9>
    <w>.</w>
  </absaspan>
  <w>Det</w>
  <w>skriver</w>
  <w>Ali</w>
  <w>Abozar</w>
  <w>,</w>
  <w>statsvetare</w>
  <w>och</w>
  <w>ordförande</w>
  <w>i</w>
  <w>Föreningen</w>
  <w>Afghanistanier</w>
  <w>i</w>
  <w>Sverige</w>
  <w>.</w>
</absapar>
<absapar id=2>
  <w>De</w>
  <w>senaste</w>
  <w>striderna</w>
  <w>i</w>
  <w>norra</w>
  <w>Afghanistan</w>
  <w>är</w>
  <w>ett</w>
  <w>resultat</w>
  <w>av</w>
  <absaspan id=10 senti=1>
    <w>talibaners</w>
  </absaspan>
  <w>framryckning</w>
  <w>.</w>
  <w>Rörelsen</w>
  <w>försöker</w>
  <w>att</w>
  <w>stärka</w>
  <w>sin</w>
  <w>position</w>
  <w>i</w>
  <w>de</w>
  <w>norra</w>
  <w>och</w>
  <w>centrala</w>
  <w>delarna</w>
  <w>av</w>
  <w>landet</w>
  <w>.</w>
  <w>I</w>
  <w>avsaknad</w>
  <w>av</w>
  <w>militär</w>
  <w>närvaro</w>
  <w>i</w>
  <w>många</w>
  <w>delar</w>
  <w>av</w>
  <w>Afghanistan</w>
  <w>har</w>
  <absaspan id=11 senti=1>
    <w>talibaner</w>
  </absaspan>
  <w>organiserat</w>
  <w>och</w>
  <w>mobiliserat</w>
  <w>en</w>
  <w>offensiv</w>
  <w>för</w>
  <w>att</w>
  <w>ta</w>
  <w>över</w>
  <w>kontrollen</w>
  <w>av</w>
  <w>ett</w>
  <w>större</w>
  <w>territorium</w>
  <w>.</w>
</absapar>
<absapar id=3>
  <w>Det</w>
  <w>här</w>
  <w>är</w>
  <w>en</w>
  <w>argumenterande</w>
  <w>text</w>
  <w>med</w>
  <w>syfte</w>
  <w>att</w>
  <w>påverka</w>
  <w>.</w>
  <w>Åsikterna</w>
  <w>som</w>
  <w>uttrycks</w>
  <w>är</w>
  <w>skribentens</w>
  <w>egna</w>
  <w>.</w>
</absapar>
<absapar id=4>
  <w>Det</w>
  <absaspan id=12 senti=2>
    <w>är</w>
    <w>inte</w>
    <w>konstigt</w>
  </absaspan>
  <w>att</w>
  <absaspan id=13>
    <w>svenska</w>
    <w>trupper</w>
    <w>i</w>
    <w>norra</w>
    <w>Afghanistan</w>
    <w>blir</w>
    <w>mer</w>
    <w>och</w>
    <w>mer</w>
    <w>indragna</w>
    <w>i</w>
    <w>strider</w>
    <w>med</w>
    <w>talibaner</w>
    <w>och</w>
    <w>andra</w>
    <w>upprorsmän</w>
  </absaspan>
  <w>.</w>
  <w>Detta</w>
  <w>kommer</w>
  <w>att</w>
  <w>öka</w>
  <w>framöver</w>
  <w>eftersom</w>
  <absaspan id=14 senti=1>
    <w>talibanerna</w>
  </absaspan>
  <w>blir</w>
  <w>allt</w>
  <w>starkare</w>
  <w>medan</w>
  <w>den</w>
  <w>utländska</w>
  <w>militära</w>
  <w>närvaron</w>
  <w>är</w>
  <w>densamma</w>
  <w>.</w>
</absapar>
<absapar id=5>
  <w>För</w>
  <w>att</w>
  <absaspan id=15>
    <w>vända</w>
    <w>utvecklingen</w>
  </absaspan>
  <absaspan id=16 senti=4>
    <w>krävs</w>
    <w>en</w>
    <w>ökad</w>
    <w>militär</w>
    <w>insats</w>
  </absaspan>
  <w>båda</w>
  <w>från</w>
  <w>den</w>
  <w>afghanska</w>
  <w>regeringens</w>
  <w>och</w>
  <w>dess</w>
  <w>allierades</w>
  <w>sida</w>
  <w>.</w>
  <w>Trots</w>
  <w>att</w>
  <w>nio</w>
  <w>år</w>
  <w>har</w>
  <w>gått</w>
  <w>med</w>
  <w>det</w>
  <w>nya</w>
  <w>styret</w>
  <w>och</w>
  <w>utländsk</w>
  <w>närvaro</w>
  <w>i</w>
  <w>Afghanistan</w>
  <w>har</w>
  <absaspan id=17>
    <w>säkerhetsläget</w>
  </absaspan>
  <absaspan id=18 senti=2>
    <w>inte</w>
    <w>förbättrats</w>
  </absaspan>
  <w>i</w>
  <w>landet</w>
  <w>,</w>
  <w>utan</w>
  <absaspan id=19 senti=2>
    <w>försämrats</w>
  </absaspan>
  <w>i</w>
  <w>takt</w>
  <w>med</w>
  <absaspan id=20 senti=1>
    <w>talibanernas</w>
  </absaspan>
  <w>återkomst</w>
  <w>.</w>
  <w>Detta</w>
  <w>visar</w>
  <w>en</w>
  <absaspan id=21 senti=2>
    <w>brist</w>
    <w>på</w>
    <w>insikt</w>
  </absaspan>
  <w>hos</w>
  <absaspan id=22>
    <w>USA</w>
    <w>och</w>
    <w>dess</w>
    <w>allierade</w>
  </absaspan>
  <w>om</w>
  <w>den</w>
  <w>militära</w>
  <w>insatsen</w>
  <w>i</w>
  <w>Afghanistan</w>
  <w>.</w>
</absapar>
<absapar id=6>
  <w>I</w>
  <w>början</w>
  <w>av</w>
  <w>invasionen</w>
  <w>var</w>
  <w>USA</w>
  <w>:</w>
  <w>s</w>
  <w>uppdrag</w>
  <w>att</w>
  <w>jaga</w>
  <w>och</w>
  <w>gripa</w>
  <w>al-Qaida</w>
  <w>och</w>
  <w>talibanledarna</w>
  <w>.</w>
  <w>Ändå</w>
  <w>kom</w>
  <w>Usama</w>
  <w>bin</w>
  <w>Ladin</w>
  <w>och</w>
  <w>Mulla</w>
  <w>Muhammad</w>
  <w>Omar</w>
  <w>undan</w>
  <w>,</w>
  <w>på</w>
  <w>grund</w>
  <w>av</w>
  <w>stöd</w>
  <w>från</w>
  <w>krigsherrar</w>
  <w>.</w>
  <w>Efter</w>
  <absaspan id=23 senti=1>
    <w>talibanernas</w>
  </absaspan>
  <w>fall</w>
  <w>såg</w>
  <absaspan id=24>
    <w>USA</w>
  </absaspan>
  <w>Pakistan</w>
  <w>som</w>
  <w>sin</w>
  <w>bästa</w>
  <w>bundsförvant</w>
  <w>i</w>
  <w>kriget</w>
  <w>mot</w>
  <w>terrorismen</w>
  <absaspan id=25 senti=2>
    <w>utan</w>
    <w>insikten</w>
    <w>om</w>
    <w>att</w>
    <w>Pakistan</w>
    <w>var</w>
    <w>på</w>
    <w>väg</w>
    <w>att</w>
    <w>återskapa</w>
    <w>talibanrörelsen</w>
    <w>på</w>
    <w>nytt</w>
  </absaspan>
  <w>.</w>
  <w>Anledningen</w>
  <w>till</w>
  <w>Pakistans</w>
  <w>agerande</w>
  <w>då</w>
  <w>och</w>
  <w>nu</w>
  <w>är</w>
  <w>att</w>
  <w>ett</w>
  <absaspan id=26>
    <w>stabilt</w>
    <w>Afghanistan</w>
  </absaspan>
  <absaspan id=27 senti=2>
    <w>hotar</w>
    <w>Pakistan</w>
  </absaspan>
  <w>och</w>
  <w>att</w>
  <w>Pakistan</w>
  <w>utan</w>
  <w>kriget</w>
  <w>i</w>
  <w>Afghanistan</w>
  <w>förlorar</w>
  <w>sin</w>
  <w>strategiska</w>
  <w>position</w>
  <w>vilket</w>
  <w>innebär</w>
  <w>mindre</w>
  <w>militär</w>
  <w>,</w>
  <w>politisk</w>
  <w>och</w>
  <w>ekonomisk</w>
  <w>hjälp</w>
  <w>från</w>
  <w>västvärlden</w>
  <w>till</w>
  <w>Pakistan</w>
  <w>.</w>
</absapar>
<absapar id=7>
  <absaspan id=28>
    <w>USA</w>
    <w>och</w>
    <w>dess</w>
    <w>allierade</w>
  </absaspan>
  <absaspan id=29 senti=4>
    <w>tror</w>
  </absaspan>
  <w>att</w>
  <absaspan id=30>
    <w>kriget</w>
    <w>kan</w>
    <w>vinnas</w>
    <w>med</w>
    <w>pengar</w>
  </absaspan>
  <w>,</w>
  <w>och</w>
  <w>att</w>
  <absaspan id=31>
    <w>ökade</w>
    <w>biståndsinsatser</w>
    <w>och</w>
    <w>mer</w>
    <w>ekonomisk</w>
    <w>hjälp</w>
    <w>till</w>
    <w>oligarker</w>
    <w>i</w>
    <w>Kabul</w>
    <w>kan</w>
    <w>skapa</w>
    <w>fred</w>
    <w>och</w>
    <w>säkerhet</w>
  </absaspan>
  <w>.</w>
  <w>Men</w>
  <absaspan id=32 senti=2>
    <w>problemet</w>
  </absaspan>
  <w>är</w>
  <w>att</w>
  <absaspan id=33>
    <w>regimen</w>
    <w>i</w>
    <w>Kabul</w>
    <w>är</w>
    <w>mer</w>
    <w>benägen</w>
    <w>att</w>
    <w>plundra</w>
    <w>statskassan</w>
    <w>än</w>
    <w>att</w>
    <w>bekämpa</w>
    <w>talibaner</w>
  </absaspan>
  <w>och</w>
  <w>skapa</w>
  <w>säkerhet</w>
  <w>och</w>
  <w>trygghet</w>
  <w>för</w>
  <w>sitt</w>
  <w>folk</w>
  <w>.</w>
  <w>Det</w>
  <w>finns</w>
  <w>även</w>
  <w>element</w>
  <w>inom</w>
  <w>regeringen</w>
  <w>som</w>
  <w>är</w>
  <w>allierade</w>
  <w>med</w>
  <w>Pakistan</w>
  <w>och</w>
  <absaspan id=34 senti=1>
    <w>talibaner</w>
  </absaspan>
  <w>av</w>
  <w>etniska</w>
  <w>och</w>
  <w>politiska</w>
  <w>skäl</w>
  <w>.</w>
  <absaspan id=35>
    <w>Dessa</w>
    <w>krafter</w>
  </absaspan>
  <absaspan id=36 senti=2>
    <w>inte</w>
    <w>vill</w>
  </absaspan>
  <w>att</w>
  <absaspan id=37>
    <w>talibanerna</w>
    <w>ska</w>
    <w>försvinna</w>
    <w>från</w>
    <w>Afghanistan</w>
  </absaspan>
  <w>.</w>
</absapar>
<absapar id=8>
  <w>Honnörsordet</w>
  <w>i</w>
  <w>den</w>
  <w>svenska</w>
  <w>debatten</w>
  <w>om</w>
  <w>Afghanistan</w>
  <w>är</w>
  <w>bistånd</w>
  <w>men</w>
  <w>det</w>
  <w>finns</w>
  <w>en</w>
  <w>rad</w>
  <absaspan id=38 senti=2>
    <w>problem</w>
  </absaspan>
  <w>med</w>
  <absaspan id=39>
    <w>biståndsinsatser</w>
  </absaspan>
  <w>.</w>
  <w>För</w>
  <w>det</w>
  <w>första</w>
  <w>kan</w>
  <absaspan id=40>
    <w>biståndsverksamheten</w>
  </absaspan>
  <w>inte</w>
  <w>bedrivas</w>
  <w>utan</w>
  <w>militär</w>
  <w>närvaro</w>
  <w>och</w>
  <w>den</w>
  <absaspan id=41 senti=2>
    <w>kan</w>
    <w>inte</w>
    <w>heller</w>
    <w>skapa</w>
    <w>fred</w>
    <w>och</w>
    <w>säkerhet</w>
  </absaspan>
  <w>.</w>
  <w>För</w>
  <w>det</w>
  <w>andra</w>
  <w>hamnar</w>
  <w>en</w>
  <w>stor</w>
  <w>del</w>
  <w>av</w>
  <w>biståndet</w>
  <w>hos</w>
  <w>givarländerna</w>
  <w>och</w>
  <w>lika</w>
  <w>mycket</w>
  <w>försvinner</w>
  <w>i</w>
  <absaspan id=42 senti=2>
    <w>korruption</w>
  </absaspan>
  <w>.</w>
</absapar>
<absapar id=9>
  <w>För</w>
  <w>att</w>
  <w>säkerhetssituationen</w>
  <w>ska</w>
  <w>förbättras</w>
  <w>och</w>
  <w>den</w>
  <absaspan id=43 senti=2>
    <w>negativa</w>
  </absaspan>
  <absaspan id=44>
    <w>utvecklingen</w>
  </absaspan>
  <w>vändas</w>
  <absaspan id=45 senti=4>
    <w>måste</w>
  </absaspan>
  <absaspan id=46>
    <w>fler</w>
    <w>utländska</w>
    <w>soldater</w>
  </absaspan>
  <absaspan id=47 senti=4>
    <w>skickas</w>
  </absaspan>
  <absaspan id=48 senti=4>
    <w>till</w>
    <w>Afghanistan</w>
  </absaspan>
  <w>.</w>
  <absaspan id=49>
    <w>En</w>
    <w>ökad</w>
    <w>militär</w>
    <w>närvaro</w>
  </absaspan>
  <w>och</w>
  <w>en</w>
  <w>aktiv</w>
  <w>strategi</w>
  <w>för</w>
  <w>attacker</w>
  <w>mot</w>
  <absaspan id=50 senti=2>
    <w>talibanställningar</w>
  </absaspan>
  <w>är</w>
  <w>den</w>
  <absaspan id=51 senti=4>
    <w>enda</w>
    <w>vägen</w>
    <w>till</w>
    <w>fred</w>
    <w>och</w>
    <w>stabilitet</w>
    <w>i</w>
    <w>Afghanistan</w>
  </absaspan>
  <w>.</w>
  <absaspan id=52>
    <w>Den</w>
    <w>afghanska</w>
    <w>regeringen</w>
  </absaspan>
  <absaspan id=53 senti=4>
    <w>måste</w>
    <w>tvingas</w>
    <w>till</w>
  </absaspan>
  <w>att</w>
  <absaspan id=54 senti=4>
    <w>aktivt</w>
  </absaspan>
  <absaspan id=55 senti=4>
    <w>bekämpa</w>
    <w>talibaner</w>
  </absaspan>
  <w>och</w>
  <w>ägna</w>
  <w>sig</w>
  <w>mindre</w>
  <w>åt</w>
  <w>plundring</w>
  <w>av</w>
  <w>statskassan</w>
  <w>.</w>
</absapar>
<absapar id=10>
  <w>Jag</w>
  <w>anser</w>
  <w>att</w>
  <absaspan id=56>
    <w>Sverige</w>
  </absaspan>
  <absaspan id=57 senti=4>
    <w>måste</w>
    <w>bidra</w>
    <w>med</w>
    <w>fler</w>
    <w>soldater</w>
    <w>till</w>
    <w>Afghanistan</w>
  </absaspan>
  <w>för</w>
  <w>att</w>
  <w>förbättra</w>
  <w>säkerhetsläget</w>
  <w>i</w>
  <w>landet</w>
  <w>.</w>
  <w>Att</w>
  <w>i</w>
  <w>nu</w>
  <w>läget</w>
  <absaspan id=58>
    <w>kräva</w>
    <w>att</w>
    <w>svenska</w>
    <w>trupper</w>
    <w>ska</w>
    <w>lämna</w>
    <w>Afghanistan</w>
    <w>som</w>
    <w>de</w>
    <w>rödgröna</w>
    <w>gör</w>
  </absaspan>
  <absaspan id=59 senti=2>
    <w>är</w>
    <w>oansvarigt</w>
  </absaspan>
  <w>.</w>
  <w>Att</w>
  <absaspan id=60>
    <w>nu</w>
    <w>lämna</w>
    <w>Afghanistan</w>
  </absaspan>
  <absaspan id=61 senti=2>
    <w>innebär</w>
  </absaspan>
  <w>i</w>
  <w>princip</w>
  <absaspan id=62 senti=2>
    <w>kapitulation</w>
  </absaspan>
  <absaspan id=63 senti=2>
    <w>mot</w>
    <w>talibaner</w>
    <w>och</w>
    <w>extremistiska</w>
    <w>idéer</w>
  </absaspan>
  <w>.</w>
</absapar>
<absapar id=11>
  <w>ALI</w>
  <w>ABOZAR</w>
  <w>.</w>
</absapar>
<absapar id=12>
  <w>statsvetare</w>
  <w>,</w>
  <w>student</w>
  <w>vid</w>
  <w>Stockholms</w>
  <w>universitet</w>
  <w>och</w>
  <w>ordförande</w>
  <w>i</w>
  <w>Föreningen</w>
  <w>Afghanistanier</w>
  <w>i</w>
  <w>Sverige</w>
  <w>.</w>
</absapar>
<absapar id=13>
  <w>Redaktör</w>
  <w>:</w>
  <w>Carina</w>
  <w>Stensson</w>
  <w>,</w>
  <w>Biträdande</w>
  <w>redaktör</w>
  <w>:</w>
  <w>Björn</w>
  <w>Jorner</w>
  <w>,</w>
  <w>Mejl</w>
  <w>:</w>
  <w>debatt</w>
  <w>@</w>
  <w>svd.se</w>
  <w>,</w>
  <w>Telefonnummer</w>
  <w>:</w>
  <w>08</w>
  <w>-</w>
  <w>135149</w>
  <w>,</w>
  <w>Twitter</w>
  <w>:</w>
  <w>@</w>
  <w>SvDDebatt</w>
  <w>,</w>
  <w>Facebook</w>
  <w>:</w>
  <w>SvD</w>
  <w>Debatt</w>
  <w>.</w>
</absapar>
</absadoc>
