<absadoc annotators=1 senti=>
<absatitle>
  <absaspan id=1>
    <w>De</w>
  </absaspan>
  <absaspan id=2 senti=4 target=3 source=1>
    <w>vill</w>
    <w>ha</w>
  </absaspan>
  <absaspan id=3>
    <w>unga</w>
    <w>pinglor</w>
    <w>i</w>
    <w>rutan</w>
  </absaspan>
  <w>.</w>
</absatitle>
<absapar id=1>
  <absaspan id=4 senti=2>
    <w>Ännu</w>
    <w>räddare</w>
    <w>blir</w>
  </absaspan>
  <absaspan id=5>
    <w>jag</w>
  </absaspan>
  <w>när</w>
  <w>jag</w>
  <w>inser</w>
  <w>att</w>
  <w>den</w>
  <w>samhällsjournalistiska</w>
  <w>kompetensen</w>
  <w>är</w>
  <w>ännu</w>
  <w>mindre</w>
  <w>högre</w>
  <w>upp</w>
  <w>i</w>
  <w>leden</w>
  <w>.</w>
</absapar>
<absapar id=2>
  <w>Det</w>
  <w>här</w>
  <w>är</w>
  <w>några</w>
  <w>faktorer</w>
  <w>som</w>
  <w>påverkar</w>
  <w>verklighetsbilden</w>
  <w>samhället</w>
  <w>får</w>
  <w>genom</w>
  <w>tv-mediet</w>
  <w>,</w>
  <w>och</w>
  <w>dessa</w>
  <w>faktorer</w>
  <w>påverkar</w>
  <w>i</w>
  <w>sin</w>
  <w>tur</w>
  <w>den</w>
  <w>verklighet</w>
  <w>vi</w>
  <w>bygger</w>
  <w>upp</w>
  <w>och</w>
  <w>som</w>
  <w>vi</w>
  <w>agerar</w>
  <w>i</w>
  <w>–</w>
  <w>efter</w>
  <w>att</w>
  <w>ha</w>
  <w>fått</w>
  <w>en</w>
  <w>viss</w>
  <w>verklighetsbild</w>
  <w>presenterad</w>
  <w>för</w>
  <w>oss</w>
  <w>.</w>
  <w>Detta</w>
  <w>leder</w>
  <w>till</w>
  <w>att</w>
  <w>vi</w>
  <w>lever</w>
  <w>i</w>
  <w>en</w>
  <w>tillspetsad</w>
  <w>och</w>
  <w>konstruerad</w>
  <w>verklighet</w>
  <w>som</w>
  <w>bygger</w>
  <w>på</w>
  <w>en</w>
  <absaspan id=6 senti=2>
    <w>snedvriden</w>
  </absaspan>
  <absaspan id=7>
    <w>verklighetsbild</w>
  </absaspan>
  <w>.</w>
  <w>Det</w>
  <w>är</w>
  <w>den</w>
  <w>som</w>
  <w>styr</w>
  <w>vårt</w>
  <w>samhälle</w>
  <w>och</w>
  <w>vår</w>
  <w>demokrati</w>
  <w>.</w>
</absapar>
<absapar id=3>
  <absaspan id=8 senti=2>
    <w>Odemokratiska</w>
    <w>,</w>
    <w>ineffektiva</w>
  </absaspan>
  <absaspan id=9>
    <w>organisationer</w>
  </absaspan>
  <w>,</w>
  <absaspan id=10 senti=1>
    <w>maktmissbruk</w>
  </absaspan>
  <w>,</w>
  <absaspan id=11 senti=2>
    <w>dålig</w>
  </absaspan>
  <absaspan id=12>
    <w>omvärldskännedom</w>
  </absaspan>
  <w>,</w>
  <absaspan id=13 senti=1>
    <w>sexuella</w>
    <w>trakasserier</w>
  </absaspan>
  <w>,</w>
  <absaspan id=14 senti=2>
    <w>låg</w>
  </absaspan>
  <absaspan id=15>
    <w>social</w>
    <w>och</w>
    <w>samhällsjournalistisk</w>
    <w>kompetens</w>
  </absaspan>
  <w>,</w>
  <w>samt</w>
  <absaspan id=16 senti=2>
    <w>osunda</w>
  </absaspan>
  <absaspan id=17>
    <w>lojalitetsförhållanden</w>
  </absaspan>
  <w>.</w>
</absapar>
<absapar id=4>
  <w>mellan</w>
  <w>produktionsbolag</w>
  <w>och</w>
  <w>.</w>
</absapar>
<absapar id=5>
  <w>kanaler</w>
  <w>,</w>
  <w>leder</w>
  <w>till</w>
  <w>en</w>
  <absaspan id=18 senti=2>
    <w>snedvriden</w>
  </absaspan>
  <absaspan id=19>
    <w>verklighetsbild</w>
  </absaspan>
  <w>.</w>
  <absaspan id=20>
    <w>Tv-branschens</w>
    <w>chefer</w>
  </absaspan>
  <absaspan id=21 senti=2>
    <w>har</w>
    <w>en</w>
    <w>starkt</w>
    <w>narcissistisk</w>
    <w>ledarstil</w>
  </absaspan>
  <w>som</w>
  <w>kräver</w>
  <w>ung</w>
  <w>,</w>
  <w>outbildad</w>
  <absaspan id=22>
    <w>personal</w>
  </absaspan>
  <absaspan id=23 senti=2>
    <w>oförmögen</w>
    <w>till</w>
    <w>omvärlds</w>
    <w>-</w>
    <w>och</w>
    <w>konsekvensanalys</w>
  </absaspan>
  <w>.</w>
  <w>Så</w>
  <w>här</w>
  <w>ser</w>
  <w>många</w>
  <w>branscher</w>
  <w>ut</w>
  <w>och</w>
  <w>det</w>
  <w>här</w>
  <w>är</w>
  <w>egentligen</w>
  <w>inget</w>
  <w>märkvärdigt</w>
  <w>eller</w>
  <w>nytt</w>
  <w>.</w>
</absapar>
<absapar id=6>
  <w>Men</w>
  <w>det</w>
  <w>finns</w>
  <w>dock</w>
  <w>en</w>
  <w>liten</w>
  <w>detalj</w>
  <w>som</w>
  <w>skiljer</w>
  <w>tv-branschen</w>
  <w>från</w>
  <w>de</w>
  <w>andra</w>
  <w>branscherna</w>
  <w>,</w>
  <w>och</w>
  <w>det</w>
  <w>är</w>
  <w>att</w>
  <w>vi</w>
  <w>som</w>
  <w>jobbar</w>
  <w>här</w>
  <w>ska</w>
  <w>bevaka</w>
  <w>och</w>
  <w>bevara</w>
  <w>demokratin</w>
  <w>i</w>
  <w>Sverige</w>
  <w>och</w>
  <w>världen</w>
  <w>.</w>
  <w>Det</w>
  <w>är</w>
  <w>vi</w>
  <w>som</w>
  <w>ska</w>
  <w>informera</w>
  <w>,</w>
  <w>granska</w>
  <w>,</w>
  <w>skildra</w>
  <w>och</w>
  <w>rapportera</w>
  <w>om</w>
  <w>det</w>
  <w>som</w>
  <w>sker</w>
  <w>i</w>
  <w>samhället</w>
  <w>.</w>
  <w>Det</w>
  <w>är</w>
  <w>vi</w>
  <w>som</w>
  <w>är</w>
  <w>det</w>
  <w>svenska</w>
  <w>och</w>
  <w>internationella</w>
  <w>samhällets</w>
  <w>spegel</w>
  <w>mot</w>
  <w>folket</w>
  <w>.</w>
  <w>Men</w>
  <w>hur</w>
  <w>ska</w>
  <w>vi</w>
  <w>på</w>
  <w>ett</w>
  <absaspan id=24 senti=4>
    <w>sunt</w>
  </absaspan>
  <absaspan id=25>
    <w>sätt</w>
  </absaspan>
  <w>kunna</w>
  <w>spegla</w>
  <w>samhället</w>
  <w>ur</w>
  <w>ett</w>
  <w>demokratiskt</w>
  <w>perspektiv</w>
  <w>när</w>
  <w>vår</w>
  <w>egen</w>
  <w>bransch</w>
  <w>fungerar</w>
  <w>minst</w>
  <w>lika</w>
  <w>illa</w>
  <w>som</w>
  <w>dem</w>
  <w>vi</w>
  <w>granskar</w>
  <w>,</w>
  <w>och</w>
  <w>kanske</w>
  <w>värre</w>
  <w>ändå</w>
  <w>?</w>
  <w>Tyvärr</w>
  <w>finns</w>
  <w>knappt</w>
  <w>någon</w>
  <w>insikt</w>
  <w>om</w>
  <w>den</w>
  <w>här</w>
  <w>problematiken</w>
  <w>hos</w>
  <w>personer</w>
  <w>i</w>
  <w>ledande</w>
  <w>befattningar</w>
  <w>i</w>
  <w>branschen</w>
  <w>.</w>
  <w>Troligen</w>
  <absaspan id=26 senti=2>
    <w>har</w>
  </absaspan>
  <absaspan id=27>
    <w>man</w>
  </absaspan>
  <absaspan id=28 senti=2>
    <w>blivit</w>
  </absaspan>
  <absaspan id=29 senti=2>
    <w>både</w>
    <w>hemma</w>
    <w>-</w>
    <w>och</w>
    <w>fartblind</w>
  </absaspan>
  <w>.</w>
</absapar>
<absapar id=7>
  <w>En</w>
  <w>stark</w>
  <w>demokrati</w>
  <w>kräver</w>
  <w>en</w>
  <w>stark</w>
  <w>granskande</w>
  <w>och</w>
  <w>informerande</w>
  <w>makt</w>
  <w>och</w>
  <w>erfarna</w>
  <w>,</w>
  <w>kompetenta</w>
  <w>människor</w>
  <w>i</w>
  <w>tv-mediet</w>
  <w>.</w>
  <w>I</w>
  <w>dag</w>
  <absaspan id=30 senti=2>
    <w>har</w>
  </absaspan>
  <absaspan id=31>
    <w>ledningarna</w>
  </absaspan>
  <absaspan id=32>
    <w>i</w>
    <w>de</w>
    <w>befintliga</w>
    <w>tv-företagen</w>
  </absaspan>
  <absaspan id=33 senti=2>
    <w>satt</w>
  </absaspan>
  <absaspan id=34 senti=2>
    <w>sig</w>
    <w>på</w>
    <w>så</w>
    <w>höga</w>
    <w>hästar</w>
    <w>att</w>
    <w>de</w>
    <w>inte</w>
    <w>kan</w>
    <w>rida</w>
    <w>dem</w>
  </absaspan>
  <w>,</w>
  <absaspan id=35>
    <w>de</w>
  </absaspan>
  <absaspan id=36 senti=2>
    <w>har</w>
    <w>tappat</w>
    <w>greppet</w>
    <w>om</w>
    <w>sin</w>
    <w>viktigaste</w>
    <w>roll</w>
  </absaspan>
  <w>som</w>
  <w>spindlar</w>
  <w>i</w>
  <w>nätet</w>
  <w>i</w>
  <w>en</w>
  <w>demokrati</w>
  <w>.</w>
</absapar>
<absapar id=8>
  <w>Sverige</w>
  <w>kan</w>
  <w>aldrig</w>
  <w>ta</w>
  <w>plats</w>
  <w>i</w>
  <w>världen</w>
  <w>som</w>
  <w>en</w>
  <w>ledande</w>
  <w>demokrati</w>
  <w>med</w>
  <w>det</w>
  <w>befintliga</w>
  <w>ledarskapet</w>
  <w>i</w>
  <w>tv-branschen</w>
  <w>.</w>
</absapar>
<absapar id=9>
  <w>Folkliga</w>
  <absaspan id=37>
    <w>Janne</w>
    <w>Scherman</w>
  </absaspan>
  <absaspan id=38 senti=2>
    <w>har</w>
    <w>blivit</w>
    <w>för</w>
    <w>fin</w>
    <w>för</w>
    <w>sina</w>
    <w>anställda</w>
  </absaspan>
  <w>.</w>
  <w>Som</w>
  <w>anställd</w>
  <w>på</w>
  <w>TV4</w>
  <w>är</w>
  <w>det</w>
  <w>lättare</w>
  <w>att</w>
  <w>träffa</w>
  <w>påven</w>
  <w>i</w>
  <w>Vatikanen</w>
  <w>än</w>
  <w>vd</w>
  <w>på</w>
  <w>företaget</w>
  <w>.</w>
  <w>Tobias</w>
  <w>Bringholm</w>
  <w>på</w>
  <w>TV4</w>
  <w>ömmar</w>
  <w>lika</w>
  <w>mycket</w>
  <w>för</w>
  <w>Lattjo</w>
  <w>Lajban</w>
  <w>-</w>
  <w>och</w>
  <w>fragmentjournalistik</w>
  <w>som</w>
  <w>kollegorna</w>
  <w>Anders</w>
  <w>Knave</w>
  <w>på</w>
  <w>TV3</w>
  <w>och</w>
  <w>Johan</w>
  <w>Westman</w>
  <w>på</w>
  <w>Kanal</w>
  <w>5</w>
  <w>,</w>
  <w>och</w>
  <w>Leif</w>
  <w>Jakobsson</w>
  <w>i</w>
  <w>samma</w>
  <w>roll</w>
  <w>på</w>
  <w>SVT</w>
  <w>är</w>
  <w>mer</w>
  <w>intresserad</w>
  <w>av</w>
  <w>hatbrott</w>
  <w>i</w>
  <w>kriminaljournalistiken</w>
  <w>än</w>
  <w>att</w>
  <w>visa</w>
  <w>på</w>
  <w>ett</w>
  <w>rättssamhälle</w>
  <w>i</w>
  <w>sin</w>
  <w>helhet</w>
  <w>.</w>
</absapar>
<absapar id=10>
  <w>Det</w>
  <w>finns</w>
  <w>ingen</w>
  <w>med</w>
  <w>tungt</w>
  <w>ansvar</w>
  <w>som</w>
  <w>är</w>
  <w>intresserad</w>
  <w>av</w>
  <w>att</w>
  <w>visa</w>
  <w>ett</w>
  <w>samhälle</w>
  <w>i</w>
  <w>en</w>
  <w>helhet</w>
  <w>,</w>
  <w>det</w>
  <w>finns</w>
  <w>ingen</w>
  <w>som</w>
  <w>värderar</w>
  <w>en</w>
  <w>organiserad</w>
  <w>bevakning</w>
  <w>av</w>
  <w>världen</w>
  <w>och</w>
  <w>demokratin</w>
  <w>inom</w>
  <w>områden</w>
  <w>för</w>
  <w>arbetsrätt</w>
  <w>,</w>
  <w>ekonomi</w>
  <w>,</w>
  <w>mänskliga</w>
  <w>rättigheter</w>
  <w>,</w>
  <w>miljöfrågor</w>
  <w>och</w>
  <w>politik</w>
  <w>.</w>
  <w>Det</w>
  <w>är</w>
  <w>inte</w>
  <w>tillräckligt</w>
  <w>sexigt</w>
  <w>,</w>
  <w>naket</w>
  <w>eller</w>
  <w>våldsamt</w>
  <w>.</w>
</absapar>
<absapar id=11>
  <w>Det</w>
  <w>är</w>
  <w>männen</w>
  <w>som</w>
  <w>styr</w>
  <w>tv-branschen</w>
  <w>,</w>
  <w>alla</w>
  <w>är</w>
  <w>välbetalda</w>
  <w>och</w>
  <w>bor</w>
  <w>i</w>
  <w>trygga</w>
  <w>och</w>
  <w>populära</w>
  <w>områden</w>
  <w>i</w>
  <w>Stockholm</w>
  <w>,</w>
  <w>vilket</w>
  <w>också</w>
  <w>gör</w>
  <w>att</w>
  <w>samhällsjournalistiken</w>
  <w>speglas</w>
  <w>ur</w>
  <w>medelålders</w>
  <w>välsituerade</w>
  <w>mäns</w>
  <w>ögon</w>
  <w>samt</w>
  <w>ur</w>
  <w>ett</w>
  <w>Stockholmsperspektiv</w>
  <w>.</w>
</absapar>
<absapar id=12>
  <absaspan id=39>
    <w>Tv-cheferna</w>
  </absaspan>
  <w>är</w>
  <w>inte</w>
  <w>representativa</w>
  <w>för</w>
  <w>befolkningen</w>
  <w>.</w>
  <absaspan id=40 senti=2>
    <w>Inte</w>
  </absaspan>
  <w>heller</w>
  <absaspan id=41 senti=2>
    <w>har</w>
  </absaspan>
  <absaspan id=42>
    <w>de</w>
  </absaspan>
  <absaspan id=43 senti=2>
    <w>insikten</w>
  </absaspan>
  <w>om</w>
  <w>att</w>
  <w>smala</w>
  <w>tv-programs</w>
  <w>format</w>
  <w>påverkar</w>
  <w>samhället</w>
  <w>.</w>
  <w>Som</w>
  <w>det</w>
  <w>ser</w>
  <w>ut</w>
  <w>nu</w>
  <w>måste</w>
  <w>samhället</w>
  <w>anpassa</w>
  <w>sig</w>
  <w>efter</w>
  <w>tv-programmen</w>
  <w>,</w>
  <w>det</w>
  <w>borde</w>
  <w>vara</w>
  <w>tvärtom</w>
  <w>.</w>
  <absaspan id=44>
    <w>Tv-chefer</w>
  </absaspan>
  <absaspan id=45 senti=2>
    <w>har</w>
    <w>inte</w>
    <w>den</w>
    <w>kunskap</w>
    <w>som</w>
    <w>krävs</w>
  </absaspan>
  <w>för</w>
  <w>att</w>
  <w>bedöma</w>
  <w>en</w>
  <absaspan id=46 senti=4>
    <w>god</w>
  </absaspan>
  <absaspan id=47>
    <w>samhällsjournalistisk</w>
    <w>idé</w>
  </absaspan>
  <absaspan id=48>
    <w>.</w>
  </absaspan>
</absapar>
<absapar id=13>
  <absaspan id=49>
    <w>Flera</w>
    <w>av</w>
    <w>tv-branshcens</w>
    <w>chefer</w>
  </absaspan>
  <w>utgår</w>
  <w>från</w>
  <w>att</w>
  <w>svenska</w>
  <w>folket</w>
  <w>är</w>
  <w>korkade</w>
  <w>och</w>
  <w>vill</w>
  <w>se</w>
  <w>fyra</w>
  <w>brudar</w>
  <w>som</w>
  <w>knullar</w>
  <w>i</w>
  <w>alla</w>
  <w>kanaler</w>
  <w>,</w>
  <w>om</w>
  <w>vi</w>
  <w>inte</w>
  <w>vill</w>
  <w>se</w>
  <w>det</w>
  <w>vill</w>
  <w>vi</w>
  <w>i</w>
  <w>alla</w>
  <w>fall</w>
  <w>se</w>
  <w>unga</w>
  <w>pinglor</w>
  <w>dagarna</w>
  <w>i</w>
  <w>ända</w>
  <w>,</w>
  <w>men</w>
  <w>kanske</w>
  <w>beror</w>
  <w>det</w>
  <w>på</w>
  <w>att</w>
  <w>de</w>
  <w>har</w>
  <w>sig</w>
  <w>själva</w>
  <w>som</w>
  <w>referensramar</w>
  <absaspan id=50 senti=2>
    <w>?</w>
  </absaspan>
  <w>Det</w>
  <w>är</w>
  <w>dags</w>
  <w>för</w>
  <w>medborgare</w>
  <w>,</w>
  <w>politiker</w>
  <w>och</w>
  <w>näringsliv</w>
  <w>att</w>
  <w>kräva</w>
  <w>att</w>
  <w>få</w>
  <w>insyn</w>
  <w>i</w>
  <w>tv-mediet</w>
  <w>.</w>
</absapar>
<absapar id=14>
  <w>Sveriges</w>
  <w>tv-bransch</w>
  <w>är</w>
  <w>inget</w>
  <w>annat</w>
  <w>än</w>
  <w>kejsarens</w>
  <w>nya</w>
  <w>kläder</w>
  <w>,</w>
  <absaspan id=51>
    <w>alla</w>
  </absaspan>
  <w>är</w>
  <w>nakna</w>
  <w>och</w>
  <absaspan id=52 senti=2>
    <w>har</w>
    <w>inget</w>
    <w>att</w>
    <w>komma</w>
    <w>med</w>
  </absaspan>
  <w>.</w>
</absapar>
<absapar id=15>
  <w>Dagens</w>
  <w>debattör</w>
  <w>.</w>
</absapar>
<absapar id=16>
  <w>Anna</w>
  <w>Sahlström</w>
  <w>.</w>
</absapar>
</absadoc>
