<absadoc annotators=1 senti=1>
<absatitle>
  <absaspan id=1>
    <w>Politikerna</w>
  </absaspan>
  <absaspan id=2 senti=2 target=1>
    <w>sviker</w>
  </absaspan>
  <w>Sverige</w>
  <w>pga</w>
  <w>deras</w>
  <w>invandrings-och</w>
  <absaspan id=3 senti=2 target=3>
    <w>tiggarepolitik</w>
  </absaspan>
  <w>.</w>
</absatitle>
<absapar id=1>
  <w>Tröttsamt</w>
  <w>,</w>
  <w>men</w>
  <w>måste</w>
  <w>sägas</w>
  <w>.</w>
  <w>Jag</w>
  <w>är</w>
  <w>inte</w>
  <w>rasist</w>
  <w>,</w>
  <w>har</w>
  <w>släkting</w>
  <w>adopterad</w>
  <w>från</w>
  <w>Asien</w>
  <w>som</w>
  <w>håller</w>
  <w>med</w>
  <w>.</w>
  <absaspan id=4>
    <w>Jag</w>
  </absaspan>
  <absaspan id=5 senti=4>
    <w>har</w>
    <w>vaknat</w>
    <w>,</w>
    <w>resonerar</w>
    <w>och</w>
    <w>inser</w>
  </absaspan>
  <w>.</w>
  <w>Vad</w>
  <w>håller</w>
  <w>politikerna</w>
  <w>på</w>
  <w>med</w>
  <w>?</w>
  <absaspan id=6>
    <w>Löfven</w>
  </absaspan>
  <w>har</w>
  <w>visat</w>
  <w>sig</w>
  <absaspan id=7 senti=2>
    <w>vara</w>
    <w>en</w>
    <w>riktig</w>
    <w>tomte</w>
  </absaspan>
  <w>som</w>
  <w>och</w>
  <w>att</w>
  <absaspan id=8>
    <w>gå</w>
    <w>i</w>
    <w>lag</w>
    <w>med</w>
    <w>Miljöpartiet</w>
  </absaspan>
  <absaspan id=9 senti=2>
    <w>är</w>
    <w>ett</w>
    <w>av</w>
    <w>deras</w>
    <w>största</w>
    <w>misstag</w>
  </absaspan>
  <w>.</w>
  <w>Miljöpartiet</w>
  <w>fick</w>
  <w>enbart</w>
  <w>fördelar</w>
  <w>i</w>
  <w>valet</w>
  <w>pga</w>
  <w>sitt</w>
  <w>namn</w>
  <w>.</w>
  <w>Miljön</w>
  <w>är</w>
  <w>viktig</w>
  <w>ja</w>
  <w>då</w>
  <w>röstar</w>
  <w>vi</w>
  <w>Miljöpartiet</w>
  <w>,</w>
  <w>men</w>
  <absaspan id=10 senti=2>
    <w>bra</w>
  </absaspan>
  <absaspan id=11>
    <w>miljöpolitiken</w>
  </absaspan>
  <absaspan id=12 senti=2>
    <w>har</w>
  </absaspan>
  <absaspan id=13 senti=2>
    <w>de</w>
    <w>inte</w>
  </absaspan>
  <w>.</w>
  <w>Den</w>
  <absaspan id=14 senti=2>
    <w>är</w>
    <w>ogenomtänkt</w>
    <w>och</w>
    <w>flummig</w>
  </absaspan>
  <w>och</w>
  <w>något</w>
  <w>enbart</w>
  <w>för</w>
  <absaspan id=15 senti=1>
    <w>Stockholmsfjollorna</w>
  </absaspan>
  <w>som</w>
  <w>ska</w>
  <w>verka</w>
  <w>duktiga</w>
  <w>och</w>
  <w>som</w>
  <w>kan</w>
  <w>åka</w>
  <w>kollektivt</w>
  <w>med</w>
  <w>butbyggd</w>
  <w>kollektivtrafik</w>
  <w>och</w>
  <w>tunnelbana</w>
  <w>utan</w>
  <w>bil</w>
  <w>i</w>
  <w>sin</w>
  <w>vardag</w>
  <w>och</w>
  <w>flyga</w>
  <w>inrikes</w>
  <w>,</w>
  <w>till</w>
  <w>skillnad</w>
  <w>från</w>
  <w>landsbygdsbor</w>
  <w>runtom</w>
  <w>i</w>
  <w>resten</w>
  <w>av</w>
  <w>Sverige</w>
  <w>.</w>
  <w>Åsa</w>
  <w>Romsom</w>
  <w>målar</w>
  <w>sin</w>
  <w>husbåt</w>
  <w>med</w>
  <w>blyfärg</w>
  <w>och</w>
  <w>förgiftar</w>
  <w>vattnet</w>
  <w>.</w>
  <absaspan id=16 senti=1>
    <w>Ett</w>
    <w>skämt</w>
    <w>är</w>
  </absaspan>
  <absaspan id=17>
    <w>hon</w>
    <w>och</w>
    <w>Fridolin</w>
  </absaspan>
  <w>den</w>
  <w>nya</w>
  <w>skolminsiterna</w>
  <w>.</w>
  <w>Upp</w>
  <w>till</w>
  <w>bevis</w>
  <w>nu</w>
  <w>.</w>
  <w>Nästa</w>
  <w>Pisa-test</w>
  <w>ska</w>
  <w>skjuta</w>
  <w>i</w>
  <w>höjden</w>
  <w>Fridolina</w>
  <w>.</w>
  <w>För</w>
  <w>allt</w>
  <w>var</w>
  <w>ju</w>
  <w>Björklunds</w>
  <w>fel</w>
  <w>,</w>
  <w>inte</w>
  <w>att</w>
  <absaspan id=18>
    <w>ungdomarna</w>
  </absaspan>
  <w>idag</w>
  <absaspan id=19 senti=2>
    <w>har</w>
    <w>dålig</w>
    <w>attityd</w>
  </absaspan>
  <w>,</w>
  <w>prioriterar</w>
  <w>annat</w>
  <w>och</w>
  <w>att</w>
  <w>dagens</w>
  <w>skolungdomar</w>
  <w>består</w>
  <w>till</w>
  <w>stor</w>
  <w>del</w>
  <w>av</w>
  <w>invandrare</w>
  <w>.</w>
  <w>Självklart</w>
  <w>drar</w>
  <w>de</w>
  <w>ner</w>
  <w>statistiken</w>
  <w>.</w>
</absapar>
<absapar id=2 senti=1>
  <w>Hade</w>
  <w>det</w>
  <w>varit</w>
  <w>val</w>
  <w>idag</w>
  <w>så</w>
  <w>hade</w>
  <w>jag</w>
  <w>röstat</w>
  <w>SD</w>
  <w>eller</w>
  <w>blankt</w>
  <w>.</w>
  <w>Jag</w>
  <w>har</w>
  <w>tappat</w>
  <w>förtroendet</w>
  <w>och</w>
  <w>hoppet</w>
  <w>till</w>
  <w>politikerna</w>
  <w>.</w>
  <w>SD</w>
  <w>fick</w>
  <w>13</w>
  <w>procent</w>
  <w>av</w>
  <w>svenska</w>
  <w>folkets</w>
  <w>röster</w>
  <w>och</w>
  <w>är</w>
  <w>det</w>
  <w>tredje</w>
  <w>största</w>
  <w>partiet</w>
  <w>.</w>
  <w>Vad</w>
  <w>gör</w>
  <w>de</w>
  <w>andra</w>
  <w>partierna</w>
  <w>?</w>
  <w>De</w>
  <absaspan id=20>
    <w>utesluter</w>
  </absaspan>
  <absaspan id=21>
    <w>SD</w>
  </absaspan>
  <absaspan id=22>
    <w>och</w>
  </absaspan>
  <absaspan id=23 senti=2>
    <w>totalignorera</w>
  </absaspan>
  <absaspan id=24>
    <w>dem</w>
  </absaspan>
  <w>.</w>
  <w>Är</w>
  <w>det</w>
  <w>så</w>
  <w>det</w>
  <w>ska</w>
  <w>vara</w>
  <w>i</w>
  <w>en</w>
  <w>demokrati</w>
  <w>.</w>
  <absaspan id=25>
    <w>De</w>
  </absaspan>
  <absaspan id=26 senti=1>
    <w>pissar</w>
    <w>på</w>
    <w>svenska</w>
    <w>folket</w>
  </absaspan>
  <w>!</w>
  <w>De</w>
  <w>är</w>
  <w>folkvalda</w>
  <w>och</w>
  <w>resten</w>
  <w>av</w>
  <w>partierna</w>
  <w>kan</w>
  <w>inte</w>
  <w>ta</w>
  <w>det</w>
  <w>.</w>
  <w>Det</w>
  <absaspan id=27 senti=2>
    <w>är</w>
    <w>så</w>
    <w>barnsligt</w>
  </absaspan>
  <w>.</w>
  <w>Om</w>
  <w>de</w>
  <w>ska</w>
  <w>vara</w>
  <w>med</w>
  <w>så</w>
  <w>tänker</w>
  <w>inte</w>
  <w>jag</w>
  <w>vara</w>
  <w>med</w>
  <w>och</w>
  <w>leka</w>
  <w>,</w>
  <absaspan id=28 senti=2>
    <w>Väx</w>
    <w>upp</w>
  </absaspan>
  <absaspan id=29>
    <w>Löfven</w>
    <w>och</w>
    <w>resten</w>
    <w>av</w>
  </absaspan>
  <absaspan id=30 senti=2>
    <w>partipajaserna</w>
  </absaspan>
  <w>.</w>
  <w>Ta</w>
  <w>diskussionen</w>
  <w>och</w>
  <w>stå</w>
  <w>till</w>
  <w>svars</w>
  <w>!</w>
  <w>Vad</w>
  <w>är</w>
  <w>deras</w>
  <w>tanke</w>
  <w>med</w>
  <absaspan id=31>
    <w>deras</w>
  </absaspan>
  <absaspan id=32 senti=2>
    <w>fiasko</w>
  </absaspan>
  <absaspan id=33>
    <w>till</w>
    <w>invandringspolitik</w>
  </absaspan>
  <w>?</w>
  <w>Över</w>
  <w>60</w>
  <w>000</w>
  <w>syrier</w>
  <w>strömmar</w>
  <w>in</w>
  <w>till</w>
  <w>Sverige</w>
  <w>.</w>
  <w>Inte</w>
  <w>att</w>
  <w>glömma</w>
  <w>övriga</w>
  <w>somalier</w>
  <w>som</w>
  <w>gör</w>
  <w>sitt</w>
  <w>intag</w>
  <w>i</w>
  <w>landet</w>
  <w>på</w>
  <w>löpande</w>
  <w>band</w>
  <w>.</w>
  <w>De</w>
  <w>rumänska</w>
  <w>tiggarna</w>
  <w>?</w>
  <w>.</w>
</absapar>
<absapar id=3 senti=1>
  <w>Visst</w>
  <w>det</w>
  <w>är</w>
  <w>synd</w>
  <w>att</w>
  <w>Rumänien</w>
  <w>inte</w>
  <w>tar</w>
  <w>hand</w>
  <w>om</w>
  <w>sina</w>
  <w>medborgare</w>
  <w>och</w>
  <w>att</w>
  <w>tiggarna</w>
  <w>diskrimineras</w>
  <w>.</w>
  <w>De</w>
  <w>här</w>
  <w>fria</w>
  <w>gränserna</w>
  <w>i</w>
  <w>Europa</w>
  <w>missbrukas</w>
  <w>och</w>
  <w>sociala</w>
  <w>turism</w>
  <w>som</w>
  <w>tiggarna</w>
  <w>utnyttjar</w>
  <w>kommer</w>
  <w>leda</w>
  <w>till</w>
  <w>problem</w>
  <w>.</w>
  <w>Utanför</w>
  <w>varje</w>
  <w>butik</w>
  <w>eller</w>
  <w>entré</w>
  <w>i</w>
  <w>centrum</w>
  <w>runtom</w>
  <w>sitter</w>
  <w>det</w>
  <w>tiggare</w>
  <w>.</w>
  <w>Sätt</w>
  <w>för</w>
  <w>fan</w>
  <w>press</w>
  <w>på</w>
  <w>Rumänien</w>
  <w>,</w>
  <w>Bulgarien</w>
  <w>u</w>
  <w>name</w>
  <w>it</w>
  <w>!</w>
  <w>Ta</w>
  <w>hand</w>
  <w>om</w>
  <w>era</w>
  <w>medborgare</w>
  <w>.</w>
  <w>Eller</w>
  <w>tiggarna</w>
  <w>borde</w>
  <w>åka</w>
  <w>till</w>
  <w>Bryssel</w>
  <w>och</w>
  <w>tigga</w>
  <w>hos</w>
  <w>politikerna</w>
  <w>så</w>
  <w>att</w>
  <w>de</w>
  <w>tar</w>
  <w>sitt</w>
  <w>ansvar</w>
  <w>och</w>
  <w>gör</w>
  <w>något</w>
  <w>åt</w>
  <w>detta</w>
  <w>.</w>
  <w>Deras</w>
  <w>gemensamma</w>
  <w>tiggeri</w>
  <w>borde</w>
  <w>ägnas</w>
  <w>åt</w>
  <w>att</w>
  <w>sitta</w>
  <w>utanför</w>
  <w>Bryssel</w>
  <w>.</w>
  <w>Att</w>
  <w>man</w>
  <w>här</w>
  <w>ger</w>
  <w>en</w>
  <w>slant</w>
  <w>en</w>
  <w>macka</w>
  <w>vad</w>
  <w>hjälper</w>
  <w>det</w>
  <w>i</w>
  <w>längden</w>
  <w>?</w>
  <w>De</w>
  <w>kommer</w>
  <w>inte</w>
  <w>nöja</w>
  <w>sig</w>
  <w>förrän</w>
  <w>de</w>
  <w>får</w>
  <w>bostäder</w>
  <w>och</w>
  <w>det</w>
  <w>kommer</w>
  <w>väl</w>
  <w>byggas</w>
  <w>inom</w>
  <w>snar</w>
  <w>framtid</w>
  <w>.</w>
  <w>De</w>
  <w>kommer</w>
  <w>aldrig</w>
  <w>någonsin</w>
  <w>åka</w>
  <w>hem</w>
  <w>så</w>
  <w>länge</w>
  <w>de</w>
  <w>får</w>
  <w>vara</w>
  <w>kvar</w>
  <w>här</w>
  <w>,</w>
  <w>och</w>
  <w>fler</w>
  <w>blir</w>
  <w>de</w>
  <w>!</w>
  <w>De</w>
  <w>kommer</w>
  <w>ju</w>
  <w>inte</w>
  <w>nöja</w>
  <w>sig</w>
  <w>förrän</w>
  <w>de</w>
  <w>fått</w>
  <w>bostäder</w>
  <w>och</w>
  <w>bidrag</w>
  <w>här</w>
  <w>,</w>
  <w>och</w>
  <w>poff</w>
  <w>så</w>
  <w>är</w>
  <w>det</w>
  <w>Sveriges</w>
  <w>problem</w>
  <w>,</w>
  <w>och</w>
  <w>annat</w>
  <w>som</w>
  <w>behöver</w>
  <w>prioriteras</w>
  <w>kommer</w>
  <w>i</w>
  <w>skymundan</w>
  <w>.</w>
</absapar>
<absapar id=4 senti=1>
  <w>De</w>
  <absaspan id=34>
    <w>60</w>
    <w>000</w>
    <w>syrier</w>
  </absaspan>
  <w>som</w>
  <absaspan id=35 senti=2>
    <w>strömmar</w>
    <w>in</w>
    <w>till</w>
    <w>Sverige</w>
  </absaspan>
  <w>när</w>
  <w>det</w>
  <w>råder</w>
  <w>bostadsbrist</w>
  <w>i</w>
  <w>landet</w>
  <w>.</w>
  <w>vad</w>
  <w>gör</w>
  <w>man</w>
  <w>,</w>
  <w>jo</w>
  <w>man</w>
  <w>bygger</w>
  <w>bostäder</w>
  <w>och</w>
  <w>placerar</w>
  <w>ut</w>
  <w>dessa</w>
  <w>tex</w>
  <w>i</w>
  <w>Norrlands</w>
  <w>inland</w>
  <w>där</w>
  <w>det</w>
  <w>har</w>
  <w>blivit</w>
  <w>avbefolkat</w>
  <w>pga</w>
  <w>att</w>
  <w>det</w>
  <w>inte</w>
  <w>finns</w>
  <w>jobb</w>
  <w>!</w>
  <w>!</w>
  <w>!</w>
  <w>!</w>
  <w>Folk</w>
  <w>har</w>
  <w>flytt</w>
  <w>och</w>
  <w>flyttat</w>
  <w>till</w>
  <w>in</w>
  <w>till</w>
  <w>städerna</w>
  <w>.</w>
  <w>Men</w>
  <w>jag</w>
  <w>antar</w>
  <w>att</w>
  <w>politikerna</w>
  <w>har</w>
  <w>en</w>
  <w>tanke</w>
  <w>att</w>
  <w>jobben</w>
  <w>helt</w>
  <w>plötsligt</w>
  <w>strömmar</w>
  <w>till</w>
  <w>där</w>
  <w>då</w>
  <w>,</w>
  <w>för</w>
  <w>den</w>
  <w>frikostiga</w>
  <w>och</w>
  <w>generösa</w>
  <w>invandringspolitiken</w>
  <w>ska</w>
  <w>ju</w>
  <w>ledas</w>
  <w>till</w>
  <w>så</w>
  <w>många</w>
  <w>jobb</w>
  <w>pfff</w>
  <w>.</w>
</absapar>
<absapar id=5>
  <w>Jag</w>
  <w>har</w>
  <w>en</w>
  <w>släkting</w>
  <w>som</w>
  <w>arbetat</w>
  <w>sedan</w>
  <w>han</w>
  <w>var</w>
  <w>15</w>
  <w>år</w>
  <w>och</w>
  <w>gått</w>
  <w>i</w>
  <w>pension</w>
  <w>vid</w>
  <w>65</w>
  <w>år</w>
  <w>och</w>
  <w>får</w>
  <w>9000</w>
  <w>kr</w>
  <w>och</w>
  <w>har</w>
  <w>inte</w>
  <w>råd</w>
  <w>att</w>
  <w>bo</w>
  <w>i</w>
  <w>dessa</w>
  <w>nybyggda</w>
  <w>lägenheter</w>
  <w>som</w>
  <w>nu</w>
  <w>byggs</w>
  <w>till</w>
  <w>flyktingarna</w>
  <w>och</w>
  <w>invandrarna</w>
  <w>.</w>
  <w>Ska</w>
  <w>det</w>
  <w>vara</w>
  <w>så</w>
  <w>?</w>
  <w>En</w>
  <w>somalisk</w>
  <w>familj</w>
  <w>som</w>
  <w>aldrig</w>
  <w>har</w>
  <w>lyft</w>
  <w>ett</w>
  <w>finger</w>
  <w>får</w>
  <w>mer</w>
  <w>varje</w>
  <w>månad</w>
  <w>år</w>
  <w>ut</w>
  <w>och</w>
  <w>år</w>
  <w>in</w>
  <w>,</w>
  <w>än</w>
  <w>vad</w>
  <w>en</w>
  <w>man</w>
  <w>som</w>
  <w>slitit</w>
  <w>i</w>
  <w>hela</w>
  <w>sitt</w>
  <w>liv</w>
  <w>får</w>
  <w>.</w>
  <w>Det</w>
  <w>lönar</w>
  <w>sig</w>
  <w>att</w>
  <w>arbeta</w>
  <w>var</w>
  <w>det</w>
  <w>va</w>
  <w>?</w>
  <absaspan id=36 senti=2>
    <w>Hån</w>
    <w>!</w>
  </absaspan>
  <w>Det</w>
  <w>lönar</w>
  <w>sig</w>
  <w>lika</w>
  <w>mycket</w>
  <w>att</w>
  <w>inte</w>
  <w>göra</w>
  <w>det</w>
  <w>(</w>
  <w>för</w>
  <w>vissa</w>
  <w>grupper</w>
  <w>)</w>
  <w>och</w>
  <w>ändå</w>
  <w>kunna</w>
  <w>leva</w>
  <w>bra</w>
  <w>och</w>
  <w>få</w>
  <w>pension</w>
  <w>.</w>
  <w>Har</w>
  <w>en</w>
  <w>tandläkarkompis</w>
  <w>som</w>
  <w>berättar</w>
  <w>att</w>
  <w>invandrare</w>
  <w>ofta</w>
  <w>får</w>
  <w>munnen</w>
  <w>sanerade</w>
  <w>och</w>
  <w>sedan</w>
  <w>skickar</w>
  <w>räkningen</w>
  <w>till</w>
  <w>soc</w>
  <w>.</w>
  <w>Det</w>
  <w>är</w>
  <w>mer</w>
  <w>regel</w>
  <w>än</w>
  <w>undantag</w>
  <w>.</w>
  <w>Sedan</w>
  <w>kommer</w>
  <w>en</w>
  <w>icke</w>
  <w>somalier</w>
  <w>och</w>
  <w>får</w>
  <w>punga</w>
  <w>ut</w>
  <w>flera</w>
  <w>tusen</w>
  <w>för</w>
  <w>att</w>
  <w>fixa</w>
  <w>till</w>
  <w>två</w>
  <w>tänder</w>
  <w>.</w>
  <w>Rättvist</w>
  <w>ska</w>
  <w>det</w>
  <w>vara</w>
  <w>.</w>
</absapar>
<absapar id=6>
  <w>Läste</w>
  <w>tidningen</w>
  <w>hos</w>
  <w>mina</w>
  <w>föräldrar</w>
  <w>och</w>
  <w>där</w>
  <w>står</w>
  <absaspan id=37>
    <w>ledande</w>
    <w>lokala</w>
    <w>politikerna</w>
    <w>på</w>
    <w>framsidan</w>
    <w>och</w>
    <w>håller</w>
    <w>båda</w>
    <w>tummarna</w>
    <w>uppåt</w>
    <w>med</w>
    <w>stora</w>
    <w>leenden</w>
    <w>och</w>
    <w>jublar</w>
    <w>:</w>
    <w>"</w>
    <w>Vi</w>
    <w>har</w>
    <w>blivit</w>
    <w>600</w>
    <w>fler</w>
    <w>i</w>
    <w>staden</w>
    <w>!</w>
    <w>!</w>
    <w>!</w>
    <w>!</w>
  </absaspan>
  <w>"</w>
  <w>.</w>
</absapar>
<absapar id=7>
  <absaspan id=38 senti=1>
    <w>Helt</w>
    <w>sjukt</w>
  </absaspan>
  <w>.</w>
  <w>Som</w>
  <w>om</w>
  <w>det</w>
  <w>är</w>
  <w>något</w>
  <w>positivt</w>
  <w>.</w>
  <w>Det</w>
  <absaspan id=39 senti=2>
    <w>är</w>
    <w>ett</w>
    <w>hån</w>
  </absaspan>
  <w>mot</w>
  <w>kommunens</w>
  <w>invånare</w>
  <absaspan id=40>
    <w>.</w>
  </absaspan>
  <w>Politikerna</w>
  <w>borde</w>
  <w>istället</w>
  <w>i</w>
  <w>ärlighetens</w>
  <w>namn</w>
  <w>gå</w>
  <w>ut</w>
  <w>med</w>
  <w>hur</w>
  <w>många</w>
  <w>av</w>
  <absaspan id=41>
    <w>dessa</w>
    <w>600</w>
  </absaspan>
  <w>som</w>
  <w>faktiskt</w>
  <w>BIDRAR</w>
  <w>till</w>
  <w>kommunen</w>
  <w>och</w>
  <w>inte</w>
  <w>bara</w>
  <absaspan id=42 senti=2>
    <w>urholkar</w>
  </absaspan>
  <w>för</w>
  <w>andra</w>
  <w>!</w>
  <w>!</w>
  <w>!</w>
  <w>!</w>
  <w>Men</w>
  <w>alla</w>
  <w>vet</w>
  <w>svaret</w>
  <w>.</w>
  <w>Dessa</w>
  <w>600</w>
  <w>nya</w>
  <w>stadsbor</w>
  <w>går</w>
  <w>varenda</w>
  <w>en</w>
  <w>på</w>
  <w>bidrag</w>
  <w>och</w>
  <w>får</w>
  <w>bostäder</w>
  <w>och</w>
  <w>bidrag</w>
  <w>att</w>
  <w>leva</w>
  <w>på</w>
  <w>,</w>
  <w>så</w>
  <w>länge</w>
  <w>de</w>
  <w>nu</w>
  <w>vill</w>
  <w>.</w>
  <w>Ingen</w>
  <w>press</w>
  <w>på</w>
  <w>dessa</w>
  <w>.</w>
  <w>De</w>
  <w>är</w>
  <w>ju</w>
  <w>syrier</w>
  <w>(</w>
  <w>och</w>
  <w>somalier</w>
  <w>)</w>
  <w>och</w>
  <absaspan id=43>
    <w>Sverige</w>
  </absaspan>
  <absaspan id=44 senti=1>
    <w>ska</w>
    <w>vara</w>
    <w>världens</w>
    <w>skithål</w>
    <w>att</w>
    <w>dumpa</w>
    <w>allt</w>
  </absaspan>
  <w>.</w>
</absapar>
<absapar id=8 senti=1>
  <w>Det</w>
  <w>är</w>
  <w>känt</w>
  <w>bland</w>
  <w>länderna</w>
  <w>därifrån</w>
  <w>invandrarna</w>
  <w>kommer</w>
  <w>ifrån</w>
  <w>att</w>
  <w>i</w>
  <w>Sverige</w>
  <w>kan</w>
  <w>man</w>
  <w>få</w>
  <w>uppehållstillstånd</w>
  <w>och</w>
  <w>slipper</w>
  <w>arbeta</w>
  <w>.</w>
  <w>Man</w>
  <w>får</w>
  <w>pengar</w>
  <w>av</w>
  <w>staten</w>
  <w>och</w>
  <w>kan</w>
  <w>leva</w>
  <w>flott</w>
  <w>.</w>
  <w>Efter</w>
  <w>ett</w>
  <w>par</w>
  <w>år</w>
  <w>så</w>
  <w>får</w>
  <w>de</w>
  <w>anhöriga</w>
  <w>komma</w>
  <w>,</w>
  <w>och</w>
  <w>man</w>
  <w>kan</w>
  <w>leva</w>
  <w>med</w>
  <w>sina</w>
  <w>landsmän</w>
  <w>och</w>
  <w>det</w>
  <w>känns</w>
  <w>som</w>
  <w>hemma</w>
  <w>fast</w>
  <w>man</w>
  <w>har</w>
  <w>det</w>
  <w>flottare</w>
  <w>!</w>
  <w>Det</w>
  <w>fanns</w>
  <w>en</w>
  <w>tid</w>
  <w>då</w>
  <w>Sveriges</w>
  <w>Robin</w>
  <w>Hood-politik</w>
  <w>och</w>
  <w>goda</w>
  <w>samvete</w>
  <w>funkade</w>
  <w>,</w>
  <w>ex</w>
  <w>på</w>
  <w>70</w>
  <w>-</w>
  <w>talet</w>
  <w>,</w>
  <w>men</w>
  <w>idag</w>
  <w>är</w>
  <w>det</w>
  <w>inte</w>
  <w>så</w>
  <w>.</w>
  <absaspan id=45>
    <w>Invandringspolitiken</w>
  </absaspan>
  <absaspan id=46 senti=1>
    <w>har</w>
    <w>kollapsat</w>
    <w>och</w>
    <w>är</w>
    <w>ett</w>
    <w>fiasko</w>
  </absaspan>
  <w>.</w>
  <w>Kolla</w>
  <absaspan id=47>
    <w>Malmö</w>
  </absaspan>
  <w>.</w>
  <w>Min</w>
  <w>kusin</w>
  <w>bor</w>
  <w>där</w>
  <w>och</w>
  <w>ja</w>
  <absaspan id=48 senti=1>
    <w>fy</w>
    <w>fan</w>
  </absaspan>
  <w>.</w>
</absapar>
<absapar id=9 senti=1>
  <w>Dessa</w>
  <w>över</w>
  <w>60</w>
  <w>000</w>
  <w>syrier</w>
  <w>som</w>
  <w>strömmar</w>
  <w>in</w>
  <w>till</w>
  <w>Sverige</w>
  <w>och</w>
  <w>till</w>
  <w>nya</w>
  <w>bostäder</w>
  <w>,</w>
  <w>svenska</w>
  <w>skattepengar</w>
  <w>livet</w>
  <w>ut</w>
  <w>såsom</w>
  <w>bidrag</w>
  <w>och</w>
  <w>pensioner</w>
  <w>,</w>
  <w>ja</w>
  <w>de</w>
  <w>är</w>
  <w>en</w>
  <w>tillgång</w>
  <w>för</w>
  <w>Sverige</w>
  <w>.</w>
  <w>Inte</w>
  <w>nu</w>
  <w>,</w>
  <w>men</w>
  <w>i</w>
  <w>längden</w>
  <w>var</w>
  <w>det</w>
  <w>va</w>
  <w>?</w>
  <w>vakna</w>
  <w>.</w>
  <w>Varför</w>
  <w>kan</w>
  <w>inte</w>
  <w>de</w>
  <w>rika</w>
  <w>arabländerna</w>
  <w>såsom</w>
  <w>saudiarabien</w>
  <w>ta</w>
  <w>emot</w>
  <w>syrierna</w>
  <w>istället</w>
  <w>-</w>
  <w>länder</w>
  <w>i</w>
  <w>närområdet</w>
  <w>son</w>
  <w>har</w>
  <w>liknande</w>
  <w>kultur</w>
  <w>och</w>
  <w>som</w>
  <w>ev</w>
  <w>kan</w>
  <w>deras</w>
  <w>språk</w>
  <w>?</w>
  <w>Det</w>
  <absaspan id=49 senti=1>
    <w>är</w>
    <w>ett</w>
    <w>skämt</w>
  </absaspan>
  <w>att</w>
  <absaspan id=50 senti=1>
    <w>stockholmsfjollorna</w>
  </absaspan>
  <absaspan id=51>
    <w>åker</w>
    <w>till</w>
    <w>Bubai</w>
    <w>och</w>
    <w>jetsetar</w>
  </absaspan>
  <w>och</w>
  <w>sedan</w>
  <w>pratar</w>
  <w>om</w>
  <w>miljöpolitik</w>
  <w>och</w>
  <w>att</w>
  <w>man</w>
  <w>ska</w>
  <w>ta</w>
  <w>emot</w>
  <w>syrier</w>
  <w>när</w>
  <w>de</w>
  <w>åker</w>
  <w>till</w>
  <w>ett</w>
  <w>land</w>
  <w>som</w>
  <w>har</w>
  <w>en</w>
  <w>förfärlig</w>
  <w>kvinnosyn</w>
  <w>och</w>
  <w>som</w>
  <w>inte</w>
  <w>tar</w>
  <w>emot</w>
  <w>syrierna</w>
  <w>.</w>
  <w>Men</w>
  <w>till</w>
  <w>Sverige</w>
  <w>ska</w>
  <w>alla</w>
  <w>.</w>
</absapar>
<absapar id=10>
  <absaspan id=52>
    <w>Jag</w>
  </absaspan>
  <absaspan id=53 senti=1>
    <w>är</w>
    <w>så</w>
    <w>besviken</w>
    <w>och</w>
    <w>trött</w>
  </absaspan>
  <w>på</w>
  <absaspan id=54>
    <w>politikerna</w>
  </absaspan>
  <w>.</w>
  <w>Vilka</w>
  <absaspan id=55 senti=1>
    <w>jävla</w>
    <w>pajaser</w>
  </absaspan>
  <w>.</w>
  <absaspan id=56>
    <w>De</w>
  </absaspan>
  <absaspan id=57 senti=1>
    <w>pissar</w>
    <w>på</w>
    <w>folket</w>
    <w>och</w>
    <w>landet</w>
  </absaspan>
  <w>.</w>
  <w>De</w>
  <w>är</w>
  <w>inte</w>
  <w>trovärdiga</w>
  <w>.</w>
</absapar>
<absapar id=11>
  <absaspan id=58>
    <w>Man</w>
  </absaspan>
  <absaspan id=59 senti=2>
    <w>tappar</w>
    <w>ju</w>
    <w>för</w>
    <w>fan</w>
    <w>framtidstron</w>
  </absaspan>
  <w>.</w>
</absapar>
</absadoc>
