<absadoc annotators=1 senti=5>
<absatitle>
  <w>Skicka</w>
  <w>inte</w>
  <w>min</w>
  <w>bästis</w>
  <w>i</w>
  <w>döden</w>
  <w>.</w>
</absatitle>
<absapar id=1 senti=5>
  <w>I</w>
  <w>början</w>
  <w>av</w>
  <w>årskurs</w>
  <w>nio</w>
  <w>,</w>
  <w>i</w>
  <w>höstas</w>
  <w>,</w>
  <w>kom</w>
  <w>jag</w>
  <w>och</w>
  <w>en</w>
  <w>tjej</w>
  <w>nya</w>
  <w>till</w>
  <w>klassen</w>
  <w>.</w>
  <w>Den</w>
  <w>andra</w>
  <w>tjejen</w>
  <w>var</w>
  <w>Rebeca</w>
  <w>som</w>
  <w>kommer</w>
  <w>från</w>
  <w>El</w>
  <w>Salvador</w>
  <w>.</w>
  <w>Det</w>
  <w>tog</w>
  <w>ett</w>
  <w>tag</w>
  <w>innan</w>
  <absaspan id=1>
    <w>jag</w>
  </absaspan>
  <absaspan id=2 senti=4>
    <w>vågade</w>
  </absaspan>
  <absaspan id=3>
    <w>bli</w>
    <w>hennes</w>
    <w>vän</w>
  </absaspan>
  <w>men</w>
  <w>sen</w>
  <w>blev</w>
  <w>vi</w>
  <w>inte</w>
  <w>bara</w>
  <w>vänner</w>
  <w>utan</w>
  <w>också</w>
  <absaspan id=4 senti=5>
    <w>bästisar</w>
  </absaspan>
  <w>.</w>
  <w>Nu</w>
  <w>har</w>
  <w>Rebeca</w>
  <w>varit</w>
  <w>i</w>
  <w>Sverige</w>
  <w>i</w>
  <w>mer</w>
  <w>än</w>
  <w>ett</w>
  <w>år</w>
  <w>och</w>
  <w>nu</w>
  <w>ska</w>
  <w>hon</w>
  <w>tillbaka</w>
  <w>.</w>
  <w>För</w>
  <w>alla</w>
  <w>som</w>
  <w>kommer</w>
  <w>från</w>
  <w>El</w>
  <w>Salvador</w>
  <w>skickas</w>
  <w>tillbaka</w>
  <w>dit</w>
  <w>.</w>
  <w>Oavsett</w>
  <w>vad</w>
  <w>de</w>
  <w>hade</w>
  <w>för</w>
  <w>skäl</w>
  <w>att</w>
  <w>fly</w>
  <w>.</w>
</absapar>
<absapar id=2>
  <absaspan id=5>
    <w>Rebeca</w>
  </absaspan>
  <absaspan id=6 senti=2>
    <w>är</w>
    <w>rädd</w>
  </absaspan>
  <w>för</w>
  <w>att</w>
  <absaspan id=7>
    <w>åka</w>
    <w>tillbaka</w>
  </absaspan>
  <w>eftersom</w>
  <absaspan id=8>
    <w>hennes</w>
    <w>pappa</w>
  </absaspan>
  <absaspan id=9 senti=1>
    <w>hotat</w>
  </absaspan>
  <w>att</w>
  <absaspan id=10>
    <w>döda</w>
    <w>henne</w>
    <w>,</w>
    <w>hennes</w>
    <w>mamma</w>
    <w>och</w>
    <w>hennes</w>
    <w>bror</w>
  </absaspan>
  <w>.</w>
</absapar>
<absapar id=3>
  <w>Två</w>
  <w>dagar</w>
  <w>efter</w>
  <w>att</w>
  <w>hon</w>
  <w>fått</w>
  <w>beslutet</w>
  <w>om</w>
  <w>utvisningen</w>
  <w>satt</w>
  <absaspan id=11>
    <w>jag</w>
  </absaspan>
  <w>i</w>
  <w>skolan</w>
  <w>och</w>
  <absaspan id=12 senti=2>
    <w>kände</w>
  </absaspan>
  <w>att</w>
  <absaspan id=13>
    <w>något</w>
    <w>var</w>
    <w>fel</w>
  </absaspan>
  <w>så</w>
  <w>jag</w>
  <w>drog</w>
  <w>hem</w>
  <w>till</w>
  <w>Rebeca</w>
  <w>.</w>
  <w>Jag</w>
  <w>ringde</w>
  <w>på</w>
  <w>.</w>
  <w>Det</w>
  <w>tog</w>
  <w>ett</w>
  <w>tag</w>
  <w>men</w>
  <w>till</w>
  <w>slut</w>
  <w>öppnades</w>
  <w>dörren</w>
  <w>.</w>
  <w>Jag</w>
  <w>möttes</w>
  <w>av</w>
  <w>en</w>
  <w>gråtande</w>
  <w>Rebeca</w>
  <w>som</w>
  <w>bad</w>
  <w>mig</w>
  <w>om</w>
  <w>och</w>
  <w>om</w>
  <w>igen</w>
  <w>att</w>
  <w>hämta</w>
  <w>Ricardo</w>
  <w>,</w>
  <w>hennes</w>
  <w>bror</w>
  <w>,</w>
  <w>som</w>
  <w>var</w>
  <w>på</w>
  <w>biblioteket</w>
  <w>.</w>
  <w>Jag</w>
  <w>frågade</w>
  <w>vad</w>
  <w>som</w>
  <w>hänt</w>
  <w>och</w>
  <w>då</w>
  <w>visade</w>
  <w>hon</w>
  <w>mig</w>
  <w>sina</w>
  <w>handleder</w>
  <w>.</w>
</absapar>
<absapar id=4>
  <w>Hon</w>
  <w>hade</w>
  <w>skurit</w>
  <w>sej</w>
  <w>och</w>
  <w>svalt</w>
  <w>21</w>
  <w>tabletter</w>
  <w>.</w>
  <absaspan id=14>
    <w>Jag</w>
  </absaspan>
  <absaspan id=15 senti=2>
    <w>var</w>
    <w>rädd</w>
  </absaspan>
  <w>och</w>
  <w>grät</w>
  <w>för</w>
  <w>jag</w>
  <w>visste</w>
  <w>att</w>
  <w>hennes</w>
  <w>mamma</w>
  <w>tagit</w>
  <w>såna</w>
  <w>tabletter</w>
  <w>och</w>
  <w>blivit</w>
  <w>tvungen</w>
  <w>att</w>
  <w>magpumpas</w>
  <w>efteråt</w>
  <w>.</w>
  <w>Så</w>
  <w>jag</w>
  <w>tog</w>
  <w>en</w>
  <w>halsduk</w>
  <w>och</w>
  <w>band</w>
  <w>runt</w>
  <w>hennes</w>
  <w>handleder</w>
  <w>innan</w>
  <w>jag</w>
  <w>sprang</w>
  <w>iväg</w>
  <w>efter</w>
  <w>Ricardo</w>
  <w>.</w>
</absapar>
<absapar id=5>
  <w>När</w>
  <w>jag</w>
  <w>hittade</w>
  <w>honom</w>
  <w>log</w>
  <w>han</w>
  <w>och</w>
  <w>sa</w>
  <w>”</w>
  <w>tja</w>
  <w>”</w>
  <w>precis</w>
  <w>som</w>
  <w>han</w>
  <w>brukar</w>
  <w>.</w>
  <w>När</w>
  <w>jag</w>
  <w>sedan</w>
  <w>pekade</w>
  <w>på</w>
  <w>mina</w>
  <w>handleder</w>
  <w>och</w>
  <w>sa</w>
  <w>att</w>
  <w>Rebeca</w>
  <w>hade</w>
  <w>skadat</w>
  <w>sig</w>
  <w>själv</w>
  <w>blev</w>
  <w>hans</w>
  <w>ansiktsuttryck</w>
  <w>förändrat</w>
  <w>på</w>
  <w>några</w>
  <w>sekunder</w>
  <w>.</w>
  <w>Vi</w>
  <w>skyndade</w>
  <w>oss</w>
  <w>tillbaka</w>
  <w>till</w>
  <w>lägenheten</w>
  <w>och</w>
  <w>väl</w>
  <w>framme</w>
  <w>ringde</w>
  <w>jag</w>
  <w>till</w>
  <w>SOS</w>
  <w>.</w>
  <w>Efter</w>
  <w>det</w>
  <w>ringde</w>
  <w>jag</w>
  <w>min</w>
  <w>farmor</w>
  <w>.</w>
  <w>Det</w>
  <w>tog</w>
  <w>några</w>
  <w>minuter</w>
  <w>innan</w>
  <w>ambulansen</w>
  <w>kom</w>
  <w>.</w>
  <w>Min</w>
  <w>farmor</w>
  <w>kom</w>
  <w>ungefär</w>
  <w>samtidigt</w>
  <w>och</w>
  <w>kramade</w>
  <w>mig</w>
  <w>.</w>
  <absaspan id=16>
    <w>Jag</w>
  </absaspan>
  <absaspan id=17 senti=4>
    <w>kände</w>
  </absaspan>
  <w>att</w>
  <absaspan id=18>
    <w>jag</w>
    <w>verkligen</w>
    <w>behövde</w>
    <w>det</w>
  </absaspan>
  <w>.</w>
  <w>Jag</w>
  <w>sa</w>
  <w>till</w>
  <w>henne</w>
  <w>att</w>
  <absaspan id=19>
    <w>jag</w>
  </absaspan>
  <absaspan id=20 senti=4>
    <w>ville</w>
    <w>vara</w>
  </absaspan>
  <absaspan id=21>
    <w>med</w>
    <w>Rebeca</w>
  </absaspan>
  <w>och</w>
  <w>åka</w>
  <w>med</w>
  <w>till</w>
  <w>sjukhuset</w>
  <w>.</w>
  <w>Jag</w>
  <absaspan id=22 senti=2>
    <w>ville</w>
    <w>absolut</w>
    <w>inte</w>
    <w>lämna</w>
  </absaspan>
  <absaspan id=23>
    <w>Ricardo</w>
    <w>ensam</w>
    <w>med</w>
    <w>svenska</w>
    <w>doktorer</w>
  </absaspan>
  <w>som</w>
  <w>inte</w>
  <w>kunde</w>
  <w>förklara</w>
  <w>för</w>
  <w>honom</w>
  <w>vad</w>
  <w>som</w>
  <w>händer</w>
  <w>och</w>
  <w>dessutom</w>
  <w>höll</w>
  <w>Rebeca</w>
  <w>i</w>
  <w>mig</w>
  <w>och</w>
  <w>skrek</w>
  <w>att</w>
  <w>jag</w>
  <w>inte</w>
  <w>fick</w>
  <w>lämna</w>
  <w>henne</w>
  <w>.</w>
</absapar>
<absapar id=6>
  <w>Vi</w>
  <w>åkte</w>
  <w>till</w>
  <w>Hagfors</w>
  <w>sjukhus</w>
  <w>och</w>
  <w>en</w>
  <absaspan id=24>
    <w>doktor</w>
  </absaspan>
  <w>sa</w>
  <w>till</w>
  <w>oss</w>
  <w>att</w>
  <absaspan id=25>
    <w>det</w>
  </absaspan>
  <absaspan id=26 senti=4>
    <w>var</w>
    <w>ingen</w>
    <w>fara</w>
  </absaspan>
  <w>.</w>
  <w>Men</w>
  <w>sen</w>
  <w>skickade</w>
  <w>de</w>
  <w>Rebeca</w>
  <w>och</w>
  <w>hennes</w>
  <w>mamma</w>
  <w>till</w>
  <w>Karlstad</w>
  <w>.</w>
  <w>Min</w>
  <w>mamma</w>
  <w>körde</w>
  <w>mig</w>
  <w>,</w>
  <w>Ricardo</w>
  <w>och</w>
  <absaspan id=27>
    <w>Marcelo</w>
  </absaspan>
  <w>,</w>
  <w>en</w>
  <absaspan id=28 senti=4>
    <w>god</w>
    <w>vän</w>
  </absaspan>
  <w>till</w>
  <w>familjen</w>
  <w>,</w>
  <w>efter</w>
  <w>dem</w>
  <w>till</w>
  <w>Karlstad</w>
  <w>.</w>
  <w>Först</w>
  <w>kom</w>
  <w>vi</w>
  <w>till</w>
  <w>vuxenpsyk</w>
  <w>men</w>
  <w>där</w>
  <w>fick</w>
  <w>hon</w>
  <w>inte</w>
  <w>stanna</w>
  <w>för</w>
  <w>hon</w>
  <w>är</w>
  <w>bara</w>
  <w>15</w>
  <w>år</w>
  <w>.</w>
  <w>De</w>
  <w>skickade</w>
  <w>henne</w>
  <w>till</w>
  <w>BUP</w>
  <w>(</w>
  <w>Barn</w>
  <w>-</w>
  <w>och</w>
  <w>ungdomspsykiatri</w>
  <w>)</w>
  <w>.</w>
  <w>Vi</w>
  <w>fick</w>
  <w>veta</w>
  <w>att</w>
  <w>hon</w>
  <w>inte</w>
  <w>fick</w>
  <w>stanna</w>
  <w>över</w>
  <w>natten</w>
  <w>.</w>
  <absaspan id=29>
    <w>Doktorn</w>
  </absaspan>
  <w>sa</w>
  <w>att</w>
  <absaspan id=30>
    <w>det</w>
  </absaspan>
  <absaspan id=31 senti=4>
    <w>inte</w>
    <w>var</w>
    <w>nån</w>
    <w>fara</w>
  </absaspan>
  <w>så</w>
  <w>vi</w>
  <w>kunde</w>
  <w>åka</w>
  <w>hem</w>
  <w>.</w>
  <absaspan id=32>
    <w>Det</w>
  </absaspan>
  <absaspan id=33 senti=2>
    <w>tycker</w>
  </absaspan>
  <absaspan id=34>
    <w>jag</w>
  </absaspan>
  <absaspan id=35 senti=2>
    <w>var</w>
  </absaspan>
  <absaspan id=36 senti=2>
    <w>fel</w>
  </absaspan>
  <w>för</w>
  <w>Rebeca</w>
  <w>kunde</w>
  <w>knappt</w>
  <w>stå</w>
  <w>på</w>
  <w>benen</w>
  <w>och</w>
  <w>absolut</w>
  <w>inte</w>
  <w>gå</w>
  <w>själv</w>
  <w>.</w>
  <w>Och</w>
  <w>hon</w>
  <w>grät</w>
  <w>och</w>
  <w>sa</w>
  <w>att</w>
  <absaspan id=37>
    <w>hon</w>
  </absaspan>
  <absaspan id=38 senti=2>
    <w>inte</w>
    <w>ville</w>
  </absaspan>
  <absaspan id=39>
    <w>tillbaka</w>
    <w>till</w>
    <w>lägenheten</w>
  </absaspan>
  <w>,</w>
  <w>till</w>
  <w>blodet</w>
  <w>.</w>
  <absaspan id=40>
    <w>Hon</w>
  </absaspan>
  <absaspan id=41 senti=2>
    <w>ville</w>
    <w>inte</w>
    <w>bli</w>
    <w>påmind</w>
  </absaspan>
  <w>om</w>
  <absaspan id=42>
    <w>vad</w>
    <w>som</w>
    <w>hänt</w>
  </absaspan>
  <w>.</w>
  <w>Hon</w>
  <w>magpumpades</w>
  <w>aldrig</w>
  <w>för</w>
  <w>tabletterna</w>
  <w>som</w>
  <w>hon</w>
  <w>svalt</w>
  <w>.</w>
</absapar>
<absapar id=7>
  <w>Dagen</w>
  <w>efter</w>
  <w>försökte</w>
  <w>hon</w>
  <w>ta</w>
  <w>sitt</w>
  <w>liv</w>
  <w>igen</w>
  <w>med</w>
  <w>en</w>
  <w>kniv</w>
  <w>och</w>
  <w>hon</w>
  <w>försökte</w>
  <w>strypa</w>
  <w>sig</w>
  <w>själv</w>
  <w>men</w>
  <w>hennes</w>
  <w>mamma</w>
  <w>lyckades</w>
  <w>förhindra</w>
  <w>henne</w>
  <w>.</w>
</absapar>
<absapar id=8 senti=5>
  <w>Sen</w>
  <w>dess</w>
  <w>har</w>
  <w>hon</w>
  <w>inte</w>
  <w>varit</w>
  <w>i</w>
  <w>skolan</w>
  <w>,</w>
  <absaspan id=43>
    <w>hon</w>
  </absaspan>
  <absaspan id=44 senti=2>
    <w>är</w>
    <w>rädd</w>
  </absaspan>
  <w>och</w>
  <w>det</w>
  <w>är</w>
  <absaspan id=45>
    <w>jag</w>
  </absaspan>
  <w>också</w>
  <w>.</w>
  <absaspan id=46>
    <w>Jag</w>
  </absaspan>
  <absaspan id=47 senti=2>
    <w>vill</w>
    <w>inte</w>
  </absaspan>
  <w>att</w>
  <absaspan id=48>
    <w>min</w>
    <w>bästa</w>
    <w>vän</w>
    <w>ska</w>
    <w>tillbaka</w>
    <w>till</w>
    <w>ett</w>
    <w>land</w>
    <w>där</w>
    <w>dom</w>
    <w>kommer</w>
    <w>att</w>
    <w>döda</w>
    <w>henne</w>
    <w>och</w>
    <w>hennes</w>
    <w>familj</w>
  </absaspan>
  <w>!</w>
  <w>Men</w>
  <w>nu</w>
  <w>har</w>
  <w>Migrationsverket</w>
  <w>bestämt</w>
  <w>att</w>
  <w>hon</w>
  <w>ska</w>
  <w>tillbaka</w>
  <w>.</w>
</absapar>
<absapar id=9 senti=5>
  <w>Jag</w>
  <w>gråter</w>
  <w>ofta</w>
  <w>och</w>
  <w>tänker</w>
  <w>på</w>
  <w>allt</w>
  <w>det</w>
  <w>här</w>
  <w>.</w>
  <absaspan id=49 senti=2>
    <w>Hur</w>
    <w>kan</w>
  </absaspan>
  <absaspan id=50>
    <w>Sverige</w>
  </absaspan>
  <absaspan id=51 senti=2>
    <w>vilja</w>
  </absaspan>
  <absaspan id=52 senti=2>
    <w>skicka</w>
    <w>människor</w>
    <w>rakt</w>
    <w>in</w>
    <w>i</w>
    <w>döden</w>
  </absaspan>
  <w>?</w>
  <w>Jag</w>
  <w>umgås</w>
  <w>mycket</w>
  <w>med</w>
  <w>henne</w>
  <w>och</w>
  <w>hennes</w>
  <w>familj</w>
  <w>och</w>
  <w>deras</w>
  <w>vänner</w>
  <w>och</w>
  <absaspan id=53>
    <w>de</w>
  </absaspan>
  <w>är</w>
  <absaspan id=54 senti=5>
    <w>världens</w>
    <w>goaste</w>
    <w>människor</w>
  </absaspan>
  <w>!</w>
  <w>.</w>
</absapar>
<absapar id=10>
  <absaspan id=55 senti=2>
    <w>Är</w>
    <w>det</w>
    <w>rätt</w>
  </absaspan>
  <w>att</w>
  <absaspan id=56>
    <w>dödsdöma</w>
    <w>de</w>
    <w>här</w>
    <w>fina</w>
    <w>människorna</w>
  </absaspan>
  <w>?</w>
  <w>.</w>
</absapar>
<absapar id=11>
  <w>Okej</w>
  <w>,</w>
  <w>jag</w>
  <w>är</w>
  <w>bara</w>
  <w>femton</w>
  <w>år</w>
  <w>och</w>
  <w>kan</w>
  <w>kanske</w>
  <w>inte</w>
  <w>göra</w>
  <w>så</w>
  <w>mycket</w>
  <w>åt</w>
  <w>allt</w>
  <w>det</w>
  <w>här</w>
  <w>.</w>
  <w>Men</w>
  <absaspan id=57>
    <w>jag</w>
  </absaspan>
  <absaspan id=58 senti=4>
    <w>vill</w>
  </absaspan>
  <absaspan id=59>
    <w>försöka</w>
  </absaspan>
  <w>och</w>
  <absaspan id=60>
    <w>jag</w>
  </absaspan>
  <absaspan id=61 senti=4>
    <w>vill</w>
  </absaspan>
  <absaspan id=62>
    <w>lyckas</w>
  </absaspan>
  <w>!</w>
  <absaspan id=63>
    <w>Jag</w>
  </absaspan>
  <absaspan id=64 senti=5>
    <w>älskar</w>
  </absaspan>
  <absaspan id=65>
    <w>henne</w>
    <w>som</w>
    <w>en</w>
    <w>nära</w>
    <w>vän</w>
  </absaspan>
  <w>och</w>
  <absaspan id=66>
    <w>jag</w>
  </absaspan>
  <absaspan id=67 senti=4>
    <w>är</w>
    <w>rädd</w>
    <w>om</w>
  </absaspan>
  <absaspan id=68>
    <w>henne</w>
  </absaspan>
  <w>.</w>
  <absaspan id=69 senti=1>
    <w>Varför</w>
    <w>skicka</w>
  </absaspan>
  <absaspan id=70>
    <w>dem</w>
  </absaspan>
  <absaspan id=71 senti=1>
    <w>i</w>
  </absaspan>
  <absaspan id=72 senti=1>
    <w>döden</w>
  </absaspan>
  <w>?</w>
  <w>Jag</w>
  <w>förstår</w>
  <w>inte</w>
  <w>riktigt</w>
  <w>varför</w>
  <w>!</w>
  <w>.</w>
</absapar>
<absapar id=12>
  <w>En</w>
  <w>sak</w>
  <w>som</w>
  <absaspan id=73 senti=2>
    <w>stör</w>
    <w>mig</w>
    <w>väldigt</w>
    <w>mycket</w>
  </absaspan>
  <w>är</w>
  <w>att</w>
  <absaspan id=74>
    <w>när</w>
    <w>tidningen</w>
    <w>skulle</w>
    <w>intervjua</w>
    <w>mig</w>
    <w>,</w>
    <w>Rebeca</w>
    <w>och</w>
    <w>en</w>
    <w>lärare</w>
    <w>så</w>
    <w>fick</w>
    <w>inte</w>
    <w>läraren</w>
    <w>följa</w>
    <w>med</w>
  </absaspan>
  <w>.</w>
  <absaspan id=75>
    <w>Rektorn</w>
  </absaspan>
  <absaspan id=76 senti=2>
    <w>förbjöd</w>
  </absaspan>
  <absaspan id=77>
    <w>honom</w>
  </absaspan>
  <w>.</w>
  <w>För</w>
  <absaspan id=78>
    <w>skolan</w>
  </absaspan>
  <w>fick</w>
  <w>tydligen</w>
  <absaspan id=79 senti=2>
    <w>inte</w>
    <w>lägga</w>
    <w>sig</w>
    <w>i</w>
  </absaspan>
  <w>hur</w>
  <w>det</w>
  <w>kommer</w>
  <w>att</w>
  <w>gå</w>
  <w>med</w>
  <w>en</w>
  <w>av</w>
  <w>deras</w>
  <w>elever</w>
  <absaspan id=80>
    <w>!</w>
  </absaspan>
  <absaspan id=81>
    <w>Sånt</w>
  </absaspan>
  <absaspan id=82 senti=2>
    <w>gör</w>
    <w>mig</w>
    <w>arg</w>
  </absaspan>
  <w>för</w>
  <w>läraren</w>
  <w>kunde</w>
  <w>ha</w>
  <w>berättat</w>
  <w>om</w>
  <absaspan id=83>
    <w>Rebeca</w>
  </absaspan>
  <w>,</w>
  <w>hur</w>
  <absaspan id=84 senti=4>
    <w>smart</w>
  </absaspan>
  <w>hon</w>
  <w>är</w>
  <w>,</w>
  <w>hur</w>
  <w>hon</w>
  <absaspan id=85 senti=4>
    <w>sliter</w>
    <w>i</w>
    <w>skolan</w>
  </absaspan>
  <w>och</w>
  <w>hur</w>
  <absaspan id=86 senti=4>
    <w>otroligt</w>
    <w>glad</w>
    <w>och</w>
    <w>snäll</w>
  </absaspan>
  <w>hon</w>
  <w>är</w>
  <w>mot</w>
  <w>alla</w>
  <w>.</w>
  <w>Men</w>
  <absaspan id=87>
    <w>han</w>
  </absaspan>
  <absaspan id=88 senti=2>
    <w>blev</w>
    <w>förbjuden</w>
  </absaspan>
  <w>att</w>
  <w>lägga</w>
  <w>sig</w>
  <w>i</w>
  <w>!</w>
  <w>Eleverna</w>
  <w>i</w>
  <w>skolan</w>
  <w>undrar</w>
  <w>mycket</w>
  <w>över</w>
  <w>vad</w>
  <w>som</w>
  <w>har</w>
  <w>hänt</w>
  <w>men</w>
  <w>ingen</w>
  <w>svarar</w>
  <w>.</w>
</absapar>
<absapar id=13 senti=5>
  <w>Migrationsverket</w>
  <w>skickade</w>
  <w>en</w>
  <w>man</w>
  <w>till</w>
  <w>min</w>
  <w>och</w>
  <w>Rebecas</w>
  <w>klass</w>
  <w>en</w>
  <w>dag</w>
  <w>efter</w>
  <w>allt</w>
  <w>hänt</w>
  <w>och</w>
  <absaspan id=89>
    <w>han</w>
  </absaspan>
  <w>stod</w>
  <w>och</w>
  <w>sa</w>
  <w>att</w>
  <absaspan id=90>
    <w>de</w>
  </absaspan>
  <absaspan id=91 senti=3>
    <w>inte</w>
    <w>fick</w>
    <w>ta</w>
    <w>det</w>
    <w>personligt</w>
  </absaspan>
  <w>men</w>
  <absaspan id=92 senti=2>
    <w>problemet</w>
  </absaspan>
  <w>är</w>
  <w>att</w>
  <absaspan id=93>
    <w>jag</w>
    <w>tar</w>
    <w>det</w>
    <w>här</w>
    <w>personligt</w>
  </absaspan>
  <w>!</w>
  <w>Hon</w>
  <w>är</w>
  <w>min</w>
  <w>vän</w>
  <w>,</w>
  <w>inte</w>
  <w>en</w>
  <w>trasdocka</w>
  <w>som</w>
  <absaspan id=94>
    <w>de</w>
  </absaspan>
  <w>kan</w>
  <absaspan id=95 senti=1>
    <w>slänga</w>
    <w>i</w>
    <w>soporna</w>
  </absaspan>
  <w>och</w>
  <w>så</w>
  <w>är</w>
  <w>det</w>
  <w>bra</w>
  <w>med</w>
  <w>det</w>
  <w>.</w>
</absapar>
<absapar id=14>
  <w>Det</w>
  <w>är</w>
  <w>som</w>
  <w>ringar</w>
  <w>på</w>
  <w>vattnet</w>
  <w>,</w>
  <w>om</w>
  <w>de</w>
  <w>kör</w>
  <w>ut</w>
  <w>den</w>
  <w>här</w>
  <w>familjen</w>
  <w>så</w>
  <w>är</w>
  <w>det</w>
  <w>inte</w>
  <w>bara</w>
  <absaspan id=96>
    <w>de</w>
  </absaspan>
  <w>som</w>
  <absaspan id=97 senti=2>
    <w>drabbas</w>
  </absaspan>
  <w>utan</w>
  <w>också</w>
  <absaspan id=98>
    <w>jag</w>
    <w>och</w>
    <w>min</w>
    <w>familj</w>
    <w>,</w>
    <w>Ricardos</w>
    <w>flickvän</w>
    <w>och</w>
    <w>hennes</w>
    <w>familj</w>
    <w>,</w>
    <w>Rebecas</w>
    <w>familjs</w>
    <w>vänner</w>
    <w>och</w>
    <w>alla</w>
    <w>Rebecas</w>
    <w>vänner</w>
  </absaspan>
  <w>!</w>
  <absaspan id=99>
    <w>Vi</w>
  </absaspan>
  <absaspan id=100 senti=2>
    <w>kommer</w>
  </absaspan>
  <w>alla</w>
  <w>att</w>
  <absaspan id=101 senti=2>
    <w>bli</w>
  </absaspan>
  <absaspan id=102 senti=2>
    <w>mycket</w>
    <w>ledsna</w>
  </absaspan>
  <w>men</w>
  <absaspan id=103 senti=2>
    <w>vad</w>
    <w>bryr</w>
    <w>sig</w>
  </absaspan>
  <absaspan id=104>
    <w>det</w>
    <w>här</w>
    <w>landet</w>
    <w>om</w>
    <w>det</w>
  </absaspan>
  <w>?</w>
  <w>.</w>
</absapar>
<absapar id=15 senti=5>
  <w>Invandrare</w>
  <w>kommer</w>
  <w>till</w>
  <w>Sverige</w>
  <w>för</w>
  <w>att</w>
  <w>de</w>
  <w>har</w>
  <w>hört</w>
  <w>att</w>
  <absaspan id=105 senti=4>
    <w>det</w>
    <w>är</w>
    <w>så</w>
    <w>bra</w>
    <w>här</w>
  </absaspan>
  <w>,</w>
  <w>men</w>
  <absaspan id=106>
    <w>Sverige</w>
  </absaspan>
  <absaspan id=107 senti=2>
    <w>är</w>
    <w>inte</w>
    <w>så</w>
    <w>bra</w>
    <w>som</w>
    <w>alla</w>
    <w>påstår</w>
  </absaspan>
  <absaspan id=108>
    <w>.</w>
  </absaspan>
  <w>Förlåt</w>
  <w>mig</w>
  <w>för</w>
  <w>att</w>
  <w>jag</w>
  <w>som</w>
  <w>är</w>
  <w>svensk</w>
  <w>skriver</w>
  <w>sånt</w>
  <w>här</w>
  <w>,</w>
  <w>men</w>
  <w>det</w>
  <w>är</w>
  <w>vad</w>
  <absaspan id=109>
    <w>jag</w>
  </absaspan>
  <absaspan id=110 senti=2>
    <w>tycker</w>
  </absaspan>
  <w>.</w>
</absapar>
<absapar id=16 senti=5>
  <w>Nu</w>
  <w>kommer</w>
  <w>ni</w>
  <w>att</w>
  <w>skicka</w>
  <w>hem</w>
  <w>Rebeca</w>
  <w>till</w>
  <w>ett</w>
  <w>land</w>
  <w>där</w>
  <absaspan id=111>
    <w>hennes</w>
    <w>pappa</w>
  </absaspan>
  <w>sitter</w>
  <w>och</w>
  <absaspan id=112 senti=2>
    <w>väntar</w>
    <w>på</w>
    <w>att</w>
    <w>få</w>
    <w>ha</w>
    <w>ihjäl</w>
    <w>henne</w>
  </absaspan>
  <w>.</w>
  <w>Om</w>
  <w>familjen</w>
  <w>stannar</w>
  <w>här</w>
  <w>i</w>
  <w>Sverige</w>
  <w>kommer</w>
  <w>de</w>
  <w>i</w>
  <w>alla</w>
  <w>fall</w>
  <absaspan id=113 senti=4>
    <w>få</w>
    <w>en</w>
    <w>chans</w>
  </absaspan>
  <w>att</w>
  <absaspan id=114>
    <w>leva</w>
    <w>ett</w>
    <w>normalt</w>
    <w>liv</w>
  </absaspan>
  <w>.</w>
</absapar>
<absapar id=17 senti=5>
  <absaspan id=115>
    <w>Jag</w>
  </absaspan>
  <absaspan id=116 senti=5>
    <w>älskar</w>
  </absaspan>
  <absaspan id=117>
    <w>den</w>
    <w>familjen</w>
  </absaspan>
  <w>,</w>
  <w>låt</w>
  <w>den</w>
  <w>stanna</w>
  <w>!</w>
  <w>.</w>
</absapar>
<absapar id=18>
  <w>Sara</w>
  <w>Abrahamsson</w>
  <w>.</w>
</absapar>
</absadoc>
