<absadoc annotators=1 senti=0>
<absatitle>
  <w>Hur</w>
  <w>ta</w>
  <w>hit</w>
  <w>mina</w>
  <w>släktingar</w>
  <w>från</w>
  <w>hemlandet</w>
  <w>mha</w>
  <w>.</w>
  <w>min</w>
  <w>utbildning</w>
  <w>?</w>
</absatitle>
<absapar id=1>
  <w>Pluggar</w>
  <w>för</w>
  <w>tillfället</w>
  <w>på</w>
  <w>HHS</w>
  <w>i</w>
  <w>Stockholm</w>
  <w>,</w>
  <w>B</w>
  <w>&</w>
  <w>E</w>
  <w>och</w>
  <absaspan id=1 senti=5>
    <w>ser</w>
    <w>mycket</w>
    <w>goda</w>
    <w>framtidsmöjligheter</w>
  </absaspan>
  <w>.</w>
</absapar>
<absapar id=2 senti=4>
  <w>Jag</w>
  <w>undrar</w>
  <w>hur</w>
  <w>jag</w>
  <w>kan</w>
  <w>utnyttja</w>
  <w>min</w>
  <w>utbildning</w>
  <w>/</w>
  <w>nätverk</w>
  <w>för</w>
  <absaspan id=2 senti=4>
    <w>att</w>
    <w>bjuda</w>
    <w>in</w>
  </absaspan>
  <absaspan id=3>
    <w>några</w>
    <w>få</w>
    <w>släktingar</w>
    <w>från</w>
    <w>hemlandet</w>
    <w>(</w>
    <w>ett</w>
    <w>land</w>
    <w>i</w>
    <w>Asien</w>
    <w>)</w>
  </absaspan>
  <w>.</w>
  <w>Skall</w>
  <w>jag</w>
  <w>exempelvis</w>
  <w>sträva</w>
  <w>efter</w>
  <w>att</w>
  <w>hamna</w>
  <w>högt</w>
  <w>inom</w>
  <w>politiken</w>
  <w>eller</w>
  <w>satsa</w>
  <w>på</w>
  <w>att</w>
  <w>bli</w>
  <w>en</w>
  <w>ambassadör</w>
  <w>?</w>
  <w>.</w>
</absapar>
<absapar id=3 senti=4>
  <absaspan id=4>
    <w>Jag</w>
  </absaspan>
  <absaspan id=5 senti=4>
    <w>har</w>
  </absaspan>
  <w>tidigare</w>
  <absaspan id=6 senti=4>
    <w>försökt</w>
  </absaspan>
  <absaspan id=7>
    <w>få</w>
    <w>hit</w>
    <w>min</w>
    <w>morbror</w>
  </absaspan>
  <w>,</w>
  <w>men</w>
  <w>han</w>
  <w>fick</w>
  <w>avslag</w>
  <w>pga</w>
  <w>.</w>
  <w>finansiella</w>
  <w>skäl</w>
  <w>(</w>
  <w>han</w>
  <absaspan id=8>
    <w>tjänar</w>
  </absaspan>
  <absaspan id=9 senti=2>
    <w>inte</w>
    <w>särskilt</w>
    <w>bra</w>
  </absaspan>
  <w>och</w>
  <w>således</w>
  <w>antog</w>
  <w>Migrationsverket</w>
  <w>att</w>
  <w>han</w>
  <w>skulle</w>
  <w>bli</w>
  <w>klar</w>
  <w>efter</w>
  <w>besökstiden</w>
  <w>,</w>
  <w>men</w>
  <w>min</w>
  <w>pappa</w>
  <absaspan id=10>
    <w>tjänar</w>
  </absaspan>
  <absaspan id=11 senti=4>
    <w>tillräckligt</w>
    <w>bra</w>
  </absaspan>
  <w>för</w>
  <w>att</w>
  <w>även</w>
  <w>kunna</w>
  <w>försörja</w>
  <w>honom</w>
  <w>,</w>
  <w>därmed</w>
  <w>kommer</w>
  <w>han</w>
  <w>inte</w>
  <w>leva</w>
  <w>som</w>
  <absaspan id=12 senti=2>
    <w>en</w>
    <w>"</w>
    <w>parasit</w>
    <w>"</w>
    <w>på</w>
    <w>bidrag</w>
  </absaspan>
  <w>)</w>
  <absaspan id=13>
    <w>.</w>
  </absaspan>
</absapar>
<absapar id=4 senti=4>
  <w>Jag</w>
  <w>är</w>
  <w>även</w>
  <w>medveten</w>
  <w>om</w>
  <w>att</w>
  <absaspan id=14>
    <w>många</w>
    <w>på</w>
    <w>Flashback</w>
  </absaspan>
  <absaspan id=15 senti=2>
    <w>är</w>
    <w>emot</w>
  </absaspan>
  <absaspan id=16>
    <w>invandringen</w>
    <w>och</w>
    <w>integrationen</w>
  </absaspan>
  <w>och</w>
  <absaspan id=17>
    <w>jag</w>
  </absaspan>
  <absaspan id=18 senti=2>
    <w>vill</w>
    <w>helst</w>
    <w>inte</w>
  </absaspan>
  <absaspan id=19>
    <w>diskutera</w>
    <w>för</w>
    <w>-</w>
    <w>och</w>
    <w>nackdelar</w>
    <w>av</w>
    <w>detta</w>
  </absaspan>
  <w>.</w>
  <w>Utan</w>
  <w>,</w>
  <w>det</w>
  <w>jag</w>
  <w>endast</w>
  <w>frågar</w>
  <w>är</w>
  <w>hur</w>
  <w>jag</w>
  <w>kan</w>
  <w>influera</w>
  <w>beslutet</w>
  <w>om</w>
  <w>någon</w>
  <w>från</w>
  <w>mitt</w>
  <w>hemland</w>
  <w>får</w>
  <w>komma</w>
  <w>hit</w>
  <w>eller</w>
  <w>inte</w>
  <w>.</w>
  <w>Vilket</w>
  <w>yrke</w>
  <w>?</w>
  <w>Hur</w>
  <w>använda</w>
  <w>det</w>
  <w>markanta</w>
  <w>nätverk</w>
  <w>på</w>
  <w>HHS</w>
  <w>?</w>
  <w>.</w>
</absapar>
</absadoc>
