<absadoc annotators=1 senti=>
<absatitle>
  <w>Riv</w>
  <w>ner</w>
  <w>taggtråden</w>
  <w>runt</w>
  <w>EU</w>
  <w>:</w>
  <w>s</w>
  <w>gränser</w>
  <w>.</w>
</absatitle>
<absapar id=1>
  <w>Antalet</w>
  <w>flyktingar</w>
  <w>och</w>
  <w>internflyktingar</w>
  <w>i</w>
  <w>världen</w>
  <w>ökar</w>
  <w>igen</w>
  <w>.</w>
  <w>Under</w>
  <w>2012</w>
  <w>dokumenterade</w>
  <w>FN</w>
  <w>:</w>
  <w>s</w>
  <w>flyktingorgan</w>
  <w>att</w>
  <absaspan id=1>
    <w>23</w>
    <w>000</w>
    <w>människor</w>
  </absaspan>
  <w>dagligen</w>
  <absaspan id=2 senti=2>
    <w>tvingades</w>
    <w>lämna</w>
    <w>sina</w>
    <w>hem</w>
  </absaspan>
  <w>.</w>
  <w>Över</w>
  <w>45</w>
  <w>miljoner</w>
  <absaspan id=3 senti=2>
    <w>tvångsförflyttade</w>
  </absaspan>
  <absaspan id=4>
    <w>människor</w>
  </absaspan>
  <w>söker</w>
  <w>efter</w>
  <w>säkerhet</w>
  <w>och</w>
  <w>trenden</w>
  <w>pekar</w>
  <w>mot</w>
  <w>allt</w>
  <w>fler</w>
  <w>.</w>
  <absaspan id=5>
    <w>Syrien</w>
  </absaspan>
  <absaspan id=6 senti=2>
    <w>är</w>
    <w>värst</w>
    <w>drabbat</w>
  </absaspan>
  <w>.</w>
  <w>Omkring</w>
  <w>40</w>
  <w>procent</w>
  <w>av</w>
  <w>befolkningen</w>
  <w>,</w>
  <w>9</w>
  <w>miljoner</w>
  <w>människor</w>
  <w>,</w>
  <w>hälften</w>
  <w>av</w>
  <w>dem</w>
  <w>barn</w>
  <w>,</w>
  <w>har</w>
  <w>ryckts</w>
  <w>upp</w>
  <w>med</w>
  <w>rötterna</w>
  <w>från</w>
  <w>sina</w>
  <w>hem</w>
  <w>.</w>
</absapar>
<absapar id=2>
  <w>De</w>
  <w>flyr</w>
  <w>för</w>
  <w>sina</w>
  <w>liv</w>
  <w>.</w>
  <w>Grannländerna</w>
  <w>är</w>
  <w>överhopade</w>
  <w>och</w>
  <w>förhållandena</w>
  <w>i</w>
  <w>flyktinglägren</w>
  <w>är</w>
  <w>fruktansvärda</w>
  <w>.</w>
</absapar>
<absapar id=3>
  <w>När</w>
  <w>miljoner</w>
  <w>är</w>
  <w>i</w>
  <w>behov</w>
  <w>av</w>
  <w>skydd</w>
  <w>vägrar</w>
  <w>vissa</w>
  <w>EU-länder</w>
  <w>att</w>
  <w>acceptera</w>
  <w>en</w>
  <w>enda</w>
  <w>flykting</w>
  <w>.</w>
  <w>De</w>
  <w>visionära</w>
  <w>värderingar</w>
  <w>som</w>
  <w>EU</w>
  <w>bygger</w>
  <w>på</w>
  <w>har</w>
  <w>fallit</w>
  <w>.</w>
</absapar>
<absapar id=4>
  <absaspan id=7>
    <w>Grundstatutets</w>
  </absaspan>
  <absaspan id=8 senti=4>
    <w>vackra</w>
    <w>formulering</w>
  </absaspan>
  <w>:</w>
  <w>"</w>
  <absaspan id=9>
    <w>Unionen</w>
  </absaspan>
  <absaspan id=10 senti=4>
    <w>ska</w>
    <w>bygga</w>
    <w>på</w>
    <w>värdena</w>
    <w>respekt</w>
    <w>för</w>
    <w>människans</w>
    <w>värdighet</w>
    <w>,</w>
    <w>frihet</w>
    <w>,</w>
    <w>demokrati</w>
    <w>,</w>
    <w>jämlikhet</w>
    <w>,</w>
    <w>rättsstaten</w>
    <w>och</w>
    <w>respekt</w>
    <w>för</w>
    <w>de</w>
    <w>mänskliga</w>
    <w>rättigheterna</w>
  </absaspan>
  <w>"</w>
  <w>(</w>
  <w>Fördraget</w>
  <w>om</w>
  <w>Europeiska</w>
  <w>unionen</w>
  <w>)</w>
  <w>,</w>
  <w>ekar</w>
  <w>skamligt</w>
  <w>tomt</w>
  <w>.</w>
</absapar>
<absapar id=5>
  <w>Istället</w>
  <w>för</w>
  <w>att</w>
  <w>försöka</w>
  <w>uppfylla</w>
  <w>fördraget</w>
  <w>spänner</w>
  <w>vi</w>
  <w>taggtråd</w>
  <w>runt</w>
  <w>våra</w>
  <w>gränser</w>
  <w>.</w>
  <w>Vår</w>
  <w>"</w>
  <w>respekt</w>
  <w>för</w>
  <w>människans</w>
  <w>värdighet</w>
  <w>"</w>
  <w>gäller</w>
  <w>endast</w>
  <w>för</w>
  <w>dem</w>
  <w>innanför</w>
  <w>stängslet</w>
  <w>.</w>
</absapar>
<absapar id=6>
  <w>Människor</w>
  <w>som</w>
  <w>flyr</w>
  <w>för</w>
  <w>sina</w>
  <w>liv</w>
  <w>tvingas</w>
  <w>söka</w>
  <w>livsfarliga</w>
  <w>sätt</w>
  <w>att</w>
  <w>nå</w>
  <w>tryggheten</w>
  <w>.</w>
  <w>Vi</w>
  <w>har</w>
  <w>sett</w>
  <w>bilderna</w>
  <w>på</w>
  <w>kropparna</w>
  <w>av</w>
  <w>drunknade</w>
  <w>flyktingar</w>
  <w>som</w>
  <w>spolas</w>
  <w>upp</w>
  <w>på</w>
  <w>stränderna</w>
  <w>runt</w>
  <w>Medelhavet</w>
  <w>.</w>
</absapar>
<absapar id=7>
  <w>Poeten</w>
  <w>John</w>
  <w>Donne</w>
  <w>skrev</w>
  <w>"</w>
  <w>varje</w>
  <w>människas</w>
  <w>död</w>
  <w>förminskar</w>
  <w>mig</w>
  <w>,</w>
  <w>ty</w>
  <w>jag</w>
  <w>är</w>
  <w>del</w>
  <w>av</w>
  <w>mänskligheten</w>
  <w>och</w>
  <w>därför</w>
  <w>aldrig</w>
  <w>i</w>
  <w>skick</w>
  <w>att</w>
  <w>veta</w>
  <w>för</w>
  <w>vem</w>
  <w>klockan</w>
  <w>klämtar</w>
  <w>;</w>
  <w>den</w>
  <w>klämtar</w>
  <w>för</w>
  <w>dig</w>
  <w>"</w>
  <w>.</w>
</absapar>
<absapar id=8>
  <w>Bryr</w>
  <w>vi</w>
  <w>oss</w>
  <w>om</w>
  <w>människor</w>
  <w>som</w>
  <w>dör</w>
  <w>i</w>
  <w>jakt</w>
  <w>på</w>
  <w>trygghet</w>
  <w>?</w>
  <w>.</w>
</absapar>
<absapar id=9>
  <w>Vi</w>
  <w>som</w>
  <w>skriver</w>
  <w>detta</w>
  <w>har</w>
  <w>sett</w>
  <w>och</w>
  <w>arbetat</w>
  <w>i</w>
  <w>katastrofer</w>
  <w>världen</w>
  <w>runt</w>
  <w>och</w>
  <w>forskat</w>
  <w>inom</w>
  <w>området</w>
  <w>.</w>
  <w>Vi</w>
  <w>är</w>
  <w>medborgare</w>
  <w>från</w>
  <w>femton</w>
  <w>EU-länder</w>
  <w>,</w>
  <w>läkare</w>
  <w>och</w>
  <w>universitetsprofessorer</w>
  <w>som</w>
  <w>representerar</w>
  <w>medicin</w>
  <w>,</w>
  <w>etik</w>
  <w>,</w>
  <w>filosofi</w>
  <w>,</w>
  <w>samhällsvetenskap</w>
  <w>och</w>
  <w>juridik</w>
  <w>.</w>
  <w>Vår</w>
  <w>vädjan</w>
  <w>i</w>
  <w>detta</w>
  <w>brev</w>
  <w>stöttas</w>
  <w>av</w>
  <w>ytterligare</w>
  <w>kollegor</w>
  <w>utanför</w>
  <w>EU</w>
  <w>.</w>
</absapar>
<absapar id=10>
  <absaspan id=11>
    <w>De</w>
    <w>flesta</w>
    <w>EU-länder</w>
  </absaspan>
  <absaspan id=12 senti=2>
    <w>har</w>
    <w>en</w>
    <w>historia</w>
    <w>av</w>
    <w>fattigdom</w>
    <w>och</w>
    <w>konflikter</w>
  </absaspan>
  <w>.</w>
  <w>Vi</w>
  <w>har</w>
  <w>förfäder</w>
  <w>som</w>
  <w>tvingades</w>
  <w>att</w>
  <w>lämna</w>
  <w>sina</w>
  <w>hem</w>
  <w>för</w>
  <w>att</w>
  <w>söka</w>
  <w>trygghet</w>
  <w>i</w>
  <w>främmande</w>
  <w>länder</w>
  <w>.</w>
  <absaspan id=13>
    <w>Andra</w>
    <w>delar</w>
    <w>av</w>
    <w>världen</w>
  </absaspan>
  <absaspan id=14 senti=4>
    <w>välkomnade</w>
  </absaspan>
  <w>vårt</w>
  <w>folk</w>
  <w>när</w>
  <w>de</w>
  <w>flydde</w>
  <w>.</w>
  <w>Vi</w>
  <w>har</w>
  <w>ett</w>
  <w>moraliskt</w>
  <w>och</w>
  <w>professionellt</w>
  <w>ansvar</w>
  <w>att</w>
  <w>påtala</w>
  <w>det</w>
  <w>vi</w>
  <w>bevittnar</w>
  <w>.</w>
  <w>Det</w>
  <w>krävs</w>
  <w>att</w>
  <w>EU</w>
  <w>omedelbart</w>
  <w>vidtar</w>
  <w>åtgärder</w>
  <w>för</w>
  <w>en</w>
  <w>human</w>
  <w>flyktingpolitik</w>
  <w>av</w>
  <w>"</w>
  <w>respekt</w>
  <w>för</w>
  <w>människans</w>
  <w>värdighet</w>
  <w>"</w>
  <w>.</w>
</absapar>
<absapar id=11>
  <w>Vi</w>
  <w>tror</w>
  <w>på</w>
  <w>de</w>
  <w>principer</w>
  <w>på</w>
  <w>vilken</w>
  <w>EU</w>
  <w>grundades</w>
  <w>,</w>
  <w>men</w>
  <w>dessa</w>
  <w>måste</w>
  <w>efterlevas</w>
  <w>för</w>
  <w>att</w>
  <w>inte</w>
  <w>förlora</w>
  <w>sitt</w>
  <w>värde</w>
  <w>.</w>
  <w>Vi</w>
  <w>vill</w>
  <w>vara</w>
  <w>medborgare</w>
  <w>i</w>
  <w>ett</w>
  <w>EU</w>
  <w>som</w>
  <w>stolt</w>
  <w>kan</w>
  <w>visa</w>
  <w>upp</w>
  <w>att</w>
  <w>det</w>
  <w>stod</w>
  <w>upp</w>
  <w>för</w>
  <w>"</w>
  <w>respekt</w>
  <w>för</w>
  <w>människans</w>
  <w>värdighet</w>
  <w>"</w>
  <w>och</w>
  <w>gjorde</w>
  <w>allt</w>
  <w>som</w>
  <w>gick</w>
  <w>för</w>
  <w>ett</w>
  <w>humant</w>
  <w>flyktingomhändertagande</w>
  <w>.</w>
</absapar>
<absapar id=12>
  <w>Vi</w>
  <w>vill</w>
  <w>vara</w>
  <w>en</w>
  <w>del</w>
  <w>av</w>
  <w>kören</w>
  <w>som</w>
  <w>sjunger</w>
  <w>Beethovens</w>
  <w>nionde</w>
  <w>symfoni</w>
  <w>,</w>
  <w>EU</w>
  <w>:</w>
  <w>s</w>
  <w>nationalhymn</w>
  <w>,</w>
  <w>"</w>
  <w>Alle</w>
  <w>Menschen</w>
  <w>werden</w>
  <w>Brüder</w>
  <w>"</w>
  <w>-</w>
  <w>Alla</w>
  <w>mänskor</w>
  <w>bliva</w>
  <w>bröder</w>
  <w>.</w>
</absapar>
<absapar id=13>
  <w>Se</w>
  <w>till</w>
  <w>att</w>
  <w>den</w>
  <w>kandidat</w>
  <w>du</w>
  <w>röstar</w>
  <w>på</w>
  <w>den</w>
  <w>25</w>
  <w>:</w>
  <w>e</w>
  <w>maj</w>
  <w>aktivt</w>
  <w>verkar</w>
  <w>för</w>
  <w>en</w>
  <w>värdig</w>
  <w>flyktingpolitik</w>
  <w>.</w>
</absapar>
<absapar id=14>
  <w>Johan</w>
  <w>von</w>
  <w>Schreeb</w>
  <w>,</w>
  <w>leg</w>
  <w>läkare</w>
  <w>,</w>
  <w>docent</w>
  <w>,</w>
  <w>Specialist</w>
  <w>inom</w>
  <w>katastrofmedicin</w>
  <w>(</w>
  <w>Sverige</w>
  <w>)</w>
  <w>.</w>
</absapar>
<absapar id=15>
  <w>Niklas</w>
  <w>Juth</w>
  <w>,</w>
  <w>Docent</w>
  <w>,</w>
  <w>Medicinsk</w>
  <w>etik</w>
  <w>,</w>
  <w>(</w>
  <w>Sverige</w>
  <w>)</w>
  <w>.</w>
</absapar>
<absapar id=16>
  <w>Dónal</w>
  <w>O</w>
  <w>’</w>
  <w>Mathúna</w>
  <w>,</w>
  <w>PhD</w>
  <w>,</w>
  <w>Senior</w>
  <w>Lecturer</w>
  <w>,</w>
  <w>Ethics</w>
  <w>(</w>
  <w>Irland</w>
  <w>)</w>
  <w>.</w>
</absapar>
<absapar id=17>
  <w>Ayesha</w>
  <w>Ahmad</w>
  <w>,</w>
  <w>PhD</w>
  <w>,</w>
  <w>Tutor</w>
  <w>,</w>
  <w>Medical</w>
  <w>Ethics</w>
  <w>(</w>
  <w>Storbritannien</w>
  <w>)</w>
  <w>.</w>
</absapar>
<absapar id=18>
  <w>Ana</w>
  <w>Borovecki</w>
  <w>,</w>
  <w>MD</w>
  <w>,</w>
  <w>PhD</w>
  <w>,</w>
  <w>MPH</w>
  <w>,</w>
  <w>Assistant</w>
  <w>Professor</w>
  <w>,</w>
  <w>Bioethics</w>
  <w>&</w>
  <w>Public</w>
  <w>Health</w>
  <w>(</w>
  <w>Kroatien</w>
  <w>)</w>
  <w>.</w>
</absapar>
<absapar id=19>
  <w>Roger</w>
  <w>Bromley</w>
  <w>,</w>
  <w>DPhil</w>
  <w>,</w>
  <w>Emeritus</w>
  <w>Professor</w>
  <w>,</w>
  <w>Cultural</w>
  <w>Studies</w>
  <w>(</w>
  <w>Storbritannien</w>
  <w>)</w>
  <w>.</w>
</absapar>
<absapar id=20>
  <w>Ernesto</w>
  <w>d'Aloja</w>
  <w>,</w>
  <w>MD</w>
  <w>,</w>
  <w>PhD</w>
  <w>,</w>
  <w>Professor</w>
  <w>,</w>
  <w>Legal</w>
  <w>Medicine</w>
  <w>and</w>
  <w>Bioethics</w>
  <w>(</w>
  <w>Italien</w>
  <w>)</w>
  <w>.</w>
</absapar>
<absapar id=21>
  <w>Francesco</w>
  <w>Della</w>
  <w>Corte</w>
  <w>,</w>
  <w>MD</w>
  <w>,</w>
  <w>Hon</w>
  <w>.</w>
  <w>Fellow</w>
  <w>EuSEM</w>
  <w>,</w>
  <w>Disaster</w>
  <w>Medicine</w>
  <w>(</w>
  <w>Italien</w>
  <w>)</w>
  <w>.</w>
</absapar>
<absapar id=22>
  <w>Federica</w>
  <w>Demuru</w>
  <w>,</w>
  <w>PhD</w>
  <w>,</w>
  <w>Researcher</w>
  <w>,</w>
  <w>Bioethics</w>
  <w>(</w>
  <w>Italien</w>
  <w>)</w>
  <w>.</w>
</absapar>
<absapar id=23>
  <w>Ignaas</w>
  <w>Devisch</w>
  <w>,</w>
  <w>PhD</w>
  <w>,</w>
  <w>Professor</w>
  <w>,</w>
  <w>Philosophy</w>
  <w>of</w>
  <w>Medicine</w>
  <w>and</w>
  <w>Ethics</w>
  <w>(</w>
  <w>Belgien</w>
  <w>)</w>
  <w>.</w>
</absapar>
<absapar id=24>
  <w>Heather</w>
  <w>Draper</w>
  <w>,</w>
  <w>PhD</w>
  <w>,</w>
  <w>Professor</w>
  <w>,</w>
  <w>Biomedical</w>
  <w>Ethics</w>
  <w>(</w>
  <w>Storbritannien</w>
  <w>)</w>
  <w>.</w>
</absapar>
<absapar id=25>
  <w>Vasil</w>
  <w>Gluchman</w>
  <w>,</w>
  <w>PhD</w>
  <w>,</w>
  <w>Professor</w>
  <w>,</w>
  <w>Philosophy</w>
  <w>and</w>
  <w>Ethics</w>
  <w>(</w>
  <w>Slovakien</w>
  <w>)</w>
  <w>.</w>
</absapar>
<absapar id=26>
  <w>Ghaiath</w>
  <w>Hussein</w>
  <w>,</w>
  <w>MBBS</w>
  <w>,</w>
  <w>MHSc</w>
  <w>,</w>
  <w>Doctoral</w>
  <w>Researcher</w>
  <w>,</w>
  <w>Bioethics</w>
  <w>(</w>
  <w>Storbritannien</w>
  <w>)</w>
  <w>.</w>
</absapar>
<absapar id=27>
  <w>Péter</w>
  <w>Kakuk</w>
  <w>,</w>
  <w>PhD</w>
  <w>,</w>
  <w>Assistant</w>
  <w>Professor</w>
  <w>,</w>
  <w>Bioethics</w>
  <w>(</w>
  <w>Ungern</w>
  <w>)</w>
  <w>.</w>
</absapar>
<absapar id=28>
  <w>Eleni</w>
  <w>Kalokairinou</w>
  <w>,</w>
  <w>PhD</w>
  <w>,</w>
  <w>Associate</w>
  <w>Professor</w>
  <w>,</w>
  <w>Moral</w>
  <w>Philosophy</w>
  <w>(</w>
  <w>Grekland</w>
  <w>)</w>
  <w>.</w>
</absapar>
<absapar id=29>
  <w>Pierre</w>
  <w>Mallia</w>
  <w>,</w>
  <w>MD</w>
  <w>,</w>
  <w>MPhil</w>
  <w>,</w>
  <w>MA</w>
  <w>(</w>
  <w>law</w>
  <w>)</w>
  <w>,</w>
  <w>PhD</w>
  <w>,</w>
  <w>Professor</w>
  <w>,</w>
  <w>Bioethics</w>
  <w>(</w>
  <w>Malta</w>
  <w>)</w>
  <w>.</w>
</absapar>
<absapar id=30>
  <w>Signe</w>
  <w>Mezinska</w>
  <w>,</w>
  <w>PhD</w>
  <w>,</w>
  <w>Lecturer</w>
  <w>,</w>
  <w>Bioethics</w>
  <w>(</w>
  <w>Lettland</w>
  <w>)</w>
  <w>.</w>
</absapar>
<absapar id=31>
  <w>Emilomo</w>
  <w>Ogbe</w>
  <w>,</w>
  <w>MD</w>
  <w>,</w>
  <w>MA</w>
  <w>,</w>
  <w>Researcher</w>
  <w>,</w>
  <w>Sexual</w>
  <w>&</w>
  <w>Reproductive</w>
  <w>Health</w>
  <w>(</w>
  <w>Belgien</w>
  <w>)</w>
  <w>.</w>
</absapar>
<absapar id=32>
  <w>Salvatore</w>
  <w>Pisu</w>
  <w>,</w>
  <w>MD</w>
  <w>,</w>
  <w>Emergency</w>
  <w>Medicine</w>
  <w>(</w>
  <w>Italien</w>
  <w>)</w>
  <w>.</w>
</absapar>
<absapar id=33>
  <w>Paulina</w>
  <w>Pospieszna</w>
  <w>,</w>
  <w>PhD</w>
  <w>,</w>
  <w>Assistant</w>
  <w>Professor</w>
  <w>,</w>
  <w>Political</w>
  <w>Science</w>
  <w>(</w>
  <w>Polen</w>
  <w>)</w>
  <w>.</w>
</absapar>
<absapar id=34>
  <w>Aivita</w>
  <w>Putnina</w>
  <w>,</w>
  <w>PhD</w>
  <w>,</w>
  <w>Director</w>
  <w>,</w>
  <w>Social</w>
  <w>Aanthropology</w>
  <w>(</w>
  <w>Lettland</w>
  <w>)</w>
  <w>.</w>
</absapar>
<absapar id=35>
  <w>Jackie</w>
  <w>Leach</w>
  <w>Scully</w>
  <w>,</w>
  <w>PhD</w>
  <w>,</w>
  <w>Professor</w>
  <w>,</w>
  <w>Social</w>
  <w>Ethics</w>
  <w>and</w>
  <w>Bioethics</w>
  <w>(</w>
  <w>Storbritannien</w>
  <w>)</w>
  <w>.</w>
</absapar>
<absapar id=36>
  <w>Joanna</w>
  <w>Rozynska</w>
  <w>,</w>
  <w>PhD</w>
  <w>,</w>
  <w>Assistant</w>
  <w>Professor</w>
  <w>,</w>
  <w>Bioethics</w>
  <w>(</w>
  <w>Polen</w>
  <w>)</w>
  <w>.</w>
</absapar>
<absapar id=37>
  <w>Kadri</w>
  <w>Simm</w>
  <w>,</w>
  <w>PhD</w>
  <w>,</w>
  <w>Associate</w>
  <w>Professor</w>
  <w>,</w>
  <w>Practical</w>
  <w>Philosophy</w>
  <w>(</w>
  <w>Estland</w>
  <w>)</w>
  <w>.</w>
</absapar>
<absapar id=38>
  <w>Peter</w>
  <w>Sýkora</w>
  <w>,</w>
  <w>PhD</w>
  <w>,</w>
  <w>Professor</w>
  <w>,</w>
  <w>Philosophy</w>
  <w>and</w>
  <w>Biology</w>
  <w>(</w>
  <w>Slovakien</w>
  <w>)</w>
  <w>.</w>
</absapar>
<absapar id=39>
  <w>Emanuele</w>
  <w>Valenti</w>
  <w>,</w>
  <w>PhD</w>
  <w>,</w>
  <w>Lecturer</w>
  <w>,</w>
  <w>Bioethics</w>
  <w>(</w>
  <w>Spanien</w>
  <w>)</w>
  <w>.</w>
</absapar>
<absapar id=40>
  <w>Behnam</w>
  <w>Taebi</w>
  <w>,</w>
  <w>PhD</w>
  <w>,</w>
  <w>Assistant</w>
  <w>Professor</w>
  <w>,</w>
  <w>Ethics</w>
  <w>(</w>
  <w>Nederländerna</w>
  <w>)</w>
  <w>.</w>
</absapar>
<absapar id=41>
  <w>Marcin</w>
  <w>Waligóra</w>
  <w>,</w>
  <w>PhD</w>
  <w>,</w>
  <w>Assistant</w>
  <w>Professor</w>
  <w>,</w>
  <w>Bioethics</w>
  <w>(</w>
  <w>Polen</w>
  <w>)</w>
  <w>.</w>
</absapar>
<absapar id=42>
  <w>Med</w>
  <w>stöd</w>
  <w>av</w>
  <w>följande</w>
  <w>utanför</w>
  <w>EU</w>
  <w>:</w>
  <w>.</w>
</absapar>
<absapar id=43>
  <w>Y</w>
  <w>Michael</w>
  <w>Barilan</w>
  <w>,</w>
  <w>MD</w>
  <w>,</w>
  <w>Associate</w>
  <w>Professor</w>
  <w>,</w>
  <w>Medical</w>
  <w>Education</w>
  <w>(</w>
  <w>Israel</w>
  <w>)</w>
  <w>.</w>
</absapar>
<absapar id=44>
  <w>M</w>
  <w>.</w>
  <w>Murat</w>
  <w>Civaner</w>
  <w>,</w>
  <w>MD</w>
  <w>,</w>
  <w>PhD</w>
  <w>,</w>
  <w>Associate</w>
  <w>Professor</w>
  <w>,</w>
  <w>Medical</w>
  <w>Ethics</w>
  <w>(</w>
  <w>Turkiet</w>
  <w>)</w>
  <w>.</w>
</absapar>
<absapar id=45>
  <w>Alma</w>
  <w>Dzubur</w>
  <w>Kulenovic</w>
  <w>,</w>
  <w>MD</w>
  <w>,</w>
  <w>PhD</w>
  <w>,</w>
  <w>Assistant</w>
  <w>Professor</w>
  <w>,</w>
  <w>Psychiatry</w>
  <w>(</w>
  <w>Bosnien-Hercegovina</w>
  <w>)</w>
  <w>.</w>
</absapar>
<absapar id=46>
  <w>Maureen</w>
  <w>Ehrensberger-Dow</w>
  <w>,</w>
  <w>PhD</w>
  <w>,</w>
  <w>Professor</w>
  <w>,</w>
  <w>Translation</w>
  <w>Studies</w>
  <w>(</w>
  <w>Schweiz</w>
  <w>)</w>
  <w>.</w>
</absapar>
<absapar id=47>
  <w>Nir</w>
  <w>Eyal</w>
  <w>,</w>
  <w>PhD</w>
  <w>,</w>
  <w>Associate</w>
  <w>Professor</w>
  <w>,</w>
  <w>Global</w>
  <w>Health</w>
  <w>,</w>
  <w>Medical</w>
  <w>Ethics</w>
  <w>(</w>
  <w>USA</w>
  <w>)</w>
  <w>.</w>
</absapar>
<absapar id=48>
  <w>Dusanka</w>
  <w>Krajnović</w>
  <w>,</w>
  <w>MPharm</w>
  <w>,</w>
  <w>PhD</w>
  <w>,</w>
  <w>Assistant</w>
  <w>Professor</w>
  <w>,</w>
  <w>Biomedical</w>
  <w>Legislation</w>
  <w>and</w>
  <w>Ethics</w>
  <w>(</w>
  <w>Serbien</w>
  <w>)</w>
  <w>.</w>
</absapar>
<absapar id=49>
  <w>Jay</w>
  <w>Marlowe</w>
  <w>,</w>
  <w>PhD</w>
  <w>,</w>
  <w>Senior</w>
  <w>Lecturer</w>
  <w>,</w>
  <w>Refugee</w>
  <w>Settlement</w>
  <w>(</w>
  <w>Nya</w>
  <w>Zeeland</w>
  <w>)</w>
  <w>.</w>
</absapar>
<absapar id=50>
  <w>Veselin</w>
  <w>Mitrović</w>
  <w>,</w>
  <w>PhD</w>
  <w>,</w>
  <w>Research</w>
  <w>Associate</w>
  <w>,</w>
  <w>Sociology</w>
  <w>and</w>
  <w>Bioethics</w>
  <w>(</w>
  <w>Serbien</w>
  <w>)</w>
  <w>.</w>
</absapar>
<absapar id=51>
  <w>Elysée</w>
  <w>Nouvet</w>
  <w>,</w>
  <w>PhD</w>
  <w>,</w>
  <w>Post-doctoral</w>
  <w>Fellow</w>
  <w>,</w>
  <w>Humanitarian</w>
  <w>Healthcare</w>
  <w>(</w>
  <w>Kanada</w>
  <w>)</w>
  <w>.</w>
</absapar>
<absapar id=52>
  <w>Deogratias</w>
  <w>M</w>
  <w>.</w>
  <w>Rwezaura</w>
  <w>,</w>
  <w>SJ</w>
  <w>,</w>
  <w>STD</w>
  <w>,</w>
  <w>Social</w>
  <w>Ethics</w>
  <w>&</w>
  <w>Forced</w>
  <w>Migration</w>
  <w>(</w>
  <w>Kenya</w>
  <w>)</w>
  <w>.</w>
</absapar>
<absapar id=53>
  <w>Vojin</w>
  <w>Rakić</w>
  <w>,</w>
  <w>PhD</w>
  <w>,</w>
  <w>Professor</w>
  <w>,</w>
  <w>Political</w>
  <w>Philosophy</w>
  <w>&</w>
  <w>Bioethics</w>
  <w>(</w>
  <w>Serbien</w>
  <w>)</w>
  <w>.</w>
</absapar>
<absapar id=54>
  <w>FAKTA</w>
  <w>.</w>
</absapar>
<absapar id=55>
  <w>RERNA</w>
  <w>.</w>
</absapar>
</absadoc>
