<absadoc annotators=1 senti=>
<absatitle>
  <w>s</w>
  <w>publicering</w>
  <w>av</w>
  <w>artikeln</w>
  <w>"</w>
  <w>Ge</w>
  <w>asylsökare</w>
  <w>och</w>
  <w>illegala</w>
  <w>invandrare</w>
  <w>rösträtt</w>
  <w>"</w>
  <w>.</w>
</absatitle>
<absapar id=1>
  <w>Tobias</w>
  <w>Lagerfeldt</w>
  <w>som</w>
  <w>är</w>
  <w>juridikstudent</w>
  <w>tillika</w>
  <w>volontär</w>
  <w>hos</w>
  <w>Refugees</w>
  <w>Welcome</w>
  <w>tycker</w>
  <w>att</w>
  <w>asylsökande</w>
  <w>och</w>
  <w>"</w>
  <w>papperslösa</w>
  <w>"</w>
  <w>ska</w>
  <w>ges</w>
  <w>rösträtt</w>
  <w>.</w>
  <w>I</w>
  <w>skrivande</w>
  <w>stund</w>
  <w>är</w>
  <w>det</w>
  <w>cirka</w>
  <w>98%</w>
  <w>av</w>
  <w>läsarna</w>
  <w>som</w>
  <w>inte</w>
  <w>håller</w>
  <w>med</w>
  <w>om</w>
  <w>det</w>
  <w>han</w>
  <w>skriver</w>
  <w>(</w>
  <w>går</w>
  <w>att</w>
  <w>rösta</w>
  <w>längst</w>
  <w>ner</w>
  <w>)</w>
  <w>.</w>
</absapar>
<absapar id=2>
  <w>Några</w>
  <w>citat</w>
  <w>:</w>
  <w>.</w>
</absapar>
<absapar id=3>
  <w>Vad</w>
  <w>skulle</w>
  <w>konsekvenserna</w>
  <w>bli</w>
  <w>om</w>
  <w>vi</w>
  <w>gav</w>
  <w>alla</w>
  <w>som</w>
  <w>befinner</w>
  <w>sig</w>
  <w>på</w>
  <w>svenskt</w>
  <w>territorium</w>
  <w>rösträtt</w>
  <w>?</w>
  <w>.</w>
</absapar>
<absapar id=4>
  <w>Texten</w>
  <w>i</w>
  <w>sin</w>
  <w>helhet</w>
  <w>:</w>
  <w>.</w>
</absapar>
</absadoc>
