<absadoc annotators=1 senti=>
<absatitle>
  <w>Sverige</w>
  <w>är</w>
  <w>i</w>
  <absaspan id=1 senti=1 target=2>
    <w>sämsta</w>
    <w>tänkbara</w>
  </absaspan>
  <absaspan id=2>
    <w>försvarsläge</w>
  </absaspan>
  <w>.</w>
</absatitle>
<absapar id=1>
  <w>Sverige</w>
  <w>är</w>
  <w>nu</w>
  <w>i</w>
  <absaspan id=3 senti=1>
    <w>sämsta</w>
    <w>tänkbara</w>
  </absaspan>
  <absaspan id=4>
    <w>säkerhetspolitiska</w>
    <w>läge</w>
  </absaspan>
  <w>.</w>
  <absaspan id=5>
    <w>Det</w>
  </absaspan>
  <absaspan id=6 senti=2>
    <w>är</w>
    <w>ett</w>
    <w>kraftfullt</w>
    <w>underbetyg</w>
  </absaspan>
  <w>till</w>
  <w>de</w>
  <w>regeringar</w>
  <w>som</w>
  <w>av</w>
  <w>ointresse</w>
  <w>,</w>
  <w>önsketänkande</w>
  <w>eller</w>
  <w>partitaktiska</w>
  <w>skäl</w>
  <w>eftersatt</w>
  <w>landets</w>
  <w>säkerhet</w>
  <w>.</w>
  <w>Det</w>
  <w>skriver</w>
  <w>Jan</w>
  <w>Leijonhielm</w>
  <w>,</w>
  <w>före</w>
  <w>detta</w>
  <w>chef</w>
  <w>för</w>
  <w>Rysslandsstudierna</w>
  <w>vid</w>
  <w>FOI</w>
  <w>som</w>
  <w>gör</w>
  <w>en</w>
  <w>historisk</w>
  <w>tillbakablick</w>
  <w>på</w>
  <w>hur</w>
  <w>Ryssland</w>
  <w>betraktat</w>
  <w>svensk</w>
  <w>neutralitet</w>
  <w>.</w>
</absapar>
<absapar id=2>
  <w>Moskva</w>
  <w>hade</w>
  <w>aldrig</w>
  <w>för</w>
  <w>avsikt</w>
  <w>att</w>
  <w>respektera</w>
  <w>något</w>
  <w>lands</w>
  <w>neutralitet</w>
  <w>vid</w>
  <w>ett</w>
  <w>krigsutbrott</w>
  <w>.</w>
</absapar>
<absapar id=3>
  <w>Det</w>
  <w>här</w>
  <w>är</w>
  <w>en</w>
  <w>argumenterande</w>
  <w>text</w>
  <w>med</w>
  <w>syfte</w>
  <w>att</w>
  <w>påverka</w>
  <w>.</w>
  <w>Åsikterna</w>
  <w>som</w>
  <w>uttrycks</w>
  <w>är</w>
  <w>skribentens</w>
  <w>egna</w>
  <w>.</w>
</absapar>
<absapar id=4>
  <w>Den</w>
  <w>ryska</w>
  <w>dumans</w>
  <w>ordförande</w>
  <w>i</w>
  <w>utrikesutskottet</w>
  <w>gick</w>
  <w>nyligen</w>
  <w>ut</w>
  <w>och</w>
  <w>bekräftade</w>
  <w>tidigare</w>
  <w>hot</w>
  <w>att</w>
  <w>Sverige</w>
  <w>och</w>
  <w>Finland</w>
  <w>inte</w>
  <w>längre</w>
  <w>skulle</w>
  <w>betraktas</w>
  <w>som</w>
  <w>neutrala</w>
  <w>stater</w>
  <w>om</w>
  <w>vi</w>
  <w>slöt</w>
  <w>det</w>
  <w>stundande</w>
  <w>samarbetsavtalet</w>
  <w>med</w>
  <w>Nato</w>
  <w>.</w>
  <w>I</w>
  <w>praktiken</w>
  <w>skulle</w>
  <w>detta</w>
  <w>inte</w>
  <w>betyda</w>
  <w>något</w>
  <w>.</w>
  <w>Från</w>
  <w>rysk</w>
  <w>,</w>
  <w>och</w>
  <w>tidigare</w>
  <w>sovjetisk</w>
  <w>,</w>
  <w>sida</w>
  <w>har</w>
  <w>man</w>
  <w>har</w>
  <w>man</w>
  <w>aldrig</w>
  <w>i</w>
  <w>praktiken</w>
  <w>tänkt</w>
  <w>respektera</w>
  <w>denna</w>
  <w>neutralitet</w>
  <w>vid</w>
  <w>ett</w>
  <w>krigsutbrott</w>
  <w>.</w>
</absapar>
<absapar id=5>
  <absaspan id=7>
    <w>Att</w>
    <w>den</w>
    <w>svenska</w>
    <w>neutraliteten</w>
    <w>och</w>
    <w>sedermera</w>
    <w>alliansfriheten</w>
  </absaspan>
  <w>har</w>
  <absaspan id=8 senti=4>
    <w>tjänat</w>
    <w>oss</w>
    <w>väl</w>
  </absaspan>
  <w>är</w>
  <w>ett</w>
  <w>slitet</w>
  <w>och</w>
  <w>av</w>
  <w>främst</w>
  <absaspan id=9>
    <w>socialdemokratin</w>
  </absaspan>
  <w>använt</w>
  <w>mantra</w>
  <w>.</w>
  <w>Det</w>
  <w>kan</w>
  <w>man</w>
  <w>nu</w>
  <w>ha</w>
  <w>skilda</w>
  <w>uppfattningar</w>
  <w>om</w>
  <w>.</w>
  <w>Det</w>
  <w>var</w>
  <w>inte</w>
  <w>vår</w>
  <w>neutralitet</w>
  <w>som</w>
  <w>fick</w>
  <w>Hitler</w>
  <w>eller</w>
  <w>Churchill</w>
  <w>överge</w>
  <w>sina</w>
  <w>planer</w>
  <w>på</w>
  <w>ett</w>
  <w>angrepp</w>
  <w>på</w>
  <w>Sverige</w>
  <w>.</w>
  <w>Vad</w>
  <w>gäller</w>
  <w>Moskvas</w>
  <w>syn</w>
  <w>på</w>
  <absaspan id=10>
    <w>svensk</w>
    <w>neutralitet</w>
  </absaspan>
  <w>så</w>
  <w>har</w>
  <w>denna</w>
  <w>officiellt</w>
  <w>växlat</w>
  <w>från</w>
  <absaspan id=11 senti=2>
    <w>djup</w>
    <w>misstänksamhet</w>
  </absaspan>
  <absaspan id=12>
    <w>under</w>
    <w>Stalinepoken</w>
  </absaspan>
  <w>till</w>
  <w>hycklande</w>
  <w>beröm</w>
  <w>under</w>
  <w>Brezjnevperioden</w>
  <w>,</w>
  <w>därefter</w>
  <w>vågor</w>
  <w>och</w>
  <w>dalar</w>
  <w>fram</w>
  <w>till</w>
  <w>dagens</w>
  <w>situation</w>
  <w>som</w>
  <w>präglas</w>
  <w>av</w>
  <w>en</w>
  <w>blandning</w>
  <w>av</w>
  <w>misstänksamhet</w>
  <w>och</w>
  <w>hot</w>
  <w>.</w>
</absapar>
<absapar id=6>
  <w>Misstänksamheten</w>
  <w>grundades</w>
  <w>redan</w>
  <w>under</w>
  <w>Stalin</w>
  <w>genom</w>
  <w>de</w>
  <w>svenska</w>
  <w>västrelationerna</w>
  <w>och</w>
  <w>kopplingen</w>
  <w>till</w>
  <w>Nato</w>
  <w>,</w>
  <w>medan</w>
  <w>man</w>
  <w>senare</w>
  <w>insåg</w>
  <w>att</w>
  <w>det</w>
  <w>fanns</w>
  <w>en</w>
  <w>klar</w>
  <w>fördel</w>
  <w>i</w>
  <w>att</w>
  <w>Sverige</w>
  <w>inte</w>
  <w>blev</w>
  <w>medlem</w>
  <w>av</w>
  <w>organisationen</w>
  <w>.</w>
  <absaspan id=13>
    <w>Vissa</w>
    <w>svenska</w>
    <w>säkerhetspolitiska</w>
    <w>utspel</w>
    <w>,</w>
    <w>till</w>
    <w>exempel</w>
    <w>Olof</w>
    <w>Palmes</w>
    <w>om</w>
    <w>en</w>
    <w>kärnvapenfri</w>
    <w>zon</w>
    <w>,</w>
    <w>som</w>
    <w>gynnade</w>
    <w>den</w>
    <w>sovjetiska</w>
    <w>konventionella</w>
    <w>militära</w>
    <w>överlägsenheten</w>
    <w>i</w>
    <w>Europa</w>
  </absaspan>
  <w>,</w>
  <absaspan id=14 senti=4>
    <w>blev</w>
    <w>mycket</w>
    <w>uppskattade</w>
  </absaspan>
  <absaspan id=15>
    <w>i</w>
    <w>Moskva</w>
  </absaspan>
  <w>.</w>
</absapar>
<absapar id=7>
  <w>Självfallet</w>
  <w>skulle</w>
  <w>endast</w>
  <w>kapitalistiska</w>
  <w>stater</w>
  <w>sträva</w>
  <w>efter</w>
  <w>neutralitet</w>
  <w>,</w>
  <w>de</w>
  <w>socialistiska</w>
  <w>hade</w>
  <w>ju</w>
  <w>redan</w>
  <w>hamnat</w>
  <w>i</w>
  <w>rätt</w>
  <w>läger</w>
  <w>.</w>
  <w>Synen</w>
  <w>på</w>
  <w>vår</w>
  <w>neutralitet</w>
  <w>växlade</w>
  <w>också</w>
  <w>som</w>
  <w>en</w>
  <w>följd</w>
  <w>av</w>
  <w>den</w>
  <w>internationella</w>
  <w>utvecklingen</w>
  <w>,</w>
  <w>som</w>
  <w>vid</w>
  <w>invasionen</w>
  <w>av</w>
  <w>Afghanistan</w>
  <w>och</w>
  <w>de</w>
  <w>bilaterala</w>
  <w>konflikterna</w>
  <w>med</w>
  <w>U</w>
  <w>137</w>
  <w>och</w>
  <w>sovjetiska</w>
  <w>ubåtar</w>
  <w>i</w>
  <w>svenska</w>
  <w>vatten</w>
  <w>.</w>
  <w>Den</w>
  <w>ryska</w>
  <w>synen</w>
  <w>analyserades</w>
  <w>grundligt</w>
  <w>i</w>
  <w>en</w>
  <absaspan id=16 senti=4>
    <w>mycket</w>
    <w>läsvärd</w>
  </absaspan>
  <w>och</w>
  <w>nyligen</w>
  <w>avhemligad</w>
  <absaspan id=17>
    <w>studie</w>
  </absaspan>
  <w>från</w>
  <w>1985</w>
  <w>,</w>
  <w>författad</w>
  <w>av</w>
  <w>Tomas</w>
  <w>Bertelman</w>
  <w>på</w>
  <w>Moskvaambassaden</w>
  <w>.</w>
  <w>Han</w>
  <w>noterar</w>
  <w>att</w>
  <w>man</w>
  <absaspan id=18>
    <w>från</w>
    <w>rysk</w>
    <w>sida</w>
  </absaspan>
  <absaspan id=19 senti=2>
    <w>ofta</w>
    <w>klagat</w>
    <w>på</w>
  </absaspan>
  <absaspan id=20>
    <w>det</w>
    <w>amerikanska</w>
    <w>inflytandet</w>
    <w>och</w>
    <w>på</w>
    <w>svenska</w>
    <w>försvarsansträngningar</w>
  </absaspan>
  <w>–</w>
  <w>i</w>
  <w>samtal</w>
  <w>kunde</w>
  <w>uppfattningen</w>
  <w>"</w>
  <w>det</w>
  <absaspan id=21 senti=2>
    <w>är</w>
    <w>väl</w>
    <w>egentligen</w>
    <w>meningslöst</w>
    <w>med</w>
  </absaspan>
  <absaspan id=22>
    <w>ett</w>
    <w>svenskt</w>
    <w>försvar</w>
  </absaspan>
  <w>"</w>
  <w>ibland</w>
  <w>höras</w>
  <w>–</w>
  <w>vilket</w>
  <w>ju</w>
  <w>inte</w>
  <w>kan</w>
  <w>tolkas</w>
  <w>på</w>
  <w>så</w>
  <w>många</w>
  <w>sätt</w>
  <absaspan id=23>
    <w>.</w>
  </absaspan>
  <w>Bertelman</w>
  <w>konkluderar</w>
  <w>också</w>
  <w>att</w>
  <w>retoriken</w>
  <w>gällande</w>
  <w>svensk</w>
  <w>neutralitet</w>
  <w>under</w>
  <w>fredstida</w>
  <w>förhållanden</w>
  <w>ofta</w>
  <w>blev</w>
  <w>ett</w>
  <w>politiskt</w>
  <w>signalsystem</w>
  <w>,</w>
  <w>medan</w>
  <w>betydande</w>
  <w>frågetecken</w>
  <w>gällde</w>
  <w>krigstida</w>
  <w>förhållanden</w>
  <w>,</w>
  <w>där</w>
  <w>det</w>
  <w>ryska</w>
  <w>önskemålet</w>
  <w>om</w>
  <w>"</w>
  <w>realism</w>
  <w>"</w>
  <w>hos</w>
  <w>svenska</w>
  <w>ledningen</w>
  <w>uppenbarligen</w>
  <w>innebar</w>
  <w>att</w>
  <w>neutraliteten</w>
  <w>inte</w>
  <w>skulle</w>
  <w>respekteras</w>
  <w>.</w>
</absapar>
<absapar id=8>
  <w>Denna</w>
  <w>syn</w>
  <w>har</w>
  <w>sedermera</w>
  <w>bekräftats</w>
  <w>genom</w>
  <w>ett</w>
  <w>stort</w>
  <w>antal</w>
  <w>källor</w>
  <w>.</w>
  <w>Moskva</w>
  <w>hade</w>
  <w>aldrig</w>
  <w>för</w>
  <w>avsikt</w>
  <w>att</w>
  <w>respektera</w>
  <w>något</w>
  <w>lands</w>
  <w>neutralitet</w>
  <w>vid</w>
  <w>ett</w>
  <w>krigsutbrott</w>
  <w>,</w>
  <w>detta</w>
  <w>är</w>
  <w>klart</w>
  <w>belagt</w>
  <w>genom</w>
  <w>öppnandet</w>
  <w>av</w>
  <w>Warszawapaktens</w>
  <w>arkiv</w>
  <w>efter</w>
  <w>det</w>
  <w>kalla</w>
  <w>krigets</w>
  <w>slut</w>
  <w>.</w>
  <w>Dessa</w>
  <w>avslöjade</w>
  <w>att</w>
  <w>Schweiz</w>
  <w>,</w>
  <w>Österrike</w>
  <w>och</w>
  <w>Sverige</w>
  <w>ingick</w>
  <w>i</w>
  <w>anfallsplanerna</w>
  <w>,</w>
  <w>i</w>
  <w>Sveriges</w>
  <w>fall</w>
  <w>sannolikt</w>
  <w>genom</w>
  <w>Warszawapaktens</w>
  <w>angrepp</w>
  <w>på</w>
  <w>Danmark</w>
  <w>,</w>
  <w>där</w>
  <w>sydvästra</w>
  <w>Skåne</w>
  <w>enligt</w>
  <w>vissa</w>
  <w>källor</w>
  <w>utgjorde</w>
  <w>uppmarschområde</w>
  <w>.</w>
  <w>Dessutom</w>
  <w>vet</w>
  <w>vi</w>
  <w>numera</w>
  <w>att</w>
  <w>Kekkonen</w>
  <w>beordrade</w>
  <w>den</w>
  <w>finska</w>
  <w>militärledningen</w>
  <w>att</w>
  <w>inleda</w>
  <w>förhandlingar</w>
  <w>med</w>
  <w>ryssarna</w>
  <w>om</w>
  <w>fri</w>
  <w>rysk</w>
  <w>passage</w>
  <w>genom</w>
  <w>norra</w>
  <w>Finland</w>
  <w>för</w>
  <w>angrepp</w>
  <w>mot</w>
  <w>Sverige</w>
  <w>,</w>
  <absaspan id=24>
    <w>något</w>
    <w>som</w>
    <w>den</w>
    <w>dåvarande</w>
    <w>huvudstabschefen</w>
  </absaspan>
  <absaspan id=25 senti=4>
    <w>klokt</w>
    <w>nog</w>
  </absaspan>
  <absaspan id=26>
    <w>struntade</w>
    <w>i</w>
  </absaspan>
  <w>.</w>
</absapar>
<absapar id=9>
  <w>Skräddarsydda</w>
  <w>kurser</w>
  <w>i</w>
  <w>ämnen</w>
  <w>som</w>
  <w>intresserar</w>
  <w>och</w>
  <w>engagerar</w>
  <w>både</w>
  <w>kropp</w>
  <w>och</w>
  <w>själ</w>
  <w>.</w>
</absapar>
<absapar id=10>
  <w>Warszawapaktens</w>
  <w>planer</w>
  <w>var</w>
  <w>dock</w>
  <w>kända</w>
  <w>för</w>
  <w>svensk</w>
  <w>underrättelsetjänst</w>
  <w>och</w>
  <w>regeringen</w>
  <w>redan</w>
  <w>på</w>
  <w>1970</w>
  <w>-</w>
  <w>talet</w>
  <w>genom</w>
  <w>intervjuer</w>
  <w>med</w>
  <w>utrensade</w>
  <w>och</w>
  <w>landsförvisade</w>
  <w>polska</w>
  <w>judiska</w>
  <w>officerare</w>
  <w>som</w>
  <w>tjänstgjort</w>
  <w>i</w>
  <w>Warszawapaktens</w>
  <w>stab</w>
  <w>.</w>
  <w>Genom</w>
  <w>detaljerade</w>
  <w>studier</w>
  <w>av</w>
  <w>arkiven</w>
  <w>har</w>
  <w>dansk</w>
  <w>forskning</w>
  <w>visat</w>
  <w>att</w>
  <w>angreppet</w>
  <w>skulle</w>
  <w>genomföras</w>
  <w>med</w>
  <absaspan id=27 senti=2>
    <w>häpnadsväckande</w>
    <w>hänsynslöshet</w>
  </absaspan>
  <w>,</w>
  <w>bland</w>
  <w>annat</w>
  <w>genom</w>
  <w>massiv</w>
  <w>användning</w>
  <w>av</w>
  <w>kärnvapen</w>
  <w>mot</w>
  <w>danska</w>
  <w>städer</w>
  <w>,</w>
  <w>varav</w>
  <w>ett</w>
  <w>flertal</w>
  <w>inte</w>
  <w>ens</w>
  <w>var</w>
  <w>militära</w>
  <w>mål</w>
  <w>.</w>
  <w>Med</w>
  <w>andra</w>
  <w>ord</w>
  <w>en</w>
  <w>ren</w>
  <w>terrormetod</w>
  <w>för</w>
  <w>att</w>
  <w>snabbt</w>
  <w>tvinga</w>
  <w>landet</w>
  <w>till</w>
  <w>kapitulation</w>
  <w>.</w>
  <w>Laddningar</w>
  <w>över</w>
  <w>Köpenhamn</w>
  <w>på</w>
  <w>ett</w>
  <w>halvt</w>
  <w>megaton</w>
  <w>skulle</w>
  <w>dessutom</w>
  <w>ha</w>
  <w>orsakat</w>
  <w>så</w>
  <w>stora</w>
  <w>skador</w>
  <w>på</w>
  <w>Malmö</w>
  <w>att</w>
  <w>de</w>
  <w>utgjort</w>
  <w>casus</w>
  <w>belli</w>
  <w>.</w>
  <w>Dessa</w>
  <w>planer</w>
  <w>var</w>
  <w>i</w>
  <w>praktiken</w>
  <w>aktuella</w>
  <w>in</w>
  <w>på</w>
  <w>1980</w>
  <w>-</w>
  <w>talet</w>
  <w>,</w>
  <w>då</w>
  <w>man</w>
  <w>på</w>
  <w>rysk</w>
  <w>sida</w>
  <w>efter</w>
  <w>Tjernobylkatastrofen</w>
  <w>börjat</w>
  <w>inse</w>
  <w>problemen</w>
  <w>med</w>
  <w>att</w>
  <w>agera</w>
  <w>på</w>
  <w>kontaminerad</w>
  <w>mark</w>
  <w>.</w>
  <w>Under</w>
  <w>senare</w>
  <w>tid</w>
  <w>har</w>
  <w>kärnvapnens</w>
  <w>betydelse</w>
  <w>i</w>
  <w>rysk</w>
  <w>militär</w>
  <w>utveckling</w>
  <w>och</w>
  <w>planering</w>
  <w>emellertid</w>
  <w>åter</w>
  <w>växt</w>
  <w>.</w>
  <w>I</w>
  <w>utbildning</w>
  <w>och</w>
  <w>övningar</w>
  <w>används</w>
  <w>taktiska</w>
  <w>laddningar</w>
  <w>frekvent</w>
  <w>,</w>
  <w>uttalanden</w>
  <w>om</w>
  <w>att</w>
  <w>man</w>
  <w>numera</w>
  <w>även</w>
  <w>i</w>
  <w>praktiken</w>
  <w>skulle</w>
  <w>använda</w>
  <w>sig</w>
  <w>av</w>
  <w>first-use</w>
  <w>har</w>
  <w>gjorts</w>
  <w>(</w>
  <w>vilket</w>
  <w>man</w>
  <w>i</w>
  <w>realiteten</w>
  <w>alltid</w>
  <w>har</w>
  <w>planerat</w>
  <w>för</w>
  <w>)</w>
  <w>och</w>
  <w>Putin</w>
  <w>eller</w>
  <w>hans</w>
  <w>ombud</w>
  <w>har</w>
  <w>öppet</w>
  <w>hotat</w>
  <w>såväl</w>
  <w>de</w>
  <w>baltiska</w>
  <w>staterna</w>
  <w>som</w>
  <w>Danmark</w>
  <w>med</w>
  <w>kärnvapen</w>
  <w>.</w>
</absapar>
<absapar id=11>
  <w>Angreppsplaner</w>
  <w>mot</w>
  <w>Sverige</w>
  <w>var</w>
  <w>en</w>
  <w>rent</w>
  <w>rysk</w>
  <w>angelägenhet</w>
  <w>och</w>
  <w>utarbetades</w>
  <w>vid</w>
  <w>baltiska</w>
  <w>och</w>
  <w>Leningrads</w>
  <w>militärområden</w>
  <w>.</w>
  <w>Baltiska</w>
  <w>milot</w>
  <w>svarade</w>
  <w>för</w>
  <w>angrepp</w>
  <w>mot</w>
  <w>södra</w>
  <w>och</w>
  <w>mellersta</w>
  <w>Sverige</w>
  <w>och</w>
  <w>Leningrads</w>
  <w>mot</w>
  <w>de</w>
  <w>nordligare</w>
  <w>delarna</w>
  <w>.</w>
  <w>Ansvaret</w>
  <w>för</w>
  <w>den</w>
  <w>operativa</w>
  <w>underrättelsetjänsten</w>
  <w>hade</w>
  <w>GRU</w>
  <w>:</w>
  <w>s</w>
  <w>central</w>
  <w>i</w>
  <w>Riga</w>
  <w>.</w>
  <w>Härifrån</w>
  <w>kartlades</w>
  <w>svenska</w>
  <w>befästningar</w>
  <w>,</w>
  <w>möjliga</w>
  <w>landstigningsplatser</w>
  <w>,</w>
  <w>militära</w>
  <w>förråd</w>
  <w>och</w>
  <w>landsvägsbaser</w>
  <w>med</w>
  <w>flera</w>
  <w>mål</w>
  <w>,</w>
  <w>i</w>
  <w>princip</w>
  <w>allt</w>
  <w>som</w>
  <w>hade</w>
  <w>betydelse</w>
  <w>för</w>
  <w>ett</w>
  <w>ryskt</w>
  <w>angrepp.Det</w>
  <w>finns</w>
  <w>gott</w>
  <w>om</w>
  <w>belägg</w>
  <w>för</w>
  <w>verksamheten</w>
  <w>,</w>
  <w>varav</w>
  <w>vissa</w>
  <w>fortfarande</w>
  <w>är</w>
  <w>sekretessbelagda</w>
  <w>.</w>
  <w>Från</w>
  <w>svenskt</w>
  <w>håll</w>
  <w>har</w>
  <w>vi</w>
  <w>sålunda</w>
  <w>fått</w>
  <w>bekräftelse</w>
  <w>på</w>
  <w>att</w>
  <w>Baltiska</w>
  <w>milots</w>
  <w>krigsplanering</w>
  <w>riktades</w>
  <w>mot</w>
  <w>Sverige</w>
  <w>av</w>
  <w>en</w>
  <w>tidigare</w>
  <w>befälhavare</w>
  <w>för</w>
  <w>milot</w>
  <w>.</w>
  <w>Sovjetagenter</w>
  <w>har</w>
  <w>berättat</w>
  <w>om</w>
  <w>sina</w>
  <w>uppdrag</w>
  <w>i</w>
  <w>landet</w>
  <w>och</w>
  <w>den</w>
  <w>förre</w>
  <w>överbefälhavaren</w>
  <w>Bengt</w>
  <w>Gustafsson</w>
  <w>har</w>
  <w>i</w>
  <w>bokform</w>
  <w>redogjort</w>
  <w>för</w>
  <w>en</w>
  <w>mångfald</w>
  <w>exempel</w>
  <w>på</w>
  <w>rysk</w>
  <w>kartläggning</w>
  <w>av</w>
  <w>svenska</w>
  <w>militära</w>
  <w>mål</w>
  <w>.</w>
</absapar>
<absapar id=12>
  <w>Det</w>
  <w>framgår</w>
  <w>att</w>
  <w>karaktären</w>
  <w>på</w>
  <w>operationerna</w>
  <w>inte</w>
  <w>skilde</w>
  <w>sig</w>
  <w>nämnvärt</w>
  <w>från</w>
  <w>Warszawapaktens</w>
  <w>,</w>
  <w>vilka</w>
  <w>ju</w>
  <w>också</w>
  <w>var</w>
  <w>en</w>
  <w>ren</w>
  <w>rysk</w>
  <w>produkt</w>
  <w>.</w>
  <w>Således</w>
  <w>skulle</w>
  <w>Sverige</w>
  <w>snabbt</w>
  <w>tvingas</w>
  <w>kapitulera</w>
  <w>,</w>
  <w>sannolikt</w>
  <w>genom</w>
  <w>hot</w>
  <w>om</w>
  <w>upprepning</w>
  <w>av</w>
  <w>den</w>
  <w>"</w>
  <w>danska</w>
  <w>modellen</w>
  <w>"</w>
  <w>.</w>
  <w>Ingen</w>
  <w>svensk</w>
  <w>regering</w>
  <w>kunde</w>
  <w>acceptera</w>
  <w>att</w>
  <w>en</w>
  <w>svensk</w>
  <w>stad</w>
  <w>hotades</w>
  <w>med</w>
  <w>utplåning</w>
  <w>.</w>
  <w>I</w>
  <w>ett</w>
  <w>inledande</w>
  <w>skede</w>
  <w>av</w>
  <w>ett</w>
  <w>krig</w>
  <w>hade</w>
  <w>man</w>
  <w>på</w>
  <w>sovjetisk</w>
  <w>sida</w>
  <w>därutöver</w>
  <w>goda</w>
  <w>möjligheter</w>
  <w>att</w>
  <w>lamslå</w>
  <w>en</w>
  <w>svensk</w>
  <w>mobilisering</w>
  <w>och</w>
  <w>slå</w>
  <w>ut</w>
  <w>de</w>
  <w>flesta</w>
  <w>flygbaser</w>
  <w>,</w>
  <w>fasta</w>
  <w>som</w>
  <w>landsvägsbaser</w>
  <w>.</w>
  <absaspan id=28>
    <w>Eventuella</w>
    <w>svenska</w>
    <w>förhoppningar</w>
    <w>om</w>
    <w>att</w>
    <w>undgå</w>
    <w>ett</w>
    <w>inledande</w>
    <w>intensivt</w>
    <w>kärnvapenkrig</w>
  </absaspan>
  <absaspan id=29 senti=2>
    <w>var</w>
    <w>sannolikt</w>
    <w>orealistiska</w>
  </absaspan>
  <w>.</w>
</absapar>
<absapar id=13>
  <w>Vad</w>
  <w>vi</w>
  <w>ser</w>
  <w>idag</w>
  <w>är</w>
  <w>en</w>
  <absaspan id=30 senti=2>
    <w>oroande</w>
  </absaspan>
  <absaspan id=31>
    <w>återgång</w>
    <w>till</w>
    <w>det</w>
    <w>kalla</w>
    <w>krigets</w>
    <w>underrättelsemönster</w>
  </absaspan>
  <w>.</w>
  <w>Säkerhetspolisen</w>
  <w>har</w>
  <w>sedan</w>
  <w>flera</w>
  <w>år</w>
  <w>konstaterat</w>
  <w>att</w>
  <w>rysk</w>
  <w>underrättelsetjänst</w>
  <w>inte</w>
  <w>bara</w>
  <w>kvantitativt</w>
  <w>ökat</w>
  <w>sin</w>
  <w>verksamhet</w>
  <w>–</w>
  <w>liksom</w>
  <w>i</w>
  <w>de</w>
  <w>flesta</w>
  <w>målländer</w>
  <w>–</w>
  <w>utan</w>
  <w>också</w>
  <w>återfallit</w>
  <w>i</w>
  <w>gamla</w>
  <w>mönster</w>
  <w>med</w>
  <w>inriktning</w>
  <w>mot</w>
  <w>militärt</w>
  <w>operativa</w>
  <w>svenska</w>
  <w>mål</w>
  <w>.</w>
  <w>Simulerade</w>
  <w>flyganfall</w>
  <w>mot</w>
  <w>svenska</w>
  <w>militära</w>
  <w>objekt</w>
  <w>,</w>
  <w>ubåtar</w>
  <w>långt</w>
  <w>inne</w>
  <w>i</w>
  <w>skärgården</w>
  <w>,</w>
  <w>hot</w>
  <w>om</w>
  <w>motåtgärder</w>
  <w>om</w>
  <w>Sverige</w>
  <w>skulle</w>
  <w>ansöka</w>
  <w>om</w>
  <w>Natomedlemskap</w>
  <w>med</w>
  <w>mera</w>
  <w>kompletterar</w>
  <w>bilden</w>
  <w>.</w>
  <w>Sverige</w>
  <w>skulle</w>
  <w>från</w>
  <w>första</w>
  <w>stund</w>
  <w>i</w>
  <w>en</w>
  <w>krigssituation</w>
  <w>med</w>
  <w>största</w>
  <w>sannolikhet</w>
  <w>betraktas</w>
  <w>som</w>
  <w>krigförande</w>
  <w>mot</w>
  <w>bakgrund</w>
  <w>av</w>
  <w>solidaritetsförklaringen</w>
  <w>och</w>
  <w>nära</w>
  <w>samarbete</w>
  <w>med</w>
  <w>Nato</w>
  <w>.</w>
  <w>Något</w>
  <w>garanterat</w>
  <w>stöd</w>
  <w>från</w>
  <w>denna</w>
  <w>organisation</w>
  <w>föreligger</w>
  <w>som</w>
  <w>bekant</w>
  <w>inte</w>
  <w>,</w>
  <w>varför</w>
  <w>vi</w>
  <w>har</w>
  <w>lyckats</w>
  <w>manövrera</w>
  <w>oss</w>
  <w>in</w>
  <w>i</w>
  <absaspan id=32 senti=1>
    <w>sämsta</w>
    <w>tänkbara</w>
  </absaspan>
  <absaspan id=33>
    <w>läge</w>
  </absaspan>
  <w>–</w>
  <w>ett</w>
  <absaspan id=34 senti=2>
    <w>kraftfullt</w>
    <w>underbetyg</w>
    <w>till</w>
  </absaspan>
  <absaspan id=35>
    <w>de</w>
    <w>regeringar</w>
    <w>som</w>
    <w>av</w>
    <w>ointresse</w>
    <w>,</w>
    <w>önsketänkande</w>
    <w>eller</w>
    <w>partitaktiska</w>
    <w>skäl</w>
    <w>eftersatt</w>
    <w>landets</w>
    <w>säkerhet</w>
  </absaspan>
  <w>.</w>
</absapar>
<absapar id=14>
  <w>Det</w>
  <w>framstår</w>
  <w>allt</w>
  <w>tydligare</w>
  <w>att</w>
  <w>det</w>
  <w>enda</w>
  <w>sättet</w>
  <w>att</w>
  <w>bemöta</w>
  <w>och</w>
  <w>avskräcka</w>
  <w>från</w>
  <w>olika</w>
  <w>former</w>
  <w>av</w>
  <w>hot</w>
  <w>är</w>
  <w>ett</w>
  <w>svenskt</w>
  <w>Natomedlemskap</w>
  <w>,</w>
  <w>och</w>
  <w>det</w>
  <w>gäller</w>
  <w>så</w>
  <w>länge</w>
  <w>som</w>
  <w>Ryssland</w>
  <w>förblir</w>
  <w>en</w>
  <w>aggressiv</w>
  <w>och</w>
  <w>oförutsägbar</w>
  <w>stat</w>
  <w>.</w>
</absapar>
<absapar id=15>
  <w>Jan</w>
  <w>Leijonhielm</w>
  <w>.</w>
</absapar>
<absapar id=16>
  <w>före</w>
  <w>detta</w>
  <w>chef</w>
  <w>för</w>
  <w>Rysslandsstudierna</w>
  <w>vid</w>
  <w>FOI</w>
  <w>och</w>
  <w>ledamot</w>
  <w>av</w>
  <w>Krigsvetenskapsakademin</w>
  <w>.</w>
</absapar>
<absapar id=17>
  <w>Varje</w>
  <w>år</w>
  <w>genomför</w>
  <w>Folk</w>
  <w>och</w>
  <w>Försvar</w>
  <w>Rikskonferensen</w>
  <w>–</w>
  <w>Sveriges</w>
  <w>viktigaste</w>
  <w>forum</w>
  <w>för</w>
  <w>diskussioner</w>
  <w>om</w>
  <w>säkerhetspolitik</w>
  <w>,</w>
  <w>försvar</w>
  <w>och</w>
  <w>samhällets</w>
  <w>krisberedskap</w>
  <w>.</w>
</absapar>
<absapar id=18>
  <w>#</w>
  <w>P</w>
  <w>IMM</w>
  <w>.</w>
  <w>2016</w>
  <w>års</w>
  <w>konferens</w>
  <w>hålls</w>
  <w>den</w>
  <w>10</w>
  <w>-</w>
  <w>12</w>
  <w>januari</w>
  <w>på</w>
  <w>Sälens</w>
  <w>Högfjällshotell</w>
  <w>,</w>
  <w>och</w>
  <w>är</w>
  <w>den</w>
  <w>70</w>
  <w>:</w>
  <w>e</w>
  <w>i</w>
  <w>ordningen</w>
  <w>.</w>
</absapar>
<absapar id=19>
  <w>Rikskonferensen</w>
  <w>samlar</w>
  <w>cirka</w>
  <w>350</w>
  <w>deltagare</w>
  <w>och</w>
  <w>50</w>
  <w>-</w>
  <w>60</w>
  <w>talare</w>
  <w>under</w>
  <w>tre</w>
  <w>dagar</w>
  <w>,</w>
  <w>för</w>
  <w>kunskapsspridning</w>
  <w>,</w>
  <w>samtal</w>
  <w>och</w>
  <w>debatt</w>
  <w>.</w>
  <w>I</w>
  <w>fokus</w>
  <w>står</w>
  <w>världens</w>
  <w>säkerhet</w>
  <w>,</w>
  <w>Sveriges</w>
  <w>försvar</w>
  <w>,</w>
  <w>människors</w>
  <w>trygghet</w>
  <w>och</w>
  <w>samhällets</w>
  <w>krisberedskap</w>
  <w>.</w>
</absapar>
<absapar id=20>
  <w>Redaktör</w>
  <w>:</w>
  <w>Carina</w>
  <w>StenssonBiträdande</w>
  <w>redaktör</w>
  <w>:</w>
  <w>Carl-Johan</w>
  <w>BilkenrothMejl</w>
  <w>:</w>
  <w>debatt</w>
  <w>@</w>
  <w>svd.seTelefonnummer</w>
  <w>:</w>
  <w>08</w>
  <w>-</w>
  <w>135149Twitter</w>
  <w>:</w>
  <w>@</w>
  <w>SvDDebattFacebook</w>
  <w>:</w>
  <w>SvD</w>
  <w>Debatt</w>
  <w>.</w>
</absapar>
<absapar id=21>
  <w>Redaktör</w>
  <w>:</w>
  <w>Carina</w>
  <w>Stensson</w>
  <w>,</w>
  <w>Biträdande</w>
  <w>redaktör</w>
  <w>:</w>
  <w>Björn</w>
  <w>Jorner</w>
  <w>,</w>
  <w>Mejl</w>
  <w>:</w>
  <w>debatt</w>
  <w>@</w>
  <w>svd.se</w>
  <w>,</w>
  <w>Telefonnummer</w>
  <w>:</w>
  <w>08</w>
  <w>-</w>
  <w>135149</w>
  <w>,</w>
  <w>Twitter</w>
  <w>:</w>
  <w>@</w>
  <w>SvDDebatt</w>
  <w>,</w>
  <w>Facebook</w>
  <w>:</w>
  <w>SvD</w>
  <w>Debatt</w>
  <w>.</w>
</absapar>
</absadoc>
