<absadoc annotators=1 senti=>
<absatitle>
  <w>Varför</w>
  <w>säger</w>
  <w>Pascalido</w>
  <w>PK-elit</w>
  <w>larmat</w>
  <w>om</w>
  <w>situationen</w>
  <w>i</w>
  <w>förorterna</w>
  <w>redan</w>
  <w>på</w>
  <w>90</w>
  <w>-</w>
  <w>talet</w>
  <w>?</w>
</absatitle>
<absapar id=1>
  <w>Det</w>
  <w>här</w>
  <w>twittrade</w>
  <w>Alexandra</w>
  <w>Pascalido</w>
  <w>nyligen</w>
  <w>om</w>
  <w>:</w>
  <w>.</w>
</absapar>
<absapar id=2>
  <w>Först</w>
  <w>och</w>
  <w>främst</w>
  <w>vilka</w>
  <w>menar</w>
  <w>hon</w>
  <w>med</w>
  <w>VI</w>
  <w>?</w>
  <w>Hon</w>
  <w>har</w>
  <w>så</w>
  <w>vitt</w>
  <w>jag</w>
  <w>är</w>
  <w>övertygad</w>
  <w>om</w>
  <w>inte</w>
  <w>larmat</w>
  <w>om</w>
  <w>någon</w>
  <w>situation</w>
  <w>i</w>
  <w>våra</w>
  <w>fattiga</w>
  <w>förorter</w>
  <w>.</w>
  <w>Hon</w>
  <w>tillhör</w>
  <w>sidan</w>
  <w>som</w>
  <w>sopat</w>
  <w>problemen</w>
  <w>under</w>
  <w>mattan</w>
  <w>,</w>
  <w>att</w>
  <w>det</w>
  <w>här</w>
  <w>pratar</w>
  <w>vi</w>
  <w>inte</w>
  <w>om</w>
  <w>.</w>
</absapar>
<absapar id=3>
  <w>Det</w>
  <w>är</w>
  <w>främst</w>
  <w>SD</w>
  <w>:</w>
  <w>are</w>
  <w>som</w>
  <w>varnat</w>
  <w>och</w>
  <w>larmat</w>
  <w>om</w>
  <w>situationen</w>
  <w>och</w>
  <w>att</w>
  <w>tickande</w>
  <w>bomber</w>
  <w>kommer</w>
  <w>brisera</w>
  <w>,</w>
  <w>det</w>
  <w>är</w>
  <w>SD</w>
  <w>:</w>
  <w>arnas</w>
  <w>retorik</w>
  <w>hon</w>
  <w>använder</w>
  <w>.</w>
</absapar>
<absapar id=4>
  <w>Jag</w>
  <w>begriper</w>
  <w>mig</w>
  <w>inte</w>
  <w>på</w>
  <w>vad</w>
  <w>som</w>
  <w>händer</w>
  <w>här</w>
  <w>,</w>
  <w>vill</w>
  <w>någon</w>
  <w>förklara</w>
  <w>?</w>
  <w>Det</w>
  <w>kan</w>
  <w>inte</w>
  <w>vara</w>
  <w>så</w>
  <w>simpelt</w>
  <w>som</w>
  <w>att</w>
  <w>hon</w>
  <w>är</w>
  <w>en</w>
  <w>kappvändare</w>
  <w>.</w>
</absapar>
</absadoc>
