<absadoc annotators=1 senti=>
<absatitle>
  <w>"</w>
  <w>Därför</w>
  <w>måste</w>
  <w>Sarkozy</w>
  <w>vinna</w>
  <w>valet</w>
  <w>"</w>
  <w>.</w>
</absatitle>
<absapar id=1>
  <w>Det</w>
  <w>franska</w>
  <w>presidentvalet</w>
  <w>har</w>
  <w>blivit</w>
  <w>en</w>
  <w>rysare</w>
  <w>mellan</w>
  <w>de</w>
  <w>två</w>
  <w>huvudkandidaterna</w>
  <w>,</w>
  <w>högermannen</w>
  <w>Nicolas</w>
  <w>Sarkozy</w>
  <w>,</w>
  <w>Sarko</w>
  <w>,</w>
  <w>och</w>
  <w>socialisternas</w>
  <w>Ségolène</w>
  <w>Royal</w>
  <w>,</w>
  <w>Ségo</w>
  <w>,</w>
  <w>båda</w>
  <w>advokater</w>
  <w>och</w>
  <w>50</w>
  <w>+</w>
  <w>.</w>
  <w>Onsdagskvällens</w>
  <w>tv-debatt</w>
  <w>följdes</w>
  <w>av</w>
  <w>20</w>
  <w>(</w>
  <w>!</w>
  <w>)</w>
  <w>miljoner</w>
  <w>fransmän</w>
  <w>.</w>
  <w>Ségo</w>
  <w>var</w>
  <w>offensiv</w>
  <w>,</w>
  <w>avbröt</w>
  <w>ofta</w>
  <w>sin</w>
  <w>motståndare</w>
  <w>och</w>
  <w>gick</w>
  <w>till</w>
  <w>hårt</w>
  <w>angrepp</w>
  <w>mot</w>
  <w>hans</w>
  <w>insatser</w>
  <w>under</w>
  <w>hans</w>
  <w>fyra</w>
  <w>år</w>
  <w>som</w>
  <w>inrikesminister</w>
  <w>.</w>
  <w>Nota</w>
  <w>Bene</w>
  <w>.</w>
  <w>Det</w>
  <w>var</w>
  <w>ett</w>
  <w>tag</w>
  <w>sedan</w>
  <w>Ségo</w>
  <w>var</w>
  <w>minister</w>
  <w>;</w>
  <w>att</w>
  <w>ha</w>
  <w>åsikter</w>
  <w>i</w>
  <w>opposition</w>
  <w>är</w>
  <w>alltid</w>
  <w>lättare</w>
  <w>;</w>
  <w>då</w>
  <w>är</w>
  <w>det</w>
  <w>lätt</w>
  <w>att</w>
  <w>vara</w>
  <w>problemlösare</w>
  <w>.</w>
  <w>I</w>
  <w>debatten</w>
  <w>behöll</w>
  <w>Sarko</w>
  <w>sitt</w>
  <w>lugn</w>
  <w>,</w>
  <w>”</w>
  <w>en</w>
  <w>president</w>
  <w>bör</w>
  <w>inte</w>
  <w>förlora</w>
  <w>humöret</w>
  <w>”</w>
  <w>.</w>
</absapar>
<absapar id=2>
  <w>(</w>
  <w>Jag</w>
  <w>såg</w>
  <w>även</w>
  <w>Royals</w>
  <w>tre</w>
  <w>debatter</w>
  <w>på</w>
  <w>LCI-kanalen</w>
  <w>med</w>
  <w>kandidaterna</w>
  <w>Strauss-Kahn</w>
  <w>och</w>
  <w>Fabius</w>
  <w>;</w>
  <w>hon</w>
  <w>avbröt</w>
  <w>ständigt</w>
  <w>de</w>
  <w>andra</w>
  <w>två</w>
  <w>.</w>
  <absaspan id=1 senti=2>
    <w>På</w>
  </absaspan>
  <absaspan id=2>
    <w>mig</w>
  </absaspan>
  <absaspan id=3 senti=2>
    <w>gjorde</w>
  </absaspan>
  <absaspan id=4>
    <w>hennes</w>
    <w>hårda</w>
    <w>framtoning</w>
  </absaspan>
  <absaspan id=5 senti=2>
    <w>inget</w>
  </absaspan>
  <absaspan id=6 senti=2>
    <w>positivt</w>
    <w>intryck</w>
  </absaspan>
  <w>.</w>
  <w>)</w>
  <w>.</w>
</absapar>
<absapar id=3>
  <w>Som</w>
  <w>vanligt</w>
  <w>i</w>
  <w>Frankrike</w>
  <w>är</w>
  <w>ställningen</w>
  <w>i</w>
  <w>det</w>
  <w>närmaste</w>
  <w>50</w>
  <w>/</w>
  <w>50</w>
  <w>–</w>
  <w>det</w>
  <w>franska</w>
  <w>samhället</w>
  <w>är</w>
  <w>historiskt</w>
  <w>uppdelat</w>
  <w>i</w>
  <w>en</w>
  <w>vänster</w>
  <w>-</w>
  <w>och</w>
  <w>en</w>
  <w>högerhalva</w>
  <w>.</w>
  <w>Den</w>
  <w>senaste</w>
  <w>opinionsundersökningen</w>
  <w>visar</w>
  <w>52</w>
  <w>procent</w>
  <w>för</w>
  <w>Sarko</w>
  <w>och</w>
  <w>48</w>
  <w>procent</w>
  <w>för</w>
  <w>Ségo</w>
  <w>.</w>
  <w>Den</w>
  <w>första</w>
  <w>valdagen</w>
  <w>,</w>
  <w>den</w>
  <w>22</w>
  <w>april</w>
  <w>,</w>
  <w>röstade</w>
  <w>nära</w>
  <w>85</w>
  <w>procent</w>
  <w>av</w>
  <w>fransmännen</w>
  <w>(</w>
  <w>ett</w>
  <w>rekord</w>
  <w>i</w>
  <w>sig</w>
  <w>)</w>
  <w>,</w>
  <w>ett</w>
  <w>tecken</w>
  <w>på</w>
  <w>att</w>
  <w>man</w>
  <w>vill</w>
  <w>ha</w>
  <w>förändring</w>
  <w>.</w>
  <w>Men</w>
  <w>i</w>
  <w>vilken</w>
  <w>riktning</w>
  <w>?</w>
  <w>Ségo</w>
  <w>har</w>
  <w>ofta</w>
  <w>framhållit</w>
  <w>den</w>
  <w>”</w>
  <w>svenska</w>
  <w>modellen</w>
  <w>”</w>
  <w>och</w>
  <w>då</w>
  <w>hänvisat</w>
  <w>till</w>
  <absaspan id=7>
    <w>gammalt</w>
  </absaspan>
  <absaspan id=8>
    <w>svenskt</w>
    <w>socialdemokratisk</w>
    <w>tänkande</w>
    <w>,</w>
    <w>inte</w>
    <w>någon</w>
    <w>modern</w>
    <w>variant</w>
  </absaspan>
  <w>,</w>
  <absaspan id=9>
    <w>vilket</w>
  </absaspan>
  <absaspan id=10 senti=2>
    <w>känns</w>
    <w>oerhört</w>
    <w>förlegat</w>
  </absaspan>
  <w>.</w>
  <w>En</w>
  <w>av</w>
  <w>de</w>
  <w>fransmän</w>
  <w>jag</w>
  <w>talat</w>
  <w>med</w>
  <w>,</w>
  <w>en</w>
  <w>mäklare</w>
  <w>med</w>
  <w>30</w>
  <w>år</w>
  <w>i</w>
  <w>branschen</w>
  <w>,</w>
  <w>säger</w>
  <w>att</w>
  <absaspan id=11>
    <w>många</w>
  </absaspan>
  <absaspan id=12 senti=1>
    <w>är</w>
    <w>livrädda</w>
    <w>för</w>
  </absaspan>
  <absaspan id=13>
    <w>att</w>
    <w>Ségo</w>
    <w>ska</w>
    <w>vinna</w>
  </absaspan>
  <w>–</w>
  <w>hon</w>
  <w>har</w>
  <w>gett</w>
  <w>alldeles</w>
  <w>för</w>
  <w>många</w>
  <w>löften</w>
  <w>som</w>
  <w>kostar</w>
  <w>staten</w>
  <w>enorma</w>
  <w>pengar</w>
  <w>.</w>
</absapar>
<absapar id=4>
  <w>Färre</w>
  <w>kvinnor</w>
  <w>än</w>
  <w>män</w>
  <w>röstade</w>
  <w>på</w>
  <w>Ségolène</w>
  <w>Royal</w>
  <w>.</w>
</absapar>
<absapar id=5>
  <absaspan id=14>
    <w>Både</w>
    <w>Ségolène</w>
    <w>Royal</w>
    <w>och</w>
    <w>Nicolas</w>
    <w>Sarkozy</w>
  </absaspan>
  <absaspan id=15 senti=2>
    <w>har</w>
    <w>betraktats</w>
    <w>med</w>
    <w>viss</w>
    <w>skepsis</w>
  </absaspan>
  <w>;</w>
  <w>hon</w>
  <w>,</w>
  <w>visserligen</w>
  <w>vacker</w>
  <w>,</w>
  <w>men</w>
  <w>ett</w>
  <w>något</w>
  <w>osäkert</w>
  <w>kort</w>
  <w>,</w>
  <absaspan id=16>
    <w>han</w>
  </absaspan>
  <w>som</w>
  <absaspan id=17 senti=2>
    <w>för</w>
    <w>hård</w>
    <w>,</w>
    <w>för</w>
    <w>extrem</w>
  </absaspan>
  <absaspan id=18>
    <w>.</w>
  </absaspan>
  <w>När</w>
  <w>jag</w>
  <w>diskuterat</w>
  <w>kandidaterna</w>
  <w>med</w>
  <w>fransmän</w>
  <w>är</w>
  <w>det</w>
  <w>uppenbart</w>
  <w>att</w>
  <absaspan id=19 senti=2>
    <w>stödet</w>
    <w>har</w>
    <w>legat</w>
    <w>hos</w>
  </absaspan>
  <absaspan id=20>
    <w>Sarkozy</w>
  </absaspan>
  <w>;</w>
  <w>även</w>
  <w>min</w>
  <w>granne</w>
  <w>vänstersocialisten</w>
  <w>ansåg</w>
  <w>att</w>
  <w>Ségo</w>
  <w>var</w>
  <w>för</w>
  <w>svag</w>
  <w>,</w>
  <w>det</w>
  <w>var</w>
  <w>synnerligen</w>
  <w>oklart</w>
  <w>,</w>
  <w>tyckte</w>
  <w>han</w>
  <w>,</w>
  <w>vad</w>
  <w>hon</w>
  <w>egentligen</w>
  <w>stod</w>
  <w>för</w>
  <absaspan id=21>
    <w>.</w>
  </absaspan>
</absapar>
<absapar id=6>
  <w>Speciellt</w>
  <w>intressant</w>
  <w>var</w>
  <w>det</w>
  <w>när</w>
  <w>”</w>
  <w>de</w>
  <w>stora</w>
  <w>elefanterna</w>
  <w>”</w>
  <w>,</w>
  <w>de</w>
  <w>gamla</w>
  <w>erfarna</w>
  <w>sossarna</w>
  <w>,</w>
  <w>slöt</w>
  <w>upp</w>
  <w>bakom</w>
  <w>henne</w>
  <w>,</w>
  <w>på</w>
  <w>papper</w>
  <w>och</w>
  <w>på</w>
  <w>bild</w>
  <w>såg</w>
  <w>det</w>
  <w>fint</w>
  <w>ut</w>
  <w>–</w>
  <w>men</w>
  <w>något</w>
  <w>gemensamt</w>
  <w>möte</w>
  <w>hade</w>
  <w>de</w>
  <w>aldrig</w>
  <w>?</w>
  <w>.</w>
</absapar>
<absapar id=7>
  <w>Jag</w>
  <w>har</w>
  <w>följt</w>
  <w>med</w>
  <w>de</w>
  <w>franska</w>
  <w>debatterna</w>
  <w>under</w>
  <w>lång</w>
  <w>tid</w>
  <w>och</w>
  <w>konstaterar</w>
  <w>att</w>
  <w>det</w>
  <w>länge</w>
  <w>rådde</w>
  <w>stor</w>
  <w>ovisshet</w>
  <w>om</w>
  <w>Ségos</w>
  <w>politiska</w>
  <w>program</w>
  <w>.</w>
  <w>I</w>
  <w>hennes</w>
  <w>100</w>
  <w>-</w>
  <w>punktsprogram</w>
  <w>noterar</w>
  <w>jag</w>
  <w>att</w>
  <w>tankar</w>
  <w>angående</w>
  <w>utrikes</w>
  <w>-</w>
  <w>eller</w>
  <w>EU-politik</w>
  <w>saknas</w>
  <w>helt</w>
  <w>.</w>
</absapar>
<absapar id=8>
  <w>Kort</w>
  <w>kan</w>
  <w>sägas</w>
  <w>,</w>
  <w>att</w>
  <w>Ségo</w>
  <w>vädjar</w>
  <w>till</w>
  <w>ungdomar</w>
  <w>genom</w>
  <w>att</w>
  <w>lova</w>
  <w>höjd</w>
  <w>arbetslöshetsersättning</w>
  <w>,</w>
  <w>500</w>
  <w>000</w>
  <w>nya</w>
  <w>jobb</w>
  <w>för</w>
  <w>dem</w>
  <w>utan</w>
  <w>utbildning</w>
  <w>(</w>
  <w>en</w>
  <w>extremt</w>
  <w>stor</w>
  <w>andel</w>
  <w>av</w>
  <w>fransmännen</w>
  <w>saknar</w>
  <w>fullständig</w>
  <w>skolgång</w>
  <w>)</w>
  <w>och</w>
  <w>en</w>
  <w>höjning</w>
  <w>av</w>
  <w>de</w>
  <w>lägsta</w>
  <w>pensionerna</w>
  <w>.</w>
</absapar>
<absapar id=9>
  <w>En</w>
  <w>av</w>
  <w>de</w>
  <w>fransmän</w>
  <w>jag</w>
  <w>talat</w>
  <w>med</w>
  <w>,</w>
  <w>en</w>
  <w>mäklare</w>
  <w>med</w>
  <w>30</w>
  <w>år</w>
  <w>i</w>
  <w>branschen</w>
  <w>,</w>
  <w>säger</w>
  <w>att</w>
  <absaspan id=22>
    <w>många</w>
  </absaspan>
  <absaspan id=23 senti=1>
    <w>är</w>
    <w>livrädda</w>
    <w>för</w>
  </absaspan>
  <absaspan id=24>
    <w>att</w>
    <w>Ségo</w>
    <w>ska</w>
    <w>vinna</w>
  </absaspan>
  <w>–</w>
  <w>hon</w>
  <w>har</w>
  <w>gett</w>
  <w>alldeles</w>
  <w>för</w>
  <w>många</w>
  <w>löften</w>
  <w>som</w>
  <w>kostar</w>
  <w>staten</w>
  <w>enorma</w>
  <w>pengar</w>
  <w>och</w>
  <w>ingen</w>
  <w>vet</w>
  <w>,</w>
  <w>allra</w>
  <w>minst</w>
  <w>hon</w>
  <w>,</w>
  <w>vem</w>
  <w>som</w>
  <w>skall</w>
  <w>betala</w>
  <w>kalaset</w>
  <w>.</w>
</absapar>
<absapar id=10>
  <w>Sarko</w>
  <w>å</w>
  <w>sin</w>
  <w>sida</w>
  <w>vill</w>
  <w>sänka</w>
  <w>skatter</w>
  <w>både</w>
  <w>för</w>
  <w>privatpersoner</w>
  <w>och</w>
  <w>företag</w>
  <w>,</w>
  <w>minska</w>
  <w>antalet</w>
  <w>statliga</w>
  <w>funktionärer</w>
  <w>och</w>
  <w>tillåta</w>
  <w>längre</w>
  <w>arbetstid</w>
  <w>–</w>
  <w>i</w>
  <w>motsats</w>
  <w>till</w>
  <w>Ségo</w>
  <w>som</w>
  <w>vill</w>
  <w>bibehålla</w>
  <w>den</w>
  <w>omdiskuterade</w>
  <w>35</w>
  <w>-</w>
  <w>timmarsveckan</w>
  <w>som</w>
  <w>de</w>
  <w>facto</w>
  <w>inte</w>
  <w>har</w>
  <w>gett</w>
  <w>några</w>
  <w>nya</w>
  <w>jobb</w>
  <w>.</w>
  <w>Le</w>
  <w>Figaro</w>
  <w>,</w>
  <w>den</w>
  <w>stora</w>
  <w>franska</w>
  <w>tidningen</w>
  <w>,</w>
  <w>tror</w>
  <w>på</w>
  <w>Sarkozy</w>
  <w>.</w>
  <w>Så</w>
  <w>även</w>
  <w>jag</w>
  <w>.</w>
  <absaspan id=25>
    <w>Han</w>
  </absaspan>
  <absaspan id=26 senti=2>
    <w>är</w>
    <w>obekväm</w>
  </absaspan>
  <w>för</w>
  <w>att</w>
  <w>han</w>
  <w>är</w>
  <w>så</w>
  <w>rakt</w>
  <w>på</w>
  <w>sak</w>
  <w>.</w>
  <w>Men</w>
  <w>man</w>
  <w>kan</w>
  <w>inte</w>
  <w>skyla</w>
  <w>över</w>
  <w>existerande</w>
  <w>problem</w>
  <w>genom</w>
  <w>populära</w>
  <absaspan id=27 senti=2>
    <w>ogenomtänkta</w>
  </absaspan>
  <absaspan id=28>
    <w>löften</w>
  </absaspan>
  <w>.</w>
  <w>Sarko</w>
  <w>har</w>
  <w>i</w>
  <w>alla</w>
  <w>debatter</w>
  <w>varit</w>
  <w>oerhört</w>
  <w>påläst</w>
  <w>och</w>
  <w>konkret</w>
  <w>:</w>
  <w>Frankrike</w>
  <w>behöver</w>
  <w>skakas</w>
  <w>om</w>
  <w>ordentligt</w>
  <w>för</w>
  <w>att</w>
  <w>inte</w>
  <w>gå</w>
  <w>bakåt</w>
  <w>i</w>
  <w>sin</w>
  <w>utveckling</w>
  <w>.</w>
  <w>Sarko</w>
  <w>har</w>
  <w>i</w>
  <w>alla</w>
  <w>debatter</w>
  <w>varit</w>
  <w>oerhört</w>
  <w>påläst</w>
  <w>och</w>
  <w>konkret</w>
  <w>:</w>
  <w>Frankrike</w>
  <w>behöver</w>
  <w>skakas</w>
  <w>om</w>
  <w>.</w>
</absapar>
<absapar id=11>
  <w>ordentligt</w>
  <w>för</w>
  <w>att</w>
  <w>inte</w>
  <w>gå</w>
  <w>bakåt</w>
  <w>i</w>
  <w>sin</w>
  <w>utveckling</w>
  <w>.</w>
</absapar>
<absapar id=12>
  <w>François</w>
  <w>Bayrou</w>
  <w>och</w>
  <w>hans</w>
  <w>"</w>
  <w>medelvägspolitiska</w>
  <w>"</w>
  <w>Demokratiska</w>
  <w>partiet</w>
  <w>fick</w>
  <w>18,55</w>
  <w>procent</w>
  <w>i</w>
  <w>förra</w>
  <w>omgången</w>
  <w>.</w>
  <w>Bayrou</w>
  <w>kan</w>
  <w>mycket</w>
  <w>väl</w>
  <w>bli</w>
  <w>tungan</w>
  <w>på</w>
  <w>vågen</w>
  <w>.</w>
  <absaspan id=29>
    <w>Han</w>
  </absaspan>
  <absaspan id=30 senti=2>
    <w>har</w>
    <w>uttalat</w>
    <w>kritik</w>
    <w>mot</w>
  </absaspan>
  <absaspan id=31>
    <w>dem</w>
    <w>bägge</w>
  </absaspan>
  <w>.</w>
  <w>Bayrous</w>
  <w>nära</w>
  <w>sju</w>
  <w>miljoner</w>
  <w>röstare</w>
  <w>är</w>
  <w>nu</w>
  <w>splittrade</w>
  <w>i</w>
  <w>två</w>
  <w>läger</w>
  <w>–</w>
  <w>som</w>
  <w>övriga</w>
  <w>Frankrike</w>
  <w>.</w>
</absapar>
<absapar id=13>
  <w>Segerviss</w>
  <w>föreslår</w>
  <w>Ségo</w>
  <w>en</w>
  <w>center-vänster-koalition</w>
  <w>.</w>
  <w>Men</w>
  <w>vilken</w>
  <w>ministerpost</w>
  <w>kan</w>
  <w>hon</w>
  <w>i</w>
  <w>så</w>
  <w>fall</w>
  <w>ge</w>
  <w>Bayrou</w>
  <w>?</w>
  <w>Premiärminister</w>
  <w>-</w>
  <w>och</w>
  <w>finansministerposterna</w>
  <w>är</w>
  <w>ju</w>
  <w>redan</w>
  <w>bortlovade</w>
  <w>.</w>
  <absaspan id=32>
    <w>Ekonomiprofessorn</w>
    <w>Dominique</w>
    <w>Strauss-Kahn</w>
  </absaspan>
  <w>,</w>
  <w>en</w>
  <w>av</w>
  <w>Ségos</w>
  <w>två</w>
  <w>rivaler</w>
  <w>till</w>
  <w>S-partiets</w>
  <w>presidentkandidatur</w>
  <w>,</w>
  <absaspan id=33 senti=4>
    <w>skulle</w>
  </absaspan>
  <w>enligt</w>
  <absaspan id=34>
    <w>Ségo</w>
  </absaspan>
  <w>”</w>
  <absaspan id=35 senti=4>
    <w>bli</w>
  </absaspan>
  <absaspan id=36 senti=4>
    <w>en</w>
  </absaspan>
  <absaspan id=37 senti=4>
    <w>utmärkt</w>
  </absaspan>
  <absaspan id=38 senti=4>
    <w>premiärminister</w>
  </absaspan>
  <w>”</w>
  <w>.</w>
  <w>Hon</w>
  <w>kanske</w>
  <w>inte</w>
  <w>såg</w>
  <w>den</w>
  <w>långa</w>
  <w>söndagsintervjun</w>
  <w>när</w>
  <w>han</w>
  <w>på</w>
  <w>frågan</w>
  <w>om</w>
  <w>han</w>
  <w>trodde</w>
  <w>på</w>
  <w>Ségo</w>
  <w>svarade</w>
  <w>ett</w>
  <w>rakt</w>
  <w>”</w>
  <w>Nej</w>
  <w>!</w>
  <w>”</w>
  <w>.</w>
</absapar>
<absapar id=14>
  <w>Även</w>
  <w>om</w>
  <w>det</w>
  <w>är</w>
  <w>”</w>
  <w>inne</w>
  <w>”</w>
  <w>med</w>
  <w>kvinnliga</w>
  <w>ledare</w>
  <w>så</w>
  <w>måste</w>
  <w>ju</w>
  <w>rätt</w>
  <w>person</w>
  <w>vinna</w>
  <w>–</w>
  <w>och</w>
  <w>i</w>
  <w>det</w>
  <w>här</w>
  <w>fallet</w>
  <w>tror</w>
  <w>jag</w>
  <w>att</w>
  <w>det</w>
  <w>blir</w>
  <w>en</w>
  <w>man</w>
  <w>.</w>
</absapar>
<absapar id=15>
  <w>Dagens</w>
  <w>debattör</w>
  <w>.</w>
</absapar>
<absapar id=16>
  <w>I</w>
  <w>morgon</w>
  <w>,</w>
  <w>söndag</w>
  <w>6</w>
  <w>april</w>
  <w>,</w>
  <w>är</w>
  <w>det</w>
  <w>val</w>
  <w>i</w>
  <w>Frankrike</w>
  <w>och</w>
  <w>kampen</w>
  <w>mellan</w>
  <w>högerns</w>
  <w>Nicolas</w>
  <w>Sarkozy</w>
  <w>och</w>
  <w>vänsterns</w>
  <w>Ségolène</w>
  <w>Royal</w>
  <w>är</w>
  <w>stenhård</w>
  <w>.</w>
  <w>Den</w>
  <w>ena</w>
  <w>kandidaten</w>
  <w>anses</w>
  <w>vara</w>
  <w>ett</w>
  <w>för</w>
  <w>osäkert</w>
  <w>kort</w>
  <w>–</w>
  <w>den</w>
  <w>andra</w>
  <w>för</w>
  <w>hård</w>
  <w>och</w>
  <w>extrem</w>
  <w>.</w>
</absapar>
</absadoc>
