<absadoc annotators=1 senti=1>
<absatitle>
  <w>Vad</w>
  <w>har</w>
  <w>jag</w>
  <w>för</w>
  <w>rättigheter</w>
  <w>?</w>
  <absaspan id=1 senti=4>
    <w>Bestämma</w>
  </absaspan>
  <w>att</w>
  <absaspan id=2>
    <w>bara</w>
    <w>etnist</w>
    <w>svenskar</w>
  </absaspan>
  <absaspan id=3 senti=4>
    <w>får</w>
  </absaspan>
  <absaspan id=4 senti=4>
    <w>ha</w>
    <w>mig</w>
    <w>som</w>
    <w>patient</w>
  </absaspan>
  <w>.</w>
</absatitle>
<absapar id=1 senti=2>
  <w>Skulle</w>
  <w>det</w>
  <absaspan id=5 senti=2>
    <w>vara</w>
    <w>konstigt</w>
  </absaspan>
  <w>om</w>
  <w>man</w>
  <w>uttalade</w>
  <w>att</w>
  <w>man</w>
  <absaspan id=6>
    <w>endast</w>
    <w>vill</w>
    <w>träffa</w>
    <w>etnist</w>
    <w>svenskar</w>
    <w>på</w>
    <w>Vårdcentralen</w>
  </absaspan>
  <w>t.ex</w>
  <w>?</w>
  <absaspan id=7>
    <w>.</w>
  </absaspan>
</absapar>
<absapar id=2>
  <w>Har</w>
  <w>jag</w>
  <w>mina</w>
  <w>rättigheter</w>
  <w>till</w>
  <w>det</w>
  <w>vilket</w>
  <w>folkslag</w>
  <w>jag</w>
  <w>vill</w>
  <w>träffa</w>
  <w>?</w>
  <w>.</w>
</absapar>
<absapar id=3 senti=1>
  <absaspan id=8>
    <w>Jag</w>
  </absaspan>
  <absaspan id=9 senti=4>
    <w>vill</w>
    <w>absolut</w>
    <w>bara</w>
    <w>träffa</w>
  </absaspan>
  <absaspan id=10>
    <w>etnist</w>
    <w>svenskar</w>
    <w>som</w>
    <w>läkare</w>
  </absaspan>
  <w>.</w>
  <w>Nu</w>
  <absaspan id=11 senti=4>
    <w>tycker</w>
  </absaspan>
  <absaspan id=12>
    <w>jag</w>
  </absaspan>
  <w>att</w>
  <absaspan id=13>
    <w>jag</w>
    <w>har</w>
    <w>givit</w>
  </absaspan>
  <absaspan id=14>
    <w>människor</w>
  </absaspan>
  <absaspan id=15>
    <w>med</w>
    <w>en</w>
    <w>annan</w>
    <w>urspung</w>
    <w>ifrån</w>
    <w>mellanöstern</w>
  </absaspan>
  <absaspan id=16>
    <w>så</w>
    <w>mycket</w>
    <w>chans</w>
  </absaspan>
  <w>,</w>
  <w>att</w>
  <absaspan id=17 senti=2>
    <w>det</w>
    <w>räcker</w>
  </absaspan>
  <w>tycker</w>
  <absaspan id=18>
    <w>jag</w>
  </absaspan>
  <w>.</w>
</absapar>
<absapar id=4 senti=1>
  <absaspan id=19>
    <w>De</w>
  </absaspan>
  <absaspan id=20 senti=2>
    <w>kan</w>
    <w>helt</w>
    <w>klart</w>
    <w>inte</w>
    <w>sitt</w>
    <w>yrke</w>
  </absaspan>
  <w>,</w>
  <w>och</w>
  <absaspan id=21>
    <w>hur</w>
    <w>det</w>
    <w>kommer</w>
    <w>sig</w>
    <w>att</w>
    <w>de</w>
    <w>får</w>
    <w>jobbet</w>
  </absaspan>
  <absaspan id=22 senti=2>
    <w>är</w>
    <w>märkligt</w>
  </absaspan>
  <w>.</w>
</absapar>
<absapar id=5 senti=1>
  <absaspan id=23 senti=2>
    <w>Det</w>
    <w>är</w>
    <w>mycket</w>
    <w>fel</w>
  </absaspan>
  <w>som</w>
  <absaspan id=24>
    <w>de</w>
  </absaspan>
  <absaspan id=25 senti=2>
    <w>gör</w>
  </absaspan>
  <w>,</w>
  <w>och</w>
  <absaspan id=26>
    <w>jag</w>
  </absaspan>
  <absaspan id=27 senti=2>
    <w>orkar</w>
    <w>inte</w>
    <w>mer</w>
  </absaspan>
  <w>.</w>
</absapar>
<absapar id=6>
  <w>Kan</w>
  <w>man</w>
  <w>bestämma</w>
  <w>detta</w>
  <w>?</w>
  <w>.</w>
</absapar>
<absapar id=7>
  <w>Har</w>
  <w>jag</w>
  <w>den</w>
  <w>rätten</w>
  <w>?</w>
  <w>.</w>
</absapar>
<absapar id=8>
  <w>Sen</w>
  <absaspan id=28>
    <w>får</w>
    <w>det</w>
    <w>väl</w>
    <w>ta</w>
    <w>en</w>
    <w>extra</w>
    <w>tid</w>
    <w>att</w>
    <w>få</w>
    <w>sin</w>
    <w>läkare</w>
  </absaspan>
  <w>,</w>
  <w>men</w>
  <w>det</w>
  <absaspan id=29 senti=4>
    <w>blir</w>
    <w>nog</w>
    <w>värt</w>
    <w>det</w>
  </absaspan>
  <w>.</w>
</absapar>
</absadoc>
