<absadoc annotators=1 senti=3>
<absatitle>
  <absaspan id=1>
    <w>Kamali</w>
  </absaspan>
  <w>:</w>
  <w>"</w>
  <absaspan id=2 senti=2 source=1 target=3>
    <w>Skrota</w>
  </absaspan>
  <absaspan id=3>
    <w>alla</w>
    <w>myndigheter</w>
    <w>som</w>
    <w>sysslar</w>
    <w>med</w>
    <w>integration</w>
  </absaspan>
  <w>"</w>
  <w>.</w>
</absatitle>
<absapar id=1>
  <w>Masoud</w>
  <w>Kamali</w>
  <w>publicerar</w>
  <w>idag</w>
  <w>en</w>
  <w>debattartikel</w>
  <w>i</w>
  <w>DN</w>
  <w>med</w>
  <w>anledning</w>
  <w>av</w>
  <w>att</w>
  <w>hans</w>
  <w>rapport</w>
  <w>"</w>
  <w>Den</w>
  <w>segregerande</w>
  <w>integrationen</w>
  <w>"</w>
  <w>precis</w>
  <w>blivit</w>
  <w>färdig</w>
  <w>.</w>
</absapar>
<absapar id=2 senti=3>
  <w>En</w>
  <absaspan id=4 senti=2>
    <w>väldigt</w>
    <w>besynnerlig</w>
  </absaspan>
  <absaspan id=5>
    <w>artikel</w>
  </absaspan>
  <absaspan id=6>
    <w>som</w>
  </absaspan>
  <absaspan id=7 senti=2>
    <w>till</w>
    <w>större</w>
    <w>delen</w>
    <w>består</w>
    <w>av</w>
    <w>diverse</w>
    <w>obegripligt</w>
    <w>mumbo-jumbo</w>
  </absaspan>
  <w>om</w>
  <w>rasism</w>
  <w>,</w>
  <w>kulturell</w>
  <w>ordning</w>
  <w>,</w>
  <w>strukturell</w>
  <w>diskriminering</w>
  <w>och</w>
  <w>vi-och-dom-tänkande</w>
  <w>för</w>
  <w>att</w>
  <w>sedan</w>
  <w>rundas</w>
  <w>av</w>
  <w>med</w>
  <w>ett</w>
  <absaspan id=8 senti=2>
    <w>totalt</w>
    <w>ovidkommande</w>
  </absaspan>
  <absaspan id=9>
    <w>påhopp</w>
    <w>på</w>
    <w>Israel</w>
    <w>och</w>
    <w>USA</w>
  </absaspan>
  <w>.</w>
  <w>(</w>
  <w>Att</w>
  <w>Kamali</w>
  <w>har</w>
  <w>uppenbara</w>
  <w>problem</w>
  <w>att</w>
  <w>hålla</w>
  <w>sina</w>
  <w>känslor</w>
  <w>i</w>
  <w>styr</w>
  <w>när</w>
  <w>han</w>
  <w>bedriver</w>
  <w>sin</w>
  <absaspan id=10 senti=2>
    <w>"</w>
  </absaspan>
  <absaspan id=11>
    <w>forskning</w>
  </absaspan>
  <absaspan id=12 senti=2>
    <w>"</w>
  </absaspan>
  <w>vet</w>
  <w>vi</w>
  <w>,</w>
  <w>men</w>
  <absaspan id=13>
    <w>här</w>
  </absaspan>
  <absaspan id=14 senti=2>
    <w>blir</w>
  </absaspan>
  <w>det</w>
  <absaspan id=15 senti=2>
    <w>nästan</w>
  </absaspan>
  <absaspan id=16 senti=2>
    <w>löjligt</w>
  </absaspan>
  <w>.</w>
  <w>)</w>
  <w>.</w>
</absapar>
<absapar id=3 senti=3>
  <w>Och</w>
  <w>vad</w>
  <w>är</w>
  <w>det</w>
  <w>han</w>
  <w>vill</w>
  <w>egentligen</w>
  <w>,</w>
  <w>mer</w>
  <w>än</w>
  <w>att</w>
  <w>skrota</w>
  <w>integrationsverket</w>
  <w>och</w>
  <w>ersätta</w>
  <w>det</w>
  <w>med</w>
  <w>ett</w>
  <w>"</w>
  <w>introduktionsverk</w>
  <w>med</w>
  <w>huvudmål</w>
  <w>att</w>
  <w>tillgodose</w>
  <w>de</w>
  <w>nyanländas</w>
  <w>omedelbara</w>
  <w>behov</w>
  <w>"</w>
  <w>(</w>
  <w>vad</w>
  <w>det</w>
  <w>nu</w>
  <w>innebär</w>
  <w>i</w>
  <w>praktiken</w>
  <w>)</w>
  <w>?</w>
  <w>Hur</w>
  <w>vill</w>
  <w>Kamali</w>
  <w>lösa</w>
  <w>de</w>
  <w>.</w>
</absapar>
<absapar id=4 senti=3>
  <absaspan id=17 senti=2>
    <w>problem</w>
  </absaspan>
  <w>som</w>
  <w>folk</w>
  <w>brottas</w>
  <w>med</w>
  <w>på</w>
  <w>orter</w>
  <w>som</w>
  <w>Landskrona</w>
  <w>,</w>
  <w>Malmö</w>
  <w>och</w>
  <w>Södertälje</w>
  <w>?</w>
  <w>På</w>
  <w>det</w>
  <w>har</w>
  <w>Kamali</w>
  <w>inga</w>
  <w>svar</w>
  <w>,</w>
  <w>utan</w>
  <w>han</w>
  <w>mal</w>
  <w>på</w>
  <w>med</w>
  <w>sina</w>
  <w>yviga</w>
  <w>gester</w>
  <w>:</w>
  <w>"</w>
  <absaspan id=18>
    <w>Den</w>
  </absaspan>
  <absaspan id=19>
    <w>nya</w>
    <w>politiken</w>
    <w>måste</w>
    <w>vara</w>
    <w>långsiktig</w>
    <w>och</w>
    <w>fokusera</w>
    <w>på</w>
    <w>att</w>
    <w>på</w>
    <w>ett</w>
    <w>systematiskt</w>
    <w>sätt</w>
    <w>motverka</w>
    <w>de</w>
    <w>rådande</w>
    <w>strukturella</w>
    <w>och</w>
    <w>institutionella</w>
    <w>hindren</w>
    <w>som</w>
    <w>motverkar</w>
    <w>skapandet</w>
    <w>av</w>
    <w>ett</w>
    <w>samhälle</w>
    <w>för</w>
    <w>alla</w>
    <w>på</w>
    <w>lika</w>
    <w>villkor</w>
  </absaspan>
  <w>.</w>
  <w>"</w>
  <w>Visst</w>
  <w>,</w>
  <absaspan id=20>
    <w>allt</w>
    <w>det</w>
    <w>där</w>
  </absaspan>
  <absaspan id=21 senti=4 irony>
    <w>är</w>
    <w>säkert</w>
    <w>jättebra</w>
  </absaspan>
  <w>,</w>
  <w>men</w>
  <w>hur</w>
  <w>ska</w>
  <w>det</w>
  <w>gå</w>
  <w>till</w>
  <w>i</w>
  <w>.</w>
</absapar>
</absadoc>
