<absadoc annotators=1 senti=0>
<absatitle>
  <w>Nyanlända</w>
  <w>elever</w>
  <w>har</w>
  <w>inte</w>
  <w>fått</w>
  <w>språkligt</w>
  <w>stöd</w>
  <w>.</w>
</absatitle>
<absapar id=1>
  <w>Skolornas</w>
  <w>ekonomi</w>
  <absaspan id=1 senti=4>
    <w>räddas</w>
  </absaspan>
  <w>av</w>
  <absaspan id=2>
    <w>nyanlända</w>
    <w>elever</w>
  </absaspan>
  <w>.</w>
  <w>En</w>
  <w>plats</w>
  <w>för</w>
  <w>språkintroduktion</w>
  <w>på</w>
  <w>gymnasiet</w>
  <w>ger</w>
  <w>dubbelt</w>
  <w>så</w>
  <w>hög</w>
  <w>skolpeng</w>
  <w>som</w>
  <w>en</w>
  <w>plats</w>
  <w>på</w>
  <w>samhällsprogrammet</w>
  <w>.</w>
  <w>Men</w>
  <w>på</w>
  <w>Brännkyrka</w>
  <w>gymnasium</w>
  <w>går</w>
  <w>extraslantarna</w>
  <w>rätt</w>
  <w>ner</w>
  <w>i</w>
  <w>skolbudgeten</w>
  <w>istället</w>
  <w>för</w>
  <w>till</w>
  <w>stöd</w>
  <w>åt</w>
  <w>introduktionseleverna</w>
  <w>.</w>
  <w>Extra</w>
  <w>språkövningar</w>
  <w>står</w>
  <w>gratis</w>
  <w>volontärer</w>
  <w>för</w>
  <w>,</w>
  <w>skriver</w>
  <w>flera</w>
  <w>lärare</w>
  <w>på</w>
  <w>Brännkyrka</w>
  <w>gymnasium</w>
  <w>gemensamt</w>
  <w>.</w>
</absapar>
<absapar id=2>
  <w>Problemet</w>
  <w>ligger</w>
  <w>inte</w>
  <w>i</w>
  <w>invandringen</w>
  <w>utan</w>
  <w>i</w>
  <w>en</w>
  <w>skolpolitik</w>
  <w>som</w>
  <w>direkt</w>
  <w>förhindrar</w>
  <w>integration</w>
  <w>.</w>
</absapar>
<absapar id=3>
  <w>Det</w>
  <w>här</w>
  <w>är</w>
  <w>en</w>
  <w>argumenterande</w>
  <w>text</w>
  <w>med</w>
  <w>syfte</w>
  <w>att</w>
  <w>påverka</w>
  <w>.</w>
  <w>Åsikterna</w>
  <w>som</w>
  <w>uttrycks</w>
  <w>är</w>
  <w>skribentens</w>
  <w>egna</w>
  <w>.</w>
</absapar>
<absapar id=4>
  <w>Den</w>
  <w>svenska</w>
  <w>skolan</w>
  <w>har</w>
  <w>problem</w>
  <w>–</w>
  <w>något</w>
  <w>som</w>
  <w>blivit</w>
  <w>extra</w>
  <w>tydligt</w>
  <w>i</w>
  <w>Stockholms</w>
  <w>Stads</w>
  <w>gymnasieskolor</w>
  <w>den</w>
  <w>senaste</w>
  <w>tiden</w>
  <w>.</w>
  <w>De</w>
  <w>populära</w>
  <w>och</w>
  <w>överfulla</w>
  <w>innerstadsskolorna</w>
  <w>går</w>
  <w>med</w>
  <w>förlust</w>
  <w>,</w>
  <w>det</w>
  <w>saknas</w>
  <w>medel</w>
  <w>till</w>
  <w>lärarnas</w>
  <w>nya</w>
  <w>löner</w>
  <w>och</w>
  <w>dessutom</w>
  <w>finns</w>
  <w>det</w>
  <absaspan id=3>
    <w>segregerade</w>
    <w>skolor</w>
  </absaspan>
  <w>med</w>
  <w>så</w>
  <w>kallat</w>
  <absaspan id=4 senti=2>
    <w>dåligt</w>
  </absaspan>
  <w>rykte</w>
  <w>som</w>
  <w>få</w>
  <w>söker</w>
  <w>sig</w>
  <w>till</w>
  <w>frivilligt</w>
  <w>.</w>
  <w>En</w>
  <w>sådan</w>
  <w>skola</w>
  <w>är</w>
  <w>Brännkyrka</w>
  <w>gymnasium</w>
  <w>i</w>
  <w>Midsommarkransen</w>
  <w>.</w>
  <w>Skolan</w>
  <w>har</w>
  <w>de</w>
  <w>senaste</w>
  <w>tio</w>
  <w>åren</w>
  <w>har</w>
  <w>haft</w>
  <w>vikande</w>
  <w>elevunderlag</w>
  <w>och</w>
  <w>har</w>
  <w>utvecklats</w>
  <w>till</w>
  <w>en</w>
  <w>så</w>
  <w>kallade</w>
  <w>"</w>
  <w>invandrarskola</w>
  <w>"</w>
  <w>som</w>
  <w>ungdomar</w>
  <w>–</w>
  <w>oavsett</w>
  <w>etnisk</w>
  <w>bakgrund</w>
  <w>–</w>
  <w>undviker</w>
  <w>i</w>
  <w>sitt</w>
  <w>gymnasieval</w>
  <w>om</w>
  <w>de</w>
  <w>har</w>
  <w>möjlighet</w>
  <w>välja</w>
  <w>något</w>
  <w>annat</w>
  <w>.</w>
  <w>Brännkyrka</w>
  <w>gymnasium</w>
  <w>läggs</w>
  <w>därför</w>
  <w>ner</w>
  <w>efter</w>
  <w>vårterminen</w>
  <w>.</w>
</absapar>
<absapar id=5>
  <w>Men</w>
  <w>på</w>
  <w>Brännkyrka</w>
  <w>gymnasium</w>
  <w>räcker</w>
  <w>pengarna</w>
  <w>och</w>
  <w>skolan</w>
  <w>har</w>
  <w>gått</w>
  <w>med</w>
  <w>vinst</w>
  <w>–</w>
  <w>trots</w>
  <w>tomma</w>
  <w>klassrum</w>
  <w>,</w>
  <w>elever</w>
  <w>med</w>
  <w>låga</w>
  <w>betyg</w>
  <w>och</w>
  <w>dåliga</w>
  <w>förutsättningar</w>
  <w>att</w>
  <w>klara</w>
  <w>gymnasiekurser</w>
  <w>.</w>
  <w>Hur</w>
  <w>är</w>
  <w>detta</w>
  <w>möjligt</w>
  <w>?</w>
  <w>.</w>
</absapar>
<absapar id=6>
  <w>För</w>
  <w>att</w>
  <w>kompensera</w>
  <w>det</w>
  <w>låga</w>
  <w>sökantalet</w>
  <w>till</w>
  <w>Brännkyrka</w>
  <w>gymnasiums</w>
  <w>nationella</w>
  <w>program</w>
  <w>,</w>
  <w>har</w>
  <w>man</w>
  <w>fyllt</w>
  <w>ut</w>
  <w>lokalerna</w>
  <w>och</w>
  <w>lärartjänsterna</w>
  <w>med</w>
  <w>cirka</w>
  <w>200</w>
  <w>elever</w>
  <w>som</w>
  <w>går</w>
  <w>på</w>
  <w>Språkintroduktionsprogrammet</w>
  <w>,</w>
  <w>avsett</w>
  <w>för</w>
  <w>nyligen</w>
  <w>invandrade</w>
  <w>ungdomar</w>
  <w>som</w>
  <w>behöver</w>
  <w>svensk</w>
  <w>gymnasiebehörighet</w>
  <w>.</w>
  <w>Dessa</w>
  <w>elevers</w>
  <w>skolpeng</w>
  <w>är</w>
  <w>mer</w>
  <w>än</w>
  <w>dubbelt</w>
  <w>så</w>
  <w>hög</w>
  <w>som</w>
  <w>den</w>
  <w>för</w>
  <w>gymnasiets</w>
  <w>största</w>
  <w>program</w>
  <w>,</w>
  <w>samhällsprogrammet</w>
  <w>–</w>
  <w>79</w>
  <w>000</w>
  <w>kronor</w>
  <w>jämfört</w>
  <w>med</w>
  <w>35</w>
  <w>000</w>
  <w>kronor</w>
  <w>.</w>
</absapar>
<absapar id=7>
  <w>En</w>
  <absaspan id=5 senti=5>
    <w>lysande</w>
  </absaspan>
  <w>affär</w>
  <w>för</w>
  <absaspan id=6>
    <w>en</w>
    <w>skola</w>
    <w>på</w>
    <w>fallrepet</w>
  </absaspan>
  <w>!</w>
  <w>Åtminstone</w>
  <w>om</w>
  <w>man</w>
  <w>,</w>
  <w>som</w>
  <w>vid</w>
  <w>Brännkyrka</w>
  <w>gymnasium</w>
  <w>,</w>
  <absaspan id=7 senti=2>
    <w>underlåter</w>
    <w>att</w>
    <w>ge</w>
  </absaspan>
  <absaspan id=8>
    <w>eleverna</w>
  </absaspan>
  <w>det</w>
  <w>stöd</w>
  <w>som</w>
  <w>den</w>
  <w>högre</w>
  <w>skolpengen</w>
  <w>syftar</w>
  <w>till</w>
  <w>.</w>
  <w>Eleverna</w>
  <w>har</w>
  <w>periodvis</w>
  <w>varit</w>
  <w>utan</w>
  <w>läromedel</w>
  <w>,</w>
  <w>lexikon</w>
  <w>och</w>
  <w>adekvat</w>
  <w>språkstöd</w>
  <w>.</w>
</absapar>
<absapar id=8>
  <w>Skolformen</w>
  <w>har</w>
  <w>inte</w>
  <w>heller</w>
  <w>anpassats</w>
  <w>till</w>
  <w>elevernas</w>
  <w>behov</w>
  <w>av</w>
  <w>svensk</w>
  <w>språkutveckling</w>
  <w>,</w>
  <w>utan</w>
  <w>planeras</w>
  <w>utifrån</w>
  <w>grundskolans</w>
  <w>kursinnehåll</w>
  <w>.</w>
  <w>På</w>
  <w>Brännkyrka</w>
  <w>gymnasium</w>
  <w>förekommer</w>
  <w>till</w>
  <w>exempel</w>
  <w>engelska</w>
  <w>på</w>
  <w>schemat</w>
  <w>för</w>
  <w>elever</w>
  <w>som</w>
  <w>endast</w>
  <w>kan</w>
  <w>några</w>
  <w>få</w>
  <w>ord</w>
  <w>svenska</w>
  <w>och</w>
  <w>ingen</w>
  <w>engelska</w>
  <w>.</w>
  <w>Man</w>
  <absaspan id=9 senti=2>
    <w>kan</w>
    <w>utan</w>
    <w>expertkunskap</w>
    <w>ifrågasätta</w>
    <w>nyttan</w>
  </absaspan>
  <w>med</w>
  <absaspan id=10>
    <w>aktiviteten</w>
  </absaspan>
  <w>innan</w>
  <w>svenskan</w>
  <w>har</w>
  <w>blivit</w>
  <w>gemensam</w>
  <w>nämnare</w>
  <absaspan id=11>
    <w>.</w>
  </absaspan>
</absapar>
<absapar id=9>
  <w>Skräddarsydda</w>
  <w>kurser</w>
  <w>i</w>
  <w>ämnen</w>
  <w>som</w>
  <w>intresserar</w>
  <w>och</w>
  <w>engagerar</w>
  <w>både</w>
  <w>kropp</w>
  <w>och</w>
  <w>själ</w>
  <w>.</w>
</absapar>
<absapar id=10>
  <w>Lärarna</w>
  <w>har</w>
  <w>i</w>
  <w>många</w>
  <w>fall</w>
  <w>inte</w>
  <w>fått</w>
  <w>någon</w>
  <w>som</w>
  <w>helst</w>
  <w>fortbildning</w>
  <w>för</w>
  <w>att</w>
  <w>arbeta</w>
  <w>språkutvecklande</w>
  <w>med</w>
  <w>dessa</w>
  <w>elever</w>
  <w>.</w>
  <w>Den</w>
  <w>enda</w>
  <w>stora</w>
  <w>språksatsningen</w>
  <w>på</w>
  <w>Brännkyrka</w>
  <w>görs</w>
  <w>av</w>
  <w>en</w>
  <w>grupp</w>
  <w>volontärer</w>
  <w>som</w>
  <w>kommer</w>
  <w>till</w>
  <w>skolan</w>
  <w>varje</w>
  <w>vecka</w>
  <w>och</w>
  <w>konverserar</w>
  <w>med</w>
  <w>eleverna</w>
  <w>–</w>
  <w>utan</w>
  <w>kostnad</w>
  <w>för</w>
  <w>skolan</w>
  <w>.</w>
</absapar>
<absapar id=11>
  <w>Den</w>
  <w>extra</w>
  <w>höga</w>
  <w>skolpengen</w>
  <w>har</w>
  <w>gått</w>
  <w>till</w>
  <w>att</w>
  <w>hålla</w>
  <w>skolans</w>
  <w>totala</w>
  <w>budget</w>
  <w>i</w>
  <w>balans</w>
  <w>.</w>
</absapar>
<absapar id=12>
  <w>Stockholm</w>
  <w>Stad</w>
  <w>planerar</w>
  <w>nu</w>
  <w>att</w>
  <w>starta</w>
  <w>grupper</w>
  <w>med</w>
  <w>språkintroduktionsprogram</w>
  <w>i</w>
  <w>de</w>
  <absaspan id=12 senti=4>
    <w>populära</w>
  </absaspan>
  <w>men</w>
  <absaspan id=13 senti=2>
    <w>förlusttyngda</w>
  </absaspan>
  <absaspan id=14>
    <w>skolorna</w>
  </absaspan>
  <w>i</w>
  <w>innerstaden</w>
  <w>för</w>
  <w>att</w>
  <w>,</w>
  <w>som</w>
  <w>det</w>
  <w>heter</w>
  <w>,</w>
  <w>öka</w>
  <w>integrationen</w>
  <w>.</w>
  <w>Frågan</w>
  <w>är</w>
  <w>om</w>
  <w>språkintroduktionseleverna</w>
  <w>kommer</w>
  <w>att</w>
  <w>få</w>
  <w>den</w>
  <w>hjälp</w>
  <w>de</w>
  <w>har</w>
  <w>rätt</w>
  <w>till</w>
  <w>.</w>
</absapar>
<absapar id=13 senti=3>
  <absaspan id=15>
    <w>Vi</w>
  </absaspan>
  <w>befarar</w>
  <w>att</w>
  <w>dessa</w>
  <absaspan id=16>
    <w>elevers</w>
    <w>pengar</w>
  </absaspan>
  <w>istället</w>
  <w>används</w>
  <w>för</w>
  <w>att</w>
  <absaspan id=17 senti=2>
    <w>göra</w>
    <w>röda</w>
    <w>budgetsiffror</w>
    <w>svarta</w>
  </absaspan>
  <w>.</w>
  <w>Integration</w>
  <w>sker</w>
  <w>inte</w>
  <w>heller</w>
  <w>per</w>
  <w>automatik</w>
  <w>genom</w>
  <w>att</w>
  <w>placera</w>
  <w>dessa</w>
  <w>elever</w>
  <w>i</w>
  <w>en</w>
  <w>populär</w>
  <w>gymnasieskola</w>
  <w>i</w>
  <w>innerstaden</w>
  <w>i</w>
  <w>en</w>
  <w>liten</w>
  <w>,</w>
  <w>avskild</w>
  <w>grupp</w>
  <w>.</w>
  <w>Vår</w>
  <w>erfarenhet</w>
  <w>,</w>
  <w>efter</w>
  <w>tio</w>
  <w>års</w>
  <w>liknande</w>
  <w>arbete</w>
  <w>,</w>
  <w>är</w>
  <w>att</w>
  <w>det</w>
  <w>är</w>
  <w>betydligt</w>
  <w>svårare</w>
  <w>och</w>
  <w>dyrare</w>
  <w>än</w>
  <w>så</w>
  <w>.</w>
</absapar>
<absapar id=14>
  <w>Under</w>
  <w>tiden</w>
  <w>som</w>
  <absaspan id=18>
    <w>Stockholms</w>
    <w>Stads</w>
    <w>politiker</w>
  </absaspan>
  <absaspan id=19 senti=2>
    <w>kraftfullt</w>
    <w>avvaktar</w>
  </absaspan>
  <w>sitt</w>
  <w>skol</w>
  <w>-</w>
  <w>och</w>
  <w>integrationsproblem</w>
  <w>och</w>
  <w>fortsätter</w>
  <w>fylla</w>
  <w>ut</w>
  <w>skolor</w>
  <w>som</w>
  <w>inte</w>
  <w>går</w>
  <w>runt</w>
  <w>ekonomiskt</w>
  <w>,</w>
  <w>riskerar</w>
  <w>hundratals</w>
  <w>nyanlända</w>
  <w>ungdomar</w>
  <w>slås</w>
  <w>ut</w>
  <w>ur</w>
  <w>systemet</w>
  <w>när</w>
  <w>deras</w>
  <w>kunskaper</w>
  <w>aldrig</w>
  <w>når</w>
  <w>förväntat</w>
  <w>resultat</w>
  <w>,</w>
  <w>bland</w>
  <w>annat</w>
  <w>på</w>
  <w>grund</w>
  <w>av</w>
  <w>bristande</w>
  <w>språkkunskaper</w>
  <w>och</w>
  <w>skolorganisation</w>
  <w>.</w>
</absapar>
<absapar id=15>
  <w>Den</w>
  <absaspan id=20>
    <w>kommunala</w>
    <w>gymnasieskolan</w>
    <w>i</w>
    <w>Stockholm</w>
  </absaspan>
  <w>riskerar</w>
  <w>att</w>
  <absaspan id=21 senti=1>
    <w>bli</w>
    <w>ett</w>
    <w>integrationspolitiskt</w>
    <w>haveri</w>
  </absaspan>
  <w>.</w>
  <w>Problemet</w>
  <w>ligger</w>
  <w>inte</w>
  <w>i</w>
  <w>invandringen</w>
  <w>utan</w>
  <w>i</w>
  <w>en</w>
  <w>skolpolitik</w>
  <w>som</w>
  <w>direkt</w>
  <w>förhindrar</w>
  <w>integration</w>
  <w>.</w>
</absapar>
<absapar id=16>
  <absaspan id=22>
    <w>Vi</w>
  </absaspan>
  <w>vill</w>
  <w>att</w>
  <absaspan id=23>
    <w>politikerna</w>
  </absaspan>
  <w>tar</w>
  <w>sitt</w>
  <w>ansvar</w>
  <w>för</w>
  <w>att</w>
  <w>språkintroduktionseleverna</w>
  <absaspan id=24 senti=2>
    <w>inte</w>
    <w>behandlas</w>
    <w>som</w>
    <w>askungebarn</w>
  </absaspan>
  <w>,</w>
  <w>eller</w>
  <w>blir</w>
  <w>ett</w>
  <w>medel</w>
  <w>för</w>
  <w>skolor</w>
  <w>att</w>
  <w>nå</w>
  <w>en</w>
  <w>balanserad</w>
  <w>budget</w>
  <w>.</w>
</absapar>
<absapar id=17>
  <w>GUN</w>
  <w>ANDERSSON</w>
  <w>.</w>
</absapar>
<absapar id=18>
  <w>lärare</w>
  <w>Brännkyrka</w>
  <w>gymnasium</w>
  <w>.</w>
</absapar>
<absapar id=19>
  <w>ANITA</w>
  <w>HEDBERG</w>
  <w>.</w>
</absapar>
<absapar id=20>
  <w>specialpedagog</w>
  <w>,</w>
  <w>Brännkyrka</w>
  <w>gymnasium</w>
  <w>.</w>
</absapar>
<absapar id=21>
  <w>SARA</w>
  <w>NILSSON</w>
  <w>.</w>
</absapar>
<absapar id=22>
  <w>lärare</w>
  <w>Brännkyrka</w>
  <w>gymnasium</w>
  <w>.</w>
</absapar>
<absapar id=23>
  <w>VICTOR</w>
  <w>PALM</w>
  <w>.</w>
</absapar>
<absapar id=24>
  <w>lärare</w>
  <w>Brännkyrka</w>
  <w>gymnasium</w>
  <w>.</w>
</absapar>
<absapar id=25>
  <w>LENNART</w>
  <w>STEEN</w>
  <w>.</w>
</absapar>
<absapar id=26>
  <w>lärare</w>
  <w>Brännkyrka</w>
  <w>gymnasium</w>
  <w>.</w>
</absapar>
<absapar id=27>
  <w>JONAS</w>
  <w>AGHED</w>
  <w>.</w>
</absapar>
<absapar id=28>
  <w>bibliotekarie</w>
  <w>Brännkyrka</w>
  <w>gymnasium</w>
  <w>.</w>
</absapar>
<absapar id=29>
  <w>Redaktör</w>
  <w>:</w>
  <w>Carina</w>
  <w>Stensson</w>
  <w>,</w>
  <w>Biträdande</w>
  <w>redaktör</w>
  <w>:</w>
  <w>Björn</w>
  <w>Jorner</w>
  <w>,</w>
  <w>Mejl</w>
  <w>:</w>
  <w>debatt</w>
  <w>@</w>
  <w>svd.se</w>
  <w>,</w>
  <w>Telefonnummer</w>
  <w>:</w>
  <w>08</w>
  <w>-</w>
  <w>135149</w>
  <w>,</w>
  <w>Twitter</w>
  <w>:</w>
  <w>@</w>
  <w>SvDDebatt</w>
  <w>,</w>
  <w>Facebook</w>
  <w>:</w>
  <w>SvD</w>
  <w>Debatt</w>
  <w>.</w>
</absapar>
</absadoc>
