<absadoc annotators=1 senti=>
<absatitle>
  <absaspan id=1>
    <w>Flera</w>
    <w>KD</w>
    <w>:</w>
    <w>are</w>
    <w>vill</w>
    <w>samarbeta</w>
    <w>med</w>
    <w>SD</w>
  </absaspan>
  <w>!</w>
  <w>Dags</w>
  <w>att</w>
  <w>starta</w>
  <w>ett</w>
  <absaspan id=2 senti=4>
    <w>Sverigevänligt</w>
    <w>block</w>
  </absaspan>
  <w>?</w>
</absatitle>
<absapar id=1>
  <w>Chockerande</w>
  <w>men</w>
  <absaspan id=3 senti=4>
    <w>självklart</w>
    <w>positivt</w>
  </absaspan>
  <w>.</w>
  <absaspan id=4 senti=4>
    <w>Inte</w>
  </absaspan>
  <absaspan id=5 senti=4>
    <w>några</w>
    <w>duvungar</w>
  </absaspan>
  <w>direkt</w>
  <w>heller</w>
  <w>.</w>
  <w>Läs</w>
  <w>här</w>
  <w>:</w>
  <w>.</w>
</absapar>
<absapar id=2>
  <w>Citat</w>
  <w>från</w>
  <w>riksdagsledamoten</w>
  <w>Annelie</w>
  <w>Enochsson</w>
  <w>:</w>
  <w>.</w>
</absapar>
<absapar id=3>
  <w>Kan</w>
  <w>KD</w>
  <w>och</w>
  <w>kanske</w>
  <w>till</w>
  <w>och</w>
  <w>med</w>
  <w>alliansen</w>
  <w>närma</w>
  <w>sig</w>
  <w>SD</w>
  <w>nu</w>
  <w>?</w>
  <w>Behövs</w>
  <w>det</w>
  <w>bytas</w>
  <w>ut</w>
  <w>några</w>
  <absaspan id=6 senti=4>
    <w>syltryggar</w>
  </absaspan>
  <w>som</w>
  <w>Göran</w>
  <w>"</w>
  <w>jag</w>
  <w>förlorar</w>
  <w>varje</w>
  <w>val</w>
  <w>men</w>
  <w>sitter</w>
  <w>kvar</w>
  <w>ändå</w>
  <w>"</w>
  <w>Hägglund</w>
  <w>först</w>
  <w>?</w>
  <w>Är</w>
  <w>det</w>
  <w>dags</w>
  <w>att</w>
  <w>starta</w>
  <w>ett</w>
  <w>tredje</w>
  <w>block</w>
  <w>med</w>
  <w>KD</w>
  <w>och</w>
  <w>SD</w>
  <w>där</w>
  <w>KD</w>
  <w>får</w>
  <w>ta</w>
  <w>hand</w>
  <w>om</w>
  <w>lite</w>
  <w>mjukare</w>
  <w>frågor</w>
  <w>och</w>
  <w>eventuellt</w>
  <w>även</w>
  <w>lite</w>
  <w>ekonomi</w>
  <w>?</w>
  <w>Minns</w>
  <w>också</w>
  <w>Sara</w>
  <w>Skyttedals</w>
  <w>debattartikel</w>
  <w>,</w>
  <w>invandringskritiken</w>
  <w>kan</w>
  <w>mycket</w>
  <w>väl</w>
  <w>vara</w>
  <w>väl</w>
  <w>etablerad</w>
  <w>inom</w>
  <w>partiet</w>
  <w>.</w>
</absapar>
<absapar id=4>
  <w>Vad</w>
  <w>tror</w>
  <w>ni</w>
  <w>om</w>
  <w>det</w>
  <w>här</w>
  <w>?</w>
  <w>.</w>
</absapar>
</absadoc>
