<absadoc annotators=1 senti=1>
<absatitle>
  <absaspan id=1>
    <w>Björn</w>
    <w>Mellquist</w>
    <w>(</w>
    <w>Agape</w>
    <w>Varberg</w>
    <w>)</w>
  </absaspan>
  <w>:</w>
  <w>Därför</w>
  <absaspan id=2 senti=4>
    <w>behövs</w>
  </absaspan>
  <absaspan id=3>
    <w>de</w>
    <w>nyanlända</w>
  </absaspan>
  <w>.</w>
</absatitle>
<absapar id=1 senti=2>
  <w>Gamla</w>
  <w>vanliga</w>
  <absaspan id=4 senti=2>
    <w>svamlet</w>
  </absaspan>
  <w>.</w>
  <w>.</w>
  <w>För</w>
  <w>att</w>
  <w>man</w>
  <w>inte</w>
  <w>vill</w>
  <w>ta</w>
  <w>emot</w>
  <w>25</w>
  <w>åriga</w>
  <absaspan id=5 senti=2>
    <w>lyxmigranter</w>
  </absaspan>
  <w>från</w>
  <w>Afghanistan</w>
  <w>som</w>
  <w>utger</w>
  <w>sig</w>
  <w>för</w>
  <w>att</w>
  <w>vara</w>
  <w>17</w>
  <w>.</w>
  <w>Dessa</w>
  <w>är</w>
  <w>dessutom</w>
  <w>kraftigt</w>
  <w>överrepresenterade</w>
  <w>i</w>
  <w>våldtäktsstatistiken</w>
  <w>.</w>
</absapar>
<absapar id=2 senti=1>
  <absaspan id=6 senti=4 irony>
    <w>Tack</w>
  </absaspan>
  <w>för</w>
  <w>att</w>
  <w>våra</w>
  <w>svenska</w>
  <w>kvinnor</w>
  <w>inte</w>
  <w>längre</w>
  <w>kan</w>
  <w>gå</w>
  <w>ut</w>
  <w>själva</w>
  <w>på</w>
  <w>kvällen</w>
  <w>utan</w>
  <w>att</w>
  <w>få</w>
  <w>smaka</w>
  <w>på</w>
  <w>mångkulturen</w>
  <w>,</w>
  <absaspan id=7 senti=1>
    <w>den</w>
  </absaspan>
  <absaspan id=8 senti=1>
    <w>skulden</w>
    <w>kan</w>
  </absaspan>
  <absaspan id=9>
    <w>folk</w>
    <w>som</w>
    <w>Björn</w>
  </absaspan>
  <absaspan id=10 senti=1>
    <w>ta</w>
    <w>på</w>
    <w>sig</w>
  </absaspan>
  <w>.</w>
</absapar>
<absapar id=3 senti=1>
  <w>Kan</w>
  <w>bero</w>
  <w>på</w>
  <w>att</w>
  <w>era</w>
  <w>påhittade</w>
  <w>lögner</w>
  <w>om</w>
  <w>"</w>
  <w>ett</w>
  <w>Sverige</w>
  <w>som</w>
  <w>tar</w>
  <w>emot</w>
  <w>invandrare</w>
  <w>blomstrar</w>
  <w>"</w>
  <w>är</w>
  <w>bevisade</w>
  <w>sen</w>
  <w>längesen</w>
  <w>när</w>
  <w>det</w>
  <w>i</w>
  <w>själva</w>
  <w>verket</w>
  <w>är</w>
  <w>tvärtom</w>
  <w>.</w>
  <w>Kolla</w>
  <w>Malmö</w>
  <w>&</w>
  <w>Södertälje</w>
  <w>,</w>
  <w>eller</w>
  <w>vilken</w>
  <w>annan</w>
  <w>kommun</w>
  <w>som</w>
  <w>helst</w>
  <w>som</w>
  <w>tagit</w>
  <w>emot</w>
  <w>många</w>
  <w>flyktingar</w>
  <w>.</w>
</absapar>
<absapar id=4 senti=1>
  <w>Lägg</w>
  <w>där</w>
  <w>till</w>
  <w>kostnaden</w>
  <w>för</w>
  <w>rättsväsendet</w>
  <w>&</w>
  <w>sjukvården</w>
  <w>för</w>
  <w>att</w>
  <absaspan id=11>
    <w>era</w>
    <w>"</w>
    <w>flyktingbarn</w>
    <w>"</w>
  </absaspan>
  <absaspan id=12 senti=2>
    <w>inte</w>
    <w>kan</w>
    <w>hålla</w>
    <w>händerna</w>
    <w>i</w>
    <w>styr</w>
  </absaspan>
  <w>.</w>
  <w>Våldtäkter</w>
  <w>,</w>
  <w>skjutningar</w>
  <w>&</w>
  <w>handgranater</w>
  <w>har</w>
  <w>blivit</w>
  <w>vardag</w>
  <w>,</w>
  <absaspan id=13 senti=5 irony>
    <w>tack</w>
    <w>för</w>
    <w>det</w>
    <w>,</w>
    <w>verkligen</w>
  </absaspan>
  <w>!</w>
  <w>.</w>
</absapar>
<absapar id=5 senti=2>
  <w>Hur</w>
  <w>löser</w>
  <w>du</w>
  <w>det</w>
  <w>med</w>
  <w>att</w>
  <w>ta</w>
  <w>emot</w>
  <absaspan id=14 senti=2>
    <w>åldersfuskande</w>
  </absaspan>
  <absaspan id=15 senti=2>
    <w>"</w>
    <w>flyktingbarn</w>
    <w>"</w>
  </absaspan>
  <w>från</w>
  <w>Syrien</w>
  <w>&</w>
  <w>Afghanistan</w>
  <w>utan</w>
  <w>utbildning</w>
  <w>?</w>
  <w>.</w>
</absapar>
<absapar id=6 senti=2>
  <w>Jag</w>
  <w>undrar</w>
  <w>hur</w>
  <w>många</w>
  <absaspan id=16 senti=2>
    <w>"</w>
    <w>flyktingbarn</w>
    <w>"</w>
  </absaspan>
  <w>Björn</w>
  <w>Mellquist</w>
  <w>har</w>
  <w>öppnat</w>
  <w>sitt</w>
  <w>hem</w>
  <w>för</w>
  <w>?</w>
  <w>.</w>
</absapar>
<absapar id=7>
  <w>Era</w>
  <w>åsikter</w>
  <w>?</w>
  <w>.</w>
</absapar>
<absapar id=8 senti=1>
  <w>Ska</w>
  <w>ni</w>
  <w>öppna</w>
  <w>era</w>
  <w>hem</w>
  <w>för</w>
  <absaspan id=17 senti=4 irony>
    <w>ett</w>
    <w>stackars</w>
  </absaspan>
  <absaspan id=18>
    <w>flyktingbarn</w>
  </absaspan>
  <w>?</w>
  <w>.</w>
</absapar>
<absapar id=9>
  <w>Håller</w>
  <w>ni</w>
  <w>med</w>
  <w>Björn</w>
  <w>?</w>
  <w>.</w>
</absapar>
</absadoc>
