<absadoc annotators=1 senti=>
<absatitle>
  <w>Åtgärder</w>
  <w>mot</w>
  <w>koldioxid</w>
  <w>slösar</w>
  <w>bort</w>
  <w>vårt</w>
  <w>välstånd</w>
  <w>.</w>
</absatitle>
<absapar id=1>
  <w>Blir</w>
  <absaspan id=1>
    <w>klimatmötet</w>
    <w>i</w>
    <w>Köpenhamn</w>
  </absaspan>
  <w>i</w>
  <w>december</w>
  <w>ett</w>
  <w>av</w>
  <w>vår</w>
  <w>tids</w>
  <w>största</w>
  <w>politiska</w>
  <absaspan id=2 senti=2>
    <w>fiaskon</w>
  </absaspan>
  <w>?</w>
  <w>Att</w>
  <w>man</w>
  <w>tror</w>
  <w>sig</w>
  <w>kunna</w>
  <w>styra</w>
  <w>klimatet</w>
  <w>(</w>
  <w>tvågradersmålet</w>
  <w>)</w>
  <w>bygger</w>
  <w>på</w>
  <w>en</w>
  <w>illusion</w>
  <w>utan</w>
  <w>sund</w>
  <w>vetenskaplig</w>
  <w>grund</w>
  <w>.</w>
</absapar>
<absapar id=2>
  <w>Det</w>
  <w>här</w>
  <w>är</w>
  <w>en</w>
  <w>argumenterande</w>
  <w>text</w>
  <w>med</w>
  <w>syfte</w>
  <w>att</w>
  <w>påverka</w>
  <w>.</w>
  <w>Åsikterna</w>
  <w>som</w>
  <w>uttrycks</w>
  <w>är</w>
  <w>skribentens</w>
  <w>egna</w>
  <w>.</w>
</absapar>
<absapar id=3>
  <w>I</w>
  <w>drygt</w>
  <w>20</w>
  <w>år</w>
  <w>har</w>
  <w>en</w>
  <w>grupp</w>
  <w>forskare</w>
  <w>med</w>
  <w>anknytning</w>
  <w>till</w>
  <w>FN</w>
  <w>:</w>
  <w>s</w>
  <w>klimatpanel</w>
  <w>IPCC</w>
  <w>,</w>
  <w>men</w>
  <w>framför</w>
  <w>allt</w>
  <absaspan id=3>
    <w>politiker</w>
    <w>och</w>
    <w>media</w>
    <w>världen</w>
    <w>över</w>
  </absaspan>
  <w>,</w>
  <w>spritt</w>
  <w>uppfattningen</w>
  <w>att</w>
  <w>atmosfäriska</w>
  <w>koldioxidtillskott</w>
  <w>från</w>
  <w>användning</w>
  <w>av</w>
  <w>fossila</w>
  <w>bränslen</w>
  <w>kommer</w>
  <w>att</w>
  <w>leda</w>
  <w>till</w>
  <w>en</w>
  <absaspan id=4 senti=2>
    <w>global</w>
    <w>klimatkatastrof</w>
  </absaspan>
  <w>.</w>
  <w>Idag</w>
  <w>hävdar</w>
  <w>man</w>
  <w>att</w>
  <w>detta</w>
  <w>som</w>
  <w>ett</w>
  <w>faktum</w>
  <w>som</w>
  <w>står</w>
  <w>bortom</w>
  <w>all</w>
  <w>diskussion</w>
  <w>.</w>
  <w>Detta</w>
  <w>får</w>
  <w>överhuvudtaget</w>
  <w>inte</w>
  <w>ifrågasättas</w>
  <w>.</w>
  <w>De</w>
  <w>politiska</w>
  <w>frågorna</w>
  <w>handlar</w>
  <w>om</w>
  <w>vilka</w>
  <w>åtgärder</w>
  <w>som</w>
  <w>ska</w>
  <w>vidtas</w>
  <w>för</w>
  <w>att</w>
  <w>omedelbart</w>
  <w>begränsa</w>
  <w>utsläppen</w>
  <w>.</w>
</absapar>
<absapar id=4>
  <w>Samtidigt</w>
  <w>har</w>
  <w>jordens</w>
  <w>temperatur</w>
  <w>inte</w>
  <w>stigit</w>
  <w>på</w>
  <w>mer</w>
  <w>än</w>
  <w>ett</w>
  <w>decennium</w>
  <w>,</w>
  <w>och</w>
  <w>det</w>
  <w>saknas</w>
  <w>fort</w>
  <w>-</w>
  <w>farande</w>
  <w>vetenskaplig</w>
  <w>grund</w>
  <w>för</w>
  <w>att</w>
  <w>koppla</w>
  <w>koldioxid</w>
  <w>från</w>
  <w>fossila</w>
  <w>källor</w>
  <w>till</w>
  <w>en</w>
  <w>avgörande</w>
  <w>klimatpåverkan</w>
  <w>.</w>
  <w>Ny</w>
  <w>forskning</w>
  <w>,</w>
  <w>baserad</w>
  <w>på</w>
  <w>verkliga</w>
  <w>observationer</w>
  <w>snarare</w>
  <w>än</w>
  <w>modeller</w>
  <w>,</w>
  <w>försvagar</w>
  <w>ytter-ligare</w>
  <w>hypoteser</w>
  <w>i</w>
  <w>denna</w>
  <w>riktning</w>
  <w>.</w>
  <w>Hela</w>
  <w>inriktningen</w>
  <w>av</w>
  <w>dagens</w>
  <w>politik</w>
  <w>måste</w>
  <w>därför</w>
  <w>omprövas</w>
  <w>.</w>
</absapar>
<absapar id=5>
  <w>Mänsklighetens</w>
  <w>energiförsörjning</w>
  <w>är</w>
  <w>till</w>
  <w>80</w>
  <w>procent</w>
  <w>beroende</w>
  <w>av</w>
  <w>fossila</w>
  <w>bränslen</w>
  <w>.</w>
  <w>Effektiva</w>
  <w>och</w>
  <w>pålitliga</w>
  <w>energikällor</w>
  <w>har</w>
  <w>möjliggjort</w>
  <w>det</w>
  <w>moderna</w>
  <w>samhällsbygget</w>
  <w>och</w>
  <w>kommer</w>
  <w>även</w>
  <w>i</w>
  <w>framtiden</w>
  <w>att</w>
  <w>vara</w>
  <w>helt</w>
  <w>avgörande</w>
  <w>för</w>
  <w>hållbarhet</w>
  <w>,</w>
  <w>miljö</w>
  <w>och</w>
  <w>välfärd</w>
  <w>.</w>
  <w>Men</w>
  <w>nu</w>
  <w>diskuteras</w>
  <w>globala</w>
  <w>avtal</w>
  <w>för</w>
  <w>att</w>
  <w>kontrollera</w>
  <w>både</w>
  <w>energikällor</w>
  <w>och</w>
  <w>deras</w>
  <w>marknader</w>
  <w>.</w>
  <w>Precis</w>
  <w>som</w>
  <w>andra</w>
  <w>planekonomiska</w>
  <w>åtgärder</w>
  <w>kommer</w>
  <w>detta</w>
  <w>att</w>
  <w>ha</w>
  <w>en</w>
  <w>förödande</w>
  <w>inverkan</w>
  <w>på</w>
  <w>såväl</w>
  <w>ekonomi</w>
  <w>som</w>
  <w>miljö</w>
  <w>.</w>
</absapar>
<absapar id=6>
  <absaspan id=5>
    <w>De</w>
    <w>åtgärder</w>
    <w>som</w>
    <w>redan</w>
    <w>vidtagits</w>
  </absaspan>
  <w>har</w>
  <absaspan id=6 senti=2>
    <w>orsakat</w>
    <w>fattigdom</w>
    <w>,</w>
    <w>svält</w>
    <w>och</w>
    <w>miljöförstöring</w>
  </absaspan>
  <w>.</w>
  <w>Ett</w>
  <w>exempel</w>
  <w>är</w>
  <w>de</w>
  <absaspan id=7 senti=2>
    <w>ogenomtänkta</w>
    <w>satsningarna</w>
  </absaspan>
  <w>på</w>
  <w>biobränslen</w>
  <w>som</w>
  <w>orsakar</w>
  <w>stigande</w>
  <w>livsmedelspriser</w>
  <w>och</w>
  <w>skogsskövling</w>
  <w>.</w>
  <w>Det</w>
  <w>står</w>
  <w>klart</w>
  <w>att</w>
  <w>övriga</w>
  <w>planerade</w>
  <w>åtgärder</w>
  <w>kommer</w>
  <w>att</w>
  <w>förvärra</w>
  <w>dessa</w>
  <w>skador</w>
  <w>.</w>
  <w>En</w>
  <absaspan id=8 senti=2>
    <w>påtvingad</w>
    <w>,</w>
    <w>förhastad</w>
  </absaspan>
  <absaspan id=9 senti=2>
    <w>övergång</w>
  </absaspan>
  <absaspan id=10 senti=2>
    <w>till</w>
    <w>ineffektiva</w>
    <w>och</w>
    <w>skattesubventionerade</w>
  </absaspan>
  <absaspan id=11>
    <w>energikällor</w>
  </absaspan>
  <w>medför</w>
  <w>ett</w>
  <absaspan id=12 senti=2>
    <w>oerhört</w>
    <w>slöseri</w>
  </absaspan>
  <w>med</w>
  <w>resurser</w>
  <w>.</w>
</absapar>
<absapar id=7>
  <w>Det</w>
  <w>är</w>
  <w>hög</w>
  <w>tid</w>
  <w>att</w>
  <w>ompröva</w>
  <w>politiken</w>
  <w>.</w>
  <w>Inrikta</w>
  <w>den</w>
  <w>på</w>
  <w>ökad</w>
  <w>tillväxt</w>
  <w>,</w>
  <w>ny</w>
  <w>effektiv</w>
  <w>energi</w>
  <w>och</w>
  <absaspan id=13 senti=4>
    <w>förbättrad</w>
    <w>miljö</w>
  </absaspan>
  <w>.</w>
  <w>Låt</w>
  <w>bli</w>
  <w>att</w>
  <absaspan id=14 senti=2>
    <w>slösa</w>
    <w>bort</w>
  </absaspan>
  <w>vårt</w>
  <w>välstånd</w>
  <w>på</w>
  <w>meningslösa</w>
  <w>åtgärder</w>
  <w>mot</w>
  <w>koldioxid</w>
  <absaspan id=15>
    <w>.</w>
  </absaspan>
  <w>Politisk</w>
  <w>handling</w>
  <w>bör</w>
  <w>baseras</w>
  <w>på</w>
  <w>vad</w>
  <w>vi</w>
  <w>vet</w>
  <w>fungerar</w>
  <w>snarare</w>
  <w>än</w>
  <w>på</w>
  <w>lösa</w>
  <w>spekulationer</w>
  <w>.</w>
  <w>Att</w>
  <w>allt</w>
  <w>fler</w>
  <w>är</w>
  <w>ense</w>
  <w>om</w>
  <w>detta</w>
  <w>visar</w>
  <w>vårt</w>
  <w>upprop</w>
  <w>på</w>
  <w>vårhemsida</w>
  <w>.</w>
</absapar>
<absapar id=8>
  <w>Skräddarsydda</w>
  <w>kurser</w>
  <w>i</w>
  <w>ämnen</w>
  <w>som</w>
  <w>intresserar</w>
  <w>och</w>
  <w>engagerar</w>
  <w>både</w>
  <w>kropp</w>
  <w>och</w>
  <w>själ</w>
  <w>.</w>
</absapar>
<absapar id=9>
  <w>GÖRAN</w>
  <w>AHLGREN</w>
  <w>.</w>
</absapar>
<absapar id=10>
  <w>generalsekreterare</w>
  <w>Stockholmsinitiativet</w>
  <w>.</w>
</absapar>
<absapar id=11>
  <w>Redaktör</w>
  <w>:</w>
  <w>Carina</w>
  <w>Stensson</w>
  <w>,</w>
  <w>Biträdande</w>
  <w>redaktör</w>
  <w>:</w>
  <w>Björn</w>
  <w>Jorner</w>
  <w>,</w>
  <w>Mejl</w>
  <w>:</w>
  <w>debatt</w>
  <w>@</w>
  <w>svd.se</w>
  <w>,</w>
  <w>Telefonnummer</w>
  <w>:</w>
  <w>08</w>
  <w>-</w>
  <w>135149</w>
  <w>,</w>
  <w>Twitter</w>
  <w>:</w>
  <w>@</w>
  <w>SvDDebatt</w>
  <w>,</w>
  <w>Facebook</w>
  <w>:</w>
  <w>SvD</w>
  <w>Debatt</w>
  <w>.</w>
</absapar>
</absadoc>
