<absadoc annotators=1 senti=5>
<absatitle>
  <w>Svenska</w>
  <w>värderingar</w>
  <w>–</w>
  <w>det</w>
  <w>är</w>
  <w>tid</w>
  <w>att</w>
  <w>välja</w>
  <w>.</w>
</absatitle>
<absapar id=1>
  <absaspan id=1>
    <w>Många</w>
    <w>debattörer</w>
    <w>och</w>
    <w>en</w>
    <w>rad</w>
    <w>partier</w>
  </absaspan>
  <w>,</w>
  <w>som</w>
  <w>till</w>
  <w>exempel</w>
  <absaspan id=2>
    <w>M</w>
  </absaspan>
  <w>,</w>
  <absaspan id=3>
    <w>KD</w>
  </absaspan>
  <w>,</w>
  <absaspan id=4>
    <w>SD</w>
  </absaspan>
  <w>och</w>
  <absaspan id=5>
    <w>S</w>
  </absaspan>
  <w>,</w>
  <absaspan id=6 senti=5>
    <w>försöker</w>
    <w>slå</w>
    <w>vakt</w>
    <w>om</w>
  </absaspan>
  <absaspan id=7>
    <w>svensk</w>
    <w>kultur</w>
  </absaspan>
  <absaspan id=8>
    <w>och</w>
  </absaspan>
  <absaspan id=9>
    <w>svenska</w>
    <w>värderingar</w>
  </absaspan>
  <w>,</w>
  <absaspan id=10 senti=2>
    <w>luddiga</w>
    <w>begrepp</w>
  </absaspan>
  <w>som</w>
  <w>de</w>
  <w>betraktar</w>
  <w>från</w>
  <w>olika</w>
  <w>utgångspunkter</w>
  <w>och</w>
  <w>inte</w>
  <w>själva</w>
  <w>har</w>
  <w>definierat</w>
  <w>.</w>
</absapar>
<absapar id=2>
  <w>Men</w>
  <w>vad</w>
  <w>är</w>
  <w>svensk</w>
  <w>kultur</w>
  <w>?</w>
  <w>Och</w>
  <w>vilket</w>
  <w>århundrade</w>
  <w>ska</w>
  <w>vi</w>
  <w>hänvisa</w>
  <w>till</w>
  <w>för</w>
  <w>att</w>
  <w>hitta</w>
  <w>den</w>
  <w>svenska</w>
  <w>kulturen</w>
  <w>som</w>
  <w>bör</w>
  <w>bevaras</w>
  <w>?</w>
  <w>.</w>
</absapar>
<absapar id=3>
  <w>Låt</w>
  <w>oss</w>
  <w>göra</w>
  <w>några</w>
  <w>nedslag</w>
  <w>i</w>
  <w>historien</w>
  <w>för</w>
  <w>att</w>
  <w>söka</w>
  <w>efter</w>
  <absaspan id=11 senti=4>
    <w>det</w>
    <w>som</w>
    <w>passar</w>
    <w>bäst</w>
  </absaspan>
  <w>i</w>
  <w>”</w>
  <w>svensk-kultur-förespråkarnas</w>
  <w>”</w>
  <w>värld</w>
  <w>.</w>
</absapar>
<absapar id=4 senti=3>
  <w>På</w>
  <w>900</w>
  <w>-</w>
  <w>talet</w>
  <w>kristnades</w>
  <w>Sverige</w>
  <w>:</w>
  <w>en</w>
  <w>ny</w>
  <w>religion</w>
  <w>kom</w>
  <w>med</w>
  <w>ursprung</w>
  <w>i</w>
  <w>Mellanöstern</w>
  <w>.</w>
  <w>Vi</w>
  <w>undrar</w>
  <w>om</w>
  <w>Jesus</w>
  <w>hade</w>
  <w>fått</w>
  <w>asyl</w>
  <w>i</w>
  <w>Sverige</w>
  <w>med</w>
  <w>dagens</w>
  <w>asylregler</w>
  <w>.</w>
  <w>Förmodligen</w>
  <w>ett</w>
  <w>tillfälligt</w>
  <w>sådant</w>
  <w>med</w>
  <w>begränsad</w>
  <w>familjeåterförening</w>
  <w>.</w>
</absapar>
<absapar id=5>
  <w>Under</w>
  <w>1000</w>
  <w>-</w>
  <w>och</w>
  <w>1100</w>
  <w>-</w>
  <w>talet</w>
  <w>skrev</w>
  <w>man</w>
  <w>med</w>
  <w>runor</w>
  <w>men</w>
  <w>de</w>
  <w>lärda</w>
  <w>i</w>
  <w>kyrkan</w>
  <w>använde</w>
  <w>också</w>
  <w>latin</w>
  <w>.</w>
  <w>Så</w>
  <w>småningom</w>
  <w>trängdes</w>
  <w>runorna</w>
  <w>ut</w>
  <w>och</w>
  <w>ersattes</w>
  <w>helt</w>
  <w>av</w>
  <w>det</w>
  <w>latinska</w>
  <w>alfabetet</w>
  <w>.</w>
  <w>Anser</w>
  <w>”</w>
  <w>svensk-kultur</w>
  <w>-</w>
  <w>förespråkarna</w>
  <w>”</w>
  <w>att</w>
  <w>vi</w>
  <w>ska</w>
  <w>återinföra</w>
  <w>runorna</w>
  <w>i</w>
  <w>Sverige</w>
  <w>eller</w>
  <w>är</w>
  <w>de</w>
  <w>med</w>
  <w>på</w>
  <w>att</w>
  <w>vi</w>
  <w>använder</w>
  <w>latinska</w>
  <w>bokstäver</w>
  <w>,</w>
  <w>som</w>
  <w>i</w>
  <w>grunden</w>
  <w>är</w>
  <w>en</w>
  <w>import</w>
  <w>från</w>
  <w>Medelhavsområdet</w>
  <w>?</w>
  <w>Och</w>
  <w>hur</w>
  <w>gör</w>
  <w>vi</w>
  <w>med</w>
  <w>siffrorna</w>
  <w>,</w>
  <w>som</w>
  <w>faktiskt</w>
  <w>är</w>
  <w>arabiska</w>
  <w>?</w>
  <w>.</w>
</absapar>
<absapar id=6>
  <w>#</w>
  <w>P</w>
  <absaspan id=12 senti=3>
    <w>IMM</w>
  </absaspan>
  <w>.</w>
  <w>1500</w>
  <w>-</w>
  <w>talet</w>
  <w>var</w>
  <w>en</w>
  <w>tid</w>
  <w>då</w>
  <w>tyska</w>
  <w>invandrare</w>
  <w>dominerade</w>
  <w>i</w>
  <w>Stockholm</w>
  <w>och</w>
  <w>det</w>
  <w>talades</w>
  <w>lika</w>
  <w>mycket</w>
  <w>tyska</w>
  <w>som</w>
  <w>svenska</w>
  <w>på</w>
  <w>gatorna</w>
  <w>.</w>
  <w>Den</w>
  <w>lutherska</w>
  <w>reformationen</w>
  <w>,</w>
  <w>som</w>
  <w>också</w>
  <w>kom</w>
  <w>från</w>
  <w>Tyskland</w>
  <w>,</w>
  <w>förändrade</w>
  <w>de</w>
  <w>religiösa</w>
  <w>sederna</w>
  <w>i</w>
  <w>svenska</w>
  <w>riket</w>
  <w>,</w>
  <w>och</w>
  <w>blev</w>
  <w>svensk</w>
  <w>statsreligion</w>
  <w>.</w>
  <w>Ingår</w>
  <w>den</w>
  <w>lutherska</w>
  <w>tron</w>
  <w>i</w>
  <w>den</w>
  <w>svenska</w>
  <w>kulturen</w>
  <w>?</w>
  <w>Trots</w>
  <w>att</w>
  <w>den</w>
  <w>importerades</w>
  <w>från</w>
  <w>utlandet</w>
  <w>på</w>
  <w>1500</w>
  <w>-</w>
  <w>talet</w>
  <w>?</w>
  <w>.</w>
</absapar>
<absapar id=7 senti=3>
  <w>Under</w>
  <w>1600</w>
  <w>-</w>
  <w>talet</w>
  <w>var</w>
  <w>Sverige</w>
  <w>en</w>
  <w>stormakt</w>
  <w>och</w>
  <w>innefattade</w>
  <w>stora</w>
  <w>delar</w>
  <w>av</w>
  <w>Baltikum</w>
  <w>och</w>
  <w>norra</w>
  <w>Tyskland</w>
  <w>.</w>
  <w>Det</w>
  <w>var</w>
  <w>en</w>
  <w>tid</w>
  <w>då</w>
  <w>Sverige</w>
  <w>aktivt</w>
  <w>rekryterade</w>
  <w>expertkompetens</w>
  <w>utomlands</w>
  <w>,</w>
  <w>till</w>
  <w>exempel</w>
  <w>valloner</w>
  <w>som</w>
  <w>bidrog</w>
  <w>med</w>
  <w>teknik</w>
  <w>som</w>
  <w>gjorde</w>
  <w>krigen</w>
  <w>och</w>
  <w>stormakten</w>
  <w>möjlig</w>
  <w>.</w>
  <w>Om</w>
  <w>svensk</w>
  <w>kultur</w>
  <w>skulle</w>
  <w>definieras</w>
  <w>från</w>
  <w>1600</w>
  <w>-</w>
  <w>talets</w>
  <w>horisont</w>
  <w>skulle</w>
  <w>vi</w>
  <w>få</w>
  <w>införa</w>
  <w>fler</w>
  <w>officiella</w>
  <w>språk</w>
  <w>än</w>
  <w>de</w>
  <w>vi</w>
  <w>har</w>
  <w>i</w>
  <w>dag</w>
  <w>.</w>
</absapar>
<absapar id=8>
  <w>#</w>
  <w>P</w>
  <w>IMM</w>
  <w>.</w>
  <w>1800</w>
  <w>-</w>
  <w>talet</w>
  <w>och</w>
  <w>det</w>
  <w>tidiga</w>
  <w>1900</w>
  <w>-</w>
  <w>talet</w>
  <w>är</w>
  <w>den</w>
  <w>tid</w>
  <w>då</w>
  <w>man</w>
  <w>började</w>
  <w>prata</w>
  <w>om</w>
  <w>en</w>
  <w>”</w>
  <w>genuin</w>
  <w>svensk</w>
  <w>kultur</w>
  <w>”</w>
  <w>:</w>
  <w>den</w>
  <w>tid</w>
  <w>då</w>
  <absaspan id=13>
    <w>nationalismen</w>
  </absaspan>
  <absaspan id=14 senti=5>
    <w>frodades</w>
  </absaspan>
  <absaspan id=15>
    <w>.</w>
  </absaspan>
</absapar>
<absapar id=9>
  <absaspan id=16>
    <w>Man</w>
  </absaspan>
  <absaspan id=17 senti=5>
    <w>hyllade</w>
  </absaspan>
  <absaspan id=18>
    <w>det</w>
    <w>som</w>
    <w>då</w>
    <w>definierades</w>
    <w>som</w>
    <w>svensk</w>
    <w>kultur</w>
    <w>och</w>
    <w>natur</w>
  </absaspan>
  <w>.</w>
  <w>Folkmusiken</w>
  <w>återupptäcktes</w>
  <w>och</w>
  <w>nedtecknades</w>
  <w>och</w>
  <w>bilden</w>
  <w>av</w>
  <w>Sverige</w>
  <w>målades</w>
  <w>av</w>
  <w>konstnärer</w>
  <w>som</w>
  <w>Bruno</w>
  <w>Liljefors</w>
  <w>,</w>
  <w>John</w>
  <w>Bauer</w>
  <w>och</w>
  <w>Carl</w>
  <w>Larsson</w>
  <w>.</w>
  <w>Det</w>
  <w>man</w>
  <w>då</w>
  <w>trodde</w>
  <w>var</w>
  <w>genuint</w>
  <w>svenskt</w>
  <w>,</w>
  <w>nedärvt</w>
  <w>genom</w>
  <w>generationer</w>
  <w>av</w>
  <w>svenska</w>
  <w>odalbönder</w>
  <w>,</w>
  <w>har</w>
  <w>dock</w>
  <w>senare</w>
  <w>visat</w>
  <w>sig</w>
  <w>vara</w>
  <w>av</w>
  <w>mer</w>
  <w>blandat</w>
  <w>ursprung</w>
  <w>.</w>
</absapar>
<absapar id=10>
  <w>Ta</w>
  <w>musiken</w>
  <w>till</w>
  <w>exempel</w>
  <w>.</w>
  <w>Det</w>
  <w>som</w>
  <w>kallas</w>
  <w>svensk</w>
  <w>folkmusik</w>
  <w>har</w>
  <w>starka</w>
  <w>influenser</w>
  <w>från</w>
  <w>Polen</w>
  <w>,</w>
  <w>Ryssland</w>
  <w>,</w>
  <w>Östeuropa</w>
  <w>,</w>
  <w>Tyskland</w>
  <w>,</w>
  <w>Irland</w>
  <w>,</w>
  <w>England</w>
  <w>och</w>
  <w>Italien</w>
  <w>.</w>
  <w>Är</w>
  <w>det</w>
  <w>den</w>
  <w>svenska</w>
  <w>kulturen</w>
  <w>som</w>
  <w>uppfanns</w>
  <w>av</w>
  <w>och</w>
  <w>hyllades</w>
  <w>av</w>
  <w>nationalromantikerna</w>
  <w>i</w>
  <w>början</w>
  <w>av</w>
  <w>1900</w>
  <w>-</w>
  <w>talet</w>
  <w>som</w>
  <w>man</w>
  <w>vill</w>
  <w>bevara</w>
  <w>?</w>
  <w>Och</w>
  <w>om</w>
  <w>det</w>
  <w>är</w>
  <w>så</w>
  <w>,</w>
  <w>hur</w>
  <w>förhåller</w>
  <w>de</w>
  <w>sig</w>
  <w>då</w>
  <w>till</w>
  <w>att</w>
  <w>vi</w>
  <w>i</w>
  <w>dag</w>
  <w>vet</w>
  <w>att</w>
  <w>den</w>
  <w>inte</w>
  <w>alls</w>
  <w>är</w>
  <w>enbart</w>
  <w>svensk</w>
  <w>?</w>
  <w>.</w>
</absapar>
<absapar id=11 senti=5>
  <w>Med</w>
  <w>de</w>
  <w>här</w>
  <w>nedslagen</w>
  <w>i</w>
  <w>historien</w>
  <w>vill</w>
  <w>vi</w>
  <w>påminna</w>
  <w>om</w>
  <w>att</w>
  <w>det</w>
  <w>land</w>
  <w>vi</w>
  <w>lever</w>
  <w>i</w>
  <w>idag</w>
  <w>är</w>
  <w>en</w>
  <w>produkt</w>
  <w>av</w>
  <w>förändring</w>
  <w>,</w>
  <w>resultatet</w>
  <w>av</w>
  <w>rörelser</w>
  <w>in</w>
  <w>och</w>
  <w>ut</w>
  <w>ur</w>
  <w>landet</w>
  <w>,</w>
  <w>rörelser</w>
  <w>av</w>
  <w>människor</w>
  <w>,</w>
  <w>varor</w>
  <w>och</w>
  <w>idéer</w>
  <w>.</w>
</absapar>
<absapar id=12 senti=5>
  <w>Utan</w>
  <w>de</w>
  <w>rörelserna</w>
  <w>hade</w>
  <w>vi</w>
  <w>inget</w>
  <w>Sverige</w>
  <w>.</w>
  <w>Om</w>
  <w>vi</w>
  <w>ska</w>
  <w>bevara</w>
  <w>det</w>
  <w>svenska</w>
  <w>är</w>
  <w>det</w>
  <w>alltså</w>
  <w>rörligheten</w>
  <w>,</w>
  <w>öppenheten</w>
  <w>och</w>
  <w>de</w>
  <w>ständiga</w>
  <w>kulturmötena</w>
  <w>vi</w>
  <w>ska</w>
  <w>bevara</w>
  <w>.</w>
  <w>Visst</w>
  <w>finns</w>
  <w>det</w>
  <w>svensk</w>
  <w>kultur</w>
  <w>,</w>
  <w>japansk</w>
  <w>kultur</w>
  <w>,</w>
  <w>libanesisk</w>
  <w>kultur</w>
  <w>och</w>
  <w>så</w>
  <w>vidare</w>
  <w>.</w>
  <w>Vår</w>
  <w>utgångspunkt</w>
  <w>är</w>
  <w>att</w>
  <w>kultur</w>
  <w>är</w>
  <w>en</w>
  <w>produkt</w>
  <w>av</w>
  <w>människors</w>
  <w>,</w>
  <w>varors</w>
  <w>och</w>
  <w>idéers</w>
  <w>rörelser</w>
  <w>.</w>
</absapar>
<absapar id=13>
  <w>Vi</w>
  <w>efterfrågar</w>
  <w>ett</w>
  <w>svar</w>
  <w>från</w>
  <w>”</w>
  <w>bevara</w>
  <w>-</w>
  <w>och</w>
  <w>lära</w>
  <w>ut</w>
  <w>svensk-kultur-förespråkarna</w>
  <w>”</w>
  <w>om</w>
  <w>vilket</w>
  <w>århundrade</w>
  <w>eller</w>
  <w>årtionde</w>
  <w>de</w>
  <w>vill</w>
  <w>”</w>
  <w>frysa</w>
  <w>”</w>
  <w>,</w>
  <w>vilken</w>
  <w>traditionell</w>
  <w>svensk</w>
  <w>kultur</w>
  <w>de</w>
  <w>vill</w>
  <w>bevara</w>
  <w>och</w>
  <w>lära</w>
  <w>ut</w>
  <w>.</w>
  <w>Är</w>
  <w>det</w>
  <w>kulturen</w>
  <w>och</w>
  <w>värderingar</w>
  <w>från</w>
  <w>900</w>
  <w>-</w>
  <w>talet</w>
  <w>,</w>
  <w>1500</w>
  <w>-</w>
  <w>talet</w>
  <w>,</w>
  <w>1800</w>
  <w>-</w>
  <w>talet</w>
  <w>eller</w>
  <w>2000</w>
  <w>-</w>
  <w>talet</w>
  <w>?</w>
  <w>.</w>
</absapar>
<absapar id=14 senti=5>
  <w>Om</w>
  <w>vi</w>
  <w>ska</w>
  <w>bevara</w>
  <absaspan id=19 senti=5>
    <w>det</w>
    <w>som</w>
    <w>fört</w>
    <w>Sverige</w>
    <w>framåt</w>
  </absaspan>
  <w>och</w>
  <w>skapat</w>
  <w>dagens</w>
  <w>svenska</w>
  <w>kultur</w>
  <w>och</w>
  <w>värderingar</w>
  <w>är</w>
  <w>det</w>
  <w>snarare</w>
  <absaspan id=20>
    <w>rörligheten</w>
  </absaspan>
  <w>och</w>
  <absaspan id=21>
    <w>öppenheten</w>
  </absaspan>
  <w>vi</w>
  <w>ska</w>
  <w>bevara</w>
  <w>.</w>
  <w>Kultur</w>
  <w>är</w>
  <w>något</w>
  <w>som</w>
  <w>ständigt</w>
  <w>förändras</w>
  <w>,</w>
  <w>inte</w>
  <w>något</w>
  <w>som</w>
  <w>kan</w>
  <w>låsas</w>
  <w>fast</w>
  <w>.</w>
</absapar>
<absapar id=15>
  <w>Därutöver</w>
  <w>utgör</w>
  <w>det</w>
  <w>nationellt</w>
  <w>specifika</w>
  <w>(</w>
  <w>det</w>
  <w>svenska</w>
  <w>,</w>
  <w>libanesiska</w>
  <w>och</w>
  <w>så</w>
  <w>vidare</w>
  <w>)</w>
  <w>bara</w>
  <w>en</w>
  <w>väldigt</w>
  <w>liten</w>
  <w>del</w>
  <w>av</w>
  <w>de</w>
  <w>kulturer</w>
  <w>vi</w>
  <w>lever</w>
  <w>i</w>
  <w>.</w>
  <w>Vi</w>
  <w>kan</w>
  <w>också</w>
  <w>vara</w>
  <w>européer</w>
  <w>,</w>
  <w>kvinnor</w>
  <w>,</w>
  <w>Hammarbyare</w>
  <w>,</w>
  <w>seglare</w>
  <w>eller</w>
  <w>jazzfantaster</w>
  <w>.</w>
  <w>Vi</w>
  <w>finns</w>
  <w>i</w>
  <w>och</w>
  <w>identifierar</w>
  <w>oss</w>
  <w>med</w>
  <w>många</w>
  <w>kulturella</w>
  <w>sammanhang</w>
  <w>som</w>
  <w>inte</w>
  <w>alls</w>
  <w>har</w>
  <w>med</w>
  <w>nationen</w>
  <w>att</w>
  <w>göra</w>
  <w>.</w>
</absapar>
<absapar id=16 senti=5>
  <w>Gemenskap</w>
  <w>och</w>
  <w>segregering</w>
  <w>skapas</w>
  <w>delvis</w>
  <w>av</w>
  <w>faktiska</w>
  <w>skillnader</w>
  <w>–</w>
  <w>som</w>
  <w>var</w>
  <w>människor</w>
  <w>bor</w>
  <w>,</w>
  <w>vad</w>
  <w>vi</w>
  <w>äter</w>
  <w>och</w>
  <w>hur</w>
  <w>vi</w>
  <w>klär</w>
  <w>oss</w>
  <w>–</w>
  <w>men</w>
  <w>framför</w>
  <w>allt</w>
  <w>av</w>
  <w>vilken</w>
  <w>betydelse</w>
  <w>vi</w>
  <w>ger</w>
  <w>skillnader</w>
  <w>,</w>
  <w>det</w>
  <absaspan id=22>
    <w>vill</w>
  </absaspan>
  <w>säga</w>
  <w>om</w>
  <w>vi</w>
  <w>menar</w>
  <w>att</w>
  <absaspan id=23>
    <w>sådana</w>
    <w>skillnader</w>
  </absaspan>
  <absaspan id=24 senti=3>
    <w>gör</w>
    <w>det</w>
    <w>svårt</w>
    <w>för</w>
    <w>oss</w>
    <w>att</w>
    <w>leva</w>
    <w>tillsammans</w>
    <w>eller</w>
    <w>inte</w>
  </absaspan>
  <w>.</w>
  <absaspan id=25>
    <w>Vi</w>
  </absaspan>
  <absaspan id=26 senti=4>
    <w>kan</w>
  </absaspan>
  <w>ju</w>
  <w>lika</w>
  <w>gärna</w>
  <w>,</w>
  <w>om</w>
  <w>vi</w>
  <w>är</w>
  <w>ansvarsfulla</w>
  <w>,</w>
  <absaspan id=27 senti=4>
    <w>ta</w>
  </absaspan>
  <absaspan id=28 senti=4>
    <w>fasta</w>
    <w>på</w>
  </absaspan>
  <absaspan id=29>
    <w>likheter</w>
    <w>människor</w>
    <w>emellan</w>
  </absaspan>
  <w>och</w>
  <w>skapa</w>
  <absaspan id=30>
    <w>en</w>
    <w>gemenskap</w>
  </absaspan>
  <absaspan id=31 senti=4>
    <w>som</w>
    <w>gör</w>
    <w>det</w>
    <w>lättare</w>
    <w>för</w>
    <w>oss</w>
    <w>att</w>
    <w>leva</w>
    <w>tillsammans</w>
  </absaspan>
  <w>.</w>
</absapar>
<absapar id=17>
  <w>Vi</w>
  <w>vänder</w>
  <w>oss</w>
  <w>emot</w>
  <w>dem</w>
  <w>som</w>
  <w>vill</w>
  <w>bevara</w>
  <w>den</w>
  <w>svenska</w>
  <w>kulturen</w>
  <w>genom</w>
  <w>att</w>
  <w>tvinga</w>
  <w>in</w>
  <w>alla</w>
  <w>svenska</w>
  <w>medborgare</w>
  <w>i</w>
  <w>samma</w>
  <w>mall</w>
  <w>,</w>
  <w>den</w>
  <w>man</w>
  <w>kallar</w>
  <w>svensk</w>
  <w>men</w>
  <w>inte</w>
  <w>kan</w>
  <w>definiera</w>
  <w>.</w>
</absapar>
<absapar id=18 senti=5>
  <absaspan id=32 senti=3>
    <w>Vårt</w>
    <w>samhälle</w>
    <w>må</w>
    <w>stå</w>
    <w>inför</w>
    <w>stora</w>
    <w>utmaningar</w>
    <w>på</w>
    <w>grund</w>
    <w>av</w>
  </absaspan>
  <absaspan id=33>
    <w>flyktingsituationen</w>
    <w>och</w>
    <w>globala</w>
    <w>ekonomiska</w>
    <w>kriser</w>
  </absaspan>
  <w>,</w>
  <absaspan id=34 senti=2>
    <w>men</w>
    <w>det</w>
    <w>blir</w>
    <w>inte</w>
    <w>bättre</w>
    <w>av</w>
  </absaspan>
  <absaspan id=35>
    <w>att</w>
    <w>det</w>
    <w>skapas</w>
    <w>motsättningar</w>
    <w>mellan</w>
    <w>olika</w>
    <w>grupper</w>
    <w>inom</w>
    <w>Sverige</w>
  </absaspan>
  <w>.</w>
  <absaspan id=36 senti=5>
    <w>Genom</w>
    <w>historien</w>
    <w>har</w>
    <w>vårt</w>
    <w>land</w>
    <w>har</w>
    <w>lyckats</w>
    <w>omvandlas</w>
    <w>från</w>
    <w>fattigt</w>
    <w>till</w>
    <w>rikt</w>
    <w>genom</w>
  </absaspan>
  <absaspan id=37>
    <w>rörlighet</w>
    <w>,</w>
    <w>öppenhet</w>
    <w>och</w>
    <w>ständiga</w>
    <w>kulturmöten</w>
  </absaspan>
  <w>.</w>
  <w>Vi</w>
  <w>kan</w>
  <w>låta</w>
  <absaspan id=38 senti=5>
    <w>den</w>
    <w>svenska</w>
    <w>kulturens</w>
    <w>styrka</w>
  </absaspan>
  <w>vara</w>
  <w>just</w>
  <w>den</w>
  <absaspan id=39>
    <w>öppenheten</w>
  </absaspan>
  <w>,</w>
  <w>och</w>
  <w>låta</w>
  <w>valet</w>
  <w>av</w>
  <w>musik</w>
  <w>,</w>
  <w>religion</w>
  <w>och</w>
  <w>hemspråk</w>
  <w>vara</w>
  <w>upp</w>
  <w>till</w>
  <w>var</w>
  <w>och</w>
  <w>en</w>
  <w>.</w>
</absapar>
<absapar id=19>
  <w>Mohamad</w>
  <w>Hassan</w>
  <w>,</w>
  <w>kommunalråd</w>
  <w>,</w>
  <w>Uppsala</w>
  <w>(</w>
  <w>L</w>
  <w>)</w>
  <w>.</w>
</absapar>
<absapar id=20>
  <w>Karin</w>
  <w>Hassan</w>
  <w>Jansson</w>
  <w>,</w>
  <w>docent</w>
  <w>i</w>
  <w>historia</w>
  <w>(</w>
  <w>UU</w>
  <w>)</w>
  <w>.</w>
</absapar>
<absapar id=21>
  <w>Häng</w>
  <w>med</w>
  <w>i</w>
  <w>debatten</w>
  <w>och</w>
  <w>kommentera</w>
  <w>artikeln</w>
  <w>–</w>
  <w>följ</w>
  <w>Debatt</w>
  <w>på</w>
  <w>Facebook</w>
  <w>.</w>
</absapar>
</absadoc>
