<absadoc annotators=1 senti=>
<absatitle>
  <w>DN-Ledare</w>
  <w>om</w>
  <w>Islam</w>
  <w>och</w>
  <w>integration</w>
  <w>.</w>
</absatitle>
<absapar id=1>
  <w>Vad</w>
  <w>tycker</w>
  <w>ni</w>
  <w>?</w>
  <w>Själv</w>
  <absaspan id=1 senti=1>
    <w>spyr</w>
    <w>jag</w>
    <w>på</w>
  </absaspan>
  <absaspan id=2>
    <w>de</w>
    <w>sista</w>
    <w>punkterna</w>
  </absaspan>
  <w>.</w>
  <absaspan id=3>
    <w>Religion</w>
  </absaspan>
  <absaspan id=4 senti=1>
    <w>borde</w>
    <w>avskaffas</w>
  </absaspan>
  <w>inte</w>
  <w>stimuleras</w>
  <w>.</w>
</absapar>
</absadoc>
