<absadoc annotators=1 senti=>
<absatitle>
  <w>Miljöpartiet</w>
  <w>har</w>
  <w>en</w>
  <w>Al</w>
  <w>Qaida</w>
  <absaspan id=1 senti=1 target=1>
    <w>terrorists</w>
  </absaspan>
  <w>fru</w>
  <w>(</w>
  <w>Anna</w>
  <w>Sundberg</w>
  <w>)</w>
  <w>som</w>
  <w>aktiv</w>
  <w>politiker</w>
  <w>!</w>
</absatitle>
<absapar id=1>
  <w>Anna</w>
  <w>Sundberg</w>
  <w>är</w>
  <w>aktiv</w>
  <w>i</w>
  <w>Miljöpartiet</w>
  <w>inom</w>
  <w>grundskole</w>
  <w>-</w>
  <w>och</w>
  <w>gymnasienämnen</w>
  <w>.</w>
  <w>Förut</w>
  <w>brukade</w>
  <w>hon</w>
  <w>kalla</w>
  <w>sig</w>
  <w>vid</w>
  <w>sitt</w>
  <w>muslimska</w>
  <w>namn</w>
  <w>Um</w>
  <w>Anas</w>
  <w>och</w>
  <w>var</w>
  <w>gift</w>
  <w>med</w>
  <w>Al-Qaida</w>
  <absaspan id=2 senti=1>
    <w>terroristen</w>
  </absaspan>
  <absaspan id=3>
    <w>Said</w>
    <w>Arif</w>
  </absaspan>
  <w>.</w>
  <w>De</w>
  <w>har</w>
  <w>även</w>
  <w>barn</w>
  <w>tillsammans</w>
  <w>.</w>
  <w>Hennes</w>
  <w>make</w>
  <w>dömdes</w>
  <w>2004</w>
  <w>till</w>
  <w>10</w>
  <w>års</w>
  <w>fängelse</w>
  <w>av</w>
  <w>fransk</w>
  <w>domstol</w>
  <w>för</w>
  <w>förberedelse</w>
  <w>till</w>
  <w>terroristattentat</w>
  <w>mot</w>
  <w>flera</w>
  <w>platser</w>
  <w>i</w>
  <w>Frankrike</w>
  <w>.</w>
  <w>Maken</w>
  <w>Arif</w>
  <w>kan</w>
  <w>även</w>
  <w>kopplas</w>
  <w>till</w>
  <w>ett</w>
  <w>flertal</w>
  <absaspan id=4 senti=1>
    <w>terroristceller</w>
  </absaspan>
  <w>runtom</w>
  <w>i</w>
  <w>Europa</w>
  <w>,</w>
  <w>och</w>
  <w>var</w>
  <w>en</w>
  <w>veteran</w>
  <w>inom</w>
  <w>Al-Qaida</w>
  <w>.</w>
</absapar>
<absapar id=2>
  <w>Said</w>
  <w>Arif</w>
  <w>pekades</w>
  <w>av</w>
  <w>fransk</w>
  <w>domstol</w>
  <w>även</w>
  <w>ut</w>
  <w>att</w>
  <w>vara</w>
  <w>nära</w>
  <w>knuten</w>
  <w>till</w>
  <w>den</w>
  <absaspan id=5 senti=1>
    <w>militanta</w>
    <w>islamisten</w>
  </absaspan>
  <absaspan id=6>
    <w>Abu</w>
    <w>Musab</w>
    <w>al-Zarqaw</w>
  </absaspan>
  <w>som</w>
  <w>låg</w>
  <w>bakom</w>
  <w>ett</w>
  <w>flertal</w>
  <w>bombningar</w>
  <w>och</w>
  <w>dylika</w>
  <absaspan id=7 senti=1>
    <w>terrordåd</w>
  </absaspan>
  <w>under</w>
  <w>Irakkriget</w>
  <w>.</w>
  <w>Även</w>
  <w>Anna</w>
  <w>Sundbergs</w>
  <w>svägerska</w>
  <w>ska</w>
  <w>enligt</w>
  <w>uppgift</w>
  <w>vara</w>
  <w>gift</w>
  <w>med</w>
  <w>en</w>
  <w>dömd</w>
  <absaspan id=8 senti=1>
    <w>terrorist</w>
  </absaspan>
  <absaspan id=9>
    <w>.</w>
  </absaspan>
  <w>Enligt</w>
  <w>uppgifter</w>
  <w>ska</w>
  <w>maken</w>
  <w>Said</w>
  <w>Arif</w>
  <w>ha</w>
  <w>dödats</w>
  <w>i</w>
  <w>ett</w>
  <w>luftangrepp</w>
  <w>från</w>
  <w>den</w>
  <w>USA-ledda</w>
  <w>koalitionen</w>
  <w>i</w>
  <w>våras</w>
  <w>.</w>
  <absaspan id=10 senti=1>
    <w>Chockerande</w>
    <w>nog</w>
  </absaspan>
  <w>så</w>
  <absaspan id=11>
    <w>är</w>
    <w>Anna</w>
    <w>Sundberg</w>
    <w>,</w>
    <w>som</w>
    <w>hon</w>
    <w>numer</w>
    <w>igen</w>
    <w>heter</w>
    <w>,</w>
    <w>aktiv</w>
    <w>i</w>
    <w>Miljöpartiet</w>
    <w>inom</w>
    <w>grundskole</w>
    <w>-</w>
    <w>och</w>
    <w>gymnasienämnden</w>
  </absaspan>
  <w>.</w>
</absapar>
<absapar id=3>
  <w>Undrar</w>
  <w>om</w>
  <w>Mehmet</w>
  <w>Kaplan</w>
  <w>fixade</w>
  <w>in</w>
  <w>henne</w>
  <w>där</w>
  <w>efter</w>
  <w>hennes</w>
  <w>terroristdömde</w>
  <w>Al-Qaida</w>
  <w>make</w>
  <w>dog</w>
  <w>?</w>
  <w>.</w>
</absapar>
<absapar id=4>
  <w>Just</w>
  <w>det</w>
  <w>,</w>
  <w>hon</w>
  <w>är</w>
  <w>gammal</w>
  <w>vän</w>
  <w>med</w>
  <w>vår</w>
  <w>bostadsminister</w>
  <w>.</w>
</absapar>
<absapar id=5>
  <w>#</w>
  <w>P</w>
  <w>IMM</w>
  <w>.</w>
  <w>.</w>
  <w>De</w>
  <w>satt</w>
  <w>tillsammans</w>
  <w>i</w>
  <w>styrelsen</w>
  <w>i</w>
  <w>organisationen</w>
  <w>Charta</w>
  <w>2008</w>
  <w>,</w>
  <w>en</w>
  <w>självutnämnd</w>
  <w></w>
  <w>medborgarrättsrörelse</w>
  <w></w>
  <w>för</w>
  <w>den</w>
  <w>som</w>
  <w>faller</w>
  <w>offer</w>
  <w>för</w>
  <w>kampen</w>
  <w>mot</w>
  <w>terrorismen</w>
  <w>i</w>
  <w>västvärlden</w>
  <w>.</w>
  <w>I</w>
  <w>grund</w>
  <w>och</w>
  <w>botten</w>
  <w>en</w>
  <w>organisation</w>
  <w>som</w>
  <w>ogenerat</w>
  <w>försvarade</w>
  <absaspan id=12 senti=1>
    <w>jihadistiska</w>
    <w>terrorister</w>
  </absaspan>
  <w>och</w>
  <w>verkade</w>
  <w>för</w>
  <w>en</w>
  <w>mjukare</w>
  <w>terrorlagsstiftning</w>
  <w>.</w>
</absapar>
<absapar id=6>
  <w>Under</w>
  <w>tiden</w>
  <w>som</w>
  <w>Kaplan</w>
  <w>satt</w>
  <w>med</w>
  <w>i</w>
  <w>styrelsen</w>
  <w>krävde</w>
  <w>Charta</w>
  <w>2008</w>
  <w>exempelvis</w>
  <w>att</w>
  <w>den</w>
  <w>terrorbrottsdömde</w>
  <w>imamen</w>
  <w>Ali</w>
  <w>Berzengi</w>
  <w>skulle</w>
  <w>benådas</w>
  <w>,</w>
  <w>få</w>
  <w>resning</w>
  <w>och</w>
  <w>permanent</w>
  <w>uppehållstillstånd</w>
  <w>i</w>
  <w>Sverige</w>
  <w>.</w>
</absapar>
<absapar id=7>
  <w>Miljöpartiet</w>
  <w>har</w>
  <w>alltså</w>
  <w>en</w>
  <w>terrorist-fru</w>
  <w>med</w>
  <w>kopplingar</w>
  <w>till</w>
  <w>Al-Qaida</w>
  <w>och</w>
  <w>en</w>
  <w>bostadsminister</w>
  <w>som</w>
  <w>är</w>
  <w>en</w>
  <w>gammal</w>
  <w>vän</w>
  <w>.</w>
  <w>Och</w>
  <w>ändå</w>
  <w>kallas</w>
  <w>SD</w>
  <w>för</w>
  <w>ett</w>
  <w>hot</w>
  <w>mot</w>
  <w>Sverige</w>
  <w>?</w>
  <w>.</w>
</absapar>
<absapar id=8>
  <w>Detta</w>
  <w>är</w>
  <w>hennes</w>
  <w>Twitter</w>
  <w>:</w>
  <w>.</w>
</absapar>
<absapar id=9>
  <w>Och</w>
  <w>detta</w>
  <w>är</w>
  <w>hennes</w>
  <w>sida</w>
  <w>på</w>
  <w>Miljöpartiets</w>
  <w>hemsida</w>
  <w>:</w>
  <w>.</w>
</absapar>
<absapar id=10>
  <w>Källor</w>
  <w>:</w>
  <w>.</w>
</absapar>
</absadoc>
