<absadoc annotators=1 senti=1>
<absatitle>
  <w>MP</w>
  <w>hotar</w>
  <w>med</w>
  <w>mer</w>
  <w>generös</w>
  <w>invandringspolitik</w>
  <w>.</w>
</absatitle>
<absapar id=1>
  <w>INRIKES</w>
  <w>Publicerad</w>
  <w>12</w>
  <w>juni</w>
  <w>.</w>
</absapar>
<absapar id=2>
  <w>Mp</w>
  <w>hotar</w>
  <w>bryta</w>
  <w>samarbete</w>
  <w>med</w>
  <w>s</w>
  <w>.</w>
</absapar>
<absapar id=3>
  <w>Annars</w>
  <w>blir</w>
  <w>det</w>
  <w>inget</w>
  <w>samarbete</w>
  <w>alls</w>
  <w>.</w>
</absapar>
<absapar id=4>
  <w>mellan</w>
  <w>partierna</w>
  <w>vid</w>
  <w>en</w>
  <w>eventuell</w>
  <w>.</w>
</absapar>
<absapar id=5>
  <w>röd-grön</w>
  <w>seger</w>
  <w>i</w>
  <w>valet</w>
  <w>nästa</w>
  <w>år</w>
  <w>.</w>
</absapar>
<absapar id=6>
  <w>Det</w>
  <w>.</w>
</absapar>
<absapar id=7>
  <w>ger</w>
  <w>språkröret</w>
  <w>Maria</w>
  <w>.</w>
</absapar>
<absapar id=8>
  <w>Wetterstrand</w>
  <w>till</w>
  <w>Rapport</w>
  <w>.</w>
  <w>-</w>
  <w>Vi</w>
  <w>kommer</w>
  <w>.</w>
</absapar>
<absapar id=9>
  <w>inte</w>
  <w>att</w>
  <w>kunna</w>
  <w>samarbeta</w>
  <w>med</w>
  <w>social</w>
  <w>-</w>
  <w>.</w>
</absapar>
<absapar id=10>
  <w>demokraterna</w>
  <w>om</w>
  <w>inte</w>
  <w>flykting</w>
  <w>-</w>
  <w>och</w>
  <w>.</w>
</absapar>
<absapar id=11>
  <w>asylpolitiken</w>
  <w>förändras</w>
  <w>,</w>
  <w>säger</w>
  <w>hon</w>
  <w>.</w>
</absapar>
<absapar id=12>
  <w>som</w>
  <w>tar</w>
  <w>.</w>
</absapar>
<absapar id=13>
  <w>betydligt</w>
  <w>större</w>
  <w>ansvar</w>
  <w>för</w>
  <w>framför</w>
  <w>.</w>
</absapar>
<absapar id=14>
  <w>allt</w>
  <w>barns</w>
  <w>situation</w>
  <w>.</w>
</absapar>
<absapar id=15>
  <w>sid</w>
  <w>110</w>
  <w>.</w>
</absapar>
<absapar id=16>
  <w>#</w>
  <w>P</w>
  <w>IMM</w>
  <w>.</w>
  <w>-</w>
  <w>-</w>
  <w>-</w>
  <w>.</w>
</absapar>
<absapar id=17 senti=2>
  <w>Värt</w>
  <w>att</w>
  <w>tänka</w>
  <w>på</w>
  <w>när</w>
  <w>man</w>
  <w>ska</w>
  <w>välja</w>
  <w>i</w>
  <w>valet</w>
  <w>.</w>
  <w>Kommer</w>
  <w>en</w>
  <w>S</w>
  <w>eller</w>
  <w>M-regering</w>
  <w>släppa</w>
  <w>in</w>
  <w>flest</w>
  <w>(</w>
  <w>tävlan</w>
  <w>i</w>
  <w>humanitet</w>
  <w>?</w>
  <w>)</w>
  <w>?</w>
  <w>MP</w>
  <w>är</w>
  <w>skickliga</w>
  <w>att</w>
  <w>utpressa</w>
  <w>,</w>
  <w>tillskillnad</w>
  <w>mot</w>
  <w>V</w>
  <w>,</w>
  <w>och</w>
  <w>kan</w>
  <w>mycket</w>
  <w>väl</w>
  <w>få</w>
  <w>igenom</w>
  <w>denna</w>
  <w>fråga</w>
  <w>.</w>
  <w>Det</w>
  <absaspan id=1 senti=1>
    <w>skulle</w>
    <w>vara</w>
    <w>djupt</w>
    <w>olyckligt</w>
    <w>med</w>
  </absaspan>
  <absaspan id=2>
    <w>ökad</w>
  </absaspan>
  <absaspan id=3 senti=2>
    <w>invällning</w>
  </absaspan>
  <w>,</w>
  <w>ja</w>
  <absaspan id=4 senti=1>
    <w>rentav</w>
    <w>en</w>
    <w>katastrof</w>
  </absaspan>
  <w>,</w>
  <w>eller</w>
  <w>vad</w>
  <w>tycker</w>
  <w>ni</w>
  <w>?</w>
  <w>.</w>
</absapar>
</absadoc>
