<absadoc annotators=1 senti=>
<absatitle>
  <w>Inte</w>
  <w>rimligt</w>
  <w>att</w>
  <w>poliser</w>
  <w>har</w>
  <w>så</w>
  <w>låg</w>
  <w>lön</w>
  <w>.</w>
</absatitle>
<absapar id=1>
  <w>Vi</w>
  <w>vill</w>
  <w>introducera</w>
  <w>en</w>
  <w>ny</w>
  <w>polisiär</w>
  <w>förkortning</w>
  <w>:</w>
  <w>UMF</w>
  <w>.</w>
  <w>Vi</w>
  <w>är</w>
  <w>nämligen</w>
  <w>underbetalda</w>
  <w>,</w>
  <w>missnöjda</w>
  <w>och</w>
  <w>förbannade</w>
  <w>.</w>
  <w>Därför</w>
  <w>kommer</w>
  <w>vi</w>
  <w>poliser</w>
  <w>att</w>
  <w>samlas</w>
  <w>i</w>
  <w>Stockholm</w>
  <w>,</w>
  <w>Göteborg</w>
  <w>och</w>
  <w>på</w>
  <w>andra</w>
  <w>håll</w>
  <w>i</w>
  <w>landet</w>
  <w>den</w>
  <w>5</w>
  <w>oktober</w>
  <w>och</w>
  <w>manifesterar</w>
  <w>vad</w>
  <w>vi</w>
  <w>tycker</w>
  <w>om</w>
  <w>polisers</w>
  <w>löner</w>
  <w>.</w>
  <w>Det</w>
  <w>skriver</w>
  <w>fem</w>
  <w>polisassistenter</w>
  <w>vid</w>
  <w>Södermalmspolisen</w>
  <w>i</w>
  <w>Stockholms</w>
  <w>City</w>
  <w>.</w>
</absapar>
<absapar id=2>
  <w>Vi</w>
  <w>är</w>
  <w>poliser</w>
  <w>.</w>
  <w>"</w>
  <w>Är</w>
  <w>"</w>
  <w>,</w>
  <w>inte</w>
  <w>"</w>
  <w>jobbar</w>
  <w>som</w>
  <w>"</w>
  <w>.</w>
  <w>För</w>
  <w>polis</w>
  <w>är</w>
  <w>något</w>
  <w>man</w>
  <w>är</w>
  <w>dygnet</w>
  <w>runt</w>
  <w>,</w>
  <w>i</w>
  <w>alla</w>
  <w>fall</w>
  <w>när</w>
  <w>allvarligare</w>
  <w>saker</w>
  <w>inträffar</w>
  <w>i</w>
  <w>vårt</w>
  <w>samhälle</w>
  <w>.</w>
  <w>För</w>
  <absaspan id=1>
    <w>de</w>
    <w>flesta</w>
    <w>av</w>
    <w>oss</w>
  </absaspan>
  <absaspan id=2 senti=4>
    <w>är</w>
    <w>det</w>
    <w>dessutom</w>
    <w>ett</w>
    <w>kall</w>
  </absaspan>
  <w>.</w>
  <w>Vi</w>
  <w>utför</w>
  <w>det</w>
  <w>här</w>
  <w>stundtals</w>
  <w>tuffa</w>
  <w>och</w>
  <w>otacksamma</w>
  <w>arbetet</w>
  <w>för</w>
  <w>att</w>
  <absaspan id=3>
    <w>vi</w>
  </absaspan>
  <absaspan id=4 senti=4>
    <w>vill</w>
    <w>hjälpa</w>
  </absaspan>
  <absaspan id=5>
    <w>människor</w>
  </absaspan>
  <w>.</w>
  <w>Men</w>
  <w>hjälpsamheten</w>
  <w>har</w>
  <w>en</w>
  <w>gräns</w>
  <w>.</w>
  <w>Många</w>
  <w>nya</w>
  <w>poliser</w>
  <w>med</w>
  <w>låga</w>
  <w>löner</w>
  <w>oroar</w>
  <w>sig</w>
  <w>idag</w>
  <w>för</w>
  <w>att</w>
  <w>pengarna</w>
  <w>inte</w>
  <w>ska</w>
  <w>räcka</w>
  <w>till</w>
  <w>att</w>
  <w>betala</w>
  <w>räkningarna</w>
  <w>.</w>
  <w>Under</w>
  <w>semestern</w>
  <w>har</w>
  <w>några</w>
  <w>av</w>
  <w>oss</w>
  <w>funderat</w>
  <w>.</w>
</absapar>
<absapar id=3>
  <w>Det</w>
  <w>här</w>
  <w>är</w>
  <w>en</w>
  <w>argumenterande</w>
  <w>text</w>
  <w>med</w>
  <w>syfte</w>
  <w>att</w>
  <w>påverka</w>
  <w>.</w>
  <w>Åsikterna</w>
  <w>som</w>
  <w>uttrycks</w>
  <w>är</w>
  <w>skribentens</w>
  <w>egna</w>
  <w>.</w>
</absapar>
<absapar id=4>
  <absaspan id=6>
    <w>Vi</w>
  </absaspan>
  <w>tycker</w>
  <absaspan id=7 senti=4>
    <w>inte</w>
    <w>att</w>
    <w>det</w>
    <w>är</w>
    <w>rimligt</w>
  </absaspan>
  <w>att</w>
  <w>man</w>
  <w>som</w>
  <absaspan id=8>
    <w>polis</w>
    <w>i</w>
    <w>Stockholm</w>
    <w>2011</w>
    <w>ska</w>
    <w>behöva</w>
    <w>jobba</w>
    <w>för</w>
    <w>15</w>
    <w>000</w>
    <w>–</w>
    <w>17000</w>
    <w>kronor</w>
    <w>netto</w>
    <w>i</w>
    <w>månaden</w>
  </absaspan>
  <w>.</w>
  <w>Vårt</w>
  <w>jobb</w>
  <w>består</w>
  <w>i</w>
  <w>att</w>
  <w>möta</w>
  <w>hot</w>
  <w>och</w>
  <w>våld</w>
  <w>nästan</w>
  <w>dagligen</w>
  <w>,</w>
  <w>och</w>
  <w>vi</w>
  <w>utsätts</w>
  <w>därigenom</w>
  <w>för</w>
  <w>såväl</w>
  <w>fysisk</w>
  <w>som</w>
  <w>psykisk</w>
  <w>stress</w>
  <w>.</w>
  <w>Dessutom</w>
  <w>jobbar</w>
  <w>vi</w>
  <w>dygnet</w>
  <w>runt</w>
  <w>,</w>
  <w>alla</w>
  <w>årets</w>
  <w>dagar</w>
  <w>,</w>
  <w>år</w>
  <w>ut</w>
  <w>och</w>
  <w>år</w>
  <w>in</w>
  <w>.</w>
  <w>Poliser</w>
  <w>får</w>
  <w>,</w>
  <w>hävdar</w>
  <w>vi</w>
  <w>,</w>
  <w>ingenting</w>
  <w>som</w>
  <w>kompensation</w>
  <w>för</w>
  <w>allt</w>
  <w>detta</w>
  <w>.</w>
</absapar>
<absapar id=5>
  <w>Rikspolischefen</w>
  <w>Bengt</w>
  <w>Svenson</w>
  <w>tycker</w>
  <w>att</w>
  <w>våra</w>
  <w>löner</w>
  <w>är</w>
  <w>skäliga</w>
  <w>.</w>
  <absaspan id=9>
    <w>Han</w>
  </absaspan>
  <w>tycker</w>
  <w>att</w>
  <absaspan id=10>
    <w>vi</w>
  </absaspan>
  <absaspan id=11 senti=4>
    <w>borde</w>
    <w>vara</w>
    <w>glada</w>
    <w>,</w>
    <w>nöjda</w>
    <w>och</w>
    <w>motiverade</w>
  </absaspan>
  <w>.</w>
  <w>Eller</w>
  <w>engagerade</w>
  <w>,</w>
  <w>tillgängliga</w>
  <w>och</w>
  <w>effektiva</w>
  <w>,</w>
  <w>för</w>
  <w>att</w>
  <w>citera</w>
  <w>Polisens</w>
  <w>gemensamma</w>
  <w>värdegrund</w>
  <w>.</w>
</absapar>
<absapar id=6>
  <w>Den</w>
  <w>nya</w>
  <w>ingångslönen</w>
  <w>för</w>
  <w>en</w>
  <w>polis</w>
  <w>i</w>
  <w>Stockholm</w>
  <w>idag</w>
  <w>är</w>
  <w>21</w>
  <w>300</w>
  <w>kronor</w>
  <w>.</w>
  <w>Man</w>
  <w>jobbar</w>
  <w>cirka</w>
  <w>38,5</w>
  <w>timmar</w>
  <w>per</w>
  <w>vecka</w>
  <w>i</w>
  <w>treskift</w>
  <w>,</w>
  <w>och</w>
  <w>får</w>
  <w>då</w>
  <w>ut</w>
  <w>en</w>
  <w>nettolön</w>
  <w>på</w>
  <w>cirka</w>
  <w>17000</w>
  <w>kronor</w>
  <w>inklusive</w>
  <w>ob-tillägg</w>
  <w>.</w>
  <w>Det</w>
  <w>här</w>
  <w>blev</w>
  <w>klart</w>
  <w>i</w>
  <w>ett</w>
  <w>nytt</w>
  <w>löneavtal</w>
  <w>nyligen</w>
  <w>.</w>
  <w>Innan</w>
  <w>detta</w>
  <w>hade</w>
  <w>vi</w>
  <w>i</w>
  <w>fyra</w>
  <w>år</w>
  <w>haft</w>
  <w>en</w>
  <w>ingångslön</w>
  <w>som</w>
  <w>fastnat</w>
  <w>på</w>
  <w>20</w>
  <w>000</w>
  <w>kronor</w>
  <w>.</w>
  <absaspan id=12>
    <w>Vi</w>
  </absaspan>
  <absaspan id=13 senti=4>
    <w>är</w>
    <w>så</w>
    <w>klart</w>
    <w>positiva</w>
  </absaspan>
  <w>till</w>
  <w>att</w>
  <w>ingångslönen</w>
  <w>nu</w>
  <w>höjts</w>
  <w>,</w>
  <w>men</w>
  <absaspan id=14>
    <w>en</w>
    <w>dryg</w>
    <w>tusenlapp</w>
    <w>mer</w>
    <w>i</w>
    <w>månaden</w>
  </absaspan>
  <w>tycker</w>
  <absaspan id=15>
    <w>vi</w>
  </absaspan>
  <w>fortfarande</w>
  <absaspan id=16 senti=2>
    <w>är</w>
    <w>för</w>
    <w>dåligt</w>
  </absaspan>
  <w>.</w>
  <w>Och</w>
  <w>åldersstrukturen</w>
  <w>bland</w>
  <w>poliser</w>
  <w>i</w>
  <w>storstadsområdena</w>
  <w>innebär</w>
  <w>att</w>
  <w>en</w>
  <w>väldigt</w>
  <w>stor</w>
  <w>del</w>
  <w>av</w>
  <w>poliserna</w>
  <w>i</w>
  <w>yttre</w>
  <w>tjänst</w>
  <w>tjänar</w>
  <w>så</w>
  <w>här</w>
  <w>lite</w>
  <w>.</w>
</absapar>
<absapar id=7>
  <absaspan id=17>
    <w>Merparten</w>
    <w>av</w>
    <w>de</w>
    <w>poliser</w>
    <w>medborgarna</w>
    <w>möter</w>
  </absaspan>
  <w>tvingas</w>
  <w>på</w>
  <w>sina</w>
  <w>lediga</w>
  <w>timmar</w>
  <absaspan id=18 senti=2>
    <w>oroa</w>
  </absaspan>
  <absaspan id=19>
    <w>sig</w>
  </absaspan>
  <w>över</w>
  <w>privatekonomin</w>
  <w>.</w>
  <w>De</w>
  <w>är</w>
  <w>dessutom</w>
  <w>vid</w>
  <w>det</w>
  <w>här</w>
  <w>laget</w>
  <w>mer</w>
  <w>eller</w>
  <w>mindre</w>
  <w>utmattade</w>
  <w>till</w>
  <w>följd</w>
  <w>av</w>
  <w>bristande</w>
  <w>återhämtning</w>
  <w>ända</w>
  <w>sedan</w>
  <w>arbetstiderna</w>
  <w>utökades</w>
  <w>hösten</w>
  <w>2008</w>
  <w>.</w>
</absapar>
<absapar id=8>
  <w>Många</w>
  <w>tror</w>
  <w>nämligen</w>
  <w>felaktigt</w>
  <w>att</w>
  <w>vi</w>
  <w>som</w>
  <w>jobbar</w>
  <w>treskift</w>
  <w>får</w>
  <w>mycket</w>
  <w>ledig</w>
  <w>tid</w>
  <w>som</w>
  <w>kompensation</w>
  <w>för</w>
  <w>det</w>
  <w>arbete</w>
  <w>vi</w>
  <w>utför</w>
  <w>på</w>
  <w>kvällar</w>
  <w>och</w>
  <w>nätter</w>
  <w>.</w>
  <w>Men</w>
  <w>sedan</w>
  <w>i</w>
  <w>oktober</w>
  <w>2008</w>
  <w>jobbar</w>
  <w>vi</w>
  <w>ungefär</w>
  <w>38,5</w>
  <w>timmar</w>
  <w>i</w>
  <w>veckan</w>
  <w>.</w>
  <w>Dagar</w>
  <w>,</w>
  <w>kvällar</w>
  <w>och</w>
  <w>nätter</w>
  <w>.</w>
  <w>Nästan</w>
  <w>samma</w>
  <w>som</w>
  <w>den</w>
  <w>som</w>
  <w>jobbar</w>
  <w>åtta</w>
  <w>till</w>
  <w>fem</w>
  <w>,</w>
  <w>måndag</w>
  <w>till</w>
  <w>fredag</w>
  <w>.</w>
</absapar>
<absapar id=9>
  <w>Många</w>
  <w>tror</w>
  <w>,</w>
  <w>också</w>
  <w>felaktigt</w>
  <w>,</w>
  <w>att</w>
  <w>vi</w>
  <w>tränar</w>
  <w>mycket</w>
  <w>på</w>
  <w>betald</w>
  <w>arbetstid</w>
  <w>.</w>
  <w>De</w>
  <w>flesta</w>
  <w>poliser</w>
  <w>i</w>
  <w>yttre</w>
  <w>tjänst</w>
  <w>får</w>
  <w>en</w>
  <w>till</w>
  <w>två</w>
  <w>timmar</w>
  <w>träning</w>
  <w>i</w>
  <w>månaden</w>
  <w>på</w>
  <w>betald</w>
  <w>arbetstid</w>
  <w>.</w>
  <w>Resten</w>
  <w>,</w>
  <w>om</w>
  <w>det</w>
  <w>blir</w>
  <w>något</w>
  <w>mer</w>
  <w>,</w>
  <w>är</w>
  <w>på</w>
  <w>fritiden</w>
  <w>.</w>
</absapar>
<absapar id=10>
  <w>Den</w>
  <w>tredje</w>
  <w>missuppfattningen</w>
  <w>är</w>
  <w>att</w>
  <w>vi</w>
  <w>poliser</w>
  <w>får</w>
  <w>mycket</w>
  <w>ob-tillägg</w>
  <w>för</w>
  <w>all</w>
  <w>mörk</w>
  <w>tid</w>
  <w>vi</w>
  <w>jobbar</w>
  <w>.</w>
  <w>För</w>
  <w>det</w>
  <w>första</w>
  <w>får</w>
  <w>vi</w>
  <w>bara</w>
  <w>ob-tillägg</w>
  <w>efter</w>
  <w>klockan</w>
  <w>tio</w>
  <w>på</w>
  <w>kvällarna</w>
  <w>.</w>
  <w>Det</w>
  <w>betyder</w>
  <w>att</w>
  <w>vi</w>
  <w>jobbar</w>
  <w>lika</w>
  <w>billigt</w>
  <w>klockan</w>
  <w>nio</w>
  <w>på</w>
  <w>kvällen</w>
  <w>som</w>
  <w>klockan</w>
  <w>10</w>
  <w>på</w>
  <w>förmiddagen</w>
  <w>.</w>
  <w>För</w>
  <w>det</w>
  <w>andra</w>
  <w>är</w>
  <w>inte</w>
  <w>ersättningen</w>
  <w>nattetid</w>
  <w>så</w>
  <w>bra</w>
  <w>som</w>
  <w>man</w>
  <w>kunde</w>
  <w>önska</w>
  <w>,</w>
  <w>cirka</w>
  <w>50</w>
  <w>kronor</w>
  <w>per</w>
  <w>timme</w>
  <w>på</w>
  <w>helgnätterna</w>
  <w>,</w>
  <w>30</w>
  <w>kronor</w>
  <w>per</w>
  <w>timme</w>
  <w>på</w>
  <w>vardagsnätterna</w>
  <w>.</w>
  <w>Det</w>
  <w>blir</w>
  <w>i</w>
  <w>bästa</w>
  <w>fall</w>
  <w>någon</w>
  <w>tusenlapp</w>
  <w>per</w>
  <w>månad</w>
  <w>för</w>
  <w>att</w>
  <w>vi</w>
  <w>är</w>
  <w>borta</w>
  <w>från</w>
  <w>familjen</w>
  <w>cirka</w>
  <w>fem</w>
  <w>nätter</w>
  <w>och</w>
  <w>fem</w>
  <w>kvällar</w>
  <w>varje</w>
  <w>månad</w>
  <w>.</w>
  <w>Prisvärt</w>
  <w>?</w>
  <w>Kanske</w>
  <w>för</w>
  <w>arbetsgivaren</w>
  <w>.</w>
  <w>Inte</w>
  <w>för</w>
  <w>oss</w>
  <w>.</w>
</absapar>
<absapar id=11>
  <w>Vad</w>
  <w>gör</w>
  <w>då</w>
  <w>Bengt</w>
  <w>Svenson</w>
  <w>?</w>
  <w>Han</w>
  <w>gläds</w>
  <w>åt</w>
  <w>att</w>
  <w>han</w>
  <w>nu</w>
  <w>har</w>
  <w>20</w>
  <w>000</w>
  <w>poliser</w>
  <w>i</w>
  <w>Sverige</w>
  <w>.</w>
  <w>Och</w>
  <w>han</w>
  <w>har</w>
  <w>köpt</w>
  <w>bärbara</w>
  <w>datorer</w>
  <w>till</w>
  <w>allihop</w>
  <w>,</w>
  <w>och</w>
  <w>kallar</w>
  <w>dem</w>
  <w>PUST</w>
  <w>.</w>
  <absaspan id=20>
    <w>Han</w>
  </absaspan>
  <absaspan id=21 senti=2>
    <w>vill</w>
    <w>ge</w>
    <w>sken</w>
    <w>av</w>
  </absaspan>
  <w>att</w>
  <absaspan id=22>
    <w>polisväsendet</w>
  </absaspan>
  <absaspan id=23 senti=2>
    <w>tuffar</w>
  </absaspan>
  <absaspan id=24 senti=2>
    <w>på</w>
    <w>som</w>
    <w>tåget</w>
  </absaspan>
  <w>.</w>
  <w>Han</w>
  <w>har</w>
  <w>fel</w>
  <w>.</w>
  <w>Vi</w>
  <w>vill</w>
  <w>introducera</w>
  <w>en</w>
  <w>ny</w>
  <w>polisiär</w>
  <w>förkortning</w>
  <w>:</w>
  <w>UMF</w>
  <w>.</w>
  <absaspan id=25>
    <w>Vi</w>
  </absaspan>
  <absaspan id=26 senti=2>
    <w>är</w>
    <w>nämligen</w>
    <w>Underbetalda</w>
    <w>,</w>
    <w>Missnöjda</w>
    <w>och</w>
    <w>Förbannade</w>
  </absaspan>
  <w>.</w>
</absapar>
<absapar id=12>
  <w>Detta</w>
  <w>är</w>
  <w>bakgrunden</w>
  <w>till</w>
  <w>att</w>
  <w>vi</w>
  <w>poliser</w>
  <w>samlas</w>
  <w>i</w>
  <w>Stockholm</w>
  <w>,</w>
  <w>Göteborg</w>
  <w>och</w>
  <w>på</w>
  <w>andra</w>
  <w>håll</w>
  <w>i</w>
  <w>landet</w>
  <w>den</w>
  <w>5</w>
  <w>oktober</w>
  <w>och</w>
  <w>manifesterar</w>
  <w>vad</w>
  <w>vi</w>
  <w>tycker</w>
  <w>om</w>
  <w>polisers</w>
  <w>löner</w>
  <w>.</w>
  <w>Vi</w>
  <w>samlas</w>
  <w>för</w>
  <w>att</w>
  <w>kämpa</w>
  <w>för</w>
  <w>en</w>
  <w>lön</w>
  <w>som</w>
  <w>man</w>
  <w>kan</w>
  <w>leva</w>
  <w>på</w>
  <w>,</w>
  <w>även</w>
  <w>i</w>
  <w>storstäderna</w>
  <w>.</w>
  <w>Vi</w>
  <w>vill</w>
  <w>att</w>
  <w>man</w>
  <w>pratar</w>
  <w>om</w>
  <w>våra</w>
  <w>löner</w>
  <w>.</w>
  <w>Vad</w>
  <w>ska</w>
  <w>en</w>
  <w>polis</w>
  <w>tjäna</w>
  <w>?</w>
  <w>Vad</w>
  <w>är</w>
  <w>det</w>
  <w>värt</w>
  <w>att</w>
  <w>riskera</w>
  <w>sitt</w>
  <w>liv</w>
  <w>och</w>
  <w>sin</w>
  <w>hälsa</w>
  <w>för</w>
  <w>?</w>
  <w>.</w>
</absapar>
<absapar id=13>
  <w>Vad</w>
  <w>vill</w>
  <w>du</w>
  <w>ha</w>
  <w>för</w>
  <w>sorts</w>
  <w>polis</w>
  <w>i</w>
  <w>samhället</w>
  <w>?</w>
  <w>Vill</w>
  <w>du</w>
  <w>ha</w>
  <w>en</w>
  <w>trött</w>
  <w>och</w>
  <w>uppgiven</w>
  <w>polis</w>
  <w>som</w>
  <w>har</w>
  <w>jobbat</w>
  <w>mindre</w>
  <w>än</w>
  <w>ett</w>
  <w>år</w>
  <w>i</w>
  <w>tjänst</w>
  <w>?</w>
  <w>Eller</w>
  <w>skulle</w>
  <absaspan id=27>
    <w>du</w>
  </absaspan>
  <absaspan id=28 senti=4>
    <w>känna</w>
    <w>dig</w>
    <w>tryggare</w>
  </absaspan>
  <w>med</w>
  <w>en</w>
  <w>poliskår</w>
  <w>där</w>
  <w>både</w>
  <w>nya</w>
  <w>och</w>
  <w>äldre</w>
  <w>erfarna</w>
  <w>poliser</w>
  <w>bemöter</w>
  <w>dig</w>
  <w>då</w>
  <w>du</w>
  <w>blivit</w>
  <w>utsatt</w>
  <w>för</w>
  <w>misshandel</w>
  <w>,</w>
  <w>personrån</w>
  <w>eller</w>
  <w>inbrott</w>
  <w>i</w>
  <w>din</w>
  <w>bostad</w>
  <w>?</w>
  <w>Poliser</w>
  <w>som</w>
  <w>får</w>
  <w>sova</w>
  <w>mellan</w>
  <w>arbetspassen</w>
  <w>och</w>
  <w>som</w>
  <w>har</w>
  <w>mat</w>
  <w>i</w>
  <w>kylen</w>
  <w>hemma</w>
  <w>?</w>
  <w>Som</w>
  <w>det</w>
  <w>ser</w>
  <w>ut</w>
  <w>nu</w>
  <w>gör</w>
  <w>den</w>
  <w>dåliga</w>
  <w>lönen</w>
  <w>och</w>
  <w>de</w>
  <w>dåliga</w>
  <w>villkoren</w>
  <w>i</w>
  <w>stort</w>
  <w>att</w>
  <w>de</w>
  <w>flesta</w>
  <w>lämnar</w>
  <w>radiobilen</w>
  <w>efter</w>
  <w>knappt</w>
  <w>två</w>
  <w>år</w>
  <w>för</w>
  <w>att</w>
  <w>söka</w>
  <w>ett</w>
  <w>mer</w>
  <w>tacksamt</w>
  <w>uppdrag</w>
  <w>inom</w>
  <w>polisväsendet</w>
  <w>eller</w>
  <w>någon</w>
  <w>annanstans</w>
  <w>.</w>
  <w>Det</w>
  <w>gör</w>
  <w>att</w>
  <w>vi</w>
  <w>tappar</w>
  <w>mycket</w>
  <w>kunskap</w>
  <w>då</w>
  <w>erfarenheten</w>
  <w>försvinner</w>
  <w>och</w>
  <w>det</w>
  <w>är</w>
  <w>något</w>
  <absaspan id=29>
    <w>ni</w>
    <w>medborgare</w>
  </absaspan>
  <w>på</w>
  <w>sikt</w>
  <absaspan id=30 senti=2>
    <w>får</w>
    <w>lida</w>
    <w>av</w>
  </absaspan>
  <w>.</w>
  <w>Så</w>
  <w>vad</w>
  <w>tycker</w>
  <w>du</w>
  <w>?</w>
  <w>.</w>
</absapar>
<absapar id=14>
  <w>Den</w>
  <w>här</w>
  <w>veckan</w>
  <w>åtminstone</w>
  <w>,</w>
  <w>vill</w>
  <w>vi</w>
  <w>att</w>
  <w>just</w>
  <w>du</w>
  <w>diskuterar</w>
  <w>de</w>
  <w>här</w>
  <w>sakerna</w>
  <w>på</w>
  <w>just</w>
  <w>din</w>
  <w>arbetsplats</w>
  <w>,</w>
  <w>eller</w>
  <w>på</w>
  <w>tunnelbanan</w>
  <w>,</w>
  <w>eller</w>
  <w>vid</w>
  <w>frukostbordet</w>
  <w>.</w>
</absapar>
<absapar id=15>
  <w>Det</w>
  <w>finns</w>
  <w>ett</w>
  <w>uttryck</w>
  <w>som</w>
  <w>säger</w>
  <w>"</w>
  <w>If</w>
  <w>you</w>
  <w>pay</w>
  <w>peanuts</w>
  <w>,</w>
  <w>you</w>
  <w>get</w>
  <w>monkeys</w>
  <w>"</w>
  <w>.</w>
  <w>Det</w>
  <w>är</w>
  <w>hög</w>
  <w>tid</w>
  <w>att</w>
  <w>inte</w>
  <w>bara</w>
  <w>Bengt</w>
  <w>Svenson</w>
  <w>,</w>
  <w>utan</w>
  <w>även</w>
  <w>landets</w>
  <w>ledande</w>
  <w>politiker</w>
  <w>,</w>
  <w>och</w>
  <w>förstås</w>
  <w>väljarna</w>
  <w>,</w>
  <w>bestämmer</w>
  <w>sig</w>
  <w>för</w>
  <w>vad</w>
  <w>för</w>
  <w>slags</w>
  <w>poliser</w>
  <w>man</w>
  <w>vill</w>
  <w>ha</w>
  <w>i</w>
  <w>framtiden</w>
  <w>.</w>
</absapar>
<absapar id=16>
  <w>MIKAEL</w>
  <w>ANDERSSON</w>
  <w>.</w>
</absapar>
<absapar id=17>
  <w>NIKLAS</w>
  <w>HELLSING</w>
  <w>.</w>
</absapar>
<absapar id=18>
  <w>MAJA</w>
  <w>LAXVIK</w>
  <w>.</w>
</absapar>
<absapar id=19>
  <w>IDA</w>
  <w>LIDVALL</w>
  <w>.</w>
</absapar>
<absapar id=20>
  <w>JOHAN</w>
  <w>SVANESTRAND</w>
  <w>.</w>
</absapar>
<absapar id=21>
  <w>polisassistenter</w>
  <w>vid</w>
  <w>Södermalmspolisen</w>
  <w>i</w>
  <w>Stockholms</w>
  <w>City</w>
  <w>.</w>
</absapar>
<absapar id=22>
  <w>Redaktör</w>
  <w>:</w>
  <w>Carina</w>
  <w>Stensson</w>
  <w>,</w>
  <w>Biträdande</w>
  <w>redaktör</w>
  <w>:</w>
  <w>Björn</w>
  <w>Jorner</w>
  <w>,</w>
  <w>Mejl</w>
  <w>:</w>
  <w>debatt</w>
  <w>@</w>
  <w>svd.se</w>
  <w>,</w>
  <w>Telefonnummer</w>
  <w>:</w>
  <w>08</w>
  <w>-</w>
  <w>135149</w>
  <w>,</w>
  <w>Twitter</w>
  <w>:</w>
  <w>@</w>
  <w>SvDDebatt</w>
  <w>,</w>
  <w>Facebook</w>
  <w>:</w>
  <w>SvD</w>
  <w>Debatt</w>
  <w>.</w>
</absapar>
</absadoc>
