<absadoc annotators=1 senti=2>
<absatitle>
  <w>Vi</w>
  <w>vill</w>
  <w>skärpa</w>
  <w>arbetslinjen</w>
  <w>för</w>
  <w>anhöriginvandrare</w>
  <w>.</w>
</absatitle>
<absapar id=1 senti=3>
  <w>Vi</w>
  <w>lever</w>
  <w>i</w>
  <w>en</w>
  <absaspan id=1 senti=2>
    <w>allt</w>
    <w>oroligare</w>
  </absaspan>
  <absaspan id=2>
    <w>värld</w>
  </absaspan>
  <w>med</w>
  <w>omfattande</w>
  <w>globala</w>
  <w>flyktingströmmar</w>
  <w>som</w>
  <w>följd</w>
  <w>.</w>
  <absaspan id=3>
    <w>Sverige</w>
  </absaspan>
  <absaspan id=4 senti=4>
    <w>har</w>
    <w>en</w>
    <w>lång</w>
    <w>historia</w>
    <w>som</w>
    <w>fristad</w>
  </absaspan>
  <w>för</w>
  <w>människor</w>
  <w>på</w>
  <w>flykt</w>
  <w>.</w>
  <absaspan id=5 senti=2>
    <w>Tyvärr</w>
  </absaspan>
  <absaspan id=6>
    <w>hör</w>
    <w>vi</w>
    <w>i</w>
    <w>dag</w>
    <w>till</w>
    <w>de</w>
    <w>få</w>
    <w>av</w>
    <w>EU</w>
    <w>:</w>
    <w>s</w>
    <w>medlemsstater</w>
    <w>som</w>
    <w>tar</w>
    <w>ett</w>
    <w>stort</w>
    <w>ansvar</w>
    <w>i</w>
    <w>den</w>
    <w>svåra</w>
    <w>situationen</w>
  </absaspan>
  <w>.</w>
  <w>Precis</w>
  <w>som</w>
  <w>chefen</w>
  <w>för</w>
  <w>FN</w>
  <w>:</w>
  <w>s</w>
  <w>flyktingorgan</w>
  <w>beskrev</w>
  <w>under</w>
  <w>sitt</w>
  <w>Stockholmsbesök</w>
  <w>i</w>
  <w>veckan</w>
  <w>,</w>
  <w>behöver</w>
  <w>EU</w>
  <w>ta</w>
  <w>ett</w>
  <w>större</w>
  <w>ansvar</w>
  <w>.</w>
  <w>Både</w>
  <w>som</w>
  <w>union</w>
  <w>och</w>
  <w>som</w>
  <w>enskilda</w>
  <w>medlemsstater</w>
  <w>.</w>
</absapar>
<absapar id=2 senti=3>
  <absaspan id=7 senti=4>
    <w>Att</w>
    <w>värna</w>
  </absaspan>
  <absaspan id=8>
    <w>asylrätten</w>
  </absaspan>
  <absaspan id=9 senti=4>
    <w>är</w>
  </absaspan>
  <absaspan id=10 senti=4>
    <w>självklart</w>
  </absaspan>
  <w>för</w>
  <absaspan id=11>
    <w>oss</w>
    <w>moderater</w>
  </absaspan>
  <w>.</w>
  <w>Men</w>
  <w>det</w>
  <w>är</w>
  <w>inte</w>
  <w>tillräckligt</w>
  <w>.</w>
  <w>För</w>
  <w>att</w>
  <w>bättre</w>
  <w>ta</w>
  <w>tillvara</w>
  <w>på</w>
  <absaspan id=12 senti=4>
    <w>de</w>
  </absaspan>
  <absaspan id=13 senti=4>
    <w>stora</w>
    <w>möjligheter</w>
    <w>som</w>
  </absaspan>
  <absaspan id=14>
    <w>människors</w>
    <w>rörelser</w>
    <w>över</w>
    <w>nationsgränserna</w>
  </absaspan>
  <absaspan id=15 senti=4>
    <w>innebär</w>
  </absaspan>
  <w>,</w>
  <w>måste</w>
  <w>integrationen</w>
  <w>ha</w>
  <w>en</w>
  <w>tydlig</w>
  <w>arbetslinje</w>
  <w>och</w>
  <w>fungera</w>
  <w>.</w>
  <w>Det</w>
  <w>är</w>
  <w>uppenbart</w>
  <w>att</w>
  <w>den</w>
  <w>inte</w>
  <w>gör</w>
  <w>det</w>
  <w>i</w>
  <w>dag</w>
  <w>.</w>
  <absaspan id=16>
    <w>Utanförskapet</w>
  </absaspan>
  <absaspan id=17 senti=2>
    <w>är</w>
    <w>för</w>
    <w>stort</w>
  </absaspan>
  <w>,</w>
  <absaspan id=18>
    <w>arbetslösheten</w>
  </absaspan>
  <absaspan id=19 senti=2>
    <w>för</w>
    <w>hög</w>
  </absaspan>
  <w>,</w>
  <absaspan id=20>
    <w>bidragsberoende</w>
  </absaspan>
  <absaspan id=21 senti=2>
    <w>är</w>
    <w>alltför</w>
    <w>utbrett</w>
  </absaspan>
  <w>och</w>
  <w>bostadsbristen</w>
  <w>omfattande</w>
  <w>.</w>
  <w>Tillsammans</w>
  <absaspan id=22 senti=2>
    <w>utgör</w>
  </absaspan>
  <absaspan id=23>
    <w>detta</w>
  </absaspan>
  <absaspan id=24 senti=2>
    <w>stora</w>
  </absaspan>
  <absaspan id=25 senti=2>
    <w>hinder</w>
  </absaspan>
  <w>för</w>
  <w>människor</w>
  <w>som</w>
  <w>vill</w>
  <w>skapa</w>
  <w>sig</w>
  <w>en</w>
  <w>bättre</w>
  <w>framtid</w>
  <w>i</w>
  <w>vårt</w>
  <w>land</w>
  <w>.</w>
</absapar>
<absapar id=3 senti=3>
  <w>Endast</w>
  <w>de</w>
  <w>krafter</w>
  <w>som</w>
  <w>vill</w>
  <w>föra</w>
  <w>Sverige</w>
  <w>mot</w>
  <w>slutenhet</w>
  <w>och</w>
  <w>stängda</w>
  <w>gränser</w>
  <w>,</w>
  <w>gynnas</w>
  <w>av</w>
  <w>att</w>
  <w>sopa</w>
  <w>utmaningarna</w>
  <w>under</w>
  <w>mattan</w>
  <w>.</w>
  <w>Ändå</w>
  <w>ser</w>
  <w>vi</w>
  <w>inga</w>
  <w>politiska</w>
  <w>förslag</w>
  <w>från</w>
  <w>Stefan</w>
  <w>Löfven</w>
  <w>och</w>
  <w>regeringen</w>
  <w>för</w>
  <w>att</w>
  <w>möta</w>
  <absaspan id=26 senti=2>
    <w>problemen</w>
  </absaspan>
  <absaspan id=27>
    <w>.</w>
  </absaspan>
</absapar>
<absapar id=4 senti=3>
  <w>Nya</w>
  <w>Moderaterna</w>
  <w>har</w>
  <w>inlett</w>
  <w>ett</w>
  <w>utvecklingsarbete</w>
  <w>för</w>
  <w>att</w>
  <w>förbättra</w>
  <w>integrationen</w>
  <w>.</w>
  <w>Syftet</w>
  <w>är</w>
  <w>att</w>
  <w>lämna</w>
  <w>förslag</w>
  <w>på</w>
  <w>insatser</w>
  <w>som</w>
  <w>snabbare</w>
  <w>kan</w>
  <w>få</w>
  <w>nyanlända</w>
  <w>i</w>
  <w>arbete</w>
  <w>,</w>
  <w>utbildning</w>
  <w>och</w>
  <w>självförsörjning</w>
  <w>.</w>
</absapar>
<absapar id=5 senti=3>
  <w>En</w>
  <w>del</w>
  <w>i</w>
  <w>arbetet</w>
  <w>kommer</w>
  <w>vara</w>
  <w>att</w>
  <w>se</w>
  <w>över</w>
  <w>hur</w>
  <w>arbetslinjen</w>
  <w>kan</w>
  <w>skärpas</w>
  <w>för</w>
  <w>anhöriginvandring</w>
  <w>.</w>
  <w>Under</w>
  <w>2014</w>
  <w>fick</w>
  <w>drygt</w>
  <w>42</w>
  <w>000</w>
  <w>personer</w>
  <w>uppehållstillstånd</w>
  <w>på</w>
  <w>anknytning</w>
  <w>.</w>
  <w>Motsvarande</w>
  <w>siffra</w>
  <w>för</w>
  <w>antalet</w>
  <w>personer</w>
  <w>som</w>
  <w>beviljades</w>
  <w>asyl</w>
  <w>var</w>
  <w>drygt</w>
  <w>35</w>
  <w>000</w>
  <w>.</w>
</absapar>
<absapar id=6 senti=3>
  <w>Redan</w>
  <w>2009</w>
  <w>införde</w>
  <w>den</w>
  <w>dåvarande</w>
  <w>Alliansregeringen</w>
  <w>ett</w>
  <w>försörjningskrav</w>
  <w>.</w>
  <w>Innebörden</w>
  <w>är</w>
  <w>att</w>
  <w>anknytningspersonen</w>
  <w>ska</w>
  <w>kunna</w>
  <w>försörja</w>
  <w>sig</w>
  <w>och</w>
  <w>ha</w>
  <w>en</w>
  <w>bostad</w>
  <w>av</w>
  <w>tillräcklig</w>
  <w>storlek</w>
  <w>och</w>
  <w>standard</w>
  <w>för</w>
  <w>både</w>
  <w>sig</w>
  <w>själv</w>
  <w>och</w>
  <w>den</w>
  <w>som</w>
  <w>önskar</w>
  <w>bosätta</w>
  <w>sig</w>
  <w>här</w>
  <w>.</w>
  <w>Försörjningskravet</w>
  <w>syftar</w>
  <w>till</w>
  <w>att</w>
  <w>stärka</w>
  <w>drivkrafterna</w>
  <w>för</w>
  <w>arbete</w>
  <w>och</w>
  <w>att</w>
  <w>förbättra</w>
  <w>möjligheterna</w>
  <w>för</w>
  <w>de</w>
  <w>som</w>
  <w>kommer</w>
  <w>i</w>
  <w>efterhand</w>
  <w>att</w>
  <w>snabbt</w>
  <w>komma</w>
  <w>in</w>
  <w>i</w>
  <w>det</w>
  <w>svenska</w>
  <w>samhället</w>
  <w>.</w>
  <absaspan id=28>
    <w>Att</w>
    <w>anlända</w>
    <w>till</w>
    <w>sitt</w>
    <w>nya</w>
    <w>hemland</w>
    <w>där</w>
    <w>bostad</w>
    <w>och</w>
    <w>försörjning</w>
    <w>finns</w>
  </absaspan>
  <absaspan id=29 senti=4>
    <w>utgör</w>
    <w>en</w>
    <w>stor</w>
    <w>trygghet</w>
  </absaspan>
  <w>och</w>
  <w>en</w>
  <w>etablerad</w>
  <w>anknytning</w>
  <w>i</w>
  <w>Sverige</w>
  <w>.</w>
</absapar>
<absapar id=7 senti=2>
  <w>Samtidigt</w>
  <w>beslutades</w>
  <w>om</w>
  <w>en</w>
  <w>lång</w>
  <w>rad</w>
  <w>undantag</w>
  <w>från</w>
  <w>försörjningskravet</w>
  <w>,</w>
  <w>som</w>
  <w>drastiskt</w>
  <w>minskar</w>
  <w>dess</w>
  <w>omfattning</w>
  <w>.</w>
  <w>Statistik</w>
  <w>från</w>
  <w>Migrationsverket</w>
  <w>visar</w>
  <w>att</w>
  <w>det</w>
  <w>har</w>
  <w>tillämpats</w>
  <w>i</w>
  <w>mindre</w>
  <w>än</w>
  <w>en</w>
  <w>procent</w>
  <w>av</w>
  <w>anknytningsärendena</w>
  <w>.</w>
  <absaspan id=30>
    <w>När</w>
    <w>en</w>
    <w>så</w>
    <w>liten</w>
    <w>del</w>
    <w>av</w>
    <w>anhöriginvandringen</w>
    <w>omfattas</w>
    <w>av</w>
    <w>försörjningskravet</w>
  </absaspan>
  <absaspan id=31 senti=2>
    <w>försvinner</w>
    <w>dess</w>
    <w>positiva</w>
    <w>incitament</w>
  </absaspan>
  <w>för</w>
  <w>jobb</w>
  <w>och</w>
  <w>integration</w>
  <w>.</w>
  <w>Mot</w>
  <w>den</w>
  <w>bakgrunden</w>
  <w>kommer</w>
  <w>Nya</w>
  <w>Moderaternas</w>
  <w>arbetsgrupp</w>
  <w>se</w>
  <w>över</w>
  <w>såväl</w>
  <w>de</w>
  <w>undantag</w>
  <w>som</w>
  <w>finns</w>
  <w>som</w>
  <w>hur</w>
  <w>själva</w>
  <w>definitionen</w>
  <w>av</w>
  <w>försörjning</w>
  <w>eventuellt</w>
  <w>kan</w>
  <w>behöva</w>
  <w>utvecklas</w>
  <w>.</w>
</absapar>
<absapar id=8 senti=3>
  <w>Det</w>
  <w>ska</w>
  <w>poängteras</w>
  <w>att</w>
  <w>syftet</w>
  <w>med</w>
  <w>anhöriginvandring</w>
  <w>är</w>
  <w>familjeåterförening</w>
  <w>,</w>
  <w>inte</w>
  <w>att</w>
  <w>ge</w>
  <w>skydd</w>
  <w>till</w>
  <w>människor</w>
  <w>som</w>
  <w>flyr</w>
  <w>från</w>
  <w>krig</w>
  <w>eller</w>
  <w>förtryck</w>
  <w>.</w>
  <w>För</w>
  <absaspan id=32>
    <w>Moderaterna</w>
  </absaspan>
  <absaspan id=33 senti=4>
    <w>är</w>
    <w>det</w>
    <w>självklart</w>
    <w>att</w>
    <w>värna</w>
  </absaspan>
  <absaspan id=34>
    <w>asylrätten</w>
  </absaspan>
  <w>och</w>
  <w>att</w>
  <w>Sverige</w>
  <w>ska</w>
  <w>fortsätta</w>
  <w>att</w>
  <w>vara</w>
  <w>en</w>
  <w>fristad</w>
  <w>från</w>
  <w>förföljelse</w>
  <w>.</w>
</absapar>
<absapar id=9 senti=2>
  <w>Vi</w>
  <w>kommer</w>
  <w>framöver</w>
  <w>att</w>
  <w>presentera</w>
  <w>ytterligare</w>
  <w>förslag</w>
  <w>på</w>
  <w>hur</w>
  <w>integrationen</w>
  <w>kan</w>
  <w>förbättras</w>
  <w>.</w>
  <w>Vår</w>
  <w>utgångspunkt</w>
  <w>är</w>
  <w>en</w>
  <w>tydlig</w>
  <w>arbetslinje</w>
  <w>.</w>
  <w>Långsiktigt</w>
  <w>är</w>
  <w>det</w>
  <w>fler</w>
  <w>människor</w>
  <w>i</w>
  <w>jobb</w>
  <w>,</w>
  <w>inte</w>
  <w>i</w>
  <w>bidragsförsörjning</w>
  <w>,</w>
  <w>som</w>
  <w>lägger</w>
  <w>grunden</w>
  <w>för</w>
  <w>sammanhållning</w>
  <w>mellan</w>
  <w>människor</w>
  <w>,</w>
  <w>öppenhet</w>
  <w>mot</w>
  <w>omvärlden</w>
  <w>och</w>
  <w>en</w>
  <w>välfärd</w>
  <w>som</w>
  <w>kommer</w>
  <w>alla</w>
  <w>till</w>
  <w>del</w>
  <w>.</w>
</absapar>
<absapar id=10>
  <w>Johan</w>
  <w>Forssell</w>
  <w>(</w>
  <w>M</w>
  <w>)</w>
  <w>.</w>
</absapar>
<absapar id=11>
  <w>Vice</w>
  <w>ordförande</w>
  <w>i</w>
  <w>socialförsäkringsutskottet</w>
  <w>.</w>
</absapar>
<absapar id=12>
  <w>Ledamot</w>
  <w>i</w>
  <w>Moderaternas</w>
  <w>arbetsgrupp</w>
  <w>”</w>
  <w>Stärkt</w>
  <w>integration</w>
  <w>i</w>
  <w>ett</w>
  <w>öppet</w>
  <w>Sverige</w>
  <w>”</w>
  <w>.</w>
</absapar>
</absadoc>
