<absadoc annotators=1 senti=>
<absatitle>
  <w>Är</w>
  <w>det</w>
  <w>rätt</w>
  <w>att</w>
  <w>inte</w>
  <w>ta</w>
  <w>emot</w>
  <w>SD</w>
  <w>på</w>
  <w>jobbet</w>
  <w>?</w>
  <w>.</w>
</absatitle>
<absapar id=1>
  <w>SD</w>
  <w>:</w>
  <w>s</w>
  <w>partiledare</w>
  <absaspan id=1>
    <w>Jimmie</w>
    <w>Åkesson</w>
  </absaspan>
  <absaspan id=2>
    <w>fortsätter</w>
    <w>sin</w>
    <w>turné</w>
    <w>på</w>
    <w>arbetsplatser</w>
    <w>runt</w>
    <w>om</w>
    <w>i</w>
    <w>Sverige</w>
  </absaspan>
  <w>,</w>
  <w>men</w>
  <w>det</w>
  <absaspan id=3 senti=2>
    <w>väcker</w>
    <w>protester</w>
  </absaspan>
  <absaspan id=4>
    <w>.</w>
  </absaspan>
  <w>Nu</w>
  <w>senast</w>
  <w>är</w>
  <w>det</w>
  <absaspan id=5>
    <w>brandmännen</w>
    <w>på</w>
    <w>brandstationen</w>
    <w>Centrum</w>
    <w>i</w>
    <w>Malmö</w>
  </absaspan>
  <w>som</w>
  <w>inför</w>
  <w>besöket</w>
  <w>på</w>
  <w>onsdag</w>
  <w>sagt</w>
  <w>att</w>
  <w>de</w>
  <w>inte</w>
  <w>tänker</w>
  <w>vara</w>
  <w>på</w>
  <w>plats</w>
  <w>(</w>
  <w>se</w>
  <w>DN-artikel</w>
  <w>)</w>
  <w>,</w>
  <w>och</w>
  <w>att</w>
  <w>de</w>
  <w>tar</w>
  <w>brandbilarna</w>
  <w>med</w>
  <w>sig</w>
  <absaspan id=6 senti=2>
    <w>.</w>
  </absaspan>
  <w>Är</w>
  <w>det</w>
  <w>rätt</w>
  <w>att</w>
  <w>bojkotta</w>
  <w>Jimmie</w>
  <w>Åkessons</w>
  <w>besök</w>
  <w>?</w>
  <w>Varför</w>
  <w>?</w>
  <w>Varför</w>
  <w>inte</w>
  <w>?</w>
  <w>Läs</w>
  <w>hela</w>
  <w>diskussionen</w>
  <w>!</w>
  <w>.</w>
</absapar>
<absapar id=2>
  <w>#</w>
  <w>P</w>
  <w>IMM</w>
  <w>.</w>
  <w>13</w>
  <w>:</w>
  <w>31</w>
  <w>Carina</w>
  <w>Stensson</w>
  <w>:</w>
  <w>Hej</w>
  <w>och</w>
  <w>vällkommen</w>
  <w>till</w>
  <w>dagens</w>
  <w>diskussion</w>
  <w>,</w>
  <w>nu</w>
  <w>startar</w>
  <w>vi</w>
  <w>!</w>
  <w>.</w>
</absapar>
<absapar id=3>
  <w>Det</w>
  <w>här</w>
  <w>är</w>
  <w>en</w>
  <w>argumenterande</w>
  <w>text</w>
  <w>med</w>
  <w>syfte</w>
  <w>att</w>
  <w>påverka</w>
  <w>.</w>
  <w>Åsikterna</w>
  <w>som</w>
  <w>uttrycks</w>
  <w>är</w>
  <w>skribentens</w>
  <w>egna</w>
  <w>.</w>
</absapar>
<absapar id=4>
  <w>#</w>
  <w>P</w>
  <w>IMM</w>
  <w>.</w>
  <w>13</w>
  <w>:</w>
  <w>31</w>
  <w>Johan</w>
  <w>:</w>
  <w>Personer</w>
  <w>som</w>
  <w>inte</w>
  <w>står</w>
  <w>bakom</w>
  <w>ett</w>
  <w>besökande</w>
  <w>parti</w>
  <w>ska</w>
  <w>ha</w>
  <w>all</w>
  <w>rätt</w>
  <w>att</w>
  <w>inte</w>
  <w>deltaga</w>
  <w>i</w>
  <w>dessa</w>
  <w>event</w>
  <w>,</w>
  <w>och</w>
  <w>dessa</w>
  <w>event</w>
  <w>ska</w>
  <w>absolut</w>
  <w>inte</w>
  <w>få</w>
  <w>påverka</w>
  <w>kvalitet</w>
  <w>och</w>
  <w>säkerhet</w>
  <w>i</w>
  <w>viktiga</w>
  <w>samhällsfunktioner</w>
  <w>så</w>
  <w>som</w>
  <w>sjukvård</w>
  <w>,</w>
  <w>brandskydd</w>
  <w>mm</w>
  <w>.</w>
  <w>I</w>
  <w>dessa</w>
  <w>fall</w>
  <w>bör</w>
  <w>eventen</w>
  <w>få</w>
  <w>stå</w>
  <w>undan</w>
  <w>till</w>
  <w>förmån</w>
  <w>för</w>
  <w>de</w>
  <w>ansvarigas</w>
  <w>rätt</w>
  <w>till</w>
  <w>sin</w>
  <w>arbetsplats</w>
  <w>,</w>
  <w>oavsett</w>
  <w>partitillhörighet</w>
  <w>.</w>
  <w>Studiebesök</w>
  <w>är</w>
  <w>såklart</w>
  <w>nåt</w>
  <w>annat</w>
  <w>,</w>
  <w>men</w>
  <w>då</w>
  <w>får</w>
  <w>man</w>
  <w>skippa</w>
  <w>jippot</w>
  <w>med</w>
  <w>alla</w>
  <w>tidningar</w>
  <w>och</w>
  <w>annat</w>
  <w>så</w>
  <w>folk</w>
  <w>kan</w>
  <w>få</w>
  <w>jobba</w>
  <w>i</w>
  <w>fred</w>
  <w>.</w>
  <w>Viktiga</w>
  <w>samhällsfunktioner</w>
  <w>ska</w>
  <w>inte</w>
  <w>vara</w>
  <w>politiska</w>
  <w>slagträn</w>
  <w>!</w>
  <w>.</w>
</absapar>
<absapar id=5>
  <w>#</w>
  <w>P</w>
  <w>IMM</w>
  <w>.</w>
  <w>13</w>
  <w>:</w>
  <w>31</w>
  <absaspan id=7>
    <w>sten</w>
    <w>wase</w>
  </absaspan>
  <w>:</w>
  <w>svenskarna</w>
  <w>borde</w>
  <w>lära</w>
  <w>sig</w>
  <w>att</w>
  <w>mobbing</w>
  <w>är</w>
  <w>inte</w>
  <w>godtagbart</w>
  <absaspan id=8>
    <w>detta</w>
  </absaspan>
  <absaspan id=9 senti=2>
    <w>är</w>
    <w>vad</w>
    <w>man</w>
    <w>kan</w>
    <w>hänföra</w>
    <w>till</w>
    <w>vuxenmobbning</w>
  </absaspan>
  <w>.</w>
</absapar>
<absapar id=6>
  <w>#</w>
  <w>P</w>
  <w>IMM</w>
  <w>.</w>
  <w>13</w>
  <w>:</w>
  <w>32</w>
  <absaspan id=10>
    <w>Lena</w>
  </absaspan>
  <w>:</w>
  <w>Nej</w>
  <w>,</w>
  <w>det</w>
  <absaspan id=11 senti=2>
    <w>är</w>
    <w>häpnadsväckande</w>
    <w>odemokratiskt</w>
    <w>och</w>
    <w>intolerant</w>
  </absaspan>
  <absaspan id=12>
    <w>att</w>
    <w>inte</w>
    <w>ta</w>
    <w>emot</w>
    <w>en</w>
    <w>folkvvald</w>
    <w>politiker</w>
    <w>på</w>
    <w>arbetsplatsen</w>
  </absaspan>
  <w>.</w>
  <w>Det</w>
  <absaspan id=13 senti=1>
    <w>börjar</w>
    <w>likna</w>
    <w>hets</w>
    <w>mot</w>
    <w>folkgrupp</w>
  </absaspan>
  <w>,</w>
  <w>och</w>
  <w>det</w>
  <w>verkar</w>
  <w>tyvärr</w>
  <w>legitimt</w>
  <w>att</w>
  <w>bojkotta</w>
  <w>och</w>
  <w>stoppa</w>
  <w>är</w>
  <w>sd-folk</w>
  <w>.</w>
  <absaspan id=14 senti=2>
    <w>Skrämmande</w>
  </absaspan>
  <absaspan id=15>
    <w>utveckling</w>
  </absaspan>
  <w>.</w>
  <absaspan id=16>
    <w>Så</w>
  </absaspan>
  <absaspan id=17 senti=2>
    <w>går</w>
    <w>det</w>
    <w>till</w>
    <w>i</w>
    <w>diktaturer</w>
  </absaspan>
  <w>.</w>
  <w>Bemöt</w>
  <w>med</w>
  <w>sakpolitisk</w>
  <w>debatt</w>
  <w>istället</w>
  <w>och</w>
  <w>argument</w>
  <w>i</w>
  <w>stället</w>
  <w>för</w>
  <w>stängda</w>
  <w>dörrar</w>
  <w>!</w>
  <w>.</w>
</absapar>
<absapar id=7>
  <w>#</w>
  <w>P</w>
  <w>IMM</w>
  <w>.</w>
  <w>13</w>
  <w>:</w>
  <w>33</w>
  <w>Svante</w>
  <w>:</w>
  <w>Man</w>
  <w>får</w>
  <w>tycka</w>
  <w>vad</w>
  <w>man</w>
  <w>vill</w>
  <w>om</w>
  <w>SD</w>
  <w>privat</w>
  <w>men</w>
  <w>när</w>
  <w>en</w>
  <w>demokratiskt</w>
  <w>vald</w>
  <w>person</w>
  <w>kommer</w>
  <w>för</w>
  <w>att</w>
  <w>få</w>
  <w>en</w>
  <w>bild</w>
  <w>av</w>
  <w>det</w>
  <w>svenska</w>
  <w>samhället</w>
  <w>så</w>
  <w>ska</w>
  <w>man</w>
  <w>vara</w>
  <w>på</w>
  <w>sin</w>
  <w>arbetsplats</w>
  <w>om</w>
  <w>man</w>
  <w>är</w>
  <w>i</w>
  <w>tjänst</w>
  <w>.</w>
  <w>Han</w>
  <w>är</w>
  <w>ju</w>
  <w>inte</w>
  <w>där</w>
  <w>för</w>
  <w>att</w>
  <w>värva</w>
  <w>röster</w>
  <w>,</w>
  <w>då</w>
  <w>hade</w>
  <w>situationen</w>
  <w>varit</w>
  <w>annorlunda</w>
  <w>.</w>
  <w>Skulle</w>
  <w>de</w>
  <w>göra</w>
  <w>likadant</w>
  <w>om</w>
  <w>ett</w>
  <w>kommunistpartiet</w>
  <w>representant</w>
  <w>kom</w>
  <w>?</w>
  <w>.</w>
</absapar>
<absapar id=8>
  <w>#</w>
  <w>P</w>
  <w>IMM</w>
  <w>.</w>
  <w>13</w>
  <w>:</w>
  <w>33</w>
  <w>Carina</w>
  <w>Stensson</w>
  <w>:</w>
  <w>Väldigt</w>
  <w>många</w>
  <w>har</w>
  <w>redan</w>
  <w>postat</w>
  <w>inlägg</w>
  <w>kring</w>
  <w>denna</w>
  <w>fråga</w>
  <w>idag</w>
  <w>,</w>
  <w>och</w>
  <w>det</w>
  <w>kommer</w>
  <w>att</w>
  <w>bli</w>
  <w>svårt</w>
  <w>att</w>
  <w>ens</w>
  <w>hinna</w>
  <w>läsa</w>
  <w>alla</w>
  <w>.</w>
  <w>Ämnet</w>
  <w>engagerar</w>
  <w>och</w>
  <w>det</w>
  <w>är</w>
  <w>intressant</w>
  <w>!</w>
  <w>Jag</w>
  <w>försöker</w>
  <w>prioritera</w>
  <w>de</w>
  <w>inlägg</w>
  <w>som</w>
  <w>har</w>
  <w>en</w>
  <w>tydlig</w>
  <w>argumentation</w>
  <w>.</w>
</absapar>
<absapar id=9>
  <w>Skräddarsydda</w>
  <w>kurser</w>
  <w>i</w>
  <w>ämnen</w>
  <w>som</w>
  <w>intresserar</w>
  <w>och</w>
  <w>engagerar</w>
  <w>både</w>
  <w>kropp</w>
  <w>och</w>
  <w>själ</w>
  <w>.</w>
</absapar>
<absapar id=10>
  <w>#</w>
  <w>P</w>
  <w>IMM</w>
  <w>.</w>
  <w>13</w>
  <w>:</w>
  <w>34</w>
  <absaspan id=18>
    <w>Anna</w>
    <w>Roland</w>
  </absaspan>
  <w>:</w>
  <absaspan id=19>
    <w>Det</w>
  </absaspan>
  <absaspan id=20 senti=5>
    <w>är</w>
    <w>förstås</w>
    <w>rätt</w>
    <w>!</w>
  </absaspan>
  <w>Det</w>
  <w>är</w>
  <w>inte</w>
  <w>en</w>
  <w>arbetsplats</w>
  <w>huvuduppgift</w>
  <w>att</w>
  <w>ta</w>
  <w>emot</w>
  <w>politiker</w>
  <w>överhuvudtaget</w>
  <w>.</w>
  <w>En</w>
  <w>parlamentariskt</w>
  <w>hopsatt</w>
  <w>grupp</w>
  <w>från</w>
  <w>kommunen</w>
  <w>vore</w>
  <w>något</w>
  <w>annat</w>
  <w>,</w>
  <w>de</w>
  <w>kan</w>
  <w>behöva</w>
  <w>göra</w>
  <w>arbetsplatsbesök</w>
  <w>för</w>
  <w>att</w>
  <w>fullgöra</w>
  <w>sitt</w>
  <w>uppdrag</w>
  <w>.</w>
  <w>Men</w>
  <absaspan id=21>
    <w>om</w>
    <w>ett</w>
    <w>besök</w>
    <w>riskerar</w>
    <w>störa</w>
    <w>arbetsron</w>
    <w>och</w>
    <w>de</w>
    <w>anställdas</w>
    <w>trygghet</w>
    <w>och</w>
    <w>arbetsmiljö</w>
  </absaspan>
  <w>,</w>
  <w>så</w>
  <absaspan id=22 senti=2>
    <w>är</w>
  </absaspan>
  <w>det</w>
  <absaspan id=23 senti=2>
    <w>förstås</w>
  </absaspan>
  <absaspan id=24 senti=2>
    <w>fel</w>
  </absaspan>
  <w>.</w>
  <w>Kan</w>
  <w>man</w>
  <w>så</w>
  <w>har</w>
  <w>man</w>
  <w>rätt</w>
  <w>att</w>
  <w>göra</w>
  <w>som</w>
  <w>brandmännen</w>
  <w>:</w>
  <w>gå</w>
  <w>därifrån</w>
  <w>!</w>
  <absaspan id=25 senti=4>
    <w>Heja</w>
  </absaspan>
  <absaspan id=26>
    <w>Brandmännen</w>
  </absaspan>
  <w>!</w>
  <w>!</w>
  <w>!</w>
  <w>.</w>
</absapar>
<absapar id=11>
  <w>#</w>
  <w>P</w>
  <w>IMM</w>
  <w>.</w>
  <w>13</w>
  <w>:</w>
  <w>36</w>
  <absaspan id=27>
    <w>Abel</w>
  </absaspan>
  <w>:</w>
  <w>I</w>
  <w>en</w>
  <w>demokrati</w>
  <w>tar</w>
  <w>man</w>
  <w>antingen</w>
  <w>emot</w>
  <w>alla</w>
  <w>partier</w>
  <w>eller</w>
  <w>inget</w>
  <w>.</w>
  <w>Går</w>
  <w>jag</w>
  <w>från</w>
  <w>jobbet</w>
  <w>utan</w>
  <w>giltiga</w>
  <w>skäl</w>
  <w>är</w>
  <w>det</w>
  <w>arbetsvägran</w>
  <w>eller</w>
  <w>olovlig</w>
  <w>frånvaro</w>
  <w>och</w>
  <w>det</w>
  <w>ger</w>
  <w>löneavdrag</w>
  <w>.</w>
  <w>Det</w>
  <absaspan id=28 senti=4>
    <w>borde</w>
    <w>gälla</w>
  </absaspan>
  <absaspan id=29>
    <w>lika</w>
    <w>för</w>
    <w>alla</w>
  </absaspan>
  <w>.</w>
</absapar>
<absapar id=12>
  <w>#</w>
  <w>P</w>
  <w>IMM</w>
  <w>.</w>
  <w>13</w>
  <w>:</w>
  <w>36</w>
  <w>Smn</w>
  <w>:</w>
  <absaspan id=30>
    <w>Jag</w>
  </absaspan>
  <absaspan id=31 senti=1>
    <w>gillar</w>
    <w>verkligen</w>
    <w>inte</w>
  </absaspan>
  <absaspan id=32>
    <w>SDs</w>
    <w>politik</w>
  </absaspan>
  <w>,</w>
  <w>men</w>
  <w>vi</w>
  <w>måste</w>
  <w>komma</w>
  <w>ihåg</w>
  <w>att</w>
  <w>de</w>
  <w>är</w>
  <w>folkvalda</w>
  <w>,</w>
  <w>de</w>
  <w>bör</w>
  <w>därför</w>
  <w>i</w>
  <w>ett</w>
  <w>demokratisk</w>
  <w>samhälle</w>
  <w>ha</w>
  <w>samma</w>
  <w>rättigheter</w>
  <w>som</w>
  <w>alla</w>
  <w>andra</w>
  <w>partier</w>
  <w>.</w>
  <w>Annars</w>
  <w>är</w>
  <w>vi</w>
  <w>lika</w>
  <w>dåliga</w>
  <w>som</w>
  <w>dem</w>
  <w>.</w>
</absapar>
<absapar id=13>
  <w>#</w>
  <w>P</w>
  <w>IMM</w>
  <w>.</w>
  <w>13</w>
  <w>:</w>
  <w>36</w>
  <w>Perry</w>
  <w>Lidholm</w>
  <w>:</w>
  <w>Varför</w>
  <w>skall</w>
  <w>SD</w>
  <w>inte</w>
  <w>få</w>
  <w>samma</w>
  <w>demokratiska</w>
  <w>rättigheter</w>
  <w>som</w>
  <w>V</w>
  <w>åtnjuter</w>
  <w>?</w>
  <w>Båda</w>
  <w>partierna</w>
  <w>är</w>
  <w>ytterlighetspartier</w>
  <w>på</w>
  <w>var</w>
  <w>sin</w>
  <w>kant</w>
  <w>!</w>
  <w>.</w>
</absapar>
<absapar id=14>
  <w>#</w>
  <w>P</w>
  <w>IMM</w>
  <w>.</w>
  <w>13</w>
  <w>:</w>
  <w>37</w>
  <w>J</w>
  <w>:</w>
  <w>Att</w>
  <w>tillåta</w>
  <w>att</w>
  <w>representanter</w>
  <w>för</w>
  <w>politiska</w>
  <w>partier</w>
  <w>använder</w>
  <w>arbetsplatser</w>
  <w>som</w>
  <w>en</w>
  <w>plattform</w>
  <w>för</w>
  <w>att</w>
  <w>föra</w>
  <w>ut</w>
  <w>sin</w>
  <w>politik</w>
  <w>innebär</w>
  <w>att</w>
  <w>man</w>
  <w>måste</w>
  <w>tillåta</w>
  <w>de</w>
  <w>anställda</w>
  <w>att</w>
  <w>där</w>
  <w>och</w>
  <w>då</w>
  <w>delta</w>
  <w>i</w>
  <w>det</w>
  <w>politiska</w>
  <w>samtalet</w>
  <w>,</w>
  <w>om</w>
  <w>det</w>
  <w>så</w>
  <w>är</w>
  <w>genom</w>
  <w>att</w>
  <w>demonstrera</w>
  <w>jubla</w>
  <w>eller</w>
  <w>åka</w>
  <w>därifrån</w>
  <w>.</w>
  <w>I</w>
  <w>vanliga</w>
  <w>fall</w>
  <w>är</w>
  <w>politisk</w>
  <w>agitation</w>
  <w>på</w>
  <w>t.ex</w>
  <w>.</w>
  <w>Volvo</w>
  <w>förbjuden</w>
  <w>och</w>
  <w>grund</w>
  <w>för</w>
  <w>uppsägning</w>
  <w>,</w>
  <w>men</w>
  <w>om</w>
  <w>Volvo</w>
  <w>släppt</w>
  <w>in</w>
  <w>Jimmie</w>
  <w>Åkesson</w>
  <w>för</w>
  <w>något</w>
  <w>annat</w>
  <w>än</w>
  <w>ett</w>
  <w>studiebesök</w>
  <w>hade</w>
  <w>de</w>
  <w>fått</w>
  <w>svårt</w>
  <w>att</w>
  <w>förbjuda</w>
  <w>folk</w>
  <w>att</w>
  <w>klistra</w>
  <w>upp</w>
  <w>Rättvisepartiet</w>
  <w>Socialisternas</w>
  <w>förstamaj-affischer</w>
  <w>.</w>
</absapar>
<absapar id=15>
  <w>#</w>
  <w>P</w>
  <w>IMM</w>
  <w>.</w>
  <w>13</w>
  <w>:</w>
  <w>39</w>
  <absaspan id=33>
    <w>Emil</w>
  </absaspan>
  <w>:</w>
  <absaspan id=34 senti=4>
    <w>Bra</w>
    <w>med</w>
  </absaspan>
  <absaspan id=35>
    <w>en</w>
    <w>markering</w>
    <w>mot</w>
    <w>rasisterna</w>
    <w>i</w>
    <w>SD</w>
  </absaspan>
  <w>.</w>
  <absaspan id=36>
    <w>Att</w>
    <w>neka</w>
    <w>dem</w>
    <w>att</w>
    <w>komma</w>
    <w>in</w>
    <w>på</w>
    <w>en</w>
    <w>brandstation</w>
  </absaspan>
  <absaspan id=37 senti=2>
    <w>vet</w>
  </absaspan>
  <w>jag</w>
  <absaspan id=38 senti=2>
    <w>inte</w>
  </absaspan>
  <absaspan id=39 senti=2>
    <w>riktigt</w>
    <w>om</w>
    <w>det</w>
    <w>håller</w>
  </absaspan>
  <w>men</w>
  <absaspan id=40>
    <w>att</w>
    <w>vem</w>
    <w>som</w>
    <w>helst</w>
    <w>traskar</w>
    <w>omkring</w>
    <w>på</w>
    <w>ett</w>
    <w>sjukhus</w>
  </absaspan>
  <absaspan id=41 senti=2>
    <w>är</w>
  </absaspan>
  <absaspan id=42>
    <w>jag</w>
  </absaspan>
  <absaspan id=43 senti=2>
    <w>väldigt</w>
  </absaspan>
  <absaspan id=44 senti=2>
    <w>skeptisk</w>
    <w>mot</w>
  </absaspan>
  <w>.</w>
  <w>Ligger</w>
  <w>jag</w>
  <w>på</w>
  <w>sjukhus</w>
  <w>vill</w>
  <w>jag</w>
  <w>inte</w>
  <w>att</w>
  <w>någon</w>
  <w>jag</w>
  <w>inte</w>
  <w>känner</w>
  <w>klamplar</w>
  <w>in</w>
  <w>på</w>
  <w>mitt</w>
  <w>rum</w>
  <w>oavsett</w>
  <w>om</w>
  <w>det</w>
  <w>är</w>
  <w>en</w>
  <w>SD-rasist</w>
  <w>eller</w>
  <w>en</w>
  <w>normal</w>
  <w>människa</w>
  <w>.</w>
</absapar>
<absapar id=16>
  <w>#</w>
  <w>P</w>
  <w>IMM</w>
  <w>.</w>
  <w>13</w>
  <w>:</w>
  <w>39</w>
  <w>Carina</w>
  <w>Stensson</w>
  <w>:</w>
  <w>Den</w>
  <w>13</w>
  <w>mars</w>
  <w>startade</w>
  <w>diskussionen</w>
  <w>om</w>
  <w>Jimmie</w>
  <w>Åkessons</w>
  <w>besök</w>
  <w>på</w>
  <w>arbetsplatser</w>
  <w>,</w>
  <w>då</w>
  <w>en</w>
  <w>läkare</w>
  <w>på</w>
  <w>sjukhuset</w>
  <w>i</w>
  <w>Umeå</w>
  <w>ställde</w>
  <w>sig</w>
  <w>i</w>
  <w>vägen</w>
  <w>och</w>
  <w>ville</w>
  <w>stoppa</w>
  <w>besöket</w>
  <w>,</w>
  <w>läs</w>
  <w>nyhetsartikel</w>
  <w>här</w>
  <w>.</w>
</absapar>
<absapar id=17>
  <w>#</w>
  <w>P</w>
  <w>IMM</w>
  <w>.</w>
  <w>13</w>
  <w>:</w>
  <w>40</w>
  <w>Carina</w>
  <w>Stensson</w>
  <w>:</w>
  <w>Därefter</w>
  <absaspan id=45 senti=2>
    <w>tog</w>
  </absaspan>
  <absaspan id=46>
    <w>anställda</w>
    <w>i</w>
    <w>Malmö</w>
  </absaspan>
  <absaspan id=47 senti=2>
    <w>ställning</w>
  </absaspan>
  <absaspan id=48 senti=2>
    <w>mot</w>
  </absaspan>
  <absaspan id=49>
    <w>ett</w>
    <w>kommande</w>
    <w>besök</w>
    <w>av</w>
    <w>Åkesson</w>
  </absaspan>
  <w>i</w>
  <w>ett</w>
  <w>öppet</w>
  <w>brev</w>
  <w>,</w>
  <w>se</w>
  <w>nyhetsartikel</w>
  <w>.</w>
  <w>Nu</w>
  <w>är</w>
  <w>det</w>
  <w>alltså</w>
  <w>även</w>
  <absaspan id=50>
    <w>brandmännen</w>
    <w>i</w>
    <w>samma</w>
    <w>stad</w>
  </absaspan>
  <w>som</w>
  <absaspan id=51 senti=2>
    <w>protesterar</w>
  </absaspan>
  <w>(</w>
  <w>DN7</w>
  <w>/</w>
  <w>4</w>
  <w>)</w>
  <w>.</w>
</absapar>
<absapar id=18>
  <w>#</w>
  <w>P</w>
  <w>IMM</w>
  <w>.</w>
  <w>13</w>
  <w>:</w>
  <w>40</w>
  <absaspan id=52>
    <w>Henric</w>
    <w>Zetterberg</w>
  </absaspan>
  <w>:</w>
  <absaspan id=53 senti=2>
    <w>Finns</w>
    <w>det</w>
    <w>inte</w>
    <w>en</w>
    <w>stor</w>
    <w>risk</w>
    <w>eller</w>
    <w>snarare</w>
    <w>realitet</w>
    <w>att</w>
  </absaspan>
  <absaspan id=54>
    <w>väldigt</w>
    <w>många</w>
    <w>medarbetare</w>
    <w>på</w>
    <w>en</w>
    <w>arbetsplats</w>
    <w>mår</w>
    <w>dåligt</w>
    <w>av</w>
    <w>sina</w>
    <w>kollegers</w>
    <w>handlande</w>
    <w>och</w>
    <w>känner</w>
    <w>sig</w>
    <w>rädda</w>
    <w>för</w>
    <w>sina</w>
    <w>arbetskamrater</w>
    <w>och</w>
    <w>tvingade</w>
    <w>till</w>
    <w>tystnad</w>
    <w>då</w>
    <w>några</w>
    <w>högljudda</w>
    <w>kolleger</w>
    <w>med</w>
    <w>dåliga</w>
    <w>och</w>
    <w>misstolkade</w>
    <w>insikter</w>
    <w>om</w>
    <w>SD</w>
    <w>́</w>
    <w>s</w>
    <w>politik</w>
    <w>skriker</w>
    <w>ut</w>
    <w>sina</w>
    <w>inkonsekventa</w>
    <w>åsikter</w>
    <w>?</w>
  </absaspan>
  <w>Det</w>
  <w>är</w>
  <w>ju</w>
  <w>många</w>
  <w>som</w>
  <w>berövas</w>
  <w>på</w>
  <w>något</w>
  <w>de</w>
  <w>kanske</w>
  <w>sett</w>
  <w>fram</w>
  <w>emot</w>
  <w>om</w>
  <w>besöken</w>
  <w>får</w>
  <w>ställas</w>
  <w>in</w>
  <w>.</w>
  <w>Dessutom</w>
  <w>så</w>
  <w>berövar</w>
  <w>textförfattarna</w>
  <w>sig</w>
  <w>själva</w>
  <w>på</w>
  <w>ett</w>
  <absaspan id=55 senti=4>
    <w>unikt</w>
  </absaspan>
  <absaspan id=56>
    <w>tillfälle</w>
  </absaspan>
  <w>att</w>
  <w>reda</w>
  <w>ut</w>
  <w>i</w>
  <w>ett</w>
  <w>personligt</w>
  <w>möte</w>
  <w>om</w>
  <w>deras</w>
  <w>uppfattning</w>
  <w>av</w>
  <w>Jimmie</w>
  <w>och</w>
  <w>politiken</w>
  <w>är</w>
  <w>korrekt</w>
  <w>eller</w>
  <w>någon</w>
  <w>annans</w>
  <w>bild</w>
  <w>de</w>
  <w>köpt</w>
  <w>i</w>
  <w>tex</w>
  <w>en</w>
  <w>tidning</w>
  <w>?</w>
  <w>.</w>
</absapar>
<absapar id=19>
  <w>#</w>
  <w>P</w>
  <w>IMM</w>
  <w>.</w>
  <w>13</w>
  <w>:</w>
  <w>43</w>
  <w>Mats</w>
  <w>Johanzon</w>
  <w>:</w>
  <w>Helt</w>
  <w>rätt</w>
  <w>.</w>
  <w>Privatpersoner</w>
  <w>som</w>
  <w>hamnar</w>
  <w>i</w>
  <w>media</w>
  <w>jämte</w>
  <w>sd</w>
  <w>:</w>
  <w>s</w>
  <w>ledare</w>
  <w>kan</w>
  <w>komma</w>
  <w>att</w>
  <w>råka</w>
  <w>illa</w>
  <w>ut</w>
  <w>senare</w>
  <w>.</w>
  <w>Foton</w>
  <w>mm</w>
  <w>som</w>
  <w>journalisterna</w>
  <w>tar</w>
  <w>kan</w>
  <w>komma</w>
  <w>att</w>
  <w>användas</w>
  <w>som</w>
  <w>bevis</w>
  <w>för</w>
  <w>att</w>
  <w>personen</w>
  <w>i</w>
  <w>fråga</w>
  <w>har</w>
  <w>rasistiska</w>
  <w>åsikter</w>
  <w>.</w>
  <w>Därför</w>
  <w>kan</w>
  <w>man</w>
  <w>inte</w>
  <w>tvinga</w>
  <w>in</w>
  <w>en</w>
  <w>sådan</w>
  <w>politiker</w>
  <w>på</w>
  <w>en</w>
  <w>arbetsplats</w>
  <w>.</w>
  <w>Konsekvenserna</w>
  <w>för</w>
  <w>den</w>
  <w>enskilde</w>
  <w>och</w>
  <w>dennes</w>
  <w>barn</w>
  <w>/</w>
  <w>anhöriga</w>
  <w>kan</w>
  <w>bli</w>
  <w>för</w>
  <w>tuffa</w>
  <w>.</w>
</absapar>
<absapar id=20>
  <w>#</w>
  <w>P</w>
  <w>IMM</w>
  <w>.</w>
  <w>13</w>
  <w>:</w>
  <w>43</w>
  <w>Carina</w>
  <w>Stensson</w>
  <w>:</w>
  <absaspan id=57>
    <w>Vårdförbundet</w>
  </absaspan>
  <absaspan id=58 senti=4>
    <w>kräver</w>
  </absaspan>
  <w>nu</w>
  <absaspan id=59>
    <w>en</w>
    <w>utredning</w>
    <w>inför</w>
    <w>Åkessons</w>
    <w>besök</w>
    <w>i</w>
    <w>Malmö</w>
    <w>på</w>
    <w>onsdag</w>
  </absaspan>
  <w>,</w>
  <w>då</w>
  <w>flera</w>
  <w>anställda</w>
  <w>som</w>
  <w>skrivit</w>
  <w>under</w>
  <w>ett</w>
  <w>öppet</w>
  <w>protestbrev</w>
  <w>har</w>
  <w>mordhotats</w>
  <w>.</w>
  <w>Se</w>
  <w>nyhetsartikel</w>
  <w>här</w>
  <w>.</w>
</absapar>
<absapar id=21>
  <w>#</w>
  <w>P</w>
  <w>IMM</w>
  <w>.</w>
  <w>13</w>
  <w>:</w>
  <w>43</w>
  <absaspan id=60>
    <w>Karl</w>
  </absaspan>
  <w>:</w>
  <w>Det</w>
  <absaspan id=61 senti=2>
    <w>är</w>
    <w>fel</w>
  </absaspan>
  <absaspan id=62>
    <w>om</w>
    <w>inte</w>
    <w>riksdagsmän</w>
    <w>ska</w>
    <w>kunna</w>
    <w>besöka</w>
    <w>skattefinansierade</w>
    <w>verksamheter</w>
    <w>som</w>
    <w>t</w>
    <w>ex</w>
    <w>sjukhus</w>
    <w>etc</w>
  </absaspan>
  <w>bara</w>
  <w>för</w>
  <w>att</w>
  <w>en</w>
  <w>del</w>
  <w>anställda</w>
  <w>har</w>
  <w>annan</w>
  <w>politisk</w>
  <w>uppfattning</w>
  <w>.</w>
</absapar>
<absapar id=22>
  <w>#</w>
  <w>P</w>
  <w>IMM</w>
  <w>.</w>
  <w>13</w>
  <w>:</w>
  <w>44</w>
  <absaspan id=63>
    <w>Fredrik</w>
    <w>G</w>
  </absaspan>
  <w>:</w>
  <w>Jag</w>
  <w>tycker</w>
  <w>det</w>
  <absaspan id=64 senti=1>
    <w>är</w>
    <w>höjden</w>
    <w>av</w>
    <w>hyckleri</w>
  </absaspan>
  <absaspan id=65>
    <w>att</w>
    <w>säga</w>
    <w>sig</w>
    <w>vara</w>
    <w>för</w>
    <w>"</w>
    <w>allas</w>
    <w>lika</w>
    <w>värde</w>
    <w>"</w>
    <w>och</w>
    <w>samtidigt</w>
    <w>ställa</w>
    <w>upp</w>
    <w>på</w>
    <w>detta</w>
    <w>hat</w>
    <w>och</w>
    <w>vuxenmobbning</w>
    <w>mot</w>
    <w>SD</w>
    <w>.</w>
  </absaspan>
  <w>Man</w>
  <w>gör</w>
  <w>ju</w>
  <w>exakt</w>
  <w>det</w>
  <w>som</w>
  <w>man</w>
  <w>påstår</w>
  <w>sig</w>
  <w>vara</w>
  <w>emot</w>
  <w>.</w>
  <w>Att</w>
  <w>öppet</w>
  <w>trakassera</w>
  <w>politiska</w>
  <w>motståndare</w>
  <w>till</w>
  <w>tystnad</w>
  <w>är</w>
  <w>knappast</w>
  <w>"</w>
  <w>mångfald</w>
  <w>"</w>
  <w>.</w>
</absapar>
<absapar id=23>
  <w>#</w>
  <w>P</w>
  <w>IMM</w>
  <w>.</w>
  <w>13</w>
  <w>:</w>
  <w>45</w>
  <w>Alexander</w>
  <w>Guzman</w>
  <w>:</w>
  <w>Demokrati</w>
  <w>och</w>
  <w>yttrandefrihet</w>
  <w>gör</w>
  <w>att</w>
  <w>du</w>
  <w>får</w>
  <w>säga</w>
  <w>(</w>
  <w>nästan</w>
  <w>)</w>
  <w>vad</w>
  <w>du</w>
  <w>vill</w>
  <w>till</w>
  <w>(</w>
  <w>nästan</w>
  <w>)</w>
  <w>vem</w>
  <w>du</w>
  <w>vill</w>
  <w>.</w>
  <w>Men</w>
  <w>det</w>
  <w>betyder</w>
  <w>samtidigt</w>
  <w>att</w>
  <w>du</w>
  <w>kan</w>
  <w>välja</w>
  <w>vem</w>
  <w>du</w>
  <w>vill</w>
  <w>lyssna</w>
  <w>på</w>
  <w>.</w>
  <w>Med</w>
  <w>detta</w>
  <w>resonemang</w>
  <w>gör</w>
  <w>de</w>
  <w>rätt</w>
  <w>i</w>
  <w>att</w>
  <w>åka</w>
  <w>därifrån</w>
  <w>när</w>
  <w>han</w>
  <w>kommer</w>
  <w>dit</w>
  <w>.</w>
  <w>De</w>
  <w>är</w>
  <w>inte</w>
  <w>intresserade</w>
  <w>av</w>
  <w>hans</w>
  <w>budskap</w>
  <w>,</w>
  <w>men</w>
  <w>han</w>
  <w>har</w>
  <w>fortfarande</w>
  <w>rätten</w>
  <w>att</w>
  <w>förmedla</w>
  <w>det</w>
  <w>(</w>
  <w>även</w>
  <w>om</w>
  <w>det</w>
  <w>så</w>
  <w>är</w>
  <w>inför</w>
  <w>tomma</w>
  <w>läktare</w>
  <w>)</w>
  <w>.</w>
</absapar>
<absapar id=24>
  <w>#</w>
  <w>P</w>
  <w>IMM</w>
  <w>.</w>
  <w>13</w>
  <w>:</w>
  <w>46</w>
  <w>Leif</w>
  <w>larsen</w>
  <w>:</w>
  <w>Vi</w>
  <w>påstås</w>
  <w>leva</w>
  <w>i</w>
  <w>en</w>
  <w>demokrati</w>
  <w>.</w>
  <w>Då</w>
  <w>måste</w>
  <w>vi</w>
  <w>också</w>
  <w>acceptera</w>
  <w>alla</w>
  <w>lagliga</w>
  <w>politiska</w>
  <w>partier</w>
  <w>och</w>
  <w>därmed</w>
  <w>låta</w>
  <w>dessa</w>
  <w>få</w>
  <w>möjlighet</w>
  <w>att</w>
  <w>besöka</w>
  <w>olika</w>
  <w>arbetsplatser</w>
  <w>,</w>
  <w>för</w>
  <w>att</w>
  <w>de</w>
  <w>skall</w>
  <w>kunna</w>
  <w>vara</w>
  <w>så</w>
  <w>nära</w>
  <w>verkligheten</w>
  <w>som</w>
  <w>möjligt</w>
  <w>.</w>
  <w>Detta</w>
  <w>utan</w>
  <w>att</w>
  <w>ta</w>
  <w>hänsyn</w>
  <w>till</w>
  <w>ens</w>
  <w>egen</w>
  <w>politiska</w>
  <w>tillhörighet</w>
  <w>eller</w>
  <w>politiska</w>
  <w>åsikt</w>
  <w>.</w>
</absapar>
<absapar id=25>
  <w>#</w>
  <w>P</w>
  <w>IMM</w>
  <w>.</w>
  <w>13</w>
  <w>:</w>
  <w>47</w>
  <absaspan id=66>
    <w>Eva</w>
  </absaspan>
  <w>:</w>
  <absaspan id=67 senti=2>
    <w>Det</w>
    <w>problematiska</w>
    <w>är</w>
  </absaspan>
  <absaspan id=68>
    <w>att</w>
    <w>tidningarna</w>
    <w>alltid</w>
    <w>tycks</w>
    <w>välja</w>
    <w>sida</w>
    <w>i</w>
    <w>sin</w>
    <w>rapportering</w>
    <w>om</w>
    <w>händelser</w>
    <w>i</w>
    <w>sådana</w>
    <w>här</w>
    <w>fall</w>
  </absaspan>
  <w>.</w>
  <w>Man</w>
  <w>låter</w>
  <w>några</w>
  <w>enstaka</w>
  <w>personer</w>
  <w>från</w>
  <w>arbetsplatsen</w>
  <w>sätta</w>
  <w>agendan</w>
  <w>och</w>
  <w>få</w>
  <w>sin</w>
  <w>röst</w>
  <w>hörd</w>
  <w>i</w>
  <w>media</w>
  <w>.</w>
  <w>När</w>
  <w>exempel</w>
  <w>40</w>
  <w>elever</w>
  <w>av</w>
  <w>300</w>
  <w>vägrar</w>
  <w>SD</w>
  <w>inträde</w>
  <w>i</w>
  <w>skolor</w>
  <w>är</w>
  <w>det</w>
  <w>dom</w>
  <w>här</w>
  <w>40</w>
  <w>som</w>
  <w>tycks</w>
  <w>sätta</w>
  <w>agendan</w>
  <w>i</w>
  <w>vad</w>
  <w>man</w>
  <w>kallar</w>
  <w>demokratins</w>
  <w>namn</w>
  <w>.</w>
</absapar>
<absapar id=26>
  <w>#</w>
  <w>P</w>
  <w>IMM</w>
  <w>.</w>
  <w>13</w>
  <w>:</w>
  <w>47</w>
  <w>Ulf</w>
  <w>:</w>
  <absaspan id=69>
    <w>Jag</w>
  </absaspan>
  <absaspan id=70 senti=2>
    <w>har</w>
    <w>svårt</w>
    <w>att</w>
    <w>se</w>
  </absaspan>
  <absaspan id=71>
    <w>att</w>
    <w>en</w>
    <w>arbetsplats</w>
    <w>skall</w>
    <w>tvinga</w>
    <w>sina</w>
    <w>medarbetare</w>
    <w>att</w>
    <w>delta</w>
    <w>i</w>
    <w>något</w>
    <w>politiskt</w>
    <w>evenemang</w>
    <w>,</w>
    <w>oavsett</w>
    <w>färg</w>
  </absaspan>
  <w>.</w>
  <w>På</w>
  <w>arbetet</w>
  <w>gäller</w>
  <w>arbetsplikt</w>
  <w>men</w>
  <w>knappast</w>
  <w>plikt</w>
  <w>att</w>
  <w>delta</w>
  <w>i</w>
  <w>politiska</w>
  <w>möten</w>
  <w>.</w>
  <w>Nyligen</w>
  <w>blev</w>
  <w>en</w>
  <w>hamburgerkedja</w>
  <w>uthängd</w>
  <w>i</w>
  <w>media</w>
  <w>för</w>
  <w>att</w>
  <w>ha</w>
  <w>uttalat</w>
  <w>sig</w>
  <w>kring</w>
  <w>skatter</w>
  <w>på</w>
  <w>arbete</w>
  <w>för</w>
  <w>ungdomar</w>
  <w>.</w>
  <w>Det</w>
  <w>har</w>
  <w>de</w>
  <w>naturligtvis</w>
  <w>all</w>
  <w>rätt</w>
  <w>till</w>
  <w>.</w>
  <w>De</w>
  <w>kan</w>
  <w>,</w>
  <w>som</w>
  <w>arbetsgivare</w>
  <w>,</w>
  <w>dock</w>
  <w>inte</w>
  <w>tvinga</w>
  <w>personal</w>
  <w>att</w>
  <w>delta</w>
  <w>i</w>
  <w>politiska</w>
  <w>möten</w>
  <w>.</w>
</absapar>
<absapar id=27>
  <w>#</w>
  <w>P</w>
  <w>IMM</w>
  <w>.</w>
  <w>13</w>
  <w>:</w>
  <w>48</w>
  <w>Hasse</w>
  <w>F</w>
  <w>:</w>
  <w>Är</w>
  <w>brandmännen</w>
  <w>eniga</w>
  <w>i</w>
  <w>detta</w>
  <w>bör</w>
  <w>det</w>
  <w>respekteras</w>
  <w>!</w>
  <w>.</w>
</absapar>
<absapar id=28>
  <w>#</w>
  <w>P</w>
  <w>IMM</w>
  <w>.</w>
  <w>13</w>
  <w>:</w>
  <w>48</w>
  <absaspan id=72>
    <w>Anders</w>
  </absaspan>
  <w>:</w>
  <w>Hur</w>
  <w>kommer</w>
  <w>det</w>
  <w>sig</w>
  <w>att</w>
  <w>det</w>
  <w>blivit</w>
  <w>norm</w>
  <w>att</w>
  <w>kalla</w>
  <w>alla</w>
  <w>i</w>
  <w>SD</w>
  <w>för</w>
  <w>rasister</w>
  <w>när</w>
  <w>arbetsplatsbesöken</w>
  <w>debatteras</w>
  <w>?</w>
  <w>Man</w>
  <w>kan</w>
  <w>väl</w>
  <w>vara</w>
  <w>kritisk</w>
  <w>till</w>
  <w>invandring</w>
  <w>av</w>
  <w>andra</w>
  <w>skäl</w>
  <w>,</w>
  <w>som</w>
  <w>rent</w>
  <w>ekonomiska</w>
  <w>.</w>
  <absaspan id=73>
    <w>Att</w>
    <w>neka</w>
    <w>besök</w>
    <w>med</w>
    <w>antirasistargument</w>
  </absaspan>
  <absaspan id=74 senti=2>
    <w>håller</w>
    <w>inte</w>
  </absaspan>
  <w>.</w>
</absapar>
<absapar id=29>
  <w>#</w>
  <w>P</w>
  <w>IMM</w>
  <w>.</w>
  <w>13</w>
  <w>:</w>
  <w>48</w>
  <absaspan id=75>
    <w>Eva</w>
  </absaspan>
  <w>:</w>
  <absaspan id=76>
    <w>Att</w>
    <w>en</w>
    <w>lite</w>
    <w>grupp</w>
    <w>människor</w>
    <w>ska</w>
    <w>kunna</w>
    <w>på</w>
    <w>något</w>
    <w>vis</w>
    <w>stoppa</w>
    <w>en</w>
    <w>politiker</w>
    <w>för</w>
    <w>att</w>
    <w>skaffa</w>
    <w>sig</w>
    <w>kunskap</w>
    <w>om</w>
    <w>hur</w>
    <w>samhället</w>
    <w>fungerar</w>
  </absaspan>
  <absaspan id=77 senti=2>
    <w>är</w>
    <w>beklagligt</w>
  </absaspan>
  <w>.</w>
  <w>Sedan</w>
  <w>står</w>
  <w>samma</w>
  <w>lilla</w>
  <w>grupp</w>
  <w>och</w>
  <w>skriker</w>
  <w>demokrati</w>
  <w>,</w>
  <w>fast</w>
  <w>dom</w>
  <w>bara</w>
  <w>är</w>
  <w>en</w>
  <w>betydande</w>
  <w>liten</w>
  <w>del</w>
  <w>av</w>
  <w>alla</w>
  <w>anställda</w>
  <w>.</w>
  <absaspan id=78 senti=2>
    <w>Hur</w>
    <w>tänker</w>
    <w>man</w>
    <w>då</w>
    <w>?</w>
  </absaspan>
  <w>.</w>
</absapar>
<absapar id=30>
  <w>#</w>
  <w>P</w>
  <w>IMM</w>
  <w>.</w>
  <w>13</w>
  <w>:</w>
  <w>49</w>
  <w>Claes</w>
  <w>:</w>
  <w>När</w>
  <w>folk</w>
  <w>blir</w>
  <w>mordhotade</w>
  <w>påvisar</w>
  <w>detta</w>
  <w>att</w>
  <absaspan id=79>
    <w>SD</w>
  </absaspan>
  <absaspan id=80 senti=2>
    <w>inte</w>
    <w>har</w>
    <w>rent</w>
    <w>mjöl</w>
    <w>i</w>
    <w>påsen</w>
    <w>som</w>
    <w>politiskt</w>
    <w>parti</w>
  </absaspan>
  <w>.</w>
</absapar>
<absapar id=31>
  <w>#</w>
  <w>P</w>
  <w>IMM</w>
  <w>.</w>
  <w>13</w>
  <w>:</w>
  <w>49</w>
  <absaspan id=81>
    <w>Erik</w>
    <w>Karlberg</w>
  </absaspan>
  <w>:</w>
  <absaspan id=82 senti=4>
    <w>Man</w>
    <w>kan</w>
    <w>,</w>
    <w>och</w>
    <w>skall</w>
  </absaspan>
  <w>,</w>
  <absaspan id=83>
    <w>rösta</w>
    <w>med</w>
    <w>fötterna</w>
  </absaspan>
  <w>.</w>
  <w>Om</w>
  <w>man</w>
  <w>inte</w>
  <w>vill</w>
  <w>ha</w>
  <w>med</w>
  <w>nazisterna</w>
  <w>att</w>
  <w>göra</w>
  <w>kanske</w>
  <w>man</w>
  <w>inte</w>
  <w>-</w>
  <w>av</w>
  <w>demokratisk</w>
  <w>princip</w>
  <w>-</w>
  <w>kan</w>
  <w>stänga</w>
  <w>ute</w>
  <w>dem</w>
  <w>,</w>
  <w>men</w>
  <w>man</w>
  <w>kan</w>
  <w>definitivt</w>
  <w>vägra</w>
  <w>att</w>
  <w>ha</w>
  <w>med</w>
  <w>dem</w>
  <w>att</w>
  <w>göra</w>
  <w>:</w>
  <w>Vägra</w>
  <w>att</w>
  <w>träffa</w>
  <w>dem</w>
  <w>,</w>
  <w>vägra</w>
  <w>att</w>
  <w>lyssna</w>
  <w>på</w>
  <w>dem</w>
  <w>,</w>
  <w>vägra</w>
  <w>att</w>
  <w>berätta</w>
  <w>vad</w>
  <w>man</w>
  <w>gör</w>
  <w>eller</w>
  <w>hur</w>
  <w>ens</w>
  <w>verksamhet</w>
  <w>fungerar</w>
  <w>.</w>
  <w>Såvitt</w>
  <w>det</w>
  <w>inte</w>
  <w>står</w>
  <w>i</w>
  <w>arbetsbeskrivningen</w>
  <w>förstås</w>
  <w>,</w>
  <w>fast</w>
  <w>det</w>
  <w>tror</w>
  <w>jag</w>
  <w>knappast</w>
  <w>.</w>
</absapar>
<absapar id=32>
  <w>#</w>
  <w>P</w>
  <w>IMM</w>
  <w>.</w>
  <w>13</w>
  <w>:</w>
  <w>50</w>
  <absaspan id=84>
    <w>pehr</w>
    <w>gustaf</w>
    <w>larsson</w>
  </absaspan>
  <w>:</w>
  <w>Nej</w>
  <absaspan id=85 senti=4>
    <w>i</w>
    <w>demokrations</w>
    <w>namn</w>
    <w>så</w>
    <w>borde</w>
    <w>man</w>
  </absaspan>
  <absaspan id=86>
    <w>ta</w>
    <w>emot</w>
    <w>även</w>
    <w>SD</w>
  </absaspan>
  <w>.</w>
  <w>Man</w>
  <w>tar</w>
  <w>tex</w>
  <w>emot</w>
  <w>Reinfeldt</w>
  <w>både</w>
  <w>som</w>
  <w>statsminister</w>
  <w>och</w>
  <w>ordf</w>
  <w>för</w>
  <w>de</w>
  <w>sk</w>
  <w>nya</w>
  <w>moderaterna</w>
  <w>Vi</w>
  <w>skall</w>
  <w>ju</w>
  <w>komma</w>
  <w>ihåg</w>
  <w>en</w>
  <w>sak</w>
  <w>och</w>
  <w>det</w>
  <w>är</w>
  <w>att</w>
  <w>SD</w>
  <w>har</w>
  <w>sett</w>
  <w>till</w>
  <w>att</w>
  <w>invandringen</w>
  <w>kommit</w>
  <w>upp</w>
  <w>på</w>
  <w>dagordningen</w>
  <w>och</w>
  <w>så</w>
  <w>är</w>
  <w>dom</w>
  <w>uttalat</w>
  <w>försvarsvänliga</w>
  <w>.</w>
  <w>Invandringen</w>
  <w>finns</w>
  <w>det</w>
  <w>ju</w>
  <w>ingen</w>
  <w>politiker</w>
  <w>som</w>
  <w>diskuterar</w>
  <w>eller</w>
  <w>ens</w>
  <w>redovisar</w>
  <w>faktiska</w>
  <w>kostnaden</w>
  <w>för</w>
  <w>.</w>
  <w>Så</w>
  <w>nu</w>
  <w>kommer</w>
  <w>jag</w>
  <w>givetvis</w>
  <w>kallas</w>
  <w>rasist</w>
  <w>och</w>
  <w>Sverige</w>
  <w>demokrat</w>
  <w>.</w>
  <w>Det</w>
  <w>är</w>
  <w>ju</w>
  <w>de</w>
  <w>enda</w>
  <w>argumentet</w>
  <w>som</w>
  <absaspan id=87 senti=2>
    <w>extremvänstern</w>
  </absaspan>
  <w>har</w>
  <w>att</w>
  <w>komma</w>
  <w>med</w>
  <w>.</w>
  <w>Själv</w>
  <w>är</w>
  <w>jag</w>
  <w>fd</w>
  <w>moderat</w>
  <w>som</w>
  <w>inte</w>
  <w>vet</w>
  <w>vilket</w>
  <w>parti</w>
  <w>jag</w>
  <w>skall</w>
  <w>rösta</w>
  <w>på</w>
  <w>och</w>
  <w>det</w>
  <w>blir</w>
  <w>inte</w>
  <w>SD</w>
  <w>.</w>
</absapar>
<absapar id=33>
  <w>#</w>
  <w>P</w>
  <w>IMM</w>
  <w>.</w>
  <w>13</w>
  <w>:</w>
  <w>51</w>
  <absaspan id=88>
    <w>Bortom</w>
  </absaspan>
  <w>:</w>
  <absaspan id=89>
    <w>Dessa</w>
    <w>protester</w>
  </absaspan>
  <absaspan id=90 senti=2>
    <w>är</w>
    <w>mer</w>
    <w>PK</w>
    <w>än</w>
    <w>verklig</w>
    <w>övertygelse</w>
  </absaspan>
  <w>.</w>
  <w>.</w>
  <w>i</w>
  <w>fikarummet</w>
  <absaspan id=91 senti=4>
    <w>är</w>
  </absaspan>
  <absaspan id=92>
    <w>var</w>
    <w>och</w>
    <w>varannan</w>
  </absaspan>
  <absaspan id=93 senti=4>
    <w>för</w>
  </absaspan>
  <absaspan id=94>
    <w>den</w>
    <w>politik</w>
    <w>SD</w>
    <w>förespråkar</w>
  </absaspan>
  <w>.</w>
  <w>.</w>
  <w>men</w>
  <w>få</w>
  <w>vågar</w>
  <w>säga</w>
  <w>det</w>
  <w>högt</w>
  <w>.</w>
</absapar>
<absapar id=34>
  <w>#</w>
  <w>P</w>
  <w>IMM</w>
  <w>.</w>
  <w>13</w>
  <w>:</w>
  <w>52</w>
  <w>Leif</w>
  <w>:</w>
  <w>Personalen</w>
  <w>ska</w>
  <w>finnas</w>
  <w>på</w>
  <w>sin</w>
  <w>arbetsplats</w>
  <w>under</w>
  <w>arbetstid</w>
  <w>.</w>
  <w>Demonstrera</w>
  <w>får</w>
  <w>man</w>
  <w>göra</w>
  <w>på</w>
  <w>fritiden</w>
  <w>.</w>
  <w>Ta</w>
  <w>politisk</w>
  <w>ställning</w>
  <w>kan</w>
  <w>man</w>
  <w>göra</w>
  <w>på</w>
  <w>valdagen</w>
  <w>.</w>
</absapar>
<absapar id=35>
  <w>#</w>
  <w>P</w>
  <w>IMM</w>
  <w>.</w>
  <w>13</w>
  <w>:</w>
  <w>53</w>
  <absaspan id=95>
    <w>Sourush</w>
    <w>Ehsani</w>
  </absaspan>
  <w>:</w>
  <w>SD</w>
  <w>är</w>
  <w>ett</w>
  <w>demokratiskt</w>
  <w>valt</w>
  <w>parti</w>
  <w>.</w>
  <absaspan id=96 senti=2>
    <w>Det</w>
    <w>blir</w>
    <w>problematiskt</w>
    <w>om</w>
  </absaspan>
  <absaspan id=97>
    <w>vi</w>
    <w>i</w>
    <w>Sverige</w>
    <w>säger</w>
    <w>att</w>
    <w>vi</w>
    <w>är</w>
    <w>demokrater</w>
    <w>,</w>
    <w>och</w>
    <w>sedan</w>
    <w>agerar</w>
    <w>vi</w>
    <w>utifrån</w>
    <w>någon</w>
    <w>slags</w>
    <w>selektiv</w>
    <w>demokrati</w>
    <w>,</w>
    <w>dvs</w>
    <w>alla</w>
    <w>får</w>
    <w>vara</w>
    <w>med</w>
    <w>bara</w>
    <w>du</w>
    <w>tycker</w>
    <w>som</w>
    <w>majoriteten</w>
    <w>.</w>
  </absaspan>
  <w>Jag</w>
  <w>flydde</w>
  <w>från</w>
  <w>Iran</w>
  <w>till</w>
  <absaspan id=98>
    <w>ett</w>
    <w>land</w>
  </absaspan>
  <w>som</w>
  <w>idag</w>
  <absaspan id=99 senti=2>
    <w>i</w>
    <w>mångt</w>
    <w>och</w>
    <w>mycket</w>
    <w>börjar</w>
    <w>likna</w>
    <w>det</w>
    <w>Iran</w>
    <w>som</w>
    <w>jag</w>
    <w>en</w>
    <w>gång</w>
    <w>flydde</w>
    <w>ifrån</w>
    <w>.</w>
  </absaspan>
  <w>Jag</w>
  <w>är</w>
  <w>vad</w>
  <w>ni</w>
  <w>kallar</w>
  <w>"</w>
  <w>invandrare</w>
  <w>"</w>
  <absaspan id=100 senti=2>
    <w>är</w>
    <w>väldigt</w>
    <w>orolig</w>
    <w>för</w>
  </absaspan>
  <absaspan id=101>
    <w>denna</w>
    <w>utveckling</w>
  </absaspan>
  <w>.</w>
  <w>Jimmie</w>
  <w>Åkesson</w>
  <w>är</w>
  <w>välkommen</w>
  <w>att</w>
  <w>besöka</w>
  <w>mig</w>
  <w>på</w>
  <w>min</w>
  <w>arbetsplats</w>
  <w>.</w>
</absapar>
<absapar id=36>
  <w>#</w>
  <w>P</w>
  <w>IMM</w>
  <w>.</w>
  <w>13</w>
  <w>:</w>
  <w>53</w>
  <w>Emil</w>
  <w>:</w>
  <w>Om</w>
  <w>det</w>
  <w>medför</w>
  <w>en</w>
  <w>risk</w>
  <w>om</w>
  <w>hot</w>
  <w>mot</w>
  <w>anställda</w>
  <w>för</w>
  <w>att</w>
  <w>han</w>
  <w>besöker</w>
  <w>arbetsplatser</w>
  <w>så</w>
  <w>bör</w>
  <w>han</w>
  <w>inte</w>
  <w>bli</w>
  <w>insläppt</w>
  <w>.</w>
  <absaspan id=102 senti=2>
    <w>Det</w>
    <w>kan</w>
    <w>inte</w>
    <w>krävas</w>
  </absaspan>
  <absaspan id=103>
    <w>att</w>
    <w>man</w>
    <w>ska</w>
    <w>få</w>
    <w>utstå</w>
    <w>hot</w>
    <w>för</w>
    <w>att</w>
    <w>man</w>
    <w>jobbar</w>
    <w>på</w>
    <w>en</w>
    <w>arbetsplats</w>
    <w>och</w>
    <w>inte</w>
    <w>vill</w>
    <w>träffa</w>
    <w>en</w>
    <w>politiker</w>
  </absaspan>
  <w>!</w>
  <w>politiker</w>
  <w>har</w>
  <w>inga</w>
  <w>som</w>
  <w>helst</w>
  <w>privilegier</w>
  <w>i</w>
  <w>detta</w>
  <w>sammanhang</w>
  <w>.</w>
  <w>En</w>
  <w>person</w>
  <w>/</w>
  <w>anställd</w>
  <w>som</w>
  <w>inte</w>
  <w>vill</w>
  <w>träffa</w>
  <w>Jimmie</w>
  <w>Åkesson</w>
  <w>ska</w>
  <w>inte</w>
  <w>behöva</w>
  <w>bli</w>
  <w>tvingad</w>
  <w>av</w>
  <w>honom</w>
  <w>till</w>
  <w>det</w>
  <w>och</w>
  <w>definitivt</w>
  <w>inte</w>
  <w>bli</w>
  <w>hotad</w>
  <w>för</w>
  <w>det</w>
  <w>.</w>
  <w>Hur</w>
  <w>är</w>
  <w>det</w>
  <w>med</w>
  <w>anställda</w>
  <w>på</w>
  <w>en</w>
  <w>arbetsplats</w>
  <w>som</w>
  <w>kommer</w>
  <w>från</w>
  <w>söder</w>
  <w>om</w>
  <w>alperna</w>
  <w>?</w>
  <w>Borde</w>
  <w>inte</w>
  <w>de</w>
  <w>få</w>
  <w>jobba</w>
  <w>ifred</w>
  <w>utan</w>
  <w>att</w>
  <w>på</w>
  <w>arbetstid</w>
  <w>bli</w>
  <w>häcklade</w>
  <w>av</w>
  <w>fascister</w>
  <w>?</w>
  <w>.</w>
</absapar>
<absapar id=37>
  <w>#</w>
  <w>P</w>
  <w>IMM</w>
  <w>.</w>
  <w>13</w>
  <w>:</w>
  <w>55</w>
  <absaspan id=104>
    <w>Lasse</w>
  </absaspan>
  <w>:</w>
  <w>Det</w>
  <w>är</w>
  <w>just</w>
  <absaspan id=105 senti=2>
    <w>denna</w>
    <w>odemokratiska</w>
    <w>anda</w>
  </absaspan>
  <w>som</w>
  <w>fått</w>
  <w>mig</w>
  <w>att</w>
  <w>överväga</w>
  <w>att</w>
  <w>rösta</w>
  <w>på</w>
  <w>SD</w>
  <w>för</w>
  <w>första</w>
  <w>gången</w>
  <w>detta</w>
  <w>val</w>
  <w>.</w>
</absapar>
<absapar id=38>
  <w>#</w>
  <w>P</w>
  <w>IMM</w>
  <w>.</w>
  <w>13</w>
  <w>:</w>
  <w>56</w>
  <w>Karl</w>
  <w>T</w>
  <w>:</w>
  <w>Anders</w>
  <w>:</w>
  <w>få</w>
  <w>partier</w>
  <w>,</w>
  <w>om</w>
  <w>knappt</w>
  <w>några</w>
  <w>andra</w>
  <w>,</w>
  <w>har</w>
  <w>hot</w>
  <w>och</w>
  <w>förföljelser</w>
  <w>i</w>
  <w>svansen</w>
  <w>om</w>
  <w>man</w>
  <w>kritiserar</w>
  <w>dem</w>
  <w>.</w>
  <w>Att</w>
  <absaspan id=106>
    <w>SD</w>
  </absaspan>
  <absaspan id=107 senti=2>
    <w>har</w>
    <w>rötter</w>
    <w>i</w>
    <w>rasism</w>
  </absaspan>
  <w>går</w>
  <w>inte</w>
  <w>att</w>
  <w>förneka</w>
  <w>,</w>
  <w>så</w>
  <w>om</w>
  <w>brandmännen</w>
  <w>har</w>
  <w>jobbat</w>
  <w>för</w>
  <w>att</w>
  <w>få</w>
  <w>slut</w>
  <w>på</w>
  <w>stenkastning</w>
  <w>och</w>
  <w>dylikt</w>
  <w>(</w>
  <w>vilket</w>
  <w>de</w>
  <w>har</w>
  <w>lyckats</w>
  <w>med</w>
  <w>)</w>
  <w>så</w>
  <w>har</w>
  <w>de</w>
  <w>all</w>
  <w>rätt</w>
  <w>att</w>
  <w>visa</w>
  <w>sin</w>
  <w>ståndpunkt</w>
  <w>för</w>
  <w>att</w>
  <w>skydda</w>
  <w>sitt</w>
  <w>arbete</w>
  <w>.</w>
  <absaspan id=108 senti=2>
    <w>Om</w>
    <w>det</w>
    <w>är</w>
    <w>några</w>
    <w>som</w>
    <w>är</w>
    <w>hycklare</w>
    <w>så</w>
    <w>är</w>
    <w>det</w>
  </absaspan>
  <absaspan id=109 senti=2>
    <w>SD</w>
  </absaspan>
  <w>.</w>
  <absaspan id=110 senti=2>
    <w>Drar</w>
    <w>på</w>
    <w>sig</w>
    <w>offerkoftan</w>
    <w>så</w>
    <w>fort</w>
    <w>de</w>
    <w>bara</w>
    <w>kan</w>
  </absaspan>
  <w>.</w>
  <w>Sen</w>
  <w>ska</w>
  <absaspan id=111>
    <w>våra</w>
    <w>folkvalda</w>
    <w>politiker</w>
  </absaspan>
  <w>kunna</w>
  <w>ta</w>
  <w>debatten</w>
  <w>-</w>
  <w>med</w>
  <w>alla</w>
  <w>partier</w>
  <w>.</w>
  <absaspan id=112 senti=2>
    <w>Det</w>
    <w>har</w>
    <w>de</w>
    <w>varit</w>
    <w>dåliga</w>
    <w>på</w>
  </absaspan>
  <w>.</w>
</absapar>
<absapar id=39>
  <w>#</w>
  <w>P</w>
  <w>IMM</w>
  <w>.</w>
  <w>13</w>
  <w>:</w>
  <w>56</w>
  <w>skogsharen</w>
  <w>:</w>
  <w>Ang</w>
  <w>.</w>
  <w>hot</w>
  <w>mot</w>
  <w>de</w>
  <w>som</w>
  <w>protesterar</w>
  <w>mot</w>
  <w>SD-besöken</w>
  <w>.</w>
  <w>SD</w>
  <w>måste</w>
  <w>tydligt</w>
  <w>och</w>
  <w>återkommande</w>
  <w>gå</w>
  <w>ut</w>
  <w>och</w>
  <w>deklarera</w>
  <w>att</w>
  <w>man</w>
  <w>inte</w>
  <w>accepterar</w>
  <w>sådant</w>
  <w>beteende</w>
  <w>i</w>
  <w>deras</w>
  <w>namn</w>
  <w>.</w>
</absapar>
<absapar id=40>
  <w>#</w>
  <w>P</w>
  <w>IMM</w>
  <w>.</w>
  <w>13</w>
  <w>:</w>
  <w>57</w>
  <absaspan id=113>
    <w>Rick</w>
  </absaspan>
  <w>:</w>
  <w>Jag</w>
  <w>tycker</w>
  <w>det</w>
  <absaspan id=114 senti=1>
    <w>är</w>
    <w>en</w>
    <w>avskyvärd</w>
    <w>flockmentalitet</w>
    <w>som</w>
    <w>präglar</w>
  </absaspan>
  <absaspan id=115>
    <w>kritiken</w>
    <w>mot</w>
    <w>SD</w>
  </absaspan>
  <w>.</w>
  <absaspan id=116 senti=2>
    <w>Bakom</w>
  </absaspan>
  <absaspan id=117>
    <w>denna</w>
    <w>kritik</w>
  </absaspan>
  <absaspan id=118 senti=2>
    <w>ligger</w>
  </absaspan>
  <absaspan id=119 senti=2>
    <w>samma</w>
    <w>intoleranta</w>
    <w>attityder</w>
    <w>som</w>
    <w>man</w>
    <w>tillskriver</w>
    <w>SD</w>
  </absaspan>
  <w>.</w>
  <w>SD</w>
  <w>representerar</w>
  <w>10</w>
  <w>procent</w>
  <w>av</w>
  <w>svenska</w>
  <w>folket</w>
  <w>och</w>
  <w>bör</w>
  <w>ha</w>
  <w>samma</w>
  <w>rättigheter</w>
  <w>som</w>
  <w>alla</w>
  <w>demokratiskt</w>
  <w>valda</w>
  <w>partier</w>
  <w>.</w>
</absapar>
<absapar id=41>
  <w>#</w>
  <w>P</w>
  <w>IMM</w>
  <w>.</w>
  <w>13</w>
  <w>:</w>
  <w>57</w>
  <w>Paternoster</w>
  <w>:</w>
  <w>Alla</w>
  <w>dom</w>
  <w>här</w>
  <w>hoten</w>
  <w>som</w>
  <w>berättas</w>
  <w>om</w>
  <w>;</w>
  <w>är</w>
  <w>dom</w>
  <w>polisanmälda</w>
  <w>?</w>
  <w>.</w>
</absapar>
<absapar id=42>
  <w>#</w>
  <w>P</w>
  <w>IMM</w>
  <w>.</w>
  <w>14</w>
  <w>:</w>
  <w>00</w>
  <w>Henric</w>
  <w>Zetterberg</w>
  <w>:</w>
  <w>De</w>
  <w>så</w>
  <w>kallade</w>
  <w>mordhoten</w>
  <w>,</w>
  <w>det</w>
  <absaspan id=120 senti=4>
    <w>hade</w>
    <w>varit</w>
    <w>intressant</w>
    <w>ifall</w>
  </absaspan>
  <absaspan id=121>
    <w>det</w>
    <w>klargjordes</w>
    <w>vem</w>
    <w>/</w>
    <w>vilka</w>
    <w>de</w>
    <w>kommer</w>
    <w>ifrån</w>
    <w>?</w>
  </absaspan>
  <absaspan id=122>
    <w>Jag</w>
  </absaspan>
  <absaspan id=123 senti=2>
    <w>är</w>
    <w>mycket</w>
    <w>tveksam</w>
    <w>till</w>
  </absaspan>
  <absaspan id=124>
    <w>att</w>
    <w>någon</w>
    <w>Sverigedemokrat</w>
    <w>,</w>
    <w>medlem</w>
    <w>som</w>
    <w>aktiv</w>
    <w>skulle</w>
    <w>stå</w>
    <w>bakom</w>
    <w>ett</w>
    <w>sådant</w>
  </absaspan>
  <absaspan id=125 senti=2>
    <w>idiotiskt</w>
  </absaspan>
  <absaspan id=126>
    <w>agerande</w>
  </absaspan>
  <w>då</w>
  <w>dessa</w>
  <w>"</w>
  <w>debattörer</w>
  <w>"</w>
  <w>mest</w>
  <w>ses</w>
  <w>som</w>
  <w>nyttiga</w>
  <w>idioter</w>
  <w>och</w>
  <w>valarbetare</w>
  <w>av</w>
  <w>SD</w>
  <w>́</w>
  <w>s</w>
  <w>medlemmar</w>
  <w>.</w>
</absapar>
<absapar id=43>
  <w>#</w>
  <w>P</w>
  <w>IMM</w>
  <w>.</w>
  <w>14</w>
  <w>:</w>
  <w>00</w>
  <absaspan id=127>
    <w>Studenten</w>
  </absaspan>
  <w>:</w>
  <w>Men</w>
  <w>när</w>
  <w>ska</w>
  <w>folk</w>
  <w>fatta</w>
  <w>att</w>
  <w>Sverige</w>
  <w>inte</w>
  <w>har</w>
  <w>ett</w>
  <w>problem</w>
  <w>med</w>
  <w>invandring</w>
  <w>!</w>
  <w>Det</w>
  <w>handlar</w>
  <w>bara</w>
  <w>om</w>
  <w>ett</w>
  <w>klassförtryck</w>
  <w>!</w>
  <absaspan id=128 senti=2>
    <w>Vi</w>
    <w>har</w>
    <w>problem</w>
    <w>med</w>
  </absaspan>
  <absaspan id=129>
    <w>segregering</w>
    <w>,</w>
    <w>rasism</w>
    <w>och</w>
    <w>utanförskap</w>
  </absaspan>
  <w>-</w>
  <w>inte</w>
  <w>invandring</w>
  <w>.</w>
  <w>Vi</w>
  <w>har</w>
  <w>gott</w>
  <w>om</w>
  <w>plats</w>
  <w>i</w>
  <w>Sverige</w>
  <w>!</w>
  <w>.</w>
</absapar>
<absapar id=44>
  <w>#</w>
  <w>P</w>
  <w>IMM</w>
  <w>.</w>
  <w>14</w>
  <w>:</w>
  <w>00</w>
  <w>Alexander</w>
  <w>Guzman</w>
  <w>:</w>
  <w>Lasse</w>
  <w>:</w>
  <w>Varför</w>
  <w>vill</w>
  <w>du</w>
  <w>rösta</w>
  <w>på</w>
  <w>SD</w>
  <w>för</w>
  <w>att</w>
  <w>några</w>
  <w>inte</w>
  <w>vill</w>
  <w>lyssna</w>
  <w>på</w>
  <w>dem</w>
  <w>?</w>
  <w>SD</w>
  <w>har</w>
  <w>rätt</w>
  <w>att</w>
  <w>sprida</w>
  <w>propaganda</w>
  <w>,</w>
  <w>men</w>
  <w>vi</w>
  <w>har</w>
  <w>rätt</w>
  <w>att</w>
  <w>välja</w>
  <w>om</w>
  <w>vi</w>
  <w>vill</w>
  <w>lyssna</w>
  <w>eller</w>
  <w>inte</w>
  <w>.</w>
  <w>Det</w>
  <w>är</w>
  <w>inte</w>
  <w>svårare</w>
  <w>än</w>
  <w>så</w>
  <w>.</w>
</absapar>
<absapar id=45>
  <w>#</w>
  <w>P</w>
  <w>IMM</w>
  <w>.</w>
  <w>14</w>
  <w>:</w>
  <w>00</w>
  <absaspan id=130>
    <w>Sara</w>
  </absaspan>
  <w>:</w>
  <w>Emil</w>
  <w>:</w>
  <absaspan id=131 senti=2>
    <w>Våldsvänstern</w>
  </absaspan>
  <w>brukar</w>
  <w>rycka</w>
  <w>ut</w>
  <w>vid</w>
  <w>många</w>
  <w>tillfällen</w>
  <w>och</w>
  <absaspan id=132 senti=2>
    <w>hotar</w>
    <w>lika</w>
    <w>bra</w>
    <w>de</w>
  </absaspan>
  <w>.</w>
  <w>Borde</w>
  <w>vi</w>
  <w>alla</w>
  <w>inte</w>
  <w>likväl</w>
  <w>slippa</w>
  <w>dessa</w>
  <w>?</w>
  <w>.</w>
</absapar>
<absapar id=46>
  <w>#</w>
  <w>P</w>
  <w>IMM</w>
  <w>.</w>
  <w>14</w>
  <w>:</w>
  <w>00</w>
  <w>danne</w>
  <w>:</w>
  <w>@</w>
  <w>Claes</w>
  <w>du</w>
  <w>tror</w>
  <w>inte</w>
  <w>dom</w>
  <w>som</w>
  <w>är</w>
  <w>emot</w>
  <w>sd</w>
  <w>har</w>
  <w>mer</w>
  <w>att</w>
  <w>vinna</w>
  <w>på</w>
  <w>att</w>
  <w>"</w>
  <w>sd</w>
  <w>:</w>
  <w>are</w>
  <w>mordhotar</w>
  <w>"</w>
  <w>än</w>
  <w>sd</w>
  <w>:</w>
  <w>arna</w>
  <w>sjävla</w>
  <w>.</w>
  <w>använd</w>
  <w>kritiskt</w>
  <w>tänkade</w>
  <w>lite</w>
  <w>.</w>
</absapar>
<absapar id=47>
  <w>#</w>
  <w>P</w>
  <w>IMM</w>
  <w>.</w>
  <w>14</w>
  <w>:</w>
  <w>02</w>
  <w>Johannes</w>
  <w>:</w>
  <w>Men</w>
  <w>ett</w>
  <w>parti</w>
  <w>som</w>
  <w>Sverigedemokraterna</w>
  <w>,</w>
  <w>som</w>
  <w>inte</w>
  <w>direkt</w>
  <w>är</w>
  <w>de</w>
  <w>ivrigaste</w>
  <w>förespråkarna</w>
  <w>för</w>
  <w>alla</w>
  <w>människors</w>
  <w>lika</w>
  <w>värde</w>
  <w>,</w>
  <w>utan</w>
  <w>själva</w>
  <w>är</w>
  <w>ganska</w>
  <w>ivriga</w>
  <w>när</w>
  <w>det</w>
  <w>gäller</w>
  <w>diskriminering</w>
  <w>,</w>
  <w>måste</w>
  <w>väl</w>
  <w>ha</w>
  <w>viss</w>
  <w>förståelse</w>
  <w>för</w>
  <w>andra</w>
  <w>människors</w>
  <w>behov</w>
  <w>av</w>
  <w>att</w>
  <w>få</w>
  <w>diskriminera</w>
  <w>vem</w>
  <w>de</w>
  <w>vill</w>
  <w>?</w>
  <absaspan id=133>
    <w>Vi</w>
  </absaspan>
  <w>som</w>
  <w>ser</w>
  <absaspan id=134>
    <w>Sverigedemokraterna</w>
  </absaspan>
  <w>som</w>
  <absaspan id=135 senti=2>
    <w>ett</w>
    <w>främmande</w>
    <w>och</w>
    <w>obehagligt</w>
    <w>element</w>
  </absaspan>
  <w>,</w>
  <w>måste</w>
  <w>väl</w>
  <w>få</w>
  <w>utöva</w>
  <w>samma</w>
  <w>form</w>
  <w>av</w>
  <w>diskriminering</w>
  <w>som</w>
  <w>de</w>
  <w>själva</w>
  <w>anser</w>
  <w>vara</w>
  <w>korrekt</w>
  <w>i</w>
  <w>de</w>
  <w>frågor</w>
  <w>de</w>
  <w>är</w>
  <w>engagerade</w>
  <w>i</w>
  <w>?</w>
  <w>.</w>
</absapar>
<absapar id=48>
  <w>#</w>
  <w>P</w>
  <w>IMM</w>
  <w>.</w>
  <w>14</w>
  <w>:</w>
  <w>05</w>
  <w>Tim</w>
  <w>:</w>
  <w>Saken</w>
  <w>är</w>
  <w>den</w>
  <w>att</w>
  <w>man</w>
  <w>antagligen</w>
  <w>fått</w>
  <w>sparken</w>
  <w>eller</w>
  <w>kraftiga</w>
  <w>varningar</w>
  <w>om</w>
  <w>man</w>
  <w>vägrat</w>
  <w>släppa</w>
  <w>in</w>
  <w>Reinfeld</w>
  <w>eller</w>
  <w>Löfven</w>
  <w>,</w>
  <w>och</w>
  <w>media</w>
  <w>hade</w>
  <w>antagligen</w>
  <w>inte</w>
  <w>tagit</w>
  <w>upp</w>
  <w>det</w>
  <w>eller</w>
  <w>hanterat</w>
  <w>det</w>
  <w>extremt</w>
  <w>annorlunda</w>
  <w>.</w>
</absapar>
<absapar id=49>
  <w>#</w>
  <w>P</w>
  <w>IMM</w>
  <w>.</w>
  <w>14</w>
  <w>:</w>
  <w>05</w>
  <w>Carina</w>
  <w>Stensson</w>
  <w>:</w>
  <w>Jimmie</w>
  <w>Åkesson</w>
  <w>tänker</w>
  <w>besöka</w>
  <w>ett</w>
  <w>60</w>
  <w>-</w>
  <w>tal</w>
  <w>arbetsplatser</w>
  <w>i</w>
  <w>20</w>
  <w>kommuner</w>
  <w>fram</w>
  <w>till</w>
  <w>påsk</w>
  <w>,</w>
  <w>rapporterade</w>
  <w>DN</w>
  <w>nyligen</w>
  <w>,</w>
  <w>läs</w>
  <w>artikeln</w>
  <w>här</w>
  <w>.</w>
</absapar>
<absapar id=50>
  <w>#</w>
  <w>P</w>
  <w>IMM</w>
  <w>.</w>
  <w>14</w>
  <w>:</w>
  <w>07</w>
  <absaspan id=136>
    <w>Samen</w>
  </absaspan>
  <w>:</w>
  <w>Det</w>
  <w>är</w>
  <w>tydligt</w>
  <w>att</w>
  <w>det</w>
  <w>är</w>
  <absaspan id=137>
    <w>de</w>
    <w>som</w>
    <w>använder</w>
    <w>rasistkortet</w>
  </absaspan>
  <w>som</w>
  <w>verkligen</w>
  <w>behöver</w>
  <w>träffa</w>
  <w>Jimmie</w>
  <w>Åkesson</w>
  <w>och</w>
  <w>ta</w>
  <w>reda</w>
  <w>på</w>
  <w>vad</w>
  <w>Sverigedemokraternas</w>
  <w>politik</w>
  <w>går</w>
  <w>ut</w>
  <w>på</w>
  <w>istället</w>
  <w>för</w>
  <w>att</w>
  <w>lita</w>
  <w>blint</w>
  <w>på</w>
  <w>de</w>
  <w>som</w>
  <w>skriker</w>
  <w>rasist</w>
  <w>så</w>
  <w>fort</w>
  <w>minsta</w>
  <w>kritik</w>
  <w>mot</w>
  <w>invandring</w>
  <w>yttras</w>
  <w>.</w>
  <absaspan id=138 senti=2>
    <w>Snacka</w>
    <w>om</w>
    <w>strutsbeteende</w>
    <w>och</w>
    <w>antidemokratiskt</w>
  </absaspan>
  <w>.</w>
</absapar>
<absapar id=51>
  <w>#</w>
  <w>P</w>
  <w>IMM</w>
  <w>.</w>
  <w>14</w>
  <w>:</w>
  <w>08</w>
  <w>Clas</w>
  <w>:</w>
  <absaspan id=139>
    <w>Många</w>
    <w>här</w>
  </absaspan>
  <w>påstår</w>
  <w>att</w>
  <absaspan id=140 senti=2>
    <w>SD</w>
    <w>frånas</w>
    <w>sina</w>
    <w>demokratiska</w>
    <w>rättigheter</w>
  </absaspan>
  <w>.</w>
  <w>Upplys</w>
  <w>oss</w>
  <w>ovetande</w>
  <w>vilka</w>
  <w>rättigheter</w>
  <w>de</w>
  <w>blivit</w>
  <w>fråntagna</w>
  <w>!</w>
  <w>.</w>
</absapar>
<absapar id=52>
  <w>#</w>
  <w>P</w>
  <w>IMM</w>
  <w>.</w>
  <w>14</w>
  <w>:</w>
  <w>09</w>
  <w>Carina</w>
  <w>Stensson</w>
  <w>:</w>
  <w>Flera</w>
  <w>i</w>
  <w>diskussionen</w>
  <w>frågar</w>
  <w>om</w>
  <w>hur</w>
  <w>reglerna</w>
  <w>egentligen</w>
  <w>ser</w>
  <w>ut</w>
  <w>,</w>
  <w>och</w>
  <w>det</w>
  <w>verkar</w>
  <w>inte</w>
  <w>vara</w>
  <w>så</w>
  <w>enhetligt</w>
  <w>utan</w>
  <w>upp</w>
  <w>till</w>
  <w>olika</w>
  <w>verksamheter</w>
  <w>och</w>
  <w>företag</w>
  <w>att</w>
  <w>välja</w>
  <w>hur</w>
  <w>de</w>
  <w>vill</w>
  <w>göra</w>
  <w>,</w>
  <w>här</w>
  <w>finns</w>
  <w>en</w>
  <w>DN-artikel</w>
  <w>som</w>
  <w>tar</w>
  <w>upp</w>
  <w>frågan</w>
  <w>.</w>
</absapar>
<absapar id=53>
  <w>#</w>
  <w>P</w>
  <w>IMM</w>
  <w>.</w>
  <w>14</w>
  <w>:</w>
  <w>09</w>
  <absaspan id=141>
    <w>Kurt</w>
  </absaspan>
  <w>:</w>
  <w>Kan</w>
  <absaspan id=142>
    <w>ni</w>
    <w>i</w>
    <w>media</w>
  </absaspan>
  <w>göra</w>
  <w>ert</w>
  <w>jobb</w>
  <w>och</w>
  <w>utreda</w>
  <w>organisationen</w>
  <w>bakom</w>
  <w>dessa</w>
  <w>politiska</w>
  <w>bojkotter</w>
  <w>för</w>
  <w>att</w>
  <w>förhindra</w>
  <w>debatt</w>
  <w>i</w>
  <w>samhället</w>
  <w>?</w>
  <absaspan id=143 senti=2>
    <w>.</w>
  </absaspan>
</absapar>
<absapar id=54>
  <w>#</w>
  <w>P</w>
  <w>IMM</w>
  <w>.</w>
  <w>14</w>
  <w>:</w>
  <w>09</w>
  <absaspan id=144>
    <w>Gustaf</w>
  </absaspan>
  <w>:</w>
  <w>Utifrån</w>
  <w>en</w>
  <w>demokratisk</w>
  <w>aspekt</w>
  <w>anser</w>
  <w>jag</w>
  <w>att</w>
  <w>det</w>
  <absaspan id=145 senti=4>
    <w>är</w>
    <w>helt</w>
    <w>legitimt</w>
    <w>att</w>
  </absaspan>
  <absaspan id=146>
    <w>bojkotta</w>
    <w>partier</w>
    <w>som</w>
    <w>inte</w>
    <w>stödjer</w>
    <w>demokratin</w>
  </absaspan>
  <w>.</w>
  <absaspan id=147 senti=1>
    <w>Är</w>
    <w>så</w>
    <w>fruktansvärt</w>
    <w>trött</w>
  </absaspan>
  <absaspan id=148>
    <w>att</w>
    <w>folk</w>
    <w>"</w>
    <w>daddar</w>
    <w>"</w>
    <w>med</w>
    <w>SD</w>
  </absaspan>
  <w>.</w>
  <absaspan id=149 senti=2>
    <w>Sätt</w>
    <w>ner</w>
    <w>foten</w>
    <w>för</w>
  </absaspan>
  <absaspan id=150>
    <w>neofascismen</w>
  </absaspan>
  <w>för</w>
  <w>att</w>
  <w>bevara</w>
  <w>demokratin</w>
  <w>!</w>
  <w>.</w>
</absapar>
<absapar id=55>
  <w>#</w>
  <w>P</w>
  <w>IMM</w>
  <w>.</w>
  <w>14</w>
  <w>:</w>
  <w>12</w>
  <absaspan id=151>
    <w>skogsharen</w>
  </absaspan>
  <w>:</w>
  <w>@</w>
  <w>Studenten</w>
  <w>:</w>
  <w>alla</w>
  <w>delar</w>
  <w>inte</w>
  <w>din</w>
  <w>övertygelse</w>
  <w>om</w>
  <w>att</w>
  <w>problemen</w>
  <w>med</w>
  <w>invandring</w>
  <w>handlar</w>
  <w>om</w>
  <w>klassförtryck</w>
  <w>,</w>
  <w>utan</w>
  <absaspan id=152 senti=2>
    <w>ser</w>
    <w>istället</w>
    <w>de</w>
    <w>socioekonomiska</w>
    <w>problemen</w>
    <w>som</w>
    <w>en</w>
    <w>närmast</w>
    <w>oundviklig</w>
    <w>del</w>
    <w>av</w>
  </absaspan>
  <absaspan id=153>
    <w>en</w>
    <w>alltför</w>
    <w>omfattande</w>
    <w>icke-selektiv</w>
    <w>invandring</w>
  </absaspan>
  <absaspan id=154>
    <w>.</w>
  </absaspan>
  <w>Och</w>
  <w>där</w>
  <w>kommer</w>
  <w>SD</w>
  <w>in</w>
  <w>då</w>
  <absaspan id=155>
    <w>övriga</w>
    <w>partier</w>
  </absaspan>
  <absaspan id=156 senti=2>
    <w>gömmer</w>
    <w>huvudet</w>
    <w>i</w>
    <w>sanden</w>
  </absaspan>
  <w>.</w>
</absapar>
<absapar id=56>
  <w>#</w>
  <w>P</w>
  <w>IMM</w>
  <w>.</w>
  <w>14</w>
  <w>:</w>
  <w>12</w>
  <w>Samen</w>
  <w>:</w>
  <w>Till</w>
  <w>studenten</w>
  <w>:</w>
  <w>Gott</w>
  <w>om</w>
  <w>plats</w>
  <w>finns</w>
  <w>det</w>
  <w>i</w>
  <w>Lappland</w>
  <w>kanske</w>
  <w>,</w>
  <w>men</w>
  <w>har</w>
  <w>du</w>
  <w>helt</w>
  <w>missat</w>
  <w>att</w>
  <w>det</w>
  <w>är</w>
  <w>både</w>
  <w>bostadsbrist</w>
  <w>och</w>
  <w>hög</w>
  <w>arbetslöshet</w>
  <w>i</w>
  <w>en</w>
  <w>stor</w>
  <w>del</w>
  <w>av</w>
  <w>landet</w>
  <w>?</w>
  <absaspan id=157 senti=2>
    <w>Löser</w>
    <w>man</w>
    <w>det</w>
    <w>genom</w>
  </absaspan>
  <absaspan id=158>
    <w>att</w>
    <w>fylla</w>
    <w>på</w>
    <w>med</w>
    <w>fler</w>
    <w>människor</w>
  </absaspan>
  <absaspan id=159 senti=2>
    <w>?</w>
  </absaspan>
  <w>.</w>
</absapar>
<absapar id=57>
  <w>#</w>
  <w>P</w>
  <w>IMM</w>
  <w>.</w>
  <w>14</w>
  <w>:</w>
  <w>12</w>
  <w>mannen</w>
  <w>:</w>
  <w>Det</w>
  <w>går</w>
  <w>bra</w>
  <w>att</w>
  <w>ha</w>
  <w>synpunkter</w>
  <w>på</w>
  <w>hur</w>
  <w>mycket</w>
  <w>pengar</w>
  <w>som</w>
  <w>ska</w>
  <w>fördelas</w>
  <w>till</w>
  <w>pensionärer</w>
  <w>,</w>
  <w>studenter</w>
  <w>,</w>
  <w>handikappade</w>
  <w>eller</w>
  <w>barn.Men</w>
  <w>har</w>
  <w>man</w>
  <absaspan id=160>
    <w>synpunkter</w>
    <w>på</w>
    <w>hur</w>
    <w>mycket</w>
    <w>pengar</w>
    <w>som</w>
    <w>läggs</w>
    <w>på</w>
    <w>invandringen</w>
  </absaspan>
  <absaspan id=161 senti=2>
    <w>blir</w>
  </absaspan>
  <w>dett</w>
  <absaspan id=162 senti=2>
    <w>uppror</w>
  </absaspan>
  <absaspan id=163 senti=2>
    <w>i</w>
    <w>ankdammen</w>
  </absaspan>
  <absaspan id=164>
    <w>.</w>
  </absaspan>
</absapar>
<absapar id=58>
  <w>#</w>
  <w>P</w>
  <w>IMM</w>
  <w>.</w>
  <w>14</w>
  <w>:</w>
  <w>12</w>
  <absaspan id=165>
    <w>mannen</w>
  </absaspan>
  <w>:</w>
  <absaspan id=166 senti=4>
    <w>Strålande</w>
    <w>med</w>
  </absaspan>
  <absaspan id=167>
    <w>politiker</w>
    <w>som</w>
    <w>gör</w>
    <w>arbetsplatsbesök</w>
  </absaspan>
  <w>,</w>
  <w>en</w>
  <w>inblick</w>
  <w>i</w>
  <w>hur</w>
  <w>verkligheten</w>
  <w>ser</w>
  <w>ut</w>
  <w>borde</w>
  <w>fler</w>
  <w>politiker</w>
  <w>ägna</w>
  <w>sig</w>
  <w>åt</w>
  <w>!</w>
  <w>.</w>
</absapar>
<absapar id=59>
  <w>#</w>
  <w>P</w>
  <w>IMM</w>
  <w>.</w>
  <w>14</w>
  <w>:</w>
  <w>20</w>
  <w>Claes</w>
  <w>:</w>
  <w>Det</w>
  <w>finns</w>
  <w>ingen</w>
  <w>skyldighet</w>
  <w>för</w>
  <w>brandmännen</w>
  <w>att</w>
  <w>jamsa</w>
  <w>med</w>
  <w>företrädaren</w>
  <w>för</w>
  <w>ett</w>
  <w>"</w>
  <absaspan id=168 senti=1>
    <w>reformerat</w>
    <w>"</w>
    <w>nazistparti</w>
  </absaspan>
  <w>.</w>
</absapar>
<absapar id=60>
  <w>#</w>
  <w>P</w>
  <w>IMM</w>
  <w>.</w>
  <w>14</w>
  <w>:</w>
  <w>20</w>
  <absaspan id=169>
    <w>Monica</w>
  </absaspan>
  <w>:</w>
  <absaspan id=170 senti=5>
    <w>Självklart</w>
    <w>är</w>
    <w>det</w>
    <w>rätt</w>
  </absaspan>
  <absaspan id=171>
    <w>att</w>
    <w>stoppa</w>
    <w>SD-besök</w>
  </absaspan>
  <w>.</w>
  <w>Arbetsplatsen</w>
  <w>ska</w>
  <w>vara</w>
  <w>en</w>
  <w>fredad</w>
  <w>plats</w>
  <w>från</w>
  <w>människor</w>
  <w>som</w>
  <w>inte</w>
  <w>står</w>
  <w>upp</w>
  <w>för</w>
  <w>allas</w>
  <w>lika</w>
  <w>värde</w>
  <w>.</w>
  <w>Oavsett</w>
  <absaspan id=172>
    <w>SD</w>
  </absaspan>
  <w>är</w>
  <w>rasister</w>
  <w>eller</w>
  <w>ej</w>
  <w>,</w>
  <absaspan id=173 senti=2>
    <w>står</w>
  </absaspan>
  <w>de</w>
  <absaspan id=174 senti=2>
    <w>inte</w>
  </absaspan>
  <absaspan id=175 senti=2>
    <w>upp</w>
    <w>för</w>
    <w>allas</w>
    <w>lika</w>
    <w>värde</w>
  </absaspan>
  <w>.</w>
  <w>Alla</w>
  <w>arbetsplatser</w>
  <w>har</w>
  <w>värdegrundspolicy</w>
  <w>,</w>
  <w>och</w>
  <w>har</w>
  <w>rätt</w>
  <w>att</w>
  <w>inom</w>
  <w>arbetsplatsens</w>
  <w>väggar</w>
  <w>stödja</w>
  <w>sina</w>
  <w>beslut</w>
  <w>på</w>
  <w>den</w>
  <w>värdegrund</w>
  <w>man</w>
  <w>beslutat</w>
  <w>.</w>
</absapar>
<absapar id=61>
  <w>#</w>
  <w>P</w>
  <w>IMM</w>
  <w>.</w>
  <w>14</w>
  <w>:</w>
  <w>20</w>
  <absaspan id=176>
    <w>Johan</w>
  </absaspan>
  <w>:</w>
  <absaspan id=177 senti=2>
    <w>Man</w>
    <w>kan</w>
    <w>inte</w>
    <w>säga</w>
    <w>att</w>
    <w>det</w>
    <w>är</w>
    <w>okej</w>
  </absaspan>
  <absaspan id=178>
    <w>att</w>
    <w>tillämpa</w>
  </absaspan>
  <absaspan id=179 senti=2>
    <w>odemokratiska</w>
  </absaspan>
  <absaspan id=180>
    <w>metoder</w>
  </absaspan>
  <absaspan id=181>
    <w>mot</w>
    <w>någon</w>
    <w>vars</w>
    <w>åsikter</w>
    <w>man</w>
    <w>inte</w>
    <w>gillar</w>
    <w>i</w>
    <w>en</w>
    <w>demokrati</w>
  </absaspan>
  <w>.</w>
  <w>Helt</w>
  <w>plötsligt</w>
  <w>har</w>
  <w>man</w>
  <w>skapat</w>
  <w>ett</w>
  <w>prejudikat</w>
  <w>.</w>
  <w>Skälet</w>
  <w>till</w>
  <w>att</w>
  <w>jag</w>
  <w>är</w>
  <w>demokrat</w>
  <w>är</w>
  <w>att</w>
  <absaspan id=182>
    <w>jag</w>
  </absaspan>
  <absaspan id=183 senti=4>
    <w>tror</w>
    <w>på</w>
  </absaspan>
  <absaspan id=184>
    <w>lika</w>
    <w>behandling</w>
    <w>och</w>
    <w>allas</w>
    <w>likhet</w>
    <w>inför</w>
    <w>lagen</w>
  </absaspan>
  <w>.</w>
  <w>Även</w>
  <w>om</w>
  <absaspan id=185>
    <w>jag</w>
  </absaspan>
  <absaspan id=186 senti=2>
    <w>ALDRIG</w>
    <w>skulle</w>
  </absaspan>
  <absaspan id=187>
    <w>rösta</w>
    <w>på</w>
    <w>SD</w>
  </absaspan>
  <w>så</w>
  <w>är</w>
  <absaspan id=188 senti=2>
    <w>det</w>
    <w>en</w>
    <w>skam</w>
    <w>för</w>
    <w>Sverige</w>
  </absaspan>
  <absaspan id=189>
    <w>att</w>
    <w>man</w>
    <w>kan</w>
    <w>utesluta</w>
    <w>medlemmar</w>
    <w>ur</w>
    <w>fackföreningar</w>
    <w>utan</w>
    <w>att</w>
    <w>detta</w>
    <w>ifrågasätts</w>
  </absaspan>
  <w>.</w>
</absapar>
<absapar id=62>
  <w>#</w>
  <w>P</w>
  <w>IMM</w>
  <w>.</w>
  <w>14</w>
  <w>:</w>
  <w>22</w>
  <absaspan id=190>
    <w>Björn</w>
    <w>Pettersson</w>
  </absaspan>
  <w>:</w>
  <w>Varför</w>
  <w>kan</w>
  <w>inte</w>
  <absaspan id=191>
    <w>brandmännen</w>
  </absaspan>
  <w>bemöta</w>
  <w>Åkesson</w>
  <w>med</w>
  <w>sansade</w>
  <w>och</w>
  <w>väl</w>
  <w>genomtänkta</w>
  <w>argument</w>
  <w>?</w>
  <w>Det</w>
  <absaspan id=192 senti=2>
    <w>känns</w>
  </absaspan>
  <w>faktiskt</w>
  <absaspan id=193 senti=2>
    <w>omoget</w>
  </absaspan>
  <absaspan id=194>
    <w>att</w>
    <w>vägra</w>
    <w>träffa</w>
    <w>en</w>
    <w>demokratiskt</w>
    <w>vald</w>
    <w>politiker</w>
    <w>istället</w>
    <w>för</w>
    <w>att</w>
    <w>påtala</w>
    <w>sitt</w>
    <w>missnöje</w>
  </absaspan>
  <w>.</w>
  <w>Utifrån</w>
  <w>detta</w>
  <w>perspektiv</w>
  <w>skulle</w>
  <w>jag</w>
  <w>till</w>
  <w>och</w>
  <w>med</w>
  <w>värdesätta</w>
  <w>om</w>
  <w>Annie</w>
  <w>Lööf</w>
  <w>kom</w>
  <w>till</w>
  <w>min</w>
  <w>arbetsplats</w>
  <w>.</w>
</absapar>
<absapar id=63>
  <w>#</w>
  <w>P</w>
  <w>IMM</w>
  <w>.</w>
  <w>14</w>
  <w>:</w>
  <w>27</w>
  <absaspan id=195>
    <w>ulla</w>
  </absaspan>
  <w>:</w>
  <w>Jag</w>
  <w>tycker</w>
  <w>det</w>
  <w>är</w>
  <absaspan id=196 senti=1>
    <w>en</w>
    <w>avskyvärd</w>
    <w>flockmentalitet</w>
    <w>som</w>
    <w>präglar</w>
  </absaspan>
  <absaspan id=197>
    <w>kritiken</w>
    <w>mot</w>
    <w>SD</w>
  </absaspan>
  <w>.</w>
  <absaspan id=198 senti=2>
    <w>Bakom</w>
  </absaspan>
  <absaspan id=199>
    <w>denna</w>
    <w>kritik</w>
  </absaspan>
  <absaspan id=200 senti=2>
    <w>ligger</w>
  </absaspan>
  <absaspan id=201 senti=2>
    <w>samma</w>
    <w>intoleranta</w>
    <w>attityder</w>
    <w>som</w>
    <w>man</w>
    <w>tillskriver</w>
    <w>SD</w>
  </absaspan>
  <w>.</w>
  <w>SD</w>
  <w>representerar</w>
  <w>10</w>
  <w>procent</w>
  <w>av</w>
  <w>svenska</w>
  <w>folket</w>
  <w>och</w>
  <w>bör</w>
  <w>ha</w>
  <w>samma</w>
  <w>rättigheter</w>
  <w>som</w>
  <w>alla</w>
  <w>demokratiskt</w>
  <w>valda</w>
  <w>partier</w>
  <w>.</w>
</absapar>
<absapar id=64>
  <w>#</w>
  <w>P</w>
  <w>IMM</w>
  <w>.</w>
  <w>14</w>
  <w>:</w>
  <w>27</w>
  <w>Peter</w>
  <w>:</w>
  <w>jag</w>
  <w>jobbar</w>
  <w>som</w>
  <w>sjuksköterska</w>
  <w>på</w>
  <w>en</w>
  <w>avdelning</w>
  <w>ovanför</w>
  <w>akuten</w>
  <w>i</w>
  <w>malmö</w>
  <w>.</w>
  <w>Jag</w>
  <w>känner</w>
  <w>mig</w>
  <w>inte</w>
  <w>det</w>
  <w>minsta</w>
  <w>rädd</w>
  <w>för</w>
  <w>att</w>
  <w>en</w>
  <w>folkvald</w>
  <w>kommer</w>
  <w>på</w>
  <w>besök</w>
  <w>.</w>
  <w>Och</w>
  <w>jag</w>
  <w>är</w>
  <w>inte</w>
  <w>sverigedemokrat</w>
  <w>.</w>
  <w>Efter</w>
  <w>att</w>
  <w>jag</w>
  <w>hört</w>
  <w>diskussionerna</w>
  <w>här</w>
  <w>i</w>
  <w>huset</w>
  <w>så</w>
  <w>står</w>
  <w>det</w>
  <w>helt</w>
  <w>klart</w>
  <w>att</w>
  <w>den</w>
  <w>sk</w>
  <w>"</w>
  <w>rädslan</w>
  <w>"</w>
  <w>är</w>
  <w>politiskt</w>
  <w>motoverad</w>
  <w>och</w>
  <w>knappast</w>
  <w>en</w>
  <w>reel</w>
  <w>rädsla</w>
  <w>för</w>
  <w>någons</w>
  <w>personliga</w>
  <w>säkerhet</w>
  <w>.</w>
  <w>jag</w>
  <w>tycker</w>
  <w>verkliegn</w>
  <w>att</w>
  <w>alla</w>
  <w>folkvalda</w>
  <w>,</w>
  <w>oavsett</w>
  <w>politisk</w>
  <w>färg</w>
  <w>ska</w>
  <w>få</w>
  <w>företräde</w>
  <w>till</w>
  <w>vår</w>
  <w>verksamhet</w>
  <w>som</w>
  <w>dom</w>
  <w>ju</w>
  <w>ytterst</w>
  <w>beslutar</w>
  <w>om</w>
  <w>.</w>
</absapar>
<absapar id=65>
  <w>#</w>
  <w>P</w>
  <w>IMM</w>
  <w>.</w>
  <w>14</w>
  <w>:</w>
  <w>28</w>
  <absaspan id=202>
    <w>Dan</w>
  </absaspan>
  <w>:</w>
  <w>Jag</w>
  <absaspan id=203 senti=5>
    <w>tycker</w>
    <w>det</w>
    <w>vore</w>
    <w>oerhört</w>
    <w>intressant</w>
    <w>om</w>
  </absaspan>
  <absaspan id=204>
    <w>ledaren</w>
    <w>för</w>
    <w>ett</w>
    <w>riksdagsparti</w>
    <w>kom</w>
    <w>till</w>
    <w>mitt</w>
    <w>jobb</w>
  </absaspan>
  <w>.</w>
  <w>oavsett</w>
  <w>partitillhörighet</w>
  <w>.</w>
  <w>dessa</w>
  <w>bojkotter</w>
  <w>spelar</w>
  <w>SD</w>
  <w>i</w>
  <w>händerna</w>
  <w>.</w>
  <w>Som</w>
  <w>någon</w>
  <w>skrev</w>
  <w>,</w>
  <w>de</w>
  <w>får</w>
  <w>"</w>
  <w>offerkoftan</w>
  <w>"</w>
  <w>.</w>
  <w>Kanske</w>
  <w>är</w>
  <w>detta</w>
  <w>precis</w>
  <w>vad</w>
  <w>Jimmie</w>
  <w>vill</w>
  <w>ha</w>
  <w>.</w>
</absapar>
<absapar id=66>
  <w>#</w>
  <w>P</w>
  <w>IMM</w>
  <w>.</w>
  <w>14</w>
  <w>:</w>
  <w>28</w>
  <absaspan id=205>
    <w>Anders</w>
  </absaspan>
  <w>:</w>
  <w>Han</w>
  <w>måste</w>
  <w>få</w>
  <w>besöka</w>
  <w>.</w>
  <w>Man</w>
  <w>får</w>
  <w>ofta</w>
  <w>intrycket</w>
  <w>att</w>
  <w>en</w>
  <w>majoritet</w>
  <w>stödjer</w>
  <w>sådana</w>
  <w>protester</w>
  <w>.</w>
  <w>Så</w>
  <w>verkar</w>
  <w>det</w>
  <w>sällan</w>
  <w>vara</w>
  <w>,</w>
  <w>inte</w>
  <w>sällan</w>
  <w>en</w>
  <w>liten</w>
  <w>högljudd</w>
  <w>grupp</w>
  <w>yrkesdemonstranter</w>
  <w>.</w>
  <w>Om</w>
  <w>man</w>
  <w>anser</w>
  <w>SD</w>
  <w>inte</w>
  <w>förstått</w>
  <w>så</w>
  <w>måste</w>
  <w>man</w>
  <w>väl</w>
  <w>visa</w>
  <w>hur</w>
  <w>det</w>
  <w>egentligen</w>
  <w>är</w>
  <w>!</w>
  <absaspan id=206>
    <w>Att</w>
    <w>hålla</w>
    <w>händerna</w>
    <w>för</w>
    <w>öronen</w>
    <w>,</w>
    <w>blunda</w>
    <w>och</w>
    <w>ropa</w>
    <w>högt</w>
    <w>"</w>
    <w>Nazister</w>
    <w>"</w>
  </absaspan>
  <absaspan id=207 senti=2>
    <w>är</w>
  </absaspan>
  <w>ju</w>
  <absaspan id=208 senti=2>
    <w>bara</w>
  </absaspan>
  <absaspan id=209 senti=2>
    <w>barnsligt</w>
  </absaspan>
  <w>!</w>
  <w>.</w>
</absapar>
<absapar id=67>
  <w>#</w>
  <w>P</w>
  <w>IMM</w>
  <w>.</w>
  <w>14</w>
  <w>:</w>
  <w>28</w>
  <w>Studenten</w>
  <w>:</w>
  <w>Men</w>
  <w>gör</w>
  <w>det</w>
  <w>attraktiv</w>
  <w>för</w>
  <w>invandring</w>
  <w>i</w>
  <w>Lappland</w>
  <w>då</w>
  <w>.</w>
  <w>Men</w>
  <w>är</w>
  <w>hög</w>
  <w>arbetslöshet</w>
  <w>och</w>
  <w>bostadsbrist</w>
  <w>verkligen</w>
  <w>en</w>
  <w>påföljd</w>
  <w>av</w>
  <w>invandring</w>
  <w>?</w>
  <w>Snarare</w>
  <w>handlar</w>
  <w>det</w>
  <w>om</w>
  <absaspan id=210 senti=2>
    <w>en</w>
    <w>allt</w>
    <w>för</w>
    <w>icke-reglerad</w>
  </absaspan>
  <absaspan id=211>
    <w>marknadsekonomi</w>
  </absaspan>
  <w>.</w>
  <w>Det</w>
  <w>är</w>
  <w>klart</w>
  <w>det</w>
  <w>blir</w>
  <w>bostadsbrist</w>
  <w>när</w>
  <w>giriga</w>
  <w>företag</w>
  <w>gör</w>
  <w>om</w>
  <w>hyresrätter</w>
  <w>till</w>
  <w>bostadsrätter</w>
  <w>.</w>
  <w>Vem</w>
  <w>har</w>
  <w>råd</w>
  <w>?</w>
  <w>Lider</w>
  <w>Sverige</w>
  <w>av</w>
  <w>en</w>
  <w>ekonomiskt</w>
  <w>nedgång</w>
  <w>men</w>
  <w>invandring</w>
  <w>är</w>
  <w>bara</w>
  <w>en</w>
  <w>belastning</w>
  <w>för</w>
  <w>samhället</w>
  <w>utifrån</w>
  <w>en</w>
  <w>marknadsekonomi</w>
  <w>.</w>
  <w>Men</w>
  <w>i</w>
  <w>en</w>
  <w>marknadsekonomi</w>
  <w>förlorar</w>
  <w>alla</w>
  <w>förutom</w>
  <w>de</w>
  <w>vita</w>
  <w>männen</w>
  <w>.</w>
</absapar>
<absapar id=68>
  <w>#</w>
  <w>P</w>
  <w>IMM</w>
  <w>.</w>
  <w>14</w>
  <w>:</w>
  <w>28</w>
  <absaspan id=212>
    <w>Eva</w>
  </absaspan>
  <w>:</w>
  <absaspan id=213>
    <w>Brandmännen</w>
  </absaspan>
  <absaspan id=214 senti=2>
    <w>är</w>
    <w>bara</w>
    <w>löjliga</w>
  </absaspan>
  <w>.</w>
  <absaspan id=215 senti=2>
    <w>Det</w>
    <w>blir</w>
    <w>problem</w>
    <w>när</w>
  </absaspan>
  <absaspan id=216>
    <w>man</w>
    <w>likställer</w>
    <w>begränsad</w>
    <w>invandring</w>
    <w>med</w>
    <w>att</w>
    <w>inte</w>
    <w>se</w>
    <w>till</w>
    <w>alla</w>
    <w>likas</w>
    <w>värde</w>
  </absaspan>
  <w>.</w>
  <w>Det</w>
  <w>är</w>
  <w>som</w>
  <w>att</w>
  <w>säga</w>
  <w>att</w>
  <w>Sverige</w>
  <w>var</w>
  <w>ett</w>
  <w>oerhört</w>
  <w>rasistiska</w>
  <w>tidigare</w>
  <w>när</w>
  <w>vi</w>
  <w>hade</w>
  <w>en</w>
  <w>mer</w>
  <w>restriktiv</w>
  <w>invandringspolitik</w>
  <w>.</w>
</absapar>
<absapar id=69>
  <w>#</w>
  <w>P</w>
  <w>IMM</w>
  <w>.</w>
  <w>14</w>
  <w>:</w>
  <w>28</w>
  <w>Maria</w>
  <w>Myrstener</w>
  <w>:</w>
  <w>SD</w>
  <w>skriver</w>
  <w>i</w>
  <w>sitt</w>
  <w>principprogram</w>
  <w>att</w>
  <w>de</w>
  <w>är</w>
  <w>emot</w>
  <w>mångfald</w>
  <w>.</w>
  <w>De</w>
  <w>är</w>
  <w>dessutom</w>
  <w>emot</w>
  <w>HBTQ-personer</w>
  <w>i</w>
  <w>olika</w>
  <w>politiska</w>
  <w>frågor</w>
  <w>.</w>
  <w>De</w>
  <w>tycker</w>
  <w>att</w>
  <w>män</w>
  <w>och</w>
  <w>kvinnor</w>
  <w>har</w>
  <w>olika</w>
  <w>platser</w>
  <w>i</w>
  <w>samhället</w>
  <w>.</w>
  <w>De</w>
  <w>vill</w>
  <w>inskränka</w>
  <w>aborträtten</w>
  <w>.</w>
  <absaspan id=217>
    <w>Alla</w>
    <w>dessa</w>
    <w>frågor</w>
  </absaspan>
  <absaspan id=218 senti=2>
    <w>inskränker</w>
    <w>demokratin</w>
    <w>och</w>
    <w>våra</w>
    <w>mänskliga</w>
    <w>rättigheter</w>
    <w>på</w>
    <w>olika</w>
    <w>vis</w>
  </absaspan>
  <w>.</w>
  <w>Därför</w>
  <absaspan id=219 senti=4>
    <w>är</w>
  </absaspan>
  <w>det</w>
  <absaspan id=220 senti=4>
    <w>rätt</w>
  </absaspan>
  <absaspan id=221>
    <w>att</w>
    <w>i</w>
    <w>demokratins</w>
    <w>namn</w>
    <w>säga</w>
    <w>nej</w>
    <w>SD</w>
  </absaspan>
  <w>.</w>
</absapar>
<absapar id=70>
  <w>#</w>
  <w>P</w>
  <w>IMM</w>
  <w>.</w>
  <w>14</w>
  <w>:</w>
  <w>29</w>
  <w>Omar</w>
  <w>:</w>
  <w>Vet</w>
  <w>människor</w>
  <w>vad</w>
  <w>rasism</w>
  <w>betyder</w>
  <w>när</w>
  <w>det</w>
  <w>verkar</w>
  <w>finns</w>
  <w>lika</w>
  <w>många</w>
  <w>förklaringar</w>
  <w>som</w>
  <w>uttolkare</w>
  <w>av</w>
  <w>ordet</w>
  <w>?</w>
  <w>Bara</w>
  <w>för</w>
  <w>att</w>
  <w>etiketten</w>
  <w>klistras</w>
  <w>på</w>
  <w>Jimmie</w>
  <w>behöver</w>
  <w>det</w>
  <w>inte</w>
  <w>betyda</w>
  <w>att</w>
  <w>det</w>
  <w>är</w>
  <w>rätt</w>
  <w>.</w>
</absapar>
<absapar id=71>
  <w>#</w>
  <w>P</w>
  <w>IMM</w>
  <w>.</w>
  <w>14</w>
  <w>:</w>
  <w>29</w>
  <w>Lena</w>
  <w>Bengtsson</w>
  <w>:</w>
  <w>Vart</w>
  <w>är</w>
  <w>demokratin</w>
  <w>och</w>
  <w>jämlikheten</w>
  <w>i</w>
  <w>Sverige</w>
  <w>på</w>
  <w>väg</w>
  <w>om</w>
  <w>inte</w>
  <w>alla</w>
  <w>får</w>
  <w>ha</w>
  <w>en</w>
  <w>åsikt</w>
  <w>?</w>
  <w>Vem</w>
  <w>bestämmer</w>
  <w>vad</w>
  <w>som</w>
  <w>är</w>
  <w>rasistiskt</w>
  <w>och</w>
  <w>vad</w>
  <w>som</w>
  <w>är</w>
  <w>kritik</w>
  <w>mot</w>
  <w>integrations</w>
  <w>politiken</w>
  <w>?</w>
  <w>.</w>
</absapar>
<absapar id=72>
  <w>#</w>
  <w>P</w>
  <w>IMM</w>
  <w>.</w>
  <w>14</w>
  <w>:</w>
  <w>32</w>
  <w>Tove</w>
  <w>:</w>
  <w>Borde</w>
  <w>inte</w>
  <w>folk</w>
  <w>själva</w>
  <w>få</w>
  <w>välja</w>
  <w>vilka</w>
  <w>man</w>
  <w>vill</w>
  <w>möta</w>
  <w>på</w>
  <w>sina</w>
  <w>arbetsplatser</w>
  <w>?</w>
  <w>Det</w>
  <w>politiska</w>
  <w>samtalet</w>
  <w>kan</w>
  <w>man</w>
  <w>väl</w>
  <w>ta</w>
  <w>på</w>
  <w>offentlig</w>
  <w>plats</w>
  <w>istället</w>
  <w>-</w>
  <w>typ</w>
  <w>torgmöten</w>
  <w>?</w>
  <w>Däremot</w>
  <w>så</w>
  <w>måste</w>
  <w>alla</w>
  <w>folkvalda</w>
  <w>politiker</w>
  <w>i</w>
  <w>en</w>
  <w>nämnd</w>
  <w>eller</w>
  <w>liknande</w>
  <w>kunna</w>
  <w>besöka</w>
  <w>verksamheten</w>
  <w>man</w>
  <w>styr</w>
  <w>över</w>
  <w>.</w>
</absapar>
<absapar id=73>
  <w>#</w>
  <w>P</w>
  <w>IMM</w>
  <w>.</w>
  <w>14</w>
  <w>:</w>
  <w>32</w>
  <w>Rick</w>
  <w>:</w>
  <w>@</w>
  <w>Monika</w>
  <w>.</w>
  <w>Vilka</w>
  <w>står</w>
  <w>upp</w>
  <w>för</w>
  <w>människors</w>
  <w>lika</w>
  <w>värde</w>
  <w>?</w>
  <absaspan id=222>
    <w>Moderaterna</w>
  </absaspan>
  <w>har</w>
  <w>infört</w>
  <w>privatisering</w>
  <w>i</w>
  <w>skola</w>
  <w>och</w>
  <w>omsorg</w>
  <w>och</w>
  <w>därmed</w>
  <absaspan id=223 senti=2>
    <w>skapat</w>
    <w>en</w>
    <w>klassegregation</w>
    <w>där</w>
    <w>de</w>
    <w>rika</w>
    <w>är</w>
    <w>mer</w>
    <w>värda</w>
    <w>än</w>
    <w>mindre</w>
    <w>bemedlade</w>
  </absaspan>
  <w>.</w>
  <w>Om</w>
  <w>man</w>
  <w>vill</w>
  <w>ha</w>
  <w>ett</w>
  <w>samhälle</w>
  <w>där</w>
  <w>alla</w>
  <w>har</w>
  <w>lika</w>
  <w>värde</w>
  <w>så</w>
  <w>bör</w>
  <w>man</w>
  <w>börja</w>
  <w>med</w>
  <w>sig</w>
  <w>själv</w>
  <w>,</w>
  <w>dvs</w>
  <w>behandla</w>
  <w>alla</w>
  <w>människor</w>
  <w>med</w>
  <w>samma</w>
  <w>respekt</w>
  <w>och</w>
  <w>inse</w>
  <w>att</w>
  <w>vi</w>
  <w>alla</w>
  <w>har</w>
  <w>lika</w>
  <w>värde</w>
  <w>.</w>
  <w>Ge</w>
  <w>Jimmie</w>
  <w>en</w>
  <w>kram</w>
  <w>;</w>
  <w>)</w>
  <w>.</w>
</absapar>
<absapar id=74>
  <w>#</w>
  <w>P</w>
  <w>IMM</w>
  <w>.</w>
  <w>14</w>
  <w>:</w>
  <w>32</w>
  <w>Alcal</w>
  <w>:</w>
  <w>När</w>
  <w>tycker</w>
  <w>brandmännen</w>
  <w>att</w>
  <w>ett</w>
  <w>parti</w>
  <w>står</w>
  <w>upp</w>
  <w>för</w>
  <w>allas</w>
  <w>lika</w>
  <w>värde</w>
  <w>?</w>
  <w>Endast</w>
  <w>om</w>
  <w>partiet</w>
  <w>är</w>
  <w>för</w>
  <w>en</w>
  <w>helt</w>
  <w>obegränsad</w>
  <w>och</w>
  <w>fri</w>
  <w>invandring</w>
  <w>?</w>
  <w>.</w>
</absapar>
<absapar id=75>
  <w>#</w>
  <w>P</w>
  <w>IMM</w>
  <w>.</w>
  <w>14</w>
  <w>:</w>
  <w>33</w>
  <absaspan id=224>
    <w>Bro</w>
  </absaspan>
  <w>:</w>
  <w>Gustaf</w>
  <w>,</w>
  <w>Monica</w>
  <w>,</w>
  <w>och</w>
  <w>alla</w>
  <w>andra</w>
  <w>som</w>
  <w>tycker</w>
  <w>att</w>
  <w>politisk</w>
  <w>diskriminering</w>
  <w>är</w>
  <w>ok</w>
  <w>:</w>
  <w>Ser</w>
  <w>ni</w>
  <w>det</w>
  <w>inte</w>
  <w>som</w>
  <w>problematiskt</w>
  <w>att</w>
  <w>följa</w>
  <w>de</w>
  <w>exempel</w>
  <w>/</w>
  <w>beteenden</w>
  <w>som</w>
  <w>ni</w>
  <w>säger</w>
  <w>er</w>
  <w>ta</w>
  <w>avstånd</w>
  <w>från</w>
  <w>?</w>
  <w>Att</w>
  <w>någon</w>
  <w>annan</w>
  <w>gör</w>
  <w>fel</w>
  <w>ursäktar</w>
  <w>inte</w>
  <w>att</w>
  <w>man</w>
  <w>själv</w>
  <w>gör</w>
  <w>fel</w>
  <w>,</w>
  <w>och</w>
  <w>"</w>
  <absaspan id=225>
    <w>Öga</w>
    <w>för</w>
    <w>öga</w>
    <w>,</w>
    <w>tand</w>
    <w>för</w>
    <w>tand</w>
  </absaspan>
  <w>"</w>
  <absaspan id=226 senti=2>
    <w>borde</w>
    <w>vi</w>
    <w>också</w>
    <w>ha</w>
    <w>lagt</w>
    <w>bakom</w>
    <w>oss</w>
  </absaspan>
  <w>som</w>
  <w>demokratiskt</w>
  <w>rättssamhälle</w>
  <w>.</w>
</absapar>
<absapar id=76>
  <w>#</w>
  <w>P</w>
  <w>IMM</w>
  <w>.</w>
  <w>14</w>
  <w>:</w>
  <w>33</w>
  <absaspan id=227>
    <w>Lasse</w>
  </absaspan>
  <w>:</w>
  <w>Maria</w>
  <w>Myrstener</w>
  <w>:</w>
  <w>Jag</w>
  <w>vill</w>
  <w>i</w>
  <w>så</w>
  <w>fall</w>
  <w>höra</w>
  <w>det</w>
  <w>från</w>
  <w>SD</w>
  <w>och</w>
  <w>inte</w>
  <w>dig</w>
  <w>.</w>
  <absaspan id=228 senti=4>
    <w>Låt</w>
    <w>oss</w>
  </absaspan>
  <absaspan id=229>
    <w>lyssna</w>
    <w>och</w>
    <w>ta</w>
    <w>styällning</w>
    <w>själva</w>
  </absaspan>
  <w>,</w>
  <w>vad</w>
  <w>är</w>
  <w>du</w>
  <w>egentligen</w>
  <w>rädd</w>
  <w>för</w>
  <w>?</w>
  <w>.</w>
</absapar>
<absapar id=77>
  <w>#</w>
  <w>P</w>
  <w>IMM</w>
  <w>.</w>
  <w>14</w>
  <w>:</w>
  <w>33</w>
  <absaspan id=230>
    <w>Peter</w>
  </absaspan>
  <w>:</w>
  <w>Givetvis</w>
  <absaspan id=231 senti=2>
    <w>ar</w>
  </absaspan>
  <absaspan id=232>
    <w>SD</w>
  </absaspan>
  <absaspan id=233 senti=2>
    <w>rasistiskt</w>
  </absaspan>
  <w>.</w>
  <w>Ar</w>
  <w>det</w>
  <w>bara</w>
  <w>jag</w>
  <w>som</w>
  <w>har</w>
  <w>vuxit</w>
  <w>upp</w>
  <w>i</w>
  <w>det</w>
  <w>har</w>
  <w>landet</w>
  <w>?</w>
  <w>Som</w>
  <w>minns</w>
  <w>Ultima</w>
  <w>Thule</w>
  <w>och</w>
  <w>Bevara</w>
  <w>Sverige</w>
  <w>Svenskt</w>
  <w>.</w>
  <w>Dags</w>
  <w>for</w>
  <w>hogerextremisterna</w>
  <w>att</w>
  <w>sluta</w>
  <w>hymla</w>
  <w>!</w>
  <w>.</w>
</absapar>
<absapar id=78>
  <w>#</w>
  <w>P</w>
  <w>IMM</w>
  <w>.</w>
  <w>14</w>
  <w>:</w>
  <w>33</w>
  <absaspan id=234>
    <w>Peter</w>
  </absaspan>
  <w>:</w>
  <w>Givetvis</w>
  <absaspan id=235 senti=2>
    <w>ar</w>
  </absaspan>
  <absaspan id=236>
    <w>SD</w>
  </absaspan>
  <absaspan id=237 senti=2>
    <w>rasistiskt</w>
  </absaspan>
  <w>.</w>
  <w>Ar</w>
  <w>det</w>
  <w>bara</w>
  <w>jag</w>
  <w>som</w>
  <w>har</w>
  <w>vuxit</w>
  <w>upp</w>
  <w>i</w>
  <w>det</w>
  <w>har</w>
  <w>landet</w>
  <w>?</w>
  <w>Som</w>
  <w>minns</w>
  <w>Ultima</w>
  <w>Thule</w>
  <w>och</w>
  <w>Bevara</w>
  <w>Sverige</w>
  <w>Svenskt</w>
  <w>.</w>
  <w>Dags</w>
  <w>for</w>
  <w>hogerextremisterna</w>
  <w>att</w>
  <w>sluta</w>
  <w>hymla</w>
  <w>!</w>
  <w>.</w>
</absapar>
<absapar id=79>
  <w>#</w>
  <w>P</w>
  <w>IMM</w>
  <w>.</w>
  <w>14</w>
  <w>:</w>
  <w>33</w>
  <w>Fredrik</w>
  <w>:</w>
  <w>Det</w>
  <w>här</w>
  <w>är</w>
  <w>precis</w>
  <w>vad</w>
  <w>SD</w>
  <w>vill</w>
  <w>ha</w>
  <w>,</w>
  <w>fokus</w>
  <w>från</w>
  <w>den</w>
  <w>viktiga</w>
  <w>frågan</w>
  <w>på</w>
  <w>småsaker</w>
  <w>.</w>
  <w>Lyft</w>
  <w>blicken</w>
  <w>och</w>
  <w>ifrågasätt</w>
  <w>deras</w>
  <w>främlingsfientlighet</w>
  <w>istället</w>
  <w>.</w>
</absapar>
<absapar id=80>
  <w>#</w>
  <w>P</w>
  <w>IMM</w>
  <w>.</w>
  <w>14</w>
  <w>:</w>
  <w>34</w>
  <absaspan id=238>
    <w>kajsa</w>
  </absaspan>
  <w>:</w>
  <absaspan id=239 senti=4>
    <w>Hoppas</w>
  </absaspan>
  <absaspan id=240>
    <w>det</w>
    <w>inte</w>
    <w>börjar</w>
    <w>brinna</w>
    <w>någonstans</w>
    <w>då</w>
    <w>när</w>
    <w>de</w>
    <w>åker</w>
    <w>iväg</w>
    <w>med</w>
    <w>alla</w>
    <w>brandbilarna</w>
  </absaspan>
  <w>.</w>
</absapar>
<absapar id=81>
  <w>#</w>
  <w>P</w>
  <w>IMM</w>
  <w>.</w>
  <w>14</w>
  <w>:</w>
  <w>36</w>
  <absaspan id=241>
    <w>Jonas</w>
  </absaspan>
  <w>:</w>
  <w>Nej</w>
  <w>,</w>
  <w>Maria</w>
  <w>Myrstener</w>
  <w>,</w>
  <w>det</w>
  <w>står</w>
  <w>inte</w>
  <w>alls</w>
  <w>i</w>
  <w>SD's</w>
  <w>principprogram</w>
  <w>att</w>
  <w>SD</w>
  <w>är</w>
  <w>emot</w>
  <w>mångfald</w>
  <w>.</w>
  <absaspan id=242>
    <w>Du</w>
  </absaspan>
  <w>gör</w>
  <w>som</w>
  <w>vanligt</w>
  <w>i</w>
  <w>Sverige</w>
  <w>,</w>
  <absaspan id=243 senti=4>
    <w>lägger</w>
    <w>ord</w>
    <w>och</w>
    <w>åsikter</w>
    <w>i</w>
    <w>munnen</w>
    <w>på</w>
    <w>SD</w>
  </absaspan>
  <w>.</w>
  <absaspan id=244 senti=4>
    <w>Usch</w>
  </absaspan>
  <w>.</w>
  <w>Läs</w>
  <w>om</w>
  <w>,</w>
  <w>läs</w>
  <w>rätt</w>
  <w>.</w>
</absapar>
<absapar id=82>
  <w>#</w>
  <w>P</w>
  <w>IMM</w>
  <w>.</w>
  <w>14</w>
  <w>:</w>
  <w>36</w>
  <absaspan id=245>
    <w>Valle</w>
  </absaspan>
  <w>:</w>
  <w>Är</w>
  <w>väl</w>
  <w>upp</w>
  <w>till</w>
  <w>ansvariga</w>
  <w>på</w>
  <w>resp</w>
  <w>arbetsplats</w>
  <w>att</w>
  <w>bestämma</w>
  <w>.</w>
  <w>Jag</w>
  <w>är</w>
  <w>SD-sympatisör</w>
  <w>själv</w>
  <w>men</w>
  <absaspan id=246 senti=2>
    <w>kan</w>
    <w>inte</w>
    <w>se</w>
    <w>vitsen</w>
    <w>med</w>
  </absaspan>
  <absaspan id=247>
    <w>att</w>
    <w>politiska</w>
    <w>partier</w>
    <w>ska</w>
    <w>besöka</w>
    <w>arbetsplatser</w>
  </absaspan>
  <w>.</w>
</absapar>
<absapar id=83>
  <w>#</w>
  <w>P</w>
  <w>IMM</w>
  <w>.</w>
  <w>14</w>
  <w>:</w>
  <w>38</w>
  <w>Carina</w>
  <w>Stensson</w>
  <w>:</w>
  <w>Några</w>
  <w>sista</w>
  <w>inlägg</w>
  <w>till</w>
  <w>kommer</w>
  <w>med</w>
  <w>,</w>
  <w>innan</w>
  <w>diskussionen</w>
  <w>avslutas</w>
  <w>.</w>
</absapar>
<absapar id=84>
  <w>#</w>
  <w>P</w>
  <w>IMM</w>
  <w>.</w>
  <w>14</w>
  <w>:</w>
  <w>38</w>
  <absaspan id=248>
    <w>Tomas</w>
  </absaspan>
  <w>:</w>
  <w>SD</w>
  <w>är</w>
  <w>inte</w>
  <w>invandrarfientliga</w>
  <w>,</w>
  <w>De</w>
  <w>vill</w>
  <w>bara</w>
  <w>ha</w>
  <w>en</w>
  <w>bättre</w>
  <w>invandringspolitik</w>
  <w>där</w>
  <w>man</w>
  <w>,</w>
  <w>istället</w>
  <w>för</w>
  <w>som</w>
  <w>idag</w>
  <w>,</w>
  <w>tar</w>
  <w>in</w>
  <w>färre</w>
  <w>invandrare</w>
  <w>och</w>
  <w>lägger</w>
  <w>resurser</w>
  <w>på</w>
  <w>att</w>
  <w>integrera</w>
  <w>dem</w>
  <w>så</w>
  <w>att</w>
  <w>segregationen</w>
  <w>minskar</w>
  <w>.</w>
  <w>Idag</w>
  <w>tar</w>
  <w>vi</w>
  <w>in</w>
  <w>jättemånga</w>
  <w>invandrare</w>
  <w>bara</w>
  <w>för</w>
  <w>att</w>
  <w>visa</w>
  <w>omvärlden</w>
  <w>hur</w>
  <w>duktiga</w>
  <w>vi</w>
  <w>är</w>
  <w>,</w>
  <w>för</w>
  <w>att</w>
  <w>sedan</w>
  <w>skita</w>
  <w>i</w>
  <w>att</w>
  <w>lägga</w>
  <w>resurser</w>
  <w>på</w>
  <w>att</w>
  <w>interagera</w>
  <w>de</w>
  <w>i</w>
  <w>samhället</w>
  <w>.</w>
  <absaspan id=249 senti=4>
    <w>Det</w>
  </absaspan>
  <w>som</w>
  <absaspan id=250 senti=4>
    <w>vi</w>
  </absaspan>
  <absaspan id=251 senti=4>
    <w>istället</w>
    <w>borde</w>
    <w>göra</w>
    <w>är</w>
  </absaspan>
  <absaspan id=252>
    <w>att</w>
    <w>ta</w>
    <w>in</w>
    <w>färre</w>
    <w>invandrare</w>
    <w>,</w>
    <w>men</w>
    <w>satsa</w>
    <w>på</w>
    <w>att</w>
    <w>göra</w>
    <w>dessa</w>
    <w>nysvenskar</w>
    <w>till</w>
    <w>en</w>
    <w>del</w>
    <w>av</w>
    <w>samhället</w>
  </absaspan>
  <w>.</w>
  <w>Just</w>
  <w>därför</w>
  <w>behöver</w>
  <w>SD</w>
  <w>fler</w>
  <w>mandat</w>
  <w>i</w>
  <w>riksdagen</w>
  <w>.</w>
  <absaspan id=253>
    <w>Dagens</w>
    <w>invandringspolitik</w>
  </absaspan>
  <absaspan id=254 senti=2>
    <w>är</w>
    <w>ohållbar</w>
  </absaspan>
  <w>.</w>
</absapar>
<absapar id=85>
  <w>#</w>
  <w>P</w>
  <w>IMM</w>
  <w>.</w>
  <w>14</w>
  <w>:</w>
  <w>38</w>
  <absaspan id=255>
    <w>Johan</w>
  </absaspan>
  <w>:</w>
  <w>Det</w>
  <w>här</w>
  <w>är</w>
  <w>ett</w>
  <w>resultat</w>
  <w>av</w>
  <w>medias</w>
  <w>hets</w>
  <w>.</w>
  <absaspan id=256>
    <w>Media</w>
  </absaspan>
  <absaspan id=257 senti=1>
    <w>förstör</w>
    <w>den</w>
    <w>demokratiska</w>
    <w>processen</w>
  </absaspan>
  <w>.</w>
  <absaspan id=258 senti=1>
    <w>Helt</w>
    <w>ansvarslöst</w>
  </absaspan>
  <w>.</w>
</absapar>
<absapar id=86>
  <w>#</w>
  <w>P</w>
  <w>IMM</w>
  <w>.</w>
  <w>14</w>
  <w>:</w>
  <w>39</w>
  <absaspan id=259>
    <w>Per</w>
  </absaspan>
  <w>:</w>
  <absaspan id=260 senti=1>
    <w>Skandal</w>
    <w>att</w>
  </absaspan>
  <absaspan id=261>
    <w>facket</w>
    <w>och</w>
    <w>vänstern</w>
    <w>driver</w>
    <w>på</w>
    <w>en</w>
    <w>sådan</w>
    <w>hatmobb</w>
    <w>att</w>
    <w>det</w>
    <w>slutar</w>
    <w>med</w>
    <w>att</w>
    <w>folkvalda</w>
    <w>inte</w>
    <w>kan</w>
    <w>besöka</w>
    <w>arbetsplatser</w>
  </absaspan>
  <w>.</w>
  <w>Om</w>
  <w>man</w>
  <w>inte</w>
  <w>gillar</w>
  <w>SD</w>
  <w>:</w>
  <w>s</w>
  <w>politik</w>
  <w>finns</w>
  <w>det</w>
  <w>seriösare</w>
  <w>sätt</w>
  <w>att</w>
  <w>visa</w>
  <w>det</w>
  <w>på</w>
  <w>.</w>
</absapar>
<absapar id=87>
  <w>#</w>
  <w>P</w>
  <w>IMM</w>
  <w>.</w>
  <w>14</w>
  <w>:</w>
  <w>42</w>
  <absaspan id=262>
    <w>Ellen</w>
  </absaspan>
  <w>:</w>
  <absaspan id=263 senti=2>
    <w>Att</w>
    <w>intala</w>
    <w>sig</w>
    <w>att</w>
  </absaspan>
  <absaspan id=264>
    <w>SD</w>
    <w>är</w>
    <w>som</w>
    <w>vilket</w>
    <w>annat</w>
    <w>parti</w>
    <w>som</w>
    <w>helst</w>
  </absaspan>
  <absaspan id=265 senti=2>
    <w>är</w>
    <w>att</w>
    <w>ljuga</w>
    <w>för</w>
    <w>sig</w>
    <w>själv</w>
  </absaspan>
  <w>.</w>
  <w>Skulle</w>
  <w>också</w>
  <w>samla</w>
  <w>till</w>
  <w>protest</w>
  <w>om</w>
  <w>Åkesson</w>
  <w>skulle</w>
  <w>vilja</w>
  <w>besöka</w>
  <w>mitt</w>
  <w>jobb</w>
  <w>.</w>
</absapar>
<absapar id=88>
  <w>#</w>
  <w>P</w>
  <w>IMM</w>
  <w>.</w>
  <w>14</w>
  <w>:</w>
  <w>42</w>
  <absaspan id=266>
    <w>Mike</w>
  </absaspan>
  <w>:</w>
  <w>Förstår</w>
  <w>inte</w>
  <w>hur</w>
  <w>"</w>
  <w>allas</w>
  <w>lika</w>
  <w>värde</w>
  <w>"</w>
  <w>går</w>
  <w>ihop</w>
  <w>med</w>
  <w>diskrimering</w>
  <w>.</w>
  <absaspan id=267>
    <w>Diskriminering</w>
  </absaspan>
  <absaspan id=268 senti=2>
    <w>skapar</w>
    <w>hatets</w>
    <w>drivkraft</w>
  </absaspan>
  <w>.</w>
  <w>Går</w>
  <w>att</w>
  <w>diskutera</w>
  <w>politik</w>
  <w>utan</w>
  <w>att</w>
  <w>vara</w>
  <w>av</w>
  <w>samma</w>
  <w>åsikt</w>
  <w>.</w>
  <w>Ta</w>
  <w>inte</w>
  <w>det</w>
  <w>hela</w>
  <w>på</w>
  <w>så</w>
  <w>blodigt</w>
  <w>allvar</w>
  <w>.</w>
</absapar>
<absapar id=89>
  <w>#</w>
  <w>P</w>
  <w>IMM</w>
  <w>.</w>
  <w>14</w>
  <w>:</w>
  <w>43</w>
  <w>Sourush</w>
  <w>Ehsani</w>
  <w>:</w>
  <w>Ett</w>
  <w>besök</w>
  <w>på</w>
  <w>en</w>
  <w>arbetsplats</w>
  <w>som</w>
  <w>betalas</w>
  <w>med</w>
  <w>skattepengar</w>
  <w>är</w>
  <w>väl</w>
  <w>inte</w>
  <w>konstigare</w>
  <w>än</w>
  <w>att</w>
  <w>styrelsen</w>
  <w>i</w>
  <w>Volvo</w>
  <w>inspekterar</w>
  <w>den</w>
  <w>färdiga</w>
  <w>produkten</w>
  <w>och</w>
  <w>vill</w>
  <w>höra</w>
  <w>med</w>
  <w>arbetarna</w>
  <w>hur</w>
  <w>saker</w>
  <w>och</w>
  <w>ting</w>
  <w>kan</w>
  <w>förbättras</w>
  <w>?</w>
  <w>.</w>
</absapar>
<absapar id=90>
  <w>#</w>
  <w>P</w>
  <w>IMM</w>
  <w>.</w>
  <w>14</w>
  <w>:</w>
  <w>43</w>
  <absaspan id=269>
    <w>Nils</w>
  </absaspan>
  <w>:</w>
  <w>När</w>
  <w>ska</w>
  <w>vi</w>
  <w>få</w>
  <w>ett</w>
  <w>opolariserat</w>
  <w>debattklimat</w>
  <w>i</w>
  <w>Sverige</w>
  <w>?</w>
  <absaspan id=270>
    <w>Media</w>
  </absaspan>
  <absaspan id=271 senti=2>
    <w>fungerar</w>
    <w>som</w>
    <w>en</w>
    <w>mistlur</w>
    <w>för</w>
    <w>snedvridna</w>
    <w>åsikter</w>
  </absaspan>
  <w>.</w>
</absapar>
<absapar id=91>
  <w>#</w>
  <w>P</w>
  <w>IMM</w>
  <w>.</w>
  <w>14</w>
  <w>:</w>
  <w>43</w>
  <w>Esfahn</w>
  <w>:</w>
  <w>Att</w>
  <w>kalla</w>
  <w>SD</w>
  <w>rasister</w>
  <w>och</w>
  <w>vägra</w>
  <w>bemöta</w>
  <w>dom</w>
  <w>med</w>
  <w>argument</w>
  <w>gynnar</w>
  <w>bara</w>
  <w>SD</w>
  <w>.</w>
</absapar>
<absapar id=92>
  <w>#</w>
  <w>P</w>
  <w>IMM</w>
  <w>.</w>
  <w>14</w>
  <w>:</w>
  <w>43</w>
  <absaspan id=272>
    <w>Kurt</w>
  </absaspan>
  <w>:</w>
  <w>Är</w>
  <w>det</w>
  <w>nån</w>
  <w>som</w>
  <w>vet</w>
  <w>hur</w>
  <w>många</w>
  <w>brandmän</w>
  <w>som</w>
  <w>inte</w>
  <w>åker</w>
  <w>iväg</w>
  <w>?</w>
  <absaspan id=273 senti=4>
    <w>Saknas</w>
  </absaspan>
  <absaspan id=274>
    <w>lite</w>
    <w>info</w>
    <w>om</w>
    <w>det</w>
    <w>känns</w>
    <w>det</w>
    <w>som</w>
  </absaspan>
  <w>.</w>
</absapar>
<absapar id=93>
  <w>#</w>
  <w>P</w>
  <w>IMM</w>
  <w>.</w>
  <w>14</w>
  <w>:</w>
  <w>43</w>
  <w>Andreas</w>
  <w>:</w>
  <w>En</w>
  <w>liten</w>
  <w>fundering</w>
  <w>som</w>
  <w>väcks</w>
  <w>är</w>
  <w>ju</w>
  <w>vad</w>
  <w>som</w>
  <w>händer</w>
  <w>den</w>
  <w>/</w>
  <w>dem</w>
  <w>som</w>
  <w>hindrar</w>
  <w>VP</w>
  <w>,</w>
  <w>MP</w>
  <w>och</w>
  <w>de</w>
  <w>andra</w>
  <w>partierna</w>
  <w>från</w>
  <w>att</w>
  <w>komma</w>
  <w>in</w>
  <w>på</w>
  <w>skolor</w>
  <w>och</w>
  <w>arbetsplatser</w>
  <w>.</w>
  <w>Jag</w>
  <w>är</w>
  <w>då</w>
  <w>helt</w>
  <w>övertygad</w>
  <w>om</w>
  <w>att</w>
  <w>man</w>
  <w>kommer</w>
  <w>bli</w>
  <w>uthängd</w>
  <w>i</w>
  <w>all</w>
  <w>media</w>
  <w>som</w>
  <w>rasist</w>
  <w>,</w>
  <w>nazist</w>
  <w>,</w>
  <w>högerextrem</w>
  <w>och</w>
  <w>allt</w>
  <w>man</w>
  <w>kan</w>
  <w>tänka</w>
  <w>sig</w>
  <w>.</w>
  <w>Men</w>
  <w>de</w>
  <w>som</w>
  <w>utestänger</w>
  <w>SD</w>
  <w>är</w>
  <w>nästan</w>
  <w>hjältar</w>
  <w>i</w>
  <w>media</w>
  <w>.</w>
  <w>Varför</w>
  <w>är</w>
  <w>det</w>
  <w>en</w>
  <w>skillnad</w>
  <w>på</w>
  <w>detta</w>
  <w>då</w>
  <w>alla</w>
  <w>partier</w>
  <w>i</w>
  <w>riksdagen</w>
  <w>är</w>
  <w>inröstade</w>
  <w>av</w>
  <w>det</w>
  <w>svenska</w>
  <w>folket</w>
  <w>?</w>
  <w>.</w>
</absapar>
<absapar id=94>
  <w>#</w>
  <w>P</w>
  <w>IMM</w>
  <w>.</w>
  <w>14</w>
  <w>:</w>
  <w>45</w>
  <absaspan id=275>
    <w>Sture</w>
  </absaspan>
  <w>:</w>
  <w>Jag</w>
  <absaspan id=276 senti=5>
    <w>tycker</w>
    <w>det</w>
    <w>är</w>
    <w>helt</w>
    <w>rätt</w>
  </absaspan>
  <w>.</w>
  <w>Det</w>
  <w>finns</w>
  <w>sju</w>
  <w>demokratiska</w>
  <w>partier</w>
  <w>i</w>
  <w>riksdagen</w>
  <w>.</w>
  <w>Och</w>
  <w>så</w>
  <w>finns</w>
  <w>SD</w>
  <w>.</w>
  <w>De</w>
  <w>vill</w>
  <w>så</w>
  <w>gärna</w>
  <w>tro</w>
  <w>att</w>
  <w>de</w>
  <w>är</w>
  <w>ett</w>
  <w>parti</w>
  <w>som</w>
  <w>andra</w>
  <w>.</w>
  <w>Men</w>
  <w>det</w>
  <w>är</w>
  <w>de</w>
  <w>inte</w>
  <w>.</w>
</absapar>
<absapar id=95>
  <w>#</w>
  <w>P</w>
  <w>IMM</w>
  <w>.</w>
  <w>14</w>
  <w>:</w>
  <w>45</w>
  <absaspan id=277>
    <w>Adam</w>
    <w>Olsson</w>
  </absaspan>
  <w>:</w>
  <absaspan id=278>
    <w>Detta</w>
  </absaspan>
  <absaspan id=279 senti=1>
    <w>är</w>
    <w>vuxenmobbning</w>
    <w>och</w>
    <w>diskriminering</w>
  </absaspan>
  <w>.</w>
  <w>Alla</w>
  <w>partier</w>
  <w>skall</w>
  <w>behandlas</w>
  <w>lika</w>
  <w>.</w>
  <w>Stänger</w>
  <w>man</w>
  <w>ute</w>
  <w>SD</w>
  <w>skall</w>
  <w>man</w>
  <w>stänga</w>
  <w>ute</w>
  <w>alla</w>
  <w>andra</w>
  <w>partier</w>
  <w>.</w>
</absapar>
<absapar id=96>
  <w>#</w>
  <w>P</w>
  <w>IMM</w>
  <w>.</w>
  <w>14</w>
  <w>:</w>
  <w>45</w>
  <w>Samuel</w>
  <w>:</w>
  <w>Politiker</w>
  <w>får</w>
  <w>gärna</w>
  <w>komma</w>
  <w>och</w>
  <w>se</w>
  <w>hur</w>
  <w>vi</w>
  <w>har</w>
  <w>det</w>
  <w>på</w>
  <w>jobbet</w>
  <w>.</w>
  <w>Det</w>
  <w>betyder</w>
  <w>väl</w>
  <w>inte</w>
  <w>att</w>
  <w>jag</w>
  <w>måste</w>
  <w>hålla</w>
  <w>med</w>
  <w>dem</w>
  <w>om</w>
  <w>allt</w>
  <w>?</w>
  <w>.</w>
</absapar>
<absapar id=97>
  <w>#</w>
  <w>P</w>
  <w>IMM</w>
  <w>.</w>
  <w>14</w>
  <w>:</w>
  <w>45</w>
  <w>Carina</w>
  <w>Stensson</w>
  <w>:</w>
  <w>Jag</w>
  <w>tackar</w>
  <w>för</w>
  <w>dagens</w>
  <w>diskussion</w>
  <w>!</w>
  <w>För</w>
  <w>att</w>
  <w>vara</w>
  <w>med</w>
  <w>i</w>
  <w>senaste</w>
  <w>nyhetsdebatten</w>
  <w>,</w>
  <w>följ</w>
  <w>oss</w>
  <w>på</w>
  <w>Twitter</w>
  <w>,</w>
  <w>Facebook</w>
  <w>och</w>
  <w>www.svd.se</w>
  <w>/</w>
  <w>opinion</w>
  <w>.</w>
</absapar>
<absapar id=98>
  <w>Redaktör</w>
  <w>:</w>
  <w>Carina</w>
  <w>Stensson</w>
  <w>,</w>
  <w>Biträdande</w>
  <w>redaktör</w>
  <w>:</w>
  <w>Björn</w>
  <w>Jorner</w>
  <w>,</w>
  <w>Mejl</w>
  <w>:</w>
  <w>debatt</w>
  <w>@</w>
  <w>svd.se</w>
  <w>,</w>
  <w>Telefonnummer</w>
  <w>:</w>
  <w>08</w>
  <w>-</w>
  <w>135149</w>
  <w>,</w>
  <w>Twitter</w>
  <w>:</w>
  <w>@</w>
  <w>SvDDebatt</w>
  <w>,</w>
  <w>Facebook</w>
  <w>:</w>
  <w>SvD</w>
  <w>Debatt</w>
  <w>.</w>
</absapar>
</absadoc>
