<absadoc annotators=1 senti=3>
<absatitle>
  <w>Miljardsmäll</w>
  <w>för</w>
  <w>kommunerna</w>
  <w>,</w>
  <w>regeringen</w>
  <w>vill</w>
  <w>kraftigt</w>
  <w>sänka</w>
  <w>ersättningen</w>
  <w>.</w>
  <w>2016</w>
  <w>-</w>
  <w>06</w>
  <w>-</w>
  <w>22</w>
  <w>.</w>
</absatitle>
<absapar id=1 senti=3>
  <w>Ännu</w>
  <w>ett</w>
  <absaspan id=1 senti=1>
    <w>magplask</w>
  </absaspan>
  <w>för</w>
  <w>alla</w>
  <w>kommuner</w>
  <w>som</w>
  <w>tagit</w>
  <w>emot</w>
  <w>hundratusentals</w>
  <w>flyktingar</w>
  <w>.</w>
  <w>Nu</w>
  <w>drar</w>
  <w>staten</w>
  <w>in</w>
  <w>tidigare</w>
  <w>lovade</w>
  <w>pengar</w>
  <w>.</w>
</absapar>
<absapar id=2 senti=3>
  <w>Kommuner</w>
  <w>med</w>
  <w>långa</w>
  <w>,</w>
  <w>dyra</w>
  <w>avtal</w>
  <w>kommer</w>
  <w>gå</w>
  <w>back</w>
  <w>ORDENTLIGT</w>
  <w>.</w>
  <w>Varifrån</w>
  <w>ska</w>
  <w>kommunerna</w>
  <w>ta</w>
  <w>pengar</w>
  <w>för</w>
  <w>att</w>
  <w>täcka</w>
  <w>upp</w>
  <w>dessa</w>
  <w>nya</w>
  <w>budgethål</w>
  <w>?</w>
  <w>.</w>
</absapar>
<absapar id=3 senti=3>
  <w>I</w>
  <w>snitt</w>
  <w>600</w>
  <w>mindre</w>
  <w>per</w>
  <w>dygn</w>
  <w>och</w>
  <w>ensamkommande</w>
  <w>:</w>
  <w>219</w>
  <w>000</w>
  <w>:</w>
  <w>-</w>
  <w>per</w>
  <w>år</w>
  <w>/</w>
  <w>barn</w>
  <w>.</w>
  <w>En</w>
  <w>kommun</w>
  <w>som</w>
  <w>tagit</w>
  <w>emot</w>
  <w>,</w>
  <w>låt</w>
  <w>säga</w>
  <w>5</w>
  <w>000</w>
  <w>ensamkommande</w>
  <w>,</w>
  <w>kan</w>
  <w>alltså</w>
  <w>gå</w>
  <w>back</w>
  <w>1</w>
  <w>miljard</w>
  <w>.</w>
</absapar>
</absadoc>
