<absadoc annotators=1 senti=>
<absatitle>
  <w>Använd</w>
  <w>Ludmilas</w>
  <w>kunskap</w>
  <w>.</w>
</absatitle>
<absapar id=1>
  <w>Vi</w>
  <w>som</w>
  <w>jobbar</w>
  <w>inom</w>
  <w>idrotten</w>
  <w>måste</w>
  <w>kunna</w>
  <w>vända</w>
  <w>andra</w>
  <w>kinden</w>
  <w>till</w>
  <w>och</w>
  <w>förlåta</w>
  <w>.</w>
  <w>Vi</w>
  <w>ska</w>
  <w>inte</w>
  <w>rättfärdiga</w>
  <w>det</w>
  <w>som</w>
  <w>är</w>
  <w>orätt</w>
  <w>och</w>
  <w>fel</w>
  <w>,</w>
  <w>men</w>
  <w>ingen</w>
  <w>ska</w>
  <w>straffas</w>
  <w>mer</w>
  <w>än</w>
  <w>vad</w>
  <w>som</w>
  <w>behövs</w>
  <w>.</w>
  <absaspan id=1>
    <w>Det</w>
    <w>idrottsliga</w>
    <w>straffet</w>
    <w>som</w>
    <w>Ludmila</w>
    <w>har</w>
    <w>fått</w>
    <w>tillsammans</w>
    <w>med</w>
    <w>det</w>
  </absaspan>
  <absaspan id=2 senti=2>
    <w>gatlopp</w>
  </absaspan>
  <absaspan id=3>
    <w>hon</w>
    <w>fick</w>
    <w>löpa</w>
    <w>under</w>
    <w>lång</w>
    <w>tid</w>
  </absaspan>
  <absaspan id=4 senti=2>
    <w>är</w>
    <w>mer</w>
    <w>än</w>
    <w>tillräckligt</w>
    <w>straff</w>
  </absaspan>
  <w>.</w>
  <w>Hon</w>
  <w>har</w>
  <w>även</w>
  <w>bett</w>
  <w>hela</w>
  <w>svenska</w>
  <w>folket</w>
  <w>om</w>
  <w>ursäkt</w>
  <w>.</w>
</absapar>
<absapar id=2>
  <w>Nu</w>
  <w>måste</w>
  <w>Ludmila</w>
  <w>få</w>
  <w>en</w>
  <w>möjlighet</w>
  <w>att</w>
  <w>gå</w>
  <w>vidare</w>
  <w>,</w>
  <w>på</w>
  <w>samma</w>
  <w>sätt</w>
  <w>som</w>
  <w>alla</w>
  <w>andra</w>
  <w>idrottare</w>
  <w>som</w>
  <w>gjort</w>
  <w>fel</w>
  <w>och</w>
  <w>tagit</w>
  <w>sitt</w>
  <w>straff</w>
  <w>.</w>
</absapar>
<absapar id=3>
  <w>Det</w>
  <w>som</w>
  <w>är</w>
  <w>gjort</w>
  <w>går</w>
  <w>inte</w>
  <w>att</w>
  <w>göra</w>
  <w>ogjort</w>
  <w>,</w>
  <w>men</w>
  <w>nu</w>
  <w>borde</w>
  <w>Ludmilas</w>
  <w>erfarenheter</w>
  <w>få</w>
  <w>komma</w>
  <w>den</w>
  <w>svenska</w>
  <w>idrotten</w>
  <w>till</w>
  <w>nytta</w>
  <w>.</w>
  <w>Ludmila</w>
  <w>kan</w>
  <w>säkerligen</w>
  <w>ge</w>
  <w>råd</w>
  <w>och</w>
  <w>dåd</w>
  <w>så</w>
  <w>att</w>
  <w>andra</w>
  <w>idrottsungdomar</w>
  <w>inte</w>
  <w>gör</w>
  <w>om</w>
  <w>samma</w>
  <w>misstag</w>
  <w>som</w>
  <w>hon</w>
  <w>.</w>
</absapar>
<absapar id=4>
  <absaspan id=5>
    <w>DN-galan</w>
  </absaspan>
  <absaspan id=6 senti=4>
    <w>är</w>
    <w>en</w>
  </absaspan>
  <absaspan id=7 senti=4>
    <w>mycket</w>
    <w>trevlig</w>
  </absaspan>
  <absaspan id=8 senti=4>
    <w>idrottslig</w>
    <w>friidrottstävling</w>
  </absaspan>
  <w>och</w>
  <w>jag</w>
  <absaspan id=9 senti=4>
    <w>hoppas</w>
  </absaspan>
  <absaspan id=10>
    <w>att</w>
    <w>den</w>
    <w>så</w>
    <w>kan</w>
    <w>förbli</w>
    <w>i</w>
    <w>ytterligare</w>
    <w>minst</w>
    <w>40</w>
    <w>år</w>
  </absaspan>
  <w>,</w>
  <w>men</w>
  <absaspan id=11 senti=4>
    <w>det</w>
    <w>skulle</w>
    <w>inte</w>
    <w>sitta</w>
    <w>fel</w>
  </absaspan>
  <absaspan id=12>
    <w>om</w>
    <w>vi</w>
    <w>i</w>
    <w>framtiden</w>
    <w>kan</w>
    <w>få</w>
    <w>en</w>
    <w>ledning</w>
    <w>för</w>
    <w>DN-galan</w>
    <w>som</w>
  </absaspan>
  <absaspan id=13 senti=4>
    <w>vågar</w>
  </absaspan>
  <absaspan id=14>
    <w>visa</w>
    <w>lite</w>
    <w>pondus</w>
  </absaspan>
  <w>.</w>
</absapar>
<absapar id=5>
  <absaspan id=15>
    <w>Att</w>
    <w>i</w>
    <w>dagens</w>
    <w>kommunikationsvärld</w>
    <w>inte</w>
    <w>ens</w>
    <w>våga</w>
    <w>ringa</w>
    <w>och</w>
    <w>tala</w>
    <w>om</w>
    <w>vilken</w>
    <w>ställning</w>
    <w>man</w>
    <w>tar</w>
  </absaspan>
  <absaspan id=16 senti=2>
    <w>är</w>
    <w>inte</w>
    <w>direkt</w>
    <w>hedrande</w>
  </absaspan>
  <w>.</w>
</absapar>
<absapar id=6>
  <absaspan id=17>
    <w>Två</w>
    <w>gånger</w>
  </absaspan>
  <absaspan id=18 senti=2>
    <w>illa</w>
    <w>nog</w>
  </absaspan>
  <w>.</w>
</absapar>
<absapar id=7>
  <w>Om</w>
  <w>Stina</w>
  <w>Lundbergs</w>
  <w>synpunkter</w>
  <w>angående</w>
  <w>Ludmila</w>
  <w>Engquist</w>
  <w>vill</w>
  <w>jag</w>
  <w>som</w>
  <w>gammal</w>
  <w>idrottsman</w>
  <w>säga</w>
  <w>:</w>
  <w>MINST</w>
  <w>2</w>
  <w>avslöjade</w>
  <w>dopningsmissbruk</w>
  <w>är</w>
  <w>tillräckligt</w>
  <w>för</w>
  <w>att</w>
  <w>bli</w>
  <w>betraktad</w>
  <w>som</w>
  <w>idrottslig</w>
  <absaspan id=19 senti=1>
    <w>STORFUSKARE</w>
  </absaspan>
  <w>,</w>
  <w>och</w>
  <w>hamna</w>
  <w>i</w>
  <w>kylan</w>
  <w>.</w>
</absapar>
</absadoc>
