<absadoc annotators=1 senti=3>
<absatitle>
  <w>Ny</w>
  <w>invandrings</w>
  <w>taktik</w>
  <w>.</w>
</absatitle>
<absapar id=1>
  <w>Har</w>
  <w>länge</w>
  <w>tänkt</w>
  <w>på</w>
  <w>svensk</w>
  <w>invandring</w>
  <w>.</w>
  <w>Speciellt</w>
  <w>nu</w>
  <w>när</w>
  <w>jag</w>
  <w>har</w>
  <w>bott</w>
  <w>utomlands</w>
  <w>i</w>
  <w>ett</w>
  <w>år</w>
  <w>och</w>
  <w>upplevt</w>
  <w>vad</w>
  <w>massinvandring</w>
  <w>leder</w>
  <w>till</w>
  <w>.</w>
  <w>Så</w>
  <w>under</w>
  <w>mina</w>
  <w>egna</w>
  <w>tanke</w>
  <w>diskussioner</w>
  <w>,</w>
  <w>har</w>
  <w>jag</w>
  <w>fått</w>
  <w>fram</w>
  <w>vad</w>
  <w>jag</w>
  <w>tycker</w>
  <w>är</w>
  <w>en</w>
  <w>bra</w>
  <w>lösning</w>
  <w>till</w>
  <absaspan id=1>
    <w>Sveriges</w>
  </absaspan>
  <absaspan id=2 senti=2>
    <w>invandrar</w>
    <w>problem</w>
  </absaspan>
  <w>.</w>
</absapar>
<absapar id=2 senti=3>
  <w>Om</w>
  <w>vi</w>
  <w>nu</w>
  <w>ska</w>
  <absaspan id=3 senti=2>
    <w>ta</w>
    <w>in</w>
    <w>massa</w>
    <w>lågutbildade</w>
    <w>invandrare</w>
    <w>,</w>
    <w>som</w>
    <w>har</w>
    <w>svårt</w>
    <w>att</w>
    <w>integreras</w>
  </absaspan>
  <w>så</w>
  <w>tycker</w>
  <w>jag</w>
  <w>att</w>
  <w>vi</w>
  <w>borde</w>
  <w>minska</w>
  <w>antalet</w>
  <w>män</w>
  <w>som</w>
  <w>släpps</w>
  <w>in</w>
  <w>och</w>
  <w>istället</w>
  <w>fokusera</w>
  <w>på</w>
  <w>att</w>
  <w>ta</w>
  <w>in</w>
  <w>mer</w>
  <w>kvinnor</w>
  <w>.</w>
  <w>För</w>
  <w>vad</w>
  <w>jag</w>
  <w>som</w>
  <w>malmöit</w>
  <w>har</w>
  <w>upplevt</w>
  <w>så</w>
  <w>är</w>
  <w>det</w>
  <w>ofta</w>
  <absaspan id=4>
    <w>männen</w>
  </absaspan>
  <w>som</w>
  <absaspan id=5 senti=2>
    <w>har</w>
    <w>svårast</w>
    <w>att</w>
    <w>integreras</w>
  </absaspan>
  <w>i</w>
  <w>nya</w>
  <w>samhällen</w>
  <w>och</w>
  <absaspan id=6>
    <w>männen</w>
  </absaspan>
  <w>som</w>
  <absaspan id=7 senti=2>
    <w>står</w>
    <w>bakom</w>
    <w>våldsamheten</w>
  </absaspan>
  <w>.</w>
  <w>Jag</w>
  <w>vet</w>
  <w>att</w>
  <w>det</w>
  <w>ska</w>
  <w>vara</w>
  <w>"</w>
  <w>jämlikt</w>
  <w>"</w>
  <w>men</w>
  <w>låt</w>
  <w>oss</w>
  <w>säga</w>
  <w>så</w>
  <w>här</w>
  <w>om</w>
  <w>en</w>
  <w>familj</w>
  <w>söker</w>
  <w>asyl</w>
  <w>i</w>
  <w>Sverige</w>
  <w>varför</w>
  <w>inte</w>
  <w>låta</w>
  <w>kvinnan</w>
  <w>och</w>
  <w>barnen</w>
  <w>komma</w>
  <w>in</w>
  <w>först</w>
  <w>och</w>
  <w>när</w>
  <w>familjen</w>
  <w>väl</w>
  <w>är</w>
  <w>integrerad</w>
  <w>i</w>
  <w>Sverige</w>
  <w>så</w>
  <w>kan</w>
  <w>mannen</w>
  <w>också</w>
  <w>komma</w>
  <w>in</w>
  <w>(</w>
  <w>Oftast</w>
  <w>så</w>
  <w>är</w>
  <w>det</w>
  <w>också</w>
  <w>barnen</w>
  <w>och</w>
  <w>kvinnorna</w>
  <w>som</w>
  <w>lider</w>
  <w>mest</w>
  <w>i</w>
  <w>dessa</w>
  <w>utsatta</w>
  <w>länder</w>
  <w>)</w>
  <w>.</w>
  <w>Ifall</w>
  <w>familjen</w>
  <w>nu</w>
  <w>är</w>
  <w>väl</w>
  <w>integrerad</w>
  <w>borde</w>
  <w>förhoppningsvis</w>
  <w>mannen</w>
  <w>också</w>
  <w>ta</w>
  <w>deras</w>
  <w>följe</w>
  <w>.</w>
  <w>Plus</w>
  <w>så</w>
  <w>borde</w>
  <w>alla</w>
  <absaspan id=8 senti=2>
    <w>PK-femenister</w>
  </absaspan>
  <absaspan id=9 senti=4>
    <w>bli</w>
    <w>glada</w>
  </absaspan>
  <w>över</w>
  <w>en</w>
  <w>större</w>
  <w>satsning</w>
  <w>på</w>
  <w>kvinnorna</w>
  <w>i</w>
  <w>världen</w>
  <w>.</w>
</absapar>
<absapar id=3>
  <w>Så</w>
  <w>mina</w>
  <w>frågor</w>
  <w>är</w>
  <w>,</w>
  <w>skulle</w>
  <w>detta</w>
  <w>kunna</w>
  <w>lyckas</w>
  <w>?</w>
  <w>Kan</w>
  <w>Sverige</w>
  <w>implementera</w>
  <w>en</w>
  <w>invandringslag</w>
  <w>som</w>
  <w>utesluter</w>
  <w>en</w>
  <w>del</w>
  <w>invandrare</w>
  <w>p.g.a</w>
  <w>.</w>
  <w>kön</w>
  <w>?</w>
  <w>Kommer</w>
  <w>kvinnorna</w>
  <w>ha</w>
  <w>lättare</w>
  <w>att</w>
  <w>integreras</w>
  <w>utan</w>
  <w>deras</w>
  <w>män</w>
  <w>?</w>
  <w>.</w>
</absapar>
</absadoc>
