<absadoc annotators=1 senti=2>
<absatitle>
  <w>MENA-Invandringens</w>
  <w>fördelar</w>
  <w>och</w>
  <w>nackdelar</w>
  <w>-</w>
  <w>vad</w>
  <w>anser</w>
  <w>du</w>
  <w>?</w>
</absatitle>
<absapar id=1 senti=2>
  <w>Vad</w>
  <w>finns</w>
  <w>det</w>
  <w>för</w>
  <w>fördelar</w>
  <w>och</w>
  <w>nackdelar</w>
  <w>med</w>
  <absaspan id=1 senti=2>
    <w>massinvandringen</w>
  </absaspan>
  <w>från</w>
  <w>Mellanöstern</w>
  <w>och</w>
  <w>Afrika</w>
  <w>(</w>
  <w>s.k</w>
  <w>.</w>
  <w>MENA-invandring</w>
  <w>)</w>
  <w>till</w>
  <w>Sverige</w>
  <w>?</w>
  <w>.</w>
</absapar>
<absapar id=2 senti=3>
  <w>Hur</w>
  <w>påverkas</w>
  <w>det</w>
  <w>svenska</w>
  <w>samhället</w>
  <w>?</w>
  <w>Positivt</w>
  <w>och</w>
  <w>/</w>
  <w>eller</w>
  <w>negativt</w>
  <w>?</w>
  <w>.</w>
</absapar>
<absapar id=3>
  <w>Ge</w>
  <w>oss</w>
  <w>din</w>
  <w>lista</w>
  <w>eller</w>
  <w>dina</w>
  <w>åsikter</w>
  <w>.</w>
</absapar>
<absapar id=4>
  <w>Oavsett</w>
  <w>om</w>
  <w>du</w>
  <w>är</w>
  <w>för</w>
  <w>eller</w>
  <w>mot</w>
  <w>invandring</w>
  <w>så</w>
  <w>vore</w>
  <w>det</w>
  <w>fint</w>
  <w>om</w>
  <w>du</w>
  <w>försökte</w>
  <w>presentera</w>
  <w>nånting</w>
  <w>av</w>
  <w>båda</w>
  <w>kategorierna</w>
  <w>positivt</w>
  <w>/</w>
  <w>negativt</w>
  <w>.</w>
</absapar>
</absadoc>
