<absadoc annotators=1 senti=0>
<absatitle>
  <w>Borgerlig</w>
  <w>aktivism</w>
  <w>ska</w>
  <w>ge</w>
  <w>oss</w>
  <w>segern</w>
  <w>.</w>
</absatitle>
<absapar id=1>
  <w>VALÅRET</w>
  <w>2002</w>
  <w>KAN</w>
  <w>bli</w>
  <w>vad</w>
  <w>1968</w>
  <w>var</w>
  <w>för</w>
  <w>våra</w>
  <w>föräldrar</w>
  <w>.</w>
  <w>Året</w>
  <w>då</w>
  <w>man</w>
  <w>valde</w>
  <w>sida</w>
  <w>.</w>
  <w>Terrorattackerna</w>
  <w>och</w>
  <w>Göteborgskravallerna</w>
  <w>har</w>
  <w>förstärkt</w>
  <w>den</w>
  <w>politiska</w>
  <w>laddningen</w>
  <w>.</w>
</absapar>
<absapar id=2>
  <w>Händelserna</w>
  <w>har</w>
  <w>drivit</w>
  <w>fram</w>
  <w>en</w>
  <w>konfliktlinje</w>
  <w>där</w>
  <w>frågor</w>
  <w>om</w>
  <w>ägande</w>
  <w>och</w>
  <w>frihet</w>
  <w>är</w>
  <w>helt</w>
  <w>centrala</w>
  <w>för</w>
  <w>den</w>
  <w>politiska</w>
  <w>debatten</w>
  <w>.</w>
  <w>För</w>
  <w>många</w>
  <w>unga</w>
  <w>väljare</w>
  <w>finns</w>
  <w>det</w>
  <w>egentligen</w>
  <w>bara</w>
  <w>ett</w>
  <w>val</w>
  <w>i</w>
  <w>höstens</w>
  <w>riksdagsval</w>
  <w>–</w>
  <w>det</w>
  <w>ideologiska</w>
  <w>ställningstagandet</w>
  <w>mellan</w>
  <w>höger</w>
  <w>och</w>
  <w>vänster</w>
  <w>.</w>
  <w>För</w>
  <w>den</w>
  <w>konflikten</w>
  <absaspan id=1 senti=4>
    <w>står</w>
  </absaspan>
  <absaspan id=2>
    <w>moderaterna</w>
  </absaspan>
  <absaspan id=3 senti=4>
    <w>bra</w>
  </absaspan>
  <absaspan id=4 senti=4>
    <w>rustade</w>
  </absaspan>
  <w>.</w>
  <w>Med</w>
  <w>ett</w>
  <w>nytt</w>
  <w>idépolitiskt</w>
  <w>program</w>
  <w>finns</w>
  <w>det</w>
  <w>en</w>
  <w>djärvare</w>
  <w>ideologisk</w>
  <w>ansats</w>
  <w>för</w>
  <w>liberalism</w>
  <w>och</w>
  <w>humanism</w>
  <w>än</w>
  <w>någonsin</w>
  <w>tidigare</w>
  <w>.</w>
</absapar>
<absapar id=3>
  <w>Nu</w>
  <w>vill</w>
  <w>vi</w>
  <w>visa</w>
  <w>på</w>
  <w>hur</w>
  <w>de</w>
  <w>idéerna</w>
  <w>kan</w>
  <w>tillämpas</w>
  <w>på</w>
  <w>fler</w>
  <w>fält</w>
  <w>än</w>
  <w>vad</w>
  <w>som</w>
  <w>brukar</w>
  <w>förknippas</w>
  <w>med</w>
  <w>moderaterna</w>
  <w>.</w>
</absapar>
<absapar id=4>
  <w>#</w>
  <w>P</w>
  <w>IMM</w>
  <w>.</w>
  <w>1</w>
  <w>Vi</w>
  <w>startar</w>
  <w>en</w>
  <w>modern</w>
  <w>människorättsaktivism</w>
  <w>!</w>
  <w>Samtidigt</w>
  <w>som</w>
  <w>idén</w>
  <w>om</w>
  <w>mänskliga</w>
  <w>rättigheter</w>
  <w>sprider</w>
  <w>sig</w>
  <w>över</w>
  <w>världen</w>
  <absaspan id=5 senti=2>
    <w>blir</w>
  </absaspan>
  <absaspan id=6>
    <w>förståelsen</w>
    <w>för</w>
    <w>vad</w>
    <w>de</w>
    <w>innebär</w>
  </absaspan>
  <absaspan id=7 senti=2>
    <w>allt</w>
  </absaspan>
  <absaspan id=8 senti=2>
    <w>klenare</w>
  </absaspan>
  <w>i</w>
  <w>Sverige</w>
  <w>.</w>
</absapar>
<absapar id=5>
  <absaspan id=9>
    <w>Regeringen</w>
  </absaspan>
  <absaspan id=10 senti=1>
    <w>har</w>
  </absaspan>
  <w>i</w>
  <w>fallet</w>
  <w>med</w>
  <w>de</w>
  <w>terroristmiss-tänkta</w>
  <w>svenskarna</w>
  <absaspan id=11 senti=1>
    <w>åsidosatt</w>
  </absaspan>
  <absaspan id=12 senti=1>
    <w>den</w>
    <w>enskildes</w>
    <w>rätt</w>
    <w>på</w>
    <w>ett</w>
    <w>groteskt</w>
    <w>sätt</w>
  </absaspan>
  <w>.</w>
  <w>Och</w>
  <w>samtidigt</w>
  <w>som</w>
  <absaspan id=13 senti=1>
    <w>extrema</w>
  </absaspan>
  <absaspan id=14>
    <w>djurrättsrörelser</w>
  </absaspan>
  <w>växer</w>
  <w>har</w>
  <w>människorättsorganisationen</w>
  <w>Amnesty</w>
  <w>tappat</w>
  <w>20000</w>
  <w>medlemmar</w>
  <w>de</w>
  <w>senaste</w>
  <w>åren</w>
  <w>.</w>
</absapar>
<absapar id=6>
  <w>Med</w>
  <w>sajten</w>
  <w>:</w>
  <w>www.människorätt.nu</w>
  <absaspan id=15 senti=4>
    <w>vill</w>
  </absaspan>
  <absaspan id=16>
    <w>vi</w>
  </absaspan>
  <absaspan id=17 senti=4>
    <w>gjuta</w>
  </absaspan>
  <absaspan id=18 senti=4>
    <w>liv</w>
    <w>i</w>
  </absaspan>
  <absaspan id=19>
    <w>de</w>
    <w>klassiska</w>
    <w>idéerna</w>
    <w>om</w>
    <w>mänskliga</w>
    <w>rättig</w>
  </absaspan>
  <w>-</w>
  <w>.</w>
</absapar>
<absapar id=7>
  <absaspan id=20>
    <w>heter</w>
  </absaspan>
  <w>och</w>
  <w>starta</w>
  <w>en</w>
  <w>modern</w>
  <w>människorättskamp</w>
  <w>.</w>
</absapar>
<absapar id=8>
  <w>#</w>
  <w>P</w>
  <w>IMM</w>
  <w>.</w>
  <w>2</w>
  <w>Vi</w>
  <w>driver</w>
  <w>frihetsfeminism</w>
  <w>!</w>
  <w>Feminism</w>
  <w>som</w>
  <w>idé</w>
  <w>utgår</w>
  <w>från</w>
  <w>liberalismen</w>
  <w>.</w>
  <w>Alla</w>
  <w>människor</w>
  <w>är</w>
  <w>lika</w>
  <w>värdefulla</w>
  <w>och</w>
  <w>alla</w>
  <w>olikheter</w>
  <w>är</w>
  <w>lika</w>
  <w>värdefulla</w>
  <w>.</w>
  <absaspan id=21 senti=2>
    <w>Påtvingade</w>
  </absaspan>
  <absaspan id=22>
    <w>könsroller</w>
  </absaspan>
  <w>gör</w>
  <w>att</w>
  <w>både</w>
  <w>kvinnor</w>
  <w>och</w>
  <w>män</w>
  <w>begränsas</w>
  <w>i</w>
  <w>sina</w>
  <w>livsval</w>
  <w>.</w>
</absapar>
<absapar id=9>
  <w>Vi</w>
  <w>vill</w>
  <w>diskutera</w>
  <w>och</w>
  <w>agera</w>
  <w>,</w>
  <w>samtala</w>
  <w>och</w>
  <w>medvetandegöra</w>
  <w>.</w>
  <w>Varken</w>
  <w>kvinnor</w>
  <w>eller</w>
  <w>män</w>
  <w>är</w>
  <w>homogena</w>
  <w>grupper</w>
  <w>.</w>
  <w>Däremot</w>
  <absaspan id=23>
    <w>finns</w>
  </absaspan>
  <absaspan id=24>
    <w>attityder</w>
    <w>som</w>
  </absaspan>
  <absaspan id=25 senti=2>
    <w>blir</w>
  </absaspan>
  <absaspan id=26>
    <w>gemensamma</w>
  </absaspan>
  <absaspan id=27 senti=2>
    <w>problem</w>
  </absaspan>
  <w>.</w>
  <absaspan id=28>
    <w>De</w>
  </absaspan>
  <absaspan id=29 senti=2>
    <w>vill</w>
  </absaspan>
  <absaspan id=30>
    <w>vi</w>
  </absaspan>
  <absaspan id=31 senti=2>
    <w>bekämpa</w>
  </absaspan>
  <w>,</w>
  <w>och</w>
  <w>har</w>
  <w>därför</w>
  <w>startat</w>
  <w>nätverket</w>
  <w>:</w>
  <w>www.frihetsfeminism.nu</w>
  <w>.</w>
</absapar>
<absapar id=10>
  <w>#</w>
  <w>P</w>
  <absaspan id=32 senti=5>
    <w>IMM</w>
  </absaspan>
  <w>.</w>
  <w>3</w>
  <w>Riv</w>
  <w>murar</w>
  <w>för</w>
  <w>flyktingar</w>
  <w>!</w>
  <w>Varje</w>
  <w>människa</w>
  <w>som</w>
  <w>kommer</w>
  <w>till</w>
  <w>Sveriges</w>
  <w>gräns</w>
  <w>har</w>
  <w>en</w>
  <w>anledning</w>
  <w>för</w>
  <w>att</w>
  <w>söka</w>
  <w>sig</w>
  <w>hit</w>
  <w>.</w>
  <w>Och</w>
  <absaspan id=33>
    <w>varje</w>
    <w>människa</w>
    <w>som</w>
    <w>vill</w>
    <w>bygga</w>
    <w>sin</w>
    <w>framtid</w>
    <w>i</w>
    <w>vårt</w>
    <w>land</w>
  </absaspan>
  <absaspan id=34 senti=4>
    <w>borde</w>
    <w>ses</w>
    <w>som</w>
    <w>en</w>
    <w>möjlighet</w>
  </absaspan>
  <w>.</w>
</absapar>
<absapar id=11 senti=4>
  <w>Men</w>
  <w>i</w>
  <w>dag</w>
  <w>fäller</w>
  <w>vi</w>
  <w>hellre</w>
  <w>än</w>
  <w>friar</w>
  <w>,</w>
  <w>utvisar</w>
  <w>hellre</w>
  <w>än</w>
  <w>tar</w>
  <w>in</w>
  <w>.</w>
  <w>Det</w>
  <w>vill</w>
  <w>vi</w>
  <w>ändra</w>
  <w>på</w>
  <w>.</w>
  <w>Vi</w>
  <w>vill</w>
  <w>fortsätta</w>
  <w>liberalisera</w>
  <w>moderaternas</w>
  <w>flyktingpolitik</w>
  <w>och</w>
  <w>driver</w>
  <w>förslag</w>
  <w>om</w>
  <absaspan id=35>
    <w>en</w>
    <w>privat</w>
    <w>flyktinggaranti</w>
    <w>som</w>
  </absaspan>
  <absaspan id=36 senti=4>
    <w>möjliggör</w>
  </absaspan>
  <w>för</w>
  <w>enskilda</w>
  <w>människor</w>
  <w>och</w>
  <w>föreningar</w>
  <w>att</w>
  <w>själva</w>
  <w>ta</w>
  <w>ansvar</w>
  <w>för</w>
  <w>flyktingar</w>
  <w>.</w>
  <w>Lika</w>
  <w>viktigt</w>
  <w>är</w>
  <w>att</w>
  <w>asylsökande</w>
  <w>får</w>
  <w>arbetstillstånd</w>
  <w>direkt</w>
  <w>vid</w>
  <w>gränsen</w>
  <w>.</w>
</absapar>
<absapar id=12>
  <w>#</w>
  <w>P</w>
  <w>IMM</w>
  <w>.</w>
  <w>4</w>
  <w>Mer</w>
  <w>kapitalism</w>
  <w>!</w>
  <absaspan id=37>
    <w>Vi</w>
  </absaspan>
  <absaspan id=38 senti=4>
    <w>står</w>
    <w>upp</w>
    <w>för</w>
  </absaspan>
  <absaspan id=39>
    <w>vinstintresset</w>
  </absaspan>
  <w>där</w>
  <w>statliga</w>
  <w>monopol</w>
  <w>härskar</w>
  <w>nästan</w>
  <w>oinskränkt</w>
  <w>i</w>
  <w>dag</w>
  <w>.</w>
</absapar>
<absapar id=13>
  <w>Fler</w>
  <w>människor</w>
  <w>ska</w>
  <w>ges</w>
  <w>drivkrafter</w>
  <w>att</w>
  <w>vara</w>
  <w>med</w>
  <w>och</w>
  <w>förbättra</w>
  <w>sjukvården</w>
  <w>och</w>
  <w>utbildningen</w>
  <w>i</w>
  <w>det</w>
  <w>här</w>
  <w>landet</w>
  <w>.</w>
  <w>Och</w>
  <w>marknadsekonomin</w>
  <w>måste</w>
  <w>få</w>
  <w>utrymme</w>
  <w>att</w>
  <w>ersätta</w>
  <w>den</w>
  <absaspan id=40 senti=1>
    <w>groteska</w>
  </absaspan>
  <absaspan id=41>
    <w>bostadspolitiken</w>
  </absaspan>
  <w>med</w>
  <w>reglerad</w>
  <w>hyressättning</w>
  <w>.</w>
  <w>Vi</w>
  <w>tar</w>
  <w>striden</w>
  <w>för</w>
  <w>marknadshyror</w>
  <w>–</w>
  <w>som</w>
  <w>kapar</w>
  <w>köerna</w>
  <w>och</w>
  <w>räddar</w>
  <w>kvar</w>
  <w>hyresrätterna</w>
  <w>.</w>
</absapar>
<absapar id=14 senti=4>
  <w>Precis</w>
  <w>som</w>
  <w>1968</w>
  <w>lever</w>
  <w>aktivismen</w>
  <w>.</w>
  <w>Som</w>
  <w>engagerade</w>
  <w>i</w>
  <w>Moderata</w>
  <w>ungdomsförbundet</w>
  <w>har</w>
  <w>vi</w>
  <w>samlat</w>
  <w>in</w>
  <w>namn</w>
  <w>för</w>
  <w>amnesti</w>
  <w>till</w>
  <w>gömda</w>
  <w>flyktingar</w>
  <w>i</w>
  <w>landet</w>
  <w>.</w>
  <absaspan id=42>
    <w>Vi</w>
  </absaspan>
  <absaspan id=43 senti=1>
    <w>har</w>
  </absaspan>
  <w>tågat</w>
  <w>för</w>
  <w>homosexuellas</w>
  <w>lika</w>
  <w>rätt</w>
  <w>,</w>
  <w>och</w>
  <absaspan id=44 senti=1>
    <w>protesterat</w>
  </absaspan>
  <absaspan id=45 senti=1>
    <w>mot</w>
  </absaspan>
  <absaspan id=46>
    <w>dödsstraffen</w>
    <w>i</w>
    <w>Kina</w>
  </absaspan>
  <w>.</w>
  <absaspan id=47>
    <w>Vi</w>
  </absaspan>
  <absaspan id=48 senti=4>
    <w>har</w>
    <w>demonstrerat</w>
    <w>för</w>
  </absaspan>
  <absaspan id=49>
    <w>äganderätt</w>
    <w>och</w>
    <w>frihandel</w>
    <w>på</w>
    <w>gatorna</w>
  </absaspan>
  <w>.</w>
</absapar>
<absapar id=15>
  <w>Den</w>
  <w>borgerliga</w>
  <w>aktivismen</w>
  <w>tar</w>
  <w>vi</w>
  <w>med</w>
  <w>oss</w>
  <w>i</w>
  <w>valrörelsen</w>
  <w>–</w>
  <w>och</w>
  <w>in</w>
  <w>i</w>
  <w>riksdagshuset</w>
  <w>.</w>
</absapar>
<absapar id=16>
  <w>Martin</w>
  <w>Andreasson</w>
  <w>.</w>
</absapar>
<absapar id=17>
  <w>Peter</w>
  <w>Danielsson</w>
  <w>.</w>
</absapar>
<absapar id=18>
  <w>Ulrika</w>
  <w>Karlsson</w>
  <w>.</w>
</absapar>
<absapar id=19>
  <w>Johanna</w>
  <w>Möllerström</w>
  <w>.</w>
</absapar>
<absapar id=20>
  <w>Henrik</w>
  <w>von</w>
  <w>Sydow</w>
  <w>.</w>
</absapar>
<absapar id=21>
  <w>Moderata</w>
  <w>Ungdomsförbundets</w>
  <w>.</w>
</absapar>
<absapar id=22>
  <w>toppkandidater</w>
  <w>till</w>
  <w>riksdagen</w>
  <w>.</w>
</absapar>
</absadoc>
