<absadoc annotators=1 senti=>
<absatitle>
  <w>Muslim</w>
  <w>går</w>
  <w>på</w>
  <w>stan</w>
  <w>med</w>
  <w>dold</w>
  <w>kamera</w>
  <w>-</w>
  <w>utstår</w>
  <absaspan id=1 senti=1>
    <w>rasism</w>
  </absaspan>
  <w>.</w>
</absatitle>
<absapar id=1>
  <w>En</w>
  <w>egyptisk</w>
  <w>student</w>
  <w>går</w>
  <w>runt</w>
  <w>på</w>
  <w>stan</w>
  <w>klädd</w>
  <w>som</w>
  <w>imam</w>
  <w>ett</w>
  <w>par</w>
  <w>timmar</w>
  <w>och</w>
  <w>utstår</w>
  <absaspan id=2 senti=1>
    <w>rasism</w>
  </absaspan>
  <w>.</w>
</absapar>
<absapar id=2>
  <absaspan id=3 senti=4>
    <w>Är</w>
  </absaspan>
  <w>det</w>
  <absaspan id=4 senti=4>
    <w>rätt</w>
  </absaspan>
  <absaspan id=5>
    <w>att</w>
    <w>håna</w>
    <w>muslimer</w>
    <w>på</w>
    <w>stan</w>
  </absaspan>
  <w>?</w>
  <w>.</w>
</absapar>
</absadoc>
