<absadoc annotators=8 senti=>
<absatitle>
  <absaspan id=1 senti=2 partof=2 target=1>
    <w>Satan</w>
    <w>vad</w>
    <w>litet</w>
  </absaspan>
  <absaspan id=2 senti=2 target=2>
    <w>Malmö</w>
    <w>är</w>
  </absaspan>
  <w>,</w>
  <absaspan id=3 senti=2 target=3>
    <w>vafan</w>
    <w>e</w>
    <w>detta</w>
  </absaspan>
  <w>haha</w>
  <w>.</w>
</absatitle>
<absapar id=1>
  <w>Var</w>
  <w>på</w>
  <w>besök</w>
  <w>i</w>
  <absaspan id=4>
    <w>Malmö</w>
  </absaspan>
  <w>idag</w>
  <w>och</w>
  <absaspan id=5 senti=2>
    <w>fick</w>
    <w>en</w>
    <w>mild</w>
    <w>chock</w>
  </absaspan>
  <w>,</w>
  <absaspan id=6 senti=2>
    <w>staden</w>
    <w>är</w>
    <w>ju</w>
    <w>pytteliten</w>
  </absaspan>
  <w>!</w>
  <w>Efter</w>
  <w>att</w>
  <w>ha</w>
  <w>läst</w>
  <w>på</w>
  <w>Flashback</w>
  <w>/</w>
  <w>skyskrapercity</w>
  <w>mm</w>
  <w>så</w>
  <w>trodde</w>
  <w>jag</w>
  <w>att</w>
  <w>Malmö</w>
  <w>är</w>
  <w>någon</w>
  <w>stor</w>
  <w>skånsk</w>
  <absaspan id=7 senti=4>
    <w>världsmetropol</w>
  </absaspan>
  <w>,</w>
  <w>men</w>
  <w>i</w>
  <w>verkligheten</w>
  <w>är</w>
  <w>hela</w>
  <w>stan</w>
  <w>mindre</w>
  <w>en</w>
  <w>statsdel</w>
  <w>till</w>
  <w>Sthlm</w>
  <w>/</w>
  <w>Köpenhamn</w>
  <w>/</w>
  <w>Gbg</w>
  <w>.</w>
</absapar>
<absapar id=2>
  <w>Ett</w>
  <w>feting</w>
  <w>hus</w>
  <w>(</w>
  <w>TT</w>
  <w>)</w>
  <w>och</w>
  <absaspan id=8 senti=1>
    <w>ett</w>
    <w>par</w>
    <w>mirakulöst</w>
    <w>fula</w>
  </absaspan>
  <absaspan id=9 senti=1>
    <w>sovjetniska</w>
    <w>höghus</w>
  </absaspan>
  <w>,</w>
  <w>detta</w>
  <w>e</w>
  <w>alltså</w>
  <w>Malmös</w>
  <w>"</w>
  <w>manhatan</w>
  <w>"</w>
  <w>.</w>
</absapar>
<absapar id=3>
  <w>#</w>
  <w>P</w>
  <w>IMM</w>
  <w>.</w>
  <w>.</w>
  <w>Då</w>
  <w>är</w>
  <w>ändå</w>
  <w>detta</w>
  <w>en</w>
  <absaspan id=10>
    <w>bilden</w>
  </absaspan>
  <w>som</w>
  <absaspan id=11 senti=2>
    <w>tagits</w>
    <w>för</w>
    <w>att</w>
    <w>"</w>
    <w>imponera</w>
  </absaspan>
  <w>"</w>
  <w>,</w>
  <w>vinkeln</w>
  <w>fångar</w>
  <w>liksom</w>
  <w>alla</w>
  <w>höghus</w>
  <absaspan id=12 senti=2>
    <w>.</w>
  </absaspan>
</absapar>
<absapar id=4>
  <w>Har</w>
  <w>flera</w>
  <w>gånger</w>
  <w>läst</w>
  <w>att</w>
  <absaspan id=13>
    <w>Malmö</w>
  </absaspan>
  <w>är</w>
  <w>påväg</w>
  <w>att</w>
  <w>växa</w>
  <w>om</w>
  <w>Göteborg</w>
  <w>och</w>
  <w>att</w>
  <w>man</w>
  <w>efter</w>
  <w>det</w>
  <w>ska</w>
  <w>ta</w>
  <w>sig</w>
  <w>ann</w>
  <w>Stockholm</w>
  <w>och</w>
  <w>Köpenhamn</w>
  <w>.</w>
</absapar>
<absapar id=5>
  <absaspan id=14 senti=2>
    <w>Grym</w>
    <w>besvikelse</w>
    <w>var</w>
    <w>det</w>
  </absaspan>
  <w>ifall</w>
  <w>,</w>
  <absaspan id=15 senti=4>
    <w>hade</w>
    <w>verkligen</w>
    <w>sett</w>
    <w>fram</w>
    <w>emot</w>
  </absaspan>
  <absaspan id=16>
    <w>någon</w>
    <w>byggplats</w>
    <w>a</w>
    <w>la</w>
    <w>Dubai</w>
  </absaspan>
  <w>,</w>
  <w>istället</w>
  <w>kom</w>
  <w>man</w>
  <w>till</w>
  <absaspan id=17 senti=2>
    <w>en</w>
    <w>snäppet</w>
    <w>större</w>
    <w>version</w>
  </absaspan>
  <absaspan id=18 senti=2>
    <w>av</w>
    <w>Södertälje</w>
  </absaspan>
  <absaspan id=19>
    <w>.</w>
  </absaspan>
</absapar>
<absapar id=6>
  <w>Har</w>
  <w>jag</w>
  <w>missat</w>
  <w>något</w>
  <w>eller</w>
  <absaspan id=20 senti=2>
    <w>är</w>
    <w>det</w>
    <w>verkligen</w>
    <w>bara</w>
    <w>det</w>
    <w>där</w>
  </absaspan>
  <w>,</w>
  <w>det</w>
  <w>pratas</w>
  <w>ju</w>
  <w>non-stop</w>
  <w>om</w>
  <w>alla</w>
  <w>skrapor</w>
  <w>som</w>
  <w>ska</w>
  <w>byggas</w>
  <w>i</w>
  <absaspan id=21>
    <w>Malmö</w>
  </absaspan>
  <w>?</w>
  <w>.</w>
</absapar>
<absapar id=7>
  <w>Någon</w>
  <w>mer</w>
  <w>en</w>
  <w>jag</w>
  <w>som</w>
  <w>trott</w>
  <w>att</w>
  <w>Malmö</w>
  <w>var</w>
  <w>en</w>
  <w>Storstad</w>
  <w>?</w>
  <w>.</w>
</absapar>
<absapar id=8>
  <w>Hur</w>
  <w>många</w>
  <w>bor</w>
  <w>i</w>
  <w>Malmö</w>
  <w>,</w>
  <w>det</w>
  <w>sammanbyggda</w>
  <w>området</w>
  <w>alltså</w>
  <w>,</w>
  <absaspan id=22 senti=2>
    <w>finns</w>
    <w>inte</w>
    <w>en</w>
    <w>chans</w>
  </absaspan>
  <w>att</w>
  <absaspan id=23>
    <w>det</w>
    <w>bor</w>
    <w>600k</w>
    <w>där</w>
  </absaspan>
  <w>,</w>
  <w>det</w>
  <w>är</w>
  <w>ju</w>
  <w>nästan</w>
  <w>lika</w>
  <w>många</w>
  <w>som</w>
  <w>GBG</w>
  <w>.</w>
</absapar>
</absadoc>
