<absadoc annotators=1 senti=>
<absatitle>
  <w>Världsbanken</w>
  <w>ska</w>
  <w>granska</w>
  <w>Sveriges</w>
  <w>företagsklimat</w>
  <w>.</w>
</absatitle>
<absapar id=1>
  <w>På</w>
  <w>regeringens</w>
  <w>uppdrag</w>
  <absaspan id=1>
    <w>ska</w>
  </absaspan>
  <absaspan id=2>
    <w>Världsbanken</w>
    <w>genomföra</w>
    <w>en</w>
    <w>stor</w>
    <w>undersökning</w>
    <w>av</w>
    <w>det</w>
    <w>svenska</w>
    <w>företagsklimatet</w>
    <w>och</w>
    <w>hur</w>
    <w>det</w>
    <w>kan</w>
    <w>göras</w>
    <w>bättre</w>
  </absaspan>
  <w>.</w>
  <absaspan id=3>
    <w>Det</w>
  </absaspan>
  <absaspan id=4 senti=4>
    <w>blir</w>
    <w>ett</w>
  </absaspan>
  <absaspan id=5 senti=4>
    <w>viktigt</w>
  </absaspan>
  <absaspan id=6 senti=4>
    <w>bidrag</w>
  </absaspan>
  <w>i</w>
  <w>utformningen</w>
  <w>av</w>
  <w>alliansens</w>
  <w>fortsatta</w>
  <w>politik</w>
  <w>,</w>
  <w>skriver</w>
  <w>Anders</w>
  <w>Borg</w>
  <w>(</w>
  <w>M</w>
  <w>)</w>
  <w>och</w>
  <w>Annie</w>
  <w>Lööf</w>
  <w>(</w>
  <w>C</w>
  <w>)</w>
  <w>.</w>
</absapar>
<absapar id=2>
  <w>Regeringen</w>
  <w>har</w>
  <w>vidtagit</w>
  <w>en</w>
  <w>rad</w>
  <w>åtgärder</w>
  <w>för</w>
  <w>att</w>
  <w>förstärka</w>
  <w>företagsklimatet.Anders</w>
  <w>Borg</w>
  <w>och</w>
  <w>Annie</w>
  <w>Lööf</w>
  <w>.</w>
</absapar>
<absapar id=3>
  <w>Det</w>
  <w>här</w>
  <w>är</w>
  <w>en</w>
  <w>argumenterande</w>
  <w>text</w>
  <w>med</w>
  <w>syfte</w>
  <w>att</w>
  <w>påverka</w>
  <w>.</w>
  <w>Åsikterna</w>
  <w>som</w>
  <w>uttrycks</w>
  <w>är</w>
  <w>skribentens</w>
  <w>egna</w>
  <w>.</w>
</absapar>
<absapar id=4>
  <w>Sverige</w>
  <w>är</w>
  <w>ett</w>
  <w>litet</w>
  <w>och</w>
  <w>exportberoende</w>
  <w>land</w>
  <w>som</w>
  <w>konkurrerar</w>
  <w>i</w>
  <w>en</w>
  <w>tuff</w>
  <w>internationell</w>
  <w>miljö</w>
  <w>.</w>
  <w>Euroområdet</w>
  <w>präglas</w>
  <w>fortfarande</w>
  <w>av</w>
  <w>svag</w>
  <w>tillväxt</w>
  <w>,</w>
  <w>vilket</w>
  <w>även</w>
  <w>sätter</w>
  <w>avtryck</w>
  <w>i</w>
  <w>den</w>
  <w>svenska</w>
  <w>ekonomin</w>
  <w>.</w>
  <w>I</w>
  <w>år</w>
  <w>väntas</w>
  <w>tillväxten</w>
  <w>i</w>
  <w>den</w>
  <w>svenska</w>
  <w>ekonomin</w>
  <w>uppgå</w>
  <w>till</w>
  <w>1,2</w>
  <w>procent</w>
  <w>för</w>
  <w>att</w>
  <w>nästa</w>
  <w>år</w>
  <w>öka</w>
  <w>till</w>
  <w>2,2</w>
  <w>procent</w>
  <w>.</w>
  <absaspan id=7>
    <w>Samtidigt</w>
  </absaspan>
  <absaspan id=8 senti=4>
    <w>har</w>
  </absaspan>
  <absaspan id=9>
    <w>Sverige</w>
  </absaspan>
  <absaspan id=10 senti=4>
    <w>stått</w>
    <w>emot</w>
    <w>krisen</w>
    <w>väl</w>
  </absaspan>
  <absaspan id=11>
    <w>jämfört</w>
    <w>med</w>
    <w>många</w>
    <w>andra</w>
    <w>länder</w>
  </absaspan>
  <absaspan id=12 senti=4>
    <w>tack</w>
    <w>vare</w>
  </absaspan>
  <w>ett</w>
  <w>starkt</w>
  <w>utgångsläge</w>
  <w>och</w>
  <w>regeringens</w>
  <w>politik</w>
  <w>.</w>
  <w>Sveriges</w>
  <w>BNP</w>
  <w>har</w>
  <w>i</w>
  <w>genomsnitt</w>
  <w>växt</w>
  <w>cirka</w>
  <w>1,5</w>
  <w>procent</w>
  <w>mer</w>
  <w>per</w>
  <w>år</w>
  <w>än</w>
  <w>euroområdet</w>
  <w>under</w>
  <w>den</w>
  <w>senaste</w>
  <w>tioårsperioden</w>
  <w>.</w>
</absapar>
<absapar id=5>
  <absaspan id=13 senti=2>
    <w>Krisen</w>
  </absaspan>
  <absaspan id=14>
    <w>i</w>
    <w>euroområdet</w>
  </absaspan>
  <w>,</w>
  <w>de</w>
  <w>dämpade</w>
  <w>tillväxtutsikterna</w>
  <w>för</w>
  <w>Sverige</w>
  <w>och</w>
  <w>den</w>
  <w>starka</w>
  <w>kronan</w>
  <w>sätter</w>
  <w>stor</w>
  <w>press</w>
  <w>på</w>
  <w>de</w>
  <w>svenska</w>
  <w>företagen</w>
  <w>.</w>
  <w>Dessutom</w>
  <w>pressas</w>
  <w>företagen</w>
  <w>i</w>
  <w>Sverige</w>
  <w>och</w>
  <w>övriga</w>
  <w>Europa</w>
  <w>i</w>
  <w>dag</w>
  <w>allt</w>
  <w>hårdare</w>
  <w>av</w>
  <w>konkurrens</w>
  <w>från</w>
  <w>tillväxtländerna</w>
  <w>i</w>
  <w>framför</w>
  <w>allt</w>
  <w>Asien</w>
  <w>.</w>
</absapar>
<absapar id=6>
  <w>Sverige</w>
  <w>ska</w>
  <w>vara</w>
  <w>ett</w>
  <w>land</w>
  <w>som</w>
  <w>konkurrerar</w>
  <w>med</w>
  <w>kunskap</w>
  <w>,</w>
  <w>kompetens</w>
  <w>och</w>
  <absaspan id=15 senti=4>
    <w>goda</w>
  </absaspan>
  <absaspan id=16>
    <w>förutsättningar</w>
  </absaspan>
  <w>för</w>
  <w>företag</w>
  <w>.</w>
  <w>Det</w>
  <w>är</w>
  <w>så</w>
  <absaspan id=17>
    <w>Sverige</w>
  </absaspan>
  <absaspan id=18 senti=4>
    <w>byggts</w>
    <w>starkt</w>
  </absaspan>
  <w>under</w>
  <w>det</w>
  <w>senaste</w>
  <w>seklet</w>
  <w>,</w>
  <w>inte</w>
  <w>genom</w>
  <w>låga</w>
  <w>löner</w>
  <w>och</w>
  <absaspan id=19 senti=2>
    <w>dålig</w>
  </absaspan>
  <absaspan id=20>
    <w>arbetsmiljö</w>
  </absaspan>
  <w>.</w>
  <w>Det</w>
  <w>gör</w>
  <w>att</w>
  <w>det</w>
  <w>ställs</w>
  <w>höga</w>
  <w>krav</w>
  <w>på</w>
  <w>att</w>
  <w>de</w>
  <w>svenska</w>
  <w>företagen</w>
  <w>är</w>
  <w>innovativa</w>
  <w>och</w>
  <w>konkurrenskraftiga</w>
  <w>och</w>
  <w>att</w>
  <w>det</w>
  <w>svenska</w>
  <w>företagsklimatet</w>
  <w>är</w>
  <w>i</w>
  <w>världsklass</w>
  <w>.</w>
  <w>Ett</w>
  <w>gott</w>
  <w>företagsklimat</w>
  <w>är</w>
  <w>nödvändigt</w>
  <w>för</w>
  <w>att</w>
  <w>förstärka</w>
  <w>arbetslinjen</w>
  <w>,</w>
  <w>stärka</w>
  <w>förutsättningarna</w>
  <w>för</w>
  <w>ökad</w>
  <w>sysselsättning</w>
  <w>och</w>
  <w>för</w>
  <w>att</w>
  <w>kvinnor</w>
  <w>och</w>
  <w>män</w>
  <w>i</w>
  <w>Sverige</w>
  <w>ska</w>
  <w>kunna</w>
  <w>förverkliga</w>
  <w>sina</w>
  <w>drömmar</w>
  <w>och</w>
  <w>visioner</w>
  <w>.</w>
  <w>Det</w>
  <w>handlar</w>
  <w>inte</w>
  <w>minst</w>
  <w>om</w>
  <w>att</w>
  <w>ha</w>
  <w>en</w>
  <w>fungerande</w>
  <w>infrastruktur</w>
  <w>och</w>
  <w>ett</w>
  <absaspan id=21 senti=4>
    <w>välfungerande</w>
  </absaspan>
  <absaspan id=22>
    <w>utbildningssystem</w>
  </absaspan>
  <w>.</w>
</absapar>
<absapar id=7>
  <w>För</w>
  <w>att</w>
  <w>Sverige</w>
  <w>ska</w>
  <w>klara</w>
  <w>att</w>
  <w>möta</w>
  <w>en</w>
  <w>allt</w>
  <w>tuffare</w>
  <w>omvärld</w>
  <w>med</w>
  <w>hårdare</w>
  <w>konkurrens</w>
  <w>,</w>
  <w>samtidigt</w>
  <w>som</w>
  <w>tidigare</w>
  <w>viktiga</w>
  <w>exportmarknader</w>
  <w>utvecklats</w>
  <w>svagt</w>
  <w>,</w>
  <w>har</w>
  <w>regeringen</w>
  <w>vidtagit</w>
  <w>en</w>
  <w>rad</w>
  <w>åtgärder</w>
  <w>för</w>
  <w>att</w>
  <w>förstärka</w>
  <w>det</w>
  <w>svenska</w>
  <w>företagsklimatet</w>
  <w>.</w>
  <absaspan id=23>
    <w>Åtgärder</w>
    <w>som</w>
    <w>den</w>
    <w>sänkta</w>
    <w>bolagsskatten</w>
    <w>och</w>
    <w>förslaget</w>
    <w>om</w>
    <w>ett</w>
    <w>investeraravdrag</w>
  </absaspan>
  <absaspan id=24 senti=4>
    <w>stärker</w>
    <w>de</w>
    <w>svenska</w>
    <w>företagens</w>
    <w>konkurrenskraft</w>
  </absaspan>
  <w>och</w>
  <absaspan id=25 senti=4>
    <w>gör</w>
    <w>Sverige</w>
    <w>mer</w>
    <w>attraktivt</w>
  </absaspan>
  <w>för</w>
  <w>inhemska</w>
  <w>och</w>
  <w>utländska</w>
  <w>investeringar</w>
  <w>.</w>
  <absaspan id=26>
    <w>Regeringens</w>
    <w>historiskt</w>
    <w>stora</w>
    <w>satsning</w>
    <w>på</w>
    <w>infrastruktur</w>
    <w>–</w>
    <w>totalt</w>
    <w>100</w>
    <w>miljarder</w>
    <w>kronor</w>
    <w>fram</w>
    <w>till</w>
    <w>2025</w>
  </absaspan>
  <w>–</w>
  <absaspan id=27 senti=4>
    <w>skapar</w>
    <w>förutsättningar</w>
    <w>för</w>
    <w>ett</w>
  </absaspan>
  <absaspan id=28 senti=4>
    <w>mer</w>
    <w>effektivt</w>
    <w>och</w>
    <w>pålitligt</w>
  </absaspan>
  <absaspan id=29 senti=4>
    <w>transportsystem</w>
  </absaspan>
  <w>som</w>
  <w>tillgodoser</w>
  <w>behov</w>
  <w>av</w>
  <w>arbetspendling</w>
  <w>och</w>
  <w>transporter</w>
  <w>.</w>
  <w>Genom</w>
  <w>reformeringen</w>
  <w>av</w>
  <w>skolan</w>
  <w>och</w>
  <w>genom</w>
  <w>de</w>
  <w>satsningar</w>
  <w>på</w>
  <w>forskning</w>
  <w>och</w>
  <w>innovation</w>
  <w>som</w>
  <w>genomförts</w>
  <w>stärker</w>
  <w>vi</w>
  <w>de</w>
  <w>långsiktiga</w>
  <w>tillväxtförutsättningarna</w>
  <w>och</w>
  <absaspan id=30>
    <w>Sveriges</w>
  </absaspan>
  <absaspan id=31 senti=4>
    <w>ställning</w>
    <w>som</w>
    <w>ledande</w>
    <w>forskningsnation</w>
  </absaspan>
  <w>.</w>
  <w>Detta</w>
  <w>arbete</w>
  <w>måste</w>
  <w>fortsätta</w>
  <w>givet</w>
  <w>kraften</w>
  <w>i</w>
  <w>den</w>
  <w>förändring</w>
  <w>som</w>
  <w>sker</w>
  <w>i</w>
  <w>omvärlden</w>
  <w>.</w>
</absapar>
<absapar id=8>
  <w>Internationella</w>
  <w>jämförelser</w>
  <w>visar</w>
  <w>att</w>
  <absaspan id=32>
    <w>företags</w>
    <w>-</w>
    <w>och</w>
    <w>innovationsklimatet</w>
    <w>i</w>
    <w>Sverige</w>
  </absaspan>
  <absaspan id=33 senti=5>
    <w>är</w>
    <w>bland</w>
    <w>de</w>
    <w>bästa</w>
    <w>i</w>
    <w>världen</w>
  </absaspan>
  <w>.</w>
  <absaspan id=34>
    <w>Sverige</w>
  </absaspan>
  <absaspan id=35 senti=4>
    <w>toppar</w>
    <w>exempelvis</w>
    <w>EU-kommissionens</w>
    <w>rankning</w>
    <w>över</w>
    <w>de</w>
    <w>mest</w>
    <w>innovativa</w>
    <w>EU-länderna</w>
  </absaspan>
  <w>,</w>
  <absaspan id=36 senti=4>
    <w>rankas</w>
    <w>efter</w>
    <w>Schweiz</w>
    <w>som</w>
    <w>det</w>
    <w>mest</w>
    <w>innovativa</w>
    <w>landet</w>
    <w>i</w>
    <w>världen</w>
    <w>i</w>
    <w>handelshögskolan</w>
    <w>Inseads</w>
    <w>ranking</w>
    <w>"</w>
    <w>Global</w>
    <w>Innovation</w>
    <w>Index</w>
    <w>"</w>
  </absaspan>
  <w>samt</w>
  <absaspan id=37 senti=4>
    <w>hamnar</w>
    <w>på</w>
    <w>fjärde</w>
    <w>plats</w>
    <w>i</w>
    <w>World</w>
    <w>Economic</w>
    <w>Forums</w>
    <w>rankning</w>
    <w>av</w>
    <w>världens</w>
    <w>mest</w>
    <w>konkurrenskraftiga</w>
    <w>ekonomier</w>
  </absaspan>
  <w>.</w>
  <w>I</w>
  <w>Världsbankens</w>
  <w>undersökning</w>
  <w>över</w>
  <w>företagsklimatet</w>
  <w>hamnar</w>
  <w>Sverige</w>
  <w>dock</w>
  <w>först</w>
  <w>på</w>
  <w>13</w>
  <w>:</w>
  <w>e</w>
  <w>plats</w>
  <w>av</w>
  <w>världens</w>
  <w>länder</w>
  <w>.</w>
  <w>Detta</w>
  <w>visar</w>
  <w>att</w>
  <w>vi</w>
  <w>måste</w>
  <w>vara</w>
  <w>ödmjuka</w>
  <w>för</w>
  <w>att</w>
  <w>det</w>
  <w>fortsatt</w>
  <w>finns</w>
  <w>utrymme</w>
  <w>att</w>
  <w>förnya</w>
  <w>och</w>
  <w>förbättra</w>
  <w>vår</w>
  <w>politik</w>
  <w>–</w>
  <w>inget</w>
  <w>land</w>
  <w>kan</w>
  <w>i</w>
  <w>dagens</w>
  <w>globaliserade</w>
  <w>värld</w>
  <w>leva</w>
  <w>på</w>
  <w>gamla</w>
  <w>meriter</w>
  <w>.</w>
  <w>För</w>
  <w>att</w>
  <w>tvinga</w>
  <w>oss</w>
  <w>att</w>
  <w>ständigt</w>
  <w>stå</w>
  <w>på</w>
  <w>tå</w>
  <w>och</w>
  <w>pröva</w>
  <w>hur</w>
  <w>förutsättningar</w>
  <w>för</w>
  <w>jobb</w>
  <w>och</w>
  <w>investeringar</w>
  <w>kan</w>
  <w>förbättras</w>
  <w>kommer</w>
  <w>Världsbanken</w>
  <w>att</w>
  <w>på</w>
  <w>regeringens</w>
  <w>uppdrag</w>
  <w>genomföra</w>
  <w>en</w>
  <w>stor</w>
  <w>undersökning</w>
  <w>av</w>
  <w>det</w>
  <w>svenska</w>
  <w>företagsklimatet</w>
  <w>och</w>
  <w>hur</w>
  <w>det</w>
  <w>kan</w>
  <w>göras</w>
  <w>bättre</w>
  <w>.</w>
  <w>Redan</w>
  <w>i</w>
  <w>dag</w>
  <w>genomför</w>
  <w>Världsbanken</w>
  <w>varje</w>
  <w>år</w>
  <w>en</w>
  <w>studie</w>
  <w>över</w>
  <w>hur</w>
  <w>enkelt</w>
  <w>det</w>
  <w>är</w>
  <w>att</w>
  <w>driva</w>
  <w>företag</w>
  <w>i</w>
  <w>en</w>
  <w>rad</w>
  <w>olika</w>
  <w>länder</w>
  <w>,</w>
  <w>"</w>
  <w>Doing</w>
  <w>Business</w>
  <w>Index</w>
  <w>"</w>
  <w>.</w>
  <w>För</w>
  <w>Sveriges</w>
  <w>räkning</w>
  <w>kommer</w>
  <w>de</w>
  <w>att</w>
  <w>genomföra</w>
  <w>en</w>
  <w>än</w>
  <w>mer</w>
  <w>djupgående</w>
  <w>analys</w>
  <w>för</w>
  <w>att</w>
  <w>identifiera</w>
  <absaspan id=38>
    <w>de</w>
  </absaspan>
  <absaspan id=39 senti=2>
    <w>problem</w>
  </absaspan>
  <absaspan id=40>
    <w>som</w>
    <w>drabbar</w>
    <w>landets</w>
    <w>företagare</w>
  </absaspan>
  <w>.</w>
  <w>Undersökningen</w>
  <w>ska</w>
  <w>bland</w>
  <w>annat</w>
  <w>se</w>
  <w>ifall</w>
  <w>det</w>
  <w>finns</w>
  <absaspan id=41 senti=2>
    <w>snårig</w>
  </absaspan>
  <absaspan id=42>
    <w>byråkrati</w>
  </absaspan>
  <w>och</w>
  <absaspan id=43>
    <w>ineffektiva</w>
  </absaspan>
  <absaspan id=44>
    <w>regler</w>
  </absaspan>
  <absaspan id=45>
    <w>som</w>
  </absaspan>
  <absaspan id=46 senti=2>
    <w>kan</w>
    <w>förbättras</w>
  </absaspan>
  <w>.</w>
  <w>Förutom</w>
  <w>genomgång</w>
  <w>av</w>
  <w>sitt</w>
  <w>eget</w>
  <w>omfattande</w>
  <w>statistiska</w>
  <w>material</w>
  <w>kommer</w>
  <w>Världsbanken</w>
  <w>även</w>
  <w>att</w>
  <w>genomföra</w>
  <w>intervjuer</w>
  <w>med</w>
  <w>svenska</w>
  <w>företagare</w>
  <w>för</w>
  <w>att</w>
  <w>kartlägga</w>
  <w>hinder</w>
  <w>för</w>
  <w>företagande</w>
  <w>som</w>
  <w>ännu</w>
  <w>inte</w>
  <w>åtgärdats</w>
  <w>.</w>
  <w>Undersökningen</w>
  <w>beräknas</w>
  <w>vara</w>
  <w>färdig</w>
  <w>under</w>
  <w>första</w>
  <w>halvan</w>
  <w>av</w>
  <w>2014</w>
  <w>.</w>
</absapar>
<absapar id=9>
  <w>Skräddarsydda</w>
  <w>kurser</w>
  <w>i</w>
  <w>ämnen</w>
  <w>som</w>
  <w>intresserar</w>
  <w>och</w>
  <w>engagerar</w>
  <w>både</w>
  <w>kropp</w>
  <w>och</w>
  <w>själ</w>
  <w>.</w>
</absapar>
<absapar id=10>
  <w>Detta</w>
  <w>är</w>
  <w>första</w>
  <w>gången</w>
  <w>som</w>
  <w>Världsbanken</w>
  <w>granskar</w>
  <w>ett</w>
  <w>land</w>
  <w>som</w>
  <w>Sverige</w>
  <w>på</w>
  <w>ett</w>
  <w>så</w>
  <w>omfattande</w>
  <w>sätt</w>
  <w>.</w>
  <absaspan id=47>
    <w>Deras</w>
    <w>expertis</w>
  </absaspan>
  <absaspan id=48 senti=4>
    <w>kommer</w>
    <w>att</w>
    <w>vara</w>
    <w>en</w>
    <w>viktig</w>
    <w>hjälp</w>
  </absaspan>
  <w>för</w>
  <w>att</w>
  <w>identifiera</w>
  <w>problem</w>
  <w>för</w>
  <w>de</w>
  <w>svenska</w>
  <w>företagen</w>
  <w>och</w>
  <w>skapa</w>
  <w>förutsättningar</w>
  <w>för</w>
  <w>att</w>
  <w>utveckla</w>
  <w>regeringens</w>
  <w>politik</w>
  <w>ytterligare</w>
  <w>.</w>
</absapar>
<absapar id=11>
  <w>Att</w>
  <absaspan id=49>
    <w>Sverige</w>
  </absaspan>
  <absaspan id=50 senti=4>
    <w>har</w>
    <w>klarat</w>
    <w>sig</w>
    <w>relativt</w>
    <w>bra</w>
  </absaspan>
  <w>genom</w>
  <w>den</w>
  <w>pågående</w>
  <w>krisen</w>
  <w>i</w>
  <w>Europa</w>
  <w>beror</w>
  <w>på</w>
  <w>kombinationen</w>
  <w>av</w>
  <absaspan id=51 senti=4>
    <w>starka</w>
  </absaspan>
  <absaspan id=52>
    <w>offentliga</w>
    <w>finanser</w>
  </absaspan>
  <w>,</w>
  <w>en</w>
  <w>politik</w>
  <w>för</w>
  <w>att</w>
  <w>få</w>
  <w>fler</w>
  <w>i</w>
  <w>arbete</w>
  <w>och</w>
  <w>ett</w>
  <absaspan id=53 senti=4>
    <w>förbättrat</w>
  </absaspan>
  <absaspan id=54>
    <w>företagsklimat</w>
  </absaspan>
  <w>.</w>
  <w>Ska</w>
  <w>vi</w>
  <w>kunna</w>
  <w>fortsätta</w>
  <w>arbetet</w>
  <w>med</w>
  <w>att</w>
  <w>pressa</w>
  <w>ned</w>
  <w>arbetslösheten</w>
  <w>,</w>
  <w>öka</w>
  <w>sysselsättningen</w>
  <w>och</w>
  <w>säkra</w>
  <w>att</w>
  <w>de</w>
  <w>som</w>
  <w>i</w>
  <w>dag</w>
  <w>står</w>
  <w>långt</w>
  <w>från</w>
  <w>arbetsmarknaden</w>
  <w>ges</w>
  <w>ökade</w>
  <w>möjligheter</w>
  <w>att</w>
  <w>komma</w>
  <w>in</w>
  <w>på</w>
  <w>arbetsmarknaden</w>
  <w>krävs</w>
  <w>det</w>
  <w>en</w>
  <w>politik</w>
  <w>som</w>
  <w>sätter</w>
  <w>jobben</w>
  <w>först</w>
  <w>.</w>
  <w>Världsbankens</w>
  <w>omfattande</w>
  <w>granskning</w>
  <w>av</w>
  <w>företagens</w>
  <w>villkor</w>
  <w>i</w>
  <w>Sverige</w>
  <w>och</w>
  <w>hur</w>
  <w>de</w>
  <w>kan</w>
  <w>förbättras</w>
  <w>kommer</w>
  <w>att</w>
  <w>vara</w>
  <w>ett</w>
  <w>viktigt</w>
  <w>bidrag</w>
  <w>i</w>
  <w>utformningen</w>
  <w>av</w>
  <w>alliansens</w>
  <w>fortsatta</w>
  <w>politik</w>
  <w>för</w>
  <w>fler</w>
  <w>jobb</w>
  <w>och</w>
  <w>för</w>
  <w>att</w>
  <w>förstärka</w>
  <w>Sveriges</w>
  <w>starka</w>
  <w>position</w>
  <w>ytterligare</w>
  <w>.</w>
</absapar>
<absapar id=12>
  <w>ANDERS</w>
  <w>BORG</w>
  <w>(</w>
  <w>M</w>
  <w>)</w>
  <w>.</w>
</absapar>
<absapar id=13>
  <w>finansminister</w>
  <w>.</w>
</absapar>
<absapar id=14>
  <w>ANNIE</w>
  <w>LÖÖF</w>
  <w>(</w>
  <w>C</w>
  <w>)</w>
  <w>.</w>
</absapar>
<absapar id=15>
  <w>näringsminister</w>
  <w>.</w>
</absapar>
<absapar id=16>
  <w>Redaktör</w>
  <w>:</w>
  <w>Carina</w>
  <w>Stensson</w>
  <w>,</w>
  <w>Biträdande</w>
  <w>redaktör</w>
  <w>:</w>
  <w>Björn</w>
  <w>Jorner</w>
  <w>,</w>
  <w>Mejl</w>
  <w>:</w>
  <w>debatt</w>
  <w>@</w>
  <w>svd.se</w>
  <w>,</w>
  <w>Telefonnummer</w>
  <w>:</w>
  <w>08</w>
  <w>-</w>
  <w>135149</w>
  <w>,</w>
  <w>Twitter</w>
  <w>:</w>
  <w>@</w>
  <w>SvDDebatt</w>
  <w>,</w>
  <w>Facebook</w>
  <w>:</w>
  <w>SvD</w>
  <w>Debatt</w>
  <w>.</w>
</absapar>
</absadoc>
