<absadoc annotators=1 senti=2>
<absatitle>
  <w>Invandrings</w>
  <w>samt</w>
  <w>islamist</w>
  <w>debatten</w>
  <w>ändras</w>
  <w>just</w>
  <w>nu</w>
  <w>!</w>
</absatitle>
<absapar id=1 senti=3>
  <w>Märker</w>
  <w>ni</w>
  <w>det</w>
  <w>?</w>
  <w>Debattklimatet</w>
  <w>ändras</w>
  <w>,</w>
  <absaspan id=1>
    <w>jag</w>
  </absaspan>
  <absaspan id=2 senti=4>
    <w>tror</w>
    <w>med</w>
    <w>försiktig</w>
    <w>optimism</w>
  </absaspan>
  <absaspan id=3>
    <w>att</w>
    <w>vi</w>
    <w>just</w>
    <w>nu</w>
    <w>i</w>
    <w>Sverige</w>
    <w>står</w>
    <w>vid</w>
    <w>en</w>
    <w>vändpunkt</w>
  </absaspan>
  <w>.</w>
</absapar>
<absapar id=2>
  <w>Detta</w>
  <w>kommer</w>
  <w>fortsätta</w>
  <w>ändra</w>
  <w>sig</w>
  <w>fram</w>
  <w>tills</w>
  <w>nästa</w>
  <w>val</w>
  <w>där</w>
  <w>jag</w>
  <w>tror</w>
  <w>att</w>
  <w>SD</w>
  <w>kommer</w>
  <w>få</w>
  <w>ca</w>
  <w>15%</w>
  <w>.</w>
</absapar>
<absapar id=3>
  <w>.</w>
  <w>-</w>
  <w>Omargate</w>
  <w>.</w>
</absapar>
<absapar id=4>
  <w>.</w>
  <w>-</w>
  <w>SR</w>
  <w>lägger</w>
  <w>ut</w>
  <w>intervjuer</w>
  <w>på</w>
  <w>somalier</w>
  <w>som</w>
  <w>säger</w>
  <w>rakt</w>
  <w>ut</w>
  <w>att</w>
  <w>dom</w>
  <w>är</w>
  <w>mot</w>
  <w>homo</w>
  <w>.</w>
</absapar>
<absapar id=5 senti=3>
  <w>.</w>
  <w>-</w>
  <w>Debatter</w>
  <w>om</w>
  <w>invandring</w>
  <w>.</w>
</absapar>
<absapar id=6 senti=3>
  <w>.</w>
  <w>-</w>
  <w>Arbetsplatser</w>
  <w>fylls</w>
  <w>av</w>
  <w>pratet</w>
  <w>om</w>
  <w>invandrare</w>
  <w>och</w>
  <w>att</w>
  <w>det</w>
  <w>kostar</w>
  <w>för</w>
  <w>mycket</w>
  <w>,</w>
  <w>även</w>
  <w>civilekonomer</w>
  <w>och</w>
  <w>dylikt</w>
  <w>.</w>
</absapar>
<absapar id=7 senti=3>
  <w>Vad</w>
  <w>tror</w>
  <w>ni</w>
  <w>?</w>
  <w>Kommer</w>
  <w>alla</w>
  <w>bli</w>
  <w>avfärdade</w>
  <w>som</w>
  <w>rasister</w>
  <w>eller</w>
  <w>kommer</w>
  <w>fler</w>
  <w>och</w>
  <w>fler</w>
  <absaspan id=4>
    <w>journalister</w>
    <w>och</w>
    <w>politiker</w>
  </absaspan>
  <absaspan id=5 senti=1>
    <w>vända</w>
    <w>kappan</w>
    <w>efter</w>
    <w>vinden</w>
  </absaspan>
  <w>igen</w>
  <w>och</w>
  <w>byta</w>
  <w>spår</w>
  <w>?</w>
  <w>.</w>
</absapar>
<absapar id=8>
  <w>#</w>
  <w>P</w>
  <w>IMM</w>
  <w>.</w>
  <w>*</w>
  <w>*</w>
  <w>*</w>
  <w>.</w>
</absapar>
<absapar id=9>
  <w>EDIT</w>
  <w>SPELLING</w>
  <w>.</w>
</absapar>
</absadoc>
