<absadoc annotators=1 senti=2>
<absatitle>
  <w>Invandrare</w>
  <w>själva</w>
  <w>som</w>
  <w>tänder</w>
  <w>på</w>
  <w>asylboenden</w>
  <w>?</w>
</absatitle>
<absapar id=1 senti=2>
  <w>Jag</w>
  <w>har</w>
  <w>ända</w>
  <w>sedan</w>
  <w>det</w>
  <w>började</w>
  <w>brinna</w>
  <w>på</w>
  <w>asylboenden</w>
  <w>klurat</w>
  <w>på</w>
  <w>detta</w>
  <w>.</w>
  <w>.</w>
  <w>.</w>
  <w>är</w>
  <w>det</w>
  <w>verkligen</w>
  <absaspan id=1 senti=1>
    <w>rasister</w>
  </absaspan>
  <w>som</w>
  <w>utför</w>
  <w>dessa</w>
  <w>bränder</w>
  <w>?</w>
  <w>Det</w>
  <w>är</w>
  <w>sällan</w>
  <w>någon</w>
  <w>gärningsman</w>
  <w>åker</w>
  <w>dit</w>
  <w>,</w>
  <w>men</w>
  <w>dom</w>
  <w>gånger</w>
  <w>jag</w>
  <w>faktiskt</w>
  <w>sett</w>
  <w>en</w>
  <w>gärningsman</w>
  <w>har</w>
  <w>det</w>
  <w>trots</w>
  <w>pixlade</w>
  <w>bilder</w>
  <w>gått</w>
  <w>att</w>
  <w>se</w>
  <w>att</w>
  <w>personen</w>
  <w>inte</w>
  <w>är</w>
  <w>svensk</w>
  <w>.</w>
</absapar>
<absapar id=2 senti=2>
  <w>Är</w>
  <w>det</w>
  <w>någon</w>
  <w>som</w>
  <w>har</w>
  <w>koll</w>
  <w>på</w>
  <w>statistiken</w>
  <w>eller</w>
  <w>har</w>
  <w>konkreta</w>
  <w>fall</w>
  <w>så</w>
  <w>vi</w>
  <w>kan</w>
  <w>jämföra</w>
  <absaspan id=2>
    <w>hur</w>
    <w>många</w>
    <w>procent</w>
    <w>av</w>
  </absaspan>
  <absaspan id=3 senti=1>
    <w>mordbränderna</w>
  </absaspan>
  <absaspan id=4>
    <w>som</w>
    <w>sker</w>
    <w>pga</w>
    <w>invandrare</w>
    <w>själva</w>
  </absaspan>
  <w>?</w>
  <w>.</w>
</absapar>
<absapar id=3 senti=2>
  <w>Med</w>
  <w>tanke</w>
  <w>på</w>
  <w>att</w>
  <w>bränderna</w>
  <absaspan id=5 senti=2>
    <w>används</w>
    <w>som</w>
    <w>ett</w>
    <w>slagträ</w>
  </absaspan>
  <w>mot</w>
  <absaspan id=6 senti=1>
    <w>rasism</w>
  </absaspan>
  <w>vore</w>
  <w>det</w>
  <absaspan id=7 senti=4>
    <w>ganska</w>
    <w>intressant</w>
  </absaspan>
  <absaspan id=8>
    <w>att</w>
    <w>veta</w>
  </absaspan>
  <w>.</w>
</absapar>
</absadoc>
