<absadoc annotators=1 senti=>
<absatitle>
  <w>Nekades</w>
  <w>stiga</w>
  <w>ombord</w>
  <w>på</w>
  <w>flyg</w>
  <w>pga</w>
  <w>nytt</w>
  <w>efternamn</w>
  <w>,</w>
  <absaspan id=1 senti=3>
    <w>gjorde</w>
  </absaspan>
  <absaspan id=2>
    <w>flygbolaget</w>
  </absaspan>
  <absaspan id=3 senti=3>
    <w>rätt</w>
  </absaspan>
  <w>?</w>
</absatitle>
<absapar id=1>
  <w>En</w>
  <w>bekant</w>
  <w>till</w>
  <w>mig</w>
  <w>gifte</w>
  <w>sig</w>
  <w>för</w>
  <w>två</w>
  <w>år</w>
  <w>sedan</w>
  <w>med</w>
  <w>en</w>
  <w>svensk</w>
  <w>man</w>
  <w>.</w>
  <w>Hon</w>
  <w>har</w>
  <w>sitt</w>
  <w>gamla</w>
  <w>efternamn</w>
  <w>på</w>
  <w>sitt</w>
  <w>pass</w>
  <w>från</w>
  <w>hennes</w>
  <w>hemland</w>
  <w>och</w>
  <w>sitt</w>
  <w>nya</w>
  <w>(</w>
  <w>sin</w>
  <w>mans</w>
  <w>)</w>
  <w>efternamn</w>
  <w>i</w>
  <w>svensk</w>
  <w>folkbokföring</w>
  <w>.</w>
  <w>Hon</w>
  <w>är</w>
  <w>ej</w>
  <w>svensk</w>
  <w>medborgare</w>
  <w>utan</w>
  <w>har</w>
  <w>uppehållstillstånd</w>
  <w>i</w>
  <w>Sverige</w>
  <w>.</w>
</absapar>
<absapar id=2>
  <w>Häromdan</w>
  <w>skulle</w>
  <w>hon</w>
  <w>åka</w>
  <w>till</w>
  <w>sitt</w>
  <w>hemland</w>
  <w>som</w>
  <w>ligger</w>
  <w>utanför</w>
  <w>EU</w>
  <w>.</w>
  <w>Mellanlandning</w>
  <w>i</w>
  <w>Tyskland</w>
  <w>.</w>
</absapar>
<absapar id=3>
  <w>Biljetten</w>
  <w>hade</w>
  <w>bokats</w>
  <w>i</w>
  <w>hennes</w>
  <w>nuvarande</w>
  <w>namn</w>
  <w>säg</w>
  <w>Anna</w>
  <w>Karlsson</w>
  <w>.</w>
  <w>Hon</w>
  <w>innehar</w>
  <w>svenskt</w>
  <w>ID-kort</w>
  <w>där</w>
  <w>det</w>
  <w>står</w>
  <w>låt</w>
  <w>säga</w>
  <w>Anna</w>
  <w>Karlsson</w>
  <w>.</w>
  <w>På</w>
  <w>passet</w>
  <w>från</w>
  <w>forna</w>
  <w>hemlandet</w>
  <w>står</w>
  <w>låt</w>
  <w>säga</w>
  <w>Anna</w>
  <w>Jones</w>
  <w>.</w>
</absapar>
<absapar id=4>
  <w>Vid</w>
  <w>incheckning</w>
  <w>nekades</w>
  <w>hon</w>
  <w>ombordstigning</w>
  <w>av</w>
  <w>flygbolaget</w>
  <w>med</w>
  <w>motiveringen</w>
  <w>att</w>
  <w>efternamnet</w>
  <w>på</w>
  <w>passet</w>
  <w>stämmer</w>
  <w>ej</w>
  <w>överens</w>
  <w>med</w>
  <w>efternamnet</w>
  <w>på</w>
  <w>biljetten</w>
  <w>trots</w>
  <w>uppvisande</w>
  <w>av</w>
  <w>svensk</w>
  <w>ID</w>
  <w>handling</w>
  <w>där</w>
  <w>efternamnet</w>
  <w>med</w>
  <w>biljetten</w>
  <w>stämmer</w>
  <w>.</w>
  <absaspan id=4 senti=3>
    <w>Gjorde</w>
  </absaspan>
  <absaspan id=5>
    <w>flybolaget</w>
  </absaspan>
  <absaspan id=6 senti=3>
    <w>rätt</w>
  </absaspan>
  <absaspan id=7 senti=3>
    <w>att</w>
    <w>neka</w>
    <w>ombordstigning</w>
  </absaspan>
  <w>?</w>
  <w>.</w>
</absapar>
</absadoc>
