<absadoc annotators=1 senti=>
<absatitle>
  <absaspan id=1 senti=4 target=2>
    <w>Klart</w>
  </absaspan>
  <absaspan id=2>
    <w>att</w>
    <w>konstnärer</w>
    <w>måste</w>
    <w>få</w>
    <w>skäligt</w>
    <w>betalt</w>
  </absaspan>
  <w>.</w>
</absatitle>
<absapar id=1>
  <w>REPLIK</w>
  <w>.</w>
  <w>Företrädare</w>
  <w>för</w>
  <w>Konstnärernas</w>
  <w>Riksorganisation</w>
  <w>(</w>
  <w>KRO</w>
  <w>)</w>
  <w>kräver</w>
  <w>i</w>
  <w>ett</w>
  <w>debattinlägg</w>
  <w>att</w>
  <w>kulturminister</w>
  <w>Alice</w>
  <w>Bah</w>
  <w>Kuhnke</w>
  <w>vidtar</w>
  <w>åtgärder</w>
  <w>för</w>
  <w>att</w>
  <w>hålla</w>
  <w>de</w>
  <w>löften</w>
  <w>hon</w>
  <w>gett</w>
  <w>avseende</w>
  <w>konstnärers</w>
  <w>ersättningar</w>
  <w>i</w>
  <w>samband</w>
  <w>med</w>
  <w>utställningar</w>
  <w>.</w>
</absapar>
<absapar id=2>
  <w>I</w>
  <w>artikeln</w>
  <w>nämns</w>
  <w>också</w>
  <w>de</w>
  <absaspan id=3 senti=4>
    <w>målmedvetna</w>
  </absaspan>
  <absaspan id=4>
    <w>satsningar</w>
    <w>som</w>
    <w>görs</w>
    <w>i</w>
    <w>Västra</w>
    <w>Götalandsregionen</w>
  </absaspan>
  <w>.</w>
  <w>Vi</w>
  <w>har</w>
  <w>medverkat</w>
  <w>till</w>
  <w>att</w>
  <w>det</w>
  <w>avtal</w>
  <w>som</w>
  <w>staten</w>
  <w>tecknat</w>
  <w>med</w>
  <w>KRO</w>
  <w>också</w>
  <w>ska</w>
  <w>tillämpas</w>
  <w>i</w>
  <w>samband</w>
  <w>med</w>
  <w>regionala</w>
  <w>konstutställningar</w>
  <w>i</w>
  <w>vår</w>
  <w>region</w>
  <w>.</w>
</absapar>
<absapar id=3>
  <w>Det</w>
  <absaspan id=5 senti=2>
    <w>är</w>
    <w>anmärkningsvärt</w>
  </absaspan>
  <absaspan id=6>
    <w>att</w>
    <w>inte</w>
    <w>staten</w>
    <w>tar</w>
    <w>sitt</w>
    <w>ansvar</w>
    <w>för</w>
    <w>de</w>
    <w>statliga</w>
    <w>konstinstitutionernas</w>
    <w>ansvar</w>
  </absaspan>
  <w>.</w>
  <w>Om</w>
  <w>avtal</w>
  <w>tecknas</w>
  <w>måste</w>
  <w>parterna</w>
  <w>kunna</w>
  <w>lita</w>
  <w>på</w>
  <w>att</w>
  <w>dessa</w>
  <w>hålls</w>
  <w>.</w>
  <w>Enligt</w>
  <w>KRO</w>
  <w>sker</w>
  <w>inte</w>
  <w>detta</w>
  <w>.</w>
</absapar>
<absapar id=4>
  <w>Vi</w>
  <w>kan</w>
  <w>konstatera</w>
  <w>att</w>
  <w>vaktmästaren</w>
  <w>som</w>
  <w>ansvarar</w>
  <w>för</w>
  <w>konstutställningarna</w>
  <w>har</w>
  <w>avtalsenliga</w>
  <w>löner</w>
  <w>.</w>
  <w>Detta</w>
  <w>gäller</w>
  <w>också</w>
  <w>lokalvårdare</w>
  <w>,</w>
  <w>de</w>
  <w>som</w>
  <w>transporterar</w>
  <w>verken</w>
  <w>,</w>
  <w>utställningstekniker</w>
  <w>och</w>
  <w>alla</w>
  <w>andra</w>
  <w>som</w>
  <w>är</w>
  <w>engagerade</w>
  <w>i</w>
  <w>att</w>
  <w>utställningen</w>
  <w>kommer</w>
  <w>till</w>
  <w>stånd</w>
  <w>.</w>
  <w>Men</w>
  <w>inte</w>
  <w>för</w>
  <w>konstnären</w>
  <w>själv</w>
  <absaspan id=7 senti=2>
    <w>.</w>
  </absaspan>
  <absaspan id=8>
    <w>Medianlönen</w>
  </absaspan>
  <absaspan id=9>
    <w>hos</w>
    <w>KROs</w>
    <w>medlemmar</w>
    <w>är</w>
    <w>13</w>
    <w>000</w>
    <w>kronor</w>
    <w>i</w>
    <w>månaden</w>
  </absaspan>
  <w>.</w>
  <absaspan id=10>
    <w>Detta</w>
  </absaspan>
  <absaspan id=11 senti=2>
    <w>är</w>
    <w>en</w>
    <w>ohållbar</w>
    <w>situation</w>
  </absaspan>
  <w>och</w>
  <w>kräver</w>
  <w>ändring</w>
  <w>.</w>
</absapar>
<absapar id=5>
  <absaspan id=12>
    <w>Att</w>
    <w>KRO</w>
    <w>riktar</w>
    <w>krav</w>
    <w>mot</w>
    <w>kulturministern</w>
  </absaspan>
  <absaspan id=13 senti=5>
    <w>är</w>
    <w>rätt</w>
    <w>och</w>
    <w>riktigt</w>
  </absaspan>
  <w>.</w>
  <w>Staten</w>
  <w>måste</w>
  <w>vara</w>
  <w>ett</w>
  <w>föredöme</w>
  <w>och</w>
  <w>det</w>
  <w>måste</w>
  <absaspan id=14 senti=2>
    <w>bli</w>
    <w>slut</w>
    <w>på</w>
  </absaspan>
  <absaspan id=15>
    <w>utnyttjandet</w>
    <w>av</w>
    <w>konstnärernas</w>
    <w>medverkan</w>
    <w>vid</w>
    <w>utställningar</w>
  </absaspan>
  <w>.</w>
  <absaspan id=16 senti=4>
    <w>Självklart</w>
  </absaspan>
  <absaspan id=17>
    <w>ska</w>
    <w>de</w>
    <w>ha</w>
    <w>skäliga</w>
    <w>ersättningar</w>
  </absaspan>
  <w>.</w>
</absapar>
<absapar id=6>
  <w>Men</w>
  <w>det</w>
  <w>vilar</w>
  <w>också</w>
  <w>ett</w>
  <w>stort</w>
  <w>ansvar</w>
  <w>på</w>
  <w>regionala</w>
  <w>och</w>
  <w>kommunala</w>
  <w>politiker</w>
  <w>.</w>
  <w>KROs</w>
  <w>så</w>
  <w>kallade</w>
  <absaspan id=18>
    <w>MU-avtal</w>
  </absaspan>
  <w>,</w>
  <w>som</w>
  <w>reglerar</w>
  <w>ersättningar</w>
  <w>för</w>
  <w>Medverkans</w>
  <w>-</w>
  <w>och</w>
  <w>Utställningskostnader</w>
  <w>,</w>
  <w>är</w>
  <w>ett</w>
  <w>sätt</w>
  <w>att</w>
  <w>hantera</w>
  <w>frågan</w>
  <w>.</w>
  <absaspan id=19>
    <w>Då</w>
    <w>regleras</w>
    <w>parternas</w>
    <w>ömsesidiga</w>
    <w>åtaganden</w>
  </absaspan>
  <w>och</w>
  <absaspan id=20 senti=4>
    <w>inga</w>
    <w>konstnärer</w>
    <w>behöver</w>
    <w>känna</w>
    <w>att</w>
    <w>de</w>
    <w>är</w>
  </absaspan>
  <absaspan id=21 senti=4>
    <w>gratisarbetare</w>
  </absaspan>
  <w>.</w>
</absapar>
<absapar id=7>
  <w>Vi</w>
  <w>har</w>
  <w>tagit</w>
  <w>ett</w>
  <w>visst</w>
  <w>ansvar</w>
  <w>för</w>
  <w>regionala</w>
  <w>konstinstitutioner</w>
  <w>i</w>
  <w>Västsverige</w>
  <w>och</w>
  <absaspan id=22 senti=4>
    <w>uppmanar</w>
  </absaspan>
  <absaspan id=23>
    <w>alla</w>
    <w>andra</w>
    <w>lokala</w>
    <w>och</w>
    <w>regionala</w>
    <w>kulturansvarig</w>
    <w>att</w>
    <w>göra</w>
    <w>sin</w>
    <w>del</w>
  </absaspan>
  <w>.</w>
</absapar>
<absapar id=8>
  <w>Det</w>
  <w>måste</w>
  <w>bli</w>
  <w>en</w>
  <w>ändring</w>
  <w>så</w>
  <w>att</w>
  <w>vi</w>
  <w>ersätter</w>
  <w>konstnärerna</w>
  <w>med</w>
  <w>skäliga</w>
  <w>belopp</w>
  <w>.</w>
  <w>Konstnärer</w>
  <w>har</w>
  <w>ofta</w>
  <w>en</w>
  <w>lång</w>
  <w>akademisk</w>
  <w>utbildning</w>
  <w>som</w>
  <w>samhället</w>
  <w>bekostat</w>
  <w>.</w>
  <w>Men</w>
  <w>när</w>
  <w>de</w>
  <w>är</w>
  <w>utbildade</w>
  <w>och</w>
  <w>klara</w>
  <w>för</w>
  <w>sina</w>
  <w>första</w>
  <w>utställningar</w>
  <w>ersätts</w>
  <w>de</w>
  <w>på</w>
  <absaspan id=24 senti=2>
    <w>helt</w>
    <w>annorlunda</w>
  </absaspan>
  <absaspan id=25>
    <w>sätt</w>
  </absaspan>
  <w>än</w>
  <w>andra</w>
  <w>yrkeskategorier</w>
  <w>.</w>
</absapar>
<absapar id=9>
  <w>För</w>
  <w>att</w>
  <absaspan id=26 senti=4>
    <w>främja</w>
  </absaspan>
  <absaspan id=27>
    <w>ett</w>
    <w>rikt</w>
    <w>kulturliv</w>
  </absaspan>
  <w>är</w>
  <w>det</w>
  <w>viktigt</w>
  <w>att</w>
  <absaspan id=28 senti=4>
    <w>måna</w>
    <w>om</w>
  </absaspan>
  <absaspan id=29>
    <w>konstnärernas</w>
    <w>livsvillkor</w>
  </absaspan>
  <w>.</w>
  <w>Därför</w>
  <w>är</w>
  <w>det</w>
  <w>dags</w>
  <w>att</w>
  <w>utkräva</w>
  <w>ansvar</w>
  <w>för</w>
  <w>dagens</w>
  <w>kulturpolitikers</w>
  <w>agerande</w>
  <w>.</w>
  <w>Det</w>
  <absaspan id=30 senti=1>
    <w>är</w>
    <w>inte</w>
    <w>acceptabelt</w>
  </absaspan>
  <absaspan id=31>
    <w>att</w>
    <w>lova</w>
    <w>ut</w>
    <w>bättre</w>
    <w>villkor</w>
    <w>för</w>
    <w>konstnärer</w>
    <w>,</w>
    <w>men</w>
    <w>sedan</w>
    <w>inte</w>
    <w>göra</w>
    <w>något</w>
    <w>av</w>
    <w>saken</w>
  </absaspan>
  <w>.</w>
</absapar>
<absapar id=10>
  <w>Ersättningar</w>
  <w>till</w>
  <w>konstnärer</w>
  <w>måste</w>
  <w>kunna</w>
  <w>skötas</w>
  <w>av</w>
  <absaspan id=32 senti=4>
    <w>ansvarsfulla</w>
  </absaspan>
  <absaspan id=33>
    <w>politiker</w>
    <w>på</w>
    <w>kommunal</w>
    <w>,</w>
    <w>regional</w>
    <w>och</w>
    <w>statlig</w>
    <w>nivå</w>
  </absaspan>
  <w>.</w>
  <w>Någon</w>
  <w>lagstiftning</w>
  <w>ska</w>
  <w>inte</w>
  <w>behövas</w>
  <w>.</w>
</absapar>
<absapar id=11>
  <w>Conny</w>
  <w>Brännberg</w>
  <w>,</w>
  <w>Ordförande</w>
  <w>Kulturnämnden</w>
  <w>Västra</w>
  <w>Götalandsregionen</w>
  <w>(</w>
  <w>KD</w>
  <w>)</w>
  <w>.</w>
</absapar>
<absapar id=12>
  <w>Häng</w>
  <w>med</w>
  <w>i</w>
  <w>debatten</w>
  <w>och</w>
  <w>kommentera</w>
  <w>artikeln</w>
  <w>–</w>
  <w>följ</w>
  <w>Debatt</w>
  <w>på</w>
  <w>Facebook</w>
  <w>.</w>
</absapar>
</absadoc>
