<absadoc annotators=1 senti=>
<absatitle>
  <absaspan id=1>
    <w>Elbolagen</w>
  </absaspan>
  <absaspan id=2 senti=2 target=1>
    <w>lurar</w>
    <w>oss</w>
  </absaspan>
  <w>på</w>
  <w>miljarder</w>
  <w>.</w>
</absatitle>
<absapar id=1>
  <w>Mikael</w>
  <w>Oscarsson</w>
  <w>.</w>
</absapar>
<absapar id=2>
  <w>Riksdagsledamot</w>
  <w>och</w>
  <w>energipolitisk</w>
  <w>talesperson</w>
  <w>(</w>
  <w>KD</w>
  <w>)</w>
  <w>.</w>
</absapar>
<absapar id=3>
  <w>Stig</w>
  <w>Claesson</w>
  <w>.</w>
</absapar>
<absapar id=4>
  <w>Småföretagare</w>
  <w>och</w>
  <w>Gnosjöupprorets</w>
  <w>ledare</w>
  <w>(</w>
  <w>KD</w>
  <w>)</w>
  <w>.</w>
</absapar>
<absapar id=5>
  <w>Många</w>
  <w>svenskar</w>
  <w>har</w>
  <w>fått</w>
  <w>kraftigt</w>
  <w>höjda</w>
  <w>elkostnader</w>
  <w>denna</w>
  <w>kalla</w>
  <w>vinter</w>
  <w>.</w>
  <w>Dessutom</w>
  <w>,</w>
  <w>menar</w>
  <w>debattörerna</w>
  <w>,</w>
  <w>finns</w>
  <w>ett</w>
  <w>inbyggt</w>
  <w>systemfel</w>
  <w>på</w>
  <w>elmarknaden</w>
  <w>som</w>
  <w>kostar</w>
  <w>varje</w>
  <w>svensk</w>
  <w>tusentals</w>
  <w>kronor</w>
  <w>per</w>
  <w>år</w>
  <w>.</w>
</absapar>
<absapar id=6>
  <w>Den</w>
  <w>kalla</w>
  <w>vintern</w>
  <w>har</w>
  <w>,</w>
  <w>tillsammans</w>
  <w>med</w>
  <w>stillastående</w>
  <w>kärnkraftreaktorer</w>
  <w>,</w>
  <w>lett</w>
  <w>till</w>
  <w>kraftigt</w>
  <w>stegrade</w>
  <w>elpriser</w>
  <w>.</w>
  <w>Snittpriset</w>
  <w>per</w>
  <w>kilowattimme</w>
  <w>har</w>
  <w>mer</w>
  <w>än</w>
  <w>fördubblats</w>
  <w>sedan</w>
  <w>i</w>
  <w>november</w>
  <w>,</w>
  <w>och</w>
  <w>har</w>
  <w>hittills</w>
  <w>under</w>
  <w>februari</w>
  <w>legat</w>
  <w>inte</w>
  <w>långt</w>
  <w>ifrån</w>
  <w>1</w>
  <w>krona</w>
  <w>.</w>
  <w>Under</w>
  <w>de</w>
  <w>mest</w>
  <w>extrema</w>
  <w>tidpunkterna</w>
  <w>har</w>
  <w>priset</w>
  <w>varit</w>
  <w>uppe</w>
  <w>i</w>
  <w>fantasibelopp</w>
  <w>på</w>
  <w>nästan</w>
  <w>14</w>
  <w>kronor</w>
  <w>–</w>
  <w>ett</w>
  <w>pris</w>
  <w>som</w>
  <w>tangerades</w>
  <w>nu</w>
  <w>i</w>
  <w>veckan</w>
  <w>.</w>
</absapar>
<absapar id=7>
  <w>Detta</w>
  <w>betyder</w>
  <w>stora</w>
  <w>vinster</w>
  <w>för</w>
  <w>kraftbolagen</w>
  <w>.</w>
  <w>Som</w>
  <w>exempel</w>
  <w>kan</w>
  <w>sägas</w>
  <w>att</w>
  <w>under</w>
  <w>bara</w>
  <w>två</w>
  <w>dagar</w>
  <w>,</w>
  <w>den</w>
  <w>17</w>
  <w>december</w>
  <w>och</w>
  <w>den</w>
  <w>8</w>
  <w>januari</w>
  <w>,</w>
  <w>tjänade</w>
  <w>elbolagen</w>
  <w>någonstans</w>
  <w>mellan</w>
  <w>2</w>
  <w>och</w>
  <w>2,5</w>
  <w>miljarder</w>
  <w>kronor</w>
  <w>extra</w>
  <w>.</w>
</absapar>
<absapar id=8>
  <w>Men</w>
  <w>det</w>
  <w>finns</w>
  <w>också</w>
  <w>ett</w>
  <w>inbyggt</w>
  <w>systemfel</w>
  <w>i</w>
  <w>den</w>
  <w>svenska</w>
  <w>elmarknaden</w>
  <w>,</w>
  <w>som</w>
  <w>gör</w>
  <w>att</w>
  <w>konsumenterna</w>
  <w>betalar</w>
  <w>tusenlappar</w>
  <w>–</w>
  <w>rakt</w>
  <w>ner</w>
  <w>i</w>
  <w>elbolagens</w>
  <w>fickor</w>
  <w>.</w>
</absapar>
<absapar id=9>
  <w>Det</w>
  <w>som</w>
  <w>händer</w>
  <w>i</w>
  <w>dag</w>
  <w>är</w>
  <w>att</w>
  <w>vi</w>
  <w>i</w>
  <w>Sverige</w>
  <w>betalar</w>
  <w>som</w>
  <w>om</w>
  <w>vi</w>
  <w>använde</w>
  <w>kolkraft</w>
  <w>,</w>
  <w>trots</w>
  <w>att</w>
  <w>vi</w>
  <w>har</w>
  <w>nästan</w>
  <w>hundra</w>
  <w>procent</w>
  <w>klimatneutral</w>
  <w>elproduktion</w>
  <w>.</w>
  <w>Vinnarna</w>
  <w>med</w>
  <w>dagens</w>
  <w>system</w>
  <w>är</w>
  <absaspan id=3>
    <w>de</w>
    <w>stora</w>
    <w>kraftbolagen</w>
  </absaspan>
  <w>;</w>
  <w>förlorarna</w>
  <w>är</w>
  <w>svenska</w>
  <w>elkonsumenter</w>
  <absaspan id=4 senti=2>
    <w>.</w>
  </absaspan>
</absapar>
<absapar id=10>
  <w>Bakgrunden</w>
  <w>är</w>
  <w>att</w>
  <w>den</w>
  <w>svenska</w>
  <w>elmarknaden</w>
  <w>avreglerades</w>
  <w>1996</w>
  <w>,</w>
  <w>med</w>
  <absaspan id=5 senti=4>
    <w>förhoppning</w>
  </absaspan>
  <w>om</w>
  <w>att</w>
  <absaspan id=6>
    <w>en</w>
    <w>konkurrensutsatt</w>
    <w>marknad</w>
    <w>skulle</w>
    <w>leda</w>
    <w>till</w>
    <w>lägre</w>
    <w>elpriser</w>
  </absaspan>
  <absaspan id=7>
    <w>.</w>
  </absaspan>
  <w>Till</w>
  <w>en</w>
  <w>början</w>
  <w>sjönk</w>
  <w>elpriset</w>
  <w>,</w>
  <w>men</w>
  <w>sedan</w>
  <w>dess</w>
  <w>har</w>
  <w>en</w>
  <w>oligopolliknande</w>
  <w>situation</w>
  <w>uppstått</w>
  <w>där</w>
  <w>tre</w>
  <w>stora</w>
  <w>kraftbolag</w>
  <w>kontrollerar</w>
  <w>85</w>
  <w>procent</w>
  <w>av</w>
  <w>utbudet</w>
  <w>på</w>
  <w>elmarknaden</w>
  <w>.</w>
</absapar>
<absapar id=11>
  <w>I</w>
  <w>dag</w>
  <w>handlas</w>
  <w>och</w>
  <w>prissätts</w>
  <w>elen</w>
  <w>i</w>
  <w>Sverige</w>
  <w>på</w>
  <w>den</w>
  <w>gemensamma</w>
  <w>nordiska</w>
  <w>elbörsen</w>
  <w>Nord</w>
  <w>Pool</w>
  <w>.</w>
  <w>Där</w>
  <w>används</w>
  <w>ett</w>
  <w>system</w>
  <w>för</w>
  <w>prissättning</w>
  <w>som</w>
  <w>kallas</w>
  <w>marginalprissättning</w>
  <w>.</w>
  <w>Detta</w>
  <w>innebär</w>
  <w>att</w>
  <w>den</w>
  <w>sist</w>
  <w>producerade</w>
  <w>och</w>
  <w>dyraste</w>
  <w>kilowattimmen</w>
  <w>avgör</w>
  <w>hur</w>
  <w>mycket</w>
  <w>all</w>
  <w>el</w>
  <w>kommer</w>
  <w>att</w>
  <w>kosta</w>
  <w>för</w>
  <w>konsumenten</w>
  <w>.</w>
</absapar>
<absapar id=12>
  <w>Genom</w>
  <w>ett</w>
  <w>annat</w>
  <w>system</w>
  <w>–</w>
  <w>handeln</w>
  <w>med</w>
  <w>utsläppsrätter</w>
  <w>–</w>
  <w>tillkommer</w>
  <w>(</w>
  <w>med</w>
  <w>dagens</w>
  <w>pris</w>
  <w>)</w>
  <w>en</w>
  <w>kostnad</w>
  <w>på</w>
  <w>10</w>
  <w>-</w>
  <w>15</w>
  <w>öre</w>
  <w>per</w>
  <w>kilowattimme</w>
  <w>för</w>
  <w>klimatovänlig</w>
  <w>el</w>
  <w>,</w>
  <w>som</w>
  <w>exempelvis</w>
  <w>el</w>
  <w>från</w>
  <w>kolkraft</w>
  <w>.</w>
</absapar>
<absapar id=13>
  <w>Det</w>
  <w>betyder</w>
  <w>att</w>
  <absaspan id=8>
    <w>den</w>
    <w>lilla</w>
    <w>mängden</w>
    <w>kolkraft</w>
  </absaspan>
  <w>,</w>
  <w>som</w>
  <absaspan id=9 senti=4>
    <w>med</w>
    <w>rätta</w>
    <w>beskattas</w>
    <w>högre</w>
  </absaspan>
  <w>,</w>
  <w>bestämmer</w>
  <w>priset</w>
  <w>på</w>
  <w>all</w>
  <w>el</w>
  <w>–</w>
  <w>även</w>
  <w>den</w>
  <w>från</w>
  <w>vattenkraft</w>
  <w>som</w>
  <w>inte</w>
  <w>har</w>
  <w>några</w>
  <w>koldioxidutsläpp</w>
  <w>alls</w>
  <w>.</w>
</absapar>
<absapar id=14>
  <w>Det</w>
  <w>finns</w>
  <w>alltså</w>
  <w>ett</w>
  <w>incitament</w>
  <w>för</w>
  <w>elbolagen</w>
  <w>att</w>
  <w>behålla</w>
  <w>en</w>
  <w>viss</w>
  <w>mängd</w>
  <absaspan id=10 senti=2>
    <w>klimatovänlig</w>
  </absaspan>
  <absaspan id=11>
    <w>elproduktion</w>
  </absaspan>
  <w>på</w>
  <w>marknaden</w>
  <absaspan id=12>
    <w>.</w>
  </absaspan>
  <w>Detta</w>
  <w>är</w>
  <w>en</w>
  <absaspan id=13 senti=2>
    <w>orimlig</w>
    <w>konsekvens</w>
  </absaspan>
  <w>av</w>
  <w>utsläppshandeln</w>
  <w>som</w>
  <w>vi</w>
  <w>skyndsamt</w>
  <w>måste</w>
  <w>göra</w>
  <w>något</w>
  <w>åt</w>
  <w>!</w>
  <w>.</w>
</absapar>
<absapar id=15>
  <w>Den</w>
  <absaspan id=14 senti=2>
    <w>absurda</w>
  </absaspan>
  <absaspan id=15>
    <w>konsekvensen</w>
  </absaspan>
  <w>är</w>
  <w>att</w>
  <w>vi</w>
  <w>i</w>
  <w>Sverige</w>
  <w>,</w>
  <w>trots</w>
  <w>endast</w>
  <w>två</w>
  <w>procent</w>
  <w>fossila</w>
  <w>bränslen</w>
  <w>,</w>
  <w>betalar</w>
  <w>som</w>
  <w>om</w>
  <w>vi</w>
  <w>bara</w>
  <w>använde</w>
  <w>kolkraft</w>
  <w>!</w>
  <w>98</w>
  <w>procent</w>
  <w>av</w>
  <w>all</w>
  <w>el</w>
  <w>säljs</w>
  <w>till</w>
  <w>ett</w>
  <w>överpris</w>
  <w>,</w>
  <w>eftersom</w>
  <w>nästan</w>
  <w>all</w>
  <w>svensk</w>
  <w>el</w>
  <w>är</w>
  <w>klimatneutral</w>
  <w>och</w>
  <w>kraftbolagen</w>
  <w>inte</w>
  <w>har</w>
  <w>någon</w>
  <w>kostnad</w>
  <w>för</w>
  <w>utsläppsrätter</w>
  <w>när</w>
  <w>de</w>
  <w>producerar</w>
  <w>vår</w>
  <w>el</w>
  <w>.</w>
</absapar>
<absapar id=16>
  <w>Trots</w>
  <w>detta</w>
  <absaspan id=16 senti=2>
    <w>tvingas</w>
  </absaspan>
  <absaspan id=17>
    <w>svenska</w>
    <w>elkonsumenter</w>
    <w>betala</w>
    <w>kraftbolagen</w>
  </absaspan>
  <w>för</w>
  <w>utsläppskostnader</w>
  <w>de</w>
  <w>inte</w>
  <w>har</w>
  <w>haft</w>
  <w>.</w>
  <w>Enligt</w>
  <w>konsultföretaget</w>
  <w>Econ</w>
  <w>Pöyrys</w>
  <w>beräkningar</w>
  <w>tjänar</w>
  <w>kraftbolagen</w>
  <w>24</w>
  <w>kronor</w>
  <w>för</w>
  <w>varje</w>
  <w>krona</w>
  <w>som</w>
  <w>de</w>
  <w>haft</w>
  <w>i</w>
  <w>omkostnader</w>
  <w>för</w>
  <w>utsläppsrätter</w>
  <w>.</w>
</absapar>
<absapar id=17>
  <w>Denna</w>
  <absaspan id=18>
    <w>gigantiska</w>
    <w>förmögenhetsöverföring</w>
    <w>från</w>
    <w>konsument</w>
    <w>till</w>
    <w>producent</w>
  </absaspan>
  <absaspan id=19 senti=2>
    <w>har</w>
    <w>ingen</w>
    <w>positiv</w>
    <w>effekt</w>
    <w>på</w>
    <w>klimatet</w>
  </absaspan>
  <w>och</w>
  <w>bygger</w>
  <w>inte</w>
  <w>på</w>
  <w>några</w>
  <w>aktiva</w>
  <w>politiska</w>
  <w>ställningstaganden</w>
  <w>.</w>
  <w>Den</w>
  <w>är</w>
  <w>i</w>
  <w>stället</w>
  <w>en</w>
  <absaspan id=20 senti=2>
    <w>orimlig</w>
    <w>och</w>
    <w>felaktig</w>
  </absaspan>
  <absaspan id=21>
    <w>effekt</w>
  </absaspan>
  <w>av</w>
  <absaspan id=22>
    <w>två</w>
    <w>system</w>
  </absaspan>
  <w>som</w>
  <absaspan id=23 senti=2>
    <w>inte</w>
    <w>fungerar</w>
  </absaspan>
  <w>när</w>
  <w>de</w>
  <w>tillämpas</w>
  <w>tillsammans</w>
  <w>.</w>
</absapar>
<absapar id=18>
  <w>Det</w>
  <w>har</w>
  <w>nu</w>
  <w>gått</w>
  <w>fem</w>
  <w>år</w>
  <w>sedan</w>
  <w>systemet</w>
  <w>med</w>
  <w>utsläppsrätter</w>
  <w>infördes</w>
  <w>.</w>
  <absaspan id=24>
    <w>Grundtanken</w>
    <w>med</w>
    <w>systemet</w>
  </absaspan>
  <absaspan id=25 senti=4>
    <w>är</w>
    <w>sund</w>
  </absaspan>
  <w>:</w>
  <w>utsläpp</w>
  <w>som</w>
  <w>påverkar</w>
  <w>klimatet</w>
  <w>ska</w>
  <w>kosta</w>
  <w>.</w>
  <w>Ekonomiska</w>
  <w>styrmedel</w>
  <w>,</w>
  <w>?</w>
  <w>såsom</w>
  <w>handeln</w>
  <w>med</w>
  <w>utsläppsrätter</w>
  <w>,</w>
  <w>är</w>
  <w>ett</w>
  <w>samhällsekonomiskt</w>
  <w>effektivt</w>
  <w>sätt</w>
  <w>att</w>
  <w>öka</w>
  <w>den</w>
  <w>klimatvänliga</w>
  <w>elproduktionen</w>
  <w>–</w>
  <w>om</w>
  <w>de</w>
  <w>är</w>
  <w>utformade</w>
  <w>på</w>
  <w>rätt</w>
  <w>sätt</w>
  <w>.</w>
</absapar>
<absapar id=19>
  <w>Men</w>
  <w>effekten</w>
  <w>har</w>
  <w>blivit</w>
  <w>att</w>
  <w>kraftbolagen</w>
  <w>kunnat</w>
  <w>plocka</w>
  <w>ut</w>
  <w>extravinster</w>
  <w>på</w>
  <w>cirka</w>
  <w>20</w>
  <w>miljarder</w>
  <w>kronor</w>
  <w>årligen</w>
  <w>.</w>
  <w>Om</w>
  <w>denna</w>
  <w>kostnad</w>
  <w>slås</w>
  <w>ut</w>
  <w>på</w>
  <w>alla</w>
  <w>svenskar</w>
  <w>blir</w>
  <w>det</w>
  <w>i</w>
  <w>genomsnitt</w>
  <w>2</w>
  <w>000</w>
  <w>kronor</w>
  <w>per</w>
  <w>hushåll</w>
  <w>.</w>
  <w>För</w>
  <w>en</w>
  <w>vanlig</w>
  <w>familj</w>
  <w>i</w>
  <w>villa</w>
  <w>innebär</w>
  <w>det</w>
  <w>en</w>
  <w>merkostnad</w>
  <w>på</w>
  <w>nästan</w>
  <w>3</w>
  <w>000</w>
  <w>kronor</w>
  <w>per</w>
  <w>år</w>
  <w>.</w>
  <w>Detta</w>
  <w>är</w>
  <w>en</w>
  <w>kostnad</w>
  <w>som</w>
  <w>få</w>
  <w>svenskar</w>
  <w>känner</w>
  <w>till</w>
  <w>.</w>
</absapar>
<absapar id=20>
  <w>Det</w>
  <absaspan id=26 senti=4>
    <w>är</w>
    <w>rimligt</w>
  </absaspan>
  <w>att</w>
  <w>tro</w>
  <w>att</w>
  <absaspan id=27>
    <w>svenska</w>
    <w>hushåll</w>
    <w>accepterar</w>
    <w>att</w>
    <w>betala</w>
    <w>de</w>
    <w>faktiska</w>
    <w>kostnaderna</w>
    <w>för</w>
    <w>sina</w>
    <w>utsläpp</w>
  </absaspan>
  <w>.</w>
  <w>Att</w>
  <w>de</w>
  <w>däremot</w>
  <absaspan id=28>
    <w>får</w>
    <w>betala</w>
    <w>ett</w>
    <w>högre</w>
    <w>pris</w>
    <w>på</w>
    <w>all</w>
    <w>el</w>
  </absaspan>
  <w>,</w>
  <w>även</w>
  <w>den</w>
  <w>klimatvänliga</w>
  <w>,</w>
  <w>på</w>
  <w>grund</w>
  <w>av</w>
  <w>dagens</w>
  <w>kombination</w>
  <w>av</w>
  <w>system</w>
  <absaspan id=29 senti=2>
    <w>är</w>
    <w>upprörande</w>
  </absaspan>
  <w>.</w>
</absapar>
<absapar id=21>
  <w>Detta</w>
  <w>problem</w>
  <w>har</w>
  <w>vi</w>
  <w>gemensamt</w>
  <w>med</w>
  <w>alla</w>
  <w>de</w>
  <w>nordiska</w>
  <w>länderna</w>
  <w>eftersom</w>
  <w>vi</w>
  <w>har</w>
  <w>en</w>
  <w>gemensam</w>
  <w>elmarknad</w>
  <w>.</w>
  <w>Det</w>
  <w>är</w>
  <w>dags</w>
  <w>att</w>
  <w>regeringen</w>
  <w>och</w>
  <w>Maud</w>
  <w>Olofsson</w>
  <w>som</w>
  <w>ansvarig</w>
  <w>minister</w>
  <w>tar</w>
  <w>initiativ</w>
  <w>till</w>
  <w>överläggningar</w>
  <w>med</w>
  <w>sina</w>
  <w>nordiska</w>
  <w>kollegor</w>
  <w>.</w>
  <w>Det</w>
  <absaspan id=30 senti=4>
    <w>krävs</w>
  </absaspan>
  <w>ett</w>
  <absaspan id=31>
    <w>resolut</w>
    <w>agerande</w>
  </absaspan>
  <w>så</w>
  <w>att</w>
  <w>förmögenhetsöverföringen</w>
  <w>från</w>
  <w>elkonsumenterna</w>
  <w>stoppas</w>
  <w>.</w>
</absapar>
<absapar id=22>
  <w>Mikael</w>
  <w>Oscarsson</w>
  <w>.</w>
</absapar>
<absapar id=23>
  <w>Riksdagsledamot</w>
  <w>(</w>
  <w>KD</w>
  <w>)</w>
  <w>och</w>
  <w>energipolitisk</w>
  <w>talesperson</w>
  <w>.</w>
</absapar>
<absapar id=24>
  <w>Stig</w>
  <w>Claesson</w>
  <w>.</w>
</absapar>
<absapar id=25>
  <w>Småföretagare</w>
  <w>och</w>
  <w>Gnosjöupprorets</w>
  <w>ledare</w>
  <w>.</w>
</absapar>
<absapar id=26>
  <w>Dr</w>
  <w>Angel</w>
  <w>skriver</w>
  <w>:</w>
  <w>”</w>
  <w>Med</w>
  <w>Alliansen</w>
  <w>i</w>
  <w>makten</w>
  <w>har</w>
  <w>vi</w>
  <w>fått</w>
  <w>jobbskatteavdragen</w>
  <w>.</w>
  <w>Men</w>
  <w>med</w>
  <w>avregleringen</w>
  <w>av</w>
  <w>elmarknaden</w>
  <w>har</w>
  <w>vi</w>
  <w>också</w>
  <w>fått</w>
  <w>högre</w>
  <w>elpriser</w>
  <w>.</w>
  <w>Förra</w>
  <w>månaden</w>
  <w>2</w>
  <w>000</w>
  <w>kr</w>
  <w>mer</w>
  <w>än</w>
  <w>normalt</w>
  <w>och</w>
  <absaspan id=32>
    <w>jag</w>
  </absaspan>
  <absaspan id=33 senti=2>
    <w>bävar</w>
  </absaspan>
  <w>för</w>
  <absaspan id=34>
    <w>vad</w>
    <w>det</w>
    <w>kommer</w>
    <w>bli</w>
    <w>denna</w>
    <w>månad</w>
  </absaspan>
  <w>.</w>
  <w>Säkert</w>
  <w>3</w>
  <w>000</w>
  <w>kr</w>
  <w>och</w>
  <w>då</w>
  <w>kan</w>
  <w>man</w>
  <w>ju</w>
  <w>verkligen</w>
  <w>säga</w>
  <w>att</w>
  <w>man</w>
  <w>har</w>
  <w>gått</w>
  <w>back</w>
  <w>i</w>
  <w>stället</w>
  <w>.</w>
  <absaspan id=35>
    <w>Pengarna</w>
  </absaspan>
  <absaspan id=36 senti=2>
    <w>gick</w>
  </absaspan>
  <w>så</w>
  <w>att</w>
  <w>säga</w>
  <absaspan id=37 senti=2>
    <w>upp</w>
  </absaspan>
  <absaspan id=38 senti=2>
    <w>i</w>
    <w>rök</w>
  </absaspan>
  <w>.</w>
  <w>Så</w>
  <w>mycket</w>
  <w>för</w>
  <w>det</w>
  <w>jobbskatteavdraget</w>
  <w>.</w>
  <w>Gud</w>
  <w>ger</w>
  <w>och</w>
  <w>Gud</w>
  <w>tar</w>
  <w>.</w>
  <w>.</w>
  <w>.</w>
  <w>”</w>
  <w>.</w>
</absapar>
<absapar id=27>
  <w>#</w>
  <w>P</w>
  <w>IMM</w>
  <w>.</w>
  <w>”</w>
  <w>Trots</w>
  <w>de</w>
  <w>många</w>
  <w>[</w>
  <w>el</w>
  <w>]</w>
  <w>handlarna</w>
  <w>finns</w>
  <w>inte</w>
  <w>stort</w>
  <absaspan id=39>
    <w>utrymme</w>
    <w>för</w>
    <w>prispress</w>
  </absaspan>
  <w>som</w>
  <w>skulle</w>
  <absaspan id=40 senti=4>
    <w>gynna</w>
  </absaspan>
  <w>elkonsumenterna</w>
  <w>,</w>
  <w>eftersom</w>
  <w>elbörsens</w>
  <w>pris</w>
  <w>gäller</w>
  <w>för</w>
  <w>alla</w>
  <w>handlare</w>
  <w>.</w>
  <w>Här</w>
  <w>finns</w>
  <w>därför</w>
  <w>stor</w>
  <absaspan id=41 senti=2>
    <w>risk</w>
  </absaspan>
  <w>för</w>
  <w>att</w>
  <w>de</w>
  <w>många</w>
  <w>små</w>
  <absaspan id=42>
    <w>elhandelsföretagen</w>
    <w>lägger</w>
    <w>av</w>
  </absaspan>
  <w>och</w>
  <w>de</w>
  <w>tre</w>
  <w>stora</w>
  <w>får</w>
  <w>monopol</w>
  <w>(</w>
  <w>eller</w>
  <w>oligopol</w>
  <w>)</w>
  <w>på</w>
  <w>hela</w>
  <w>elhandeln</w>
  <w>i</w>
  <w>Sverige</w>
  <w>.</w>
  <w>Detta</w>
  <w>skulle</w>
  <w>få</w>
  <absaspan id=43 senti=2>
    <w>förödande</w>
  </absaspan>
  <absaspan id=44>
    <w>konsekvenser</w>
  </absaspan>
  <w>för</w>
  <w>elkonsumenten</w>
  <w>,</w>
  <w>med</w>
  <w>ökade</w>
  <w>priser</w>
  <w>och</w>
  <w>små</w>
  <w>möjligheter</w>
  <w>att</w>
  <w>byta</w>
  <w>till</w>
  <w>andra</w>
  <w>leverantörer</w>
  <w>.</w>
  <w>”</w>
  <w>skriver</w>
  <absaspan id=45>
    <w>Gösta</w>
    <w>Gustavsson</w>
  </absaspan>
  <w>(</w>
  <w>C</w>
  <w>)</w>
  <w>.</w>
  <w>Bloggredaktör</w>
  <w>:</w>
  <w>Ulrika</w>
  <w>Lundberg</w>
  <w>.</w>
</absapar>
</absadoc>
