<absadoc annotators=1 senti=0>
<absatitle>
  <w>Lunds</w>
  <w>ekonomi</w>
  <w>i</w>
  <w>kris</w>
  <w>-</w>
  <w>Stora</w>
  <w>nedskärningar</w>
  <w>att</w>
  <w>vänta</w>
  <w>,</w>
  <w>2016</w>
  <w>-</w>
  <w>09</w>
  <w>-</w>
  <w>12</w>
  <w>.</w>
</absatitle>
<absapar id=1 senti=2>
  <w>Nu</w>
  <w>har</w>
  <w>verkligheten</w>
  <w>kommit</w>
  <w>ikapp</w>
  <w>Sverige</w>
  <w>och</w>
  <w>kommunerna</w>
  <w>.</w>
  <absaspan id=1 senti=2>
    <w>Massiva</w>
  </absaspan>
  <absaspan id=2>
    <w>skattehöjningar</w>
  </absaspan>
  <w>är</w>
  <w>i</w>
  <w>sikte</w>
  <w>!</w>
  <w>Eller</w>
  <w>nedskärningar</w>
  <absaspan id=3 senti=2>
    <w>!</w>
  </absaspan>
  <w>Får</w>
  <w>man</w>
  <w>gissa</w>
  <w>att</w>
  <w>alla</w>
  <w>integrationsprojekt</w>
  <w>/</w>
  <w>multikultursatsningar</w>
  <absaspan id=4 senti=2>
    <w>slipper</w>
  </absaspan>
  <absaspan id=5>
    <w>nedskärningar</w>
  </absaspan>
  <w>?</w>
  <w>.</w>
</absapar>
</absadoc>
