<absadoc annotators=1 senti=>
<absatitle>
  <w>Sverige</w>
  <w>behöver</w>
  <w>en</w>
  <w>bredd</w>
  <w>av</w>
  <w>utbildningar</w>
  <w>.</w>
</absatitle>
<absapar id=1>
  <w>I</w>
  <w>ett</w>
  <w>förslag</w>
  <w>från</w>
  <w>Svenskt</w>
  <w>Näringsliv</w>
  <w>så</w>
  <w>föreslås</w>
  <w>att</w>
  <w>studiebidraget</w>
  <w>ska</w>
  <w>sänkas</w>
  <w>till</w>
  <w>förmån</w>
  <w>för</w>
  <w>lån</w>
  <w>åt</w>
  <w>de</w>
  <w>studenter</w>
  <w>som</w>
  <w>väljer</w>
  <w>att</w>
  <w>studera</w>
  <w>humaniora</w>
  <w>eller</w>
  <w>konststudier</w>
  <w>på</w>
  <w>landets</w>
  <w>högskolor</w>
  <w>och</w>
  <w>universitet</w>
  <w>.</w>
  <absaspan id=1>
    <w>Förslaget</w>
  </absaspan>
  <absaspan id=2 senti=1>
    <w>är</w>
    <w>djupt</w>
    <w>olyckligt</w>
  </absaspan>
  <w>och</w>
  <w>förvånansvärt</w>
  <w>för</w>
  <w>att</w>
  <w>komma</w>
  <w>från</w>
  <w>en</w>
  <w>organisation</w>
  <w>som</w>
  <w>snarare</w>
  <w>borde</w>
  <absaspan id=3 senti=5>
    <w>stödja</w>
  </absaspan>
  <absaspan id=4>
    <w>en</w>
    <w>mer</w>
    <w>välutbildad</w>
    <w>befolkning</w>
  </absaspan>
  <w>och</w>
  <w>ett</w>
  <w>mer</w>
  <w>konkurrenskraftigt</w>
  <w>och</w>
  <w>modernt</w>
  <w>samhälle</w>
  <w>.</w>
  <w>Det</w>
  <w>skriver</w>
  <w>företrädare</w>
  <w>för</w>
  <w>Socialdemokraterna</w>
  <w>.</w>
</absapar>
<absapar id=2>
  <w>Svenskt</w>
  <w>Näringsliv</w>
  <w>tar</w>
  <w>som</w>
  <w>exempel</w>
  <w>upp</w>
  <w>att</w>
  <w>en</w>
  <w>ingenjör</w>
  <w>lättare</w>
  <w>får</w>
  <w>jobb</w>
  <w>än</w>
  <w>en</w>
  <w>filosof</w>
  <w>.</w>
  <w>Så</w>
  <w>är</w>
  <w>det</w>
  <w>.</w>
  <w>Men</w>
  <w>det</w>
  <w>är</w>
  <w>också</w>
  <w>så</w>
  <w>att</w>
  <w>en</w>
  <w>läkare</w>
  <w>lättare</w>
  <w>får</w>
  <w>jobb</w>
  <w>än</w>
  <w>en</w>
  <w>statsvetare</w>
  <w>och</w>
  <w>en</w>
  <w>förskollärare</w>
  <w>etablerar</w>
  <w>sig</w>
  <w>snabbare</w>
  <w>än</w>
  <w>en</w>
  <w>biolog</w>
  <w>.</w>
  <w>Och</w>
  <w>lärare</w>
  <w>har</w>
  <w>olika</w>
  <w>lätt</w>
  <w>att</w>
  <w>etablera</w>
  <w>sig</w>
  <w>beroende</w>
  <w>på</w>
  <w>hur</w>
  <w>elevkullarna</w>
  <w>ser</w>
  <w>ur</w>
  <w>när</w>
  <w>de</w>
  <w>tar</w>
  <w>examen</w>
  <w>.</w>
</absapar>
<absapar id=3>
  <w>Det</w>
  <w>här</w>
  <w>är</w>
  <w>en</w>
  <w>argumenterande</w>
  <w>text</w>
  <w>med</w>
  <w>syfte</w>
  <w>att</w>
  <w>påverka</w>
  <w>.</w>
  <w>Åsikterna</w>
  <w>som</w>
  <w>uttrycks</w>
  <w>är</w>
  <w>skribentens</w>
  <w>egna</w>
  <w>.</w>
</absapar>
<absapar id=4>
  <w>Ska</w>
  <w>vi</w>
  <w>ha</w>
  <w>ett</w>
  <w>studiemedelssystem</w>
  <w>som</w>
  <w>tar</w>
  <w>hänsyn</w>
  <w>till</w>
  <w>alla</w>
  <w>dessa</w>
  <w>skillnader</w>
  <w>?</w>
  <w>Ska</w>
  <w>lärarnas</w>
  <w>studiebidrag</w>
  <w>fluktuera</w>
  <w>med</w>
  <w>elevkullarnas</w>
  <w>storlek</w>
  <w>?</w>
  <w>Nej</w>
  <w>,</w>
  <w>studiemedelsystemet</w>
  <w>är</w>
  <w>helt</w>
  <w>enkelt</w>
  <w>inte</w>
  <w>rätt</w>
  <w>instrument</w>
  <w>för</w>
  <w>att</w>
  <w>styra</w>
  <w>vad</w>
  <w>studenter</w>
  <w>ska</w>
  <w>läsa</w>
  <w>,</w>
  <w>och</w>
  <w>är</w>
  <w>inte</w>
  <w>heller</w>
  <w>till</w>
  <w>för</w>
  <w>det</w>
  <w>.</w>
</absapar>
<absapar id=5>
  <absaspan id=5>
    <w>Att</w>
    <w>motivera</w>
    <w>en</w>
    <w>sänkning</w>
    <w>av</w>
    <w>studiebidraget</w>
    <w>för</w>
    <w>att</w>
    <w>signalera</w>
    <w>hur</w>
    <w>svår</w>
    <w>arbetsmarknaden</w>
    <w>är</w>
    <w>efter</w>
    <w>examen</w>
  </absaspan>
  <absaspan id=6 senti=1>
    <w>är</w>
    <w>också</w>
    <w>att</w>
    <w>nedvärdera</w>
    <w>studentens</w>
    <w>egen</w>
    <w>förmåga</w>
  </absaspan>
  <w>.</w>
  <w>Den</w>
  <w>stora</w>
  <w>majoriteten</w>
  <w>studenter</w>
  <w>som</w>
  <w>väljer</w>
  <w>att</w>
  <w>läsa</w>
  <w>utbildningar</w>
  <w>med</w>
  <absaspan id=7 senti=2>
    <w>en</w>
    <w>tuff</w>
    <w>arbetsmarknad</w>
  </absaspan>
  <w>är</w>
  <w>väl</w>
  <w>medvetna</w>
  <w>om</w>
  <w>detta</w>
  <w>då</w>
  <w>de</w>
  <w>påbörjar</w>
  <w>utbildningen</w>
  <w>och</w>
  <w>har</w>
  <w>vägt</w>
  <w>in</w>
  <w>det</w>
  <w>i</w>
  <w>sitt</w>
  <w>studieval</w>
  <w>.</w>
  <absaspan id=8>
    <w>Ett</w>
    <w>sänkt</w>
    <w>studiebidrag</w>
  </absaspan>
  <w>kommer</w>
  <w>inte</w>
  <w>förstärka</w>
  <w>denna</w>
  <w>insikt</w>
  <w>hos</w>
  <w>studenterna</w>
  <w>utan</w>
  <absaspan id=9 senti=1>
    <w>skulle</w>
    <w>endast</w>
    <w>försämra</w>
    <w>privatekonomin</w>
    <w>för</w>
    <w>den</w>
    <w>enskilde</w>
    <w>studenten</w>
  </absaspan>
  <w>.</w>
</absapar>
<absapar id=6>
  <w>.</w>
  <w>-</w>
  <w>-</w>
  <w>-</w>
  <w>.</w>
</absapar>
<absapar id=7>
  <w>Alla</w>
  <w>utbildningar</w>
  <w>som</w>
  <w>ges</w>
  <w>i</w>
  <w>Sverige</w>
  <w>ska</w>
  <absaspan id=10 senti=5>
    <w>hålla</w>
    <w>hög</w>
    <w>kvalitet</w>
  </absaspan>
  <w>och</w>
  <w>vara</w>
  <w>relevanta</w>
  <w>men</w>
  <absaspan id=11>
    <w>att</w>
    <w>påstå</w>
    <w>att</w>
    <w>historiker</w>
    <w>,</w>
    <w>språkvetare</w>
    <w>eller</w>
    <w>skådespelare</w>
    <w>inte</w>
    <w>behövs</w>
    <w>i</w>
    <w>ett</w>
    <w>modernt</w>
    <w>samhälle</w>
  </absaspan>
  <w>baserat</w>
  <w>på</w>
  <w>längden</w>
  <w>från</w>
  <w>examen</w>
  <w>till</w>
  <w>första</w>
  <w>anställningen</w>
  <w>är</w>
  <w>att</w>
  <absaspan id=12 senti=5>
    <w>nedvärdera</w>
  </absaspan>
  <absaspan id=13>
    <w>dessa</w>
    <w>utbildningar</w>
  </absaspan>
  <absaspan id=14>
    <w>.</w>
  </absaspan>
  <absaspan id=15 senti=1>
    <w>Det</w>
    <w>är</w>
    <w>ett</w>
    <w>omodernt</w>
    <w>synsätt</w>
  </absaspan>
  <w>.</w>
  <w>Det</w>
  <w>är</w>
  <w>till</w>
  <w>stor</w>
  <w>del</w>
  <w>i</w>
  <w>mötet</w>
  <w>mellan</w>
  <w>olika</w>
  <w>discipliner</w>
  <w>som</w>
  <w>nya</w>
  <w>idéer</w>
  <w>uppstår</w>
  <w>och</w>
  <w>lösningar</w>
  <w>finns</w>
  <w>.</w>
</absapar>
<absapar id=8>
  <w>Att</w>
  <w>motverka</w>
  <w>klimatkrisen</w>
  <w>kommer</w>
  <w>med</w>
  <w>stor</w>
  <w>sannolikhet</w>
  <w>inte</w>
  <w>åstadkommas</w>
  <w>med</w>
  <w>endast</w>
  <w>tekniska</w>
  <w>lösningar</w>
  <w>utan</w>
  <w>kräver</w>
  <w>också</w>
  <w>politiska</w>
  <w>beslut</w>
  <w>och</w>
  <w>en</w>
  <w>förändrad</w>
  <w>livsstil</w>
  <w>.</w>
  <w>Det</w>
  <w>kräver</w>
  <w>således</w>
  <w>en</w>
  <absaspan id=16 senti=4>
    <w>samverkan</w>
  </absaspan>
  <w>mellan</w>
  <w>naturvetare</w>
  <w>,</w>
  <w>teknologer</w>
  <w>,</w>
  <w>samhällsvetares</w>
  <w>och</w>
  <w>humanister</w>
  <w>.</w>
  <w>Och</w>
  <w>det</w>
  <w>är</w>
  <w>bara</w>
  <w>ett</w>
  <w>exempel</w>
  <w>.</w>
</absapar>
<absapar id=9>
  <w>Skräddarsydda</w>
  <w>kurser</w>
  <w>i</w>
  <w>ämnen</w>
  <w>som</w>
  <w>intresserar</w>
  <w>och</w>
  <w>engagerar</w>
  <w>både</w>
  <w>kropp</w>
  <w>och</w>
  <w>själ</w>
  <w>.</w>
</absapar>
<absapar id=10>
  <w>En</w>
  <w>betydligt</w>
  <w>modernare</w>
  <w>och</w>
  <w>mer</w>
  <w>konstruktiv</w>
  <w>inställning</w>
  <w>till</w>
  <w>de</w>
  <w>humanistiska</w>
  <w>ämnena</w>
  <w>från</w>
  <w>politikens</w>
  <w>håll</w>
  <w>vore</w>
  <w>att</w>
  <w>öka</w>
  <w>resurserna</w>
  <w>till</w>
  <w>utbildningarna</w>
  <w>så</w>
  <w>att</w>
  <absaspan id=17 senti=4>
    <w>god</w>
    <w>studievägledning</w>
  </absaspan>
  <w>och</w>
  <w>mer</w>
  <w>praktik</w>
  <w>är</w>
  <w>möjlig</w>
  <w>.</w>
  <absaspan id=18>
    <w>Humanisternas</w>
  </absaspan>
  <absaspan id=19 senti=1>
    <w>största</w>
    <w>problem</w>
    <w>är</w>
  </absaspan>
  <w>nämligen</w>
  <w>inte</w>
  <w>att</w>
  <w>det</w>
  <w>inte</w>
  <w>finns</w>
  <w>jobb</w>
  <w>som</w>
  <w>passar</w>
  <w>–</w>
  <w>problemet</w>
  <w>är</w>
  <absaspan id=20>
    <w>att</w>
    <w>de</w>
    <w>ofta</w>
    <w>inte</w>
    <w>vet</w>
    <w>hur</w>
    <w>de</w>
    <w>ska</w>
    <w>närma</w>
    <w>sig</w>
    <w>arbetsmarknaden</w>
  </absaspan>
  <w>.</w>
</absapar>
<absapar id=11>
  <w>Inför</w>
  <w>valet</w>
  <w>2010</w>
  <w>lade</w>
  <w>Socialdemokraterna</w>
  <w>förslag</w>
  <w>om</w>
  <w>att</w>
  <absaspan id=21 senti=5>
    <w>höja</w>
    <w>kvaliteten</w>
  </absaspan>
  <w>inom</w>
  <w>just</w>
  <w>humaniora</w>
  <w>samt</w>
  <w>samhällsvetenskap</w>
  <w>,</w>
  <w>eftersom</w>
  <w>antalet</w>
  <w>lärarledda</w>
  <w>timmar</w>
  <w>inom</w>
  <w>dessa</w>
  <w>områden</w>
  <w>är</w>
  <w>så</w>
  <w>låg</w>
  <w>att</w>
  <absaspan id=22 senti=1>
    <w>kvaliteten</w>
    <w>har</w>
    <w>blivit</w>
    <w>lidande</w>
  </absaspan>
  <w>.</w>
  <w>Socialdemokraterna</w>
  <w>föreslog</w>
  <w>också</w>
  <w>att</w>
  <w>lärosätena</w>
  <w>skulle</w>
  <w>ges</w>
  <w>resurser</w>
  <w>för</w>
  <w>att</w>
  <w>utveckla</w>
  <w>arbetsmarknadskopplingen</w>
  <w>och</w>
  <w>ge</w>
  <w>studenter</w>
  <w>möjlighet</w>
  <w>till</w>
  <w>praktik</w>
  <w>inom</w>
  <w>ramen</w>
  <w>för</w>
  <w>sin</w>
  <w>högskoleutbildning</w>
  <w>.</w>
  <w>Det</w>
  <w>skulle</w>
  <w>underlätta</w>
  <w>etableringen</w>
  <w>i</w>
  <w>arbetslivet</w>
  <w>.</w>
</absapar>
<absapar id=12>
  <w>Att</w>
  <w>kontinuerligt</w>
  <w>ställa</w>
  <w>höga</w>
  <w>krav</w>
  <w>på</w>
  <w>våra</w>
  <w>utbildningar</w>
  <w>är</w>
  <w>för</w>
  <w>oss</w>
  <w>självklart</w>
  <w>men</w>
  <w>att</w>
  <w>välja</w>
  <w>ut</w>
  <w>vilka</w>
  <w>utbildningar</w>
  <w>som</w>
  <w>är</w>
  <w>viktiga</w>
  <w>för</w>
  <w>framtiden</w>
  <w>tror</w>
  <w>vi</w>
  <w>inte</w>
  <w>är</w>
  <w>en</w>
  <w>uppgift</w>
  <w>för</w>
  <w>politiker</w>
  <w>.</w>
  <w>Det</w>
  <w>är</w>
  <w>en</w>
  <w>uppgift</w>
  <w>som</w>
  <w>bör</w>
  <w>ligga</w>
  <w>på</w>
  <w>lärosätena</w>
  <w>tillsammans</w>
  <w>med</w>
  <w>studenterna</w>
  <w>.</w>
</absapar>
<absapar id=13>
  <w>MIKAEL</w>
  <w>DAMBERG</w>
  <w>(</w>
  <w>S</w>
  <w>)</w>
  <w>.</w>
</absapar>
<absapar id=14>
  <w>utbildningspolitisk</w>
  <w>talesperson</w>
  <w>.</w>
</absapar>
<absapar id=15>
  <w>LOUISE</w>
  <w>MALMSTRÖM</w>
  <w>(</w>
  <w>S</w>
  <w>)</w>
  <w>.</w>
</absapar>
<absapar id=16>
  <w>riksdagsledamot</w>
  <w>och</w>
  <w>ledamot</w>
  <w>i</w>
  <w>utbildningsutskottet</w>
  <w>.</w>
</absapar>
<absapar id=17>
  <w>MAGNUS</w>
  <w>NILSSON</w>
  <w>(</w>
  <w>S</w>
  <w>)</w>
  <w>.</w>
</absapar>
<absapar id=18>
  <w>ordförande</w>
  <w>Socialdemokratiska</w>
  <w>studentförbundet</w>
  <w>.</w>
</absapar>
<absapar id=19>
  <w>CHRISTOFFER</w>
  <w>IVARSSON</w>
  <w>.</w>
</absapar>
<absapar id=20>
  <w>ordförande</w>
  <w>DIK</w>
  <w>student</w>
  <w>samt</w>
  <w>grundare</w>
  <w>Projekt</w>
  <w>Athena</w>
  <w>.</w>
</absapar>
<absapar id=21>
  <w>Redaktör</w>
  <w>:</w>
  <w>Carina</w>
  <w>Stensson</w>
  <w>,</w>
  <w>Biträdande</w>
  <w>redaktör</w>
  <w>:</w>
  <w>Björn</w>
  <w>Jorner</w>
  <w>,</w>
  <w>Mejl</w>
  <w>:</w>
  <w>debatt</w>
  <w>@</w>
  <w>svd.se</w>
  <w>,</w>
  <w>Telefonnummer</w>
  <w>:</w>
  <w>08</w>
  <w>-</w>
  <w>135149</w>
  <w>,</w>
  <w>Twitter</w>
  <w>:</w>
  <w>@</w>
  <w>SvDDebatt</w>
  <w>,</w>
  <w>Facebook</w>
  <w>:</w>
  <w>SvD</w>
  <w>Debatt</w>
  <w>.</w>
</absapar>
</absadoc>
