<absadoc annotators=1 senti=>
<absatitle>
  <absaspan id=1>
    <w>Hot</w>
    <w>och</w>
    <w>hat</w>
  </absaspan>
  <absaspan id=2 senti=1 target=1>
    <w>måste</w>
    <w>upphöra</w>
    <w>genast</w>
  </absaspan>
  <w>.</w>
</absatitle>
<absapar id=1>
  <w>Den</w>
  <w>senaste</w>
  <w>tiden</w>
  <w>har</w>
  <w>vi</w>
  <w>sett</w>
  <w>hur</w>
  <w>en</w>
  <w>våg</w>
  <w>av</w>
  <w>hat</w>
  <w>och</w>
  <w>hot</w>
  <absaspan id=3 senti=2>
    <w>tvingar</w>
  </absaspan>
  <absaspan id=4>
    <w>människor</w>
  </absaspan>
  <absaspan id=5>
    <w>att</w>
    <w>ifrågasätta</w>
    <w>sin</w>
  </absaspan>
  <absaspan id=6 senti=5>
    <w>kärlek</w>
    <w>till</w>
  </absaspan>
  <absaspan id=7>
    <w>dataspel</w>
  </absaspan>
  <absaspan id=8>
    <w>och</w>
    <w>sitt</w>
    <w>engagemang</w>
    <w>i</w>
    <w>spelhobbyn</w>
  </absaspan>
  <w>.</w>
  <absaspan id=9>
    <w>Dödshot</w>
    <w>,</w>
    <w>hot</w>
    <w>om</w>
    <w>våld</w>
    <w>,</w>
    <w>hackade</w>
    <w>mailkonton</w>
    <w>och</w>
    <w>fejkade</w>
    <w>twitteranvändare</w>
  </absaspan>
  <w>är</w>
  <w>några</w>
  <w>exempel</w>
  <w>ur</w>
  <absaspan id=10 senti=1>
    <w>en</w>
    <w>lång</w>
    <w>rad</w>
  </absaspan>
  <absaspan id=11 senti=1>
    <w>kränkningar</w>
  </absaspan>
  <w>.</w>
  <w>En</w>
  <w>kvinna</w>
  <w>har</w>
  <w>fått</w>
  <w>mänsklig</w>
  <w>avföring</w>
  <w>smetat</w>
  <w>över</w>
  <w>sin</w>
  <w>och</w>
  <w>sin</w>
  <w>familjs</w>
  <w>lägenhetsdörr</w>
  <w>av</w>
  <w>den</w>
  <w>enda</w>
  <w>anledningen</w>
  <w>att</w>
  <w>hon</w>
  <w>recenserar</w>
  <w>och</w>
  <w>skriver</w>
  <w>om</w>
  <w>dataspel</w>
  <w>.</w>
</absapar>
<absapar id=2>
  <absaspan id=12>
    <w>Det</w>
    <w>här</w>
  </absaspan>
  <absaspan id=13 senti=2>
    <w>måste</w>
    <w>få</w>
    <w>ett</w>
    <w>slut</w>
  </absaspan>
  <w>–</w>
  <w>nu</w>
  <w>.</w>
  <w>Vi</w>
  <absaspan id=14 senti=2>
    <w>kan</w>
    <w>inte</w>
    <w>acceptera</w>
  </absaspan>
  <absaspan id=15>
    <w>att</w>
    <w>dataspel</w>
    <w>blir</w>
    <w>en</w>
    <w>plats</w>
    <w>där</w>
    <w>hot</w>
    <w>och</w>
    <w>hat</w>
    <w>är</w>
    <w>vardagsmat</w>
  </absaspan>
  <w>,</w>
  <w>där</w>
  <w>människor</w>
  <w>inte</w>
  <w>känner</w>
  <w>sig</w>
  <w>trygga</w>
  <w>eller</w>
  <w>där</w>
  <absaspan id=16>
    <w>minoriteter</w>
  </absaspan>
  <absaspan id=17 senti=2>
    <w>omöjligt</w>
    <w>kan</w>
    <w>ta</w>
    <w>sig</w>
    <w>in</w>
  </absaspan>
  <absaspan id=18>
    <w>.</w>
  </absaspan>
  <w>Alla</w>
  <w>som</w>
  <w>verkar</w>
  <w>inom</w>
  <w>spelhobbyn</w>
  <w>måste</w>
  <w>ta</w>
  <w>sitt</w>
  <w>ansvar</w>
  <w>.</w>
</absapar>
<absapar id=3>
  <w>Vi</w>
  <w>tror</w>
  <w>att</w>
  <w>vägen</w>
  <w>till</w>
  <w>en</w>
  <w>mer</w>
  <w>inkluderande</w>
  <w>miljö</w>
  <w>går</w>
  <w>genom</w>
  <w>tydliga</w>
  <w>ramverk</w>
  <w>för</w>
  <w>hur</w>
  <w>vi</w>
  <w>vill</w>
  <w>behandla</w>
  <w>varandra</w>
  <w>,</w>
  <w>trygga</w>
  <w>mötesplatser</w>
  <w>och</w>
  <w>utbildningar</w>
  <w>för</w>
  <w>ungdomar</w>
  <w>inom</w>
  <w>spelhobbyn</w>
  <w>.</w>
</absapar>
<absapar id=4>
  <w>Dataspel</w>
  <w>och</w>
  <w>hobbyn</w>
  <w>kring</w>
  <w>dem</w>
  <w>är</w>
  <w>i</w>
  <w>teorin</w>
  <w>gränslös</w>
  <w>.</w>
  <w>Det</w>
  <w>finns</w>
  <w>inga</w>
  <w>relevanta</w>
  <w>argument</w>
  <w>för</w>
  <w>att</w>
  <w>skilja</w>
  <w>olika</w>
  <w>kön</w>
  <w>,</w>
  <w>etnicitet</w>
  <w>,</w>
  <w>eller</w>
  <w>ålder</w>
  <w>åt</w>
  <w>i</w>
  <w>den</w>
  <w>digitala</w>
  <w>spelhobbyn</w>
  <w>.</w>
  <absaspan id=19>
    <w>Hobbyn</w>
  </absaspan>
  <absaspan id=20 senti=4>
    <w>är</w>
  </absaspan>
  <w>dessutom</w>
  <absaspan id=21 senti=4>
    <w>en</w>
  </absaspan>
  <absaspan id=22 senti=4>
    <w>stor</w>
    <w>källa</w>
    <w>till</w>
    <w>flödande</w>
    <w>kreativitet</w>
  </absaspan>
  <w>,</w>
  <w>både</w>
  <w>bland</w>
  <w>spelare</w>
  <w>och</w>
  <w>spelskapare</w>
  <w>.</w>
  <absaspan id=23>
    <w>Spelen</w>
  </absaspan>
  <absaspan id=24 senti=4>
    <w>står</w>
    <w>för</w>
    <w>glädje</w>
    <w>och</w>
    <w>inspiration</w>
  </absaspan>
  <w>.</w>
  <w>De</w>
  <w>är</w>
  <w>även</w>
  <w>källan</w>
  <w>till</w>
  <w>en</w>
  <absaspan id=25 senti=4>
    <w>ung</w>
    <w>och</w>
    <w>snabbt</w>
    <w>växande</w>
    <w>sport</w>
  </absaspan>
  <w>över</w>
  <w>hela</w>
  <w>världen</w>
  <w>,</w>
  <absaspan id=26>
    <w>esporten</w>
  </absaspan>
  <w>.</w>
</absapar>
<absapar id=5>
  <w>Men</w>
  <w>i</w>
  <w>spelvärlden</w>
  <w>finns</w>
  <w>också</w>
  <absaspan id=27>
    <w>problem</w>
  </absaspan>
  <w>som</w>
  <w>har</w>
  <absaspan id=28 senti=2>
    <w>fått</w>
    <w>växa</w>
    <w>sig</w>
    <w>allt</w>
    <w>för</w>
    <w>stora</w>
  </absaspan>
  <w>.</w>
  <w>En</w>
  <absaspan id=29>
    <w>löst</w>
    <w>sammansatt</w>
    <w>grupp</w>
    <w>med</w>
    <w>en</w>
    <w>exkluderande</w>
    <w>,</w>
  </absaspan>
  <absaspan id=30 senti=2>
    <w>destruktiv</w>
  </absaspan>
  <absaspan id=31>
    <w>agenda</w>
  </absaspan>
  <w>har</w>
  <absaspan id=32 senti=2>
    <w>fått</w>
    <w>på</w>
    <w>tok</w>
    <w>för</w>
    <w>stort</w>
    <w>inflytande</w>
  </absaspan>
  <w>.</w>
</absapar>
<absapar id=6>
  <absaspan id=33 senti=2>
    <w>Gång</w>
    <w>på</w>
    <w>gång</w>
  </absaspan>
  <w>ser</w>
  <w>vi</w>
  <absaspan id=34>
    <w>exempel</w>
    <w>på</w>
    <w>människor</w>
    <w>som</w>
    <w>exkluderas</w>
    <w>från</w>
    <w>spelvärlden</w>
    <w>för</w>
    <w>att</w>
    <w>de</w>
    <w>inte</w>
    <w>passar</w>
    <w>in</w>
    <w>i</w>
    <w>socialt</w>
    <w>konstruerade</w>
    <w>normer</w>
  </absaspan>
  <w>.</w>
  <w>De</w>
  <w>här</w>
  <w>problemen</w>
  <w>är</w>
  <w>inte</w>
  <w>isolerade</w>
  <w>,</w>
  <w>utan</w>
  <w>snarare</w>
  <w>är</w>
  <w>de</w>
  <w>en</w>
  <w>digital</w>
  <w>förlängning</w>
  <w>av</w>
  <w>större</w>
  <w>samhällsproblem</w>
  <w>.</w>
  <w>Främst</w>
  <w>kvinnohat</w>
  <w>,</w>
  <w>HBTQhat</w>
  <w>och</w>
  <w>rasism</w>
  <w>.</w>
</absapar>
<absapar id=7>
  <w>I</w>
  <w>maj</w>
  <w>2013</w>
  <w>släppte</w>
  <w>Sverok</w>
  <w>och</w>
  <w>Ung</w>
  <w>Media</w>
  <w>rapporten</w>
  <w>“</w>
  <w>Normer</w>
  <w>,</w>
  <w>attityder</w>
  <w>och</w>
  <w>beteenden</w>
  <w>”</w>
  <w>,</w>
  <w>som</w>
  <w>kartlägger</w>
  <w>vilka</w>
  <w>normer</w>
  <w>det</w>
  <w>finns</w>
  <w>i</w>
  <w>förbundets</w>
  <w>föreningar</w>
  <w>och</w>
  <w>hur</w>
  <w>normerna</w>
  <w>påverkar</w>
  <w>medlemmarnas</w>
  <w>känsla</w>
  <w>av</w>
  <w>trygghet</w>
  <w>och</w>
  <w>delaktighet</w>
  <w>.</w>
  <w>Enkätundersökningen</w>
  <w>gick</w>
  <w>ut</w>
  <w>till</w>
  <w>drygt</w>
  <w>88</w>
  <w>000</w>
  <w>förbundsmedlemmar</w>
  <w>och</w>
  <w>visar</w>
  <w>att</w>
  <w>det</w>
  <w>finns</w>
  <absaspan id=35 senti=2>
    <w>stora</w>
    <w>problem</w>
  </absaspan>
  <w>med</w>
  <absaspan id=36>
    <w>negativ</w>
    <w>och</w>
    <w>exkluderande</w>
    <w>jargong</w>
    <w>inom</w>
    <w>dataspel</w>
  </absaspan>
  <w>även</w>
  <w>på</w>
  <w>gräsrotsnivå</w>
  <w>,</w>
  <w>kopplat</w>
  <w>till</w>
  <w>samtliga</w>
  <w>diskrimineringsgrunder</w>
  <w>.</w>
</absapar>
<absapar id=8>
  <w>Som</w>
  <w>ett</w>
  <w>led</w>
  <w>i</w>
  <w>att</w>
  <w>motverka</w>
  <w>den</w>
  <w>negativa</w>
  <w>utvecklingen</w>
  <w>har</w>
  <w>Sverok</w>
  <w>nyligen</w>
  <w>dragit</w>
  <w>igång</w>
  <w>projektet</w>
  <w>”</w>
  <w>Respect</w>
  <w>All</w>
  <w>,</w>
  <w>Compete</w>
  <w>”</w>
  <w>med</w>
  <w>fokus</w>
  <w>på</w>
  <w>esport</w>
  <w>och</w>
  <w>med</w>
  <w>övergripande</w>
  <w>syfte</w>
  <w>att</w>
  <w>skapa</w>
  <absaspan id=37 senti=4>
    <w>trygga</w>
    <w>och</w>
    <w>välkomnande</w>
  </absaspan>
  <absaspan id=38>
    <w>miljöer</w>
    <w>för</w>
    <w>alla</w>
    <w>som</w>
    <w>vill</w>
    <w>ägna</w>
    <w>sig</w>
    <w>åt</w>
    <w>dataspel</w>
  </absaspan>
  <w>.</w>
</absapar>
<absapar id=9>
  <w>Tillsammans</w>
  <w>med</w>
  <w>många</w>
  <w>av</w>
  <w>Sveriges</w>
  <w>esportaktörer</w>
  <w>ska</w>
  <w>vi</w>
  <w>utveckla</w>
  <w>en</w>
  <w>uppförandekod</w>
  <w>och</w>
  <w>en</w>
  <w>värdegrund</w>
  <w>,</w>
  <w>som</w>
  <w>ska</w>
  <w>fungera</w>
  <w>som</w>
  <w>ett</w>
  <w>ramverk</w>
  <w>för</w>
  <w>hur</w>
  <w>vi</w>
  <w>vill</w>
  <w>bete</w>
  <w>oss</w>
  <w>mot</w>
  <w>varandra</w>
  <w>inom</w>
  <w>esporten</w>
  <w>och</w>
  <w>spelhobbyn</w>
  <w>.</w>
  <w>Dessutom</w>
  <w>samarbetar</w>
  <w>vi</w>
  <w>med</w>
  <w>kommuner</w>
  <w>och</w>
  <w>spelcenter</w>
  <w>för</w>
  <w>att</w>
  <w>ge</w>
  <w>ungdomarna</w>
  <w>i</w>
  <w>esportföreningar</w>
  <absaspan id=39 senti=4>
    <w>trygga</w>
  </absaspan>
  <absaspan id=40>
    <w>mötesplatser</w>
  </absaspan>
  <w>där</w>
  <w>de</w>
  <w>kan</w>
  <w>träna</w>
  <w>och</w>
  <w>tävla</w>
  <w>med</w>
  <w>sina</w>
  <w>lagkamrater</w>
  <w>.</w>
  <w>Vi</w>
  <w>vill</w>
  <w>även</w>
  <w>skapa</w>
  <w>esportläger</w>
  <w>där</w>
  <w>deltagarna</w>
  <w>får</w>
  <w>fördjupa</w>
  <w>sig</w>
  <w>i</w>
  <w>sina</w>
  <w>spel</w>
  <w>,</w>
  <w>men</w>
  <w>även</w>
  <w>möta</w>
  <w>goda</w>
  <w>förebilder</w>
  <w>och</w>
  <w>diskutera</w>
  <w>värdegrundsfrågor</w>
  <w>och</w>
  <w>fair</w>
  <w>play</w>
  <w>.</w>
</absapar>
<absapar id=10>
  <w>I</w>
  <absaspan id=41>
    <w>Sverige</w>
  </absaspan>
  <w>finns</w>
  <w>flera</w>
  <w>av</w>
  <w>världens</w>
  <absaspan id=42 senti=4>
    <w>ledande</w>
  </absaspan>
  <absaspan id=43>
    <w>lag</w>
  </absaspan>
  <w>och</w>
  <w>spelare</w>
  <w>inom</w>
  <w>den</w>
  <w>globala</w>
  <w>esporten</w>
  <w>.</w>
  <absaspan id=44>
    <w>Vi</w>
  </absaspan>
  <w>är</w>
  <w>också</w>
  <w>ett</w>
  <w>av</w>
  <w>de</w>
  <absaspan id=45 senti=5>
    <w>främsta</w>
    <w>länderna</w>
    <w>i</w>
    <w>världen</w>
  </absaspan>
  <w>vad</w>
  <w>gäller</w>
  <w>dataspel</w>
  <w>,</w>
  <w>både</w>
  <w>ideellt</w>
  <w>och</w>
  <w>kommersiellt</w>
  <w>.</w>
  <w>Vi</w>
  <absaspan id=46 senti=4>
    <w>har</w>
    <w>möjligheten</w>
  </absaspan>
  <absaspan id=47>
    <w>att</w>
  </absaspan>
  <absaspan id=48>
    <w>förändra</w>
    <w>de</w>
    <w>strukturer</w>
    <w>vi</w>
    <w>nu</w>
    <w>ser</w>
    <w>och</w>
    <w>vända</w>
    <w>utvecklingen</w>
    <w>så</w>
    <w>att</w>
    <w>alla</w>
    <w>kan</w>
    <w>känna</w>
    <w>sig</w>
    <w>trygga</w>
    <w>i</w>
    <w>spelhobbyn</w>
    <w>och</w>
    <w>i</w>
    <w>spelbranschen</w>
  </absaspan>
  <w>.</w>
  <w>Faktum</w>
  <w>är</w>
  <w>att</w>
  <absaspan id=49>
    <w>det</w>
  </absaspan>
  <absaspan id=50 senti=5>
    <w>är</w>
    <w>vår</w>
    <w>skyldighet</w>
  </absaspan>
  <w>.</w>
</absapar>
<absapar id=11>
  <w>Respect</w>
  <w>All</w>
  <w>Compete</w>
  <w>är</w>
  <w>också</w>
  <w>en</w>
  <w>del</w>
  <w>av</w>
  <w>Diversi</w>
  <w>,</w>
  <w>ett</w>
  <w>projekt</w>
  <w>startat</w>
  <w>av</w>
  <w>Dataspelsbranschen</w>
  <w>,</w>
  <w>med</w>
  <w>syfte</w>
  <w>att</w>
  <absaspan id=51 senti=4>
    <w>stärka</w>
  </absaspan>
  <absaspan id=52>
    <w>mångfald</w>
    <w>och</w>
    <w>jämställdhet</w>
    <w>i</w>
    <w>branschen</w>
  </absaspan>
  <w>.</w>
  <w>Dessa</w>
  <w>projekt</w>
  <w>,</w>
  <w>tillsammans</w>
  <w>med</w>
  <w>flera</w>
  <w>andra</w>
  <w>engagerade</w>
  <w>aktörer</w>
  <w>,</w>
  <w>initiativ</w>
  <w>och</w>
  <w>spelare</w>
  <w>,</w>
  <w>kan</w>
  <w>skapa</w>
  <w>förändring</w>
  <w>på</w>
  <w>riktigt</w>
  <w>.</w>
  <w>En</w>
  <w>nödvändig</w>
  <w>förändring</w>
  <w>som</w>
  <w>både</w>
  <w>den</w>
  <w>ideella</w>
  <w>och</w>
  <w>kommersiella</w>
  <w>sektorn</w>
  <w>behöver</w>
  <w>.</w>
</absapar>
<absapar id=12>
  <w>Du</w>
  <w>som</w>
  <w>ser</w>
  <w>dig</w>
  <w>själv</w>
  <w>som</w>
  <w>en</w>
  <w>del</w>
  <w>av</w>
  <w>spelhobbyn</w>
  <w>,</w>
  <w>en</w>
  <w>del</w>
  <w>av</w>
  <w>dataspelsvärlden</w>
  <w>och</w>
  <w>vill</w>
  <w>bidra</w>
  <w>till</w>
  <w>den</w>
  <absaspan id=53 senti=4>
    <w>positiva</w>
  </absaspan>
  <absaspan id=54>
    <w>förändringen</w>
  </absaspan>
  <w>;</w>
  <w>engagera</w>
  <w>dig</w>
  <w>tillsammans</w>
  <w>med</w>
  <w>oss</w>
  <w>.</w>
</absapar>
<absapar id=13>
  <w>Jesper</w>
  <w>Englin</w>
  <w>,</w>
  <w>.</w>
</absapar>
<absapar id=14>
  <w>redaktör</w>
  <w>Respect</w>
  <w>All</w>
  <w>Compete</w>
  <w>,</w>
  <w>SverokMattias</w>
  <w>von</w>
  <w>Gegerfelt</w>
  <w>,</w>
  <w>.</w>
</absapar>
<absapar id=15>
  <w>projektledare</w>
  <w>Respect</w>
  <w>All</w>
  <w>Compete</w>
  <w>,</w>
  <w>Sverok</w>
  <w>.</w>
</absapar>
<absapar id=16>
  <w>Nicholas</w>
  <w>Ranegie</w>
  <w>,</w>
  <w>.</w>
</absapar>
<absapar id=17>
  <w>kommunikatör</w>
  <w>Respect</w>
  <w>All</w>
  <w>Compete</w>
  <w>,</w>
  <w>Sverok</w>
  <w>.</w>
</absapar>
<absapar id=18>
  <w>Pernilla</w>
  <w>Sparrhult</w>
  <w>,</w>
  <w>.</w>
</absapar>
<absapar id=19>
  <w>quality</w>
  <w>Assurance</w>
  <w>,</w>
  <w>Paradox</w>
  <w>Development</w>
  <w>Studio</w>
  <w>.</w>
</absapar>
</absadoc>
