<absadoc annotators=1 senti=>
<absatitle>
  <w>Tjejer</w>
  <w>som</w>
  <w>föder</w>
  <w>massa</w>
  <w>barn</w>
  <w>istället</w>
  <w>för</w>
  <w>att</w>
  <w>jobba</w>
  <w>.</w>
</absatitle>
<absapar id=1>
  <w>Vet</w>
  <w>vissa</w>
  <w>kvinnor</w>
  <w>som</w>
  <w>fött</w>
  <w>massa</w>
  <w>barn</w>
  <w>från</w>
  <w>20</w>
  <w>-</w>
  <w>28</w>
  <w>och</w>
  <w>knappt</w>
  <w>jobbat</w>
  <w>i</w>
  <w>den</w>
  <w>åldern</w>
  <w>.</w>
  <w>Någon</w>
  <w>som</w>
  <w>var</w>
  <w>28</w>
  <w>och</w>
  <absaspan id=1 senti=2>
    <w>bara</w>
  </absaspan>
  <absaspan id=2>
    <w>hade</w>
    <w>jobbat</w>
    <w>några</w>
    <w>månader</w>
    <w>i</w>
    <w>hela</w>
    <w>sitt</w>
    <w>liv</w>
    <w>vid</w>
    <w>28</w>
    <w>års</w>
    <w>ålder</w>
  </absaspan>
  <w>,</w>
  <w>men</w>
  <w>hade</w>
  <w>fött</w>
  <w>flera</w>
  <w>barn</w>
  <w>däremot</w>
  <w>.</w>
  <w>Har</w>
  <w>förstått</w>
  <w>att</w>
  <w>många</w>
  <w>kvinnor</w>
  <w>helst</w>
  <w>jobbar</w>
  <w>deltid</w>
  <w>och</w>
  <w>blir</w>
  <w>försörjda</w>
  <w>av</w>
  <w>mannen</w>
  <w>.</w>
  <w>Är</w>
  <w>det</w>
  <w>vanligt</w>
  <w>att</w>
  <w>kvinnor</w>
  <w>föder</w>
  <w>massa</w>
  <w>barn</w>
  <w>i</w>
  <w>ung</w>
  <w>ålder</w>
  <w>istället</w>
  <w>för</w>
  <w>att</w>
  <w>behöva</w>
  <w>arbeta</w>
  <w>?</w>
  <w>.</w>
</absapar>
</absadoc>
