<absadoc annotators=1 senti=>
<absatitle>
  <w>Det</w>
  <w>krävs</w>
  <w>en</w>
  <w>större</w>
  <w>självkritik</w>
  <w>i</w>
  <w>väst</w>
  <w>.</w>
</absatitle>
<absapar id=1>
  <w>Att</w>
  <w>ha</w>
  <w>rätt</w>
  <w>att</w>
  <w>säga</w>
  <w>allt</w>
  <w>,</w>
  <w>innebär</w>
  <w>inte</w>
  <w>att</w>
  <w>det</w>
  <w>är</w>
  <w>lämpligt</w>
  <w>att</w>
  <w>säga</w>
  <w>allt</w>
  <w>.</w>
  <absaspan id=1>
    <w>Publicister</w>
    <w>och</w>
    <w>konstnärer</w>
  </absaspan>
  <w>har</w>
  <w>anledning</w>
  <w>att</w>
  <absaspan id=2 senti=2>
    <w>självkritiskt</w>
    <w>ställa</w>
    <w>frågan</w>
    <w>varför</w>
    <w>man</w>
    <w>vill</w>
    <w>medverka</w>
    <w>i</w>
    <w>en</w>
    <w>plump</w>
    <w>eller</w>
    <w>rasistisk</w>
    <w>publicering</w>
    <w>eller</w>
    <w>utställning</w>
  </absaspan>
  <w>.</w>
  <w>Det</w>
  <w>skriver</w>
  <absaspan id=3>
    <w>Peter</w>
    <w>Weiderud</w>
  </absaspan>
  <w>,</w>
  <w>ordförande</w>
  <w>för</w>
  <w>Socialdemokrater</w>
  <w>för</w>
  <w>Tro</w>
  <w>och</w>
  <w>Solidaritet</w>
  <w>,</w>
  <w>i</w>
  <w>diskussionen</w>
  <w>om</w>
  <w>yttrandefrihet</w>
  <w>.</w>
</absapar>
<absapar id=2>
  <w>Att</w>
  <w>ha</w>
  <w>rätt</w>
  <w>att</w>
  <w>säga</w>
  <w>allt</w>
  <w>,</w>
  <w>innebär</w>
  <w>inte</w>
  <w>att</w>
  <w>det</w>
  <w>är</w>
  <w>lämpligt</w>
  <w>att</w>
  <w>säga</w>
  <w>allt.Peter</w>
  <w>Weiderud</w>
  <w>.</w>
</absapar>
<absapar id=3>
  <w>Det</w>
  <w>här</w>
  <w>är</w>
  <w>en</w>
  <w>argumenterande</w>
  <w>text</w>
  <w>med</w>
  <w>syfte</w>
  <w>att</w>
  <w>påverka</w>
  <w>.</w>
  <w>Åsikterna</w>
  <w>som</w>
  <w>uttrycks</w>
  <w>är</w>
  <w>skribentens</w>
  <w>egna</w>
  <w>.</w>
</absapar>
<absapar id=4>
  <w>Protesterna</w>
  <w>efter</w>
  <w>spridningen</w>
  <w>av</w>
  <w>den</w>
  <absaspan id=4 senti=2>
    <w>konstnärligt</w>
    <w>undermåliga</w>
  </absaspan>
  <absaspan id=5>
    <w>filmen</w>
    <w>"</w>
    <w>Muslimers</w>
    <w>oskuld</w>
    <w>"</w>
  </absaspan>
  <w>har</w>
  <w>efter</w>
  <w>några</w>
  <w>veckor</w>
  <w>klingat</w>
  <w>av</w>
  <w>.</w>
  <w>Men</w>
  <w>de</w>
  <w>har</w>
  <w>,</w>
  <w>tillsammans</w>
  <w>med</w>
  <w>protester</w>
  <w>mot</w>
  <w>publicering</w>
  <w>av</w>
  <w>karikatyrer</w>
  <w>av</w>
  <w>profeten</w>
  <w>Muhammed</w>
  <w>,</w>
  <w>gett</w>
  <w>bekräftelse</w>
  <w>på</w>
  <w>ett</w>
  <w>fenomen</w>
  <w>som</w>
  <w>kräver</w>
  <w>ett</w>
  <w>nytt</w>
  <w>politiskt</w>
  <w>förhållningssätt</w>
  <w>.</w>
</absapar>
<absapar id=5>
  <w>Religions</w>
  <w>-</w>
  <w>och</w>
  <w>kulturfrågor</w>
  <w>har</w>
  <w>blivit</w>
  <w>hård</w>
  <w>säkerhetspolitik</w>
  <w>.</w>
  <w>Utrikesministrar</w>
  <w>tvingas</w>
  <w>ge</w>
  <w>röst</w>
  <w>åt</w>
  <w>frustrerade</w>
  <w>opinioner</w>
  <w>eller</w>
  <w>gjuta</w>
  <w>olja</w>
  <w>på</w>
  <w>vågorna</w>
  <w>.</w>
  <w>Publicister</w>
  <w>ställs</w>
  <w>inför</w>
  <w>frågor</w>
  <w>om</w>
  <w>självcensur</w>
  <w>av</w>
  <w>ett</w>
  <w>slag</w>
  <w>som</w>
  <w>tidigare</w>
  <w>bara</w>
  <w>gällde</w>
  <w>försvarshemligheter</w>
  <w>.</w>
</absapar>
<absapar id=6>
  <w>Det</w>
  <absaspan id=6 senti=2>
    <w>är</w>
    <w>lätt</w>
    <w>att</w>
    <w>ta</w>
    <w>avstånd</w>
    <w>från</w>
  </absaspan>
  <absaspan id=7>
    <w>allt</w>
    <w>våld</w>
    <w>och</w>
    <w>hot</w>
    <w>om</w>
    <w>våld</w>
  </absaspan>
  <w>,</w>
  <w>eller</w>
  <w>hålla</w>
  <w>med</w>
  <w>i</w>
  <w>den</w>
  <w>kritik</w>
  <w>av</w>
  <w>intoleranta</w>
  <w>muslimer</w>
  <w>som</w>
  <w>Omid</w>
  <w>Agharaji</w>
  <w>uttrycker</w>
  <w>i</w>
  <w>sin</w>
  <w>artikelpå</w>
  <w>Brännpunkt</w>
  <w>28</w>
  <w>/</w>
  <w>9</w>
  <w>.</w>
  <w>Men</w>
  <w>precis</w>
  <w>som</w>
  <w>publister</w>
  <w>i</w>
  <w>arabvärlden</w>
  <w>tar</w>
  <w>avstånd</w>
  <w>från</w>
  <w>pöbelförsök</w>
  <w>att</w>
  <w>begränsa</w>
  <w>yttrandefriheten</w>
  <w>,</w>
  <w>behöver</w>
  <w>vi</w>
  <w>i</w>
  <w>väst</w>
  <w>anstränga</w>
  <w>oss</w>
  <w>för</w>
  <w>att</w>
  <w>förstå</w>
  <w>varför</w>
  <w>det</w>
  <w>blir</w>
  <w>så</w>
  <w>kraftiga</w>
  <w>reaktioner</w>
  <w>på</w>
  <w>det</w>
  <w>som</w>
  <w>för</w>
  <w>de</w>
  <w>flesta</w>
  <w>bara</w>
  <w>är</w>
  <w>plumpa</w>
  <w>konstverk</w>
  <w>.</w>
  <w>Vi</w>
  <w>som</w>
  <w>värnar</w>
  <w>yttrandefriheten</w>
  <w>behöver</w>
  <w>ta</w>
  <w>ansvar</w>
  <w>för</w>
  <w>att</w>
  <w>bryta</w>
  <w>en</w>
  <w>ond</w>
  <w>cirkel</w>
  <w>.</w>
</absapar>
<absapar id=7>
  <w>I</w>
  <w>många</w>
  <w>länder</w>
  <w>där</w>
  <w>protesterna</w>
  <w>varit</w>
  <w>starka</w>
  <w>erbjuder</w>
  <w>staten</w>
  <w>inte</w>
  <w>människor</w>
  <w>säkerhet</w>
  <w>,</w>
  <w>välfärd</w>
  <w>och</w>
  <w>mänskliga</w>
  <w>rättigheter</w>
  <w>,</w>
  <w>utan</w>
  <w>är</w>
  <w>en</w>
  <w>repressiv</w>
  <w>struktur</w>
  <w>och</w>
  <w>individens</w>
  <w>fiende</w>
  <w>.</w>
  <absaspan id=8>
    <w>Demokratiska</w>
    <w>stater</w>
  </absaspan>
  <absaspan id=9 senti=4>
    <w>vinner</w>
    <w>genom</w>
    <w>fungerande</w>
    <w>institutioner</w>
    <w>legitimitet</w>
    <w>från</w>
    <w>individen</w>
  </absaspan>
  <w>.</w>
  <w>Annars</w>
  <w>blir</w>
  <w>makthavare</w>
  <w>inte</w>
  <w>omvalda</w>
  <w>.</w>
</absapar>
<absapar id=8>
  <w>Den</w>
  <w>arabiska</w>
  <w>våren</w>
  <w>var</w>
  <w>en</w>
  <w>protest</w>
  <w>mot</w>
  <w>diktatur</w>
  <w>och</w>
  <w>att</w>
  <w>staten</w>
  <w>förtrycker</w>
  <w>sin</w>
  <w>befolkning</w>
  <w>.</w>
  <w>För</w>
  <w>den</w>
  <w>som</w>
  <w>saknar</w>
  <w>bröd</w>
  <w>för</w>
  <w>dagen</w>
  <w>kan</w>
  <w>religiösa</w>
  <w>gruppers</w>
  <w>välgörenhet</w>
  <w>vara</w>
  <w>det</w>
  <w>som</w>
  <w>håller</w>
  <w>familjen</w>
  <w>vid</w>
  <w>liv</w>
  <w>.</w>
  <absaspan id=10>
    <w>Den</w>
    <w>som</w>
    <w>i</w>
    <w>detta</w>
    <w>läge</w>
  </absaspan>
  <absaspan id=11 senti=2>
    <w>kränker</w>
    <w>profeten</w>
  </absaspan>
  <w>trampar</w>
  <w>på</w>
  <w>den</w>
  <w>struktur</w>
  <w>som</w>
  <w>är</w>
  <w>den</w>
  <w>fattiges</w>
  <w>enda</w>
  <w>sociala</w>
  <w>skyddsnät</w>
  <w>.</w>
  <w>Även</w>
  <absaspan id=12>
    <w>rika</w>
    <w>i</w>
    <w>länder</w>
    <w>utan</w>
    <w>generell</w>
    <w>välfärd</w>
  </absaspan>
  <absaspan id=13 senti=4>
    <w>har</w>
    <w>skäl</w>
    <w>att</w>
    <w>vara</w>
    <w>tacksamma</w>
    <w>för</w>
    <w>islams</w>
    <w>välgörenhet</w>
  </absaspan>
  <w>.</w>
  <w>Den</w>
  <w>befriar</w>
  <w>från</w>
  <w>plikten</w>
  <w>att</w>
  <w>betala</w>
  <w>den</w>
  <w>skatt</w>
  <w>som</w>
  <w>kunde</w>
  <w>ha</w>
  <w>betalt</w>
  <w>en</w>
  <w>fungerande</w>
  <w>stat</w>
  <w>.</w>
</absapar>
<absapar id=9>
  <w>Skräddarsydda</w>
  <w>kurser</w>
  <w>i</w>
  <w>ämnen</w>
  <w>som</w>
  <w>intresserar</w>
  <w>och</w>
  <w>engagerar</w>
  <w>både</w>
  <w>kropp</w>
  <w>och</w>
  <w>själ</w>
  <w>.</w>
</absapar>
<absapar id=10>
  <absaspan id=14>
    <w>Många</w>
  </absaspan>
  <absaspan id=15>
    <w>muslimer</w>
  </absaspan>
  <absaspan id=16>
    <w>i</w>
    <w>och</w>
    <w>utanför</w>
    <w>Europa</w>
  </absaspan>
  <w>upplever</w>
  <w>sig</w>
  <w>dessutom</w>
  <w>,</w>
  <w>med</w>
  <w>viss</w>
  <w>rätt</w>
  <w>,</w>
  <absaspan id=17 senti=2>
    <w>illa</w>
    <w>behandlade</w>
  </absaspan>
  <w>av</w>
  <w>just</w>
  <absaspan id=18>
    <w>européer</w>
  </absaspan>
  <w>.</w>
  <absaspan id=19>
    <w>Integrationspolitiken</w>
  </absaspan>
  <absaspan id=20 senti=2>
    <w>fungerar</w>
    <w>dåligt</w>
  </absaspan>
  <w>,</w>
  <absaspan id=21>
    <w>rättigheter</w>
  </absaspan>
  <absaspan id=22 senti=2>
    <w>beskärs</w>
  </absaspan>
  <w>och</w>
  <absaspan id=23>
    <w>de</w>
  </absaspan>
  <absaspan id=24 senti=2>
    <w>behandlas</w>
    <w>nedlåtande</w>
    <w>eller</w>
    <w>rasistiskt</w>
  </absaspan>
  <w>.</w>
  <absaspan id=25>
    <w>Efter</w>
    <w>11</w>
    <w>september</w>
  </absaspan>
  <w>har</w>
  <absaspan id=26>
    <w>de</w>
  </absaspan>
  <absaspan id=27 senti=2>
    <w>upplevt</w>
    <w>ökad</w>
    <w>hets</w>
  </absaspan>
  <w>.</w>
  <absaspan id=28>
    <w>Europa</w>
  </absaspan>
  <absaspan id=29 senti=1>
    <w>har</w>
    <w>därtill</w>
    <w>koloniserat</w>
    <w>och</w>
    <w>sugit</w>
    <w>ut</w>
    <w>muslimer</w>
    <w>i</w>
    <w>århundraden</w>
  </absaspan>
  <w>.</w>
</absapar>
<absapar id=11>
  <w>En</w>
  <w>säkerhetspolitik</w>
  <w>som</w>
  <w>hanterar</w>
  <w>religion</w>
  <w>som</w>
  <w>säkerhetshot</w>
  <w>kan</w>
  <w>inte</w>
  <w>byggas</w>
  <w>på</w>
  <w>den</w>
  <w>maktpolitiska</w>
  <w>logiken</w>
  <w>att</w>
  <w>söka</w>
  <w>säkerhet</w>
  <w>mot</w>
  <w>fienden</w>
  <w>.</w>
  <w>Det</w>
  <w>handlar</w>
  <w>istället</w>
  <w>om</w>
  <w>att</w>
  <w>använda</w>
  <w>efterkrigstidens</w>
  <w>insikt</w>
  <w>:</w>
  <w>att</w>
  <w>söka</w>
  <w>säkerhet</w>
  <w>tillsammans</w>
  <w>.</w>
</absapar>
<absapar id=12>
  <absaspan id=30>
    <w>Vår</w>
    <w>militära</w>
    <w>alliansfrihet</w>
  </absaspan>
  <w>är</w>
  <w>i</w>
  <w>detta</w>
  <w>sammanhang</w>
  <w>en</w>
  <absaspan id=31 senti=4>
    <w>viktig</w>
    <w>tillgång</w>
  </absaspan>
  <w>.</w>
  <w>Den</w>
  <w>uppladdning</w>
  <w>som</w>
  <w>idag</w>
  <w>sker</w>
  <w>mellan</w>
  <w>Syrien</w>
  <w>och</w>
  <w>Turkiet</w>
  <w>,</w>
  <w>riskerar</w>
  <w>att</w>
  <w>göra</w>
  <w>alla</w>
  <w>Nato-länder</w>
  <w>mindre</w>
  <w>säkra</w>
  <w>,</w>
  <w>som</w>
  <w>en</w>
  <w>konsekvens</w>
  <w>av</w>
  <w>Natos</w>
  <w>artikel</w>
  <w>fem</w>
  <w>,</w>
  <w>och</w>
  <w>beroende</w>
  <w>på</w>
  <w>om</w>
  <w>Nato</w>
  <w>söker</w>
  <w>Syriens</w>
  <w>militära</w>
  <w>attacker</w>
  <w>på</w>
  <w>Turkiet</w>
  <w>som</w>
  <w>en</w>
  <w>väg</w>
  <w>att</w>
  <w>gå</w>
  <w>runt</w>
  <w>det</w>
  <w>ryska</w>
  <w>vetot</w>
  <w>i</w>
  <w>FN</w>
  <w>:</w>
  <w>s</w>
  <w>säkerhetsråd</w>
  <w>för</w>
  <w>ett</w>
  <w>militärt</w>
  <w>ingripande</w>
  <w>.</w>
  <w>Men</w>
  <w>utöver</w>
  <w>den</w>
  <w>folkrättliga</w>
  <w>bas</w>
  <w>och</w>
  <w>handlingsfrihet</w>
  <w>som</w>
  <w>vår</w>
  <w>militära</w>
  <w>alliansfrihet</w>
  <w>ger</w>
  <w>,</w>
  <w>behöver</w>
  <w>vi</w>
  <w>utveckla</w>
  <w>fyra</w>
  <w>säkerhetspolitiska</w>
  <w>områden</w>
  <w>för</w>
  <w>att</w>
  <w>skapa</w>
  <w>en</w>
  <w>gemensam</w>
  <w>säkerhet</w>
  <w>för</w>
  <w>Europa</w>
  <w>och</w>
  <w>den</w>
  <w>muslimska</w>
  <w>världen</w>
  <w>:</w>
  <w>.</w>
</absapar>
<absapar id=13>
  <w>#</w>
  <w>P</w>
  <w>IMM</w>
  <w>.</w>
  <w>1</w>
  <w>.</w>
  <w>Omedelbara</w>
  <w>hot</w>
  <w>ska</w>
  <w>mötas</w>
  <w>polisiärt</w>
  <w>och</w>
  <w>inte</w>
  <w>militärt</w>
  <w>.</w>
</absapar>
<absapar id=14>
  <w>Det</w>
  <absaspan id=32 senti=2>
    <w>misstag</w>
  </absaspan>
  <absaspan id=33>
    <w>USA</w>
    <w>gjorde</w>
    <w>efter</w>
    <w>11</w>
    <w>september</w>
  </absaspan>
  <w>,</w>
  <w>att</w>
  <w>möta</w>
  <w>attackerna</w>
  <w>militärt</w>
  <w>istället</w>
  <w>för</w>
  <w>polisiärt</w>
  <w>bröt</w>
  <w>den</w>
  <w>positiva</w>
  <w>nedrustningstrenden</w>
  <w>efter</w>
  <w>kalla</w>
  <w>krigets</w>
  <w>slut</w>
  <w>och</w>
  <w>fick</w>
  <w>islam</w>
  <w>att</w>
  <w>ersätta</w>
  <w>kommunismen</w>
  <w>som</w>
  <w>hot</w>
  <w>.</w>
  <w>Det</w>
  <w>finns</w>
  <w>reella</w>
  <w>hot</w>
  <w>,</w>
  <w>men</w>
  <w>de</w>
  <w>måste</w>
  <w>mötas</w>
  <w>inom</w>
  <w>ramen</w>
  <w>för</w>
  <w>rättsstaten</w>
  <w>och</w>
  <w>med</w>
  <w>full</w>
  <w>respekt</w>
  <w>för</w>
  <w>folkrätt</w>
  <w>och</w>
  <w>mänskliga</w>
  <w>rättigheter</w>
  <w>.</w>
  <absaspan id=34 senti=4>
    <w>Sverige</w>
  </absaspan>
  <absaspan id=35 senti=4>
    <w>är</w>
    <w>idag</w>
    <w>säkrare</w>
  </absaspan>
  <w>än</w>
  <w>några</w>
  <w>av</w>
  <w>de</w>
  <w>grannländer</w>
  <w>som</w>
  <w>valde</w>
  <w>att</w>
  <w>gå</w>
  <w>i</w>
  <w>armkrok</w>
  <w>med</w>
  <w>USA</w>
  <w>i</w>
  <w>Irak-kriget</w>
  <w>,</w>
  <w>men</w>
  <w>samarbetet</w>
  <w>med</w>
  <w>CIA</w>
  <w>för</w>
  <w>att</w>
  <w>utvisa</w>
  <w>Egyptensvenskarna</w>
  <w>eller</w>
  <w>för</w>
  <w>att</w>
  <w>delge</w>
  <w>konstruktionsritningar</w>
  <w>av</w>
  <w>svenskbyggda</w>
  <w>skyddsrum</w>
  <w>i</w>
  <w>Bagdad</w>
  <w>har</w>
  <w>gjort</w>
  <w>oss</w>
  <w>mindre</w>
  <w>och</w>
  <w>inte</w>
  <w>mer</w>
  <w>säkra</w>
  <w>.</w>
</absapar>
<absapar id=15>
  <w>#</w>
  <w>P</w>
  <w>IMM</w>
  <w>.</w>
  <w>2</w>
  <w>.</w>
  <w>Acceptera</w>
  <w>ingen</w>
  <w>diskriminering</w>
  <w>av</w>
  <w>muslimer</w>
  <w>och</w>
  <w>judar</w>
  <w>.</w>
</absapar>
<absapar id=16>
  <w>Europas</w>
  <w>integrationspolitik</w>
  <w>har</w>
  <w>stora</w>
  <w>brister</w>
  <w>och</w>
  <absaspan id=36 senti=2>
    <w>den</w>
    <w>högerpopulistiska</w>
    <w>motreaktion</w>
  </absaspan>
  <w>som</w>
  <w>växer</w>
  <w>fram</w>
  <w>i</w>
  <w>de</w>
  <w>flesta</w>
  <w>länder</w>
  <w>är</w>
  <w>idag</w>
  <w>en</w>
  <w>säkerhetsrisk</w>
  <w>.</w>
  <absaspan id=37>
    <w>Sverige</w>
  </absaspan>
  <absaspan id=38 senti=4>
    <w>har</w>
    <w>lyckats</w>
    <w>bättre</w>
    <w>än</w>
    <w>många</w>
    <w>grannländer</w>
  </absaspan>
  <w>vad</w>
  <w>gäller</w>
  <w>försörjning</w>
  <w>,</w>
  <w>demokratisk</w>
  <w>delaktighet</w>
  <w>och</w>
  <w>att</w>
  <w>stå</w>
  <w>emot</w>
  <w>krav</w>
  <w>på</w>
  <w>generalla</w>
  <w>förbud</w>
  <w>av</w>
  <w>slöja</w>
  <w>och</w>
  <w>minareter</w>
  <w>.</w>
  <w>Men</w>
  <w>även</w>
  <w>hos</w>
  <w>oss</w>
  <w>finns</w>
  <w>subkulturer</w>
  <w>av</w>
  <w>permanent</w>
  <w>utanförskap</w>
  <w>,</w>
  <w>som</w>
  <w>kombinerat</w>
  <w>med</w>
  <absaspan id=39 senti=2>
    <w>populistiska</w>
  </absaspan>
  <absaspan id=40>
    <w>krav</w>
  </absaspan>
  <w>på</w>
  <w>olika</w>
  <w>inskränkningar</w>
  <w>av</w>
  <w>religionsfriheten</w>
  <w>kan</w>
  <w>bli</w>
  <w>eldfängd</w>
  <w>.</w>
</absapar>
<absapar id=17>
  <w>#</w>
  <w>P</w>
  <w>IMM</w>
  <w>.</w>
  <w>3</w>
  <w>.</w>
  <w>En</w>
  <w>folkrättsligt</w>
  <w>konsekvent</w>
  <w>utrikespolitik</w>
  <w>.</w>
</absapar>
<absapar id=18>
  <absaspan id=41>
    <w>Västvärldens</w>
  </absaspan>
  <absaspan id=42 senti=2>
    <w>dubbelmoral</w>
  </absaspan>
  <w>mot</w>
  <w>Mellanöstern</w>
  <w>måste</w>
  <w>upphöra</w>
  <w>.</w>
  <absaspan id=43>
    <w>Det</w>
    <w>faktum</w>
    <w>att</w>
    <w>Israel</w>
    <w>medvetet</w>
    <w>obstruerar</w>
    <w>säkerhetsrådsresolutioner</w>
    <w>utan</w>
    <w>konsekvenser</w>
    <w>,</w>
    <w>medan</w>
    <w>Irak</w>
    <w>anfölls</w>
    <w>utan</w>
    <w>stöd</w>
    <w>i</w>
    <w>säkerhetsrådet</w>
  </absaspan>
  <w>,</w>
  <absaspan id=44 senti=2>
    <w>vållar</w>
    <w>djupa</w>
    <w>sår</w>
  </absaspan>
  <w>.</w>
  <w>Eller</w>
  <w>att</w>
  <absaspan id=45 senti=2>
    <w>selektivt</w>
  </absaspan>
  <w>erkänna</w>
  <w>val</w>
  <w>,</w>
  <w>även</w>
  <w>om</w>
  <w>de</w>
  <w>gått</w>
  <w>rätt</w>
  <w>till</w>
  <absaspan id=46>
    <w>.</w>
  </absaspan>
  <w>Sverige</w>
  <w>har</w>
  <w>också</w>
  <w>här</w>
  <w>en</w>
  <w>bättre</w>
  <w>politik</w>
  <w>än</w>
  <w>många</w>
  <w>grannländer</w>
  <w>.</w>
  <w>Vårt</w>
  <w>traditionella</w>
  <w>stöd</w>
  <w>för</w>
  <w>en</w>
  <w>palestinsk</w>
  <w>stat</w>
  <w>,</w>
  <w>vår</w>
  <w>vägran</w>
  <w>att</w>
  <w>delta</w>
  <w>i</w>
  <w>Irakkriget</w>
  <w>och</w>
  <w>vårt</w>
  <w>deltagande</w>
  <w>i</w>
  <w>FN-aktionen</w>
  <w>för</w>
  <w>Libyen</w>
  <w>har</w>
  <w>stärkt</w>
  <w>vår</w>
  <w>säkerhet</w>
  <w>.</w>
  <w>Samtidigt</w>
  <w>ska</w>
  <w>vi</w>
  <w>vara</w>
  <w>medvetna</w>
  <w>om</w>
  <w>att</w>
  <w>vår</w>
  <w>envisa</w>
  <w>medverkan</w>
  <w>i</w>
  <w>det</w>
  <w>misslyckade</w>
  <w>kriget</w>
  <w>i</w>
  <w>Afghanistan</w>
  <w>,</w>
  <w>vår</w>
  <w>oförmåga</w>
  <w>att</w>
  <w>erkänna</w>
  <w>det</w>
  <w>palestinska</w>
  <w>valet</w>
  <w>2006</w>
  <w>eller</w>
  <w>folkpartiets</w>
  <w>och</w>
  <w>kristdemokraternas</w>
  <w>inflytande</w>
  <w>på</w>
  <w>regeringen</w>
  <w>mot</w>
  <w>ett</w>
  <w>erkännande</w>
  <w>av</w>
  <w>Palestina</w>
  <w>har</w>
  <w>ett</w>
  <w>säkerhetspolitiskt</w>
  <w>pris</w>
  <w>.</w>
</absapar>
<absapar id=19>
  <w>#</w>
  <w>P</w>
  <w>IMM</w>
  <w>.</w>
  <w>4</w>
  <w>.</w>
  <w>Ta</w>
  <w>ansvar</w>
  <w>för</w>
  <w>yttrandefriheten</w>
  <w>.</w>
</absapar>
<absapar id=20>
  <w>Att</w>
  <w>ha</w>
  <w>rätt</w>
  <w>att</w>
  <w>säga</w>
  <w>allt</w>
  <w>,</w>
  <w>innebär</w>
  <w>inte</w>
  <w>att</w>
  <w>det</w>
  <w>är</w>
  <w>lämpligt</w>
  <w>att</w>
  <w>säga</w>
  <w>allt</w>
  <w>.</w>
  <w>De</w>
  <w>filmer</w>
  <w>,</w>
  <w>karikatyrer</w>
  <w>eller</w>
  <w>konstverk</w>
  <w>som</w>
  <w>under</w>
  <w>senare</w>
  <w>år</w>
  <w>vållat</w>
  <w>så</w>
  <w>starka</w>
  <w>känslor</w>
  <w>är</w>
  <w>alla</w>
  <w>medvetna</w>
  <w>provokationer</w>
  <w>.</w>
  <w>De</w>
  <w>når</w>
  <w>uppmärksamhet</w>
  <w>,</w>
  <w>inte</w>
  <w>på</w>
  <w>grund</w>
  <w>av</w>
  <w>sina</w>
  <w>kvalitéer</w>
  <w>,</w>
  <w>utan</w>
  <w>för</w>
  <w>den</w>
  <w>provokation</w>
  <w>de</w>
  <w>skapar</w>
  <w>.</w>
  <w>Medierna</w>
  <w>har</w>
  <w>ett</w>
  <w>ansvar</w>
  <w>att</w>
  <w>skildra</w>
  <w>den</w>
  <w>uppståndelse</w>
  <w>som</w>
  <w>blir</w>
  <w>,</w>
  <w>och</w>
  <w>en</w>
  <w>självcensur</w>
  <w>i</w>
  <w>detta</w>
  <w>avseende</w>
  <w>innebär</w>
  <w>risker</w>
  <w>för</w>
  <w>yttrandefriheten</w>
  <w>.</w>
  <w>Däremot</w>
  <w>har</w>
  <w>publicister</w>
  <w>och</w>
  <w>konstnärer</w>
  <w>anledning</w>
  <w>att</w>
  <w>självkritiskt</w>
  <w>ställa</w>
  <w>frågan</w>
  <w>varför</w>
  <w>man</w>
  <w>vill</w>
  <w>medverka</w>
  <w>i</w>
  <w>den</w>
  <w>plumpa</w>
  <w>och</w>
  <w>rasistiska</w>
  <w>initiala</w>
  <w>publicering</w>
  <w>eller</w>
  <w>utställning</w>
  <w>av</w>
  <w>dessa</w>
  <w>provokationer</w>
  <w>.</w>
</absapar>
<absapar id=21>
  <absaspan id=47>
    <w>Yttrandefriheten</w>
  </absaspan>
  <w>är</w>
  <w>fundamental</w>
  <w>för</w>
  <w>vår</w>
  <w>demokrati</w>
  <w>och</w>
  <w>dess</w>
  <w>uppgift</w>
  <w>är</w>
  <w>att</w>
  <w>granska</w>
  <w>makt</w>
  <w>.</w>
  <w>Här</w>
  <absaspan id=48 senti=2>
    <w>används</w>
    <w>den</w>
    <w>istället</w>
    <w>för</w>
    <w>att</w>
    <w>kränka</w>
    <w>en</w>
    <w>utsatt</w>
    <w>grupp</w>
    <w>och</w>
    <w>häda</w>
    <w>det</w>
    <w>många</w>
    <w>människor</w>
    <w>håller</w>
    <w>heligt</w>
  </absaspan>
  <w>.</w>
  <w>Det</w>
  <w>finns</w>
  <w>en</w>
  <w>parallell</w>
  <w>i</w>
  <w>Sverige</w>
  <w>på</w>
  <w>religionsfrihetens</w>
  <w>område</w>
  <w>.</w>
  <w>Pingstpastorn</w>
  <w>Åke</w>
  <w>Green</w>
  <w>ägnade</w>
  <w>sig</w>
  <w>,</w>
  <w>i</w>
  <w>skydd</w>
  <w>av</w>
  <w>religionsfriheten</w>
  <w>,</w>
  <w>åt</w>
  <w>att</w>
  <w>kränka</w>
  <w>homosexuella</w>
  <w>och</w>
  <w>fälldes</w>
  <w>i</w>
  <w>tingsrätten</w>
  <w>för</w>
  <w>hets</w>
  <w>mot</w>
  <w>folkgrupp</w>
  <w>.</w>
  <w>Han</w>
  <w>friades</w>
  <w>i</w>
  <w>hovrätten</w>
  <w>,</w>
  <w>inte</w>
  <w>för</w>
  <w>att</w>
  <w>de</w>
  <w>gjorde</w>
  <w>en</w>
  <w>mildare</w>
  <w>bedömning</w>
  <w>av</w>
  <w>hans</w>
  <w>hets</w>
  <w>,</w>
  <w>men</w>
  <w>för</w>
  <w>att</w>
  <w>en</w>
  <w>fällande</w>
  <w>dom</w>
  <w>skulle</w>
  <w>inneburit</w>
  <w>en</w>
  <w>allvarlig</w>
  <w>inskränkning</w>
  <w>i</w>
  <w>religionsfriheten</w>
  <w>.</w>
</absapar>
<absapar id=22>
  <w>Domen</w>
  <w>fungerade</w>
  <w>för</w>
  <w>att</w>
  <w>de</w>
  <w>som</w>
  <w>främst</w>
  <w>har</w>
  <w>att</w>
  <w>ta</w>
  <w>ansvar</w>
  <w>för</w>
  <w>religionsfriheten</w>
  <w>–</w>
  <w>de</w>
  <w>religiösa</w>
  <w>samfunden</w>
  <w>–</w>
  <w>stod</w>
  <w>upp</w>
  <w>och</w>
  <w>tog</w>
  <w>avstånd</w>
  <w>från</w>
  <w>innehållet</w>
  <w>i</w>
  <w>hans</w>
  <w>budskap</w>
  <w>.</w>
  <w>Kunde</w>
  <w>vi</w>
  <w>få</w>
  <w>samma</w>
  <w>förhållningssätt</w>
  <w>från</w>
  <w>majoriteten</w>
  <w>av</w>
  <w>publicister</w>
  <w>;</w>
  <w>att</w>
  <w>värna</w>
  <w>yttrandefriheten</w>
  <w>som</w>
  <w>rätt</w>
  <w>,</w>
  <w>men</w>
  <w>ta</w>
  <w>avstånd</w>
  <w>från</w>
  <w>kränkningar</w>
  <w>av</w>
  <w>utsatta</w>
  <w>i</w>
  <w>dess</w>
  <w>namn</w>
  <w>.</w>
  <w>Då</w>
  <w>skulle</w>
  <w>jordmånen</w>
  <w>för</w>
  <w>islamhatande</w>
  <w>teckningar</w>
  <w>,</w>
  <w>filmer</w>
  <w>och</w>
  <w>andra</w>
  <w>konstyttringar</w>
  <w>vittra</w>
  <w>bort</w>
  <w>.</w>
  <w>Det</w>
  <w>stoppar</w>
  <w>inte</w>
  <w>rasister</w>
  <w>,</w>
  <w>men</w>
  <w>det</w>
  <w>gör</w>
  <w>dem</w>
  <w>ointressanta</w>
  <w>.</w>
</absapar>
<absapar id=23>
  <w>Den</w>
  <absaspan id=49 senti=2>
    <w>stora</w>
    <w>tragedin</w>
  </absaspan>
  <w>är</w>
  <w>i</w>
  <w>detta</w>
  <w>sammanhang</w>
  <w>inte</w>
  <w>de</w>
  <w>onda</w>
  <w>människornas</w>
  <w>ondska</w>
  <w>.</w>
  <w>Den</w>
  <w>måste</w>
  <w>vi</w>
  <w>lära</w>
  <w>oss</w>
  <w>att</w>
  <w>leva</w>
  <w>med</w>
  <w>.</w>
  <w>Den</w>
  <absaspan id=50 senti=2>
    <w>stora</w>
    <w>tragedin</w>
  </absaspan>
  <w>är</w>
  <absaspan id=51>
    <w>de</w>
    <w>goda</w>
    <w>människornas</w>
    <w>tystnad</w>
  </absaspan>
  <w>.</w>
</absapar>
<absapar id=24>
  <w>PETER</w>
  <w>WEIDERUD</w>
  <w>.</w>
</absapar>
<absapar id=25>
  <w>ordförande</w>
  <w>Socialdemokrater</w>
  <w>för</w>
  <w>Tro</w>
  <w>och</w>
  <w>Solidaritet</w>
  <w>.</w>
</absapar>
<absapar id=26>
  <w>Redaktör</w>
  <w>:</w>
  <w>Carina</w>
  <w>Stensson</w>
  <w>,</w>
  <w>Biträdande</w>
  <w>redaktör</w>
  <w>:</w>
  <w>Björn</w>
  <w>Jorner</w>
  <w>,</w>
  <w>Mejl</w>
  <w>:</w>
  <w>debatt</w>
  <w>@</w>
  <w>svd.se</w>
  <w>,</w>
  <w>Telefonnummer</w>
  <w>:</w>
  <w>08</w>
  <w>-</w>
  <w>135149</w>
  <w>,</w>
  <w>Twitter</w>
  <w>:</w>
  <w>@</w>
  <w>SvDDebatt</w>
  <w>,</w>
  <w>Facebook</w>
  <w>:</w>
  <w>SvD</w>
  <w>Debatt</w>
  <w>.</w>
</absapar>
</absadoc>
