<absadoc annotators=1 senti=>
<absatitle>
  <w>Nu</w>
  <w>måste</w>
  <w>pizza-Sverige</w>
  <w>få</w>
  <w>en</w>
  <w>röst</w>
  <w>i</w>
  <w>Europa</w>
  <w>!</w>
  <w>.</w>
</absatitle>
<absapar id=1>
  <w>En</w>
  <w>53</w>
  <w>-</w>
  <w>årig</w>
  <w>jurist</w>
  <w>från</w>
  <w>Irak</w>
  <w>frågar</w>
  <w>om</w>
  <w>du</w>
  <w>vill</w>
  <w>ha</w>
  <w>allting</w>
  <w>på</w>
  <w>.</w>
  <w>En</w>
  <w>29</w>
  <w>-</w>
  <w>årig</w>
  <w>kirurg</w>
  <w>från</w>
  <w>Syrien</w>
  <w>kollar</w>
  <w>att</w>
  <w>degen</w>
  <w>jäser</w>
  <w>bra</w>
  <w>i</w>
  <w>stället</w>
  <w>för</w>
  <w>att</w>
  <w>laga</w>
  <w>brutna</w>
  <w>ben</w>
  <w>.</w>
  <w>En</w>
  <w>47</w>
  <w>-</w>
  <w>årig</w>
  <w>rektor</w>
  <w>från</w>
  <w>Somalia</w>
  <w>plockar</w>
  <w>upp</w>
  <w>efter</w>
  <w>dig</w>
  <w>och</w>
  <w>frågar</w>
  <w>om</w>
  <w>det</w>
  <w>smakade</w>
  <w>bra</w>
  <w>.</w>
</absapar>
<absapar id=2>
  <w>Så</w>
  <w>här</w>
  <w>ser</w>
  <w>pizza-Sverige</w>
  <w>ut</w>
  <w>,</w>
  <w>en</w>
  <w>stor</w>
  <w>del</w>
  <w>av</w>
  <w>vårt</w>
  <w>land</w>
  <w>som</w>
  <w>vi</w>
  <w>representerar</w>
  <w>.</w>
  <absaspan id=1>
    <w>Vi</w>
    <w>och</w>
    <w>vår</w>
    <w>personal</w>
  </absaspan>
  <absaspan id=2 senti=4>
    <w>har</w>
    <w>en</w>
  </absaspan>
  <absaspan id=3 senti=4>
    <w>fantastiskt</w>
    <w>skiftande</w>
  </absaspan>
  <absaspan id=4 senti=4>
    <w>bakgrund</w>
  </absaspan>
  <w>.</w>
  <w>Egentligen</w>
  <w>har</w>
  <w>vi</w>
  <w>nästan</w>
  <w>bara</w>
  <w>en</w>
  <w>sak</w>
  <w>gemensam</w>
  <w>;</w>
  <w>när</w>
  <w>vi</w>
  <w>var</w>
  <w>unga</w>
  <w>drömde</w>
  <w>vi</w>
  <w>om</w>
  <w>att</w>
  <w>arbeta</w>
  <w>med</w>
  <w>något</w>
  <w>helt</w>
  <w>annat</w>
  <w>.</w>
  <w>Det</w>
  <w>var</w>
  <w>aldrig</w>
  <w>vår</w>
  <w>plan</w>
  <w>att</w>
  <w>driva</w>
  <w>en</w>
  <w>kvarterspizzeria</w>
  <w>.</w>
  <w>Vi</w>
  <w>vill</w>
  <w>vara</w>
  <w>ärliga</w>
  <w>och</w>
  <w>säga</w>
  <w>det</w>
  <w>.</w>
  <w>För</w>
  <w>de</w>
  <w>allra</w>
  <w>flesta</w>
  <w>av</w>
  <w>oss</w>
  <w>blev</w>
  <w>pizzerian</w>
  <w>en</w>
  <w>utväg</w>
  <w>.</w>
  <w>Den</w>
  <w>blev</w>
  <w>ett</w>
  <w>sätt</w>
  <w>för</w>
  <w>oss</w>
  <w>att</w>
  <w>försörja</w>
  <w>familjen</w>
  <w>och</w>
  <w>komma</w>
  <w>in</w>
  <w>i</w>
  <w>samhället</w>
  <w>.</w>
</absapar>
<absapar id=3>
  <w>Missförstå</w>
  <w>oss</w>
  <w>inte</w>
  <w>.</w>
  <absaspan id=5>
    <w>Vi</w>
  </absaspan>
  <absaspan id=6 senti=4>
    <w>är</w>
    <w>stolta</w>
    <w>över</w>
  </absaspan>
  <absaspan id=7>
    <w>våra</w>
    <w>restauranger</w>
    <w>och</w>
    <w>det</w>
    <w>arbete</w>
    <w>vi</w>
    <w>gör</w>
  </absaspan>
  <w>.</w>
  <absaspan id=8>
    <w>Vi</w>
  </absaspan>
  <absaspan id=9 senti=4>
    <w>tycker</w>
    <w>om</w>
  </absaspan>
  <absaspan id=10>
    <w>att</w>
    <w>göra</w>
    <w>rätt</w>
    <w>för</w>
    <w>oss</w>
  </absaspan>
  <w>och</w>
  <absaspan id=11>
    <w>vi</w>
  </absaspan>
  <absaspan id=12 senti=4>
    <w>trivs</w>
    <w>med</w>
  </absaspan>
  <absaspan id=13>
    <w>våra</w>
    <w>kunder</w>
  </absaspan>
  <w>.</w>
  <absaspan id=14>
    <w>Vi</w>
  </absaspan>
  <absaspan id=15 senti=4>
    <w>gillar</w>
  </absaspan>
  <absaspan id=16>
    <w>Sverige</w>
  </absaspan>
  <w>.</w>
  <w>Men</w>
  <w>ingen</w>
  <w>ska</w>
  <w>tvingas</w>
  <w>att</w>
  <w>i</w>
  <w>sista</w>
  <w>hand</w>
  <w>välja</w>
  <w>det</w>
  <w>här</w>
  <w>yrket</w>
  <w>.</w>
  <w>Ingen</w>
  <w>ska</w>
  <w>behöva</w>
  <w>stanna</w>
  <w>i</w>
  <w>växten</w>
  <w>på</w>
  <w>grund</w>
  <w>av</w>
  <w>sin</w>
  <w>uppväxt</w>
  <w>,</w>
  <w>sina</w>
  <w>föräldrar</w>
  <w>,</w>
  <w>sin</w>
  <w>bakgrund</w>
  <w>.</w>
  <w>Våra</w>
  <w>barn</w>
  <w>har</w>
  <w>lika</w>
  <w>stora</w>
  <w>drömmar</w>
  <w>som</w>
  <w>vi</w>
  <w>hade</w>
  <w>.</w>
</absapar>
<absapar id=4>
  <w>Människor</w>
  <w>av</w>
  <w>alla</w>
  <w>sorter</w>
  <w>äter</w>
  <w>hos</w>
  <w>oss</w>
  <w>.</w>
  <w>Men</w>
  <w>helt</w>
  <w>klart</w>
  <w>är</w>
  <w>det</w>
  <w>så</w>
  <w>att</w>
  <w>våra</w>
  <w>gäster</w>
  <absaspan id=17 senti=2>
    <w>kommer</w>
    <w>att</w>
    <w>drabbas</w>
    <w>hårt</w>
    <w>av</w>
  </absaspan>
  <absaspan id=18>
    <w>den</w>
    <w>ekonomiska</w>
    <w>krisen</w>
  </absaspan>
  <w>.</w>
  <w>Det</w>
  <w>är</w>
  <w>människor</w>
  <w>som</w>
  <w>bor</w>
  <w>i</w>
  <w>höghus</w>
  <w>med</w>
  <w>paraboler</w>
  <w>på</w>
  <w>balkongen</w>
  <w>,</w>
  <w>som</w>
  <w>lever</w>
  <w>en</w>
  <w>bra</w>
  <w>bit</w>
  <w>utanför</w>
  <w>samhällets</w>
  <w>innersta</w>
  <w>maktelit</w>
  <w>.</w>
  <w>Människor</w>
  <w>som</w>
  <w>inte</w>
  <w>har</w>
  <w>råd</w>
  <w>med</w>
  <w>de</w>
  <absaspan id=19 senti=4>
    <w>finaste</w>
  </absaspan>
  <absaspan id=20>
    <w>krogarna</w>
  </absaspan>
  <w>.</w>
  <w>Människor</w>
  <w>som</w>
  <w>på</w>
  <w>mycket</w>
  <w>nära</w>
  <w>håll</w>
  <w>möter</w>
  <w>den</w>
  <w>pågående</w>
  <w>depressionen</w>
  <w>och</w>
  <w>arbetslösheten</w>
  <w>.</w>
</absapar>
<absapar id=5>
  <w>Vi</w>
  <w>får</w>
  <w>höra</w>
  <w>mycket</w>
  <w>av</w>
  <w>våra</w>
  <w>gäster</w>
  <w>.</w>
  <w>För</w>
  <w>många</w>
  <w>människor</w>
  <w>blir</w>
  <w>pizzabagaren</w>
  <w>en</w>
  <w>samtalspartner</w>
  <w>,</w>
  <absaspan id=21 senti=2>
    <w>alltför</w>
  </absaspan>
  <absaspan id=22>
    <w>ofta</w>
    <w>i</w>
    <w>brist</w>
    <w>på</w>
    <w>andra</w>
    <w>som</w>
    <w>har</w>
    <w>tid</w>
    <w>att</w>
    <w>lyssna</w>
  </absaspan>
  <w>.</w>
  <w>Ni</w>
  <w>som</w>
  <w>är</w>
  <w>politiker</w>
  <w>skulle</w>
  <w>bli</w>
  <w>förvånade</w>
  <w>hur</w>
  <w>väl</w>
  <w>man</w>
  <w>kan</w>
  <w>känna</w>
  <w>pulsen</w>
  <w>på</w>
  <w>Sverige</w>
  <w>inne</w>
  <w>på</w>
  <w>kvarterspizzeriorna</w>
  <w>.</w>
  <w>Vi</w>
  <w>märker</w>
  <w>direkt</w>
  <w>när</w>
  <w>konjunkturen</w>
  <w>och</w>
  <w>tillståndet</w>
  <w>i</w>
  <w>samhället</w>
  <w>skiftar</w>
  <w>.</w>
  <w>Det</w>
  <w>syns</w>
  <w>i</w>
  <w>våra</w>
  <w>gästers</w>
  <w>ansiktsuttryck</w>
  <w>och</w>
  <w>hållning</w>
  <w>.</w>
  <w>De</w>
  <w>allra</w>
  <w>flesta</w>
  <w>pizzeriorna</w>
  <w>kommer</w>
  <w>säkert</w>
  <w>att</w>
  <w>överleva</w>
  <w>,</w>
  <w>men</w>
  <w>pizza-Sverige</w>
  <w>kommer</w>
  <w>ändå</w>
  <w>att</w>
  <w>drabbas</w>
  <w>tungt</w>
  <w>av</w>
  <absaspan id=23 senti=2>
    <w>jobbkrisen</w>
  </absaspan>
  <w>.</w>
</absapar>
<absapar id=6>
  <w>Vi</w>
  <w>är</w>
  <w>några</w>
  <w>pizzabagare</w>
  <w>som</w>
  <w>skriver</w>
  <w>den</w>
  <w>här</w>
  <w>artikeln</w>
  <w>.</w>
  <w>Tillsammans</w>
  <w>med</w>
  <w>många</w>
  <w>av</w>
  <w>våra</w>
  <w>kollegor</w>
  <w>har</w>
  <w>vi</w>
  <w>bestämt</w>
  <w>oss</w>
  <w>för</w>
  <w>att</w>
  <w>engagera</w>
  <w>oss</w>
  <w>i</w>
  <w>valet</w>
  <w>.</w>
  <w>Vi</w>
  <w>vill</w>
  <w>ha</w>
  <w>europeiska</w>
  <w>politiker</w>
  <w>som</w>
  <w>vet</w>
  <w>hur</w>
  <w>vår</w>
  <w>vardag</w>
  <w>ser</w>
  <w>ut</w>
  <w>.</w>
  <w>Vi</w>
  <w>vill</w>
  <w>se</w>
  <w>någon</w>
  <w>som</w>
  <w>företräder</w>
  <absaspan id=24 senti=4>
    <w>vanliga</w>
    <w>anständiga</w>
  </absaspan>
  <absaspan id=25>
    <w>människor</w>
  </absaspan>
  <w>i</w>
  <w>det</w>
  <w>folkliga</w>
  <w>pizzariket</w>
  <w>Sverige</w>
  <w>såväl</w>
  <w>för</w>
  <w>våra</w>
  <w>kunder</w>
  <w>som</w>
  <w>för</w>
  <w>dem</w>
  <w>som</w>
  <w>står</w>
  <w>vid</w>
  <w>ugnen</w>
  <w>.</w>
  <w>Av</w>
  <w>alla</w>
  <w>som</w>
  <w>bor</w>
  <w>i</w>
  <w>Sverige</w>
  <w>har</w>
  <w>nästan</w>
  <w>20</w>
  <w>procent</w>
  <w>utländsk</w>
  <w>bakgrund</w>
  <w>.</w>
  <w>Åtminstone</w>
  <w>några</w>
  <w>av</w>
  <w>Sveriges</w>
  <w>arton</w>
  <w>ledamöter</w>
  <w>i</w>
  <w>Europaparlamentet</w>
  <w>borde</w>
  <w>veta</w>
  <w>hur</w>
  <w>det</w>
  <w>är</w>
  <w>att</w>
  <w>vara</w>
  <w>invandrare</w>
  <w>.</w>
</absapar>
<absapar id=7>
  <w>Politiskt</w>
  <w>handlar</w>
  <w>det</w>
  <w>om</w>
  <w>att</w>
  <w>ta</w>
  <w>ställning</w>
  <w>för</w>
  <w>det</w>
  <w>som</w>
  <w>vanliga</w>
  <w>människor</w>
  <w>bryr</w>
  <w>sig</w>
  <w>om</w>
  <w>:</w>
  <w>att</w>
  <w>kunna</w>
  <w>utbilda</w>
  <w>sig</w>
  <w>och</w>
  <w>bli</w>
  <w>det</w>
  <w>man</w>
  <w>drömmer</w>
  <w>om</w>
  <w>,</w>
  <w>att</w>
  <w>få</w>
  <w>ett</w>
  <w>jobb</w>
  <w>,</w>
  <w>att</w>
  <w>bli</w>
  <w>respekterad</w>
  <w>på</w>
  <w>grund</w>
  <w>av</w>
  <w>den</w>
  <w>man</w>
  <w>är</w>
  <w>,</w>
  <w>att</w>
  <w>ha</w>
  <w>råd</w>
  <w>att</w>
  <w>åka</w>
  <w>på</w>
  <w>semester</w>
  <w>eller</w>
  <w>gå</w>
  <w>på</w>
  <w>restaurang</w>
  <w>ibland</w>
  <w>.</w>
</absapar>
<absapar id=8>
  <w>Det</w>
  <w>här</w>
  <w>är</w>
  <w>viktiga</w>
  <w>punkter</w>
  <w>i</w>
  <w>vårt</w>
  <w>pizzaupprop</w>
  <w>:</w>
  <w>.</w>
</absapar>
<absapar id=9>
  <w>Vi</w>
  <w>är</w>
  <w>många</w>
  <w>som</w>
  <w>jobbar</w>
  <w>på</w>
  <w>Sveriges</w>
  <w>pizzerior</w>
  <w>och</w>
  <w>det</w>
  <w>är</w>
  <w>ännu</w>
  <w>fler</w>
  <w>som</w>
  <w>äter</w>
  <w>här</w>
  <w>.</w>
  <absaspan id=26 senti=4>
    <w>Duktiga</w>
  </absaspan>
  <absaspan id=27 senti=4>
    <w>,</w>
    <w>ärliga</w>
  </absaspan>
  <absaspan id=28>
    <w>människor</w>
  </absaspan>
  <absaspan id=29>
    <w>som</w>
  </absaspan>
  <absaspan id=30 senti=4>
    <w>dagligen</w>
    <w>gör</w>
    <w>rätt</w>
    <w>för</w>
    <w>sig</w>
    <w>och</w>
    <w>sitt</w>
    <w>land</w>
  </absaspan>
  <w>,</w>
  <w>men</w>
  <w>vars</w>
  <w>barn</w>
  <w>ändå</w>
  <w>erbjuds</w>
  <w>de</w>
  <absaspan id=31 senti=1>
    <w>sämsta</w>
  </absaspan>
  <absaspan id=32>
    <w>skolorna</w>
  </absaspan>
  <w>,</w>
  <w>den</w>
  <absaspan id=33 senti=1>
    <w>sämsta</w>
  </absaspan>
  <absaspan id=34>
    <w>utemiljön</w>
  </absaspan>
  <w>,</w>
  <w>de</w>
  <w>sämsta</w>
  <w>förutsättningarna</w>
  <w>att</w>
  <w>lyckas</w>
  <w>.</w>
</absapar>
<absapar id=10>
  <w>Vi</w>
  <w>kan</w>
  <w>annat</w>
  <w>än</w>
  <w>att</w>
  <w>bara</w>
  <w>baka</w>
  <w>Calzone</w>
  <w>.</w>
  <w>Nu</w>
  <w>använder</w>
  <w>vi</w>
  <w>oss</w>
  <w>av</w>
  <w>pizzan</w>
  <w>som</w>
  <w>en</w>
  <w>annorlunda</w>
  <w>politisk</w>
  <w>symbol</w>
  <w>för</w>
  <w>förändring</w>
  <w>i</w>
  <w>Europa</w>
  <w>.</w>
  <w>Med</w>
  <w>en</w>
  <w>knapp</w>
  <w>vecka</w>
  <w>kvar</w>
  <w>till</w>
  <w>valet</w>
  <w>har</w>
  <w>vi</w>
  <w>förvandlat</w>
  <w>hundratals</w>
  <w>pizzerior</w>
  <w>till</w>
  <w>valstugor</w>
  <w>.</w>
  <w>Vi</w>
  <w>kommer</w>
  <w>att</w>
  <w>uppmana</w>
  <w>våra</w>
  <w>gäster</w>
  <w>att</w>
  <w>förtidsrösta</w>
  <w>under</w>
  <w>hela</w>
  <w>perioden</w>
  <w>från</w>
  <w>den</w>
  <w>20</w>
  <w>maj</w>
  <w>till</w>
  <w>den</w>
  <w>7</w>
  <w>juni</w>
  <w>.</w>
  <w>Vi</w>
  <w>kommer</w>
  <w>att</w>
  <w>dela</w>
  <w>ut</w>
  <w>pizzakartonger</w>
  <w>med</w>
  <w>politiska</w>
  <w>budskap</w>
  <w>,</w>
  <w>ta</w>
  <w>på</w>
  <w>oss</w>
  <w>t-shirts</w>
  <w>och</w>
  <w>knappar</w>
  <w>,</w>
  <w>affischera</w>
  <w>och</w>
  <w>sprida</w>
  <w>foldrar</w>
  <w>.</w>
</absapar>
<absapar id=11>
  <w>Ett</w>
  <absaspan id=35 senti=2>
    <w>märkligt</w>
  </absaspan>
  <absaspan id=36>
    <w>sätt</w>
    <w>att</w>
    <w>agera</w>
  </absaspan>
  <w>?</w>
  <w>Ja</w>
  <w>,</w>
  <w>kanske</w>
  <w>det</w>
  <w>.</w>
  <w>Men</w>
  <w>vi</w>
  <w>vill</w>
  <w>rikta</w>
  <w>ljuset</w>
  <w>mot</w>
  <w>vår</w>
  <w>vardag</w>
  <w>och</w>
  <w>våra</w>
  <w>problem</w>
  <w>.</w>
  <w>Vi</w>
  <w>tänker</w>
  <w>använda</w>
  <w>vår</w>
  <w>rösträtt</w>
  <w>.</w>
  <w>Vi</w>
  <w>känner</w>
  <w>väl</w>
  <w>till</w>
  <w>de</w>
  <w>politiska</w>
  <w>frågorna</w>
  <w>i</w>
  <w>Europa</w>
  <w>,</w>
  <w>fast</w>
  <w>på</w>
  <w>ett</w>
  <w>annat</w>
  <w>sätt</w>
  <w>.</w>
  <w>Vi</w>
  <w>har</w>
  <w>lärt</w>
  <w>oss</w>
  <w>mycket</w>
  <w>via</w>
  <w>parabolerna</w>
  <w>.</w>
  <w>.</w>
  <w>.</w>
  <w>Glöm</w>
  <w>inte</w>
  <w>bort</w>
  <w>pizza-Sverige</w>
  <w>i</w>
  <w>Europadebatten</w>
  <w>!</w>
  <w>.</w>
</absapar>
<absapar id=12>
  <w>Dagens</w>
  <w>debattörer</w>
  <w>.</w>
</absapar>
</absadoc>
