<absadoc annotators=1 senti=4>
<absatitle>
  <w>Använd</w>
  <w>inte</w>
  <w>oss</w>
  <w>som</w>
  <w>slagträ</w>
  <w>mot</w>
  <w>flyktingar</w>
  <absaspan id=1 senti=1>
    <w>.</w>
  </absaspan>
</absatitle>
<absapar id=1 senti=3>
  <w>Det</w>
  <w>sägs</w>
  <w>av</w>
  <w>vissa</w>
  <w>att</w>
  <w>vi</w>
  <w>inte</w>
  <w>har</w>
  <w>råd</w>
  <w>med</w>
  <absaspan id=2 senti=4>
    <w>justa</w>
    <w>villkor</w>
  </absaspan>
  <w>för</w>
  <w>oss</w>
  <w>sjuka</w>
  <w>,</w>
  <w>arbetslösa</w>
  <w>och</w>
  <w>pensionärer</w>
  <w>på</w>
  <w>grund</w>
  <w>av</w>
  <w>invandringen</w>
  <w>.</w>
  <w>Nu</w>
  <w>,</w>
  <w>när</w>
  <w>människor</w>
  <w>flyr</w>
  <w>från</w>
  <absaspan id=3 senti=1>
    <w>krig</w>
    <w>och</w>
    <w>nöd</w>
  </absaspan>
  <w>och</w>
  <absaspan id=4 senti=1>
    <w>främlingsfientligheten</w>
  </absaspan>
  <w>når</w>
  <w>toppnoteringar</w>
  <w>,</w>
  <w>är</w>
  <w>det</w>
  <w>återigen</w>
  <w>dags</w>
  <w>för</w>
  <w>oss</w>
  <w>att</w>
  <w>sätta</w>
  <w>ned</w>
  <w>foten</w>
  <w>ordentligt</w>
  <w>.</w>
</absapar>
<absapar id=2 senti=3>
  <w>Föreningen</w>
  <w>Solrosuppropet.se</w>
  <w>debatterar</w>
  <w>sjuka</w>
  <w>och</w>
  <w>arbetslösas</w>
  <w>situation</w>
  <w>.</w>
  <w>Vi</w>
  <w>tar</w>
  <w>upp</w>
  <absaspan id=5 senti=2>
    <w>problemen</w>
  </absaspan>
  <w>och</w>
  <w>försöker</w>
  <w>formulera</w>
  <w>tankar</w>
  <w>om</w>
  <w>orsaker</w>
  <w>och</w>
  <w>hitta</w>
  <w>lösningar</w>
  <w>.</w>
  <w>I</w>
  <w>de</w>
  <w>debatterna</w>
  <w>råkar</w>
  <w>vi</w>
  <w>ofta</w>
  <w>på</w>
  <w>de</w>
  <w>som</w>
  <w>vill</w>
  <w>göra</w>
  <w>gällande</w>
  <w>att</w>
  <absaspan id=6 senti=1>
    <w>det</w>
    <w>är</w>
    <w>på</w>
    <w>grund</w>
    <w>av</w>
  </absaspan>
  <absaspan id=7>
    <w>flyktingmottagandet</w>
    <w>och</w>
    <w>invandringen</w>
  </absaspan>
  <absaspan id=8 senti=1>
    <w>som</w>
  </absaspan>
  <absaspan id=9 senti=1>
    <w>sjuka</w>
    <w>,</w>
    <w>arbetslösa</w>
    <w>och</w>
    <w>pensionärer</w>
    <w>drabbats</w>
    <w>av</w>
    <w>otrygghet</w>
    <w>och</w>
    <w>fattigdom</w>
  </absaspan>
  <absaspan id=10>
    <w>.</w>
  </absaspan>
  <w>Det</w>
  <w>görs</w>
  <w>försök</w>
  <w>att</w>
  <w>påstå</w>
  <w>att</w>
  <w>om</w>
  <w>vi</w>
  <w>inte</w>
  <w>tar</w>
  <w>emot</w>
  <w>så</w>
  <w>många</w>
  <w>invandrare</w>
  <w>och</w>
  <w>flyktingar</w>
  <w>som</w>
  <w>vi</w>
  <w>gör</w>
  <w>så</w>
  <w>har</w>
  <w>vi</w>
  <w>råd</w>
  <w>att</w>
  <w>ge</w>
  <w>ekonomiskt</w>
  <w>svaga</w>
  <absaspan id=11 senti=4>
    <w>ett</w>
    <w>bättre</w>
    <w>liv</w>
  </absaspan>
  <w>.</w>
</absapar>
<absapar id=3 senti=3>
  <w>Det</w>
  <w>görs</w>
  <w>alltså</w>
  <w>försök</w>
  <w>att</w>
  <w>ställa</w>
  <w>olika</w>
  <w>grupper</w>
  <w>mot</w>
  <w>varandra</w>
  <w>,</w>
  <w>att</w>
  <absaspan id=12 senti=2>
    <w>skapa</w>
    <w>motsättningar</w>
  </absaspan>
  <w>genom</w>
  <w>att</w>
  <w>få</w>
  <w>oss</w>
  <w>in</w>
  <w>i</w>
  <w>ett</w>
  <w>tänkande</w>
  <w>om</w>
  <w>”</w>
  <w>vi</w>
  <w>och</w>
  <w>dom</w>
  <w>”</w>
  <w>.</w>
</absapar>
<absapar id=4 senti=3>
  <w>Vi</w>
  <w>går</w>
  <w>inte</w>
  <w>på</w>
  <w>det</w>
  <w>och</w>
  <w>talar</w>
  <w>ofta</w>
  <w>om</w>
  <w>,</w>
  <w>som</w>
  <w>när</w>
  <w>vi</w>
  <w>för</w>
  <w>lite</w>
  <w>drygt</w>
  <w>en</w>
  <w>vecka</w>
  <w>sedan</w>
  <w>uppvaktade</w>
  <w>socialförsäkringsminister</w>
  <w>Annika</w>
  <w>Strandhäll</w>
  <w>,</w>
  <w>att</w>
  <w>vi</w>
  <w>som</w>
  <w>sjuka</w>
  <w>vägrar</w>
  <w>vara</w>
  <w>ett</w>
  <w>slagträ</w>
  <w>i</w>
  <w>den</w>
  <w>debatten</w>
  <absaspan id=13 senti=2>
    <w>.</w>
  </absaspan>
  <w>Vi</w>
  <w>väljer</w>
  <w>att</w>
  <w>se</w>
  <w>vilka</w>
  <w>politiska</w>
  <w>beslut</w>
  <w>som</w>
  <w>satt</w>
  <w>oss</w>
  <w>i</w>
  <w>den</w>
  <w>situation</w>
  <w>vi</w>
  <w>är</w>
  <w>,</w>
  <w>vad</w>
  <w>som</w>
  <w>skapat</w>
  <w>de</w>
  <absaspan id=14>
    <w>klyftor</w>
  </absaspan>
  <w>som</w>
  <absaspan id=15 senti=1>
    <w>bäddar</w>
    <w>för</w>
    <w>rasism</w>
  </absaspan>
  <w>.</w>
  <w>Precis</w>
  <w>som</w>
  <w>i</w>
  <w>1930</w>
  <w>-</w>
  <w>talets</w>
  <w>Tyskland</w>
  <absaspan id=16 senti=1>
    <w>vill</w>
  </absaspan>
  <absaspan id=17>
    <w>man</w>
  </absaspan>
  <absaspan id=18 senti=1>
    <w>utnyttja</w>
  </absaspan>
  <absaspan id=19 senti=1>
    <w>de</w>
    <w>drabbades</w>
    <w>missnöje</w>
  </absaspan>
  <w>genom</w>
  <w>att</w>
  <w>vända</w>
  <w>grupper</w>
  <w>mot</w>
  <w>varandra</w>
  <w>.</w>
  <w>Vi</w>
  <w>tänker</w>
  <w>inte</w>
  <w>medverka</w>
  <w>till</w>
  <w>att</w>
  <w>låta</w>
  <w>det</w>
  <w>hända</w>
  <w>igen</w>
  <w>.</w>
</absapar>
<absapar id=5 senti=3>
  <absaspan id=20 senti=4>
    <w>Det</w>
    <w>är</w>
    <w>bättre</w>
    <w>att</w>
  </absaspan>
  <absaspan id=21>
    <w>peka</w>
    <w>på</w>
    <w>vilka</w>
    <w>politiska</w>
    <w>beslut</w>
    <w>som</w>
    <w>lett</w>
    <w>fram</w>
    <w>till</w>
    <w>ökade</w>
    <w>klyftor</w>
    <w>och</w>
    <w>försämrad</w>
    <w>trygghet</w>
  </absaspan>
  <w>.</w>
  <absaspan id=22>
    <w>Alliansens</w>
    <w>styre</w>
  </absaspan>
  <w>har</w>
  <w>med</w>
  <w>hjälp</w>
  <w>av</w>
  <absaspan id=23>
    <w>Sverigedemokraterna</w>
  </absaspan>
  <w>omfördelat</w>
  <w>posterna</w>
  <w>i</w>
  <w>arbetsgivaravgiften</w>
  <w>så</w>
  <w>att</w>
  <w>man</w>
  <w>kunde</w>
  <w>ta</w>
  <w>pengar</w>
  <w>från</w>
  <w>sjukförsäkringen</w>
  <w>och</w>
  <w>finansiera</w>
  <w>jobbskatteavdragen</w>
  <w>.</w>
  <w>Man</w>
  <w>tog</w>
  <w>från</w>
  <w>sjuka</w>
  <w>och</w>
  <w>gav</w>
  <w>till</w>
  <w>friska</w>
  <w>arbetande</w>
  <w>.</w>
  <absaspan id=24 senti=1>
    <w>Man</w>
    <w>försämrade</w>
    <w>även</w>
    <w>villkoren</w>
    <w>i</w>
    <w>sjukförsäkringen</w>
    <w>och</w>
    <w>i</w>
    <w>a-kassan</w>
  </absaspan>
  <w>,</w>
  <w>man</w>
  <w>införde</w>
  <w>utförsäkringar</w>
  <w>och</w>
  <w>Fas</w>
  <w>3</w>
  <w>.</w>
</absapar>
<absapar id=6 senti=3>
  <absaspan id=25 senti=4>
    <w>Det</w>
    <w>är</w>
    <w>inte</w>
    <w>heller</w>
  </absaspan>
  <absaspan id=26>
    <w>invandrarnas</w>
  </absaspan>
  <absaspan id=27 senti=4>
    <w>fel</w>
  </absaspan>
  <w>att</w>
  <w>det</w>
  <w>sitter</w>
  <w>”</w>
  <absaspan id=28 senti=4 irony>
    <w>entreprenörer</w>
  </absaspan>
  <w>”</w>
  <w>och</w>
  <w>håvar</w>
  <w>in</w>
  <w>miljonbelopp</w>
  <w>i</w>
  <w>vinster</w>
  <w>på</w>
  <w>privata</w>
  <w>flyktingmottagningar</w>
  <w>.</w>
  <w>Så</w>
  <w>tycker</w>
  <w>du</w>
  <w>att</w>
  <w>det</w>
  <w>är</w>
  <w>för</w>
  <w>dyrt</w>
  <w>?</w>
  <w>Ställ</w>
  <w>krav</w>
  <w>på</w>
  <w>att</w>
  <w>staten</w>
  <w>ska</w>
  <w>stå</w>
  <w>för</w>
  <w>anläggningarna</w>
  <w>.</w>
  <w>Pengar</w>
  <w>avsedda</w>
  <w>för</w>
  <w>att</w>
  <absaspan id=29 senti=4>
    <w>hjälpa</w>
  </absaspan>
  <absaspan id=30>
    <w>flyktingar</w>
  </absaspan>
  <w>ska</w>
  <w>gå</w>
  <w>till</w>
  <w>flyktingar</w>
  <w>och</w>
  <w>inte</w>
  <w>in</w>
  <w>på</w>
  <w>någons</w>
  <w>privata</w>
  <w>konto</w>
  <w>.</w>
</absapar>
<absapar id=7 senti=5>
  <w>Tycker</w>
  <absaspan id=31>
    <w>du</w>
  </absaspan>
  <w>att</w>
  <absaspan id=32>
    <w>sjukvård</w>
    <w>och</w>
    <w>äldreomsorg</w>
  </absaspan>
  <absaspan id=33 senti=2>
    <w>fungerar</w>
    <w>dåligt</w>
  </absaspan>
  <w>?</w>
  <w>Kräv</w>
  <w>arbetsmiljö</w>
  <w>och</w>
  <w>arbetsförhållanden</w>
  <w>som</w>
  <w>gör</w>
  <w>att</w>
  <w>människor</w>
  <w>klarar</w>
  <w>av</w>
  <w>att</w>
  <w>jobba</w>
  <w>kvar</w>
  <w>i</w>
  <w>stället</w>
  <w>för</w>
  <w>att</w>
  <w>man</w>
  <w>hyr</w>
  <w>in</w>
  <w>personal</w>
  <w>som</w>
  <w>är</w>
  <w>många</w>
  <w>gånger</w>
  <w>dyrare</w>
  <w>.</w>
  <w>Och</w>
  <absaspan id=34 senti=4>
    <w>var</w>
    <w>glad</w>
    <w>att</w>
  </absaspan>
  <absaspan id=35>
    <w>det</w>
    <w>har</w>
    <w>kommit</w>
    <w>många</w>
    <w>invandrare</w>
    <w>hit</w>
  </absaspan>
  <w>för</w>
  <w>de</w>
  <w>bär</w>
  <w>stora</w>
  <w>delar</w>
  <w>av</w>
  <w>välfärden</w>
  <w>,</w>
  <absaspan id=36 senti=4>
    <w>utan</w>
  </absaspan>
  <absaspan id=37>
    <w>dem</w>
  </absaspan>
  <absaspan id=38 senti=4>
    <w>skulle</w>
  </absaspan>
  <absaspan id=39 senti=4>
    <w>den</w>
    <w>rasa</w>
    <w>ihop</w>
    <w>totalt</w>
  </absaspan>
  <w>.</w>
</absapar>
<absapar id=8 senti=5>
  <w>När</w>
  <w>det</w>
  <w>sägs</w>
  <w>att</w>
  <w>”</w>
  <w>vi</w>
  <w>har</w>
  <w>inte</w>
  <w>råd</w>
  <w>”</w>
  <w>så</w>
  <w>fundera</w>
  <w>på</w>
  <w>vad</w>
  <absaspan id=40>
    <w>du</w>
  </absaspan>
  <absaspan id=41 senti=4>
    <w>prioriterar</w>
  </absaspan>
  <w>;</w>
  <w>att</w>
  <w>någon</w>
  <w>som</w>
  <w>slipper</w>
  <w>att</w>
  <w>fullt</w>
  <w>ut</w>
  <w>betala</w>
  <w>sin</w>
  <w>städerska</w>
  <w>,</w>
  <w>sin</w>
  <w>hantverkare</w>
  <w>eller</w>
  <w>sin</w>
  <w>anställda</w>
  <w>eller</w>
  <w>någon</w>
  <w>som</w>
  <w>behöver</w>
  <w>hjälpen</w>
  <w>för</w>
  <w>att</w>
  <w>överleva</w>
  <w>–</w>
  <w>inte</w>
  <w>bara</w>
  <w>”</w>
  <w>att</w>
  <w>få</w>
  <w>ihop</w>
  <w>livspusslet</w>
  <w>”</w>
  <w>.</w>
</absapar>
<absapar id=9>
  <w>Vi</w>
  <w>ser</w>
  <w>hur</w>
  <absaspan id=42>
    <w>den</w>
    <w>gynnade</w>
    <w>medelklassen</w>
  </absaspan>
  <w>sitter</w>
  <absaspan id=43 senti=4>
    <w>nöjd</w>
    <w>med</w>
  </absaspan>
  <absaspan id=44>
    <w>hur</w>
    <w>de</w>
    <w>ekonomiskt</w>
    <w>svaga</w>
    <w>grupperna</w>
    <w>lämnas</w>
    <w>att</w>
    <w>slåss</w>
    <w>om</w>
    <w>de</w>
    <w>smulorna</w>
    <w>som</w>
    <w>blir</w>
    <w>över</w>
  </absaspan>
  <w>.</w>
  <w>Det</w>
  <w>är</w>
  <w>inte</w>
  <w>neråt</w>
  <w>det</w>
  <w>ska</w>
  <w>sparkas</w>
  <w>,</w>
  <w>utan</w>
  <w>kraven</w>
  <w>bör</w>
  <w>riktas</w>
  <w>uppåt</w>
  <absaspan id=45 senti=3>
    <w>.</w>
  </absaspan>
</absapar>
<absapar id=10 senti=3>
  <w>Påtala</w>
  <absaspan id=46 senti=1>
    <w>fel</w>
    <w>och</w>
    <w>brister</w>
  </absaspan>
  <w>,</w>
  <w>gör</w>
  <w>det</w>
  <w>ofta</w>
  <w>och</w>
  <w>högljutt</w>
  <w>men</w>
  <w>använd</w>
  <w>inte</w>
  <w>oss</w>
  <w>i</w>
  <w>ekonomiskt</w>
  <w>svaga</w>
  <w>grupper</w>
  <w>som</w>
  <w>slagträ</w>
  <w>i</w>
  <w>den</w>
  <w>debatten</w>
  <absaspan id=47 senti=1>
    <w>.</w>
  </absaspan>
  <w>Ta</w>
  <w>i</w>
  <w>stället</w>
  <w>reda</w>
  <w>på</w>
  <w>vilka</w>
  <w>politiska</w>
  <w>beslut</w>
  <w>som</w>
  <w>resulterat</w>
  <w>i</w>
  <w>vad</w>
  <w>.</w>
  <w>Rikta</w>
  <w>blicken</w>
  <w>mot</w>
  <absaspan id=48>
    <w>dem</w>
    <w>som</w>
  </absaspan>
  <absaspan id=49 senti=5>
    <w>gynnats</w>
    <w>av</w>
  </absaspan>
  <absaspan id=50>
    <w>växande</w>
    <w>klyftor</w>
  </absaspan>
  <w>–</w>
  <w>inte</w>
  <w>mot</w>
  <w>dem</w>
  <w>som</w>
  <w>nu</w>
  <w>flyr</w>
  <w>för</w>
  <w>sina</w>
  <w>liv</w>
  <w>.</w>
  <w>Och</w>
  <w>minns</w>
  <w>att</w>
  <w>Sverige</w>
  <w>aldrig</w>
  <w>varit</w>
  <w>så</w>
  <w>rikt</w>
  <w>som</w>
  <w>nu</w>
  <w>.</w>
  <w>Det</w>
  <w>är</w>
  <absaspan id=51>
    <w>fördelningen</w>
  </absaspan>
  <w>som</w>
  <absaspan id=52 senti=2>
    <w>är</w>
    <w>problemet</w>
  </absaspan>
  <w>,</w>
  <w>inte</w>
  <w>resursbrist</w>
  <w>.</w>
</absapar>
<absapar id=11>
  <w>Lisbeth</w>
  <w>Forsberg</w>
  <w>.</w>
</absapar>
<absapar id=12>
  <w>Carina</w>
  <w>Wellton</w>
  <w>.</w>
</absapar>
<absapar id=13>
  <w>FAKTA</w>
  <w>.</w>
</absapar>
<absapar id=14>
  <w>RERNA</w>
  <w>.</w>
</absapar>
<absapar id=15>
  <w>N</w>
  <w>.</w>
</absapar>
<absapar id=16>
  <w>Streck</w>
  <w>i</w>
  <w>debatten</w>
  <w>.</w>
</absapar>
<absapar id=17>
  <w>Det</w>
  <w>här</w>
  <w>kommentarsfältet</w>
  <w>har</w>
  <w>vi</w>
  <w>stängt</w>
  <w>.</w>
  <absaspan id=53 senti=2>
    <w>Tyvärr</w>
  </absaspan>
  <w>kan</w>
  <w>man</w>
  <w>inte</w>
  <w>läsa</w>
  <w>tidigare</w>
  <w>gjorda</w>
  <w>inlägg</w>
  <w>,</w>
  <w>en</w>
  <w>teknisk</w>
  <w>brist</w>
  <w>vi</w>
  <w>är</w>
  <w>medvetna</w>
  <w>om</w>
  <w>.</w>
  <w>/</w>
  <w>Debattredaktionen</w>
  <w>.</w>
</absapar>
</absadoc>
