<absadoc annotators=1 senti=4>
<absatitle>
  <absaspan id=1 senti=2 target=2>
    <w>Märkligt</w>
    <w>och</w>
    <w>grundlöst</w>
  </absaspan>
  <w>om</w>
  <w>utländska</w>
  <w>läkare</w>
  <absaspan id=2>
    <w>.</w>
  </absaspan>
</absatitle>
<absapar id=1 senti=4>
  <w>Att</w>
  <w>på</w>
  <w>ett</w>
  <w>svepande</w>
  <w>sätt</w>
  <absaspan id=3 senti=2>
    <w>döma</w>
    <w>ut</w>
  </absaspan>
  <w>en</w>
  <w>mycket</w>
  <w>stor</w>
  <w>grupp</w>
  <absaspan id=4 senti=4>
    <w>hårt</w>
    <w>arbetande</w>
  </absaspan>
  <w>,</w>
  <w>och</w>
  <w>i</w>
  <w>vissa</w>
  <w>fall</w>
  <w>mycket</w>
  <w>kompetenta</w>
  <w>,</w>
  <absaspan id=5>
    <w>invandrade</w>
    <w>läkare</w>
  </absaspan>
  <w>väcker</w>
  <w>frågetecken</w>
  <w>om</w>
  <w>avsändargruppens</w>
  <w>omdöme</w>
  <absaspan id=6>
    <w>.</w>
  </absaspan>
  <w>Det</w>
  <w>skriver</w>
  <w>Pernilla</w>
  <w>Hultberg</w>
  <w>och</w>
  <w>Henrik</w>
  <w>Sjövall</w>
  <w>i</w>
  <w>en</w>
  <w>replik</w>
  <w>.</w>
</absapar>
<absapar id=2>
  <w>Det</w>
  <w>är</w>
  <w>vår</w>
  <w>bestämda</w>
  <w>uppfattning</w>
  <w>att</w>
  <w>majoriteten</w>
  <w>av</w>
  <absaspan id=7>
    <w>kompletteringsstudenterna</w>
  </absaspan>
  <w>är</w>
  <absaspan id=8 senti=4>
    <w>väl</w>
    <w>kvalificerade</w>
  </absaspan>
  <w>att</w>
  <w>påbörja</w>
  <w>svensk</w>
  <w>AT</w>
  <w>.</w>
</absapar>
<absapar id=3>
  <w>Det</w>
  <w>här</w>
  <w>är</w>
  <w>en</w>
  <w>argumenterande</w>
  <w>text</w>
  <w>med</w>
  <w>syfte</w>
  <w>att</w>
  <w>påverka</w>
  <w>.</w>
  <w>Åsikterna</w>
  <w>som</w>
  <w>uttrycks</w>
  <w>är</w>
  <w>skribentens</w>
  <w>egna</w>
  <w>.</w>
</absapar>
<absapar id=4>
  <w>Vi</w>
  <w>läser</w>
  <w>på</w>
  <w>SvD</w>
  <w>Debatt</w>
  <w>12</w>
  <w>/</w>
  <w>6</w>
  <w>att</w>
  <absaspan id=9>
    <w>AT-nämnden</w>
  </absaspan>
  <absaspan id=10 senti=2>
    <w>oroar</w>
    <w>sig</w>
    <w>för</w>
  </absaspan>
  <w>att</w>
  <w>allt</w>
  <w>fler</w>
  <absaspan id=11>
    <w>läkare</w>
    <w>med</w>
    <w>utländsk</w>
    <w>utbildning</w>
    <w>underkänns</w>
  </absaspan>
  <w>vid</w>
  <w>den</w>
  <w>så</w>
  <w>kallade</w>
  <w>AT-skrivningen</w>
  <w>som</w>
  <w>utgör</w>
  <w>den</w>
  <w>sista</w>
  <w>kunskapskontrollen</w>
  <w>inför</w>
  <w>svensk</w>
  <w>läkarlegitimation</w>
  <w>.</w>
  <w>Vi</w>
  <w>har</w>
  <w>läst</w>
  <w>om</w>
  <w>detta</w>
  <w>tidigare</w>
  <w>,</w>
  <w>i</w>
  <w>rapport</w>
  <w>publicerad</w>
  <w>i</w>
  <w>läkartidningen</w>
  <w>2008</w>
  <w>(</w>
  <w>LKT</w>
  <w>938</w>
  <w>s</w>
  <w>2356</w>
  <w>)</w>
  <w>.</w>
  <w>Enligt</w>
  <w>den</w>
  <w>nya</w>
  <w>undersökningen</w>
  <w>–</w>
  <w>som</w>
  <w>ännu</w>
  <w>inte</w>
  <w>publicerats</w>
  <w>–</w>
  <w>har</w>
  <w>resultaten</w>
  <w>blivit</w>
  <w>ännu</w>
  <w>något</w>
  <w>sämre</w>
  <w>på</w>
  <w>senare</w>
  <w>år</w>
  <w>.</w>
</absapar>
<absapar id=5 senti=4>
  <absaspan id=12>
    <w>Påståendet</w>
  </absaspan>
  <w>underbyggs</w>
  <w>inte</w>
  <w>av</w>
  <w>några</w>
  <w>konkreta</w>
  <w>siffror</w>
  <w>och</w>
  <absaspan id=13 senti=2>
    <w>kastar</w>
    <w>därigenom</w>
    <w>en</w>
    <w>olustig</w>
    <w>skugga</w>
  </absaspan>
  <w>över</w>
  <w>hela</w>
  <w>gruppen</w>
  <w>invandrade</w>
  <w>läkare</w>
  <w>.</w>
  <w>Det</w>
  <w>nämns</w>
  <w>också</w>
  <w>att</w>
  <w>läkare</w>
  <w>från</w>
  <w>"</w>
  <w>annat</w>
  <w>EU-land</w>
  <w>"</w>
  <w>har</w>
  <w>bättre</w>
  <w>resultat</w>
  <w>.</w>
  <w>Läkare</w>
  <w>från</w>
  <w>annat</w>
  <w>EU-land</w>
  <w>behöver</w>
  <w>överhuvudtaget</w>
  <w>inte</w>
  <w>göra</w>
  <w>AT</w>
  <w>,</w>
  <w>annat</w>
  <w>än</w>
  <w>i</w>
  <w>sällsynta</w>
  <w>undantagsfall</w>
  <w>,</w>
  <w>så</w>
  <w>den</w>
  <w>gruppen</w>
  <w>är</w>
  <w>inte</w>
  <w>stor</w>
  <w>nog</w>
  <w>att</w>
  <w>jämföra</w>
  <w>med</w>
  <w>.</w>
</absapar>
<absapar id=6 senti=4>
  <w>Det</w>
  <w>finns</w>
  <w>två</w>
  <w>vägar</w>
  <w>till</w>
  <w>behörighet</w>
  <w>att</w>
  <w>söka</w>
  <w>AT</w>
  <w>,</w>
  <w>antingen</w>
  <w>via</w>
  <w>ett</w>
  <w>skriftligt</w>
  <w>kunskapsprov</w>
  <w>snarlikt</w>
  <w>det</w>
  <w>som</w>
  <w>utgör</w>
  <w>AT-skrivningen</w>
  <w>i</w>
  <w>kombination</w>
  <w>med</w>
  <w>praktiska</w>
  <w>prov</w>
  <w>,</w>
  <w>eller</w>
  <w>en</w>
  <w>ettårig</w>
  <w>kompletteringsutbildning</w>
  <w>som</w>
  <w>ges</w>
  <w>i</w>
  <w>Stockholm</w>
  <w>,</w>
  <w>Linköping</w>
  <w>och</w>
  <w>Göteborg</w>
  <w>.</w>
  <w>Utbildningen</w>
  <w>innefattar</w>
  <w>både</w>
  <w>teoretiska</w>
  <w>och</w>
  <w>praktiska</w>
  <w>moment</w>
  <w>och</w>
  <w>det</w>
  <w>är</w>
  <absaspan id=14 senti=4>
    <w>vår</w>
    <w>bestämda</w>
    <w>uppfattning</w>
  </absaspan>
  <w>att</w>
  <absaspan id=15>
    <w>majoriteten</w>
    <w>studenter</w>
  </absaspan>
  <w>som</w>
  <w>genomgår</w>
  <w>utbildningen</w>
  <absaspan id=16>
    <w>har</w>
  </absaspan>
  <absaspan id=17>
    <w>kunskaper</w>
    <w>väl</w>
    <w>motsvarande</w>
    <w>svensk</w>
    <w>läkarexamen</w>
  </absaspan>
  <w>.</w>
  <absaspan id=18>
    <w>Många</w>
  </absaspan>
  <absaspan id=19 senti=4>
    <w>är</w>
    <w>bättre</w>
    <w>än</w>
    <w>så</w>
  </absaspan>
  <w>.</w>
  <w>Att</w>
  <w>på</w>
  <w>detta</w>
  <w>svepande</w>
  <w>sätt</w>
  <absaspan id=20 senti=2>
    <w>döma</w>
    <w>ut</w>
  </absaspan>
  <w>en</w>
  <w>mycket</w>
  <w>stor</w>
  <w>grupp</w>
  <absaspan id=21 senti=4>
    <w>hårt</w>
    <w>arbetande</w>
  </absaspan>
  <w>,</w>
  <w>och</w>
  <w>i</w>
  <w>vissa</w>
  <w>fall</w>
  <absaspan id=22 senti=5>
    <w>mycket</w>
    <w>kompetenta</w>
  </absaspan>
  <w>,</w>
  <absaspan id=23>
    <w>invandrade</w>
    <w>läkare</w>
  </absaspan>
  <w>väcker</w>
  <w>frågetecken</w>
  <w>om</w>
  <w>avsändargruppens</w>
  <w>omdöme</w>
  <absaspan id=24>
    <w>.</w>
  </absaspan>
  <w>Stämmer</w>
  <w>det</w>
  <w>de</w>
  <w>säger</w>
  <w>bör</w>
  <w>man</w>
  <w>presentera</w>
  <w>ett</w>
  <w>ordentligt</w>
  <w>faktaunderlag</w>
  <w>med</w>
  <w>siffror</w>
  <w>,</w>
  <w>inkluderande</w>
  <w>tidsförlopp</w>
  <w>och</w>
  <w>uppdelning</w>
  <w>i</w>
  <w>studenter</w>
  <w>som</w>
  <w>har</w>
  <w>respektive</w>
  <w>inte</w>
  <w>har</w>
  <w>gått</w>
  <w>kompletteringsutbildningen</w>
  <w>.</w>
</absapar>
<absapar id=7>
  <w>Det</w>
  <w>är</w>
  <absaspan id=25 senti=4>
    <w>vår</w>
    <w>bestämda</w>
    <w>uppfattning</w>
  </absaspan>
  <w>att</w>
  <absaspan id=26>
    <w>majoriteten</w>
    <w>av</w>
    <w>kompletteringsstudenterna</w>
    <w>är</w>
    <w>väl</w>
    <w>kvalificerade</w>
    <w>att</w>
    <w>påbörja</w>
    <w>svensk</w>
    <w>AT</w>
  </absaspan>
  <w>,</w>
  <w>och</w>
  <w>fungerar</w>
  <w>inte</w>
  <w>detta</w>
  <absaspan id=27 senti=2>
    <w>väcker</w>
    <w>det</w>
    <w>snarast</w>
    <w>frågetecken</w>
  </absaspan>
  <w>kring</w>
  <absaspan id=28>
    <w>kvaliteten</w>
    <w>på</w>
    <w>den</w>
    <w>kliniska</w>
    <w>utbildningen</w>
  </absaspan>
  <w>,</w>
  <w>som</w>
  <w>ju</w>
  <w>i</w>
  <w>nuläget</w>
  <w>helt</w>
  <w>är</w>
  <w>landstingens</w>
  <w>ansvar</w>
  <w>.</w>
</absapar>
<absapar id=8>
  <w>*</w>
  <w>*</w>
  <w>Det</w>
  <w>pågår</w>
  <w>idag</w>
  <w>en</w>
  <w>*</w>
  <w>*</w>
  <w>informell</w>
  <w>dialog</w>
  <w>mellan</w>
  <w>myndigheter</w>
  <w>och</w>
  <w>aktörer</w>
  <w>som</w>
  <w>är</w>
  <w>involverade</w>
  <w>i</w>
  <w>individens</w>
  <w>väg</w>
  <w>mot</w>
  <w>svensk</w>
  <w>legitimation</w>
  <w>,</w>
  <w>såsom</w>
  <w>till</w>
  <w>exempel</w>
  <w>Arbetsförmedlingen</w>
  <w>,</w>
  <w>Socialstyrelsen</w>
  <w>,</w>
  <w>Läkarförbundet</w>
  <w>,</w>
  <w>olika</w>
  <w>utbildningsanordnare</w>
  <w>i</w>
  <w>svenska</w>
  <w>språket</w>
  <w>och</w>
  <w>de</w>
  <w>ansvariga</w>
  <w>för</w>
  <w>de</w>
  <w>Kompletterande</w>
  <w>utbildningarna</w>
  <w>vid</w>
  <w>de</w>
  <w>medverkande</w>
  <w>lärosätena</w>
  <w>.</w>
  <w>De</w>
  <w>sistnämnda</w>
  <w>har</w>
  <w>även</w>
  <w>presenterat</w>
  <w>ett</w>
  <w>förslag</w>
  <w>till</w>
  <w>ansvariga</w>
  <w>tjänstemän</w>
  <w>på</w>
  <w>Utbildnings</w>
  <w>-</w>
  <w>och</w>
  <w>Socialdepartementet</w>
  <w>som</w>
  <w>i</w>
  <w>stort</w>
  <w>sett</w>
  <w>liknar</w>
  <w>det</w>
  <w>som</w>
  <w>Saco</w>
  <w>och</w>
  <w>Läkarförbundet</w>
  <w>presenterade</w>
  <w>i</w>
  <w>artikel</w>
  <w>i</w>
  <w>Sydsvenskan</w>
  <w>10</w>
  <w>/</w>
  <w>6</w>
  <w>.</w>
</absapar>
<absapar id=9>
  <w>Skräddarsydda</w>
  <w>kurser</w>
  <w>i</w>
  <w>ämnen</w>
  <w>som</w>
  <w>intresserar</w>
  <w>och</w>
  <w>engagerar</w>
  <w>både</w>
  <w>kropp</w>
  <w>och</w>
  <w>själ</w>
  <w>.</w>
</absapar>
<absapar id=10>
  <w>Förslaget</w>
  <w>går</w>
  <w>i</w>
  <w>stora</w>
  <w>drag</w>
  <w>ut</w>
  <w>på</w>
  <w>att</w>
  <absaspan id=29>
    <w>vi</w>
  </absaspan>
  <absaspan id=30 senti=4>
    <w>skulle</w>
    <w>önska</w>
  </absaspan>
  <w>:</w>
  <w>.</w>
</absapar>
<absapar id=11>
  <w>.</w>
  <w>•</w>
  <absaspan id=31>
    <w>Större</w>
    <w>statlig</w>
    <w>styrning</w>
    <w>över</w>
    <w>hela</w>
    <w>processen</w>
    <w>så</w>
    <w>att</w>
    <w>det</w>
    <w>blir</w>
    <w>lika</w>
    <w>villkor</w>
    <w>för</w>
    <w>alla</w>
  </absaspan>
  <w>.</w>
  <w>Idag</w>
  <w>finns</w>
  <w>det</w>
  <w>stora</w>
  <w>variationer</w>
  <w>över</w>
  <w>landet</w>
  <w>med</w>
  <w>regionala</w>
  <w>initiativ</w>
  <w>som</w>
  <w>kommer</w>
  <w>och</w>
  <w>går</w>
  <w>.</w>
  <w>Det</w>
  <w>är</w>
  <w>även</w>
  <absaspan id=32>
    <w>många</w>
    <w>myndigheter</w>
    <w>och</w>
    <w>aktörer</w>
    <w>involverade</w>
    <w>i</w>
    <w>processen</w>
  </absaspan>
  <w>vilket</w>
  <w>gör</w>
  <w>det</w>
  <absaspan id=33 senti=2>
    <w>svårnavigerat</w>
  </absaspan>
  <w>för</w>
  <w>individen</w>
  <w>.</w>
</absapar>
<absapar id=12 senti=4>
  <w>.</w>
  <w>•</w>
  <absaspan id=34>
    <w>Bättre</w>
    <w>utbildning</w>
    <w>i</w>
    <w>svenska</w>
  </absaspan>
  <w>.</w>
  <w>Låt</w>
  <w>de</w>
  <w>som</w>
  <w>vill</w>
  <w>börja</w>
  <w>studera</w>
  <w>svenska</w>
  <w>för</w>
  <w>invandrare</w>
  <w>redan</w>
  <w>innan</w>
  <w>de</w>
  <w>har</w>
  <w>fått</w>
  <w>uppehållstillstånd</w>
  <w>.</w>
  <w>Om</w>
  <w>möjligt</w>
  <w>tillsammans</w>
  <w>med</w>
  <w>andra</w>
  <w>akademiker</w>
  <w>.</w>
  <w>Gärna</w>
  <w>med</w>
  <w>bransch</w>
  <w>-</w>
  <w>eller</w>
  <w>yrkesinriktning</w>
  <w>,</w>
  <w>till</w>
  <w>exempel</w>
  <w>sjukvårdssvenska</w>
  <w>för</w>
  <w>läkarna</w>
  <w>.</w>
</absapar>
<absapar id=13>
  <w>.</w>
  <w>•</w>
  <absaspan id=35>
    <w>Kunskapsprov</w>
    <w>för</w>
    <w>alla</w>
  </absaspan>
  <w>–</w>
  <w>som</w>
  <w>en</w>
  <w>del</w>
  <w>i</w>
  <w>valideringen</w>
  <w>av</w>
  <w>de</w>
  <w>medicinska</w>
  <w>kunskaperna</w>
  <w>.</w>
  <w>Därefter</w>
  <w>skulle</w>
  <w>man</w>
  <w>kunna</w>
  <w>besluta</w>
  <w>om</w>
  <w>AT</w>
  <w>,</w>
  <w>kompletterande</w>
  <w>utbildning</w>
  <w>eller</w>
  <w>provtjänstgöring</w>
  <w>.</w>
  <w>Man</w>
  <w>skulle</w>
  <w>då</w>
  <w>ha</w>
  <w>en</w>
  <w>gemensam</w>
  <w>ribba</w>
  <w>för</w>
  <w>alla</w>
  <w>att</w>
  <w>passera</w>
  <w>,</w>
  <w>samt</w>
  <w>därefter</w>
  <w>olika</w>
  <w>individuella</w>
  <w>alternativ</w>
  <w>baserade</w>
  <w>på</w>
  <w>utfallet</w>
  <w>av</w>
  <w>kunskapsprovet</w>
  <w>.</w>
</absapar>
<absapar id=14>
  <w>.</w>
  <w>•</w>
  <absaspan id=36>
    <w>Att</w>
    <w>det</w>
    <w>inrättas</w>
    <w>kortare</w>
    <w>introduktionsutbildningar</w>
  </absaspan>
  <w>bestående</w>
  <w>av</w>
  <w>föreläsningar</w>
  <w>,</w>
  <w>seminarier</w>
  <w>,</w>
  <w>auskultation</w>
  <w>,</w>
  <w>författningskunskap</w>
  <w>,</w>
  <w>sjukvårdssvenska</w>
  <w>etc</w>
  <w>som</w>
  <w>förberedelse</w>
  <w>inför</w>
  <w>det</w>
  <w>medicinska</w>
  <w>kunskapsprovet</w>
  <w>,</w>
  <w>provtjänstgöringen</w>
  <w>eller</w>
  <w>AT</w>
  <w>.</w>
  <w>Förslagsvis</w>
  <w>8</w>
  <w>veckors</w>
  <w>kurs</w>
  <w>.</w>
</absapar>
<absapar id=15>
  <w>.</w>
  <w>•</w>
  <absaspan id=37>
    <w>Att</w>
    <w>i</w>
    <w>de</w>
    <w>fall</w>
    <w>där</w>
    <w>den</w>
    <w>utländske</w>
    <w>(</w>
    <w>specialist</w>
    <w>-</w>
    <w>)</w>
    <w>läkaren</w>
    <w>själv</w>
    <w>ska</w>
    <w>ordna</w>
    <w>praktik</w>
  </absaspan>
  <w>,</w>
  <w>så</w>
  <w>kallad</w>
  <w>provtjänstgöring</w>
  <w>,</w>
  <absaspan id=38 senti=4>
    <w>skulle</w>
    <w>vi</w>
    <w>önska</w>
  </absaspan>
  <w>att</w>
  <absaspan id=39>
    <w>det</w>
    <w>fanns</w>
    <w>en</w>
    <w>funktion</w>
    <w>som</w>
    <w>anvisade</w>
    <w>platser</w>
    <w>över</w>
    <w>landet</w>
  </absaspan>
  <w>,</w>
  <w>samt</w>
  <w>att</w>
  <w>mottagande</w>
  <w>kliniker</w>
  <w>kunde</w>
  <w>ersättas</w>
  <w>för</w>
  <w>handledningsuppdraget</w>
  <w>.</w>
  <w>I</w>
  <w>dag</w>
  <w>är</w>
  <w>det</w>
  <w>upp</w>
  <w>till</w>
  <w>den</w>
  <w>utländske</w>
  <w>specialistläkaren</w>
  <w>att</w>
  <w>själv</w>
  <w>hitta</w>
  <w>en</w>
  <w>klinik</w>
  <w>som</w>
  <w>kan</w>
  <w>ta</w>
  <w>emot</w>
  <w>hen</w>
  <w>under</w>
  <w>handledning</w>
  <w>under</w>
  <w>6</w>
  <w>månader</w>
  <w>,</w>
  <w>utan</w>
  <w>kontakter</w>
  <w>och</w>
  <w>utan</w>
  <w>finansiering</w>
  <w>.</w>
  <absaspan id=40>
    <w>Ett</w>
    <w>system</w>
  </absaspan>
  <w>som</w>
  <absaspan id=41 senti=2>
    <w>inte</w>
    <w>fungerar</w>
  </absaspan>
  <w>.</w>
</absapar>
<absapar id=16 senti=4>
  <absaspan id=42 senti=2>
    <w>Ingen</w>
  </absaspan>
  <w>av</w>
  <w>oss</w>
  <w>som</w>
  <w>möter</w>
  <w>,</w>
  <w>utbildar</w>
  <w>eller</w>
  <w>arbetar</w>
  <w>med</w>
  <w>de</w>
  <w>utländska</w>
  <w>läkarna</w>
  <absaspan id=43 senti=2>
    <w>vill</w>
  </absaspan>
  <absaspan id=44>
    <w>försvåra</w>
    <w>eller</w>
    <w>hindra</w>
    <w>dem</w>
    <w>från</w>
    <w>att</w>
    <w>börja</w>
    <w>arbeta</w>
  </absaspan>
  <w>.</w>
  <w>Men</w>
  <w>vi</w>
  <w>måste</w>
  <w>–</w>
  <w>givetvis</w>
  <w>–</w>
  <w>se</w>
  <w>till</w>
  <w>att</w>
  <w>patientsäkerheten</w>
  <w>upprätthålls</w>
  <w>,</w>
  <w>likväl</w>
  <w>som</w>
  <w>att</w>
  <w>en</w>
  <absaspan id=45>
    <w>läkare</w>
    <w>eller</w>
    <w>sjuksköterska</w>
    <w>utbildad</w>
    <w>i</w>
    <w>Sverige</w>
  </absaspan>
  <w>ska</w>
  <w>kunna</w>
  <absaspan id=46 senti=4>
    <w>lita</w>
    <w>på</w>
  </absaspan>
  <w>att</w>
  <absaspan id=47>
    <w>en</w>
    <w>kollega</w>
    <w>ifrån</w>
    <w>ett</w>
    <w>annat</w>
    <w>land</w>
    <w>har</w>
    <w>likvärdig</w>
    <w>kompetens</w>
    <w>och</w>
    <w>kunskap</w>
  </absaspan>
  <w>.</w>
  <w>Om</w>
  <w>inte</w>
  <w>högre</w>
  <w>.</w>
  <w>Vi</w>
  <w>glömmer</w>
  <w>ofta</w>
  <w>att</w>
  <absaspan id=48>
    <w>personer</w>
    <w>utbildade</w>
    <w>i</w>
    <w>annat</w>
    <w>land</w>
  </absaspan>
  <w>även</w>
  <w>har</w>
  <w>kunskap</w>
  <w>om</w>
  <w>ett</w>
  <w>annat</w>
  <w>lands</w>
  <w>sjukvårdssystem</w>
  <w>samt</w>
  <absaspan id=49 senti=4>
    <w>besitter</w>
    <w>dubbel</w>
    <w>språklig</w>
    <w>och</w>
    <w>kulturell</w>
    <w>kompetens</w>
  </absaspan>
  <w>.</w>
  <w>Patienter</w>
  <w>i</w>
  <w>Sverige</w>
  <w>utgörs</w>
  <w>inte</w>
  <w>enbart</w>
  <w>av</w>
  <w>etniska</w>
  <w>svenskar</w>
  <w>utan</w>
  <w>har</w>
  <w>ofta</w>
  <w>en</w>
  <w>annan</w>
  <w>kulturell</w>
  <w>,</w>
  <w>etnisk</w>
  <w>och</w>
  <w>språklig</w>
  <w>bakgrund</w>
  <w>,</w>
  <w>där</w>
  <w>de</w>
  <absaspan id=50>
    <w>utlandsutbildade</w>
  </absaspan>
  <w>utgör</w>
  <w>en</w>
  <absaspan id=51 senti=4>
    <w>mycket</w>
    <w>värdefull</w>
    <w>tillgång</w>
  </absaspan>
  <w>.</w>
</absapar>
<absapar id=17>
  <absaspan id=52>
    <w>Vi</w>
  </absaspan>
  <absaspan id=53 senti=4>
    <w>välkomnar</w>
  </absaspan>
  <w>en</w>
  <absaspan id=54>
    <w>debatt</w>
    <w>om</w>
    <w>snabba</w>
    <w>vägar</w>
    <w>till</w>
    <w>arbete</w>
    <w>,</w>
    <w>patientsäkerhet</w>
    <w>och</w>
    <w>kvalitetskrav</w>
  </absaspan>
  <w>.</w>
  <w>Vilket</w>
  <w>på</w>
  <w>inget</w>
  <w>sätt</w>
  <w>behöver</w>
  <w>stå</w>
  <w>i</w>
  <w>motsats</w>
  <w>till</w>
  <w>varandra</w>
  <w>.</w>
  <w>Vi</w>
  <w>instämmer</w>
  <w>i</w>
  <absaspan id=55>
    <w>AT-nämndens</w>
  </absaspan>
  <absaspan id=56 senti=4>
    <w>uppmaning</w>
  </absaspan>
  <w>att</w>
  <absaspan id=57>
    <w>regeringen</w>
    <w>bör</w>
    <w>ta</w>
    <w>initiativ</w>
    <w>till</w>
    <w>att</w>
    <w>sjukvårdshuvudmännen</w>
    <w>tillsammans</w>
    <w>med</w>
    <w>universiteten</w>
    <w>förbättrar</w>
    <w>utbildningen</w>
    <w>och</w>
    <w>den</w>
    <w>kliniska</w>
    <w>introduktionen</w>
    <w>av</w>
    <w>läkare</w>
    <w>med</w>
    <w>utländsk</w>
    <w>utbildning</w>
  </absaspan>
  <w>.</w>
</absapar>
<absapar id=18 senti=4>
  <w>Intresserade</w>
  <w>av</w>
  <w>frågan</w>
  <w>är</w>
  <w>välkomna</w>
  <w>till</w>
  <w>vårt</w>
  <w>seminarium</w>
  <w>i</w>
  <w>Almedalen</w>
  <w>2</w>
  <w>/</w>
  <w>7</w>
  <w>med</w>
  <w>rubriken</w>
  <w>:</w>
  <w>"</w>
  <w>100</w>
  <w>-</w>
  <w>tals</w>
  <w>utländska</w>
  <w>läkare</w>
  <w>är</w>
  <w>arbetslösa</w>
  <w>i</w>
  <w>läkarbristens</w>
  <w>Sverige</w>
  <w>.</w>
  <w>Hur</w>
  <w>ska</w>
  <w>vi</w>
  <w>få</w>
  <w>dem</w>
  <w>i</w>
  <w>jobb</w>
  <w>?</w>
  <w>"</w>
  <w>.</w>
</absapar>
<absapar id=19>
  <w>Pernilla</w>
  <w>Hultberg</w>
  <w>.</w>
</absapar>
<absapar id=20>
  <w>samordnare</w>
  <w>för</w>
  <w>kompletterande</w>
  <w>utbildning</w>
  <w>för</w>
  <w>läkare</w>
  <w>,</w>
  <w>sjuksköterskor</w>
  <w>och</w>
  <w>tandläkare</w>
  <w>med</w>
  <w>examen</w>
  <w>från</w>
  <w>länder</w>
  <w>utanför</w>
  <w>EU</w>
  <w>,</w>
  <w>vid</w>
  <w>Sahlgrenska</w>
  <w>akademin</w>
  <w>vid</w>
  <w>Göteborgs</w>
  <w>Universitet</w>
  <w>.</w>
</absapar>
<absapar id=21>
  <w>Henrik</w>
  <w>Sjövall</w>
  <w>.</w>
</absapar>
<absapar id=22>
  <w>professor</w>
  <w>,</w>
  <w>ansvarig</w>
  <w>för</w>
  <w>kompletterande</w>
  <w>utbildning</w>
  <w>för</w>
  <w>utländska</w>
  <w>läkare</w>
  <w>vid</w>
  <w>Sahlgrenska</w>
  <w>akademin</w>
  <w>vid</w>
  <w>Göteborgs</w>
  <w>Universitet</w>
  <w>.</w>
</absapar>
<absapar id=23>
  <w>Redaktör</w>
  <w>:</w>
  <w>Carina</w>
  <w>Stensson</w>
  <w>,</w>
  <w>Biträdande</w>
  <w>redaktör</w>
  <w>:</w>
  <w>Björn</w>
  <w>Jorner</w>
  <w>,</w>
  <w>Mejl</w>
  <w>:</w>
  <w>debatt</w>
  <w>@</w>
  <w>svd.se</w>
  <w>,</w>
  <w>Telefonnummer</w>
  <w>:</w>
  <w>08</w>
  <w>-</w>
  <w>135149</w>
  <w>,</w>
  <w>Twitter</w>
  <w>:</w>
  <w>@</w>
  <w>SvDDebatt</w>
  <w>,</w>
  <w>Facebook</w>
  <w>:</w>
  <w>SvD</w>
  <w>Debatt</w>
  <w>.</w>
</absapar>
</absadoc>
