<absadoc annotators=1 senti=0>
<absatitle>
  <w>Stoppa</w>
  <absaspan id=1 senti=1 target=2>
    <w>hetsen</w>
    <w>mot</w>
  </absaspan>
  <absaspan id=2>
    <w>friskolorna</w>
    <w>.</w>
  </absaspan>
</absatitle>
<absapar id=1>
  <w>Det</w>
  <w>viktigaste</w>
  <w>för</w>
  <w>varje</w>
  <w>förälder</w>
  <w>när</w>
  <w>de</w>
  <w>väljer</w>
  <w>skola</w>
  <w>är</w>
  <w>att</w>
  <w>finna</w>
  <w>en</w>
  <absaspan id=3 senti=4>
    <w>bra</w>
  </absaspan>
  <absaspan id=4>
    <w>skola</w>
  </absaspan>
  <w>till</w>
  <w>sina</w>
  <w>barn</w>
  <w>.</w>
  <absaspan id=5>
    <w>De</w>
  </absaspan>
  <absaspan id=6 senti=3>
    <w>bryr</w>
    <w>sig</w>
    <w>inte</w>
    <w>om</w>
  </absaspan>
  <absaspan id=7>
    <w>vem</w>
    <w>som</w>
    <w>råkar</w>
    <w>vara</w>
    <w>huvudman</w>
    <w>för</w>
    <w>skolan</w>
  </absaspan>
  <w>.</w>
  <w>Ingen</w>
  <w>är</w>
  <w>tvingad</w>
  <w>att</w>
  <w>gå</w>
  <w>i</w>
  <w>en</w>
  <w>friskola</w>
  <w>.</w>
  <w>Alla</w>
  <w>friskolor</w>
  <w>i</w>
  <w>vårt</w>
  <w>land</w>
  <w>är</w>
  <w>ett</w>
  <w>resultat</w>
  <w>av</w>
  <w>aktiva</w>
  <w>val</w>
  <w>från</w>
  <w>föräldrar</w>
  <w>.</w>
  <w>Varje</w>
  <w>friskola</w>
  <w>måste</w>
  <w>,</w>
  <w>till</w>
  <w>skillnad</w>
  <w>från</w>
  <w>kommunala</w>
  <w>skolor</w>
  <w>,</w>
  <w>förtjäna</w>
  <w>sina</w>
  <w>elever</w>
  <w>varje</w>
  <w>dag</w>
  <w>.</w>
</absapar>
<absapar id=2>
  <w>I</w>
  <w>tv</w>
  <w>och</w>
  <w>tidningar</w>
  <w>har</w>
  <w>förekommit</w>
  <w>inslag</w>
  <w>som</w>
  <w>visat</w>
  <w>på</w>
  <absaspan id=8 senti=2>
    <w>brister</w>
  </absaspan>
  <absaspan id=9>
    <w>i</w>
    <w>enstaka</w>
    <w>fristående</w>
    <w>skolor</w>
  </absaspan>
  <absaspan id=10>
    <w>.</w>
  </absaspan>
  <w>Detta</w>
  <w>har</w>
  <w>lett</w>
  <w>till</w>
  <w>berättigad</w>
  <absaspan id=11 senti=2>
    <w>kritik</w>
  </absaspan>
  <w>,</w>
  <w>men</w>
  <w>borde</w>
  <w>inte</w>
  <w>leda</w>
  <w>till</w>
  <absaspan id=12 senti=1>
    <w>hetsjakt</w>
    <w>på</w>
  </absaspan>
  <absaspan id=13>
    <w>andra</w>
    <w>friskolor</w>
  </absaspan>
  <absaspan id=14>
    <w>.</w>
  </absaspan>
</absapar>
<absapar id=3>
  <w>I</w>
  <w>debatten</w>
  <w>framförs</w>
  <w>argumentet</w>
  <w>att</w>
  <absaspan id=15>
    <w>etableringen</w>
    <w>av</w>
    <w>en</w>
    <w>friskola</w>
  </absaspan>
  <absaspan id=16 senti=2>
    <w>urholkar</w>
  </absaspan>
  <absaspan id=17>
    <w>kommunens</w>
    <w>ekonomi</w>
  </absaspan>
  <absaspan id=18>
    <w>.</w>
  </absaspan>
  <w>Kommunala</w>
  <w>företrädare</w>
  <w>målar</w>
  <w>upp</w>
  <w>scenarion</w>
  <w>där</w>
  <w>de</w>
  <w>kommunala</w>
  <w>skolorna</w>
  <w>töms</w>
  <w>på</w>
  <w>elever</w>
  <w>så</w>
  <w>snart</w>
  <w>det</w>
  <w>fristående</w>
  <w>alternativet</w>
  <w>är</w>
  <w>på</w>
  <w>plats</w>
  <w>.</w>
</absapar>
<absapar id=4>
  <w>Det</w>
  <w>är</w>
  <w>i</w>
  <w>den</w>
  <w>här</w>
  <w>debatten</w>
  <w>populärt</w>
  <w>att</w>
  <w>utmåla</w>
  <absaspan id=19>
    <w>den</w>
    <w>fristående</w>
    <w>skolan</w>
  </absaspan>
  <w>som</w>
  <absaspan id=20 senti=2>
    <w>den</w>
    <w>stora</w>
    <w>boven</w>
    <w>i</w>
    <w>sammanhanget</w>
  </absaspan>
  <absaspan id=21>
    <w>.</w>
  </absaspan>
  <absaspan id=22>
    <w>Friskolan</w>
  </absaspan>
  <w>beskrivs</w>
  <w>ofta</w>
  <w>som</w>
  <w>de</w>
  <w>välbeställdas</w>
  <w>elitskolor</w>
  <w>-</w>
  <w>skolor</w>
  <w>som</w>
  <absaspan id=23 senti=2>
    <w>utestänger</w>
    <w>de</w>
    <w>svaga</w>
  </absaspan>
  <w>grupperna</w>
  <w>i</w>
  <w>samhället</w>
  <w>och</w>
  <w>inte</w>
  <w>välkomnar</w>
  <w>barn</w>
  <w>med</w>
  <w>kostsamma</w>
  <w>stödbehov</w>
  <absaspan id=24>
    <w>.</w>
  </absaspan>
</absapar>
<absapar id=5>
  <absaspan id=25>
    <w>Många</w>
  </absaspan>
  <absaspan id=26>
    <w>av</w>
    <w>våra</w>
    <w>kommunalpolitiker</w>
  </absaspan>
  <absaspan id=27 senti=2>
    <w>bekymrar</w>
    <w>sig</w>
    <w>för</w>
  </absaspan>
  <absaspan id=28>
    <w>kostnaden</w>
    <w>för</w>
    <w>de</w>
    <w>"</w>
    <w>tomma</w>
    <w>platser</w>
    <w>"</w>
    <w>som</w>
    <w>uppstår</w>
    <w>när</w>
    <w>barn</w>
    <w>lämnar</w>
    <w>den</w>
    <w>kommunala</w>
    <w>skolan</w>
  </absaspan>
  <w>.</w>
  <w>Någon</w>
  <w>borde</w>
  <w>fråga</w>
  <w>dem</w>
  <w>varför</w>
  <absaspan id=29>
    <w>de</w>
  </absaspan>
  <absaspan id=30 senti=3>
    <w>inte</w>
    <w>verkar</w>
    <w>lika</w>
    <w>bekymrade</w>
    <w>över</w>
  </absaspan>
  <absaspan id=31>
    <w>bakgrunden</w>
    <w>till</w>
    <w>att</w>
    <w>platserna</w>
    <w>blir</w>
    <w>tomma</w>
  </absaspan>
  <w>.</w>
</absapar>
<absapar id=6 senti=3>
  <w>Friskolorna</w>
  <w>får</w>
  <w>i</w>
  <w>dag</w>
  <w>sina</w>
  <w>elever</w>
  <w>från</w>
  <w>en</w>
  <w>allt</w>
  <w>bredare</w>
  <w>rekryteringsbas</w>
  <w>.</w>
  <absaspan id=32>
    <w>En</w>
    <w>högre</w>
    <w>andel</w>
    <w>ensamstående</w>
    <w>föräldrar</w>
  </absaspan>
  <absaspan id=33 senti=4>
    <w>väljer</w>
  </absaspan>
  <absaspan id=34>
    <w>att</w>
    <w>sätta</w>
    <w>sina</w>
    <w>barn</w>
    <w>i</w>
    <w>friskola</w>
  </absaspan>
  <w>.</w>
  <w>Andelen</w>
  <w>barn</w>
  <w>som</w>
  <w>har</w>
  <w>föräldrar</w>
  <w>med</w>
  <w>utländsk</w>
  <w>bakgrund</w>
  <w>är</w>
  <w>också</w>
  <w>större</w>
  <w>i</w>
  <w>friskolor</w>
  <w>(</w>
  <w>och</w>
  <w>inte</w>
  <w>bara</w>
  <w>i</w>
  <w>de</w>
  <w>med</w>
  <w>en</w>
  <w>etnisk</w>
  <w>eller</w>
  <w>konfessionell</w>
  <w>inriktning</w>
  <w>)</w>
  <w>.</w>
  <w>Det</w>
  <w>är</w>
  <w>heller</w>
  <w>ingen</w>
  <w>betydande</w>
  <w>skillnad</w>
  <w>i</w>
  <w>utbildningsbakgrund</w>
  <w>eller</w>
  <w>inkomst</w>
  <w>hos</w>
  <absaspan id=35>
    <w>föräldrar</w>
  </absaspan>
  <w>som</w>
  <absaspan id=36 senti=4>
    <w>har</w>
    <w>valt</w>
  </absaspan>
  <absaspan id=37>
    <w>en</w>
    <w>friskola</w>
  </absaspan>
  <w>jämfört</w>
  <w>med</w>
  <absaspan id=38>
    <w>dem</w>
  </absaspan>
  <w>som</w>
  <absaspan id=39 senti=4>
    <w>har</w>
    <w>valt</w>
  </absaspan>
  <absaspan id=40>
    <w>en</w>
    <w>kommunal</w>
    <w>skola</w>
  </absaspan>
  <w>.</w>
</absapar>
<absapar id=7>
  <w>Vi</w>
  <w>kan</w>
  <w>också</w>
  <w>se</w>
  <w>att</w>
  <w>andelen</w>
  <w>barn</w>
  <w>som</w>
  <w>har</w>
  <w>särskilda</w>
  <w>behov</w>
  <w>ökar</w>
  <w>i</w>
  <w>friskolorna</w>
  <w>.</w>
  <absaspan id=41>
    <w>Många</w>
    <w>friskolor</w>
    <w>är</w>
    <w>små</w>
    <w>och</w>
    <w>har</w>
    <w>en</w>
    <w>speciell</w>
    <w>pedagogik</w>
    <w>,</w>
    <w>något</w>
    <w>som</w>
  </absaspan>
  <absaspan id=42 senti=4>
    <w>passar</w>
  </absaspan>
  <absaspan id=43>
    <w>barn</w>
    <w>som</w>
    <w>behöver</w>
    <w>extra</w>
    <w>stöttning</w>
    <w>under</w>
    <w>skolgången</w>
  </absaspan>
  <w>.</w>
  <w>En</w>
  <w>friare</w>
  <w>pedagogik</w>
  <w>,</w>
  <w>engagerade</w>
  <w>lärare</w>
  <w>och</w>
  <w>fokus</w>
  <w>på</w>
  <w>uppgiften</w>
  <w>betyder</w>
  <w>att</w>
  <absaspan id=44>
    <w>friskolan</w>
  </absaspan>
  <absaspan id=45 senti=4>
    <w>har</w>
    <w>stora</w>
    <w>möjligheter</w>
    <w>att</w>
    <w>lyckas</w>
  </absaspan>
  <w>där</w>
  <w>andra</w>
  <w>misslyckats</w>
  <w>.</w>
</absapar>
<absapar id=8>
  <absaspan id=46>
    <w>Våra</w>
    <w>erfarenheter</w>
  </absaspan>
  <w>visar</w>
  <w>att</w>
  <absaspan id=47>
    <w>friskolan</w>
  </absaspan>
  <absaspan id=48 senti=4>
    <w>tar</w>
    <w>ett</w>
    <w>stort</w>
    <w>ansvar</w>
    <w>och</w>
    <w>lyckas</w>
    <w>bra</w>
  </absaspan>
  <absaspan id=49>
    <w>med</w>
    <w>elever</w>
    <w>med</w>
    <w>olika</w>
    <w>typer</w>
    <w>av</w>
    <w>problem</w>
  </absaspan>
  <w>.</w>
  <w>Det</w>
  <w>må</w>
  <w>vara</w>
  <w>ett</w>
  <w>fysiskt</w>
  <w>funktionshinder</w>
  <w>,</w>
  <w>svårartad</w>
  <w>damp</w>
  <w>,</w>
  <w>psykologiska</w>
  <w>problem</w>
  <w>eller</w>
  <w>något</w>
  <w>annat</w>
  <w>.</w>
  <w>Till</w>
  <w>detta</w>
  <w>kommer</w>
  <w>att</w>
  <w>det</w>
  <w>finns</w>
  <w>och</w>
  <w>planeras</w>
  <w>fristående</w>
  <w>skolor</w>
  <w>för</w>
  <w>barn</w>
  <w>med</w>
  <w>olika</w>
  <w>fysiska</w>
  <w>och</w>
  <w>psykiska</w>
  <w>funktionshinder</w>
  <w>.</w>
</absapar>
<absapar id=9>
  <w>Under</w>
  <w>en</w>
  <w>övergångsperiod</w>
  <w>kan</w>
  <w>det</w>
  <w>kosta</w>
  <w>mer</w>
  <w>för</w>
  <w>kommunen</w>
  <w>att</w>
  <w>en</w>
  <w>friskola</w>
  <w>etablerar</w>
  <w>sig</w>
  <w>.</w>
  <w>Efter</w>
  <w>några</w>
  <w>läsår</w>
  <w>borde</w>
  <w>man</w>
  <w>dock</w>
  <w>ha</w>
  <w>lärt</w>
  <w>sig</w>
  <w>att</w>
  <w>ta</w>
  <w>hänsyn</w>
  <w>till</w>
  <w>även</w>
  <w>denna</w>
  <w>parameter</w>
  <w>och</w>
  <w>låta</w>
  <w>den</w>
  <w>slå</w>
  <w>igenom</w>
  <w>i</w>
  <w>den</w>
  <w>kommunala</w>
  <w>planeringen</w>
  <w>.</w>
</absapar>
<absapar id=10>
  <w>Erfarenheten</w>
  <w>har</w>
  <w>visat</w>
  <w>att</w>
  <w>det</w>
  <w>överhuvudtaget</w>
  <w>verkar</w>
  <w>svårt</w>
  <w>för</w>
  <w>kommunerna</w>
  <w>att</w>
  <w>veta</w>
  <w>vad</w>
  <w>en</w>
  <w>plats</w>
  <w>i</w>
  <w>skolan</w>
  <w>egentligen</w>
  <w>kostar</w>
  <w>.</w>
  <w>Inte</w>
  <w>minst</w>
  <w>när</w>
  <w>man</w>
  <w>ska</w>
  <w>betala</w>
  <w>ersättning</w>
  <w>till</w>
  <w>friskolorna</w>
  <w>.</w>
  <w>Många</w>
  <w>av</w>
  <w>de</w>
  <w>utgifter</w>
  <w>man</w>
  <w>har</w>
  <w>för</w>
  <w>sitt</w>
  <w>skolväsende</w>
  <w>i</w>
  <w>kommunen</w>
  <w>ligger</w>
  <w>på</w>
  <w>helt</w>
  <w>andra</w>
  <w>konton</w>
  <w>.</w>
</absapar>
<absapar id=11>
  <w>Hur</w>
  <w>fördelas</w>
  <w>kommunala</w>
  <w>skolors</w>
  <w>besök</w>
  <w>i</w>
  <w>simhallen</w>
  <w>eller</w>
  <w>stadsbiblioteket</w>
  <w>?</w>
  <w>Väktare</w>
  <w>och</w>
  <w>övervakning</w>
  <w>i</w>
  <w>kommunen</w>
  <w>har</w>
  <w>ofta</w>
  <w>mer</w>
  <w>än</w>
  <w>skolan</w>
  <w>på</w>
  <w>sitt</w>
  <w>uppdrag</w>
  <w>,</w>
  <w>men</w>
  <w>får</w>
  <w>friskolan</w>
  <w>del</w>
  <w>av</w>
  <w>detta</w>
  <w>?</w>
  <w>Inte</w>
  <w>ens</w>
  <w>när</w>
  <w>man</w>
  <w>ska</w>
  <w>räkna</w>
  <w>på</w>
  <w>kostnader</w>
  <w>som</w>
  <w>ligger</w>
  <w>direkt</w>
  <w>på</w>
  <w>skolan</w>
  <w>verkar</w>
  <w>kommunerna</w>
  <w>ha</w>
  <w>det</w>
  <w>så</w>
  <w>enkelt</w>
  <w>.</w>
</absapar>
<absapar id=12>
  <w>En</w>
  <w>förutsättning</w>
  <w>för</w>
  <w>de</w>
  <w>fristående</w>
  <w>skolorna</w>
  <w>är</w>
  <w>att</w>
  <w>deras</w>
  <w>ekonomiska</w>
  <w>förutsättningar</w>
  <w>blir</w>
  <w>så</w>
  <w>lika</w>
  <w>de</w>
  <w>kommunala</w>
  <w>skolornas</w>
  <w>som</w>
  <w>möjligt</w>
  <w>.</w>
  <absaspan id=50>
    <w>Många</w>
  </absaspan>
  <absaspan id=51>
    <w>kommuner</w>
  </absaspan>
  <absaspan id=52>
    <w>utnyttjar</w>
    <w>de</w>
    <w>"</w>
    <w>kryphål</w>
    <w>"</w>
    <w>som</w>
    <w>finns</w>
    <w>,</w>
    <w>och</w>
    <w>de</w>
    <w>fristående</w>
    <w>skolorna</w>
  </absaspan>
  <absaspan id=53 senti=2>
    <w>missgynnas</w>
  </absaspan>
  <absaspan id=54>
    <w>i</w>
    <w>för</w>
    <w>-</w>
    <w>hållande</w>
    <w>till</w>
    <w>de</w>
    <w>kommunala</w>
  </absaspan>
  <w>.</w>
  <absaspan id=55>
    <w>Man</w>
  </absaspan>
  <absaspan id=56 senti=2>
    <w>"</w>
    <w>missar</w>
    <w>"</w>
  </absaspan>
  <absaspan id=57>
    <w>till</w>
    <w>exempel</w>
    <w>att</w>
    <w>ge</w>
    <w>friskolorna</w>
    <w>del</w>
    <w>av</w>
    <w>Wärnerssonpengarna</w>
  </absaspan>
  <w>.</w>
</absapar>
<absapar id=13>
  <w>Friskolan</w>
  <w>ska</w>
  <w>varje</w>
  <w>år</w>
  <w>förhandla</w>
  <w>med</w>
  <w>kommunen</w>
  <w>om</w>
  <w>sitt</w>
  <w>bidrag</w>
  <w>,</w>
  <w>men</w>
  <w>det</w>
  <w>är</w>
  <absaspan id=58>
    <w>en</w>
    <w>förhandling</w>
  </absaspan>
  <absaspan id=59 senti=2>
    <w>med</w>
    <w>inbyggda</w>
    <w>snubbeltrådar</w>
  </absaspan>
  <w>.</w>
  <absaspan id=60>
    <w>Förhandlingen</w>
  </absaspan>
  <absaspan id=61 senti=2>
    <w>försvåras</w>
    <w>och</w>
    <w>kompliceras</w>
  </absaspan>
  <absaspan id=62>
    <w>av</w>
    <w>att</w>
    <w>kommunen</w>
    <w>sitter</w>
    <w>på</w>
    <w>två</w>
    <w>stolar</w>
    <w>samtidigt</w>
    <w>,</w>
    <w>såväl</w>
    <w>finansiär</w>
    <w>som</w>
    <w>konkurrent</w>
    <w>till</w>
    <w>friskolorna</w>
  </absaspan>
  <w>.</w>
</absapar>
<absapar id=14>
  <w>Den</w>
  <w>som</w>
  <w>varit</w>
  <w>lärare</w>
  <w>i</w>
  <w>en</w>
  <w>kommunal</w>
  <w>skola</w>
  <w>vet</w>
  <w>att</w>
  <w>en</w>
  <w>stor</w>
  <w>del</w>
  <w>av</w>
  <w>pengarna</w>
  <w>till</w>
  <w>skolan</w>
  <w>försvinner</w>
  <w>redan</w>
  <w>innan</w>
  <w>de</w>
  <w>når</w>
  <w>dit</w>
  <w>.</w>
  <w>Även</w>
  <w>sedan</w>
  <w>pengarna</w>
  <w>kommit</w>
  <w>ut</w>
  <w>till</w>
  <w>skolan</w>
  <w>är</w>
  <w>användningsmöjligheterna</w>
  <w>begränsade</w>
  <w>.</w>
  <w>I</w>
  <w>en</w>
  <w>fristående</w>
  <w>skola</w>
  <w>är</w>
  <w>manöverutrymmet</w>
  <w>större</w>
  <w>.</w>
  <w>Skolan</w>
  <w>själv</w>
  <w>bestämmer</w>
  <w>vart</w>
  <w>pengarna</w>
  <w>ska</w>
  <w>gå</w>
  <w>,</w>
  <w>och</w>
  <w>de</w>
  <w>som</w>
  <w>arbetar</w>
  <w>i</w>
  <w>de</w>
  <w>fristående</w>
  <w>skolorna</w>
  <w>upplever</w>
  <w>i</w>
  <w>allmänhet</w>
  <w>att</w>
  <w>en</w>
  <w>större</w>
  <w>del</w>
  <w>av</w>
  <w>pengarna</w>
  <w>kommer</w>
  <w>eleverna</w>
  <w>till</w>
  <w>del</w>
  <w>.</w>
</absapar>
<absapar id=15>
  <absaspan id=63>
    <w>På</w>
    <w>våra</w>
    <w>friskolor</w>
  </absaspan>
  <w>ser</w>
  <absaspan id=64>
    <w>vi</w>
  </absaspan>
  <absaspan id=65 senti=4>
    <w>en</w>
    <w>mängd</w>
    <w>positiva</w>
    <w>effekter</w>
  </absaspan>
  <w>,</w>
  <w>som</w>
  <w>är</w>
  <w>goda</w>
  <w>för</w>
  <w>hela</w>
  <w>samhällsekonomin</w>
  <w>och</w>
  <w>som</w>
  <w>visar</w>
  <w>att</w>
  <absaspan id=66>
    <w>friskolorna</w>
  </absaspan>
  <absaspan id=67 senti=4>
    <w>kan</w>
    <w>åstadkomma</w>
    <w>mer</w>
    <w>eller</w>
    <w>minst</w>
    <w>lika</w>
    <w>mycket</w>
  </absaspan>
  <w>för</w>
  <w>samma</w>
  <w>pengar</w>
  <w>.</w>
</absapar>
<absapar id=16>
  <w>Våra</w>
  <w>medlemmar</w>
  <w>rapporterar</w>
  <w>att</w>
  <w>deras</w>
  <w>lärare</w>
  <w>är</w>
  <w>mindre</w>
  <w>sjuka</w>
  <w>än</w>
  <w>de</w>
  <w>var</w>
  <w>när</w>
  <w>de</w>
  <w>arbetade</w>
  <w>i</w>
  <w>den</w>
  <w>kommunala</w>
  <w>skolan</w>
  <w>.</w>
  <w>Sjukskrivningstal</w>
  <w>på</w>
  <w>under</w>
  <w>2</w>
  <w>procent</w>
  <w>är</w>
  <w>inte</w>
  <w>ovanligt</w>
  <w>.</w>
</absapar>
<absapar id=17>
  <w>En</w>
  <w>av</w>
  <w>våra</w>
  <w>större</w>
  <w>friskolor</w>
  <w>i</w>
  <w>norra</w>
  <w>Sverige</w>
  <w>har</w>
  <w>en</w>
  <w>skolpeng</w>
  <w>som</w>
  <w>är</w>
  <w>betydligt</w>
  <w>lägre</w>
  <w>än</w>
  <w>den</w>
  <w>de</w>
  <w>kommunala</w>
  <w>skolorna</w>
  <w>har</w>
  <w>.</w>
  <w>De</w>
  <w>har</w>
  <w>trots</w>
  <w>detta</w>
  <w>de</w>
  <w>bästa</w>
  <w>resultaten</w>
  <w>i</w>
  <w>länet</w>
  <w>och</w>
  <w>de</w>
  <absaspan id=68 senti=5>
    <w>nöjdaste</w>
  </absaspan>
  <absaspan id=69>
    <w>eleverna</w>
  </absaspan>
  <w>.</w>
  <w>Köerna</w>
  <w>för</w>
  <w>att</w>
  <w>få</w>
  <w>gå</w>
  <w>i</w>
  <w>den</w>
  <w>skolan</w>
  <w>är</w>
  <w>långa</w>
  <w>.</w>
</absapar>
<absapar id=18>
  <w>Från</w>
  <w>flera</w>
  <w>av</w>
  <w>våra</w>
  <w>friskolor</w>
  <w>hör</w>
  <w>vi</w>
  <w>hur</w>
  <absaspan id=70>
    <w>barn</w>
    <w>som</w>
    <w>haft</w>
    <w>ett</w>
    <w>omfattande</w>
    <w>stödbehov</w>
    <w>när</w>
    <w>de</w>
    <w>går</w>
    <w>i</w>
    <w>den</w>
    <w>kommunala</w>
    <w>skolan</w>
  </absaspan>
  <w>,</w>
  <absaspan id=71 senti=4>
    <w>mår</w>
    <w>så</w>
    <w>bra</w>
    <w>både</w>
    <w>själsligt</w>
    <w>och</w>
    <w>intellektuellt</w>
    <w>av</w>
  </absaspan>
  <absaspan id=72>
    <w>att</w>
    <w>gå</w>
    <w>i</w>
    <w>friskolan</w>
  </absaspan>
  <w>att</w>
  <w>deras</w>
  <w>stödbehov</w>
  <w>minskar</w>
  <w>dramatiskt</w>
  <w>.</w>
</absapar>
<absapar id=19>
  <w>Den</w>
  <w>allmänna</w>
  <w>debatten</w>
  <w>om</w>
  <w>friskolorna</w>
  <w>behöver</w>
  <w>nyanseras</w>
  <w>.</w>
  <w>Att</w>
  <w>påstå</w>
  <w>att</w>
  <w>friskolorna</w>
  <w>är</w>
  <w>huvudorsaken</w>
  <w>till</w>
  <w>den</w>
  <w>kommunala</w>
  <w>skolans</w>
  <w>ekonomiska</w>
  <w>kris</w>
  <w>stämmer</w>
  <w>inte</w>
  <w>.</w>
  <absaspan id=73>
    <w>Friskolor</w>
  </absaspan>
  <absaspan id=74 senti=5>
    <w>har</w>
    <w>givit</w>
    <w>och</w>
    <w>kommer</w>
    <w>att</w>
    <w>ge</w>
  </absaspan>
  <w>tusentals</w>
  <w>elever</w>
  <absaspan id=75 senti=5>
    <w>de</w>
  </absaspan>
  <absaspan id=76 senti=5>
    <w>bästa</w>
    <w>möjliga</w>
    <w>förutsättningarna</w>
  </absaspan>
  <w>att</w>
  <w>möta</w>
  <w>framtiden</w>
  <w>.</w>
</absapar>
<absapar id=20>
  <w>Tomas</w>
  <w>Johansson</w>
  <w>.</w>
</absapar>
</absadoc>
