<absadoc annotators=1 senti=>
<absatitle>
  <w>Byt</w>
  <w>fiende</w>
  <w>!</w>
</absatitle>
<absapar id=1>
  <absaspan id=1 senti=4>
    <w>Vore</w>
    <w>det</w>
    <w>inte</w>
    <w>bättre</w>
  </absaspan>
  <absaspan id=2>
    <w>att</w>
    <w>ge</w>
    <w>sig</w>
    <w>på</w>
    <w>topparna</w>
    <w>i</w>
    <w>samhället</w>
  </absaspan>
  <w>istället</w>
  <w>för</w>
  <w>att</w>
  <absaspan id=3 senti=2>
    <w>hålla</w>
    <w>på</w>
    <w>och</w>
    <w>tramsa</w>
  </absaspan>
  <w>med</w>
  <w>landets</w>
  <w>500nationella</w>
  <w>?</w>
  <w>.</w>
</absapar>
<absapar id=2>
  <w>Skulle</w>
  <w>det</w>
  <w>startas</w>
  <w>upp</w>
  <w>en</w>
  <w>organisation</w>
  <w>som</w>
  <w>gick</w>
  <w>till</w>
  <w>anfall</w>
  <w>på</w>
  <absaspan id=4>
    <w>giriga</w>
  </absaspan>
  <absaspan id=5>
    <w>direktörer</w>
  </absaspan>
  <absaspan id=6>
    <w>som</w>
  </absaspan>
  <absaspan id=7 senti=2>
    <w>roffar</w>
    <w>åt</w>
    <w>sig</w>
  </absaspan>
  <w>fallskärmar</w>
  <w>och</w>
  <absaspan id=8 senti=2>
    <w>skor</w>
    <w>sig</w>
    <w>på</w>
    <w>vanligt</w>
    <w>folk</w>
  </absaspan>
  <w>skulle</w>
  <w>ni</w>
  <w>få</w>
  <absaspan id=9 senti=4>
    <w>fan</w>
    <w>så</w>
    <w>mycket</w>
    <w>bättre</w>
  </absaspan>
  <absaspan id=10>
    <w>reklam</w>
  </absaspan>
  <w>för</w>
  <w>er</w>
  <w>sak</w>
  <w>.</w>
</absapar>
<absapar id=3>
  <w>Nu</w>
  <w>vet</w>
  <w>ju</w>
  <absaspan id=11 senti=1>
    <w>asen</w>
  </absaspan>
  <w>om</w>
  <w>att</w>
  <w>dom</w>
  <w>sitter</w>
  <w>säkert.Visst</w>
  <w>det</w>
  <w>blir</w>
  <w>lite</w>
  <w>jobbigt</w>
  <w>i</w>
  <w>pressen</w>
  <w>varje</w>
  <w>gång</w>
  <w>dom</w>
  <w>åker</w>
  <w>dit</w>
  <w>,</w>
  <w>men</w>
  <w>dom</w>
  <w>lämnar</w>
  <w>inte</w>
  <w>tillbaks</w>
  <w>en</w>
  <w>spänn</w>
  <w>och</w>
  <w>vet</w>
  <w>att</w>
  <w>svennson</w>
  <w>har</w>
  <w>glömt</w>
  <w>bort</w>
  <w>allt</w>
  <w>efter</w>
  <w>en</w>
  <w>vecka</w>
  <w>.</w>
</absapar>
<absapar id=4>
  <w>Skulle</w>
  <w>det</w>
  <w>däremot</w>
  <w>börja</w>
  <w>komma</w>
  <w>lite</w>
  <w>konkreta</w>
  <w>dödshot</w>
  <w>,</w>
  <w>en</w>
  <w>brevbomb</w>
  <w>,</w>
  <w>kanske</w>
  <w>en</w>
  <w>avslagen</w>
  <w>benpipa</w>
  <w>då</w>
  <w>kanske</w>
  <w>dom</w>
  <absaspan id=12 senti=1>
    <w>giriga</w>
  </absaspan>
  <absaspan id=13 senti=1>
    <w>parasiterna</w>
  </absaspan>
  <absaspan id=14>
    <w>som</w>
  </absaspan>
  <absaspan id=15 senti=2>
    <w>är</w>
    <w>den</w>
    <w>verkliga</w>
    <w>fienden</w>
  </absaspan>
  <w>skulle</w>
  <w>tänka</w>
  <w>sig</w>
  <w>för</w>
  <w>lite</w>
  <w>nogrannare</w>
  <w>nästa</w>
  <w>gång</w>
  <w>dom</w>
  <w>ämnar</w>
  <w>stjäla</w>
  <w>folkets</w>
  <w>pengar</w>
  <w>!</w>
  <w>.</w>
</absapar>
<absapar id=5>
  <w>Makten</w>
  <w>vill</w>
  <w>att</w>
  <w>extremhögern</w>
  <w>och</w>
  <w>vänstern</w>
  <w>skall</w>
  <w>bekämpa</w>
  <w>varann</w>
  <w>så</w>
  <w>att</w>
  <w>dom</w>
  <w>kan</w>
  <w>sko</w>
  <w>sig</w>
  <w>i</w>
  <w>lugn</w>
  <w>och</w>
  <w>ro</w>
  <w>.</w>
</absapar>
</absadoc>
