<absadoc annotators=1 senti=>
<absatitle>
  <w>Turkiets</w>
  <w>makthavare</w>
  <w>jagar</w>
  <w>en</w>
  <w>fredlig</w>
  <w>folkrörelse</w>
  <w>.</w>
</absatitle>
<absapar id=1>
  <absaspan id=1>
    <w>Turkiets</w>
    <w>makthavare</w>
  </absaspan>
  <absaspan id=2 senti=2>
    <w>straffar</w>
  </absaspan>
  <w>hundratusentals</w>
  <w>deltagare</w>
  <w>för</w>
  <w>att</w>
  <w>de</w>
  <w>är</w>
  <w>engagerade</w>
  <w>i</w>
  <w>utbildning</w>
  <w>och</w>
  <w>fred</w>
  <w>.</w>
  <w>Att</w>
  <w>ha</w>
  <w>kopplingar</w>
  <w>till</w>
  <w>Gülenrörelsen</w>
  <w>är</w>
  <w>inget</w>
  <w>brott</w>
  <w>,</w>
  <w>skriver</w>
  <w>idéhistorikern</w>
  <w>Klas</w>
  <w>Grinell</w>
  <w>,</w>
  <w>som</w>
  <w>själv</w>
  <w>har</w>
  <w>kopplingar</w>
  <w>till</w>
  <w>Gülenrörelsen</w>
  <w>,</w>
  <w>i</w>
  <w>en</w>
  <w>replik</w>
  <w>till</w>
  <w>Turkiets</w>
  <w>ambassadör</w>
  <w>.</w>
</absapar>
<absapar id=2>
  <w>I</w>
  <w>måndagens</w>
  <w>Svenska</w>
  <w>Dagbladet</w>
  <w>skriver</w>
  <w>Turkiets</w>
  <w>ambassadör</w>
  <w>Kaya</w>
  <w>Türkmen</w>
  <w>om</w>
  <w>att</w>
  <w>hans</w>
  <w>land</w>
  <w>förväntar</w>
  <w>sig</w>
  <w>solidaritet</w>
  <w>efter</w>
  <w>det</w>
  <w>blodiga</w>
  <w>kuppförsök</w>
  <w>som</w>
  <w>riktats</w>
  <w>mot</w>
  <w>landets</w>
  <w>regering</w>
  <w>och</w>
  <w>parlament</w>
  <w>.</w>
  <w>Han</w>
  <w>har</w>
  <w>fog</w>
  <w>för</w>
  <w>sin</w>
  <w>kritik</w>
  <w>mot</w>
  <w>att</w>
  <w>så</w>
  <w>lite</w>
  <w>medkänsla</w>
  <w>och</w>
  <w>stöd</w>
  <w>har</w>
  <w>uttalats</w>
  <w>efter</w>
  <w>en</w>
  <w>attack</w>
  <w>som</w>
  <w>kostat</w>
  <w>246</w>
  <w>medborgare</w>
  <w>livet</w>
  <w>,</w>
  <w>och</w>
  <w>som</w>
  <w>skadat</w>
  <w>över</w>
  <w>2</w>
  <w>000</w>
  <w>personer</w>
  <w>.</w>
  <w>Varför</w>
  <w>är</w>
  <w>vi</w>
  <w>inte</w>
  <w>mer</w>
  <w>förtvivlade</w>
  <w>över</w>
  <w>turkiska</w>
  <w>medborgares</w>
  <w>död</w>
  <w>i</w>
  <w>ett</w>
  <w>angrepp</w>
  <w>mot</w>
  <w>demokratin</w>
  <w>?</w>
  <w>Varför</w>
  <w>uppskattar</w>
  <w>vi</w>
  <w>inte</w>
  <w>hur</w>
  <w>det</w>
  <absaspan id=3>
    <w>turkiska</w>
    <w>folket</w>
  </absaspan>
  <w>gick</w>
  <w>ut</w>
  <w>på</w>
  <w>gatorna</w>
  <w>och</w>
  <w>med</w>
  <absaspan id=4 senti=4>
    <w>fredliga</w>
    <w>medel</w>
    <w>stoppade</w>
    <w>de</w>
    <w>kuppande</w>
    <w>antidemokratiska</w>
    <w>militärerna</w>
  </absaspan>
  <w>?</w>
  <w>.</w>
</absapar>
<absapar id=3>
  <w>Det</w>
  <w>här</w>
  <w>är</w>
  <w>en</w>
  <w>argumenterande</w>
  <w>text</w>
  <w>med</w>
  <w>syfte</w>
  <w>att</w>
  <w>påverka</w>
  <w>.</w>
  <w>Åsikterna</w>
  <w>som</w>
  <w>uttrycks</w>
  <w>är</w>
  <w>skribentens</w>
  <w>egna</w>
  <w>.</w>
</absapar>
<absapar id=4>
  <w>Men</w>
  <w>,</w>
  <w>den</w>
  <absaspan id=5 senti=2>
    <w>rättmätiga</w>
    <w>besvikelsen</w>
  </absaspan>
  <w>över</w>
  <w>den</w>
  <absaspan id=6>
    <w>internationella</w>
    <w>bristen</w>
    <w>på</w>
    <w>solidaritet</w>
    <w>och</w>
    <w>medkänsla</w>
    <w>med</w>
    <w>kuppförsökets</w>
    <w>offer</w>
  </absaspan>
  <w>är</w>
  <w>inget</w>
  <w>argument</w>
  <w>mot</w>
  <w>den</w>
  <w>lika</w>
  <w>rättmätiga</w>
  <w>kritiken</w>
  <w>mot</w>
  <w>de</w>
  <absaspan id=7 senti=2>
    <w>utrensningar</w>
  </absaspan>
  <w>med</w>
  <w>vilka</w>
  <w>den</w>
  <absaspan id=8>
    <w>turkiska</w>
    <w>staten</w>
  </absaspan>
  <w>svarat</w>
  <w>på</w>
  <w>kuppförsöket</w>
  <w>,</w>
  <w>eller</w>
  <w>den</w>
  <w>acceptans</w>
  <w>för</w>
  <w>dessa</w>
  <w>övergrepp</w>
  <w>som</w>
  <w>alltför</w>
  <w>många</w>
  <w>i</w>
  <w>Turkiet</w>
  <w>nu</w>
  <w>visar</w>
  <w>.</w>
</absapar>
<absapar id=5>
  <w>Enligt</w>
  <w>oberoende</w>
  <w>bedömare</w>
  <w>är</w>
  <w>det</w>
  <w>fortfarande</w>
  <w>inte</w>
  <w>klarlagt</w>
  <w>vilka</w>
  <w>som</w>
  <w>låg</w>
  <w>bakom</w>
  <w>kuppen</w>
  <w>.</w>
  <w>Enligt</w>
  <w>ambassadör</w>
  <w>Türkmen</w>
  <w>var</w>
  <w>det</w>
  <w>"</w>
  <w>Fethullah</w>
  <w>Gülens</w>
  <w>terroristorganisation</w>
  <w>FETÖ</w>
  <w>"</w>
  <w>.</w>
  <w>Finns</w>
  <w>ens</w>
  <w>en</w>
  <w>sådan</w>
  <w>organisation</w>
  <w>?</w>
  <w>Türkmen</w>
  <w>skriver</w>
  <w>att</w>
  <w>FETÖ</w>
  <w>också</w>
  <w>går</w>
  <w>under</w>
  <w>namnet</w>
  <w>Gülenist-rörelsen</w>
  <w>och</w>
  <w>att</w>
  <w>alla</w>
  <w>som</w>
  <w>har</w>
  <w>kopplingar</w>
  <w>till</w>
  <w>den</w>
  <w>skall</w>
  <w>dömas</w>
  <w>.</w>
  <w>Det</w>
  <w>handlar</w>
  <w>alltså</w>
  <w>inte</w>
  <w>bara</w>
  <w>om</w>
  <w>att</w>
  <w>ställa</w>
  <w>deltagarna</w>
  <w>i</w>
  <w>kuppförsöket</w>
  <w>inför</w>
  <w>rätta</w>
  <w>.</w>
  <w>För</w>
  <w>att</w>
  <w>oskadliggöra</w>
  <w>Gülenrörelsen</w>
  <w>har</w>
  <w>över</w>
  <w>80</w>
  <w>000</w>
  <w>offentliganställda</w>
  <w>avskedats</w>
  <w>sedan</w>
  <w>kuppförsöket</w>
  <w>stoppades</w>
  <w>.</w>
  <w>Över</w>
  <w>150</w>
  <w>nyhetsföretag</w>
  <w>,</w>
  <w>1</w>
  <w>200</w>
  <w>föreningar</w>
  <w>,</w>
  <w>1</w>
  <w>000</w>
  <w>skolor</w>
  <w>,</w>
  <w>35</w>
  <w>sjukhus</w>
  <w>och</w>
  <w>15</w>
  <w>universitet</w>
  <w>har</w>
  <w>stängts</w>
  <w>.</w>
  <w>Ingen</w>
  <w>kan</w>
  <w>hävda</w>
  <w>att</w>
  <w>alla</w>
  <w>dessa</w>
  <w>hade</w>
  <w>något</w>
  <w>med</w>
  <w>kuppförsöket</w>
  <w>att</w>
  <w>göra</w>
  <w>.</w>
</absapar>
<absapar id=6>
  <w>Tvärtemot</w>
  <w>vad</w>
  <w>den</w>
  <absaspan id=9>
    <w>turkiska</w>
    <w>statens</w>
  </absaspan>
  <w>representanter</w>
  <w>tror</w>
  <w>är</w>
  <w>inte</w>
  <w>kritiken</w>
  <w>mot</w>
  <w>dessa</w>
  <absaspan id=10 senti=2>
    <w>massutrensningar</w>
  </absaspan>
  <w>och</w>
  <w>de</w>
  <w>övergrepp</w>
  <w>som</w>
  <w>dokumenterats</w>
  <w>ett</w>
  <w>ställningstagande</w>
  <w>i</w>
  <w>skuldfrågan</w>
  <w>.</w>
  <w>Det</w>
  <w>är</w>
  <w>ett</w>
  <w>helt</w>
  <w>enkelt</w>
  <w>ett</w>
  <w>försvar</w>
  <w>för</w>
  <w>principen</w>
  <w>att</w>
  <w>var</w>
  <w>och</w>
  <w>en</w>
  <w>står</w>
  <w>till</w>
  <w>svars</w>
  <w>för</w>
  <w>sina</w>
  <w>egna</w>
  <w>handlingar</w>
  <w>.</w>
</absapar>
<absapar id=7>
  <w>Anklagelsen</w>
  <w>om</w>
  <w>att</w>
  <w>gülenister</w>
  <w>låg</w>
  <w>bakom</w>
  <w>kuppen</w>
  <w>kom</w>
  <w>redan</w>
  <w>i</w>
  <w>det</w>
  <w>allra</w>
  <w>första</w>
  <w>framträdande</w>
  <w>som</w>
  <w>president</w>
  <w>Erdogan</w>
  <w>gjorde</w>
  <w>via</w>
  <w>Facetime</w>
  <w>på</w>
  <w>CNNTürk</w>
  <w>bara</w>
  <w>två</w>
  <w>timmar</w>
  <w>in</w>
  <w>i</w>
  <w>det</w>
  <w>då</w>
  <w>fortfarande</w>
  <w>pågående</w>
  <w>kuppförsöket</w>
  <w>,</w>
  <w>när</w>
  <w>han</w>
  <w>samtidigt</w>
  <w>talade</w>
  <w>om</w>
  <w>hur</w>
  <w>oklar</w>
  <w>situationen</w>
  <w>var</w>
  <w>.</w>
</absapar>
<absapar id=8>
  <absaspan id=11>
    <w>Gülenrörelsen</w>
  </absaspan>
  <w>har</w>
  <w>utpekats</w>
  <w>som</w>
  <w>statens</w>
  <absaspan id=12 senti=1>
    <w>största</w>
    <w>fiende</w>
  </absaspan>
  <w>ända</w>
  <w>sedan</w>
  <w>2013</w>
  <absaspan id=13>
    <w>.</w>
  </absaspan>
  <w>Men</w>
  <w>splittringen</w>
  <w>mellan</w>
  <w>Gülenrörelsen</w>
  <w>och</w>
  <w>AKP</w>
  <w>började</w>
  <w>än</w>
  <w>tidigare</w>
  <w>när</w>
  <w>nyhetsmedier</w>
  <w>kopplade</w>
  <w>till</w>
  <w>rörelsen</w>
  <w>började</w>
  <w>publicera</w>
  <w>kritiska</w>
  <w>analyser</w>
  <w>av</w>
  <absaspan id=14>
    <w>regeringens</w>
  </absaspan>
  <w>alltmer</w>
  <absaspan id=15 senti=2>
    <w>auktoritära</w>
    <w>vändning</w>
  </absaspan>
  <w>.</w>
  <w>Redan</w>
  <w>i</w>
  <w>början</w>
  <w>av</w>
  <w>oktober</w>
  <w>2010</w>
  <w>reflekterade</w>
  <w>den</w>
  <w>oberoende</w>
  <w>journalisten</w>
  <w>Mehmet</w>
  <w>Ali</w>
  <w>Birand</w>
  <w>i</w>
  <w>den</w>
  <w>ledande</w>
  <w>tidningen</w>
  <w>Hürriyet</w>
  <w>över</w>
  <w>hur</w>
  <w>det</w>
  <w>samtidigt</w>
  <w>började</w>
  <w>spridas</w>
  <w>en</w>
  <w>bild</w>
  <w>av</w>
  <w>att</w>
  <w>Gülenrörelsen</w>
  <w>låg</w>
  <w>bakom</w>
  <w>allt</w>
  <w>som</w>
  <w>skedde</w>
  <w>.</w>
  <w>"</w>
  <w>Det</w>
  <absaspan id=16 senti=1>
    <w>skapas</w>
    <w>ett</w>
    <w>monster</w>
  </absaspan>
  <w>byggt</w>
  <w>av</w>
  <w>sagor</w>
  <w>om</w>
  <w>rörelsens</w>
  <w>allomfattande</w>
  <w>makt</w>
  <w>"</w>
  <w>,</w>
  <w>skrev</w>
  <absaspan id=17>
    <w>Birand</w>
    <w>.</w>
  </absaspan>
  <w>Turkiet</w>
  <w>var</w>
  <w>då</w>
  <w>involverat</w>
  <w>i</w>
  <w>två</w>
  <w>stora</w>
  <w>rättegångar</w>
  <w>där</w>
  <w>försvarare</w>
  <w>av</w>
  <w>militärens</w>
  <w>politiska</w>
  <w>inflytande</w>
  <w>dömdes</w>
  <w>till</w>
  <w>långa</w>
  <w>fängelsestraff</w>
  <w>anklagade</w>
  <w>för</w>
  <w>att</w>
  <w>ha</w>
  <w>planerat</w>
  <w>en</w>
  <w>kupp</w>
  <w>.</w>
  <w>Det</w>
  <w>har</w>
  <w>sedan</w>
  <w>framkommit</w>
  <w>att</w>
  <w>många</w>
  <w>åtal</w>
  <w>byggde</w>
  <w>på</w>
  <w>fabricerade</w>
  <w>bevis</w>
  <w>.</w>
  <w>Det</w>
  <w>har</w>
  <w>också</w>
  <w>kommit</w>
  <w>att</w>
  <w>hävdas</w>
  <w>att</w>
  <w>det</w>
  <w>var</w>
  <w>poliser</w>
  <w>,</w>
  <w>åklagare</w>
  <w>och</w>
  <w>domare</w>
  <w>anknutna</w>
  <w>till</w>
  <w>gülenrörelsen</w>
  <w>som</w>
  <w>låg</w>
  <w>bakom</w>
  <w>alla</w>
  <w>oegentligheter.I</w>
  <w>vilken</w>
  <w>grad</w>
  <w>detta</w>
  <w>stämmer</w>
  <w>är</w>
  <w>mycket</w>
  <w>svårt</w>
  <w>att</w>
  <w>få</w>
  <w>klarhet</w>
  <w>i</w>
  <w>.</w>
  <w>Men</w>
  <w>det</w>
  <w>är</w>
  <w>helt</w>
  <w>klart</w>
  <w>att</w>
  <w>AKP</w>
  <w>haft</w>
  <w>allt</w>
  <w>att</w>
  <w>vinna</w>
  <w>på</w>
  <w>att</w>
  <w>stödja</w>
  <w>den</w>
  <w>tesen</w>
  <w>.</w>
</absapar>
<absapar id=9>
  <w>#</w>
  <w>P</w>
  <w>IMM</w>
  <w>.</w>
  <w>2013</w>
  <w>utbröt</w>
  <w>regeringskritiska</w>
  <w>demonstrationer</w>
  <w>runt</w>
  <w>om</w>
  <w>i</w>
  <w>Turkiet</w>
  <w>organiserade</w>
  <w>framför</w>
  <w>allt</w>
  <w>av</w>
  <w>unga</w>
  <w>och</w>
  <w>sekulära</w>
  <w>turkar</w>
  <w>.</w>
  <w>Dessa</w>
  <w>protester</w>
  <absaspan id=18 senti=1>
    <w>slogs</w>
    <w>ner</w>
    <w>hårt</w>
    <w>och</w>
    <w>våldsamt</w>
  </absaspan>
  <w>av</w>
  <absaspan id=19>
    <w>polisen</w>
  </absaspan>
  <w>.</w>
  <w>Enligt</w>
  <w>den</w>
  <w>regeringstrogna</w>
  <w>pressen</w>
  <w>var</w>
  <w>protesterna</w>
  <w>orkestrerade</w>
  <w>av</w>
  <w>utländska</w>
  <w>intressen</w>
  <w>via</w>
  <w>bland</w>
  <w>andra</w>
  <w>predikanten</w>
  <w>Fethullah</w>
  <w>Gülen</w>
  <w>.</w>
  <w>Men</w>
  <w>den</w>
  <w>så</w>
  <w>kallade</w>
  <w>Gezirörelsen</w>
  <w>hade</w>
  <w>en</w>
  <w>helt</w>
  <w>annan</w>
  <w>social</w>
  <w>bas</w>
  <w>än</w>
  <w>Gülenrörelsen</w>
  <w>.</w>
</absapar>
<absapar id=10>
  <w>I</w>
  <w>december</w>
  <w>2013</w>
  <w>anklagades</w>
  <w>Erdogan</w>
  <w>och</w>
  <w>flera</w>
  <w>ministrar</w>
  <w>nära</w>
  <w>honom</w>
  <w>för</w>
  <w>storskalig</w>
  <w>korruption</w>
  <w>.</w>
  <w>Erdogan</w>
  <w>slog</w>
  <w>tillbaka</w>
  <w>och</w>
  <w>menade</w>
  <w>att</w>
  <w>detta</w>
  <w>var</w>
  <w>ett</w>
  <w>försök</w>
  <w>till</w>
  <w>en</w>
  <w>"</w>
  <w>juridisk</w>
  <w>kupp</w>
  <w>"</w>
  <w>,</w>
  <w>orkestrerad</w>
  <w>av</w>
  <w>gülenisterna</w>
  <w>inom</w>
  <w>polis</w>
  <w>och</w>
  <w>domstolsväsende</w>
  <w>.</w>
  <w>Stora</w>
  <w>utrensningar</w>
  <w>sattes</w>
  <w>igång</w>
  <w>och</w>
  <w>retoriken</w>
  <w>mot</w>
  <w>rörelsen</w>
  <w>hårdnade</w>
  <w>alltmer</w>
  <w>.</w>
  <w>De</w>
  <w>anklagades</w>
  <w>för</w>
  <w>att</w>
  <w>ha</w>
  <w>byggt</w>
  <w>upp</w>
  <w>en</w>
  <w>parallell</w>
  <w>stat</w>
  <w>genom</w>
  <w>att</w>
  <w>ha</w>
  <w>"</w>
  <w>infiltrerat</w>
  <w>"</w>
  <w>statliga</w>
  <w>institutioner</w>
  <w>genom</w>
  <w>att</w>
  <w>få</w>
  <w>anställningar</w>
  <w>där</w>
  <w>.</w>
  <w>Några</w>
  <w>av</w>
  <w>de</w>
  <w>epitet</w>
  <absaspan id=20>
    <w>Erdogan</w>
  </absaspan>
  <w>använde</w>
  <w>för</w>
  <absaspan id=21>
    <w>rörelsen</w>
  </absaspan>
  <w>var</w>
  <absaspan id=22 senti=1>
    <w>"</w>
    <w>blodsugande</w>
    <w>virus</w>
    <w>"</w>
    <w>,</w>
    <w>"</w>
    <w>cancer</w>
    <w>"</w>
    <w>och</w>
    <w>"</w>
    <w>vampyrer</w>
    <w>"</w>
  </absaspan>
  <w>som</w>
  <w>skulle</w>
  <w>"</w>
  <w>rensas</w>
  <w>ut</w>
  <w>"</w>
  <w>,</w>
  <absaspan id=23 senti=1>
    <w>"</w>
    <w>upplösas</w>
    <w>i</w>
    <w>sina</w>
    <w>molekyler</w>
    <w>"</w>
    <w>och</w>
    <w>"</w>
    <w>utplånas</w>
    <w>"</w>
  </absaspan>
  <w>.</w>
  <w>Många</w>
  <w>i</w>
  <w>pressen</w>
  <w>gick</w>
  <w>ännu</w>
  <w>längre</w>
  <w>.</w>
  <w>Vartefter</w>
  <w>retoriken</w>
  <w>hårdnade</w>
  <w>breddades</w>
  <w>utrensningarna</w>
  <w>till</w>
  <w>att</w>
  <w>rikta</w>
  <w>sig</w>
  <w>också</w>
  <w>mot</w>
  <w>medier</w>
  <w>,</w>
  <w>journalister</w>
  <w>,</w>
  <w>skolor</w>
  <w>och</w>
  <w>banker</w>
  <w>.</w>
  <w>Under</w>
  <w>2015</w>
  <w>övergick</w>
  <w>regeringsföreträdare</w>
  <w>och</w>
  <w>regeringstrogna</w>
  <w>medier</w>
  <w>från</w>
  <w>att</w>
  <w>kalla</w>
  <w>dem</w>
  <w>för</w>
  <w>"</w>
  <w>den</w>
  <w>parallella</w>
  <w>staten</w>
  <w>"</w>
  <w>till</w>
  <w>den</w>
  <w>nu</w>
  <w>använda</w>
  <w>beteckningen</w>
  <w>FETÖ</w>
  <w>(</w>
  <w>Fethullah</w>
  <w>Gülens</w>
  <w>terroristorganisation</w>
  <w>)</w>
  <w>.</w>
</absapar>
<absapar id=11>
  <w>Eftersom</w>
  <w>regeringen</w>
  <w>lyckats</w>
  <w>få</w>
  <w>de</w>
  <w>eventuella</w>
  <w>bevisen</w>
  <w>kring</w>
  <w>korruptionsanklagelserna</w>
  <w>förstörda</w>
  <w>kan</w>
  <w>vi</w>
  <w>inte</w>
  <w>avgöra</w>
  <w>om</w>
  <w>de</w>
  <w>var</w>
  <w>korrekt</w>
  <w>framställda</w>
  <w>eller</w>
  <w>inte</w>
  <w>.</w>
  <w>Huvudanklagelsen</w>
  <w>var</w>
  <w>att</w>
  <w>gülenister</w>
  <w>ägnat</w>
  <w>sig</w>
  <w>åt</w>
  <w>olaglig</w>
  <w>avlyssning</w>
  <w>för</w>
  <w>att</w>
  <w>få</w>
  <w>fram</w>
  <w>bevis</w>
  <w>.</w>
  <w>Även</w>
  <w>om</w>
  <w>dessa</w>
  <w>anklagelser</w>
  <w>skulle</w>
  <w>vara</w>
  <w>korrekta</w>
  <w>är</w>
  <w>det</w>
  <w>knappast</w>
  <w>att</w>
  <w>klassa</w>
  <w>som</w>
  <w>terrorism</w>
  <w>.</w>
</absapar>
<absapar id=12>
  <w>Vad</w>
  <w>viktigare</w>
  <w>är</w>
  <w>:</w>
  <w>det</w>
  <w>handlar</w>
  <w>om</w>
  <w>vissa</w>
  <w>polisers</w>
  <w>,</w>
  <w>åklagares</w>
  <w>och</w>
  <w>nu</w>
  <w>militärers</w>
  <w>eventuella</w>
  <w>lagbrott</w>
  <w>.</w>
  <w>Det</w>
  <w>finns</w>
  <w>inget</w>
  <w>som</w>
  <w>helst</w>
  <w>som</w>
  <w>tyder</w>
  <w>på</w>
  <w>att</w>
  <w>alla</w>
  <w>de</w>
  <w>hundratusentals</w>
  <w>människor</w>
  <w>som</w>
  <w>arbetat</w>
  <w>inom</w>
  <w>,</w>
  <w>eller</w>
  <w>skänkt</w>
  <w>pengar</w>
  <w>till</w>
  <w>,</w>
  <w>Gülenrörelsens</w>
  <w>skolverksamheter</w>
  <w>,</w>
  <w>välgörenhetsorganisationer</w>
  <w>eller</w>
  <w>religionsdialogföreningar</w>
  <w>skulle</w>
  <w>haft</w>
  <w>någon</w>
  <w>koppling</w>
  <w>till</w>
  <w>detta</w>
  <w>.</w>
  <w>Men</w>
  <w>idag</w>
  <w>är</w>
  <w>de</w>
  <absaspan id=24>
    <w>alla</w>
  </absaspan>
  <w>utnämnda</w>
  <w>till</w>
  <absaspan id=25 senti=1>
    <w>statens</w>
    <w>fiender</w>
    <w>och</w>
    <w>rensas</w>
    <w>ut</w>
  </absaspan>
  <absaspan id=26>
    <w>.</w>
  </absaspan>
</absapar>
<absapar id=13>
  <w>Detta</w>
  <w>har</w>
  <w>ingen</w>
  <w>som</w>
  <w>helst</w>
  <w>grund</w>
  <w>.</w>
  <w>Att</w>
  <w>en</w>
  <w>anklagelse</w>
  <w>uttalats</w>
  <w>hundratals</w>
  <w>gånger</w>
  <w>i</w>
  <w>allt</w>
  <w>hätskare</w>
  <w>ordalag</w>
  <w>gör</w>
  <w>den</w>
  <w>inte</w>
  <w>mer</w>
  <w>sann</w>
  <w>.</w>
  <w>Det</w>
  <w>enda</w>
  <w>som</w>
  <w>kan</w>
  <w>göra</w>
  <w>den</w>
  <w>mer</w>
  <w>sann</w>
  <w>är</w>
  <w>bevis</w>
  <w>.</w>
  <w>I</w>
  <w>söndagens</w>
  <w>USA</w>
  <w>Today</w>
  <w>citeras</w>
  <w>federala</w>
  <w>jurister</w>
  <w>som</w>
  <w>menar</w>
  <w>att</w>
  <w>Turkiet</w>
  <w>inte</w>
  <w>lyckats</w>
  <w>visa</w>
  <w>några</w>
  <w>som</w>
  <w>helst</w>
  <w>bevis</w>
  <w>för</w>
  <w>att</w>
  <w>Gülen</w>
  <w>varit</w>
  <w>inblandad</w>
  <w>i</w>
  <w>kuppförsöket</w>
  <w>.</w>
  <w>En</w>
  <w>rörelse</w>
  <w>med</w>
  <w>hundratusentals</w>
  <w>deltagare</w>
  <w>kan</w>
  <w>inte</w>
  <w>straffas</w>
  <w>för</w>
  <w>vad</w>
  <w>några</w>
  <w>få</w>
  <w>av</w>
  <w>dess</w>
  <w>medlemmar</w>
  <w>anklagas</w>
  <w>för</w>
  <w>att</w>
  <w>ha</w>
  <w>gjort</w>
  <w>.</w>
  <w>De</w>
  <w>som</w>
  <w>brutit</w>
  <w>mot</w>
  <w>lagen</w>
  <w>ska</w>
  <w>självfallet</w>
  <w>ställas</w>
  <w>till</w>
  <w>svars</w>
  <w>.</w>
  <w>Men</w>
  <w>att</w>
  <w>ha</w>
  <w>kopplingar</w>
  <w>till</w>
  <w>Gülenrörelsen</w>
  <w>är</w>
  <w>inget</w>
  <w>brott</w>
  <w>.</w>
</absapar>
<absapar id=14>
  <w>Det</w>
  <w>säger</w>
  <w>jag</w>
  <w>också</w>
  <w>eftersom</w>
  <w>mitt</w>
  <w>långvariga</w>
  <w>forskningsintresse</w>
  <w>för</w>
  <w>Fethullah</w>
  <w>Gülens</w>
  <w>författarskap</w>
  <w>fått</w>
  <w>mig</w>
  <w>att</w>
  <w>känna</w>
  <w>rörelsens</w>
  <w>verksamhet</w>
  <w>i</w>
  <w>Europa</w>
  <w>och</w>
  <w>USA</w>
  <w>ganska</w>
  <w>väl</w>
  <w>.</w>
  <absaspan id=27>
    <w>Jag</w>
  </absaspan>
  <w>är</w>
  <w>dessutom</w>
  <w>sekreterare</w>
  <w>i</w>
  <w>det</w>
  <w>lilla</w>
  <w>Nordiska</w>
  <w>Güleninstitutet</w>
  <w>som</w>
  <w>samlar</w>
  <w>nordiska</w>
  <w>akademiker</w>
  <w>intresserade</w>
  <w>av</w>
  <w>och</w>
  <w>/</w>
  <w>eller</w>
  <w>inspirerade</w>
  <w>av</w>
  <absaspan id=28>
    <w>Gülens</w>
  </absaspan>
  <absaspan id=29 senti=5>
    <w>idéer</w>
    <w>om</w>
    <w>fred</w>
    <w>och</w>
    <w>tolerans</w>
  </absaspan>
  <w>genom</w>
  <w>utbildning</w>
  <w>och</w>
  <w>socialt</w>
  <w>engagemang</w>
  <w>.</w>
  <w>Att</w>
  <w>straffa</w>
  <w>alla</w>
  <w>som</w>
  <w>varit</w>
  <w>inblandade</w>
  <w>i</w>
  <w>Gülenrörelsens</w>
  <w>breda</w>
  <w>sociala</w>
  <w>arbete</w>
  <w>är</w>
  <w>inte</w>
  <w>vägen</w>
  <w>till</w>
  <w>den</w>
  <w>solidaritet</w>
  <w>Turkiet</w>
  <w>förväntar</w>
  <w>sig</w>
  <w>.</w>
</absapar>
<absapar id=15>
  <w>Klas</w>
  <w>Grinell</w>
  <w>.</w>
</absapar>
<absapar id=16>
  <w>docent</w>
  <w>i</w>
  <w>idé</w>
  <w>-</w>
  <w>och</w>
  <w>lärdomshistoria</w>
  <w>vid</w>
  <w>Göteborgs</w>
  <w>universitet</w>
  <w>.</w>
</absapar>
<absapar id=17>
  <w>Redaktör</w>
  <w>:</w>
  <w>Carina</w>
  <w>Stensson</w>
  <w>,</w>
  <w>Biträdande</w>
  <w>redaktör</w>
  <w>:</w>
  <w>Björn</w>
  <w>Jorner</w>
  <w>,</w>
  <w>Mejl</w>
  <w>:</w>
  <w>debatt</w>
  <w>@</w>
  <w>svd.se</w>
  <w>,</w>
  <w>Telefonnummer</w>
  <w>:</w>
  <w>08</w>
  <w>-</w>
  <w>135149</w>
  <w>,</w>
  <w>Twitter</w>
  <w>:</w>
  <w>@</w>
  <w>SvDDebatt</w>
  <w>,</w>
  <w>Facebook</w>
  <w>:</w>
  <w>SvD</w>
  <w>Debatt</w>
  <w>.</w>
</absapar>
</absadoc>
