<absadoc annotators=1 senti=>
<absatitle>
  <w>Ny</w>
  <w>rapport</w>
  <w>om</w>
  <w>somalier</w>
  <w>på</w>
  <w>arbetsmarknaden</w>
  <w>.</w>
</absatitle>
<absapar id=1>
  <w>Det</w>
  <w>mest</w>
  <w>troliga</w>
  <w>är</w>
  <w>väl</w>
  <w>att</w>
  <w>rapporten</w>
  <w>kommer</w>
  <w>fram</w>
  <w>till</w>
  <w>att</w>
  <w>det</w>
  <w>råder</w>
  <w>bostadsbrist</w>
  <w>i</w>
  <w>anslutning</w>
  <w>till</w>
  <w>Esrange</w>
  <w>,</w>
  <w>eller</w>
  <w>?</w>
  <w>.</w>
</absapar>
</absadoc>
