<absadoc annotators=1 senti=0>
<absatitle>
  <absaspan id=1 senti=1 target=2>
    <w>Blir</w>
    <w>knäpp</w>
    <w>av</w>
  </absaspan>
  <absaspan id=2>
    <w>PK-samhället</w>
  </absaspan>
  <w>.</w>
</absatitle>
<absapar id=1>
  <w>Hej</w>
  <w>.</w>
</absapar>
<absapar id=2>
  <w>Ibland</w>
  <w>får</w>
  <w>jag</w>
  <absaspan id=3 senti=2>
    <w>konstiga</w>
  </absaspan>
  <absaspan id=4>
    <w>infall</w>
  </absaspan>
  <w>och</w>
  <w>håller</w>
  <w>nästan</w>
  <w>på</w>
  <w>att</w>
  <w>få</w>
  <w>en</w>
  <w>psykos</w>
  <w>av</w>
  <w>det</w>
  <w>här</w>
  <w>.</w>
</absapar>
<absapar id=3>
  <w>Jag</w>
  <w>vet</w>
  <w>inte</w>
  <w>vad</w>
  <w>man</w>
  <w>kallar</w>
  <w>det</w>
  <w>i</w>
  <w>psykologiska</w>
  <w>termer</w>
  <w>,</w>
  <w>men</w>
  <w>när</w>
  <absaspan id=5>
    <w>man</w>
  </absaspan>
  <w>stretar</w>
  <w>emot</w>
  <w>något</w>
  <w>galet</w>
  <w>och</w>
  <w>faktiskt</w>
  <absaspan id=6 senti=4>
    <w>försöker</w>
    <w>hjälpa</w>
  </absaspan>
  <absaspan id=7>
    <w>folk</w>
  </absaspan>
  <w>men</w>
  <w>dom</w>
  <w>bara</w>
  <w>fortsätter</w>
  <w>på</w>
  <w>sin</w>
  <absaspan id=8 senti=2>
    <w>felaktiga</w>
  </absaspan>
  <absaspan id=9>
    <w>väg</w>
  </absaspan>
  <w>och</w>
  <w>verkar</w>
  <w>ha</w>
  <w>stängt</w>
  <w>ner</w>
  <w>all</w>
  <w>vett</w>
  <w>och</w>
  <w>logik</w>
  <w>.</w>
</absapar>
<absapar id=4>
  <w>Då</w>
  <w>kommer</w>
  <w>en</w>
  <w>tidpunkt</w>
  <w>när</w>
  <absaspan id=10>
    <w>man</w>
  </absaspan>
  <absaspan id=11 senti=1>
    <w>skiter</w>
    <w>i</w>
  </absaspan>
  <absaspan id=12>
    <w>det</w>
  </absaspan>
  <w>och</w>
  <w>liksom</w>
  <w>,</w>
  <w>jaha</w>
  <w>.</w>
</absapar>
<absapar id=5 senti=1>
  <w>Dö</w>
  <w>då</w>
  <absaspan id=13 senti=1>
    <w>era</w>
    <w>jävlar</w>
  </absaspan>
  <w>.</w>
  <w>Ta</w>
  <w>livet</w>
  <w>av</w>
  <absaspan id=14>
    <w>er</w>
    <w>själva</w>
  </absaspan>
  <w>och</w>
  <w>er</w>
  <w>nation</w>
  <w>gör</w>
  <w>det</w>
  <w>då</w>
  <absaspan id=15 senti=1>
    <w>.</w>
  </absaspan>
  <w>Blonda</w>
  <w>barn</w>
  <w>slaktade</w>
  <w>på</w>
  <w>mångfaldens</w>
  <w>altare</w>
  <w>.</w>
  <w>Skapa</w>
  <w>en</w>
  <absaspan id=16 senti=1>
    <w>dålig</w>
  </absaspan>
  <absaspan id=17>
    <w>framtid</w>
  </absaspan>
  <w>för</w>
  <w>era</w>
  <w>barn</w>
  <w>.</w>
  <w>Framtida</w>
  <w>dottern</w>
  <w>kidnappad</w>
  <w>och</w>
  <w>tvångsbortgift</w>
  <w>?</w>
  <w>.</w>
</absapar>
<absapar id=6 senti=2>
  <w>Ni</w>
  <w>kan</w>
  <w>bara</w>
  <w>föreställa</w>
  <w>er</w>
  <w>framtidsscenarion</w>
  <w>i</w>
  <w>nya</w>
  <w>"</w>
  <w>Sverige</w>
  <w>"</w>
  <w>.</w>
</absapar>
<absapar id=7>
  <absaspan id=18>
    <w>Jag</w>
  </absaspan>
  <w>får</w>
  <w>liksom</w>
  <w>,</w>
  <w>snurr</w>
  <w>i</w>
  <w>huvudet</w>
  <w>och</w>
  <w>anammar</w>
  <w>någon</w>
  <w>slafgs</w>
  <w>extrem</w>
  <w>antivit</w>
  <w>personlighet</w>
  <w>i</w>
  <absaspan id=19 senti=2>
    <w>ren</w>
    <w>frustration</w>
    <w>över</w>
  </absaspan>
  <absaspan id=20>
    <w>dessa</w>
    <w>människor</w>
  </absaspan>
  <w>.</w>
</absapar>
<absapar id=8>
  <w>Har</w>
  <w>nästan</w>
  <w>funderat</w>
  <w>på</w>
  <w>att</w>
  <w>gå</w>
  <w>med</w>
  <w>i</w>
  <w>Miljöpartiet</w>
  <w>eller</w>
  <w>något</w>
  <w>och</w>
  <w>bara</w>
  <w>"</w>
  <w>trolla</w>
  <w>"</w>
  <w>.</w>
</absapar>
<absapar id=9>
  <w>In</w>
  <w>liksom</w>
  <w>och</w>
  <w>säga</w>
  <w>att</w>
  <w>alla</w>
  <w>svenskar</w>
  <w>barn</w>
  <w>som</w>
  <w>gamla</w>
  <w>är</w>
  <w>medskyldiga</w>
  <w>till</w>
  <w>slaveriet</w>
  <w>.</w>
  <w>Att</w>
  <w>en</w>
  <w>hämnd</w>
  <w>vore</w>
  <w>på</w>
  <w>sin</w>
  <w>plats</w>
  <w>.</w>
  <w>Att</w>
  <w>vithetsnormen</w>
  <w>är</w>
  <w>det</w>
  <w>stora</w>
  <w>problemet</w>
  <w>.</w>
  <w>Vita</w>
  <w>kan</w>
  <w>inte</w>
  <w>vara</w>
  <w>normen</w>
  <w>någonstans</w>
  <w>på</w>
  <w>planeten</w>
  <w>då</w>
  <w>blir</w>
  <w>det</w>
  <w>rasism</w>
  <w>.</w>
</absapar>
<absapar id=10>
  <w>Sådana</w>
  <w>sjuka</w>
  <w>folkmordstankar</w>
  <w>,</w>
  <w>och</w>
  <w>jag</w>
  <w>är</w>
  <w>övertygad</w>
  <w>om</w>
  <w>att</w>
  <w>jag</w>
  <w>fått</w>
  <w>applåder</w>
  <w>.</w>
</absapar>
<absapar id=11>
  <w>Defeataism</w>
  <w>är</w>
  <w>inte</w>
  <w>rätt</w>
  <w>ord</w>
  <w>men</w>
  <w>.</w>
</absapar>
<absapar id=12>
  <w>Vår</w>
  <w>undergång</w>
  <w>präglar</w>
  <w>mig</w>
  <w>hårt</w>
  <w>psykiskt</w>
  <w>.</w>
</absapar>
</absadoc>
