<absadoc annotators=1 senti=>
<absatitle>
  <w>Moderaterna</w>
  <w>vill</w>
  <w>skapa</w>
  <w>fler</w>
  <w>förvar</w>
  <w>för</w>
  <w>personer</w>
  <w>med</w>
  <w>utvisningsbeslut</w>
  <w>.</w>
</absatitle>
<absapar id=1>
  <w>I</w>
  <w>en</w>
  <w>artikel</w>
  <w>i</w>
  <w>SVD</w>
  <w>tycks</w>
  <w>Johan</w>
  <w>Forssell</w>
  <w>,</w>
  <w>migrationspolitisk</w>
  <w>talesperson</w>
  <w>för</w>
  <w>M</w>
  <w>,</w>
  <w>föreslå</w>
  <w>att</w>
  <w>det</w>
  <w>byggs</w>
  <w>koncentrationsläger</w>
  <w>i</w>
  <w>norr</w>
  <w>.</w>
  <w>För</w>
  <w>att</w>
  <w>,</w>
  <w>som</w>
  <w>han</w>
  <w>skriver</w>
  <w>:</w>
  <w>"</w>
  <w>säkerställa</w>
  <w>att</w>
  <w>personer</w>
  <w>inte</w>
  <w>avviker</w>
  <w>"</w>
  <w>.</w>
</absapar>
<absapar id=2>
  <w>Det</w>
  <absaspan id=1 senti=4>
    <w>vore</w>
    <w>förstås</w>
    <w>inte</w>
    <w>en</w>
    <w>dag</w>
    <w>för</w>
    <w>tidigt</w>
  </absaspan>
  <absaspan id=2>
    <w>.</w>
  </absaspan>
  <w>Men</w>
  <w>samtidigt</w>
  <w>ett</w>
  <w>radikalt</w>
  <w>bryt</w>
  <w>från</w>
  <w>den</w>
  <w>tidigare</w>
  <w>moderata</w>
  <w>linjen</w>
  <w>som</w>
  <w>varit</w>
  <w>tämligen</w>
  <w>tillåtande</w>
  <w>,</w>
  <w>med</w>
  <w>öppna</w>
  <w>hjärtan</w>
  <w>,</w>
  <w>osv</w>
  <w>.</w>
  <w>.</w>
  <w>.</w>
</absapar>
<absapar id=3>
  <w>Ett</w>
  <w>mer</w>
  <w>konspiratoriskt</w>
  <w>betraktelsesätt</w>
  <w>skulle</w>
  <w>kunna</w>
  <w>vara</w>
  <w>att</w>
  <w>betrakta</w>
  <w>detta</w>
  <w>som</w>
  <w>något</w>
  <w>som</w>
  <w>sedan</w>
  <w>länge</w>
  <w>planlagts</w>
  <w>på</w>
  <w>hemliga</w>
  <w>Bilderbergmöten</w>
  <w>.</w>
  <w>Dvs</w>
  <w>att</w>
  <w>den</w>
  <w>"</w>
  <w>låt</w>
  <w>gå-period</w>
  <w>"</w>
  <w>som</w>
  <w>vi</w>
  <w>genomlevt</w>
  <w>ett</w>
  <w>antal</w>
  <w>årtionden</w>
  <w>av</w>
  <w>egentligen</w>
  <w>aldrig</w>
  <w>var</w>
  <w>menad</w>
  <w>att</w>
  <w>vara</w>
  <w>för</w>
  <w>evigt</w>
  <w>,</w>
  <w>utan</w>
  <w>att</w>
  <w>den</w>
  <w>endast</w>
  <w>syftade</w>
  <w>till</w>
  <w>att</w>
  <w>skapa</w>
  <w>ett</w>
  <w>tillfälligt</w>
  <w>kaos</w>
  <w>-</w>
  <w>som</w>
  <w>i</w>
  <w>sin</w>
  <w>tur</w>
  <w>skulle</w>
  <w>framtvinga</w>
  <w>en</w>
  <w>mångkulturell</w>
  <w>nyordning</w>
  <w>,</w>
  <w>och</w>
  <w>att</w>
  <w>tiden</w>
  <w>nu</w>
  <w>är</w>
  <w>kommen</w>
  <w>för</w>
  <w>kaoset</w>
  <w>att</w>
  <w>träda</w>
  <w>tillbaka</w>
  <w>och</w>
  <w>för</w>
  <w>den</w>
  <w>nya</w>
  <w>ordningen</w>
  <w>att</w>
  <w>manifestera</w>
  <w>sig</w>
  <w>.</w>
</absapar>
<absapar id=4>
  <w>Diskussionsunderlag</w>
  <w>:</w>
  <w>.</w>
</absapar>
<absapar id=5>
  <w>Är</w>
  <w>det</w>
  <w>verkligen</w>
  <w>ett</w>
  <w>slags</w>
  <w>moderna</w>
  <w>koncentrationsläger</w>
  <w>som</w>
  <w>föreslås</w>
  <w>av</w>
  <w>(</w>
  <w>M</w>
  <w>)</w>
  <w>?</w>
  <w>.</w>
</absapar>
<absapar id=6>
  <w>Är</w>
  <w>det</w>
  <w>isf</w>
  <w>positivt</w>
  <w>,</w>
  <w>negativt</w>
  <w>eller</w>
  <w>något</w>
  <w>annat</w>
  <w>?</w>
  <w>.</w>
</absapar>
<absapar id=7>
  <w>Kan</w>
  <w>det</w>
  <w>här</w>
  <w>ha</w>
  <w>varit</w>
  <w>planerat</w>
  <w>sedan</w>
  <w>länge</w>
  <w>eller</w>
  <w>är</w>
  <w>det</w>
  <w>foliehatt</w>
  <w>?</w>
  <w>.</w>
</absapar>
</absadoc>
