<absadoc annotators=1 senti=>
<absatitle>
  <w>En</w>
  <w>borgerlig</w>
  <w>valallians</w>
  <w>skulle</w>
  <w>vara</w>
  <w>fullt</w>
  <w>laglig</w>
  <w>.</w>
</absatitle>
<absapar id=1>
  <absaspan id=1>
    <w>Förslaget</w>
    <w>om</w>
    <w>valteknisk</w>
    <w>samverkan</w>
  </absaspan>
  <w>må</w>
  <absaspan id=2 senti=2>
    <w>förarga</w>
  </absaspan>
  <absaspan id=3>
    <w>socialdemokrater</w>
  </absaspan>
  <w>men</w>
  <w>är</w>
  <w>inte</w>
  <w>bara</w>
  <w>fullt</w>
  <w>lagligt</w>
  <w>utan</w>
  <w>också</w>
  <w>tekniskt</w>
  <w>mycket</w>
  <w>enkelt</w>
  <w>att</w>
  <w>genomföra</w>
  <w>.</w>
  <w>Det</w>
  <w>skriver</w>
  <w>tidigare</w>
  <w>statssekreteraren</w>
  <w>Krister</w>
  <w>Thelin</w>
  <w>i</w>
  <w>en</w>
  <w>replik</w>
  <w>.</w>
</absapar>
<absapar id=2>
  <w>I</w>
  <w>replik</w>
  <w>på</w>
  <w>Carl</w>
  <w>B</w>
  <w>Hamiltons</w>
  <w>förslag</w>
  <w>om</w>
  <w>valallians</w>
  <w>har</w>
  <w>såväl</w>
  <absaspan id=4>
    <w>Hellström</w>
  </absaspan>
  <w>som</w>
  <absaspan id=5>
    <w>Ruin</w>
  </absaspan>
  <absaspan id=6 senti=2>
    <w>ifrågasatt</w>
  </absaspan>
  <absaspan id=7>
    <w>det</w>
    <w>lagliga</w>
    <w>i</w>
    <w>förslaget</w>
  </absaspan>
  <w>.</w>
  <w>Hamilton</w>
  <w>kan</w>
  <w>svara</w>
  <w>för</w>
  <w>sig</w>
  <w>,</w>
  <w>men</w>
  <w>då</w>
  <w>jag</w>
  <w>vilket</w>
  <w>Hellström</w>
  <w>noterat</w>
  <w>står</w>
  <w>bakom</w>
  <w>liknande</w>
  <w>förslag</w>
  <w>,</w>
  <w>dels</w>
  <w>i</w>
  <w>denna</w>
  <w>debattartikel</w>
  <w>,</w>
  <w>dels</w>
  <w>i</w>
  <w>ett</w>
  <w>gästinlägg</w>
  <w>på</w>
  <w>SvD</w>
  <w>Ledare</w>
  <w>,</w>
  <w>vill</w>
  <w>jag</w>
  <w>upplysa</w>
  <w>om</w>
  <w>följande</w>
  <w>.</w>
</absapar>
<absapar id=3>
  <w>Det</w>
  <w>här</w>
  <w>är</w>
  <w>en</w>
  <w>argumenterande</w>
  <w>text</w>
  <w>med</w>
  <w>syfte</w>
  <w>att</w>
  <w>påverka</w>
  <w>.</w>
  <w>Åsikterna</w>
  <w>som</w>
  <w>uttrycks</w>
  <w>är</w>
  <w>skribentens</w>
  <w>egna</w>
  <w>.</w>
</absapar>
<absapar id=4>
  <w>Vallagen</w>
  <w>gör</w>
  <w>det</w>
  <w>medvetet</w>
  <w>lätt</w>
  <w>att</w>
  <w>bilda</w>
  <w>ett</w>
  <w>nytt</w>
  <w>parti</w>
  <w>:</w>
  <w>det</w>
  <w>krävs</w>
  <w>enbart</w>
  <w>att</w>
  <w>en</w>
  <w>partibeteckning</w>
  <w>anmäls</w>
  <w>till</w>
  <w>valmyndigheten</w>
  <w>och</w>
  <w>fullföljs</w>
  <w>med</w>
  <w>ett</w>
  <w>antal</w>
  <w>underskrifter</w>
  <w>.</w>
  <w>Ett</w>
  <w>parti</w>
  <w>är</w>
  <w>i</w>
  <w>egenskap</w>
  <w>av</w>
  <w>ideell</w>
  <w>förening</w>
  <w>en</w>
  <w>juridisk</w>
  <w>person</w>
  <w>.</w>
  <w>I</w>
  <w>Sverige</w>
  <w>finns</w>
  <w>ingen</w>
  <w>lag</w>
  <w>om</w>
  <w>ideella</w>
  <w>föreningar</w>
  <w>;</w>
  <w>skälet</w>
  <w>till</w>
  <w>detta</w>
  <w>är</w>
  <w>att</w>
  <w>S</w>
  <w>alltid</w>
  <w>motsatt</w>
  <w>sig</w>
  <w>sådan</w>
  <w>,</w>
  <w>då</w>
  <w>en</w>
  <w>sådan</w>
  <w>lag</w>
  <w>skulle</w>
  <w>omfatta</w>
  <w>också</w>
  <w>fackföreningar</w>
  <w>(</w>
  <w>och</w>
  <w>kunna</w>
  <w>innefatta</w>
  <w>regler</w>
  <w>om</w>
  <w>minoritetsskydd</w>
  <w>och</w>
  <w>dylikt</w>
  <w>)</w>
  <w>.</w>
  <w>I</w>
  <w>praxis</w>
  <w>räcker</w>
  <w>det</w>
  <w>således</w>
  <w>med</w>
  <w>att</w>
  <w>det</w>
  <w>finns</w>
  <w>stadgar</w>
  <w>och</w>
  <w>en</w>
  <w>styrelse</w>
  <w>för</w>
  <w>att</w>
  <w>skapa</w>
  <w>en</w>
  <w>ideell</w>
  <w>förening</w>
  <w>och</w>
  <w>ett</w>
  <w>rättssubjekt</w>
  <w>.</w>
</absapar>
<absapar id=5>
  <w>Om</w>
  <w>alla</w>
  <w>eller</w>
  <w>ett</w>
  <w>par</w>
  <w>av</w>
  <w>de</w>
  <w>i</w>
  <w>Alliansen</w>
  <w>ingående</w>
  <w>partierna</w>
  <w>beslutar</w>
  <w>sig</w>
  <w>för</w>
  <w>att</w>
  <w>bilda</w>
  <w>ett</w>
  <w>nytt</w>
  <w>parti</w>
  <w>,</w>
  <w>Allians</w>
  <w>för</w>
  <w>Sverige</w>
  <w>,</w>
  <w>är</w>
  <w>det</w>
  <w>alltså</w>
  <w>inte</w>
  <w>bara</w>
  <w>fullt</w>
  <w>lagligt</w>
  <w>utan</w>
  <w>också</w>
  <w>tekniskt</w>
  <w>mycket</w>
  <w>enkelt</w>
  <w>.</w>
</absapar>
<absapar id=6>
  <w>Det</w>
  <w>kräver</w>
  <w>varken</w>
  <w>organisatoriska</w>
  <w>samgåenden</w>
  <w>eller</w>
  <w>att</w>
  <w>de</w>
  <w>gamla</w>
  <w>partierna</w>
  <w>upplöses</w>
  <w>.</w>
  <w>Ett</w>
  <w>sådant</w>
  <w>nytt</w>
  <w>parti</w>
  <w>i</w>
  <w>riksdagsvalet</w>
  <w>,</w>
  <w>kan</w>
  <w>förstås</w>
  <w>gå</w>
  <w>fram</w>
  <w>med</w>
  <w>olika</w>
  <w>listor</w>
  <w>som</w>
  <w>speglar</w>
  <w>de</w>
  <w>ingående</w>
  <w>partierna</w>
  <w>under</w>
  <w>ett</w>
  <w>nytt</w>
  <w>bildat</w>
  <w>paraply</w>
  <w>.</w>
  <w>Redan</w>
  <w>i</w>
  <w>dag</w>
  <w>kan</w>
  <w>ju</w>
  <w>ett</w>
  <w>parti</w>
  <w>gå</w>
  <w>fram</w>
  <w>med</w>
  <w>skilda</w>
  <w>listor</w>
  <w>för</w>
  <w>att</w>
  <w>spegla</w>
  <w>ungdom</w>
  <w>eller</w>
  <w>kvinnorepresentation</w>
  <w>.</w>
</absapar>
<absapar id=7>
  <w>Mandatfördelningen</w>
  <w>speglar</w>
  <w>det</w>
  <w>val</w>
  <w>mellan</w>
  <w>listor</w>
  <w>som</w>
  <w>väljarna</w>
  <w>gjort</w>
  <w>.</w>
  <w>Och</w>
  <w>i</w>
  <w>riksdagen</w>
  <w>finns</w>
  <w>sedan</w>
  <w>bara</w>
  <w>Allians</w>
  <w>för</w>
  <w>Sverige</w>
  <w>med</w>
  <w>de</w>
  <w>konsekvenser</w>
  <w>för</w>
  <w>representation</w>
  <w>och</w>
  <w>statsbidrag</w>
  <w>detta</w>
  <w>medför</w>
  <w>.</w>
</absapar>
<absapar id=8>
  <w>Som</w>
  <w>redan</w>
  <w>framkommit</w>
  <absaspan id=8 senti=2>
    <w>har</w>
  </absaspan>
  <absaspan id=9>
    <w>S</w>
  </absaspan>
  <absaspan id=10 senti=2>
    <w>motsatt</w>
  </absaspan>
  <absaspan id=11 senti=2>
    <w>sig</w>
  </absaspan>
  <absaspan id=12>
    <w>att</w>
    <w>vi</w>
    <w>i</w>
    <w>Sverige</w>
    <w>har</w>
    <w>valkarteller</w>
  </absaspan>
  <w>,</w>
  <w>det</w>
  <w>vill</w>
  <w>säga</w>
  <w>att</w>
  <w>partier</w>
  <w>före</w>
  <w>val</w>
  <w>går</w>
  <w>samman</w>
  <w>och</w>
  <w>sedan</w>
  <w>delar</w>
  <w>på</w>
  <w>mandaten</w>
  <w>.</w>
  <absaspan id=13 senti=2>
    <w>Motståndet</w>
    <w>beror</w>
  </absaspan>
  <w>förstås</w>
  <absaspan id=14 senti=2>
    <w>på</w>
  </absaspan>
  <absaspan id=15>
    <w>en</w>
    <w>önskan</w>
    <w>att</w>
    <w>,</w>
    <w>så</w>
    <w>långt</w>
    <w>möjligt</w>
    <w>,</w>
    <w>bevara</w>
    <w>borgerlig</w>
    <w>splittring</w>
  </absaspan>
  <w>.</w>
  <w>Visst</w>
  <w>,</w>
  <absaspan id=16>
    <w>bildande</w>
  </absaspan>
  <absaspan id=17>
    <w>av</w>
    <w>ett</w>
    <w>nytt</w>
    <w>borgerligt</w>
    <w>parti</w>
  </absaspan>
  <w>,</w>
  <w>som</w>
  <w>föreslagits</w>
  <w>,</w>
  <w>får</w>
  <w>i</w>
  <w>praktiken</w>
  <w>samma</w>
  <w>effekt</w>
  <w>som</w>
  <w>en</w>
  <w>valkartell</w>
  <w>.</w>
  <absaspan id=18>
    <w>Det</w>
  </absaspan>
  <w>må</w>
  <absaspan id=19 senti=2>
    <w>förarga</w>
  </absaspan>
  <absaspan id=20>
    <w>socialdemokrater</w>
  </absaspan>
  <w>men</w>
  <w>är</w>
  <w>alltså</w>
  <w>varken</w>
  <w>"</w>
  <w>olagligt</w>
  <w>"</w>
  <w>eller</w>
  <w>,</w>
  <w>för</w>
  <w>att</w>
  <w>tala</w>
  <w>med</w>
  <w>Ruin</w>
  <w>,</w>
  <w>"</w>
  <w>strider</w>
  <w>mot</w>
  <w>det</w>
  <w>konstitutionella</w>
  <w>ramverk</w>
  <w>(</w>
  <w>et</w>
  <w>)</w>
  <w>"</w>
  <w>.</w>
</absapar>
<absapar id=9>
  <w>SvD</w>
  <w>:</w>
  <w>s</w>
  <w>NYHETSBREV</w>
  <w>VALET</w>
  <w>2018</w>
  <w>–</w>
  <w>veckans</w>
  <w>viktigaste</w>
  <w>fördjupningar</w>
  <w>och</w>
  <w>granskningar</w>
  <w>.</w>
</absapar>
<absapar id=10>
  <w>Krister</w>
  <w>Thelinfd</w>
  <w>statssekreterare</w>
  <w>(</w>
  <w>M</w>
  <w>)</w>
  <w>och</w>
  <w>fd</w>
  <w>domare</w>
  <w>.</w>
</absapar>
<absapar id=11>
  <w>Redaktör</w>
  <w>:</w>
  <w>Carina</w>
  <w>Stensson</w>
  <w>,</w>
  <w>Biträdande</w>
  <w>redaktör</w>
  <w>:</w>
  <w>Björn</w>
  <w>Jorner</w>
  <w>,</w>
  <w>Mejl</w>
  <w>:</w>
  <w>debatt</w>
  <w>@</w>
  <w>svd.se</w>
  <w>,</w>
  <w>Telefonnummer</w>
  <w>:</w>
  <w>08</w>
  <w>-</w>
  <w>135149</w>
  <w>,</w>
  <w>Twitter</w>
  <w>:</w>
  <w>@</w>
  <w>SvDDebatt</w>
  <w>,</w>
  <w>Facebook</w>
  <w>:</w>
  <w>SvD</w>
  <w>Debatt</w>
  <w>.</w>
</absapar>
</absadoc>
