<absadoc annotators=1 senti=4>
<absatitle>
  <w>Franco</w>
  <w>är</w>
  <w>säker</w>
  <w>–</w>
  <w>han</w>
  <w>blir</w>
  <w>dödad</w>
  <w>i</w>
  <w>Nigeria</w>
  <w>.</w>
</absatitle>
<absapar id=1>
  <w>#</w>
  <w>P</w>
  <absaspan id=1 senti=3>
    <w>IMM</w>
  </absaspan>
  <w>.</w>
  <w>”</w>
  <w>Magnus</w>
  <w>,</w>
  <w>du</w>
  <w>måste</w>
  <w>hjälpa</w>
  <w>mig</w>
  <w>.</w>
  <w>Det</w>
  <w>gäller</w>
  <w>mitt</w>
  <w>liv</w>
  <w>.</w>
  <w>De</w>
  <w>kommer</w>
  <w>att</w>
  <w>döda</w>
  <w>mig</w>
  <w>.</w>
  <w>Jag</w>
  <w>kommer</w>
  <w>att</w>
  <w>dö</w>
  <w>om</w>
  <w>jag</w>
  <w>måste</w>
  <w>åka</w>
  <w>tillbaks</w>
  <w>till</w>
  <w>Nigeria</w>
  <w>.</w>
  <w>”</w>
  <w>.</w>
</absapar>
<absapar id=2 senti=3>
  <w>Orden</w>
  <w>är</w>
  <w>Francos</w>
  <w>,</w>
  <w>en</w>
  <w>18</w>
  <w>år</w>
  <w>ung</w>
  <w>homosexuell</w>
  <w>man</w>
  <w>från</w>
  <w>Nigeria</w>
  <w>som</w>
  <w>precis</w>
  <w>fått</w>
  <w>avslag</w>
  <w>på</w>
  <w>sin</w>
  <w>asylansökan</w>
  <w>från</w>
  <w>Migrationsdomstolen</w>
  <w>.</w>
  <w>Han</w>
  <w>sitter</w>
  <w>gråtandes</w>
  <w>och</w>
  <w>skakandes</w>
  <w>på</w>
  <w>mitt</w>
  <w>kontor</w>
  <w>och</w>
  <w>har</w>
  <w>svårt</w>
  <w>att</w>
  <w>förstå</w>
  <w>vad</w>
  <w>som</w>
  <w>händer</w>
  <w>honom</w>
  <w>och</w>
  <w>varför</w>
  <w>det</w>
  <w>händer</w>
  <w>.</w>
</absapar>
<absapar id=3 senti=4>
  <w>När</w>
  <w>han</w>
  <w>var</w>
  <w>14</w>
  <w>år</w>
  <w>gammal</w>
  <w>fördes</w>
  <w>han</w>
  <w>bort</w>
  <w>till</w>
  <w>Indien</w>
  <w>med</w>
  <w>löfte</w>
  <w>om</w>
  <w>en</w>
  <w>fotbollskarriär</w>
  <w>.</w>
  <w>Ganska</w>
  <w>snart</w>
  <w>visade</w>
  <w>det</w>
  <w>sig</w>
  <w>dock</w>
  <w>att</w>
  <w>han</w>
  <w>blivit</w>
  <w>såld</w>
  <w>som</w>
  <w>slav</w>
  <w>för</w>
  <w>att</w>
  <w>spela</w>
  <w>fotboll</w>
  <w>.</w>
  <w>Varken</w>
  <w>han</w>
  <w>eller</w>
  <w>hans</w>
  <w>familj</w>
  <w>fick</w>
  <w>de</w>
  <w>utlovade</w>
  <w>pengarna</w>
  <w>och</w>
  <w>flera</w>
  <w>vänner</w>
  <w>som</w>
  <w>förts</w>
  <w>från</w>
  <w>Nigeria</w>
  <w>tillsammans</w>
  <w>med</w>
  <w>honom</w>
  <w>dog</w>
  <w>på</w>
  <w>grund</w>
  <w>av</w>
  <w>de</w>
  <absaspan id=2 senti=2>
    <w>svåra</w>
  </absaspan>
  <absaspan id=3>
    <w>förhållandena</w>
  </absaspan>
  <w>de</w>
  <w>levde</w>
  <w>under</w>
  <w>i</w>
  <w>fotbollsklubbarna</w>
  <w>.</w>
  <w>Efter</w>
  <w>två</w>
  <w>och</w>
  <w>ett</w>
  <w>halvt</w>
  <w>år</w>
  <w>i</w>
  <w>Indien</w>
  <w>lyckades</w>
  <w>han</w>
  <w>tillsammans</w>
  <w>med</w>
  <w>sin</w>
  <w>pojkvän</w>
  <w>att</w>
  <w>fly</w>
  <w>tillbaks</w>
  <w>till</w>
  <w>Nigeria</w>
  <w>.</w>
  <w>I</w>
  <w>Migrationsdomstolens</w>
  <w>dom</w>
  <w>sammanfattas</w>
  <w>tiden</w>
  <w>i</w>
  <w>slaveri</w>
  <w>med</w>
  <w>orden</w>
  <w>:</w>
  <w>”</w>
  <w>Migrationsdomstolen</w>
  <w>finner</w>
  <w>ingen</w>
  <w>anledning</w>
  <w>att</w>
  <w>ifrågasätta</w>
  <w>hans</w>
  <w>uppgifter</w>
  <w>om</w>
  <w>att</w>
  <w>han</w>
  <w>spelat</w>
  <w>fotboll</w>
  <w>”</w>
  <w>.</w>
</absapar>
<absapar id=4 senti=3>
  <w>Väl</w>
  <w>hemma</w>
  <w>i</w>
  <w>Nigeria</w>
  <w>blev</w>
  <w>Franco</w>
  <w>och</w>
  <w>hans</w>
  <w>pojkvän</w>
  <w>påkomna</w>
  <w>av</w>
  <w>en</w>
  <w>granne</w>
  <w>som</w>
  <w>tittade</w>
  <w>in</w>
  <w>genom</w>
  <w>fönstret</w>
  <w>när</w>
  <w>de</w>
  <w>hade</w>
  <w>sex</w>
  <w>.</w>
  <w>Grannen</w>
  <w>ropade</w>
  <w>och</w>
  <w>samlade</w>
  <w>snabbt</w>
  <w>ihop</w>
  <w>in</w>
  <w>folkmobb</w>
  <w>som</w>
  <w>slog</w>
  <w>ihjäl</w>
  <w>Francos</w>
  <w>pojkvän</w>
  <w>som</w>
  <w>inte</w>
  <w>hann</w>
  <w>att</w>
  <w>fly</w>
  <w>.</w>
  <absaspan id=4 senti=1>
    <w>Livrädd</w>
  </absaspan>
  <w>flydde</w>
  <absaspan id=5>
    <w>Franco</w>
  </absaspan>
  <w>från</w>
  <w>sin</w>
  <w>hemstad</w>
  <w>och</w>
  <w>sov</w>
  <w>ute</w>
  <w>tills</w>
  <absaspan id=6>
    <w>hans</w>
    <w>syster</w>
  </absaspan>
  <absaspan id=7 senti=4>
    <w>hjälpte</w>
  </absaspan>
  <absaspan id=8>
    <w>honom</w>
  </absaspan>
  <w>med</w>
  <w>pengar</w>
  <w>så</w>
  <w>att</w>
  <w>han</w>
  <w>kunde</w>
  <w>köpa</w>
  <w>ett</w>
  <w>pass</w>
  <w>och</w>
  <w>flygbiljett</w>
  <w>till</w>
  <w>Sverige</w>
  <w>.</w>
</absapar>
<absapar id=5 senti=4>
  <w>Till</w>
  <w>Sverige</w>
  <w>kom</w>
  <w>han</w>
  <w>17</w>
  <w>år</w>
  <w>gammal</w>
  <w>och</w>
  <w>blev</w>
  <w>nu</w>
  <w>tvungen</w>
  <w>att</w>
  <w>berätta</w>
  <w>om</w>
  <w>sin</w>
  <w>sexualitet</w>
  <w>för</w>
  <w>en</w>
  <w>myndighet</w>
  <w>på</w>
  <w>ett</w>
  <w>språk</w>
  <w>som</w>
  <w>inte</w>
  <w>var</w>
  <w>hans</w>
  <w>modersmål</w>
  <w>.</w>
  <w>Franco</w>
  <w>pratar</w>
  <w>igbo</w>
  <w>men</w>
  <w>blev</w>
  <w>erbjuden</w>
  <w>tolkning</w>
  <w>från</w>
  <w>engelska</w>
  <w>.</w>
  <w>När</w>
  <w>han</w>
  <w>väl</w>
  <w>förstod</w>
  <w>att</w>
  <w>Migrationsverket</w>
  <w>och</w>
  <w>domstolen</w>
  <w>ville</w>
  <w>att</w>
  <w>han</w>
  <w>skulle</w>
  <w>berätta</w>
  <w>om</w>
  <w>sina</w>
  <w>känslor</w>
  <w>och</w>
  <w>inte</w>
  <w>sina</w>
  <w>sexuella</w>
  <w>upplevelser</w>
  <w>var</w>
  <w>det</w>
  <w>för</w>
  <w>sent</w>
  <w>.</w>
</absapar>
<absapar id=6 senti=3>
  <absaspan id=9>
    <w>Det</w>
    <w>offentliga</w>
    <w>ombud</w>
    <w>han</w>
    <w>fått</w>
    <w>tilldelat</w>
  </absaspan>
  <w>sa</w>
  <w>till</w>
  <absaspan id=10>
    <w>honom</w>
  </absaspan>
  <w>att</w>
  <w>”</w>
  <w>om</w>
  <w>du</w>
  <w>berättar</w>
  <w>om</w>
  <w>dina</w>
  <w>känslor</w>
  <w>så</w>
  <w>kommer</w>
  <w>jag</w>
  <w>säga</w>
  <w>att</w>
  <w>jag</w>
  <w>inte</w>
  <w>vet</w>
  <w>vad</w>
  <w>du</w>
  <w>pratar</w>
  <w>om</w>
  <w>och</w>
  <w>överge</w>
  <w>dig</w>
  <w>”</w>
  <absaspan id=11 senti=1>
    <w>.</w>
  </absaspan>
  <absaspan id=12>
    <w>Franco</w>
  </absaspan>
  <absaspan id=13 senti=2>
    <w>blev</w>
    <w>rädd</w>
  </absaspan>
  <w>och</w>
  <absaspan id=14 senti=2>
    <w>vågade</w>
    <w>inte</w>
  </absaspan>
  <absaspan id=15>
    <w>berätta</w>
    <w>att</w>
    <w>han</w>
    <w>haft</w>
    <w>känslor</w>
    <w>för</w>
    <w>sin</w>
    <w>bästa</w>
    <w>vän</w>
    <w>och</w>
    <w>pojkvän</w>
    <w>från</w>
    <w>det</w>
    <w>han</w>
    <w>var</w>
    <w>12</w>
    <w>–</w>
    <w>13</w>
    <w>år</w>
    <w>och</w>
    <w>att</w>
    <w>det</w>
    <w>var</w>
    <w>deras</w>
    <w>hemlighet</w>
  </absaspan>
  <w>.</w>
</absapar>
<absapar id=7 senti=4>
  <w>Hur</w>
  <w>kan</w>
  <w>det</w>
  <w>bli</w>
  <w>såhär</w>
  <w>fel</w>
  <w>i</w>
  <absaspan id=16>
    <w>Migrationsverkets</w>
    <w>och</w>
    <w>Migrationsdomstolens</w>
    <w>bedömningar</w>
  </absaspan>
  <absaspan id=17 senti=2>
    <w>?</w>
  </absaspan>
  <w>Varför</w>
  <w>beslutar</w>
  <w>Sverige</w>
  <w>att</w>
  <w>skicka</w>
  <w>tillbaks</w>
  <w>hbtq-personer</w>
  <w>till</w>
  <w>länder</w>
  <w>där</w>
  <w>det</w>
  <w>finns</w>
  <w>en</w>
  <w>påtaglig</w>
  <w>risk</w>
  <w>att</w>
  <w>de</w>
  <w>förföljs</w>
  <w>,</w>
  <w>utsätts</w>
  <w>för</w>
  <w>våld</w>
  <w>eller</w>
  <w>till</w>
  <w>och</w>
  <w>med</w>
  <w>dödas</w>
  <w>?</w>
  <w>.</w>
</absapar>
<absapar id=8 senti=4>
  <w>En</w>
  <w>förklaring</w>
  <w>är</w>
  <absaspan id=18>
    <w>regering</w>
    <w>och</w>
    <w>riksdag</w>
  </absaspan>
  <absaspan id=19 senti=2>
    <w>varit</w>
    <w>otydliga</w>
  </absaspan>
  <w>när</w>
  <w>de</w>
  <w>fattade</w>
  <w>beslut</w>
  <w>om</w>
  <w>den</w>
  <w>lagändring</w>
  <w>som</w>
  <w>gör</w>
  <w>det</w>
  <w>möjligt</w>
  <w>för</w>
  <w>hbtq-personer</w>
  <w>som</w>
  <w>behöver</w>
  <w>skydd</w>
  <w>att</w>
  <w>få</w>
  <w>asyl</w>
  <w>i</w>
  <w>Sverige</w>
  <w>.</w>
  <w>En</w>
  <w>annan</w>
  <w>är</w>
  <w>att</w>
  <w>den</w>
  <w>enda</w>
  <w>prejudicerande</w>
  <w>dom</w>
  <w>som</w>
  <w>finns</w>
  <w>vad</w>
  <w>gäller</w>
  <w>hbtq-flyktingar</w>
  <w>utgår</w>
  <w>från</w>
  <w>en</w>
  <absaspan id=20 senti=2>
    <w>felaktig</w>
  </absaspan>
  <absaspan id=21>
    <w>översättning</w>
  </absaspan>
  <w>a</w>
  <w>UNHCR</w>
  <w>:</w>
  <w>s</w>
  <w>riktlinjer</w>
  <w>om</w>
  <w>hbtq-flyktingar</w>
  <w>vilket</w>
  <w>leder</w>
  <w>beslutsfattarna</w>
  <w>på</w>
  <w>Migrationsverket</w>
  <w>fel</w>
  <w>när</w>
  <w>de</w>
  <w>ska</w>
  <w>bedöma</w>
  <w>hbtq-flyktingars</w>
  <w>asylansökningar</w>
  <w>.</w>
</absapar>
<absapar id=9 senti=4>
  <w>Vi</w>
  <w>har</w>
  <w>påtalat</w>
  <w>de</w>
  <absaspan id=22 senti=2>
    <w>briser</w>
    <w>som</w>
    <w>finns</w>
    <w>i</w>
  </absaspan>
  <absaspan id=23>
    <w>handläggningen</w>
    <w>av</w>
    <w>Francos</w>
    <w>ärende</w>
  </absaspan>
  <w>liksom</w>
  <absaspan id=24 senti=2>
    <w>bristerna</w>
    <w>i</w>
  </absaspan>
  <absaspan id=25>
    <w>Migrationsöverdomstolens</w>
    <w>tidigare</w>
    <w>prejudicerande</w>
    <w>dom</w>
  </absaspan>
  <w>i</w>
  <w>en</w>
  <w>överklagan</w>
  <w>till</w>
  <w>Migrationsöverdomstolen</w>
  <w>men</w>
  <absaspan id=26>
    <w>de</w>
    <w>felaktigheter</w>
    <w>som</w>
    <w>förekommer</w>
  </absaspan>
  <absaspan id=27 senti=3>
    <w>har</w>
  </absaspan>
  <w>av</w>
  <absaspan id=28>
    <w>domstolen</w>
  </absaspan>
  <absaspan id=29 senti=3>
    <w>inte</w>
  </absaspan>
  <absaspan id=30 senti=3>
    <w>ansetts</w>
    <w>vara</w>
    <w>tillräckligt</w>
    <w>allvarliga</w>
  </absaspan>
  <w>för</w>
  <w>att</w>
  <w>de</w>
  <w>ska</w>
  <w>ta</w>
  <w>upp</w>
  <w>Francos</w>
  <w>fall</w>
  <w>.</w>
</absapar>
<absapar id=10 senti=4>
  <w>Att</w>
  <w>han</w>
  <w>riskerar</w>
  <w>att</w>
  <w>dödas</w>
  <w>om</w>
  <w>han</w>
  <w>skickas</w>
  <w>tillbaks</w>
  <w>till</w>
  <w>Nigeria</w>
  <w>får</w>
  <w>domstolen</w>
  <w>inte</w>
  <w>väga</w>
  <w>in</w>
  <w>i</w>
  <w>sitt</w>
  <w>avgörande</w>
  <w>.</w>
  <w>Det</w>
  <w>har</w>
  <w>våra</w>
  <w>politiker</w>
  <w>beslutat</w>
  <w>.</w>
</absapar>
<absapar id=11 senti=4>
  <absaspan id=31>
    <w>Politikerna</w>
    <w>i</w>
    <w>regering</w>
    <w>och</w>
    <w>riksdag</w>
  </absaspan>
  <absaspan id=32 senti=2>
    <w>måste</w>
    <w>ta</w>
    <w>sitt</w>
    <w>ansvar</w>
  </absaspan>
  <w>för</w>
  <w>att</w>
  <w>rätta</w>
  <w>till</w>
  <w>de</w>
  <absaspan id=33 senti=2>
    <w>brister</w>
    <w>som</w>
    <w>finns</w>
    <w>i</w>
  </absaspan>
  <absaspan id=34>
    <w>Utlänningslagen</w>
  </absaspan>
  <w>och</w>
  <w>göra</w>
  <w>det</w>
  <w>lättare</w>
  <w>att</w>
  <w>få</w>
  <w>prövningstillstånd</w>
  <w>i</w>
  <w>Migrationsöverdomstolen</w>
  <w>.</w>
  <w>Det</w>
  <w>måste</w>
  <w>gå</w>
  <w>att</w>
  <w>få</w>
  <w>prövningstillstånd</w>
  <w>även</w>
  <w>för</w>
  <w>ärenden</w>
  <w>där</w>
  <w>utgången</w>
  <w>kan</w>
  <w>komma</w>
  <w>att</w>
  <w>ändras</w>
  <w>vid</w>
  <w>en</w>
  <w>ny</w>
  <w>prövning</w>
  <w>.</w>
</absapar>
<absapar id=12 senti=4>
  <w>Det</w>
  <absaspan id=35 senti=4>
    <w>behövs</w>
  </absaspan>
  <w>också</w>
  <absaspan id=36>
    <w>mer</w>
    <w>resurser</w>
    <w>till</w>
    <w>Migrationsverkets</w>
    <w>handläggning</w>
    <w>av</w>
    <w>asylansökningar</w>
  </absaspan>
  <w>.</w>
  <absaspan id=37>
    <w>Att</w>
    <w>i</w>
    <w>detta</w>
    <w>läge</w>
    <w>spara</w>
    <w>pengar</w>
    <w>på</w>
    <w>Migrationsverkets</w>
    <w>handläggning</w>
    <w>av</w>
    <w>ärende</w>
  </absaspan>
  <w>som</w>
  <w>regeringen</w>
  <w>gör</w>
  <absaspan id=38 senti=2>
    <w>är</w>
    <w>fel</w>
    <w>väg</w>
    <w>att</w>
    <w>gå</w>
  </absaspan>
  <w>för</w>
  <w>att</w>
  <w>öka</w>
  <w>rättssäkerheten</w>
  <w>och</w>
  <w>det</w>
  <w>kommer</w>
  <w>bara</w>
  <w>leda</w>
  <w>till</w>
  <w>fler</w>
  <w>fall</w>
  <w>som</w>
  <w>Francos</w>
  <w>.</w>
</absapar>
<absapar id=13 senti=4>
  <w>Francos</w>
  <w>tid</w>
  <w>i</w>
  <w>Sverige</w>
  <w>löper</w>
  <w>snart</w>
  <w>ut</w>
  <w>.</w>
  <absaspan id=39>
    <w>Han</w>
  </absaspan>
  <absaspan id=40 senti=4>
    <w>hoppas</w>
    <w>på</w>
  </absaspan>
  <absaspan id=41>
    <w>att</w>
    <w>Migrationsverket</w>
    <w>ska</w>
    <w>ta</w>
    <w>upp</w>
    <w>hans</w>
    <w>fall</w>
    <w>till</w>
    <w>ny</w>
    <w>prövning</w>
  </absaspan>
  <w>.</w>
  <w>Nu</w>
  <w>måste</w>
  <w>våra</w>
  <w>politiker</w>
  <w>agera</w>
  <w>för</w>
  <w>att</w>
  <w>vi</w>
  <w>inte</w>
  <w>ska</w>
  <w>behöva</w>
  <w>se</w>
  <w>fler</w>
  <w>fall</w>
  <w>som</w>
  <w>Francos</w>
  <w>i</w>
  <w>framtiden</w>
  <w>där</w>
  <absaspan id=42>
    <w>vi</w>
    <w>som</w>
    <w>land</w>
  </absaspan>
  <absaspan id=43 senti=2>
    <w>riskerar</w>
    <w>att</w>
    <w>skicka</w>
    <w>människor</w>
    <w>i</w>
    <w>döden</w>
  </absaspan>
  <w>.</w>
</absapar>
<absapar id=14>
  <w>Magnus</w>
  <w>Kolsjö</w>
  <w>,</w>
  <w>vice</w>
  <w>förbundsordförande</w>
  <w>för</w>
  <w>RFSL</w>
  <w>.</w>
</absapar>
<absapar id=15>
  <w>Häng</w>
  <w>med</w>
  <w>i</w>
  <w>debatten</w>
  <w>och</w>
  <w>kommentera</w>
  <w>artikeln</w>
  <w>–</w>
  <w>följ</w>
  <w>Debatt</w>
  <w>på</w>
  <w>Facebook</w>
  <w>.</w>
</absapar>
</absadoc>
