<absadoc annotators=1 senti=2>
<absatitle>
  <w>Hållbar</w>
  <w>invandring</w>
  <w>?</w>
</absatitle>
<absapar id=1>
  <w>Hur</w>
  <w>kommer</w>
  <w>invandringen</w>
  <w>påverka</w>
  <w>svenska</w>
  <w>ekonomin</w>
  <w>på</w>
  <w>lång</w>
  <w>sikt</w>
  <w>?</w>
  <w>.</w>
</absapar>
<absapar id=2 senti=3>
  <w>Man</w>
  <w>får</w>
  <w>idag</w>
  <w>generellt</w>
  <w>två</w>
  <w>olika</w>
  <w>svar</w>
  <w>när</w>
  <w>folk</w>
  <w>svarar</w>
  <w>på</w>
  <w>om</w>
  <absaspan id=1>
    <w>invadnringen</w>
  </absaspan>
  <absaspan id=2 senti=4>
    <w>är</w>
    <w>lönsamt</w>
  </absaspan>
  <w>.</w>
  <w>De</w>
  <w>som</w>
  <w>säger</w>
  <w>att</w>
  <absaspan id=3>
    <w>det</w>
  </absaspan>
  <absaspan id=4 senti=4>
    <w>måste</w>
    <w>ses</w>
    <w>som</w>
    <w>en</w>
    <w>investering</w>
  </absaspan>
  <w>och</w>
  <w>att</w>
  <absaspan id=5>
    <w>denna</w>
  </absaspan>
  <w>i</w>
  <absaspan id=6 senti=4>
    <w>slutändan</w>
    <w>kommer</w>
    <w>ge</w>
    <w>bra</w>
    <w>avkastning</w>
  </absaspan>
  <w>,</w>
  <w>"</w>
  <w>se</w>
  <w>bara</w>
  <w>på</w>
  <w>invandringen</w>
  <w>på</w>
  <w>80</w>
  <w>och</w>
  <w>90</w>
  <w>-</w>
  <w>talet</w>
  <w>"</w>
  <absaspan id=7>
    <w>.</w>
  </absaspan>
  <w>Sen</w>
  <w>finns</w>
  <w>det</w>
  <w>dom</w>
  <w>som</w>
  <w>säger</w>
  <w>tvärt</w>
  <w>om</w>
  <w>,</w>
  <w>att</w>
  <w>kostnaden</w>
  <w>kommer</w>
  <w>bli</w>
  <w>högre</w>
  <w>än</w>
  <w>vad</w>
  <w>invandrarna</w>
  <w>kommer</w>
  <w>att</w>
  <w>bidra</w>
  <w>till</w>
  <w>ekonomin</w>
  <w>.</w>
</absapar>
<absapar id=3 senti=2>
  <w>Det</w>
  <w>som</w>
  <w>jag</w>
  <w>funderar</w>
  <w>över</w>
  <w>är</w>
  <w>att</w>
  <w>80</w>
  <w>-</w>
  <w>90%</w>
  <w>(</w>
  <w>?</w>
  <w>?</w>
  <w>?</w>
  <w>?</w>
  <w>)</w>
  <w>av</w>
  <w>invandrarna</w>
  <w>är</w>
  <w>män</w>
  <w>.</w>
  <w>Män</w>
  <w>föder</w>
  <w>inga</w>
  <w>barn</w>
  <w>vilket</w>
  <w>gör</w>
  <w>att</w>
  <w>en</w>
  <w>invandrad</w>
  <w>person</w>
  <w>måste</w>
  <w>återbetala</w>
  <w>sig</w>
  <w>under</w>
  <w>sin</w>
  <w>egen</w>
  <w>livstid</w>
  <w>.</w>
  <w>Är</w>
  <w>det</w>
  <w>inte</w>
  <w>som</w>
  <w>att</w>
  <w>gå</w>
  <w>och</w>
  <w>köpa</w>
  <w>papptalrikar</w>
  <w>på</w>
  <w>ICA</w>
  <w>och</w>
  <w>sedan</w>
  <w>hurrande</w>
  <w>skrika</w>
  <w>ut</w>
  <w>hur</w>
  <w>mycket</w>
  <w>pengar</w>
  <w>man</w>
  <w>kommer</w>
  <w>spara</w>
  <w>på</w>
  <w>dessa</w>
  <w>?</w>
  <w>.</w>
</absapar>
<absapar id=4 senti=2>
  <w>Jag</w>
  <w>antar</w>
  <w>att</w>
  <w>folk</w>
  <w>kommer</w>
  <w>påpeka</w>
  <w>att</w>
  <w>kvinnorna</w>
  <w>kommer</w>
  <w>efter</w>
  <w>via</w>
  <w>anhöriginvandringen</w>
  <w>,</w>
  <w>men</w>
  <w>det</w>
  <w>innebär</w>
  <w>att</w>
  <w>vi</w>
  <w>skulle</w>
  <w>behöva</w>
  <w>räkna</w>
  <w>med</w>
  <w>dubbelt</w>
  <w>så</w>
  <w>många</w>
  <w>asylsökande</w>
  <w>framöver</w>
  <w>?</w>
  <w>Klarar</w>
  <w>vi</w>
  <w>av</w>
  <w>hur</w>
  <w>många</w>
  <w>som</w>
  <w>helst</w>
  <w>?</w>
  <w>Uppenbarligen</w>
  <w>inte</w>
  <w>.</w>
  <w>Kanske</w>
  <w>ännu</w>
  <w>en</w>
  <w>anledning</w>
  <w>till</w>
  <w>att</w>
  <w>satsa</w>
  <w>mer</w>
  <w>på</w>
  <w>kvotflyktingar</w>
  <w>och</w>
  <w>se</w>
  <w>till</w>
  <w>att</w>
  <w>det</w>
  <w>är</w>
  <w>en</w>
  <w>jämn</w>
  <w>könsfördelning</w>
  <w>?</w>
  <w>.</w>
</absapar>
<absapar id=5 senti=2>
  <w>Någon</w>
  <w>som</w>
  <w>kan</w>
  <w>förklara</w>
  <w>hur</w>
  <absaspan id=8>
    <w>folk</w>
    <w>som</w>
    <w>ändå</w>
    <w>är</w>
    <w>"</w>
    <w>experter</w>
    <w>"</w>
    <w>inom</w>
    <w>området</w>
  </absaspan>
  <w>tänker</w>
  <w>som</w>
  <w>säger</w>
  <w>att</w>
  <absaspan id=9>
    <w>detta</w>
  </absaspan>
  <absaspan id=10 senti=5>
    <w>är</w>
    <w>det</w>
    <w>bästa</w>
    <w>som</w>
    <w>hänt</w>
    <w>svenska</w>
    <w>ekonomin</w>
    <w>i</w>
    <w>modern</w>
    <w>tid</w>
  </absaspan>
  <w>?</w>
  <w>.</w>
</absapar>
<absapar id=6>
  <w>(</w>
  <w>sorry</w>
  <w>om</w>
  <w>jag</w>
  <w>har</w>
  <w>lagt</w>
  <w>denna</w>
  <w>tråden</w>
  <w>fel</w>
  <w>forum</w>
  <w>,</w>
  <w>men</w>
  <w>det</w>
  <w>är</w>
  <w>framför</w>
  <w>allt</w>
  <w>påverkan</w>
  <w>på</w>
  <w>macro</w>
  <w>ekonomin</w>
  <w>jag</w>
  <w>vill</w>
  <w>disskutera</w>
  <w>)</w>
  <w>.</w>
</absapar>
</absadoc>
