<absadoc annotators=1 senti=>
<absatitle>
  <absaspan id=1 senti=2 target=2 target=3>
    <w>Det</w>
    <w>är</w>
    <w>dags</w>
  </absaspan>
  <absaspan id=2 senti=2 target=3>
    <w>att</w>
    <w>sluta</w>
  </absaspan>
  <absaspan id=3>
    <w>diskriminera</w>
    <w>pappor</w>
  </absaspan>
  <w>.</w>
</absatitle>
<absapar id=1>
  <w>Det</w>
  <w>är</w>
  <w>inte</w>
  <w>politikens</w>
  <w>uppgift</w>
  <w>att</w>
  <w>detaljstyra</w>
  <w>människors</w>
  <w>liv</w>
  <w>.</w>
</absapar>
<absapar id=2>
  <absaspan id=4>
    <w>Vårt</w>
    <w>land</w>
  </absaspan>
  <absaspan id=5 senti=4>
    <w>kryllar</w>
    <w>av</w>
    <w>närvarande</w>
    <w>,</w>
    <w>delaktiga</w>
    <w>och</w>
    <w>ansvarstagande</w>
    <w>pappor</w>
  </absaspan>
  <w>.</w>
  <w>De</w>
  <w>förtjänar</w>
  <w>bättre</w>
  <w>villkor</w>
  <w>och</w>
  <w>förutsättningar</w>
  <w>för</w>
  <w>att</w>
  <w>kunna</w>
  <w>bli</w>
  <w>just</w>
  <w>de</w>
  <w>likvärdiga</w>
  <w>föräldrar</w>
  <w>de</w>
  <w>strävar</w>
  <w>efter</w>
  <w>att</w>
  <w>vara</w>
  <w>.</w>
</absapar>
<absapar id=3>
  <absaspan id=6>
    <w>Att</w>
    <w>föräldraförsäkringen</w>
    <w>sedan</w>
    <w>den</w>
    <w>infördes</w>
    <w>har</w>
    <w>varit</w>
    <w>likvärdig</w>
    <w>för</w>
    <w>mammor</w>
    <w>och</w>
    <w>pappor</w>
  </absaspan>
  <absaspan id=7 senti=4>
    <w>är</w>
    <w>något</w>
    <w>att</w>
    <w>vara</w>
    <w>stolt</w>
    <w>över</w>
  </absaspan>
  <w>.</w>
  <w>Barn</w>
  <w>behöver</w>
  <w>tid</w>
  <w>med</w>
  <w>sina</w>
  <w>föräldrar</w>
  <w>.</w>
  <absaspan id=8 senti=4>
    <w>Vi</w>
    <w>uppmuntrar</w>
    <w>gärna</w>
  </absaspan>
  <absaspan id=9>
    <w>pappor</w>
    <w>att</w>
    <w>ta</w>
    <w>vara</w>
    <w>på</w>
    <w>möjligheten</w>
    <w>att</w>
    <w>på</w>
    <w>heltid</w>
    <w>få</w>
    <w>vara</w>
    <w>hemma</w>
    <w>med</w>
    <w>sitt</w>
    <w>barn</w>
  </absaspan>
  <w>.</w>
  <w>Självklart</w>
  <w>består</w>
  <w>föräldraskapet</w>
  <w>av</w>
  <w>mer</w>
  <w>än</w>
  <w>de</w>
  <w>första</w>
  <w>åren</w>
  <w>och</w>
  <w>det</w>
  <w>finns</w>
  <w>utmärkta</w>
  <w>föräldrar</w>
  <w>som</w>
  <w>inte</w>
  <w>använt</w>
  <w>en</w>
  <w>dag</w>
  <w>av</w>
  <w>föräldraförsäkringen</w>
  <w>.</w>
  <w>För</w>
  <w>det</w>
  <w>ska</w>
  <w>vi</w>
  <w>inte</w>
  <w>förneka</w>
  <w>att</w>
  <absaspan id=10>
    <w>en</w>
    <w>längre</w>
    <w>sammanhållen</w>
    <w>period</w>
    <w>med</w>
    <w>det</w>
    <w>primära</w>
    <w>ansvaret</w>
    <w>för</w>
    <w>barnet</w>
  </absaspan>
  <absaspan id=11 senti=4>
    <w>är</w>
    <w>ett</w>
    <w>utmärkt</w>
    <w>sätt</w>
    <w>för</w>
    <w>barn</w>
    <w>och</w>
    <w>pappa</w>
    <w>att</w>
    <w>knyta</w>
    <w>an</w>
  </absaspan>
  <w>.</w>
</absapar>
<absapar id=4>
  <w>Men</w>
  <absaspan id=12 senti=2>
    <w>det</w>
    <w>varken</w>
    <w>bör</w>
    <w>eller</w>
    <w>kan</w>
  </absaspan>
  <absaspan id=13>
    <w>tvingas</w>
    <w>fram</w>
    <w>på</w>
    <w>politisk</w>
    <w>väg</w>
  </absaspan>
  <w>.</w>
  <absaspan id=14>
    <w>En</w>
  </absaspan>
  <absaspan id=15 senti=2>
    <w>tvångsdelning</w>
  </absaspan>
  <absaspan id=16 senti=2>
    <w>är</w>
    <w>både</w>
    <w>principiellt</w>
    <w>fel</w>
    <w>och</w>
    <w>leder</w>
    <w>till</w>
    <w>uttag</w>
    <w>av</w>
    <w>enstaka</w>
    <w>dagar</w>
    <w>här</w>
    <w>och</w>
    <w>där</w>
  </absaspan>
  <w>om</w>
  <w>inte</w>
  <w>viljan</w>
  <w>att</w>
  <w>vara</w>
  <w>hemma</w>
  <w>finns</w>
  <w>.</w>
  <w>De</w>
  <w>pappor</w>
  <w>som</w>
  <w>väljer</w>
  <w>att</w>
  <w>vara</w>
  <w>hemma</w>
  <w>längre</w>
  <w>gör</w>
  <w>det</w>
  <w>därför</w>
  <w>att</w>
  <w>de</w>
  <w>vill</w>
  <w>,</w>
  <w>har</w>
  <w>möjligheten</w>
  <w>och</w>
  <w>–</w>
  <w>vilket</w>
  <w>är</w>
  <w>avgörande</w>
  <w>i</w>
  <w>många</w>
  <w>familjer</w>
  <w>–</w>
  <w>att</w>
  <absaspan id=17>
    <w>mamman</w>
  </absaspan>
  <absaspan id=18 senti=4>
    <w>vill</w>
  </absaspan>
  <absaspan id=19>
    <w>ge</w>
    <w>pappan</w>
    <w>den</w>
    <w>möjligheten</w>
  </absaspan>
  <w>.</w>
  <w>Politikens</w>
  <w>uppgift</w>
  <w>är</w>
  <w>att</w>
  <w>skapa</w>
  <w>förutsättningarna</w>
  <w>men</w>
  <w>det</w>
  <w>är</w>
  <w>inte</w>
  <w>politikens</w>
  <w>uppgift</w>
  <w>att</w>
  <w>detaljstyra</w>
  <w>människors</w>
  <w>liv</w>
  <w>.</w>
</absapar>
<absapar id=5>
  <w>Och</w>
  <w>förutsättningarna</w>
  <w>kan</w>
  <w>förbättras</w>
  <w>.</w>
  <absaspan id=20 senti=4>
    <w>Det</w>
    <w>är</w>
    <w>hög</w>
    <w>tid</w>
    <w>att</w>
  </absaspan>
  <absaspan id=21>
    <w>rensa</w>
    <w>bort</w>
    <w>pappadiskrimineringen</w>
    <w>i</w>
    <w>lagstiftningen</w>
    <w>och</w>
    <w>erkänna</w>
    <w>pappor</w>
    <w>som</w>
    <w>lika</w>
    <w>mycket</w>
    <w>föräldrar</w>
    <w>som</w>
    <w>mammor</w>
  </absaspan>
  <w>.</w>
  <w>Vi</w>
  <absaspan id=22 senti=4>
    <w>bör</w>
  </absaspan>
  <absaspan id=23>
    <w>börja</w>
    <w>med</w>
    <w>föräldraförsäkringen</w>
  </absaspan>
  <w>.</w>
</absapar>
<absapar id=6>
  <w>Föräldraförsäkringen</w>
  <w>är</w>
  <w>väldigt</w>
  <w>flexibel</w>
  <w>barnets</w>
  <w>första</w>
  <w>år</w>
  <w>,</w>
  <w>då</w>
  <w>mamman</w>
  <w>oftast</w>
  <w>är</w>
  <w>hemma</w>
  <w>.</w>
  <w>Från</w>
  <w>ettårsdagen</w>
  <w>inträder</w>
  <w>begränsande</w>
  <w>regler</w>
  <w>som</w>
  <w>starkt</w>
  <w>styr</w>
  <w>uttaget</w>
  <w>av</w>
  <w>föräldrapenningen</w>
  <w>och</w>
  <w>planeringen</w>
  <w>av</w>
  <w>syskon</w>
  <w>.</w>
  <w>Den</w>
  <w>sjukpenninggrundande</w>
  <w>inkomsten</w>
  <w>och</w>
  <w>rätten</w>
  <w>till</w>
  <w>tjänstledighet</w>
  <w>påverkas</w>
  <w>.</w>
  <absaspan id=24>
    <w>Dessa</w>
    <w>regler</w>
  </absaspan>
  <absaspan id=25 senti=2>
    <w>missgynnar</w>
    <w>inte</w>
    <w>minst</w>
    <w>pappor</w>
  </absaspan>
  <w>eftersom</w>
  <w>de</w>
  <w>oftast</w>
  <w>är</w>
  <w>föräldralediga</w>
  <w>när</w>
  <w>barnet</w>
  <w>är</w>
  <w>lite</w>
  <w>äldre</w>
  <w>.</w>
  <w>Genom</w>
  <w>att</w>
  <w>utvidga</w>
  <w>rätten</w>
  <w>till</w>
  <w>tjänstledighet</w>
  <w>och</w>
  <w>förlänga</w>
  <w>inkomstskyddet</w>
  <w>för</w>
  <w>föräldrar</w>
  <w>tills</w>
  <w>barnet</w>
  <w>fyller</w>
  <w>tre</w>
  <w>år</w>
  <w>ger</w>
  <w>vi</w>
  <w>i</w>
  <w>praktiken</w>
  <w>pappor</w>
  <w>möjlighet</w>
  <w>att</w>
  <w>tänja</w>
  <w>på</w>
  <w>sina</w>
  <w>dagar</w>
  <w>och</w>
  <w>vara</w>
  <w>hemma</w>
  <w>lite</w>
  <w>längre</w>
  <w>.</w>
</absapar>
<absapar id=7>
  <w>Många</w>
  <w>barn</w>
  <w>lever</w>
  <w>med</w>
  <w>skilda</w>
  <w>föräldrar</w>
  <w>.</w>
  <w>Även</w>
  <w>om</w>
  <w>föräldrarna</w>
  <w>går</w>
  <w>skilda</w>
  <w>vägar</w>
  <w>har</w>
  <w>barn</w>
  <w>behov</w>
  <w>av</w>
  <w>och</w>
  <w>rätt</w>
  <w>till</w>
  <w>båda</w>
  <w>sina</w>
  <w>föräldrar</w>
  <w>.</w>
  <w>Det</w>
  <w>är</w>
  <w>en</w>
  <w>rättighet</w>
  <w>som</w>
  <w>kommer</w>
  <w>till</w>
  <w>uttryck</w>
  <w>i</w>
  <w>såväl</w>
  <w>barnkonventionen</w>
  <w>som</w>
  <w>föräldrabalken</w>
  <w>.</w>
  <w>Sett</w>
  <w>ur</w>
  <w>barnets</w>
  <w>perspektiv</w>
  <w>är</w>
  <w>det</w>
  <w>av</w>
  <w>stor</w>
  <w>vikt</w>
  <w>att</w>
  <w>föräldrarna</w>
  <w>kan</w>
  <w>samarbeta</w>
  <w>.</w>
  <w>Fler</w>
  <w>föräldrar</w>
  <w>ska</w>
  <w>erbjudas</w>
  <w>samarbetssamtal</w>
  <w>för</w>
  <w>att</w>
  <w>själva</w>
  <w>kunna</w>
  <w>komma</w>
  <w>överens</w>
  <w>om</w>
  <w>hur</w>
  <w>det</w>
  <w>fortsatta</w>
  <w>gemensamma</w>
  <w>ansvaret</w>
  <w>för</w>
  <w>barnet</w>
  <w>ska</w>
  <w>hanteras</w>
  <w>efter</w>
  <w>en</w>
  <w>separation</w>
  <w>.</w>
  <w>Pappor</w>
  <w>och</w>
  <w>mammor</w>
  <w>som</w>
  <w>delar</w>
  <w>vårdnad</w>
  <w>och</w>
  <w>vars</w>
  <w>barn</w>
  <w>bor</w>
  <w>växelvis</w>
  <w>hos</w>
  <w>dem</w>
  <w>ska</w>
  <w>få</w>
  <w>samma</w>
  <w>rätt</w>
  <w>till</w>
  <w>barnbidraget</w>
  <w>.</w>
  <w>Något</w>
  <w>som</w>
  <w>mammor</w>
  <w>märkligt</w>
  <w>nog</w>
  <w>har</w>
  <w>egen</w>
  <w>beslutanderätt</w>
  <w>över</w>
  <w>i</w>
  <w>dag</w>
  <w>oavsett</w>
  <w>ekonomiska</w>
  <w>förhållanden</w>
  <w>och</w>
  <w>faktumet</w>
  <w>att</w>
  <w>barnet</w>
  <w>bor</w>
  <w>halva</w>
  <w>tiden</w>
  <w>hos</w>
  <w>pappan</w>
  <w>.</w>
</absapar>
<absapar id=8>
  <w>Efter</w>
  <w>en</w>
  <w>separation</w>
  <w>bor</w>
  <w>i</w>
  <w>dag</w>
  <w>vart</w>
  <w>tredje</w>
  <w>barn</w>
  <w>växelvis</w>
  <w>hos</w>
  <w>föräldrarna</w>
  <w>,</w>
  <w>men</w>
  <w>många</w>
  <w>bor</w>
  <w>mestadels</w>
  <w>hos</w>
  <w>mamman</w>
  <w>.</w>
  <w>För</w>
  <w>barnet</w>
  <w>är</w>
  <w>den</w>
  <w>ekonomiska</w>
  <w>situationen</w>
  <w>hos</w>
  <w>båda</w>
  <w>föräldrarna</w>
  <w>viktig</w>
  <w>.</w>
  <w>Insatser</w>
  <w>har</w>
  <w>gjorts</w>
  <w>för</w>
  <w>att</w>
  <w>stärka</w>
  <w>ekonomin</w>
  <w>för</w>
  <w>ensamstående</w>
  <w>föräldrar</w>
  <w>men</w>
  <w>ännu</w>
  <w>har</w>
  <w>lite</w>
  <w>gjorts</w>
  <w>för</w>
  <w>att</w>
  <w>säkerställa</w>
  <w>att</w>
  <w>umgängesföräldern</w>
  <w>inte</w>
  <w>av</w>
  <w>ekonomiska</w>
  <w>skäl</w>
  <w>ska</w>
  <w>hindras</w>
  <w>från</w>
  <w>att</w>
  <w>vara</w>
  <w>delaktig</w>
  <w>i</w>
  <w>sitt</w>
  <w>barns</w>
  <w>liv</w>
  <w>.</w>
  <w>En</w>
  <w>skuld</w>
  <w>får</w>
  <w>inte</w>
  <w>göra</w>
  <w>det</w>
  <w>omöjliggör</w>
  <w>för</w>
  <w>en</w>
  <w>förälder</w>
  <w>att</w>
  <w>ha</w>
  <w>kontakt</w>
  <w>med</w>
  <w>sitt</w>
  <w>barn</w>
  <w>.</w>
  <absaspan id=26 senti=4>
    <w>Därför</w>
    <w>bör</w>
  </absaspan>
  <absaspan id=27>
    <w>återbetalning</w>
    <w>av</w>
    <w>underhåll</w>
    <w>beräknas</w>
    <w>på</w>
    <w>aktuell</w>
    <w>inkomst</w>
    <w>och</w>
    <w>kostnader</w>
    <w>för</w>
    <w>umgänge</w>
    <w>räknas</w>
    <w>med</w>
    <w>i</w>
    <w>nödvändiga</w>
    <w>levnadsomkostnader</w>
  </absaspan>
  <w>.</w>
</absapar>
<absapar id=9>
  <w>Med</w>
  <absaspan id=28>
    <w>dessa</w>
    <w>åtgärder</w>
  </absaspan>
  <absaspan id=29 senti=4>
    <w>ökar</w>
    <w>förutsättningar</w>
    <w>för</w>
    <w>pappor</w>
    <w>att</w>
    <w>vara</w>
    <w>de</w>
    <w>närvarande</w>
    <w>,</w>
    <w>delaktiga</w>
    <w>och</w>
    <w>ansvarsfulla</w>
    <w>som</w>
    <w>vi</w>
    <w>vet</w>
    <w>att</w>
    <w>majoriteten</w>
    <w>av</w>
    <w>alla</w>
    <w>pappor</w>
    <w>vill</w>
    <w>vara</w>
    <w>.</w>
  </absaspan>
</absapar>
<absapar id=10>
  <w>Emma</w>
  <w>Henriksson</w>
  <w>,</w>
  <w>riksdagsledamot</w>
  <w>och</w>
  <w>gruppledare</w>
  <w>KD</w>
  <w>.</w>
</absapar>
<absapar id=11>
  <w>Debatten</w>
  <w>.</w>
</absapar>
</absadoc>
