<absadoc annotators=1 senti=>
<absatitle>
  <absaspan id=1 senti=2 target=2>
    <w>Slopa</w>
  </absaspan>
  <absaspan id=2>
    <w>barnbidraget</w>
  </absaspan>
  <w>–</w>
  <w>det</w>
  <w>gynnar</w>
  <w>rika</w>
  <w>familjer</w>
  <w>.</w>
</absatitle>
<absapar id=1>
  <w>Barnbidraget</w>
  <w>går</w>
  <w>snarare</w>
  <w>till</w>
  <w>rika</w>
  <w>än</w>
  <w>fattiga</w>
  <w>familjer</w>
  <w>.</w>
  <absaspan id=3>
    <w>Det</w>
  </absaspan>
  <absaspan id=4 senti=2>
    <w>bör</w>
  </absaspan>
  <w>därför</w>
  <absaspan id=5 senti=2>
    <w>avskaffas</w>
  </absaspan>
  <absaspan id=6 senti=4>
    <w>och</w>
    <w>ersättas</w>
    <w>med</w>
  </absaspan>
  <absaspan id=7>
    <w>höjt</w>
    <w>bostadsbidrag</w>
    <w>för</w>
    <w>dem</w>
    <w>som</w>
    <w>behöver</w>
    <w>hjälp</w>
  </absaspan>
  <w>.</w>
</absapar>
<absapar id=2>
  <w>Nyligen</w>
  <w>höjde</w>
  <w>regeringen</w>
  <w>barnbidraget</w>
  <w>,</w>
  <w>med</w>
  <w>motiveringen</w>
  <w>att</w>
  <w>hjälpa</w>
  <w>fattiga</w>
  <w>familjer</w>
  <w>.</w>
  <w>Tre</w>
  <w>barn</w>
  <w>ger</w>
  <w>nu</w>
  <w>53</w>
  <w>760</w>
  <w>kronor</w>
  <w>om</w>
  <w>året</w>
  <w>,</w>
  <w>skattefritt</w>
  <w>.</w>
  <w>En</w>
  <w>familj</w>
  <w>med</w>
  <w>sex</w>
  <w>barn</w>
  <w>får</w>
  <w>140</w>
  <w>000</w>
  <w>kronor</w>
  <w>om</w>
  <w>året</w>
  <w>.</w>
</absapar>
<absapar id=3>
  <w>De</w>
  <w>flesta</w>
  <w>familjer</w>
  <w>i</w>
  <w>Sverige</w>
  <w>har</w>
  <w>två</w>
  <w>barn</w>
  <w>,</w>
  <w>och</w>
  <w>även</w>
  <w>för</w>
  <w>dem</w>
  <w>är</w>
  <w>bidraget</w>
  <w>generöst</w>
  <w>.</w>
  <w>Som</w>
  <w>småbarnsmamman</w>
  <w>Lotta</w>
  <w>Lexén</w>
  <w>skrev</w>
  <w>i</w>
  <w>Expressen</w>
  <w>nyligen</w>
  <w>motsvarar</w>
  <w>det</w>
  <w>för</w>
  <w>hennes</w>
  <w>familj</w>
  <w>ett</w>
  <w>par</w>
  <w>utlandsresor</w>
  <w>om</w>
  <w>året</w>
  <w>,</w>
  <w>eller</w>
  <w>fem</w>
  <w>nya</w>
  <w>Iphones</w>
  <w>.</w>
</absapar>
<absapar id=4>
  <absaspan id=8>
    <w>Barnbidraget</w>
  </absaspan>
  <w>är</w>
  <w>ovillkorat</w>
  <w>och</w>
  <w>betalas</w>
  <w>ut</w>
  <w>till</w>
  <w>alla</w>
  <w>föräldrar</w>
  <w>bosatta</w>
  <w>i</w>
  <w>Sverige</w>
  <w>.</w>
  <w>Normalt</w>
  <w>sett</w>
  <w>ges</w>
  <w>det</w>
  <w>till</w>
  <w>och</w>
  <w>med</w>
  <w>det</w>
  <w>kvartal</w>
  <w>barnet</w>
  <w>fyller</w>
  <w>16</w>
  <w>år</w>
  <w>och</w>
  <w>de</w>
  <w>som</w>
  <w>sedan</w>
  <w>börjar</w>
  <w>på</w>
  <w>gymnasiet</w>
  <w>får</w>
  <w>samma</w>
  <w>belopp</w>
  <w>i</w>
  <w>studiehjälp</w>
  <w>.</w>
  <absaspan id=9 senti=2>
    <w>För</w>
    <w>skattebetalarna</w>
    <w>är</w>
    <w>det</w>
    <w>väldigt</w>
    <w>dyrt</w>
  </absaspan>
  <w>:</w>
  <w>Nästa</w>
  <w>år</w>
  <w>beräknas</w>
  <w>kostnaden</w>
  <w>till</w>
  <w>hela</w>
  <w>37</w>
  <w>miljarder</w>
  <w>kronor</w>
  <w>,</w>
  <w>vilket</w>
  <w>är</w>
  <w>lika</w>
  <w>mycket</w>
  <w>som</w>
  <w>försörjningsstödet</w>
  <w>och</w>
  <w>a-kassan</w>
  <w>tillsammans</w>
  <w>.</w>
</absapar>
<absapar id=5>
  <absaspan id=10>
    <w>Det</w>
    <w>påstås</w>
    <w>ofta</w>
    <w>att</w>
    <w>barnbidraget</w>
    <w>gynnar</w>
    <w>de</w>
    <w>minst</w>
    <w>bemedlade</w>
    <w>familjerna</w>
    <w>,</w>
    <w>och</w>
    <w>att</w>
    <w>det</w>
    <w>omfördelar</w>
    <w>inkomst</w>
    <w>över</w>
    <w>livscykeln</w>
  </absaspan>
  <w>.</w>
  <absaspan id=11 senti=2>
    <w>Det</w>
    <w>är</w>
    <w>inte</w>
    <w>sant</w>
  </absaspan>
  <w>.</w>
</absapar>
<absapar id=6>
  <w>För</w>
  <w>personer</w>
  <w>som</w>
  <w>aldrig</w>
  <w>får</w>
  <w>barn</w>
  <w>är</w>
  <w>systemet</w>
  <w>uppenbart</w>
  <w>en</w>
  <w>förlustaffär</w>
  <w>eftersom</w>
  <w>de</w>
  <w>aldrig</w>
  <w>får</w>
  <w>valuta</w>
  <w>för</w>
  <w>pengarna</w>
  <w>de</w>
  <w>betalar</w>
  <w>in</w>
  <w>i</w>
  <w>skatt</w>
  <w>för</w>
  <w>att</w>
  <w>finansiera</w>
  <w>bidraget</w>
  <w>.</w>
  <absaspan id=12>
    <w>Dessutom</w>
    <w>har</w>
    <w>familjer</w>
    <w>med</w>
    <w>barn</w>
    <w>relativt</w>
    <w>höga</w>
    <w>inkomster</w>
    <w>jämfört</w>
    <w>med</w>
    <w>barnlösa</w>
  </absaspan>
  <w>,</w>
  <w>vilket</w>
  <absaspan id=13 senti=2>
    <w>späder</w>
    <w>på</w>
    <w>orättvisan</w>
    <w>ytterligare</w>
  </absaspan>
  <w>.</w>
  <w>Det</w>
  <w>är</w>
  <w>också</w>
  <w>tydligt</w>
  <w>att</w>
  <w>familjers</w>
  <w>inkomst</w>
  <w>är</w>
  <w>högre</w>
  <w>ju</w>
  <w>fler</w>
  <w>barn</w>
  <w>de</w>
  <w>har</w>
  <w>.</w>
  <w>Fattiga</w>
  <w>familjer</w>
  <w>och</w>
  <w>barnlösa</w>
  <w>betalar</w>
  <w>alltså</w>
  <w>för</w>
  <w>rikare</w>
  <w>familjers</w>
  <w>barnbidrag</w>
  <w>.</w>
</absapar>
<absapar id=7>
  <absaspan id=14>
    <w>Att</w>
    <w>pengar</w>
    <w>först</w>
    <w>ska</w>
    <w>betalas</w>
    <w>in</w>
    <w>i</w>
    <w>skatt</w>
    <w>och</w>
    <w>sedan</w>
    <w>återbetalas</w>
    <w>genom</w>
    <w>Försäkringskassan</w>
  </absaspan>
  <absaspan id=15 senti=2>
    <w>är</w>
  </absaspan>
  <w>också</w>
  <absaspan id=16 senti=2>
    <w>ett</w>
  </absaspan>
  <absaspan id=17 senti=2>
    <w>rent</w>
    <w>slöseri</w>
    <w>med</w>
    <w>skattepengar</w>
  </absaspan>
  <w>.</w>
  <absaspan id=18>
    <w>Det</w>
  </absaspan>
  <absaspan id=19 senti=2>
    <w>skapar</w>
    <w>byråkrati</w>
    <w>och</w>
    <w>driver</w>
    <w>upp</w>
    <w>skadliga</w>
    <w>marginalskatter</w>
  </absaspan>
  <w>.</w>
</absapar>
<absapar id=8>
  <w>I</w>
  <w>en</w>
  <w>ny</w>
  <w>rapport</w>
  <w>föreslår</w>
  <w>vi</w>
  <w>att</w>
  <w>barnbidraget</w>
  <w>och</w>
  <w>studiehjälpen</w>
  <w>avskaffas</w>
  <w>helt</w>
  <w>och</w>
  <w>att</w>
  <w>andra</w>
  <w>bidrag</w>
  <w>höjs</w>
  <w>med</w>
  <w>motsvarande</w>
  <w>belopp</w>
  <w>för</w>
  <w>familjer</w>
  <w>som</w>
  <w>har</w>
  <w>det</w>
  <w>svårt</w>
  <w>.</w>
  <w>Redan</w>
  <w>i</w>
  <w>dag</w>
  <w>skulle</w>
  <w>försörjningsstödet</w>
  <w>automatiskt</w>
  <w>kompensera</w>
  <w>bortfallet</w>
  <w>i</w>
  <w>inkomst</w>
  <w>för</w>
  <w>de</w>
  <w>allra</w>
  <w>mest</w>
  <w>utsatta</w>
  <w>.</w>
</absapar>
<absapar id=9>
  <w>För</w>
  <w>att</w>
  <w>ersätta</w>
  <w>de</w>
  <w>som</w>
  <w>lever</w>
  <w>på</w>
  <w>andra</w>
  <w>bidrag</w>
  <w>än</w>
  <w>försörjningsstödet</w>
  <w>,</w>
  <w>eller</w>
  <w>har</w>
  <w>en</w>
  <w>låg</w>
  <w>inkomst</w>
  <w>men</w>
  <w>barn</w>
  <w>att</w>
  <w>försörja</w>
  <w>,</w>
  <w>kan</w>
  <w>bostadsbidraget</w>
  <w>höjas</w>
  <w>genom</w>
  <w>att</w>
  <w>det</w>
  <w>särskilda</w>
  <w>bidraget</w>
  <w>för</w>
  <w>hemmavarande</w>
  <w>barn</w>
  <w>höjs</w>
  <w>med</w>
  <w>1</w>
  <w>250</w>
  <w>kronor</w>
  <w>per</w>
  <w>barn</w>
  <w>för</w>
  <w>ett</w>
  <w>till</w>
  <w>tre</w>
  <w>barn</w>
  <w>och</w>
  <w>att</w>
  <w>avräkningen</w>
  <w>ökas</w>
  <w>från</w>
  <w>20</w>
  <w>till</w>
  <w>25</w>
  <w>procent</w>
  <w>.</w>
  <absaspan id=20>
    <w>Det</w>
  </absaspan>
  <absaspan id=21 senti=4>
    <w>skulle</w>
    <w>öka</w>
    <w>träffsäkerheten</w>
    <w>mot</w>
    <w>fattiga</w>
    <w>familjer</w>
    <w>avsevärt</w>
  </absaspan>
  <w>.</w>
</absapar>
<absapar id=10>
  <absaspan id=22>
    <w>Reformen</w>
  </absaspan>
  <absaspan id=23 senti=4>
    <w>skulle</w>
    <w>spara</w>
    <w>32</w>
    <w>miljarder</w>
    <w>skattekronor</w>
    <w>årligen</w>
  </absaspan>
  <w>.</w>
  <w>För</w>
  <w>de</w>
  <w>pengarna</w>
  <w>skulle</w>
  <w>exempelvis</w>
  <w>kommunalskatten</w>
  <w>kunna</w>
  <w>sänkas</w>
  <w>med</w>
  <w>två</w>
  <w>procentenheter</w>
  <w>,</w>
  <w>vilket</w>
  <w>för</w>
  <w>en</w>
  <w>genomsnittlig</w>
  <w>heltidsarbetande</w>
  <w>motsvarar</w>
  <w>runt</w>
  <w>5</w>
  <w>700</w>
  <w>kronor</w>
  <w>per</w>
  <w>år</w>
  <w>.</w>
</absapar>
<absapar id=11>
  <w>Sverige</w>
  <w>behöver</w>
  <w>fundera</w>
  <w>på</w>
  <w>hur</w>
  <w>kostnaderna</w>
  <w>för</w>
  <w>välfärden</w>
  <w>ska</w>
  <w>prioriteras</w>
  <w>och</w>
  <w>finansieras</w>
  <w>.</w>
  <w>Bidrag</w>
  <w>bör</w>
  <w>endast</w>
  <w>betalas</w>
  <w>ut</w>
  <w>till</w>
  <w>dem</w>
  <w>som</w>
  <w>verkligen</w>
  <w>behöver</w>
  <w>ekonomiskt</w>
  <w>hjälp</w>
  <w>för</w>
  <w>att</w>
  <w>klara</w>
  <w>sig</w>
  <w>.</w>
  <w>De</w>
  <w>ska</w>
  <w>inte</w>
  <w>vara</w>
  <w>ett</w>
  <w>sätt</w>
  <w>för</w>
  <w>staten</w>
  <w>att</w>
  <w>blidka</w>
  <w>privilegierade</w>
  <w>grupper</w>
  <w>i</w>
  <w>samhället</w>
  <w>,</w>
  <w>på</w>
  <w>bekostnad</w>
  <w>av</w>
  <w>de</w>
  <w>som</w>
  <w>har</w>
  <w>det</w>
  <w>svårt</w>
  <w>.</w>
</absapar>
<absapar id=12>
  <absaspan id=24>
    <w>Allianspartierna</w>
  </absaspan>
  <w>har</w>
  <w>tyvärr</w>
  <w>accepterat</w>
  <w>höjningen</w>
  <w>av</w>
  <w>barnbidraget</w>
  <w>i</w>
  <w>sina</w>
  <w>budgetmotioner</w>
  <w>,</w>
  <w>trots</w>
  <w>att</w>
  <w>de</w>
  <w>generellt</w>
  <absaspan id=25 senti=2>
    <w>kritiserar</w>
  </absaspan>
  <absaspan id=26>
    <w>bidrag</w>
    <w>till</w>
    <w>dem</w>
    <w>som</w>
    <w>inte</w>
    <w>behöver</w>
  </absaspan>
  <w>.</w>
  <w>Det</w>
  <absaspan id=27 senti=2>
    <w>är</w>
    <w>inkonsekvent</w>
  </absaspan>
  <w>av</w>
  <absaspan id=28>
    <w>de</w>
    <w>borgerliga</w>
    <w>partierna</w>
  </absaspan>
  <w>,</w>
  <w>som</w>
  <w>även</w>
  <w>borde</w>
  <w>motsätta</w>
  <w>sig</w>
  <w>allmänna</w>
  <w>lyxbidrag</w>
  <w>till</w>
  <w>välbärgade</w>
  <w>familjer</w>
  <w>.</w>
</absapar>
<absapar id=13>
  <w>Isak</w>
  <w>Kupersmidt</w>
  <w>,</w>
  <w>doktorand</w>
  <w>i</w>
  <w>nationalekonomi</w>
  <w>vid</w>
  <w>Handelshögskolan</w>
  <w>i</w>
  <w>Stockholm</w>
  <w>och</w>
  <w>författare</w>
  <w>till</w>
  <w>rapportenSiri</w>
  <w>Steijer</w>
  <w>,</w>
  <w>programansvarig</w>
  <w>för</w>
  <w>arbetsmarknadsfrågor</w>
  <w>på</w>
  <w>Timbro</w>
  <w>.</w>
</absapar>
<absapar id=14>
  <w>Häng</w>
  <w>med</w>
  <w>i</w>
  <w>debatten</w>
  <w>och</w>
  <w>kommentera</w>
  <w>artikeln</w>
  <w>–</w>
  <w>gilla</w>
  <w>Debatt</w>
  <w>på</w>
  <w>Facebook</w>
  <w>.</w>
</absapar>
</absadoc>
