<absadoc annotators=1 senti=>
<absatitle>
  <w>#</w>
  <w>T</w>
  <w>IMM</w>
  <w>.</w>
  <w>80</w>
  <w>-</w>
  <w>årig</w>
  <w>kvinna</w>
  <w>attackerade</w>
  <w>nysvensk</w>
  <w>-</w>
  <w>misstänkt</w>
  <w>för</w>
  <w>"</w>
  <w>hets</w>
  <w>mot</w>
  <w>folkgrupp</w>
  <w>"</w>
  <w>.</w>
</absatitle>
<absapar id=1>
  <w>Vad</w>
  <w>tänker</w>
  <w>/</w>
  <w>tycker</w>
  <w>ni</w>
  <w>om</w>
  <w>händelsen</w>
  <w>/</w>
  <w>rapporteringen</w>
  <w>om</w>
  <w>händelsen</w>
  <w>?</w>
  <w>.</w>
</absapar>
</absadoc>
