<absadoc annotators=1 senti=0>
<absatitle>
  <w>Tjänar</w>
  <w>kommuner</w>
  <w>snabba</w>
  <w>pengar</w>
  <w>på</w>
  <w>nyanlända</w>
  <w>?</w>
</absatitle>
<absapar id=1>
  <w>Jag</w>
  <w>har</w>
  <w>läst</w>
  <w>olika</w>
  <w>inslag</w>
  <w>om</w>
  <w>kommuner</w>
  <w>som</w>
  <w>tar</w>
  <w>emot</w>
  <w>och</w>
  <w>det</w>
  <w>resulterar</w>
  <w>oftast</w>
  <w>i</w>
  <w>samma</w>
  <w>sak</w>
  <w>.</w>
  <w>Nämlingen</w>
  <w>hård</w>
  <w>belastning</w>
  <w>i</w>
  <w>ekonomin</w>
  <w>för</w>
  <w>kommunerna</w>
  <w>.</w>
  <w>Men</w>
  <w>det</w>
  <w>jag</w>
  <w>börjar</w>
  <w>undra</w>
  <w>lite</w>
  <w>.</w>
  <w>Tjänar</w>
  <w>kommunerna</w>
  <w>snabbapengar</w>
  <w>på</w>
  <w>nyanlända</w>
  <w>eller</w>
  <w>vad</w>
  <w>är</w>
  <w>själva</w>
  <w>grundiden</w>
  <w>med</w>
  <w>bidragssystemet</w>
  <w>?</w>
  <w>.</w>
</absapar>
<absapar id=2>
  <w>Så</w>
  <w>här</w>
  <w>fungerar</w>
  <w>det</w>
  <w>när</w>
  <w>kommuner</w>
  <w>tar</w>
  <w>emot</w>
  <w>.</w>
</absapar>
<absapar id=3>
  <w>Ni</w>
  <w>hänger</w>
  <w>med</w>
  <w>så</w>
  <w>långt</w>
  <w>?</w>
  <w>Det</w>
  <w>är</w>
  <w>nästa</w>
  <w>exempel</w>
  <w>som</w>
  <w>jag</w>
  <w>kommer</w>
  <w>visa</w>
  <w>jag</w>
  <w>inte</w>
  <w>förstår</w>
  <w>logiken</w>
  <w>för</w>
  <w>detta</w>
  <w>system</w>
  <w>att</w>
  <w>gå</w>
  <w>ihop</w>
  <w>.</w>
</absapar>
<absapar id=4>
  <w>Detta</w>
  <w>är</w>
  <w>Anders</w>
  <w>Lago's</w>
  <w>variant</w>
  <w>,</w>
  <w>detta</w>
  <w>är</w>
  <w>sanningen</w>
  <w>2</w>
  <w>år</w>
  <w>tidigare</w>
  <w>.</w>
</absapar>
<absapar id=5 senti=3>
  <w>Det</w>
  <w>jag</w>
  <w>börjar</w>
  <w>undra</w>
  <w>över</w>
  <w>här</w>
  <w>nu</w>
  <w>.</w>
  <w>Hur</w>
  <w>kan</w>
  <w>Södertäljes</w>
  <w>7000</w>
  <w>flyktingar</w>
  <w>kosta</w>
  <w>200</w>
  <w>miljoner</w>
  <w>statlig</w>
  <w>ersättning</w>
  <w>när</w>
  <w>min</w>
  <w>kommun</w>
  <w>med</w>
  <w>20</w>
  <w>-</w>
  <w>30.000</w>
  <w>invånare</w>
  <w>har</w>
  <w>en</w>
  <w>årsbudget</w>
  <w>på</w>
  <w>ca</w>
  <w>600</w>
  <w>-</w>
  <w>700</w>
  <w>miljoner</w>
  <w>per</w>
  <w>år</w>
  <w>?</w>
  <w>Används</w>
  <w>verkligen</w>
  <w>alla</w>
  <w>pengar</w>
  <w>till</w>
  <w>vad</w>
  <w>det</w>
  <w>var</w>
  <w>tänkt</w>
  <w>för</w>
  <w>?</w>
  <w>.</w>
</absapar>
<absapar id=6>
  <w>Varför</w>
  <w>sägs</w>
  <w>det</w>
  <w>inte</w>
  <w>vad</w>
  <w>som</w>
  <w>händer</w>
  <w>efter</w>
  <w>20</w>
  <w>månader</w>
  <w>när</w>
  <w>bidraget</w>
  <w>tar</w>
  <w>slut</w>
  <w>?</w>
  <w>Senast</w>
  <w>idag</w>
  <w>på</w>
  <w>rapports</w>
  <w>inslag</w>
  <w>om</w>
  <w>Vännäs</w>
  <w>.</w>
  <w>Inget</w>
  <w>alls</w>
  <w>.</w>
  <w>Bara</w>
  <w>pk</w>
  <w>om</w>
  <w>bostäder</w>
  <w>och</w>
  <w>möjligtvis</w>
  <w>jobb</w>
  <w>.</w>
</absapar>
<absapar id=7>
  <w>Tjänar</w>
  <w>kommunerna</w>
  <w>snabba</w>
  <w>pengar</w>
  <w>eller</w>
  <w>är</w>
  <w>det</w>
  <w>något</w>
  <w>annat</w>
  <w>?</w>
  <w>Jag</w>
  <w>får</w>
  <w>inte</w>
  <w>systemet</w>
  <w>att</w>
  <w>gå</w>
  <w>ihop</w>
  <w>och</w>
  <w>knappast</w>
  <w>är</w>
  <w>ekonomiskt</w>
  <w>hållbart</w>
  <w>.</w>
  <w>Ändå</w>
  <w>fortsätter</w>
  <w>det</w>
  <w>i</w>
  <w>kommun</w>
  <w>efter</w>
  <w>kommun</w>
  <w>?</w>
  <w>Och</w>
  <absaspan id=1>
    <w>rödgröna</w>
  </absaspan>
  <absaspan id=2 senti=2>
    <w>klagar</w>
  </absaspan>
  <w>på</w>
  <absaspan id=3>
    <w>ökad</w>
    <w>socialbidrag</w>
  </absaspan>
  <w>?</w>
  <w>Används</w>
  <w>detta</w>
  <w>system</w>
  <w>med</w>
  <w>statlig</w>
  <w>bidrag</w>
  <w>för</w>
  <w>man</w>
  <w>inte</w>
  <w>kan</w>
  <w>säga</w>
  <w>nej</w>
  <w>,</w>
  <w>vi</w>
  <w>kan</w>
  <w>inte</w>
  <w>ta</w>
  <w>emot</w>
  <w>fler</w>
  <w>?</w>
  <w>För</w>
  <w>då</w>
  <w>är</w>
  <w>man</w>
  <w>rasist</w>
  <w>?</w>
  <w>Till</w>
  <w>sist</w>
  <w>är</w>
  <w>det</w>
  <w>kommunerna</w>
  <w>som</w>
  <absaspan id=4 senti=2>
    <w>får</w>
    <w>ta</w>
    <w>skitet</w>
  </absaspan>
  <w>?</w>
  <absaspan id=5>
    <w>.</w>
  </absaspan>
</absapar>
<absapar id=8>
  <w>Är</w>
  <w>det</w>
  <w>några</w>
  <w>i</w>
  <w>kommunen</w>
  <w>som</w>
  <w>tjänar</w>
  <w>extra</w>
  <w>på</w>
  <w>detta</w>
  <w>som</w>
  <w>tack</w>
  <w>för</w>
  <w>de</w>
  <w>tar</w>
  <w>emot</w>
  <w>?</w>
  <w>Hur</w>
  <w>kan</w>
  <w>Vännäs</w>
  <w>som</w>
  <w>inte</w>
  <w>ens</w>
  <w>har</w>
  <w>jobb</w>
  <w>ta</w>
  <w>emot</w>
  <w>30</w>
  <w>-</w>
  <w>talet</w>
  <w>flyktingar</w>
  <w>?</w>
  <w>.</w>
</absapar>
<absapar id=9>
  <w>Är</w>
  <w>det</w>
  <w>verkligen</w>
  <w>ingen</w>
  <w>förutom</w>
  <w>de</w>
  <w>kommuner</w>
  <w>som</w>
  <w>inte</w>
  <w>tar</w>
  <w>emot</w>
  <w>att</w>
  <w>de</w>
  <w>ställer</w>
  <w>sig</w>
  <w>frågan</w>
  <w>,</w>
  <w>var</w>
  <w>händer</w>
  <w>när</w>
  <w>bidragen</w>
  <w>tar</w>
  <w>slut</w>
  <w>?</w>
  <w>Vem</w>
  <w>tjänar</w>
  <w>på</w>
  <w>detta</w>
  <w>?</w>
  <w>Vilken</w>
  <w>kommun</w>
  <w>har</w>
  <w>tjänat</w>
  <w>på</w>
  <w>detta</w>
  <w>?</w>
  <w>.</w>
</absapar>
</absadoc>
