<absadoc annotators=1 senti=>
<absatitle>
  <w>Här</w>
  <w>betalar</w>
  <w>kvinnor</w>
  <w>från</w>
  <w>Syrien</w>
  <w>med</w>
  <w>sex</w>
  <w>.</w>
</absatitle>
<absapar id=1>
  <w>#</w>
  <w>P</w>
  <w>IMM</w>
  <w>.</w>
  <w>”</w>
  <w>Det</w>
  <w>är</w>
  <w>som</w>
  <w>om</w>
  <w>jag</w>
  <w>vill</w>
  <w>explodera</w>
  <w>inifrån</w>
  <w>för</w>
  <w>att</w>
  <w>bli</w>
  <w>av</w>
  <w>med</w>
  <w>smärtan</w>
  <w>.</w>
  <w>Jag</w>
  <w>har</w>
  <w>förlorat</w>
  <w>allt</w>
  <w>”</w>
  <w>.</w>
</absapar>
<absapar id=2>
  <w>Det</w>
  <w>säger</w>
  <w>Raja</w>
  <w>s</w>
  <w>.</w>
</absapar>
<absapar id=3>
  <w>om</w>
  <w>såg</w>
  <w>sin</w>
  <w>man</w>
  <w>dödas</w>
  <w>när</w>
  <w>en</w>
  <w>raket</w>
  <w>träffade</w>
  <w>deras</w>
  <w>hem</w>
  <w>.</w>
  <w>Raja</w>
  <w>är</w>
  <w>en</w>
  <w>av</w>
  <w>de</w>
  <w>flyktingkvinnor</w>
  <w>från</w>
  <w>Syrien</w>
  <w>som</w>
  <w>jag</w>
  <w>och</w>
  <w>mina</w>
  <w>kollegor</w>
  <w>träffar</w>
  <w>under</w>
  <w>en</w>
  <w>resa</w>
  <w>i</w>
  <w>Libanon</w>
  <w>.</w>
  <w>Vi</w>
  <w>är</w>
  <w>här</w>
  <w>för</w>
  <w>att</w>
  <w>möta</w>
  <absaspan id=1>
    <w>organisationer</w>
  </absaspan>
  <w>som</w>
  <absaspan id=2>
    <w>Kvinna</w>
    <w>till</w>
    <w>Kvinna</w>
  </absaspan>
  <absaspan id=3 senti=4>
    <w>stödjer</w>
  </absaspan>
  <w>och</w>
  <w>se</w>
  <w>vilka</w>
  <w>behov</w>
  <w>som</w>
  <w>finns</w>
  <w>i</w>
  <w>spåren</w>
  <w>av</w>
  <w>Syrienkriget</w>
  <w>.</w>
</absapar>
<absapar id=4>
  <w>Raja</w>
  <w>,</w>
  <w>liksom</w>
  <w>alla</w>
  <w>vi</w>
  <w>träffar</w>
  <w>,</w>
  <w>vittnar</w>
  <w>om</w>
  <w>traumatisering</w>
  <w>,</w>
  <absaspan id=4 senti=1>
    <w>förödmjukelser</w>
  </absaspan>
  <w>och</w>
  <absaspan id=5 senti=1>
    <w>exploatering</w>
  </absaspan>
  <w>.</w>
  <w>Deras</w>
  <w>liv</w>
  <w>har</w>
  <w>förvandlats</w>
  <w>till</w>
  <w>en</w>
  <w>mardröm</w>
  <absaspan id=6 senti=1>
    <w>.</w>
  </absaspan>
</absapar>
<absapar id=5>
  <absaspan id=7>
    <w>Libanon</w>
  </absaspan>
  <absaspan id=8>
    <w>är</w>
    <w>som</w>
    <w>ett</w>
    <w>enda</w>
    <w>stort</w>
    <w>flyktingläger</w>
  </absaspan>
  <w>.</w>
  <w>Hittills</w>
  <w>har</w>
  <w>cirka</w>
  <w>en</w>
  <w>miljon</w>
  <w>flyktingar</w>
  <w>tagit</w>
  <w>sig</w>
  <w>hit</w>
  <w>,</w>
  <w>till</w>
  <w>ett</w>
  <w>land</w>
  <w>med</w>
  <w>en</w>
  <w>befolkning</w>
  <w>på</w>
  <w>fyra</w>
  <w>miljoner</w>
  <w>.</w>
  <absaspan id=9>
    <w>Det</w>
  </absaspan>
  <absaspan id=10 senti=1>
    <w>skapar</w>
    <w>en</w>
    <w>enorm</w>
    <w>press</w>
    <w>på</w>
  </absaspan>
  <absaspan id=11>
    <w>Libanon</w>
  </absaspan>
  <w>,</w>
  <w>ett</w>
  <w>land</w>
  <w>som</w>
  <absaspan id=12 senti=2>
    <w>lever</w>
    <w>i</w>
    <w>efterverkningarna</w>
    <w>av</w>
  </absaspan>
  <absaspan id=13>
    <w>ett</w>
    <w>eget</w>
    <w>inbördeskrig</w>
  </absaspan>
  <w>.</w>
  <w>Samtidigt</w>
  <w>som</w>
  <w>efterfrågan</w>
  <w>på</w>
  <w>offentliga</w>
  <w>verksamheter</w>
  <w>ökar</w>
  <w>,</w>
  <w>minskar</w>
  <w>den</w>
  <w>ekonomiska</w>
  <w>tillväxten</w>
  <w>och</w>
  <w>arbetslösheten</w>
  <w>har</w>
  <w>fördubblats</w>
  <w>.</w>
  <w>Landets</w>
  <w>skolsystem</w>
  <w>är</w>
  <w>byggt</w>
  <w>för</w>
  <w>350</w>
  <w>000</w>
  <w>barn</w>
  <w>,</w>
  <w>nu</w>
  <w>finns</w>
  <w>ytterligare</w>
  <w>400</w>
  <w>000</w>
  <w>syriska</w>
  <w>barn</w>
  <w>.</w>
  <w>Hur</w>
  <w>ska</w>
  <w>denna</w>
  <w>ekvation</w>
  <w>gå</w>
  <w>ihop</w>
  <w>?</w>
  <w>.</w>
</absapar>
<absapar id=6>
  <absaspan id=14>
    <w>Landet</w>
  </absaspan>
  <absaspan id=15 senti=2>
    <w>knakar</w>
    <w>i</w>
    <w>fogarna</w>
  </absaspan>
  <w>och</w>
  <w>friktionen</w>
  <w>mellan</w>
  <w>grupper</w>
  <w>ökar</w>
  <w>.</w>
  <w>Libanon</w>
  <w>har</w>
  <w>inga</w>
  <w>regelrätta</w>
  <w>flyktingläger</w>
  <w>så</w>
  <w>som</w>
  <w>Turkiet</w>
  <w>,</w>
  <w>Jordanien</w>
  <w>och</w>
  <w>Irak</w>
  <w>.</w>
  <w>Här</w>
  <w>bor</w>
  <w>flyktingarna</w>
  <w>överallt</w>
  <w>,</w>
  <w>hos</w>
  <w>släktingar</w>
  <w>,</w>
  <w>på</w>
  <w>byggarbetsplatser</w>
  <w>,</w>
  <w>i</w>
  <w>trädgårdar</w>
  <w>,</w>
  <w>i</w>
  <w>moskéer</w>
  <w>.</w>
  <w>Det</w>
  <w>betyder</w>
  <w>att</w>
  <w>det</w>
  <w>blir</w>
  <w>svårare</w>
  <w>för</w>
  <w>humanitära</w>
  <w>organisationer</w>
  <w>att</w>
  <w>nå</w>
  <w>dem</w>
  <w>och</w>
  <absaspan id=16>
    <w>flyktingarna</w>
  </absaspan>
  <absaspan id=17 senti=1>
    <w>blir</w>
    <w>lätt</w>
    <w>utnyttjade</w>
    <w>av</w>
  </absaspan>
  <absaspan id=18>
    <w>hyresvärdar</w>
  </absaspan>
  <w>,</w>
  <absaspan id=19>
    <w>arbetsgivare</w>
  </absaspan>
  <w>och</w>
  <w>andra</w>
  <absaspan id=20>
    <w>privata</w>
    <w>aktörer</w>
  </absaspan>
  <w>.</w>
  <w>Nu</w>
  <w>ökar</w>
  <absaspan id=21 senti=1>
    <w>det</w>
    <w>som</w>
    <w>cyniskt</w>
    <w>kallas</w>
    <w>överlevnadssex</w>
  </absaspan>
  <w>,</w>
  <w>det</w>
  <w>vill</w>
  <w>säga</w>
  <w>att</w>
  <w>kvinnor</w>
  <w>och</w>
  <w>flickor</w>
  <w>betalar</w>
  <w>med</w>
  <w>sex</w>
  <w>istället</w>
  <w>för</w>
  <w>pengar</w>
  <w>.</w>
</absapar>
<absapar id=7>
  <w>De</w>
  <w>flesta</w>
  <w>bor</w>
  <w>mycket</w>
  <w>trångt</w>
  <w>,</w>
  <w>upp</w>
  <w>till</w>
  <w>30</w>
  <w>personer</w>
  <w>kan</w>
  <w>dela</w>
  <w>på</w>
  <w>två</w>
  <w>rum</w>
  <w>.</w>
  <w>Det</w>
  <w>är</w>
  <w>lätt</w>
  <w>att</w>
  <w>föreställa</w>
  <w>sig</w>
  <w>vilka</w>
  <w>spänningar</w>
  <w>det</w>
  <w>skapar</w>
  <w>.</w>
  <w>Många</w>
  <w>syriska</w>
  <w>flyktingbarn</w>
  <w>kan</w>
  <w>inte</w>
  <w>gå</w>
  <w>i</w>
  <w>skolan</w>
  <w>.</w>
  <w>Istället</w>
  <w>hålls</w>
  <w>de</w>
  <w>hemma</w>
  <w>vilket</w>
  <w>ökar</w>
  <w>trängseln</w>
  <w>liksom</w>
  <absaspan id=22 senti=2>
    <w>oron</w>
    <w>för</w>
    <w>barnens</w>
    <w>framtid</w>
  </absaspan>
  <w>,</w>
  <w>framförallt</w>
  <w>bland</w>
  <w>mammorna</w>
  <w>eftersom</w>
  <w>barnen</w>
  <w>är</w>
  <w>deras</w>
  <w>ansvar</w>
  <w>.</w>
  <w>Alla</w>
  <w>vi</w>
  <w>pratar</w>
  <w>med</w>
  <w>bekräftar</w>
  <w>att</w>
  <w>den</w>
  <absaspan id=23 senti=2>
    <w>ständiga</w>
    <w>stressen</w>
  </absaspan>
  <w>gör</w>
  <w>att</w>
  <w>våldet</w>
  <w>mot</w>
  <w>kvinnor</w>
  <w>och</w>
  <w>barn</w>
  <w>inom</w>
  <w>familjen</w>
  <w>tilltar</w>
  <w>.</w>
</absapar>
<absapar id=8>
  <absaspan id=24>
    <w>De</w>
  </absaspan>
  <absaspan id=25>
    <w>organisationer</w>
    <w>Kvinna</w>
    <w>till</w>
    <w>Kvinna</w>
    <w>stödjer</w>
  </absaspan>
  <w>erbjuder</w>
  <w>en</w>
  <w>plats</w>
  <w>där</w>
  <w>kvinnorna</w>
  <w>kan</w>
  <w>utbyta</w>
  <w>erfarenheter</w>
  <w>,</w>
  <w>träffa</w>
  <w>psykologer</w>
  <w>,</w>
  <w>och</w>
  <w>få</w>
  <w>viktig</w>
  <w>information</w>
  <w>.</w>
  <absaspan id=26>
    <w>Organisationerna</w>
  </absaspan>
  <w>är</w>
  <absaspan id=27 senti=5>
    <w>en</w>
    <w>motkraft</w>
    <w>till</w>
    <w>våldet</w>
    <w>,</w>
    <w>hopplösheten</w>
    <w>och</w>
    <w>förtvivlan</w>
  </absaspan>
  <w>.</w>
  <w>Men</w>
  <absaspan id=28>
    <w>de</w>
  </absaspan>
  <absaspan id=29 senti=2>
    <w>har</w>
    <w>svårt</w>
    <w>att</w>
    <w>möta</w>
    <w>de</w>
    <w>skriande</w>
    <w>behoven</w>
  </absaspan>
  <w>och</w>
  <w>samtidigt</w>
  <w>upprätthålla</w>
  <w>sin</w>
  <w>ordinarie</w>
  <w>verksamhet</w>
  <w>.</w>
</absapar>
<absapar id=9>
  <w>Barnäktenskapen</w>
  <w>ökar</w>
  <w>också</w>
  <w>som</w>
  <w>en</w>
  <w>följd</w>
  <w>av</w>
  <absaspan id=30 senti=1>
    <w>den</w>
    <w>desperata</w>
    <w>situationen</w>
  </absaspan>
  <w>bland</w>
  <w>flyktingarna</w>
  <w>.</w>
  <w>Vi</w>
  <w>träffar</w>
  <w>en</w>
  <w>mamma</w>
  <w>vars</w>
  <w>14</w>
  <w>åriga</w>
  <w>dotter</w>
  <w>snart</w>
  <w>ska</w>
  <w>giftas</w>
  <w>bort</w>
  <w>.</w>
  <absaspan id=31>
    <w>Flickan</w>
  </absaspan>
  <absaspan id=32 senti=4>
    <w>drömmer</w>
    <w>om</w>
  </absaspan>
  <absaspan id=33>
    <w>att</w>
    <w>gå</w>
    <w>i</w>
    <w>skolan</w>
  </absaspan>
  <w>men</w>
  <w>mamman</w>
  <w>säger</w>
  <w>trött</w>
  <w>att</w>
  <w>hon</w>
  <w>inte</w>
  <w>har</w>
  <w>något</w>
  <w>val</w>
  <w>.</w>
  <w>Mamman</w>
  <w>upplever</w>
  <w>att</w>
  <w>hon</w>
  <w>inte</w>
  <w>kan</w>
  <w>erbjuda</w>
  <w>sin</w>
  <w>dotter</w>
  <w>en</w>
  <w>framtid</w>
  <w>.</w>
</absapar>
<absapar id=10>
  <absaspan id=34>
    <w>FN-organen</w>
    <w>som</w>
    <w>vi</w>
    <w>träffar</w>
  </absaspan>
  <absaspan id=35 senti=2>
    <w>oroas</w>
    <w>över</w>
  </absaspan>
  <absaspan id=36>
    <w>bristen</w>
    <w>på</w>
    <w>resurser</w>
  </absaspan>
  <w>samtidigt</w>
  <w>som</w>
  <w>behoven</w>
  <w>bland</w>
  <w>flyktingarna</w>
  <w>och</w>
  <w>den</w>
  <w>libanesiska</w>
  <w>befolkningen</w>
  <w>växer</w>
  <w>.</w>
  <w>På</w>
  <w>grund</w>
  <w>av</w>
  <w>resursbristen</w>
  <w>kräver</w>
  <w>givarländer</w>
  <w>,</w>
  <w>inklusive</w>
  <w>Sverige</w>
  <w>,</w>
  <w>att</w>
  <absaspan id=37 senti=4>
    <w>hjälpinsatserna</w>
    <w>ska</w>
    <w>riktas</w>
    <w>till</w>
  </absaspan>
  <absaspan id=38>
    <w>de</w>
    <w>mest</w>
    <w>utsatta</w>
  </absaspan>
  <w>.</w>
  <w>Samtidigt</w>
  <absaspan id=39 senti=2>
    <w>varnar</w>
  </absaspan>
  <w>FN-tjänstemän</w>
  <absaspan id=40 senti=2>
    <w>för</w>
  </absaspan>
  <absaspan id=41>
    <w>att</w>
    <w>det</w>
    <w>riktade</w>
    <w>stödet</w>
    <w>ökar</w>
    <w>konflikterna</w>
    <w>i</w>
    <w>samhället</w>
  </absaspan>
  <w>.</w>
  <w>Detta</w>
  <w>är</w>
  <absaspan id=42 senti=2>
    <w>ett</w>
    <w>verkligt</w>
    <w>dilemma</w>
  </absaspan>
  <w>för</w>
  <w>världssamfundet</w>
  <w>och</w>
  <w>Libanon</w>
  <w>.</w>
</absapar>
<absapar id=11>
  <w>Det</w>
  <w>är</w>
  <w>uppenbart</w>
  <w>att</w>
  <absaspan id=43 senti=4>
    <w>stödet</w>
    <w>till</w>
  </absaspan>
  <absaspan id=44>
    <w>Libanon</w>
  </absaspan>
  <w>behöver</w>
  <w>omfatta</w>
  <w>såväl</w>
  <w>flyktingarna</w>
  <w>som</w>
  <w>de</w>
  <w>lokala</w>
  <w>samhällena</w>
  <w>för</w>
  <w>att</w>
  <w>inte</w>
  <absaspan id=45 senti=2>
    <w>underblåsa</w>
    <w>konflikter</w>
  </absaspan>
  <w>.</w>
  <w>Här</w>
  <w>måste</w>
  <w>givarländer</w>
  <w>och</w>
  <w>FN</w>
  <w>hitta</w>
  <w>nya</w>
  <w>strategier</w>
  <w>för</w>
  <w>att</w>
  <absaspan id=46 senti=2>
    <w>motverka</w>
  </absaspan>
  <absaspan id=47>
    <w>att</w>
    <w>kriget</w>
    <w>i</w>
    <w>Syrien</w>
    <w>sprids</w>
    <w>i</w>
    <w>regionen</w>
  </absaspan>
  <w>.</w>
</absapar>
<absapar id=12>
  <w>Resan</w>
  <w>bekräftar</w>
  <w>för</w>
  <w>oss</w>
  <w>att</w>
  <w>det</w>
  <w>fortfarande</w>
  <absaspan id=48 senti=2>
    <w>finns</w>
    <w>brister</w>
    <w>inom</w>
  </absaspan>
  <absaspan id=49>
    <w>FN-systemet</w>
  </absaspan>
  <w>när</w>
  <w>det</w>
  <w>gäller</w>
  <w>att</w>
  <w>se</w>
  <w>till</w>
  <w>kvinnors</w>
  <w>särskilda</w>
  <w>behov</w>
  <w>och</w>
  <w>rättigheter</w>
  <w>.</w>
  <w>Därför</w>
  <w>är</w>
  <w>det</w>
  <w>viktigt</w>
  <w>att</w>
  <absaspan id=50>
    <w>Sverige</w>
  </absaspan>
  <w>,</w>
  <w>som</w>
  <absaspan id=51 senti=5>
    <w>har</w>
    <w>hög</w>
    <w>trovärdighet</w>
    <w>i</w>
    <w>jämställdhetsfrågor</w>
  </absaspan>
  <w>,</w>
  <w>aldrig</w>
  <w>sänker</w>
  <w>garden</w>
  <w>utan</w>
  <w>ständigt</w>
  <w>driver</w>
  <w>dessa</w>
  <w>frågor</w>
  <w>internationellt</w>
  <w>.</w>
  <absaspan id=52>
    <w>Det</w>
    <w>ökade</w>
    <w>våldet</w>
  </absaspan>
  <w>,</w>
  <absaspan id=53 senti=1>
    <w>exploateringen</w>
    <w>av</w>
  </absaspan>
  <absaspan id=54>
    <w>kvinnor</w>
  </absaspan>
  <w>samt</w>
  <absaspan id=55>
    <w>antalet</w>
    <w>barnäktenskap</w>
  </absaspan>
  <w>är</w>
  <absaspan id=56 senti=1>
    <w>illavarslande</w>
  </absaspan>
  <absaspan id=57>
    <w>.</w>
  </absaspan>
  <w>Det</w>
  <w>försvårar</w>
  <w>för</w>
  <w>kvinnor</w>
  <w>att</w>
  <w>i</w>
  <w>framtiden</w>
  <w>delta</w>
  <w>i</w>
  <w>arbetet</w>
  <w>för</w>
  <w>ett</w>
  <w>demokratiskt</w>
  <w>Syrien</w>
  <w>.</w>
</absapar>
<absapar id=13>
  <w>Lena</w>
  <w>Ag</w>
  <w>,</w>
  <w>.</w>
</absapar>
<absapar id=14>
  <w>generalsekreterare</w>
  <w>,</w>
  <w>Kvinna</w>
  <w>till</w>
  <w>Kvinna</w>
  <w>.</w>
</absapar>
<absapar id=15>
  <w>FAKTA</w>
  <w>.</w>
</absapar>
</absadoc>
