<absadoc annotators=1 senti=3>
<absatitle>
  <w>Tips</w>
  <w>på</w>
  <w>bra</w>
  <w>litteratur</w>
  <w>ang</w>
  <w>.</w>
  <w>invandring</w>
  <w>?</w>
</absatitle>
<absapar id=1 senti=3>
  <w>Jag</w>
  <w>vill</w>
  <w>inte</w>
  <w>gå</w>
  <w>in</w>
  <w>detaljer</w>
  <w>men</w>
  <w>jag</w>
  <w>ska</w>
  <w>skriva</w>
  <w>ett</w>
  <w>examensarbete</w>
  <w>ang</w>
  <w>.</w>
  <w>Sveriges</w>
  <w>invandringspolitik</w>
  <w>på</w>
  <w>ett</w>
  <w>Svenskt</w>
  <w>universitet</w>
  <w>.</w>
</absapar>
<absapar id=2>
  <w>Nå</w>
  <w>,</w>
  <w>jag</w>
  <w>har</w>
  <w>hittat</w>
  <w>följande</w>
  <absaspan id=1 senti=4>
    <w>bra</w>
  </absaspan>
  <absaspan id=2>
    <w>böcker</w>
  </absaspan>
  <w>men</w>
  <absaspan id=3 senti=4>
    <w>behöver</w>
  </absaspan>
  <absaspan id=4>
    <w>tips</w>
    <w>på</w>
    <w>fler</w>
  </absaspan>
  <w>:</w>
  <w>.</w>
</absapar>
<absapar id=3 senti=3>
  <w>Invandringen</w>
  <w>till</w>
  <w>Sverige</w>
  <w>Christer</w>
  <w>Lundh</w>
  <w>.</w>
</absapar>
<absapar id=4 senti=3>
  <w>Sverige</w>
  <w>och</w>
  <w>invandringen</w>
  <w>Karl-Olov</w>
  <w>Arnstberg</w>
  <w>.</w>
</absapar>
<absapar id=5 senti=3>
  <w>Från</w>
  <w>arbetskraftsimport</w>
  <w>till</w>
  <w>flyktinginvandring</w>
  <w>Rolf</w>
  <w>Ohlsson</w>
  <w>.</w>
</absapar>
<absapar id=6 senti=3>
  <w>Välkomna</w>
  <w>till</w>
  <w>Sverige</w>
  <w>?</w>
  <w>:</w>
  <w>Svenska</w>
  <w>migrationspolitiska</w>
  <w>diskurser</w>
  <w>under</w>
  <w>1900</w>
  <w>-</w>
  <w>talets</w>
  <w>andra</w>
  <w>hälft</w>
  <w>.</w>
</absapar>
<absapar id=7 senti=3>
  <w>Tusen</w>
  <w>år</w>
  <w>av</w>
  <w>invandring</w>
  <w>:</w>
  <w>en</w>
  <w>svensk</w>
  <w>kulturhistoria</w>
  <w>Ingvar</w>
  <w>Svanberg</w>
  <w>.</w>
</absapar>
<absapar id=8 senti=3>
  <w>Mångfald</w>
  <w>och</w>
  <w>differentiering</w>
  <w>de</w>
  <w>los</w>
  <w>Reyes</w>
  <w>,</w>
  <w>Paulina</w>
  <w>,</w>
  <w>.</w>
</absapar>
<absapar id=9>
  <w>Pro</w>
  <w>sidan</w>
  <w>.</w>
</absapar>
<absapar id=10 senti=3>
  <w>Flyktingboken</w>
  <w>-</w>
  <w>från</w>
  <w>Duvemåla</w>
  <w>till</w>
  <w>Fort</w>
  <w>Europa</w>
  <w>-</w>
  <w>Sanna</w>
  <w>Vestin</w>
  <w>.</w>
</absapar>
<absapar id=11 senti=3>
  <absaspan id=5 senti=2>
    <w>Flyktingfällan</w>
  </absaspan>
  <absaspan id=6>
    <w>Sanna</w>
    <w>Vestin</w>
  </absaspan>
  <w>.</w>
</absapar>
<absapar id=12>
  <w>Nej</w>
  <w>sidan</w>
  <w>.</w>
</absapar>
<absapar id=13 senti=3>
  <w>Mångkultur</w>
  <w>eller</w>
  <w>välfärd</w>
  <w>?</w>
  <w>:</w>
  <w>Sverige</w>
  <w>berikar</w>
  <w>andra</w>
  <w>folk</w>
  <w>till</w>
  <w>priset</w>
  <w>av</w>
  <w>ökade</w>
  <w>Lars</w>
  <w>Jansson</w>
  <w>.</w>
</absapar>
<absapar id=14>
  <w>Exit</w>
  <w>folkhemssverige</w>
  <w>Ingrid</w>
  <w>Björkman</w>
  <w>.</w>
</absapar>
<absapar id=15 senti=3>
  <w>Invandrarpolitiken</w>
  <w>i</w>
  <w>"</w>
  <w>Månas</w>
  <w>"</w>
  <w>Sverige</w>
  <w>:</w>
  <w>en</w>
  <w>debatt</w>
  <w>i</w>
  <w>Ölandsbladet</w>
  <w>vårvintern</w>
  <w>.</w>
</absapar>
<absapar id=16>
  <w>Någon</w>
  <w>som</w>
  <w>har</w>
  <absaspan id=7 senti=4>
    <w>bra</w>
  </absaspan>
  <absaspan id=8>
    <w>förslag</w>
  </absaspan>
  <w>?</w>
  <w>.</w>
</absapar>
<absapar id=17>
  <w>Och</w>
  <w>snälla</w>
  <w>,</w>
  <w>inga</w>
  <absaspan id=9>
    <w>länkar</w>
    <w>till</w>
    <w>Nordiska</w>
    <w>förlaget</w>
  </absaspan>
  <w>eller</w>
  <w>liknande</w>
  <absaspan id=10 senti=2>
    <w>.</w>
  </absaspan>
</absapar>
</absadoc>
