<absadoc annotators=1 senti=>
<absatitle>
  <w>Fjärrvärmekunder</w>
  <w>ska</w>
  <w>kunna</w>
  <w>välja</w>
  <w>.</w>
</absatitle>
<absapar id=1>
  <w>AVREGLERING</w>
  <absaspan id=1 senti=1>
    <w>Kritiken</w>
    <w>har</w>
    <w>varit</w>
    <w>hård</w>
    <w>mot</w>
  </absaspan>
  <absaspan id=2>
    <w>prissättning</w>
    <w>och</w>
    <w>bristande</w>
    <w>konkurrens</w>
    <w>på</w>
    <w>fjärrvärmeområdet</w>
  </absaspan>
  <absaspan id=3>
    <w>.</w>
  </absaspan>
  <w>Nu</w>
  <w>konstaterar</w>
  <w>Vattenfall</w>
  <w>,</w>
  <w>Eon</w>
  <w>och</w>
  <w>Fastighets-ägarna</w>
  <w>Stockholm</w>
  <w>att</w>
  <w>det</w>
  <w>finns</w>
  <w>möjlighet</w>
  <w>att</w>
  <w>avreglera</w>
  <w>marknaden</w>
  <w>så</w>
  <w>att</w>
  <w>den</w>
  <w>blir</w>
  <w>konkurrensutsatt</w>
  <w>så</w>
  <w>att</w>
  <w>värmeleverantörer</w>
  <w>ska</w>
  <w>kunna</w>
  <w>leverera</w>
  <w>i</w>
  <w>andras</w>
  <w>nät</w>
  <w>.</w>
</absapar>
<absapar id=2>
  <w>I</w>
  <w>*</w>
  <w>*</w>
  <w>*</w>
  <w>*</w>
  <w>dag</w>
  <w>presenteras</w>
  <w>en</w>
  <w>rapport</w>
  <w>,</w>
  <w>Öppnade</w>
  <w>fjärrvärmenät</w>
  <w>i</w>
  <w>Storstockholm</w>
  <w>,</w>
  <w>som</w>
  <w>beskriver</w>
  <w>hur</w>
  <w>man</w>
  <w>kan</w>
  <w>utveckla</w>
  <w>fjärrvärmeförsörjningen</w>
  <w>i</w>
  <w>Storstockholm</w>
  <w>.</w>
  <w>Rapporten</w>
  <w>visar</w>
  <w>att</w>
  <w>det</w>
  <w>är</w>
  <w>möjligt</w>
  <w>att</w>
  <w>skapa</w>
  <w>konkurrens</w>
  <w>mellan</w>
  <w>olika</w>
  <w>fjärrvärmeaktörer</w>
  <w>inom</w>
  <w>detta</w>
  <w>område</w>
  <w>och</w>
  <w>att</w>
  <w>det</w>
  <w>skulle</w>
  <w>vara</w>
  <w>till</w>
  <w>nytta</w>
  <w>för</w>
  <w>slutkunderna</w>
  <w>.</w>
  <w>Med</w>
  <w>en</w>
  <w>värmeförsäljning</w>
  <w>på</w>
  <w>Nordens</w>
  <w>största</w>
  <w>värmemarknad</w>
  <w>med</w>
  <w>cirka</w>
  <w>12</w>
  <w>TWh</w>
  <w>,</w>
  <w>ett</w>
  <w>flertal</w>
  <w>aktörer</w>
  <w>och</w>
  <w>med</w>
  <w>ett</w>
  <w>delvis</w>
  <w>integrerat</w>
  <w>system</w>
  <w>,</w>
  <w>är</w>
  <w>förutsättningarna</w>
  <w>mycket</w>
  <w>goda</w>
  <w>för</w>
  <w>en</w>
  <w>välfungerande</w>
  <w>marknad</w>
  <w>.</w>
</absapar>
<absapar id=3>
  <w>Det</w>
  <w>här</w>
  <w>är</w>
  <w>en</w>
  <w>argumenterande</w>
  <w>text</w>
  <w>med</w>
  <w>syfte</w>
  <w>att</w>
  <w>påverka</w>
  <w>.</w>
  <w>Åsikterna</w>
  <w>som</w>
  <w>uttrycks</w>
  <w>är</w>
  <w>skribentens</w>
  <w>egna</w>
  <w>.</w>
</absapar>
<absapar id=4>
  <w>Rapporten</w>
  <w>är</w>
  <w>skriven</w>
  <w>på</w>
  <w>uppdrag</w>
  <w>av</w>
  <w>Fastighetsägarna</w>
  <w>Stockholm</w>
  <w>,</w>
  <w>E.ON</w>
  <w>Värme</w>
  <w>Sverige</w>
  <w>AB</w>
  <w>och</w>
  <w>Vattenfall</w>
  <w>AB</w>
  <w>Heat</w>
  <w>Nordic</w>
  <w>av</w>
  <w>en</w>
  <w>extern</w>
  <w>oberoende</w>
  <w>konsult</w>
  <w>för</w>
  <w>att</w>
  <w>se</w>
  <w>hur</w>
  <w>man</w>
  <w>i</w>
  <w>syfte</w>
  <w>att</w>
  <w>stärka</w>
  <w>förtroendet</w>
  <w>för</w>
  <w>fjärrvärmen</w>
  <w>kan</w>
  <w>öppna</w>
  <w>upp</w>
  <w>Storstockholms</w>
  <w>fjärrvärmesystem</w>
  <w>för</w>
  <w>konkurrens</w>
  <w>.</w>
</absapar>
<absapar id=5>
  <absaspan id=4>
    <w>Fjärrvärme</w>
  </absaspan>
  <absaspan id=5 senti=2>
    <w>är</w>
    <w>en</w>
    <w>på</w>
    <w>många</w>
    <w>sätt</w>
    <w>mycket</w>
    <w>bra</w>
    <w>form</w>
    <w>för</w>
    <w>uppvärmning</w>
    <w>av</w>
    <w>bostäder</w>
    <w>och</w>
    <w>lokaler</w>
  </absaspan>
  <w>.</w>
  <w>Med</w>
  <absaspan id=6>
    <w>hög</w>
    <w>energieffektivitet</w>
    <w>och</w>
    <w>god</w>
    <w>miljöprestanda</w>
  </absaspan>
  <absaspan id=7 senti=4>
    <w>får</w>
  </absaspan>
  <absaspan id=8>
    <w>fjärrvärmekunden</w>
  </absaspan>
  <absaspan id=9 senti=4>
    <w>en</w>
  </absaspan>
  <absaspan id=10 senti=4>
    <w>bekväm</w>
    <w>och</w>
    <w>trygg</w>
    <w>uppvärmning</w>
  </absaspan>
  <w>.</w>
  <w>Under</w>
  <w>två</w>
  <w>decennier</w>
  <absaspan id=11 senti=4>
    <w>har</w>
  </absaspan>
  <absaspan id=12>
    <w>fjärrvärmen</w>
  </absaspan>
  <absaspan id=13 senti=4>
    <w>minskat</w>
  </absaspan>
  <absaspan id=14 senti=4>
    <w>koldioxidutsläppen</w>
    <w>från</w>
    <w>uppvärmning</w>
    <w>med</w>
    <w>11</w>
    <w>miljoner</w>
    <w>ton</w>
    <w>,</w>
    <w>vilket</w>
    <w>motsvarar</w>
    <w>20</w>
    <w>procent</w>
    <w>av</w>
    <w>de</w>
    <w>nu-varande</w>
    <w>utsläppen</w>
    <w>från</w>
    <w>hela</w>
    <w>svenska</w>
    <w>samhället</w>
    <w>.</w>
  </absaspan>
</absapar>
<absapar id=6>
  <w>Ändå</w>
  <absaspan id=15 senti=3>
    <w>kan</w>
    <w>inte</w>
  </absaspan>
  <absaspan id=16>
    <w>allt</w>
  </absaspan>
  <absaspan id=17 senti=3>
    <w>sägas</w>
  </absaspan>
  <absaspan id=18 senti=3>
    <w>vara</w>
    <w>frid</w>
    <w>och</w>
    <w>fröjd</w>
  </absaspan>
  <w>.</w>
  <absaspan id=19>
    <w>Utformningen</w>
    <w>av</w>
    <w>fjärrvärmemarknaden</w>
    <w>och</w>
    <w>prissättningen</w>
  </absaspan>
  <absaspan id=20 senti=2>
    <w>har</w>
  </absaspan>
  <w>under</w>
  <w>senare</w>
  <w>år</w>
  <absaspan id=21 senti=2>
    <w>varit</w>
  </absaspan>
  <absaspan id=22 senti=2>
    <w>ifrågasatt</w>
  </absaspan>
  <w>,</w>
  <w>vilket</w>
  <w>har</w>
  <w>skadat</w>
  <w>förtroendet</w>
  <w>och</w>
  <w>fått</w>
  <w>kunder</w>
  <w>att</w>
  <w>efterfråga</w>
  <w>andra</w>
  <w>alternativ</w>
  <absaspan id=23>
    <w>.</w>
  </absaspan>
  <absaspan id=24 senti=4>
    <w>Det</w>
    <w>är</w>
    <w>vår</w>
    <w>fasta</w>
    <w>övertygelse</w>
    <w>att</w>
  </absaspan>
  <absaspan id=25>
    <w>denna</w>
    <w>förtroendebrist</w>
  </absaspan>
  <absaspan id=26 senti=2>
    <w>går</w>
    <w>att</w>
    <w>avhjälpa</w>
  </absaspan>
  <w>.</w>
  <absaspan id=27 senti=4>
    <w>Vägen</w>
    <w>vi</w>
    <w>vill</w>
    <w>gå</w>
    <w>stavas</w>
  </absaspan>
  <absaspan id=28>
    <w>konkurrens</w>
  </absaspan>
  <w>.</w>
  <absaspan id=29>
    <w>Vi</w>
  </absaspan>
  <absaspan id=30 senti=4>
    <w>vill</w>
  </absaspan>
  <absaspan id=31>
    <w>ge</w>
    <w>fjärrvärmekunden</w>
    <w>reella</w>
    <w>alternativ</w>
    <w>att</w>
    <w>välja</w>
    <w>mellan</w>
  </absaspan>
  <w>.</w>
</absapar>
<absapar id=7>
  <w>En</w>
  <w>konkurrensutsatt</w>
  <w>fjärrvärmemarknad</w>
  <w>och</w>
  <w>en</w>
  <w>ökad</w>
  <w>handel</w>
  <w>av</w>
  <w>värme</w>
  <w>syftar</w>
  <w>till</w>
  <w>att</w>
  <w>ge</w>
  <w>kunderna</w>
  <w>valfrihet</w>
  <w>att</w>
  <w>välja</w>
  <w>leverantör</w>
  <w>.</w>
  <w>Dessutom</w>
  <w>är</w>
  <w>det</w>
  <w>vår</w>
  <w>bedömning</w>
  <w>att</w>
  <absaspan id=32>
    <w>ökad</w>
    <w>konkurrens</w>
  </absaspan>
  <absaspan id=33 senti=4>
    <w>kommer</w>
    <w>att</w>
    <w>bidra</w>
    <w>till</w>
    <w>att</w>
    <w>effektivisera</w>
    <w>fjärrvärmesystemet</w>
    <w>i</w>
    <w>Stockholm</w>
  </absaspan>
  <w>.</w>
  <w>Med</w>
  <w>en</w>
  <w>ökad</w>
  <w>handel</w>
  <w>i</w>
  <w>värme</w>
  <w>krävs</w>
  <w>på</w>
  <w>sikt</w>
  <w>en</w>
  <w>ökad</w>
  <w>integration</w>
  <w>och</w>
  <w>kapacitet</w>
  <w>i</w>
  <w>fjärrvärmenäten</w>
  <w>.</w>
  <absaspan id=34 senti=4>
    <w>Det</w>
    <w>är</w>
    <w>också</w>
    <w>viktigt</w>
    <w>att</w>
  </absaspan>
  <absaspan id=35>
    <w>det</w>
    <w>skapas</w>
    <w>möjligheter</w>
    <w>för</w>
    <w>nya</w>
    <w>aktörer</w>
    <w>att</w>
    <w>etablera</w>
    <w>sig</w>
    <w>och</w>
    <w>agera</w>
    <w>på</w>
    <w>en</w>
    <w>konkurrensutsatt</w>
    <w>marknad</w>
  </absaspan>
  <w>.</w>
  <absaspan id=36>
    <w>Rapporten</w>
    <w>visar</w>
    <w>bland</w>
    <w>annat</w>
    <w>att</w>
    <w>en</w>
    <w>konkurrensutsatt</w>
    <w>fjärrvärmemarknad</w>
  </absaspan>
  <absaspan id=37 senti=4>
    <w>skapar</w>
    <w>förutsättningar</w>
    <w>för</w>
    <w>att</w>
    <w>ytterligare</w>
    <w>minska</w>
    <w>koldioxid</w>
    <w>-</w>
    <w>utsläppen</w>
    <w>i</w>
    <w>stockholmsregionen</w>
    <w>.</w>
  </absaspan>
  <w>Vidare</w>
  <w>visas</w>
  <w>att</w>
  <absaspan id=38>
    <w>ökad</w>
    <w>konkurrens</w>
  </absaspan>
  <absaspan id=39 senti=4>
    <w>kommer</w>
    <w>att</w>
    <w>ge</w>
    <w>en</w>
    <w>bättre</w>
    <w>överensstämmelse</w>
    <w>mellan</w>
    <w>leverantörens</w>
    <w>erbjudande</w>
    <w>och</w>
    <w>kundens</w>
    <w>behov</w>
  </absaspan>
  <w>.</w>
</absapar>
<absapar id=8>
  <absaspan id=40>
    <w>Vi</w>
  </absaspan>
  <absaspan id=41 senti=4>
    <w>är</w>
    <w>övertygade</w>
    <w>om</w>
  </absaspan>
  <absaspan id=42>
    <w>att</w>
    <w>konkurrens</w>
    <w>är</w>
    <w>möjlig</w>
    <w>redan</w>
    <w>i</w>
    <w>dag</w>
  </absaspan>
  <w>.</w>
  <absaspan id=43>
    <w>Vi</w>
  </absaspan>
  <absaspan id=44 senti=4>
    <w>föreslår</w>
  </absaspan>
  <w>därför</w>
  <absaspan id=45>
    <w>ett</w>
    <w>successivt</w>
    <w>införande</w>
    <w>av</w>
    <w>konkurrens</w>
    <w>på</w>
    <w>fjärrvärmemarknaden</w>
  </absaspan>
  <w>.</w>
  <w>Inledningsvis</w>
  <w>bör</w>
  <w>det</w>
  <w>skapas</w>
  <w>en</w>
  <w>möjlighet</w>
  <w>för</w>
  <w>värmeleverantörer</w>
  <w>att</w>
  <w>erbjuda</w>
  <w>fjärrvärme</w>
  <w>i</w>
  <w>andras</w>
  <w>nät</w>
  <w>.</w>
  <w>Med</w>
  <w>tiden</w>
  <w>bör</w>
  <w>det</w>
  <w>prövas</w>
  <w>om</w>
  <w>modellen</w>
  <w>kan</w>
  <w>utvecklas</w>
  <w>till</w>
  <w>en</w>
  <w>värmebörs</w>
  <w>med</w>
  <w>fullt</w>
  <w>utvecklad</w>
  <w>handel</w>
  <w>liknande</w>
  <w>den</w>
  <w>som</w>
  <w>i</w>
  <w>dag</w>
  <w>sker</w>
  <w>på</w>
  <w>elbörsen</w>
  <w>Nordpool</w>
  <w>.</w>
</absapar>
<absapar id=9>
  <absaspan id=46>
    <w>Vi</w>
  </absaspan>
  <absaspan id=47 senti=4>
    <w>har</w>
    <w>stora</w>
    <w>förväntningar</w>
    <w>på</w>
  </absaspan>
  <absaspan id=48>
    <w>den</w>
    <w>statliga</w>
    <w>utredning</w>
    <w>som</w>
    <w>regeringen</w>
    <w>har</w>
    <w>beslutat</w>
    <w>att</w>
    <w>genomföra</w>
    <w>rörande</w>
    <w>införandet</w>
    <w>av</w>
    <w>konkurrens</w>
    <w>i</w>
    <w>fjärrvärmenäten</w>
    <w>.</w>
  </absaspan>
  <w>Rege-ringen</w>
  <w>måste</w>
  <w>påskynda</w>
  <w>detta</w>
  <w>arbete</w>
  <w>,</w>
  <w>så</w>
  <w>att</w>
  <w>förändringarna</w>
  <w>kan</w>
  <w>påbörjas</w>
  <w>.</w>
  <w>Med</w>
  <w>den</w>
  <w>rapport</w>
  <w>som</w>
  <w>nu</w>
  <w>presenteras</w>
  <w>vill</w>
  <w>vi</w>
  <w>ge</w>
  <w>vårt</w>
  <w>bidrag</w>
  <w>till</w>
  <w>regeringens</w>
  <w>utredning</w>
  <w>.</w>
  <absaspan id=49>
    <w>Att</w>
    <w>bygga</w>
    <w>förtroende</w>
    <w>för</w>
    <w>fjärr</w>
    <w>-</w>
    <w>värmen</w>
    <w>,</w>
    <w>så</w>
    <w>att</w>
    <w>den</w>
    <w>kan</w>
    <w>utvecklas</w>
    <w>vidare</w>
  </absaspan>
  <w>,</w>
  <absaspan id=50 senti=4>
    <w>är</w>
    <w>av</w>
    <w>största</w>
    <w>vikt</w>
  </absaspan>
  <w>som</w>
  <w>en</w>
  <w>bland</w>
  <w>flera</w>
  <w>åtgärder</w>
  <w>i</w>
  <w>arbetet</w>
  <w>för</w>
  <w>att</w>
  <w>bemästra</w>
  <w>klimathotet</w>
  <w>.</w>
  <absaspan id=51>
    <w>Att</w>
    <w>bygga</w>
    <w>förtroende</w>
    <w>genom</w>
    <w>konkurrensutsättning</w>
    <w>av</w>
    <w>fjärrvärmen</w>
  </absaspan>
  <absaspan id=52 senti=4>
    <w>är</w>
    <w>ett</w>
    <w>stort</w>
    <w>steg</w>
    <w>på</w>
    <w>en</w>
    <w>väg</w>
    <w>som</w>
    <w>gör</w>
    <w>det</w>
    <w>möjligt</w>
    <w>att</w>
    <w>nyttja</w>
    <w>den</w>
    <w>ytter</w>
    <w>-</w>
    <w>ligare</w>
    <w>potential</w>
    <w>för</w>
    <w>fjärrvärme</w>
    <w>som</w>
    <w>finns</w>
    <w>i</w>
    <w>såväl</w>
    <w>Storstockholmsregionen</w>
    <w>som</w>
    <w>på</w>
    <w>andra</w>
    <w>fjärr</w>
    <w>-</w>
    <w>värmemarknader</w>
    <w>i</w>
    <w>Sverige</w>
  </absaspan>
  <w>.</w>
</absapar>
<absapar id=10>
  <w>Christer</w>
  <w>Jansson</w>
  <w>.</w>
</absapar>
<absapar id=11>
  <w>vd</w>
  <w>Fastighetsägarna</w>
  <w>Stockholm</w>
  <w>.</w>
</absapar>
<absapar id=12>
  <w>Karin</w>
  <w>Jarl-Månsson</w>
  <w>.</w>
</absapar>
<absapar id=13>
  <w>vd</w>
  <w>E.ON</w>
  <w>Värme</w>
  <w>Sverige</w>
  <w>.</w>
</absapar>
<absapar id=14>
  <w>Erland</w>
  <w>Christensen</w>
  <w>.</w>
</absapar>
<absapar id=15>
  <w>chef</w>
  <w>Vattenfall</w>
  <w>Heat</w>
  <w>Nordic</w>
  <w>.</w>
</absapar>
<absapar id=16>
  <w>*</w>
  <w>Rapporten</w>
  <w>Öppnade</w>
  <w>fjärrvärmenät</w>
  <w>i</w>
  <w>Storstockholm</w>
  <w>kan</w>
  <w>laddas</w>
  <w>ner</w>
  <w>från</w>
  <w>respektive</w>
  <w>bolags</w>
  <w>hemsida</w>
  <w>.</w>
</absapar>
<absapar id=17>
  <w>Redaktör</w>
  <w>:</w>
  <w>Carina</w>
  <w>Stensson</w>
  <w>,</w>
  <w>Biträdande</w>
  <w>redaktör</w>
  <w>:</w>
  <w>Björn</w>
  <w>Jorner</w>
  <w>,</w>
  <w>Mejl</w>
  <w>:</w>
  <w>debatt</w>
  <w>@</w>
  <w>svd.se</w>
  <w>,</w>
  <w>Telefonnummer</w>
  <w>:</w>
  <w>08</w>
  <w>-</w>
  <w>135149</w>
  <w>,</w>
  <w>Twitter</w>
  <w>:</w>
  <w>@</w>
  <w>SvDDebatt</w>
  <w>,</w>
  <w>Facebook</w>
  <w>:</w>
  <w>SvD</w>
  <w>Debatt</w>
  <w>.</w>
</absapar>
</absadoc>
