<absadoc annotators=1 senti=>
<absatitle>
  <absaspan id=1>
    <w>Alliansen</w>
  </absaspan>
  <absaspan id=2 senti=4 target=1>
    <w>har</w>
    <w>lyckats</w>
    <w>med</w>
    <w>vad</w>
    <w>de</w>
    <w>lovade</w>
  </absaspan>
  <w>.</w>
</absatitle>
<absapar id=1>
  <w>Val</w>
  <w>vinns</w>
  <w>inte</w>
  <w>på</w>
  <w>genomförd</w>
  <w>politik</w>
  <w>,</w>
  <w>utan</w>
  <w>på</w>
  <w>förslag</w>
  <w>om</w>
  <w>framtiden</w>
  <w>.</w>
  <absaspan id=3>
    <w>Men</w>
    <w>allianspartierna</w>
  </absaspan>
  <absaspan id=4 senti=1>
    <w>är</w>
    <w>alldeles</w>
    <w>för</w>
    <w>dåliga</w>
  </absaspan>
  <w>på</w>
  <w>att</w>
  <w>visa</w>
  <w>vad</w>
  <w>de</w>
  <w>har</w>
  <w>åstadkommit</w>
  <w>på</w>
  <w>arbetsmarknaden</w>
  <w>,</w>
  <w>och</w>
  <w>det</w>
  <w>är</w>
  <w>vänstern</w>
  <w>bra</w>
  <w>på</w>
  <w>att</w>
  <w>utnyttja</w>
  <w>.</w>
</absapar>
<absapar id=2>
  <w>Allianspartierna</w>
  <w>gick</w>
  <w>2006</w>
  <w>till</w>
  <w>val</w>
  <w>på</w>
  <w>att</w>
  <w>minska</w>
  <w>utanförskapet</w>
  <w>och</w>
  <w>att</w>
  <w>göra</w>
  <w>det</w>
  <w>mer</w>
  <w>lönsamt</w>
  <w>att</w>
  <w>arbeta</w>
  <w>.</w>
  <w>Så</w>
  <w>har</w>
  <w>det</w>
  <w>också</w>
  <w>blivit</w>
  <w>,</w>
  <w>utanförskapet</w>
  <w>har</w>
  <w>minskat</w>
  <w>med</w>
  <w>omkring</w>
  <w>20</w>
  <w>procent</w>
  <w>(</w>
  <w>långt</w>
  <w>ifrån</w>
  <w>tillräckligt</w>
  <w>,</w>
  <w>förstås</w>
  <w>)</w>
  <w>och</w>
  <absaspan id=5 senti=4>
    <w>tack</w>
    <w>vare</w>
  </absaspan>
  <absaspan id=6>
    <w>jobbskatteavdraget</w>
  </absaspan>
  <w>så</w>
  <w>har</w>
  <w>disponibelinkomsten</w>
  <w>för</w>
  <w>framför</w>
  <w>allt</w>
  <w>låginkomsttagare</w>
  <w>höjts</w>
  <w>rejält</w>
  <w>.</w>
</absapar>
<absapar id=3>
  <w>Vänstern</w>
  <w>attackerar</w>
  <w>nu</w>
  <w>regeringen</w>
  <w>genom</w>
  <w>att</w>
  <w>vifta</w>
  <w>med</w>
  <w>arbetslöshetssiffran</w>
  <w>.</w>
  <absaspan id=7>
    <w>Att</w>
    <w>arbetslösheten</w>
    <w>är</w>
    <w>högre</w>
    <w>nu</w>
    <w>än</w>
    <w>2006</w>
  </absaspan>
  <absaspan id=8 senti=2>
    <w>är</w>
    <w>förstås</w>
    <w>olyckligt</w>
    <w>,</w>
    <w>på</w>
    <w>många</w>
    <w>sätt</w>
  </absaspan>
  <w>.</w>
  <w>Samtidigt</w>
  <w>är</w>
  <w>det</w>
  <w>faktiskt</w>
  <w>ett</w>
  <w>tecken</w>
  <w>på</w>
  <w>att</w>
  <w>politiken</w>
  <w>delvis</w>
  <w>har</w>
  <w>lyckats</w>
  <w>.</w>
</absapar>
<absapar id=4>
  <w>Arbetslinjen</w>
  <w>gick</w>
  <w>nämligen</w>
  <w>ut</w>
  <w>på</w>
  <w>att</w>
  <w>öka</w>
  <w>incitamenten</w>
  <w>för</w>
  <w>människor</w>
  <w>att</w>
  <w>arbeta</w>
  <w>,</w>
  <w>och</w>
  <w>därmed</w>
  <w>att</w>
  <w>självmant</w>
  <w>söka</w>
  <w>sig</w>
  <w>tillbaka</w>
  <w>till</w>
  <w>arbetskraften</w>
  <w>.</w>
  <absaspan id=9 senti=2>
    <w>Ett</w>
  </absaspan>
  <w>identifierat</w>
  <absaspan id=10 senti=2>
    <w>problem</w>
  </absaspan>
  <absaspan id=11 senti=2>
    <w>var</w>
  </absaspan>
  <absaspan id=12>
    <w>att</w>
    <w>det</w>
    <w>fanns</w>
    <w>för</w>
    <w>många</w>
    <w>människor</w>
    <w>som</w>
    <w>föredrog</w>
    <w>att</w>
    <w>inte</w>
    <w>arbeta</w>
  </absaspan>
  <w>,</w>
  <w>de</w>
  <w>behövde</w>
  <w>inte</w>
  <w>–</w>
  <w>och</w>
  <w>det</w>
  <w>är</w>
  <w>förstås</w>
  <w>varken</w>
  <w>moraliskt</w>
  <w>eller</w>
  <w>i</w>
  <w>längden</w>
  <w>ekonomiskt</w>
  <w>hållbart</w>
  <w>.</w>
</absapar>
<absapar id=5>
  <w>När</w>
  <w>det</w>
  <w>nu</w>
  <w>är</w>
  <w>svårare</w>
  <w>att</w>
  <w>erhålla</w>
  <w>ekonomiskt</w>
  <w>stöd</w>
  <w>för</w>
  <w>att</w>
  <w>inte</w>
  <w>arbeta</w>
  <w>,</w>
  <w>parallellt</w>
  <w>med</w>
  <w>att</w>
  <w>man</w>
  <w>tjänar</w>
  <w>mer</w>
  <w>pengar</w>
  <w>på</w>
  <w>att</w>
  <w>arbeta</w>
  <w>,</w>
  <w>så</w>
  <w>söker</w>
  <w>alltså</w>
  <w>fler</w>
  <w>personer</w>
  <w>arbete</w>
  <w>.</w>
  <w>Då</w>
  <w>räknas</w>
  <w>fler</w>
  <w>som</w>
  <w>arbetslösa</w>
  <w>och</w>
  <w>då</w>
  <w>växer</w>
  <w>arbetskraften</w>
  <w>.</w>
  <w>Dessutom</w>
  <w>växer</w>
  <w>befolkningen</w>
  <w>på</w>
  <w>grund</w>
  <w>av</w>
  <w>fler</w>
  <w>invandrare</w>
  <w>–</w>
  <w>vars</w>
  <w>sysselsättningsandel</w>
  <w>också</w>
  <w>ökar</w>
  <w>.</w>
  <w>Om</w>
  <w>inte</w>
  <w>alla</w>
  <w>dessa</w>
  <w>människor</w>
  <w>direkt</w>
  <w>får</w>
  <w>jobb</w>
  <w>,</w>
  <w>så</w>
  <w>kommer</w>
  <w>arbetslösheten</w>
  <w>att</w>
  <w>växa</w>
  <w>.</w>
  <w>Men</w>
  <w>är</w>
  <w>det</w>
  <w>bara</w>
  <w>dåligt</w>
  <w>?</w>
  <w>.</w>
</absapar>
<absapar id=6>
  <w>Antalet</w>
  <w>personer</w>
  <w>(</w>
  <w>16</w>
  <w>-</w>
  <w>64</w>
  <w>år</w>
  <w>)</w>
  <w>som</w>
  <w>arbetar</w>
  <w>eller</w>
  <w>vill</w>
  <w>arbeta</w>
  <w>ökade</w>
  <w>med</w>
  <w>280</w>
  <w>000</w>
  <w>mellan</w>
  <w>2006</w>
  <w>och</w>
  <w>2013</w>
  <w>.</w>
  <w>Antalet</w>
  <w>som</w>
  <w>stod</w>
  <w>utanför</w>
  <w>arbetskraften</w>
  <w>minskade</w>
  <w>under</w>
  <w>tiden</w>
  <w>med</w>
  <w>90</w>
  <w>000</w>
  <w>personer</w>
  <w>.</w>
  <w>I</w>
  <w>detta</w>
  <w>ryms</w>
  <w>också</w>
  <w>särskilda</w>
  <absaspan id=13 senti=4>
    <w>ljuspunkter</w>
  </absaspan>
  <w>,</w>
  <w>som</w>
  <absaspan id=14>
    <w>att</w>
    <w>sysselsättningen</w>
    <w>bland</w>
    <w>ensamstående</w>
    <w>med</w>
    <w>små</w>
    <w>barn</w>
    <w>har</w>
    <w>ökat</w>
    <w>kraftigt</w>
  </absaspan>
  <w>.</w>
  <w>Arbetskraftsandelen</w>
  <w>steg</w>
  <w>totalt</w>
  <w>med</w>
  <w>hela</w>
  <w>två</w>
  <w>procentenheter</w>
  <w>i</w>
  <w>åldersgruppen</w>
  <w>16</w>
  <w>-</w>
  <w>64</w>
  <w>år</w>
  <w>.</w>
  <w>Eftersom</w>
  <w>det</w>
  <w>inte</w>
  <w>skapades</w>
  <w>jobb</w>
  <w>åt</w>
  <w>alla</w>
  <w>dessa</w>
  <w>så</w>
  <w>steg</w>
  <w>sysselsättningsandelen</w>
  <w>”</w>
  <w>endast</w>
  <w>”</w>
  <w>med</w>
  <w>en</w>
  <w>procentenhet</w>
  <w>under</w>
  <w>tiden</w>
  <w>.</w>
</absapar>
<absapar id=7>
  <w>Det</w>
  <w>är</w>
  <w>alltså</w>
  <w>en</w>
  <w>stor</w>
  <w>förtjänst</w>
  <w>att</w>
  <w>sysselsättningsandelen</w>
  <w>har</w>
  <w>ökat</w>
  <w>så</w>
  <w>mycket</w>
  <w>under</w>
  <w>en</w>
  <w>tid</w>
  <w>som</w>
  <w>i</w>
  <w>så</w>
  <w>hög</w>
  <w>utsträckning</w>
  <w>har</w>
  <w>präglats</w>
  <w>av</w>
  <w>ekonomisk</w>
  <w>kris</w>
  <w>.</w>
  <w>Det</w>
  <w>är</w>
  <w>en</w>
  <w>om</w>
  <w>möjligt</w>
  <w>ännu</w>
  <w>större</w>
  <w>förtjänst</w>
  <w>att</w>
  <w>arbetskraftsdeltagandet</w>
  <w>har</w>
  <w>ökat</w>
  <w>ännu</w>
  <w>mer</w>
  <w>.</w>
  <absaspan id=15>
    <w>Regeringen</w>
  </absaspan>
  <w>har</w>
  <w>alltså</w>
  <w>gjort</w>
  <w>motsatsen</w>
  <w>till</w>
  <w>att</w>
  <w>gömma</w>
  <w>människor</w>
  <w>i</w>
  <w>arbetslöshet</w>
  <w>–</w>
  <w>men</w>
  <absaspan id=16 senti=1>
    <w>får</w>
  </absaspan>
  <w>ändå</w>
  <absaspan id=17 senti=1>
    <w>skäll</w>
  </absaspan>
  <absaspan id=18>
    <w>.</w>
  </absaspan>
</absapar>
<absapar id=8>
  <w>Ett</w>
  <w>skäl</w>
  <w>till</w>
  <w>att</w>
  <w>vänstern</w>
  <w>lyckas</w>
  <w>sätta</w>
  <w>bilden</w>
  <w>att</w>
  <w>det</w>
  <w>har</w>
  <w>gått</w>
  <w>dåligt</w>
  <w>för</w>
  <w>svensk</w>
  <w>arbetsmarknad</w>
  <w>är</w>
  <w>förstås</w>
  <w>att</w>
  <w>arbetslöshetstalet</w>
  <w>är</w>
  <w>ett</w>
  <w>mycket</w>
  <w>enklare</w>
  <w>begrepp</w>
  <w>än</w>
  <w>sysselsättningsandel</w>
  <w>eller</w>
  <w>arbetskraftsdeltagande</w>
  <w>.</w>
  <w>Att</w>
  <w>arbetslöshetstalet</w>
  <w>är</w>
  <w>en</w>
  <w>funktion</w>
  <w>av</w>
  <w>andra</w>
  <w>saker</w>
  <w>än</w>
  <w>antalet</w>
  <w>skapade</w>
  <w>jobb</w>
  <w>är</w>
  <w>dessutom</w>
  <w>överkurs</w>
  <w>.</w>
  <w>Till</w>
  <w>sist</w>
  <w>bidrar</w>
  <w>befolkningsutvecklingen</w>
  <w>till</w>
  <w>förvirring</w>
  <w>.</w>
  <w>Den</w>
  <w>mycket</w>
  <w>stora</w>
  <w>kull</w>
  <w>65</w>
  <w>–</w>
  <w>74</w>
  <w>-</w>
  <w>åringar</w>
  <w>,</w>
  <w>varav</w>
  <w>de</w>
  <w>allra</w>
  <w>flesta</w>
  <w>förstås</w>
  <w>är</w>
  <w>pensionärer</w>
  <w>,</w>
  <w>trycker</w>
  <w>till</w>
  <w>synes</w>
  <w>ned</w>
  <w>sysselsättningsandelen</w>
  <w>i</w>
  <w>gruppen</w>
  <w>15</w>
  <w>-</w>
  <w>74</w>
  <w>år</w>
  <w>,</w>
  <w>trots</w>
  <w>att</w>
  <w>de</w>
  <w>äldre</w>
  <w>alltså</w>
  <w>jobbar</w>
  <w>mer</w>
  <w>än</w>
  <w>någonsin</w>
  <w>.</w>
</absapar>
<absapar id=9>
  <w>Väljarna</w>
  <w>lämnas</w>
  <w>tro</w>
  <w>att</w>
  <w>arbetsmarknadens</w>
  <w>utveckling</w>
  <w>varit</w>
  <w>enbart</w>
  <w>mörk</w>
  <w>–</w>
  <w>när</w>
  <w>så</w>
  <w>många</w>
  <w>människor</w>
  <w>har</w>
  <w>vänt</w>
  <w>åter</w>
  <w>från</w>
  <w>utanförskap</w>
  <w>och</w>
  <w>nu</w>
  <w>antingen</w>
  <w>jobbar</w>
  <w>eller</w>
  <w>är</w>
  <w>på</w>
  <absaspan id=19 senti=4>
    <w>god</w>
  </absaspan>
  <absaspan id=20>
    <w>väg</w>
  </absaspan>
  <w>till</w>
  <w>jobb</w>
  <w>.</w>
  <w>Att</w>
  <w>oppositionspartierna</w>
  <w>är</w>
  <w>duktiga</w>
  <w>på</w>
  <w>att</w>
  <w>utnyttja</w>
  <w>den</w>
  <w>här</w>
  <w>begreppsförvirringen</w>
  <w>är</w>
  <w>väntat</w>
  <w>,</w>
  <w>men</w>
  <absaspan id=21>
    <w>att</w>
    <w>regeringen</w>
    <w>inte</w>
    <w>är</w>
    <w>bättre</w>
    <w>på</w>
    <w>att</w>
    <w>marknadsföra</w>
    <w>sig</w>
    <w>själva</w>
    <w>och</w>
    <w>arbetslinjen</w>
  </absaspan>
  <absaspan id=22 senti=2>
    <w>är</w>
    <w>obegripligt</w>
  </absaspan>
  <w>.</w>
</absapar>
<absapar id=10>
  <w>Malin</w>
  <w>Sahlén</w>
  <w>.</w>
</absapar>
<absapar id=11>
  <w>FAKTA</w>
  <w>.</w>
</absapar>
<absapar id=12>
  <w>REN</w>
  <w>.</w>
</absapar>
</absadoc>
