<absadoc annotators=1 senti=>
<absatitle>
  <w>Vi</w>
  <w>anmäler</w>
  <w>regeringen</w>
  <w>till</w>
  <w>EU-kommissionen</w>
  <w>för</w>
  <w>miljöbrott</w>
  <w>.</w>
</absatitle>
<absapar id=1>
  <w>Enligt</w>
  <absaspan id=1>
    <w>Naturvårdsverkets</w>
    <w>naturvärdesbedömning</w>
    <w>från</w>
    <w>2010</w>
  </absaspan>
  <w>uppvisar</w>
  <absaspan id=2>
    <w>utsjöbankarna</w>
    <w>Fladen</w>
    <w>och</w>
    <w>Lilla</w>
    <w>Middelgrund</w>
  </absaspan>
  <w>utanför</w>
  <w>Hallandskusten</w>
  <absaspan id=3 senti=4>
    <w>högst</w>
    <w>naturvärden</w>
  </absaspan>
  <w>i</w>
  <w>den</w>
  <w>svenska</w>
  <w>delen</w>
  <w>av</w>
  <w>Kattegatt</w>
  <w>.</w>
  <absaspan id=4>
    <w>Områdenas</w>
    <w>revmiljöer</w>
  </absaspan>
  <absaspan id=5 senti=5>
    <w>har</w>
    <w>en</w>
  </absaspan>
  <absaspan id=6 senti=5>
    <w>unikt</w>
    <w>mångfasetterad</w>
  </absaspan>
  <absaspan id=7 senti=5>
    <w>fauna</w>
  </absaspan>
  <w>,</w>
  <w>och</w>
  <w>fungerar</w>
  <w>som</w>
  <w>lek</w>
  <w>-</w>
  <w>och</w>
  <w>uppväxtområden</w>
  <w>för</w>
  <w>den</w>
  <w>akut</w>
  <w>hotade</w>
  <w>Kattegatt-torsken</w>
  <w>och</w>
  <w>hyser</w>
  <w>många</w>
  <w>andra</w>
  <w>rödlistade</w>
  <w>arter</w>
  <w>.</w>
  <w>Områdena</w>
  <w>omfattas</w>
  <w>av</w>
  <w>EU</w>
  <w>:</w>
  <w>s</w>
  <w>särskilda</w>
  <w>miljöskydd</w>
  <w>,</w>
  <w>Natura</w>
  <w>2000</w>
  <w>,</w>
  <w>och</w>
  <w>Sverige</w>
  <w>är</w>
  <w>skyldiga</w>
  <w>att</w>
  <w>tillgodose</w>
  <w>regleringar</w>
  <w>och</w>
  <w>skydd</w>
  <w>för</w>
  <w>områdena</w>
  <w>.</w>
</absapar>
<absapar id=2>
  <w>Det</w>
  <w>här</w>
  <w>är</w>
  <w>en</w>
  <w>argumenterande</w>
  <w>text</w>
  <w>med</w>
  <w>syfte</w>
  <w>att</w>
  <w>påverka</w>
  <w>.</w>
  <w>Åsikterna</w>
  <w>som</w>
  <w>uttrycks</w>
  <w>är</w>
  <w>skribentens</w>
  <w>egna</w>
  <w>.</w>
</absapar>
<absapar id=3>
  <w>Trots</w>
  <w>att</w>
  <absaspan id=8>
    <w>fiske</w>
  </absaspan>
  <absaspan id=9 senti=1>
    <w>är</w>
    <w>ett</w>
    <w>av</w>
    <w>de</w>
    <w>allvarligaste</w>
    <w>hoten</w>
  </absaspan>
  <w>mot</w>
  <w>marina</w>
  <w>ekosystemen</w>
  <w>,</w>
  <w>har</w>
  <w>Sverige</w>
  <w>vägrat</w>
  <w>att</w>
  <w>införa</w>
  <w>de</w>
  <w>fiskeregleringar</w>
  <w>som</w>
  <w>krävs</w>
  <w>för</w>
  <w>att</w>
  <w>skydda</w>
  <w>arter</w>
  <w>och</w>
  <w>livsmiljöer</w>
  <w>i</w>
  <w>marina</w>
  <w>skyddade</w>
  <w>områden</w>
  <w>,</w>
  <w>med</w>
  <w>undantag</w>
  <w>av</w>
  <w>en</w>
  <w>handfull</w>
  <w>partiella</w>
  <w>fiskeregleringar</w>
  <w>.</w>
  <absaspan id=10>
    <w>Regeringens</w>
    <w>underlåtenhet</w>
    <w>att</w>
    <w>implementera</w>
    <w>skydd</w>
  </absaspan>
  <absaspan id=11 senti=1>
    <w>gör</w>
  </absaspan>
  <absaspan id=12 senti=1>
    <w>att</w>
    <w>ovärderliga</w>
    <w>naturvärden</w>
  </absaspan>
  <absaspan id=13 senti=1>
    <w>riskerar</w>
  </absaspan>
  <absaspan id=14 senti=1>
    <w>att</w>
    <w>slås</w>
    <w>ut</w>
  </absaspan>
  <w>,</w>
  <w>och</w>
  <w>viktiga</w>
  <w>kustnäringar</w>
  <w>hotas</w>
  <w>som</w>
  <w>följd</w>
  <w>.</w>
</absapar>
<absapar id=4>
  <w>Sverige</w>
  <w>har</w>
  <w>sedan</w>
  <w>1999</w>
  <w>ett</w>
  <w>miljömål</w>
  <w>om</w>
  <w>hav</w>
  <w>i</w>
  <w>balans</w>
  <w>och</w>
  <w>sedan</w>
  <w>2006</w>
  <w>en</w>
  <w>speciell</w>
  <w>aktionsplan</w>
  <w>för</w>
  <w>att</w>
  <w>uppnå</w>
  <w>detta</w>
  <w>.</w>
  <w>Trots</w>
  <w>detta</w>
  <absaspan id=15 senti=2>
    <w>vägrar</w>
  </absaspan>
  <absaspan id=16>
    <w>Sverige</w>
  </absaspan>
  <absaspan id=17>
    <w>införa</w>
    <w>fiskeregleringar</w>
    <w>i</w>
    <w>skyddsvärda</w>
    <w>områden</w>
  </absaspan>
  <w>.</w>
  <w>Sedan</w>
  <w>december</w>
  <w>2004</w>
  <w>är</w>
  <w>Sverige</w>
  <w>enligt</w>
  <w>EU</w>
  <w>:</w>
  <w>s</w>
  <w>art</w>
  <w>-</w>
  <w>och</w>
  <w>habitatdirektiv</w>
  <w>skyldiga</w>
  <w>att</w>
  <absaspan id=18 senti=2>
    <w>förhindra</w>
  </absaspan>
  <absaspan id=19 senti=2>
    <w>destruktivt</w>
  </absaspan>
  <absaspan id=20>
    <w>fiske</w>
  </absaspan>
  <absaspan id=21>
    <w>i</w>
    <w>områdena</w>
    <w>i</w>
    <w>Kattegatt</w>
  </absaspan>
  <w>.</w>
  <w>Enligt</w>
  <w>direktivet</w>
  <w>måste</w>
  <w>medlemsstaterna</w>
  <w>senast</w>
  <w>sex</w>
  <w>år</w>
  <w>efter</w>
  <w>det</w>
  <w>att</w>
  <w>Natura</w>
  <w>2000</w>
  <w>-</w>
  <w>områden</w>
  <w>pekats</w>
  <w>ut</w>
  <w>kunna</w>
  <w>garantera</w>
  <w>att</w>
  <w>berörda</w>
  <w>naturtyper</w>
  <w>och</w>
  <w>arter</w>
  <w>har</w>
  <w>ett</w>
  <w>fullgott</w>
  <w>skydd</w>
  <w>.</w>
  <w>Sexårsfristen</w>
  <w>passerades</w>
  <w>i</w>
  <w>december</w>
  <w>2010</w>
  <w>,</w>
  <w>och</w>
  <w>fortfarande</w>
  <w>har</w>
  <w>regeringen</w>
  <w>inte</w>
  <w>ens</w>
  <w>försökt</w>
  <w>reglera</w>
  <w>det</w>
  <absaspan id=22 senti=2>
    <w>destruktiva</w>
  </absaspan>
  <absaspan id=23>
    <w>fisket</w>
  </absaspan>
  <w>som</w>
  <w>pågår</w>
  <w>i</w>
  <w>Fladen</w>
  <w>och</w>
  <w>Lilla</w>
  <w>Middelgrund</w>
  <w>.</w>
</absapar>
<absapar id=5>
  <absaspan id=24 senti=2>
    <w>Dessvärre</w>
    <w>är</w>
  </absaspan>
  <absaspan id=25>
    <w>dessa</w>
    <w>områden</w>
    <w>bara</w>
    <w>toppen</w>
    <w>på</w>
    <w>ett</w>
    <w>isberg</w>
  </absaspan>
  <w>.</w>
  <w>Trots</w>
  <w>en</w>
  <w>lång</w>
  <w>rad</w>
  <w>utredningar</w>
  <w>om</w>
  <w>hur</w>
  <w>fiskeregleringar</w>
  <w>i</w>
  <w>Sveriges</w>
  <w>274</w>
  <w>marina</w>
  <w>Natura</w>
  <w>2000</w>
  <w>-</w>
  <w>områden</w>
  <w>ska</w>
  <w>införas</w>
  <w>har</w>
  <w>inget</w>
  <w>hänt</w>
  <w>i</w>
  <w>praktiken</w>
  <w>.</w>
  <w>Därför</w>
  <w>anmäler</w>
  <w>miljöorganisationen</w>
  <w>Greenpeace</w>
  <w>Sveriges</w>
  <w>regering</w>
  <w>till</w>
  <w>EU-kommissionen</w>
  <w>för</w>
  <w>brott</w>
  <w>mot</w>
  <w>EU</w>
  <w>:</w>
  <w>s</w>
  <w>art</w>
  <w>-</w>
  <w>och</w>
  <w>habitatdirektiv</w>
  <w>.</w>
</absapar>
<absapar id=6>
  <w>Om</w>
  <w>inget</w>
  <w>görs</w>
  <w>,</w>
  <absaspan id=26 senti=2>
    <w>riskerar</w>
  </absaspan>
  <absaspan id=27>
    <w>Sverige</w>
    <w>att</w>
    <w>ställas</w>
    <w>inför</w>
    <w>EU-domstol</w>
  </absaspan>
  <w>.</w>
  <w>För</w>
  <w>att</w>
  <absaspan id=28 senti=2>
    <w>undvika</w>
  </absaspan>
  <absaspan id=29>
    <w>detta</w>
    <w>och</w>
    <w>en</w>
    <w>förestående</w>
    <w>kollaps</w>
    <w>i</w>
    <w>Kattegatt</w>
  </absaspan>
  <w>måste</w>
  <w>Länsstyrelserna</w>
  <w>få</w>
  <w>ett</w>
  <w>tydligt</w>
  <w>mandat</w>
  <w>och</w>
  <w>resurser</w>
  <w>av</w>
  <w>regeringen</w>
  <w>att</w>
  <w>reglera</w>
  <w>fisket</w>
  <w>.</w>
  <w>Medan</w>
  <w>detta</w>
  <w>arbete</w>
  <w>sker</w>
  <w>bör</w>
  <w>ett</w>
  <w>moratorium</w>
  <w>införas</w>
  <w>i</w>
  <w>de</w>
  <w>fem</w>
  <w>procent</w>
  <w>av</w>
  <w>våra</w>
  <w>vatten</w>
  <w>som</w>
  <w>har</w>
  <w>Natura</w>
  <w>2000</w>
  <w>-</w>
  <w>skydd</w>
  <w>.</w>
</absapar>
<absapar id=7>
  <w>THERESE</w>
  <w>JACOBSON</w>
  <w>.</w>
</absapar>
<absapar id=8>
  <w>Skräddarsydda</w>
  <w>kurser</w>
  <w>i</w>
  <w>ämnen</w>
  <w>som</w>
  <w>intresserar</w>
  <w>och</w>
  <w>engagerar</w>
  <w>både</w>
  <w>kropp</w>
  <w>och</w>
  <w>själ</w>
  <w>.</w>
</absapar>
<absapar id=9>
  <w>JAN</w>
  <w>ISAKSON</w>
  <w>.</w>
</absapar>
<absapar id=10>
  <w>ansvariga</w>
  <w>för</w>
  <w>havsmiljöfrågor</w>
  <w>på</w>
  <w>Greenpeace</w>
  <w>.</w>
</absapar>
<absapar id=11>
  <w>Redaktör</w>
  <w>:</w>
  <w>Carina</w>
  <w>Stensson</w>
  <w>,</w>
  <w>Biträdande</w>
  <w>redaktör</w>
  <w>:</w>
  <w>Björn</w>
  <w>Jorner</w>
  <w>,</w>
  <w>Mejl</w>
  <w>:</w>
  <w>debatt</w>
  <w>@</w>
  <w>svd.se</w>
  <w>,</w>
  <w>Telefonnummer</w>
  <w>:</w>
  <w>08</w>
  <w>-</w>
  <w>135149</w>
  <w>,</w>
  <w>Twitter</w>
  <w>:</w>
  <w>@</w>
  <w>SvDDebatt</w>
  <w>,</w>
  <w>Facebook</w>
  <w>:</w>
  <w>SvD</w>
  <w>Debatt</w>
  <w>.</w>
</absapar>
</absadoc>
