<absadoc annotators=1 senti=>
<absatitle>
  <w>Fusklappar</w>
  <w>vecka</w>
  <w>24</w>
  <w>.</w>
</absatitle>
<absapar id=1>
  <w>Minoritetsnytt</w>
  <w>.</w>
</absapar>
<absapar id=2>
  <w>Det</w>
  <w>har</w>
  <w>hållits</w>
  <w>dövkonferens</w>
  <w>Malmö</w>
  <w>i</w>
  <w>veckan</w>
  <w>.</w>
  <absaspan id=1>
    <w>Arrangören</w>
    <w>Döviana</w>
  </absaspan>
  <absaspan id=2 senti=4>
    <w>vill</w>
  </absaspan>
  <absaspan id=3>
    <w>att</w>
    <w>döva</w>
    <w>ska</w>
    <w>ses</w>
    <w>som</w>
    <w>en</w>
    <w>etnisk</w>
    <w>minoritet</w>
    <w>,</w>
    <w>”</w>
    <w>döv</w>
    <w>etnicitet</w>
    <w>”</w>
  </absaspan>
  <w>.</w>
  <w>Vi</w>
  <absaspan id=4 senti=2>
    <w>vill</w>
    <w>försöka</w>
    <w>få</w>
    <w>bort</w>
  </absaspan>
  <absaspan id=5>
    <w>funktionshindertanken</w>
  </absaspan>
  <w>,</w>
  <w>sa</w>
  <absaspan id=6>
    <w>”</w>
    <w>Mot</w>
    <w>alla</w>
    <w>odds</w>
    <w>”</w>
    <w>-</w>
    <w>deltagaren</w>
    <w>Petra</w>
    <w>Örlegård</w>
  </absaspan>
  <w>,</w>
  <w>som</w>
  <w>ledde</w>
  <w>konferensen</w>
  <w>,</w>
  <w>till</w>
  <w>TT</w>
  <w>.</w>
</absapar>
<absapar id=3>
  <w>Vi</w>
  <w>vet</w>
  <w>inte</w>
  <w>vad</w>
  <w>etniska</w>
  <w>döva</w>
  <w>mitt</w>
  <w>i</w>
  <w>livet</w>
  <w>säger</w>
  <w>om</w>
  <w>förslaget</w>
  <absaspan id=7 senti=2>
    <w>.</w>
  </absaspan>
  <w>Men</w>
  <w>för</w>
  <w>sjutton</w>
  <w>,</w>
  <w>vi</w>
  <w>håller</w>
  <w>med</w>
  <absaspan id=8 senti=4 irony>
    <w>.</w>
  </absaspan>
  <absaspan id=9>
    <w>Att</w>
    <w>inte</w>
    <w>kunna</w>
    <w>höra</w>
  </absaspan>
  <absaspan id=10 senti=3>
    <w>behöver</w>
    <w>verkligen</w>
    <w>inte</w>
    <w>alltid</w>
    <w>vara</w>
    <w>ett</w>
    <w>minus</w>
  </absaspan>
  <w>.</w>
</absapar>
<absapar id=4>
  <w>Kärnverksamhet</w>
  <w>.</w>
</absapar>
<absapar id=5>
  <w>Google</w>
  <w>har</w>
  <w>lanserat</w>
  <w>Google</w>
  <w>Glass</w>
  <w>–</w>
  <w>digitala</w>
  <w>glasögon</w>
  <w>som</w>
  <w>projicerar</w>
  <w>en</w>
  <w>bild</w>
  <w>direkt</w>
  <w>på</w>
  <w>ens</w>
  <w>ögon</w>
  <w>.</w>
  <w>Vi</w>
  <w>som</w>
  <w>kan</w>
  <w>vår</w>
  <w>science</w>
  <w>fiction</w>
  <w>blev</w>
  <w>förstås</w>
  <w>inte</w>
  <w>överraskade</w>
  <w>.</w>
  <w>Inte</w>
  <w>heller</w>
  <w>över</w>
  <w>att</w>
  <w>en</w>
  <w>av</w>
  <w>de</w>
  <w>första</w>
  <w>apparna</w>
  <w>som</w>
  <w>dök</w>
  <w>upp</w>
  <w>,</w>
  <w>och</w>
  <w>som</w>
  <absaspan id=11 senti=2>
    <w>snabbt</w>
    <w>stoppades</w>
  </absaspan>
  <w>av</w>
  <absaspan id=12>
    <w>Google</w>
  </absaspan>
  <w>,</w>
  <w>var</w>
  <absaspan id=13>
    <w>en</w>
    <w>porr-app</w>
    <w>med</w>
    <w>det</w>
  </absaspan>
  <absaspan id=14 senti=4 irony>
    <w>frejdiga</w>
  </absaspan>
  <absaspan id=15>
    <w>namnet</w>
    <w>”</w>
    <w>Tits</w>
    <w>and</w>
    <w>glass</w>
    <w>”</w>
  </absaspan>
  <w>.</w>
  <absaspan id=16>
    <w>Arabiska</w>
    <w>twitter-våren</w>
  </absaspan>
  <absaspan id=17 senti=3>
    <w>i</w>
    <w>all</w>
    <w>ära</w>
  </absaspan>
  <w>,</w>
  <w>men</w>
  <w>internet</w>
  <w>byggdes</w>
  <w>trots</w>
  <w>allt</w>
  <w>för</w>
  <w>porr</w>
  <w>och</w>
  <absaspan id=18 senti=4>
    <w>gulliga</w>
  </absaspan>
  <absaspan id=19>
    <w>kattungar</w>
  </absaspan>
  <w>.</w>
</absapar>
<absapar id=6>
  <w>Skolexempel</w>
  <w>.</w>
</absapar>
<absapar id=7>
  <absaspan id=20>
    <w>Friskolekoncernen</w>
    <w>JB</w>
    <w>Education</w>
    <w>lyckades</w>
    <w>inte</w>
    <w>locka</w>
    <w>tillräckligt</w>
    <w>många</w>
    <w>elever</w>
    <w>,</w>
    <w>utan</w>
    <w>har</w>
    <w>sålt</w>
    <w>sina</w>
    <w>skolor</w>
    <w>och</w>
    <w>ansökt</w>
    <w>om</w>
    <w>konkurs</w>
  </absaspan>
  <w>.</w>
  <absaspan id=21 senti=2>
    <w>Trist</w>
  </absaspan>
  <w>kan</w>
  <w>man</w>
  <w>tycka</w>
  <w>,</w>
  <w>men</w>
  <w>koncernens</w>
  <w>vd</w>
  <w>Anders</w>
  <w>Hultin</w>
  <w>tycks</w>
  <w>ändå</w>
  <w>ha</w>
  <w>landat</w>
  <w>på</w>
  <w>fötter</w>
  <w>.</w>
  <w>Han</w>
  <w>lade</w>
  <w>i</w>
  <w>veckan</w>
  <w>upp</w>
  <w>en</w>
  <w>bild</w>
  <w>på</w>
  <w>ett</w>
  <w>800</w>
  <w>-</w>
  <w>kronorsvin</w>
  <w>på</w>
  <w>Facebook</w>
  <w>,</w>
  <w>med</w>
  <w>kommentaren</w>
  <w>”</w>
  <w>Because</w>
  <w>I'm</w>
  <w>worth</w>
  <w>it</w>
  <w>”</w>
  <w>.</w>
  <absaspan id=22>
    <w>Elever</w>
    <w>och</w>
    <w>anställda</w>
    <w>på</w>
    <w>JB-skolorna</w>
  </absaspan>
  <absaspan id=23 senti=2>
    <w>kände</w>
    <w>nog</w>
    <w>något</w>
    <w>helt</w>
    <w>annat</w>
  </absaspan>
  <absaspan id=24>
    <w>när</w>
    <w>konkursen</w>
    <w>kom</w>
  </absaspan>
  <w>.</w>
  <w>”</w>
  <w>Plötsligt</w>
  <w>händer</w>
  <w>det</w>
  <w>”</w>
  <w>,</w>
  <w>till</w>
  <w>exempel</w>
  <w>.</w>
</absapar>
<absapar id=8>
  <w>Djurens</w>
  <w>rätt</w>
  <w>.</w>
</absapar>
<absapar id=9>
  <absaspan id=25>
    <w>Från</w>
    <w>och</w>
    <w>med</w>
    <w>årsskiftet</w>
    <w>blir</w>
    <w>sex</w>
    <w>med</w>
    <w>djur</w>
    <w>,</w>
    <w>tidelag</w>
    <w>,</w>
    <w>förbjudet</w>
  </absaspan>
  <w>.</w>
  <w>Tidigare</w>
  <w>har</w>
  <w>man</w>
  <w>ansett</w>
  <w>att</w>
  <w>det</w>
  <w>har</w>
  <w>fallit</w>
  <w>in</w>
  <w>under</w>
  <w>den</w>
  <w>mer</w>
  <w>allmänna</w>
  <w>lagen</w>
  <w>mot</w>
  <w>djurplågeri</w>
  <w>,</w>
  <w>men</w>
  <w>nu</w>
  <w>blir</w>
  <w>det</w>
  <w>alltså</w>
  <w>skärpning</w>
  <w>med</w>
  <w>hjälp</w>
  <w>av</w>
  <w>en</w>
  <w>egen</w>
  <w>lag</w>
  <w>och</w>
  <w>ett</w>
  <w>maxstraff</w>
  <w>på</w>
  <w>två</w>
  <w>års</w>
  <w>fängelse</w>
  <w>.</w>
  <absaspan id=26 senti=4>
    <w>Bra</w>
  </absaspan>
  <w>,</w>
  <w>inte</w>
  <w>minst</w>
  <w>för</w>
  <w>djuren</w>
  <w>förstås</w>
  <w>.</w>
  <w>Vi</w>
  <absaspan id=27 senti=4>
    <w>hoppas</w>
  </absaspan>
  <w>bara</w>
  <absaspan id=28 senti=2>
    <w>slippa</w>
  </absaspan>
  <absaspan id=29>
    <w>rättegångar</w>
    <w>där</w>
    <w>Rosa</w>
    <w>måste</w>
    <w>försvara</w>
    <w>såväl</w>
    <w>sin</w>
    <w>korta</w>
    <w>kjol</w>
    <w>som</w>
    <w>grad</w>
    <w>av</w>
    <w>berusning</w>
  </absaspan>
  <w>.</w>
  <w>Ett</w>
  <w>mu</w>
  <w>är</w>
  <w>alltid</w>
  <w>ett</w>
  <w>nej</w>
  <w>,</w>
  <w>kom</w>
  <w>ihåg</w>
  <w>det</w>
  <w>.</w>
</absapar>
<absapar id=10>
  <w>Tacksamhetens</w>
  <w>lov</w>
  <w>.</w>
</absapar>
<absapar id=11>
  <w>För</w>
  <w>några</w>
  <w>år</w>
  <w>sedan</w>
  <w>var</w>
  <w>det</w>
  <w>bara</w>
  <w>40</w>
  <w>-</w>
  <w>åriga</w>
  <w>kvinnor</w>
  <w>med</w>
  <w>Hunterstövlar</w>
  <w>och</w>
  <w>höga</w>
  <w>bostadslån</w>
  <w>som</w>
  <w>läste</w>
  <w>”</w>
  <w>Eat</w>
  <w>,</w>
  <w>Pray</w>
  <w>,</w>
  <w>Love</w>
  <w>”</w>
  <w>och</w>
  <w>skrev</w>
  <w>tacksamhetslistor</w>
  <w>i</w>
  <w>slutet</w>
  <w>av</w>
  <w>dagen</w>
  <w>.</w>
  <w>Men</w>
  <w>nu</w>
  <w>har</w>
  <w>mindfulness-trenden</w>
  <w>slagit</w>
  <w>igenom</w>
  <w>på</w>
  <w>bred</w>
  <w>front</w>
  <w>.</w>
  <w>Okej</w>
  <w>,</w>
  <w>det</w>
  <w>kanske</w>
  <w>dröjer</w>
  <w>ett</w>
  <w>tag</w>
  <w>innan</w>
  <w>merparten</w>
  <w>av</w>
  <w>svenska</w>
  <w>folket</w>
  <w>downshiftar</w>
  <w>på</w>
  <w>Bali</w>
  <w>–</w>
  <w>men</w>
  <w>vi</w>
  <absaspan id=30 senti=4 irony>
    <w>har</w>
    <w>kommit</w>
    <w>en</w>
    <w>bra</w>
    <w>bit</w>
    <w>på</w>
    <w>vägen</w>
    <w>mot</w>
    <w>lycka</w>
    <w>och</w>
    <w>harmoni</w>
  </absaspan>
  <w>när</w>
  <w>vi</w>
  <w>gläds</w>
  <w>vi</w>
  <w>åt</w>
  <absaspan id=31>
    <w>en</w>
    <w>seger</w>
    <w>över</w>
    <w>Färöarna</w>
    <w>i</w>
    <w>fotboll</w>
  </absaspan>
  <w>.</w>
</absapar>
</absadoc>
