<absadoc annotators=1 senti=3>
<absatitle>
  <w>Bestäm</w>
  <w>asylsökandes</w>
  <w>ålder</w>
  <w>vid</w>
  <w>ankomsten</w>
  <w>.</w>
</absatitle>
<absapar id=1 senti=3>
  <w>Migrationsverket</w>
  <w>gör</w>
  <w>en</w>
  <w>åldersbestämning</w>
  <w>först</w>
  <w>i</w>
  <w>slutet</w>
  <w>av</w>
  <w>asylprocessen</w>
  <w>.</w>
  <w>Så</w>
  <w>fungerar</w>
  <w>det</w>
  <w>inte</w>
  <w>i</w>
  <w>våra</w>
  <w>nordiska</w>
  <w>grannländer</w>
  <w>.</w>
  <w>Detta</w>
  <w>lägger</w>
  <w>ett</w>
  <w>stort</w>
  <w>ansvar</w>
  <w>på</w>
  <w>kommunerna</w>
  <w>som</w>
  <w>får</w>
  <w>extra</w>
  <w>kostnader</w>
  <w>i</w>
  <w>de</w>
  <w>fall</w>
  <w>asylsökande</w>
  <w>betraktas</w>
  <w>som</w>
  <w>minderåriga</w>
  <w>trots</w>
  <w>att</w>
  <w>de</w>
  <w>borde</w>
  <w>setts</w>
  <w>som</w>
  <w>vuxna</w>
  <w>från</w>
  <w>början</w>
  <w>,</w>
  <w>skriver</w>
  <w>fyra</w>
  <w>moderata</w>
  <w>kommunpolitiker</w>
  <w>.</w>
</absapar>
<absapar id=2>
  <absaspan id=1>
    <w>Att</w>
    <w>endast</w>
    <w>utgå</w>
    <w>från</w>
    <w>muntlig</w>
    <w>information</w>
    <w>och</w>
    <w>sedan</w>
    <w>vältra</w>
    <w>över</w>
    <w>ansvaret</w>
    <w>och</w>
    <w>kostnaderna</w>
    <w>på</w>
    <w>kommunerna</w>
  </absaspan>
  <absaspan id=2 senti=1>
    <w>är</w>
    <w>ohederligt</w>
  </absaspan>
  <w>.</w>
</absapar>
<absapar id=3>
  <w>Det</w>
  <w>här</w>
  <w>är</w>
  <w>en</w>
  <w>argumenterande</w>
  <w>text</w>
  <w>med</w>
  <w>syfte</w>
  <w>att</w>
  <w>påverka</w>
  <w>.</w>
  <w>Åsikterna</w>
  <w>som</w>
  <w>uttrycks</w>
  <w>är</w>
  <w>skribentens</w>
  <w>egna</w>
  <w>.</w>
</absapar>
<absapar id=4 senti=3>
  <w>Antalet</w>
  <w>asylsökande</w>
  <w>som</w>
  <w>kommit</w>
  <w>till</w>
  <w>Sverige</w>
  <w>var</w>
  <w>rekordstort</w>
  <w>under</w>
  <w>förra</w>
  <w>året</w>
  <w>.</w>
  <w>2015</w>
  <w>kom</w>
  <w>totalt</w>
  <w>163</w>
  <w>000</w>
  <w>asylsökande</w>
  <w>till</w>
  <w>landet</w>
  <w>varav</w>
  <w>drygt</w>
  <w>35</w>
  <w>000</w>
  <w>var</w>
  <w>ensamkommande</w>
  <w>minderåriga</w>
  <w>.</w>
  <w>Som</w>
  <w>jämförelse</w>
  <w>kan</w>
  <w>nämnas</w>
  <w>att</w>
  <w>det</w>
  <w>under</w>
  <w>åren</w>
  <w>2000</w>
  <w>–</w>
  <w>2014</w>
  <w>kom</w>
  <w>totalt</w>
  <w>28</w>
  <w>000</w>
  <w>ensamkommande</w>
  <w>minderåriga</w>
  <w>asylsökande</w>
  <w>till</w>
  <w>landet</w>
  <w>varav</w>
  <w>cirka</w>
  <w>90</w>
  <w>procent</w>
  <w>pojkar</w>
  <w>eller</w>
  <w>unga</w>
  <w>män</w>
  <w>.</w>
</absapar>
<absapar id=5 senti=2>
  <w>Att</w>
  <w>upprätta</w>
  <w>exakta</w>
  <w>prognoser</w>
  <w>inom</w>
  <w>asylområdet</w>
  <w>torde</w>
  <w>vara</w>
  <w>en</w>
  <w>omöjlig</w>
  <w>konst</w>
  <w>,</w>
  <w>men</w>
  <w>Migrationsverket</w>
  <w>räknar</w>
  <w>ändå</w>
  <w>med</w>
  <w>att</w>
  <w>föregående</w>
  <w>års</w>
  <w>extrema</w>
  <w>situation</w>
  <w>kan</w>
  <w>komma</w>
  <w>att</w>
  <w>upprepa</w>
  <w>sig</w>
  <w>.</w>
  <w>Sveriges</w>
  <w>kommuner</w>
  <w>kommer</w>
  <w>behöva</w>
  <w>ta</w>
  <w>höjd</w>
  <w>för</w>
  <w>att</w>
  <w>150</w>
  <w>000</w>
  <w>asylsökande</w>
  <w>ytterligare</w>
  <w>kan</w>
  <w>komma</w>
  <w>under</w>
  <w>året</w>
  <w>,</w>
  <w>med</w>
  <w>efterföljande</w>
  <w>kommunplaceringar</w>
  <w>.</w>
  <w>Det</w>
  <w>antal</w>
  <w>migranter</w>
  <w>som</w>
  <w>under</w>
  <w>2015</w>
  <w>motsvarade</w>
  <w>rikets</w>
  <w>femte</w>
  <w>största</w>
  <w>stad</w>
  <w>i</w>
  <w>folkmängd</w>
  <w>kan</w>
  <w>komma</w>
  <w>att</w>
  <w>motsvara</w>
  <w>rikets</w>
  <w>fjärde</w>
  <w>största</w>
  <w>,</w>
  <w>om</w>
  <w>den</w>
  <w>prognosticerade</w>
  <w>volymen</w>
  <w>för</w>
  <w>2016</w>
  <w>adderas</w>
  <w>.</w>
  <w>Antalet</w>
  <w>ensamkommande</w>
  <w>minderåriga</w>
  <w>asylsökande</w>
  <w>lär</w>
  <w>med</w>
  <w>samma</w>
  <w>analogi</w>
  <w>mycket</w>
  <w>väl</w>
  <w>kunna</w>
  <w>uppgå</w>
  <w>till</w>
  <w>runt</w>
  <w>30</w>
  <w>000</w>
  <w>.</w>
</absapar>
<absapar id=6 senti=2>
  <w>Av</w>
  <w>lätt</w>
  <w>insedda</w>
  <w>skäl</w>
  <w>har</w>
  <w>detta</w>
  <w>utgjort</w>
  <w>,</w>
  <w>och</w>
  <w>kommer</w>
  <w>framgent</w>
  <w>utgöra</w>
  <w>,</w>
  <w>en</w>
  <w>stor</w>
  <w>påverkan</w>
  <w>på</w>
  <w>samhället</w>
  <w>.</w>
  <w>Man</w>
  <w>kan</w>
  <w>skärskåda</w>
  <w>vilken</w>
  <w>valfri</w>
  <w>del</w>
  <w>av</w>
  <w>den</w>
  <w>offentliga</w>
  <w>sektorn</w>
  <w>som</w>
  <w>helst</w>
  <w>och</w>
  <w>snabbt</w>
  <w>konstatera</w>
  <w>att</w>
  <w>den</w>
  <w>allt</w>
  <w>mer</w>
  <w>börjar</w>
  <w>digna</w>
  <w>under</w>
  <w>trycket</w>
  <w>av</w>
  <w>en</w>
  <w>befolkningsökning</w>
  <w>som</w>
  <w>ingen</w>
  <w>del</w>
  <w>av</w>
  <w>systemet</w>
  <w>är</w>
  <w>dimensionerad</w>
  <w>för</w>
  <w>.</w>
  <w>Bostadsmarknaden</w>
  <w>är</w>
  <w>reglerad</w>
  <w>och</w>
  <w>ligger</w>
  <w>många</w>
  <w>år</w>
  <w>efter</w>
  <w>det</w>
  <w>behov</w>
  <w>som</w>
  <w>uppkommit</w>
  <w>.</w>
  <w>Bostadskön</w>
  <w>är</w>
  <w>,</w>
  <w>som</w>
  <w>en</w>
  <w>konsekvens</w>
  <w>av</w>
  <w>detta</w>
  <w>,</w>
  <w>flerårig</w>
  <w>i</w>
  <w>bland</w>
  <w>annat</w>
  <w>Stockholms</w>
  <w>län</w>
  <w>.</w>
</absapar>
<absapar id=7 senti=2>
  <w>De</w>
  <w>flesta</w>
  <w>ensamkommande</w>
  <w>minderåriga</w>
  <w>asylsökande</w>
  <w>uppger</w>
  <w>sig</w>
  <w>vara</w>
  <w>i</w>
  <w>en</w>
  <w>ålder</w>
  <w>som</w>
  <w>ligger</w>
  <w>i</w>
  <w>spannet</w>
  <w>14</w>
  <w>–</w>
  <w>17</w>
  <w>år</w>
  <w>.</w>
  <w>Cirka</w>
  <w>90</w>
  <w>procent</w>
  <w>är</w>
  <w>av</w>
  <w>manligt</w>
  <w>kön</w>
  <w>.</w>
  <absaspan id=3>
    <w>Det</w>
    <w>har</w>
    <w>,</w>
    <w>som</w>
    <w>ett</w>
    <w>resultat</w>
    <w>av</w>
    <w>detta</w>
    <w>,</w>
    <w>redan</w>
    <w>nu</w>
    <w>börjat</w>
    <w>skapas</w>
    <w>en</w>
  </absaspan>
  <absaspan id=4 senti=2>
    <w>snedfördelning</w>
  </absaspan>
  <absaspan id=5>
    <w>avseende</w>
    <w>könsbalans</w>
    <w>och</w>
    <w>åldersstruktur</w>
    <w>i</w>
    <w>samhället</w>
  </absaspan>
  <w>.</w>
  <w>Belastningen</w>
  <w>på</w>
  <w>kommunala</w>
  <w>högstadieskolor</w>
  <w>och</w>
  <w>gymnasieskolor</w>
  <w>är</w>
  <w>exceptionellt</w>
  <w>hög</w>
  <w>.</w>
  <w>För</w>
  <w>vissa</w>
  <w>kommuner</w>
  <w>innebär</w>
  <w>det</w>
  <w>att</w>
  <w>man</w>
  <w>till</w>
  <w>exempel</w>
  <w>kan</w>
  <w>tvingas</w>
  <w>bygga</w>
  <w>en</w>
  <w>eller</w>
  <w>rent</w>
  <w>av</w>
  <w>två</w>
  <w>helt</w>
  <w>nya</w>
  <w>gymnasieskolor</w>
  <w>.</w>
  <absaspan id=6>
    <w>Situationen</w>
  </absaspan>
  <absaspan id=7 senti=2>
    <w>är</w>
    <w>om</w>
    <w>inte</w>
    <w>ohållbar</w>
    <w>så</w>
    <w>i</w>
    <w>alla</w>
    <w>fall</w>
    <w>synnerligen</w>
    <w>ansträngd</w>
  </absaspan>
  <w>.</w>
</absapar>
<absapar id=8 senti=3>
  <w>Migrationsverket</w>
  <w>gör</w>
  <w>ingen</w>
  <w>åldersbestämning</w>
  <w>av</w>
  <w>dem</w>
  <w>som</w>
  <w>säger</w>
  <w>sig</w>
  <w>vara</w>
  <w>ensamkommande</w>
  <w>minderåriga</w>
  <w>vid</w>
  <w>ankomsten</w>
  <w>.</w>
  <w>Åldersuppgiften</w>
  <w>utgörs</w>
  <w>i</w>
  <w>de</w>
  <w>flesta</w>
  <w>fall</w>
  <w>enbart</w>
  <w>av</w>
  <w>vad</w>
  <w>som</w>
  <w>muntligen</w>
  <w>uppges</w>
  <w>av</w>
  <w>den</w>
  <w>asylsökande</w>
  <w>.</w>
  <w>Därefter</w>
  <w>skickas</w>
  <w>denne</w>
  <w>till</w>
  <w>sin</w>
  <w>mottagningskommun</w>
  <w>varpå</w>
  <w>en</w>
  <w>asylprocess</w>
  <w>på</w>
  <w>mellan</w>
  <w>8</w>
  <w>och</w>
  <w>15</w>
  <w>månader</w>
  <w>tar</w>
  <w>vid</w>
  <w>.</w>
  <w>Kommunerna</w>
  <w>får</w>
  <w>ansvaret</w>
  <w>för</w>
  <w>den</w>
  <w>asylsökande</w>
  <w>i</w>
  <w>det</w>
  <w>som</w>
  <w>faller</w>
  <w>inom</w>
  <w>kommunens</w>
  <w>verksamhet</w>
  <w>.</w>
  <w>Först</w>
  <w>i</w>
  <w>slutet</w>
  <w>av</w>
  <w>asylprocessen</w>
  <w>genomförs</w>
  <absaspan id=8>
    <w>en</w>
    <w>åldersbestämning</w>
    <w>,</w>
    <w>som</w>
    <w>i</w>
    <w>sig</w>
  </absaspan>
  <absaspan id=9 senti=2>
    <w>ligger</w>
  </absaspan>
  <absaspan id=10 senti=2>
    <w>långt</w>
    <w>efter</w>
  </absaspan>
  <absaspan id=11>
    <w>våra</w>
    <w>nordiska</w>
    <w>grannländers</w>
  </absaspan>
  <absaspan id=12 senti=2>
    <w>vad</w>
    <w>gäller</w>
    <w>kvalitet</w>
  </absaspan>
  <w>.</w>
  <w>Under</w>
  <w>den</w>
  <w>tid</w>
  <w>som</w>
  <w>förflutit</w>
  <w>från</w>
  <w>ankomst</w>
  <w>till</w>
  <w>kommunen</w>
  <w>och</w>
  <w>till</w>
  <w>dess</w>
  <w>svaret</w>
  <w>på</w>
  <w>ansökan</w>
  <w>om</w>
  <w>uppehållstillstånd</w>
  <w>kommer</w>
  <w>har</w>
  <w>den</w>
  <w>asylsökande</w>
  <w>placerats</w>
  <w>på</w>
  <w>kostsamma</w>
  <w>familjehem</w>
  <w>eller</w>
  <w>HVB-hem</w>
  <w>,</w>
  <w>samt</w>
  <w>i</w>
  <w>många</w>
  <w>fall</w>
  <w>påbörjat</w>
  <w>skolgång</w>
  <w>bland</w>
  <w>elever</w>
  <w>som</w>
  <w>har</w>
  <w>samma</w>
  <w>ålder</w>
  <w>som</w>
  <w>den</w>
  <w>asylsökande</w>
  <w>muntligen</w>
  <w>uppgivit</w>
  <w>.</w>
  <w>Att</w>
  <absaspan id=13>
    <w>detta</w>
  </absaspan>
  <absaspan id=14 senti=2>
    <w>inte</w>
    <w>är</w>
    <w>ett</w>
    <w>optimalt</w>
    <w>system</w>
  </absaspan>
  <w>kan</w>
  <w>man</w>
  <w>utan</w>
  <w>överdrift</w>
  <w>påstå</w>
  <w>.</w>
</absapar>
<absapar id=9 senti=3>
  <w>Migrationsverket</w>
  <w>frånhänder</w>
  <w>sig</w>
  <w>sitt</w>
  <w>ansvar</w>
  <w>och</w>
  <w>gör</w>
  <w>,</w>
  <w>till</w>
  <w>skillnad</w>
  <w>från</w>
  <w>övriga</w>
  <w>nordiska</w>
  <w>länder</w>
  <w>,</w>
  <w>åldersbestämningen</w>
  <w>först</w>
  <w>i</w>
  <w>slutet</w>
  <w>av</w>
  <w>asylprocessen</w>
  <w>.</w>
  <w>Detta</w>
  <w>trots</w>
  <w>att</w>
  <w>det</w>
  <w>finns</w>
  <w>ett</w>
  <w>prejudikat</w>
  <w>från</w>
  <w>Migrationsöverdomstolen</w>
  <w>(</w>
  <w>UM</w>
  <w>-</w>
  <w>2437</w>
  <w>-</w>
  <w>13</w>
  <w>)</w>
  <w>som</w>
  <w>fastslår</w>
  <w>att</w>
  <w>det</w>
  <w>är</w>
  <w>den</w>
  <w>asylsökande</w>
  <w>som</w>
  <w>har</w>
  <w>att</w>
  <w>göra</w>
  <w>sannolikt</w>
  <w>att</w>
  <w>han</w>
  <w>är</w>
  <w>minderårig</w>
  <w>och</w>
  <w>att</w>
  <w>i</w>
  <w>första</w>
  <w>hand</w>
  <w>skriftlig</w>
  <w>bevisning</w>
  <w>är</w>
  <w>relevant</w>
  <w>.</w>
  <absaspan id=15>
    <w>Att</w>
    <w>endast</w>
    <w>utgå</w>
    <w>från</w>
    <w>muntlig</w>
    <w>information</w>
    <w>och</w>
    <w>sedan</w>
  </absaspan>
  <absaspan id=16 senti=2>
    <w>vältra</w>
    <w>över</w>
    <w>ansvaret</w>
    <w>och</w>
    <w>kostnaderna</w>
  </absaspan>
  <absaspan id=17>
    <w>på</w>
    <w>kommunerna</w>
  </absaspan>
  <w>är</w>
  <w>–</w>
  <w>förutom</w>
  <w>att</w>
  <w>det</w>
  <w>inte</w>
  <w>är</w>
  <w>i</w>
  <w>enlighet</w>
  <w>med</w>
  <w>lagen</w>
  <w>och</w>
  <w>Migrationsöverdomstolens</w>
  <w>dom</w>
  <w>–</w>
  <absaspan id=18 senti=1>
    <w>ohederligt</w>
  </absaspan>
  <w>och</w>
  <w>försätter</w>
  <w>det</w>
  <w>existerande</w>
  <w>civilsamhället</w>
  <w>i</w>
  <w>en</w>
  <w>ansträngd</w>
  <w>situation</w>
  <w>.</w>
</absapar>
<absapar id=10 senti=3>
  <w>En</w>
  <w>konsekvensanalys</w>
  <w>som</w>
  <w>Migrationsverket</w>
  <w>tagit</w>
  <w>fram</w>
  <w>,</w>
  <w>och</w>
  <w>som</w>
  <w>distribuerats</w>
  <w>internt</w>
  <w>,</w>
  <w>anger</w>
  <w>att</w>
  <w>Migrationsverkets</w>
  <w>beslut</w>
  <w>avseende</w>
  <w>en</w>
  <w>asylsökandes</w>
  <w>ålder</w>
  <w>inte</w>
  <w>är</w>
  <w>bindande</w>
  <w>för</w>
  <w>andra</w>
  <w>aktörer</w>
  <w>,</w>
  <w>exempelvis</w>
  <w>enskilda</w>
  <w>kommuner</w>
  <w>.</w>
  <w>Det</w>
  <w>står</w>
  <w>andra</w>
  <w>aktörer</w>
  <w>fritt</w>
  <w>att</w>
  <w>oavsett</w>
  <w>verkets</w>
  <w>bedömning</w>
  <w>i</w>
  <w>åldersfrågan</w>
  <w>bedöma</w>
  <w>en</w>
  <w>sökande</w>
  <w>som</w>
  <w>minderårig</w>
  <w>eller</w>
  <w>inte</w>
  <w>.</w>
  <w>När</w>
  <w>en</w>
  <w>kommun</w>
  <w>gör</w>
  <w>bedömningen</w>
  <w>att</w>
  <w>det</w>
  <w>inte</w>
  <w>rör</w>
  <w>sig</w>
  <w>om</w>
  <w>ett</w>
  <w>barn</w>
  <w>återgår</w>
  <w>ansvaret</w>
  <w>att</w>
  <w>ordna</w>
  <w>boende</w>
  <w>till</w>
  <w>Migrationsverket</w>
  <w>.</w>
</absapar>
<absapar id=11 senti=3>
  <w>För</w>
  <w>att</w>
  <w>åstadkomma</w>
  <absaspan id=19>
    <w>ett</w>
  </absaspan>
  <absaspan id=20 senti=4>
    <w>rättssäkert</w>
    <w>och</w>
    <w>trovärdigt</w>
  </absaspan>
  <absaspan id=21>
    <w>system</w>
  </absaspan>
  <w>för</w>
  <w>dem</w>
  <w>med</w>
  <w>verkliga</w>
  <w>skyddsbehov</w>
  <w>och</w>
  <w>även</w>
  <w>för</w>
  <w>civilsamhället</w>
  <w>måste</w>
  <w>regeringen</w>
  <w>,</w>
  <w>som</w>
  <w>är</w>
  <w>Migrationsverkets</w>
  <w>uppdragsgivare</w>
  <w>,</w>
  <w>ge</w>
  <w>tydliga</w>
  <w>direktiv</w>
  <w>hur</w>
  <w>verksamheten</w>
  <w>ska</w>
  <w>skötas</w>
  <w>.</w>
  <w>Inte</w>
  <w>minst</w>
  <w>att</w>
  <w>utlänningslagen</w>
  <w>och</w>
  <w>prejudikat</w>
  <w>från</w>
  <w>högsta</w>
  <w>instans</w>
  <w>ska</w>
  <w>följas</w>
  <w>.</w>
</absapar>
<absapar id=12 senti=3>
  <w>Enligt</w>
  <w>vårt</w>
  <w>förmenande</w>
  <w>ska</w>
  <w>,</w>
  <w>om</w>
  <w>inte</w>
  <w>åldern</w>
  <w>kan</w>
  <w>styrkas</w>
  <w>av</w>
  <w>giltiga</w>
  <w>identitetshandlingar</w>
  <w>,</w>
  <w>en</w>
  <w>åldersbestämning</w>
  <w>alltid</w>
  <w>göras</w>
  <w>om</w>
  <w>det</w>
  <w>är</w>
  <w>uppenbart</w>
  <w>eller</w>
  <w>kan</w>
  <w>misstänkas</w>
  <w>att</w>
  <w>personen</w>
  <w>ifråga</w>
  <w>kan</w>
  <w>vara</w>
  <w>18</w>
  <w>år</w>
  <w>eller</w>
  <w>äldre</w>
  <w>.</w>
  <w>Den</w>
  <w>ska</w>
  <w>göras</w>
  <w>redan</w>
  <w>vid</w>
  <w>ankomst</w>
  <w>till</w>
  <w>landet</w>
  <w>.</w>
  <absaspan id=22>
    <w>Åldersbestämningen</w>
  </absaspan>
  <absaspan id=23 senti=4>
    <w>kan</w>
    <w>med</w>
    <w>fördel</w>
    <w>anamma</w>
  </absaspan>
  <absaspan id=24>
    <w>de</w>
    <w>metoder</w>
    <w>som</w>
    <w>våra</w>
    <w>grannländer</w>
    <w>i</w>
    <w>Norden</w>
    <w>tillämpar</w>
  </absaspan>
  <w>.</w>
  <w>Den</w>
  <w>som</w>
  <w>visar</w>
  <w>sig</w>
  <w>vara</w>
  <w>över</w>
  <w>18</w>
  <w>år</w>
  <w>får</w>
  <w>söka</w>
  <w>asyl</w>
  <w>på</w>
  <w>de</w>
  <w>kriterier</w>
  <w>som</w>
  <w>gäller</w>
  <w>för</w>
  <w>en</w>
  <w>vuxen</w>
  <w>medan</w>
  <w>den</w>
  <w>som</w>
  <w>visar</w>
  <w>sig</w>
  <w>vara</w>
  <w>under</w>
  <w>18</w>
  <w>självfallet</w>
  <w>ska</w>
  <w>behandlas</w>
  <w>enligt</w>
  <w>de</w>
  <w>kriterier</w>
  <w>som</w>
  <w>utlänningslagen</w>
  <w>och</w>
  <w>Unicefs</w>
  <w>barnkonvention</w>
  <w>statuerar</w>
  <w>.</w>
</absapar>
<absapar id=13>
  <w>Michaela</w>
  <w>Fletcher</w>
  <w>(</w>
  <w>M</w>
  <w>)</w>
  <w>.</w>
</absapar>
<absapar id=14>
  <w>Österåker</w>
  <w>.</w>
</absapar>
<absapar id=15>
  <w>Leif</w>
  <w>Gripestam</w>
  <w>(</w>
  <w>M</w>
  <w>)</w>
  <w>.</w>
</absapar>
<absapar id=16>
  <w>Täby</w>
  <w>.</w>
</absapar>
<absapar id=17>
  <w>Olle</w>
  <w>Reichenberg</w>
  <w>(</w>
  <w>M</w>
  <w>)</w>
  <w>.</w>
</absapar>
<absapar id=18>
  <w>Danderyd</w>
  <w>.</w>
</absapar>
<absapar id=19>
  <w>Martina</w>
  <w>Mossberg</w>
  <w>(</w>
  <w>M</w>
  <w>)</w>
  <w>.</w>
</absapar>
<absapar id=20>
  <w>Haninge</w>
  <w>.</w>
</absapar>
<absapar id=21>
  <w>Redaktör</w>
  <w>:</w>
  <w>Carina</w>
  <w>Stensson</w>
  <w>,</w>
  <w>Biträdande</w>
  <w>redaktör</w>
  <w>:</w>
  <w>Björn</w>
  <w>Jorner</w>
  <w>,</w>
  <w>Mejl</w>
  <w>:</w>
  <w>debatt</w>
  <w>@</w>
  <w>svd.se</w>
  <w>,</w>
  <w>Telefonnummer</w>
  <w>:</w>
  <w>08</w>
  <w>-</w>
  <w>135149</w>
  <w>,</w>
  <w>Twitter</w>
  <w>:</w>
  <w>@</w>
  <w>SvDDebatt</w>
  <w>,</w>
  <w>Facebook</w>
  <w>:</w>
  <w>SvD</w>
  <w>Debatt</w>
  <w>.</w>
</absapar>
</absadoc>
