<absadoc annotators=1 senti=>
<absatitle>
  <w>Befria</w>
  <w>Svenska</w>
  <w>kyrkan</w>
  <w>från</w>
  <w>politiska</w>
  <w>partier</w>
  <w>.</w>
</absatitle>
<absapar id=1>
  <w>Vintern</w>
  <w>är</w>
  <w>här</w>
  <w>och</w>
  <w>hemlösa</w>
  <w>har</w>
  <w>det</w>
  <w>kämpigt</w>
  <w>.</w>
  <w>Den</w>
  <w>ökande</w>
  <w>hemlösheten</w>
  <w>har</w>
  <w>uppmärksammats</w>
  <w>och</w>
  <w>frivilliga</w>
  <w>ställer</w>
  <w>upp</w>
  <w>i</w>
  <w>olika</w>
  <w>nätverk</w>
  <w>.</w>
  <absaspan id=1>
    <w>Svenska</w>
    <w>kyrkan</w>
  </absaspan>
  <absaspan id=2 senti=4>
    <w>anser</w>
  </absaspan>
  <absaspan id=3>
    <w>att</w>
    <w>de</w>
    <w>bör</w>
    <w>hjälpa</w>
    <w>till</w>
  </absaspan>
  <w>,</w>
  <w>vilket</w>
  <w>ligger</w>
  <w>i</w>
  <w>linje</w>
  <w>med</w>
  <w>vad</w>
  <w>medlemmarna</w>
  <w>förväntar</w>
  <w>sig</w>
  <w>av</w>
  <w>kyrkan</w>
  <w>.</w>
  <w>Humanitärt</w>
  <w>och</w>
  <w>diakonalt</w>
  <w>engagemang</w>
  <w>är</w>
  <w>det</w>
  <w>som</w>
  <w>främst</w>
  <w>förknippas</w>
  <w>med</w>
  <w>kyrkans</w>
  <w>verksamhet</w>
  <w>förutom</w>
  <w>förrättningar</w>
  <w>.</w>
</absapar>
<absapar id=2>
  <w>Men</w>
  <w>det</w>
  <w>är</w>
  <w>inte</w>
  <w>så</w>
  <w>enkelt</w>
  <w>.</w>
  <w>Kyrkans</w>
  <w>beslutande</w>
  <w>organ</w>
  <w>är</w>
  <w>på</w>
  <w>lokal</w>
  <w>nivå</w>
  <w>,</w>
  <w>i</w>
  <w>församlingar</w>
  <w>och</w>
  <w>pastorat</w>
  <w>.</w>
  <w>Där</w>
  <w>styr</w>
  <w>politiska</w>
  <w>partier</w>
  <w>med</w>
  <w>en</w>
  <w>helt</w>
  <w>annan</w>
  <w>agenda</w>
  <w>än</w>
  <w>vad</w>
  <w>kristen</w>
  <w>tro</w>
  <w>inspirerar</w>
  <w>till</w>
  <w>.</w>
  <w>Vad</w>
  <w>medlemmarna</w>
  <w>förutsätter</w>
  <w>att</w>
  <w>kyrkan</w>
  <w>gör</w>
  <w>kan</w>
  <w>därför</w>
  <w>hamna</w>
  <w>i</w>
  <w>konflikt</w>
  <w>med</w>
  <w>de</w>
  <w>lokala</w>
  <w>partiernas</w>
  <w>syn</w>
  <w>och</w>
  <w>önskan</w>
  <w>.</w>
</absapar>
<absapar id=3>
  <w>Jag</w>
  <w>kan</w>
  <w>ta</w>
  <w>min</w>
  <w>egen</w>
  <w>Sundbyberg</w>
  <w>församling</w>
  <w>som</w>
  <w>exempel</w>
  <w>.</w>
  <w>Där</w>
  <w>lade</w>
  <w>POSK</w>
  <w>(</w>
  <w>partipolitiskt</w>
  <w>obundna</w>
  <w>i</w>
  <w>svenska</w>
  <w>kyrkan</w>
  <w>)</w>
  <w>i</w>
  <w>januari</w>
  <w>2014</w>
  <absaspan id=4>
    <w>en</w>
  </absaspan>
  <absaspan id=5>
    <w>motion</w>
    <w>om</w>
    <w>hemlöshet</w>
  </absaspan>
  <w>.</w>
  <absaspan id=6>
    <w>Den</w>
  </absaspan>
  <absaspan id=7 senti=4>
    <w>föreslog</w>
  </absaspan>
  <absaspan id=8>
    <w>att</w>
    <w>kyrkan</w>
    <w>skulle</w>
    <w>inventera</w>
    <w>hur</w>
    <w>hemlösheten</w>
    <w>ser</w>
    <w>ut</w>
    <w>i</w>
    <w>staden</w>
    <w>och</w>
    <w>utifrån</w>
    <w>detta</w>
    <w>eventuellt</w>
    <w>finna</w>
    <w>åtgärder</w>
    <w>som</w>
    <w>kunde</w>
    <w>underlätta</w>
  </absaspan>
  <w>.</w>
</absapar>
<absapar id=4>
  <w>Men</w>
  <w>den</w>
  <w>socialdemokratiske</w>
  <w>ordföranden</w>
  <w>i</w>
  <w>kyrkofullmäktige</w>
  <w>,</w>
  <w>tillika</w>
  <w>kommunfullmäktiges</w>
  <w>första</w>
  <w>vice</w>
  <w>ordf</w>
  <w>,</w>
  <w>ställde</w>
  <w>in</w>
  <w>januarimötet</w>
  <w>med</w>
  <w>kort</w>
  <w>varsel</w>
  <w>.</w>
  <w>Inte</w>
  <w>heller</w>
  <w>förekom</w>
  <w>beredning</w>
  <w>enligt</w>
  <w>beredningspraxis</w>
  <w>till</w>
  <w>mötet</w>
  <w>nu</w>
  <w>i</w>
  <w>höst</w>
  <w>.</w>
  <w>Det</w>
  <w>obligatoriska</w>
  <w>barnperspektivet</w>
  <w>togs</w>
  <w>exempelvis</w>
  <w>ej</w>
  <w>upp</w>
  <w>.</w>
</absapar>
<absapar id=5>
  <w>Den</w>
  <w>tillförordnade</w>
  <w>s-märkte</w>
  <w>kyrkoherden</w>
  <w>plus</w>
  <w>kyrkorådsordföranden</w>
  <w>(</w>
  <w>S</w>
  <w>)</w>
  <w>–</w>
  <w>tillika</w>
  <w>kommunfullmäktigeledamot</w>
  <w>–</w>
  <w>föreslog</w>
  <w>dock</w>
  <w>avslag</w>
  <w>på</w>
  <w>motionen</w>
  <w>om</w>
  <w>hemlöshet</w>
  <w>.</w>
  <w>Som</w>
  <w>skäl</w>
  <w>angavs</w>
  <w>bland</w>
  <w>annat</w>
  <w>att</w>
  <w>församlingens</w>
  <w>diakonala</w>
  <w>arbete</w>
  <w>inte</w>
  <w>ska</w>
  <w>gå</w>
  <w>in</w>
  <w>i</w>
  <w>uppgifter</w>
  <w>som</w>
  <w>kommunen</w>
  <w>ska</w>
  <w>ansvara</w>
  <w>för</w>
  <w>,</w>
  <w>att</w>
  <w>församlingen</w>
  <w>enbart</w>
  <w>ska</w>
  <w>gå</w>
  <w>in</w>
  <w>i</w>
  <w>frågor</w>
  <w>som</w>
  <w>”</w>
  <w>faller</w>
  <w>mellan</w>
  <w>stolarna</w>
  <w>”</w>
  <w>och</w>
  <w>att</w>
  <w>församlingen</w>
  <w>inte</w>
  <w>hade</w>
  <w>resurser</w>
  <w>.</w>
  <w>Grupperna</w>
  <w>med</w>
  <w>en</w>
  <w>humanitär</w>
  <w>kyrklig</w>
  <w>diakonal</w>
  <w>kristen</w>
  <w>syn</w>
  <w>,</w>
  <w>POSK</w>
  <w>och</w>
  <w>KD</w>
  <w>,</w>
  <w>reserverade</w>
  <w>sig</w>
  <w>mot</w>
  <w>Socialdemokraterna</w>
  <w>.</w>
</absapar>
<absapar id=6>
  <w>På</w>
  <w>höstens</w>
  <w>möte</w>
  <w>togs</w>
  <w>också</w>
  <w>Socialdemokraternas</w>
  <w>budget</w>
  <w>,</w>
  <w>där</w>
  <w>kyrkopolitikernas</w>
  <w>ersättningar</w>
  <w>budgeterades</w>
  <w>till</w>
  <w>ca</w>
  <w>600</w>
  <w>000</w>
  <w>kronor</w>
  <w>,</w>
  <w>varav</w>
  <w>största</w>
  <w>delen</w>
  <w>tillfaller</w>
  <w>Socialdemokraterna</w>
  <w>i</w>
  <w>Sundbyberg</w>
  <w>.</w>
  <w>De</w>
  <w>genomdrev</w>
  <w>också</w>
  <w>en</w>
  <w>investering</w>
  <w>på</w>
  <w>90</w>
  <w>000</w>
  <w>kronor</w>
  <w>till</w>
  <w>läsplattor</w>
  <w>för</w>
  <w>kyrkorådets</w>
  <w>åtta</w>
  <w>ledamöter</w>
  <w>,</w>
  <w>varav</w>
  <w>sex</w>
  <w>hör</w>
  <w>till</w>
  <w>den</w>
  <w>socialdemokratiska</w>
  <w>samverkansgruppen</w>
  <w>.</w>
</absapar>
<absapar id=7>
  <w>Ovanstående</w>
  <w>förhållanden</w>
  <w>är</w>
  <w>inte</w>
  <w>ovanliga</w>
  <w>.</w>
  <w>Den</w>
  <w>humanitära</w>
  <w>kristna</w>
  <w>synen</w>
  <w>på</w>
  <w>kyrkans</w>
  <w>uppgift</w>
  <w>står</w>
  <w>i</w>
  <w>motsats</w>
  <w>till</w>
  <w>politiska</w>
  <w>partiers</w>
  <w>egna</w>
  <w>sekulära</w>
  <w>anspråk</w>
  <w>.</w>
  <w>Av</w>
  <w>kyrkomedlemmarnas</w>
  <w>avgifter</w>
  <w>går</w>
  <w>varje</w>
  <w>år</w>
  <w>miljoner</w>
  <w>till</w>
  <w>sekulära</w>
  <w>politiska</w>
  <w>partier</w>
  <w>.</w>
  <w>Kyrkan</w>
  <w>står</w>
  <w>nu</w>
  <w>inför</w>
  <w>minskade</w>
  <w>resurser</w>
  <w>.</w>
  <w>Det</w>
  <w>är</w>
  <w>inte</w>
  <w>längre</w>
  <w>försvarbart</w>
  <w>att</w>
  <w>kyrkan</w>
  <w>verkar</w>
  <w>som</w>
  <w>bankomat</w>
  <w>för</w>
  <w>politiska</w>
  <w>partier</w>
  <w>.</w>
</absapar>
<absapar id=8>
  <w>Religiösa</w>
  <w>samfund</w>
  <w>måste</w>
  <w>kunna</w>
  <w>bedriva</w>
  <w>verksamhet</w>
  <w>enligt</w>
  <w>den</w>
  <w>religiösa</w>
  <w>grund</w>
  <w>som</w>
  <w>samfunden</w>
  <w>vilar</w>
  <w>på</w>
  <w>.</w>
  <w>Kyrkans</w>
  <w>grund</w>
  <w>är</w>
  <w>det</w>
  <w>kristna</w>
  <w>evangeliet</w>
  <w>och</w>
  <w>verksamheten</w>
  <w>bör</w>
  <w>inte</w>
  <w>hindras</w>
  <w>av</w>
  <w>sekulära</w>
  <w>,</w>
  <w>politiska</w>
  <w>doktriner</w>
  <w>.</w>
  <w>Den</w>
  <w>kristna</w>
  <w>grunden</w>
  <w>,</w>
  <w>att</w>
  <w>stå</w>
  <w>på</w>
  <w>de</w>
  <w>utsattas</w>
  <w>sida</w>
  <w>,</w>
  <w>får</w>
  <w>inte</w>
  <w>begränsas</w>
  <w>av</w>
  <w>politiska</w>
  <w>partiers</w>
  <w>inställning</w>
  <w>till</w>
  <w>de</w>
  <w>marginaliserades</w>
  <w>behov</w>
  <w>.</w>
</absapar>
<absapar id=9>
  <w>En</w>
  <w>icke</w>
  <w>religiös</w>
  <w>stat</w>
  <w>som</w>
  <w>bejakar</w>
  <w>religionsfrihet</w>
  <w>kan</w>
  <w>inte</w>
  <w>ha</w>
  <w>partier</w>
  <w>som</w>
  <w>söker</w>
  <w>makt</w>
  <w>i</w>
  <w>både</w>
  <w>stat</w>
  <w>,</w>
  <w>kommun</w>
  <w>och</w>
  <w>på</w>
  <w>det</w>
  <w>religiösa</w>
  <w>området</w>
  <w>.</w>
  <absaspan id=9>
    <w>Lagarna</w>
    <w>som</w>
    <w>styr</w>
    <w>Svenska</w>
    <w>kyrkan</w>
  </absaspan>
  <absaspan id=10 senti=1>
    <w>måste</w>
    <w>avlägsnas</w>
  </absaspan>
  <w>och</w>
  <absaspan id=11>
    <w>begränsning</w>
    <w>för</w>
    <w>politiska</w>
    <w>partier</w>
    <w>att</w>
    <w>söka</w>
    <w>makt</w>
    <w>i</w>
    <w>religiösa</w>
    <w>organisationer</w>
  </absaspan>
  <absaspan id=12 senti=2>
    <w>bör</w>
    <w>reflekteras</w>
    <w>över</w>
  </absaspan>
  <w>.</w>
</absapar>
<absapar id=10>
  <absaspan id=13>
    <w>Politiska</w>
    <w>partiers</w>
    <w>maktsträvanden</w>
    <w>över</w>
    <w>ett</w>
    <w>samfund</w>
  </absaspan>
  <absaspan id=14 senti=2>
    <w>är</w>
    <w>kontraproduktivt</w>
  </absaspan>
  <w>i</w>
  <w>ett</w>
  <w>samhälle</w>
  <w>där</w>
  <w>olika</w>
  <w>religioner</w>
  <w>ska</w>
  <w>samsas</w>
  <w>.</w>
  <absaspan id=15>
    <w>Nuvarande</w>
    <w>situation</w>
  </absaspan>
  <absaspan id=16 senti=2>
    <w>innebär</w>
    <w>en</w>
    <w>absolut</w>
    <w>särbehandling</w>
  </absaspan>
  <w>.</w>
</absapar>
<absapar id=11>
  <w>Micael</w>
  <w>Terstedt</w>
  <w>.</w>
</absapar>
<absapar id=12>
  <w>SundbybergPOSK</w>
  <w>.</w>
</absapar>
<absapar id=13>
  <w>FAKTA</w>
  <w>.</w>
</absapar>
<absapar id=14>
  <w>REN</w>
  <w>.</w>
</absapar>
<absapar id=15>
  <w>N</w>
  <w>.</w>
</absapar>
</absadoc>
