<absadoc annotators=1 senti=>
<absatitle>
  <absaspan id=1 senti=2 target=1>
    <w>Krigspropaganda</w>
  </absaspan>
  <w>i</w>
  <w>svenska</w>
  <w>medier</w>
  <w>.</w>
</absatitle>
<absapar id=1>
  <w>Jag</w>
  <w>läste</w>
  <w>nyligen</w>
  <w>en</w>
  <absaspan id=2 senti=1>
    <w>helt</w>
    <w>vidrig</w>
  </absaspan>
  <absaspan id=3>
    <w>artikel</w>
  </absaspan>
  <w>,</w>
  <w>”</w>
  <w>Dödens</w>
  <w>drönare</w>
  <w>”</w>
  <w>,</w>
  <w>i</w>
  <w>tidskriften</w>
  <w>Populär</w>
  <w>Vetenskap</w>
  <w>.</w>
  <w>I</w>
  <w>ingressen</w>
  <w>står</w>
  <w>:</w>
  <w>”</w>
  <w>Hur</w>
  <w>god</w>
  <w>jaktlycka</w>
  <w>får</w>
  <w>man</w>
  <w>för</w>
  <w>500</w>
  <w>miljarder</w>
  <w>?</w>
  <w>”</w>
  <w>.</w>
</absapar>
<absapar id=2>
  <w>Denna</w>
  <w>”</w>
  <w>jaktlycka</w>
  <w>”</w>
  <w>gäller</w>
  <w>människojakt</w>
  <w>.</w>
</absapar>
<absapar id=3>
  <absaspan id=4>
    <w>Texten</w>
  </absaspan>
  <absaspan id=5 senti=4>
    <w>glöder</w>
    <w>av</w>
    <w>entusiasm</w>
    <w>för</w>
  </absaspan>
  <absaspan id=6>
    <w>alla</w>
    <w>nya</w>
    <w>vapen</w>
    <w>som</w>
    <w>nu</w>
    <w>utvecklas</w>
    <w>i</w>
    <w>USA</w>
  </absaspan>
  <w>.</w>
  <w>Små</w>
  <w>spiondrönare</w>
  <w>.</w>
  <w>Predatordrönare</w>
  <w>som</w>
  <w>kan</w>
  <w>spåra</w>
  <w>enskilda</w>
  <w>personer</w>
  <w>och</w>
  <w>döda</w>
  <w>dem</w>
  <w>.</w>
  <w>Ordval</w>
  <w>som</w>
  <w>:</w>
  <w>”</w>
  <w>färdigställa</w>
  <w>dödandekedja</w>
  <w>”</w>
  <w>.</w>
  <w>Det</w>
  <w>vill</w>
  <w>säga</w>
  <w>hur</w>
  <w>man</w>
  <w>spårar</w>
  <w>och</w>
  <w>dödar</w>
  <w>ett</w>
  <w>offer</w>
  <w>.</w>
</absapar>
<absapar id=4>
  <w>Anonym</w>
  <absaspan id=7 senti=2>
    <w>krigspropaganda</w>
  </absaspan>
  <w>från</w>
  <w>USA</w>
  <w>?</w>
  <w>Där</w>
  <w>finns</w>
  <w>inget</w>
  <w>författarnamn</w>
  <w>.</w>
  <w>Artikeln</w>
  <w>illustreras</w>
  <w>med</w>
  <w>bilder</w>
  <w>på</w>
  <w>mörkhyade</w>
  <w>och</w>
  <absaspan id=8 senti=2 irony>
    <w>ondskefullt</w>
    <w>blickande</w>
  </absaspan>
  <absaspan id=9>
    <w>muslimer</w>
  </absaspan>
  <w>.</w>
  <w>Fienden</w>
  <w>.</w>
</absapar>
<absapar id=5>
  <w>Säkert</w>
  <w>läser</w>
  <w>många</w>
  <w>unga</w>
  <w>svenskar</w>
  <w>en</w>
  <w>tidskrift</w>
  <w>som</w>
  <w>Populär</w>
  <w>Vetenskap</w>
  <w>.</w>
  <w>Lockas</w>
  <w>till</w>
  <w>kriget</w>
  <w>i</w>
  <w>Afghanistan</w>
  <w>av</w>
  <w>den</w>
  <w>häftiga</w>
  <w>vapenhanteringen</w>
  <w>.</w>
  <w>Vilket</w>
  <w>väl</w>
  <w>är</w>
  <w>artikelns</w>
  <w>syfte</w>
  <w>.</w>
</absapar>
<absapar id=6>
  <w>Andra</w>
  <w>bilder</w>
  <w>från</w>
  <w>Afghanistans</w>
  <w>karga</w>
  <w>berg</w>
  <w>griper</w>
  <w>tag</w>
  <w>i</w>
  <w>hjärtat</w>
  <w>.</w>
  <w>Människorna</w>
  <w>som</w>
  <w>där</w>
  <w>ändå</w>
  <w>lyckas</w>
  <w>överleva</w>
  <w>.</w>
  <w>I</w>
  <w>eländiga</w>
  <w>byar</w>
  <w>och</w>
  <w>sanddammiga</w>
  <w>städer</w>
  <w>.</w>
</absapar>
<absapar id=7>
  <w>I</w>
  <w>Jan</w>
  <w>Myrdals</w>
  <w>”</w>
  <w>Kulturers</w>
  <w>korsväg</w>
  <w>”</w>
  <w>som</w>
  <w>skrevs</w>
  <w>för</w>
  <w>så</w>
  <w>länge</w>
  <w>sedan</w>
  <w>mötte</w>
  <w>vi</w>
  <w>ett</w>
  <w>annat</w>
  <w>Afghanistan</w>
  <w>.</w>
  <w>Ett</w>
  <w>land</w>
  <w>som</w>
  <w>var</w>
  <w>på</w>
  <w>väg</w>
  <w>framåt</w>
  <w>.</w>
  <w>I</w>
  <w>sin</w>
  <w>egen</w>
  <w>takt</w>
  <w>.</w>
  <absaspan id=10 senti=2>
    <w>Ett</w>
  </absaspan>
  <absaspan id=11 senti=2>
    <w>land</w>
    <w>som</w>
  </absaspan>
  <absaspan id=12>
    <w>USA</w>
    <w>:</w>
    <w>s</w>
    <w>geopolitiska</w>
    <w>spel</w>
  </absaspan>
  <absaspan id=13 senti=2>
    <w>nu</w>
    <w>helt</w>
    <w>förött</w>
  </absaspan>
  <w>.</w>
  <w>Soldaterna</w>
  <w>är</w>
  <w>ju</w>
  <w>där</w>
  <w>för</w>
  <w>att</w>
  <w>skydda</w>
  <w>oljeledningar</w>
  <w>,</w>
  <w>skydda</w>
  <w>USA</w>
  <w>:</w>
  <w>s</w>
  <w>framtida</w>
  <w>utvinning</w>
  <w>av</w>
  <w>mineraltillgångarna</w>
  <w>.</w>
  <w>Skydda</w>
  <w>USA</w>
  <w>:</w>
  <w>s</w>
  <w>”</w>
  <w>närvaro</w>
  <w>”</w>
  <w>intill</w>
  <w>de</w>
  <w>centralasiatiska</w>
  <w>oljekällorna</w>
  <w>.</w>
</absapar>
<absapar id=8>
  <w>Hur</w>
  <w>kan</w>
  <w>svenska</w>
  <w>medier</w>
  <w>fortsätta</w>
  <w>tala</w>
  <w>om</w>
  <w>att</w>
  <w>krigsinsatsen</w>
  <w>görs</w>
  <w>för</w>
  <w>demokratin</w>
  <w>när</w>
  <w>vi</w>
  <w>nu</w>
  <w>ser</w>
  <w>ockupationen</w>
  <w>bli</w>
  <w>allt</w>
  <w>mer</w>
  <w>begriplig</w>
  <w>i</w>
  <w>ekonomiska</w>
  <w>och</w>
  <w>militärpolitiska</w>
  <w>termer</w>
  <w>.</w>
  <w>När</w>
  <w>vi</w>
  <w>vet</w>
  <w>hur</w>
  <w>soldaterna</w>
  <w>betett</w>
  <w>sig</w>
  <w>mot</w>
  <w>”</w>
  <w>fienden</w>
  <w>”</w>
  <w>.</w>
</absapar>
<absapar id=9>
  <w>USA-soldaternas</w>
  <w>sätt</w>
  <w>att</w>
  <w>roa</w>
  <w>sig</w>
  <w>med</w>
  <w>att</w>
  <w>döda</w>
  <w>oskyldiga</w>
  <w>människor</w>
  <w>.</w>
  <w>Samla</w>
  <w>kroppsdelar</w>
  <w>som</w>
  <w>troféer</w>
  <w>.</w>
  <absaspan id=14>
    <w>De</w>
    <w>norska</w>
    <w>soldaternas</w>
  </absaspan>
  <w>uttalanden</w>
  <w>om</w>
  <absaspan id=15>
    <w>att</w>
    <w>få</w>
    <w>döda</w>
    <w>talibaner</w>
  </absaspan>
  <absaspan id=16 senti=4>
    <w>var</w>
    <w>lika</w>
    <w>upphetsande</w>
    <w>som</w>
    <w>att</w>
    <w>ha</w>
    <w>sex</w>
  </absaspan>
  <w>.</w>
  <absaspan id=17>
    <w>Danska</w>
  </absaspan>
  <absaspan id=18>
    <w>soldater</w>
  </absaspan>
  <absaspan id=19>
    <w>som</w>
  </absaspan>
  <absaspan id=20 senti=2>
    <w>besinningslöst</w>
    <w>skjuter</w>
    <w>ned</w>
    <w>motståndare</w>
    <w>som</w>
    <w>redan</w>
    <w>gett</w>
    <w>upp</w>
  </absaspan>
  <w>.</w>
  <w>Kapitulerat</w>
  <w>.</w>
</absapar>
<absapar id=10>
  <w>Åter</w>
  <w>till</w>
  <w>artikeln</w>
  <w>i</w>
  <w>Populär</w>
  <w>Vetenskap</w>
  <w>.</w>
  <absaspan id=21 senti=2>
    <w>Otäckt</w>
  </absaspan>
  <absaspan id=22>
    <w>att</w>
    <w>en</w>
    <w>svensk</w>
    <w>tidskrift</w>
    <w>publicerar</w>
    <w>denna</w>
    <w>typ</w>
    <w>av</w>
    <w>krigspropaganda</w>
  </absaspan>
  <w>.</w>
  <w>Som</w>
  <w>utmålar</w>
  <w>muslimer</w>
  <w>som</w>
  <w>skurkar</w>
  <w>man</w>
  <w>enkelt</w>
  <w>dödar</w>
  <w>med</w>
  <w>de</w>
  <w>egna</w>
  <w>”</w>
  <w>smarta</w>
  <w>”</w>
  <w>vapnen</w>
  <w>.</w>
</absapar>
<absapar id=11>
  <w>Men</w>
  <w>övriga</w>
  <w>svenska</w>
  <w>medier</w>
  <w>arbetar</w>
  <w>ju</w>
  <w>även</w>
  <w>de</w>
  <w>efter</w>
  <w>samma</w>
  <w>mönster</w>
  <w>.</w>
  <w>Om</w>
  <w>än</w>
  <w>inte</w>
  <w>så</w>
  <w>grovt</w>
  <w>.</w>
  <w>Dammluckorna</w>
  <w>har</w>
  <w>öppnats</w>
  <w>för</w>
  <w>ny</w>
  <w>rasism</w>
  <w>–</w>
  <w>islamofobi</w>
  <w>.</w>
  <w>Etablissemanget</w>
  <w>intalar</w>
  <w>oss</w>
  <w>att</w>
  <w>ockupationen</w>
  <w>av</w>
  <w>ett</w>
  <w>litet</w>
  <w>land</w>
  <w>i</w>
  <w>Centralasien</w>
  <w>är</w>
  <w>något</w>
  <w>vi</w>
  <w>bör</w>
  <w>och</w>
  <w>skall</w>
  <w>medverka</w>
  <w>i</w>
  <w>.</w>
  <w>Trots</w>
  <w>att</w>
  <w>det</w>
  <w>i</w>
  <w>verkligheten</w>
  <w>handlar</w>
  <w>om</w>
  <absaspan id=23 senti=1>
    <w>onda</w>
  </absaspan>
  <absaspan id=24>
    <w>gärningar</w>
  </absaspan>
  <absaspan id=25>
    <w>som</w>
  </absaspan>
  <absaspan id=26 senti=1>
    <w>för</w>
    <w>ont</w>
    <w>med</w>
    <w>sig</w>
  </absaspan>
  <w>.</w>
</absapar>
<absapar id=12>
  <w>Etablissemanget</w>
  <w>här</w>
  <w>har</w>
  <w>ekonomiskt</w>
  <w>intresse</w>
  <w>av</w>
  <w>att</w>
  <w>underställa</w>
  <w>sig</w>
  <w>stormakten</w>
  <w>USA</w>
  <w>.</w>
  <w>Något</w>
  <w>litet</w>
  <w>blir</w>
  <w>alltid</w>
  <w>över</w>
  <w>när</w>
  <w>tigern</w>
  <w>tagit</w>
  <w>sitt</w>
  <w>.</w>
  <w>En</w>
  <w>bit</w>
  <w>för</w>
  <w>schakalen</w>
  <w>.</w>
</absapar>
<absapar id=13>
  <w>Ulla</w>
  <w>Birgit</w>
  <w>Johansson</w>
  <w>.</w>
</absapar>
</absadoc>
