<absadoc annotators=1 senti=>
<absatitle>
  <w>Multiresistens</w>
  <w>och</w>
  <w>multikultur</w>
  <w>.</w>
</absatitle>
<absapar id=1>
  <absaspan id=1>
    <w>Resistens</w>
  </absaspan>
  <w>har</w>
  <absaspan id=2>
    <w>de</w>
  </absaspan>
  <w>talat</w>
  <w>om</w>
  <w>i</w>
  <w>minst</w>
  <w>20</w>
  <w>år</w>
  <w>som</w>
  <absaspan id=3 senti=2>
    <w>ett</w>
    <w>problem</w>
    <w>och</w>
    <w>blir</w>
    <w>bara</w>
    <w>värre</w>
  </absaspan>
  <w>.</w>
  <w>Då</w>
  <w>gällde</w>
  <w>att</w>
  <w>det</w>
  <w>slarvades</w>
  <w>med</w>
  <w>att</w>
  <w>dela</w>
  <w>ut</w>
  <w>antiobiotika</w>
  <w>,</w>
  <w>nu</w>
  <w>har</w>
  <w>"</w>
  <w>ett</w>
  <w>ökat</w>
  <w>resande</w>
  <w>"</w>
  <w>tillkommit</w>
  <w>så</w>
  <w>det</w>
  <w>står</w>
  <w>för</w>
  <w>30%</w>
  <w>säger</w>
  <w>experterna</w>
  <w>.</w>
  <w>Dyrare</w>
  <w>flygresor</w>
  <w>kommer</w>
  <w>att</w>
  <w>minska</w>
  <w>vårt</w>
  <w>resande</w>
  <w>,</w>
  <w>men</w>
  <w>hur</w>
  <w>stor</w>
  <w>del</w>
  <w>står</w>
  <w>invandringen</w>
  <w>för</w>
  <w>nu</w>
  <w>och</w>
  <w>lär</w>
  <w>fortsätta</w>
  <w>?</w>
  <w>.</w>
</absapar>
</absadoc>
