<absadoc annotators=1 senti=>
<absatitle>
  <w>Varför</w>
  <w>har</w>
  <w>inte</w>
  <w>Kanada</w>
  <w>"</w>
  <w>massinvandring</w>
  <w>"</w>
  <w>?</w>
</absatitle>
<absapar id=1>
  <w>Satt</w>
  <w>och</w>
  <w>slösurfade</w>
  <w>på</w>
  <w>Google</w>
  <w>Earth</w>
  <w>och</w>
  <w>gjorde</w>
  <w>en</w>
  <w>djupdykning</w>
  <w>i</w>
  <w>Detroit</w>
  <w>.</w>
  <w>Detroit</w>
  <w>gränsar</w>
  <w>till</w>
  <w>den</w>
  <w>mindre</w>
  <w>kanadensiska</w>
  <w>staden</w>
  <w>Windsor</w>
  <w>och</w>
  <w>mellan</w>
  <w>städerna</w>
  <w>finns</w>
  <w>en</w>
  <w>bro</w>
  <w>som</w>
  <w>inte</w>
  <w>ser</w>
  <w>ut</w>
  <w>att</w>
  <w>vara</w>
  <w>särskilt</w>
  <w>välbevakad</w>
  <w>.</w>
  <w>Avståndet</w>
  <w>är</w>
  <w>inte</w>
  <w>längre</w>
  <w>än</w>
  <w>mellan</w>
  <w>Kungsholmen</w>
  <w>och</w>
  <w>Södermalm</w>
  <w>.</w>
  <w>Enligt</w>
  <w>Wikipedia</w>
  <w>så</w>
  <w>har</w>
  <w>Detroit</w>
  <w>gått</w>
  <w>från</w>
  <w>att</w>
  <w>vara</w>
  <w>typ</w>
  <w>95%</w>
  <w>vit</w>
  <w>till</w>
  <w>övervägande</w>
  <w>svart</w>
  <w>på</w>
  <w>ett</w>
  <w>århundrade</w>
  <w>,</w>
  <w>något</w>
  <w>som</w>
  <w>förklaras</w>
  <w>av</w>
  <w>inflyttning</w>
  <w>från</w>
  <w>den</w>
  <w>amerikanska</w>
  <w>södern</w>
  <w>.</w>
</absapar>
<absapar id=2>
  <w>"</w>
  <w>Höga</w>
  <w>bidrag</w>
  <w>"</w>
  <w>och</w>
  <w>välfärd</w>
  <w>brukar</w>
  <w>ju</w>
  <w>tillsammans</w>
  <w>med</w>
  <w>bristande</w>
  <w>gränskontroller</w>
  <w>framhållas</w>
  <w>som</w>
  <w>anledningen</w>
  <w>till</w>
  <w>massinvandring</w>
  <w>.</w>
  <w>Om</w>
  <w>man</w>
  <w>ponerar</w>
  <w>att</w>
  <w>Kanada</w>
  <w>har</w>
  <w>mer</w>
  <w>offentlig</w>
  <w>välfärd</w>
  <w>än</w>
  <w>USA</w>
  <w>,</w>
  <w>och</w>
  <w>att</w>
  <w>gränskontrollerna</w>
  <w>är</w>
  <w>obefintliga</w>
  <w>mellan</w>
  <w>USA</w>
  <w>och</w>
  <w>Kanada</w>
  <w>,</w>
  <w>varför</w>
  <w>har</w>
  <w>svarta</w>
  <w>amerikaner</w>
  <w>från</w>
  <w>Sydstaterna</w>
  <w>nöjt</w>
  <w>sig</w>
  <w>med</w>
  <w>att</w>
  <w>stanna</w>
  <w>i</w>
  <w>Detroit</w>
  <w>?</w>
  <w>Varför</w>
  <w>har</w>
  <w>de</w>
  <w>inte</w>
  <w>dragit</w>
  <w>vidare</w>
  <w>till</w>
  <w>Kanada</w>
  <w>?</w>
  <w>Varför</w>
  <w>är</w>
  <w>inte</w>
  <w>Windsor</w>
  <w>ett</w>
  <w>"</w>
  <w>kanadensiskt</w>
  <w>Malmö</w>
  <w>"</w>
  <w>?</w>
  <w>.</w>
</absapar>
<absapar id=3>
  <w>Ni</w>
  <w>kan</w>
  <w>själva</w>
  <w>jämföra</w>
  <w>demografin</w>
  <w>i</w>
  <w>de</w>
  <w>båda</w>
  <w>grannstäderna</w>
  <w>:</w>
  <w>.</w>
</absapar>
</absadoc>
