<absadoc annotators=1 senti=>
<absatitle>
  <w>Ravelli</w>
  <w>:</w>
  <w>Be</w>
  <w>Tomi</w>
  <w>om</w>
  <w>ursäkt</w>
  <w>,</w>
  <w>AIK</w>
  <w>.</w>
</absatitle>
<absapar id=1>
  <absaspan id=1>
    <w>Thomas</w>
    <w>Ravelli</w>
  </absaspan>
  <w>,</w>
  <w>50</w>
  <w>,</w>
  <w>Göteborg</w>
  <w>.</w>
</absapar>
<absapar id=2>
  <absaspan id=2 senti=5>
    <w>Legendarisk</w>
  </absaspan>
  <w>före</w>
  <w>detta</w>
  <absaspan id=3 senti=5>
    <w>fotbollsmålvakt</w>
  </absaspan>
  <w>som</w>
  <w>i</w>
  <w>dag</w>
  <w>arbetar</w>
  <w>som</w>
  <w>föreläsare</w>
  <w>och</w>
  <w>konferencier</w>
  <w>.</w>
</absapar>
<absapar id=3>
  <w>Efter</w>
  <w>en</w>
  <w>skakig</w>
  <w>inledning</w>
  <w>på</w>
  <w>den</w>
  <w>Allsvenska</w>
  <w>säsongen</w>
  <w>har</w>
  <w>AIK</w>
  <w>:</w>
  <w>s</w>
  <w>målvakt</w>
  <absaspan id=4>
    <w>Tomi</w>
    <w>Maanoja</w>
  </absaspan>
  <absaspan id=5 senti=1>
    <w>har</w>
    <w>fått</w>
    <w>offentlig</w>
    <w>kritik</w>
  </absaspan>
  <w>av</w>
  <absaspan id=6>
    <w>både</w>
    <w>lagkamrater</w>
    <w>och</w>
    <w>tränare</w>
  </absaspan>
  <w>.</w>
  <w>Lagets</w>
  <w>agerande</w>
  <w>har</w>
  <w>väckt</w>
  <w>stor</w>
  <w>uppmärksamhet</w>
  <w>.</w>
</absapar>
<absapar id=4>
  <w>Jag</w>
  <w>har</w>
  <w>aldrig</w>
  <w>tvekat</w>
  <w>att</w>
  <w>säga</w>
  <w>åt</w>
  <w>mina</w>
  <w>lagkamrater</w>
  <w>när</w>
  <w>de</w>
  <w>gör</w>
  <w>fel</w>
  <w>.</w>
</absapar>
<absapar id=5>
  <w>Många</w>
  <w>minns</w>
  <w>nog</w>
  <w>tv-bilder</w>
  <w>på</w>
  <w>mig</w>
  <w>där</w>
  <w>jag</w>
  <w>med</w>
  <w>uppspärrade</w>
  <w>ögon</w>
  <w>och</w>
  <w>håret</w>
  <w>på</w>
  <w>ända</w>
  <w>står</w>
  <w>och</w>
  <w>gapar</w>
  <w>och</w>
  <w>skäller</w>
  <w>som</w>
  <w>en</w>
  <w>bandhund</w>
  <w>.</w>
  <w>Det</w>
  <w>kan</w>
  <w>ha</w>
  <w>varit</w>
  <w>en</w>
  <w>försvarare</w>
  <w>som</w>
  <w>missade</w>
  <w>sin</w>
  <w>markering</w>
  <w>eller</w>
  <w>en</w>
  <w>forward</w>
  <w>som</w>
  <w>inte</w>
  <w>jobbade</w>
  <w>hem</w>
  <w>.</w>
  <w>Då</w>
  <w>tände</w>
  <w>jag</w>
  <w>till</w>
  <w>.</w>
  <w>Ibland</w>
  <w>blev</w>
  <w>det</w>
  <w>fel</w>
  <w>–</w>
  <absaspan id=7>
    <w>jag</w>
  </absaspan>
  <absaspan id=8>
    <w>gick</w>
    <w>för</w>
    <w>långt</w>
    <w>eller</w>
    <w>tryckte</w>
    <w>på</w>
    <w>fel</w>
    <w>knappar</w>
  </absaspan>
  <w>.</w>
  <w>Då</w>
  <w>motverkade</w>
  <w>min</w>
  <w>ilska</w>
  <w>sitt</w>
  <w>syfte</w>
  <w>,</w>
  <w>nämligen</w>
  <w>att</w>
  <w>få</w>
  <w>alla</w>
  <w>att</w>
  <w>göra</w>
  <w>sitt</w>
  <w>bästa</w>
  <w>och</w>
  <w>hjälpa</w>
  <w>varandra</w>
  <w>.</w>
</absapar>
<absapar id=6>
  <w>Så</w>
  <w>kan</w>
  <w>det</w>
  <w>bli</w>
  <w>i</w>
  <w>stridens</w>
  <w>hetta</w>
  <w>,</w>
  <w>och</w>
  <absaspan id=9>
    <w>det</w>
  </absaspan>
  <absaspan id=10 senti=4>
    <w>är</w>
    <w>okej</w>
  </absaspan>
  <w>.</w>
</absapar>
<absapar id=7>
  <w>Men</w>
  <w>jag</w>
  <w>har</w>
  <w>aldrig</w>
  <w>–</w>
  <w>aldrig</w>
  <w>–</w>
  <w>luftat</w>
  <w>min</w>
  <w>kritik</w>
  <w>annat</w>
  <w>än</w>
  <w>på</w>
  <w>planen</w>
  <w>eller</w>
  <w>i</w>
  <w>omklädningsrummet</w>
  <w>.</w>
  <w>Aldrig</w>
  <w>utåt</w>
  <w>.</w>
  <absaspan id=11 senti=1>
    <w>Så</w>
    <w>gör</w>
    <w>man</w>
    <w>bara</w>
    <w>inte</w>
  </absaspan>
  <w>.</w>
  <absaspan id=12>
    <w>Det</w>
  </absaspan>
  <absaspan id=13 senti=2>
    <w>är</w>
    <w>helt</w>
    <w>enkelt</w>
    <w>inte</w>
    <w>ett</w>
    <w>schysst</w>
    <w>sätt</w>
    <w>att</w>
    <w>hantera</w>
    <w>de</w>
    <w>problem</w>
    <w>och</w>
    <w>spänningar</w>
    <w>som</w>
    <w>kan</w>
    <w>uppstå</w>
    <w>i</w>
    <w>ett</w>
    <w>lag</w>
  </absaspan>
  <w>.</w>
</absapar>
<absapar id=8>
  <w>AIK</w>
  <w>:</w>
  <w>s</w>
  <w>målvakt</w>
  <w>Tomi</w>
  <w>Maanoja</w>
  <w>har</w>
  <w>efter</w>
  <w>några</w>
  <w>tveksamma</w>
  <w>ingripanden</w>
  <w>hudflängts</w>
  <w>på</w>
  <w>ett</w>
  <w>sätt</w>
  <w>som</w>
  <w>saknar</w>
  <w>motstycke</w>
  <w>i</w>
  <w>svensk</w>
  <w>fotboll</w>
  <w>.</w>
  <absaspan id=14>
    <w>Såväl</w>
    <w>lagkamrater</w>
    <w>som</w>
    <w>tränare</w>
  </absaspan>
  <w>har</w>
  <w>offentligt</w>
  <w>–</w>
  <w>i</w>
  <w>media</w>
  <w>–</w>
  <absaspan id=15 senti=2>
    <w>gått</w>
    <w>hårt</w>
    <w>åt</w>
  </absaspan>
  <absaspan id=16>
    <w>den</w>
    <w>egna</w>
    <w>målvakten</w>
  </absaspan>
  <w>.</w>
</absapar>
<absapar id=9>
  <w>.</w>
  <w>–</w>
  <w>Det</w>
  <w>är</w>
  <absaspan id=17>
    <w>en</w>
    <w>person</w>
  </absaspan>
  <w>som</w>
  <absaspan id=18 senti=2>
    <w>gör</w>
    <w>dumma</w>
    <w>misstag</w>
  </absaspan>
  <w>.</w>
  <w>Det</w>
  <w>är</w>
  <w>match</w>
  <w>efter</w>
  <w>match</w>
  <w>.</w>
  <w>Det</w>
  <w>här</w>
  <w>är</w>
  <w>inte</w>
  <w>division</w>
  <w>tre</w>
  <w>,</w>
  <absaspan id=19>
    <w>det</w>
  </absaspan>
  <absaspan id=20 senti=2>
    <w>håller</w>
    <w>inte</w>
    <w>på</w>
    <w>den</w>
    <w>här</w>
    <w>nivån</w>
  </absaspan>
  <w>.</w>
  <absaspan id=21>
    <w>Det</w>
  </absaspan>
  <absaspan id=22 senti=2>
    <w>har</w>
    <w>gått</w>
    <w>för</w>
    <w>långt</w>
  </absaspan>
  <w>,</w>
  <w>uttalar</w>
  <w>sig</w>
  <w>en</w>
  <w>lagkamrat</w>
  <w>i</w>
  <w>en</w>
  <w>intervju</w>
  <w>.</w>
</absapar>
<absapar id=10>
  <w>.</w>
  <w>–</w>
  <absaspan id=23>
    <w>Den</w>
    <w>typen</w>
    <w>av</w>
  </absaspan>
  <absaspan id=24 senti=2>
    <w>misstag</w>
  </absaspan>
  <w>har</w>
  <w>vi</w>
  <w>inte</w>
  <w>råd</w>
  <w>med</w>
  <w>och</w>
  <w>de</w>
  <absaspan id=25 senti=2>
    <w>måste</w>
    <w>korrigeras</w>
  </absaspan>
  <w>,</w>
  <w>säger</w>
  <w>tränaren</w>
  <w>i</w>
  <w>en</w>
  <w>annan</w>
  <w>.</w>
</absapar>
<absapar id=11>
  <w>Som</w>
  <w>gammal</w>
  <w>målvakt</w>
  <w>och</w>
  <w>fotbollsälskare</w>
  <absaspan id=26 senti=2>
    <w>gör</w>
  </absaspan>
  <absaspan id=27>
    <w>det</w>
  </absaspan>
  <w>mig</w>
  <absaspan id=28 senti=2>
    <w>ont</w>
  </absaspan>
  <absaspan id=29 senti=2>
    <w>att</w>
    <w>se</w>
  </absaspan>
  <w>.</w>
</absapar>
<absapar id=12>
  <w>Tänk</w>
  <w>dig</w>
  <w>själv</w>
  <w>.</w>
  <w>Du</w>
  <w>är</w>
  <w>23</w>
  <w>år</w>
  <w>gammal</w>
  <w>och</w>
  <w>har</w>
  <w>precis</w>
  <w>kommit</w>
  <w>tillbaka</w>
  <w>efter</w>
  <w>att</w>
  <w>ha</w>
  <w>tvingats</w>
  <w>vara</w>
  <w>borta</w>
  <w>under</w>
  <w>en</w>
  <w>hel</w>
  <w>säsong</w>
  <w>på</w>
  <w>grund</w>
  <w>av</w>
  <w>en</w>
  <w>olycklig</w>
  <w>skada</w>
  <w>.</w>
  <w>Du</w>
  <w>har</w>
  <w>fått</w>
  <w>sitta</w>
  <w>på</w>
  <w>läktaren</w>
  <w>och</w>
  <w>se</w>
  <w>ditt</w>
  <w>lag</w>
  <w>vinna</w>
  <w>Allsvenskan</w>
  <w>.</w>
  <w>Äntligen</w>
  <w>ska</w>
  <w>du</w>
  <w>få</w>
  <w>din</w>
  <w>chans</w>
  <w>att</w>
  <w>visa</w>
  <w>vad</w>
  <w>du</w>
  <w>går</w>
  <w>för</w>
  <w>.</w>
</absapar>
<absapar id=13>
  <w>Men</w>
  <w>laget</w>
  <w>kommer</w>
  <w>snett</w>
  <w>in</w>
  <w>i</w>
  <w>säsongen</w>
  <w>och</w>
  <w>ligger</w>
  <w>efter</w>
  <w>tre</w>
  <w>månader</w>
  <w>och</w>
  <w>kämpar</w>
  <w>kring</w>
  <w>nedflyttningsstrecket</w>
  <w>.</w>
  <w>Och</w>
  <w>du</w>
  <w>tvingas</w>
  <w>bära</w>
  <w>hundhuvudet</w>
  <w>.</w>
</absapar>
<absapar id=14>
  <w>Det</w>
  <w>är</w>
  <w>självklart</w>
  <w>att</w>
  <w>alla</w>
  <w>har</w>
  <w>svackor</w>
  <w>.</w>
  <w>När</w>
  <w>man</w>
  <w>gör</w>
  <w>en</w>
  <w>dålig</w>
  <w>insats</w>
  <w>är</w>
  <w>man</w>
  <w>som</w>
  <w>spelare</w>
  <w>på</w>
  <w>den</w>
  <w>här</w>
  <w>nivån</w>
  <w>inställd</w>
  <w>på</w>
  <w>att</w>
  <w>få</w>
  <w>sina</w>
  <w>fiskar</w>
  <w>varma</w>
  <w>av</w>
  <w>både</w>
  <w>förståsigpåare</w>
  <w>och</w>
  <w>de</w>
  <w>egna</w>
  <w>fansen</w>
  <w>.</w>
  <w>Men</w>
  <w>man</w>
  <w>ska</w>
  <w>alltid</w>
  <w>kunna</w>
  <w>räkna</w>
  <w>med</w>
  <w>sina</w>
  <w>lagkamrater</w>
  <w>för</w>
  <w>stöttning</w>
  <w>och</w>
  <w>pepp</w>
  <w>.</w>
  <w>Man</w>
  <w>vinner</w>
  <w>–</w>
  <w>och</w>
  <w>förlorar</w>
  <w>–</w>
  <w>som</w>
  <w>ett</w>
  <w>lag</w>
  <w>.</w>
</absapar>
<absapar id=15>
  <w>Det</w>
  <w>kan</w>
  <w>inte</w>
  <w>vara</w>
  <w>en</w>
  <w>enskild</w>
  <w>spelares</w>
  <w>fel</w>
  <w>när</w>
  <w>maskineriet</w>
  <w>inte</w>
  <w>fungerar</w>
  <w>.</w>
</absapar>
<absapar id=16>
  <w>Jag</w>
  <w>kan</w>
  <w>inte</w>
  <w>under</w>
  <w>mina</w>
  <w>nästan</w>
  <w>30</w>
  <w>år</w>
  <w>som</w>
  <w>aktiv</w>
  <w>fotbollsspelare</w>
  <w>komma</w>
  <w>ihåg</w>
  <w>att</w>
  <w>något</w>
  <w>lag</w>
  <w>har</w>
  <w>hanterat</w>
  <w>motgångar</w>
  <w>och</w>
  <w>problem</w>
  <w>lika</w>
  <w>destruktivt</w>
  <w>som</w>
  <w>AIK</w>
  <w>nu</w>
  <w>gör</w>
  <w>med</w>
  <w>Maanoja</w>
  <w>.</w>
  <absaspan id=30>
    <w>Det</w>
  </absaspan>
  <absaspan id=31 senti=2>
    <w>skapar</w>
    <w>en</w>
    <w>rädsla</w>
    <w>och</w>
    <w>en</w>
    <w>otrygghet</w>
    <w>som</w>
    <w>gör</w>
    <w>att</w>
    <w>spelarna</w>
    <w>försöker</w>
    <w>skydda</w>
    <w>sina</w>
    <w>egna</w>
    <w>ryggar</w>
    <w>snarare</w>
    <w>än</w>
    <w>agera</w>
    <w>för</w>
    <w>lagets</w>
    <w>bästa</w>
  </absaspan>
  <w>.</w>
</absapar>
<absapar id=17>
  <absaspan id=32 senti=4>
    <w>Nu</w>
    <w>måste</w>
  </absaspan>
  <absaspan id=33>
    <w>AIK</w>
    <w>:</w>
    <w>s</w>
    <w>ledning</w>
    <w>försöka</w>
    <w>lägga</w>
    <w>detta</w>
    <w>bakom</w>
    <w>sig</w>
  </absaspan>
  <w>.</w>
</absapar>
<absapar id=18>
  <w>Ställ</w>
  <w>in</w>
  <w>träningen</w>
  <w>en</w>
  <w>dag</w>
  <w>,</w>
  <w>kalla</w>
  <w>till</w>
  <w>ett</w>
  <w>stormöte</w>
  <w>och</w>
  <w>rensa</w>
  <w>luften</w>
  <w>.</w>
  <w>Få</w>
  <w>spelarna</w>
  <w>att</w>
  <w>rannsaka</w>
  <w>sig</w>
  <w>själva</w>
  <w>och</w>
  <w>fundera</w>
  <w>på</w>
  <w>om</w>
  <w>de</w>
  <w>verkligen</w>
  <w>har</w>
  <w>gjort</w>
  <w>allt</w>
  <w>de</w>
  <w>kan</w>
  <w>,</w>
  <w>gett</w>
  <w>allt</w>
  <w>i</w>
  <w>alla</w>
  <w>matcher</w>
  <w>.</w>
  <w>Var</w>
  <w>ödmjuka</w>
  <w>och</w>
  <w>stötta</w>
  <w>varandra</w>
  <w>.</w>
</absapar>
<absapar id=19>
  <w>Och</w>
  <absaspan id=34>
    <w>de</w>
  </absaspan>
  <absaspan id=35>
    <w>som</w>
    <w>har</w>
    <w>varit</w>
    <w>allra</w>
    <w>tuffast</w>
    <w>i</w>
    <w>sina</w>
    <w>uttalanden</w>
    <w>måste</w>
    <w>be</w>
    <w>om</w>
    <w>ursäkt</w>
    <w>till</w>
    <w>Tomi</w>
    <w>Maanoja</w>
  </absaspan>
  <w>.</w>
  <absaspan id=36>
    <w>Det</w>
  </absaspan>
  <absaspan id=37 senti=4>
    <w>är</w>
    <w>viktigt</w>
  </absaspan>
  <w>.</w>
</absapar>
<absapar id=20>
  <w>Jag</w>
  <w>kan</w>
  <w>bara</w>
  <w>föreställa</w>
  <w>mig</w>
  <w>hur</w>
  <w>Tomi</w>
  <w>mår</w>
  <w>.</w>
  <w>Även</w>
  <w>om</w>
  <w>han</w>
  <w>visar</w>
  <w>upp</w>
  <w>en</w>
  <w>tapper</w>
  <w>fasad</w>
  <w>tror</w>
  <w>jag</w>
  <w>att</w>
  <w>han</w>
  <w>är</w>
  <w>ledsen</w>
  <w>och</w>
  <w>besviken</w>
  <w>,</w>
  <w>på</w>
  <w>sig</w>
  <w>själv</w>
  <w>och</w>
  <w>sina</w>
  <w>lagkamrater</w>
  <w>.</w>
  <w>Jag</w>
  <w>har</w>
  <w>sett</w>
  <w>unga</w>
  <w>målvakter</w>
  <w>som</w>
  <w>fått</w>
  <w>chansen</w>
  <w>,</w>
  <w>gjort</w>
  <w>en</w>
  <w>dålig</w>
  <w>match</w>
  <w>och</w>
  <w>aldrig</w>
  <w>kommit</w>
  <w>tillbaka</w>
  <w>.</w>
  <w>Så</w>
  <absaspan id=38>
    <w>att</w>
    <w>Tomi</w>
    <w>Maanoja</w>
    <w>fortfarande</w>
    <w>står</w>
    <w>upp</w>
  </absaspan>
  <absaspan id=39 senti=4>
    <w>visar</w>
    <w>på</w>
    <w>en</w>
    <w>mental</w>
    <w>styrka</w>
    <w>som</w>
    <w>är</w>
    <w>jätteviktig</w>
    <w>för</w>
    <w>en</w>
    <w>målvakt</w>
    <w>på</w>
    <w>toppnivå</w>
  </absaspan>
  <w>.</w>
</absapar>
<absapar id=21>
  <w>I</w>
  <w>skrivande</w>
  <w>stund</w>
  <w>vet</w>
  <w>jag</w>
  <w>inte</w>
  <w>hur</w>
  <w>det</w>
  <w>gått</w>
  <w>i</w>
  <w>torsdagskvällens</w>
  <w>match</w>
  <w>mellan</w>
  <w>IFK</w>
  <w>Göteborg</w>
  <w>och</w>
  <w>AIK</w>
  <w>,</w>
  <w>men</w>
  <w>tar</w>
  <w>AIK</w>
  <w>tag</w>
  <w>i</w>
  <w>problemet</w>
  <w>så</w>
  <w>kan</w>
  <w>man</w>
  <w>vända</w>
  <w>det</w>
  <w>inträffade</w>
  <w>till</w>
  <w>något</w>
  <w>positivt</w>
  <w>.</w>
  <w>Något</w>
  <w>som</w>
  <w>kan</w>
  <w>svetsa</w>
  <w>ihop</w>
  <w>laget</w>
  <w>och</w>
  <w>fungera</w>
  <w>som</w>
  <w>tändvätska</w>
  <w>.</w>
</absapar>
<absapar id=22>
  <w>Till</w>
  <w>Tomi</w>
  <w>Maanoja</w>
  <w>kan</w>
  <w>jag</w>
  <w>bara</w>
  <w>säga</w>
  <w>:</w>
  <w>.</w>
</absapar>
<absapar id=23>
  <absaspan id=40 senti=4>
    <w>Fortsätt</w>
  </absaspan>
  <absaspan id=41>
    <w>träna</w>
    <w>stenhårt</w>
  </absaspan>
  <w>.</w>
  <w>Gärna</w>
  <w>matchsituationer</w>
  <w>där</w>
  <w>du</w>
  <w>tvingas</w>
  <w>fatta</w>
  <w>snabba</w>
  <w>beslut</w>
  <w>.</w>
</absapar>
<absapar id=24>
  <w>Formulera</w>
  <w>en</w>
  <w>positiv</w>
  <w>målbild</w>
  <w>och</w>
  <w>fokusera</w>
  <w>på</w>
  <w>den</w>
  <w>.</w>
  <w>Det</w>
  <w>kan</w>
  <w>vara</w>
  <w>något</w>
  <w>så</w>
  <w>enkelt</w>
  <w>som</w>
  <w>att</w>
  <w>du</w>
  <w>ska</w>
  <w>limma</w>
  <w>matchens</w>
  <w>första</w>
  <w>skott</w>
  <w>.</w>
</absapar>
<absapar id=25>
  <absaspan id=42 senti=2>
    <w>Sluta</w>
  </absaspan>
  <absaspan id=43>
    <w>tänka</w>
    <w>på</w>
    <w>allt</w>
    <w>som</w>
    <w>kan</w>
    <w>gå</w>
    <w>fel</w>
  </absaspan>
  <w>.</w>
  <w>Du</w>
  <w>har</w>
  <w>redan</w>
  <w>nått</w>
  <w>botten</w>
  <w>,</w>
  <w>det</w>
  <w>kan</w>
  <w>bara</w>
  <w>bli</w>
  <w>bättre</w>
  <w>.</w>
</absapar>
<absapar id=26>
  <w>Håll</w>
  <w>huvudet</w>
  <w>högt</w>
  <w>.</w>
  <w>Din</w>
  <w>tid</w>
  <w>kommer</w>
  <w>.</w>
</absapar>
<absapar id=27>
  <w>Thomas</w>
  <w>Ravelli</w>
  <w>.</w>
</absapar>
<absapar id=28>
  <w>Berättat</w>
  <w>för</w>
  <w>Anders</w>
  <w>Thoresson</w>
  <w>.</w>
</absapar>
<absapar id=29>
  <w>Saxat</w>
  <w>från</w>
  <w>AIK-bloggen</w>
  <w>:</w>
  <w>”</w>
  <absaspan id=44>
    <w>Hetsjakten</w>
    <w>mot</w>
    <w>Tomi</w>
    <w>Maanoja</w>
  </absaspan>
  <absaspan id=45 senti=1>
    <w>har</w>
    <w>slagit</w>
    <w>igenom</w>
    <w>marken</w>
    <w>och</w>
    <w>är</w>
    <w>nu</w>
    <w>så</w>
    <w>fruktansvärt</w>
    <w>låg</w>
    <w>att</w>
    <w>jag</w>
    <w>på</w>
    <w>fullaste</w>
    <w>allvar</w>
    <w>skäms</w>
    <w>som</w>
    <w>en</w>
    <w>jävla</w>
    <w>hund</w>
    <w>över</w>
    <w>hur</w>
    <w>AIK</w>
    <w>hanterar</w>
    <w>detta</w>
  </absaspan>
  <w>.</w>
  <w>/</w>
  <w>.</w>
  <w>.</w>
  <w>.</w>
  <w>/</w>
  <w>Det</w>
  <absaspan id=46 senti=1>
    <w>är</w>
    <w>helt</w>
    <w>horribelt</w>
  </absaspan>
  <absaspan id=47>
    <w>att</w>
    <w>AIK</w>
    <w>skämmer</w>
    <w>ut</w>
    <w>sig</w>
    <w>inför</w>
    <w>öppen</w>
    <w>ridå</w>
    <w>och</w>
    <w>hela</w>
    <w>svenska</w>
    <w>folket</w>
  </absaspan>
  <w>.</w>
  <w>Lee</w>
  <w>Baxter</w>
  <w>ansvarar</w>
  <w>för</w>
  <w>Tomi</w>
  <w>Maanojas</w>
  <w>utveckling</w>
  <w>och</w>
  <w>hans</w>
  <w>roll</w>
  <w>just</w>
  <w>nu</w>
  <w>är</w>
  <w>att</w>
  <w>stötta</w>
  <w>honom</w>
  <w>och</w>
  <w>se</w>
  <w>till</w>
  <w>att</w>
  <w>han</w>
  <w>börjar</w>
  <w>rädda</w>
  <w>bollar</w>
  <w>.</w>
  <w>Inte</w>
  <w>sälja</w>
  <w>in</w>
  <w>sig</w>
  <w>själv</w>
  <w>som</w>
  <w>ett</w>
  <w>målvaktsalternativ</w>
  <w>i</w>
  <w>AB</w>
  <w>.</w>
  <w>”</w>
  <w>.</w>
</absapar>
<absapar id=30>
  <w>#</w>
  <w>P</w>
  <w>IMM</w>
  <w>.</w>
  <w>”</w>
  <absaspan id=48 senti=2>
    <w>Solna</w>
    <w>Aik</w>
  </absaspan>
  <w>är</w>
  <w>först</w>
  <w>i</w>
  <w>Sverige</w>
  <w>.</w>
  <w>Delad</w>
  <w>sistaplats</w>
  <w>i</w>
  <w>tabellen</w>
  <w>,</w>
  <w>men</w>
  <absaspan id=49 senti=2>
    <w>först</w>
    <w>i</w>
    <w>Sverige</w>
    <w>med</w>
    <w>att</w>
    <w>uppvisa</w>
    <w>en</w>
    <w>dog</w>
    <w>eat</w>
    <w>dog</w>
    <w>kultur</w>
    <w>som</w>
    <w>aldrig</w>
    <w>tidigare</w>
    <w>beskådats</w>
  </absaspan>
  <w>.</w>
  <w>Som</w>
  <w>supporter</w>
  <w>kan</w>
  <w>du</w>
  <w>kritisera</w>
  <w>på</w>
  <w>puben</w>
  <w>,</w>
  <w>på</w>
  <w>läktaren</w>
  <w>och</w>
  <w>skriva</w>
  <w>på</w>
  <w>forum</w>
  <w>allt</w>
  <w>du</w>
  <w>vill</w>
  <w>,</w>
  <w>men</w>
  <w>jag</w>
  <w>hävdar</w>
  <w>att</w>
  <w>det</w>
  <w>vi</w>
  <w>ser</w>
  <w>spelare</w>
  <w>/</w>
  <w>ledare</w>
  <w>inom</w>
  <w>Aik</w>
  <w>göra</w>
  <w>nu</w>
  <w>sker</w>
  <w>i</w>
  <w>en</w>
  <w>sådan</w>
  <w>omfattning</w>
  <w>att</w>
  <w>det</w>
  <w>saknar</w>
  <w>motstycke</w>
  <w>i</w>
  <w>svensk</w>
  <w>idrottshistoria</w>
  <w>.</w>
  <w>”</w>
  <w>,</w>
  <w>skriver</w>
  <w>DIF-bloggen</w>
  <w>.</w>
</absapar>
<absapar id=31>
  <w>Bloggredaktör</w>
  <w>:</w>
  <w>Ulrika</w>
  <w>Lundberg</w>
  <w>.</w>
</absapar>
</absadoc>
