<absadoc annotators=1 senti=>
<absatitle>
  <w>Beslut</w>
  <w>:</w>
  <w>Inga</w>
  <w>segrare</w>
  <w>ska</w>
  <w>utses</w>
  <w>i</w>
  <w>barnfotboll</w>
  <w>.</w>
</absatitle>
<absapar id=1>
  <w>Moderator</w>
  <w>får</w>
  <w>flytta</w>
  <w>tråden</w>
  <w>om</w>
  <w>den</w>
  <w>ligger</w>
  <w>felaktigt</w>
  <w>.</w>
</absapar>
<absapar id=2>
  <w>Länk</w>
  <w>:</w>
  <w>.</w>
</absapar>
<absapar id=3>
  <w>Citat</w>
  <w>:</w>
  <w>.</w>
</absapar>
<absapar id=4>
  <w>"</w>
  <w>Hur</w>
  <w>stor</w>
  <w>del</w>
  <w>har</w>
  <w>föräldrar</w>
  <w>i</w>
  <w>den</w>
  <w>här</w>
  <w>tävlingshetsen</w>
  <w>?</w>
  <w>.</w>
</absapar>
<absapar id=5>
  <w>.</w>
  <w>:</w>
  <absaspan id=1>
    <w>Miljön</w>
  </absaspan>
  <absaspan id=2 senti=4>
    <w>blir</w>
    <w>bättre</w>
    <w>och</w>
    <w>bättre</w>
  </absaspan>
  <w>runt</w>
  <w>våra</w>
  <w>ungdomsturneringar</w>
  <w>men</w>
  <w>det</w>
  <w>är</w>
  <w>klart</w>
  <w>att</w>
  <w>det</w>
  <w>fortfarande</w>
  <w>finns</w>
  <w>miljöer</w>
  <w>där</w>
  <w>det</w>
  <w>går</w>
  <w>att</w>
  <w>förbättra</w>
  <w>klimatet</w>
  <w>ytterligare</w>
  <w>.</w>
  <w>Och</w>
  <w>det</w>
  <w>här</w>
  <w>är</w>
  <w>ett</w>
  <w>sätt</w>
  <w>att</w>
  <w>följa</w>
  <w>våra</w>
  <w>egna</w>
  <w>styrdokument</w>
  <w>,</w>
  <w>säger</w>
  <w>.</w>
</absapar>
<absapar id=6>
  <w>Kommande</w>
  <w>fotbollssäsong</w>
  <w>kommer</w>
  <w>att</w>
  <w>vara</w>
  <w>lika</w>
  <w>tävlingsinriktad</w>
  <w>som</w>
  <w>vanligt</w>
  <w>,</w>
  <w>men</w>
  <w>från</w>
  <w>och</w>
  <w>med</w>
  <w>januari</w>
  <w>2017</w>
  <w>kommer</w>
  <w>de</w>
  <w>nya</w>
  <w>reglerna</w>
  <w>träda</w>
  <w>i</w>
  <w>kraft</w>
  <w>:</w>
  <w>.</w>
</absapar>
<absapar id=7>
  <w>.</w>
  <w>:</w>
  <w>Det</w>
  <w>gör</w>
  <w>att</w>
  <w>alla</w>
  <w>har</w>
  <w>tid</w>
  <w>att</w>
  <w>anpassa</w>
  <w>sig</w>
  <w>,</w>
  <w>säger</w>
  <w>Nilsson</w>
  <w>.</w>
</absapar>
<absapar id=8>
  <w>Arrangörer</w>
  <w>av</w>
  <w>cuper</w>
  <w>och</w>
  <w>seriespel</w>
  <w>ska</w>
  <w>kunna</w>
  <w>söka</w>
  <w>dispens</w>
  <w>från</w>
  <w>de</w>
  <w>nya</w>
  <w>reglerna</w>
  <w>och</w>
  <w>få</w>
  <w>kora</w>
  <w>segrare</w>
  <w>.</w>
  <w>Hur</w>
  <w>dessa</w>
  <w>dispenser</w>
  <w>ska</w>
  <w>delas</w>
  <w>ut</w>
  <w>är</w>
  <w>ännu</w>
  <w>inte</w>
  <w>klargjort</w>
  <w>.</w>
  <w>"</w>
  <w>.</w>
</absapar>
<absapar id=9>
  <w>Jag</w>
  <w>är</w>
  <w>mållös</w>
  <w>,</w>
  <w>bokstavligen</w>
  <w>.</w>
</absapar>
<absapar id=10>
  <absaspan id=3>
    <w>Sverige</w>
  </absaspan>
  <absaspan id=4 senti=1>
    <w>är</w>
    <w>verkligen</w>
    <w>helt</w>
    <w>bisarrt</w>
  </absaspan>
  <w>.</w>
</absapar>
<absapar id=11>
  <w>Omvärlden</w>
  <w>kommer</w>
  <w>äta</w>
  <w>vår</w>
  <w>lunch</w>
  <w>.</w>
</absapar>
<absapar id=12>
  <w>Vem</w>
  <w>kommer</w>
  <w>låta</w>
  <w>sin</w>
  <w>unge</w>
  <w>lira</w>
  <w>boll</w>
  <w>efter</w>
  <w>detta</w>
  <w>?</w>
  <w>.</w>
</absapar>
<absapar id=13>
  <w>Idrott</w>
  <w>är</w>
  <w>nästa</w>
  <w>målgrupp</w>
  <w>för</w>
  <w>sabotage</w>
  <w>av</w>
  <w>politiker</w>
  <w>.</w>
</absapar>
</absadoc>
