<absadoc annotators=1 senti=>
<absatitle>
  <absaspan id=1 senti=2 target=2>
    <w>Låt</w>
    <w>inte</w>
  </absaspan>
  <absaspan id=2>
    <w>rövarbandet</w>
    <w>IS</w>
    <w>påverka</w>
    <w>synen</w>
    <w>på</w>
    <w>islam</w>
  </absaspan>
  <w>.</w>
</absatitle>
<absapar id=1>
  <absaspan id=3 senti=1>
    <w>Det</w>
    <w>unikt</w>
    <w>bestialiska</w>
    <w>uttrycket</w>
    <w>för</w>
    <w>islamism</w>
  </absaspan>
  <w>,</w>
  <absaspan id=4>
    <w>IS</w>
  </absaspan>
  <w>(</w>
  <w>al-Dawlah</w>
  <w>al-Islāmīyah</w>
  <w>Islamiska</w>
  <w>staten</w>
  <w>)</w>
  <w>,</w>
  <w>utför</w>
  <w>folkmord</w>
  <w>på</w>
  <w>minoriteter</w>
  <w>i</w>
  <w>Mellanöstern</w>
  <w>och</w>
  <w>övergrepp</w>
  <w>på</w>
  <w>andra</w>
  <w>oliktänkande</w>
  <w>muslimer</w>
  <w>.</w>
  <w>Under</w>
  <w>tiden</w>
  <w>används</w>
  <w>händelserna</w>
  <w>för</w>
  <w>grova</w>
  <w>generaliseringar</w>
  <w>om</w>
  <w>islam</w>
  <w>och</w>
  <w>muslimer</w>
  <w>.</w>
  <w>Bilder</w>
  <w>på</w>
  <w>IS</w>
  <w>brutalitet</w>
  <w>sprids</w>
  <w>på</w>
  <w>sociala</w>
  <w>medier</w>
  <w>och</w>
  <w>beskrivs</w>
  <w>som</w>
  <w>normativ</w>
  <w>muslimsk</w>
  <w>religiositet</w>
  <w>.</w>
  <w>Andra</w>
  <w>bilder</w>
  <w>tas</w>
  <w>ur</w>
  <w>sitt</w>
  <w>sammanhang</w>
  <w>och</w>
  <w>kommenteras</w>
  <w>med</w>
  <w>rena</w>
  <w>lögner</w>
  <w>.</w>
</absapar>
<absapar id=2>
  <w>En</w>
  <w>blid</w>
  <w>som</w>
  <w>fått</w>
  <w>stor</w>
  <w>spridning</w>
  <w>påstås</w>
  <w>föreställa</w>
  <w>ett</w>
  <w>massäktenskap</w>
  <w>mellan</w>
  <w>vuxna</w>
  <w>män</w>
  <w>och</w>
  <w>minderåriga</w>
  <w>flickor</w>
  <w>men</w>
  <w>är</w>
  <w>egentligen</w>
  <w>en</w>
  <w>bröllopsceremoni</w>
  <w>där</w>
  <w>flickorna</w>
  <w>är</w>
  <w>en</w>
  <w>form</w>
  <w>av</w>
  <w>brudtärnor</w>
  <w>.</w>
</absapar>
<absapar id=3>
  <w>På</w>
  <absaspan id=5>
    <w>Världen</w>
    <w>i</w>
    <w>dags</w>
    <w>blogg</w>
  </absaspan>
  <w>den</w>
  <w>8</w>
  <w>augusti</w>
  <absaspan id=6 senti=2>
    <w>görs</w>
    <w>fördom</w>
    <w>till</w>
    <w>sanning</w>
  </absaspan>
  <w>:</w>
  <w>”</w>
  <w>Sanningen</w>
  <w>är</w>
  <w>att</w>
  <absaspan id=7>
    <w>islam</w>
  </absaspan>
  <absaspan id=8 senti=2>
    <w>har</w>
    <w>en</w>
    <w>militant</w>
    <w>genetik</w>
    <w>och</w>
    <w>historia</w>
  </absaspan>
  <w>.</w>
  <w>Den</w>
  <w>genljuder</w>
  <w>på</w>
  <w>jorden</w>
  <w>idag</w>
  <w>,</w>
  <w>högre</w>
  <w>än</w>
  <w>på</w>
  <w>länge</w>
  <w>.</w>
  <w>”</w>
  <w>.</w>
</absapar>
<absapar id=4>
  <absaspan id=9>
    <w>IS</w>
  </absaspan>
  <absaspan id=10 senti=1>
    <w>mördande</w>
    <w>rövarband</w>
  </absaspan>
  <w>säger</w>
  <w>varken</w>
  <w>något</w>
  <w>om</w>
  <w>islam</w>
  <w>eller</w>
  <w>muslimer</w>
  <w>i</w>
  <w>allmänhet</w>
  <w>.</w>
  <w>Muslimer</w>
  <w>är</w>
  <w>inte</w>
  <w>per</w>
  <w>automatik</w>
  <w>islamister</w>
  <w>.</w>
  <w>Islamism</w>
  <w>är</w>
  <w>det</w>
  <w>förenklande</w>
  <w>begreppet</w>
  <w>som</w>
  <w>samlar</w>
  <w>föreställningen</w>
  <w>att</w>
  <w>islam</w>
  <w>bör</w>
  <w>vara</w>
  <w>det</w>
  <w>samhällsbärande</w>
  <w>systemet</w>
  <w>och</w>
  <w>att</w>
  <w>sharia</w>
  <w>ska</w>
  <w>reglera</w>
  <w>samhällets</w>
  <w>alla</w>
  <w>funktioner</w>
  <w>.</w>
  <w>Forskning</w>
  <w>visar</w>
  <w>dock</w>
  <w>att</w>
  <absaspan id=11>
    <w>de</w>
    <w>flesta</w>
    <w>muslimer</w>
    <w>i</w>
    <w>Mellanöstern</w>
  </absaspan>
  <absaspan id=12 senti=2>
    <w>inte</w>
    <w>vill</w>
  </absaspan>
  <absaspan id=13>
    <w>att</w>
    <w>prästerskapet</w>
    <w>eller</w>
    <w>religiösa</w>
    <w>ledare</w>
    <w>ska</w>
    <w>få</w>
    <w>mer</w>
    <w>makt</w>
    <w>eller</w>
    <w>mer</w>
    <w>inflytande</w>
    <w>över</w>
    <w>samhället</w>
    <w>.</w>
  </absaspan>
</absapar>
<absapar id=5>
  <w>Drivkraften</w>
  <w>bakom</w>
  <w>islamism</w>
  <w>är</w>
  <absaspan id=14>
    <w>missionsbudet</w>
  </absaspan>
  <w>dawa</w>
  <w>(</w>
  <w>kallelse</w>
  <w>)</w>
  <w>som</w>
  <absaspan id=15 senti=4>
    <w>uppmanar</w>
  </absaspan>
  <absaspan id=16>
    <w>muslimer</w>
    <w>att</w>
    <w>sprida</w>
    <w>Koranens</w>
    <w>budskap</w>
  </absaspan>
  <w>.</w>
  <w>Hur</w>
  <w>det</w>
  <w>ska</w>
  <w>göras</w>
  <w>råder</w>
  <w>det</w>
  <w>olika</w>
  <w>uppfattningar</w>
  <w>om</w>
  <w>.</w>
  <w>Den</w>
  <w>vanligaste</w>
  <w>uppfattningen</w>
  <w>bland</w>
  <w>religiösa</w>
  <w>muslimer</w>
  <w>är</w>
  <w>att</w>
  <w>man</w>
  <w>bör</w>
  <w>föregå</w>
  <w>med</w>
  <w>gott</w>
  <w>exempel</w>
  <w>och</w>
  <w>vara</w>
  <w>god</w>
  <w>människa</w>
  <w>,</w>
  <w>utan</w>
  <w>att</w>
  <w>använda</w>
  <w>våld</w>
  <w>eller</w>
  <w>omkullkasta</w>
  <w>samhällsordningen</w>
  <w>.</w>
  <w>Jämförbart</w>
  <w>är</w>
  <w>den</w>
  <w>kristna</w>
  <w>missionsbefallningen</w>
  <w>och</w>
  <w>hur</w>
  <w>den</w>
  <w>vanligtvis</w>
  <w>utövas</w>
  <w>.</w>
</absapar>
<absapar id=6>
  <w>Bland</w>
  <w>islamister</w>
  <w>råder</w>
  <w>det</w>
  <w>olika</w>
  <w>åsikter</w>
  <w>om</w>
  <w>hur</w>
  <w>målet</w>
  <w>ska</w>
  <w>uppnås</w>
  <w>.</w>
  <w>En</w>
  <w>del</w>
  <w>ägnar</w>
  <w>sig</w>
  <w>åt</w>
  <w>inåtvänd</w>
  <w>fromhet</w>
  <w>och</w>
  <w>avstår</w>
  <w>politik</w>
  <w>.</w>
  <w>Andra</w>
  <w>vill</w>
  <w>använda</w>
  <w>politik</w>
  <w>för</w>
  <w>att</w>
  <w>etablera</w>
  <w>shariastyrda</w>
  <w>stater</w>
  <w>och</w>
  <absaspan id=17>
    <w>en</w>
    <w>del</w>
  </absaspan>
  <absaspan id=18 senti=4>
    <w>menar</w>
    <w>att</w>
  </absaspan>
  <absaspan id=19>
    <w>målet</w>
    <w>legitimerar</w>
    <w>våld</w>
  </absaspan>
  <w>.</w>
  <w>Enkelt</w>
  <w>uttryckt</w>
  <w>är</w>
  <w>alla</w>
  <w>islamister</w>
  <w>på</w>
  <w>väg</w>
  <w>mot</w>
  <w>samma</w>
  <w>mål</w>
  <w>men</w>
  <w>inte</w>
  <w>på</w>
  <w>samma</w>
  <w>sätt</w>
  <w>.</w>
</absapar>
<absapar id=7>
  <w>Muslimska</w>
  <w>brödraskapet</w>
  <w>(</w>
  <w>MB</w>
  <w>)</w>
  <w>-</w>
  <w>organisationers</w>
  <w>institutionaliserade</w>
  <w>islamism</w>
  <w>skiljer</w>
  <w>sig</w>
  <w>från</w>
  <w>IS</w>
  <w>,</w>
  <w>al</w>
  <w>Qaida</w>
  <w>och</w>
  <w>deras</w>
  <w>adapter</w>
  <w>.</w>
  <w>I</w>
  <w>forskning</w>
  <w>har</w>
  <w>de</w>
  <w>kallats</w>
  <w>neofundamentalister</w>
  <w>.</w>
</absapar>
<absapar id=8>
  <absaspan id=20>
    <w>De</w>
    <w>sistnämnda</w>
  </absaspan>
  <absaspan id=21 senti=2>
    <w>opponerar</w>
    <w>sig</w>
    <w>mot</w>
  </absaspan>
  <absaspan id=22>
    <w>demokrati</w>
    <w>,</w>
    <w>och</w>
    <w>mänskliga</w>
    <w>rättigheter</w>
  </absaspan>
  <w>,</w>
  <w>som</w>
  <w>de</w>
  <w>menar</w>
  <w>är</w>
  <w>västerländska</w>
  <w>påfund</w>
  <w>.</w>
  <w>Institutionaliserade</w>
  <w>islamister</w>
  <w>försöker</w>
  <w>bevisa</w>
  <w>hur</w>
  <w>dessa</w>
  <w>värden</w>
  <w>kan</w>
  <w>uppnås</w>
  <w>genom</w>
  <w>att</w>
  <w>följa</w>
  <w>islam</w>
  <w>.</w>
</absapar>
<absapar id=9>
  <absaspan id=23>
    <w>Neofundamentalister</w>
  </absaspan>
  <absaspan id=24 senti=2>
    <w>vill</w>
  </absaspan>
  <absaspan id=25>
    <w>snarast</w>
    <w>återinföra</w>
    <w>kalifatet</w>
    <w>där</w>
    <w>den</w>
    <w>muslimska</w>
    <w>gemenskapen</w>
    <w>umma</w>
    <w>ska</w>
    <w>leva</w>
    <w>,</w>
    <w>enligt</w>
    <w>deras</w>
    <w>reaktionära</w>
    <w>tolkning</w>
    <w>av</w>
    <w>Koranen</w>
    <w>och</w>
    <w>sharia</w>
    <w>,</w>
    <w>som</w>
    <w>för</w>
    <w>1400</w>
    <w>år</w>
    <w>sedan</w>
  </absaspan>
  <w>.</w>
</absapar>
<absapar id=10>
  <w>I</w>
  <w>MB-organisationer</w>
  <w>är</w>
  <w>många</w>
  <w>välutbildade</w>
  <w>och</w>
  <w>rörelsen</w>
  <w>ägnar</w>
  <w>sig</w>
  <w>åt</w>
  <w>hjälpinsatser</w>
  <w>till</w>
  <w>fattiga</w>
  <w>,</w>
  <w>bygger</w>
  <w>skolor</w>
  <w>eller</w>
  <w>sjukhus</w>
  <w>.</w>
  <absaspan id=26>
    <w>Neofundamentalister</w>
  </absaspan>
  <absaspan id=27 senti=2>
    <w>har</w>
    <w>inget</w>
    <w>intresse</w>
    <w>av</w>
  </absaspan>
  <absaspan id=28>
    <w>att</w>
    <w>fylla</w>
    <w>sociala</w>
    <w>behov</w>
  </absaspan>
  <w>.</w>
  <absaspan id=29>
    <w>Idén</w>
  </absaspan>
  <absaspan id=30 senti=2>
    <w>är</w>
    <w>en</w>
    <w>flykt</w>
    <w>från</w>
    <w>ett</w>
    <w>politiskt</w>
    <w>och</w>
    <w>socialt</w>
    <w>dödläge</w>
  </absaspan>
  <w>.</w>
  <absaspan id=31 senti=2>
    <w>Världslig</w>
    <w>vetenskap</w>
    <w>förkastas</w>
  </absaspan>
  <w>och</w>
  <w>att</w>
  <w>världen</w>
  <w>förändrats</w>
  <w>sedan</w>
  <w>Profetens</w>
  <w>dagar</w>
  <w>bryr</w>
  <w>de</w>
  <w>sig</w>
  <w>inte</w>
  <w>om</w>
  <w>.</w>
</absapar>
<absapar id=11>
  <w>Trots</w>
  <w>skillnaderna</w>
  <w>finns</w>
  <w>gemensamma</w>
  <w>föreställningar</w>
  <w>.</w>
  <w>En</w>
  <w>är</w>
  <w>att</w>
  <w>umma</w>
  <w>befinner</w>
  <w>sig</w>
  <w>i</w>
  <w>ett</w>
  <w>kritiskt</w>
  <w>tillstånd</w>
  <w>och</w>
  <w>är</w>
  <w>politiskt</w>
  <w>och</w>
  <w>kulturellt</w>
  <w>belägrat</w>
  <w>av</w>
  <w>väst</w>
  <w>som</w>
  <w>är</w>
  <w>fienden</w>
  <w>.</w>
  <w>En</w>
  <w>annan</w>
  <w>är</w>
  <w>att</w>
  <w>islam</w>
  <w>och</w>
  <w>sharia</w>
  <w>bör</w>
  <w>styra</w>
  <w>samhällets</w>
  <w>vardag</w>
  <w>och</w>
  <w>dess</w>
  <w>institutioner</w>
  <w>.</w>
</absapar>
<absapar id=12>
  <absaspan id=32>
    <w>Den</w>
  </absaspan>
  <absaspan id=33>
    <w>islamistiska</w>
    <w>vågen</w>
  </absaspan>
  <absaspan id=34 senti=1>
    <w>drabbar</w>
    <w>Mellanösterns</w>
    <w>minoriteter</w>
    <w>på</w>
    <w>ett</w>
    <w>fruktansvärt</w>
    <w>sätt</w>
  </absaspan>
  <w>.</w>
  <w>Men</w>
  <absaspan id=35>
    <w>den</w>
  </absaspan>
  <absaspan id=36 senti=1>
    <w>drabbar</w>
    <w>också</w>
    <w>muslimer</w>
    <w>som</w>
    <w>opponerar</w>
    <w>sig</w>
    <w>mot</w>
    <w>hela</w>
    <w>idén</w>
  </absaspan>
  <w>.</w>
</absapar>
<absapar id=13>
  <w>Det</w>
  <w>förkastliga</w>
  <w>i</w>
  <w>att</w>
  <w>sprida</w>
  <w>myter</w>
  <w>om</w>
  <w>grupper</w>
  <w>med</w>
  <w>utgångspunkt</w>
  <w>i</w>
  <w>pågående</w>
  <w>konflikter</w>
  <w>har</w>
  <w>debatterats</w>
  <w>ivrigt</w>
  <w>.</w>
  <w>Resultatet</w>
  <w>av</w>
  <w>ett</w>
  <w>komplicerat</w>
  <w>och</w>
  <w>oroligt</w>
  <w>Mellanöstern</w>
  <w>kan</w>
  <w>vara</w>
  <w>förhastade</w>
  <w>slutsatser</w>
  <w>.</w>
  <absaspan id=37 senti=1>
    <w>Det</w>
    <w>kan</w>
    <w>dock</w>
    <w>aldrig</w>
    <w>ursäkta</w>
  </absaspan>
  <absaspan id=38>
    <w>medvetna</w>
    <w>drev</w>
  </absaspan>
  <absaspan id=39 senti=1>
    <w>med</w>
    <w>syfte</w>
    <w>att</w>
    <w>avhumanisera</w>
    <w>muslimer</w>
    <w>som</w>
    <w>grupp</w>
    <w>och</w>
    <w>framställa</w>
    <w>islam</w>
    <w>som</w>
    <w>inget</w>
    <w>annat</w>
    <w>än</w>
    <w>ett</w>
    <w>system</w>
    <w>för</w>
    <w>obarmhärtig</w>
    <w>ondska</w>
  </absaspan>
  <absaspan id=40>
    <w>.</w>
  </absaspan>
</absapar>
<absapar id=14>
  <w>Eli</w>
  <w>Göndör</w>
  <w>.</w>
</absapar>
<absapar id=15>
  <w>Fil.dr</w>
  <w>.</w>
  <w>i</w>
  <w>religionshistoria</w>
  <w>med</w>
  <w>inriktning</w>
  <w>på</w>
  <w>islamologi</w>
  <w>och</w>
  <w>Mellanöstern</w>
  <w>.</w>
</absapar>
<absapar id=16>
  <w>Redaktör</w>
  <w>för</w>
  <w>antologin</w>
  <w>”</w>
  <w>Religionen</w>
  <w>i</w>
  <w>demokratin</w>
  <w>”</w>
  <w>Timbro</w>
  <w>2013</w>
  <w>.</w>
</absapar>
</absadoc>
