<absadoc annotators=1 senti=>
<absatitle>
  <absaspan id=1>
    <w>Utvisningarna</w>
  </absaspan>
  <w>–</w>
  <w>en</w>
  <w>ny</w>
  <absaspan id=2 senti=1 target=1>
    <w>skamfläck</w>
  </absaspan>
  <w>för</w>
  <w>Sverige</w>
  <w>.</w>
</absatitle>
<absapar id=1>
  <w>Bäste</w>
  <w>Stefan</w>
  <w>Löfven</w>
  <w>!</w>
  <w>.</w>
</absapar>
<absapar id=2>
  <w>I</w>
  <w>Afghanistan</w>
  <w>råder</w>
  <w>krig</w>
  <w>sedan</w>
  <w>årtionden</w>
  <w>tillbaka</w>
  <w>.</w>
  <w>Den</w>
  <w>senaste</w>
  <w>tiden</w>
  <w>har</w>
  <absaspan id=3>
    <w>situationen</w>
  </absaspan>
  <absaspan id=4 senti=2>
    <w>ytterligare</w>
    <w>förvärrats</w>
  </absaspan>
  <w>och</w>
  <w>UD</w>
  <w>avråder</w>
  <w>från</w>
  <w>resor</w>
  <w>till</w>
  <w>landet</w>
  <w>,</w>
  <w>det</w>
  <w>vill</w>
  <w>säga</w>
  <w>för</w>
  <w>svenskar</w>
  <w>.</w>
</absapar>
<absapar id=3>
  <w>För</w>
  <w>afghanska</w>
  <w>flyktingungdomar</w>
  <w>gäller</w>
  <w>tydligen</w>
  <w>något</w>
  <w>annat</w>
  <w>.</w>
  <w>Trots</w>
  <w>att</w>
  <w>den</w>
  <w>afghanske</w>
  <w>flyktingministern</w>
  <absaspan id=5>
    <w>S.H.Balkhi</w>
  </absaspan>
  <absaspan id=6 senti=4>
    <w>vädjat</w>
  </absaspan>
  <w>till</w>
  <absaspan id=7>
    <w>Europas</w>
    <w>länder</w>
    <w>att</w>
    <w>stoppa</w>
    <w>utvisningarna</w>
  </absaspan>
  <w>,</w>
  <w>trots</w>
  <w>att</w>
  <w>Tyskland</w>
  <w>sedan</w>
  <w>en</w>
  <w>tid</w>
  <w>tillbaka</w>
  <w>gjort</w>
  <w>det</w>
  <w>,</w>
  <w>och</w>
  <w>trots</w>
  <w>att</w>
  <absaspan id=8>
    <w>svenska</w>
    <w>politiker</w>
    <w>,</w>
    <w>människorättsorganisationer</w>
    <w>och</w>
    <w>individer</w>
  </absaspan>
  <absaspan id=9 senti=1>
    <w>starkt</w>
    <w>kritiserat</w>
  </absaspan>
  <absaspan id=10>
    <w>svenska</w>
    <w>regeringens</w>
    <w>politik</w>
  </absaspan>
  <w>fortsätter</w>
  <w>Migrationsverkets</w>
  <w>utvisningar</w>
  <w>av</w>
  <w>dessa</w>
  <w>ungdomar</w>
  <w>.</w>
</absapar>
<absapar id=4>
  <w>Företrädare</w>
  <w>för</w>
  <w>regeringen</w>
  <w>och</w>
  <w>Migrationsverket</w>
  <w>bollar</w>
  <w>ansvaret</w>
  <w>mellan</w>
  <w>sig</w>
  <w>.</w>
  <w>Migrationsverket</w>
  <w>säger</w>
  <w>att</w>
  <w>de</w>
  <w>bara</w>
  <w>följer</w>
  <w>den</w>
  <w>politik</w>
  <w>som</w>
  <w>regeringen</w>
  <w>fastställt</w>
  <w>och</w>
  <w>regeringsföreträdare</w>
  <w>säger</w>
  <w>att</w>
  <w>de</w>
  <w>inte</w>
  <w>kan</w>
  <w>ingripa</w>
  <w>i</w>
  <w>de</w>
  <w>beslut</w>
  <w>som</w>
  <w>den</w>
  <w>oberoende</w>
  <w>myndigheten</w>
  <w>Migrationsverket</w>
  <w>fattar</w>
  <w>.</w>
  <w>Moment</w>
  <w>22</w>
  <w>!</w>
  <w>.</w>
</absapar>
<absapar id=5>
  <w>De</w>
  <absaspan id=11>
    <w>afghanska</w>
    <w>ungdomar</w>
    <w>under</w>
    <w>arton</w>
  </absaspan>
  <w>år</w>
  <w>som</w>
  <w>under</w>
  <absaspan id=12 senti=1>
    <w>livsfarliga</w>
  </absaspan>
  <absaspan id=13>
    <w>strapatser</w>
  </absaspan>
  <w>tagit</w>
  <w>sig</w>
  <w>till</w>
  <w>Sverige</w>
  <w>har</w>
  <w>i</w>
  <w>allmänhet</w>
  <absaspan id=14 senti=4>
    <w>fått</w>
    <w>ett</w>
    <w>gott</w>
    <w>mottagande</w>
  </absaspan>
  <w>här</w>
  <w>.</w>
  <w>De</w>
  <w>har</w>
  <w>fått</w>
  <w>boende</w>
  <w>,</w>
  <w>god</w>
  <w>man</w>
  <w>som</w>
  <w>hjälpt</w>
  <w>dem</w>
  <w>till</w>
  <w>rätta</w>
  <w>,</w>
  <w>skolgång</w>
  <w>.</w>
  <w>Många</w>
  <w>av</w>
  <w>dem</w>
  <w>har</w>
  <w>för</w>
  <w>första</w>
  <w>gången</w>
  <w>lärt</w>
  <w>sig</w>
  <w>att</w>
  <w>läsa</w>
  <w>och</w>
  <w>skriva</w>
  <w>,</w>
  <w>flera</w>
  <w>talar</w>
  <w>flytande</w>
  <w>svenska</w>
  <w>.</w>
  <absaspan id=15>
    <w>De</w>
  </absaspan>
  <w>har</w>
  <w>rotat</w>
  <w>sig</w>
  <w>,</w>
  <w>fått</w>
  <w>kamrater</w>
  <w>,</w>
  <w>engagerat</w>
  <w>sig</w>
  <w>i</w>
  <w>samhället</w>
  <w>,</w>
  <absaspan id=16 senti=4>
    <w>upplevt</w>
    <w>hopp</w>
    <w>och</w>
    <w>framtidstro</w>
  </absaspan>
  <w>.</w>
</absapar>
<absapar id=6>
  <w>Det</w>
  <w>är</w>
  <absaspan id=17 senti=4>
    <w>ofta</w>
    <w>kompetenta</w>
    <w>,</w>
    <w>begåvade</w>
  </absaspan>
  <absaspan id=18>
    <w>ungdomar</w>
  </absaspan>
  <w>som</w>
  <w>skulle</w>
  <w>kunna</w>
  <w>vara</w>
  <absaspan id=19 senti=4>
    <w>en</w>
    <w>tillgång</w>
    <w>för</w>
    <w>Sverige</w>
  </absaspan>
  <w>med</w>
  <w>dess</w>
  <w>åldrande</w>
  <w>befolkning</w>
  <w>.</w>
</absapar>
<absapar id=7>
  <w>Sedan</w>
  <w>fyller</w>
  <w>dessa</w>
  <w>ungdomar</w>
  <w>arton</w>
  <w>år</w>
  <w>–</w>
  <w>eller</w>
  <w>bedöms</w>
  <w>på</w>
  <w>vetenskapligt</w>
  <absaspan id=20 senti=2>
    <w>skakiga</w>
  </absaspan>
  <absaspan id=21>
    <w>grunder</w>
  </absaspan>
  <w>ha</w>
  <w>fyllt</w>
  <w>arton</w>
  <w>–</w>
  <w>och</w>
  <w>plötsligt</w>
  <w>utvisas</w>
  <w>de</w>
  <w>till</w>
  <w>ingenting</w>
  <w>.</w>
  <absaspan id=22 senti=2>
    <w>Vad</w>
    <w>var</w>
    <w>då</w>
    <w>poängen</w>
  </absaspan>
  <w>med</w>
  <absaspan id=23>
    <w>all</w>
    <w>denna</w>
    <w>samhälleliga</w>
    <w>satsning</w>
    <w>från</w>
    <w>början</w>
  </absaspan>
  <w>?</w>
  <w>.</w>
</absapar>
<absapar id=8>
  <absaspan id=24 senti=2>
    <w>Bortkastade</w>
  </absaspan>
  <absaspan id=25>
    <w>mänskliga</w>
    <w>och</w>
    <w>ekonomiska</w>
    <w>resurser</w>
  </absaspan>
  <w>!</w>
  <w>Och</w>
  <w>varför</w>
  <w>skulle</w>
  <w>en</w>
  <w>människas</w>
  <w>skyddsbehov</w>
  <w>plötsligt</w>
  <w>upphöra</w>
  <w>för</w>
  <w>att</w>
  <w>hon</w>
  <w>fyller</w>
  <w>arton</w>
  <w>år</w>
  <w>?</w>
  <w>Den</w>
  <absaspan id=26 senti=1>
    <w>skräck</w>
    <w>och</w>
    <w>förtvivlan</w>
  </absaspan>
  <w>som</w>
  <w>de</w>
  <absaspan id=27>
    <w>utvisade</w>
    <w>och</w>
    <w>de</w>
    <w>utvisningshotade</w>
  </absaspan>
  <absaspan id=28 senti=1>
    <w>upplever</w>
  </absaspan>
  <w>har</w>
  <w>lett</w>
  <w>till</w>
  <w>depressioner</w>
  <w>och</w>
  <w>flera</w>
  <w>självmord</w>
  <w>bland</w>
  <w>dem</w>
  <w>.</w>
</absapar>
<absapar id=9>
  <absaspan id=29>
    <w>Afghanistan</w>
  </absaspan>
  <w>är</w>
  <w>ett</w>
  <absaspan id=30 senti=2>
    <w>svårt</w>
    <w>krigshärjat</w>
    <w>land</w>
  </absaspan>
  <w>.</w>
  <w>Där</w>
  <w>finns</w>
  <w>inget</w>
  <w>ordnat</w>
  <w>mottagande</w>
  <w>eller</w>
  <w>hjälp</w>
  <w>för</w>
  <w>de</w>
  <w>afghanska</w>
  <w>ungdomarna</w>
  <w>som</w>
  <w>skickas</w>
  <w>dit</w>
  <w>.</w>
  <w>Många</w>
  <w>av</w>
  <w>dem</w>
  <w>har</w>
  <w>inget</w>
  <w>hem</w>
  <w>eller</w>
  <w>familj</w>
  <w>eller</w>
  <w>kontaktnät</w>
  <w>i</w>
  <w>Afghanistan</w>
  <w>.</w>
</absapar>
<absapar id=10>
  <w>En</w>
  <w>del</w>
  <w>av</w>
  <w>dem</w>
  <w>har</w>
  <w>aldrig</w>
  <w>levt</w>
  <w>där</w>
  <w>utan</w>
  <w>i</w>
  <w>Iran</w>
  <w>som</w>
  <w>flyktingar</w>
  <w>.</w>
  <absaspan id=31>
    <w>De</w>
  </absaspan>
  <w>är</w>
  <absaspan id=32 senti=2>
    <w>oerhört</w>
    <w>utsatta</w>
  </absaspan>
  <w>och</w>
  <w>är</w>
  <w>ofta</w>
  <w>för</w>
  <w>sin</w>
  <w>överlevnad</w>
  <w>hänvisade</w>
  <w>till</w>
  <w>kriminella</w>
  <w>gäng</w>
  <w>,</w>
  <w>till</w>
  <w>tiggeri</w>
  <w>,</w>
  <w>till</w>
  <w>trafficking</w>
  <w>eller</w>
  <w>att</w>
  <w>värvas</w>
  <w>till</w>
  <w>armén</w>
  <w>,</w>
  <w>eller</w>
  <w>till</w>
  <w>IS</w>
  <w>.</w>
</absapar>
<absapar id=11>
  <w>#</w>
  <w>P</w>
  <w>IMM</w>
  <w>.</w>
  <w>”</w>
  <absaspan id=33>
    <w>Unga</w>
    <w>frustrerade</w>
    <w>män</w>
    <w>som</w>
    <w>inte</w>
    <w>ser</w>
    <w>något</w>
    <w>hopp</w>
  </absaspan>
  <w>är</w>
  <w>bland</w>
  <absaspan id=34 senti=2>
    <w>det</w>
    <w>farligaste</w>
    <w>som</w>
    <w>finns</w>
  </absaspan>
  <w>.</w>
  <w>De</w>
  <w>kan</w>
  <w>lockas</w>
  <w>in</w>
  <w>i</w>
  <absaspan id=35 senti=1>
    <w>extrema</w>
  </absaspan>
  <absaspan id=36>
    <w>grupper</w>
  </absaspan>
  <w>för</w>
  <w>att</w>
  <w>kunna</w>
  <w>försörja</w>
  <w>sig</w>
  <w>.</w>
  <w>Vi</w>
  <w>vet</w>
  <w>till</w>
  <w>exempel</w>
  <w>att</w>
  <w>IS</w>
  <w>försöker</w>
  <w>etablera</w>
  <w>sig</w>
  <w>i</w>
  <w>Afghanistan</w>
  <w>”</w>
  <w>,</w>
  <w>säger</w>
  <w>Björn</w>
  <w>Lindh</w>
  <w>på</w>
  <w>Svenska</w>
  <w>Afghanistankommittén</w>
  <w>.</w>
</absapar>
<absapar id=12>
  <w>Vi</w>
  <absaspan id=37 senti=1>
    <w>accepterar</w>
    <w>inte</w>
  </absaspan>
  <absaspan id=38>
    <w>er</w>
  </absaspan>
  <absaspan id=39 senti=1>
    <w>djupt</w>
    <w>inhumana</w>
  </absaspan>
  <absaspan id=40>
    <w>,</w>
  </absaspan>
  <absaspan id=41 senti=1>
    <w>samhällsekonomiskt</w>
    <w>vansinniga</w>
  </absaspan>
  <absaspan id=42>
    <w>politik</w>
  </absaspan>
  <absaspan id=43>
    <w>gentemot</w>
    <w>de</w>
    <w>afghanska</w>
    <w>flyktingungdomarna</w>
  </absaspan>
  <w>.</w>
  <w>I</w>
  <w>Sveriges</w>
  <w>nutidshistoria</w>
  <w>finns</w>
  <w>det</w>
  <w>exempel</w>
  <w>på</w>
  <w>gott</w>
  <w>flyktingmottagande</w>
  <w>.</w>
  <w>Men</w>
  <w>det</w>
  <w>finns</w>
  <w>också</w>
  <absaspan id=44 senti=1>
    <w>skamfläckar</w>
  </absaspan>
  <w>:</w>
  <w>de</w>
  <w>stängda</w>
  <w>gränserna</w>
  <w>för</w>
  <w>judiska</w>
  <w>flyktingar</w>
  <w>under</w>
  <w>30</w>
  <w>-</w>
  <w>och</w>
  <w>början</w>
  <w>av</w>
  <w>40</w>
  <w>-</w>
  <w>talet</w>
  <w>,</w>
  <w>baltutlämningen</w>
  <w>,</w>
  <w>de</w>
  <w>apatiska</w>
  <w>barnen</w>
  <w>.</w>
  <w>Ska</w>
  <w>en</w>
  <w>ny</w>
  <absaspan id=45 senti=1>
    <w>skamfläck</w>
  </absaspan>
  <w>fogas</w>
  <w>till</w>
  <w>dessa</w>
  <w>?</w>
  <w>.</w>
</absapar>
<absapar id=13>
  <w>Tänk</w>
  <w>om</w>
  <w>!</w>
  <w>En</w>
  <w>folkstorm</w>
  <w>växer</w>
  <w>.</w>
</absapar>
<absapar id=14>
  <w>Anita</w>
  <w>Lilburn</w>
  <w>,</w>
  <w>lärareSet</w>
  <w>Bornstein</w>
  <w>,</w>
  <w>docentAnnika</w>
  <w>Johansson</w>
  <w>,</w>
  <w>samhällsvetareGabor</w>
  <w>Tiroler</w>
  <w>,</w>
  <w>sjukgymnastKarin</w>
  <w>Sohlgren</w>
  <w>,</w>
  <w>bibliotekarieAnja</w>
  <w>Emsheimer</w>
  <w>,</w>
  <w>lärareDan</w>
  <w>Håfström</w>
  <w>,</w>
  <w>journalistKarin</w>
  <w>Hedbrandt</w>
  <w>,</w>
  <w>konstnärGunilla</w>
  <w>Moshi</w>
  <w>,</w>
  <w>diakon</w>
  <w>i</w>
  <w>Svenska</w>
  <w>KyrkanGunnar</w>
  <w>Kraft</w>
  <w>,</w>
  <w>god</w>
  <w>man</w>
  <w>för</w>
  <w>två</w>
  <w>afghanska</w>
  <w>flyktingpojkarTonya</w>
  <w>Lilburn</w>
  <w>,</w>
  <w>journalistMikael</w>
  <w>Bellander</w>
  <w>,</w>
  <w>läkareBirgitta</w>
  <w>Berninge</w>
  <w>,</w>
  <w>tandläkare</w>
  <w>.</w>
</absapar>
<absapar id=15>
  <w>Häng</w>
  <w>med</w>
  <w>i</w>
  <w>debatten</w>
  <w>och</w>
  <w>kommentera</w>
  <w>artikeln</w>
  <w>–</w>
  <w>följ</w>
  <w>Debatt</w>
  <w>på</w>
  <w>Facebook</w>
  <w>.</w>
</absapar>
</absadoc>
