<absadoc annotators=1 senti=>
<absatitle>
  <w>Fenomenet</w>
  <w>okända</w>
  <w>personer</w>
  <w>som</w>
  <w>folkbokför</w>
  <w>sig</w>
  <w>på</w>
  <w>andras</w>
  <w>adresser</w>
  <w>.</w>
</absatitle>
<absapar id=1>
  <w>Två</w>
  <w>män</w>
  <w>har</w>
  <w>skrivit</w>
  <w>in</w>
  <w>sig</w>
  <w>på</w>
  <w>en</w>
  <w>kvinnas</w>
  <w>adress</w>
  <w>och</w>
  <w>stått</w>
  <w>skrivna</w>
  <w>där</w>
  <w>i</w>
  <w>hela</w>
  <w>8</w>
  <w>år</w>
  <w>utan</w>
  <w>att</w>
  <w>någon</w>
  <w>märkt</w>
  <w>det</w>
  <w>.</w>
  <w>Enligt</w>
  <w>skatteverket</w>
  <w>verkar</w>
  <w>det</w>
  <w>väldigt</w>
  <w>byråkratiskt</w>
  <w>svårt</w>
  <w>att</w>
  <w>åtgärda</w>
  <w>problemet</w>
  <w>och</w>
  <w>nästintill</w>
  <w>omöjligt</w>
  <w>om</w>
  <w>personen</w>
  <w>vet</w>
  <w>vad</w>
  <w>den</w>
  <w>gör</w>
  <w>.</w>
</absapar>
<absapar id=2>
  <w>Söker</w>
  <w>man</w>
  <w>på</w>
  <w>kvinnans</w>
  <w>namn</w>
  <w>ser</w>
  <w>man</w>
  <w>utöver</w>
  <w>hennes</w>
  <w>familjemedlemmar</w>
  <w>även</w>
  <w>två</w>
  <w>män</w>
  <w>som</w>
  <w>står</w>
  <w>skrivna</w>
  <w>:</w>
  <w>.</w>
</absapar>
<absapar id=3>
  <w>och</w>
  <w>.</w>
</absapar>
<absapar id=4>
  <w>#</w>
  <w>P</w>
  <w>IMM</w>
  <w>.</w>
  <w>.</w>
  <w>Detta</w>
  <w>skulle</w>
  <w>innebära</w>
  <w>att</w>
  <w>dessa</w>
  <w>var</w>
  <w>17</w>
  <w>och</w>
  <w>18</w>
  <w>år</w>
  <w>när</w>
  <w>det</w>
  <w>inträffade</w>
  <w>.</w>
  <w>Varför</w>
  <w>tror</w>
  <w>ni</w>
  <w>de</w>
  <w>gjorde</w>
  <w>det</w>
  <w>?</w>
  <w>.</w>
</absapar>
<absapar id=5>
  <w>Är</w>
  <w>det</w>
  <w>någon</w>
  <w>som</w>
  <w>själv</w>
  <w>varit</w>
  <w>med</w>
  <w>om</w>
  <w>liknande</w>
  <w>?</w>
  <w>Är</w>
  <w>detta</w>
  <w>vanligt</w>
  <w>förekommande</w>
  <w>?</w>
  <w>Vad</w>
  <w>hade</w>
  <w>ni</w>
  <w>själva</w>
  <w>gjort</w>
  <w>om</w>
  <w>det</w>
  <w>hade</w>
  <w>hänt</w>
  <w>er</w>
  <w>?</w>
  <w>Vilka</w>
  <w>typer</w>
  <w>är</w>
  <w>det</w>
  <w>som</w>
  <w>gör</w>
  <w>det</w>
  <w>och</w>
  <w>varför</w>
  <w>?</w>
  <w>Är</w>
  <w>det</w>
  <w>oftare</w>
  <w>,</w>
  <w>som</w>
  <w>i</w>
  <w>detta</w>
  <w>fallet</w>
  <w>,</w>
  <w>personer</w>
  <w>med</w>
  <w>utländsk</w>
  <w>bakgrund</w>
  <w>som</w>
  <w>gör</w>
  <w>det</w>
  <w>?</w>
  <w>Hur</w>
  <w>lätt</w>
  <w>är</w>
  <w>det</w>
  <w>att</w>
  <w>komma</w>
  <w>undan</w>
  <w>med</w>
  <w>detta</w>
  <w>beteendet</w>
  <w>?</w>
  <w>Skall</w>
  <w>det</w>
  <w>verkligen</w>
  <w>behöva</w>
  <w>vara</w>
  <w>så</w>
  <w>krångligt</w>
  <w>att</w>
  <w>åtgärda</w>
  <w>det</w>
  <w>som</w>
  <w>det</w>
  <w>verkar</w>
  <w>vara</w>
  <w>nu</w>
  <w>?</w>
  <w>Andra</w>
  <w>tankar</w>
  <w>?</w>
  <w>.</w>
</absapar>
</absadoc>
