<absadoc annotators=1 senti=>
<absatitle>
  <w>#</w>
  <w>T</w>
  <w>IMM</w>
  <w>.</w>
  <w>”</w>
  <w>Byt</w>
  <w>glasögon</w>
  <w>,</w>
  <w>herr</w>
  <w>Hägglund</w>
  <w>”</w>
  <w>.</w>
</absatitle>
<absapar id=1>
  <w>Återigen</w>
  <w>utropar</w>
  <w>sig</w>
  <w>Kristdemokraterna</w>
  <w>till</w>
  <w>Sveriges</w>
  <w>”</w>
  <w>familjeparti</w>
  <w>”</w>
  <w>.</w>
  <w>Nu</w>
  <w>senast</w>
  <w>i</w>
  <w>den</w>
  <w>12</w>
  <w>maj</w>
  <w>där</w>
  <w>Göran</w>
  <w>Hägglund</w>
  <w>och</w>
  <w>Emma</w>
  <w>Henriksson</w>
  <w>skriver</w>
  <w>att</w>
  <w>”</w>
  <absaspan id=1>
    <w>Vi</w>
    <w>kristdemokrater</w>
  </absaspan>
  <absaspan id=2 senti=2>
    <w>vänder</w>
    <w>oss</w>
    <w>mot</w>
  </absaspan>
  <absaspan id=3 senti=2>
    <w>politiska</w>
    <w>pekpinnar</w>
  </absaspan>
  <w>och</w>
  <w>allra</w>
  <w>mest</w>
  <w>när</w>
  <w>det</w>
  <w>gäller</w>
  <w>familjen</w>
  <w>.</w>
  <w>”</w>
  <absaspan id=4>
    <w>KD</w>
  </absaspan>
  <absaspan id=5 senti=4>
    <w>vill</w>
    <w>ha</w>
  </absaspan>
  <absaspan id=6 senti=4>
    <w>valfrihet</w>
  </absaspan>
  <w>och</w>
  <w>det</w>
  <w>blir</w>
  <w>det</w>
  <w>,</w>
  <w>menar</w>
  <w>de</w>
  <w>,</w>
  <w>om</w>
  <w>politiken</w>
  <w>stannar</w>
  <w>vid</w>
  <w>tröskeln</w>
  <w>.</w>
</absapar>
<absapar id=2>
  <w>Samtidigt</w>
  <w>är</w>
  <w>syftet</w>
  <w>med</w>
  <w>artikeln</w>
  <w>att</w>
  <w>just</w>
  <w>presentera</w>
  <w>ett</w>
  <w>antal</w>
  <w>politiska</w>
  <w>förslag</w>
  <w>som</w>
  <w>ska</w>
  <w>påverka</w>
  <w>hur</w>
  <w>familjen</w>
  <w>ska</w>
  <w>välja</w>
  <w>.</w>
  <absaspan id=7>
    <w>Man</w>
  </absaspan>
  <absaspan id=8 senti=2>
    <w>gör</w>
  </absaspan>
  <w>alltså</w>
  <absaspan id=9 senti=2>
    <w>det</w>
  </absaspan>
  <absaspan id=10 senti=2>
    <w>man</w>
    <w>anklagar</w>
    <w>andra</w>
    <w>för</w>
    <w>att</w>
    <w>orättfärdigt</w>
    <w>göra</w>
  </absaspan>
  <w>,</w>
  <w>det</w>
  <w>vill</w>
  <w>säga</w>
  <absaspan id=11>
    <w>man</w>
  </absaspan>
  <absaspan id=12 senti=2>
    <w>lägger</w>
    <w>sig</w>
    <w>i</w>
  </absaspan>
  <w>.</w>
  <absaspan id=13>
    <w>För</w>
    <w>mig</w>
  </absaspan>
  <w>är</w>
  <w>det</w>
  <absaspan id=14 senti=4>
    <w>självklart</w>
  </absaspan>
  <w>att</w>
  <absaspan id=15>
    <w>barn</w>
    <w>och</w>
    <w>föräldrapolitik</w>
  </absaspan>
  <absaspan id=16 senti=4>
    <w>är</w>
  </absaspan>
  <absaspan id=17 senti=4>
    <w>viktiga</w>
    <w>verktyg</w>
  </absaspan>
  <w>när</w>
  <w>vi</w>
  <w>vill</w>
  <w>göra</w>
  <w>det</w>
  <w>möjligt</w>
  <w>för</w>
  <w>moderna</w>
  <w>människor</w>
  <w>att</w>
  <w>leva</w>
  <w>moderna</w>
  <w>liv</w>
  <w>.</w>
  <w>Vi</w>
  <absaspan id=18 senti=1>
    <w>måste</w>
    <w>bryta</w>
    <w>ner</w>
  </absaspan>
  <absaspan id=19 senti=1>
    <w>det</w>
    <w>föråldrade</w>
    <w>könsrollstänkande</w>
    <w>och</w>
    <w>de</w>
    <w>unkna</w>
    <w>maktmönster</w>
  </absaspan>
  <absaspan id=20>
    <w>som</w>
    <w>i</w>
    <w>så</w>
    <w>hög</w>
    <w>grad</w>
    <w>fortfarande</w>
    <w>präglar</w>
    <w>vårt</w>
    <w>samhälle</w>
    <w>på</w>
    <w>just</w>
    <w>detta</w>
    <w>område</w>
  </absaspan>
  <w>.</w>
  <w>Och</w>
  <w>det</w>
  <w>är</w>
  <w>just</w>
  <w>då</w>
  <w>–</w>
  <w>om</w>
  <w>man</w>
  <w>vill</w>
  <w>förändra</w>
  <w>och</w>
  <w>förnya</w>
  <w>och</w>
  <w>det</w>
  <w>inte</w>
  <w>rimmar</w>
  <w>med</w>
  <w>KD</w>
  <w>:</w>
  <w>s</w>
  <w>värderingar</w>
  <w>–</w>
  <w>som</w>
  <absaspan id=21>
    <w>KD</w>
  </absaspan>
  <w>börjar</w>
  <w>tala</w>
  <w>om</w>
  <absaspan id=22 senti=1>
    <w>tvång</w>
  </absaspan>
  <w>(</w>
  <w>”</w>
  <w>tvångsdela</w>
  <w>föräldraförsäkringen</w>
  <w>”</w>
  <w>)</w>
  <w>och</w>
  <absaspan id=23 senti=2>
    <w>politiska</w>
    <w>pekpinnar</w>
  </absaspan>
  <w>.</w>
</absapar>
<absapar id=3>
  <w>Det</w>
  <w>är</w>
  <absaspan id=24>
    <w>samma</w>
  </absaspan>
  <absaspan id=25 senti=1>
    <w>förljugna</w>
  </absaspan>
  <absaspan id=26>
    <w>debattteknik</w>
  </absaspan>
  <w>som</w>
  <w>när</w>
  <w>KD</w>
  <w>talar</w>
  <w>om</w>
  <w>verklighetens</w>
  <w>folk</w>
  <w>som</w>
  <w>ska</w>
  <w>befrias</w>
  <w>från</w>
  <w>kultureliten</w>
  <w>.</w>
  <w>Göran</w>
  <w>Hägglund</w>
  <w>har</w>
  <w>den</w>
  <w>senaste</w>
  <w>tiden</w>
  <w>,</w>
  <w>i</w>
  <w>ett</w>
  <w>antal</w>
  <w>artiklar</w>
  <w>,</w>
  <w>fört</w>
  <w>en</w>
  <w>märklig</w>
  <w>diskussion</w>
  <w>där</w>
  <w>han</w>
  <w>frågar</w>
  <w>om</w>
  <absaspan id=27>
    <w>demokratin</w>
  </absaspan>
  <absaspan id=28 senti=4>
    <w>ska</w>
    <w>vara</w>
    <w>till</w>
    <w>för</w>
    <w>att</w>
    <w>främja</w>
    <w>människors</w>
    <w>möjligheter</w>
    <w>till</w>
    <w>frihet</w>
    <w>och</w>
    <w>egenansvar</w>
  </absaspan>
  <w>–</w>
  <w>eller</w>
  <w>för</w>
  <w>att</w>
  <w>främja</w>
  <absaspan id=29>
    <w>politikers</w>
    <w>möjligheter</w>
    <w>att</w>
  </absaspan>
  <absaspan id=30 senti=2>
    <w>tvinga</w>
  </absaspan>
  <absaspan id=31>
    <w>människor</w>
    <w>att</w>
    <w>vara</w>
    <w>politiskt</w>
    <w>korrekta</w>
  </absaspan>
  <absaspan id=32>
    <w>.</w>
  </absaspan>
</absapar>
<absapar id=4>
  <absaspan id=33>
    <w>Politisk</w>
    <w>korrekthet</w>
    <w>och</w>
    <w>tvång</w>
  </absaspan>
  <w>är</w>
  <w>två</w>
  <absaspan id=34 senti=2>
    <w>standardinvändningar</w>
  </absaspan>
  <w>som</w>
  <absaspan id=35>
    <w>KD</w>
  </absaspan>
  <w>ofta</w>
  <w>anför</w>
  <w>mot</w>
  <w>just</w>
  <w>jämställdhetsreformer</w>
  <w>.</w>
  <w>För</w>
  <w>Göran</w>
  <w>Hägglund</w>
  <w>är</w>
  <w>allt</w>
  <w>tal</w>
  <w>om</w>
  <w>jämställdhet</w>
  <w>och</w>
  <w>genus</w>
  <w>resultatet</w>
  <w>av</w>
  <w>en</w>
  <w>elitgrupps</w>
  <w>värderingar</w>
  <w>.</w>
  <w>Ursäkta</w>
  <w>,</w>
  <w>men</w>
  <w>var</w>
  <w>har</w>
  <w>Hägglund</w>
  <w>hållit</w>
  <w>hus</w>
  <w>de</w>
  <w>senaste</w>
  <w>30</w>
  <w>åren</w>
  <w>?</w>
  <w>.</w>
</absapar>
<absapar id=5>
  <w>Jämställdhet</w>
  <w>är</w>
  <w>inte</w>
  <w>ett</w>
  <w>tyckande</w>
  <w>utan</w>
  <w>ett</w>
  <w>kunskapsområde</w>
  <w>.</w>
  <w>Är</w>
  <w>lika</w>
  <w>löner</w>
  <w>,</w>
  <w>antidiskriminering</w>
  <w>och</w>
  <w>rätten</w>
  <w>att</w>
  <w>bestämma</w>
  <w>över</w>
  <w>sin</w>
  <w>egen</w>
  <w>kropp</w>
  <w>åsikter</w>
  <w>som</w>
  <w>kan</w>
  <w>kallas</w>
  <w>politisk</w>
  <w>korrekthet</w>
  <absaspan id=36>
    <w>?</w>
  </absaspan>
  <absaspan id=37>
    <w>Det</w>
  </absaspan>
  <absaspan id=38>
    <w>är</w>
  </absaspan>
  <w>ett</w>
  <w>cyniskt</w>
  <w>sätt</w>
  <w>att</w>
  <w>kategorisera</w>
  <w>feminismens</w>
  <w>viktiga</w>
  <w>reformer</w>
  <w>och</w>
  <absaspan id=39>
    <w>ett</w>
  </absaspan>
  <absaspan id=40 senti=1>
    <w>förakt</w>
    <w>för</w>
  </absaspan>
  <absaspan id=41>
    <w>alla</w>
    <w>de</w>
    <w>medborgare</w>
    <w>som</w>
    <w>i</w>
    <w>val</w>
    <w>givit</w>
    <w>reformerna</w>
    <w>sitt</w>
    <w>stöd</w>
  </absaspan>
  <w>.</w>
  <w>Jämställdhet</w>
  <w>som</w>
  <w>politiskt</w>
  <w>mål</w>
  <w>skulle</w>
  <w>inte</w>
  <w>ha</w>
  <w>en</w>
  <w>chans</w>
  <w>om</w>
  <w>det</w>
  <w>bara</w>
  <w>var</w>
  <w>ett</w>
  <w>fantasifoster</w>
  <w>formulerat</w>
  <w>av</w>
  <w>en</w>
  <w>liten</w>
  <w>grupp</w>
  <w>människor</w>
  <w>.</w>
  <w>Att</w>
  <w>vi</w>
  <w>inte</w>
  <w>är</w>
  <w>där</w>
  <w>ännu</w>
  <w>,</w>
  <w>att</w>
  <w>vi</w>
  <w>inte</w>
  <w>nått</w>
  <w>målet</w>
  <w>jämställdhet</w>
  <w>,</w>
  <w>är</w>
  <w>däremot</w>
  <w>ett</w>
  <w>resultat</w>
  <w>av</w>
  <w>en</w>
  <absaspan id=42 senti=2>
    <w>närmast</w>
    <w>elitistisk</w>
  </absaspan>
  <absaspan id=43>
    <w>maktkoncentration</w>
    <w>av</w>
    <w>män</w>
  </absaspan>
  <w>.</w>
  <w>Varför</w>
  <w>har</w>
  <w>vi</w>
  <w>inte</w>
  <w>kommit</w>
  <w>längre</w>
  <w>,</w>
  <w>är</w>
  <w>den</w>
  <w>relevanta</w>
  <w>frågan</w>
  <w>.</w>
  <w>För</w>
  <w>att</w>
  <w>det</w>
  <w>handlar</w>
  <w>om</w>
  <w>makt</w>
  <w>.</w>
  <w>Makt</w>
  <w>är</w>
  <w>alltid</w>
  <w>en</w>
  <w>relation</w>
  <w>.</w>
  <absaspan id=44>
    <w>Har</w>
    <w>någon</w>
    <w>mer</w>
  </absaspan>
  <absaspan id=45 senti=2>
    <w>är</w>
    <w>det</w>
    <w>på</w>
    <w>någon</w>
    <w>annans</w>
    <w>bekostnad</w>
  </absaspan>
  <w>.</w>
  <absaspan id=46>
    <w>I</w>
    <w>vårt</w>
    <w>samhälle</w>
    <w>har</w>
    <w>gruppen</w>
    <w>män</w>
    <w>mer</w>
    <w>makt</w>
  </absaspan>
  <absaspan id=47 senti=2>
    <w>på</w>
    <w>gruppen</w>
    <w>kvinnors</w>
    <w>bekostnad</w>
  </absaspan>
  <w>.</w>
  <w>Att</w>
  <w>det</w>
  <w>är</w>
  <w>så</w>
  <w>syns</w>
  <w>både</w>
  <w>på</w>
  <w>arbetsmarknaden</w>
  <w>och</w>
  <w>hemma</w>
  <w>.</w>
  <w>Det</w>
  <w>är</w>
  <w>två</w>
  <w>arenor</w>
  <w>som</w>
  <w>är</w>
  <w>varandras</w>
  <w>spegelbilder</w>
  <w>.</w>
  <absaspan id=48 senti=2>
    <w>Förutfattade</w>
    <w>och</w>
    <w>förlegade</w>
    <w>föreställningar</w>
  </absaspan>
  <absaspan id=49>
    <w>som</w>
    <w>finns</w>
    <w>kring</w>
    <w>föräldraskapet</w>
  </absaspan>
  <absaspan id=50 senti=2>
    <w>är</w>
    <w>ett</w>
    <w>hinder</w>
  </absaspan>
  <absaspan id=51>
    <w>för</w>
    <w>kvinnor</w>
    <w>på</w>
    <w>arbetsmarknaden</w>
  </absaspan>
  <w>–</w>
  <w>oavsett</w>
  <w>om</w>
  <w>vi</w>
  <w>skaffar</w>
  <w>barn</w>
  <w>eller</w>
  <w>inte</w>
  <w>,</w>
  <w>oavsett</w>
  <w>om</w>
  <w>vi</w>
  <w>delar</w>
  <w>lika</w>
  <w>med</w>
  <w>våra</w>
  <w>partners</w>
  <w>eller</w>
  <w>inte</w>
  <w>.</w>
  <w>Vi</w>
  <absaspan id=52 senti=2>
    <w>får</w>
    <w>lägre</w>
    <w>lön</w>
    <w>,</w>
    <w>sämre</w>
    <w>anställningstrygghet</w>
    <w>,</w>
    <w>ofrivilliga</w>
    <w>deltider</w>
  </absaspan>
  <w>och</w>
  <w>ses</w>
  <w>inte</w>
  <w>som</w>
  <w>självklara</w>
  <w>ledare</w>
  <w>.</w>
  <w>Det</w>
  <w>här</w>
  <w>handlar</w>
  <w>inte</w>
  <w>om</w>
  <w>enskilda</w>
  <w>kvinnor</w>
  <w>som</w>
  <w>vid</w>
  <w>enskilda</w>
  <w>tillfällen</w>
  <w>råkar</w>
  <w>ut</w>
  <w>för</w>
  <absaspan id=53>
    <w>enskilt</w>
  </absaspan>
  <absaspan id=54 senti=2>
    <w>misslyckade</w>
  </absaspan>
  <absaspan id=55>
    <w>förhandlingar</w>
  </absaspan>
  <w>.</w>
  <absaspan id=56>
    <w>Det</w>
    <w>här</w>
    <w>är</w>
    <w>ett</w>
    <w>strukturellt</w>
  </absaspan>
  <absaspan id=57 senti=2>
    <w>problem</w>
  </absaspan>
  <w>och</w>
  <w>det</w>
  <w>kommer</w>
  <w>inte</w>
  <w>att</w>
  <w>upphöra</w>
  <w>av</w>
  <w>sig</w>
  <w>själv</w>
  <w>.</w>
</absapar>
<absapar id=6>
  <w>Föräldraskapet</w>
  <w>är</w>
  <w>centralt</w>
  <w>i</w>
  <w>många</w>
  <w>människors</w>
  <w>liv</w>
  <w>,</w>
  <w>oavsett</w>
  <w>om</w>
  <w>vi</w>
  <w>är</w>
  <w>män</w>
  <w>eller</w>
  <w>kvinnor</w>
  <w>.</w>
  <w>När</w>
  <absaspan id=58>
    <w>kvinnor</w>
  </absaspan>
  <absaspan id=59 senti=1>
    <w>diskrimineras</w>
  </absaspan>
  <absaspan id=60>
    <w>på</w>
    <w>arbetsmarknaden</w>
  </absaspan>
  <absaspan id=61>
    <w>möter</w>
    <w>många</w>
    <w>män</w>
    <w>motsvarande</w>
  </absaspan>
  <absaspan id=62 senti=1>
    <w>diskriminering</w>
  </absaspan>
  <absaspan id=63>
    <w>i</w>
    <w>föräldralivet</w>
  </absaspan>
  <w>.</w>
  <w>Det</w>
  <w>är</w>
  <w>två</w>
  <w>sidor</w>
  <w>av</w>
  <w>samma</w>
  <w>patriarkala</w>
  <w>mynt</w>
  <w>.</w>
  <w>Hur</w>
  <w>många</w>
  <w>män</w>
  <w>har</w>
  <w>inte</w>
  <absaspan id=64 senti=2>
    <w>stött</w>
    <w>på</w>
  </absaspan>
  <absaspan id=65 senti=2>
    <w>problem</w>
    <w>vid</w>
    <w>separationer</w>
    <w>och</w>
    <w>vårdnadstvister</w>
  </absaspan>
  <w>,</w>
  <w>när</w>
  <absaspan id=66 senti=2>
    <w>fördomsfulla</w>
  </absaspan>
  <absaspan id=67>
    <w>tjänstemän</w>
    <w>och</w>
    <w>beslutsfattare</w>
  </absaspan>
  <absaspan id=68 senti=2>
    <w>sömngångaraktigt</w>
  </absaspan>
  <absaspan id=69 senti=2>
    <w>hävdar</w>
  </absaspan>
  <absaspan id=70>
    <w>att</w>
  </absaspan>
  <absaspan id=71>
    <w>mamman</w>
  </absaspan>
  <absaspan id=72 senti=5>
    <w>alltid</w>
    <w>är</w>
    <w>bäst</w>
    <w>för</w>
    <w>barnet</w>
  </absaspan>
  <w>?</w>
  <w>Hur</w>
  <w>många</w>
  <w>pappor</w>
  <w>har</w>
  <w>inte</w>
  <absaspan id=73 senti=2>
    <w>mött</w>
    <w>fördomar</w>
  </absaspan>
  <absaspan id=74>
    <w>inom</w>
    <w>förskolan</w>
  </absaspan>
  <w>?</w>
  <w>Hur</w>
  <w>många</w>
  <w>män</w>
  <w>har</w>
  <w>inte</w>
  <w>fått</w>
  <w>frågan</w>
  <w>från</w>
  <w>arbetsgivaren</w>
  <w>om</w>
  <w>de</w>
  <w>ska</w>
  <w>”</w>
  <w>passa</w>
  <w>”</w>
  <w>barnen</w>
  <w>när</w>
  <w>de</w>
  <w>är</w>
  <w>med</w>
  <w>sina</w>
  <w>barn</w>
  <w>?</w>
  <w>Det</w>
  <w>finns</w>
  <absaspan id=75>
    <w>en</w>
    <w>rörelse</w>
    <w>i</w>
    <w>dag</w>
  </absaspan>
  <w>som</w>
  <w>utgår</w>
  <w>från</w>
  <w>att</w>
  <absaspan id=76>
    <w>de</w>
    <w>gamla</w>
    <w>stereotypa</w>
    <w>könsrollerna</w>
  </absaspan>
  <absaspan id=77 senti=2>
    <w>kväver</w>
  </absaspan>
  <w>.</w>
  <w>Vi</w>
  <absaspan id=78 senti=2>
    <w>tillåts</w>
    <w>inte</w>
    <w>att</w>
    <w>vara</w>
    <w>människor</w>
  </absaspan>
  <w>.</w>
  <w>Vi</w>
  <absaspan id=79 senti=2>
    <w>reduceras</w>
    <w>till</w>
    <w>kön</w>
  </absaspan>
  <w>.</w>
  <w>I</w>
  <w>det</w>
  <w>perspektivet</w>
  <absaspan id=80 senti=4>
    <w>finns</w>
    <w>ingen</w>
    <w>större</w>
    <w>frihetsreform</w>
    <w>än</w>
  </absaspan>
  <absaspan id=81>
    <w>att</w>
    <w>göra</w>
    <w>föräldraförsäkringen</w>
    <w>individuell</w>
  </absaspan>
  <absaspan id=82>
    <w>.</w>
  </absaspan>
  <w>Varje</w>
  <w>förälder</w>
  <w>ska</w>
  <w>ha</w>
  <w>lika</w>
  <w>stor</w>
  <w>rätt</w>
  <w>att</w>
  <w>vara</w>
  <w>hemma</w>
  <w>.</w>
  <w>Precis</w>
  <w>som</w>
  <w>vi</w>
  <w>(</w>
  <w>individuellt</w>
  <w>)</w>
  <w>har</w>
  <w>rätt</w>
  <w>till</w>
  <w>semester</w>
  <w>och</w>
  <w>ledighet</w>
  <w>för</w>
  <w>studier</w>
  <w>.</w>
  <w>Om</w>
  <w>jag</w>
  <w>vill</w>
  <w>utnyttja</w>
  <w>min</w>
  <w>rätt</w>
  <w>,</w>
  <w>när</w>
  <w>jag</w>
  <w>vill</w>
  <w>göra</w>
  <w>det</w>
  <w>och</w>
  <w>hur</w>
  <w>jag</w>
  <w>vill</w>
  <w>göra</w>
  <w>det</w>
  <w>(</w>
  <w>tillsammans</w>
  <w>med</w>
  <w>den</w>
  <w>andra</w>
  <w>föräldern</w>
  <w>eller</w>
  <w>inte</w>
  <w>)</w>
  <w>måste</w>
  <w>vara</w>
  <w>mitt</w>
  <w>eget</w>
  <w>val</w>
  <w>.</w>
</absapar>
<absapar id=7>
  <w>Det</w>
  <w>är</w>
  <w>nog</w>
  <w>dags</w>
  <w>för</w>
  <absaspan id=83>
    <w>KD</w>
  </absaspan>
  <w>att</w>
  <w>vakna</w>
  <w>upp</w>
  <w>och</w>
  <w>se</w>
  <w>sig</w>
  <w>omkring</w>
  <w>.</w>
  <w>Om</w>
  <absaspan id=84>
    <w>ni</w>
  </absaspan>
  <w>ser</w>
  <w>på</w>
  <absaspan id=85>
    <w>alla</w>
    <w>som</w>
  </absaspan>
  <absaspan id=86 senti=4>
    <w>vill</w>
  </absaspan>
  <absaspan id=87>
    <w>vara</w>
    <w>föräldrar</w>
    <w>fullt</w>
    <w>ut</w>
  </absaspan>
  <w>,</w>
  <w>oavsett</w>
  <w>kön</w>
  <w>,</w>
  <w>bara</w>
  <w>som</w>
  <absaspan id=88 senti=2>
    <w>en</w>
    <w>liten</w>
    <w>elitgrupp</w>
    <w>som</w>
    <w>eftersträvar</w>
    <w>politisk</w>
    <w>korrekthet</w>
  </absaspan>
  <w>så</w>
  <w>behöver</w>
  <w>nog</w>
  <w>herr</w>
  <w>Hägglund</w>
  <absaspan id=89>
    <w>nya</w>
  </absaspan>
  <absaspan id=90>
    <w>glasögon</w>
  </absaspan>
  <w>.</w>
  <absaspan id=91>
    <w>Jag</w>
  </absaspan>
  <absaspan id=92 senti=4>
    <w>kan</w>
    <w>rekommendera</w>
  </absaspan>
  <absaspan id=93>
    <w>ett</w>
    <w>par</w>
  </absaspan>
  <absaspan id=94>
    <w>med</w>
    <w>genusslipning</w>
  </absaspan>
  <w>.</w>
  <absaspan id=95>
    <w>Den</w>
    <w>patriarkala</w>
    <w>optiken</w>
  </absaspan>
  <absaspan id=96 senti=1>
    <w>är</w>
    <w>faktiskt</w>
    <w>hopplöst</w>
    <w>förlegad</w>
  </absaspan>
  <w>!</w>
  <w>.</w>
</absapar>
<absapar id=8>
  <w>FAKTA</w>
  <w>.</w>
</absapar>
<absapar id=9>
  <w>Gudrun</w>
  <w>Schyman</w>
  <w>.</w>
</absapar>
</absadoc>
