<absadoc annotators=1 senti=>
<absatitle>
  <w>Bör</w>
  <w>Sverige</w>
  <w>stärka</w>
  <w>sitt</w>
  <w>försvar</w>
  <w>?</w>
  <w>.</w>
</absatitle>
<absapar id=1>
  <w>Försvarsberedningen</w>
  <w>lämnar</w>
  <w>idag</w>
  <w>över</w>
  <w>sin</w>
  <w>analys</w>
  <w>över</w>
  <w>det</w>
  <w>säkerhetspolitiska</w>
  <w>läget</w>
  <w>.</w>
  <w>Det</w>
  <w>mest</w>
  <w>omdebatterade</w>
  <w>mellan</w>
  <w>partierna</w>
  <w>är</w>
  <w>hur</w>
  <w>den</w>
  <w>ryska</w>
  <w>upprustningen</w>
  <w>ska</w>
  <w>ses</w>
  <w>och</w>
  <w>bemötas</w>
  <w>.</w>
  <w>Läs</w>
  <w>hela</w>
  <w>dagens</w>
  <w>läsardiskussion</w>
  <w>!</w>
  <w>.</w>
</absapar>
<absapar id=2>
  <w>#</w>
  <w>P</w>
  <w>IMM</w>
  <w>.</w>
  <w>12</w>
  <w>:</w>
  <w>55</w>
  <w>Carina</w>
  <w>Stensson</w>
  <w>:</w>
  <w>Hej</w>
  <w>och</w>
  <w>välkomna</w>
  <w>till</w>
  <w>dagens</w>
  <w>debatt</w>
  <w>om</w>
  <w>försvaret</w>
  <w>!</w>
  <w>Det</w>
  <w>är</w>
  <w>tydligt</w>
  <w>att</w>
  <w>engagemanget</w>
  <w>i</w>
  <w>denna</w>
  <w>frågan</w>
  <w>är</w>
  <w>mycket</w>
  <w>stort</w>
  <w>,</w>
  <w>vi</w>
  <w>har</w>
  <w>redan</w>
  <w>fått</w>
  <w>många</w>
  <w>inlägg</w>
  <w>.</w>
  <w>Nu</w>
  <w>startar</w>
  <w>vi</w>
  <w>!</w>
  <w>.</w>
</absapar>
<absapar id=3>
  <w>Det</w>
  <w>här</w>
  <w>är</w>
  <w>en</w>
  <w>argumenterande</w>
  <w>text</w>
  <w>med</w>
  <w>syfte</w>
  <w>att</w>
  <w>påverka</w>
  <w>.</w>
  <w>Åsikterna</w>
  <w>som</w>
  <w>uttrycks</w>
  <w>är</w>
  <w>skribentens</w>
  <w>egna</w>
  <w>.</w>
</absapar>
<absapar id=4>
  <w>#</w>
  <w>P</w>
  <w>IMM</w>
  <w>.</w>
  <w>12</w>
  <w>:</w>
  <w>55</w>
  <absaspan id=1>
    <w>Allan</w>
    <w>Sunnliden</w>
  </absaspan>
  <w>:</w>
  <w>Det</w>
  <absaspan id=2 senti=2>
    <w>är</w>
    <w>beklämmande</w>
  </absaspan>
  <w>att</w>
  <w>se</w>
  <w>med</w>
  <w>vilken</w>
  <absaspan id=3 senti=2>
    <w>nonchalans</w>
  </absaspan>
  <w>den</w>
  <absaspan id=4>
    <w>nuvarande</w>
    <w>regeringen</w>
  </absaspan>
  <w>behandlar</w>
  <w>försvaret</w>
  <w>.</w>
  <w>Jobbskatteavdragen</w>
  <w>är</w>
  <w>viktigare</w>
  <w>än</w>
  <w>att</w>
  <w>ha</w>
  <w>något</w>
  <w>som</w>
  <w>liknar</w>
  <w>ett</w>
  <w>försvar</w>
  <w>.</w>
  <w>Jag</w>
  <w>tror</w>
  <w>att</w>
  <w>historiens</w>
  <w>dom</w>
  <w>kommer</w>
  <w>att</w>
  <w>bli</w>
  <w>hård</w>
  <w>över</w>
  <w>denna</w>
  <w>regering</w>
  <w>som</w>
  <w>inte</w>
  <w>har</w>
  <w>annat</w>
  <w>än</w>
  <w>skattesänkningar</w>
  <w>att</w>
  <w>komma</w>
  <w>med</w>
  <w>.</w>
</absapar>
<absapar id=5>
  <w>#</w>
  <w>P</w>
  <w>IMM</w>
  <w>.</w>
  <w>12</w>
  <w>:</w>
  <w>55</w>
  <w>Hans</w>
  <w>Holst</w>
  <w>:</w>
  <w>Återinför</w>
  <w>värnplikten</w>
  <w>.</w>
  <w>Bygg</w>
  <w>upp</w>
  <w>försvaret</w>
  <w>till</w>
  <w>aktuell</w>
  <w>teknisk</w>
  <w>nivå</w>
  <w>.</w>
  <w>Diskutera</w>
  <w>NATO-anslutning</w>
  <w>.</w>
</absapar>
<absapar id=6>
  <w>#</w>
  <w>P</w>
  <w>IMM</w>
  <w>.</w>
  <w>12</w>
  <w>:</w>
  <w>56</w>
  <absaspan id=5>
    <w>Mikael</w>
    <w>Petersson</w>
  </absaspan>
  <w>:</w>
  <w>Försvaret</w>
  <w>måste</w>
  <w>stärkas</w>
  <w>och</w>
  <w>dimensioneras</w>
  <w>för</w>
  <w>att</w>
  <w>kunna</w>
  <w>försvara</w>
  <w>hela</w>
  <w>Sverige</w>
  <w>.</w>
  <w>Idag</w>
  <w>är</w>
  <absaspan id=6>
    <w>vi</w>
  </absaspan>
  <absaspan id=7 senti=1>
    <w>utskrattade</w>
  </absaspan>
  <w>av</w>
  <w>våra</w>
  <w>grannländer</w>
  <w>.</w>
  <absaspan id=8>
    <w>En</w>
    <w>fördubbling</w>
    <w>av</w>
    <w>försvarsanslaget</w>
  </absaspan>
  <w>vore</w>
  <w>en</w>
  <absaspan id=9 senti=4>
    <w>bra</w>
    <w>början</w>
  </absaspan>
  <w>.</w>
</absapar>
<absapar id=7>
  <w>#</w>
  <w>P</w>
  <w>IMM</w>
  <w>.</w>
  <w>12</w>
  <w>:</w>
  <w>56</w>
  <absaspan id=10>
    <w>Sven</w>
    <w>Bolin</w>
  </absaspan>
  <w>:</w>
  <w>Varför</w>
  <w>inte</w>
  <w>öka</w>
  <w>samarbetet</w>
  <w>med</w>
  <w>Ryssland</w>
  <w>?</w>
  <w>På</w>
  <w>så</w>
  <w>sätt</w>
  <w>så</w>
  <w>kan</w>
  <w>vi</w>
  <w>med</w>
  <w>bibehållen</w>
  <w>militärnivå</w>
  <w>ha</w>
  <w>fortsatt</w>
  <w>säkerhet</w>
  <w>.</w>
  <absaspan id=11>
    <w>Rysk</w>
    <w>materiel</w>
  </absaspan>
  <absaspan id=12 senti=4>
    <w>är</w>
    <w>lika</w>
    <w>bra</w>
    <w>eller</w>
    <w>bättre</w>
  </absaspan>
  <w>än</w>
  <w>västs</w>
  <w>och</w>
  <w>det</w>
  <w>till</w>
  <w>ett</w>
  <w>rabatterat</w>
  <w>pris</w>
  <w>.</w>
  <w>Så</w>
  <w>vad</w>
  <w>hindrar</w>
  <w>oss</w>
  <w>?</w>
  <w>.</w>
</absapar>
<absapar id=8>
  <w>#</w>
  <w>P</w>
  <w>IMM</w>
  <w>.</w>
  <w>12</w>
  <w>:</w>
  <w>56</w>
  <absaspan id=13>
    <w>Christoffer</w>
  </absaspan>
  <w>:</w>
  <w>Det</w>
  <w>är</w>
  <w>självklart</w>
  <w>att</w>
  <w>Sverige</w>
  <w>ska</w>
  <w>kunna</w>
  <w>hävda</w>
  <w>och</w>
  <w>försvara</w>
  <w>sina</w>
  <w>gränser</w>
  <w>.</w>
  <w>Det</w>
  <absaspan id=14 senti=2>
    <w>är</w>
    <w>naivt</w>
  </absaspan>
  <w>att</w>
  <w>tro</w>
  <w>att</w>
  <absaspan id=15>
    <w>andra</w>
    <w>kan</w>
    <w>komma</w>
    <w>till</w>
    <w>undsättning</w>
  </absaspan>
  <w>,</w>
  <w>och</w>
  <w>även</w>
  <w>ifall</w>
  <w>det</w>
  <w>kommer</w>
  <w>hjälp</w>
  <w>från</w>
  <w>andra</w>
  <w>hinner</w>
  <w>det</w>
  <w>säkert</w>
  <w>bli</w>
  <w>onödiga</w>
  <w>förluster</w>
  <w>i</w>
  <w>människoliv</w>
  <w>och</w>
  <w>egendomar</w>
  <w>.</w>
  <w>Det</w>
  <w>är</w>
  <w>bättre</w>
  <w>att</w>
  <w>signalera</w>
  <w>till</w>
  <w>omvärlden</w>
  <w>med</w>
  <w>ett</w>
  <w>starkt</w>
  <w>försvar</w>
  <w>att</w>
  <w>vi</w>
  <w>är</w>
  <w>beredda</w>
  <w>och</w>
  <w>kapabla</w>
  <w>att</w>
  <w>försvara</w>
  <w>oss</w>
  <w>.</w>
</absapar>
<absapar id=9>
  <w>Skräddarsydda</w>
  <w>kurser</w>
  <w>i</w>
  <w>ämnen</w>
  <w>som</w>
  <w>intresserar</w>
  <w>och</w>
  <w>engagerar</w>
  <w>både</w>
  <w>kropp</w>
  <w>och</w>
  <w>själ</w>
  <w>.</w>
</absapar>
<absapar id=10>
  <w>#</w>
  <w>P</w>
  <w>IMM</w>
  <w>.</w>
  <w>12</w>
  <w>:</w>
  <w>56</w>
  <absaspan id=16>
    <w>sandra</w>
  </absaspan>
  <w>:</w>
  <absaspan id=17>
    <w>Vårt</w>
    <w>försvar</w>
  </absaspan>
  <absaspan id=18 senti=2>
    <w>är</w>
    <w>ett</w>
    <w>skämt</w>
  </absaspan>
  <w>,</w>
  <w>stärk</w>
  <w>det</w>
  <w>.</w>
</absapar>
<absapar id=11>
  <w>#</w>
  <w>P</w>
  <w>IMM</w>
  <w>.</w>
  <w>12</w>
  <w>:</w>
  <w>58</w>
  <w>Anders</w>
  <w>:</w>
  <w>Nej</w>
  <w>,</w>
  <w>jag</w>
  <w>tror</w>
  <w>inte</w>
  <w>att</w>
  <w>Ryssland</w>
  <w>gör</w>
  <w>något</w>
  <w>hot</w>
  <w>i</w>
  <w>dag</w>
  <w>och</w>
  <w>inte</w>
  <w>heller</w>
  <w>på</w>
  <w>ett</w>
  <w>tag</w>
  <w>framöver</w>
  <w>.</w>
  <w>Historiskt</w>
  <w>har</w>
  <w>de</w>
  <w>inte</w>
  <w>heller</w>
  <w>varit</w>
  <w>hot</w>
  <w>mot</w>
  <w>oss</w>
  <w>i</w>
  <w>modern</w>
  <w>tid</w>
  <w>.</w>
  <w>Mycket</w>
  <w>av</w>
  <w>den</w>
  <w>budgeten</w>
  <w>som</w>
  <w>de</w>
  <w>lagt</w>
  <w>går</w>
  <w>dessutom</w>
  <w>till</w>
  <w>att</w>
  <w>höja</w>
  <w>lönerna</w>
  <w>till</w>
  <w>militären</w>
  <w>.</w>
  <w>Vi</w>
  <w>är</w>
  <w>inte</w>
  <w>intressanta</w>
  <w>.</w>
  <w>Sedan</w>
  <w>tycker</w>
  <w>jag</w>
  <w>att</w>
  <w>vi</w>
  <w>kan</w>
  <w>ha</w>
  <w>lumpen</w>
  <w>för</w>
  <w>att</w>
  <w>göra</w>
  <w>folk</w>
  <w>av</w>
  <w>våra</w>
  <w>ungdomar</w>
  <w>.</w>
  <w>Nato</w>
  <w>säger</w>
  <w>då</w>
  <w>rakt</w>
  <w>nej</w>
  <w>till</w>
  <w>.</w>
</absapar>
<absapar id=12>
  <w>#</w>
  <w>P</w>
  <w>IMM</w>
  <w>.</w>
  <w>12</w>
  <w>:</w>
  <w>58</w>
  <w>tommy</w>
  <w>karlsson</w>
  <w>:</w>
  <w>den</w>
  <w>som</w>
  <w>inte</w>
  <w>kan</w>
  <w>försvara</w>
  <w>sig</w>
  <w>är</w>
  <w>ofri</w>
  <w>.</w>
</absapar>
<absapar id=13>
  <w>#</w>
  <w>P</w>
  <w>IMM</w>
  <w>.</w>
  <w>12</w>
  <w>:</w>
  <w>58</w>
  <w>Lars</w>
  <w>Andersson</w>
  <w>:</w>
  <w>Stärka</w>
  <w>?</w>
  <w>Låt</w>
  <w>oss</w>
  <w>först</w>
  <w>och</w>
  <w>frmst</w>
  <w>återskapa</w>
  <w>ett</w>
  <w>.</w>
  <w>Något</w>
  <w>som</w>
  <w>i</w>
  <w>första</w>
  <w>hand</w>
  <w>är</w>
  <w>avsett</w>
  <w>att</w>
  <w>försvara</w>
  <w>landet</w>
  <w>och</w>
  <w>först</w>
  <w>i</w>
  <w>andra</w>
  <w>eller</w>
  <w>sista</w>
  <w>hand</w>
  <w>är</w>
  <w>uppbyggt</w>
  <w>för</w>
  <w>insatser</w>
  <w>långt</w>
  <w>utomlands</w>
  <w>i</w>
  <w>andra</w>
  <w>makters</w>
  <w>regi</w>
  <w>.</w>
</absapar>
<absapar id=14>
  <w>#</w>
  <w>P</w>
  <w>IMM</w>
  <w>.</w>
  <w>12</w>
  <w>:</w>
  <w>58</w>
  <w>Göran</w>
  <w>H</w>
  <w>.</w>
  <w>Johnson</w>
  <w>:</w>
  <w>Det</w>
  <w>enklaste</w>
  <w>är</w>
  <w>att</w>
  <w>gå</w>
  <w>med</w>
  <w>i</w>
  <w>NATO</w>
  <w>,</w>
  <w>men</w>
  <w>även</w>
  <w>det</w>
  <w>alternativet</w>
  <w>kommer</w>
  <w>att</w>
  <w>vi</w>
  <w>måste</w>
  <w>stärka</w>
  <w>vårt</w>
  <w>eget</w>
  <w>försvar</w>
  <w>.</w>
</absapar>
<absapar id=15>
  <w>#</w>
  <w>P</w>
  <w>IMM</w>
  <w>.</w>
  <w>12</w>
  <w>:</w>
  <w>58</w>
  <w>Richard</w>
  <w>Kuylenstierna</w>
  <w>:</w>
  <w>Sverige</w>
  <w>kan</w>
  <w>inte</w>
  <w>lämna</w>
  <w>ett</w>
  <w>vacuum</w>
  <w>i</w>
  <w>norra</w>
  <w>Europa</w>
  <w>och</w>
  <w>på</w>
  <w>vanligt</w>
  <w>sätt</w>
  <w>skyffla</w>
  <w>över</w>
  <w>säkerhetsansvaret</w>
  <w>på</w>
  <w>våra</w>
  <w>närmaste</w>
  <w>grannländer</w>
  <w>.</w>
  <w>Det</w>
  <w>tar</w>
  <w>säkert</w>
  <w>tio</w>
  <w>år</w>
  <w>att</w>
  <w>korrigera</w>
  <w>de</w>
  <w>misstag</w>
  <w>vi</w>
  <w>kanske</w>
  <w>gör</w>
  <w>nu</w>
  <w>om</w>
  <w>situationen</w>
  <w>skulle</w>
  <w>instabiliseras</w>
  <w>i</w>
  <w>vårt</w>
  <w>närområde</w>
  <w>.</w>
</absapar>
<absapar id=16>
  <w>#</w>
  <w>P</w>
  <w>IMM</w>
  <w>.</w>
  <w>12</w>
  <w>:</w>
  <w>59</w>
  <w>Carina</w>
  <w>Stensson</w>
  <w>:</w>
  <w>Helt</w>
  <w>klart</w>
  <w>är</w>
  <w>kritiken</w>
  <w>mot</w>
  <w>vad</w>
  <w>man</w>
  <w>anser</w>
  <w>är</w>
  <w>ett</w>
  <w>nedmonterat</w>
  <w>försvar</w>
  <w>väldigt</w>
  <w>stark</w>
  <w>.</w>
  <w>Är</w>
  <w>det</w>
  <w>någon</w>
  <w>som</w>
  <w>inte</w>
  <w>håller</w>
  <w>med</w>
  <w>föregående</w>
  <w>debattörer</w>
  <w>?</w>
  <w>Som</w>
  <w>vågar</w>
  <w>vara</w>
  <w>försvarskritisk</w>
  <w>här</w>
  <w>?</w>
  <w>.</w>
</absapar>
<absapar id=17>
  <w>#</w>
  <w>P</w>
  <w>IMM</w>
  <w>.</w>
  <w>12</w>
  <w>:</w>
  <w>59</w>
  <absaspan id=19>
    <w>Erik</w>
    <w>Dalhammar</w>
  </absaspan>
  <w>:</w>
  <w>Försvaret</w>
  <w>är</w>
  <w>ju</w>
  <w>tillsammans</w>
  <w>med</w>
  <w>rättssystemet</w>
  <w>och</w>
  <w>polisväsendet</w>
  <w>några</w>
  <w>av</w>
  <w>statens</w>
  <w>kärnuppgifter</w>
  <w>.</w>
  <w>Att</w>
  <w>då</w>
  <absaspan id=20>
    <w>reducera</w>
    <w>försvaret</w>
  </absaspan>
  <w>till</w>
  <w>'</w>
  <w>ett</w>
  <w>en-veckorsförsvar</w>
  <w>'</w>
  <absaspan id=21 senti=2>
    <w>är</w>
    <w>lika</w>
    <w>dumt</w>
  </absaspan>
  <w>som</w>
  <w>att</w>
  <w>säga</w>
  <w>upp</w>
  <w>brandförsäkringen</w>
  <w>därför</w>
  <w>att</w>
  <w>det</w>
  <w>inte</w>
  <w>brunnit</w>
  <w>på</w>
  <w>länge</w>
  <w>.</w>
  <w>En</w>
  <w>faktor</w>
  <w>som</w>
  <w>många</w>
  <w>inte</w>
  <w>tänker</w>
  <w>på</w>
  <w>är</w>
  <w>att</w>
  <w>försörjningsmässigt</w>
  <w>är</w>
  <w>Sverige</w>
  <w>en</w>
  <w>ö</w>
  <w>-</w>
  <w>den</w>
  <w>absolut</w>
  <w>övervägande</w>
  <w>delen</w>
  <w>av</w>
  <w>vår</w>
  <w>import</w>
  <w>och</w>
  <w>export</w>
  <w>sker</w>
  <w>med</w>
  <w>sjöfart</w>
  <w>.</w>
  <w>För</w>
  <w>att</w>
  <w>säkerställa</w>
  <w>denna</w>
  <w>i</w>
  <w>ett</w>
  <w>eventuellt</w>
  <w>konfliktläge</w>
  <w>behövs</w>
  <w>en</w>
  <w>försvarsmakt</w>
  <w>med</w>
  <w>en</w>
  <w>flotta</w>
  <w>som</w>
  <w>har</w>
  <w>lämpliga</w>
  <w>fartyg</w>
  <w>för</w>
  <w>uppgiften</w>
  <w>,</w>
  <w>både</w>
  <w>till</w>
  <w>storlek</w>
  <w>,</w>
  <w>antal</w>
  <w>och</w>
  <w>uthållighet</w>
  <w>och</w>
  <w>med</w>
  <w>tillräcklig</w>
  <w>bemanning</w>
  <w>.</w>
  <w>Det</w>
  <w>har</w>
  <w>vi</w>
  <w>inte</w>
  <w>idag</w>
  <w>.</w>
  <w>Vidare</w>
  <w>krävs</w>
  <w>ju</w>
  <w>-</w>
  <w>oavsett</w>
  <w>storlek</w>
  <w>på</w>
  <w>försvaret</w>
  <w>-</w>
  <w>att</w>
  <w>det</w>
  <w>finns</w>
  <w>tillräckligt</w>
  <w>med</w>
  <w>medel</w>
  <w>för</w>
  <w>att</w>
  <w>rekrytera</w>
  <w>,</w>
  <w>öva</w>
  <w>och</w>
  <w>träna</w>
  <w>personalen</w>
  <w>för</w>
  <w>att</w>
  <w>utbilda</w>
  <w>och</w>
  <w>bibehålla</w>
  <w>dess</w>
  <w>kompetens</w>
  <w>,</w>
  <w>en</w>
  <w>organisation</w>
  <w>är</w>
  <w>inte</w>
  <w>starkare</w>
  <w>än</w>
  <w>sin</w>
  <w>personals</w>
  <w>kompetens</w>
  <w>.</w>
  <w>Detta</w>
  <w>är</w>
  <w>inte</w>
  <w>heller</w>
  <w>fallet</w>
  <w>idag</w>
  <w>.</w>
  <w>Sedan</w>
  <w>kan</w>
  <w>man</w>
  <w>ju</w>
  <w>fundera</w>
  <w>över</w>
  <w>försvaret</w>
  <w>struktur</w>
  <w>i</w>
  <w>en</w>
  <w>krympt</w>
  <w>organisation</w>
  <w>.</w>
  <w>Mig</w>
  <w>förefaller</w>
  <w>den</w>
  <w>att</w>
  <w>vara</w>
  <w>alltför</w>
  <w>topptung</w>
  <w>-</w>
  <w>alltför</w>
  <w>många</w>
  <w>hövdingar</w>
  <w>,</w>
  <w>alltför</w>
  <w>få</w>
  <w>indianer</w>
  <w>som</w>
  <w>talesättet</w>
  <w>går</w>
  <w>.</w>
  <w>Jämfört</w>
  <w>med</w>
  <w>många</w>
  <w>andra</w>
  <w>länder</w>
  <w>spenderar</w>
  <w>Sverige</w>
  <w>en</w>
  <w>alltför</w>
  <w>liten</w>
  <w>andel</w>
  <w>av</w>
  <w>statsbudgeten</w>
  <w>på</w>
  <w>sin</w>
  <w>'</w>
  <w>brandförsäkring</w>
  <w>'</w>
  <w>.</w>
  <w>Det</w>
  <w>tar</w>
  <w>tid</w>
  <w>att</w>
  <w>bygga</w>
  <w>upp</w>
  <w>en</w>
  <w>trovärdig</w>
  <w>kompetens</w>
  <w>,</w>
  <w>när</w>
  <w>läget</w>
  <w>är</w>
  <w>akut</w>
  <w>är</w>
  <w>det</w>
  <w>för</w>
  <w>sent</w>
  <w>.</w>
  <w>Glöm</w>
  <w>inte</w>
  <w>Per-Albin</w>
  <w>'</w>
  <w>beryktade</w>
  <w>ord</w>
  <w>om</w>
  <w>att</w>
  <w>'</w>
  <w>Vår</w>
  <w>beredskap</w>
  <w>är</w>
  <w>god</w>
  <w>'</w>
  <w>!</w>
  <w>Slutsats</w>
  <w>:</w>
  <w>Stärk</w>
  <w>försvaret</w>
  <w>NU</w>
  <w>!</w>
  <w>.</w>
</absapar>
<absapar id=18>
  <w>#</w>
  <w>P</w>
  <w>IMM</w>
  <w>.</w>
  <w>13</w>
  <w>:</w>
  <w>00</w>
  <w>Göran</w>
  <w>:</w>
  <w>Försvaret</w>
  <w>måste</w>
  <w>stärkas</w>
  <w>,</w>
  <w>börja</w>
  <w>med</w>
  <w>att</w>
  <w>byta</w>
  <w>försvarsminister</w>
  <w>!</w>
  <w>.</w>
</absapar>
<absapar id=19>
  <w>#</w>
  <w>P</w>
  <w>IMM</w>
  <w>.</w>
  <w>13</w>
  <w>:</w>
  <w>01</w>
  <w>John</w>
  <w>:</w>
  <w>Hur</w>
  <w>kan</w>
  <w>vi</w>
  <w>kalla</w>
  <w>oss</w>
  <w>neutrala</w>
  <w>om</w>
  <w>vi</w>
  <w>inte</w>
  <w>kan</w>
  <w>värna</w>
  <w>vårt</w>
  <w>territorium</w>
  <w>?</w>
  <w>.</w>
</absapar>
<absapar id=20>
  <w>#</w>
  <w>P</w>
  <w>IMM</w>
  <w>.</w>
  <w>13</w>
  <w>:</w>
  <w>01</w>
  <w>oluf</w>
  <w>:</w>
  <w>Försöker</w>
  <w>Alliansen</w>
  <w>lura</w>
  <w>in</w>
  <w>Sverige</w>
  <w>i</w>
  <w>NATO</w>
  <w>genom</w>
  <w>sin</w>
  <w>nedläggning</w>
  <w>av</w>
  <w>försvaret</w>
  <w>.</w>
  <w>I</w>
  <w>så</w>
  <w>fall</w>
  <w>är</w>
  <w>det</w>
  <w>väldigt</w>
  <w>nära</w>
  <w>riksrätt</w>
  <w>.</w>
</absapar>
<absapar id=21>
  <w>#</w>
  <w>P</w>
  <w>IMM</w>
  <w>.</w>
  <w>13</w>
  <w>:</w>
  <w>02</w>
  <absaspan id=22>
    <w>Johan</w>
  </absaspan>
  <w>T</w>
  <w>:</w>
  <w>Att</w>
  <w>Sverige</w>
  <w>inte</w>
  <w>varit</w>
  <w>i</w>
  <w>krig</w>
  <w>på</w>
  <w>200</w>
  <w>år</w>
  <w>har</w>
  <w>tyvärr</w>
  <w>illusionerat</w>
  <w>människor</w>
  <w>till</w>
  <w>att</w>
  <w>tro</w>
  <w>att</w>
  <w>vi</w>
  <w>aldrig</w>
  <w>mer</w>
  <w>kommer</w>
  <w>att</w>
  <w>hamna</w>
  <w>i</w>
  <w>konflikt</w>
  <w>.</w>
  <w>Tillfället</w>
  <w>gör</w>
  <w>tjuven</w>
  <w>brukar</w>
  <w>man</w>
  <w>säga</w>
  <w>.</w>
  <w>Ett</w>
  <w>land</w>
  <w>med</w>
  <w>ett</w>
  <w>så</w>
  <absaspan id=23 senti=2>
    <w>svagt</w>
  </absaspan>
  <absaspan id=24>
    <w>försvar</w>
  </absaspan>
  <w>som</w>
  <w>vi</w>
  <w>har</w>
  <w>idag</w>
  <w>är</w>
  <w>rent</w>
  <w>inbjudande</w>
  <w>att</w>
  <w>anfalla</w>
  <w>.</w>
  <w>Det</w>
  <w>bästa</w>
  <w>försvaret</w>
  <w>behöver</w>
  <w>aldrig</w>
  <w>komma</w>
  <w>till</w>
  <w>användning</w>
  <w>,</w>
  <w>försvaret</w>
  <w>ska</w>
  <w>vara</w>
  <w>så</w>
  <w>stort</w>
  <w>att</w>
  <w>det</w>
  <w>avskräcker</w>
  <w>från</w>
  <w>anfall</w>
  <w>-</w>
  <w>att</w>
  <w>avskräcka</w>
  <w>är</w>
  <w>nämligen</w>
  <w>den</w>
  <w>enda</w>
  <w>försvarstaktik</w>
  <w>som</w>
  <w>fungerar</w>
  <w>,</w>
  <w>då</w>
  <w>som</w>
  <w>bekant</w>
  <w>den</w>
  <w>som</w>
  <w>är</w>
  <w>i</w>
  <w>försvarsläge</w>
  <w>sällan</w>
  <w>eller</w>
  <w>aldrig</w>
  <w>vinner</w>
  <w>kriget</w>
  <w>.</w>
</absapar>
<absapar id=22>
  <w>#</w>
  <w>P</w>
  <w>IMM</w>
  <w>.</w>
  <w>13</w>
  <w>:</w>
  <w>02</w>
  <absaspan id=25>
    <w>Sjätte</w>
    <w>mannen</w>
  </absaspan>
  <w>:</w>
  <w>Det</w>
  <absaspan id=26>
    <w>nymoderat</w>
  </absaspan>
  <absaspan id=27 senti=2>
    <w>svammlet</w>
  </absaspan>
  <w>om</w>
  <w>att</w>
  <w>inget</w>
  <w>invasionshot</w>
  <w>mot</w>
  <w>Sverige</w>
  <w>finns</w>
  <w>stämmer</w>
  <w>just</w>
  <w>nu</w>
  <w>.</w>
  <w>Sannolikt</w>
  <w>även</w>
  <w>för</w>
  <w>lång</w>
  <w>tid</w>
  <w>framåt</w>
  <w>.</w>
  <w>Men</w>
  <w>det</w>
  <w>man</w>
  <w>skall</w>
  <w>tänka</w>
  <w>på</w>
  <w>är</w>
  <w>det</w>
  <w>som</w>
  <w>kan</w>
  <w>hända</w>
  <w>i</w>
  <w>vår</w>
  <w>närhet</w>
  <w>-</w>
  <w>i</w>
  <w>Baltikum</w>
  <w>.</w>
  <w>Vi</w>
  <w>måste</w>
  <w>ta</w>
  <w>höjd</w>
  <w>för</w>
  <w>att</w>
  <w>situationen</w>
  <w>kan</w>
  <w>förändras</w>
  <w>mot</w>
  <w>det</w>
  <w>sämre</w>
  <w>snabbare</w>
  <w>än</w>
  <w>vi</w>
  <w>hänger</w>
  <w>med</w>
  <w>att</w>
  <w>återta</w>
  <w>förmåga</w>
  <w>.</w>
  <w>Det</w>
  <w>vi</w>
  <w>skapar</w>
  <w>nu</w>
  <w>är</w>
  <w>med</w>
  <w>största</w>
  <w>sannolikhet</w>
  <w>det</w>
  <w>vi</w>
  <w>kommer</w>
  <w>att</w>
  <w>ha</w>
  <w>om</w>
  <w>det</w>
  <w>otänkbara</w>
  <w>blir</w>
  <w>tänkbart</w>
  <w>.</w>
  <w>Därför</w>
  <w>måste</w>
  <w>vi</w>
  <w>gå</w>
  <w>från</w>
  <w>ett</w>
  <absaspan id=28 senti=1>
    <w>anorektiskt</w>
    <w>nonsensförsvar</w>
  </absaspan>
  <w>till</w>
  <w>något</w>
  <w>som</w>
  <w>iallafall</w>
  <w>kan</w>
  <w>betraktas</w>
  <w>som</w>
  <w>en</w>
  <w>tröskel</w>
  <w>man</w>
  <w>kan</w>
  <w>snubbla</w>
  <w>på</w>
  <w>.</w>
</absapar>
<absapar id=23>
  <w>#</w>
  <w>P</w>
  <w>IMM</w>
  <w>.</w>
  <w>13</w>
  <w>:</w>
  <w>03</w>
  <w>Mikael</w>
  <w>Bouveng</w>
  <w>:</w>
  <w>"</w>
  <w>Ett</w>
  <w>land</w>
  <w>har</w>
  <w>en</w>
  <w>armé</w>
  <w>.</w>
  <w>Sin</w>
  <w>egen</w>
  <w>eller</w>
  <w>någon</w>
  <w>annans</w>
  <w>.</w>
  <w>"</w>
  <w>Mao</w>
  <w>Zedong</w>
  <w>Jag</w>
  <w>föredrar</w>
  <w>en</w>
  <w>egen</w>
  <w>.</w>
  <w>Här</w>
  <w>i</w>
  <w>Sverige</w>
  <w>,</w>
  <w>inte</w>
  <w>i</w>
  <w>Långtbortistan</w>
  <w>.</w>
</absapar>
<absapar id=24>
  <w>#</w>
  <w>P</w>
  <w>IMM</w>
  <w>.</w>
  <w>13</w>
  <w>:</w>
  <w>04</w>
  <w>Carina</w>
  <w>Stensson</w>
  <w>:</w>
  <w>Flera</w>
  <w>läsare</w>
  <w>kommenterar</w>
  <w>SvD-intervjun</w>
  <w>med</w>
  <w>ÖB</w>
  <w>Sverker</w>
  <w>Göranson</w>
  <w>där</w>
  <w>han</w>
  <w>sade</w>
  <w>att</w>
  <w>försvaret</w>
  <w>står</w>
  <w>emot</w>
  <w>i</w>
  <w>en</w>
  <w>vecka</w>
  <w>.</w>
  <w>Här</w>
  <w>är</w>
  <w>den</w>
  <w>artikeln</w>
  <w>:</w>
  <w>http</w>
  <w>:</w>
  <w>/</w>
  <w>/</w>
  <w>www.svd.se</w>
  <w>/</w>
  <w>nyheter</w>
  <w>/</w>
  <w>inrikes</w>
  <w>/</w>
  <w>forsvar-med-tidsgrans</w>
  <w>_</w>
  <w>7789308</w>
  <w>.</w>
  <w>svd</w>
  <w>.</w>
</absapar>
<absapar id=25>
  <w>#</w>
  <w>P</w>
  <w>IMM</w>
  <w>.</w>
  <w>13</w>
  <w>:</w>
  <w>05</w>
  <w>Boris</w>
  <w>:</w>
  <w>Det</w>
  <w>kommer</w>
  <w>alltid</w>
  <w>att</w>
  <w>komma</w>
  <w>konflikter</w>
  <w>.</w>
  <w>Sveriges</w>
  <w>försvar</w>
  <w>kan</w>
  <w>inte</w>
  <w>sin</w>
  <w>historia</w>
  <w>.</w>
  <w>.</w>
  <w>.</w>
  <w>rusta</w>
  <w>ner</w>
  <w>ansvarslöst</w>
  <w>när</w>
  <w>det</w>
  <w>är</w>
  <w>lugnt</w>
  <w>och</w>
  <w>sen</w>
  <w>rustar</w>
  <w>upp</w>
  <w>försent</w>
  <w>.</w>
</absapar>
<absapar id=26>
  <w>#</w>
  <w>P</w>
  <w>IMM</w>
  <w>.</w>
  <w>13</w>
  <w>:</w>
  <w>05</w>
  <w>Rolf</w>
  <w>Bruce</w>
  <w>:</w>
  <w>Jag</w>
  <w>tycker</w>
  <w>det</w>
  <w>är</w>
  <w>hög</w>
  <w>tid</w>
  <w>för</w>
  <w>Sverige</w>
  <w>att</w>
  <w>bli</w>
  <w>medlem</w>
  <w>i</w>
  <w>NATO</w>
  <w>-</w>
  <w>eller</w>
  <w>i</w>
  <w>andra</w>
  <w>hand</w>
  <w>militärt</w>
  <w>samarbete</w>
  <w>med</w>
  <w>annat</w>
  <w>land</w>
  <w>/</w>
  <w>länder</w>
  <w>.</w>
</absapar>
<absapar id=27>
  <w>#</w>
  <w>P</w>
  <w>IMM</w>
  <w>.</w>
  <w>13</w>
  <w>:</w>
  <w>09</w>
  <absaspan id=29>
    <w>Adam</w>
    <w>Olsson</w>
  </absaspan>
  <w>:</w>
  <w>Självklart</w>
  <w>bör</w>
  <w>Sverige</w>
  <w>se</w>
  <w>till</w>
  <w>att</w>
  <w>ha</w>
  <w>ett</w>
  <w>vettigt</w>
  <w>försvar</w>
  <w>.</w>
  <w>Vi</w>
  <w>har</w>
  <w>en</w>
  <w>mycket</w>
  <w>lång</w>
  <w>kust</w>
  <w>att</w>
  <w>beskydda</w>
  <w>,</w>
  <w>Sverige</w>
  <w>ligger</w>
  <w>vid</w>
  <w>ett</w>
  <w>ganska</w>
  <w>unikt</w>
  <w>geografiskt</w>
  <w>område</w>
  <w>,</w>
  <w>i</w>
  <w>ett</w>
  <w>skyddat</w>
  <w>inhav</w>
  <w>med</w>
  <w>utgång</w>
  <w>till</w>
  <w>nordiska</w>
  <w>havet</w>
  <w>och</w>
  <w>hela</w>
  <w>Europa</w>
  <w>via</w>
  <w>vattenväg</w>
  <w>,</w>
  <w>för</w>
  <w>ett</w>
  <w>närmast</w>
  <w>instängt</w>
  <w>Ryssland</w>
  <w>är</w>
  <w>det</w>
  <w>perfekt</w>
  <w>att</w>
  <w>ta</w>
  <w>över</w>
  <w>Svenskt</w>
  <w>territorium</w>
  <w>om</w>
  <w>tillfälle</w>
  <w>ges</w>
  <w>.</w>
  <w>Som</w>
  <w>vi</w>
  <w>kan</w>
  <w>se</w>
  <w>rustar</w>
  <w>större</w>
  <w>delen</w>
  <w>av</w>
  <w>Europa</w>
  <w>,</w>
  <w>samtidigt</w>
  <w>som</w>
  <w>Europa</w>
  <w>träder</w>
  <w>in</w>
  <w>i</w>
  <w>en</w>
  <w>vad</w>
  <w>som</w>
  <w>verkar</w>
  <w>vara</w>
  <w>minst</w>
  <w>sagt</w>
  <w>skakig</w>
  <w>framtid</w>
  <w>,</w>
  <w>med</w>
  <w>en</w>
  <w>ekonomisk</w>
  <w>kollaps</w>
  <w>,</w>
  <w>överpopulation</w>
  <w>,</w>
  <w>risk</w>
  <w>för</w>
  <w>massmigration</w>
  <w>från</w>
  <w>fattiga</w>
  <w>närliggande</w>
  <w>områden</w>
  <w>i</w>
  <w>eventuell</w>
  <w>krissituation</w>
  <w>där</w>
  <w>brist</w>
  <w>på</w>
  <w>föda</w>
  <w>är</w>
  <w>en</w>
  <w>mycket</w>
  <w>trolig</w>
  <w>anledning</w>
  <w>.</w>
  <w>Inte</w>
  <w>nog</w>
  <w>med</w>
  <w>det</w>
  <w>så</w>
  <w>sker</w>
  <w>ett</w>
  <w>ekonomisk</w>
  <w>maktskifte</w>
  <w>mellan</w>
  <w>väst</w>
  <w>och</w>
  <w>öst</w>
  <w>,</w>
  <w>vilket</w>
  <w>kan</w>
  <w>skapa</w>
  <w>oroligheter</w>
  <w>.</w>
  <w>Poängen</w>
  <w>är</w>
  <w>att</w>
  <w>det</w>
  <w>finns</w>
  <w>många</w>
  <w>faktorer</w>
  <w>nu</w>
  <w>som</w>
  <w>är</w>
  <w>reella</w>
  <w>grunder</w>
  <w>för</w>
  <w>ett</w>
  <w>oroligt</w>
  <w>Europa</w>
  <w>,</w>
  <w>och</w>
  <w>det</w>
  <absaspan id=30 senti=2>
    <w>är</w>
    <w>otroligt</w>
    <w>naivt</w>
  </absaspan>
  <w>att</w>
  <absaspan id=31>
    <w>tro</w>
    <w>att</w>
    <w>EU</w>
    <w>skulle</w>
    <w>kunna</w>
    <w>hålla</w>
    <w>tillbaka</w>
    <w>oroligheterna</w>
    <w>med</w>
    <w>sin</w>
    <w>blitz-politik</w>
  </absaspan>
  <w>.</w>
  <absaspan id=32>
    <w>Sverige</w>
  </absaspan>
  <w>har</w>
  <w>stora</w>
  <w>möjligheter</w>
  <w>att</w>
  <absaspan id=33 senti=4>
    <w>skapa</w>
    <w>ett</w>
    <w>vettigt</w>
    <w>försvar</w>
  </absaspan>
  <w>med</w>
  <w>alla</w>
  <w>de</w>
  <w>militärt</w>
  <w>inriktade</w>
  <w>företag</w>
  <w>vi</w>
  <w>har</w>
  <w>,</w>
  <w>den</w>
  <w>fantastiska</w>
  <w>teknik</w>
  <w>vi</w>
  <w>har</w>
  <w>tillgång</w>
  <w>till</w>
  <w>som</w>
  <w>de</w>
  <w>flesta</w>
  <w>andra</w>
  <w>länder</w>
  <w>bara</w>
  <w>kan</w>
  <w>drömma</w>
  <w>om</w>
  <w>.</w>
  <absaspan id=34>
    <w>Sverige</w>
  </absaspan>
  <absaspan id=35 senti=4>
    <w>kan</w>
    <w>skapa</w>
    <w>en</w>
    <w>riktigt</w>
    <w>bra</w>
  </absaspan>
  <w>och</w>
  <w>kostnadseffektiv</w>
  <w>försvarsmaskin</w>
  <w>om</w>
  <w>vi</w>
  <w>bara</w>
  <w>ligger</w>
  <w>i</w>
  <w>lite</w>
  <w>.</w>
  <w>Det</w>
  <absaspan id=36 senti=2>
    <w>är</w>
    <w>mycket</w>
    <w>naivt</w>
  </absaspan>
  <w>att</w>
  <absaspan id=37>
    <w>tro</w>
    <w>att</w>
    <w>de</w>
    <w>riksgränser</w>
    <w>vi</w>
    <w>har</w>
    <w>i</w>
    <w>Europa</w>
    <w>för</w>
    <w>tillfället</w>
    <w>,</w>
    <w>kommer</w>
    <w>att</w>
    <w>stanna</w>
    <w>så</w>
    <w>i</w>
    <w>all</w>
    <w>evighet</w>
  </absaspan>
  <w>,</w>
  <w>och</w>
  <w>en</w>
  <w>liten</w>
  <w>union</w>
  <w>som</w>
  <w>de</w>
  <w>flesta</w>
  <w>är</w>
  <w>missnöjda</w>
  <w>med</w>
  <w>(</w>
  <w>EU</w>
  <w>)</w>
  <w>kommer</w>
  <w>inte</w>
  <w>att</w>
  <w>vara</w>
  <w>till</w>
  <w>någon</w>
  <w>hjälp</w>
  <w>.</w>
  <w>Att</w>
  <w>vi</w>
  <w>skulle</w>
  <w>böja</w>
  <w>oss</w>
  <w>för</w>
  <w>NATO</w>
  <w>är</w>
  <w>inte</w>
  <w>heller</w>
  <w>en</w>
  <w>bra</w>
  <w>lösning</w>
  <w>,</w>
  <w>då</w>
  <w>vi</w>
  <w>förlorar</w>
  <w>vår</w>
  <w>neutralitet</w>
  <w>samt</w>
  <w>rätten</w>
  <w>att</w>
  <w>välja</w>
  <w>vårt</w>
  <w>egna</w>
  <w>försvarsmateriel</w>
  <w>,</w>
  <w>samt</w>
  <w>rätten</w>
  <w>till</w>
  <w>export</w>
  <w>av</w>
  <w>försvarsmateriel</w>
  <w>till</w>
  <w>de</w>
  <w>nationer</w>
  <w>vi</w>
  <w>behagar</w>
  <w>.</w>
  <w>I</w>
  <w>simpla</w>
  <w>termer</w>
  <w>:</w>
  <w>när</w>
  <w>det</w>
  <w>väl</w>
  <w>brakar</w>
  <w>loss</w>
  <w>i</w>
  <w>Europa</w>
  <w>blir</w>
  <w>gräns-ritandet</w>
  <w>ett</w>
  <w>'</w>
  <w>free-for-all</w>
  <w>'</w>
  <w>.</w>
  <w>Och</w>
  <w>då</w>
  <w>måste</w>
  <w>vi</w>
  <w>stå</w>
  <w>starka</w>
  <w>på</w>
  <w>egna</w>
  <w>ben</w>
  <w>.</w>
</absapar>
<absapar id=28>
  <w>#</w>
  <w>P</w>
  <w>IMM</w>
  <w>.</w>
  <w>13</w>
  <w>:</w>
  <w>11</w>
  <absaspan id=38>
    <w>JanErik</w>
    <w>Uhrström</w>
  </absaspan>
  <w>:</w>
  <absaspan id=39>
    <w>Vi</w>
    <w>har</w>
    <w>inte</w>
    <w>råd</w>
    <w>att</w>
    <w>skicka</w>
    <w>upp</w>
    <w>enstaka</w>
    <w>JAS-plan</w>
    <w>för</w>
    <w>att</w>
    <w>markera</w>
    <w>mot</w>
    <w>tunga</w>
    <w>ryska</w>
    <w>bombplan</w>
  </absaspan>
  <w>som</w>
  <w>överflyger</w>
  <w>vårt</w>
  <w>eget</w>
  <w>territorium</w>
  <w>men</w>
  <w>vi</w>
  <w>har</w>
  <w>råd</w>
  <w>skicka</w>
  <w>svenska</w>
  <w>transportplan</w>
  <w>jämte</w>
  <w>tung</w>
  <w>trupp</w>
  <w>till</w>
  <w>Mali</w>
  <w>.</w>
  <absaspan id=40 senti=2>
    <w>Skratta</w>
    <w>eller</w>
    <w>gråta</w>
  </absaspan>
  <w>?</w>
  <w>.</w>
</absapar>
<absapar id=29>
  <w>#</w>
  <w>P</w>
  <w>IMM</w>
  <w>.</w>
  <w>13</w>
  <w>:</w>
  <w>11</w>
  <absaspan id=41>
    <w>Michael</w>
    <w>Moorgrove</w>
  </absaspan>
  <w>:</w>
  <w>Det</w>
  <absaspan id=42 senti=2>
    <w>mest</w>
    <w>skrämmande</w>
    <w>är</w>
  </absaspan>
  <w>att</w>
  <absaspan id=43>
    <w>vi</w>
    <w>diskuterar</w>
    <w>OM</w>
    <w>vi</w>
    <w>skall</w>
    <w>ha</w>
    <w>ett</w>
    <w>starkt</w>
    <w>försvar</w>
  </absaspan>
  <w>!</w>
  <w>.</w>
</absapar>
<absapar id=30>
  <w>#</w>
  <w>P</w>
  <w>IMM</w>
  <w>.</w>
  <w>13</w>
  <w>:</w>
  <w>12</w>
  <absaspan id=44>
    <w>Sten</w>
  </absaspan>
  <w>:</w>
  <w>Allmän</w>
  <w>värnplikt</w>
  <w>och</w>
  <w>ett</w>
  <w>folkligt</w>
  <w>förankrat</w>
  <w>försvar</w>
  <w>borde</w>
  <w>återinföras</w>
  <w>.</w>
  <w>Ett</w>
  <absaspan id=45 senti=2>
    <w>"</w>
    <w>flipperförsvar</w>
    <w>"</w>
  </absaspan>
  <w>som</w>
  <absaspan id=46 senti=2>
    <w>bygger</w>
    <w>på</w>
    <w>naiv</w>
    <w>navelskådning</w>
  </absaspan>
  <w>är</w>
  <w>vad</w>
  <w>som</w>
  <w>återstår</w>
  <w>idag</w>
  <w>efter</w>
  <w>decenniers</w>
  <w>nedmontering</w>
  <w>av</w>
  <w>försvarsstyrkan</w>
  <w>.</w>
  <w>Det</w>
  <w>är</w>
  <w>en</w>
  <w>sann</w>
  <w>tragedi</w>
  <w>.</w>
</absapar>
<absapar id=31>
  <w>#</w>
  <w>P</w>
  <w>IMM</w>
  <w>.</w>
  <w>13</w>
  <w>:</w>
  <w>12</w>
  <w>Carina</w>
  <w>Stensson</w>
  <w>:</w>
  <w>Det</w>
  <w>är</w>
  <w>sällan</w>
  <w>läsarna</w>
  <w>är</w>
  <w>så</w>
  <w>överväldigande</w>
  <w>överens</w>
  <w>som</w>
  <w>i</w>
  <w>den</w>
  <w>här</w>
  <w>försvarsdebatten</w>
  <w>,</w>
  <w>att</w>
  <w>försvaret</w>
  <w>är</w>
  <w>alltför</w>
  <w>nedmonterat</w>
  <w>.</w>
  <w>Så</w>
  <w>tycker</w>
  <w>nästan</w>
  <w>alla</w>
  <w>som</w>
  <w>hör</w>
  <w>av</w>
  <w>sig</w>
  <w>idag</w>
  <w>.</w>
  <w>Finns</w>
  <w>inga</w>
  <w>motröster</w>
  <w>?</w>
  <w>I</w>
  <w>så</w>
  <w>fall</w>
  <w>finns</w>
  <w>en</w>
  <w>god</w>
  <w>chans</w>
  <w>att</w>
  <w>komma</w>
  <w>med</w>
  <w>,</w>
  <w>för</w>
  <w>balansens</w>
  <w>skull</w>
  <w>.</w>
  <w>.</w>
  <w>.</w>
</absapar>
<absapar id=32>
  <w>#</w>
  <w>P</w>
  <w>IMM</w>
  <w>.</w>
  <w>13</w>
  <w>:</w>
  <w>14</w>
  <w>Bo</w>
  <w>Hamnewll</w>
  <w>:</w>
  <w>Det</w>
  <w>geopolitiska</w>
  <w>tänkandet</w>
  <w>och</w>
  <w>inrikespolitik</w>
  <w>i</w>
  <w>Ryssland</w>
  <w>ger</w>
  <w>att</w>
  <w>de</w>
  <w>inte</w>
  <w>respekterar</w>
  <w>den</w>
  <w>demokratiska</w>
  <w>närliggande</w>
  <w>världen</w>
  <w>.</w>
  <w>Vår</w>
  <w>låga</w>
  <w>försvarskapacitet</w>
  <w>utgör</w>
  <w>en</w>
  <w>fara</w>
  <w>för</w>
  <w>oss</w>
  <w>och</w>
  <w>Baltikum</w>
  <w>och</w>
  <w>Finland</w>
  <w>.</w>
</absapar>
<absapar id=33>
  <w>#</w>
  <w>P</w>
  <w>IMM</w>
  <w>.</w>
  <w>13</w>
  <w>:</w>
  <w>14</w>
  <absaspan id=47>
    <w>Andrey</w>
    <w>-</w>
    <w>ryss</w>
  </absaspan>
  <w>:</w>
  <w>Dags</w>
  <w>att</w>
  <absaspan id=48 senti=2>
    <w>sätta</w>
    <w>stopp</w>
    <w>på</w>
    <w>denna</w>
  </absaspan>
  <absaspan id=49 senti=2>
    <w>hysteri</w>
  </absaspan>
  <w>.</w>
  <w>Är</w>
  <w>det</w>
  <w>någon</w>
  <w>som</w>
  <w>verkligen</w>
  <w>tror</w>
  <w>att</w>
  <w>Ryssland</w>
  <w>kommer</w>
  <w>att</w>
  <w>invadera</w>
  <w>Sverige</w>
  <w>?</w>
  <w>Glöm</w>
  <w>1700</w>
  <w>-</w>
  <w>talet</w>
  <w>,</w>
  <w>det</w>
  <w>har</w>
  <w>ju</w>
  <w>gått</w>
  <w>mer</w>
  <w>än</w>
  <w>300</w>
  <w>år</w>
  <w>sedan</w>
  <w>dess</w>
  <w>.</w>
  <w>Eller</w>
  <w>anser</w>
  <w>man</w>
  <w>att</w>
  <w>Stureplan</w>
  <w>är</w>
  <w>ett</w>
  <w>så</w>
  <w>pass</w>
  <w>attraktivt</w>
  <w>krogkvarter</w>
  <w>så</w>
  <w>att</w>
  <w>kamrat</w>
  <w>Putin</w>
  <w>ska</w>
  <w>skicka</w>
  <w>atomubåtsflotta</w>
  <w>för</w>
  <w>att</w>
  <w>bli</w>
  <w>serverad</w>
  <w>akvavit</w>
  <w>där</w>
  <w>?</w>
  <absaspan id=50 senti=2>
    <w>Vakna</w>
  </absaspan>
  <absaspan id=51>
    <w>!</w>
  </absaspan>
  <w>Vissa</w>
  <w>försöker</w>
  <w>bara</w>
  <w>att</w>
  <w>dra</w>
  <w>er</w>
  <w>uppmärksamhet</w>
  <w>åt</w>
  <w>något</w>
  <w>annat</w>
  <w>än</w>
  <w>åt</w>
  <w>de</w>
  <w>verkliga</w>
  <w>problemen</w>
  <w>som</w>
  <w>finns</w>
  <w>.</w>
  <w>Ta</w>
  <w>ett</w>
  <w>glas</w>
  <w>rött</w>
  <w>istället</w>
  <w>,</w>
  <w>andas</w>
  <w>djupt</w>
  <w>och</w>
  <w>njut</w>
  <w>av</w>
  <w>solen</w>
  <w>.</w>
  <w>Skål</w>
  <w>och</w>
  <w>trevlig</w>
  <w>helg</w>
  <w>Sverige</w>
  <w>!</w>
  <w>Med</w>
  <w>vänliga</w>
  <w>hälsningar</w>
  <w>,</w>
  <w>ryssen</w>
  <w>(</w>
  <w>varken</w>
  <w>arg</w>
  <w>eller</w>
  <w>farlig</w>
  <w>)</w>
  <w>.</w>
</absapar>
<absapar id=34>
  <w>#</w>
  <w>P</w>
  <w>IMM</w>
  <w>.</w>
  <w>13</w>
  <w>:</w>
  <w>16</w>
  <w>mattias</w>
  <w>:</w>
  <w>Tydliggör</w>
  <w>hur</w>
  <w>situationen</w>
  <w>i</w>
  <w>FM</w>
  <w>är</w>
  <w>i</w>
  <w>nuläget</w>
  <w>och</w>
  <w>gör</w>
  <w>en</w>
  <w>plan</w>
  <w>för</w>
  <w>tillväxt</w>
  <w>.</w>
  <w>Sprid</w>
  <w>detta</w>
  <w>och</w>
  <w>låt</w>
  <w>medborgarna</w>
  <w>ta</w>
  <w>ställning</w>
  <w>.</w>
</absapar>
<absapar id=35>
  <w>#</w>
  <w>P</w>
  <w>IMM</w>
  <w>.</w>
  <w>13</w>
  <w>:</w>
  <w>16</w>
  <w>Carina</w>
  <w>Stensson</w>
  <w>:</w>
  <w>Nu</w>
  <w>kommer</w>
  <w>motröster</w>
  <w>!</w>
  <w>Välkomna</w>
  <w>att</w>
  <w>svara</w>
  <w>ni</w>
  <w>andra</w>
  <w>,</w>
  <w>använd</w>
  <w>gärna</w>
  <w>@</w>
  <w>plus</w>
  <w>namnet</w>
  <w>.</w>
</absapar>
<absapar id=36>
  <w>#</w>
  <w>P</w>
  <w>IMM</w>
  <w>.</w>
  <w>13</w>
  <w>:</w>
  <w>16</w>
  <w>Amelia</w>
  <w>:</w>
  <w>Borde</w>
  <w>vi</w>
  <w>inte</w>
  <w>skaffa</w>
  <w>ett</w>
  <w>samarbete</w>
  <w>med</w>
  <w>Ryssland</w>
  <w>istället</w>
  <w>för</w>
  <w>emot</w>
  <w>?</w>
  <w>Helt</w>
  <w>ärligt</w>
  <w>så</w>
  <w>ser</w>
  <w>man</w>
  <w>opartiskt</w>
  <w>på</w>
  <w>situationen</w>
  <w>så</w>
  <w>är</w>
  <w>det</w>
  <w>betydligt</w>
  <w>troligare</w>
  <w>att</w>
  <w>USA</w>
  <w>är</w>
  <w>ett</w>
  <w>hot</w>
  <w>mot</w>
  <w>världens</w>
  <w>säkerhet</w>
  <w>än</w>
  <w>Ryssland</w>
  <w>.</w>
  <w>Dessutom</w>
  <w>är</w>
  <w>det</w>
  <w>ju</w>
  <w>möjligt</w>
  <w>att</w>
  <w>samarbete</w>
  <w>med</w>
  <w>Ryssland</w>
  <w>skulle</w>
  <w>lätta</w>
  <w>hela</w>
  <w>västvärldens</w>
  <w>relation</w>
  <w>till</w>
  <w>landet</w>
  <w>genom</w>
  <w>vårt</w>
  <w>exempel</w>
  <w>.</w>
</absapar>
<absapar id=37>
  <w>#</w>
  <w>P</w>
  <w>IMM</w>
  <w>.</w>
  <w>13</w>
  <w>:</w>
  <w>18</w>
  <absaspan id=52>
    <w>utlandssvensk</w>
  </absaspan>
  <w>:</w>
  <absaspan id=53 senti=2>
    <w>finns</w>
    <w>inget</w>
    <w>så</w>
    <w>hysteriskt</w>
    <w>land</w>
  </absaspan>
  <w>som</w>
  <absaspan id=54>
    <w>Sverige</w>
  </absaspan>
  <w>när</w>
  <w>det</w>
  <w>gäller</w>
  <w>Ryssland</w>
  <w>.</w>
  <absaspan id=55 senti=4>
    <w>Bota</w>
    <w>hysterin</w>
  </absaspan>
  <w>med</w>
  <w>att</w>
  <absaspan id=56>
    <w>gå</w>
    <w>med</w>
    <w>i</w>
    <w>Nato</w>
  </absaspan>
  <w>.</w>
</absapar>
<absapar id=38>
  <w>#</w>
  <w>P</w>
  <w>IMM</w>
  <w>.</w>
  <w>13</w>
  <w>:</w>
  <w>20</w>
  <w>gubbar</w>
  <w>:</w>
  <w>med</w>
  <w>ryggsäckar</w>
  <w>som</w>
  <w>är</w>
  <w>lätta</w>
  <w>offer</w>
  <w>för</w>
  <w>artilleri</w>
  <w>hör</w>
  <w>väl</w>
  <w>till</w>
  <w>historien</w>
  <w>?</w>
  <w>sverige</w>
  <w>har</w>
  <w>ju</w>
  <w>nyligen</w>
  <w>uppdaterat</w>
  <w>sitt</w>
  <w>antirobotsystem</w>
  <w>.</w>
  <w>signalspaning</w>
  <w>och</w>
  <w>diplomati</w>
  <w>ovanpå</w>
  <w>detta</w>
  <w>.</w>
  <w>nu</w>
  <w>har</w>
  <w>man</w>
  <w>för</w>
  <w>dyra</w>
  <w>pengar</w>
  <w>beställt</w>
  <w>10</w>
  <w>nya</w>
  <w>JAS-plan</w>
  <w>.</w>
  <w>i</w>
  <w>praktiken</w>
  <w>tycks</w>
  <w>sverige</w>
  <w>redan</w>
  <w>vara</w>
  <w>med</w>
  <w>i</w>
  <w>nato</w>
  <w>och</w>
  <w>sen</w>
  <w>finns</w>
  <w>ju</w>
  <w>eu-styrkan</w>
  <w>.</w>
  <w>91</w>
  <w>:</w>
  <w>an</w>
  <w>karlsson</w>
  <w>är</w>
  <w>historia</w>
  <w>.</w>
  <w>finland</w>
  <w>har</w>
  <w>230.000</w>
  <w>värnpliktiga</w>
  <w>inne</w>
  <w>just</w>
  <w>nu</w>
  <w>,</w>
  <w>men</w>
  <w>dom</w>
  <w>stakar</w>
  <w>säkert</w>
  <w>ut</w>
  <w>en</w>
  <w>korridor</w>
  <w>hit</w>
  <w>?</w>
  <w>.</w>
</absapar>
<absapar id=39>
  <w>#</w>
  <w>P</w>
  <w>IMM</w>
  <w>.</w>
  <w>13</w>
  <w>:</w>
  <w>20</w>
  <w>felix</w>
  <w>:</w>
  <w>Som</w>
  <w>både</w>
  <w>värnpliktig</w>
  <w>,</w>
  <w>tidigare</w>
  <w>anställd</w>
  <w>,</w>
  <w>och</w>
  <w>nuvarande</w>
  <w>frivilliginstruktör</w>
  <w>framstår</w>
  <w>det</w>
  <w>tydligt</w>
  <w>att</w>
  <w>försvarsmakten</w>
  <w>inte</w>
  <w>har</w>
  <w>råd</w>
  <w>att</w>
  <w>att</w>
  <w>försvarsmakten</w>
  <w>antingen</w>
  <w>måste</w>
  <w>krympa</w>
  <w>eller</w>
  <w>få</w>
  <w>mer</w>
  <w>pengar</w>
  <w>.</w>
  <w>För</w>
  <w>idag</w>
  <w>klarar</w>
  <w>den</w>
  <w>inte</w>
  <w>av</w>
  <w>att</w>
  <w>fullgöra</w>
  <w>sina</w>
  <w>uppgifter</w>
  <w>,</w>
  <w>eller</w>
  <w>ens</w>
  <w>öva</w>
  <w>ordentligt</w>
  <w>,</w>
  <w>inom</w>
  <w>flera</w>
  <w>vapenslag</w>
  <w>,</w>
  <w>med</w>
  <w>brister</w>
  <w>i</w>
  <w>utrustning</w>
  <w>,</w>
  <w>utbildning</w>
  <w>,</w>
  <w>etc</w>
  <w>.</w>
</absapar>
<absapar id=40>
  <w>#</w>
  <w>P</w>
  <w>IMM</w>
  <w>.</w>
  <w>13</w>
  <w>:</w>
  <w>21</w>
  <absaspan id=57>
    <w>Per</w>
  </absaspan>
  <w>:</w>
  <w>@</w>
  <w>Carina</w>
  <w>Stensson</w>
  <w>.</w>
  <w>Samsynen</w>
  <w>hos</w>
  <w>läsarna</w>
  <w>beror</w>
  <w>nog</w>
  <w>på</w>
  <w>att</w>
  <w>vi</w>
  <w>nått</w>
  <w>vägs</w>
  <w>ände</w>
  <w>.</w>
  <w>Lika</w>
  <w>överens</w>
  <w>som</w>
  <w>vi</w>
  <w>skulle</w>
  <w>om</w>
  <w>att</w>
  <w>"</w>
  <w>vi</w>
  <w>skall</w>
  <w>ha</w>
  <w>sjukvård</w>
  <w>i</w>
  <w>Sverige</w>
  <w>"</w>
  <w>,</w>
  <w>lika</w>
  <w>överens</w>
  <w>är</w>
  <w>vi</w>
  <w>om</w>
  <w>att</w>
  <w>ett</w>
  <w>land</w>
  <w>behöver</w>
  <w>ett</w>
  <absaspan id=58 senti=4>
    <w>funktionellt</w>
  </absaspan>
  <absaspan id=59>
    <w>försvar</w>
  </absaspan>
  <w>.</w>
</absapar>
<absapar id=41>
  <w>#</w>
  <w>P</w>
  <w>IMM</w>
  <w>.</w>
  <w>13</w>
  <w>:</w>
  <w>21</w>
  <w>Carina</w>
  <w>Stensson</w>
  <w>:</w>
  <w>@</w>
  <w>Per</w>
  <w>Det</w>
  <w>är</w>
  <w>intressant</w>
  <w>att</w>
  <w>många</w>
  <w>är</w>
  <w>överens</w>
  <w>också</w>
  <w>!</w>
  <w>Men</w>
  <w>debatt</w>
  <w>blir</w>
  <w>förstås</w>
  <w>bättre</w>
  <w>när</w>
  <w>vi</w>
  <w>inte</w>
  <w>håller</w>
  <w>med</w>
  <w>varann</w>
  <w>.</w>
  <w>.</w>
  <w>.</w>
</absapar>
<absapar id=42>
  <w>#</w>
  <w>P</w>
  <w>IMM</w>
  <w>.</w>
  <w>13</w>
  <w>:</w>
  <w>23</w>
  <w>Niklas</w>
  <w>:</w>
  <w>@</w>
  <w>Amelia</w>
  <w>-</w>
  <w>USA</w>
  <w>är</w>
  <w>inget</w>
  <w>hot</w>
  <w>mot</w>
  <w>Sveriges</w>
  <w>säkerhet</w>
  <w>.</w>
  <w>Ryssland</w>
  <w>kan</w>
  <w>eventuellt</w>
  <w>vara</w>
  <w>det</w>
  <w>,</w>
  <w>och</w>
  <w>har</w>
  <w>varit</w>
  <w>det</w>
  <w>förr</w>
  <w>.</w>
</absapar>
<absapar id=43>
  <w>#</w>
  <w>P</w>
  <w>IMM</w>
  <w>.</w>
  <w>13</w>
  <w>:</w>
  <w>23</w>
  <w>Niklas</w>
  <w>:</w>
  <w>http</w>
  <w>:</w>
  <w>/</w>
  <w>/</w>
  <w>niklashallgren.net</w>
  <w>/</w>
  <w>pdf</w>
  <w>/</w>
  <w>b-uppsats.pdf</w>
  <w>undersökte</w>
  <w>för</w>
  <w>flera</w>
  <w>år</w>
  <w>sedanhur</w>
  <w>insatsförsvaret</w>
  <w>i</w>
  <w>Mälardalen</w>
  <w>fungerade</w>
  <w>-</w>
  <w>det</w>
  <w>fungerade</w>
  <w>inte</w>
  <w>då</w>
  <w>och</w>
  <w>absolut</w>
  <w>inte</w>
  <w>nu</w>
  <w>.</w>
  <w>Vi</w>
  <w>behöver</w>
  <w>samarbete</w>
  <w>.</w>
</absapar>
<absapar id=44>
  <w>#</w>
  <w>P</w>
  <w>IMM</w>
  <w>.</w>
  <w>13</w>
  <w>:</w>
  <w>23</w>
  <w>Björn</w>
  <w>:</w>
  <w>@</w>
  <w>Andrey</w>
  <w>-</w>
  <w>ryss</w>
  <w>Nej</w>
  <w>,</w>
  <w>jag</w>
  <w>tror</w>
  <w>inte</w>
  <w>på</w>
  <w>en</w>
  <w>invasion</w>
  <w>av</w>
  <w>Sverige</w>
  <w>,</w>
  <w>men</w>
  <w>mycket</w>
  <w>väl</w>
  <w>taktiska</w>
  <w>kärnvapen</w>
  <w>mot</w>
  <w>svenska</w>
  <w>förband</w>
  <w>och</w>
  <w>/</w>
  <w>eller</w>
  <w>invassion</w>
  <w>av</w>
  <w>Balitkum</w>
  <w>och</w>
  <w>kanske</w>
  <w>även</w>
  <w>av</w>
  <w>Gotland</w>
  <w>och</w>
  <w>Åland</w>
  <w>.</w>
</absapar>
<absapar id=45>
  <w>#</w>
  <w>P</w>
  <w>IMM</w>
  <w>.</w>
  <w>13</w>
  <w>:</w>
  <w>25</w>
  <w>Henrik</w>
  <w>:</w>
  <w>Fokus</w>
  <w>i</w>
  <w>säkerhetsfrågor</w>
  <w>bör</w>
  <w>ligga</w>
  <w>på</w>
  <w>vad</w>
  <w>som</w>
  <w>är</w>
  <w>osannolikt</w>
  <w>men</w>
  <w>möjligt</w>
  <w>,</w>
  <w>inte</w>
  <w>vad</w>
  <w>som</w>
  <w>"</w>
  <w>antagligen</w>
  <w>inte</w>
  <w>kommer</w>
  <w>hända</w>
  <w>"</w>
  <w>.</w>
  <w>Detta</w>
  <w>förutsätter</w>
  <w>mer</w>
  <w>resurser</w>
  <w>till</w>
  <w>Försvarsmakten</w>
  <w>.</w>
</absapar>
<absapar id=46>
  <w>#</w>
  <w>P</w>
  <w>IMM</w>
  <w>.</w>
  <w>13</w>
  <w>:</w>
  <w>25</w>
  <w>Håkan</w>
  <w>G</w>
  <w>:</w>
  <absaspan id=60 senti=4>
    <w>Självklart</w>
    <w>ska</w>
  </absaspan>
  <absaspan id=61>
    <w>vi</w>
  </absaspan>
  <absaspan id=62 senti=4>
    <w>stärka</w>
  </absaspan>
  <w>vårt</w>
  <w>försvar</w>
  <w>.</w>
  <w>Fullfölj</w>
  <w>beväpningen</w>
  <w>av</w>
  <w>Visby</w>
  <w>korvetterna</w>
  <w>med</w>
  <w>kvalificerat</w>
  <w>luftvärn</w>
  <w>för</w>
  <w>egen</w>
  <w>försvar</w>
  <w>men</w>
  <w>framförallt</w>
  <w>för</w>
  <w>skydd</w>
  <w>av</w>
  <w>större</w>
  <w>områden</w>
  <w>runt</w>
  <w>fartyget</w>
  <w>,</w>
  <w>vi</w>
  <w>har</w>
  <w>lagt</w>
  <w>massor</w>
  <w>av</w>
  <w>pengar</w>
  <w>på</w>
  <w>korvetterna</w>
  <w>men</w>
  <w>vi</w>
  <w>saknar</w>
  <w>de</w>
  <w>sista</w>
  <w>5</w>
  <w>-</w>
  <w>10%</w>
  <w>för</w>
  <w>att</w>
  <w>få</w>
  <w>ett</w>
  <w>fult</w>
  <w>fungerande</w>
  <w>system</w>
  <w>.</w>
  <w>Öka</w>
  <w>antalet</w>
  <w>flygbaser</w>
  <w>och</w>
  <w>ge</w>
  <w>dom</w>
  <w>luftvärn</w>
  <w>och</w>
  <w>skyddsstyrkor</w>
  <w>.</w>
  <w>Köp</w>
  <w>in</w>
  <w>mer</w>
  <w>vapen</w>
  <w>till</w>
  <w>gripen</w>
  <w>systemet</w>
  <w>och</w>
  <w>sprid</w>
  <w>ut</w>
  <w>det</w>
  <w>på</w>
  <w>de</w>
  <w>olika</w>
  <w>flyplatserna</w>
  <w>.</w>
  <w>Bygg</w>
  <w>Gripen</w>
  <w>E</w>
  <w>med</w>
  <w>helt</w>
  <w>nya</w>
  <w>komponenter</w>
  <w>,</w>
  <w>plocka</w>
  <w>inte</w>
  <w>ut</w>
  <w>1%</w>
  <w>ur</w>
  <w>C</w>
  <w>versionen</w>
  <w>för</w>
  <w>att</w>
  <w>sedan</w>
  <w>skrota</w>
  <w>planen</w>
  <w>utan</w>
  <w>använd</w>
  <w>systemen</w>
  <w>parallellt</w>
  <w>och</w>
  <w>sälj</w>
  <w>eventuellt</w>
  <w>överblivna</w>
  <w>till</w>
  <w>andra</w>
  <w>länder</w>
  <w>.</w>
</absapar>
<absapar id=47>
  <w>#</w>
  <w>P</w>
  <w>IMM</w>
  <w>.</w>
  <w>13</w>
  <w>:</w>
  <w>25</w>
  <absaspan id=63>
    <w>Lars-Åke</w>
    <w>Holm</w>
  </absaspan>
  <w>:</w>
  <absaspan id=64 senti=4>
    <w>Märklig</w>
    <w>strutspolitik</w>
  </absaspan>
  <w>från</w>
  <absaspan id=65>
    <w>M</w>
  </absaspan>
  <w>.</w>
  <w>Saknar</w>
  <w>man</w>
  <w>helt</w>
  <w>insikt</w>
  <w>i</w>
  <w>hur</w>
  <w>rysk</w>
  <w>militär</w>
  <w>kapacitet</w>
  <w>kan</w>
  <w>utöva</w>
  <w>påtryckningar</w>
  <w>.</w>
  <w>Vi</w>
  <w>skall</w>
  <w>stötta</w>
  <w>ett</w>
  <w>utsatt</w>
  <w>Baltikum</w>
  <w>.</w>
  <w>Med</w>
  <w>vad</w>
  <w>?</w>
  <absaspan id=66 senti=2>
    <w>Prat</w>
  </absaspan>
  <absaspan id=67>
    <w>!</w>
  </absaspan>
  <absaspan id=68>
    <w>S</w>
  </absaspan>
  <w>pratar</w>
  <w>väl</w>
  <w>men</w>
  <w>är</w>
  <w>samarbetar</w>
  <w>man</w>
  <w>med</w>
  <w>V</w>
  <w>och</w>
  <w>MP</w>
  <w>plus</w>
  <w>att</w>
  <w>man</w>
  <w>har</w>
  <w>den</w>
  <w>egna</w>
  <w>vänsterfalangen</w>
  <w>,</w>
  <w>då</w>
  <absaspan id=69 senti=2>
    <w>blir</w>
    <w>det</w>
    <w>inte</w>
    <w>trovärdigt</w>
  </absaspan>
  <w>.</w>
</absapar>
<absapar id=48>
  <w>#</w>
  <w>P</w>
  <w>IMM</w>
  <w>.</w>
  <w>13</w>
  <w>:</w>
  <w>26</w>
  <absaspan id=70>
    <w>Christian</w>
  </absaspan>
  <w>:</w>
  <w>Om</w>
  <absaspan id=71>
    <w>jag</w>
  </absaspan>
  <w>ska</w>
  <absaspan id=72 senti=4>
    <w>betrakta</w>
    <w>situationen</w>
    <w>logiskt</w>
  </absaspan>
  <w>kommer</w>
  <w>jag</w>
  <w>fram</w>
  <w>till</w>
  <absaspan id=73 senti=4>
    <w>tre</w>
    <w>vettiga</w>
  </absaspan>
  <absaspan id=74>
    <w>alternativ</w>
  </absaspan>
  <w>:</w>
  <w>1</w>
  <w>)</w>
  <w>Gå</w>
  <w>med</w>
  <w>i</w>
  <w>Nato</w>
  <w>,</w>
  <w>2</w>
  <w>)</w>
  <w>Bygg</w>
  <w>ut</w>
  <w>försvaret</w>
  <w>så</w>
  <w>att</w>
  <w>det</w>
  <w>faktiskt</w>
  <w>har</w>
  <w>en</w>
  <w>avskräckande</w>
  <w>effekt</w>
  <w>,</w>
  <w>3</w>
  <w>)</w>
  <w>Lägg</w>
  <w>ner</w>
  <w>försvaret</w>
  <w>helt</w>
  <w>och</w>
  <w>hållet</w>
  <w>.</w>
  <w>Den</w>
  <w>uppmärksamme</w>
  <w>inser</w>
  <w>att</w>
  <absaspan id=75>
    <w>dagens</w>
    <w>situation</w>
  </absaspan>
  <w>enligt</w>
  <w>mig</w>
  <absaspan id=76 senti=2>
    <w>inte</w>
    <w>är</w>
    <w>vettigt</w>
  </absaspan>
  <w>.</w>
  <w>Att</w>
  <absaspan id=77>
    <w>lägga</w>
    <w>40</w>
    <w>+</w>
    <w>miljarder</w>
    <w>varje</w>
    <w>år</w>
  </absaspan>
  <w>på</w>
  <w>något</w>
  <w>som</w>
  <w>uppenbart</w>
  <w>inte</w>
  <w>räcker</w>
  <w>till</w>
  <w>något</w>
  <w>som</w>
  <w>helst</w>
  <absaspan id=78 senti=2>
    <w>är</w>
    <w>ett</w>
    <w>gigantiskt</w>
    <w>slöseri</w>
  </absaspan>
  <w>.</w>
  <w>Vad</w>
  <w>gäller</w>
  <w>min</w>
  <w>egen</w>
  <w>åsikt</w>
  <w>så</w>
  <w>tycker</w>
  <w>jag</w>
  <w>att</w>
  <w>det</w>
  <absaspan id=79 senti=4>
    <w>bästa</w>
    <w>vore</w>
  </absaspan>
  <w>att</w>
  <absaspan id=80>
    <w>återinföra</w>
    <w>allmän</w>
    <w>värnplikt</w>
  </absaspan>
  <w>(</w>
  <w>också</w>
  <w>ett</w>
  <w>plus</w>
  <w>för</w>
  <w>tillfället</w>
  <w>att</w>
  <w>skapa</w>
  <w>integration</w>
  <w>mellan</w>
  <w>grupper</w>
  <w>i</w>
  <w>samhället</w>
  <w>)</w>
  <w>och</w>
  <w>att</w>
  <w>vi</w>
  <w>upprustar</w>
  <w>till</w>
  <w>1990</w>
  <w>års</w>
  <w>nivå</w>
  <w>.</w>
  <absaspan id=81>
    <w>Alliansfrihet</w>
  </absaspan>
  <w>kostar</w>
  <w>men</w>
  <w>är</w>
  <w>också</w>
  <w>den</w>
  <w>som</w>
  <absaspan id=82 senti=4>
    <w>skyddar</w>
    <w>oss</w>
    <w>bäst</w>
  </absaspan>
  <w>i</w>
  <w>ett</w>
  <w>trängt</w>
  <w>läge</w>
  <w>.</w>
  <w>Vi</w>
  <w>ska</w>
  <w>börja</w>
  <w>upprustningen</w>
  <w>nu</w>
  <w>då</w>
  <w>det</w>
  <w>tar</w>
  <w>lång</w>
  <w>tid</w>
  <w>att</w>
  <w>bygga</w>
  <w>upp</w>
  <w>en</w>
  <w>sådan</w>
  <w>organisation</w>
  <w>.</w>
</absapar>
<absapar id=49>
  <w>#</w>
  <w>P</w>
  <w>IMM</w>
  <w>.</w>
  <w>13</w>
  <w>:</w>
  <w>27</w>
  <w>Carina</w>
  <w>Stensson</w>
  <w>:</w>
  <w>Försvarsberedningen</w>
  <w>lämnade</w>
  <w>ju</w>
  <w>sin</w>
  <w>rapport</w>
  <w>tidigare</w>
  <w>idag</w>
  <w>.</w>
  <w>Vill</w>
  <w>man</w>
  <w>läsa</w>
  <w>rapporten</w>
  <w>i</w>
  <w>sin</w>
  <w>helhet</w>
  <w>finns</w>
  <w>den</w>
  <w>här</w>
  <w>:</w>
  <w>http</w>
  <w>:</w>
  <w>/</w>
  <w>/</w>
  <w>www.regeringen.se</w>
  <w>/</w>
  <w>content</w>
  <w>/</w>
  <w>1</w>
  <w>/</w>
  <w>c6</w>
  <w>/</w>
  <w>21</w>
  <w>/</w>
  <w>84</w>
  <w>/</w>
  <w>24</w>
  <w>/</w>
  <w>5773a795</w>
  <w>.</w>
  <w>pdf</w>
  <w>.</w>
</absapar>
<absapar id=50>
  <w>#</w>
  <w>P</w>
  <w>IMM</w>
  <w>.</w>
  <w>13</w>
  <w>:</w>
  <w>29</w>
  <absaspan id=83>
    <w>Erik</w>
  </absaspan>
  <w>:</w>
  <w>Tycker</w>
  <w>det</w>
  <absaspan id=84 senti=2>
    <w>är</w>
    <w>hemskt</w>
    <w>tragiskt</w>
  </absaspan>
  <w>att</w>
  <absaspan id=85>
    <w>inte</w>
    <w>fler</w>
    <w>politiker</w>
  </absaspan>
  <w>tar</w>
  <w>upp</w>
  <w>detta</w>
  <w>ämne</w>
  <w>då</w>
  <w>det</w>
  <w>är</w>
  <w>högst</w>
  <w>aktuellt</w>
  <w>,</w>
  <w>och</w>
  <w>att</w>
  <w>det</w>
  <w>finns</w>
  <w>en</w>
  <w>viss</w>
  <w>osäkerhet</w>
  <w>var</w>
  <w>vissa</w>
  <w>partier</w>
  <w>står</w>
  <w>i</w>
  <w>frågan</w>
  <w>.</w>
  <w>Jag</w>
  <w>skulle</w>
  <w>gissa</w>
  <w>på</w>
  <w>att</w>
  <w>en</w>
  <w>betydande</w>
  <w>majoritet</w>
  <w>är</w>
  <w>för</w>
  <w>någon</w>
  <w>slags</w>
  <w>förstärkning</w>
  <w>eller</w>
  <w>förändring</w>
  <w>av</w>
  <w>försvaret</w>
  <w>,</w>
  <w>men</w>
  <w>ändå</w>
  <w>är</w>
  <w>det</w>
  <w>knäpptyst</w>
  <w>.</w>
</absapar>
<absapar id=51>
  <w>#</w>
  <w>P</w>
  <w>IMM</w>
  <w>.</w>
  <w>13</w>
  <w>:</w>
  <w>29</w>
  <absaspan id=86>
    <w>Erik</w>
    <w>Strandberg</w>
  </absaspan>
  <w>:</w>
  <w>Sorry</w>
  <w>,</w>
  <w>alla</w>
  <absaspan id=87 senti=2>
    <w>NATO-kramare</w>
  </absaspan>
  <w>,</w>
  <w>utgå</w>
  <w>ifrån</w>
  <w>att</w>
  <w>NATO</w>
  <w>inte</w>
  <w>bryr</w>
  <w>sig</w>
  <w>om</w>
  <w>oss</w>
  <w>som</w>
  <w>medlem</w>
  <w>.</w>
  <w>Sveriges</w>
  <w>"</w>
  <w>försvar</w>
  <w>"</w>
  <w>har</w>
  <w>körts</w>
  <w>ner</w>
  <w>så</w>
  <w>långt</w>
  <w>att</w>
  <w>vi</w>
  <w>helt</w>
  <w>enkelt</w>
  <w>bara</w>
  <w>kostar</w>
  <w>massor</w>
  <w>av</w>
  <w>NATO-pengar</w>
  <w>för</w>
  <w>att</w>
  <w>möta</w>
  <w>en</w>
  <w>någorlunda</w>
  <w>standard</w>
  <w>.</w>
  <w>Norge</w>
  <w>och</w>
  <w>Danmark</w>
  <w>räcker</w>
  <w>helt</w>
  <w>.</w>
  <w>Finland</w>
  <w>vore</w>
  <w>intressant</w>
  <w>för</w>
  <w>NATO</w>
  <w>men</w>
  <absaspan id=88>
    <w>finnarna</w>
  </absaspan>
  <w>är</w>
  <w>kloka</w>
  <w>nog</w>
  <w>att</w>
  <absaspan id=89 senti=5>
    <w>spela</w>
    <w>sin</w>
    <w>kort</w>
    <w>mästerligt</w>
  </absaspan>
  <w>-</w>
  <w>som</w>
  <w>alltid</w>
  <w>när</w>
  <w>det</w>
  <w>gäller</w>
  <w>"</w>
  <w>nabbopolitiken</w>
  <w>"</w>
  <w>.</w>
  <w>Dessutom</w>
  <w>finns</w>
  <w>det</w>
  <w>ingen</w>
  <w>generell</w>
  <w>folklig</w>
  <w>konsens</w>
  <w>i</w>
  <w>Sverige</w>
  <w>om</w>
  <w>att</w>
  <w>ställa</w>
  <w>sig</w>
  <w>under</w>
  <w>NATO-skydd</w>
  <w>.</w>
</absapar>
<absapar id=52>
  <w>#</w>
  <w>P</w>
  <w>IMM</w>
  <w>.</w>
  <w>13</w>
  <w>:</w>
  <w>29</w>
  <w>Petter</w>
  <w>Röd</w>
  <w>:</w>
  <w>Vi</w>
  <w>har</w>
  <w>inget</w>
  <w>försvar</w>
  <w>idag</w>
  <w>.</w>
  <w>VI</w>
  <w>klarar</w>
  <w>inte</w>
  <w>ens</w>
  <w>skydda</w>
  <w>oss</w>
  <w>mot</w>
  <w>ett</w>
  <w>kapat</w>
  <w>flygplan</w>
  <w>.</w>
  <w>En-veckas</w>
  <w>försvaret</w>
  <w>(</w>
  <w>mot</w>
  <w>begränsad</w>
  <w>attack</w>
  <w>)</w>
  <w>ska</w>
  <w>nu</w>
  <w>enligt</w>
  <w>ÖB</w>
  <w>bli</w>
  <w>klart</w>
  <w>först</w>
  <w>2023</w>
  <w>om</w>
  <w>försvarsanslaget</w>
  <w>höjs</w>
  <w>.</w>
  <w>Om</w>
  <w>det</w>
  <w>inte</w>
  <w>höjs</w>
  <w>kommer</w>
  <w>vi</w>
  <w>fortsatt</w>
  <w>inte</w>
  <w>ha</w>
  <w>något</w>
  <w>enveckas-försvar</w>
  <w>.</w>
  <w>NATO</w>
  <w>kanske</w>
  <w>är</w>
  <w>en</w>
  <w>tanke</w>
  <w>men</w>
  <w>vi</w>
  <w>måste</w>
  <w>ju</w>
  <w>bidra</w>
  <w>med</w>
  <w>något</w>
  <w>oxå</w>
  <w>?</w>
  <w>.</w>
</absapar>
<absapar id=53>
  <w>#</w>
  <w>P</w>
  <w>IMM</w>
  <w>.</w>
  <w>13</w>
  <w>:</w>
  <w>30</w>
  <w>Christian</w>
  <w>:</w>
  <w>Nuvarande</w>
  <w>organisation</w>
  <w>är</w>
  <w>dyr</w>
  <w>och</w>
  <w>fyller</w>
  <w>inga</w>
  <w>syften</w>
  <w>.</w>
  <w>Lägg</w>
  <w>ner</w>
  <w>eller</w>
  <w>bygg</w>
  <w>upp</w>
  <w>till</w>
  <w>rimlig</w>
  <w>storlek</w>
  <w>.</w>
  <w>Många</w>
  <w>verkar</w>
  <w>ovetande</w>
  <w>om</w>
  <w>just</w>
  <w>hur</w>
  <w>extrem</w>
  <w>nedrustningen</w>
  <w>har</w>
  <w>varit</w>
  <w>vilket</w>
  <w>skrämmer</w>
  <w>mig</w>
  <w>.</w>
  <w>1998</w>
  <w>satsade</w>
  <w>2,54</w>
  <w>procent</w>
  <w>av</w>
  <w>BNP</w>
  <w>på</w>
  <w>försvaret</w>
  <w>.</w>
  <w>2011</w>
  <w>var</w>
  <w>motsvarande</w>
  <w>siffra</w>
  <w>1,27%</w>
  <w>.</w>
  <w>Betänk</w>
  <w>då</w>
  <w>också</w>
  <w>att</w>
  <w>den</w>
  <w>tidigare</w>
  <w>värnplikten</w>
  <w>innebar</w>
  <w>ett</w>
  <w>kostnadseffektivt</w>
  <w>system</w>
  <w>för</w>
  <w>soldater</w>
  <w>till</w>
  <w>skillnad</w>
  <w>från</w>
  <w>den</w>
  <w>yrkesarmé</w>
  <w>vi</w>
  <w>har</w>
  <w>idag</w>
  <w>.</w>
  <w>Skillnaden</w>
  <w>i</w>
  <w>antalet</w>
  <w>personer</w>
  <w>är</w>
  <w>således</w>
  <w>ännu</w>
  <w>större</w>
  <w>.</w>
  <w>Sett</w>
  <w>till</w>
  <w>antalet</w>
  <w>personer</w>
  <w>i</w>
  <w>försvarsmakten</w>
  <w>fanns</w>
  <w>det</w>
  <w>62000</w>
  <w>anställda</w>
  <w>1989</w>
  <w>att</w>
  <w>jämföra</w>
  <w>med</w>
  <w>de</w>
  <w>ynkliga</w>
  <w>21163</w>
  <w>anställda</w>
  <w>2010</w>
  <w>.</w>
  <w>(</w>
  <w>Källa</w>
  <w>:</w>
  <w>Orkii.com</w>
  <w>)</w>
  <w>.</w>
</absapar>
<absapar id=54>
  <w>#</w>
  <w>P</w>
  <w>IMM</w>
  <w>.</w>
  <w>13</w>
  <w>:</w>
  <w>32</w>
  <w>pontus</w>
  <w>:</w>
  <w>@</w>
  <w>Amelia</w>
  <w>det</w>
  <w>går</w>
  <w>inte</w>
  <w>att</w>
  <w>samarbeta</w>
  <w>med</w>
  <w>ett</w>
  <w>land</w>
  <w>som</w>
  <w>låser</w>
  <w>in</w>
  <w>ett</w>
  <w>gäng</w>
  <w>punk</w>
  <w>feminister</w>
  <w>för</w>
  <w>att</w>
  <w>de</w>
  <w>sjunger</w>
  <w>en</w>
  <w>sång</w>
  <w>i</w>
  <w>en</w>
  <w>kyrka</w>
  <w>.</w>
</absapar>
<absapar id=55>
  <w>#</w>
  <w>P</w>
  <w>IMM</w>
  <w>.</w>
  <w>13</w>
  <w>:</w>
  <w>32</w>
  <w>Erik</w>
  <w>:</w>
  <w>Jag</w>
  <w>tycker</w>
  <w>absolut</w>
  <w>att</w>
  <w>Sverige</w>
  <w>bör</w>
  <w>höja</w>
  <w>försvarsbudgeten</w>
  <w>,</w>
  <w>och</w>
  <w>framför</w>
  <w>allt</w>
  <w>återinföra</w>
  <w>värnplikten</w>
  <w>igen</w>
  <w>.</w>
  <w>Vi</w>
  <w>borde</w>
  <w>dessutom</w>
  <w>ha</w>
  <w>ett</w>
  <w>nära</w>
  <w>samarbete</w>
  <w>med</w>
  <w>våra</w>
  <w>grannländer</w>
  <w>,</w>
  <w>speciellt</w>
  <w>Finland</w>
  <w>,</w>
  <w>som</w>
  <w>är</w>
  <w>neutrala</w>
  <w>.</w>
  <w>Detta</w>
  <w>för</w>
  <w>att</w>
  <w>inte</w>
  <w>närma</w>
  <w>oss</w>
  <w>NATO</w>
  <w>,</w>
  <w>eftersom</w>
  <w>ett</w>
  <w>medlemsskap</w>
  <w>skulle</w>
  <w>öka</w>
  <w>hotet</w>
  <w>markant</w>
  <w>(</w>
  <w>från</w>
  <w>Ryssland</w>
  <w>)</w>
  <w>.</w>
</absapar>
<absapar id=56>
  <w>#</w>
  <w>P</w>
  <w>IMM</w>
  <w>.</w>
  <w>13</w>
  <w>:</w>
  <w>33</w>
  <w>Amelia</w>
  <w>:</w>
  <w>@</w>
  <w>Niklas</w>
  <w>Ryssland</w>
  <w>har</w>
  <w>varken</w>
  <w>den</w>
  <w>ekonomiska</w>
  <w>eller</w>
  <w>den</w>
  <w>militära</w>
  <w>förmågan</w>
  <w>att</w>
  <w>anfalla</w>
  <w>ett</w>
  <w>annat</w>
  <w>land</w>
  <w>som</w>
  <w>faktiskt</w>
  <w>skulle</w>
  <w>dra</w>
  <w>med</w>
  <w>sig</w>
  <w>hela</w>
  <w>västvärlden</w>
  <w>i</w>
  <w>konflikten</w>
  <w>.</w>
  <w>Glöm</w>
  <w>inte</w>
  <w>att</w>
  <w>EU</w>
  <w>är</w>
  <w>likväl</w>
  <w>en</w>
  <w>militär</w>
  <w>allians</w>
  <w>som</w>
  <w>ett</w>
  <w>ekonomiskt</w>
  <w>samarbete</w>
  <w>.</w>
  <w>Dras</w>
  <w>EU</w>
  <w>med</w>
  <w>dras</w>
  <w>Nato</w>
  <w>indirekt</w>
  <w>också</w>
  <w>med</w>
  <w>.</w>
  <w>USA</w>
  <w>å</w>
  <w>andra</w>
  <w>sidan</w>
  <w>har</w>
  <w>sin</w>
  <w>dominans</w>
  <w>hotad</w>
  <w>av</w>
  <w>växande</w>
  <w>Europa</w>
  <w>och</w>
  <w>Asien</w>
  <w>de</w>
  <w>har</w>
  <w>dock</w>
  <w>ännu</w>
  <w>ett</w>
  <w>militärt</w>
  <w>försprång</w>
  <w>och</w>
  <w>historiskt</w>
  <w>sätt</w>
  <w>är</w>
  <w>det</w>
  <w>bara</w>
  <w>det</w>
  <w>Brittiska</w>
  <w>Imperiet</w>
  <w>som</w>
  <w>utan</w>
  <w>krig</w>
  <w>lämnat</w>
  <w>över</w>
  <w>sin</w>
  <w>plats</w>
  <w>som</w>
  <w>nr</w>
  <w>1</w>
  <w>utan</w>
  <w>krig</w>
  <w>till</w>
  <w>USA</w>
  <w>.</w>
  <absaspan id=90>
    <w>Jag</w>
  </absaspan>
  <w>tror</w>
  <absaspan id=91 senti=2>
    <w>inte</w>
    <w>man</w>
    <w>kan</w>
    <w>räkna</w>
    <w>med</w>
  </absaspan>
  <w>att</w>
  <absaspan id=92>
    <w>USA</w>
  </absaspan>
  <absaspan id=93 senti=2>
    <w>ska</w>
  </absaspan>
  <absaspan id=94 senti=2>
    <w>vara</w>
    <w>lika</w>
    <w>kärvänliga</w>
  </absaspan>
  <w>,</w>
  <w>speciellt</w>
  <w>med</w>
  <w>tanke</w>
  <w>på</w>
  <w>att</w>
  <w>de</w>
  <w>så</w>
  <w>sent</w>
  <w>som</w>
  <w>1939</w>
  <w>hade</w>
  <w>"</w>
  <w>Operation</w>
  <w>Red</w>
  <w>"</w>
  <w>på</w>
  <w>bordet</w>
  <w>där</w>
  <w>målet</w>
  <w>med</w>
  <w>operationen</w>
  <w>var</w>
  <w>att</w>
  <w>slå</w>
  <w>ut</w>
  <w>det</w>
  <w>Brittiska</w>
  <w>Imperiet</w>
  <w>.</w>
  <w>USA</w>
  <w>skulle</w>
  <w>ev</w>
  <w>.</w>
  <w>tjäna</w>
  <w>på</w>
  <w>ett</w>
  <w>nytt</w>
  <w>världskrig</w>
  <w>som</w>
  <w>de</w>
  <w>själva</w>
  <w>startat</w>
  <w>.</w>
  <w>Ryssland</w>
  <w>skulle</w>
  <w>det</w>
  <w>inte</w>
  <w>.</w>
</absapar>
<absapar id=57>
  <w>#</w>
  <w>P</w>
  <w>IMM</w>
  <w>.</w>
  <w>13</w>
  <w>:</w>
  <w>33</w>
  <w>Björn</w>
  <w>:</w>
  <w>@</w>
  <w>Amelia</w>
  <w>Sverige</w>
  <w>bör</w>
  <w>stå</w>
  <w>på</w>
  <w>samma</w>
  <w>sida</w>
  <w>som</w>
  <w>andra</w>
  <w>västerländska</w>
  <w>demokratier</w>
  <w>i</w>
  <w>kampen</w>
  <w>mot</w>
  <w>auktoritära</w>
  <w>regimer</w>
  <w>och</w>
  <w>terrorister</w>
  <w>.</w>
  <w>Därför</w>
  <w>kan</w>
  <w>vi</w>
  <w>inte</w>
  <w>vara</w>
  <w>allierade</w>
  <w>med</w>
  <w>Ryssland</w>
  <w>men</w>
  <w>mycket</w>
  <w>väl</w>
  <w>med</w>
  <w>NATO</w>
  <w>.</w>
</absapar>
<absapar id=58>
  <w>#</w>
  <w>P</w>
  <w>IMM</w>
  <w>.</w>
  <w>13</w>
  <w>:</w>
  <w>34</w>
  <w>Carina</w>
  <w>Stensson</w>
  <w>:</w>
  <w>Försvarsministern</w>
  <w>sade</w>
  <w>i</w>
  <w>en</w>
  <w>DN-intervju</w>
  <w>i</w>
  <w>början</w>
  <w>av</w>
  <w>året</w>
  <w>att</w>
  <w>hon</w>
  <w>var</w>
  <w>nöjd</w>
  <w>med</w>
  <w>dagens</w>
  <w>försvar</w>
  <w>:</w>
  <w>http</w>
  <w>:</w>
  <w>/</w>
  <w>/</w>
  <w>www.dn.se</w>
  <w>/</w>
  <w>nyheter</w>
  <w>/</w>
  <w>sverige</w>
  <w>/</w>
  <w>forsvarsministern-en-veckas-forsvar-ar-tillrackligt</w>
  <w>.</w>
</absapar>
<absapar id=59>
  <w>#</w>
  <w>P</w>
  <w>IMM</w>
  <w>.</w>
  <w>13</w>
  <w>:</w>
  <w>36</w>
  <absaspan id=95>
    <w>Sofia</w>
    <w>Egerström</w>
  </absaspan>
  <w>:</w>
  <w>Avveckla</w>
  <w>försvaret</w>
  <w>.</w>
  <w>Det</w>
  <w>finns</w>
  <w>inget</w>
  <w>reellt</w>
  <w>hot</w>
  <w>mellan</w>
  <w>stater</w>
  <w>,</w>
  <w>så</w>
  <w>kallade</w>
  <w>interstate</w>
  <w>conflicts</w>
  <w>,</w>
  <w>däremot</w>
  <w>finns</w>
  <w>det</w>
  <w>hot</w>
  <w>om</w>
  <w>intrastate</w>
  <w>conflicts</w>
  <w>,</w>
  <w>d.v.s</w>
  <w>.</w>
  <w>hot</w>
  <w>som</w>
  <w>uppstår</w>
  <w>inom</w>
  <w>länder</w>
  <w>.</w>
  <w>Sverige</w>
  <w>borde</w>
  <w>satsa</w>
  <w>resurser</w>
  <w>på</w>
  <w>att</w>
  <w>minska</w>
  <w>klyftorna</w>
  <w>och</w>
  <w>bygga</w>
  <w>ut</w>
  <w>välfärden</w>
  <w>istället</w>
  <w>.</w>
  <w>Det</w>
  <w>är</w>
  <w>det</w>
  <absaspan id=96 senti=5>
    <w>bästa</w>
  </absaspan>
  <absaspan id=97>
    <w>försvar</w>
    <w>vi</w>
    <w>kan</w>
    <w>investera</w>
    <w>i</w>
  </absaspan>
  <w>,</w>
  <w>och</w>
  <w>detta</w>
  <w>gäller</w>
  <w>även</w>
  <w>andra</w>
  <w>länder</w>
  <w>.</w>
</absapar>
<absapar id=60>
  <w>#</w>
  <w>P</w>
  <w>IMM</w>
  <w>.</w>
  <w>13</w>
  <w>:</w>
  <w>36</w>
  <absaspan id=98>
    <w>Adam</w>
    <w>Olsson</w>
  </absaspan>
  <w>:</w>
  <w>Det</w>
  <w>verkar</w>
  <w>som</w>
  <w>att</w>
  <w>nästan</w>
  <w>alla</w>
  <w>(</w>
  <w>för</w>
  <w>att</w>
  <w>inte</w>
  <w>säga</w>
  <w>alla</w>
  <w>)</w>
  <w>här</w>
  <w>är</w>
  <w>rörande</w>
  <w>överens</w>
  <w>,</w>
  <w>vilket</w>
  <w>får</w>
  <w>mig</w>
  <w>att</w>
  <w>spekulera</w>
  <w>i</w>
  <w>om</w>
  <w>det</w>
  <w>enda</w>
  <w>som</w>
  <w>har</w>
  <w>fött</w>
  <w>denna</w>
  <w>debatt</w>
  <w>är</w>
  <w>att</w>
  <absaspan id=99>
    <w>politikerna</w>
  </absaspan>
  <w>helt</w>
  <w>enkelt</w>
  <w>inte</w>
  <w>kan</w>
  <w>få</w>
  <w>in</w>
  <w>en</w>
  <w>ökad</w>
  <w>försvarsförmåga</w>
  <w>i</w>
  <w>sina</w>
  <w>budgetar</w>
  <w>,</w>
  <w>vilket</w>
  <w>inte</w>
  <w>är</w>
  <w>så</w>
  <w>konstigt</w>
  <w>då</w>
  <w>de</w>
  <w>har</w>
  <w>varit</w>
  <w>minst</w>
  <w>sagt</w>
  <w>frikostiga</w>
  <w>med</w>
  <w>skattebetalarnas</w>
  <w>pengar</w>
  <w>på</w>
  <w>andra</w>
  <w>områden</w>
  <w>som</w>
  <w>de</w>
  <w>har</w>
  <w>känt</w>
  <w>sig</w>
  <w>tvingade</w>
  <w>till</w>
  <w>att</w>
  <w>spendera</w>
  <w>mycket</w>
  <w>på</w>
  <w>,</w>
  <absaspan id=100 senti=2>
    <w>av</w>
    <w>populistiska</w>
    <w>själ</w>
  </absaspan>
  <w>.</w>
</absapar>
<absapar id=61>
  <w>#</w>
  <w>P</w>
  <w>IMM</w>
  <w>.</w>
  <w>13</w>
  <w>:</w>
  <w>36</w>
  <w>pontus</w>
  <w>:</w>
  <w>Skall</w>
  <w>värnplikten</w>
  <w>återinföras</w>
  <w>måste</w>
  <w>den</w>
  <w>gälla</w>
  <w>alla</w>
  <w>ungdomar</w>
  <w>,</w>
  <w>tjejer</w>
  <w>som</w>
  <w>pojkar</w>
  <w>den</w>
  <w>här</w>
  <w>gången</w>
  <w>.</w>
  <w>Och</w>
  <w>koppla</w>
  <w>gärna</w>
  <w>tjänstgöringen</w>
  <w>till</w>
  <w>rösträtten</w>
  <w>.</w>
  <w>Om</w>
  <w>du</w>
  <w>inte</w>
  <w>är</w>
  <w>beredd</w>
  <w>att</w>
  <w>försvara</w>
  <w>rätten</w>
  <w>att</w>
  <w>tycka</w>
  <w>och</w>
  <w>tänka</w>
  <w>det</w>
  <w>du</w>
  <w>vill</w>
  <w>så</w>
  <w>borde</w>
  <w>du</w>
  <w>läsa</w>
  <w>på</w>
  <w>om</w>
  <w>Atens</w>
  <w>historia</w>
  <w>.</w>
  <w>Demokratins</w>
  <w>vagga</w>
  <w>.</w>
  <absaspan id=101>
    <w>Sverige</w>
  </absaspan>
  <absaspan id=102 senti=4>
    <w>är</w>
    <w>en</w>
    <w>demokrati</w>
    <w>,</w>
    <w>vi</w>
    <w>skall</w>
    <w>ha</w>
    <w>fria</w>
    <w>val</w>
  </absaspan>
  <w>,</w>
  <w>men</w>
  <w>också</w>
  <w>allmän</w>
  <w>värnplikt</w>
  <w>.</w>
  <w>Vi</w>
  <w>kan</w>
  <w>ju</w>
  <w>rösta</w>
  <w>om</w>
  <w>det</w>
  <w>,</w>
  <w>men</w>
  <w>till</w>
  <w>yvende</w>
  <w>och</w>
  <w>sist</w>
  <w>är</w>
  <w>det</w>
  <w>ju</w>
  <w>så</w>
  <w>att</w>
  <w>vill</w>
  <w>man</w>
  <w>kunna</w>
  <w>styra</w>
  <w>sig</w>
  <w>själv</w>
  <w>måste</w>
  <w>man</w>
  <w>kunna</w>
  <w>försvara</w>
  <w>sig</w>
  <w>.</w>
</absapar>
<absapar id=62>
  <w>#</w>
  <w>P</w>
  <w>IMM</w>
  <w>.</w>
  <w>13</w>
  <w>:</w>
  <w>38</w>
  <w>Stefan</w>
  <w>:</w>
  <w>Håller</w>
  <w>Med</w>
  <w>Amelia</w>
  <w>.</w>
  <w>USA</w>
  <w>och</w>
  <w>deras</w>
  <w>gungiga</w>
  <w>politik</w>
  <w>är</w>
  <w>ett</w>
  <w>större</w>
  <w>hot</w>
  <w>mot</w>
  <w>oss</w>
  <w>än</w>
  <w>en</w>
  <w>200</w>
  <w>årig</w>
  <w>rädsla</w>
  <w>för</w>
  <w>att</w>
  <w>ryssen</w>
  <w>kommer</w>
  <w>.</w>
</absapar>
<absapar id=63>
  <w>#</w>
  <w>P</w>
  <w>IMM</w>
  <w>.</w>
  <w>13</w>
  <w>:</w>
  <w>38</w>
  <absaspan id=103>
    <w>Alex</w>
    <w>L</w>
  </absaspan>
  <w>:</w>
  <w>Ryssland</w>
  <w>är</w>
  <w>inte</w>
  <w>hoten</w>
  <w>,</w>
  <w>utan</w>
  <w>det</w>
  <w>är</w>
  <w>NATO</w>
  <w>själv</w>
  <w>som</w>
  <w>är</w>
  <w>det</w>
  <w>.</w>
  <w>Hålla</w>
  <w>oss</w>
  <w>utanför</w>
  <w>någon</w>
  <w>militärallians</w>
  <w>tack</w>
  <w>!</w>
  <w>(</w>
  <w>dock</w>
  <w>jag</w>
  <w>skulle</w>
  <w>gärna</w>
  <w>se</w>
  <w>någon</w>
  <w>nordisk</w>
  <w>militärallians</w>
  <w>)</w>
  <w>.</w>
</absapar>
<absapar id=64>
  <w>#</w>
  <w>P</w>
  <w>IMM</w>
  <w>.</w>
  <w>13</w>
  <w>:</w>
  <w>39</w>
  <w>Nej</w>
  <w>!</w>
  <w>:</w>
  <w>Spara</w>
  <w>miljarderna</w>
  <w>och</w>
  <w>satsa</w>
  <w>på</w>
  <w>vård</w>
  <w>,</w>
  <w>skola</w>
  <w>och</w>
  <w>omsorg</w>
  <w>istället</w>
  <w>för</w>
  <absaspan id=104>
    <w>en</w>
    <w>myndighet</w>
  </absaspan>
  <absaspan id=105 senti=2>
    <w>med</w>
    <w>dinosarier</w>
  </absaspan>
  <w>.</w>
</absapar>
<absapar id=65>
  <w>#</w>
  <w>P</w>
  <w>IMM</w>
  <w>.</w>
  <w>13</w>
  <w>:</w>
  <w>40</w>
  <w>Sven</w>
  <w>:</w>
  <w>Ett</w>
  <w>land</w>
  <w>som</w>
  <w>har</w>
  <w>ett</w>
  <w>fungerande</w>
  <w>försvar</w>
  <w>,</w>
  <w>inte</w>
  <w>dagens</w>
  <w>Sverige</w>
  <w>alltså</w>
  <w>,</w>
  <w>har</w>
  <w>handlingsfrihet</w>
  <w>och</w>
  <w>kan</w>
  <w>välja</w>
  <w>sin</w>
  <w>egen</w>
  <w>väg</w>
  <w>i</w>
  <w>den</w>
  <w>internationella</w>
  <w>politiken</w>
  <w>.</w>
  <w>Har</w>
  <w>man</w>
  <w>inte</w>
  <w>det</w>
  <w>,</w>
  <w>så</w>
  <w>blir</w>
  <w>man</w>
  <w>ett</w>
  <w>rö</w>
  <w>för</w>
  <w>vinden</w>
  <w>när</w>
  <w>det</w>
  <w>sker</w>
  <w>kriser</w>
  <w>.</w>
  <w>Sverige</w>
  <w>har</w>
  <w>alla</w>
  <w>skäl</w>
  <w>att</w>
  <w>stärka</w>
  <w>försvaret</w>
  <w>,</w>
  <w>och</w>
  <w>det</w>
  <w>kan</w>
  <w>nog</w>
  <w>bara</w>
  <w>ske</w>
  <w>med</w>
  <w>en</w>
  <w>moderniserad</w>
  <w>form</w>
  <w>av</w>
  <w>värnplikt</w>
  <w>i</w>
  <w>kombination</w>
  <w>med</w>
  <w>en</w>
  <w>mindre</w>
  <w>anställd</w>
  <w>del</w>
  <w>,</w>
  <w>och</w>
  <w>ett</w>
  <w>utbyggt</w>
  <w>frivilligförsvar</w>
  <w>.</w>
  <w>Vi</w>
  <w>behöver</w>
  <w>alla</w>
  <w>komponenter</w>
  <w>!</w>
  <w>.</w>
</absapar>
<absapar id=66>
  <w>#</w>
  <w>P</w>
  <w>IMM</w>
  <w>.</w>
  <w>13</w>
  <w>:</w>
  <w>41</w>
  <absaspan id=106>
    <w>Thomas</w>
    <w>J</w>
  </absaspan>
  <w>:</w>
  <w>Det</w>
  <w>märks</w>
  <w>att</w>
  <w>vi</w>
  <w>levt</w>
  <w>i</w>
  <w>en</w>
  <w>lång</w>
  <w>tid</w>
  <w>utan</w>
  <w>krig</w>
  <w>eller</w>
  <w>oroligheter</w>
  <w>när</w>
  <w>vissa</w>
  <w>tror</w>
  <w>att</w>
  <w>en</w>
  <w>försvarsmakt</w>
  <w>är</w>
  <w>något</w>
  <w>frivilligt</w>
  <w>,</w>
  <w>något</w>
  <w>som</w>
  <w>bara</w>
  <w>behövs</w>
  <w>när</w>
  <w>kriget</w>
  <w>står</w>
  <w>för</w>
  <w>dörren</w>
  <w>.</w>
  <w>Att</w>
  <w>världen</w>
  <w>kan</w>
  <w>hettas</w>
  <w>upp</w>
  <w>snabbt</w>
  <w>har</w>
  <w>historien</w>
  <w>lärt</w>
  <w>oss</w>
  <w>,</w>
  <w>en</w>
  <w>lärdom</w>
  <w>som</w>
  <w>än</w>
  <w>gång</w>
  <w>på</w>
  <w>gång</w>
  <w>ignoeras</w>
  <w>i</w>
  <w>tron</w>
  <w>om</w>
  <w>att</w>
  <w>denna</w>
  <w>tid</w>
  <w>är</w>
  <w>annorlunda</w>
  <w>.</w>
  <w>Vad</w>
  <w>vi</w>
  <w>inte</w>
  <w>tänker</w>
  <w>på</w>
  <w>är</w>
  <w>att</w>
  <w>en</w>
  <w>försvarsmakt</w>
  <w>tar</w>
  <w>tid</w>
  <w>att</w>
  <w>bygga</w>
  <w>upp</w>
  <w>,</w>
  <w>särskilt</w>
  <w>i</w>
  <w>erfarenhet</w>
  <w>och</w>
  <w>utbildning</w>
  <w>.</w>
  <w>Kommer</w>
  <w>Ryssen</w>
  <w>invadera</w>
  <w>?</w>
  <w>Osannolikt</w>
  <w>.</w>
  <w>Men</w>
  <w>vi</w>
  <w>har</w>
  <w>redan</w>
  <w>sett</w>
  <w>på</w>
  <w>gasledningen</w>
  <w>i</w>
  <w>Östersjön</w>
  <w>att</w>
  <w>andra</w>
  <w>intressen</w>
  <w>kan</w>
  <w>utmanas</w>
  <w>.</w>
  <w>Utan</w>
  <w>möjlighet</w>
  <w>att</w>
  <w>ta</w>
  <w>till</w>
  <w>det</w>
  <w>yttersta</w>
  <w>valet</w>
  <w>i</w>
  <w>en</w>
  <w>kris</w>
  <w>kan</w>
  <w>ett</w>
  <w>annat</w>
  <w>land</w>
  <w>köra</w>
  <w>över</w>
  <w>oss</w>
  <w>.</w>
  <absaspan id=107>
    <w>Diplomati</w>
  </absaspan>
  <absaspan id=108 senti=1>
    <w>är</w>
    <w>värdelös</w>
    <w>utan</w>
    <w>substans</w>
    <w>bakom</w>
  </absaspan>
  <w>.</w>
  <w>Och</w>
  <w>det</w>
  <w>är</w>
  <w>inte</w>
  <w>bara</w>
  <w>Ryssland</w>
  <w>.</w>
  <w>Om</w>
  <w>det</w>
  <w>bränner</w>
  <w>till</w>
  <w>är</w>
  <w>risken</w>
  <w>stor</w>
  <w>att</w>
  <w>vi</w>
  <w>accepterar</w>
  <w>vad</w>
  <w>som</w>
  <w>helst</w>
  <w>för</w>
  <w>att</w>
  <w>få</w>
  <w>skydd</w>
  <w>.</w>
</absapar>
<absapar id=67>
  <w>#</w>
  <w>P</w>
  <w>IMM</w>
  <w>.</w>
  <w>13</w>
  <w>:</w>
  <w>41</w>
  <w>Erik</w>
  <w>:</w>
  <w>Inte</w>
  <w>för</w>
  <w>att</w>
  <w>jag</w>
  <w>är</w>
  <w>rädd</w>
  <w>för</w>
  <w>USA</w>
  <w>-</w>
  <w>men</w>
  <w>för</w>
  <w>allt</w>
  <w>i</w>
  <w>världen</w>
  <w>,</w>
  <w>håll</w>
  <w>oss</w>
  <w>utanför</w>
  <w>NATO</w>
  <w>!</w>
  <w>Det</w>
  <w>skulle</w>
  <w>helt</w>
  <w>enkelt</w>
  <w>skapa</w>
  <w>mer</w>
  <w>problem</w>
  <w>och</w>
  <w>hot</w>
  <w>mot</w>
  <w>oss</w>
  <w>än</w>
  <w>det</w>
  <w>skulle</w>
  <w>förhindra</w>
  <w>.</w>
  <w>Ryssland</w>
  <w>är</w>
  <w>inte</w>
  <w>vår</w>
  <w>fiende</w>
  <w>,</w>
  <w>men</w>
  <w>de</w>
  <w>skulle</w>
  <w>kunna</w>
  <w>bli</w>
  <w>.</w>
  <w>.</w>
  <w>.</w>
</absapar>
<absapar id=68>
  <w>#</w>
  <w>P</w>
  <w>IMM</w>
  <w>.</w>
  <w>13</w>
  <w>:</w>
  <w>42</w>
  <absaspan id=109>
    <w>Erik</w>
  </absaspan>
  <w>:</w>
  <w>Förstår</w>
  <w>inte</w>
  <w>hur</w>
  <w>vi</w>
  <absaspan id=110 senti=1>
    <w>kan</w>
    <w>ha</w>
    <w>en</w>
    <w>så</w>
    <w>inkompetent</w>
    <w>och</w>
    <w>oförstående</w>
  </absaspan>
  <absaspan id=111>
    <w>försvarsminister</w>
  </absaspan>
  <w>,</w>
  <w>när</w>
  <w>representanter</w>
  <w>från</w>
  <w>försvaret</w>
  <w>gång</w>
  <w>på</w>
  <w>gång</w>
  <w>har</w>
  <w>varnat</w>
  <w>om</w>
  <w>hot</w>
  <w>om</w>
  <w>nedskärningar</w>
  <w>,</w>
  <w>och</w>
  <w>när</w>
  <w>det</w>
  <w>finns</w>
  <w>ett</w>
  <w>så</w>
  <w>pass</w>
  <w>folkligt</w>
  <w>stöd</w>
  <w>för</w>
  <w>ett</w>
  <w>stärkt</w>
  <w>försvar</w>
  <w>.</w>
</absapar>
<absapar id=69>
  <w>#</w>
  <w>P</w>
  <w>IMM</w>
  <w>.</w>
  <w>13</w>
  <w>:</w>
  <w>43</w>
  <w>Kenta</w>
  <w>:</w>
  <w>@</w>
  <w>Amelia</w>
  <w>13</w>
  <w>:</w>
  <w>16</w>
  <w>Hur</w>
  <w>mycket</w>
  <w>är</w>
  <w>ett</w>
  <w>"</w>
  <w>samarbete</w>
  <w>"</w>
  <w>med</w>
  <w>Ryssland</w>
  <w>värt</w>
  <w>i</w>
  <w>praktiken</w>
  <w>?</w>
  <w>Finland</w>
  <w>t.ex</w>
  <w>.</w>
  <w>hade</w>
  <w>en</w>
  <w>icke-angreppspakt</w>
  <w>med</w>
  <w>ryssarna</w>
  <w>före</w>
  <w>vinterkriget</w>
  <w>.</w>
  <w>Vad</w>
  <w>hjälpte</w>
  <w>det</w>
  <w>?</w>
  <w>.</w>
</absapar>
<absapar id=70>
  <w>#</w>
  <w>P</w>
  <w>IMM</w>
  <w>.</w>
  <w>13</w>
  <w>:</w>
  <w>43</w>
  <w>Carina</w>
  <w>Stensson</w>
  <w>:</w>
  <w>En</w>
  <w>del</w>
  <w>kritik</w>
  <w>kommer</w>
  <w>mot</w>
  <w>att</w>
  <w>svensk</w>
  <w>trupp</w>
  <w>skicka</w>
  <w>till</w>
  <w>Mali</w>
  <w>.</w>
  <w>Men</w>
  <w>finns</w>
  <w>det</w>
  <w>inga</w>
  <w>fördelar</w>
  <w>?</w>
  <w>Har</w>
  <w>vi</w>
  <w>ett</w>
  <w>ansvar</w>
  <w>?</w>
  <w>Pressmeddelandet</w>
  <w>:</w>
  <w>http</w>
  <w>:</w>
  <w>/</w>
  <w>/</w>
  <w>www.regeringen.se</w>
  <w>/</w>
  <w>sb</w>
  <w>/</w>
  <w>d</w>
  <w>/</w>
  <w>17512</w>
  <w>/</w>
  <w>a</w>
  <w>/</w>
  <w>218241</w>
  <w>.</w>
</absapar>
<absapar id=71>
  <w>#</w>
  <w>P</w>
  <w>IMM</w>
  <w>.</w>
  <w>13</w>
  <w>:</w>
  <w>44</w>
  <absaspan id=112>
    <w>Daniel</w>
  </absaspan>
  <w>:</w>
  <w>Det</w>
  <w>är</w>
  <w>skrämmande</w>
  <w>hur</w>
  <w>diskussionen</w>
  <w>om</w>
  <w>försvaret</w>
  <w>ofta</w>
  <w>förs</w>
  <w>.</w>
  <w>Argumentet</w>
  <w>som</w>
  <w>sticker</w>
  <w>ut</w>
  <w>är</w>
  <w>att</w>
  <w>om</w>
  <w>Ryssland</w>
  <w>vill</w>
  <w>ta</w>
  <w>oss</w>
  <w>så</w>
  <w>gör</w>
  <w>dom</w>
  <w>det</w>
  <w>lätt</w>
  <w>så</w>
  <w>lag</w>
  <w>ner</w>
  <w>försvaret</w>
  <w>.</w>
  <w>Sveriges</w>
  <w>försvar</w>
  <w>handlar</w>
  <w>om</w>
  <w>att</w>
  <w>sända</w>
  <w>signaler</w>
  <w>att</w>
  <w>vi</w>
  <w>kommer</w>
  <w>att</w>
  <w>stå</w>
  <w>upp</w>
  <w>mot</w>
  <w>en</w>
  <w>inkräktare</w>
  <w>och</w>
  <w>att</w>
  <w>det</w>
  <w>kommer</w>
  <w>att</w>
  <w>kosta</w>
  <w>så</w>
  <w>mycket</w>
  <w>i</w>
  <w>tid</w>
  <w>och</w>
  <w>resurser</w>
  <w>att</w>
  <w>ett</w>
  <w>angrepp</w>
  <w>inte</w>
  <w>är</w>
  <w>värt</w>
  <w>det</w>
  <w>.</w>
  <w>Med</w>
  <w>ett</w>
  <w>svagt</w>
  <w>försvar</w>
  <w>kan</w>
  <w>vi</w>
  <w>lätt</w>
  <w>utsättas</w>
  <w>för</w>
  <w>politiska</w>
  <w>påtryckningar</w>
  <w>eller</w>
  <w>till</w>
  <w>och</w>
  <w>med</w>
  <w>se</w>
  <w>allvarliga</w>
  <w>kränkningar</w>
  <w>av</w>
  <w>vårt</w>
  <w>territorium</w>
  <w>(</w>
  <w>typ</w>
  <w>Gotland</w>
  <w>)</w>
  <w>.</w>
  <absaspan id=113 senti=2>
    <w>Lyft</w>
    <w>blacken</w>
  </absaspan>
  <absaspan id=114>
    <w>all</w>
    <w>ni</w>
  </absaspan>
  <w>som</w>
  <absaspan id=115 senti=2>
    <w>väljer</w>
  </absaspan>
  <absaspan id=116 senti=2>
    <w>att</w>
    <w>titta</w>
    <w>ner</w>
    <w>i</w>
    <w>backen</w>
  </absaspan>
  <w>!</w>
  <w>.</w>
</absapar>
<absapar id=72>
  <w>#</w>
  <w>P</w>
  <w>IMM</w>
  <w>.</w>
  <w>13</w>
  <w>:</w>
  <w>45</w>
  <absaspan id=117>
    <w>J.A</w>
  </absaspan>
  <absaspan id=118>
    <w>:</w>
  </absaspan>
  <w>Ja</w>
  <w>,</w>
  <w>Sverige</w>
  <w>behöver</w>
  <w>förstärka</w>
  <w>sitt</w>
  <w>försvar</w>
  <w>men</w>
  <w>INTE</w>
  <w>pga</w>
  <w>.</w>
  <w>Ryssland</w>
  <w>utan</w>
  <w>pga</w>
  <w>.</w>
  <w>att</w>
  <w>våra</w>
  <absaspan id=119>
    <w>politiker</w>
  </absaspan>
  <absaspan id=120 senti=2>
    <w>har</w>
    <w>ödelagt</w>
    <w>försvarsmakten</w>
  </absaspan>
  <w>.</w>
  <w>Vi</w>
  <absaspan id=121 senti=2>
    <w>ska</w>
    <w>absolut</w>
    <w>inte</w>
    <w>involvera</w>
  </absaspan>
  <absaspan id=122>
    <w>oss</w>
    <w>med</w>
    <w>NATO</w>
  </absaspan>
  <w>eftersom</w>
  <w>NATO</w>
  <w>leds</w>
  <w>/</w>
  <w>domineras</w>
  <w>av</w>
  <w>nationer</w>
  <w>som</w>
  <w>väljer</w>
  <w>att</w>
  <w>starta</w>
  <w>krig</w>
  <w>på</w>
  <w>krig</w>
  <w>på</w>
  <w>krig</w>
  <w>,</w>
  <w>torterar</w>
  <w>människor</w>
  <w>,</w>
  <w>kidnappar</w>
  <w>dem</w>
  <w>,</w>
  <w>struntar</w>
  <w>i</w>
  <w>rättsäkerhet</w>
  <w>osv</w>
  <w>.</w>
  <w>Såna</w>
  <w>ska</w>
  <w>vi</w>
  <w>inte</w>
  <w>liera</w>
  <w>oss</w>
  <w>med</w>
  <w>!</w>
  <w>.</w>
</absapar>
<absapar id=73>
  <w>#</w>
  <w>P</w>
  <w>IMM</w>
  <w>.</w>
  <w>13</w>
  <w>:</w>
  <w>46</w>
  <w>David</w>
  <w>Frendin</w>
  <w>:</w>
  <w>+</w>
  <w>1</w>
  <w>på</w>
  <w>Sofia</w>
  <w>Egerström</w>
  <w>.</w>
</absapar>
<absapar id=74>
  <w>#</w>
  <w>P</w>
  <w>IMM</w>
  <w>.</w>
  <w>13</w>
  <w>:</w>
  <w>46</w>
  <w>Kenta</w>
  <w>:</w>
  <w>@</w>
  <w>Stefan</w>
  <w>Det</w>
  <w>är</w>
  <w>faktum</w>
  <w>och</w>
  <w>inte</w>
  <w>en</w>
  <w>rädsla</w>
  <w>.</w>
  <w>Hade</w>
  <w>inte</w>
  <w>finnarna</w>
  <w>lyckats</w>
  <w>stoppa</w>
  <w>ryssen</w>
  <w>så</w>
  <w>hade</w>
  <w>de</w>
  <w>fortsatt</w>
  <w>hit</w>
  <w>.</w>
</absapar>
<absapar id=75>
  <w>#</w>
  <w>P</w>
  <w>IMM</w>
  <w>.</w>
  <w>13</w>
  <w>:</w>
  <w>48</w>
  <absaspan id=123>
    <w>Måns</w>
  </absaspan>
  <w>:</w>
  <w>NATO</w>
  <w>är</w>
  <w>ingen</w>
  <w>godisautomat</w>
  <w>.</w>
  <w>Vi</w>
  <w>kan</w>
  <w>inte</w>
  <w>skydda</w>
  <w>vår</w>
  <w>territorium</w>
  <w>,</w>
  <w>mot</w>
  <w>vare</w>
  <w>sig</w>
  <w>kränkningar</w>
  <w>eller</w>
  <w>invasion</w>
  <w>.</w>
  <w>Vad</w>
  <w>skulle</w>
  <w>vi</w>
  <w>ha</w>
  <w>att</w>
  <w>bidra</w>
  <w>med</w>
  <w>till</w>
  <w>NATO</w>
  <w>?</w>
  <w>Kostnaden</w>
  <w>för</w>
  <w>försvaret</w>
  <w>idag</w>
  <w>är</w>
  <w>betydligt</w>
  <w>större</w>
  <w>jämfört</w>
  <w>med</w>
  <w>slutet</w>
  <w>på</w>
  <w>80</w>
  <w>-</w>
  <w>talet</w>
  <w>början</w>
  <w>på</w>
  <w>90</w>
  <w>-</w>
  <w>talet</w>
  <w>sett</w>
  <w>till</w>
  <w>ad</w>
  <w>vi</w>
  <w>får</w>
  <w>för</w>
  <w>pengarna</w>
  <w>.</w>
  <w>Kanske</w>
  <absaspan id=124 senti=2>
    <w>dags</w>
  </absaspan>
  <w>att</w>
  <absaspan id=125>
    <w>Reinfeldt</w>
    <w>och</w>
    <w>Borg</w>
  </absaspan>
  <absaspan id=126 senti=2>
    <w>snäpper</w>
  </absaspan>
  <absaspan id=127 senti=2>
    <w>upp</w>
    <w>sig</w>
  </absaspan>
  <w>och</w>
  <w>bygger</w>
  <w>upp</w>
  <w>försvaret</w>
  <w>.</w>
  <w>Det</w>
  <w>lär</w>
  <w>kosta</w>
  <w>bra</w>
  <w>mycket</w>
  <w>med</w>
  <w>tanke</w>
  <w>på</w>
  <w>att</w>
  <w>hela</w>
  <w>försvarets</w>
  <w>tidigare</w>
  <w>prsonalförsörjning</w>
  <w>och</w>
  <w>andra</w>
  <w>organisatoriska</w>
  <w>strukturer</w>
  <w>helt</w>
  <w>har</w>
  <w>raderats</w>
  <w>.</w>
  <w>Det</w>
  <w>är</w>
  <w>som</w>
  <w>att</w>
  <w>trycka</w>
  <w>på</w>
  <w>ctrl</w>
  <w>-</w>
  <w>alt-delete</w>
  <w>.</w>
</absapar>
<absapar id=76>
  <w>#</w>
  <w>P</w>
  <w>IMM</w>
  <w>.</w>
  <w>13</w>
  <w>:</w>
  <w>49</w>
  <w>carin</w>
  <w>:</w>
  <w>Chefen</w>
  <w>för</w>
  <w>rysslands</w>
  <w>västra</w>
  <w>militärområde</w>
  <w>,</w>
  <w>general</w>
  <w>Sidorov</w>
  <w>anlände</w>
  <w>precis</w>
  <w>vid</w>
  <w>högkvarteret</w>
  <w>för</w>
  <w>erfarenhetsutbyte</w>
  <w>.</w>
  <w>http</w>
  <w>:</w>
  <w>/</w>
  <w>/</w>
  <w>www.forsvarsmakten.se</w>
  <w>/</w>
  <w>sv</w>
  <w>/</w>
  <w>Aktuellt</w>
  <w>/</w>
  <w>centralanyheter</w>
  <w>/</w>
  <w>Ryskt-utbyte</w>
  <w>/</w>
  <w>Samarbeten</w>
  <w>är</w>
  <w>nödvändiga</w>
  <w>.</w>
  <w>särskilt</w>
  <w>ur</w>
  <w>det</w>
  <w>rent</w>
  <w>diplomatiska</w>
  <w>perspektivet</w>
  <w>.</w>
  <w>Men</w>
  <w>vi</w>
  <w>måste</w>
  <w>samtidigt</w>
  <w>möjliggöra</w>
  <w>för</w>
  <w>försvaret</w>
  <w>att</w>
  <w>leverera</w>
  <w>på</w>
  <w>sin</w>
  <w>uppgift</w>
  <w>såsom</w>
  <w>den</w>
  <w>är</w>
  <w>beslutad</w>
  <w>i</w>
  <w>riksdagen</w>
  <w>.</w>
  <w>öka</w>
  <w>anslagen</w>
  <w>!</w>
  <w>.</w>
</absapar>
<absapar id=77>
  <w>#</w>
  <w>P</w>
  <w>IMM</w>
  <w>.</w>
  <w>13</w>
  <w>:</w>
  <w>50</w>
  <w>Amelia</w>
  <w>:</w>
  <w>@</w>
  <w>Kenta</w>
  <w>ett</w>
  <w>samarbete</w>
  <w>kan</w>
  <w>i</w>
  <w>värsta</w>
  <w>fall</w>
  <w>inte</w>
  <w>ge</w>
  <w>garant</w>
  <w>mot</w>
  <w>krig</w>
  <w>men</w>
  <w>det</w>
  <w>ger</w>
  <w>insikt</w>
  <w>i</w>
  <w>deras</w>
  <w>utrustning</w>
  <w>,</w>
  <w>i</w>
  <w>deras</w>
  <w>personlighet</w>
  <w>och</w>
  <w>förhoppningsvis</w>
  <w>en</w>
  <w>lägre</w>
  <w>sannolikhet</w>
  <w>för</w>
  <w>krig</w>
  <w>.</w>
  <w>Förhoppningsvis</w>
  <w>kan</w>
  <w>vi</w>
  <w>som</w>
  <w>sagt</w>
  <w>även</w>
  <absaspan id=128>
    <w>få</w>
    <w>en</w>
    <w>bättre</w>
    <w>relation</w>
    <w>till</w>
    <w>landet</w>
    <w>,</w>
    <w>folket</w>
    <w>och</w>
    <w>ledaren</w>
  </absaspan>
  <w>,</w>
  <w>något</w>
  <w>som</w>
  <w>kan</w>
  <absaspan id=129 senti=4>
    <w>bidra</w>
    <w>till</w>
    <w>mycket</w>
    <w>got</w>
    <w>för</w>
    <w>oss</w>
    <w>alla</w>
  </absaspan>
  <w>.</w>
  <w>@</w>
  <w>Carina</w>
  <w>Stensson</w>
  <w>Angående</w>
  <absaspan id=130>
    <w>Mali</w>
  </absaspan>
  <w>tycker</w>
  <absaspan id=131>
    <w>jag</w>
  </absaspan>
  <w>att</w>
  <w>vi</w>
  <w>mycket</w>
  <w>väl</w>
  <w>kan</w>
  <w>sända</w>
  <w>trupper</w>
  <w>för</w>
  <w>att</w>
  <absaspan id=132 senti=4>
    <w>hjälpa</w>
    <w>utsätta</w>
    <w>människor</w>
    <w>i</w>
    <w>världen</w>
  </absaspan>
  <w>.</w>
  <w>Jag</w>
  <w>vet</w>
  <w>dock</w>
  <w>för</w>
  <w>lite</w>
  <w>om</w>
  <w>konflikten</w>
  <w>där</w>
  <w>för</w>
  <w>att</w>
  <w>kunna</w>
  <w>ha</w>
  <w>mer</w>
  <w>åsikter</w>
  <w>.</w>
</absapar>
<absapar id=78>
  <w>#</w>
  <w>P</w>
  <w>IMM</w>
  <w>.</w>
  <w>13</w>
  <w>:</w>
  <w>52</w>
  <w>Fredrik</w>
  <w>:</w>
  <w>Att</w>
  <w>vi</w>
  <w>överhuvudtaget</w>
  <w>bor</w>
  <w>i</w>
  <w>ett</w>
  <w>geografiskt</w>
  <w>,</w>
  <w>självstyrande</w>
  <w>område</w>
  <w>,</w>
  <w>kallat</w>
  <w>"</w>
  <w>land</w>
  <w>"</w>
  <w>är</w>
  <w>pga</w>
  <w>ett</w>
  <w>försvar</w>
  <w>!</w>
  <w>Om</w>
  <w>inte</w>
  <w>det</w>
  <w>sköts</w>
  <w>ordentligt</w>
  <w>kan</w>
  <w>vi</w>
  <w>avveckla</w>
  <w>"</w>
  <w>Sverige</w>
  <w>"</w>
  <w>.</w>
  <w>Försvaret</w>
  <w>är</w>
  <w>en</w>
  <w>kärnuppgift</w>
  <w>.</w>
</absapar>
<absapar id=79>
  <w>#</w>
  <w>P</w>
  <w>IMM</w>
  <w>.</w>
  <w>13</w>
  <w>:</w>
  <w>52</w>
  <w>Hans</w>
  <w>:</w>
  <w>Minns</w>
  <w>inte</w>
  <w>svenska</w>
  <w>politiker</w>
  <w>att</w>
  <w>vi</w>
  <w>hade</w>
  <w>samma</w>
  <w>vanvettiga</w>
  <w>nedrusting</w>
  <w>under</w>
  <w>1920</w>
  <w>-</w>
  <w>talet</w>
  <w>?</w>
  <w>Trots</w>
  <w>enorm</w>
  <w>anstrangning</w>
  <w>var</w>
  <w>vi</w>
  <w>inte</w>
  <w>kapabla</w>
  <w>att</w>
  <w>forsvara</w>
  <w>Sverige</w>
  <w>forran</w>
  <w>1943</w>
  <w>.</w>
  <w>Upprepa</w>
  <w>inte</w>
  <w>samma</w>
  <w>misstag</w>
  <w>.</w>
</absapar>
<absapar id=80>
  <w>#</w>
  <w>P</w>
  <w>IMM</w>
  <w>.</w>
  <w>13</w>
  <w>:</w>
  <w>54</w>
  <w>Stefan</w>
  <w>i</w>
  <w>Vasastan</w>
  <w>:</w>
  <w>:</w>
  <w>Jag</w>
  <w>skulle</w>
  <w>vilja</w>
  <w>säga</w>
  <w>att</w>
  <w>ska</w>
  <w>man</w>
  <w>stå</w>
  <w>utanför</w>
  <w>konflikter</w>
  <w>till</w>
  <w>varje</w>
  <w>pris</w>
  <w>?</w>
  <w>Finns</w>
  <w>det</w>
  <w>inte</w>
  <w>grundvärderingar</w>
  <w>värda</w>
  <w>att</w>
  <w>slåss</w>
  <w>för</w>
  <w>?</w>
  <w>NATO</w>
  <w>länder</w>
  <w>delar</w>
  <w>våra</w>
  <w>grundläggande</w>
  <w>värderingar</w>
  <w>så</w>
  <w>kan</w>
  <w>det</w>
  <w>vara</w>
  <w>fel</w>
  <w>att</w>
  <w>stå</w>
  <w>med</w>
  <w>dem</w>
  <w>?</w>
  <w>Ska</w>
  <w>vi</w>
  <w>välja</w>
  <w>att</w>
  <w>fega</w>
  <w>ur</w>
  <w>som</w>
  <w>under</w>
  <w>2a</w>
  <w>världskriget</w>
  <w>?</w>
  <w>?</w>
  <w>Jag</w>
  <w>kan</w>
  <w>inte</w>
  <w>leva</w>
  <w>med</w>
  <w>att</w>
  <w>gå</w>
  <w>förbi</w>
  <w>någon</w>
  <w>som</w>
  <w>blir</w>
  <w>slagen</w>
  <w>utan</w>
  <w>att</w>
  <w>göra</w>
  <w>något</w>
  <w>.</w>
  <w>Är</w>
  <w>det</w>
  <w>värt</w>
  <w>att</w>
  <w>leva</w>
  <w>som</w>
  <w>ett</w>
  <w>får</w>
  <w>?</w>
  <w>.</w>
</absapar>
<absapar id=81>
  <w>#</w>
  <w>P</w>
  <w>IMM</w>
  <w>.</w>
  <w>13</w>
  <w>:</w>
  <w>55</w>
  <w>Carina</w>
  <w>Stensson</w>
  <w>:</w>
  <w>Debatten</w>
  <w>går</w>
  <w>mot</w>
  <w>sitt</w>
  <w>slut</w>
  <w>,</w>
  <w>några</w>
  <w>sista</w>
  <w>inlägg</w>
  <w>kommer</w>
  <w>med</w>
  <w>nu</w>
  <w>.</w>
</absapar>
<absapar id=82>
  <w>#</w>
  <w>P</w>
  <w>IMM</w>
  <w>.</w>
  <w>13</w>
  <w>:</w>
  <w>56</w>
  <w>Erik</w>
  <w>:</w>
  <w>Inte</w>
  <w>att</w>
  <w>glömma</w>
  <w>är</w>
  <w>att</w>
  <w>värnplikt</w>
  <w>får</w>
  <w>in</w>
  <w>utsatta</w>
  <w>ungdomar</w>
  <w>i</w>
  <w>en</w>
  <w>gemenskap</w>
  <w>,</w>
  <w>och</w>
  <w>i</w>
  <w>något</w>
  <w>som</w>
  <w>ger</w>
  <w>livserfarenhet</w>
  <w>,</w>
  <w>då</w>
  <w>det</w>
  <w>är</w>
  <w>ansvarstagande</w>
  <w>,</w>
  <w>kamratligt</w>
  <w>och</w>
  <w>att</w>
  <w>man</w>
  <w>får</w>
  <w>bort</w>
  <w>många</w>
  <w>långtidsarbetslösa</w>
  <w>,</w>
  <w>som</w>
  <w>kanske</w>
  <w>t</w>
  <w>o</w>
  <w>m</w>
  <w>kan</w>
  <w>fortsätta</w>
  <w>sin</w>
  <w>karriär</w>
  <w>inom</w>
  <w>försvaret</w>
  <w>,</w>
  <w>vilket</w>
  <w>jag</w>
  <w>inte</w>
  <w>tror</w>
  <w>finns</w>
  <w>i</w>
  <w>mångas</w>
  <w>tankar</w>
  <w>nuförtiden</w>
  <w>.</w>
</absapar>
<absapar id=83>
  <w>#</w>
  <w>P</w>
  <w>IMM</w>
  <w>.</w>
  <w>13</w>
  <w>:</w>
  <w>57</w>
  <w>Erik</w>
  <w>:</w>
  <w>@</w>
  <w>Stefan</w>
  <w>i</w>
  <w>Vasastan</w>
  <w>-</w>
  <w>bara</w>
  <w>för</w>
  <w>att</w>
  <w>vi</w>
  <w>förblir</w>
  <w>neutrala</w>
  <w>,</w>
  <w>betyder</w>
  <w>ju</w>
  <w>inte</w>
  <w>det</w>
  <w>att</w>
  <w>vi</w>
  <w>inte</w>
  <w>kan</w>
  <w>välja</w>
  <w>själva</w>
  <w>var</w>
  <w>vi</w>
  <w>vill</w>
  <w>rycka</w>
  <w>in</w>
  <w>och</w>
  <w>hjälpa</w>
  <w>till</w>
  <w>.</w>
  <w>Det</w>
  <w>betyder</w>
  <w>inte</w>
  <w>att</w>
  <w>vi</w>
  <w>fegar</w>
  <w>ut</w>
  <w>.</w>
  <w>Om</w>
  <w>vi</w>
  <w>däremot</w>
  <w>hade</w>
  <w>varit</w>
  <w>med</w>
  <w>i</w>
  <w>NATO</w>
  <w>,</w>
  <w>så</w>
  <w>kan</w>
  <w>man</w>
  <w>ju</w>
  <w>verkligen</w>
  <w>börja</w>
  <w>tala</w>
  <w>om</w>
  <w>att</w>
  <w>leva</w>
  <w>som</w>
  <w>ett</w>
  <w>får</w>
  <w>!</w>
  <w>.</w>
</absapar>
<absapar id=84>
  <w>#</w>
  <w>P</w>
  <w>IMM</w>
  <w>.</w>
  <w>13</w>
  <w>:</w>
  <w>57</w>
  <w>Carl</w>
  <w>:</w>
  <w>Alla</w>
  <w>som</w>
  <w>påstår</w>
  <w>att</w>
  <w>ett</w>
  <w>litet</w>
  <w>land</w>
  <w>inte</w>
  <w>kan</w>
  <w>försvara</w>
  <w>sig</w>
  <w>mot</w>
  <w>ett</w>
  <w>större</w>
  <w>.</w>
  <w>Jag</w>
  <w>hänvisar</w>
  <w>er</w>
  <w>till</w>
  <w>Finland</w>
  <w>och</w>
  <w>Israel</w>
  <w>.</w>
</absapar>
<absapar id=85>
  <w>#</w>
  <w>P</w>
  <w>IMM</w>
  <w>.</w>
  <w>13</w>
  <w>:</w>
  <w>57</w>
  <w>Martin</w>
  <w>:</w>
  <w>Sverige</w>
  <w>bör</w>
  <w>ha</w>
  <w>ett</w>
  <w>försvar</w>
  <w>för</w>
  <w>folket</w>
  <w>och</w>
  <w>av</w>
  <w>folket</w>
  <w>,</w>
  <w>därför</w>
  <w>bör</w>
  <w>värnplikten</w>
  <w>återinföras</w>
  <w>.</w>
  <w>Anledningen</w>
  <w>till</w>
  <w>att</w>
  <w>Ryssland</w>
  <w>rustar</w>
  <w>upp</w>
  <w>är</w>
  <w>bl.a</w>
  <w>att</w>
  <w>de</w>
  <w>känner</w>
  <w>sig</w>
  <w>hotade</w>
  <w>av</w>
  <w>NATO</w>
  <w>som</w>
  <w>kryper</w>
  <w>allt</w>
  <w>närmre</w>
  <w>deras</w>
  <w>gränser</w>
  <w>och</w>
  <w>NATO</w>
  <w>:</w>
  <w>s</w>
  <w>tillsynes</w>
  <w>eviga</w>
  <w>krigföring</w>
  <w>i</w>
  <w>mellanöstern</w>
  <w>och</w>
  <w>nordafrika</w>
  <w>.</w>
  <w>Därför</w>
  <w>bör</w>
  <w>vi</w>
  <w>också</w>
  <w>fortsätta</w>
  <w>att</w>
  <w>vara</w>
  <w>alliansfria</w>
  <w>och</w>
  <w>stå</w>
  <w>utanför</w>
  <w>framförallt</w>
  <w>NATO</w>
  <w>.</w>
</absapar>
<absapar id=86>
  <w>#</w>
  <w>P</w>
  <w>IMM</w>
  <w>.</w>
  <w>13</w>
  <w>:</w>
  <w>59</w>
  <w>Carina</w>
  <w>Stensson</w>
  <w>:</w>
  <w>Vi</w>
  <w>tackar</w>
  <w>härmed</w>
  <w>för</w>
  <w>en</w>
  <w>intensiv</w>
  <w>läsardebatt</w>
  <w>!</w>
  <w>Många</w>
  <w>har</w>
  <w>postat</w>
  <w>inlägg</w>
  <w>,</w>
  <w>alla</w>
  <w>har</w>
  <w>inte</w>
  <w>kunnat</w>
  <w>komma</w>
  <w>med</w>
  <w>.</w>
  <w>Vi</w>
  <w>önskar</w>
  <w>våra</w>
  <w>läsare</w>
  <w>en</w>
  <w>trevlig</w>
  <w>helg</w>
  <w>!</w>
  <w>.</w>
</absapar>
<absapar id=87>
  <w>Redaktör</w>
  <w>:</w>
  <w>Carina</w>
  <w>Stensson</w>
  <w>,</w>
  <w>Biträdande</w>
  <w>redaktör</w>
  <w>:</w>
  <w>Björn</w>
  <w>Jorner</w>
  <w>,</w>
  <w>Mejl</w>
  <w>:</w>
  <w>debatt</w>
  <w>@</w>
  <w>svd.se</w>
  <w>,</w>
  <w>Telefonnummer</w>
  <w>:</w>
  <w>08</w>
  <w>-</w>
  <w>135149</w>
  <w>,</w>
  <w>Twitter</w>
  <w>:</w>
  <w>@</w>
  <w>SvDDebatt</w>
  <w>,</w>
  <w>Facebook</w>
  <w>:</w>
  <w>SvD</w>
  <w>Debatt</w>
  <w>.</w>
</absapar>
</absadoc>
