<absadoc annotators=1 senti=>
<absatitle>
  <w>P1</w>
  <w>Morgon</w>
  <w>-</w>
  <w>Sveriges</w>
  <w>Hollandsambassadör</w>
  <w>erkänner</w>
  <w>sambandet</w>
  <w>islamisering-kriminalitet</w>
  <w>.</w>
</absatitle>
<absapar id=1>
  <absaspan id=1 senti=4>
    <w>Intressant</w>
  </absaspan>
  <absaspan id=2>
    <w>inslag</w>
  </absaspan>
  <w>om</w>
  <w>högerns</w>
  <w>framgångar</w>
  <w>i</w>
  <w>Europa</w>
  <w>.</w>
  <w>Sveriges</w>
  <w>ambassadör</w>
  <w>i</w>
  <w>Holland</w>
  <w>intervjuas</w>
  <w>tex</w>
  <w>och</w>
  <w>säger</w>
  <w>rakt</w>
  <w>ut</w>
  <w>att</w>
  <w>islamiseringen</w>
  <w>lett</w>
  <w>till</w>
  <w>högre</w>
  <w>kriminalitet</w>
  <w>.</w>
</absapar>
<absapar id=2>
  <w>Enjoy</w>
  <w>,</w>
  <w>.</w>
</absapar>
</absadoc>
