<absadoc annotators=1 senti=>
<absatitle>
  <w>Bättre</w>
  <w>sex</w>
  <w>kräver</w>
  <w>politisk</w>
  <w>handling</w>
  <w>.</w>
</absatitle>
<absapar id=1>
  <w>Hur</w>
  <w>är</w>
  <w>det</w>
  <w>egentligen</w>
  <w>ställt</w>
  <w>med</w>
  <w>våra</w>
  <w>sexliv</w>
  <w>?</w>
  <w>Är</w>
  <w>det</w>
  <w>sexnöd</w>
  <w>i</w>
  <w>Sverige</w>
  <w>?</w>
  <w>Är</w>
  <w>vi</w>
  <w>översexuella</w>
  <w>eller</w>
  <w>rent</w>
  <w>av</w>
  <w>ett</w>
  <w>sexuellt</w>
  <w>frustrerat</w>
  <w>folk</w>
  <w>?</w>
  <w>Eller</w>
  <w>är</w>
  <w>det</w>
  <w>helt</w>
  <w>enkelt</w>
  <w>så</w>
  <w>att</w>
  <w>vi</w>
  <w>bara</w>
  <w>behöver</w>
  <w>veta</w>
  <w>mer</w>
  <w>och</w>
  <w>prata</w>
  <w>mer</w>
  <w>om</w>
  <w>sex</w>
  <w>?</w>
  <w>.</w>
</absapar>
<absapar id=2>
  <w>#</w>
  <w>P</w>
  <w>IMM</w>
  <w>.</w>
  <w>1996</w>
  <w>gjordes</w>
  <w>den</w>
  <w>senast</w>
  <w>–</w>
  <w>den</w>
  <w>stora</w>
  <w>undersökningen</w>
  <w>”</w>
  <w>Sex</w>
  <w>i</w>
  <w>Sverige</w>
  <w>”</w>
  <w>–</w>
  <w>Folkhälsoinstitutets</w>
  <w>djupdykning</w>
  <w>i</w>
  <w>våra</w>
  <w>sexualvanor</w>
  <w>.</w>
</absapar>
<absapar id=3>
  <w>Det</w>
  <w>har</w>
  <w>hänt</w>
  <w>mycket</w>
  <w>i</w>
  <w>samhället</w>
  <w>i</w>
  <w>stort</w>
  <w>sedan</w>
  <w>1996</w>
  <w>.</w>
  <w>Vi</w>
  <absaspan id=1 senti=4>
    <w>är</w>
    <w>mer</w>
    <w>jämställda</w>
  </absaspan>
  <w>.</w>
  <w>Vi</w>
  <absaspan id=2 senti=4>
    <w>är</w>
    <w>friskare</w>
    <w>och</w>
    <w>lever</w>
    <w>längre</w>
  </absaspan>
  <w>.</w>
  <w>Vi</w>
  <w>är</w>
  <w>singlar</w>
  <w>längre</w>
  <w>,</w>
  <w>vi</w>
  <w>väntar</w>
  <w>med</w>
  <w>att</w>
  <w>få</w>
  <w>barn</w>
  <w>tills</w>
  <w>vi</w>
  <w>är</w>
  <w>äldre</w>
  <w>och</w>
  <w>fler</w>
  <w>är</w>
  <w>ofrivilligt</w>
  <w>barnlösa</w>
  <w>.</w>
  <w>Internet</w>
  <w>har</w>
  <w>en</w>
  <w>mycket</w>
  <w>större</w>
  <w>betydelse</w>
  <w>i</w>
  <w>våra</w>
  <w>liv</w>
  <w>.</w>
  <w>Fler</w>
  <w>är</w>
  <w>långtidsarbetslösa</w>
  <w>och</w>
  <w>många</w>
  <w>reser</w>
  <w>mer</w>
  <w>och</w>
  <w>längre</w>
  <w>bort</w>
  <w>i</w>
  <w>världen</w>
  <w>.</w>
  <w>Äldre</w>
  <w>har</w>
  <w>mer</w>
  <w>sex</w>
  <w>och</w>
  <w>träffar</w>
  <w>nya</w>
  <w>partners</w>
  <w>långt</w>
  <w>upp</w>
  <w>i</w>
  <w>åren</w>
  <w>.</w>
  <w>Det</w>
  <w>är</w>
  <w>bara</w>
  <w>några</w>
  <w>exempel</w>
  <w>.</w>
</absapar>
<absapar id=4>
  <w>Förändringar</w>
  <w>i</w>
  <w>samhället</w>
  <w>och</w>
  <w>sexualitet</w>
  <w>hänger</w>
  <w>ihop</w>
  <w>.</w>
  <w>Vi</w>
  <w>vet</w>
  <w>till</w>
  <w>exempel</w>
  <w>att</w>
  <w>risken</w>
  <w>att</w>
  <w>smittas</w>
  <w>av</w>
  <w>klamydia</w>
  <w>är</w>
  <w>större</w>
  <w>bland</w>
  <w>personer</w>
  <w>med</w>
  <w>lägre</w>
  <w>utbildningsgrad</w>
  <w>.</w>
  <w>Vi</w>
  <w>vet</w>
  <w>också</w>
  <w>att</w>
  <w>vi</w>
  <w>har</w>
  <w>fler</w>
  <w>sexpartners</w>
  <w>än</w>
  <w>tidigare</w>
  <w>just</w>
  <w>för</w>
  <w>att</w>
  <w>vi</w>
  <w>är</w>
  <w>singlar</w>
  <w>längre</w>
  <w>.</w>
  <w>Men</w>
  <w>vi</w>
  <w>vet</w>
  <w>inte</w>
  <w>vidden</w>
  <w>av</w>
  <w>vilka</w>
  <w>förändringar</w>
  <w>som</w>
  <w>skett</w>
  <w>i</w>
  <w>våra</w>
  <w>sexvanor</w>
  <w>de</w>
  <w>senaste</w>
  <w>sjutton</w>
  <w>åren</w>
  <w>.</w>
  <w>Den</w>
  <absaspan id=3>
    <w>kunskapen</w>
  </absaspan>
  <absaspan id=4 senti=4>
    <w>saknas</w>
  </absaspan>
  <w>.</w>
</absapar>
<absapar id=5>
  <w>För</w>
  <w>att</w>
  <w>fylla</w>
  <w>de</w>
  <w>kunskapsluckor</w>
  <w>som</w>
  <w>finns</w>
  <absaspan id=5 senti=4>
    <w>behöver</w>
  </absaspan>
  <w>vi</w>
  <absaspan id=6>
    <w>en</w>
    <w>ny</w>
    <w>undersökning</w>
    <w>av</w>
    <w>sexvanor</w>
    <w>i</w>
    <w>Sverige</w>
  </absaspan>
  <w>-</w>
  <absaspan id=7 senti=4>
    <w>det</w>
    <w>är</w>
    <w>dags</w>
    <w>nu</w>
  </absaspan>
  <w>.</w>
  <w>Vi</w>
  <absaspan id=8 senti=4>
    <w>behöver</w>
  </absaspan>
  <absaspan id=9>
    <w>veta</w>
    <w>mer</w>
  </absaspan>
  <w>eftersom</w>
  <w>sex</w>
  <w>eller</w>
  <w>avsaknad</w>
  <w>av</w>
  <w>sex</w>
  <w>är</w>
  <w>en</w>
  <w>central</w>
  <w>del</w>
  <w>av</w>
  <w>livet</w>
  <w>för</w>
  <w>många</w>
  <w>.</w>
  <w>Den</w>
  <w>sexuella</w>
  <w>och</w>
  <w>reproduktiva</w>
  <w>hälsan</w>
  <w>är</w>
  <w>avgörande</w>
  <w>för</w>
  <w>vår</w>
  <w>livskvalitet</w>
  <w>.</w>
  <w>Synen</w>
  <w>på</w>
  <w>sexualitet</w>
  <w>har</w>
  <w>tydligt</w>
  <w>förändrats</w>
  <w>över</w>
  <w>tid</w>
  <w>och</w>
  <w>därmed</w>
  <w>är</w>
  <w>upplevelser</w>
  <w>,</w>
  <w>krav</w>
  <w>och</w>
  <w>förväntningar</w>
  <w>annorlunda</w>
  <w>.</w>
</absapar>
<absapar id=6>
  <w>Livet</w>
  <w>förändras</w>
  <w>,</w>
  <w>kroppen</w>
  <w>förändras</w>
  <w>-</w>
  <w>och</w>
  <w>i</w>
  <w>samband</w>
  <w>med</w>
  <w>nya</w>
  <w>livsfaser</w>
  <w>uppstår</w>
  <w>behov</w>
  <w>av</w>
  <w>nya</w>
  <w>samtal</w>
  <w>,</w>
  <w>även</w>
  <w>på</w>
  <w>sexualitetens</w>
  <w>område</w>
  <w>.</w>
  <w>Vi</w>
  <absaspan id=10 senti=4>
    <w>behöver</w>
  </absaspan>
  <absaspan id=11>
    <w>tala</w>
    <w>mer</w>
    <w>om</w>
    <w>sex</w>
    <w>oavsett</w>
    <w>hur</w>
    <w>gamla</w>
    <w>vi</w>
    <w>är</w>
  </absaspan>
  <w>.</w>
  <w>I</w>
  <w>dag</w>
  <w>har</w>
  <w>vi</w>
  <w>god</w>
  <w>kännedom</w>
  <w>om</w>
  <w>ungas</w>
  <w>sexvanor</w>
  <w>och</w>
  <w>frågor</w>
  <w>kopplade</w>
  <w>till</w>
  <w>preventivmedel</w>
  <w>och</w>
  <w>säkrare</w>
  <w>sex</w>
  <w>.</w>
  <w>Unga</w>
  <w>är</w>
  <w>en</w>
  <w>väl</w>
  <w>undersökt</w>
  <w>grupp</w>
  <w>.</w>
  <w>Men</w>
  <w>sexuell</w>
  <w>hälsa</w>
  <w>är</w>
  <w>mer</w>
  <w>än</w>
  <w>frånvaron</w>
  <w>av</w>
  <w>sexuell</w>
  <w>ohälsa</w>
  <w>.</w>
</absapar>
<absapar id=7>
  <w>På</w>
  <w>inflödet</w>
  <w>av</w>
  <w>frågor</w>
  <w>från</w>
  <w>vuxna</w>
  <w>,</w>
  <w>märker</w>
  <w>vi</w>
  <w>att</w>
  <w>behovet</w>
  <w>av</w>
  <w>kunskap</w>
  <w>och</w>
  <w>seriösa</w>
  <w>samtal</w>
  <w>om</w>
  <w>sexualitet</w>
  <w>absolut</w>
  <w>inte</w>
  <w>försvinner</w>
  <w>med</w>
  <w>åren</w>
  <w>,</w>
  <w>tvärtom</w>
  <w>.</w>
  <w>Många</w>
  <w>vuxna</w>
  <w>i</w>
  <w>Sverige</w>
  <w>saknar</w>
  <w>baskunskaper</w>
  <w>om</w>
  <w>sin</w>
  <w>egen</w>
  <w>kropp</w>
  <w>,</w>
  <w>sin</w>
  <w>sexualitet</w>
  <w>och</w>
  <w>sin</w>
  <w>fertilitet</w>
  <w>.</w>
  <w>Därför</w>
  <w>har</w>
  <w>RFSU</w>
  <w>tagit</w>
  <w>fram</w>
  <w>ett</w>
  <w>batteri</w>
  <w>av</w>
  <w>material</w>
  <w>som</w>
  <w>ska</w>
  <w>göra</w>
  <w>sexet</w>
  <w>lite</w>
  <w>bättre</w>
  <w>och</w>
  <w>lite</w>
  <w>skönare</w>
  <w>för</w>
  <w>alla</w>
  <w>.</w>
  <w>RFSU</w>
  <w>har</w>
  <w>öppnat</w>
  <w>mottagning</w>
  <w>som</w>
  <w>särskilt</w>
  <w>vänder</w>
  <w>sig</w>
  <w>till</w>
  <w>personer</w>
  <w>över</w>
  <w>50</w>
  <w>år</w>
  <w>.</w>
  <w>Det</w>
  <w>är</w>
  <w>bara</w>
  <w>några</w>
  <w>steg</w>
  <w>på</w>
  <w>vägen</w>
  <w>i</w>
  <w>vårt</w>
  <w>arbete</w>
  <w>för</w>
  <w>att</w>
  <w>upplysa</w>
  <w>Sverige</w>
  <w>.</w>
</absapar>
<absapar id=8>
  <w>Vi</w>
  <absaspan id=12 senti=4>
    <w>behöver</w>
  </absaspan>
  <absaspan id=13>
    <w>veta</w>
    <w>mer</w>
    <w>om</w>
    <w>hur</w>
    <w>det</w>
    <w>är</w>
    <w>ställt</w>
    <w>med</w>
    <w>den</w>
    <w>sexuella</w>
    <w>och</w>
    <w>reproduktiva</w>
    <w>hälsan</w>
    <w>för</w>
    <w>exempelvis</w>
    <w>singelföräldrar</w>
    <w>,</w>
    <w>utlandsfödda</w>
    <w>och</w>
    <w>personer</w>
    <w>som</w>
    <w>lever</w>
    <w>med</w>
    <w>funktionsnedsättningar</w>
  </absaspan>
  <w>.</w>
  <w>Vi</w>
  <absaspan id=14 senti=4>
    <w>behöver</w>
  </absaspan>
  <absaspan id=15>
    <w>ta</w>
    <w>större</w>
    <w>hänsyn</w>
    <w>till</w>
    <w>hur</w>
    <w>medicinering</w>
    <w>påverkar</w>
    <w>sexlivet</w>
  </absaspan>
  <w>.</w>
  <w>När</w>
  <w>vi</w>
  <w>pratar</w>
  <w>om</w>
  <w>nätdejting</w>
  <w>behöver</w>
  <w>vi</w>
  <w>veta</w>
  <w>hur</w>
  <w>internet</w>
  <w>egentligen</w>
  <w>har</w>
  <w>påverkat</w>
  <w>oss</w>
  <w>och</w>
  <w>vår</w>
  <w>sexualitet</w>
  <w>.</w>
  <w>När</w>
  <w>vi</w>
  <w>pratar</w>
  <w>om</w>
  <w>parboendegaranti</w>
  <w>på</w>
  <w>äldreboenden</w>
  <w>behöver</w>
  <w>vi</w>
  <w>inkludera</w>
  <w>äldres</w>
  <w>sexualitet</w>
  <w>och</w>
  <w>vi</w>
  <w>måste</w>
  <w>ha</w>
  <w>kunskap</w>
  <w>om</w>
  <w>den</w>
  <w>.</w>
</absapar>
<absapar id=9>
  <absaspan id=16>
    <w>RFSU</w>
  </absaspan>
  <absaspan id=17 senti=4>
    <w>har</w>
  </absaspan>
  <w>i</w>
  <w>många</w>
  <w>år</w>
  <absaspan id=18 senti=4>
    <w>efterlyst</w>
  </absaspan>
  <absaspan id=19>
    <w>större</w>
    <w>undersökningar</w>
    <w>och</w>
    <w>forskning</w>
    <w>om</w>
    <w>sexualvanor</w>
    <w>i</w>
    <w>Sverige</w>
  </absaspan>
  <w>.</w>
  <w>Vi</w>
  <absaspan id=20 senti=4>
    <w>vill</w>
    <w>se</w>
  </absaspan>
  <absaspan id=21>
    <w>studier</w>
    <w>som</w>
    <w>både</w>
    <w>täcker</w>
    <w>in</w>
    <w>hela</w>
    <w>svenska</w>
    <w>folkets</w>
    <w>sexvanor</w>
    <w>och</w>
    <w>undersökningar</w>
    <w>som</w>
    <w>går</w>
    <w>in</w>
    <w>djupare</w>
    <w>på</w>
    <w>smala</w>
    <w>ämnen</w>
  </absaspan>
  <w>.</w>
  <w>Vi</w>
  <w>har</w>
  <w>uppmärksammat</w>
  <w>flera</w>
  <w>politiker</w>
  <w>och</w>
  <w>myndigheter</w>
  <w>om</w>
  <w>detta</w>
  <w>men</w>
  <w>inte</w>
  <w>fått</w>
  <w>gehör</w>
  <w>.</w>
  <w>Fler</w>
  <w>måste</w>
  <w>tycka</w>
  <w>att</w>
  <w>detta</w>
  <w>är</w>
  <w>viktigt</w>
  <w>för</w>
  <w>att</w>
  <w>något</w>
  <w>ska</w>
  <w>ske</w>
  <w>,</w>
  <w>och</w>
  <w>för</w>
  <w>att</w>
  <w>fler</w>
  <w>ska</w>
  <w>få</w>
  <w>möjlighet</w>
  <w>att</w>
  <w>njuta</w>
  <w>av</w>
  <w>sin</w>
  <w>sexualitet</w>
  <w>krävs</w>
  <w>politisk</w>
  <w>handling</w>
  <w>och</w>
  <w>politiska</w>
  <w>beslut</w>
  <w>.</w>
</absapar>
<absapar id=10>
  <absaspan id=22>
    <w>Omfattande</w>
    <w>undersökningar</w>
  </absaspan>
  <absaspan id=23 senti=4>
    <w>är</w>
    <w>en</w>
    <w>förutsättning</w>
    <w>för</w>
    <w>att</w>
    <w>sexualupplysning</w>
    <w>ska</w>
    <w>baseras</w>
    <w>på</w>
    <w>kunskap</w>
    <w>och</w>
    <w>fakta</w>
  </absaspan>
  <w>och</w>
  <w>inte</w>
  <w>bara</w>
  <w>på</w>
  <w>antaganden</w>
  <w>och</w>
  <w>värderingar</w>
  <w>.</w>
  <w>För</w>
  <w>ett</w>
  <w>kunskapsnav</w>
  <w>som</w>
  <w>RFSU</w>
  <absaspan id=24 senti=4>
    <w>är</w>
  </absaspan>
  <absaspan id=25>
    <w>fördjupade</w>
    <w>och</w>
    <w>breda</w>
    <w>studier</w>
  </absaspan>
  <absaspan id=26 senti=4>
    <w>avgörande</w>
  </absaspan>
  <absaspan id=27 senti=4>
    <w>för</w>
    <w>frågor</w>
    <w>som</w>
    <w>rör</w>
    <w>sexualitet</w>
    <w>,</w>
    <w>kön</w>
    <w>och</w>
    <w>relationer</w>
  </absaspan>
  <w>.</w>
</absapar>
<absapar id=11>
  <w>Maria</w>
  <w>Andersson</w>
  <w>.</w>
</absapar>
<absapar id=12>
  <w>Kristina</w>
  <w>Ljungros</w>
  <w>.</w>
</absapar>
<absapar id=13>
  <w>FAKTA</w>
  <w>.</w>
</absapar>
<absapar id=14>
  <w>RERNA</w>
  <w>.</w>
</absapar>
<absapar id=15>
  <w>N</w>
  <w>.</w>
</absapar>
</absadoc>
