<absadoc annotators=1 senti=>
<absatitle>
  <w>SVT</w>
  <w>:</w>
  <w>"</w>
  <w>Hyllad</w>
  <w>borgmästare</w>
  <w>(</w>
  <w>från</w>
  <w>belgiska</w>
  <w>Mechelen</w>
  <w>)</w>
  <w>gav</w>
  <w>råd</w>
  <w>om</w>
  <w>integration</w>
  <w>i</w>
  <w>Rinkeby</w>
  <w>"</w>
  <w>.</w>
</absatitle>
<absapar id=1>
  <w>svt.se</w>
  <w>skriver</w>
  <w>om</w>
  <w>Belgiska</w>
  <w>Mechelen</w>
  <w>:</w>
  <w>.</w>
</absapar>
<absapar id=2>
  <w>Vad</w>
  <w>finns</w>
  <w>att</w>
  <w>säga</w>
  <w>om</w>
  <w>Bart</w>
  <w>Somers</w>
  <w>recept</w>
  <w>?</w>
  <w>Fler</w>
  <w>.</w>
</absapar>
<absapar id=3>
  <w>Jag</w>
  <w>har</w>
  <w>inte</w>
  <w>hittat</w>
  <w>någon</w>
  <w>källa</w>
  <w>som</w>
  <w>tyder</w>
  <w>på</w>
  <w>motsatsen</w>
  <w>,</w>
  <w>vilket</w>
  <w>förvånar</w>
  <w>mig</w>
  <w>.</w>
</absapar>
<absapar id=4>
  <w>Artikeln</w>
  <w>nämner</w>
  <w>i</w>
  <w>förbifarten</w>
  <w>"</w>
  <w>bekämpa</w>
  <w>kriminalitet</w>
  <w>"</w>
  <w>-</w>
  <w>hur</w>
  <w>har</w>
  <w>balansen</w>
  <w>varit</w>
  <w>mellan</w>
  <w>"</w>
  <w>bekämpa</w>
  <w>kriminalitet</w>
  <w>"</w>
  <w>och</w>
  <w>"</w>
  <w>integration</w>
  <w>"</w>
  <w>?</w>
  <w>.</w>
</absapar>
<absapar id=5>
  <w>Artikeln</w>
  <w>är</w>
  <w>skriven</w>
  <w>av</w>
  <w>.</w>
</absapar>
<absapar id=6>
  <w>och</w>
  <w>.</w>
</absapar>
<absapar id=7>
  <w>#</w>
  <w>P</w>
  <w>IMM</w>
  <w>.</w>
  <w>.</w>
  <w>Vad</w>
  <w>finns</w>
  <w>att</w>
  <w>säga</w>
  <w>om</w>
  <w>dessa</w>
  <w>svt-skribenter</w>
  <w>?</w>
  <w>.</w>
</absapar>
</absadoc>
