<absadoc annotators=1 senti=>
<absatitle>
  <w>FN</w>
  <w>ska</w>
  <w>leda</w>
  <w>kampen</w>
  <w>mot</w>
  <w>terroristerna</w>
  <w>.</w>
</absatitle>
<absapar id=1>
  <w>Det</w>
  <w>som</w>
  <w>en</w>
  <w>gång</w>
  <w>var</w>
  <w>World</w>
  <w>Trade</w>
  <w>Center</w>
  <w>glöder</w>
  <w>och</w>
  <w>stinker</w>
  <w>ännu</w>
  <w>fyra</w>
  <w>veckor</w>
  <w>efter</w>
  <w>kollapsen</w>
  <w>.</w>
  <w>När</w>
  <w>som</w>
  <w>helst</w>
  <w>kan</w>
  <w>elden</w>
  <w>ta</w>
  <w>fart</w>
  <w>igen</w>
  <w>,</w>
  <w>när</w>
  <w>röjningsmanskapet</w>
  <w>blottar</w>
  <w>fickor</w>
  <w>i</w>
  <w>ruinerna</w>
  <w>och</w>
  <w>syre</w>
  <w>tillförs</w>
  <w>.</w>
  <w>De</w>
  <w>som</w>
  <w>kommer</w>
  <w>för</w>
  <w>nära</w>
  <w>Ground</w>
  <w>Zero</w>
  <w>känner</w>
  <w>skosulorna</w>
  <w>börja</w>
  <w>smälta</w>
  <w>.</w>
  <w>Där</w>
  <w>,</w>
  <w>i</w>
  <w>hettan</w>
  <w>,</w>
  <w>röken</w>
  <w>,</w>
  <w>askan</w>
  <w>och</w>
  <absaspan id=1 senti=1>
    <w>förödelsen</w>
  </absaspan>
  <w>börjar</w>
  <w>man</w>
  <w>förstå</w>
  <w>varför</w>
  <absaspan id=2 senti=1>
    <w>katastrofområdet</w>
  </absaspan>
  <w>,</w>
  <w>Ground</w>
  <w>Zero</w>
  <w>,</w>
  <w>fått</w>
  <w>namn</w>
  <w>efter</w>
  <w>kärnvapenexplosionernas</w>
  <w>nollpunkt</w>
  <w>.</w>
</absapar>
<absapar id=2>
  <absaspan id=3>
    <w>New</w>
    <w>York</w>
  </absaspan>
  <absaspan id=4 senti=1>
    <w>kämpar</w>
    <w>förtvivlat</w>
  </absaspan>
  <w>för</w>
  <w>att</w>
  <w>återgå</w>
  <w>till</w>
  <w>ett</w>
  <w>något</w>
  <w>slags</w>
  <w>normalitet</w>
  <w>,</w>
  <w>trots</w>
  <absaspan id=5 senti=1>
    <w>en</w>
    <w>ständigt</w>
    <w>närvarande</w>
    <w>sorg</w>
  </absaspan>
  <w>och</w>
  <w>de</w>
  <absaspan id=6 senti=1>
    <w>förödande</w>
    <w>konsekvenserna</w>
    <w>för</w>
    <w>sysselsättning</w>
    <w>och</w>
    <w>ekonomi</w>
  </absaspan>
  <w>.</w>
  <w>Förutom</w>
  <w>alla</w>
  <w>döda</w>
  <w>och</w>
  <w>saknade</w>
  <w>har</w>
  <w>hundratusentals</w>
  <w>människor</w>
  <w>mist</w>
  <w>jobbet</w>
  <w>,</w>
  <w>tiotusentals</w>
  <w>företag</w>
  <w>slagits</w>
  <w>ut</w>
  <w>medan</w>
  <w>återuppbygg</w>
  <w>-</w>
  <w>naden</w>
  <w>beräknas</w>
  <w>kosta</w>
  <w>över</w>
  <w>100</w>
  <w>miljarder</w>
  <w>dollar</w>
  <w>.</w>
</absapar>
<absapar id=3>
  <w>Tusentals</w>
  <w>begravningar</w>
  <w>och</w>
  <w>minnes</w>
  <w>-</w>
  <w>.</w>
</absapar>
<absapar id=4>
  <w>stunder</w>
  <w>äger</w>
  <w>rum</w>
  <w>i</w>
  <w>New</w>
  <w>York</w>
  <w>.</w>
  <absaspan id=7>
    <w>Alla</w>
    <w>brandstationer</w>
    <w>på</w>
    <w>Manhattan</w>
    <w>med</w>
    <w>omnejd</w>
  </absaspan>
  <absaspan id=8 senti=1>
    <w>har</w>
    <w>sorg</w>
  </absaspan>
  <w>.</w>
  <w>Vid</w>
  <w>en</w>
  <w>station</w>
  <w>strax</w>
  <w>intill</w>
  <w>Ground</w>
  <w>Zero</w>
  <w>dog</w>
  <w>samtliga</w>
  <w>brandsoldater</w>
  <w>under</w>
  <w>räddningsarbetets</w>
  <w>första</w>
  <w>timmar</w>
  <w>.</w>
  <w>Stationen</w>
  <w>närmast</w>
  <w>teaterdistriktet</w>
  <w>kring</w>
  <w>Broadway</w>
  <w>miste</w>
  <w>15</w>
  <w>av</w>
  <w>sin</w>
  <w>besättning</w>
  <w>.</w>
  <w>Brandkårens</w>
  <w>lilla</w>
  <w>säckpipekår</w>
  <w>,</w>
  <w>som</w>
  <w>av</w>
  <w>tradition</w>
  <w>spelar</w>
  <w>vid</w>
  <w>kollegers</w>
  <w>bortgång</w>
  <w>,</w>
  <w>arbetar</w>
  <w>för</w>
  <w>högtryck</w>
  <w>.</w>
  <absaspan id=9 senti=2>
    <w>Ett</w>
    <w>dåligt</w>
    <w>år</w>
  </absaspan>
  <w>kan</w>
  <w>det</w>
  <w>röra</w>
  <w>sig</w>
  <w>om</w>
  <w>spelningar</w>
  <w>för</w>
  <w>sex</w>
  <w>fallna</w>
  <w>kamrater</w>
  <w>,</w>
  <w>den</w>
  <w>11</w>
  <w>september</w>
  <absaspan id=10 senti=1>
    <w>krävdes</w>
  </absaspan>
  <w>343</w>
  <w>kollegers</w>
  <absaspan id=11 senti=1>
    <w>liv</w>
  </absaspan>
  <absaspan id=12 senti=1>
    <w>.</w>
  </absaspan>
  <w>De</w>
  <w>två</w>
  <w>första</w>
  <w>veckorna</w>
  <w>blåste</w>
  <w>de</w>
  <w>sina</w>
  <w>pipor</w>
  <w>vid</w>
  <w>90</w>
  <w>olika</w>
  <w>begravningar</w>
  <w>,</w>
  <w>bara</w>
  <w>under</w>
  <w>lördagen</w>
  <w>den</w>
  <w>6</w>
  <w>oktober</w>
  <w>blev</w>
  <w>det</w>
  <w>20</w>
  <w>gånger</w>
  <w>och</w>
  <w>under</w>
  <w>hela</w>
  <w>veckan</w>
  <w>46</w>
  <w>spelningar</w>
  <w>.</w>
  <w>Alla</w>
  <w>klarar</w>
  <w>inte</w>
  <absaspan id=13 senti=1>
    <w>anspänningen</w>
  </absaspan>
  <w>.</w>
  <w>”</w>
  <absaspan id=14>
    <w>Att</w>
    <w>se</w>
    <w>den</w>
    <w>ena</w>
    <w>familjen</w>
    <w>efter</w>
    <w>den</w>
    <w>andra</w>
    <w>kollapsa</w>
    <w>och</w>
    <w>förtvivlade</w>
    <w>,</w>
    <w>storgråtande</w>
    <w>barn</w>
  </absaspan>
  <absaspan id=15 senti=1>
    <w>blir</w>
    <w>till</w>
    <w>slut</w>
    <w>outhärdligt</w>
  </absaspan>
  <w>”</w>
  <w>,</w>
  <w>säger</w>
  <absaspan id=16>
    <w>en</w>
    <w>av</w>
    <w>blåsarna</w>
  </absaspan>
  <w>utanför</w>
  <w>St</w>
  <w>.</w>
  <w>Patrick</w>
  <w>́</w>
  <w>s-katedralen</w>
  <w>i</w>
  <w>New</w>
  <w>York</w>
  <w>.</w>
</absapar>
<absapar id=5>
  <absaspan id=17>
    <w>Massmorden</w>
    <w>i</w>
    <w>New</w>
    <w>York</w>
    <w>,</w>
    <w>Washington</w>
    <w>och</w>
    <w>Philadelphia</w>
  </absaspan>
  <w>är</w>
  <w>inte</w>
  <w>bara</w>
  <absaspan id=18 senti=1>
    <w>en</w>
    <w>amerikansk</w>
    <w>tragedi</w>
  </absaspan>
  <w>,</w>
  <w>de</w>
  <w>6</w>
  <w>000</w>
  <w>offren</w>
  <w>kommer</w>
  <w>från</w>
  <w>81</w>
  <w>länder</w>
  <w>från</w>
  <w>jordens</w>
  <w>alla</w>
  <w>kontinenter</w>
  <w>.</w>
  <w>Där</w>
  <w>finns</w>
  <w>nästan</w>
  <w>hälften</w>
  <w>av</w>
  <w>världens</w>
  <w>nationer</w>
  <w>och</w>
  <w>FN</w>
  <w>:</w>
  <w>s</w>
  <w>medlemsantal</w>
  <w>representerade</w>
  <w>.</w>
  <w>Förenta</w>
  <w>nationerna</w>
  <w>reagerade</w>
  <w>också</w>
  <w>med</w>
  <w>osedvanlig</w>
  <w>snabbhet</w>
  <w>,</w>
  <w>enighet</w>
  <w>och</w>
  <w>kraft</w>
  <w>på</w>
  <w>terroristattackerna</w>
  <w>.</w>
  <w>Det</w>
  <w>spelade</w>
  <w>nog</w>
  <w>en</w>
  <w>realpolitisk</w>
  <w>roll</w>
  <w>att</w>
  <w>just</w>
  <w>supermakten</w>
  <w>USA</w>
  <w>drabbades</w>
  <w>,</w>
  <w>men</w>
  <absaspan id=19>
    <w>FN</w>
    <w>:</w>
  </absaspan>
  <w>s</w>
  <absaspan id=20 senti=3>
    <w>resoluta</w>
    <w>svar</w>
  </absaspan>
  <w>var</w>
  <w>en</w>
  <w>reaktion</w>
  <w>mot</w>
  <absaspan id=21 senti=1>
    <w>det</w>
  </absaspan>
  <w>plötsliga</w>
  <w>,</w>
  <absaspan id=22 senti=1>
    <w>brutala</w>
  </absaspan>
  <absaspan id=23 senti=1>
    <w>och</w>
    <w>oerhörda</w>
  </absaspan>
  <w>i</w>
  <absaspan id=24>
    <w>attackerna</w>
    <w>mot</w>
    <w>oskyldiga</w>
  </absaspan>
  <w>samt</w>
  <w>utmaningen</w>
  <w>av</w>
  <w>ett</w>
  <w>nytt</w>
  <w>,</w>
  <w>okänt</w>
  <w>gemensamt</w>
  <absaspan id=25 senti=1>
    <w>hot</w>
    <w>som</w>
    <w>kunde</w>
    <w>drabba</w>
    <w>vem</w>
    <w>som</w>
    <w>helst</w>
  </absaspan>
  <w>.</w>
  <w>Där</w>
  <w>fanns</w>
  <w>även</w>
  <w>känslan</w>
  <w>av</w>
  <w>närhet</w>
  <w>till</w>
  <w>döden</w>
  <w>och</w>
  <w>förödelsen</w>
  <w>,</w>
  <w>FN</w>
  <w>ligger</w>
  <w>knappt</w>
  <w>tre</w>
  <w>kilometer</w>
  <w>från</w>
  <w>Ground</w>
  <w>Zero</w>
  <w>.</w>
</absapar>
<absapar id=6>
  <w>Men</w>
  <w>viktigast</w>
  <w>var</w>
  <w>ändå</w>
  <w>att</w>
  <w>världsorganisationen</w>
  <w>visade</w>
  <w>att</w>
  <w>den</w>
  <w>både</w>
  <w>kan</w>
  <w>,</w>
  <w>vill</w>
  <w>och</w>
  <w>måste</w>
  <w>ha</w>
  <w>en</w>
  <w>huvudroll</w>
  <w>i</w>
  <w>en</w>
  <w>världsomfattande</w>
  <w>kamp</w>
  <w>mot</w>
  <w>terrorismen</w>
  <w>.</w>
  <absaspan id=26>
    <w>Ett</w>
    <w>amerikanskt</w>
    <w>eller</w>
    <w>västerländskt</w>
    <w>korståg</w>
    <w>mot</w>
    <w>terrorismen</w>
  </absaspan>
  <w>vore</w>
  <w>av</w>
  <w>många</w>
  <w>skäl</w>
  <w>både</w>
  <absaspan id=27 senti=1>
    <w>farligt</w>
  </absaspan>
  <w>och</w>
  <absaspan id=28 senti=1>
    <w>dömt</w>
    <w>att</w>
    <w>misslyckas</w>
  </absaspan>
  <w>,</w>
  <w>något</w>
  <w>som</w>
  <w>man</w>
  <w>också</w>
  <w>snabbt</w>
  <w>insåg</w>
  <w>i</w>
  <w>Washington</w>
  <w>.</w>
  <w>Beslutet</w>
  <w>att</w>
  <w>strax</w>
  <w>efter</w>
  <w>den</w>
  <w>11</w>
  <w>september</w>
  <w>avbetala</w>
  <w>USA</w>
  <w>:</w>
  <w>s</w>
  <w>skuld</w>
  <w>till</w>
  <w>FN</w>
  <w>med</w>
  <w>582</w>
  <w>miljoner</w>
  <w>dollar</w>
  <w>motiverades</w>
  <w>av</w>
  <absaspan id=29>
    <w>en</w>
    <w>tidigare</w>
    <w>FN-skeptiker</w>
  </absaspan>
  <w>i</w>
  <w>kongressen</w>
  <w>med</w>
  <w>orden</w>
  <w>:</w>
  <w>”</w>
  <absaspan id=30>
    <w>Att</w>
    <w>USA</w>
    <w>försöker</w>
    <w>bygga</w>
    <w>en</w>
    <w>global</w>
    <w>koalition</w>
    <w>mot</w>
    <w>terrorismen</w>
    <w>och</w>
    <w>samtidigt</w>
    <w>har</w>
    <w>den</w>
    <w>största</w>
    <w>skulden</w>
    <w>till</w>
    <w>FN</w>
  </absaspan>
  <w>,</w>
  <w>är</w>
  <w>inte</w>
  <w>bara</w>
  <absaspan id=31 senti=1>
    <w>oacceptabelt</w>
  </absaspan>
  <w>utan</w>
  <w>också</w>
  <absaspan id=32 senti=1>
    <w>ett</w>
    <w>hinder</w>
    <w>för</w>
    <w>våra</w>
    <w>diplomatiska</w>
    <w>ansträngningar</w>
  </absaspan>
  <w>och</w>
  <w>helt</w>
  <w>klart</w>
  <absaspan id=33 senti=1>
    <w>en</w>
    <w>fara</w>
    <w>för</w>
    <w>vår</w>
    <w>nationella</w>
    <w>säkerhet</w>
  </absaspan>
  <w>.</w>
  <w>”</w>
  <w>.</w>
</absapar>
<absapar id=7>
  <absaspan id=34>
    <w>Kampen</w>
    <w>mot</w>
    <w>terrorismen</w>
  </absaspan>
  <absaspan id=35 senti=1>
    <w>i</w>
    <w>den</w>
    <w>ohyggliga</w>
    <w>form</w>
    <w>som</w>
    <w>vi</w>
    <w>sett</w>
    <w>den</w>
  </absaspan>
  <w>är</w>
  <w>en</w>
  <w>internationell</w>
  <w>angelägenhet</w>
  <w>.</w>
  <w>De</w>
  <w>långtgående</w>
  <w>FN-resolutionerna</w>
  <w>efter</w>
  <w>den</w>
  <w>11</w>
  <w>september</w>
  <w>var</w>
  <w>inte</w>
  <w>de</w>
  <w>första</w>
  <w>i</w>
  <w>sitt</w>
  <w>slag</w>
  <w>.</w>
  <w>Att</w>
  <absaspan id=36>
    <w>talibanerna</w>
  </absaspan>
  <w>i</w>
  <w>strid</w>
  <w>mot</w>
  <w>folkrätten</w>
  <absaspan id=37 senti=4>
    <w>skyddar</w>
  </absaspan>
  <w>och</w>
  <w>tränar</w>
  <absaspan id=38>
    <w>terrorist-organisationer</w>
  </absaspan>
  <w>,</w>
  <w>och</w>
  <w>att</w>
  <w>de</w>
  <w>använder</w>
  <w>sina</w>
  <w>områden</w>
  <w>för</w>
  <w>planering</w>
  <w>av</w>
  <w>terroristattacker</w>
  <w>,</w>
  <w>fastslogs</w>
  <w>av</w>
  <w>FN</w>
  <w>:</w>
  <w>s</w>
  <w>säkerhetsråd</w>
  <w>i</w>
  <w>två</w>
  <w>olika</w>
  <w>resolutioner</w>
  <w>redan</w>
  <w>i</w>
  <w>augusti</w>
  <w>1998</w>
  <w>,</w>
  <w>efter</w>
  <w>bombattackerna</w>
  <w>mot</w>
  <w>de</w>
  <w>amerikanska</w>
  <w>ambassaderna</w>
  <w>i</w>
  <w>Tanzania</w>
  <w>och</w>
  <w>Kenya</w>
  <w>.</w>
</absapar>
<absapar id=8>
  <w>I</w>
  <w>oktober</w>
  <w>1999</w>
  <w>konstaterade</w>
  <w>Säkerhetsrådet</w>
  <w>att</w>
  <absaspan id=39>
    <w>talibanerna</w>
  </absaspan>
  <absaspan id=40 senti=5>
    <w>gav</w>
  </absaspan>
  <absaspan id=41>
    <w>bin</w>
    <w>Ladin</w>
  </absaspan>
  <absaspan id=42 senti=5>
    <w>en</w>
  </absaspan>
  <absaspan id=43 senti=5>
    <w>fristad</w>
  </absaspan>
  <w>och</w>
  <w>krävde</w>
  <w>att</w>
  <w>de</w>
  <w>omedelbart</w>
  <w>utlämnade</w>
  <w>bin</w>
  <w>Ladin</w>
  <w>.</w>
  <w>Till</w>
  <w>dess</w>
  <w>att</w>
  <w>regimen</w>
  <w>i</w>
  <w>Kabul</w>
  <w>vidtog</w>
  <w>dessa</w>
  <w>åtgärder</w>
  <w>införde</w>
  <w>FN</w>
  <w>sanktioner</w>
  <w>om</w>
  <w>flygförbud</w>
  <w>och</w>
  <w>frysande</w>
  <w>av</w>
  <w>deras</w>
  <w>finansiella</w>
  <w>tillgångar</w>
  <w>.</w>
  <w>I</w>
  <w>december</w>
  <w>2000</w>
  <w>krävde</w>
  <w>Säkerhetsrådet</w>
  <w>på</w>
  <w>nytt</w>
  <w>att</w>
  <w>talibanerna</w>
  <w>stängde</w>
  <w>träningslägren</w>
  <w>för</w>
  <w>terrorister</w>
  <w>samtidigt</w>
  <w>som</w>
  <w>man</w>
  <w>utvidgade</w>
  <w>sanktionerna</w>
  <w>till</w>
  <w>att</w>
  <w>omfatta</w>
  <w>vapenembargo</w>
  <w>och</w>
  <w>reseförbud</w>
  <w>.</w>
  <w>Vidare</w>
  <w>beslutade</w>
  <w>FN</w>
  <w>att</w>
  <w>upprätta</w>
  <w>en</w>
  <w>lista</w>
  <w>över</w>
  <w>personer</w>
  <w>med</w>
  <w>samröre</w>
  <w>med</w>
  <w>bin</w>
  <w>Ladin</w>
  <w>och</w>
  <w>al-Qaidarörelsen</w>
  <w>.</w>
</absapar>
<absapar id=9>
  <w>När</w>
  <w>nu</w>
  <w>terrorismen</w>
  <w>globaliserats</w>
  <w>,</w>
  <w>måste</w>
  <w>också</w>
  <w>kampen</w>
  <w>mot</w>
  <w>terrorismen</w>
  <w>globaliseras</w>
  <w>.</w>
  <w>Och</w>
  <w>endast</w>
  <w>Förenta</w>
  <w>nationerna</w>
  <w>kan</w>
  <w>ge</w>
  <w>legitimitet</w>
  <w>åt</w>
  <w>den</w>
  <w>världsomspännande</w>
  <w>koalitionen</w>
  <w>som</w>
  <w>bildats</w>
  <w>.</w>
</absapar>
<absapar id=10>
  <w>Viktigt</w>
  <w>för</w>
  <w>att</w>
  <w>den</w>
  <w>stora</w>
  <w>uppslutningen</w>
  <w>av</w>
  <w>FN</w>
  <w>:</w>
  <w>s</w>
  <w>medlemsstater</w>
  <w>i</w>
  <w>den</w>
  <w>kampen</w>
  <w>skall</w>
  <w>hålla</w>
  <w>,</w>
  <w>är</w>
  <w>att</w>
  <w>just</w>
  <w>FN-resolutionerna</w>
  <w>efterlevs</w>
  <w>.</w>
  <w>De</w>
  <w>ger</w>
  <w>USA</w>
  <w>rätt</w>
  <w>till</w>
  <w>självförsvar</w>
  <w>,</w>
  <w>också</w>
  <w>med</w>
  <w>militära</w>
  <w>medel</w>
  <w>,</w>
  <w>för</w>
  <w>att</w>
  <w>förhindra</w>
  <w>nya</w>
  <w>terroristattacker</w>
  <w>.</w>
  <w>Men</w>
  <w>aktionen</w>
  <w>som</w>
  <w>nu</w>
  <w>har</w>
  <w>inletts</w>
  <w>måste</w>
  <w>riktas</w>
  <w>mot</w>
  <w>legitima</w>
  <w>mål</w>
  <w>,</w>
  <w>vara</w>
  <w>proportionerlig</w>
  <w>och</w>
  <absaspan id=44 senti=4>
    <w>ge</w>
  </absaspan>
  <absaspan id=45>
    <w>oskyldiga</w>
    <w>civila</w>
  </absaspan>
  <absaspan id=46 senti=4>
    <w>maximalt</w>
  </absaspan>
  <absaspan id=47 senti=4>
    <w>skydd</w>
  </absaspan>
  <w>.</w>
  <w>Dessutom</w>
  <w>måste</w>
  <w>USA</w>
  <w>och</w>
  <w>England</w>
  <w>,</w>
  <w>som</w>
  <w>Göran</w>
  <w>Persson</w>
  <w>betonat</w>
  <w>,</w>
  <w>i</w>
  <w>enlighet</w>
  <w>med</w>
  <w>FN-stadgan</w>
  <w>rapportera</w>
  <w>till</w>
  <w>FN</w>
  <w>:</w>
  <w>s</w>
  <w>säkerhetsråd</w>
  <w>om</w>
  <w>de</w>
  <w>åtgärder</w>
  <w>man</w>
  <w>vidtager</w>
  <w>.</w>
</absapar>
<absapar id=11>
  <absaspan id=48>
    <w>Olof</w>
    <w>Palme</w>
  </absaspan>
  <w>som</w>
  <w>av</w>
  <w>några</w>
  <w>i</w>
  <w>den</w>
  <w>svenska</w>
  <w>debatten</w>
  <w>nu</w>
  <w>beskylls</w>
  <w>för</w>
  <w>”</w>
  <w>internationella</w>
  <w>äventyr</w>
  <w>”</w>
  <w>och</w>
  <w>”</w>
  <w>ha</w>
  <w>hämtat</w>
  <w>näring</w>
  <w>hos</w>
  <w>marxistiska</w>
  <w>romantiker</w>
  <w>i</w>
  <w>Afrika</w>
  <w>,</w>
  <w>Asien</w>
  <w>och</w>
  <w>Latinamerika</w>
  <w>”</w>
  <w>,</w>
  <w>var</w>
  <w>en</w>
  <w>av</w>
  <w>de</w>
  <w>första</w>
  <w>och</w>
  <w>en</w>
  <w>de</w>
  <w>få</w>
  <w>regeringscheferna</w>
  <w>som</w>
  <w>i</w>
  <w>FN</w>
  <w>varnade</w>
  <w>för</w>
  <absaspan id=49 senti=2>
    <w>faran</w>
    <w>av</w>
  </absaspan>
  <absaspan id=50>
    <w>internationell</w>
    <w>terrorism</w>
  </absaspan>
  <w>.</w>
  <w>”</w>
  <w>Freden</w>
  <w>är</w>
  <w>Förenta</w>
  <w>nationernas</w>
  <w>främsta</w>
  <w>syfte</w>
  <w>”</w>
  <w>,</w>
  <w>sade</w>
  <w>han</w>
  <w>i</w>
  <w>FN</w>
  <w>:</w>
  <w>s</w>
  <w>generalförsamling</w>
  <w>i</w>
  <w>oktober</w>
  <w>för</w>
  <w>sexton</w>
  <w>år</w>
  <w>sedan</w>
  <w>,</w>
  <w>och</w>
  <w>fortsatte</w>
  <w>:</w>
  <w>”</w>
  <w>Ett</w>
  <w>område</w>
  <w>där</w>
  <w>samarbete</w>
  <w>mellan</w>
  <w>stater</w>
  <w>är</w>
  <w>absolut</w>
  <w>nödvändigt</w>
  <w>är</w>
  <w>i</w>
  <w>kampen</w>
  <w>mot</w>
  <absaspan id=51>
    <w>terrorism</w>
  </absaspan>
  <w>i</w>
  <w>alla</w>
  <w>dess</w>
  <w>former</w>
  <w>,</w>
  <absaspan id=52 senti=1>
    <w>denna</w>
    <w>grymma</w>
    <w>slakt</w>
    <w>av</w>
    <w>oskyldiga</w>
    <w>civila</w>
  </absaspan>
  <w>.</w>
  <w>”</w>
  <w>Tio</w>
  <w>år</w>
  <w>tidigare</w>
  <w>,</w>
  <w>i</w>
  <w>november</w>
  <w>1975</w>
  <w>,</w>
  <w>hade</w>
  <absaspan id=53>
    <w>Palme</w>
  </absaspan>
  <w>också</w>
  <absaspan id=54 senti=2>
    <w>tagit</w>
    <w>avstånd</w>
    <w>från</w>
  </absaspan>
  <absaspan id=55>
    <w>en</w>
    <w>resolution</w>
    <w>om</w>
    <w>apartheid</w>
    <w>i</w>
    <w>vilken</w>
    <w>sionism</w>
    <w>och</w>
    <w>rasism</w>
    <w>jämställdes</w>
  </absaspan>
  <w>.</w>
</absapar>
<absapar id=12>
  <absaspan id=56>
    <w>Olof</w>
    <w>Palme</w>
  </absaspan>
  <w>var</w>
  <w>konsekvent</w>
  <w>i</w>
  <w>sitt</w>
  <w>budskap</w>
  <w>om</w>
  <w>att</w>
  <absaspan id=57>
    <w>fattigdom</w>
    <w>och</w>
    <w>förtryck</w>
  </absaspan>
  <absaspan id=58 senti=1>
    <w>leder</w>
    <w>till</w>
    <w>vrede</w>
    <w>,</w>
    <w>instabilitet</w>
    <w>och</w>
    <w>motstånd</w>
  </absaspan>
  <w>.</w>
  <w>Han</w>
  <w>påtalade</w>
  <w>att</w>
  <absaspan id=59 senti=1>
    <w>de</w>
    <w>allvarligaste</w>
    <w>hoten</w>
    <w>mot</w>
    <w>mänskligheten</w>
  </absaspan>
  <w>utgjordes</w>
  <w>av</w>
  <absaspan id=60>
    <w>massfattigdomen</w>
  </absaspan>
  <w>och</w>
  <absaspan id=61>
    <w>massförstörelsevapnen</w>
  </absaspan>
  <w>.</w>
  <w>Dessa</w>
  <absaspan id=62 senti=1>
    <w>hot</w>
  </absaspan>
  <w>är</w>
  <w>alltjämt</w>
  <w>giltiga</w>
  <w>.</w>
</absapar>
<absapar id=13>
  <w>Också</w>
  <w>idag</w>
  <w>,</w>
  <w>efter</w>
  <w>den</w>
  <w>11</w>
  <w>september</w>
  <w>,</w>
  <w>måste</w>
  <w>vi</w>
  <w>kunna</w>
  <w>se</w>
  <absaspan id=63 senti=1>
    <w>de</w>
    <w>långsiktiga</w>
    <w>hoten</w>
    <w>mot</w>
    <w>vår</w>
    <w>överlevnad</w>
  </absaspan>
  <w>.</w>
  <w>En</w>
  <w>strikt</w>
  <w>och</w>
  <w>allmän</w>
  <w>uppslutning</w>
  <w>kring</w>
  <w>de</w>
  <w>konventioner</w>
  <w>som</w>
  <w>är</w>
  <w>avsedda</w>
  <w>att</w>
  <w>begränsa</w>
  <w>och</w>
  <w>förbjuda</w>
  <w>biologiska</w>
  <w>och</w>
  <w>kemiska</w>
  <w>vapen</w>
  <w>samt</w>
  <w>kärnvapen</w>
  <w>måste</w>
  <w>nu</w>
  <w>till</w>
  <w>.</w>
  <w>Det</w>
  <w>är</w>
  <absaspan id=64 senti=3>
    <w>angelägnare</w>
    <w>än</w>
    <w>någonsin</w>
  </absaspan>
  <absaspan id=65>
    <w>att</w>
    <w>den</w>
    <w>rika</w>
    <w>världen</w>
    <w>,</w>
    <w>även</w>
    <w>dess</w>
    <w>starkaste</w>
    <w>medlem</w>
    <w>,</w>
    <w>på</w>
    <w>allvar</w>
    <w>ser</w>
  </absaspan>
  <absaspan id=66>
    <w>de</w>
    <w>underliggande</w>
    <w>sociala</w>
    <w>,</w>
    <w>ekonomiska</w>
    <w>och</w>
    <w>politiska</w>
    <w>faktorer</w>
    <w>som</w>
  </absaspan>
  <absaspan id=67 senti=2>
    <w>skapar</w>
    <w>den</w>
    <w>mänskliga</w>
    <w>misär</w>
    <w>där</w>
    <w>fanatism</w>
    <w>och</w>
    <w>terrorism</w>
    <w>kan</w>
    <w>frodas</w>
    <w>och</w>
    <w>vinna</w>
    <w>stöd</w>
  </absaspan>
  <w>.</w>
  <w>Ökat</w>
  <w>bistånd</w>
  <w>,</w>
  <w>konfliktförebyggande</w>
  <w>insatser</w>
  <w>,</w>
  <absaspan id=68 senti=4>
    <w>en</w>
    <w>rättvisare</w>
    <w>handel</w>
  </absaspan>
  <w>,</w>
  <w>skuldlättnader</w>
  <w>och</w>
  <w>insatser</w>
  <w>för</w>
  <w>internationell</w>
  <w>förståelse</w>
  <w>över</w>
  <w>kulturella</w>
  <w>och</w>
  <w>religiösa</w>
  <w>gränser</w>
  <w>ingår</w>
  <w>i</w>
  <w>en</w>
  <w>sådan</w>
  <w>långsiktig</w>
  <w>strategi</w>
  <w>.</w>
  <w>Även</w>
  <w>här</w>
  <absaspan id=69 senti=3>
    <w>har</w>
  </absaspan>
  <absaspan id=70>
    <w>FN</w>
  </absaspan>
  <absaspan id=71 senti=3>
    <w>en</w>
  </absaspan>
  <absaspan id=72 senti=3>
    <w>oundgänglig</w>
    <w>roll</w>
  </absaspan>
  <w>.</w>
</absapar>
<absapar id=14>
  <w>Pierre</w>
  <w>Schori</w>
  <w>(</w>
  <w>FN-ambassadör</w>
  <w>New</w>
  <w>York</w>
  <w>)</w>
  <w>.</w>
</absapar>
</absadoc>
