<absadoc annotators=1 senti=>
<absatitle>
  <w>Jag</w>
  <w>avgjorde</w>
  <w>finalen</w>
  <w>.</w>
</absatitle>
<absapar id=1>
  <absaspan id=1>
    <w>Signaturen</w>
    <w>”</w>
    <w>Västmanland</w>
    <w>gränsar</w>
    <w>inte</w>
    <w>till</w>
    <w>Vänern</w>
    <w>”</w>
  </absaspan>
  <w>(</w>
  <w>AB</w>
  <w>17</w>
  <w>/</w>
  <w>3</w>
  <w>)</w>
  <absaspan id=2 senti=2>
    <w>måste</w>
    <w>ha</w>
    <w>blivit</w>
    <w>djupt</w>
    <w>berörd</w>
    <w>och</w>
    <w>beklämd</w>
    <w>över</w>
  </absaspan>
  <absaspan id=3>
    <w>något</w>
    <w>jag</w>
    <w>sade</w>
    <w>i</w>
    <w>de</w>
    <w>fyra</w>
    <w>matcher</w>
    <w>vi</w>
    <w>vann</w>
    <w>i</w>
    <w>årets</w>
    <w>”</w>
    <w>På</w>
    <w>spåret</w>
    <w>”</w>
  </absaspan>
  <w>.</w>
</absapar>
<absapar id=2>
  <w>När</w>
  <absaspan id=4>
    <w>han</w>
    <w>eller</w>
    <w>hon</w>
  </absaspan>
  <w>elegant</w>
  <absaspan id=5 senti=4>
    <w>väljer</w>
    <w>att</w>
    <w>hylla</w>
  </absaspan>
  <absaspan id=6>
    <w>min</w>
    <w>medtävlande</w>
    <w>och</w>
    <w>mina</w>
    <w>motståndare</w>
  </absaspan>
  <w>och</w>
  <w>lämna</w>
  <w>mig</w>
  <w>utanför</w>
  <absaspan id=7 senti=2>
    <w>kan</w>
  </absaspan>
  <absaspan id=8>
    <w>jag</w>
  </absaspan>
  <absaspan id=9 senti=2>
    <w>inte</w>
    <w>annat</w>
    <w>än</w>
    <w>att</w>
    <w>först</w>
    <w>bli</w>
    <w>en</w>
    <w>smula</w>
    <w>nedstämd</w>
    <w>,</w>
    <w>sedan</w>
    <w>lite</w>
    <w>upprörd</w>
  </absaspan>
  <w>.</w>
</absapar>
<absapar id=3>
  <w>Såg</w>
  <w>denna</w>
  <w>självutnämnda</w>
  <w>kartritare</w>
  <w>överhuvdtaget</w>
  <w>finalen</w>
  <w>?</w>
  <w>.</w>
</absapar>
<absapar id=4>
  <w>Jag</w>
  <w>törs</w>
  <w>utlova</w>
  <w>att</w>
  <w>han</w>
  <w>eller</w>
  <w>hon</w>
  <w>ska</w>
  <w>bli</w>
  <w>helt</w>
  <w>nöjd</w>
  <w>med</w>
  <w>mina</w>
  <w>kunskaper</w>
  <w>både</w>
  <w>om</w>
  <w>holländska</w>
  <w>kolonistäder</w>
  <w>,</w>
  <w>Göteborg</w>
  <w>,</w>
  <w>fotbollsspelare</w>
  <w>och</w>
  <w>vilket</w>
  <w>år</w>
  <w>som</w>
  <w>Eyvind</w>
  <w>Johnsson</w>
  <w>och</w>
  <w>Harry</w>
  <w>Martinsson</w>
  <w>delade</w>
  <w>på</w>
  <w>Nobelpriset</w>
  <w>.</w>
  <w>Det</w>
  <w>var</w>
  <w>helt</w>
  <w>enkelt</w>
  <w>jag</w>
  <w>som</w>
  <w>avgjorde</w>
  <w>finalen</w>
  <w>till</w>
  <w>vårt</w>
  <w>lags</w>
  <w>fördel</w>
  <w>.</w>
</absapar>
<absapar id=5>
  <w>Marcus</w>
  <w>Birro</w>
  <w>.</w>
</absapar>
</absadoc>
