<absadoc annotators=1 senti=0>
<absatitle>
  <w>Med</w>
  <w>öppna</w>
  <w>gränser</w>
  <w>klarar</w>
  <w>vi</w>
  <w>byggtakten</w>
  <w>.</w>
</absatitle>
<absapar id=1 senti=4>
  <w>Den</w>
  <w>mest</w>
  <w>avgörande</w>
  <w>frågan</w>
  <w>för</w>
  <w>att</w>
  <w>klara</w>
  <absaspan id=1 senti=4>
    <w>kommande</w>
  </absaspan>
  <absaspan id=2 senti=4>
    <w>utmaning</w>
  </absaspan>
  <absaspan id=3>
    <w>om</w>
    <w>arbetskraftsbrist</w>
  </absaspan>
  <w>möts</w>
  <w>med</w>
  <w>att</w>
  <w>fortsätt</w>
  <w>ha</w>
  <w>öppna</w>
  <w>gränser</w>
  <w>och</w>
  <w>tillåta</w>
  <absaspan id=4>
    <w>arbetskraftsinvandring.Sten</w>
    <w>Nordin</w>
  </absaspan>
  <w>.</w>
</absapar>
<absapar id=2>
  <w>Det</w>
  <w>här</w>
  <w>är</w>
  <w>en</w>
  <w>argumenterande</w>
  <w>text</w>
  <w>med</w>
  <w>syfte</w>
  <w>att</w>
  <w>påverka</w>
  <w>.</w>
  <w>Åsikterna</w>
  <w>som</w>
  <w>uttrycks</w>
  <w>är</w>
  <w>skribentens</w>
  <w>egna</w>
  <w>.</w>
</absapar>
<absapar id=3>
  <w>På</w>
  <w>Brännpunkt</w>
  <w>22</w>
  <w>/</w>
  <w>8</w>
  <w>skriver</w>
  <w>företrädare</w>
  <w>för</w>
  <w>Stockholms</w>
  <w>Byggmästareförening</w>
  <w>och</w>
  <w>Fastighetsägarna</w>
  <w>Stockholm</w>
  <w>om</w>
  <w>en</w>
  <w>av</w>
  <w>valets</w>
  <w>viktigaste</w>
  <w>frågor</w>
  <w>,</w>
  <w>bostadsförsörjningen</w>
  <w>i</w>
  <w>Stockholm</w>
  <w>.</w>
  <w>Att</w>
  <w>bygga</w>
  <w>hem</w>
  <w>åt</w>
  <w>alla</w>
  <w>stockholmare</w>
  <w>,</w>
  <w>gamla</w>
  <w>som</w>
  <w>nya</w>
  <w>är</w>
  <w>helt</w>
  <w>avgörande</w>
  <w>om</w>
  <w>Stockholms</w>
  <w>fantastiska</w>
  <w>utveckling</w>
  <w>och</w>
  <w>tillväxt</w>
  <w>ska</w>
  <w>fortsätta</w>
  <w>.</w>
  <w>Fler</w>
  <w>bostäder</w>
  <w>genererar</w>
  <w>fler</w>
  <w>jobb</w>
  <w>,</w>
  <w>och</w>
  <w>för</w>
  <w>att</w>
  <w>fler</w>
  <w>ska</w>
  <w>kunna</w>
  <w>arbeta</w>
  <w>i</w>
  <w>Stockholm</w>
  <w>behövs</w>
  <w>fler</w>
  <w>bostäder</w>
  <w>–</w>
  <w>utvecklingen</w>
  <w>framåt</w>
  <w>hänger</w>
  <w>ihop</w>
  <w>.</w>
</absapar>
<absapar id=4>
  <w>I</w>
  <w>huvudsak</w>
  <w>delar</w>
  <w>jag</w>
  <w>Billy</w>
  <w>McCormacs</w>
  <w>och</w>
  <w>Elisabeth</w>
  <w>Martins</w>
  <w>problembeskrivning</w>
  <w>;</w>
  <w>kompetensförsörjningen</w>
  <w>är</w>
  <w>helt</w>
  <w>central</w>
  <w>för</w>
  <w>att</w>
  <w>bostadsbristen</w>
  <w>ska</w>
  <w>kunna</w>
  <w>byggas</w>
  <w>bort</w>
  <w>,</w>
  <w>den</w>
  <w>är</w>
  <w>central</w>
  <w>för</w>
  <w>att</w>
  <w>Moderaternas</w>
  <w>och</w>
  <w>alliansens</w>
  <w>mål</w>
  <w>om</w>
  <w>att</w>
  <w>bygga</w>
  <w>140</w>
  <w>000</w>
  <w>nya</w>
  <w>bostäder</w>
  <w>ska</w>
  <w>kunna</w>
  <w>nås</w>
  <w>.</w>
  <w>För</w>
  <w>att</w>
  <w>möta</w>
  <w>detta</w>
  <w>krävs</w>
  <w>att</w>
  <w>ett</w>
  <w>antal</w>
  <w>faktorer</w>
  <w>spelar</w>
  <w>i</w>
  <w>rätt</w>
  <w>riktning</w>
  <w>.</w>
</absapar>
<absapar id=5>
  <w>*</w>
  <w>*</w>
  <absaspan id=5>
    <w>Grunden</w>
    <w>till</w>
    <w>positiv</w>
    <w>utveckling</w>
  </absaspan>
  <w>*</w>
  <w>*</w>
  <w>handlar</w>
  <w>också</w>
  <w>om</w>
  <w>att</w>
  <absaspan id=6 senti=4>
    <w>stå</w>
    <w>upp</w>
    <w>för</w>
    <w>goda</w>
  </absaspan>
  <w>kommunikationer</w>
  <w>.</w>
  <w>Huvudstäder</w>
  <w>som</w>
  <w>Stockholm</w>
  <w>kan</w>
  <w>bara</w>
  <w>växa</w>
  <w>snabbt</w>
  <w>på</w>
  <w>ett</w>
  <w>långsiktigt</w>
  <w>hållbart</w>
  <w>sätt</w>
  <w>om</w>
  <w>nya</w>
  <w>bostäder</w>
  <w>byggs</w>
  <w>med</w>
  <w>smarta</w>
  <w>kommunikationslösningar</w>
  <w>.</w>
  <w>Det</w>
  <w>är</w>
  <w>därför</w>
  <w>Moderaterna</w>
  <w>driver</w>
  <w>på</w>
  <w>byggandet</w>
  <w>av</w>
  <w>Förbifart</w>
  <w>Stockholm</w>
  <w>,</w>
  <w>utbyggd</w>
  <w>tunnelbana</w>
  <w>,</w>
  <w>fler</w>
  <w>gång</w>
  <w>-</w>
  <w>och</w>
  <w>cykelstråk</w>
  <w>samt</w>
  <w>att</w>
  <w>vi</w>
  <w>ska</w>
  <w>behålla</w>
  <w>Bromma</w>
  <w>flygplats</w>
  <w>.</w>
  <w>Det</w>
  <w>är</w>
  <w>genom</w>
  <w>möjligheten</w>
  <w>till</w>
  <w>pendling</w>
  <w>och</w>
  <w>bra</w>
  <w>kommunikationer</w>
  <w>som</w>
  <absaspan id=7>
    <w>Stockholmsregionen</w>
  </absaspan>
  <w>kommer</w>
  <w>fortsätta</w>
  <w>att</w>
  <absaspan id=8 senti=4>
    <w>vara</w>
    <w>Sveriges</w>
    <w>motor</w>
  </absaspan>
  <w>.</w>
</absapar>
<absapar id=6>
  <w>Den</w>
  <w>mest</w>
  <w>avgörande</w>
  <w>frågan</w>
  <w>för</w>
  <w>att</w>
  <w>klara</w>
  <w>kommande</w>
  <w>utmaning</w>
  <w>om</w>
  <w>arbetskraftsbrist</w>
  <w>möts</w>
  <w>med</w>
  <w>att</w>
  <w>fortsätt</w>
  <w>ha</w>
  <w>öppna</w>
  <w>gränser</w>
  <w>och</w>
  <w>tillåta</w>
  <w>arbetskraftsinvandring</w>
  <w>.</w>
  <w>Om</w>
  <w>olyckan</w>
  <w>skulle</w>
  <w>vara</w>
  <w>framme</w>
  <w>den</w>
  <w>14</w>
  <w>september</w>
  <w>och</w>
  <absaspan id=9>
    <w>Socialdemokraterna</w>
    <w>tar</w>
    <w>makten</w>
  </absaspan>
  <w>är</w>
  <absaspan id=10 senti=2>
    <w>Stockholms</w>
    <w>tillväxt</w>
  </absaspan>
  <absaspan id=11 senti=2>
    <w>hotad</w>
    <w>på</w>
    <w>riktigt</w>
  </absaspan>
  <w>,</w>
  <w>vilket</w>
  <absaspan id=12 senti=1>
    <w>är</w>
    <w>djupt</w>
    <w>oroväckande</w>
  </absaspan>
  <w>.</w>
  <w>Vi</w>
  <w>har</w>
  <w>helt</w>
  <w>skilda</w>
  <w>utgångspunkter</w>
  <w>.</w>
  <w>Stefan</w>
  <w>Löfven</w>
  <w>(</w>
  <w>S</w>
  <w>)</w>
  <w>har</w>
  <w>öppet</w>
  <w>deklarerat</w>
  <w>att</w>
  <w>han</w>
  <w>vill</w>
  <w>ha</w>
  <w>ett</w>
  <w>råd</w>
  <w>där</w>
  <w>facket</w>
  <w>ska</w>
  <w>bestämma</w>
  <w>vilka</w>
  <w>branscher</w>
  <w>där</w>
  <w>arbetskraftsinvandring</w>
  <w>är</w>
  <w>möjlig</w>
  <w>.</w>
  <w>Ett</w>
  <w>annat</w>
  <w>exempel</w>
  <w>är</w>
  <w>Löfvens</w>
  <w>närmaste</w>
  <w>man</w>
  <w>Jan</w>
  <w>Larsson</w>
  <w>(</w>
  <w>S</w>
  <w>)</w>
  <w>som</w>
  <w>tidigare</w>
  <w>argumenterat</w>
  <w>för</w>
  <w>att</w>
  <w>jobb</w>
  <w>i</w>
  <w>första</w>
  <w>hand</w>
  <w>alltid</w>
  <w>ska</w>
  <w>erbjudas</w>
  <w>till</w>
  <w>svenskar</w>
  <w>.</w>
  <w>Detta</w>
  <w>är</w>
  <w>ett</w>
  <absaspan id=13>
    <w>socialdemokratiskt</w>
    <w>synsätt</w>
  </absaspan>
  <w>som</w>
  <w>skulle</w>
  <absaspan id=14 senti=2>
    <w>göra</w>
    <w>Sverige</w>
    <w>till</w>
    <w>ett</w>
    <w>fattigare</w>
    <w>land</w>
  </absaspan>
  <w>och</w>
  <w>Stockholm</w>
  <w>skulle</w>
  <w>tappa</w>
  <w>15</w>
  <w>000</w>
  <w>byggnadsarbetare</w>
  <w>.</w>
  <w>Då</w>
  <w>blir</w>
  <w>det</w>
  <w>inte</w>
  <w>många</w>
  <w>bostäder</w>
  <w>byggda</w>
  <w>.</w>
</absapar>
<absapar id=7>
  <w>*</w>
  <w>*</w>
  <w>Utöver</w>
  <w>att</w>
  <absaspan id=15 senti=2>
    <w>välkomna</w>
  </absaspan>
  <w>*</w>
  <w>*</w>
  <absaspan id=16>
    <w>arbetskraftsinvandring</w>
  </absaspan>
  <w>anser</w>
  <absaspan id=17>
    <w>Moderaterna</w>
  </absaspan>
  <w>att</w>
  <w>det</w>
  <w>är</w>
  <w>dags</w>
  <w>att</w>
  <w>starta</w>
  <w>Stockholms</w>
  <w>Byggakademi</w>
  <w>.</w>
  <w>Byggakademin</w>
  <w>föreslås</w>
  <w>drivas</w>
  <w>tillsammans</w>
  <w>med</w>
  <w>branschen</w>
  <w>,</w>
  <w>byggfacken</w>
  <w>och</w>
  <w>akademierna</w>
  <w>.</w>
  <w>Stockholm</w>
  <w>behöver</w>
  <w>fler</w>
  <w>ingenjörer</w>
  <w>,</w>
  <w>byggnadsledare</w>
  <w>,</w>
  <w>snickare</w>
  <w>,</w>
  <w>takläggare</w>
  <w>och</w>
  <w>projektledare</w>
  <w>.</w>
  <w>Stockholms</w>
  <w>byggakademi</w>
  <w>kan</w>
  <w>skapa</w>
  <w>både</w>
  <w>intresse</w>
  <w>och</w>
  <w>status</w>
  <w>för</w>
  <w>att</w>
  <w>börja</w>
  <w>jobba</w>
  <w>i</w>
  <w>byggbranschen</w>
  <w>och</w>
  <w>bidra</w>
  <w>med</w>
  <w>den</w>
  <w>kompetens</w>
  <w>som</w>
  <w>krävs</w>
  <w>i</w>
  <w>det</w>
  <w>enskilda</w>
  <w>fallet</w>
  <w>.</w>
  <absaspan id=18>
    <w>Byggakademin</w>
    <w>bistår</w>
    <w>med</w>
    <w>kunskaper</w>
  </absaspan>
  <absaspan id=19 senti=4>
    <w>skräddarsydda</w>
  </absaspan>
  <w>för</w>
  <w>storstadens</w>
  <w>behov</w>
  <w>,</w>
  <w>rustar</w>
  <w>byggjobbarna</w>
  <w>med</w>
  <w>rätt</w>
  <w>kompetens</w>
  <w>och</w>
  <w>kommer</w>
  <w>därmed</w>
  <w>att</w>
  <w>vara</w>
  <w>efterlängtad</w>
  <w>av</w>
  <w>arbetsgivarna</w>
  <w>.</w>
</absapar>
<absapar id=8>
  <w>Skräddarsydda</w>
  <w>kurser</w>
  <w>i</w>
  <w>ämnen</w>
  <w>som</w>
  <w>intresserar</w>
  <w>och</w>
  <w>engagerar</w>
  <w>både</w>
  <w>kropp</w>
  <w>och</w>
  <w>själ</w>
  <w>.</w>
</absapar>
<absapar id=9>
  <w>I</w>
  <w>samtal</w>
  <w>med</w>
  <w>byggindustrin</w>
  <w>har</w>
  <w>det</w>
  <w>tydligt</w>
  <w>framgått</w>
  <w>att</w>
  <w>dagens</w>
  <w>byggregler</w>
  <w>inte</w>
  <w>är</w>
  <w>i</w>
  <w>takt</w>
  <w>med</w>
  <w>tiden</w>
  <w>.</w>
  <w>Faktum</w>
  <w>är</w>
  <w>att</w>
  <w>Stockholm</w>
  <w>,</w>
  <w>med</w>
  <w>dagens</w>
  <w>byggregler</w>
  <w>,</w>
  <w>aldrig</w>
  <w>hade</w>
  <w>fått</w>
  <w>lov</w>
  <w>att</w>
  <w>byggas</w>
  <w>.</w>
  <w>Genom</w>
  <w>Moderaternas</w>
  <w>förslag</w>
  <w>kan</w>
  <w>ytterligare</w>
  <w>bostäder</w>
  <w>för</w>
  <w>framförallt</w>
  <w>unga</w>
  <w>och</w>
  <w>studenter</w>
  <w>byggas</w>
  <w>.</w>
</absapar>
<absapar id=10>
  <absaspan id=20>
    <w>Den</w>
    <w>analys</w>
    <w>som</w>
    <w>McCormac</w>
    <w>och</w>
    <w>Martin</w>
    <w>gör</w>
    <w>i</w>
    <w>artikeln</w>
    <w>över</w>
    <w>Stockholmspolitiken</w>
  </absaspan>
  <absaspan id=21 senti=2>
    <w>är</w>
    <w>mer</w>
    <w>ett</w>
    <w>önskescenario</w>
    <w>än</w>
    <w>verklighet</w>
  </absaspan>
  <w>.</w>
  <w>Visst</w>
  <w>säger</w>
  <w>(</w>
  <w>S</w>
  <w>)</w>
  <w>sig</w>
  <w>vara</w>
  <w>för</w>
  <w>vårt</w>
  <w>bostadsmål</w>
  <w>men</w>
  <w>blir</w>
  <w>det</w>
  <w>maktskifte</w>
  <w>i</w>
  <w>stadshuset</w>
  <w>kommer</w>
  <w>det</w>
  <w>bli</w>
  <w>fyra</w>
  <w>förlorade</w>
  <w>år</w>
  <w>för</w>
  <w>byggandet</w>
  <w>.</w>
</absapar>
<absapar id=11>
  <w>De</w>
  <w>rödgröna</w>
  <w>har</w>
  <w>haft</w>
  <w>åtta</w>
  <w>år</w>
  <w>på</w>
  <w>sig</w>
  <w>att</w>
  <w>komma</w>
  <w>överens</w>
  <w>om</w>
  <w>den</w>
  <w>så</w>
  <w>viktiga</w>
  <w>bostadspolitiken</w>
  <w>.</w>
  <w>Har</w>
  <w>de</w>
  <w>lyckats</w>
  <w>och</w>
  <w>föreberett</w>
  <w>sig</w>
  <w>tillsammans</w>
  <w>?</w>
  <w>Nej</w>
  <w>.</w>
  <w>I</w>
  <w>själva</w>
  <w>verket</w>
  <w>har</w>
  <w>de</w>
  <w>på</w>
  <w>sin</w>
  <w>höjd</w>
  <w>teckning</w>
  <w>för</w>
  <w>drygt</w>
  <w>halva</w>
  <w>deras</w>
  <w>bostadsmål</w>
  <w>.</w>
  <w>Med</w>
  <w>koalitionspartnern</w>
  <w>Vänsterpartiet</w>
  <w>som</w>
  <w>anser</w>
  <w>att</w>
  <w>80</w>
  <w>000</w>
  <w>bostäder</w>
  <w>är</w>
  <w>nog</w>
  <w>,</w>
  <w>med</w>
  <w>MP</w>
  <w>som</w>
  <w>bestämt</w>
  <w>sig</w>
  <w>för</w>
  <w>att</w>
  <w>50</w>
  <w>000</w>
  <w>av</w>
  <w>bostäderna</w>
  <w>ska</w>
  <w>byggas</w>
  <w>på</w>
  <w>Bromma</w>
  <w>Flygplats</w>
  <w>,</w>
  <w>ja</w>
  <w>då</w>
  <w>blir</w>
  <w>det</w>
  <w>inte</w>
  <w>mycket</w>
  <w>kvar</w>
  <w>av</w>
  <w>byggplanerna</w>
  <w>och</w>
  <w>Stockholm</w>
  <w>kommer</w>
  <w>fortsatt</w>
  <w>vara</w>
  <w>förpassat</w>
  <w>till</w>
  <w>bostadsbrist</w>
  <w>.</w>
</absapar>
<absapar id=12>
  <w>Men</w>
  <w>Socialdemokraterna</w>
  <w>kanske</w>
  <w>förlitar</w>
  <w>sig</w>
  <w>på</w>
  <w>att</w>
  <w>länet</w>
  <w>i</w>
  <w>övrigt</w>
  <w>ska</w>
  <w>ta</w>
  <w>ett</w>
  <w>större</w>
  <w>byggansvar</w>
  <w>.</w>
  <w>Tyvärr</w>
  <w>är</w>
  <w>exemplen</w>
  <w>alltför</w>
  <w>många</w>
  <w>där</w>
  <w>de</w>
  <w>rödgröna</w>
  <w>skjuter</w>
  <w>kommande</w>
  <w>byggplaner</w>
  <w>i</w>
  <w>sank</w>
  <w>.</w>
  <w>En</w>
  <w>snabb</w>
  <w>översikt</w>
  <w>visar</w>
  <w>att</w>
  <w>tusentals</w>
  <w>nya</w>
  <w>bostäder</w>
  <w>stoppas</w>
  <w>vid</w>
  <w>en</w>
  <w>rödgrön</w>
  <w>valseger</w>
  <w>.</w>
  <w>I</w>
  <w>exempelvis</w>
  <w>Vaxholm</w>
  <w>är</w>
  <w>de</w>
  <w>rödgröna</w>
  <w>tydliga</w>
  <w>–</w>
  <w>kategoriskt</w>
  <w>avslag</w>
  <w>till</w>
  <w>alla</w>
  <w>bostadsplaner</w>
  <w>cirka</w>
  <w>1000</w>
  <w>aktuella</w>
  <w>bostäder</w>
  <w>,</w>
  <w>i</w>
  <w>Huddinge</w>
  <w>är</w>
  <w>S</w>
  <w>och</w>
  <w>MP</w>
  <w>sammantaget</w>
  <w>mot</w>
  <w>att</w>
  <w>1</w>
  <w>800</w>
  <w>bostäder</w>
  <w>byggs</w>
  <w>,</w>
  <w>i</w>
  <w>Norrtälje</w>
  <w>säger</w>
  <w>MP</w>
  <w>nej</w>
  <w>till</w>
  <w>1</w>
  <w>500</w>
  <w>bostäder</w>
  <w>.</w>
  <w>Listan</w>
  <w>kan</w>
  <w>fortsätta</w>
  <w>men</w>
  <w>visar</w>
  <w>tydligt</w>
  <w>att</w>
  <w>om</w>
  <w>Stockholm</w>
  <w>en</w>
  <w>gång</w>
  <w>för</w>
  <w>alla</w>
  <w>ska</w>
  <w>göra</w>
  <w>upp</w>
  <w>med</w>
  <w>den</w>
  <w>historiska</w>
  <w>bostadsskulden</w>
  <w>så</w>
  <w>är</w>
  <w>det</w>
  <w>inte</w>
  <w>de</w>
  <w>rödgröna</w>
  <w>som</w>
  <w>är</w>
  <w>svaret</w>
  <w>.</w>
</absapar>
<absapar id=13>
  <absaspan id=22>
    <w>Moderaterna</w>
    <w>är</w>
    <w>tillsammans</w>
    <w>med</w>
    <w>alliansen</w>
  </absaspan>
  <absaspan id=23 senti=4>
    <w>den</w>
    <w>enda</w>
    <w>garanten</w>
  </absaspan>
  <w>för</w>
  <w>Stockholms</w>
  <w>fortsatta</w>
  <w>bostadsbyggande</w>
  <w>och</w>
  <w>jobbtillväxt</w>
  <w>.</w>
  <w>I</w>
  <w>valet</w>
  <w>2010</w>
  <w>lovade</w>
  <w>vi</w>
  <w>15</w>
  <w>000</w>
  <w>nya</w>
  <w>bostäder</w>
  <w>,</w>
  <w>och</w>
  <w>nu</w>
  <w>står</w>
  <w>15</w>
  <w>990</w>
  <w>bostäder</w>
  <w>inflyttningsklara</w>
  <w>.</w>
  <w>Vi</w>
  <w>lovade</w>
  <w>att</w>
  <w>starta</w>
  <w>arbetet</w>
  <w>med</w>
  <w>20</w>
  <w>000</w>
  <w>nya</w>
  <w>bostäder</w>
  <w>till</w>
  <w>2014</w>
  <w>,</w>
  <w>och</w>
  <w>under</w>
  <w>mandatperioden</w>
  <w>har</w>
  <w>vi</w>
  <w>markanvisat</w>
  <w>20</w>
  <w>093</w>
  <w>nya</w>
  <w>hem</w>
  <w>.</w>
  <absaspan id=24>
    <w>Vi</w>
  </absaspan>
  <absaspan id=25 senti=4>
    <w>ställer</w>
    <w>inte</w>
    <w>ut</w>
    <w>tomma</w>
    <w>löften</w>
    <w>utan</w>
    <w>håller</w>
    <w>vad</w>
    <w>vi</w>
    <w>lovar</w>
  </absaspan>
  <w>.</w>
</absapar>
<absapar id=14>
  <w>STEN</w>
  <w>NORDIN</w>
  <w>(</w>
  <w>M</w>
  <w>)</w>
  <w>.</w>
</absapar>
<absapar id=15>
  <w>finansborgarråd</w>
  <w>och</w>
  <w>Kommunstyrelsens</w>
  <w>ordförande</w>
  <w>Stockholms</w>
  <w>stad</w>
  <w>.</w>
</absapar>
<absapar id=16>
  <w>Redaktör</w>
  <w>:</w>
  <w>Carina</w>
  <w>Stensson</w>
  <w>,</w>
  <w>Biträdande</w>
  <w>redaktör</w>
  <w>:</w>
  <w>Björn</w>
  <w>Jorner</w>
  <w>,</w>
  <w>Mejl</w>
  <w>:</w>
  <w>debatt</w>
  <w>@</w>
  <w>svd.se</w>
  <w>,</w>
  <w>Telefonnummer</w>
  <w>:</w>
  <w>08</w>
  <w>-</w>
  <w>135149</w>
  <w>,</w>
  <w>Twitter</w>
  <w>:</w>
  <w>@</w>
  <w>SvDDebatt</w>
  <w>,</w>
  <w>Facebook</w>
  <w>:</w>
  <w>SvD</w>
  <w>Debatt</w>
  <w>.</w>
</absapar>
</absadoc>
