<absadoc annotators=1 senti=>
<absatitle>
  <w>Stor</w>
  <absaspan id=1 senti=1 target=1>
    <w>korruptionkris</w>
  </absaspan>
  <w>i</w>
  <w>Turkiet</w>
  <w>,</w>
  <w>AKP</w>
  <w>står</w>
  <w>inför</w>
  <w>stora</w>
  <w>utmaningar</w>
  <w>.</w>
</absatitle>
<absapar id=1>
  <w>I</w>
  <w>Turkiet</w>
  <w>är</w>
  <absaspan id=2 senti=1>
    <w>korruptionkriset</w>
  </absaspan>
  <w>mycket</w>
  <w>aktuellt</w>
  <w>,</w>
  <w>50</w>
  <w>högt</w>
  <w>uppsatta</w>
  <w>affärsmän</w>
  <w>och</w>
  <w>ministrar</w>
  <w>samt</w>
  <w>deras</w>
  <w>söner</w>
  <w>är</w>
  <w>anklagad</w>
  <w>för</w>
  <w>korruption</w>
  <w>för</w>
  <w>miljontals</w>
  <w>dollar</w>
  <w>.</w>
  <w>Ministrar</w>
  <w>är</w>
  <w>från</w>
  <w>regeringspartiet</w>
  <w>AKP</w>
  <w>.</w>
</absapar>
<absapar id=2>
  <w>För</w>
  <w>att</w>
  <w>förstå</w>
  <w>vad</w>
  <w>det</w>
  <w>handlar</w>
  <w>om</w>
  <w>bör</w>
  <w>man</w>
  <w>ha</w>
  <w>översikligt</w>
  <w>koll</w>
  <w>vem</w>
  <w>Fetullah</w>
  <w>Gulen</w>
  <w>är</w>
  <w>.</w>
  <w>Nyvarande</w>
  <w>regeringspartiet</w>
  <w>är</w>
  <absaspan id=3>
    <w>AKP</w>
  </absaspan>
  <w>som</w>
  <absaspan id=4 senti=5>
    <w>har</w>
    <w>stark</w>
    <w>stöd</w>
    <w>bland</w>
  </absaspan>
  <absaspan id=5>
    <w>anhängare</w>
    <w>till</w>
    <w>islamiskt</w>
    <w>extremist</w>
    <w>sektledaren</w>
    <w>Fetullah</w>
    <w>Gullen</w>
  </absaspan>
  <w>som</w>
  <w>bor</w>
  <w>i</w>
  <w>USA</w>
  <w>.</w>
  <absaspan id=6>
    <w>Fetullah</w>
    <w>Gulen</w>
  </absaspan>
  <w>har</w>
  <w>milijontals</w>
  <absaspan id=7 senti=4>
    <w>anhängare</w>
  </absaspan>
  <w>i</w>
  <w>Turkiet</w>
  <w>och</w>
  <w>runt</w>
  <w>om</w>
  <w>i</w>
  <w>världen</w>
  <w>.</w>
  <w>Han</w>
  <w>sekt</w>
  <w>har</w>
  <w>organiserat</w>
  <w>sig</w>
  <w>bland</w>
  <w>polisen</w>
  <w>,</w>
  <w>rättsväsendet</w>
  <w>,</w>
  <w>skolan</w>
  <w>och</w>
  <w>inom</w>
  <w>AKP</w>
  <w>partiet</w>
  <w>.</w>
  <w>De</w>
  <w>rekryterar</w>
  <w>ungdomar</w>
  <w>till</w>
  <w>sin</w>
  <w>sekt</w>
  <w>genom</w>
  <w>studiebidrag</w>
  <w>som</w>
  <w>sektet</w>
  <w>står</w>
  <w>och</w>
  <w>på</w>
  <w>så</w>
  <w>sätt</w>
  <w>utbildar</w>
  <w>dem</w>
  <w>till</w>
  <w>polis</w>
  <w>,</w>
  <w>lärare</w>
  <w>,</w>
  <w>juridik</w>
  <w>och</w>
  <w>på</w>
  <w>så</w>
  <w>sätt</w>
  <w>har</w>
  <w>de</w>
  <w>bildad</w>
  <w>en</w>
  <w>stor</w>
  <w>islamiskt</w>
  <w>organisation</w>
  <w>.</w>
</absapar>
<absapar id=3>
  <w>För</w>
  <w>några</w>
  <w>veckor</w>
  <w>sen</w>
  <w>införde</w>
  <w>statsministern</w>
  <w>,</w>
  <w>Erdogan</w>
  <w>som</w>
  <w>är</w>
  <w>partiledare</w>
  <w>för</w>
  <w>AKP</w>
  <w>en</w>
  <w>lag</w>
  <w>som</w>
  <w>förbjuder</w>
  <w>extra</w>
  <w>skolor</w>
  <w>.</w>
  <w>Efter</w>
  <w>skolan</w>
  <w>går</w>
  <w>frivilliga</w>
  <w>elever</w>
  <w>till</w>
  <w>extra</w>
  <w>skolor</w>
  <w>för</w>
  <w>att</w>
  <w>lära</w>
  <w>sig</w>
  <w>mer</w>
  <w>,</w>
  <w>om</w>
  <w>dessa</w>
  <w>skolor</w>
  <w>ägs</w>
  <w>många</w>
  <w>av</w>
  <w>Fetullah</w>
  <w>Gullen</w>
  <w>för</w>
  <w>att</w>
  <w>rektyrera</w>
  <w>elever</w>
  <w>.</w>
  <w>Detta</w>
  <w>har</w>
  <w>lett</w>
  <w>till</w>
  <w>att</w>
  <absaspan id=8 senti=1>
    <w>relation</w>
    <w>mellan</w>
  </absaspan>
  <absaspan id=9>
    <w>AKP</w>
    <w>och</w>
    <w>Fetullah</w>
    <w>Gullen</w>
  </absaspan>
  <absaspan id=10 senti=1>
    <w>blev</w>
  </absaspan>
  <absaspan id=11 senti=1>
    <w>mycket</w>
    <w>kritiskt</w>
  </absaspan>
  <w>.</w>
  <w>Fetullah</w>
  <w>Gullen</w>
  <w>menar</w>
  <w>att</w>
  <w>stasministern</w>
  <w>Erdogan</w>
  <w>försöker</w>
  <w>minska</w>
  <w>sektets</w>
  <w>makt</w>
  <w>och</w>
  <w>själv</w>
  <w>få</w>
  <w>en</w>
  <w>högre</w>
  <w>ställning</w>
  <w>.</w>
  <w>Detta</w>
  <w>var</w>
  <w>någon</w>
  <w>som</w>
  <w>Fetullah</w>
  <w>Gullen</w>
  <w>har</w>
  <w>anat</w>
  <w>sig</w>
  <w>långt</w>
  <w>tillbaka</w>
  <w>att</w>
  <w>någon</w>
  <w>sånt</w>
  <w>skulle</w>
  <w>hända</w>
  <w>och</w>
  <w>startade</w>
  <w>igång</w>
  <w>sin</w>
  <w>politiska</w>
  <w>attack</w>
  <w>mot</w>
  <w>partiet</w>
  <w>.</w>
  <w>Sektet</w>
  <w>har</w>
  <w>som</w>
  <w>sagt</w>
  <w>mycket</w>
  <w>väl</w>
  <w>organiserad</w>
  <w>inom</w>
  <w>poliskåren</w>
  <w>.</w>
  <w>Polisen</w>
  <w>hade</w>
  <w>ett</w>
  <w>år</w>
  <w>tidigare</w>
  <w>spionerat</w>
  <w>på</w>
  <w>dessa</w>
  <w>affärsmän</w>
  <w>och</w>
  <w>ministrar</w>
  <w>och</w>
  <w>samlat</w>
  <w>information</w>
  <w>och</w>
  <w>bevis</w>
  <w>på</w>
  <w>korruption</w>
  <w>samt</w>
  <w>bilder</w>
  <w>på</w>
  <w>bar</w>
  <w>gärning</w>
  <w>.</w>
  <w>Att</w>
  <w>AKP</w>
  <w>gör</w>
  <w>korruption</w>
  <w>var</w>
  <w>i</w>
  <w>allmänhet</w>
  <w>känd</w>
  <w>men</w>
  <w>kunde</w>
  <w>inte</w>
  <w>bevisas</w>
  <w>.</w>
  <w>Det</w>
  <w>är</w>
  <w>första</w>
  <w>gången</w>
  <w>som</w>
  <w>detta</w>
  <w>har</w>
  <w>offentliggjorts</w>
  <w>.</w>
  <w>Poliskåren</w>
  <w>har</w>
  <w>gjort</w>
  <w>razzia</w>
  <w>mot</w>
  <w>dessa</w>
  <w>misstänkta</w>
  <w>och</w>
  <w>hittat</w>
  <w>milijontals</w>
  <w>dollar</w>
  <w>.</w>
  <w>Ny</w>
  <w>står</w>
  <w>den</w>
  <absaspan id=12 senti=1>
    <w>korrupta</w>
  </absaspan>
  <absaspan id=13>
    <w>AKP</w>
  </absaspan>
  <w>partiet</w>
  <w>inför</w>
  <w>stora</w>
  <w>politiska</w>
  <w>utmaningar</w>
  <w>inför</w>
  <w>valet</w>
  <w>2014</w>
  <w>.</w>
</absapar>
<absapar id=4>
  <w>AKP</w>
  <w>har</w>
  <w>blandannat</w>
  <w>beslutat</w>
  <w>att</w>
  <w>avskedat</w>
  <w>de</w>
  <w>10</w>
  <w>poliskommisarier</w>
  <w>som</w>
  <w>har</w>
  <w>bedrivit</w>
  <w>razzian</w>
  <w>och</w>
  <w>man</w>
  <w>har</w>
  <w>avskedat</w>
  <w>också</w>
  <w>för</w>
  <w>kommunpolitiken</w>
  <w>i</w>
  <w>Istanbul</w>
  <w>.</w>
</absapar>
<absapar id=5>
  <w>Det</w>
  <w>står</w>
  <w>inte</w>
  <w>så</w>
  <w>mycket</w>
  <w>om</w>
  <w>detta</w>
  <w>i</w>
  <w>svenska</w>
  <w>medier</w>
  <w>,</w>
  <w>men</w>
  <w>hitta</w>
  <w>en</w>
  <w>artikel</w>
  <w>på</w>
  <w>DN</w>
  <w>.</w>
</absapar>
<absapar id=6>
  <w>Artikel</w>
  <w>från</w>
  <w>the</w>
  <w>new</w>
  <w>york</w>
  <w>times</w>
  <w>:</w>
  <w>.</w>
</absapar>
<absapar id=7>
  <absaspan id=14 senti=1>
    <w>ett</w>
    <w>mycket</w>
    <w>hårt</w>
    <w>uttalande</w>
  </absaspan>
  <w>från</w>
  <w>sekt</w>
  <w>ledaren</w>
  <w>Fetullah</w>
  <w>Gulen</w>
  <w>om</w>
  <w>situationen</w>
  <w>på</w>
  <w>turkiska</w>
  <w>:</w>
  <w>.</w>
</absapar>
<absapar id=8>
  <w>(</w>
  <w>rekomenderar</w>
  <w>att</w>
  <w>ni</w>
  <w>startar</w>
  <w>att</w>
  <w>kolla</w>
  <w>vid</w>
  <w>01</w>
  <w>;</w>
  <w>03</w>
  <w>,</w>
  <w>mycket</w>
  <w>hemsk</w>
  <w>.</w>
</absapar>
</absadoc>
