<absadoc annotators=1 senti=>
<absatitle>
  <w>#</w>
  <w>T</w>
  <w>IMM</w>
  <w>.</w>
  <w>”</w>
  <w>Ingen</w>
  <w>asylsökande</w>
  <w>behöver</w>
  <w>bo</w>
  <w>med</w>
  <w>14</w>
  <w>andra</w>
  <w>i</w>
  <w>en</w>
  <w>etta</w>
  <w>”</w>
  <w>.</w>
</absatitle>
<absapar id=1>
  <w>Svar</w>
  <w>till</w>
  <w>Johansson</w>
  <w>,</w>
  <w>Lago</w>
  <w>och</w>
  <w>Reepalu</w>
  <w>.</w>
</absapar>
<absapar id=2>
  <absaspan id=1>
    <w>Situationen</w>
    <w>i</w>
    <w>Ronna</w>
    <w>,</w>
    <w>Rosengård</w>
    <w>och</w>
    <w>Bergsjön</w>
  </absaspan>
  <absaspan id=2 senti=2>
    <w>är</w>
    <w>problematisk</w>
  </absaspan>
  <w>.</w>
  <w>Det</w>
  <w>är</w>
  <w>bland</w>
  <w>annat</w>
  <w>därför</w>
  <w>regeringen</w>
  <w>snart</w>
  <w>kommer</w>
  <w>att</w>
  <w>tillsätta</w>
  <w>en</w>
  <w>utredning</w>
  <w>som</w>
  <w>bland</w>
  <w>annat</w>
  <w>ska</w>
  <w>se</w>
  <w>över</w>
  <w>det</w>
  <w>egna</w>
  <w>boendet</w>
  <w>för</w>
  <w>asylsökande</w>
  <w>,</w>
  <w>EBO</w>
  <w>,</w>
  <w>och</w>
  <w>hur</w>
  <w>det</w>
  <w>bör</w>
  <w>förändras</w>
  <w>.</w>
</absapar>
<absapar id=3>
  <w>Däremot</w>
  <absaspan id=3 senti=2>
    <w>är</w>
    <w>synd</w>
  </absaspan>
  <absaspan id=4>
    <w>att</w>
    <w>många</w>
    <w>debattörer</w>
    <w>får</w>
    <w>det</w>
    <w>att</w>
    <w>verka</w>
    <w>som</w>
    <w>om</w>
    <w>asylsökande</w>
    <w>i</w>
    <w>Sverige</w>
    <w>tvingas</w>
    <w>leva</w>
    <w>under</w>
    <w>usla</w>
    <w>förhållanden</w>
  </absaspan>
  <w>.</w>
  <w>Ingen</w>
  <w>behöver</w>
  <w>bo</w>
  <w>tillsammans</w>
  <w>med</w>
  <w>14</w>
  <w>andra</w>
  <w>i</w>
  <w>en</w>
  <w>etta</w>
  <w>.</w>
  <w>Den</w>
  <w>som</w>
  <w>söker</w>
  <w>asyl</w>
  <w>kan</w>
  <w>när</w>
  <w>som</w>
  <w>helst</w>
  <w>få</w>
  <w>hjälp</w>
  <w>av</w>
  <w>Migrationsverket</w>
  <w>att</w>
  <w>ordna</w>
  <w>ett</w>
  <w>anläggningsboende</w>
  <w>,</w>
  <w>det</w>
  <w>vill</w>
  <w>säga</w>
  <w>en</w>
  <w>lägenhet</w>
  <w>,</w>
  <w>och</w>
  <w>det</w>
  <w>görs</w>
  <w>då</w>
  <w>omedelbart</w>
  <w>.</w>
  <w>Familjer</w>
  <w>med</w>
  <w>barn</w>
  <w>får</w>
  <w>i</w>
  <w>regel</w>
  <w>en</w>
  <w>egen</w>
  <w>bostad</w>
  <w>,</w>
  <w>ensamstående</w>
  <w>får</w>
  <w>dela</w>
  <w>lägenhet</w>
  <w>med</w>
  <w>några</w>
  <w>andra</w>
  <w>av</w>
  <w>samma</w>
  <w>kön</w>
  <w>.</w>
  <w>Det</w>
  <w>finns</w>
  <w>ingen</w>
  <w>som</w>
  <w>tvingas</w>
  <w>bo</w>
  <w>på</w>
  <w>bussar</w>
  <w>,</w>
  <w>eller</w>
  <w>orimligt</w>
  <w>trångt</w>
  <w>.</w>
</absapar>
<absapar id=4>
  <absaspan id=5 senti=2>
    <w>Tyvärr</w>
  </absaspan>
  <absaspan id=6>
    <w>ser</w>
    <w>vi</w>
    <w>nästan</w>
    <w>bara</w>
    <w>exempel</w>
    <w>i</w>
    <w>media</w>
    <w>på</w>
    <w>hur</w>
  </absaspan>
  <absaspan id=7>
    <w>det</w>
    <w>egna</w>
    <w>boendet</w>
  </absaspan>
  <absaspan id=8 senti=2>
    <w>fungerar</w>
    <w>dåligt</w>
  </absaspan>
  <w>.</w>
  <w>Men</w>
  <w>vi</w>
  <w>bör</w>
  <w>också</w>
  <w>komma</w>
  <w>ihåg</w>
  <w>att</w>
  <w>när</w>
  <w>det</w>
  <w>fungerar</w>
  <w>bra</w>
  <w>så</w>
  <w>går</w>
  <w>det</w>
  <w>verkligt</w>
  <w>bra</w>
  <w>.</w>
  <w>Som</w>
  <w>de</w>
  <w>bosnier</w>
  <w>som</w>
  <w>utnyttjade</w>
  <w>möjligheten</w>
  <w>att</w>
  <w>flytta</w>
  <w>till</w>
  <w>Småland</w>
  <w>för</w>
  <w>att</w>
  <absaspan id=9>
    <w>de</w>
  </absaspan>
  <absaspan id=10 senti=4>
    <w>ville</w>
  </absaspan>
  <absaspan id=11>
    <w>skapa</w>
    <w>sig</w>
    <w>goda</w>
    <w>chanser</w>
    <w>inför</w>
    <w>framtiden</w>
  </absaspan>
  <w>.</w>
  <w>De</w>
  <w>har</w>
  <w>idag</w>
  <w>en</w>
  <w>förvärvsfrekvens</w>
  <w>på</w>
  <w>över</w>
  <w>80</w>
  <w>procent</w>
  <w>,</w>
  <w>jämfört</w>
  <w>med</w>
  <w>de</w>
  <w>som</w>
  <w>stannade</w>
  <w>kvar</w>
  <w>i</w>
  <w>Malmö</w>
  <w>där</w>
  <w>bara</w>
  <w>runt</w>
  <w>en</w>
  <w>tredjedel</w>
  <w>har</w>
  <w>arbete</w>
  <w>.</w>
</absapar>
<absapar id=5>
  <w>Så</w>
  <w>frågan</w>
  <w>om</w>
  <w>var</w>
  <w>asylsökande</w>
  <w>bör</w>
  <w>få</w>
  <w>bo</w>
  <w>är</w>
  <w>inte</w>
  <w>svartvit</w>
  <w>.</w>
  <w>Till</w>
  <w>det</w>
  <w>kommer</w>
  <w>den</w>
  <w>moraliska</w>
  <w>aspekten</w>
  <w>om</w>
  <w>det</w>
  <w>är</w>
  <w>rimligt</w>
  <w>att</w>
  <w>hålla</w>
  <w>nykomna</w>
  <w>asylsökande</w>
  <w>borta</w>
  <w>från</w>
  <w>släkt</w>
  <w>och</w>
  <w>vänner</w>
  <w>under</w>
  <w>de</w>
  <w>första</w>
  <w>turbulenta</w>
  <w>månaderna</w>
  <w>de</w>
  <w>är</w>
  <w>i</w>
  <w>Sverige</w>
  <w>.</w>
  <w>För</w>
  <w>att</w>
  <w>inte</w>
  <w>nämna</w>
  <w>den</w>
  <w>praktiska</w>
  <w>frågan</w>
  <w>om</w>
  <w>det</w>
  <w>ens</w>
  <w>går</w>
  <w>.</w>
  <w>Vi</w>
  <w>har</w>
  <w>inga</w>
  <w>förläggningar</w>
  <w>för</w>
  <w>asylsökande</w>
  <w>längre</w>
  <w>,</w>
  <w>utan</w>
  <w>det</w>
  <w>så</w>
  <w>kallade</w>
  <w>anläggningsboendet</w>
  <w>sker</w>
  <w>i</w>
  <w>vanliga</w>
  <w>lägenheter</w>
  <w>,</w>
  <w>i</w>
  <w>vanliga</w>
  <w>bostadsområden</w>
  <w>.</w>
</absapar>
<absapar id=6>
  <w>Eller</w>
  <w>menar</w>
  <w>Johansson</w>
  <w>,</w>
  <w>Lago</w>
  <w>och</w>
  <w>Reepalu</w>
  <w>att</w>
  <w>vi</w>
  <w>ska</w>
  <w>låsa</w>
  <w>in</w>
  <w>de</w>
  <w>asylsökande</w>
  <w>på</w>
  <w>förläggningar</w>
  <w>så</w>
  <w>att</w>
  <w>de</w>
  <w>inte</w>
  <w>ska</w>
  <w>kunna</w>
  <w>söka</w>
  <w>sig</w>
  <w>till</w>
  <w>släkt</w>
  <w>och</w>
  <w>vänner</w>
  <w>i</w>
  <w>andra</w>
  <w>kommuner</w>
  <w>?</w>
  <w>.</w>
</absapar>
<absapar id=7>
  <w>Vi</w>
  <w>är</w>
  <w>,</w>
  <w>från</w>
  <w>regeringens</w>
  <w>sida</w>
  <w>,</w>
  <w>fullt</w>
  <w>medvetna</w>
  <w>om</w>
  <w>de</w>
  <w>bekymmer</w>
  <w>som</w>
  <w>vissa</w>
  <w>hårt</w>
  <w>ansatta</w>
  <w>kommuner</w>
  <w>har</w>
  <w>.</w>
  <w>Hela</w>
  <w>mottagandet</w>
  <w>av</w>
  <w>asylsökande</w>
  <w>kommer</w>
  <w>att</w>
  <w>ses</w>
  <w>över</w>
  <w>,</w>
  <w>och</w>
  <w>där</w>
  <w>blir</w>
  <w>boendefrågan</w>
  <w>givetvis</w>
  <w>en</w>
  <w>viktig</w>
  <w>del</w>
  <w>.</w>
  <w>I</w>
  <w>den</w>
  <w>översyn</w>
  <w>som</w>
  <w>görs</w>
  <w>och</w>
  <w>den</w>
  <w>diskussion</w>
  <w>som</w>
  <w>följer</w>
  <absaspan id=12 senti=5>
    <w>vill</w>
  </absaspan>
  <w>vi</w>
  <absaspan id=13 senti=5>
    <w>gärna</w>
  </absaspan>
  <absaspan id=14>
    <w>ha</w>
    <w>konstruktiva</w>
    <w>synpunkter</w>
    <w>från</w>
    <w>kommuner</w>
    <w>som</w>
    <w>drar</w>
    <w>ett</w>
    <w>tungt</w>
    <w>lass</w>
    <w>idag</w>
    <w>och</w>
    <w>de</w>
    <w>som</w>
    <w>skulle</w>
    <w>vilja</w>
    <w>göra</w>
    <w>mer</w>
    <w>än</w>
    <w>tidigare</w>
    <w>.</w>
  </absaspan>
</absapar>
<absapar id=8>
  <w>Tobias</w>
  <w>Billström</w>
  <w>,</w>
  <w>.</w>
</absapar>
<absapar id=9>
  <w>migrationsminister</w>
  <w>(</w>
  <w>m</w>
  <w>)</w>
  <w>.</w>
</absapar>
</absadoc>
