<absadoc annotators=1 senti=3>
<absatitle>
  <absaspan id=1 senti=2 target=2>
    <w>Förenklat</w>
  </absaspan>
  <absaspan id=2>
    <w>att</w>
    <w>kalla</w>
    <w>avslag</w>
    <w>orättvisa</w>
  </absaspan>
  <w>.</w>
</absatitle>
<absapar id=1 senti=3>
  <w>Det</w>
  <absaspan id=3 senti=4>
    <w>är</w>
    <w>bra</w>
  </absaspan>
  <absaspan id=4>
    <w>att</w>
    <w>migrationsdomstolarnas</w>
    <w>dömande</w>
    <w>verksamhet</w>
    <w>diskuteras</w>
  </absaspan>
  <w>.</w>
  <w>Men</w>
  <w>det</w>
  <absaspan id=5 senti=2>
    <w>är</w>
    <w>att</w>
    <w>göra</w>
    <w>det</w>
    <w>väl</w>
    <w>enkelt</w>
    <w>för</w>
    <w>sig</w>
  </absaspan>
  <absaspan id=6>
    <w>att</w>
    <w>kalla</w>
    <w>avslag</w>
    <w>på</w>
    <w>ansökningar</w>
    <w>om</w>
    <w>arbetstillstånd</w>
    <w>för</w>
    <w>orättvisa</w>
  </absaspan>
  <w>,</w>
  <w>skriver</w>
  <absaspan id=7>
    <w>Eva</w>
    <w>Edwardsson</w>
  </absaspan>
  <w>,</w>
  <w>tidigare</w>
  <w>kammarrättsråd</w>
  <w>i</w>
  <w>Migrationsöverdomstolen</w>
  <w>,</w>
  <w>i</w>
  <w>en</w>
  <w>replik</w>
  <w>.</w>
</absapar>
<absapar id=2 senti=3>
  <w>Jag</w>
  <w>har</w>
  <w>själv</w>
  <w>varit</w>
  <w>med</w>
  <w>och</w>
  <w>dömt</w>
  <w>i</w>
  <w>målet</w>
  <w>MIG</w>
  <w>2015</w>
  <w>:</w>
  <w>11</w>
  <w>som</w>
  <w>är</w>
  <w>ett</w>
  <w>av</w>
  <w>de</w>
  <w>fall</w>
  <w>som</w>
  <w>Hultman</w>
  <w>och</w>
  <w>Ahlgren</w>
  <w>hänvisar</w>
  <w>till</w>
  <w>.</w>
</absapar>
<absapar id=3>
  <w>Det</w>
  <w>här</w>
  <w>är</w>
  <w>en</w>
  <w>argumenterande</w>
  <w>text</w>
  <w>med</w>
  <w>syfte</w>
  <w>att</w>
  <w>påverka</w>
  <w>.</w>
  <w>Åsikterna</w>
  <w>som</w>
  <w>uttrycks</w>
  <w>är</w>
  <w>skribentens</w>
  <w>egna</w>
  <w>.</w>
</absapar>
<absapar id=4 senti=3>
  <w>I</w>
  <w>en</w>
  <w>debattartikel</w>
  <w>den</w>
  <w>22</w>
  <w>augusti</w>
  <w>2016</w>
  <w>hävdar</w>
  <absaspan id=8>
    <w>Fredrik</w>
    <w>Hultman</w>
    <w>och</w>
    <w>Jesper</w>
    <w>Ahlgren</w>
    <w>från</w>
    <w>Timbro</w>
  </absaspan>
  <absaspan id=9>
    <w>att</w>
  </absaspan>
  <absaspan id=10>
    <w>migrationsdomstolarna</w>
    <w>utvisar</w>
    <w>arbetskraftsinvandrare</w>
    <w>från</w>
    <w>länder</w>
    <w>utanför</w>
    <w>EU</w>
    <w>på</w>
    <w>vad</w>
    <w>som</w>
    <w>sägs</w>
    <w>vara</w>
  </absaspan>
  <absaspan id=11 senti=2>
    <w>svaga</w>
  </absaspan>
  <absaspan id=12>
    <w>grunder</w>
  </absaspan>
  <absaspan id=13>
    <w>och</w>
    <w>att</w>
  </absaspan>
  <absaspan id=14>
    <w>utvisningarna</w>
  </absaspan>
  <absaspan id=15 senti=2>
    <w>är</w>
    <w>orättvisa</w>
  </absaspan>
  <w>.</w>
</absapar>
<absapar id=5 senti=3>
  <absaspan id=16>
    <w>Det</w>
  </absaspan>
  <absaspan id=17 senti=2>
    <w>är</w>
    <w>mycket</w>
    <w>märkliga</w>
    <w>påståenden</w>
  </absaspan>
  <w>,</w>
  <w>om</w>
  <w>man</w>
  <w>ser</w>
  <w>till</w>
  <w>hur</w>
  <w>utlänningslagens</w>
  <w>regler</w>
  <w>om</w>
  <w>arbetskraftsinvandring</w>
  <w>är</w>
  <w>konstruerade</w>
  <w>.</w>
  <w>Enligt</w>
  <w>utlänningslagen</w>
  <w>får</w>
  <w>arbetstillstånd</w>
  <w>ges</w>
  <w>till</w>
  <w>medborgare</w>
  <w>från</w>
  <w>länder</w>
  <w>utanför</w>
  <w>EU</w>
  <w>om</w>
  <w>tre</w>
  <w>krav</w>
  <w>är</w>
  <w>uppfyllda</w>
  <w>.</w>
  <w>Det</w>
  <w>ska</w>
  <w>röra</w>
  <w>sig</w>
  <w>om</w>
  <w>ett</w>
  <w>erbjudande</w>
  <w>om</w>
  <w>en</w>
  <w>anställning</w>
  <w>som</w>
  <w>gör</w>
  <w>det</w>
  <w>möjligt</w>
  <w>för</w>
  <w>personen</w>
  <w>i</w>
  <w>fråga</w>
  <w>att</w>
  <w>försörja</w>
  <w>sig</w>
  <w>,</w>
  <w>lönen</w>
  <w>och</w>
  <w>andra</w>
  <w>anställningsvillkor</w>
  <w>får</w>
  <w>inte</w>
  <w>vara</w>
  <w>sämre</w>
  <w>än</w>
  <w>villkor</w>
  <w>som</w>
  <w>följer</w>
  <w>av</w>
  <w>svenska</w>
  <w>kollektivavtal</w>
  <w>eller</w>
  <w>branschpraxis</w>
  <w>och</w>
  <w>rekryteringsförfarandet</w>
  <w>måste</w>
  <w>vara</w>
  <w>förenligt</w>
  <w>med</w>
  <w>Sveriges</w>
  <w>åtaganden</w>
  <w>inom</w>
  <w>EU</w>
  <w>.</w>
  <w>Genom</w>
  <w>att</w>
  <w>uppfylla</w>
  <w>dessa</w>
  <w>tre</w>
  <w>krav</w>
  <w>kan</w>
  <w>utländska</w>
  <w>medborgare</w>
  <w>från</w>
  <w>hela</w>
  <w>världen</w>
  <w>få</w>
  <w>arbetstillstånd</w>
  <w>i</w>
  <w>Sverige</w>
  <w>.</w>
</absapar>
<absapar id=6 senti=3>
  <w>Om</w>
  <w>det</w>
  <w>emellertid</w>
  <w>visar</w>
  <w>sig</w>
  <w>att</w>
  <w>villkoren</w>
  <w>för</w>
  <w>arbetstillståndet</w>
  <w>inte</w>
  <w>följs</w>
  <w>,</w>
  <w>gäller</w>
  <w>den</w>
  <w>obligatoriska</w>
  <w>regeln</w>
  <w>i</w>
  <w>7</w>
  <w>kap</w>
  <w>.</w>
  <w>7</w>
  <w>:</w>
  <w>e</w>
  <w>§</w>
  <w>utlänningslagen</w>
  <w>att</w>
  <w>arbetstillståndet</w>
  <w>ska</w>
  <w>återkallas</w>
  <w>och</w>
  <w>personen</w>
  <w>i</w>
  <w>fråga</w>
  <w>måste</w>
  <w>lämna</w>
  <w>Sverige</w>
  <w>.</w>
</absapar>
<absapar id=7 senti=3>
  <w>Det</w>
  <w>är</w>
  <w>vanligen</w>
  <w>när</w>
  <w>arbetskraftsinvandraren</w>
  <w>söker</w>
  <w>om</w>
  <w>förlängning</w>
  <w>av</w>
  <w>sitt</w>
  <w>arbetstillstånd</w>
  <w>som</w>
  <w>det</w>
  <w>ibland</w>
  <w>upptäcks</w>
  <w>att</w>
  <w>de</w>
  <w>villkor</w>
  <w>som</w>
  <w>legat</w>
  <w>till</w>
  <w>grund</w>
  <w>för</w>
  <w>arbetstillståndet</w>
  <w>inte</w>
  <w>har</w>
  <w>följts</w>
  <w>.</w>
  <w>Migrationsverket</w>
  <w>kontrollerar</w>
  <w>nämligen</w>
  <w>vilka</w>
  <w>inkomster</w>
  <w>som</w>
  <w>har</w>
  <w>deklarerats</w>
  <w>under</w>
  <w>tillståndstiden</w>
  <w>.</w>
</absapar>
<absapar id=8 senti=3>
  <w>Jag</w>
  <w>har</w>
  <w>själv</w>
  <w>varit</w>
  <w>med</w>
  <w>och</w>
  <w>dömt</w>
  <w>i</w>
  <w>målet</w>
  <w>MIG</w>
  <w>2015</w>
  <w>:</w>
  <w>11</w>
  <w>som</w>
  <w>är</w>
  <w>ett</w>
  <w>av</w>
  <w>de</w>
  <w>fall</w>
  <w>som</w>
  <absaspan id=18>
    <w>Hultman</w>
  </absaspan>
  <absaspan id=19>
    <w>och</w>
    <w>Ahlgren</w>
  </absaspan>
  <w>hänvisar</w>
  <w>till</w>
  <w>.</w>
  <absaspan id=20>
    <w>Artikelförfattarna</w>
  </absaspan>
  <w>får</w>
  <w>det</w>
  <w>att</w>
  <w>framstå</w>
  <w>som</w>
  <w>att</w>
  <w>en</w>
  <w>amerikansk</w>
  <w>kvinna</w>
  <w>utvisades</w>
  <w>för</w>
  <w>att</w>
  <w>hon</w>
  <w>ville</w>
  <w>gå</w>
  <w>ned</w>
  <w>i</w>
  <w>arbetstid</w>
  <w>och</w>
  <w>läsa</w>
  <w>svenska</w>
  <absaspan id=21 senti=2>
    <w>.</w>
  </absaspan>
  <w>Domen</w>
  <w>finns</w>
  <w>på</w>
  <w>nätet</w>
  <w>,</w>
  <w>så</w>
  <w>vem</w>
  <w>som</w>
  <w>helst</w>
  <w>kan</w>
  <w>läsa</w>
  <w>att</w>
  <w>kvinnan</w>
  <w>i</w>
  <w>fråga</w>
  <w>hade</w>
  <w>fått</w>
  <w>arbetstillstånd</w>
  <w>på</w>
  <w>ett</w>
  <w>anställningserbjudande</w>
  <w>med</w>
  <w>en</w>
  <w>heltidslön</w>
  <w>på</w>
  <w>18</w>
  <w>750</w>
  <w>kronor</w>
  <w>.</w>
  <w>I</w>
  <w>ansökan</w>
  <w>klargjordes</w>
  <w>att</w>
  <w>kvinnan</w>
  <w>skulle</w>
  <w>arbeta</w>
  <w>endast</w>
  <w>80</w>
  <w>procent</w>
  <w>och</w>
  <w>ha</w>
  <w>15</w>
  <w>000</w>
  <w>kronor</w>
  <w>i</w>
  <w>månadslön</w>
  <w>,</w>
  <w>vilket</w>
  <w>godkändes</w>
  <w>.</w>
  <w>Det</w>
  <w>fanns</w>
  <w>alltså</w>
  <w>redan</w>
  <w>från</w>
  <w>början</w>
  <w>utrymme</w>
  <w>för</w>
  <w>eventuella</w>
  <w>studier</w>
  <w>.</w>
  <w>Efter</w>
  <w>två</w>
  <w>år</w>
  <w>med</w>
  <w>arbetstillstånd</w>
  <w>visade</w>
  <w>det</w>
  <w>sig</w>
  <w>att</w>
  <w>kvinnan</w>
  <w>deklarerat</w>
  <w>en</w>
  <w>månadsinkomst</w>
  <w>på</w>
  <w>endast</w>
  <w>12</w>
  <w>000</w>
  <w>kronor</w>
  <w>.</w>
  <absaspan id=22>
    <w>Migrationsöverdomstolen</w>
  </absaspan>
  <absaspan id=23 senti=4>
    <w>godtog</w>
  </absaspan>
  <absaspan id=24>
    <w>Migrationsverkets</w>
    <w>sätt</w>
    <w>att</w>
    <w>definiera</w>
    <w>försörjningskravet</w>
  </absaspan>
  <w>och</w>
  <w>delade</w>
  <w>bedömningen</w>
  <w>att</w>
  <w>kravet</w>
  <w>inte</w>
  <w>varit</w>
  <w>uppfyllt</w>
  <w>,</w>
  <w>vilket</w>
  <w>medförde</w>
  <w>att</w>
  <w>ansökan</w>
  <w>avslogs</w>
  <w>.</w>
</absapar>
<absapar id=9>
  <w>Skräddarsydda</w>
  <w>kurser</w>
  <w>i</w>
  <absaspan id=25>
    <w>ämnen</w>
    <w>som</w>
  </absaspan>
  <absaspan id=26 senti=4>
    <w>intresserar</w>
    <w>och</w>
    <w>engagerar</w>
  </absaspan>
  <w>både</w>
  <w>kropp</w>
  <w>och</w>
  <w>själ</w>
  <absaspan id=27>
    <w>.</w>
  </absaspan>
</absapar>
<absapar id=10 senti=3>
  <w>Är</w>
  <w>det</w>
  <w>här</w>
  <absaspan id=28>
    <w>en</w>
    <w>utvisning</w>
    <w>som</w>
  </absaspan>
  <absaspan id=29 senti=2>
    <w>är</w>
    <w>orättvis</w>
  </absaspan>
  <w>och</w>
  <absaspan id=30 senti=2>
    <w>vilar</w>
    <w>på</w>
    <w>svag</w>
    <w>grund</w>
  </absaspan>
  <absaspan id=31>
    <w>?</w>
  </absaspan>
  <w>Ansvaret</w>
  <w>för</w>
  <w>att</w>
  <w>arbetstillståndet</w>
  <w>inte</w>
  <w>förlängdes</w>
  <w>måste</w>
  <w>ju</w>
  <w>ändå</w>
  <w>sägas</w>
  <w>ligga</w>
  <w>på</w>
  <w>arbetsgivaren</w>
  <w>och</w>
  <w>till</w>
  <w>del</w>
  <w>även</w>
  <w>på</w>
  <w>arbetstagaren</w>
  <w>.</w>
  <w>Det</w>
  <w>är</w>
  <w>nämligen</w>
  <w>mycket</w>
  <w>lätt</w>
  <w>att</w>
  <w>betala</w>
  <w>lön</w>
  <w>,</w>
  <w>skatter</w>
  <w>och</w>
  <w>avgifter</w>
  <w>i</w>
  <w>Sverige</w>
  <w>liksom</w>
  <w>att</w>
  <w>hålla</w>
  <w>reda</w>
  <w>på</w>
  <w>hur</w>
  <w>lönenivån</w>
  <w>på</w>
  <w>svenska</w>
  <w>arbetsmarknaden</w>
  <w>ändras</w>
  <w>till</w>
  <w>följd</w>
  <w>av</w>
  <w>avtalsförhandlingar</w>
  <w>.</w>
  <w>Allra</w>
  <w>enklast</w>
  <w>måste</w>
  <w>ju</w>
  <w>vara</w>
  <w>att</w>
  <w>följa</w>
  <w>de</w>
  <w>villkor</w>
  <w>som</w>
  <w>man</w>
  <w>själv</w>
  <w>uppgett</w>
  <w>för</w>
  <w>Migrationsverket</w>
  <w>.</w>
  <w>Hade</w>
  <w>kvinnan</w>
  <w>fått</w>
  <w>de</w>
  <w>15</w>
  <w>000</w>
  <w>kronor</w>
  <w>per</w>
  <w>månad</w>
  <w>som</w>
  <w>var</w>
  <w>överenskommet</w>
  <w>,</w>
  <w>hade</w>
  <w>arbetstillståndet</w>
  <w>förlängts</w>
  <w>.</w>
</absapar>
<absapar id=11 senti=3>
  <absaspan id=32>
    <w>Arbetsgivaren</w>
    <w>i</w>
    <w>det</w>
    <w>aktuella</w>
    <w>fallet</w>
  </absaspan>
  <absaspan id=33 senti=4>
    <w>erbjöd</w>
    <w>sig</w>
  </absaspan>
  <absaspan id=34>
    <w>att</w>
    <w>betala</w>
    <w>mellanskillnaden</w>
    <w>retroaktivt</w>
  </absaspan>
  <w>,</w>
  <w>och</w>
  <w>höjde</w>
  <w>lönen</w>
  <w>inför</w>
  <w>den</w>
  <w>framtida</w>
  <w>anställningsperioden</w>
  <w>.</w>
  <w>Det</w>
  <w>är</w>
  <w>inte</w>
  <w>ovanligt</w>
  <w>att</w>
  <w>arbetsgivare</w>
  <w>kommer</w>
  <w>med</w>
  <w>sådana</w>
  <w>erbjudanden</w>
  <w>när</w>
  <w>ansökningar</w>
  <w>om</w>
  <w>förlängning</w>
  <w>av</w>
  <w>arbetstillstånd</w>
  <w>redan</w>
  <w>har</w>
  <w>avslagits</w>
  <w>.</w>
  <w>Det</w>
  <w>förekommer</w>
  <w>också</w>
  <w>att</w>
  <w>det</w>
  <w>uppges</w>
  <w>att</w>
  <w>det</w>
  <w>har</w>
  <w>förelegat</w>
  <w>andra</w>
  <w>förmåner</w>
  <w>,</w>
  <w>till</w>
  <w>exempel</w>
  <w>gratis</w>
  <w>bostad</w>
  <w>(</w>
  <w>som</w>
  <w>dock</w>
  <w>inte</w>
  <w>har</w>
  <w>deklarerats</w>
  <w>som</w>
  <w>inkomst</w>
  <w>)</w>
  <w>.</w>
</absapar>
<absapar id=12 senti=3>
  <w>Lagstiftaren</w>
  <w>har</w>
  <w>emellertid</w>
  <w>i</w>
  <w>förarbetena</w>
  <w>till</w>
  <w>den</w>
  <w>obligatoriska</w>
  <w>regeln</w>
  <w>om</w>
  <w>återkallelse</w>
  <w>av</w>
  <w>tillstånd</w>
  <w>angett</w>
  <w>att</w>
  <w>vid</w>
  <w>avvägningen</w>
  <w>mellan</w>
  <w>att</w>
  <w>värna</w>
  <w>det</w>
  <w>svenska</w>
  <w>systemet</w>
  <w>för</w>
  <w>arbetskraftsinvandring</w>
  <w>och</w>
  <w>de</w>
  <w>konsekvenser</w>
  <w>en</w>
  <w>återkallelse</w>
  <w>får</w>
  <w>för</w>
  <w>enskilda</w>
  <w>,</w>
  <w>så</w>
  <w>väger</w>
  <w>det</w>
  <w>allmännas</w>
  <w>intresse</w>
  <w>tyngre</w>
  <w>.</w>
  <w>Utgångspunkten</w>
  <w>är</w>
  <w>att</w>
  <w>återkallelse</w>
  <w>ska</w>
  <w>ske</w>
  <w>när</w>
  <w>villkoren</w>
  <w>under</w>
  <w>tillståndstiden</w>
  <w>inte</w>
  <w>varit</w>
  <w>uppfyllda</w>
  <w>.</w>
</absapar>
<absapar id=13 senti=3>
  <w>Det</w>
  <w>finns</w>
  <w>givetvis</w>
  <w>utrymme</w>
  <w>för</w>
  <w>ytterligare</w>
  <w>utveckling</w>
  <w>av</w>
  <w>rättspraxis</w>
  <w>,</w>
  <w>men</w>
  <w>lagstiftningen</w>
  <w>är</w>
  <w>tydlig</w>
  <w>.</w>
  <w>Ofta</w>
  <w>framställs</w>
  <w>det</w>
  <w>i</w>
  <w>media</w>
  <w>som</w>
  <w>att</w>
  <absaspan id=35>
    <w>myndigheter</w>
    <w>och</w>
    <w>domstolar</w>
  </absaspan>
  <absaspan id=36 senti=2>
    <w>är</w>
    <w>hårdhjärtade</w>
  </absaspan>
  <w>när</w>
  <w>ett</w>
  <w>arbetstillstånd</w>
  <w>återkallas</w>
  <w>eller</w>
  <w>inte</w>
  <w>förlängs</w>
  <absaspan id=37>
    <w>.</w>
  </absaspan>
  <w>Fokus</w>
  <w>borde</w>
  <w>kanske</w>
  <w>snarare</w>
  <w>riktas</w>
  <w>mot</w>
  <w>arbetsgivare</w>
  <w>som</w>
  <w>inte</w>
  <w>uppfyller</w>
  <w>de</w>
  <w>lönevillkor</w>
  <w>de</w>
  <w>själva</w>
  <w>två</w>
  <w>år</w>
  <w>tidigare</w>
  <w>intygat</w>
  <w>till</w>
  <w>Migrationsverket</w>
  <w>.</w>
</absapar>
<absapar id=14 senti=3>
  <absaspan id=38>
    <w>Arbetstillstånd</w>
  </absaspan>
  <absaspan id=39 senti=4>
    <w>är</w>
  </absaspan>
  <w>juridiskt</w>
  <w>sett</w>
  <absaspan id=40 senti=4>
    <w>en</w>
  </absaspan>
  <absaspan id=41 senti=4>
    <w>förmån</w>
  </absaspan>
  <w>.</w>
  <w>Om</w>
  <w>man</w>
  <w>uppfyller</w>
  <w>villkoren</w>
  <w>,</w>
  <w>kan</w>
  <w>man</w>
  <w>beviljas</w>
  <w>förmånen</w>
  <w>.</w>
  <w>Om</w>
  <w>man</w>
  <w>inte</w>
  <w>uppfyller</w>
  <w>villkoren</w>
  <w>,</w>
  <w>kan</w>
  <w>man</w>
  <w>självklart</w>
  <w>inte</w>
  <w>beviljas</w>
  <w>förmånen</w>
  <w>av</w>
  <w>myndigheter</w>
  <w>och</w>
  <w>domstolar</w>
  <w>,</w>
  <w>det</w>
  <w>vore</w>
  <w>tvärtom</w>
  <w>orättvist</w>
  <w>om</w>
  <w>så</w>
  <w>skedde</w>
  <w>.</w>
</absapar>
<absapar id=15 senti=3>
  <w>Arbetstillståndet</w>
  <w>skiljer</w>
  <w>sig</w>
  <w>i</w>
  <w>detta</w>
  <w>avseende</w>
  <w>inte</w>
  <w>från</w>
  <w>andra</w>
  <w>förmåner</w>
  <w>,</w>
  <w>som</w>
  <w>till</w>
  <w>exempel</w>
  <w>studiestöd</w>
  <w>eller</w>
  <w>bostadsbidrag</w>
  <w>.</w>
  <w>Ett</w>
  <w>avslag</w>
  <w>på</w>
  <w>en</w>
  <w>ansökan</w>
  <w>om</w>
  <w>arbetstillstånd</w>
  <w>gäller</w>
  <w>heller</w>
  <w>inte</w>
  <w>för</w>
  <w>evigt</w>
  <w>.</w>
  <w>Den</w>
  <w>enskilde</w>
  <w>kan</w>
  <w>återvända</w>
  <w>till</w>
  <w>hemlandet</w>
  <w>och</w>
  <w>söka</w>
  <w>på</w>
  <w>nytt</w>
  <w>.</w>
  <w>Visst</w>
  <w>medför</w>
  <w>det</w>
  <w>olägenheter</w>
  <w>och</w>
  <w>kostnader</w>
  <w>för</w>
  <w>den</w>
  <w>enskilde</w>
  <w>,</w>
  <w>men</w>
  <w>det</w>
  <w>är</w>
  <w>trots</w>
  <w>allt</w>
  <w>inte</w>
  <w>fråga</w>
  <w>om</w>
  <w>människor</w>
  <w>som</w>
  <w>har</w>
  <w>flytt</w>
  <w>till</w>
  <w>Sverige</w>
  <w>,</w>
  <w>utan</w>
  <w>om</w>
  <w>människor</w>
  <w>som</w>
  <w>själva</w>
  <w>valt</w>
  <w>att</w>
  <w>arbeta</w>
  <w>utomlands</w>
  <w>.</w>
  <w>Det</w>
  <w>är</w>
  <w>inte</w>
  <w>annorlunda</w>
  <w>jämfört</w>
  <w>med</w>
  <w>att</w>
  <w>svenska</w>
  <w>medborgare</w>
  <w>kan</w>
  <w>få</w>
  <w>arbetstillstånd</w>
  <w>i</w>
  <w>länder</w>
  <w>som</w>
  <w>USA</w>
  <w>,</w>
  <w>Kina</w>
  <w>och</w>
  <w>Australien</w>
  <w>och</w>
  <w>att</w>
  <w>den</w>
  <w>som</w>
  <w>inte</w>
  <w>följer</w>
  <w>de</w>
  <w>villkor</w>
  <w>som</w>
  <w>gäller</w>
  <w>där</w>
  <w>kommer</w>
  <w>att</w>
  <w>bli</w>
  <w>tvungen</w>
  <w>att</w>
  <w>återvända</w>
  <w>hem</w>
  <w>,</w>
  <w>åtminstone</w>
  <w>för</w>
  <w>ett</w>
  <w>tag</w>
  <w>.</w>
</absapar>
<absapar id=16 senti=3>
  <w>Det</w>
  <absaspan id=42 senti=4>
    <w>är</w>
    <w>bra</w>
  </absaspan>
  <absaspan id=43>
    <w>att</w>
    <w>migrationsdomstolarnas</w>
    <w>dömande</w>
    <w>verksamhet</w>
    <w>diskuteras</w>
  </absaspan>
  <w>,</w>
  <w>men</w>
  <w>det</w>
  <absaspan id=44 senti=2>
    <w>är</w>
    <w>att</w>
    <w>göra</w>
    <w>det</w>
    <w>väl</w>
    <w>enkelt</w>
    <w>för</w>
    <w>sig</w>
  </absaspan>
  <absaspan id=45>
    <w>att</w>
    <w>kalla</w>
    <w>avslag</w>
    <w>på</w>
    <w>ansökningar</w>
    <w>om</w>
    <w>arbetstillstånd</w>
    <w>för</w>
    <w>orättvisa</w>
  </absaspan>
  <w>.</w>
  <absaspan id=46>
    <w>Hultman</w>
    <w>och</w>
    <w>Ahlgren</w>
  </absaspan>
  <absaspan id=47 senti=5>
    <w>ska</w>
  </absaspan>
  <w>dock</w>
  <absaspan id=48 senti=5>
    <w>ha</w>
  </absaspan>
  <absaspan id=49 senti=5>
    <w>en</w>
    <w>eloge</w>
  </absaspan>
  <w>för</w>
  <w>att</w>
  <w>de</w>
  <w>tagit</w>
  <w>del</w>
  <w>Migrationsverkets</w>
  <w>och</w>
  <w>migrationsdomstolarnas</w>
  <w>beslut</w>
  <w>och</w>
  <w>domar</w>
  <w>.</w>
  <w>Det</w>
  <w>sker</w>
  <w>alltför</w>
  <w>sällan</w>
  <w>när</w>
  <w>enskilda</w>
  <w>människoödens</w>
  <w>skildras</w>
  <w>i</w>
  <w>medierna</w>
  <w>.</w>
  <w>Det</w>
  <absaspan id=50 senti=4>
    <w>är</w>
  </absaspan>
  <w>också</w>
  <absaspan id=51 senti=4>
    <w>nödvändigt</w>
  </absaspan>
  <absaspan id=52>
    <w>att</w>
    <w>medier</w>
    <w>och</w>
    <w>myndigheter</w>
    <w>,</w>
    <w>till</w>
    <w>exempel</w>
    <w>Skatteverket</w>
    <w>,</w>
    <w>kritiskt</w>
    <w>börjar</w>
    <w>granska</w>
    <w>arbetsgivarna</w>
    <w>till</w>
    <w>dem</w>
    <w>som</w>
    <w>inte</w>
    <w>får</w>
    <w>sina</w>
    <w>arbetstillstånd</w>
    <w>förlängda</w>
  </absaspan>
  <w>.</w>
</absapar>
<absapar id=17>
  <w>Eva</w>
  <w>Edwardsson</w>
  <w>.</w>
</absapar>
<absapar id=18>
  <w>kammarrättsråd</w>
  <w>i</w>
  <w>Migrationsöverdomstolen</w>
  <w>2011</w>
  <w>–</w>
  <w>2016</w>
  <w>.</w>
</absapar>
<absapar id=19>
  <w>Redaktör</w>
  <w>:</w>
  <w>Carina</w>
  <w>Stensson</w>
  <w>,</w>
  <w>Biträdande</w>
  <w>redaktör</w>
  <w>:</w>
  <w>Björn</w>
  <w>Jorner</w>
  <w>,</w>
  <w>Mejl</w>
  <w>:</w>
  <w>debatt</w>
  <w>@</w>
  <w>svd.se</w>
  <w>,</w>
  <w>Telefonnummer</w>
  <w>:</w>
  <w>08</w>
  <w>-</w>
  <w>135149</w>
  <w>,</w>
  <w>Twitter</w>
  <w>:</w>
  <w>@</w>
  <w>SvDDebatt</w>
  <w>,</w>
  <w>Facebook</w>
  <w>:</w>
  <w>SvD</w>
  <w>Debatt</w>
  <w>.</w>
</absapar>
</absadoc>
