<absadoc annotators=1 senti=>
<absatitle>
  <w>Sverigededemokraterna</w>
  <w>ändrar</w>
  <w>inriktning</w>
  <w>.</w>
</absatitle>
<absapar id=1>
  <w>Under</w>
  <w>många</w>
  <w>år</w>
  <w>så</w>
  <w>har</w>
  <w>Jimmie</w>
  <absaspan id=1>
    <w>Åkesson</w>
    <w>och</w>
    <w>hans</w>
    <w>partikamrater</w>
  </absaspan>
  <w>försökt</w>
  <w>övertyga</w>
  <w>det</w>
  <w>svenska</w>
  <w>folket</w>
  <w>om</w>
  <w>att</w>
  <absaspan id=2>
    <w>integrationsprincipen</w>
  </absaspan>
  <absaspan id=3 senti=2>
    <w>är</w>
    <w>dålig</w>
    <w>och</w>
    <w>misslyckad</w>
  </absaspan>
  <w>och</w>
  <w>att</w>
  <absaspan id=4>
    <w>assimilationsprincipen</w>
  </absaspan>
  <absaspan id=5 senti=4>
    <w>utgör</w>
    <w>en</w>
    <w>viktig</w>
    <w>lösning</w>
    <w>på</w>
    <w>landets</w>
    <w>problem</w>
  </absaspan>
  <w>.</w>
  <w>I</w>
  <w>en</w>
  <w>intervju</w>
  <w>med</w>
  <w>Roberg</w>
  <w>Aschberg</w>
  <w>från</w>
  <w>2011</w>
  <absaspan id=6 senti=1>
    <w>tog</w>
  </absaspan>
  <absaspan id=7>
    <w>Åkesson</w>
  </absaspan>
  <absaspan id=8 senti=1>
    <w>kraftfullt</w>
  </absaspan>
  <absaspan id=9 senti=1>
    <w>avstånd</w>
    <w>från</w>
  </absaspan>
  <absaspan id=10>
    <w>integrationsbegreppet</w>
  </absaspan>
  <w>och</w>
  <w>menade</w>
  <absaspan id=11 senti=2>
    <w>att</w>
    <w>de</w>
    <w>invandringsrelaterade</w>
    <w>problemen</w>
    <w>i</w>
    <w>Sverige</w>
    <w>i</w>
    <w>hög</w>
    <w>grad</w>
    <w>berodde</w>
    <w>på</w>
  </absaspan>
  <absaspan id=12>
    <w>integrationspolitik</w>
  </absaspan>
  <w>.</w>
  <w>Men</w>
  <w>det</w>
  <w>var</w>
  <w>då</w>
  <w>.</w>
  <w>Idag</w>
  <absaspan id=13 senti=4>
    <w>förespråkar</w>
  </absaspan>
  <w>även</w>
  <absaspan id=14>
    <w>SD</w>
    <w>integrationspolitik</w>
  </absaspan>
  <w>och</w>
  <w>det</w>
  <w>framgår</w>
  <w>tydligt</w>
  <w>av</w>
  <w>en</w>
  <w>TT-intervju</w>
  <w>som</w>
  <w>nyligen</w>
  <w>gjordes</w>
  <w>med</w>
  <w>Åkesson</w>
  <w>:</w>
  <w>.</w>
</absapar>
<absapar id=2>
  <w>Det</w>
  <w>är</w>
  <w>uppenbart</w>
  <w>att</w>
  <w>SD</w>
  <w>nu</w>
  <w>blivit</w>
  <w>integrationsförespråkande</w>
  <w>för</w>
  <w>att</w>
  <w>Moderaterna</w>
  <w>,</w>
  <w>som</w>
  <w>la</w>
  <w>grunden</w>
  <w>för</w>
  <w>det</w>
  <w>migrantkaos</w>
  <w>som</w>
  <w>bröt</w>
  <w>ut</w>
  <w>nyligen</w>
  <w>,</w>
  <w>ska</w>
  <w>släppa</w>
  <w>in</w>
  <w>partiet</w>
  <w>i</w>
  <w>värmen</w>
  <w>.</w>
  <w>På</w>
  <w>grund</w>
  <w>av</w>
  <w>Jimmie</w>
  <w>Åkessons</w>
  <w>vilja</w>
  <w>att</w>
  <w>få</w>
  <w>en</w>
  <w>klapp</w>
  <w>på</w>
  <w>huvudet</w>
  <w>av</w>
  <absaspan id=15 senti=1>
    <w>den</w>
    <w>genomfalska</w>
    <w>duon</w>
  </absaspan>
  <absaspan id=16>
    <w>Anna</w>
    <w>Kinberg</w>
    <w>Batra</w>
    <w>och</w>
    <w>Ulf</w>
    <w>Kristersson</w>
  </absaspan>
  <w>(</w>
  <w>båda</w>
  <w>mångåriga</w>
  <w>propagandister</w>
  <w>för</w>
  <w>fri</w>
  <w>invandring</w>
  <w>)</w>
  <w>så</w>
  <w>har</w>
  <w>hans</w>
  <w>parti</w>
  <w>nu</w>
  <w>börjat</w>
  <w>anpassa</w>
  <w>sig</w>
  <w>efter</w>
  <w>vad</w>
  <w>etablissemanget</w>
  <w>tycker</w>
  <w>och</w>
  <w>tänker</w>
  <w>.</w>
  <w>Eller</w>
  <w>börjat</w>
  <w>och</w>
  <w>börjat</w>
  <w>,</w>
  <w>den</w>
  <absaspan id=17 senti=2>
    <w>underdåniga</w>
  </absaspan>
  <absaspan id=18>
    <w>anpassningsprocessen</w>
  </absaspan>
  <w>har</w>
  <w>pågått</w>
  <w>länge</w>
  <w>men</w>
  <w>vad</w>
  <w>tycker</w>
  <w>forumets</w>
  <w>Heja</w>
  <w>Jimmie-fanatiker</w>
  <w>om</w>
  <w>Sverigedemokraternas</w>
  <w>ändrade</w>
  <w>inriktning</w>
  <w>gällande</w>
  <w>integrationsprincipen</w>
  <w>?</w>
  <w>Anser</w>
  <w>ni</w>
  <w>att</w>
  <w>den</w>
  <w>är</w>
  <w>acceptabel</w>
  <w>?</w>
  <w>.</w>
</absapar>
</absadoc>
