<absadoc annotators=1 senti=0>
<absatitle>
  <w>Finland</w>
  <w>inför</w>
  <w>medborgarlön</w>
  <w>på</w>
  <w>antingen</w>
  <w>550</w>
  <w></w>
  <w>eller</w>
  <w>800</w>
  <w></w>
  <w>.</w>
</absatitle>
<absapar id=1>
  <w>I</w>
  <w>regeringsförhandlingarna</w>
  <w>efter</w>
  <w>valet</w>
  <w>i</w>
  <w>april</w>
  <w>2015</w>
  <w>fattades</w>
  <w>beslutet</w>
  <w>att</w>
  <w>införa</w>
  <w>medborgarlön</w>
  <w>.</w>
  <w>Nu</w>
  <w>börjar</w>
  <w>motsvarigheten</w>
  <w>för</w>
  <w>Försäkringskassan</w>
  <w>utreda</w>
  <w>hurdant</w>
  <w>systemet</w>
  <w>kommer</w>
  <w>att</w>
  <w>bli</w>
  <w>,</w>
  <w>och</w>
  <w>de</w>
  <w>två</w>
  <w>alternativen</w>
  <w>har</w>
  <w>offentliggjorts</w>
  <w>.</w>
  <w>Antingen</w>
  <w>delas</w>
  <w>det</w>
  <w>ut</w>
  <w>utan</w>
  <w>villkor</w>
  <w>800</w>
  <w>euro</w>
  <w>i</w>
  <w>månaden</w>
  <w>till</w>
  <w>alla</w>
  <w>finnar</w>
  <w>eller</w>
  <w>så</w>
  <w>är</w>
  <w>den</w>
  <w>ovillkorliga</w>
  <w>delen</w>
  <w>550</w>
  <w>euro</w>
  <w>och</w>
  <w>utöver</w>
  <w>delas</w>
  <w>det</w>
  <w>ut</w>
  <w>till</w>
  <w>exempel</w>
  <w>bostadstöd</w>
  <w>.</w>
  <w>Försöket</w>
  <w>blir</w>
  <w>mest</w>
  <w>omfattande</w>
  <w>i</w>
  <w>hela</w>
  <w>världen</w>
  <w>.</w>
</absapar>
<absapar id=2>
  <w>Just</w>
  <w>nu</w>
  <w>provas</w>
  <w>medborgarlön</w>
  <w>i</w>
  <w>den</w>
  <w>holländska</w>
  <w>staden</w>
  <w>Utrecht</w>
  <w>:</w>
  <w>.</w>
</absapar>
<absapar id=3>
  <w>Det</w>
  <w>är</w>
  <w>dock</w>
  <w>endast</w>
  <w>300</w>
  <w>personer</w>
  <w>som</w>
  <w>deltar</w>
  <w>,</w>
  <w>och</w>
  <w>de</w>
  <w>var</w>
  <w>alla</w>
  <w>bidragstagare</w>
  <w>.</w>
</absapar>
<absapar id=4>
  <absaspan id=1 senti=4>
    <w>Är</w>
  </absaspan>
  <absaspan id=2>
    <w>de</w>
    <w>finska</w>
    <w>alternativen</w>
  </absaspan>
  <absaspan id=3 senti=4>
    <w>bra</w>
  </absaspan>
  <absaspan id=4>
    <w>?</w>
  </absaspan>
  <w>Vad</w>
  <w>tror</w>
  <w>ni</w>
  <w>att</w>
  <w>kommer</w>
  <w>att</w>
  <w>hända</w>
  <w>?</w>
  <w>.</w>
</absapar>
<absapar id=5 senti=3>
  <w>Finland</w>
  <w>tar</w>
  <w>inte</w>
  <w>emot</w>
  <w>flyktingar</w>
  <w>.</w>
  <w>Hur</w>
  <w>tror</w>
  <w>ni</w>
  <w>att</w>
  <w>systemet</w>
  <w>skulle</w>
  <w>fungera</w>
  <w>i</w>
  <w>Sverige</w>
  <w>med</w>
  <w>tanke</w>
  <w>på</w>
  <w>det</w>
  <w>stora</w>
  <w>antalet</w>
  <w>invandrare</w>
  <w>och</w>
  <w>dess</w>
  <w>barn</w>
  <w>som</w>
  <absaspan id=5 senti=2>
    <w>lever</w>
    <w>helt</w>
    <w>avskärmade</w>
  </absaspan>
  <w>från</w>
  <w>övriga</w>
  <w>samhället</w>
  <w>i</w>
  <w>egna</w>
  <absaspan id=6 senti=2>
    <w>segregerade</w>
  </absaspan>
  <absaspan id=7>
    <w>områden</w>
  </absaspan>
  <w>?</w>
  <w>.</w>
</absapar>
</absadoc>
