<absadoc annotators=1 senti=>
<absatitle>
  <w>Järva</w>
  <w>får</w>
  <w>utomhusbad</w>
  <w>för</w>
  <w>230</w>
  <w>miljoner</w>
  <w>kronor</w>
  <w>.</w>
</absatitle>
<absapar id=1>
  <w>Nu</w>
  <w>vill</w>
  <w>man</w>
  <w>satsa</w>
  <w>230</w>
  <w>miljoner</w>
  <w>på</w>
  <w>en</w>
  <w>ny</w>
  <w>utomhusanläggning</w>
  <w>på</w>
  <w>Järvafältet</w>
  <w>.</w>
</absapar>
<absapar id=2>
  <w>#</w>
  <w>P</w>
  <w>IMM</w>
  <w>.</w>
  <w>"</w>
  <w>:</w>
  <w>Framför</w>
  <w>allt</w>
  <w>riktar</w>
  <w>sig</w>
  <w>badet</w>
  <w>till</w>
  <w>de</w>
  <w>som</w>
  <w>bor</w>
  <w>i</w>
  <w>Järvaområdet</w>
  <w>,</w>
  <w>men</w>
  <w>jag</w>
  <w>hoppas</w>
  <w>ju</w>
  <w>naturligtvis</w>
  <w>att</w>
  <w>även</w>
  <w>övriga</w>
  <w>stockholmare</w>
  <w>tar</w>
  <w>sig</w>
  <w>hit</w>
  <w>,</w>
  <w>säger</w>
  <w>Emilia</w>
  <w>Bjuggren</w>
  <w>(</w>
  <w>S</w>
  <w>)</w>
  <w>som</w>
  <w>är</w>
  <w>idrottsborgarråd</w>
  <w>i</w>
  <w>Stockholm</w>
  <w>.</w>
  <w>"</w>
  <w>.</w>
</absapar>
<absapar id=3>
  <w>Hur</w>
  <w>kommer</w>
  <w>detta</w>
  <w>bli</w>
  <w>?</w>
  <w>Med</w>
  <absaspan id=1>
    <w>tanke</w>
    <w>på</w>
    <w>hur</w>
    <w>det</w>
    <w>är</w>
    <w>på</w>
    <w>många</w>
    <w>av</w>
    <w>landets</w>
    <w>badhus</w>
    <w>med</w>
    <w>frekventa</w>
    <w>tafsningar</w>
    <w>,</w>
    <w>övergrepp</w>
    <w>och</w>
    <w>rena</w>
    <w>våldtäkter</w>
  </absaspan>
  <w>så</w>
  <w>skulle</w>
  <w>detta</w>
  <absaspan id=2 senti=1>
    <w>kunna</w>
    <w>utvecklas</w>
    <w>till</w>
    <w>rena</w>
    <w>helvetet</w>
  </absaspan>
  <w>.</w>
</absapar>
<absapar id=4>
  <w>Mitt</w>
  <w>stalltips</w>
  <w>är</w>
  <w>att</w>
  <absaspan id=3>
    <w>badet</w>
  </absaspan>
  <w>inte</w>
  <w>överlever</w>
  <w>en</w>
  <w>hel</w>
  <w>sommar</w>
  <w>efter</w>
  <w>öppnandet</w>
  <w>.</w>
  <w>Det</w>
  <absaspan id=4 senti=1>
    <w>kommer</w>
    <w>tas</w>
    <w>över</w>
    <w>av</w>
    <w>gäng</w>
    <w>som</w>
    <w>inte</w>
    <w>betalar</w>
    <w>för</w>
    <w>sig</w>
    <w>,</w>
    <w>terroriserar</w>
    <w>och</w>
    <w>kränker</w>
    <w>andra</w>
    <w>gäster</w>
    <w>,</w>
    <w>ägnar</w>
    <w>sig</w>
    <w>åt</w>
    <w>droger</w>
    <w>och</w>
    <w>annan</w>
    <w>kriminalitet</w>
    <w>på</w>
    <w>platsen</w>
  </absaspan>
  <w>.</w>
  <w>Det</w>
  <w>kommer</w>
  <w>behövas</w>
  <w>en</w>
  <w>järnring</w>
  <w>av</w>
  <w>väktare</w>
  <w>/</w>
  <w>poliser</w>
  <w>runt</w>
  <w>anläggningen</w>
  <w>om</w>
  <w>det</w>
  <w>inte</w>
  <w>ska</w>
  <w>spåra</w>
  <w>.</w>
</absapar>
</absadoc>
