<absadoc annotators=1 senti=>
<absatitle>
  <w>Manifestationen</w>
  <w>mot</w>
  <w>nazism</w>
  <w>och</w>
  <w>rasism</w>
  <w>i</w>
  <w>Kärrtorp</w>
  <w>22</w>
  <w>/</w>
  <w>12</w>
  <w>.</w>
</absatitle>
<absapar id=1>
  <w>I</w>
  <w>skrivande</w>
  <w>stund</w>
  <w>anordnas</w>
  <w>en</w>
  <w>manifestation</w>
  <w>mot</w>
  <w>nazism</w>
  <w>och</w>
  <w>rasism</w>
  <w>i</w>
  <w>Kärrtorp</w>
  <w>.</w>
  <w>Anledningen</w>
  <w>är</w>
  <w>en</w>
  <w>tidigare</w>
  <w>antirasistisk</w>
  <w>demonstration</w>
  <w>som</w>
  <w>blev</w>
  <w>attackerad</w>
  <w>av</w>
  <w>SMR</w>
  <w>.</w>
  <w>Förutom</w>
  <w>folkmassor</w>
  <w>i</w>
  <w>tusental</w>
  <w>ska</w>
  <w>även</w>
  <w>artister</w>
  <w>och</w>
  <w>politiker</w>
  <w>från</w>
  <w>alla</w>
  <w>partier</w>
  <w>(</w>
  <w>förutom</w>
  <w>SD</w>
  <w>)</w>
  <w>närvara</w>
  <w>.</w>
</absapar>
<absapar id=2>
  <w>DN</w>
  <w>,</w>
  <w>SvD</w>
  <w>och</w>
  <w>AB</w>
  <w>rapporterar</w>
  <w>direkt</w>
  <w>.</w>
</absapar>
<absapar id=3>
  <w>Vad</w>
  <w>anser</w>
  <w>ni</w>
  <w>om</w>
  <w>detta</w>
  <w>?</w>
  <w>.</w>
</absapar>
<absapar id=4>
  <w>Är</w>
  <w>detta</w>
  <w>ett</w>
  <w>bra</w>
  <w>sätt</w>
  <w>att</w>
  <w>bekämpa</w>
  <w>nazism</w>
  <w>/</w>
  <w>rasism</w>
  <w>på</w>
  <w>?</w>
  <w>.</w>
</absapar>
<absapar id=5>
  <w>Närvarar</w>
  <w>du</w>
  <w>?</w>
  <w>Om</w>
  <w>så</w>
  <w>,</w>
  <w>hur</w>
  <w>ser</w>
  <w>det</w>
  <w>ut</w>
  <w>?</w>
  <w>.</w>
</absapar>
</absadoc>
