<absadoc annotators=1 senti=4>
<absatitle>
  <w>EU</w>
  <w>måste</w>
  <w>skapa</w>
  <w>lagliga</w>
  <w>vägar</w>
  <w>för</w>
  <w>flyktingar</w>
  <w>.</w>
</absatitle>
<absapar id=1 senti=4>
  <w>EU</w>
  <w>måste</w>
  <w>skapa</w>
  <w>lagliga</w>
  <w>vägar</w>
  <w>in</w>
  <w>i</w>
  <w>Europa</w>
  <w>för</w>
  <w>asylsökande</w>
  <w>.</w>
  <w>Ingen</w>
  <w>ska</w>
  <w>behöva</w>
  <w>riskera</w>
  <w>livet</w>
  <w>för</w>
  <w>att</w>
  <w>få</w>
  <w>sin</w>
  <w>asylrätt</w>
  <w>prövad</w>
  <w>,</w>
  <w>skriver</w>
  <w>V-politikerna</w>
  <w>Mikael</w>
  <w>Gustavsson</w>
  <w>och</w>
  <w>Christina</w>
  <w>Höj</w>
  <w>Larsen</w>
  <w>.</w>
</absapar>
<absapar id=2>
  <w>Asylsökande</w>
  <w>bör</w>
  <w>därför</w>
  <w>själva</w>
  <w>få</w>
  <w>välja</w>
  <w>var</w>
  <w>de</w>
  <w>vill</w>
  <w>söka</w>
  <w>asyl.Mikael</w>
  <w>Gustavsson</w>
  <w>och</w>
  <w>Christina</w>
  <w>Höj</w>
  <w>Larsen</w>
  <w>.</w>
</absapar>
<absapar id=3>
  <w>Det</w>
  <w>här</w>
  <w>är</w>
  <w>en</w>
  <w>argumenterande</w>
  <w>text</w>
  <w>med</w>
  <w>syfte</w>
  <w>att</w>
  <w>påverka</w>
  <w>.</w>
  <w>Åsikterna</w>
  <w>som</w>
  <w>uttrycks</w>
  <w>är</w>
  <w>skribentens</w>
  <w>egna</w>
  <w>.</w>
</absapar>
<absapar id=4>
  <w>Idag</w>
  <w>samlas</w>
  <w>EU</w>
  <w>:</w>
  <w>s</w>
  <w>inrikes</w>
  <w>-</w>
  <w>och</w>
  <w>migrationsministrar</w>
  <w>i</w>
  <w>Luxembourg</w>
  <w>till</w>
  <w>ett</w>
  <w>blixtinkallat</w>
  <w>möte</w>
  <w>med</w>
  <w>anledning</w>
  <w>av</w>
  <w>flyktingkatastrofen</w>
  <w>utanför</w>
  <w>den</w>
  <w>italienska</w>
  <w>ön</w>
  <w>Lampedusa</w>
  <w>.</w>
  <absaspan id=1>
    <w>FN</w>
    <w>:</w>
    <w>s</w>
    <w>ansvarige</w>
    <w>för</w>
    <w>flyktingars</w>
    <w>rättigheter</w>
    <w>,</w>
    <w>François</w>
    <w>Crepeau</w>
  </absaspan>
  <w>,</w>
  <w>menar</w>
  <w>att</w>
  <absaspan id=2>
    <w>EU</w>
    <w>:</w>
    <w>s</w>
    <w>egen</w>
    <w>politik</w>
  </absaspan>
  <absaspan id=3 senti=1>
    <w>ligger</w>
    <w>till</w>
    <w>grund</w>
    <w>för</w>
    <w>katastrofen</w>
  </absaspan>
  <w>.</w>
  <w>Vänsterpartiet</w>
  <w>kan</w>
  <w>inte</w>
  <w>annat</w>
  <w>än</w>
  <w>hålla</w>
  <w>med</w>
  <w>.</w>
</absapar>
<absapar id=5 senti=4>
  <w>Det</w>
  <w>är</w>
  <w>hög</w>
  <w>tid</w>
  <w>att</w>
  <w>EU</w>
  <w>ändrar</w>
  <w>den</w>
  <w>migrationspolitik</w>
  <w>som</w>
  <w>sedan</w>
  <w>1993</w>
  <w>skördat</w>
  <w>mer</w>
  <w>än</w>
  <w>17</w>
  <w>000</w>
  <w>människoliv</w>
  <w>.</w>
  <w>EU</w>
  <w>måste</w>
  <w>skapa</w>
  <w>lagliga</w>
  <w>vägar</w>
  <w>in</w>
  <w>i</w>
  <w>Europa</w>
  <w>för</w>
  <w>asylsökande</w>
  <w>.</w>
  <w>Ingen</w>
  <w>ska</w>
  <w>behöva</w>
  <w>riskera</w>
  <w>livet</w>
  <w>för</w>
  <w>att</w>
  <w>få</w>
  <w>sin</w>
  <w>asylrätt</w>
  <w>prövad</w>
  <w>.</w>
  <w>Den</w>
  <absaspan id=4 senti=2>
    <w>upptrappade</w>
    <w>militariseringen</w>
  </absaspan>
  <w>av</w>
  <absaspan id=5>
    <w>Europas</w>
    <w>gränser</w>
  </absaspan>
  <w>leder</w>
  <w>endast</w>
  <w>till</w>
  <w>flera</w>
  <w>döda</w>
  <w>och</w>
  <w>till</w>
  <w>att</w>
  <w>asylrätten</w>
  <w>systematiskt</w>
  <w>kränks</w>
  <w>.</w>
</absapar>
<absapar id=6>
  <w>För</w>
  <w>även</w>
  <w>om</w>
  <absaspan id=6 senti=2>
    <w>katastrofen</w>
  </absaspan>
  <absaspan id=7>
    <w>utanför</w>
    <w>Lampedusa</w>
  </absaspan>
  <w>är</w>
  <w>en</w>
  <w>av</w>
  <w>de</w>
  <w>största</w>
  <w>i</w>
  <w>sitt</w>
  <w>slag</w>
  <w>är</w>
  <w>den</w>
  <w>tyvärr</w>
  <w>bara</w>
  <w>en</w>
  <w>av</w>
  <w>många</w>
  <w>.</w>
  <w>Måndag</w>
  <w>samma</w>
  <w>vecka</w>
  <w>omkom</w>
  <w>13</w>
  <w>flyktingar</w>
  <w>i</w>
  <w>havet</w>
  <w>utanför</w>
  <w>Sicilien</w>
  <w>.</w>
  <w>Organisationen</w>
  <w>United</w>
  <w>har</w>
  <w>sammanställt</w>
  <w>en</w>
  <w>skrämmande</w>
  <w>lista</w>
  <w>över</w>
  <w>17</w>
  <w>306</w>
  <w>flyktingar</w>
  <w>och</w>
  <w>migranter</w>
  <w>som</w>
  <w>de</w>
  <w>senaste</w>
  <w>20</w>
  <w>åren</w>
  <w>dött</w>
  <w>när</w>
  <w>de</w>
  <w>försökt</w>
  <w>ta</w>
  <w>sig</w>
  <w>till</w>
  <w>Europa</w>
  <w>.</w>
  <w>Här</w>
  <w>finns</w>
  <w>mammor</w>
  <w>som</w>
  <w>har</w>
  <w>drunknat</w>
  <w>i</w>
  <w>Medelhavet</w>
  <w>.</w>
  <w>Här</w>
  <w>finns</w>
  <w>unga</w>
  <w>män</w>
  <w>som</w>
  <w>kvävts</w>
  <w>i</w>
  <w>lastbilsutrymmen</w>
  <w>.</w>
  <w>Här</w>
  <w>finns</w>
  <w>de</w>
  <w>som</w>
  <w>har</w>
  <w>frusit</w>
  <w>ihjäl</w>
  <w>efter</w>
  <w>att</w>
  <w>ha</w>
  <w>simmat</w>
  <w>över</w>
  <w>floden</w>
  <w>Evros</w>
  <w>mellan</w>
  <w>Grekland</w>
  <w>och</w>
  <w>Turkiet</w>
  <w>.</w>
</absapar>
<absapar id=7 senti=3>
  <absaspan id=8 senti=2>
    <w>Främlingsfientliga</w>
    <w>krafter</w>
  </absaspan>
  <w>i</w>
  <w>Europa</w>
  <w>hävdar</w>
  <w>att</w>
  <w>EU</w>
  <w>hotas</w>
  <w>av</w>
  <w>en</w>
  <w>våg</w>
  <w>av</w>
  <w>flyktingar</w>
  <w>och</w>
  <w>migranter</w>
  <w>.</w>
  <w>Det</w>
  <w>stämmer</w>
  <w>inte</w>
  <w>.</w>
  <w>I</w>
  <w>slutet</w>
  <w>av</w>
  <w>2011</w>
  <w>var</w>
  <w>ca</w>
  <w>43</w>
  <w>miljoner</w>
  <w>människor</w>
  <w>över</w>
  <w>hela</w>
  <w>världen</w>
  <w>på</w>
  <w>flykt</w>
  <w>på</w>
  <w>grund</w>
  <w>av</w>
  <w>konflikter</w>
  <w>och</w>
  <w>förföljelse</w>
  <w>.</w>
  <w>Endast</w>
  <w>en</w>
  <w>halv</w>
  <w>procent</w>
  <w>av</w>
  <w>dessa</w>
  <w>sökte</w>
  <w>asyl</w>
  <w>i</w>
  <w>Europa</w>
  <w>.</w>
  <w>Sedan</w>
  <w>dess</w>
  <w>har</w>
  <w>inbördeskriget</w>
  <w>i</w>
  <w>Syrien</w>
  <w>drivit</w>
  <w>ytterligare</w>
  <w>miljoner</w>
  <w>på</w>
  <w>flykt</w>
  <w>.</w>
  <w>EU</w>
  <w>svarar</w>
  <w>genom</w>
  <w>att</w>
  <w>försvåra</w>
  <w>för</w>
  <w>asylsökande</w>
  <w>och</w>
  <w>migranter</w>
  <w>att</w>
  <w>komma</w>
  <w>in</w>
  <w>i</w>
  <w>unionen</w>
  <w>.</w>
  <w>Med</w>
  <w>hjälp</w>
  <w>av</w>
  <w>kustbevakning</w>
  <w>och</w>
  <w>gränspolis</w>
  <w>bevakar</w>
  <w>man</w>
  <w>EU</w>
  <w>:</w>
  <w>s</w>
  <w>yttre</w>
  <w>gränser</w>
  <w>,</w>
  <w>och</w>
  <w>nya</w>
  <w>medlemsländer</w>
  <w>har</w>
  <w>hårda</w>
  <w>krav</w>
  <w>på</w>
  <w>sig</w>
  <w>att</w>
  <w>hindra</w>
  <w>människor</w>
  <w>att</w>
  <w>korsa</w>
  <w>gränserna</w>
  <w>.</w>
  <absaspan id=9>
    <w>Europa</w>
  </absaspan>
  <absaspan id=10 senti=2>
    <w>har</w>
    <w>slutit</w>
    <w>sig</w>
    <w>för</w>
    <w>omvärlden</w>
  </absaspan>
  <w>.</w>
  <w>För</w>
  <w>den</w>
  <w>som</w>
  <w>vill</w>
  <w>söka</w>
  <w>skydd</w>
  <w>undan</w>
  <w>krig</w>
  <w>och</w>
  <w>förföljelse</w>
  <w>finns</w>
  <w>mycket</w>
  <w>få</w>
  <w>lagliga</w>
  <w>vägar</w>
  <w>in</w>
  <w>.</w>
</absapar>
<absapar id=8>
  <w>Därför</w>
  <w>bör</w>
  <w>debatten</w>
  <w>om</w>
  <w>hur</w>
  <w>vi</w>
  <w>hindrar</w>
  <absaspan id=11 senti=2>
    <w>katastrofer</w>
  </absaspan>
  <w>som</w>
  <absaspan id=12>
    <w>den</w>
    <w>utanför</w>
    <w>Lampedusa</w>
  </absaspan>
  <w>framförallt</w>
  <w>handla</w>
  <w>om</w>
  <w>rätten</w>
  <w>att</w>
  <w>söka</w>
  <w>asyl</w>
  <w>.</w>
  <w>Detta</w>
  <w>är</w>
  <w>det</w>
  <w>verkliga</w>
  <w>problem</w>
  <w>som</w>
  <w>EU</w>
  <w>:</w>
  <w>s</w>
  <w>inrikes</w>
  <w>-</w>
  <w>och</w>
  <w>migrationsministrar</w>
  <w>idag</w>
  <w>borde</w>
  <w>lösa</w>
  <w>genom</w>
  <w>att</w>
  <w>komma</w>
  <w>överens</w>
  <w>om</w>
  <w>följande</w>
  <w>tre</w>
  <w>saker</w>
  <w>:</w>
  <w>.</w>
</absapar>
<absapar id=9>
  <w>Skräddarsydda</w>
  <w>kurser</w>
  <w>i</w>
  <w>ämnen</w>
  <w>som</w>
  <w>intresserar</w>
  <w>och</w>
  <w>engagerar</w>
  <w>både</w>
  <w>kropp</w>
  <w>och</w>
  <w>själ</w>
  <w>.</w>
</absapar>
<absapar id=10 senti=4>
  <w>.</w>
  <w>•</w>
  <w>Skapa</w>
  <w>lagliga</w>
  <w>vägar</w>
  <w>in</w>
  <w>i</w>
  <w>Europa</w>
  <w>.</w>
  <w>Detta</w>
  <w>kan</w>
  <w>ske</w>
  <w>genom</w>
  <w>asylvisum</w>
  <w>som</w>
  <w>utfärdas</w>
  <w>vid</w>
  <w>ambassader</w>
  <w>och</w>
  <w>beskickningar</w>
  <w>,</w>
  <w>men</w>
  <w>även</w>
  <w>genom</w>
  <w>upphävande</w>
  <w>av</w>
  <w>visumkrav</w>
  <w>från</w>
  <w>länder</w>
  <w>som</w>
  <w>drabbats</w>
  <w>av</w>
  <w>konflikt</w>
  <w>,</w>
  <w>krig</w>
  <w>eller</w>
  <w>vars</w>
  <w>regimer</w>
  <w>utsätter</w>
  <w>befolkningen</w>
  <w>för</w>
  <w>tortyr</w>
  <w>eller</w>
  <w>förföljelse</w>
  <w>.</w>
</absapar>
<absapar id=11>
  <w>.</w>
  <w>•</w>
  <w>Stoppa</w>
  <absaspan id=13 senti=2>
    <w>militariseringen</w>
    <w>av</w>
    <w>Europas</w>
    <w>yttre</w>
    <w>gränser</w>
  </absaspan>
  <w>.</w>
  <w>Den</w>
  <w>gemensamma</w>
  <w>europeiska</w>
  <w>gränspolisen</w>
  <w>FRONTEX</w>
  <w>och</w>
  <w>enskilda</w>
  <w>medlemsländer</w>
  <w>hindrar</w>
  <w>asylsökande</w>
  <w>från</w>
  <w>att</w>
  <w>ta</w>
  <w>sig</w>
  <w>in</w>
  <w>i</w>
  <w>Europa</w>
  <w>med</w>
  <w>förstärkt</w>
  <w>gränsbevakning</w>
  <w>och</w>
  <w>stängsel</w>
  <w>.</w>
  <w>Detta</w>
  <w>måste</w>
  <w>omedelbart</w>
  <w>upphöra</w>
  <w>.</w>
</absapar>
<absapar id=12 senti=4>
  <w>.</w>
  <w>•</w>
  <w>Slopa</w>
  <w>Dublinförordningen</w>
  <w>som</w>
  <w>idag</w>
  <w>koncentrerar</w>
  <w>mottagandet</w>
  <w>av</w>
  <w>flyktingar</w>
  <w>till</w>
  <w>södra</w>
  <w>Europa</w>
  <w>.</w>
  <w>Mottagandeförhållanden</w>
  <w>och</w>
  <w>asylprocess</w>
  <w>skiljer</w>
  <w>sig</w>
  <w>fortfarande</w>
  <w>väsentligt</w>
  <w>mellan</w>
  <w>EU-länderna</w>
  <w>.</w>
  <w>Asylsökande</w>
  <w>bör</w>
  <w>därför</w>
  <w>själva</w>
  <w>få</w>
  <w>välja</w>
  <w>var</w>
  <w>de</w>
  <w>vill</w>
  <w>söka</w>
  <w>asyl</w>
  <w>.</w>
</absapar>
<absapar id=13>
  <w>Ombord</w>
  <w>på</w>
  <w>båten</w>
  <w>som</w>
  <w>sjönk</w>
  <w>i</w>
  <w>torsdags</w>
  <w>utanför</w>
  <w>Lampedusa</w>
  <w>fanns</w>
  <w>män</w>
  <w>,</w>
  <w>kvinnor</w>
  <w>och</w>
  <w>barn</w>
  <w>från</w>
  <w>Somalia</w>
  <w>,</w>
  <w>Eritrea</w>
  <w>och</w>
  <w>Ghana</w>
  <w>med</w>
  <w>drömmar</w>
  <w>om</w>
  <w>ett</w>
  <w>bättre</w>
  <w>liv</w>
  <w>i</w>
  <w>frihet</w>
  <w>i</w>
  <w>Europa</w>
  <w>.</w>
  <w>Vi</w>
  <w>vet</w>
  <w>inte</w>
  <w>vad</w>
  <w>dessa</w>
  <w>människor</w>
  <w>upplevt</w>
  <w>eller</w>
  <w>vilka</w>
  <w>drömmar</w>
  <w>de</w>
  <w>hade</w>
  <w>.</w>
  <w>Men</w>
  <w>vi</w>
  <w>vet</w>
  <w>att</w>
  <w>de</w>
  <w>aldrig</w>
  <w>fick</w>
  <w>ta</w>
  <w>del</w>
  <w>av</w>
  <w>en</w>
  <w>grundläggande</w>
  <w>mänsklig</w>
  <w>rättighet</w>
  <w>:</w>
  <w>rätten</w>
  <w>att</w>
  <w>åberopa</w>
  <w>asyl</w>
  <w>och</w>
  <w>få</w>
  <w>en</w>
  <w>individuell</w>
  <w>och</w>
  <w>rättssäker</w>
  <w>prövning</w>
  <w>.</w>
  <w>Det</w>
  <w>är</w>
  <w>hög</w>
  <w>tid</w>
  <w>att</w>
  <w>EU</w>
  <w>respekterar</w>
  <w>den</w>
  <w>rätten</w>
  <w>.</w>
</absapar>
<absapar id=14>
  <w>MIKAEL</w>
  <w>GUSTAVSSON</w>
  <w>(</w>
  <w>V</w>
  <w>)</w>
  <w>.</w>
</absapar>
<absapar id=15>
  <w>EU-parlamentariker</w>
  <w>.</w>
</absapar>
<absapar id=16>
  <w>CHRISTINA</w>
  <w>HÖJ</w>
  <w>LARSEN</w>
  <w>(</w>
  <w>V</w>
  <w>)</w>
  <w>.</w>
</absapar>
<absapar id=17>
  <w>flyktingpolitisk</w>
  <w>talesperson</w>
  <w>.</w>
</absapar>
<absapar id=18>
  <w>DISKUTERA</w>
  <w>:</w>
  <w>Brännpunkt</w>
  <w>Direkt</w>
  <w>idag</w>
  <w>om</w>
  <w>flyktingar</w>
  <w>och</w>
  <w>asylvisum</w>
  <w>.</w>
</absapar>
<absapar id=19>
  <w>Redaktör</w>
  <w>:</w>
  <w>Carina</w>
  <w>Stensson</w>
  <w>,</w>
  <w>Biträdande</w>
  <w>redaktör</w>
  <w>:</w>
  <w>Björn</w>
  <w>Jorner</w>
  <w>,</w>
  <w>Mejl</w>
  <w>:</w>
  <w>debatt</w>
  <w>@</w>
  <w>svd.se</w>
  <w>,</w>
  <w>Telefonnummer</w>
  <w>:</w>
  <w>08</w>
  <w>-</w>
  <w>135149</w>
  <w>,</w>
  <w>Twitter</w>
  <w>:</w>
  <w>@</w>
  <w>SvDDebatt</w>
  <w>,</w>
  <w>Facebook</w>
  <w>:</w>
  <w>SvD</w>
  <w>Debatt</w>
  <w>.</w>
</absapar>
</absadoc>
