<absadoc annotators=1 senti=>
<absatitle>
  <w>Kan</w>
  <w>SD</w>
  <w>vara</w>
  <w>mer</w>
  <w>extrema</w>
  <w>än</w>
  <w>vad</w>
  <w>man</w>
  <w>tror</w>
  <w>?</w>
</absatitle>
<absapar id=1>
  <w>Så</w>
  <w>frågan</w>
  <w>lyder</w>
  <w>som</w>
  <w>titeln</w>
  <w>,</w>
  <w>Kan</w>
  <w>SD</w>
  <w>vara</w>
  <w>mer</w>
  <w>extrema</w>
  <w>än</w>
  <w>man</w>
  <w>tror</w>
  <w>?</w>
  <w>Deras</w>
  <w>lugnare</w>
  <w>retorik</w>
  <w>som</w>
  <w>Jimmie</w>
  <w>har</w>
  <w>tagit</w>
  <w>till</w>
  <w>sig</w>
  <w>nu</w>
  <w>kan</w>
  <w>ju</w>
  <w>bara</w>
  <w>vara</w>
  <w>att</w>
  <w>locka</w>
  <w>till</w>
  <w>sig</w>
  <w>så</w>
  <w>många</w>
  <w>väljare</w>
  <w>som</w>
  <w>möjligt</w>
  <w>så</w>
  <w>att</w>
  <w>dom</w>
  <w>kan</w>
  <w>få</w>
  <w>egen</w>
  <w>majoritet</w>
  <w>,</w>
  <w>och</w>
  <w>ifall</w>
  <w>SD</w>
  <w>skulle</w>
  <w>få</w>
  <w>egen</w>
  <w>majoritet</w>
  <w>skulle</w>
  <w>dom</w>
  <w>då</w>
  <w>kunna</w>
  <w>bli</w>
  <w>mycket</w>
  <w>mer</w>
  <w>extrema</w>
  <w>?</w>
  <w>.</w>
</absapar>
<absapar id=2>
  <absaspan id=1>
    <w>Jag</w>
  </absaspan>
  <absaspan id=2 senti=3>
    <w>är</w>
    <w>inte</w>
    <w>emot</w>
  </absaspan>
  <absaspan id=3>
    <w>SD</w>
    <w>jag</w>
  </absaspan>
  <absaspan id=4 senti=4>
    <w>skulle</w>
    <w>faktiskt</w>
    <w>ljuga</w>
    <w>om</w>
    <w>jag</w>
    <w>sa</w>
    <w>att</w>
    <w>jag</w>
    <w>inte</w>
    <w>ville</w>
  </absaspan>
  <absaspan id=5>
    <w>att</w>
    <w>dom</w>
    <w>skulle</w>
    <w>vara</w>
    <w>mer</w>
    <w>extrema</w>
  </absaspan>
  <w>.</w>
</absapar>
<absapar id=3>
  <w>Med</w>
  <w>mer</w>
  <w>extrem</w>
  <w>menar</w>
  <w>jag</w>
  <w>då</w>
  <w>att</w>
  <w>dom</w>
  <w>är</w>
  <w>mycket</w>
  <w>mer</w>
  <w>nationalistiska</w>
  <w>än</w>
  <w>vad</w>
  <w>dom</w>
  <w>säger</w>
  <w>sig</w>
  <w>vara</w>
  <w>.</w>
  <absaspan id=6>
    <w>Dom</w>
  </absaspan>
  <absaspan id=7 senti=5>
    <w>är</w>
    <w>mycket</w>
    <w>mer</w>
    <w>för</w>
  </absaspan>
  <absaspan id=8>
    <w>repatriering</w>
    <w>osv</w>
  </absaspan>
  <w>ni</w>
  <w>fattar</w>
  <w>.</w>
</absapar>
</absadoc>
