<absadoc annotators=1 senti=>
<absatitle>
  <w>#</w>
  <w>T</w>
  <w>IMM</w>
  <w>.</w>
  <w>”</w>
  <absaspan id=1>
    <w>De</w>
    <w>rödgröna</w>
  </absaspan>
  <absaspan id=2 senti=4>
    <w>är</w>
    <w>lugna</w>
    <w>och</w>
    <w>samspelta</w>
  </absaspan>
  <w>”</w>
  <w>.</w>
</absatitle>
<absapar id=1>
  <w>Helhetsintryck</w>
  <w>:</w>
  <w>.</w>
</absapar>
<absapar id=2>
  <w>Det</w>
  <absaspan id=3 senti=4>
    <w>är</w>
    <w>lugna</w>
    <w>och</w>
    <w>samspelta</w>
  </absaspan>
  <w>,</w>
  <w>det</w>
  <w>märks</w>
  <w>att</w>
  <w>Sahlin</w>
  <w>är</w>
  <w>huvudpersonen</w>
  <w>.</w>
  <w>De</w>
  <w>är</w>
  <w>lugna</w>
  <w>och</w>
  <w>tydliga</w>
  <w>och</w>
  <w>svarar</w>
  <w>på</w>
  <w>alla</w>
  <w>frågorna</w>
  <w>.</w>
  <w>De</w>
  <w>är</w>
  <w>samspelta</w>
  <w>trots</w>
  <w>att</w>
  <w>utfrågarna</w>
  <w>ibland</w>
  <w>försökte</w>
  <w>spela</w>
  <w>ut</w>
  <w>dem</w>
  <w>mot</w>
  <w>varandra</w>
  <w>.</w>
  <w>De</w>
  <w>rödgröna</w>
  <w>var</w>
  <w>ikväll</w>
  <w>överens</w>
  <w>om</w>
  <w>att</w>
  <w>de</w>
  <w>inte</w>
  <w>var</w>
  <w>överens</w>
  <w>i</w>
  <w>vissa</w>
  <w>frågor</w>
  <w>,</w>
  <w>men</w>
  <w>till</w>
  <w>skillnad</w>
  <w>från</w>
  <w>2006</w>
  <w>visade</w>
  <w>de</w>
  <w>inte</w>
  <w>att</w>
  <w>det</w>
  <w>störde</w>
  <w>dem</w>
  <w>-</w>
  <w>det</w>
  <w>stärkte</w>
  <w>deras</w>
  <w>trovärdighet</w>
  <w>idag</w>
  <w>.</w>
</absapar>
<absapar id=3>
  <w>Styrkor</w>
  <w>:</w>
  <w>.</w>
</absapar>
<absapar id=4>
  <w>Sahlin</w>
  <w>:</w>
  <absaspan id=4>
    <w>Sahlin</w>
  </absaspan>
  <w>inleder</w>
  <w>med</w>
  <w>att</w>
  <absaspan id=5 senti=4>
    <w>avfyra</w>
    <w>en</w>
    <w>serie</w>
    <w>bevingade</w>
    <w>ord</w>
  </absaspan>
  <w>;</w>
  <w>"</w>
  <w>Vi</w>
  <w>kan</w>
  <w>,</w>
  <w>vi</w>
  <w>vill</w>
  <w>,</w>
  <w>vi</w>
  <w>vet</w>
  <w>hur</w>
  <w>man</w>
  <w>gör</w>
  <w>"</w>
  <w>.</w>
  <w>Hon</w>
  <w>stärker</w>
  <w>sin</w>
  <w>trovärdighet</w>
  <w>genom</w>
  <w>att</w>
  <w>hävda</w>
  <w>att</w>
  <w>hon</w>
  <w>inte</w>
  <w>hämtar</w>
  <w>kraft</w>
  <w>ur</w>
  <w>något</w>
  <w>gym</w>
  <w>utan</w>
  <w>ur</w>
  <w>världsläget</w>
  <w>;</w>
  <w>"</w>
  <w>Jag</w>
  <w>orkar</w>
  <w>,</w>
  <w>för</w>
  <w>att</w>
  <w>det</w>
  <w>finns</w>
  <w>så</w>
  <w>mycket</w>
  <w>orättvisor</w>
  <w>som</w>
  <w>jag</w>
  <w>vill</w>
  <w>få</w>
  <w>bort</w>
  <w>.</w>
  <w>"</w>
  <absaspan id=6>
    <w>Hennes</w>
    <w>röst</w>
    <w>och</w>
    <w>tempo</w>
  </absaspan>
  <w>passar</w>
  <w>till</w>
  <w>den</w>
  <w>retoriska</w>
  <w>linje</w>
  <w>hon</w>
  <w>håller</w>
  <w>idag</w>
  <w>-</w>
  <w>ett</w>
  <w>mer</w>
  <absaspan id=7 senti=4>
    <w>omsorgsfullt</w>
    <w>fokus</w>
  </absaspan>
  <w>;</w>
  <w>"</w>
  <w>Vi</w>
  <w>öppnar</w>
  <w>inte</w>
  <w>dörrar</w>
  <w>efter</w>
  <w>hur</w>
  <w>arbetsmarknaden</w>
  <w>ser</w>
  <w>ut</w>
  <w>utan</w>
  <w>efter</w>
  <w>hur</w>
  <w>världen</w>
  <w>ser</w>
  <w>ut</w>
  <w>"</w>
  <w>.</w>
  <w>Malous</w>
  <w>försök</w>
  <w>till</w>
  <w>att</w>
  <w>avbryta</w>
  <w>stoppar</w>
  <w>Sahlin</w>
  <w>innan</w>
  <w>hon</w>
  <w>hinner</w>
  <w>säga</w>
  <w>första</w>
  <w>ordet</w>
  <w>med</w>
  <w>att</w>
  <w>lugnt</w>
  <w>säga</w>
  <w>"</w>
  <w>Nämen</w>
  <w>vänta</w>
  <w>"</w>
  <w>-</w>
  <absaspan id=8 senti=4>
    <w>väldigt</w>
    <w>skönt</w>
  </absaspan>
  <w>för</w>
  <w>oss</w>
  <w>som</w>
  <w>tittar</w>
  <absaspan id=9>
    <w>.</w>
  </absaspan>
  <absaspan id=10>
    <w>Hon</w>
    <w>nämner</w>
    <w>tittarna</w>
    <w>vid</w>
    <w>namn</w>
  </absaspan>
  <w>,</w>
  <w>det</w>
  <absaspan id=11 senti=4>
    <w>ger</w>
    <w>henne</w>
    <w>en</w>
    <w>folklig</w>
    <w>roll</w>
  </absaspan>
  <w>:</w>
  <w>"</w>
  <w>Vi</w>
  <w>har</w>
  <w>en</w>
  <w>politik</w>
  <w>som</w>
  <w>Bertil</w>
  <w>och</w>
  <w>andra</w>
  <w>kan</w>
  <w>lita</w>
  <w>på</w>
  <w>"</w>
  <w>.</w>
</absapar>
<absapar id=5>
  <w>Eriksson</w>
  <w>:</w>
  <w>Även</w>
  <w>Eriksson</w>
  <w>har</w>
  <w>en</w>
  <w>del</w>
  <w>bevingade</w>
  <w>meningar</w>
  <w>;</w>
  <w>"</w>
  <w>Nu</w>
  <w>ska</w>
  <w>vi</w>
  <w>pratas</w>
  <w>vid</w>
  <w>,</w>
  <w>om</w>
  <w>vi</w>
  <w>tillsammans</w>
  <w>och</w>
  <w>framtiden</w>
  <w>-</w>
  <w>inte</w>
  <w>bara</w>
  <w>jag</w>
  <w>,</w>
  <w>här</w>
  <w>och</w>
  <w>nu</w>
  <w>!</w>
  <w>"</w>
  <w>.</w>
  <w>Han</w>
  <w>vädjar</w>
  <w>till</w>
  <w>väljarnas</w>
  <w>känslor</w>
  <w>(</w>
  <w>patos</w>
  <w>)</w>
  <w>genom</w>
  <w>att</w>
  <w>argumentera</w>
  <w>för</w>
  <w>att</w>
  <w>inte</w>
  <w>bara</w>
  <w>tänka</w>
  <w>på</w>
  <w>sig</w>
  <w>själva</w>
  <w>och</w>
  <w>sänkta</w>
  <w>skatter</w>
  <w>utan</w>
  <w>också</w>
  <w>världsläget</w>
  <w>och</w>
  <w>medmänniskor</w>
  <w>.</w>
  <w>Han</w>
  <w>talar</w>
  <w>inte</w>
  <w>bara</w>
  <w>som</w>
  <w>MP</w>
  <w>:</w>
  <w>s</w>
  <w>språkrör</w>
  <w>utan</w>
  <w>som</w>
  <w>en</w>
  <w>person</w>
  <w>från</w>
  <w>landet</w>
  <w>:</w>
  <w>"</w>
  <w>Det</w>
  <w>är</w>
  <w>vi</w>
  <w>som</w>
  <w>bor</w>
  <w>i</w>
  <w>vischan</w>
  <w>-</w>
  <w>i</w>
  <w>skogen</w>
  <w>som</w>
  <w>behöver</w>
  <w>andra</w>
  <w>bränslen</w>
  <w>.</w>
  <w>"</w>
  <w>.</w>
</absapar>
<absapar id=6>
  <w>Ohly</w>
  <w>:</w>
  <w>Ohly</w>
  <w>är</w>
  <w>ovanligt</w>
  <w>lugn</w>
  <w>och</w>
  <w>på</w>
  <w>glatt</w>
  <w>humör</w>
  <w>.</w>
  <w>Imponerande</w>
  <w>att</w>
  <w>han</w>
  <w>inte</w>
  <w>blir</w>
  <w>förbannad</w>
  <w>på</w>
  <w>Jihdes</w>
  <w>kommentar</w>
  <w>om</w>
  <w>Ohlys</w>
  <w>engagemang</w>
  <w>"</w>
  <w>Ja</w>
  <w>nu</w>
  <w>hände</w>
  <w>nåt</w>
  <w>,</w>
  <w>nu</w>
  <w>ser</w>
  <w>jag</w>
  <w>att</w>
  <w>du</w>
  <w>började</w>
  <w>vifta</w>
  <w>med</w>
  <w>händerna</w>
  <w>"</w>
  <w>säger</w>
  <w>Jidhe</w>
  <w>när</w>
  <w>Ohly</w>
  <w>precis</w>
  <w>haft</w>
  <w>en</w>
  <w>känslosam</w>
  <w>utläggning</w>
  <w>om</w>
  <w>barn</w>
  <w>som</w>
  <w>sjukskriver</w>
  <w>sig</w>
  <w>.</w>
  <w>En</w>
  <w>upprörd</w>
  <w>reaktion</w>
  <w>på</w>
  <w>det</w>
  <w>hade</w>
  <w>varit</w>
  <w>mänsklig</w>
  <w>,</w>
  <w>men</w>
  <w>Ohly</w>
  <w>svalde</w>
  <w>och</w>
  <w>höll</w>
  <w>sig</w>
  <w>lugn</w>
  <w>kanske</w>
  <w>för</w>
  <w>att</w>
  <w>han</w>
  <w>klurade</w>
  <w>på</w>
  <w>frieriet</w>
  <w>till</w>
  <w>sin</w>
  <w>sambo</w>
  <w>?</w>
  <w>När</w>
  <w>han</w>
  <w>inte</w>
  <w>gillar</w>
  <w>frågor</w>
  <w>så</w>
  <w>svarar</w>
  <w>han</w>
  <w>genom</w>
  <w>att</w>
  <w>ställa</w>
  <w>en</w>
  <w>retorisk</w>
  <w>fråga</w>
  <w>på</w>
  <w>till</w>
  <w>exempel</w>
  <w>burkafrågan</w>
  <w>i</w>
  <w>läraryrket</w>
  <w>;</w>
  <w>"</w>
  <w>Det</w>
  <w>skulle</w>
  <w>vara</w>
  <w>kul</w>
  <w>om</w>
  <w>mångfaldsbarometern</w>
  <w>ställde</w>
  <w>frågan</w>
  <w>,</w>
  <w>hur</w>
  <w>ofta</w>
  <w>har</w>
  <w>du</w>
  <w>sett</w>
  <w>det</w>
  <w>här</w>
  <w>problemet</w>
  <w>?</w>
  <w>"</w>
  <w>.</w>
</absapar>
<absapar id=7>
  <w>För</w>
  <w>övrigt</w>
  <w>verkar</w>
  <w>det</w>
  <w>som</w>
  <w>att</w>
  <w>Ohly</w>
  <w>försöker</w>
  <w>balansera</w>
  <w>den</w>
  <w>vänsterpartist</w>
  <w>han</w>
  <w>var</w>
  <w>i</w>
  <w>utfrågningen</w>
  <w>i</w>
  <w>Svt</w>
  <w>,</w>
  <w>idag</w>
  <w>är</w>
  <w>han</w>
  <w>mer</w>
  <w>Rödgröna</w>
  <w>Ohly</w>
  <w>.</w>
  <w>Och</w>
  <w>även</w>
  <w>romantiska</w>
  <w>Ohly</w>
  <w>som</w>
  <w>vågar</w>
  <w>vara</w>
  <w>personlig</w>
  <w>och</w>
  <w>fria</w>
  <w>i</w>
  <w>slutet</w>
  <w>av</w>
  <w>utfrågningen</w>
  <w>!</w>
  <w>.</w>
</absapar>
<absapar id=8>
  <w>Svagheter</w>
  <w>.</w>
</absapar>
<absapar id=9>
  <w>Sahlin</w>
  <w>:</w>
  <w>Sahlin</w>
  <w>var</w>
  <w>stark</w>
  <w>i</w>
  <w>dag</w>
  <w>,</w>
  <w>det</w>
  <w>var</w>
  <w>svårt</w>
  <w>att</w>
  <w>hitta</w>
  <w>fallgropar</w>
  <w>.</w>
  <w>Den</w>
  <w>enda</w>
  <w>fallgropen</w>
  <w>är</w>
  <w>möjligen</w>
  <w>att</w>
  <w>Sahlin</w>
  <w>lagt</w>
  <w>till</w>
  <w>sig</w>
  <w>med</w>
  <w>den</w>
  <w>nya</w>
  <w>jargongen</w>
  <w>och</w>
  <w>retoriken</w>
  <w>så</w>
  <w>sent</w>
  <w>i</w>
  <w>valrörelsen</w>
  <w>,</w>
  <w>men</w>
  <w>även</w>
  <w>de</w>
  <w>som</w>
  <w>slutspurtar</w>
  <w>kan</w>
  <w>vinna</w>
  <w>lopp</w>
  <w>.</w>
</absapar>
<absapar id=10>
  <w>Eriksson</w>
  <w>:</w>
  <w>Är</w>
  <w>engagerad</w>
  <w>och</w>
  <w>yvig</w>
  <w>i</w>
  <w>gesterna</w>
  <w>,</w>
  <w>men</w>
  <w>långt</w>
  <w>ifrån</w>
  <w>så</w>
  <w>tydlig</w>
  <w>som</w>
  <w>Wetterstrand</w>
  <w>är</w>
  <w>.</w>
</absapar>
<absapar id=11>
  <w>Ohly</w>
  <w>:</w>
  <w>Idag</w>
  <w>var</w>
  <w>Ohly</w>
  <w>stark</w>
  <w>som</w>
  <w>Rödgrön</w>
  <w>ledare</w>
  <w>,</w>
  <w>men</w>
  <w>hans</w>
  <w>trovärdighet</w>
  <w>som</w>
  <w>vänsterpartiets</w>
  <w>ledare</w>
  <w>föll</w>
  <w>lite</w>
  <w>i</w>
  <w>skymundan</w>
  <w>.</w>
  <w>En</w>
  <w>balans</w>
  <w>däremellan</w>
  <w>är</w>
  <w>svår</w>
  <w>,</w>
  <w>men</w>
  <w>nödvändig</w>
  <w>.</w>
</absapar>
<absapar id=12>
  <w>Elaine</w>
  <w>Bergqvist</w>
  <w>.</w>
</absapar>
</absadoc>
