<absadoc annotators=1 senti=>
<absatitle>
  <w>USA</w>
  <w>bör</w>
  <w>undvika</w>
  <w>inblandning</w>
  <w>.</w>
</absatitle>
<absapar id=1>
  <w>USA</w>
  <w>:</w>
  <w>s</w>
  <w>trovärdighet</w>
  <w>när</w>
  <w>det</w>
  <w>gäller</w>
  <w>demokrati</w>
  <w>i</w>
  <w>Mellanöstern</w>
  <w>är</w>
  <w>begränsad</w>
  <w>efter</w>
  <w>ockupationen</w>
  <w>i</w>
  <w>Irak</w>
  <w>.</w>
  <w>Därför</w>
  <w>ska</w>
  <w>fokus</w>
  <w>nu</w>
  <w>vara</w>
  <w>det</w>
  <w>egyptiska</w>
  <w>folket</w>
  <w>,</w>
  <w>inte</w>
  <w>rop</w>
  <w>på</w>
  <w>en</w>
  <w>mer</w>
  <w>aktiv</w>
  <w>amerikansk</w>
  <w>roll</w>
  <w>,</w>
  <w>skriver</w>
  <w>journalisten</w>
  <w>Salam</w>
  <w>Karam</w>
  <w>.</w>
</absapar>
<absapar id=2>
  <w>Frestelsen</w>
  <w>att</w>
  <w>kräva</w>
  <w>ett</w>
  <w>mer</w>
  <w>aktivt</w>
  <w>amerikanskt</w>
  <w>stöd</w>
  <w>till</w>
  <w>oppositionen</w>
  <w>och</w>
  <w>mot</w>
  <w>Mubarak</w>
  <w>i</w>
  <w>Egypten</w>
  <w>är</w>
  <w>legitimt</w>
  <w>.</w>
  <w>Men</w>
  <w>USA</w>
  <w>bör</w>
  <w>undvika</w>
  <w>detta</w>
  <w>.</w>
  <w>Revolutionerna</w>
  <w>i</w>
  <w>Tunisien</w>
  <w>och</w>
  <w>nu</w>
  <w>i</w>
  <w>Egypten</w>
  <w>är</w>
  <w>folkliga</w>
  <w>revolter</w>
  <w>som</w>
  <w>har</w>
  <w>börjat</w>
  <w>utan</w>
  <w>amerikansk</w>
  <w>inblandning</w>
  <w>och</w>
  <w>på</w>
  <w>den</w>
  <w>vägen</w>
  <w>måste</w>
  <w>de</w>
  <w>fortsätta</w>
  <w>.</w>
</absapar>
<absapar id=3>
  <w>Det</w>
  <w>här</w>
  <w>är</w>
  <w>en</w>
  <w>argumenterande</w>
  <w>text</w>
  <w>med</w>
  <w>syfte</w>
  <w>att</w>
  <w>påverka</w>
  <w>.</w>
  <w>Åsikterna</w>
  <w>som</w>
  <w>uttrycks</w>
  <w>är</w>
  <w>skribentens</w>
  <w>egna</w>
  <w>.</w>
</absapar>
<absapar id=4>
  <w>De</w>
  <w>som</w>
  <w>vill</w>
  <w>se</w>
  <w>ett</w>
  <w>mer</w>
  <w>aktivt</w>
  <w>amerikanskt</w>
  <w>stöd</w>
  <w>till</w>
  <w>oppositionen</w>
  <w>i</w>
  <w>Egypten</w>
  <w>och</w>
  <w>mot</w>
  <w>Mubarak</w>
  <w>bör</w>
  <w>ställa</w>
  <w>sig</w>
  <w>en</w>
  <w>fråga</w>
  <w>:</w>
  <w>Vem</w>
  <w>skulle</w>
  <w>tjäna</w>
  <w>på</w>
  <w>det</w>
  <w>?</w>
  <w>USA</w>
  <w>har</w>
  <w>inget</w>
  <w>att</w>
  <w>vinna</w>
  <w>på</w>
  <w>att</w>
  <w>ta</w>
  <w>en</w>
  <w>mer</w>
  <w>aktiv</w>
  <w>roll</w>
  <w>i</w>
  <w>händelserna</w>
  <w>och</w>
  <w>den</w>
  <w>sista</w>
  <w>person</w>
  <w>folket</w>
  <w>som</w>
  <w>revolterar</w>
  <w>i</w>
  <w>Egypten</w>
  <w>lyssnar</w>
  <w>på</w>
  <w>i</w>
  <w>dag</w>
  <w>är</w>
  <w>en</w>
  <w>amerikansk</w>
  <w>president</w>
  <w>.</w>
</absapar>
<absapar id=5>
  <w>Västvärlden</w>
  <w>står</w>
  <w>inför</w>
  <w>en</w>
  <w>ny</w>
  <w>situation</w>
  <w>.</w>
  <w>Vi</w>
  <w>står</w>
  <w>inför</w>
  <w>folkliga</w>
  <w>revolutioner</w>
  <w>utan</w>
  <w>uttalade</w>
  <w>ledare</w>
  <w>.</w>
  <w>I</w>
  <w>Tunisien</w>
  <w>visade</w>
  <w>folket</w>
  <w>att</w>
  <w>de</w>
  <w>genom</w>
  <w>demonstrationer</w>
  <w>och</w>
  <w>utan</w>
  <w>västvärldens</w>
  <w>stöd</w>
  <w>,</w>
  <w>på</w>
  <w>mindre</w>
  <w>än</w>
  <w>en</w>
  <w>månad</w>
  <w>,</w>
  <w>kunde</w>
  <w>störta</w>
  <w>en</w>
  <w>regim</w>
  <w>med</w>
  <w>en</w>
  <w>enorm</w>
  <w>säkerhetsapparat</w>
  <w>.</w>
  <w>De</w>
  <w>första</w>
  <w>efterföljande</w>
  <w>demonstrationerna</w>
  <w>i</w>
  <w>Egypten</w>
  <w>hade</w>
  <w>därför</w>
  <w>följande</w>
  <w>slogan</w>
  <w>:</w>
  <w>"</w>
  <w>Tunisien</w>
  <w>är</w>
  <w>inte</w>
  <w>bättre</w>
  <w>än</w>
  <w>Egypten</w>
  <w>"</w>
  <w>.</w>
</absapar>
<absapar id=6>
  <w>Budskapet</w>
  <w>från</w>
  <w>den</w>
  <w>folkliga</w>
  <w>revolten</w>
  <w>i</w>
  <w>Tunisien</w>
  <w>var</w>
  <w>solklar</w>
  <w>för</w>
  <w>folket</w>
  <w>i</w>
  <w>Egypten</w>
  <w>:</w>
  <w>"</w>
  <w>Kan</w>
  <w>tunisier</w>
  <w>,</w>
  <w>så</w>
  <w>kan</w>
  <w>vi</w>
  <w>.</w>
  <w>Vi</w>
  <w>behöver</w>
  <w>inte</w>
  <w>förlita</w>
  <w>oss</w>
  <w>på</w>
  <w>någon</w>
  <w>annan</w>
  <w>än</w>
  <w>vår</w>
  <w>egen</w>
  <w>styrka</w>
  <w>och</w>
  <w>varken</w>
  <w>USA</w>
  <w>eller</w>
  <w>annan</w>
  <w>makt</w>
  <w>kan</w>
  <w>stoppa</w>
  <w>revolutionen</w>
  <w>.</w>
  <w>"</w>
  <absaspan id=1>
    <w>Ett</w>
    <w>aktivt</w>
    <w>amerikanskt</w>
    <w>ingripande</w>
    <w>eller</w>
    <w>retorik</w>
    <w>mot</w>
    <w>Mubarak</w>
    <w>och</w>
    <w>för</w>
    <w>oppositionen</w>
  </absaspan>
  <w>skulle</w>
  <w>vara</w>
  <w>som</w>
  <w>att</w>
  <absaspan id=2 senti=2>
    <w>skrika</w>
    <w>inför</w>
    <w>en</w>
    <w>döv</w>
    <w>massa</w>
  </absaspan>
  <w>.</w>
  <w>Den</w>
  <w>enda</w>
  <w>effekt</w>
  <w>en</w>
  <absaspan id=3>
    <w>sådan</w>
    <w>retorik</w>
  </absaspan>
  <w>skulle</w>
  <w>kunna</w>
  <w>ha</w>
  <absaspan id=4 senti=2>
    <w>är</w>
    <w>negativ</w>
  </absaspan>
  <w>.</w>
  <w>Det</w>
  <w>skulle</w>
  <w>skapa</w>
  <w>en</w>
  <w>känsla</w>
  <w>av</w>
  <w>att</w>
  <w>USA</w>
  <w>har</w>
  <w>förlorat</w>
  <w>kontrollen</w>
  <w>över</w>
  <w>läget</w>
  <w>i</w>
  <w>arabvärlden</w>
  <w>,</w>
  <w>och</w>
  <w>därför</w>
  <w>vill</w>
  <w>återvinna</w>
  <w>inflytande</w>
  <w>och</w>
  <w>styra</w>
  <w>revolutionen</w>
  <w>.</w>
</absapar>
<absapar id=7>
  <w>USA</w>
  <w>:</w>
  <w>s</w>
  <w>historia</w>
  <w>i</w>
  <w>arabvärlden</w>
  <w>är</w>
  <w>komplex</w>
  <w>.</w>
  <w>USA</w>
  <w>har</w>
  <w>varit</w>
  <w>både</w>
  <w>källa</w>
  <w>till</w>
  <w>hat</w>
  <w>och</w>
  <w>inspiration</w>
  <w>.</w>
  <w>Många</w>
  <w>av</w>
  <w>arabvärldens</w>
  <w>främsta</w>
  <w>intellektuella</w>
  <w>har</w>
  <w>hittat</w>
  <w>sitt</w>
  <w>nya</w>
  <w>hem</w>
  <w>i</w>
  <w>USA</w>
  <w>efter</w>
  <w>flykt</w>
  <w>från</w>
  <w>förtrycket</w>
  <w>i</w>
  <w>arabvärlden</w>
  <w>.</w>
  <w>Supermakten</w>
  <w>är</w>
  <w>fortfarande</w>
  <w>drömlandet</w>
  <w>för</w>
  <w>många</w>
  <w>utbildade</w>
  <w>och</w>
  <w>arbetslösa</w>
  <w>ungdomar</w>
  <w>.</w>
  <w>Efter</w>
  <w>Israel</w>
  <w>är</w>
  <w>Egypten</w>
  <w>det</w>
  <w>land</w>
  <w>som</w>
  <w>får</w>
  <w>mest</w>
  <w>stöd</w>
  <w>av</w>
  <w>USA</w>
  <w>,</w>
  <w>både</w>
  <w>militärt</w>
  <w>och</w>
  <w>ekonomiskt</w>
  <w>.</w>
</absapar>
<absapar id=8>
  <w>Men</w>
  <absaspan id=5>
    <w>USA</w>
    <w>:</w>
    <w>s</w>
    <w>stöd</w>
    <w>till</w>
    <w>arabvärldens</w>
    <w>diktatorer</w>
  </absaspan>
  <w>har</w>
  <w>också</w>
  <absaspan id=6 senti=2>
    <w>skapat</w>
    <w>enorm</w>
    <w>vrede</w>
  </absaspan>
  <w>;</w>
  <w>pengar</w>
  <w>har</w>
  <w>använts</w>
  <w>till</w>
  <w>att</w>
  <w>bygga</w>
  <w>ut</w>
  <w>polis</w>
  <w>och</w>
  <w>säkerhetsapparat</w>
  <w>,</w>
  <w>två</w>
  <w>institutioner</w>
  <w>som</w>
  <w>hatas</w>
  <w>av</w>
  <w>folket</w>
  <absaspan id=7>
    <w>.</w>
  </absaspan>
  <w>Avskyn</w>
  <w>för</w>
  <w>USA</w>
  <w>:</w>
  <w>s</w>
  <w>stöd</w>
  <w>till</w>
  <w>dessa</w>
  <w>regimer</w>
  <w>har</w>
  <w>varit</w>
  <w>så</w>
  <w>stor</w>
  <w>att</w>
  <w>även</w>
  <w>en</w>
  <w>person</w>
  <w>som</w>
  <w>Saddam</w>
  <w>Hussein</w>
  <w>,</w>
  <w>som</w>
  <w>spelade</w>
  <w>det</w>
  <w>antiamerikanska</w>
  <w>kortet</w>
  <w>,</w>
  <w>var</w>
  <w>hyllad</w>
  <w>i</w>
  <w>arabvärlden</w>
  <w>.</w>
  <w>Sommaren</w>
  <w>2003</w>
  <w>reste</w>
  <w>jag</w>
  <w>som</w>
  <w>turist</w>
  <w>till</w>
  <w>Tunisien</w>
  <w>,</w>
  <w>och</w>
  <w>många</w>
  <w>tunisier</w>
  <w>reagerade</w>
  <w>med</w>
  <w>starka</w>
  <w>känslor</w>
  <w>när</w>
  <w>de</w>
  <w>hörde</w>
  <w>att</w>
  <w>jag</w>
  <w>var</w>
  <w>från</w>
  <w>Irak</w>
  <w>:</w>
  <w>"</w>
  <w>Du</w>
  <w>är</w>
  <w>från</w>
  <w>Saddams</w>
  <w>land</w>
  <w>!</w>
  <w>Att</w>
  <w>hans</w>
  <w>regim</w>
  <w>har</w>
  <w>fallit</w>
  <w>känns</w>
  <w>som</w>
  <w>en</w>
  <w>mardröm</w>
  <w>!</w>
  <w>Vi</w>
  <w>älskar</w>
  <w>Saddam</w>
  <w>!</w>
  <w>"</w>
  <w>.</w>
</absapar>
<absapar id=9>
  <w>Skräddarsydda</w>
  <w>kurser</w>
  <w>i</w>
  <w>ämnen</w>
  <w>som</w>
  <w>intresserar</w>
  <w>och</w>
  <w>engagerar</w>
  <w>både</w>
  <w>kropp</w>
  <w>och</w>
  <w>själ</w>
  <w>.</w>
</absapar>
<absapar id=10>
  <w>USA</w>
  <w>:</w>
  <w>s</w>
  <w>försök</w>
  <w>att</w>
  <w>ta</w>
  <w>avstånd</w>
  <w>från</w>
  <w>Mellanösterns</w>
  <w>diktatorer</w>
  <w>och</w>
  <w>aktivt</w>
  <w>,</w>
  <w>genom</w>
  <w>den</w>
  <w>så</w>
  <w>kallade</w>
  <w>dominoeffekten</w>
  <w>,</w>
  <w>demokratisera</w>
  <w>regionen</w>
  <w>med</w>
  <w>störtandet</w>
  <w>av</w>
  <w>Saddam</w>
  <w>Hussein</w>
  <w>,</w>
  <w>har</w>
  <w>både</w>
  <w>uppmuntrat</w>
  <w>och</w>
  <w>hämmat</w>
  <w>demokratiseringen</w>
  <w>av</w>
  <w>regionen</w>
  <w>.</w>
  <w>Diktatorer</w>
  <w>insåg</w>
  <w>att</w>
  <w>de</w>
  <w>måste</w>
  <w>börja</w>
  <w>reformera</w>
  <w>sina</w>
  <w>länder</w>
  <w>och</w>
  <w>att</w>
  <w>de</w>
  <w>inte</w>
  <w>längre</w>
  <w>kan</w>
  <w>skylla</w>
  <w>eländet</w>
  <w>i</w>
  <w>sina</w>
  <w>länder</w>
  <w>på</w>
  <w>västvärlden</w>
  <w>.</w>
  <w>En</w>
  <w>våg</w>
  <w>av</w>
  <w>rapporter</w>
  <w>och</w>
  <w>oberoende</w>
  <w>undersökningar</w>
  <w>om</w>
  <w>arabvärldens</w>
  <w>svåra</w>
  <w>ekonomiska</w>
  <w>och</w>
  <w>politiska</w>
  <w>förhållanden</w>
  <w>publicerades</w>
  <w>och</w>
  <w>blev</w>
  <w>tillgängliga</w>
  <w>för</w>
  <w>allmänheten</w>
  <w>.</w>
  <w>Men</w>
  <w>samtidigt</w>
  <w>har</w>
  <w>demokratiförespråkare</w>
  <w>i</w>
  <w>regionen</w>
  <w>blivit</w>
  <w>associerade</w>
  <w>med</w>
  <w>George</w>
  <w>W</w>
  <w>Bush</w>
  <w>,</w>
  <w>det</w>
  <w>blodiga</w>
  <w>kriget</w>
  <w>i</w>
  <w>Irak</w>
  <w>och</w>
  <w>ockupationen</w>
  <w>.</w>
</absapar>
<absapar id=11>
  <w>Vad</w>
  <w>vi</w>
  <w>ser</w>
  <w>i</w>
  <w>dag</w>
  <w>är</w>
  <w>folkliga</w>
  <w>revolter</w>
  <w>utan</w>
  <w>amerikansk</w>
  <w>inblandning</w>
  <w>eller</w>
  <w>kontroll</w>
  <w>.</w>
  <w>Ett</w>
  <w>ord</w>
  <w>som</w>
  <w>har</w>
  <w>klingat</w>
  <w>högre</w>
  <w>än</w>
  <w>annat</w>
  <w>under</w>
  <w>den</w>
  <w>tunisiska</w>
  <w>revolutionen</w>
  <w>har</w>
  <w>varit</w>
  <w>karaamah</w>
  <w>som</w>
  <w>betyder</w>
  <w>värdighet</w>
  <w>på</w>
  <w>arabiska</w>
  <w>.</w>
  <w>I</w>
  <absaspan id=8>
    <w>den</w>
    <w>arabiska</w>
    <w>kulturen</w>
  </absaspan>
  <w>anses</w>
  <w>en</w>
  <absaspan id=9>
    <w>människas</w>
    <w>karaamah</w>
  </absaspan>
  <absaspan id=10 senti=5>
    <w>vara</w>
    <w>ovärderlig</w>
  </absaspan>
  <w>.</w>
  <w>När</w>
  <w>en</w>
  <w>människa</w>
  <w>förlorar</w>
  <w>sin</w>
  <w>värdighet</w>
  <w>,</w>
  <w>är</w>
  <w>han</w>
  <w>/</w>
  <w>hon</w>
  <w>förlorad</w>
  <w>.</w>
  <w>Och</w>
  <w>kanske</w>
  <w>kan</w>
  <w>värdighet</w>
  <w>i</w>
  <w>den</w>
  <w>arabiska</w>
  <w>traditionen</w>
  <w>sägas</w>
  <w>vara</w>
  <w>av</w>
  <w>lika</w>
  <w>stor</w>
  <w>betydelse</w>
  <w>som</w>
  <w>begreppet</w>
  <w>frihet</w>
  <w>är</w>
  <w>i</w>
  <w>den</w>
  <w>västerländska</w>
  <w>.</w>
  <w>I</w>
  <w>ordet</w>
  <w>karaamah</w>
  <w>inryms</w>
  <w>människans</w>
  <w>rättigheter</w>
  <w>och</w>
  <w>värde</w>
  <w>.</w>
  <w>Rätten</w>
  <w>till</w>
  <w>ett</w>
  <w>värdigt</w>
  <w>liv</w>
  <w>,</w>
  <w>utbildning</w>
  <w>,</w>
  <w>arbete</w>
  <w>och</w>
  <w>politiskt</w>
  <w>deltagande</w>
  <w>.</w>
</absapar>
<absapar id=12>
  <w>Revolutionerna</w>
  <w>i</w>
  <w>Tunisien</w>
  <w>och</w>
  <w>Egypten</w>
  <w>handlar</w>
  <w>om</w>
  <w>folk</w>
  <w>som</w>
  <w>förlorat</w>
  <w>sin</w>
  <w>karaamah</w>
  <w>och</w>
  <w>vill</w>
  <w>återvinna</w>
  <w>den</w>
  <w>.</w>
  <w>Det</w>
  <w>handlar</w>
  <w>om</w>
  <w>att</w>
  <w>mer</w>
  <w>än</w>
  <w>30</w>
  <w>miljoner</w>
  <w>egyptier</w>
  <w>lever</w>
  <w>under</w>
  <w>fattigdomsgränsen</w>
  <w>.</w>
  <w>Det</w>
  <w>handlar</w>
  <w>om</w>
  <w>utbildade</w>
  <w>arbetslösa</w>
  <w>ungdomar</w>
  <w>som</w>
  <w>drömmer</w>
  <w>om</w>
  <w>framtiden</w>
  <w>men</w>
  <w>vet</w>
  <w>att</w>
  <w>bara</w>
  <w>ett</w>
  <w>fåtal</w>
  <w>som</w>
  <w>står</w>
  <w>makten</w>
  <w>nära</w>
  <w>kan</w>
  <w>leva</w>
  <w>dessa</w>
  <w>drömmar</w>
  <w>.</w>
  <w>Det</w>
  <w>handlar</w>
  <w>om</w>
  <w>ingenjörer</w>
  <w>och</w>
  <w>lärare</w>
  <w>som</w>
  <w>måste</w>
  <w>jobba</w>
  <w>extra</w>
  <w>som</w>
  <w>taxiförare</w>
  <w>på</w>
  <w>nätterna</w>
  <w>för</w>
  <w>att</w>
  <w>kunna</w>
  <w>försörja</w>
  <w>sig</w>
  <w>.</w>
  <w>Och</w>
  <w>det</w>
  <w>handlar</w>
  <w>om</w>
  <w>att</w>
  <w>arabvärlden</w>
  <w>är</w>
  <w>den</w>
  <w>region</w>
  <w>med</w>
  <w>minst</w>
  <w>frihet</w>
  <w>i</w>
  <w>världen</w>
  <w>.</w>
</absapar>
<absapar id=13>
  <w>De</w>
  <w>som</w>
  <w>vill</w>
  <w>ha</w>
  <w>en</w>
  <w>mer</w>
  <w>aktiv</w>
  <w>amerikansk</w>
  <w>roll</w>
  <w>,</w>
  <w>bör</w>
  <w>ha</w>
  <w>följande</w>
  <w>i</w>
  <w>åtanke</w>
  <w>:</w>
  <w>Det</w>
  <w>handlar</w>
  <w>om</w>
  <w>Egypten</w>
  <w>nu</w>
  <w>–</w>
  <w>inte</w>
  <w>USA</w>
  <w>.</w>
</absapar>
<absapar id=14>
  <w>SALAM</w>
  <w>KARAM</w>
  <w>.</w>
</absapar>
<absapar id=15>
  <w>journalist</w>
  <w>.</w>
</absapar>
<absapar id=16>
  <w>Redaktör</w>
  <w>:</w>
  <w>Carina</w>
  <w>Stensson</w>
  <w>,</w>
  <w>Biträdande</w>
  <w>redaktör</w>
  <w>:</w>
  <w>Björn</w>
  <w>Jorner</w>
  <w>,</w>
  <w>Mejl</w>
  <w>:</w>
  <w>debatt</w>
  <w>@</w>
  <w>svd.se</w>
  <w>,</w>
  <w>Telefonnummer</w>
  <w>:</w>
  <w>08</w>
  <w>-</w>
  <w>135149</w>
  <w>,</w>
  <w>Twitter</w>
  <w>:</w>
  <w>@</w>
  <w>SvDDebatt</w>
  <w>,</w>
  <w>Facebook</w>
  <w>:</w>
  <w>SvD</w>
  <w>Debatt</w>
  <w>.</w>
</absapar>
</absadoc>
