<absadoc annotators=1 senti=>
<absatitle>
  <w>Det</w>
  <w>går</w>
  <w>inte</w>
  <w>att</w>
  <w>rösta</w>
  <w>på</w>
  <w>ungdomsförbundens</w>
  <absaspan id=1 senti=2 target=1>
    <w>låtsaspolitik</w>
  </absaspan>
  <w>.</w>
</absatitle>
<absapar id=1>
  <absaspan id=2>
    <w>Grön</w>
    <w>Ungdom</w>
  </absaspan>
  <absaspan id=3 senti=3>
    <w>ägnar</w>
    <w>sig</w>
    <w>inte</w>
    <w>åt</w>
  </absaspan>
  <absaspan id=4 senti=3>
    <w>låtsaspolitik</w>
  </absaspan>
  <w>.</w>
  <w>Vi</w>
  <w>driver</w>
  <w>samma</w>
  <w>politik</w>
  <w>som</w>
  <w>vårt</w>
  <w>moderparti</w>
  <w>Miljöpartiet</w>
  <w>.</w>
  <w>Vi</w>
  <w>försöker</w>
  <w>inte</w>
  <w>locka</w>
  <w>unga</w>
  <w>väljare</w>
  <w>med</w>
  <w>ett</w>
  <w>specialutformat</w>
  <w>ungdomspaket</w>
  <w>,</w>
  <w>som</w>
  <w>låter</w>
  <w>bra</w>
  <w>under</w>
  <w>valrörelsen</w>
  <w>men</w>
  <w>inte</w>
  <w>har</w>
  <w>någon</w>
  <w>förankring</w>
  <w>i</w>
  <w>moderpartiets</w>
  <w>politik</w>
  <w>.</w>
</absapar>
<absapar id=2>
  <absaspan id=5>
    <w>Tre</w>
    <w>av</w>
    <w>de</w>
    <w>fyra</w>
    <w>regeringspartiernas</w>
    <w>ungdomsförbund</w>
  </absaspan>
  <absaspan id=6 senti=4>
    <w>är</w>
    <w>för</w>
  </absaspan>
  <absaspan id=7>
    <w>en</w>
    <w>helt</w>
    <w>fri</w>
    <w>invandring</w>
    <w>till</w>
    <w>Sverige</w>
  </absaspan>
  <w>.</w>
  <absaspan id=8>
    <w>Moderata</w>
  </absaspan>
  <absaspan id=9>
    <w>Ungdomsförbundet</w>
    <w>,</w>
    <w>Liberala</w>
    <w>Ungdomsförbundet</w>
    <w>och</w>
    <w>Centerpartiets</w>
    <w>Ungdomsförbund</w>
    <w>anser</w>
    <w>alla</w>
    <w>att</w>
    <w>gränserna</w>
    <w>ska</w>
    <w>öppnas</w>
    <w>för</w>
    <w>alla</w>
    <w>som</w>
    <w>vill</w>
    <w>in</w>
  </absaspan>
  <w>.</w>
</absapar>
<absapar id=3>
  <w>Det</w>
  <w>här</w>
  <w>är</w>
  <w>en</w>
  <w>argumenterande</w>
  <w>text</w>
  <w>med</w>
  <w>syfte</w>
  <w>att</w>
  <w>påverka</w>
  <w>.</w>
  <w>Åsikterna</w>
  <w>som</w>
  <w>uttrycks</w>
  <w>är</w>
  <w>skribentens</w>
  <w>egna</w>
  <w>.</w>
</absapar>
<absapar id=4>
  <absaspan id=10>
    <w>Detta</w>
  </absaspan>
  <absaspan id=11 senti=4>
    <w>är</w>
    <w>naturligtvis</w>
    <w>bra</w>
  </absaspan>
  <w>.</w>
  <w>Vi</w>
  <w>gröna</w>
  <w>har</w>
  <w>en</w>
  <w>vision</w>
  <w>om</w>
  <w>en</w>
  <w>värld</w>
  <w>där</w>
  <w>människors</w>
  <w>rätt</w>
  <w>att</w>
  <w>röra</w>
  <w>sig</w>
  <w>fritt</w>
  <w>väger</w>
  <w>tyngre</w>
  <w>än</w>
  <w>staters</w>
  <w>rätt</w>
  <w>att</w>
  <w>stänga</w>
  <w>människor</w>
  <w>ute</w>
  <w>.</w>
  <absaspan id=12>
    <w>Ju</w>
    <w>fler</w>
    <w>som</w>
    <w>tycker</w>
    <w>som</w>
    <w>vi</w>
  </absaspan>
  <absaspan id=13 senti=4>
    <w>desto</w>
    <w>bättre</w>
  </absaspan>
  <w>.</w>
</absapar>
<absapar id=5>
  <absaspan id=14 senti=2>
    <w>Problemet</w>
    <w>är</w>
  </absaspan>
  <absaspan id=15>
    <w>att</w>
    <w>det</w>
    <w>inte</w>
    <w>går</w>
    <w>att</w>
    <w>rösta</w>
    <w>på</w>
    <w>ungdomsförbundens</w>
  </absaspan>
  <absaspan id=16 senti=2>
    <w>låtsaspolitik</w>
  </absaspan>
  <w>.</w>
  <w>En</w>
  <w>röst</w>
  <w>på</w>
  <w>Moderaterna</w>
  <w>,</w>
  <w>Folkpartiet</w>
  <w>eller</w>
  <w>Centern</w>
  <w>är</w>
  <w>inte</w>
  <w>alls</w>
  <w>en</w>
  <w>röst</w>
  <w>på</w>
  <w>en</w>
  <w>mer</w>
  <w>human</w>
  <w>asylpolitik</w>
  <w>.</w>
  <w>Tvärtom</w>
  <w>–</w>
  <w>det</w>
  <w>är</w>
  <w>en</w>
  <w>röst</w>
  <w>på</w>
  <w>hårdare</w>
  <w>tag</w>
  <w>mot</w>
  <w>de</w>
  <w>människor</w>
  <w>som</w>
  <w>flytt</w>
  <w>till</w>
  <w>Sverige</w>
  <w>från</w>
  <w>tortyr</w>
  <w>och</w>
  <w>krig</w>
  <w>.</w>
</absapar>
<absapar id=6>
  <w>Sedan</w>
  <w>90</w>
  <w>-</w>
  <w>talet</w>
  <absaspan id=17 senti=2>
    <w>har</w>
  </absaspan>
  <absaspan id=18>
    <w>den</w>
    <w>svenska</w>
    <w>migrationspolitiken</w>
  </absaspan>
  <absaspan id=19 senti=2>
    <w>blivit</w>
    <w>allt</w>
    <w>tuffare</w>
  </absaspan>
  <w>.</w>
  <w>Det</w>
  <w>är</w>
  <w>svårare</w>
  <w>att</w>
  <w>få</w>
  <w>stanna</w>
  <w>,</w>
  <w>det</w>
  <w>är</w>
  <w>svårare</w>
  <w>att</w>
  <w>få</w>
  <w>visum</w>
  <w>och</w>
  <w>det</w>
  <w>är</w>
  <w>svårare</w>
  <w>att</w>
  <w>få</w>
  <w>återförenas</w>
  <w>med</w>
  <w>sina</w>
  <w>nära</w>
  <w>och</w>
  <w>kära</w>
  <w>.</w>
</absapar>
<absapar id=7>
  <w>Sverige</w>
  <w>sågs</w>
  <w>tidigare</w>
  <w>som</w>
  <w>ett</w>
  <w>föregångsland</w>
  <w>när</w>
  <w>det</w>
  <w>gäller</w>
  <w>internationell</w>
  <w>solidaritet</w>
  <w>.</w>
  <w>Numera</w>
  <w>är</w>
  <w>vi</w>
  <w>istället</w>
  <w>världsledande</w>
  <w>på</w>
  <w>att</w>
  <w>utvisa</w>
  <w>människor</w>
  <w>till</w>
  <w>länder</w>
  <w>där</w>
  <w>de</w>
  <w>senare</w>
  <w>torteras</w>
  <w>.</w>
  <w>Vi</w>
  <w>har</w>
  <w>blivit</w>
  <w>prickade</w>
  <w>flest</w>
  <w>gånger</w>
  <w>för</w>
  <w>att</w>
  <w>ha</w>
  <w>brutit</w>
  <w>mot</w>
  <w>FN</w>
  <w>:</w>
  <w>s</w>
  <w>tortyrkonvention</w>
  <w>.</w>
</absapar>
<absapar id=8>
  <absaspan id=20>
    <w>FN</w>
    <w>:</w>
    <w>s</w>
    <w>människorättsråd</w>
  </absaspan>
  <absaspan id=21 senti=2>
    <w>kritiserar</w>
  </absaspan>
  <absaspan id=22>
    <w>de</w>
    <w>ökade</w>
    <w>hatbrotten</w>
    <w>,</w>
    <w>den</w>
    <w>ökade</w>
    <w>antisemitismen</w>
    <w>och</w>
    <w>islamofobin</w>
    <w>,</w>
    <w>diskrimineringen</w>
    <w>och</w>
    <w>rasismen</w>
    <w>i</w>
    <w>Sverige</w>
  </absaspan>
  <w>.</w>
</absapar>
<absapar id=9>
  <w>Den</w>
  <w>nuvarande</w>
  <w>regeringen</w>
  <w>har</w>
  <w>gjort</w>
  <w>asylpolitiken</w>
  <w>ännu</w>
  <w>hårdare</w>
  <w>.</w>
  <w>Man</w>
  <w>har</w>
  <w>minskat</w>
  <w>resurserna</w>
  <w>till</w>
  <w>antidiskriminering</w>
  <w>,</w>
  <w>men</w>
  <w>ökat</w>
  <w>resurserna</w>
  <w>till</w>
  <w>utvisningar</w>
  <w>och</w>
  <w>avvisningar</w>
  <w>.</w>
  <w>Sveriges</w>
  <w>migrationsminister</w>
  <w>Tobias</w>
  <w>Billström</w>
  <w>har</w>
  <w>jämfört</w>
  <w>gömda</w>
  <w>flyktingar</w>
  <w>med</w>
  <w>mördare</w>
  <w>och</w>
  <w>bett</w>
  <w>Migrationsverket</w>
  <w>bygga</w>
  <w>flyktingläger</w>
  <w>för</w>
  <w>ensamkommande</w>
  <w>barn</w>
  <w>i</w>
  <w>krigsdrabbade</w>
  <w>länder</w>
  <w>som</w>
  <w>Somalia</w>
  <w>och</w>
  <w>Afghanistan</w>
  <w>.</w>
  <w>Apatiska</w>
  <w>barn</w>
  <w>utvisas</w>
  <w>fortfarande</w>
  <w>.</w>
</absapar>
<absapar id=10>
  <w>Självklart</w>
  <absaspan id=23 senti=3>
    <w>kan</w>
  </absaspan>
  <absaspan id=24>
    <w>de</w>
    <w>borgerliga</w>
    <w>ungdomsförbunden</w>
  </absaspan>
  <absaspan id=25 senti=3>
    <w>inte</w>
  </absaspan>
  <absaspan id=26 senti=3>
    <w>lastas</w>
    <w>för</w>
    <w>detta</w>
  </absaspan>
  <w>.</w>
  <w>Men</w>
  <w>deras</w>
  <w>tal</w>
  <w>om</w>
  <w>fri</w>
  <w>invandring</w>
  <w>och</w>
  <w>öppna</w>
  <w>gränser</w>
  <w>ekar</w>
  <w>ihåligt</w>
  <w>när</w>
  <w>deras</w>
  <w>moderpartier</w>
  <w>samtidigt</w>
  <w>driver</w>
  <w>en</w>
  <w>politik</w>
  <w>i</w>
  <w>rakt</w>
  <w>motsatt</w>
  <w>riktning</w>
  <w>.</w>
</absapar>
<absapar id=11>
  <w>Hur</w>
  <w>länge</w>
  <w>kan</w>
  <absaspan id=27>
    <w>Liberala</w>
    <w>Ungdomsförbundet</w>
  </absaspan>
  <absaspan id=28 senti=4>
    <w>propagera</w>
    <w>för</w>
  </absaspan>
  <absaspan id=29>
    <w>en</w>
    <w>humanare</w>
    <w>asylpolitik</w>
  </absaspan>
  <w>och</w>
  <w>samtidigt</w>
  <w>uppmana</w>
  <w>folk</w>
  <w>att</w>
  <w>rösta</w>
  <w>folkpartiet</w>
  <w>,</w>
  <w>som</w>
  <w>de</w>
  <w>senaste</w>
  <w>åren</w>
  <w>byggt</w>
  <w>en</w>
  <w>stor</w>
  <w>del</w>
  <w>av</w>
  <w>sin</w>
  <w>image</w>
  <w>på</w>
  <w>att</w>
  <w>misstänkliggöra</w>
  <w>människor</w>
  <w>muslimer</w>
  <w>?</w>
  <w>.</w>
</absapar>
<absapar id=12>
  <absaspan id=30>
    <w>Folkpartiet</w>
  </absaspan>
  <absaspan id=31 senti=2>
    <w>vill</w>
    <w>"</w>
    <w>bekämpa</w>
  </absaspan>
  <absaspan id=32>
    <w>missbruk</w>
    <w>av</w>
    <w>gästfriheten</w>
    <w>"</w>
  </absaspan>
  <w>och</w>
  <w>anser</w>
  <w>att</w>
  <w>"</w>
  <w>toleransen</w>
  <w>har</w>
  <w>gränser</w>
  <w>"</w>
  <w>.</w>
  <w>Nyamko</w>
  <w>Sabuni</w>
  <w>,</w>
  <w>folkpartistisk</w>
  <w>integrationsminister</w>
  <w>,</w>
  <w>vill</w>
  <w>förbjuda</w>
  <w>andra</w>
  <w>språk</w>
  <w>än</w>
  <w>svenska</w>
  <w>på</w>
  <w>invandrartäta</w>
  <w>skolor</w>
  <w>,</w>
  <w>straffa</w>
  <w>invandrare</w>
  <w>som</w>
  <w>inte</w>
  <w>deltar</w>
  <w>i</w>
  <w>svenskundervisningen</w>
  <w>trots</w>
  <w>att</w>
  <w>90</w>
  <w>procent</w>
  <w>deltar</w>
  <w>,</w>
  <w>förbjuda</w>
  <w>slöja</w>
  <w>för</w>
  <w>tjejer</w>
  <w>under</w>
  <w>15</w>
  <w>år</w>
  <w>.</w>
</absapar>
<absapar id=13>
  <w>Folkpartiets</w>
  <w>dramatiska</w>
  <w>omsvängning</w>
  <w>från</w>
  <w>human</w>
  <w>frihetlig</w>
  <w>socialliberalism</w>
  <w>till</w>
  <w>"</w>
  <w>hårda</w>
  <w>tag-populism</w>
  <w>"</w>
  <w>har</w>
  <w>också</w>
  <w>givit</w>
  <w>utslag</w>
  <w>i</w>
  <w>opinionen</w>
  <w>.</w>
  <w>Folkpartiets</w>
  <w>väljare</w>
  <w>är</w>
  <w>betydligt</w>
  <w>mindre</w>
  <w>toleranta</w>
  <w>mot</w>
  <w>invandrares</w>
  <w>religionsutövning</w>
  <w>idag</w>
  <w>än</w>
  <w>de</w>
  <w>var</w>
  <w>för</w>
  <w>17</w>
  <w>år</w>
  <w>sedan</w>
  <w>.</w>
  <w>Alla</w>
  <w>andra</w>
  <w>riksdagspartiers</w>
  <w>väljare</w>
  <w>har</w>
  <w>blivit</w>
  <w>mer</w>
  <w>toleranta</w>
  <w>.</w>
</absapar>
<absapar id=14>
  <absaspan id=33>
    <w>Grön</w>
    <w>Ungdom</w>
  </absaspan>
  <absaspan id=34 senti=4>
    <w>ägnar</w>
    <w>sig</w>
    <w>inte</w>
    <w>åt</w>
  </absaspan>
  <absaspan id=35 senti=4>
    <w>låtsaspolitik</w>
  </absaspan>
  <w>.</w>
  <w>Vi</w>
  <w>driver</w>
  <w>samma</w>
  <w>politik</w>
  <w>som</w>
  <w>vårt</w>
  <w>moderparti</w>
  <w>Miljöpartiet</w>
  <w>.</w>
  <w>Vi</w>
  <w>försöker</w>
  <w>inte</w>
  <w>locka</w>
  <w>unga</w>
  <w>väljare</w>
  <w>med</w>
  <w>ett</w>
  <w>specialutformat</w>
  <w>ungdomspaket</w>
  <w>,</w>
  <w>som</w>
  <w>låter</w>
  <w>bra</w>
  <w>under</w>
  <w>valrörelsen</w>
  <w>men</w>
  <w>inte</w>
  <w>har</w>
  <w>någon</w>
  <w>förankring</w>
  <w>i</w>
  <w>moderpartiets</w>
  <w>politik</w>
  <w>.</w>
</absapar>
<absapar id=15>
  <w>Det</w>
  <w>betyder</w>
  <w>inte</w>
  <w>att</w>
  <w>vi</w>
  <w>avstår</w>
  <w>från</w>
  <w>att</w>
  <w>påverka</w>
  <w>vårt</w>
  <w>moderparti</w>
  <w>.</w>
  <absaspan id=36 senti=4>
    <w>Tack</w>
    <w>vare</w>
  </absaspan>
  <w>förslag</w>
  <w>från</w>
  <w>Grön</w>
  <w>Ungdom</w>
  <absaspan id=37>
    <w>kommer</w>
    <w>miljöpartiet</w>
    <w>under</w>
    <w>valrörelsen</w>
    <w>driva</w>
    <w>kravet</w>
    <w>på</w>
    <w>en</w>
    <w>amnesti</w>
    <w>för</w>
    <w>papperslösa</w>
    <w>som</w>
    <w>lever</w>
    <w>gömda</w>
    <w>i</w>
    <w>Sverige</w>
  </absaspan>
  <w>.</w>
</absapar>
<absapar id=16>
  <w>Vi</w>
  <w>gröna</w>
  <w>ska</w>
  <w>aldrig</w>
  <w>tumma</w>
  <w>på</w>
  <w>principerna</w>
  <w>om</w>
  <w>alla</w>
  <w>människors</w>
  <w>lika</w>
  <w>värde</w>
  <w>och</w>
  <w>rätt</w>
  <w>.</w>
  <w>Vi</w>
  <w>ska</w>
  <w>alltid</w>
  <w>stå</w>
  <w>upp</w>
  <w>för</w>
  <w>den</w>
  <w>som</w>
  <w>flyr</w>
  <w>från</w>
  <w>krig</w>
  <w>eller</w>
  <w>tortyr</w>
  <w>.</w>
  <w>Fler</w>
  <w>måste</w>
  <w>få</w>
  <w>stanna</w>
  <w>i</w>
  <w>Sverige</w>
  <w>.</w>
  <absaspan id=38>
    <w>Flyktingmottagandet</w>
  </absaspan>
  <absaspan id=39 senti=2>
    <w>måste</w>
    <w>förbättras</w>
  </absaspan>
  <w>genom</w>
  <w>höjda</w>
  <w>dagersättningar</w>
  <w>och</w>
  <w>en</w>
  <w>hyresersättning</w>
  <w>för</w>
  <w>dem</w>
  <w>som</w>
  <w>väljer</w>
  <w>eget</w>
  <w>boende</w>
  <w>.</w>
</absapar>
<absapar id=17>
  <w>Det</w>
  <absaspan id=40 senti=2>
    <w>är</w>
    <w>inte</w>
    <w>värdigt</w>
  </absaspan>
  <absaspan id=41>
    <w>att</w>
    <w>sätta</w>
    <w>oskyldiga</w>
    <w>människor</w>
    <w>i</w>
    <w>fängelset</w>
  </absaspan>
  <w>.</w>
  <w>Förvaren</w>
  <w>måste</w>
  <w>förpassas</w>
  <w>till</w>
  <w>historien</w>
  <w>.</w>
</absapar>
<absapar id=18>
  <w>Sverige</w>
  <w>måste</w>
  <w>ta</w>
  <w>tag</w>
  <w>i</w>
  <absaspan id=42 senti=2>
    <w>problemen</w>
    <w>med</w>
  </absaspan>
  <absaspan id=43>
    <w>diskriminering</w>
    <w>och</w>
    <w>rasism</w>
  </absaspan>
  <w>,</w>
  <w>och</w>
  <w>öka</w>
  <w>stödet</w>
  <w>till</w>
  <w>diskrimineringsbyråer</w>
  <w>och</w>
  <w>antirasistiska</w>
  <w>organisationer</w>
  <w>.</w>
  <w>Bostadsbrist</w>
  <w>är</w>
  <w>ett</w>
  <w>bostadspolitiskt</w>
  <w>problem</w>
  <w>,</w>
  <w>inte</w>
  <w>ett</w>
  <w>flyktingproblem</w>
  <w>,</w>
  <w>och</w>
  <w>problem</w>
  <w>med</w>
  <w>fattigdom</w>
  <w>får</w>
  <w>inte</w>
  <w>maskeras</w>
  <w>till</w>
  <w>ett</w>
  <w>invandrarproblem</w>
  <w>.</w>
</absapar>
<absapar id=19>
  <w>En</w>
  <w>röst</w>
  <w>på</w>
  <w>Miljöpartiet</w>
  <w>är</w>
  <w>en</w>
  <w>röst</w>
  <w>på</w>
  <w>en</w>
  <w>mer</w>
  <w>human</w>
  <w>migrationspolitik</w>
  <w>.</w>
  <w>På</w>
  <w>riktigt</w>
  <w>.</w>
  <w>Grön</w>
  <w>Ungdom</w>
  <w>kommer</w>
  <w>agera</w>
  <w>för</w>
  <w>att</w>
  <w>Miljöpartiet</w>
  <w>i</w>
  <w>en</w>
  <w>kommande</w>
  <w>regering</w>
  <w>får</w>
  <w>igenom</w>
  <w>en</w>
  <w>mer</w>
  <w>human</w>
  <w>asylpolitik</w>
  <w>och</w>
  <w>se</w>
  <w>till</w>
  <w>att</w>
  <w>partiet</w>
  <w>inte</w>
  <w>glömmer</w>
  <w>bort</w>
  <w>gröna</w>
  <w>grundvärderingar</w>
  <w>.</w>
  <w>Men</w>
  <absaspan id=44>
    <w>vi</w>
  </absaspan>
  <absaspan id=45 senti=4>
    <w>kommer</w>
    <w>aldrig</w>
    <w>att</w>
    <w>ägna</w>
    <w>oss</w>
    <w>åt</w>
  </absaspan>
  <absaspan id=46 senti=4>
    <w>låtsaspolitik</w>
  </absaspan>
  <w>.</w>
</absapar>
<absapar id=20>
  <w>MARIA</w>
  <w>FERM</w>
  <w>.</w>
</absapar>
<absapar id=21>
  <w>Språkrör</w>
  <w>Grön</w>
  <w>Ungdom</w>
  <w>.</w>
</absapar>
<absapar id=22>
  <w>Redaktör</w>
  <w>:</w>
  <w>Carina</w>
  <w>Stensson</w>
  <w>,</w>
  <w>Biträdande</w>
  <w>redaktör</w>
  <w>:</w>
  <w>Björn</w>
  <w>Jorner</w>
  <w>,</w>
  <w>Mejl</w>
  <w>:</w>
  <w>debatt</w>
  <w>@</w>
  <w>svd.se</w>
  <w>,</w>
  <w>Telefonnummer</w>
  <w>:</w>
  <w>08</w>
  <w>-</w>
  <w>135149</w>
  <w>,</w>
  <w>Twitter</w>
  <w>:</w>
  <w>@</w>
  <w>SvDDebatt</w>
  <w>,</w>
  <w>Facebook</w>
  <w>:</w>
  <w>SvD</w>
  <w>Debatt</w>
  <w>.</w>
</absapar>
</absadoc>
