<absadoc annotators=1 senti=>
<absatitle>
  <w>GP</w>
  <w>skapar</w>
  <w>register</w>
  <w>baserat</w>
  <w>på</w>
  <w>etnicitet</w>
  <w>.</w>
</absatitle>
<absapar id=1>
  <w>#</w>
  <w>P</w>
  <w>IMM</w>
  <w>.</w>
  <w>2013</w>
  <w>uppdagades</w>
  <w>det</w>
  <w>att</w>
  <w>polisen</w>
  <w>fört</w>
  <w>ett</w>
  <w>register</w>
  <w>på</w>
  <w>kriminella</w>
  <w>grupper</w>
  <w>med</w>
  <w>släktband</w>
  <w>där</w>
  <w>majoriteten</w>
  <w>var</w>
  <w>romer</w>
  <w>.</w>
  <w>Trots</w>
  <w>att</w>
  <w>polisen</w>
  <w>tidigare</w>
  <w>friats</w>
  <w>av</w>
  <w>flera</w>
  <w>myndigheter</w>
  <w>eftersom</w>
  <w>det</w>
  <w>handlade</w>
  <w>om</w>
  <w>ett</w>
  <w>kriminellt</w>
  <w>nätverk</w>
  <w>så</w>
  <w>konstaterade</w>
  <w>tingsrätten</w>
  <w>och</w>
  <w>hovrätten</w>
  <w>att</w>
  <w>det</w>
  <w>handlade</w>
  <w>om</w>
  <w>etnisk</w>
  <w>diskriminering</w>
  <w>.</w>
</absapar>
<absapar id=2>
  <w>Nu</w>
  <absaspan id=1 senti=2>
    <w>stoltserar</w>
  </absaspan>
  <absaspan id=2>
    <w>GP</w>
  </absaspan>
  <absaspan id=3 senti=2>
    <w>med</w>
  </absaspan>
  <w>ett</w>
  <w>reportage</w>
  <w>där</w>
  <w>man</w>
  <w>kartlagt</w>
  <w>invandrare</w>
  <w>från</w>
  <w>Libanon</w>
  <w>.</w>
</absapar>
<absapar id=3>
  <w>Uppenbarligen</w>
  <w>så</w>
  <w>har</w>
  <w>GP</w>
  <w>registrerat</w>
  <w>barn</w>
  <w>och</w>
  <w>icke-dömda</w>
  <w>baserat</w>
  <w>på</w>
  <w>familjeband</w>
  <w>precis</w>
  <w>som</w>
  <w>polisen</w>
  <w>gjorde</w>
  <w>.</w>
  <w>Kommer</w>
  <w>vi</w>
  <w>få</w>
  <w>se</w>
  <w>samma</w>
  <absaspan id=4 senti=1>
    <w>ramaskri</w>
  </absaspan>
  <w>som</w>
  <w>vid</w>
  <w>avslöjandet</w>
  <w>av</w>
  <w>polisens</w>
  <w>register</w>
  <w>?</w>
  <w>.</w>
</absapar>
</absadoc>
