<absadoc annotators=1 senti=>
<absatitle>
  <w>Danska</w>
  <w>Radio24syv</w>
  <w>:</w>
  <w>Rysk</w>
  <w>TV</w>
  <w>betalar</w>
  <w>Rinkeby-ungdomar</w>
  <w>för</w>
  <w>upplopp</w>
  <w>framför</w>
  <w>kameran</w>
  <w>.</w>
</absatitle>
<absapar id=1>
  <w>Ungdomar</w>
  <w>från</w>
  <w>Rinkeby</w>
  <w>uppger</w>
  <w>för</w>
  <w>danska</w>
  <w>Radio24syv</w>
  <w>att</w>
  <w>ryska</w>
  <w>TV-journalister</w>
  <w>erbjudit</w>
  <w>dem</w>
  <w>pengar</w>
  <w>för</w>
  <w>att</w>
  <w>de</w>
  <w>ska</w>
  <w>ställa</w>
  <w>till</w>
  <w>med</w>
  <w>bråk</w>
  <w>framför</w>
  <w>kamerorna</w>
  <w>.</w>
  <w>Jag</w>
  <w>tvekade</w>
  <w>en</w>
  <w>stund</w>
  <w>innan</w>
  <w>jag</w>
  <w>beslutade</w>
  <w>uppmärksamma</w>
  <w>saken</w>
  <w>på</w>
  <w>FB</w>
  <w>.</w>
  <w>Det</w>
  <w>kan</w>
  <w>mycket</w>
  <w>väl</w>
  <w>ända</w>
  <w>att</w>
  <w>"</w>
  <w>Mohammed</w>
  <w>"</w>
  <w>hittar</w>
  <w>på</w>
  <w>alltsammans</w>
  <w>,</w>
  <w>men</w>
  <w>då</w>
  <w>ändå</w>
  <w>en</w>
  <w>intervjuad</w>
  <w>politisk</w>
  <w>expert</w>
  <w>tycker</w>
  <w>sig</w>
  <w>se</w>
  <w>likheter</w>
  <w>med</w>
  <w>förfarandet</w>
  <w>under</w>
  <w>sovjettiden</w>
  <w>,</w>
  <absaspan id=1 senti=4>
    <w>kan</w>
    <w>det</w>
    <w>vara</w>
    <w>värt</w>
  </absaspan>
  <absaspan id=2>
    <w>att</w>
    <w>notera</w>
    <w>historien</w>
  </absaspan>
  <w>.</w>
</absapar>
<absapar id=2>
  <w>Jag</w>
  <w>hade</w>
  <w>tänkt</w>
  <w>länka</w>
  <w>till</w>
  <w>den</w>
  <w>här</w>
  <w>tråden</w>
  <w>från</w>
  <w>ett</w>
  <w>par</w>
  <w>andra</w>
  <w>diskussioner</w>
  <w>med</w>
  <w>Rinkeby</w>
  <w>-</w>
  <w>och</w>
  <w>Rysslandsanknytning</w>
  <w>.</w>
  <w>Moderatorn</w>
  <w>får</w>
  <w>dock</w>
  <w>flytta</w>
  <w>tråden</w>
  <w>efter</w>
  <w>eget</w>
  <w>gottfinnande</w>
  <w>.</w>
</absapar>
</absadoc>
