<absadoc annotators=1 senti=1>
<absatitle>
  <w>Massinvandring</w>
  <w>för</w>
  <w>att</w>
  <w>få</w>
  <w>Sverige</w>
  <w>med</w>
  <w>i</w>
  <w>Eurozone</w>
  <w>.</w>
</absatitle>
<absapar id=1>
  <w>Förlåt</w>
  <w>om</w>
  <w>detta</w>
  <w>borde</w>
  <w>vara</w>
  <w>med</w>
  <w>bland</w>
  <w>andra</w>
  <w>konspirationer</w>
  <w>,</w>
  <w>men</w>
  <w>min</w>
  <w>tanke</w>
  <w>är</w>
  <w>såhär</w>
  <w>.</w>
</absapar>
<absapar id=2>
  <w>#</w>
  <w>P</w>
  <w>IMM</w>
  <w>.</w>
  <w>2003</w>
  <w>röstade</w>
  <w>vi</w>
  <w>nej</w>
  <w>till</w>
  <w>Euro</w>
  <w>,</w>
  <w>och</w>
  <w>om</w>
  <w>jag</w>
  <w>kommer</w>
  <w>ihåg</w>
  <w>rätt</w>
  <w>,</w>
  <w>den</w>
  <w>enda</w>
  <w>parti</w>
  <w>som</w>
  <w>var</w>
  <w>emot</w>
  <w>Euron</w>
  <w>var</w>
  <w>Vänsterpartiet</w>
  <w>.</w>
</absapar>
<absapar id=3>
  <w>Om</w>
  <w>man</w>
  <w>kollar</w>
  <w>på</w>
  <w>vad</w>
  <w>som</w>
  <w>händer</w>
  <w>i</w>
  <w>Grekland</w>
  <w>,</w>
  <w>det</w>
  <w>är</w>
  <w>klart</w>
  <w>att</w>
  <w>se</w>
  <w>att</w>
  <w>man</w>
  <w>tvinga</w>
  <w>ett</w>
  <w>land</w>
  <w>till</w>
  <w>att</w>
  <w>ta</w>
  <w>nödlån</w>
  <w>för</w>
  <w>att</w>
  <w>få</w>
  <w>de</w>
  <w>reformer</w>
  <w>som</w>
  <absaspan id=1>
    <w>andra</w>
    <w>länder</w>
  </absaspan>
  <absaspan id=2 senti=4>
    <w>vill</w>
  </absaspan>
  <w>att</w>
  <absaspan id=3>
    <w>de</w>
    <w>ska</w>
    <w>genomföra</w>
  </absaspan>
  <w>.</w>
</absapar>
<absapar id=4>
  <absaspan id=4 senti=2>
    <w>Tyvärr</w>
  </absaspan>
  <w>för</w>
  <w>dem</w>
  <absaspan id=5>
    <w>skulle</w>
    <w>det</w>
    <w>aldrig</w>
    <w>hända</w>
    <w>i</w>
    <w>Sverige</w>
  </absaspan>
  <w>att</w>
  <w>.</w>
</absapar>
<absapar id=5 senti=1>
  <w>arbetskraft</w>
  <w>skulle</w>
  <w>gå</w>
  <w>så</w>
  <w>in</w>
  <w>i</w>
  <w>botten</w>
  <w>så</w>
  <w>att</w>
  <w>Sverige</w>
  <w>skulle</w>
  <w>påverkas</w>
  <w>av</w>
  <w>ekonomisk</w>
  <w>kris</w>
  <w>medans</w>
  <w>resten</w>
  <w>av</w>
  <w>Europa</w>
  <w>går</w>
  <w>som</w>
  <w>vanligt</w>
  <w>.</w>
  <w>Hur</w>
  <w>skapar</w>
  <w>man</w>
  <w>en</w>
  <w>ekonomisk</w>
  <w>kris</w>
  <w>då</w>
  <w>i</w>
  <w>ett</w>
  <w>land</w>
  <w>som</w>
  <w>verkar</w>
  <w>immun</w>
  <w>mot</w>
  <w>det</w>
  <w>?</w>
  <w>Jo</w>
  <w>,</w>
  <w>man</w>
  <w>håller</w>
  <w>på</w>
  <w>med</w>
  <w>den</w>
  <absaspan id=6>
    <w>massinvandring</w>
  </absaspan>
  <w>som</w>
  <w>pågår</w>
  <absaspan id=7 senti=2>
    <w>.</w>
  </absaspan>
</absapar>
<absapar id=6 senti=2>
  <w>Min</w>
  <w>tanke</w>
  <w>är</w>
  <w>såhär</w>
  <w>,</w>
  <w>när</w>
  <w>den</w>
  <w>eventuella</w>
  <w>ekonomiska</w>
  <w>kraschen</w>
  <w>händer</w>
  <w>så</w>
  <w>kommer</w>
  <w>svenska</w>
  <w>politikerna</w>
  <w>och</w>
  <w>övriga</w>
  <w>Europa</w>
  <w>ge</w>
  <w>oss</w>
  <w>en</w>
  <w>enda</w>
  <w>utväg</w>
  <w>,</w>
  <w>genom</w>
  <w>att</w>
  <w>äntligen</w>
  <absaspan id=8>
    <w>ta</w>
    <w>Euron</w>
    <w>som</w>
    <w>valutan</w>
  </absaspan>
  <w>.</w>
  <absaspan id=9>
    <w>Svenska</w>
    <w>politikerna</w>
  </absaspan>
  <absaspan id=10 senti=4>
    <w>vill</w>
  </absaspan>
  <w>redan</w>
  <w>det</w>
  <w>,</w>
  <w>det</w>
  <w>är</w>
  <w>bara</w>
  <w>att</w>
  <w>se</w>
  <w>till</w>
  <w>att</w>
  <w>övertyga</w>
  <w>svenska</w>
  <w>folket</w>
  <w>till</w>
  <w>att</w>
  <w>det</w>
  <w>är</w>
  <w>det</w>
  <w>"</w>
  <absaspan id=11 senti=4>
    <w>rätta</w>
    <w>"</w>
    <w>för</w>
    <w>Sverige</w>
  </absaspan>
  <w>och</w>
  <w>att</w>
  <w>också</w>
  <w>skylla</w>
  <w>på</w>
  <w>något</w>
  <w>annat</w>
  <w>än</w>
  <w>invandringen</w>
  <w>.</w>
</absapar>
<absapar id=7>
  <w>Ber</w>
  <w>om</w>
  <w>ursäkt</w>
  <w>för</w>
  <w>min</w>
  <w>svenska</w>
  <w>i</w>
  <w>förväg</w>
  <w>,</w>
  <w>och</w>
  <w>för</w>
  <w>övrigt</w>
  <w>röstade</w>
  <w>jag</w>
  <w>nej</w>
  <w>till</w>
  <w>Euron</w>
  <w>2003</w>
  <w>,</w>
  <w>och</w>
  <w>kommer</w>
  <w>rösta</w>
  <w>nej</w>
  <w>om</w>
  <w>det</w>
  <w>bli</w>
  <w>referendum</w>
  <w>igen</w>
  <w>.</w>
</absapar>
</absadoc>
