<absadoc annotators=1 senti=>
<absatitle>
  <w>Varje</w>
  <w>person</w>
  <w>vi</w>
  <w>tar</w>
  <w>in</w>
  <w>minskar</w>
  <w>bistånd</w>
  <w>med</w>
  <w>500</w>
  <w>kr</w>
  <w>/</w>
  <w>dag</w>
  <w>.</w>
</absatitle>
<absapar id=1>
  <w>Såg</w>
  <w>på</w>
  <w>nyheterna</w>
  <w>precis</w>
  <w>att</w>
  <w>varje</w>
  <w>person</w>
  <w>vi</w>
  <w>tar</w>
  <w>in</w>
  <w>i</w>
  <w>Sverige</w>
  <w>minskar</w>
  <w>vårt</w>
  <w>bistånd</w>
  <w>till</w>
  <w>fattiga</w>
  <w>med</w>
  <w>500</w>
  <w>kronor</w>
  <w>per</w>
  <w>dag</w>
  <w>.</w>
  <w>Dom</w>
  <w>sa</w>
  <w>också</w>
  <w>att</w>
  <w>500</w>
  <w>kr</w>
  <w>räcker</w>
  <w>till</w>
  <w>mat</w>
  <w>för</w>
  <w>en</w>
  <w>familj</w>
  <w>i</w>
  <w>t</w>
  <w>.</w>
  <w>ex</w>
  <w>Afrika</w>
  <w>i</w>
  <w>en</w>
  <w>månad</w>
  <w>!</w>
  <w>.</w>
</absapar>
<absapar id=2>
  <w>Hur</w>
  <w>kan</w>
  <absaspan id=1>
    <w>folk</w>
  </absaspan>
  <w>tycka</w>
  <w>detta</w>
  <w>är</w>
  <w>OK</w>
  <absaspan id=2 senti=2>
    <w>?</w>
  </absaspan>
  <w>Tror</w>
  <w>SD</w>
  <w>gick</w>
  <w>upp</w>
  <w>ett</w>
  <w>par</w>
  <w>procentenheter</w>
  <w>tack</w>
  <w>vare</w>
  <w>detta</w>
  <w>nyhetsinslag</w>
  <w>.</w>
</absapar>
<absapar id=3>
  <w>Detta</w>
  <w>var</w>
  <w>SVTs</w>
  <w>Rapport</w>
  <w>kl</w>
  <w>19</w>
  <w>:</w>
  <w>30</w>
  <w>idag</w>
  <w>.</w>
</absapar>
<absapar id=4>
  <w>efter</w>
  <w>10</w>
  <w>:</w>
  <w>57</w>
  <w>.</w>
</absapar>
</absadoc>
