<absadoc annotators=1 senti=>
<absatitle>
  <w>Misslyckad</w>
  <w>integration</w>
  <w>visas</w>
  <w>i</w>
  <w>TV</w>
  <w>,</w>
  <w>gynnar</w>
  <w>SD</w>
  <w>nu</w>
  <w>?</w>
</absatitle>
<absapar id=1>
  <w>Ikväll</w>
  <w>21</w>
  <w>:</w>
  <w>10</w>
  <w>i</w>
  <w>TV</w>
  <w>24</w>
  <w>repriseras</w>
  <w>en</w>
  <w>dokumentär</w>
  <w>Maggie</w>
  <w>Vaknar</w>
  <w>på</w>
  <w>Balkongen</w>
  <w>om</w>
  <w>Beatrice</w>
  <w>»</w>
  <w>Maggie</w>
  <w>«</w>
  <w>Andersson</w>
  <w>som</w>
  <w>jag</w>
  <w>såg</w>
  <w>igår</w>
  <w>igen</w>
  <w>och</w>
  <w>sett</w>
  <w>en</w>
  <w>del</w>
  <w>av</w>
  <w>förut</w>
  <w>.</w>
</absapar>
<absapar id=2>
  <w>Hon</w>
  <w>var</w>
  <w>minst</w>
  <w>sagt</w>
  <w>underlig</w>
  <w>då</w>
  <w>hon</w>
  <w>ex</w>
  <w>.</w>
  <w>inte</w>
  <w>klarade</w>
  <w>att</w>
  <w>gå</w>
  <w>i</w>
  <w>skola</w>
  <w>här</w>
  <w>som</w>
  <w>det</w>
  <w>såg</w>
  <w>ut</w>
  <w>så</w>
  <w>jag</w>
  <w>googlade</w>
  <w>om</w>
  <w>hennes</w>
  <w>bakgrund</w>
  <w>.</w>
  <w>Frisör</w>
  <w>och</w>
  <w>nanny</w>
  <w>i</w>
  <w>Kenya</w>
  <w>,</w>
  <w>en</w>
  <w>son</w>
  <w>där</w>
  <w>,</w>
  <w>kom</w>
  <w>hit</w>
  <w>runt</w>
  <w>-</w>
  <w>95</w>
  <w>för</w>
  <w>"</w>
  <w>kärleken</w>
  <w>"</w>
  <w>men</w>
  <w>utan</w>
  <w>sonen</w>
  <w>,</w>
  <w>2</w>
  <w>korta</w>
  <w>äktenskap</w>
  <w>med</w>
  <w>misshandel</w>
  <w>,</w>
  <w>aldrig</w>
  <w>arbete</w>
  <w>här</w>
  <w>och</w>
  <w>dog</w>
  <w>2012</w>
  <w>49</w>
  <w>år</w>
  <w>gammal</w>
  <w>.</w>
</absapar>
<absapar id=3>
  <w>Som</w>
  <w>det</w>
  <w>ser</w>
  <w>ut</w>
  <w>har</w>
  <absaspan id=1>
    <w>hon</w>
    <w>alltså</w>
    <w>gått</w>
    <w>här</w>
    <w>i</w>
    <w>10</w>
    <w>-</w>
    <w>15</w>
    <w>år</w>
    <w>på</w>
    <w>bidrag</w>
    <w>och</w>
    <w>kostat</w>
    <w>annat</w>
  </absaspan>
  <w>men</w>
  <w>det</w>
  <absaspan id=2 senti=2>
    <w>vävs</w>
    <w>in</w>
    <w>i</w>
    <w>flum</w>
  </absaspan>
  <w>.</w>
</absapar>
<absapar id=4>
  <absaspan id=3>
    <w>Fattar</w>
    <w>folk</w>
  </absaspan>
  <w>så</w>
  <w>det</w>
  <absaspan id=4 senti=4>
    <w>gynnar</w>
    <w>SD</w>
    <w>till</w>
    <w>valet</w>
  </absaspan>
  <w>?</w>
  <w>.</w>
</absapar>
</absadoc>
