<absadoc annotators=1 senti=3>
<absatitle>
  <w>Folkpartiets</w>
  <w>förslag</w>
  <w>för</w>
  <w>en</w>
  <w>utvecklad</w>
  <w>arbetskraftsinvandring</w>
  <w>.</w>
</absatitle>
<absapar id=1 senti=3>
  <w>Länken</w>
  <w>ovan</w>
  <w>leder</w>
  <w>till</w>
  <w>Folkpartiets</w>
  <w>förslag</w>
  <w>för</w>
  <w>en</w>
  <w>utvecklad</w>
  <w>arbetskraftsinvandring</w>
  <w>.</w>
  <w>Man</w>
  <w>föreslår</w>
  <w>följande</w>
  <w>;</w>
  <w>.</w>
</absapar>
<absapar id=2>
  <w>"</w>
  <absaspan id=1>
    <w>Den</w>
    <w>kanadensiska</w>
    <w>modellen</w>
  </absaspan>
  <absaspan id=2 senti=4>
    <w>en</w>
    <w>förebild</w>
  </absaspan>
  <w>"</w>
  <absaspan id=3>
    <w>.</w>
  </absaspan>
</absapar>
<absapar id=3>
  <w>#</w>
  <w>P</w>
  <w>IMM</w>
  <w>.</w>
  <w>-</w>
  <w>-</w>
  <w>-</w>
  <w>-</w>
  <w>-</w>
  <w>-</w>
  <w>.</w>
</absapar>
<absapar id=4>
  <w>#</w>
  <w>P</w>
  <w>IMM</w>
  <w>.</w>
  <w>.</w>
  <w>Bland</w>
  <w>annat</w>
  <w>anser</w>
  <w>jag</w>
  <w>att</w>
  <w>.</w>
</absapar>
<absapar id=5 senti=3>
  <w>kan</w>
  <w>vara</w>
  <w>ett</w>
  <w>bra</w>
  <w>förslag</w>
  <w>.</w>
  <absaspan id=4 senti=2>
    <w>Lite</w>
    <w>kritisk</w>
    <w>mot</w>
  </absaspan>
  <absaspan id=5>
    <w>det</w>
    <w>kanadensiska</w>
    <w>systemet</w>
  </absaspan>
  <absaspan id=6 senti=2>
    <w>får</w>
  </absaspan>
  <absaspan id=7 senti=2>
    <w>jag</w>
    <w>dock</w>
    <w>understryka</w>
    <w>att</w>
    <w>jag</w>
    <w>är</w>
  </absaspan>
  <w>,</w>
  <w>speciellt</w>
  <w>med</w>
  <w>tanke</w>
  <w>på</w>
  <w>den</w>
  <w>rådande</w>
  <w>arbetslösheten</w>
  <w>bland</w>
  <w>unga</w>
  <w>och</w>
  <w>bostadsbristen</w>
  <w>.</w>
</absapar>
<absapar id=6 senti=3>
  <absaspan id=8 senti=4>
    <w>Visst</w>
    <w>är</w>
    <w>det</w>
    <w>bra</w>
    <w>ett</w>
  </absaspan>
  <absaspan id=9>
    <w>en</w>
    <w>högutbildad</w>
    <w>iranier</w>
    <w>vill</w>
    <w>starta</w>
    <w>upp</w>
    <w>företag</w>
    <w>i</w>
    <w>Sverige</w>
  </absaspan>
  <w>,</w>
  <w>men</w>
  <w>då</w>
  <absaspan id=10 senti=4>
    <w>måste</w>
  </absaspan>
  <w>vi</w>
  <absaspan id=11>
    <w>förenkla</w>
    <w>vårt</w>
    <w>regelverk</w>
    <w>så</w>
    <w>man</w>
    <w>enklare</w>
    <w>man</w>
    <w>starta</w>
    <w>ett</w>
    <w>framgångsrikt</w>
    <w>företag</w>
  </absaspan>
  <w>.</w>
  <w>Vilka</w>
  <w>regler</w>
  <w>som</w>
  <w>i</w>
  <w>synnerhet</w>
  <w>bör</w>
  <w>skrivas</w>
  <w>om</w>
  <w>får</w>
  <w>jag</w>
  <w>undersöka</w>
  <w>vidare</w>
  <w>vid</w>
  <w>lämpligare</w>
  <w>tillfälle</w>
  <w>.</w>
  <w>Dessutom</w>
  <w>är</w>
  <w>det</w>
  <w>ganska</w>
  <w>A</w>
  <w>och</w>
  <w>O</w>
  <w>att</w>
  <w>ha</w>
  <w>en</w>
  <w>bostad</w>
  <w>,</w>
  <w>något</w>
  <w>som</w>
  <w>är</w>
  <w>svårt</w>
  <w>att</w>
  <w>hitta</w>
  <w>i</w>
  <w>Sverige</w>
  <w>just</w>
  <w>nu</w>
  <w>,</w>
  <w>i</w>
  <w>alla</w>
  <w>fall</w>
  <w>om</w>
  <w>man</w>
  <w>saknar</w>
  <w>kontakter</w>
  <w>.</w>
</absapar>
</absadoc>
