<absadoc annotators=1 senti=>
<absatitle>
  <w>Exemplet</w>
  <w>Sahlin</w>
  <w>visar</w>
  <w>varför</w>
  <absaspan id=1>
    <w>kvotering</w>
  </absaspan>
  <absaspan id=2 senti=2 target=1>
    <w>är</w>
    <w>fel</w>
  </absaspan>
  <w>.</w>
</absatitle>
<absapar id=1>
  <w>Jag</w>
  <w>brukar</w>
  <w>hävda</w>
  <w>att</w>
  <w>valet</w>
  <w>av</w>
  <w>Mona</w>
  <w>Sahlin</w>
  <w>som</w>
  <w>partiledare</w>
  <w>för</w>
  <w>Socialdemokraterna</w>
  <w>är</w>
  <w>det</w>
  <w>tyngsta</w>
  <w>argumentet</w>
  <w>mot</w>
  <w>kvotering</w>
  <w>.</w>
  <w>Missförstå</w>
  <w>mig</w>
  <w>rätt</w>
  <w>,</w>
  <absaspan id=3>
    <w>Sahlin</w>
  </absaspan>
  <absaspan id=4 senti=4>
    <w>är</w>
    <w>kompetent</w>
  </absaspan>
  <w>och</w>
  <absaspan id=5 senti=4>
    <w>var</w>
    <w>sannolikt</w>
    <w>den</w>
  </absaspan>
  <absaspan id=6 senti=4>
    <w>bästa</w>
  </absaspan>
  <absaspan id=7 senti=4>
    <w>kandidaten</w>
  </absaspan>
  <w>.</w>
  <w>Men</w>
  <w>hennes</w>
  <w>kompetens</w>
  <w>och</w>
  <w>politiska</w>
  <w>agenda</w>
  <w>gjordes</w>
  <w>sekundär</w>
  <w>när</w>
  <w>det</w>
  <w>primära</w>
  <w>var</w>
  <w>att</w>
  <w>få</w>
  <w>en</w>
  <w>person</w>
  <w>av</w>
  <w>kvinnligt</w>
  <w>kön</w>
  <w>vid</w>
  <w>rodret</w>
  <w>.</w>
  <w>Det</w>
  <w>blev</w>
  <w>hennes</w>
  <w>fall</w>
  <w>.</w>
</absapar>
<absapar id=2>
  <w>Det</w>
  <w>här</w>
  <w>är</w>
  <w>en</w>
  <w>argumenterande</w>
  <w>text</w>
  <w>med</w>
  <w>syfte</w>
  <w>att</w>
  <w>påverka</w>
  <w>.</w>
  <w>Åsikterna</w>
  <w>som</w>
  <w>uttrycks</w>
  <w>är</w>
  <w>skribentens</w>
  <w>egna</w>
  <w>.</w>
</absapar>
<absapar id=3>
  <w>Lena</w>
  <w>Hjelm-Wallén</w>
  <w>,</w>
  <w>dåvarande</w>
  <w>valberedningens</w>
  <w>ordförande</w>
  <w>,</w>
  <w>slog</w>
  <w>fast</w>
  <w>att</w>
  <w>det</w>
  <w>var</w>
  <w>dags</w>
  <w>för</w>
  <w>en</w>
  <w>kvinnlig</w>
  <w>partiledare</w>
  <w>.</w>
  <w>Av</w>
  <w>de</w>
  <w>med</w>
  <w>rätt</w>
  <w>kön</w>
  <absaspan id=8 senti=5>
    <w>var</w>
  </absaspan>
  <absaspan id=9>
    <w>Margot</w>
    <w>Wallström</w>
  </absaspan>
  <absaspan id=10 senti=5>
    <w>favoriten</w>
  </absaspan>
  <w>,</w>
  <w>men</w>
  <w>hon</w>
  <w>avböjde</w>
  <w>valberedningens</w>
  <w>förfrågan</w>
  <absaspan id=11>
    <w>.</w>
  </absaspan>
  <w>Jakten</w>
  <w>i</w>
  <w>den</w>
  <w>rätta</w>
  <w>urvalsgruppen</w>
  <w>fortsatte</w>
  <w>.</w>
  <w>Sedan</w>
  <w>valdes</w>
  <w>Sahlin</w>
  <w>,</w>
  <w>en</w>
  <w>kvinna</w>
  <w>ersattes</w>
  <w>av</w>
  <w>en</w>
  <w>annan</w>
  <w>och</w>
  <w>idén</w>
  <w>om</w>
  <w>att</w>
  <w>kvinnor</w>
  <w>är</w>
  <w>utbytbara</w>
  <w>mot</w>
  <w>varandra</w>
  <w>,</w>
  <w>representanter</w>
  <w>för</w>
  <w>sitt</w>
  <w>kön</w>
  <w>,</w>
  <w>fick</w>
  <w>ett</w>
  <w>ansikte</w>
  <w>.</w>
  <w>Det</w>
  <w>gick</w>
  <w>som</w>
  <w>det</w>
  <w>gick</w>
  <w>.</w>
</absapar>
<absapar id=4>
  <w>Vad</w>
  <w>lär</w>
  <w>vi</w>
  <w>oss</w>
  <w>av</w>
  <w>detta</w>
  <w>?</w>
  <w>De</w>
  <absaspan id=12 senti=2>
    <w>irrelevanta</w>
  </absaspan>
  <absaspan id=13>
    <w>kriterierna</w>
  </absaspan>
  <w>–</w>
  <w>kön</w>
  <w>,</w>
  <w>etnicitet</w>
  <w>,</w>
  <w>sexuell</w>
  <w>läggning</w>
  <w>,</w>
  <w>listan</w>
  <w>kan</w>
  <w>göras</w>
  <w>oändlig</w>
  <w>–</w>
  <w>som</w>
  <w>görs</w>
  <w>primära</w>
  <w>,</w>
  <w>som</w>
  <w>möjliggör</w>
  <w>en</w>
  <w>uppgång</w>
  <w>i</w>
  <w>karriären</w>
  <w>,</w>
  <w>kommer</w>
  <w>också</w>
  <w>att</w>
  <w>definiera</w>
  <w>ett</w>
  <w>eventuellt</w>
  <w>fall</w>
  <w>.</w>
  <w>Då</w>
  <w>spelar</w>
  <w>det</w>
  <w>ingen</w>
  <w>roll</w>
  <absaspan id=14 senti=4>
    <w>hur</w>
    <w>kompetent</w>
  </absaspan>
  <absaspan id=15>
    <w>individenockså</w>
  </absaspan>
  <absaspan id=16 senti=4>
    <w>är</w>
  </absaspan>
  <w>.</w>
  <w>Med</w>
  <w>detta</w>
  <w>sagt</w>
  <w>och</w>
  <w>för</w>
  <w>att</w>
  <w>blidka</w>
  <w>de</w>
  <w>som</w>
  <w>gjort</w>
  <w>missförståndskulturen</w>
  <w>till</w>
  <w>lag</w>
  <w>,</w>
  <w>detta</w>
  <w>konstaterande</w>
  <w>ska</w>
  <w>inte</w>
  <w>tolkas</w>
  <w>som</w>
  <w>att</w>
  <w>kombinationen</w>
  <w>kvinna</w>
  <w>/</w>
  <w>utlandsfödd</w>
  <w>/</w>
  <w>homosexuell</w>
  <w>och</w>
  <w>kompetent</w>
  <w>inte</w>
  <w>existerar</w>
  <w>.</w>
</absapar>
<absapar id=5>
  <w>Vad</w>
  <w>jag</w>
  <w>däremot</w>
  <w>ifrågasätter</w>
  <w>är</w>
  <w>oförmågan</w>
  <w>att</w>
  <w>se</w>
  <w>hur</w>
  <w>kvot</w>
  <w>-</w>
  <w>och</w>
  <w>representationshysterin</w>
  <w>resulterar</w>
  <w>i</w>
  <w>att</w>
  <w>kompetenskriteriet</w>
  <w>reduceras</w>
  <w>till</w>
  <w>huruvida</w>
  <w>individen</w>
  <w>besitter</w>
  <w>rätt</w>
  <w>kön</w>
  <w>eller</w>
  <w>melaninhalt</w>
  <w>i</w>
  <w>huden</w>
  <w>.</w>
  <w>Som</w>
  <w>om</w>
  <w>det</w>
  <w>finns</w>
  <w>någon</w>
  <w>särskilt</w>
  <w>kompetens</w>
  <w>kopplad</w>
  <w>till</w>
  <w>ens</w>
  <w>kön</w>
  <w>eller</w>
  <w>etnicitet</w>
  <w>.</w>
  <w>Som</w>
  <w>om</w>
  <w>jämställdhets</w>
  <w>-</w>
  <w>och</w>
  <w>den</w>
  <w>antirasistiska</w>
  <w>kampen</w>
  <w>historiskt</w>
  <w>inte</w>
  <w>handlat</w>
  <w>om</w>
  <w>att</w>
  <w>könstillhörighet</w>
  <w>och</w>
  <w>etnicitet</w>
  <w>ska</w>
  <w>sakna</w>
  <w>relevans</w>
  <w>.</w>
</absapar>
<absapar id=6>
  <w>Det</w>
  <w>är</w>
  <w>mot</w>
  <w>denna</w>
  <w>bakgrund</w>
  <w>som</w>
  <w>de</w>
  <w>alltmer</w>
  <w>högljudda</w>
  <w>propåerna</w>
  <w>,</w>
  <w>från</w>
  <w>inte</w>
  <w>minst</w>
  <w>moderata</w>
  <w>statsråd</w>
  <w>,</w>
  <w>ska</w>
  <w>betraktas</w>
  <w>.</w>
  <w>Det</w>
  <w>är</w>
  <w>mot</w>
  <w>denna</w>
  <w>bakgrund</w>
  <w>som</w>
  <absaspan id=17 senti=2>
    <w>drevet</w>
  </absaspan>
  <w>mot</w>
  <w>Jens</w>
  <w>Spendrup</w>
  <w>,</w>
  <w>mannen</w>
  <w>som</w>
  <w>under</w>
  <w>de</w>
  <w>senaste</w>
  <w>fem</w>
  <w>åren</w>
  <w>rekryterat</w>
  <w>tre</w>
  <w>kvinnor</w>
  <w>till</w>
  <w>vd-poster</w>
  <w>i</w>
  <w>näringslivet</w>
  <w>,</w>
  <w>ska</w>
  <w>betraktas</w>
  <w>.</w>
  <w>Kompetens</w>
  <w>handlar</w>
  <w>inte</w>
  <w>om</w>
  <w>symbolpolitik</w>
  <w>och</w>
  <w>social</w>
  <w>ingenjörskonst</w>
  <w>,</w>
  <w>det</w>
  <w>handlar</w>
  <w>om</w>
  <absaspan id=18>
    <w>människor</w>
  </absaspan>
  <w>som</w>
  <w>tryggt</w>
  <w>ska</w>
  <w>få</w>
  <w>vila</w>
  <w>i</w>
  <w>vetskapen</w>
  <w>om</w>
  <w>att</w>
  <w>de</w>
  <w>befinner</w>
  <w>sig</w>
  <w>där</w>
  <w>de</w>
  <w>är</w>
  <w>för</w>
  <w>att</w>
  <absaspan id=19>
    <w>de</w>
  </absaspan>
  <absaspan id=20 senti=4>
    <w>är</w>
    <w>bäst</w>
    <w>lämpade</w>
  </absaspan>
  <w>,</w>
  <w>inte</w>
  <w>för</w>
  <w>att</w>
  <w>de</w>
  <w>drog</w>
  <w>en</w>
  <w>jackpot</w>
  <w>i</w>
  <w>gentombolan</w>
  <w>.</w>
</absapar>
<absapar id=7>
  <absaspan id=21>
    <w>Kvotering</w>
  </absaspan>
  <absaspan id=22 senti=2>
    <w>är</w>
    <w>diskriminering</w>
  </absaspan>
  <w>,</w>
  <w>det</w>
  <w>är</w>
  <w>ett</w>
  <w>avsteg</w>
  <w>från</w>
  <w>principen</w>
  <w>om</w>
  <w>att</w>
  <w>lika</w>
  <w>rättigheter</w>
  <w>alltid</w>
  <w>är</w>
  <w>rätt</w>
  <w>.</w>
  <w>Kvotering</w>
  <w>leder</w>
  <w>till</w>
  <w>polarisering</w>
  <w>,</w>
  <w>kollektivisering</w>
  <w>och</w>
  <w>identitetspolitik</w>
  <w>.</w>
  <w>Ska</w>
  <w>dagens</w>
  <w>välutbildade</w>
  <w>kvinnor</w>
  <w>,</w>
  <w>över</w>
  <w>hela</w>
  <w>världen</w>
  <w>,</w>
  <w>som</w>
  <w>på</w>
  <w>egna</w>
  <w>meriter</w>
  <w>,</w>
  <w>mot</w>
  <w>alla</w>
  <w>odds</w>
  <w>,</w>
  <w>tagit</w>
  <w>sig</w>
  <w>igenom</w>
  <w>tuffa</w>
  <w>utbildningar</w>
  <w>se</w>
  <w>sig</w>
  <w>utkvoterade</w>
  <w>i</w>
  <w>en</w>
  <w>framtid</w>
  <w>där</w>
  <w>män</w>
  <w>får</w>
  <w>allt</w>
  <w>svårare</w>
  <w>att</w>
  <w>hänga</w>
  <w>med</w>
  <w>?</w>
  <w>.</w>
</absapar>
<absapar id=8>
  <w>Det</w>
  <absaspan id=23 senti=2>
    <w>är</w>
    <w>bedrövligt</w>
  </absaspan>
  <absaspan id=24>
    <w>att</w>
    <w>beskåda</w>
    <w>en</w>
    <w>borgerlig</w>
    <w>regering</w>
    <w>kidnappa</w>
    <w>den</w>
    <w>vänsterretorik</w>
    <w>som</w>
    <w>utgår</w>
    <w>från</w>
    <w>att</w>
    <w>rättvisa</w>
    <w>handlar</w>
    <w>om</w>
    <w>lika</w>
    <w>utfall</w>
    <w>och</w>
    <w>inte</w>
    <w>lika</w>
    <w>spelregler</w>
  </absaspan>
  <w>.</w>
  <w>Borgerliga</w>
  <w>politiker</w>
  <w>borde</w>
  <w>värna</w>
  <w>politikens</w>
  <w>gränser</w>
  <w>,</w>
  <w>stå</w>
  <w>upp</w>
  <w>för</w>
  <w>äganderätten</w>
  <w>,</w>
  <w>riva</w>
  <w>hinder</w>
  <w>.</w>
  <w>Social</w>
  <w>ingenjörskonst</w>
  <w>är</w>
  <w>andra</w>
  <w>bättre</w>
  <w>på</w>
  <w>.</w>
</absapar>
<absapar id=9>
  <w>Om</w>
  <w>Borg</w>
  <w>,</w>
  <w>Arnholm</w>
  <w>och</w>
  <w>gänget</w>
  <w>får</w>
  <w>som</w>
  <w>de</w>
  <w>vill</w>
  <w>kommer</w>
  <w>alla</w>
  <w>kvinnor</w>
  <w>,</w>
  <w>inkvoterade</w>
  <w>som</w>
  <w>icke-inkvoterade</w>
  <w>,</w>
  <w>i</w>
  <w>fortsättningen</w>
  <w>att</w>
  <w>få</w>
  <w>sin</w>
  <w>kompetens</w>
  <w>ifrågasatt</w>
  <w>.</w>
  <w>Det</w>
  <w>kommer</w>
  <w>i</w>
  <w>sin</w>
  <w>tur</w>
  <w>leda</w>
  <w>till</w>
  <w>att</w>
  <w>individen</w>
  <w>ständigt</w>
  <w>kommer</w>
  <w>att</w>
  <w>behöva</w>
  <w>försvara</w>
  <w>sig</w>
  <w>och</w>
  <w>bevisa</w>
  <w>att</w>
  <w>hon</w>
  <w>minsann</w>
  <w>tagit</w>
  <w>sig</w>
  <w>fram</w>
  <w>själv</w>
  <w>.</w>
  <w>På</w>
  <w>vilket</w>
  <w>sätt</w>
  <w>hjälps</w>
  <w>någon</w>
  <w>av</w>
  <w>detta</w>
  <w>?</w>
  <w>.</w>
</absapar>
<absapar id=10>
  <w>ALICETEODORESCU</w>
  <w>.</w>
</absapar>
<absapar id=11>
  <w>jur</w>
  <w>kand</w>
  <w>,</w>
  <w>borgerlig</w>
  <w>debattör</w>
  <w>.</w>
</absapar>
<absapar id=12>
  <w>Redaktör</w>
  <w>:</w>
  <w>Carina</w>
  <w>Stensson</w>
  <w>,</w>
  <w>Biträdande</w>
  <w>redaktör</w>
  <w>:</w>
  <w>Björn</w>
  <w>Jorner</w>
  <w>,</w>
  <w>Mejl</w>
  <w>:</w>
  <w>debatt</w>
  <w>@</w>
  <w>svd.se</w>
  <w>,</w>
  <w>Telefonnummer</w>
  <w>:</w>
  <w>08</w>
  <w>-</w>
  <w>135149</w>
  <w>,</w>
  <w>Twitter</w>
  <w>:</w>
  <w>@</w>
  <w>SvDDebatt</w>
  <w>,</w>
  <w>Facebook</w>
  <w>:</w>
  <w>SvD</w>
  <w>Debatt</w>
  <w>.</w>
</absapar>
</absadoc>
