<absadoc annotators=1 senti=0>
<absatitle>
  <absaspan id=1 senti=1 target=2>
    <w>Rättsvidrig</w>
  </absaspan>
  <absaspan id=2>
    <w>praxis</w>
  </absaspan>
  <w>för</w>
  <w>asylsökande</w>
  <w>barn</w>
  <w>.</w>
</absatitle>
<absapar id=1>
  <w>Det</w>
  <w>är</w>
  <w>dags</w>
  <w>att</w>
  <w>börja</w>
  <w>följa</w>
  <w>Barnkonventionen</w>
  <w>i</w>
  <w>svensk</w>
  <w>rättspraxis</w>
  <w>.</w>
  <w>Annars</w>
  <absaspan id=3 senti=2>
    <w>riskerar</w>
  </absaspan>
  <w>vi</w>
  <w>att</w>
  <absaspan id=4>
    <w>förlora</w>
    <w>vår</w>
    <w>trovärdighet</w>
    <w>och</w>
    <w>humanitet</w>
  </absaspan>
  <w>.</w>
  <w>Jag</w>
  <w>känner</w>
  <w>ett</w>
  <w>barn</w>
  <w>som</w>
  <w>efter</w>
  <w>7</w>
  <w>år</w>
  <w>i</w>
  <w>Sverige</w>
  <w>ska</w>
  <w>utvisas</w>
  <w>och</w>
  <w>lämna</w>
  <w>alla</w>
  <w>han</w>
  <w>känner</w>
  <w>för</w>
  <w>att</w>
  <w>bli</w>
  <w>skickad</w>
  <w>ensam</w>
  <w>till</w>
  <w>en</w>
  <w>institution</w>
  <w>i</w>
  <w>Azerbajdzjan</w>
  <w>,</w>
  <w>skriver</w>
  <w>Janet</w>
  <w>Karlsson</w>
  <w>,</w>
  <w>socionom</w>
  <w>.</w>
</absapar>
<absapar id=2>
  <w>Nu</w>
  <w>är</w>
  <w>det</w>
  <w>dags</w>
  <w>att</w>
  <w>börja</w>
  <w>följa</w>
  <w>Barnkonventionen</w>
  <w>i</w>
  <w>svensk</w>
  <w>rättspraxis</w>
  <w>.</w>
  <w>Runt</w>
  <w>om</w>
  <w>i</w>
  <absaspan id=5>
    <w>Sverige</w>
  </absaspan>
  <absaspan id=6 senti=2>
    <w>reageras</w>
  </absaspan>
  <w>i</w>
  <w>stugorna</w>
  <w>på</w>
  <absaspan id=7>
    <w>fall</w>
    <w>där</w>
    <w>barn</w>
    <w>utvisas</w>
  </absaspan>
  <w>.</w>
  <w>Oavsett</w>
  <w>om</w>
  <w>man</w>
  <w>anser</w>
  <w>att</w>
  <w>Barnkonventionen</w>
  <w>bör</w>
  <w>göras</w>
  <w>till</w>
  <w>svensk</w>
  <w>lag</w>
  <w>,</w>
  <w>eller</w>
  <absaspan id=8 senti=4>
    <w>håller</w>
    <w>med</w>
  </absaspan>
  <absaspan id=9>
    <w>regeringen</w>
  </absaspan>
  <w>om</w>
  <w>att</w>
  <w>det</w>
  <w>räcker</w>
  <w>att</w>
  <w>inkorporera</w>
  <w>den</w>
  <w>i</w>
  <w>övrig</w>
  <w>lagstiftning</w>
  <w>,</w>
  <w>borde</w>
  <w>en</w>
  <w>enighet</w>
  <w>kunna</w>
  <w>nås</w>
  <w>om</w>
  <w>att</w>
  <absaspan id=10>
    <w>svensk</w>
    <w>rättspraxis</w>
  </absaspan>
  <absaspan id=11 senti=2>
    <w>måste</w>
    <w>ändras</w>
  </absaspan>
  <w>,</w>
  <w>och</w>
  <w>det</w>
  <w>omedelbart</w>
  <w>när</w>
  <w>det</w>
  <w>gäller</w>
  <w>utvisningar</w>
  <w>av</w>
  <w>ensamma</w>
  <w>barn</w>
  <absaspan id=12>
    <w>.</w>
  </absaspan>
</absapar>
<absapar id=3>
  <w>Det</w>
  <w>här</w>
  <w>är</w>
  <w>en</w>
  <w>argumenterande</w>
  <w>text</w>
  <w>med</w>
  <w>syfte</w>
  <w>att</w>
  <w>påverka</w>
  <w>.</w>
  <w>Åsikterna</w>
  <w>som</w>
  <w>uttrycks</w>
  <w>är</w>
  <w>skribentens</w>
  <w>egna</w>
  <w>.</w>
</absapar>
<absapar id=4>
  <w>I</w>
  <w>Utlänningslagen</w>
  <w>finns</w>
  <w>två</w>
  <w>paragrafer</w>
  <w>som</w>
  <w>har</w>
  <w>fått</w>
  <absaspan id=13>
    <w>en</w>
    <w>tillämpning</w>
    <w>i</w>
    <w>praxis</w>
  </absaspan>
  <w>som</w>
  <absaspan id=14 senti=2>
    <w>är</w>
    <w>uppseendeväckande</w>
  </absaspan>
  <w>.</w>
  <w>Den</w>
  <w>första</w>
  <w>är</w>
  <w>vad</w>
  <w>som</w>
  <w>skall</w>
  <w>vara</w>
  <w>en</w>
  <w>inkorporering</w>
  <w>av</w>
  <w>Barnkonventionen</w>
  <w>:</w>
  <w>.</w>
</absapar>
<absapar id=5>
  <w>#</w>
  <w>P</w>
  <w>IMM</w>
  <w>.</w>
  <w>*</w>
  <w>*</w>
  <w>1</w>
  <w>kap</w>
  <w>.</w>
  <w>10</w>
  <w>§</w>
  <w>:</w>
  <w>*</w>
  <w>*</w>
  <w>I</w>
  <w>fall</w>
  <w>som</w>
  <w>rör</w>
  <w>ett</w>
  <w>barn</w>
  <w>skall</w>
  <w>särskilt</w>
  <w>beaktas</w>
  <w>vad</w>
  <w>hänsynen</w>
  <w>till</w>
  <w>barnets</w>
  <w>hälsa</w>
  <w>och</w>
  <w>utveckling</w>
  <w>samt</w>
  <w>barnets</w>
  <w>bästa</w>
  <w>i</w>
  <w>övrigt</w>
  <w>kräver</w>
  <w>.</w>
</absapar>
<absapar id=6>
  <w>Den</w>
  <w>andra</w>
  <w>handlar</w>
  <w>om</w>
  <w>humanitära</w>
  <w>skäl</w>
  <w>till</w>
  <w>uppehållstillstånd</w>
  <w>:</w>
  <w>.</w>
</absapar>
<absapar id=7>
  <w>#</w>
  <w>P</w>
  <w>IMM</w>
  <w>.</w>
  <w>*</w>
  <w>*</w>
  <w>5</w>
  <w>kap</w>
  <w>.</w>
  <w>6</w>
  <w>§</w>
  <w>:</w>
  <w>*</w>
  <w>*</w>
  <w>Om</w>
  <w>uppehållstillstånd</w>
  <w>inte</w>
  <w>kan</w>
  <w>ges</w>
  <w>på</w>
  <w>annan</w>
  <w>grund</w>
  <w>,</w>
  <w>får</w>
  <w>tillstånd</w>
  <w>beviljas</w>
  <w>en</w>
  <w>utlänning</w>
  <w>om</w>
  <w>det</w>
  <w>vid</w>
  <w>en</w>
  <w>samlad</w>
  <w>bedömning</w>
  <w>av</w>
  <w>utlänningens</w>
  <w>situation</w>
  <w>föreligger</w>
  <w>sådana</w>
  <absaspan id=15 senti=2>
    <w>synnerligen</w>
    <w>ömmande</w>
  </absaspan>
  <absaspan id=16>
    <w>omständigheter</w>
  </absaspan>
  <w>att</w>
  <w>han</w>
  <w>eller</w>
  <w>hon</w>
  <w>bör</w>
  <w>tillåtas</w>
  <w>stanna</w>
  <w>i</w>
  <w>Sverige</w>
  <absaspan id=17>
    <w>.</w>
  </absaspan>
  <w>Vid</w>
  <w>bedömningen</w>
  <w>skall</w>
  <w>särskilt</w>
  <w>beaktas</w>
  <w>utlänningens</w>
  <w>hälsotillstånd</w>
  <w>,</w>
  <w>anpassning</w>
  <w>till</w>
  <w>Sverige</w>
  <w>och</w>
  <w>situation</w>
  <w>i</w>
  <w>hemlandet</w>
  <w>.</w>
</absapar>
<absapar id=8>
  <w>Barn</w>
  <w>får</w>
  <w>beviljas</w>
  <w>uppehållstillstånd</w>
  <w>enligt</w>
  <w>denna</w>
  <w>paragraf</w>
  <w>även</w>
  <w>om</w>
  <w>de</w>
  <w>omständigheter</w>
  <w>som</w>
  <w>kommer</w>
  <w>fram</w>
  <w>inte</w>
  <w>har</w>
  <w>samma</w>
  <w>allvar</w>
  <w>och</w>
  <w>tyngd</w>
  <w>som</w>
  <w>krävs</w>
  <w>för</w>
  <w>att</w>
  <w>tillstånd</w>
  <w>skall</w>
  <w>beviljas</w>
  <w>vuxna</w>
  <w>personer</w>
  <w>.</w>
</absapar>
<absapar id=9>
  <w>Skräddarsydda</w>
  <w>kurser</w>
  <w>i</w>
  <w>ämnen</w>
  <w>som</w>
  <w>intresserar</w>
  <w>och</w>
  <w>engagerar</w>
  <w>både</w>
  <w>kropp</w>
  <w>och</w>
  <w>själ</w>
  <w>.</w>
</absapar>
<absapar id=10>
  <w>Justitiedepartementet</w>
  <w>har</w>
  <w>i</w>
  <w>år</w>
  <w>gjort</w>
  <w>en</w>
  <w>kartläggning</w>
  <w>av</w>
  <w>tillämpningen</w>
  <w>av</w>
  <w>den</w>
  <w>senare</w>
  <w>paragrafen</w>
  <w>(</w>
  <w>Departementsserien</w>
  <w>2011</w>
  <w>:</w>
  <w>14</w>
  <w>)</w>
  <w>.</w>
  <absaspan id=18>
    <w>Läsningen</w>
    <w>av</w>
    <w>denna</w>
  </absaspan>
  <absaspan id=19 senti=2>
    <w>är</w>
    <w>skrämmande</w>
  </absaspan>
  <w>.</w>
  <w>När</w>
  <w>det</w>
  <w>gäller</w>
  <w>ensamkommande</w>
  <w>barn</w>
  <w>som</w>
  <w>prövas</w>
  <w>mot</w>
  <w>5</w>
  <w>kap</w>
  <w>.</w>
  <w>6</w>
  <w>§</w>
  <w>är</w>
  <w>avslag</w>
  <w>mer</w>
  <w>regel</w>
  <w>än</w>
  <w>undantag</w>
  <w>.</w>
</absapar>
<absapar id=11>
  <w>Sverige</w>
  <w>har</w>
  <w>gett</w>
  <w>avslag</w>
  <w>på</w>
  <w>asylansökningar</w>
  <w>för</w>
  <absaspan id=20>
    <w>ensamma</w>
    <w>barn</w>
  </absaspan>
  <w>som</w>
  <absaspan id=21 senti=1>
    <w>lider</w>
    <w>av</w>
  </absaspan>
  <absaspan id=22>
    <w>psykisk</w>
    <w>ohälsa</w>
  </absaspan>
  <w>på</w>
  <w>grund</w>
  <w>av</w>
  <w>sexuella</w>
  <w>övergrepp</w>
  <w>för</w>
  <w>utvisning</w>
  <w>till</w>
  <w>Algeriet</w>
  <w>och</w>
  <w>Tunisien</w>
  <w>.</w>
  <w>Vi</w>
  <w>har</w>
  <w>utvisat</w>
  <w>barn</w>
  <w>till</w>
  <w>barnhem</w>
  <w>i</w>
  <w>Irak</w>
  <w>,</w>
  <w>och</w>
  <w>till</w>
  <w>Azerbajdzjan</w>
  <w>efter</w>
  <w>fyra</w>
  <w>år</w>
  <w>i</w>
  <w>Sverige</w>
  <w>.</w>
  <w>Ett</w>
  <absaspan id=23>
    <w>antal</w>
    <w>barn</w>
    <w>med</w>
    <w>psykisk</w>
    <w>ohälsa</w>
  </absaspan>
  <w>med</w>
  <w>ej</w>
  <w>fastställda</w>
  <w>möjligheter</w>
  <w>till</w>
  <w>kontakt</w>
  <w>med</w>
  <w>anhöriga</w>
  <w>i</w>
  <w>ursprungslandet</w>
  <absaspan id=24 senti=2>
    <w>har</w>
    <w>inte</w>
    <w>varit</w>
    <w>välkomna</w>
    <w>här</w>
  </absaspan>
  <absaspan id=25>
    <w>.</w>
  </absaspan>
  <w>Detta</w>
  <w>är</w>
  <w>några</w>
  <w>exempel</w>
  <w>.</w>
</absapar>
<absapar id=12>
  <w>Man</w>
  <w>kan</w>
  <w>fråga</w>
  <w>sig</w>
  <w>hur</w>
  <w>detta</w>
  <w>är</w>
  <w>det</w>
  <w>bästa</w>
  <absaspan id=26>
    <w>Sverige</w>
  </absaspan>
  <w>kan</w>
  <w>göra</w>
  <w>för</w>
  <w>dessa</w>
  <w>redan</w>
  <w>utsatta</w>
  <w>barn</w>
  <absaspan id=27 senti=2>
    <w>?</w>
  </absaspan>
  <w>Lagtexten</w>
  <w>ger</w>
  <w>dem</w>
  <w>rättigheter</w>
  <w>,</w>
  <w>men</w>
  <absaspan id=28>
    <w>praxis</w>
  </absaspan>
  <absaspan id=29 senti=2>
    <w>kränker</w>
  </absaspan>
  <w>dem</w>
  <w>.</w>
  <w>Hur</w>
  <w>kan</w>
  <w>då</w>
  <w>rättspraxis</w>
  <w>ändras</w>
  <w>för</w>
  <w>att</w>
  <w>en</w>
  <w>harmonisering</w>
  <w>med</w>
  <w>Barnkonventionen</w>
  <w>skall</w>
  <w>uppnås</w>
  <w>?</w>
  <w>Migrationsverket</w>
  <w>måste</w>
  <w>hitta</w>
  <w>ett</w>
  <w>rättssäkert</w>
  <w>sätt</w>
  <w>att</w>
  <w>pröva</w>
  <w>vad</w>
  <w>som</w>
  <w>är</w>
  <w>det</w>
  <w>bästa</w>
  <w>för</w>
  <w>barnen</w>
  <w>.</w>
  <absaspan id=30>
    <w>Utredningarna</w>
  </absaspan>
  <w>,</w>
  <w>som</w>
  <w>ligger</w>
  <w>till</w>
  <w>grund</w>
  <w>för</w>
  <w>besluten</w>
  <w>,</w>
  <absaspan id=31 senti=4>
    <w>måste</w>
    <w>få</w>
    <w>högre</w>
    <w>kvalitet</w>
  </absaspan>
  <w>,</w>
  <w>där</w>
  <w>barnets</w>
  <w>röst</w>
  <w>blir</w>
  <w>hörd</w>
  <w>.</w>
  <w>Bedömningarna</w>
  <w>om</w>
  <absaspan id=32 senti=2>
    <w>riskerna</w>
  </absaspan>
  <w>för</w>
  <absaspan id=33>
    <w>barns</w>
    <w>hälsa</w>
    <w>och</w>
    <w>utveckling</w>
    <w>vid</w>
    <w>utvisning</w>
  </absaspan>
  <w>måste</w>
  <w>göras</w>
  <w>av</w>
  <w>experter</w>
  <w>på</w>
  <w>barns</w>
  <w>utveckling</w>
  <w>.</w>
  <absaspan id=34>
    <w>Migrationsverket</w>
  </absaspan>
  <absaspan id=35 senti=2>
    <w>måste</w>
    <w>dessutom</w>
    <w>ta</w>
    <w>ett</w>
    <w>mer</w>
    <w>omfattande</w>
    <w>ansvar</w>
  </absaspan>
  <w>för</w>
  <w>att</w>
  <w>kontrollera</w>
  <w>det</w>
  <w>planerade</w>
  <w>mottagandet</w>
  <w>vid</w>
  <w>avvisningar</w>
  <w>.</w>
</absapar>
<absapar id=13 senti=5>
  <absaspan id=36 senti=2>
    <w>Invandrarfientliga</w>
  </absaspan>
  <w>strömningar</w>
  <w>blir</w>
  <w>inte</w>
  <w>starkare</w>
  <w>för</w>
  <w>att</w>
  <w>vi</w>
  <absaspan id=37 senti=4>
    <w>blir</w>
    <w>mer</w>
    <w>humana</w>
  </absaspan>
  <w>i</w>
  <absaspan id=38>
    <w>vår</w>
    <w>asylhantering</w>
  </absaspan>
  <w>,</w>
  <w>tvärtom</w>
  <w>.</w>
  <absaspan id=39>
    <w>Först</w>
    <w>när</w>
    <w>svenska</w>
    <w>myndigheter</w>
    <w>börjar</w>
    <w>behandla</w>
    <w>alla</w>
    <w>människor</w>
    <w>som</w>
    <w>vistas</w>
    <w>i</w>
    <w>Sverige</w>
    <w>som</w>
    <w>om</w>
    <w>de</w>
    <w>är</w>
    <w>värda</w>
    <w>lika</w>
    <w>mycket</w>
  </absaspan>
  <w>,</w>
  <absaspan id=40 senti=4>
    <w>blir</w>
    <w>budskapet</w>
    <w>om</w>
    <w>allas</w>
    <w>lika</w>
    <w>värde</w>
    <w>inte</w>
    <w>bara</w>
    <w>hyckleri</w>
  </absaspan>
  <w>.</w>
  <w>Sverige</w>
  <w>har</w>
  <w>råd</w>
  <w>att</w>
  <w>ge</w>
  <w>plats</w>
  <w>för</w>
  <w>de</w>
  <w>här</w>
  <w>barnen</w>
  <w>.</w>
  <w>Det</w>
  <w>är</w>
  <w>snarare</w>
  <w>så</w>
  <w>att</w>
  <w>vi</w>
  <w>inte</w>
  <w>har</w>
  <w>råd</w>
  <w>att</w>
  <absaspan id=41>
    <w>skicka</w>
    <w>iväg</w>
    <w>dem</w>
  </absaspan>
  <w>,</w>
  <w>för</w>
  <w>vi</w>
  <absaspan id=42 senti=2>
    <w>förlorar</w>
    <w>vår</w>
    <w>humanitet</w>
  </absaspan>
  <w>.</w>
</absapar>
<absapar id=14 senti=5>
  <w>Det</w>
  <w>finns</w>
  <w>i</w>
  <w>debatten</w>
  <w>ett</w>
  <absaspan id=43 senti=2>
    <w>hårresande</w>
  </absaspan>
  <absaspan id=44>
    <w>synsätt</w>
  </absaspan>
  <w>som</w>
  <w>går</w>
  <w>ut</w>
  <w>på</w>
  <w>att</w>
  <w>Sverige</w>
  <w>inte</w>
  <w>kan</w>
  <w>låta</w>
  <w>de</w>
  <w>barn</w>
  <w>de</w>
  <w>handlar</w>
  <w>om</w>
  <w>stanna</w>
  <w>,</w>
  <w>för</w>
  <w>att</w>
  <absaspan id=45>
    <w>föräldrarna</w>
  </absaspan>
  <absaspan id=46 senti=2>
    <w>försöker</w>
    <w>manipulera</w>
  </absaspan>
  <w>fram</w>
  <w>ett</w>
  <w>uppehållstillstånd</w>
  <w>genom</w>
  <w>att</w>
  <w>använda</w>
  <w>barnen</w>
  <absaspan id=47>
    <w>.</w>
  </absaspan>
  <w>Barnet</w>
  <w>har</w>
  <w>blivit</w>
  <w>övergivet</w>
  <w>,</w>
  <w>antingen</w>
  <w>genom</w>
  <w>död</w>
  <w>eller</w>
  <w>sjukdom</w>
  <w>,</w>
  <w>genom</w>
  <w>ofrivillig</w>
  <w>separation</w>
  <w>i</w>
  <w>konflikthärdar</w>
  <w>,</w>
  <w>eller</w>
  <w>för</w>
  <w>att</w>
  <w>föräldern</w>
  <w>sett</w>
  <w>det</w>
  <w>som</w>
  <w>den</w>
  <w>enda</w>
  <w>utvägen</w>
  <w>för</w>
  <w>att</w>
  <w>rädda</w>
  <w>barnet</w>
  <w>.</w>
  <w>Ingen</w>
  <w>av</w>
  <w>dessa</w>
  <w>orsaker</w>
  <w>råder</w>
  <w>barnet</w>
  <w>över</w>
  <w>,</w>
  <w>eller</w>
  <w>har</w>
  <w>någon</w>
  <w>skuld</w>
  <w>i</w>
  <w>.</w>
  <absaspan id=48>
    <w>Svenska</w>
    <w>myndigheter</w>
  </absaspan>
  <absaspan id=49 senti=2>
    <w>bör</w>
    <w>inte</w>
    <w>ens</w>
    <w>ta</w>
    <w>sig</w>
    <w>rätten</w>
  </absaspan>
  <w>att</w>
  <w>använda</w>
  <w>sig</w>
  <w>av</w>
  <w>de</w>
  <w>enstaka</w>
  <w>barn</w>
  <w>som</w>
  <w>de</w>
  <w>facto</w>
  <w>är</w>
  <w>s</w>
  <w>k</w>
  <w>"</w>
  <w>ankarbarn</w>
  <w>"</w>
  <w>,</w>
  <w>som</w>
  <w>medel</w>
  <w>för</w>
  <w>att</w>
  <w>försöka</w>
  <w>att</w>
  <w>"</w>
  <w>läxa</w>
  <w>upp</w>
  <w>"</w>
  <w>eventuella</w>
  <w>föräldrar</w>
  <w>.</w>
  <w>Detta</w>
  <absaspan id=50 senti=2>
    <w>är</w>
    <w>ett</w>
    <w>trauma</w>
    <w>i</w>
    <w>sig</w>
  </absaspan>
  <absaspan id=51>
    <w>för</w>
    <w>det</w>
    <w>enskilda</w>
    <w>barnet</w>
  </absaspan>
  <w>.</w>
</absapar>
<absapar id=15 senti=5>
  <w>Vi</w>
  <w>kan</w>
  <w>inte</w>
  <w>dröja</w>
  <w>längre</w>
  <w>med</w>
  <w>att</w>
  <w>börja</w>
  <w>tillämpa</w>
  <w>Barnkonventionen</w>
  <w>fullt</w>
  <w>ut</w>
  <w>när</w>
  <w>vi</w>
  <w>hanterar</w>
  <w>asylärenden</w>
  <w>.</w>
  <w>Detta</w>
  <absaspan id=52 senti=4>
    <w>är</w>
    <w>nödvändigt</w>
  </absaspan>
  <w>om</w>
  <absaspan id=53>
    <w>vi</w>
    <w>skall</w>
    <w>behålla</w>
    <w>vår</w>
    <w>trovärdighet</w>
    <w>i</w>
    <w>internationella</w>
    <w>frågor</w>
  </absaspan>
  <w>,</w>
  <w>men</w>
  <w>framförallt</w>
  <w>är</w>
  <w>vi</w>
  <w>skyldiga</w>
  <w>barnen</w>
  <w>det</w>
  <w>.</w>
  <w>De</w>
  <w>är</w>
  <w>nämligen</w>
  <w>oskyldiga</w>
  <w>till</w>
  <w>den</w>
  <w>situation</w>
  <w>de</w>
  <w>hamnat</w>
  <w>i</w>
  <w>som</w>
  <w>ensamma</w>
  <w>asylsökande</w>
  <w>barn</w>
  <w>.</w>
</absapar>
<absapar id=16>
  <w>Jag</w>
  <w>själv</w>
  <absaspan id=54 senti=4>
    <w>är</w>
    <w>skyldig</w>
  </absaspan>
  <w>att</w>
  <absaspan id=55>
    <w>kämpa</w>
    <w>för</w>
    <w>detta</w>
  </absaspan>
  <w>eftersom</w>
  <w>ett</w>
  <w>barn</w>
  <w>som</w>
  <w>är</w>
  <w>min</w>
  <w>vän</w>
  <w>efter</w>
  <w>7</w>
  <w>år</w>
  <w>i</w>
  <w>Sverige</w>
  <w>skall</w>
  <w>utvisas</w>
  <w>.</w>
  <absaspan id=56>
    <w>Migrationsverket</w>
  </absaspan>
  <w>har</w>
  <w>bestämt</w>
  <w>att</w>
  <absaspan id=57 senti=4>
    <w>det</w>
    <w>bästa</w>
  </absaspan>
  <absaspan id=58>
    <w>för</w>
    <w>honom</w>
  </absaspan>
  <w>är</w>
  <w>att</w>
  <w>separeras</w>
  <w>från</w>
  <absaspan id=59>
    <w>alla</w>
    <w>som</w>
  </absaspan>
  <absaspan id=60 senti=5>
    <w>älskar</w>
  </absaspan>
  <absaspan id=61>
    <w>honom</w>
  </absaspan>
  <w>och</w>
  <w>bli</w>
  <w>skickad</w>
  <w>ensam</w>
  <w>till</w>
  <w>en</w>
  <w>institution</w>
  <w>i</w>
  <w>Azerbajdzjan</w>
  <w>.</w>
</absapar>
<absapar id=17>
  <w>Hur</w>
  <w>gör</w>
  <w>Migrationsverket</w>
  <w>prövningen</w>
  <w>mot</w>
  <w>Barnkonventionen</w>
  <w>,</w>
  <w>Christina</w>
  <w>Werner</w>
  <w>?</w>
  <w>.</w>
</absapar>
<absapar id=18>
  <w>JANET</w>
  <w>KARLSSON</w>
  <w>.</w>
</absapar>
<absapar id=19>
  <w>socionom</w>
  <w>.</w>
</absapar>
<absapar id=20>
  <w>Redaktör</w>
  <w>:</w>
  <w>Carina</w>
  <w>Stensson</w>
  <w>,</w>
  <w>Biträdande</w>
  <w>redaktör</w>
  <w>:</w>
  <w>Björn</w>
  <w>Jorner</w>
  <w>,</w>
  <w>Mejl</w>
  <w>:</w>
  <w>debatt</w>
  <w>@</w>
  <w>svd.se</w>
  <w>,</w>
  <w>Telefonnummer</w>
  <w>:</w>
  <w>08</w>
  <w>-</w>
  <w>135149</w>
  <w>,</w>
  <w>Twitter</w>
  <w>:</w>
  <w>@</w>
  <w>SvDDebatt</w>
  <w>,</w>
  <w>Facebook</w>
  <w>:</w>
  <w>SvD</w>
  <w>Debatt</w>
  <w>.</w>
</absapar>
</absadoc>
