<absadoc annotators=1 senti=>
<absatitle>
  <w>När</w>
  <w>ska</w>
  <w>adoptionslagstiftningen</w>
  <w>fungera</w>
  <w>i</w>
  <w>verkligheten</w>
  <w>?</w>
  <w>.</w>
</absatitle>
<absapar id=1>
  <w>Det</w>
  <w>är</w>
  <w>dags</w>
  <w>att</w>
  <w>på</w>
  <w>bred</w>
  <w>front</w>
  <w>ta</w>
  <w>tag</w>
  <w>i</w>
  <w>att</w>
  <w>förverkliga</w>
  <w>lagstiftningens</w>
  <w>ambition</w>
  <w>om</w>
  <w>samkönade</w>
  <w>pars</w>
  <w>möjlighet</w>
  <w>att</w>
  <w>adoptera</w>
  <w>och</w>
  <w>därmed</w>
  <w>åstadkomma</w>
  <w>fler</w>
  <absaspan id=1 senti=5>
    <w>lyckliga</w>
  </absaspan>
  <absaspan id=2>
    <w>familjer</w>
  </absaspan>
  <w>.</w>
  <w>Det</w>
  <w>skriver</w>
  <w>moderaterna</w>
  <w>Tomas</w>
  <w>Tobé</w>
  <w>,</w>
  <w>Fredrik</w>
  <w>Saweståhl</w>
  <w>,</w>
  <w>Jenny</w>
  <w>Edberg</w>
  <w>,</w>
  <w>Luke</w>
  <w>Cook</w>
  <w>.</w>
</absapar>
<absapar id=2>
  <w>En</w>
  <w>lagstiftnings</w>
  <w>utformning</w>
  <w>är</w>
  <w>viktig</w>
  <w>,</w>
  <w>men</w>
  <w>ännu</w>
  <w>viktigare</w>
  <w>är</w>
  <w>hur</w>
  <w>lagstiftningen</w>
  <w>fungerar</w>
  <w>i</w>
  <w>praktiken</w>
  <w>.</w>
  <w>Tyvärr</w>
  <w>är</w>
  <w>det</w>
  <w>inte</w>
  <w>alltid</w>
  <w>som</w>
  <w>ambitionen</w>
  <w>med</w>
  <w>en</w>
  <w>reform</w>
  <w>får</w>
  <w>önskat</w>
  <w>utfall</w>
  <w>.</w>
  <w>Ett</w>
  <w>tydligt</w>
  <w>exempel</w>
  <w>är</w>
  <absaspan id=3>
    <w>den</w>
  </absaspan>
  <absaspan id=4>
    <w>reform</w>
    <w>från</w>
    <w>2003</w>
    <w>,</w>
    <w>som</w>
    <w>ger</w>
    <w>även</w>
    <w>homosexuella</w>
    <w>par</w>
    <w>rätten</w>
    <w>att</w>
    <w>prövas</w>
    <w>som</w>
    <w>adoptivföräldrar</w>
  </absaspan>
  <w>.</w>
</absapar>
<absapar id=3>
  <w>Det</w>
  <w>här</w>
  <w>är</w>
  <w>en</w>
  <w>argumenterande</w>
  <w>text</w>
  <w>med</w>
  <w>syfte</w>
  <w>att</w>
  <w>påverka</w>
  <w>.</w>
  <w>Åsikterna</w>
  <w>som</w>
  <w>uttrycks</w>
  <w>är</w>
  <w>skribentens</w>
  <w>egna</w>
  <w>.</w>
</absapar>
<absapar id=4>
  <w>Principiellt</w>
  <absaspan id=5 senti=4>
    <w>var</w>
  </absaspan>
  <absaspan id=6>
    <w>reformen</w>
    <w>2003</w>
  </absaspan>
  <absaspan id=7 senti=4>
    <w>viktig</w>
  </absaspan>
  <w>för</w>
  <w>att</w>
  <w>Sverige</w>
  <w>skulle</w>
  <w>sluta</w>
  <w>att</w>
  <w>behandla</w>
  <w>homosexuella</w>
  <w>som</w>
  <w>en</w>
  <w>andra</w>
  <w>klassens</w>
  <w>medborgare</w>
  <w>.</w>
  <absaspan id=8>
    <w>Reformen</w>
  </absaspan>
  <absaspan id=9>
    <w>öppnade</w>
    <w>upp</w>
    <w>för</w>
    <w>en</w>
    <w>stark</w>
    <w>utveckling</w>
    <w>där</w>
    <w>många</w>
    <w>närståendeadoptioner</w>
    <w>kunnat</w>
    <w>äga</w>
    <w>rum</w>
    <w>och</w>
    <w>för</w>
    <w>att</w>
    <w>normalisera</w>
    <w>det</w>
    <w>faktum</w>
    <w>att</w>
    <w>barn</w>
    <w>redan</w>
    <w>lever</w>
    <w>i</w>
    <w>familjer</w>
    <w>med</w>
    <w>samkönade</w>
    <w>par</w>
  </absaspan>
  <w>.</w>
  <absaspan id=10>
    <w>Allt</w>
    <w>detta</w>
  </absaspan>
  <absaspan id=11 senti=4>
    <w>är</w>
    <w>positivt</w>
  </absaspan>
  <w>men</w>
  <w>trots</w>
  <w>att</w>
  <w>det</w>
  <w>gått</w>
  <w>hela</w>
  <w>åtta</w>
  <w>år</w>
  <w>har</w>
  <w>inte</w>
  <w>ett</w>
  <w>enda</w>
  <w>samkönat</w>
  <w>par</w>
  <w>fått</w>
  <w>möjlighet</w>
  <w>att</w>
  <w>adoptera</w>
  <w>i</w>
  <w>Sverige</w>
  <w>.</w>
</absapar>
<absapar id=5>
  <w>Det</w>
  <w>finns</w>
  <absaspan id=12>
    <w>många</w>
    <w>homosexuella</w>
    <w>par</w>
    <w>som</w>
  </absaspan>
  <absaspan id=13 senti=5>
    <w>längtar</w>
    <w>efter</w>
  </absaspan>
  <w>och</w>
  <absaspan id=14 senti=4>
    <w>vill</w>
  </absaspan>
  <absaspan id=15>
    <w>utöka</w>
    <w>sin</w>
    <w>familj</w>
    <w>med</w>
  </absaspan>
  <absaspan id=16>
    <w>barn</w>
  </absaspan>
  <w>.</w>
  <absaspan id=17>
    <w>Att</w>
    <w>lagstiftningen</w>
    <w>vid</w>
    <w>första</w>
    <w>anblick</w>
    <w>inte</w>
    <w>sätter</w>
    <w>upp</w>
    <w>något</w>
    <w>hinder</w>
    <w>för</w>
    <w>detta</w>
  </absaspan>
  <absaspan id=18 senti=4>
    <w>är</w>
    <w>positivt</w>
  </absaspan>
  <w>men</w>
  <w>det</w>
  <w>är</w>
  <w>likväl</w>
  <w>inte</w>
  <w>tillfredsställande</w>
  <w>.</w>
  <w>I</w>
  <w>praktiken</w>
  <w>finns</w>
  <w>mycket</w>
  <w>kvar</w>
  <w>att</w>
  <w>göra</w>
  <w>för</w>
  <w>att</w>
  <w>homosexuella</w>
  <w>par</w>
  <w>ska</w>
  <w>kunna</w>
  <w>adoptera</w>
  <w>,</w>
  <w>såväl</w>
  <w>nationellt</w>
  <w>som</w>
  <w>internationellt</w>
  <w>.</w>
</absapar>
<absapar id=6>
  <w>Länge</w>
  <w>har</w>
  <w>diskussionen</w>
  <w>sopats</w>
  <w>under</w>
  <w>mattan</w>
  <w>genom</w>
  <w>att</w>
  <w>det</w>
  <w>konstaterats</w>
  <w>att</w>
  <w>det</w>
  <w>inte</w>
  <w>finns</w>
  <w>några</w>
  <w>givarländer</w>
  <w>som</w>
  <w>accepterar</w>
  <w>att</w>
  <w>barn</w>
  <w>skulle</w>
  <w>adopteras</w>
  <w>av</w>
  <w>samkönade</w>
  <w>par</w>
  <w>.</w>
  <w>Vad</w>
  <w>som</w>
  <w>därför</w>
  <absaspan id=19 senti=4>
    <w>krävs</w>
  </absaspan>
  <w>är</w>
  <absaspan id=20>
    <w>en</w>
  </absaspan>
  <absaspan id=21 senti=4>
    <w>ordentlig</w>
  </absaspan>
  <absaspan id=22>
    <w>översyn</w>
    <w>och</w>
    <w>diskussion</w>
  </absaspan>
  <absaspan id=23>
    <w>om</w>
    <w>hur</w>
    <w>den</w>
    <w>lagstiftningen</w>
    <w>som</w>
    <w>Sveriges</w>
    <w>riksdag</w>
    <w>beslutade</w>
    <w>om</w>
    <w>ska</w>
    <w>införlivas</w>
  </absaspan>
  <w>.</w>
  <w>Vilka</w>
  <w>är</w>
  <w>de</w>
  <w>kvarvarande</w>
  <w>praktiska</w>
  <w>hinder</w>
  <w>och</w>
  <w>attityder</w>
  <w>som</w>
  <w>både</w>
  <w>i</w>
  <w>det</w>
  <w>öppna</w>
  <w>och</w>
  <w>fördolda</w>
  <w>gör</w>
  <w>att</w>
  <w>samkönade</w>
  <w>par</w>
  <w>aldrig</w>
  <w>blir</w>
  <w>aktuella</w>
  <w>för</w>
  <w>adoption</w>
  <w>?</w>
  <w>Det</w>
  <w>sker</w>
  <w>varje</w>
  <w>år</w>
  <w>nationella</w>
  <w>adoptioner</w>
  <w>och</w>
  <w>innan</w>
  <absaspan id=24>
    <w>Sverige</w>
  </absaspan>
  <absaspan id=25 senti=2>
    <w>beklagar</w>
  </absaspan>
  <absaspan id=26>
    <w>andra</w>
    <w>länders</w>
    <w>agerande</w>
  </absaspan>
  <w>vore</w>
  <w>det</w>
  <w>välkommet</w>
  <w>om</w>
  <w>åtminstone</w>
  <w>den</w>
  <w>möjligheten</w>
  <w>i</w>
  <w>realiteten</w>
  <w>öppnade</w>
  <w>upp</w>
  <w>sig</w>
  <w>för</w>
  <w>samkönade</w>
  <w>par</w>
  <w>.</w>
</absapar>
<absapar id=7>
  <w>Vidare</w>
  <w>har</w>
  <w>fortfarande</w>
  <w>ingen</w>
  <w>av</w>
  <w>de</w>
  <w>svenska</w>
  <w>adoptionsbyråerna</w>
  <w>kontakt</w>
  <w>med</w>
  <w>någon</w>
  <absaspan id=27>
    <w>organisation</w>
    <w>som</w>
  </absaspan>
  <absaspan id=28 senti=4>
    <w>accepterar</w>
  </absaspan>
  <absaspan id=29>
    <w>homosexuella</w>
    <w>som</w>
    <w>adoptivföräldrar</w>
    <w>för</w>
    <w>internationella</w>
    <w>adoptioner</w>
  </absaspan>
  <w>.</w>
  <w>Det</w>
  <w>borde</w>
  <w>tala</w>
  <w>för</w>
  <w>ett</w>
  <w>mer</w>
  <w>aktivt</w>
  <w>arbete</w>
  <w>med</w>
  <w>att</w>
  <w>knyta</w>
  <w>relationer</w>
  <w>och</w>
  <w>arbeta</w>
  <w>med</w>
  <w>attitydförändringar</w>
  <w>direkt</w>
  <w>gentemot</w>
  <w>andra</w>
  <w>länder</w>
  <w>och</w>
  <w>organisationer</w>
  <w>.</w>
  <w>I</w>
  <w>allt</w>
  <w>fler</w>
  <w>länder</w>
  <w>går</w>
  <w>utvecklingen</w>
  <w>dessutom</w>
  <w>mot</w>
  <w>en</w>
  <w>ökad</w>
  <absaspan id=30 senti=4>
    <w>öppenhet</w>
  </absaspan>
  <w>och</w>
  <absaspan id=31 senti=4>
    <w>tolerans</w>
  </absaspan>
  <w>i</w>
  <w>frågan</w>
  <w>,</w>
  <w>om</w>
  <w>bara</w>
  <w>viljan</w>
  <w>finns</w>
  <w>borde</w>
  <w>en</w>
  <w>ny</w>
  <w>utveckling</w>
  <w>kunna</w>
  <w>ta</w>
  <w>fart</w>
  <absaspan id=32>
    <w>.</w>
  </absaspan>
</absapar>
<absapar id=8>
  <w>Det</w>
  <w>är</w>
  <w>även</w>
  <w>viktigt</w>
  <w>att</w>
  <absaspan id=33>
    <w>myten</w>
    <w>om</w>
    <w>att</w>
  </absaspan>
  <absaspan id=34>
    <w>heterosexuella</w>
    <w>par</w>
  </absaspan>
  <absaspan id=35>
    <w>per</w>
    <w>automatik</w>
  </absaspan>
  <absaspan id=36 senti=4>
    <w>är</w>
    <w>bättre</w>
    <w>föräldrar</w>
  </absaspan>
  <absaspan id=37>
    <w>än</w>
    <w>homosexuella</w>
    <w>par</w>
  </absaspan>
  <w>begravs</w>
  <absaspan id=38 senti=2>
    <w>.</w>
  </absaspan>
  <w>Inga</w>
  <w>studier</w>
  <w>i</w>
  <w>världen</w>
  <w>visar</w>
  <w>på</w>
  <w>ett</w>
  <w>sådant</w>
  <w>utfall</w>
  <w>och</w>
  <w>det</w>
  <w>är</w>
  <w>därför</w>
  <w>viktigt</w>
  <w>att</w>
  <w>kommuner</w>
  <w>och</w>
  <w>adoptionsbyråer</w>
  <w>inte</w>
  <w>exkluderar</w>
  <w>homosexuella</w>
  <w>för</w>
  <w>tidigt</w>
  <w>i</w>
  <w>processen</w>
  <w>.</w>
</absapar>
<absapar id=9>
  <w>Även</w>
  <absaspan id=39>
    <w>den</w>
    <w>svenska</w>
    <w>benägenheten</w>
    <w>att</w>
    <w>hellre</w>
    <w>fosterhemsplacera</w>
    <w>barn</w>
    <w>som</w>
    <w>far</w>
    <w>illa</w>
    <w>än</w>
    <w>möjliggöra</w>
    <w>för</w>
    <w>adoption</w>
    <w>i</w>
    <w>ökad</w>
    <w>utsträckning</w>
  </absaspan>
  <absaspan id=40 senti=2>
    <w>borde</w>
    <w>ifrågasättas</w>
    <w>mer</w>
  </absaspan>
  <w>.</w>
  <w>Resultatet</w>
  <w>för</w>
  <w>fosterhemsplaceringar</w>
  <w>i</w>
  <w>Sverige</w>
  <w>är</w>
  <w>varierande</w>
  <w>och</w>
  <w>det</w>
  <w>finns</w>
  <w>många</w>
  <w>uppmärksammade</w>
  <absaspan id=41 senti=2>
    <w>problem</w>
  </absaspan>
  <w>.</w>
  <w>Det</w>
  <absaspan id=42 senti=4>
    <w>vore</w>
    <w>önskvärt</w>
  </absaspan>
  <absaspan id=43>
    <w>att</w>
    <w>fler</w>
    <w>barn</w>
    <w>hamnar</w>
    <w>i</w>
    <w>livslånga</w>
    <w>och</w>
    <w>trygga</w>
    <w>relationer</w>
    <w>hos</w>
    <w>såväl</w>
    <w>heterosexuella</w>
    <w>som</w>
    <w>homosexuella</w>
    <w>par</w>
    <w>före</w>
    <w>skiftande</w>
    <w>familjehemsplaceringar</w>
  </absaspan>
  <w>.</w>
</absapar>
<absapar id=10>
  <w>Det</w>
  <w>är</w>
  <w>dags</w>
  <w>att</w>
  <w>på</w>
  <w>bred</w>
  <w>front</w>
  <w>ta</w>
  <w>tag</w>
  <w>i</w>
  <w>att</w>
  <w>förverkliga</w>
  <w>lagstiftningens</w>
  <w>ambition</w>
  <w>om</w>
  <w>samkönade</w>
  <w>pars</w>
  <w>möjlighet</w>
  <w>att</w>
  <w>adoptera</w>
  <w>och</w>
  <w>därmed</w>
  <w>åstadkomma</w>
  <w>fler</w>
  <absaspan id=44 senti=5>
    <w>lyckliga</w>
  </absaspan>
  <absaspan id=45>
    <w>familjer</w>
  </absaspan>
  <w>.</w>
</absapar>
<absapar id=11>
  <w>TOMAS</w>
  <w>TOBÈ</w>
  <w>(</w>
  <w>M</w>
  <w>)</w>
  <w>.</w>
</absapar>
<absapar id=12>
  <w>riksdagsledamot</w>
  <w>.</w>
</absapar>
<absapar id=13>
  <w>FREDRIK</w>
  <w>SAWESTÅHL</w>
  <w>(</w>
  <w>M</w>
  <w>)</w>
  <w>.</w>
</absapar>
<absapar id=14>
  <w>ordförande</w>
  <w>Öppna</w>
  <w>Moderater</w>
  <w>–</w>
  <w>Moderaternas</w>
  <w>hbt-nätverk</w>
  <w>.</w>
</absapar>
<absapar id=15>
  <w>JENNY</w>
  <w>EDBERG</w>
  <w>(</w>
  <w>M</w>
  <w>)</w>
  <w>.</w>
</absapar>
<absapar id=16>
  <w>vice</w>
  <w>ordförande</w>
  <w>Öppna</w>
  <w>Moderater</w>
  <w>.</w>
</absapar>
<absapar id=17>
  <w>LUKE</w>
  <w>COOK</w>
  <w>(</w>
  <w>M</w>
  <w>)</w>
  <w>.</w>
</absapar>
<absapar id=18>
  <w>vice</w>
  <w>ordförande</w>
  <w>Öppna</w>
  <w>Moderater</w>
  <w>.</w>
</absapar>
<absapar id=19>
  <w>Redaktör</w>
  <w>:</w>
  <w>Carina</w>
  <w>Stensson</w>
  <w>,</w>
  <w>Biträdande</w>
  <w>redaktör</w>
  <w>:</w>
  <w>Björn</w>
  <w>Jorner</w>
  <w>,</w>
  <w>Mejl</w>
  <w>:</w>
  <w>debatt</w>
  <w>@</w>
  <w>svd.se</w>
  <w>,</w>
  <w>Telefonnummer</w>
  <w>:</w>
  <w>08</w>
  <w>-</w>
  <w>135149</w>
  <w>,</w>
  <w>Twitter</w>
  <w>:</w>
  <w>@</w>
  <w>SvDDebatt</w>
  <w>,</w>
  <w>Facebook</w>
  <w>:</w>
  <w>SvD</w>
  <w>Debatt</w>
  <w>.</w>
</absapar>
</absadoc>
