<absadoc annotators=1 senti=>
<absatitle>
  <w>Läsarnas</w>
  <w>svar</w>
  <w>på</w>
  <w>”</w>
  <w>Psykvård</w>
  <w>?</w>
  <w>Ja</w>
  <w>–</w>
  <w>om</w>
  <w>du</w>
  <w>kan</w>
  <w>betala</w>
  <w>”</w>
  <w>.</w>
</absatitle>
<absapar id=1>
  <w>Min</w>
  <w>dotter</w>
  <w>fick</w>
  <w>aldrig</w>
  <w>rätt</w>
  <w>behandling</w>
  <w>.</w>
</absapar>
<absapar id=2>
  <absaspan id=1>
    <w>Psykvården</w>
  </absaspan>
  <absaspan id=2 senti=2>
    <w>fungerar</w>
    <w>inte</w>
    <w>alls</w>
  </absaspan>
  <w>.</w>
  <w>Min</w>
  <w>dotter</w>
  <w>,</w>
  <absaspan id=3>
    <w>som</w>
  </absaspan>
  <absaspan id=4 senti=2>
    <w>tyvärr</w>
  </absaspan>
  <absaspan id=5>
    <w>dog</w>
    <w>för</w>
    <w>2</w>
    <w>månader</w>
    <w>sedan</w>
  </absaspan>
  <w>,</w>
  <w>blev</w>
  <w>aldrig</w>
  <w>riktigt</w>
  <w>behandlad</w>
  <w>.</w>
  <w>Hon</w>
  <w>blev</w>
  <w>32</w>
  <w>år</w>
  <w>.</w>
  <w>Hon</w>
  <w>fick</w>
  <w>aldrig</w>
  <w>adekvat</w>
  <w>behandling</w>
  <w>fast</w>
  <w>hon</w>
  <w>varit</w>
  <w>sjuk</w>
  <w>(</w>
  <w>manodepressiv</w>
  <w>)</w>
  <w>i</w>
  <w>12</w>
  <w>år</w>
  <w>.</w>
</absapar>
<absapar id=3>
  <w>Läkarna</w>
  <w>gav</w>
  <w>henne</w>
  <w>det</w>
  <w>ena</w>
  <w>preparatet</w>
  <w>fullt</w>
  <w>av</w>
  <w>biverkningar</w>
  <w>efter</w>
  <w>det</w>
  <w>andra</w>
  <w>.</w>
  <w>När</w>
  <w>hon</w>
  <w>frågade</w>
  <w>vilka</w>
  <w>biverkningar</w>
  <w>det</w>
  <w>nya</w>
  <w>preparatet</w>
  <w>hade</w>
  <w>svarade</w>
  <w>läkaren</w>
  <w>”</w>
  <w>bara</w>
  <w>de</w>
  <w>vanliga</w>
  <w>barnsjukdomarna</w>
  <w>”</w>
  <w>.</w>
</absapar>
<absapar id=4>
  <w>ETC</w>
  <w>(</w>
  <w>elchockbehandling</w>
  <w>–</w>
  <w>framkallande</w>
  <w>av</w>
  <w>epileptiska</w>
  <w>anfall</w>
  <w>)</w>
  <w>var</w>
  <w>läkarnas</w>
  <w>alternativ</w>
  <w>,</w>
  <absaspan id=6>
    <w>en</w>
  </absaspan>
  <absaspan id=7>
    <w>metod</w>
  </absaspan>
  <absaspan id=8>
    <w>som</w>
  </absaspan>
  <absaspan id=9 senti=2>
    <w>borde</w>
    <w>förbjudas</w>
  </absaspan>
  <w>.</w>
</absapar>
<absapar id=5>
  <w>Både</w>
  <w>patient</w>
  <w>och</w>
  <w>anhöriga</w>
  <w>känner</w>
  <w>sig</w>
  <w>maktlösa</w>
  <w>.</w>
  <w>Psykisk</w>
  <w>ohälsa</w>
  <w>vid</w>
  <w>unga</w>
  <w>år</w>
  <w>borde</w>
  <w>absolut</w>
  <w>tas</w>
  <w>på</w>
  <w>allvar</w>
  <w>.</w>
  <w>Min</w>
  <w>dotter</w>
  <w>dog</w>
  <w>och</w>
  <w>jag</w>
  <w>känner</w>
  <w>att</w>
  <w>ingen</w>
  <w>tog</w>
  <w>henne</w>
  <w>på</w>
  <w>allvar</w>
  <w>inom</w>
  <w>psykvården</w>
  <w>.</w>
</absapar>
<absapar id=6>
  <w>Ska</w>
  <w>20</w>
  <w>-</w>
  <w>åriga</w>
  <w>barn</w>
  <w>behöva</w>
  <w>ta</w>
  <w>tunga</w>
  <w>mediciner</w>
  <w>,</w>
  <w>finns</w>
  <w>det</w>
  <w>inget</w>
  <w>annat</w>
  <w>alternativ</w>
  <w>?</w>
  <w>.</w>
</absapar>
<absapar id=7>
  <w>Ewa</w>
  <w>Lundqvist</w>
  <w>.</w>
</absapar>
<absapar id=8>
  <w>Privat</w>
  <w>vård</w>
  <w>var</w>
  <w>enda</w>
  <w>utvägen</w>
  <w>för</w>
  <w>mig</w>
  <w>.</w>
</absapar>
<absapar id=9>
  <w>Jag</w>
  <w>tror</w>
  <w>inte</w>
  <w>att</w>
  <w>jag</w>
  <w>hade</w>
  <w>varit</w>
  <w>vid</w>
  <w>liv</w>
  <w>i</w>
  <w>dag</w>
  <w>om</w>
  <w>jag</w>
  <w>hade</w>
  <w>fortsatt</w>
  <w>förlita</w>
  <w>mig</w>
  <w>på</w>
  <w>landstingets</w>
  <absaspan id=10 senti=2>
    <w>”</w>
  </absaspan>
  <absaspan id=11>
    <w>vård</w>
  </absaspan>
  <absaspan id=12 senti=2>
    <w>”</w>
  </absaspan>
  <w>.</w>
</absapar>
<absapar id=10>
  <w>Jag</w>
  <w>har</w>
  <w>den</w>
  <w>ekonomiska</w>
  <w>möjligheten</w>
  <w>att</w>
  <w>vända</w>
  <w>mig</w>
  <w>till</w>
  <w>privata</w>
  <w>alternativ</w>
  <w>,</w>
  <w>och</w>
  <w>jag</w>
  <w>känner</w>
  <w>starkt</w>
  <w>med</w>
  <w>alla</w>
  <w>som</w>
  <w>inte</w>
  <w>har</w>
  <w>det</w>
  <w>.</w>
</absapar>
<absapar id=11>
  <w>Jag</w>
  <w>fick</w>
  <w>min</w>
  <w>första</w>
  <w>panikångestattack</w>
  <w>för</w>
  <w>åtta</w>
  <w>år</w>
  <w>sedan</w>
  <w>och</w>
  <w>utvecklade</w>
  <w>sedan</w>
  <w>ångestsyndrom</w>
  <w>,</w>
  <w>tvångstankar</w>
  <w>och</w>
  <w>blev</w>
  <w>allt</w>
  <w>mer</w>
  <w>isolerad</w>
  <w>.</w>
  <w>Under</w>
  <w>min</w>
  <w>sjukskrivning</w>
  <w>fick</w>
  <w>jag</w>
  <w>träffa</w>
  <w>sju</w>
  <w>olika</w>
  <w>läkare</w>
  <w>på</w>
  <w>psyket</w>
  <w>.</w>
  <w>Att</w>
  <w>följa</w>
  <w>upp</w>
  <w>,</w>
  <w>hålla</w>
  <w>kontakten</w>
  <w>eller</w>
  <w>sätta</w>
  <w>in</w>
  <w>en</w>
  <w>behandling</w>
  <w>var</w>
  <w>helt</w>
  <w>omöjligt</w>
  <w>.</w>
</absapar>
<absapar id=12>
  <w>Efter</w>
  <w>nästan</w>
  <w>fyra</w>
  <w>års</w>
  <w>sjukskrivning</w>
  <w>fick</w>
  <w>jag</w>
  <w>till</w>
  <w>sist</w>
  <w>en</w>
  <w>träff</w>
  <w>på</w>
  <w>Försäkringskassan</w>
  <w>,</w>
  <w>och</w>
  <w>det</w>
  <w>enda</w>
  <w>de</w>
  <w>kunde</w>
  <w>föreslå</w>
  <w>var</w>
  <w>förtidspensionering</w>
  <w>.</w>
</absapar>
<absapar id=13>
  <w>Då</w>
  <w>friskskrev</w>
  <w>jag</w>
  <w>mig</w>
  <w>själv</w>
  <w>.</w>
  <w>Jag</w>
  <w>hittade</w>
  <w>en</w>
  <w>privat</w>
  <w>psykiatriker</w>
  <w>och</w>
  <w>har</w>
  <w>med</w>
  <w>hans</w>
  <w>hjälp</w>
  <w>kunnat</w>
  <w>inleda</w>
  <w>en</w>
  <w>medicinering</w>
  <w>.</w>
  <w>Ett</w>
  <w>besök</w>
  <w>kostar</w>
  <w>1</w>
  <w>200</w>
  <w>kr</w>
  <w>,</w>
  <w>och</w>
  <w>vi</w>
  <w>träffas</w>
  <w>varannan</w>
  <w>månad</w>
  <w>.</w>
  <w>Det</w>
  <absaspan id=13 senti=2>
    <w>är</w>
    <w>tragiskt</w>
  </absaspan>
  <absaspan id=14>
    <w>att</w>
    <w>jag</w>
    <w>bara</w>
    <w>genom</w>
    <w>att</w>
    <w>betala</w>
    <w>privat</w>
    <w>kan</w>
    <w>få</w>
    <w>möjligheten</w>
    <w>till</w>
    <w>en</w>
    <w>fungerande</w>
    <w>kontakt</w>
    <w>med</w>
    <w>en</w>
    <w>läkare</w>
  </absaspan>
  <w>.</w>
</absapar>
<absapar id=14>
  <w>I</w>
  <w>dag</w>
  <w>går</w>
  <w>jag</w>
  <w>dessutom</w>
  <w>i</w>
  <w>privat</w>
  <w>EMDR-terapi</w>
  <w>(</w>
  <w>Eye</w>
  <w>movement</w>
  <w>desensitization</w>
  <w>and</w>
  <w>reprocessing</w>
  <w>)</w>
  <w>,</w>
  <w>men</w>
  <w>besöken</w>
  <w>kostar</w>
  <w>1</w>
  <w>000</w>
  <w>kr</w>
  <w>/</w>
  <w>vecka</w>
  <w>.</w>
</absapar>
<absapar id=15>
  <w>Jag</w>
  <absaspan id=15 senti=4>
    <w>är</w>
    <w>stolt</w>
    <w>över</w>
  </absaspan>
  <absaspan id=16>
    <w>att</w>
    <w>berätta</w>
    <w>att</w>
    <w>jag</w>
    <w>i</w>
    <w>dag</w>
    <w>kunde</w>
    <w>gå</w>
    <w>och</w>
    <w>handla</w>
    <w>själv</w>
    <w>på</w>
    <w>Hemköp</w>
    <w>för</w>
    <w>första</w>
    <w>gången</w>
    <w>på</w>
    <w>fyra</w>
    <w>år</w>
  </absaspan>
  <w>.</w>
</absapar>
<absapar id=16>
  <w>Sara</w>
  <w>,</w>
  <w>34</w>
  <w>,</w>
  <w>Västernorrland</w>
  <w>.</w>
</absapar>
<absapar id=17>
  <w>Psykologhjälp</w>
  <w>kan</w>
  <w>jag</w>
  <w>drömma</w>
  <w>om</w>
  <w>.</w>
</absapar>
<absapar id=18>
  <w>Har</w>
  <w>som</w>
  <w>medelålders</w>
  <w>tappat</w>
  <w>”</w>
  <w>luften</w>
  <w>”</w>
  <w>och</w>
  <w>orken</w>
  <w>av</w>
  <w>arbetslöshet</w>
  <w>och</w>
  <w>skilsmässa</w>
  <w>.</w>
  <w>Har</w>
  <w>gått</w>
  <w>i</w>
  <w>landstingets</w>
  <w>vuxenpsyk</w>
  <w>och</w>
  <w>fått</w>
  <w>mediciner</w>
  <w>som</w>
  <w>förändrat</w>
  <w>min</w>
  <w>personlighet</w>
  <w>till</w>
  <w>det</w>
  <w>sämre</w>
  <w>.</w>
</absapar>
<absapar id=19>
  <w>Nu</w>
  <w>har</w>
  <w>jag</w>
  <w>efter</w>
  <w>drygt</w>
  <w>ett</w>
  <w>år</w>
  <w>fått</w>
  <absaspan id=17 senti=4>
    <w>chansen</w>
  </absaspan>
  <w>,</w>
  <w>genom</w>
  <w>tips</w>
  <w>av</w>
  <w>andra</w>
  <w>”</w>
  <w>sjuka</w>
  <w>”</w>
  <w>,</w>
  <absaspan id=18>
    <w>att</w>
    <w>prova</w>
    <w>kognitiv</w>
    <w>behandling</w>
  </absaspan>
  <w>.</w>
  <absaspan id=19>
    <w>Jag</w>
  </absaspan>
  <absaspan id=20 senti=4>
    <w>hoppas</w>
  </absaspan>
  <absaspan id=21>
    <w>att</w>
    <w>den</w>
    <w>ska</w>
    <w>hjälpa</w>
    <w>mig</w>
    <w>att</w>
    <w>komma</w>
    <w>tillbaka</w>
    <w>till</w>
    <w>livet</w>
    <w>och</w>
    <w>kanske</w>
    <w>arbetslivet</w>
    <w>igen</w>
  </absaspan>
  <w>!</w>
  <w>.</w>
</absapar>
<absapar id=20>
  <w>Psykologhjälp</w>
  <w>kan</w>
  <w>man</w>
  <w>väl</w>
  <w>bara</w>
  <w>drömma</w>
  <w>om</w>
  <w>för</w>
  <w>det</w>
  <w>finns</w>
  <w>ju</w>
  <w>inga</w>
  <w>i</w>
  <w>mitt</w>
  <w>upptagningsområde</w>
  <w>och</w>
  <w>det</w>
  <w>finns</w>
  <w>knappt</w>
  <w>någon</w>
  <w>psykiatridoktor</w>
  <w>heller</w>
  <w>!</w>
  <w>.</w>
</absapar>
<absapar id=21>
  <w>Har</w>
  <w>träffat</w>
  <w>en</w>
  <w>i</w>
  <w>fem</w>
  <w>minuter</w>
  <w>för</w>
  <w>flera</w>
  <w>månader</w>
  <w>sedan</w>
  <w>!</w>
  <w>.</w>
</absapar>
<absapar id=22>
  <w>Peter</w>
  <w>Lidman</w>
  <w>.</w>
</absapar>
<absapar id=23>
  <absaspan id=22>
    <w>Frivillighet</w>
    <w>i</w>
    <w>vården</w>
  </absaspan>
  <absaspan id=23 senti=2>
    <w>fungerar</w>
    <w>inte</w>
  </absaspan>
  <w>.</w>
</absapar>
<absapar id=24>
  <w>Psykvården</w>
  <w>kan</w>
  <w>inte</w>
  <w>vara</w>
  <w>frivillig</w>
  <w>så</w>
  <w>som</w>
  <w>den</w>
  <w>är</w>
  <w>i</w>
  <w>dag</w>
  <w>.</w>
  <w>Alla</w>
  <w>behöver</w>
  <w>inte</w>
  <w>spärras</w>
  <w>in</w>
  <w>,</w>
  <w>men</w>
  <w>alla</w>
  <w>behöver</w>
  <w>vård</w>
  <w>,</w>
  <w>oavsett</w>
  <w>om</w>
  <w>de</w>
  <w>själva</w>
  <w>inser</w>
  <w>det</w>
  <w>eller</w>
  <w>inte</w>
  <w>,</w>
  <w>och</w>
  <w>den</w>
  <w>ska</w>
  <w>ges</w>
  <w>på</w>
  <w>rätt</w>
  <w>sätt</w>
  <w>,</w>
  <w>upprättad</w>
  <w>i</w>
  <w>varje</w>
  <w>enskilt</w>
  <w>fall</w>
  <w>för</w>
  <w>varje</w>
  <w>enskild</w>
  <w>människa</w>
  <w>.</w>
  <w>Vården</w>
  <w>ska</w>
  <w>bestå</w>
  <w>i</w>
  <w>medicinering</w>
  <w>,</w>
  <w>terapi</w>
  <w>,</w>
  <w>hjälp</w>
  <w>med</w>
  <w>ekonomi</w>
  <w>och</w>
  <w>bostad</w>
  <w>och</w>
  <w>eventuellt</w>
  <w>arbete</w>
  <w>och</w>
  <w>därefter</w>
  <w>uppföljning</w>
  <w>,</w>
  <w>uppföljning</w>
  <w>,</w>
  <w>uppföljning</w>
  <w>.</w>
</absapar>
<absapar id=25>
  <w>De</w>
  <w>anhöriga</w>
  <w>ska</w>
  <w>erbjudas</w>
  <w>hjälp</w>
  <w>och</w>
  <w>stöd</w>
  <w>och</w>
  <w>de</w>
  <w>ska</w>
  <w>också</w>
  <w>få</w>
  <w>vara</w>
  <w>delaktiga</w>
  <w>i</w>
  <w>planeringen</w>
  <w>av</w>
  <w>den</w>
  <w>sjukes</w>
  <w>vård</w>
  <w>eftersom</w>
  <w>hela</w>
  <w>familjen</w>
  <w>drabbas</w>
  <w>då</w>
  <w>en</w>
  <w>anhörig</w>
  <w>blir</w>
  <w>svårt</w>
  <w>psykiskt</w>
  <w>sjuk</w>
  <w>.</w>
</absapar>
<absapar id=26>
  <w>Annie</w>
  <w>Krauklis</w>
  <w>,</w>
  <w>anhörig</w>
  <w>.</w>
</absapar>
</absadoc>
