<absadoc annotators=1 senti=>
<absatitle>
  <w>Attackmyggen</w>
  <w>sprider</w>
  <w>sig</w>
  <w>–</w>
  <w>vad</w>
  <w>gör</w>
  <w>miljöministern</w>
  <w>?</w>
  <w>.</w>
</absatitle>
<absapar id=1>
  <w>I</w>
  <w>mer</w>
  <w>än</w>
  <w>ett</w>
  <w>år</w>
  <w>har</w>
  <w>Villaägarna</w>
  <w>väntat</w>
  <w>på</w>
  <w>miljöministerns</w>
  <w>svar</w>
  <w>på</w>
  <w>varför</w>
  <w>utredningen</w>
  <w>dröjer</w>
  <w>om</w>
  <absaspan id=1 senti=2>
    <w>bekämpning</w>
    <w>av</w>
  </absaspan>
  <absaspan id=2>
    <w>attackmygg</w>
  </absaspan>
  <w>.</w>
  <w>Under</w>
  <w>tiden</w>
  <absaspan id=3 senti=2>
    <w>lider</w>
  </absaspan>
  <w>människor</w>
  <w>och</w>
  <w>djur</w>
  <w>och</w>
  <w>myggen</w>
  <w>sprids</w>
  <w>snabbt</w>
  <w>till</w>
  <w>allt</w>
  <w>fler</w>
  <w>kommuner</w>
  <w>,</w>
  <w>skriver</w>
  <w>jurister</w>
  <w>vid</w>
  <w>Villaägarnas</w>
  <w>riksförbund</w>
  <w>.</w>
</absapar>
<absapar id=2>
  <w>Att</w>
  <absaspan id=4>
    <w>bekämpning</w>
    <w>som</w>
    <w>sätts</w>
    <w>in</w>
    <w>i</w>
    <w>rätt</w>
    <w>tid</w>
  </absaspan>
  <absaspan id=5 senti=4>
    <w>hjälper</w>
  </absaspan>
  <w>kan</w>
  <absaspan id=6>
    <w>vi</w>
  </absaspan>
  <w>konstatera</w>
  <w>genom</w>
  <absaspan id=7>
    <w>rapporter</w>
    <w>från</w>
    <w>Österfärnebo</w>
  </absaspan>
  <w>.</w>
  <absaspan id=8 senti=2>
    <w>Hade</w>
  </absaspan>
  <absaspan id=9>
    <w>timingen</w>
  </absaspan>
  <absaspan id=10 senti=2>
    <w>blivit</w>
  </absaspan>
  <absaspan id=11 senti=2>
    <w>fel</w>
  </absaspan>
  <w>i</w>
  <w>Österfärnebo</w>
  <w>,</w>
  <w>skulle</w>
  <w>man</w>
  <w>förmodligen</w>
  <w>ha</w>
  <w>haft</w>
  <w>liknande</w>
  <absaspan id=12 senti=2>
    <w>problem</w>
    <w>med</w>
  </absaspan>
  <absaspan id=13>
    <w>myggen</w>
  </absaspan>
  <w>där</w>
  <w>som</w>
  <w>i</w>
  <w>Deje.Ulf</w>
  <w>StenbergMadeleine</w>
  <w>Arvidsson</w>
  <w>Wäli</w>
  <absaspan id=14>
    <w>.</w>
  </absaspan>
</absapar>
<absapar id=3>
  <w>Det</w>
  <w>här</w>
  <w>är</w>
  <w>en</w>
  <w>argumenterande</w>
  <w>text</w>
  <w>med</w>
  <w>syfte</w>
  <w>att</w>
  <w>påverka</w>
  <w>.</w>
  <w>Åsikterna</w>
  <w>som</w>
  <w>uttrycks</w>
  <w>är</w>
  <w>skribentens</w>
  <w>egna</w>
  <w>.</w>
</absapar>
<absapar id=4>
  <absaspan id=15>
    <w>Attackmyggan</w>
    <w>eller</w>
    <w>översvämningsmyggan</w>
  </absaspan>
  <absaspan id=16 senti=2>
    <w>är</w>
    <w>mycket</w>
    <w>ettrigare</w>
  </absaspan>
  <absaspan id=17>
    <w>än</w>
    <w>vanliga</w>
    <w>skogsmygg</w>
  </absaspan>
  <w>och</w>
  <w>anfaller</w>
  <w>i</w>
  <w>horder</w>
  <w>,</w>
  <w>när</w>
  <w>som</w>
  <w>helst</w>
  <w>på</w>
  <w>dagen</w>
  <w>.</w>
  <w>De</w>
  <w>småhusägare</w>
  <w>och</w>
  <w>andra</w>
  <w>som</w>
  <w>bor</w>
  <w>i</w>
  <w>områden</w>
  <w>där</w>
  <w>attackmyggan</w>
  <w>finns</w>
  <w>,</w>
  <w>har</w>
  <w>många</w>
  <w>gånger</w>
  <w>svårt</w>
  <w>att</w>
  <w>överhuvudtaget</w>
  <w>vistas</w>
  <w>utomhus</w>
  <w>.</w>
  <absaspan id=18>
    <w>Svärmar</w>
    <w>av</w>
    <w>översvämningsmyggor</w>
  </absaspan>
  <absaspan id=19 senti=1>
    <w>gör</w>
    <w>tillvaron</w>
    <w>omöjlig</w>
  </absaspan>
  <w>.</w>
</absapar>
<absapar id=5>
  <w>*</w>
  <w>*</w>
  <w>Villaägarnas</w>
  <w>riksförbund</w>
  <w>har</w>
  <w>*</w>
  <w>*</w>
  <w>genom</w>
  <w>nyhetsbrev</w>
  <w>och</w>
  <w>efterlysningar</w>
  <w>kunnat</w>
  <w>konstatera</w>
  <w>att</w>
  <w>det</w>
  <w>förra</w>
  <w>året</w>
  <w>fanns</w>
  <w>översvämningsmyggor</w>
  <w>i</w>
  <w>17</w>
  <w>av</w>
  <w>landets</w>
  <w>kommuner</w>
  <w>.</w>
  <w>Sedan</w>
  <w>dess</w>
  <w>har</w>
  <w>antalet</w>
  <w>kommuner</w>
  <w>med</w>
  <w>dessa</w>
  <w>mygg</w>
  <w>ökat</w>
  <w>med</w>
  <w>över</w>
  <w>40</w>
  <w>procent</w>
  <w>till</w>
  <w>24</w>
  <w>stycken</w>
  <w>,</w>
  <w>men</w>
  <w>mörkertalet</w>
  <w>är</w>
  <w>förmodligen</w>
  <w>stort</w>
  <w>.</w>
  <w>Nästa</w>
  <w>år</w>
  <absaspan id=20 senti=1>
    <w>lär</w>
  </absaspan>
  <absaspan id=21>
    <w>det</w>
  </absaspan>
  <absaspan id=22 senti=1>
    <w>bli</w>
  </absaspan>
  <absaspan id=23 senti=1>
    <w>ännu</w>
    <w>värre</w>
  </absaspan>
  <w>,</w>
  <w>eftersom</w>
  <w>attackmyggorna</w>
  <w>kan</w>
  <w>röra</w>
  <w>sig</w>
  <w>över</w>
  <w>stora</w>
  <w>områden</w>
  <w>och</w>
  <w>lätt</w>
  <w>sprids</w>
  <w>.</w>
</absapar>
<absapar id=6>
  <w>I</w>
  <w>över</w>
  <w>ett</w>
  <w>år</w>
  <w>har</w>
  <w>Villaägarna</w>
  <w>väntat</w>
  <w>på</w>
  <w>att</w>
  <w>miljöminister</w>
  <w>Lena</w>
  <w>Ek</w>
  <w>ska</w>
  <w>svara</w>
  <w>på</w>
  <w>varför</w>
  <w>utredningen</w>
  <w>om</w>
  <w>bekämpning</w>
  <w>av</w>
  <w>mygg</w>
  <w>dröjer</w>
  <w>.</w>
  <w>Under</w>
  <w>tiden</w>
  <absaspan id=24 senti=2>
    <w>lider</w>
    <w>de</w>
    <w>drabbade</w>
  </absaspan>
  <w>runt</w>
  <w>om</w>
  <w>i</w>
  <w>landet</w>
  <w>.</w>
</absapar>
<absapar id=7>
  <w>*</w>
  <w>*</w>
  <w>Ett</w>
  <w>exempel</w>
  <w>på</w>
  <absaspan id=25 senti=2>
    <w>drabbad</w>
  </absaspan>
  <w>ort</w>
  <w>*</w>
  <w>*</w>
  <w>är</w>
  <w>Deje</w>
  <w>i</w>
  <w>Värmland</w>
  <w>.</w>
  <w>Där</w>
  <w>fick</w>
  <w>man</w>
  <w>visserligen</w>
  <w>lov</w>
  <w>av</w>
  <w>Naturvårdsverket</w>
  <w>att</w>
  <w>under</w>
  <w>våren</w>
  <w>2014</w>
  <absaspan id=26 senti=2>
    <w>bekämpa</w>
  </absaspan>
  <absaspan id=27>
    <w>myggorna</w>
  </absaspan>
  <w>i</w>
  <w>större</w>
  <w>omfattning</w>
  <w>vid</w>
  <w>ett</w>
  <w>tillfälle</w>
  <w>.</w>
  <w>Men</w>
  <absaspan id=28>
    <w>beslutet</w>
  </absaspan>
  <absaspan id=29 senti=2>
    <w>kom</w>
    <w>för</w>
    <w>sent</w>
  </absaspan>
  <w>.</w>
  <absaspan id=30 senti=2>
    <w>Tyvärr</w>
  </absaspan>
  <absaspan id=31>
    <w>fick</w>
    <w>man</w>
    <w>inte</w>
  </absaspan>
  <absaspan id=32 senti=2>
    <w>bekämpa</w>
  </absaspan>
  <absaspan id=33>
    <w>när</w>
    <w>det</w>
    <w>behövdes</w>
    <w>som</w>
    <w>mest</w>
  </absaspan>
  <w>i</w>
  <w>slutet</w>
  <w>av</w>
  <w>maj</w>
  <w>,</w>
  <w>utan</w>
  <w>bekämpningen</w>
  <w>fick</w>
  <w>ske</w>
  <w>först</w>
  <w>efter</w>
  <w>den</w>
  <w>1</w>
  <w>juni</w>
  <w>.</w>
  <w>Resultatet</w>
  <w>har</w>
  <w>blivit</w>
  <w>att</w>
  <absaspan id=34>
    <w>många</w>
    <w>boende</w>
    <w>i</w>
    <w>Deje</w>
  </absaspan>
  <w>nu</w>
  <absaspan id=35 senti=2>
    <w>flyr</w>
  </absaspan>
  <absaspan id=36>
    <w>området</w>
  </absaspan>
  <w>.</w>
  <w>Barn</w>
  <w>och</w>
  <w>djur</w>
  <w>kan</w>
  <w>behöva</w>
  <w>hållas</w>
  <w>inomhus</w>
  <w>.</w>
</absapar>
<absapar id=8>
  <w>Att</w>
  <absaspan id=37>
    <w>bekämpning</w>
    <w>som</w>
    <w>sätts</w>
    <w>in</w>
    <w>i</w>
    <w>rätt</w>
    <w>tid</w>
  </absaspan>
  <absaspan id=38 senti=4>
    <w>hjälper</w>
  </absaspan>
  <w>kan</w>
  <absaspan id=39>
    <w>vi</w>
  </absaspan>
  <w>konstatera</w>
  <w>genom</w>
  <absaspan id=40>
    <w>rapporter</w>
    <w>från</w>
    <w>Österfärnebo</w>
  </absaspan>
  <w>.</w>
  <absaspan id=41 senti=2>
    <w>Hade</w>
  </absaspan>
  <absaspan id=42>
    <w>timingen</w>
  </absaspan>
  <absaspan id=43 senti=2>
    <w>blivit</w>
  </absaspan>
  <absaspan id=44 senti=2>
    <w>fel</w>
  </absaspan>
  <w>i</w>
  <w>Österfärnebo</w>
  <w>,</w>
  <w>skulle</w>
  <w>man</w>
  <w>förmodligen</w>
  <w>ha</w>
  <w>haft</w>
  <w>liknande</w>
  <absaspan id=45 senti=2>
    <w>problem</w>
    <w>med</w>
  </absaspan>
  <absaspan id=46>
    <w>myggen</w>
  </absaspan>
  <w>där</w>
  <w>som</w>
  <w>i</w>
  <w>Deje</w>
  <absaspan id=47>
    <w>.</w>
  </absaspan>
</absapar>
<absapar id=9>
  <w>*</w>
  <w>*</w>
  <absaspan id=48>
    <w>Attackmyggor</w>
    <w>som</w>
    <w>får</w>
    <w>härja</w>
    <w>fritt</w>
  </absaspan>
  <w>,</w>
  <w>*</w>
  <w>*</w>
  <absaspan id=49 senti=2>
    <w>innebär</w>
  </absaspan>
  <w>förutom</w>
  <absaspan id=50 senti=2>
    <w>risk</w>
  </absaspan>
  <absaspan id=51 senti=2>
    <w>för</w>
  </absaspan>
  <absaspan id=52>
    <w>minskade</w>
    <w>fastighetspriser</w>
  </absaspan>
  <w>,</w>
  <w>även</w>
  <w>att</w>
  <w>det</w>
  <w>blir</w>
  <w>omöjligt</w>
  <w>att</w>
  <w>använda</w>
  <w>trädgården</w>
  <w>och</w>
  <w>att</w>
  <w>man</w>
  <w>måste</w>
  <w>använda</w>
  <w>stora</w>
  <w>summor</w>
  <w>pengar</w>
  <w>för</w>
  <w>egen</w>
  <w>del</w>
  <w>på</w>
  <w>lokal</w>
  <w>myggbekämpning</w>
  <w>.</w>
  <w>Det</w>
  <w>finns</w>
  <w>även</w>
  <absaspan id=53>
    <w>rent</w>
    <w>medicinska</w>
  </absaspan>
  <absaspan id=54 senti=2>
    <w>problem</w>
    <w>med</w>
  </absaspan>
  <absaspan id=55>
    <w>myggen</w>
  </absaspan>
  <w>.</w>
  <absaspan id=56>
    <w>Attackmyggorna</w>
  </absaspan>
  <absaspan id=57 senti=2>
    <w>kan</w>
    <w>sprida</w>
    <w>ett</w>
    <w>flertal</w>
    <w>olika</w>
    <w>sjukdomar</w>
  </absaspan>
  <absaspan id=58>
    <w>.</w>
  </absaspan>
  <absaspan id=59 senti=2>
    <w>Risken</w>
    <w>för</w>
  </absaspan>
  <absaspan id=60>
    <w>detta</w>
  </absaspan>
  <w>är</w>
  <w>högre</w>
  <w>,</w>
  <w>då</w>
  <w>attackmyggorna</w>
  <w>sticker</w>
  <w>sina</w>
  <w>offer</w>
  <w>flera</w>
  <w>gånger</w>
  <w>till</w>
  <w>skillnad</w>
  <w>från</w>
  <w>vanliga</w>
  <w>skogsmyggor</w>
  <w>.</w>
  <absaspan id=61 senti=2>
    <w>Ockelbosjukan</w>
    <w>och</w>
    <w>harpest</w>
    <w>sprids</w>
  </absaspan>
  <w>med</w>
  <absaspan id=62>
    <w>attackmyggor</w>
  </absaspan>
  <w>i</w>
  <w>Sverige</w>
  <w>.</w>
  <absaspan id=63 senti=2>
    <w>Det</w>
    <w>befaras</w>
  </absaspan>
  <w>också</w>
  <absaspan id=64>
    <w>att</w>
  </absaspan>
  <absaspan id=65>
    <w>attackmyggorna</w>
  </absaspan>
  <absaspan id=66 senti=2>
    <w>kan</w>
    <w>komma</w>
    <w>att</w>
    <w>sprida</w>
    <w>West</w>
    <w>Nile-feber</w>
  </absaspan>
  <w>,</w>
  <w>som</w>
  <w>förekommer</w>
  <w>i</w>
  <w>attackmyggans</w>
  <w>utbredningsområde</w>
  <w>i</w>
  <w>andra</w>
  <w>länder</w>
  <w>i</w>
  <w>Europa</w>
  <absaspan id=67>
    <w>.</w>
  </absaspan>
</absapar>
<absapar id=10>
  <w>*</w>
  <w>*</w>
  <w>För</w>
  <w>att</w>
  <w>komma</w>
  <w>till</w>
  <w>rätta</w>
  <w>*</w>
  <w>*</w>
  <w>med</w>
  <w>attackmyggorna</w>
  <w>,</w>
  <w>kräver</w>
  <w>Villaägarnas</w>
  <w>riksförbund</w>
  <w>att</w>
  <absaspan id=68 senti=2>
    <w>drabbade</w>
  </absaspan>
  <w>områden</w>
  <w>snarast</w>
  <w>får</w>
  <w>rullande</w>
  <w>tillstånd</w>
  <w>för</w>
  <w>myggbekämpning</w>
  <w>.</w>
  <absaspan id=69 senti=2>
    <w>Snart</w>
    <w>kan</w>
    <w>det</w>
  </absaspan>
  <w>emellertid</w>
  <absaspan id=70 senti=2>
    <w>vara</w>
  </absaspan>
  <absaspan id=71 senti=2>
    <w>för</w>
    <w>sent</w>
  </absaspan>
  <w>,</w>
  <w>då</w>
  <w>attackmyggan</w>
  <w>sprider</w>
  <w>sig</w>
  <w>från</w>
  <w>kommun</w>
  <w>till</w>
  <w>kommun</w>
  <w>och</w>
  <w>får</w>
  <w>ett</w>
  <w>allt</w>
  <w>starkare</w>
  <w>fäste</w>
  <w>i</w>
  <w>landet</w>
  <w>.</w>
  <absaspan id=72 senti=4>
    <w>Det</w>
    <w>är</w>
  </absaspan>
  <w>därför</w>
  <absaspan id=73 senti=4>
    <w>dags</w>
  </absaspan>
  <absaspan id=74>
    <w>för</w>
    <w>miljöministern</w>
    <w>och</w>
    <w>Naturvårdsverket</w>
    <w>att</w>
    <w>presentera</w>
    <w>hur</w>
    <w>man</w>
    <w>ska</w>
    <w>komma</w>
    <w>till</w>
    <w>rätta</w>
    <w>med</w>
    <w>attackmyggan</w>
  </absaspan>
  <w>.</w>
</absapar>
<absapar id=11>
  <w>ULF</w>
  <w>STENBERG</w>
  <w>.</w>
</absapar>
<absapar id=12>
  <w>chefsjuristVillaägarnas</w>
  <w>riksförbund</w>
  <w>.</w>
</absapar>
<absapar id=13>
  <w>MADELEINE</w>
  <w>ARVIDSSON</w>
  <w>WÄLI</w>
  <w>.</w>
</absapar>
<absapar id=14>
  <w>boendemiljöjurist</w>
  <w>.</w>
</absapar>
<absapar id=15>
  <w>Villaägarnas</w>
  <w>riksförbund</w>
  <w>.</w>
</absapar>
<absapar id=16>
  <w>Redaktör</w>
  <w>:</w>
  <w>Carina</w>
  <w>Stensson</w>
  <w>,</w>
  <w>Biträdande</w>
  <w>redaktör</w>
  <w>:</w>
  <w>Björn</w>
  <w>Jorner</w>
  <w>,</w>
  <w>Mejl</w>
  <w>:</w>
  <w>debatt</w>
  <w>@</w>
  <w>svd.se</w>
  <w>,</w>
  <w>Telefonnummer</w>
  <w>:</w>
  <w>08</w>
  <w>-</w>
  <w>135149</w>
  <w>,</w>
  <w>Twitter</w>
  <w>:</w>
  <w>@</w>
  <w>SvDDebatt</w>
  <w>,</w>
  <w>Facebook</w>
  <w>:</w>
  <w>SvD</w>
  <w>Debatt</w>
  <w>.</w>
</absapar>
</absadoc>
