<absadoc annotators=1 senti=>
<absatitle>
  <w>Påtryckningar</w>
  <absaspan id=1 senti=4 target=2>
    <w>riskerar</w>
  </absaspan>
  <absaspan id=2 senti=4>
    <w>urholka</w>
  </absaspan>
  <absaspan id=3 senti=4>
    <w>FN-uppdrag</w>
  </absaspan>
  <w>.</w>
</absatitle>
<absapar id=1>
  <w>I</w>
  <w>morgon</w>
  <w>,</w>
  <w>fredag</w>
  <w>,</w>
  <w>publiceras</w>
  <absaspan id=4>
    <w>en</w>
    <w>rapport</w>
    <w>om</w>
    <w>kringet</w>
    <w>i</w>
    <w>Kongo</w>
    <w>där</w>
    <w>Rwanda</w>
    <w>har</w>
    <w>begärt</w>
    <w>att</w>
    <w>få</w>
    <w>göra</w>
    <w>kompletteringar</w>
  </absaspan>
  <w>.</w>
  <w>Det</w>
  <absaspan id=5 senti=2>
    <w>riskerar</w>
  </absaspan>
  <absaspan id=6 senti=2>
    <w>att</w>
    <w>ge</w>
    <w>auktoritära</w>
    <w>regimer</w>
    <w>en</w>
    <w>signal</w>
    <w>om</w>
    <w>att</w>
    <w>mänskliga</w>
    <w>rättigheter</w>
    <w>är</w>
    <w>förhandlingsbart</w>
  </absaspan>
  <w>,</w>
  <w>skriver</w>
  <w>svenska</w>
  <w>FN-förbundets</w>
  <w>ordförande</w>
  <w>Aleksander</w>
  <w>Gabelic</w>
  <w>.</w>
</absapar>
<absapar id=2>
  <w>I</w>
  <w>morgon</w>
  <w>publiceras</w>
  <w>,</w>
  <w>efter</w>
  <w>ett</w>
  <w>års</w>
  <w>dröjsmål</w>
  <w>,</w>
  <w>en</w>
  <w>FN-rapport</w>
  <w>som</w>
  <w>kartlägger</w>
  <w>grova</w>
  <w>människorättskränkningar</w>
  <w>under</w>
  <w>krigen</w>
  <w>i</w>
  <w>Demokratiska</w>
  <w>republiken</w>
  <w>Kongo</w>
  <w>mellan</w>
  <w>1993</w>
  <w>och</w>
  <w>2003</w>
  <w>.</w>
  <w>FN-kontoret</w>
  <w>för</w>
  <w>mänskliga</w>
  <w>rättigheter</w>
  <w>i</w>
  <w>Genève</w>
  <w>redogör</w>
  <w>,</w>
  <w>tillsammans</w>
  <w>med</w>
  <w>andra</w>
  <w>FN-organisationer</w>
  <w>och</w>
  <w>med</w>
  <w>stöd</w>
  <w>av</w>
  <w>bland</w>
  <w>andra</w>
  <w>Sverige</w>
  <w>,</w>
  <w>för</w>
  <w>grova</w>
  <w>övergrepp</w>
  <w>som</w>
  <w>mord</w>
  <w>,</w>
  <w>våldtäkt</w>
  <w>och</w>
  <w>tortyr</w>
  <w>.</w>
  <w>Offren</w>
  <w>kan</w>
  <w>räknas</w>
  <w>i</w>
  <w>tiotusental</w>
  <w>och</w>
  <w>mörkertalet</w>
  <w>är</w>
  <w>sannolikt</w>
  <w>stort</w>
  <w>.</w>
  <w>Kartläggningen</w>
  <w>ligger</w>
  <w>till</w>
  <w>grund</w>
  <w>för</w>
  <w>förslag</w>
  <w>på</w>
  <w>hur</w>
  <w>FN</w>
  <w>och</w>
  <w>omvärlden</w>
  <w>ska</w>
  <w>stödja</w>
  <w>den</w>
  <w>kongolesiska</w>
  <w>regeringen</w>
  <w>och</w>
  <w>de</w>
  <w>rättsvårdande</w>
  <w>myndigheterna</w>
  <w>i</w>
  <w>landet</w>
  <w>.</w>
  <absaspan id=7 senti=4>
    <w>Målet</w>
    <w>är</w>
  </absaspan>
  <absaspan id=8>
    <w>att</w>
    <w>få</w>
    <w>ett</w>
    <w>slut</w>
    <w>på</w>
    <w>den</w>
    <w>straffrihet</w>
    <w>som</w>
    <w>har</w>
    <w>präglat</w>
    <w>DR</w>
    <w>Kongo</w>
    <w>under</w>
    <w>många</w>
    <w>år</w>
  </absaspan>
  <w>.</w>
</absapar>
<absapar id=3>
  <w>Det</w>
  <w>här</w>
  <w>är</w>
  <w>en</w>
  <w>argumenterande</w>
  <w>text</w>
  <w>med</w>
  <w>syfte</w>
  <w>att</w>
  <w>påverka</w>
  <w>.</w>
  <w>Åsikterna</w>
  <w>som</w>
  <w>uttrycks</w>
  <w>är</w>
  <w>skribentens</w>
  <w>egna</w>
  <w>.</w>
</absapar>
<absapar id=4>
  <absaspan id=9>
    <w>Nittonhundratalets</w>
    <w>sista</w>
    <w>decennium</w>
  </absaspan>
  <absaspan id=10 senti=2>
    <w>var</w>
    <w>ett</w>
    <w>svart</w>
    <w>kapitel</w>
    <w>i</w>
    <w>mänsklighetens</w>
    <w>och</w>
    <w>Förenta</w>
    <w>Nationernas</w>
    <w>historia</w>
  </absaspan>
  <w>.</w>
  <absaspan id=11>
    <w>Världens</w>
    <w>länder</w>
  </absaspan>
  <absaspan id=12 senti=2>
    <w>misslyckades</w>
    <w>flera</w>
    <w>gånger</w>
    <w>att</w>
    <w>stoppa</w>
    <w>folkmord</w>
    <w>och</w>
    <w>brott</w>
    <w>mot</w>
    <w>internationell</w>
    <w>rätt</w>
  </absaspan>
  <w>.</w>
  <w>Resultatet</w>
  <w>känner</w>
  <w>vi</w>
  <w>alltför</w>
  <w>väl</w>
  <w>:</w>
  <w>miljoner</w>
  <w>människor</w>
  <w>dödades</w>
  <w>i</w>
  <w>bland</w>
  <w>annat</w>
  <w>Demokratiska</w>
  <w>republiken</w>
  <w>Kongo</w>
  <w>,</w>
  <w>Rwanda</w>
  <w>och</w>
  <w>på</w>
  <w>Balkan</w>
  <w>.</w>
</absapar>
<absapar id=5>
  <w>Efter</w>
  <w>1990</w>
  <w>-</w>
  <w>talet</w>
  <w>har</w>
  <w>försök</w>
  <w>gjorts</w>
  <w>att</w>
  <w>hitta</w>
  <w>vägar</w>
  <w>att</w>
  <w>förhindra</w>
  <w>nya</w>
  <w>tragedier</w>
  <w>.</w>
  <w>Den</w>
  <w>folkrättsliga</w>
  <w>principen</w>
  <w>skyldighet</w>
  <w>att</w>
  <w>skydda</w>
  <w>som</w>
  <w>antogs</w>
  <w>vid</w>
  <w>FN-toppmötet</w>
  <w>i</w>
  <w>New</w>
  <w>York</w>
  <w>2005</w>
  <w>innebär</w>
  <w>att</w>
  <w>varje</w>
  <w>stat</w>
  <w>har</w>
  <w>en</w>
  <w>skyldighet</w>
  <w>att</w>
  <w>skydda</w>
  <w>civilbefolkningen</w>
  <w>från</w>
  <w>folkmord</w>
  <w>,</w>
  <w>etnisk</w>
  <w>rensning</w>
  <w>,</w>
  <w>krigsförbrytelser</w>
  <w>och</w>
  <w>brott</w>
  <w>mot</w>
  <w>mänskligheten</w>
  <w>.</w>
  <w>Om</w>
  <w>en</w>
  <w>stat</w>
  <w>inte</w>
  <w>kan</w>
  <w>ge</w>
  <w>detta</w>
  <w>skydd</w>
  <w>,</w>
  <w>eller</w>
  <w>själv</w>
  <w>begår</w>
  <w>övergreppen</w>
  <w>,</w>
  <w>övergår</w>
  <w>skyldigheten</w>
  <w>att</w>
  <w>skydda</w>
  <w>de</w>
  <w>civila</w>
  <w>på</w>
  <w>världssamfundet</w>
  <w>efter</w>
  <w>beslut</w>
  <w>i</w>
  <w>FN</w>
  <w>:</w>
  <w>s</w>
  <w>säkerhetsråd</w>
  <w>.</w>
  <w>Principen</w>
  <w>omvandlas</w>
  <w>sakta</w>
  <w>från</w>
  <w>norm</w>
  <w>till</w>
  <w>verklighet</w>
  <w>,</w>
  <w>men</w>
  <w>motsättningar</w>
  <w>kvarstår</w>
  <w>mellan</w>
  <absaspan id=13>
    <w>dem</w>
  </absaspan>
  <w>som</w>
  <absaspan id=14 senti=4>
    <w>vill</w>
  </absaspan>
  <absaspan id=15>
    <w>att</w>
    <w>FN</w>
    <w>ska</w>
    <w>intervenera</w>
    <w>mer</w>
    <w>i</w>
    <w>det</w>
    <w>som</w>
    <w>förr</w>
    <w>sågs</w>
    <w>som</w>
    <w>interna</w>
    <w>konflikter</w>
  </absaspan>
  <w>och</w>
  <absaspan id=16>
    <w>de</w>
  </absaspan>
  <w>som</w>
  <absaspan id=17 senti=4>
    <w>håller</w>
    <w>fast</w>
    <w>vid</w>
  </absaspan>
  <absaspan id=18>
    <w>varje</w>
    <w>stats</w>
    <w>okränkbara</w>
    <w>suveränitet</w>
  </absaspan>
  <w>.</w>
</absapar>
<absapar id=6>
  <w>I</w>
  <w>väntan</w>
  <w>på</w>
  <w>större</w>
  <w>samsyn</w>
  <w>mellan</w>
  <w>medlemsländerna</w>
  <w>har</w>
  <w>FN-systemet</w>
  <w>gått</w>
  <w>vidare</w>
  <w>för</w>
  <w>att</w>
  <w>ge</w>
  <w>sitt</w>
  <w>bidrag</w>
  <w>till</w>
  <w>en</w>
  <w>mer</w>
  <w>fredlig</w>
  <w>värld</w>
  <w>.</w>
  <w>Internationella</w>
  <w>brottmålsdomstolen</w>
  <w>och</w>
  <w>nationella</w>
  <w>tribunaler</w>
  <w>har</w>
  <w>satts</w>
  <w>upp</w>
  <w>med</w>
  <w>FN</w>
  <w>:</w>
  <w>s</w>
  <w>stöd</w>
  <w>för</w>
  <w>att</w>
  <w>skipa</w>
  <w>rättvisa</w>
  <w>efter</w>
  <w>konflikter</w>
  <w>och</w>
  <w>folkrättsövergrepp</w>
  <w>.</w>
  <absaspan id=19>
    <w>Tribunalerna</w>
  </absaspan>
  <absaspan id=20 senti=4>
    <w>har</w>
    <w>bidragit</w>
    <w>till</w>
    <w>försoning</w>
    <w>och</w>
    <w>att</w>
    <w>såväl</w>
    <w>länder</w>
    <w>som</w>
    <w>människor</w>
    <w>har</w>
    <w>kunnat</w>
    <w>gå</w>
    <w>vidare</w>
    <w>efter</w>
    <w>konflikter</w>
  </absaspan>
  <w>.</w>
</absapar>
<absapar id=7>
  <absaspan id=21 senti=4>
    <w>En</w>
    <w>nyckelroll</w>
    <w>har</w>
  </absaspan>
  <absaspan id=22>
    <w>FN</w>
    <w>:</w>
    <w>s</w>
    <w>eget</w>
    <w>människorättsarbete</w>
  </absaspan>
  <w>.</w>
  <w>Det</w>
  <w>bygger</w>
  <w>på</w>
  <w>dels</w>
  <w>staternas</w>
  <w>egen</w>
  <w>medverkan</w>
  <w>,</w>
  <w>dels</w>
  <w>de</w>
  <w>rapporter</w>
  <w>som</w>
  <w>FN</w>
  <w>samlar</w>
  <w>in</w>
  <w>från</w>
  <w>egna</w>
  <w>experter</w>
  <w>och</w>
  <w>andra</w>
  <w>oberoende</w>
  <w>källor</w>
  <w>.</w>
  <w>Till</w>
  <w>dessa</w>
  <w>hör</w>
  <w>bland</w>
  <w>annat</w>
  <absaspan id=23>
    <w>frivilligorganisationer</w>
  </absaspan>
  <w>som</w>
  <absaspan id=24 senti=4>
    <w>ger</w>
    <w>en</w>
    <w>kompletterande</w>
    <w>bild</w>
    <w>av</w>
    <w>hur</w>
    <w>länderna</w>
    <w>efterlever</w>
    <w>kraven</w>
    <w>i</w>
    <w>de</w>
    <w>olika</w>
    <w>människorättskonventionerna</w>
  </absaspan>
  <w>.</w>
</absapar>
<absapar id=8>
  <absaspan id=25 senti=2>
    <w>Dessvärre</w>
  </absaspan>
  <absaspan id=26>
    <w>försöker</w>
    <w>vissa</w>
    <w>medlemsländer</w>
    <w>nu</w>
    <w>i</w>
    <w>ökande</w>
    <w>grad</w>
    <w>påverka</w>
    <w>FN</w>
    <w>:</w>
    <w>s</w>
    <w>människorättsarbete</w>
  </absaspan>
  <absaspan id=27 senti=2>
    <w>i</w>
    <w>syfte</w>
    <w>att</w>
    <w>mildra</w>
    <w>eller</w>
    <w>hindra</w>
    <w>kritik</w>
    <w>mot</w>
    <w>människorättsbrott</w>
  </absaspan>
  <w>.</w>
  <w>FN</w>
  <w>:</w>
  <w>s</w>
  <w>landrapportörer</w>
  <w>för</w>
  <w>Kuba</w>
  <w>och</w>
  <w>Vitryssland</w>
  <w>har</w>
  <w>avskaffats</w>
  <w>och</w>
  <w>specialrapportörernas</w>
  <w>arbete</w>
  <w>försvåras</w>
  <w>.</w>
  <absaspan id=28>
    <w>FN-rådet</w>
    <w>för</w>
    <w>mänskliga</w>
    <w>rättigheter</w>
  </absaspan>
  <absaspan id=29 senti=3>
    <w>har</w>
    <w>ännu</w>
    <w>inte</w>
    <w>inneburit</w>
    <w>det</w>
    <w>genombrott</w>
    <w>för</w>
    <w>MR-arbetet</w>
    <w>som</w>
    <w>många</w>
    <w>hoppades</w>
  </absaspan>
  <w>.</w>
</absapar>
<absapar id=9>
  <w>Skräddarsydda</w>
  <w>kurser</w>
  <w>i</w>
  <w>ämnen</w>
  <w>som</w>
  <w>intresserar</w>
  <w>och</w>
  <w>engagerar</w>
  <w>både</w>
  <w>kropp</w>
  <w>och</w>
  <w>själ</w>
  <w>.</w>
</absapar>
<absapar id=10>
  <absaspan id=30>
    <w>FN-rapporten</w>
    <w>om</w>
    <w>DR</w>
    <w>Kongo</w>
  </absaspan>
  <w>har</w>
  <w>läckt</w>
  <w>ut</w>
  <w>i</w>
  <w>en</w>
  <w>tidig</w>
  <w>version</w>
  <w>.</w>
  <absaspan id=31>
    <w>Grannlandet</w>
    <w>Rwanda</w>
  </absaspan>
  <w>,</w>
  <w>som</w>
  <w>har</w>
  <w>varit</w>
  <w>involverat</w>
  <w>i</w>
  <w>stridigheterna</w>
  <w>i</w>
  <w>Kongo</w>
  <w>,</w>
  <absaspan id=32 senti=2>
    <w>har</w>
    <w>reagerat</w>
    <w>starkt</w>
  </absaspan>
  <w>och</w>
  <w>hotat</w>
  <w>att</w>
  <w>dra</w>
  <w>tillbaka</w>
  <w>sitt</w>
  <w>stöd</w>
  <w>till</w>
  <w>FN-insatsen</w>
  <w>i</w>
  <w>Sudan</w>
  <w>om</w>
  <w>FN-rapporten</w>
  <w>offentliggörs</w>
  <w>i</w>
  <w>sin</w>
  <w>nuvarande</w>
  <w>form</w>
  <w>.</w>
  <w>Som</w>
  <w>ett</w>
  <w>kompromissförslag</w>
  <w>har</w>
  <w>FN</w>
  <w>:</w>
  <w>s</w>
  <w>människorättskommissarie</w>
  <w>Navi</w>
  <w>Pillay</w>
  <w>inbjudit</w>
  <w>den</w>
  <w>rwandiska</w>
  <w>regeringen</w>
  <w>att</w>
  <w>ge</w>
  <w>sin</w>
  <w>syn</w>
  <w>på</w>
  <w>händelserna</w>
  <w>.</w>
  <w>Det</w>
  <w>är</w>
  <w>ännu</w>
  <w>oklart</w>
  <w>vilken</w>
  <w>version</w>
  <w>av</w>
  <w>rapporten</w>
  <w>som</w>
  <w>kommer</w>
  <w>att</w>
  <w>presenteras</w>
  <w>på</w>
  <w>fredagen</w>
  <w>.</w>
</absapar>
<absapar id=11>
  <w>Om</w>
  <w>FN</w>
  <w>ska</w>
  <w>kunna</w>
  <w>granska</w>
  <w>efterlevnaden</w>
  <w>av</w>
  <w>mänskliga</w>
  <w>rättigheter</w>
  <absaspan id=33 senti=4>
    <w>är</w>
  </absaspan>
  <w>det</w>
  <absaspan id=34 senti=4>
    <w>avgörande</w>
  </absaspan>
  <absaspan id=35>
    <w>att</w>
    <w>världsorganisationen</w>
    <w>får</w>
    <w>sköta</w>
    <w>sitt</w>
    <w>uppdrag</w>
    <w>utan</w>
    <w>politiska</w>
    <w>påtryckningar</w>
    <w>.</w>
  </absaspan>
  <absaspan id=36>
    <w>Kongo-rapporten</w>
  </absaspan>
  <absaspan id=37 senti=4>
    <w>är</w>
    <w>ett</w>
    <w>viktigt</w>
    <w>tillskott</w>
    <w>till</w>
    <w>detta</w>
    <w>arbete</w>
  </absaspan>
  <w>.</w>
  <absaspan id=38>
    <w>Den</w>
  </absaspan>
  <absaspan id=39 senti=4>
    <w>kan</w>
    <w>i</w>
    <w>bästa</w>
    <w>fall</w>
    <w>också</w>
    <w>bidra</w>
    <w>till</w>
    <w>en</w>
    <w>bättre</w>
    <w>och</w>
    <w>mer</w>
    <w>säker</w>
    <w>framtid</w>
    <w>för</w>
    <w>Kongos</w>
    <w>folk</w>
  </absaspan>
  <w>.</w>
</absapar>
<absapar id=12>
  <w>Många</w>
  <w>auktoritära</w>
  <w>regimer</w>
  <w>följer</w>
  <w>sannolikt</w>
  <w>rapportens</w>
  <w>öde</w>
  <w>noga</w>
  <w>.</w>
  <w>Mot</w>
  <w>den</w>
  <w>bakgrunden</w>
  <w>måste</w>
  <w>Sverige</w>
  <w>och</w>
  <w>EU</w>
  <w>uttala</w>
  <w>sitt</w>
  <w>stöd</w>
  <w>för</w>
  <w>MR-kommissariens</w>
  <w>arbete</w>
  <w>och</w>
  <w>verka</w>
  <w>för</w>
  <w>att</w>
  <w>rapporten</w>
  <w>ska</w>
  <w>behandlas</w>
  <w>i</w>
  <w>FN</w>
  <w>:</w>
  <w>s</w>
  <w>säkerhetsråd</w>
  <w>.</w>
  <w>Om</w>
  <w>så</w>
  <w>inte</w>
  <w>sker</w>
  <absaspan id=40 senti=2>
    <w>riskerar</w>
  </absaspan>
  <absaspan id=41>
    <w>världen</w>
    <w>att</w>
    <w>gå</w>
    <w>miste</w>
    <w>om</w>
    <w>ännu</w>
    <w>en</w>
    <w>chans</w>
    <w>att</w>
    <w>främja</w>
    <w>utveckling</w>
    <w>och</w>
    <w>säkerhet</w>
    <w>i</w>
    <w>DR</w>
    <w>Kongo</w>
    <w>och</w>
    <w>andra</w>
    <w>länder</w>
    <w>i</w>
    <w>regionen</w>
  </absaspan>
  <w>.</w>
</absapar>
<absapar id=13>
  <w>ALEKSANDER</w>
  <w>GABELIC</w>
  <w>.</w>
</absapar>
<absapar id=14>
  <w>ordförande</w>
  <w>i</w>
  <w>Svenska</w>
  <w>FN-förbundet</w>
  <w>.</w>
</absapar>
<absapar id=15>
  <w>Redaktör</w>
  <w>:</w>
  <w>Carina</w>
  <w>Stensson</w>
  <w>,</w>
  <w>Biträdande</w>
  <w>redaktör</w>
  <w>:</w>
  <w>Björn</w>
  <w>Jorner</w>
  <w>,</w>
  <w>Mejl</w>
  <w>:</w>
  <w>debatt</w>
  <w>@</w>
  <w>svd.se</w>
  <w>,</w>
  <w>Telefonnummer</w>
  <w>:</w>
  <w>08</w>
  <w>-</w>
  <w>135149</w>
  <w>,</w>
  <w>Twitter</w>
  <w>:</w>
  <w>@</w>
  <w>SvDDebatt</w>
  <w>,</w>
  <w>Facebook</w>
  <w>:</w>
  <w>SvD</w>
  <w>Debatt</w>
  <w>.</w>
</absapar>
</absadoc>
