<absadoc annotators=1 senti=>
<absatitle>
  <absaspan id=1>
    <w>Myndigheten</w>
  </absaspan>
  <absaspan id=2 senti=2 target=1>
    <w>smutskastar</w>
  </absaspan>
  <w>hela</w>
  <w>vår</w>
  <w>bransch</w>
  <w>.</w>
</absatitle>
<absapar id=1>
  <absaspan id=3>
    <w>Nätmyndigheten</w>
  </absaspan>
  <w>borde</w>
  <w>följa</w>
  <w>lagen</w>
  <w>-</w>
  <w>inte</w>
  <absaspan id=4 senti=2>
    <w>smutskasta</w>
  </absaspan>
  <w>en</w>
  <w>hel</w>
  <w>bransch</w>
  <w>.</w>
  <w>Det</w>
  <w>skriver</w>
  <w>Kjell</w>
  <w>Jansson</w>
  <w>,</w>
  <w>vd</w>
  <w>för</w>
  <w>Svensk</w>
  <w>Energi</w>
  <w>i</w>
  <w>en</w>
  <w>replik</w>
  <w>till</w>
  <w>Energimarknadsinspektionen</w>
  <w>.</w>
</absapar>
<absapar id=2>
  <w>De</w>
  <w>kommunalt</w>
  <w>ägda</w>
  <w>företagen</w>
  <w>och</w>
  <w>alla</w>
  <w>andra</w>
  <w>elnätsföretag</w>
  <w>arbetar</w>
  <w>hårt</w>
  <w>för</w>
  <w>att</w>
  <w>möjliggöra</w>
  <w>att</w>
  <w>ny</w>
  <w>förnybar</w>
  <w>produktion</w>
  <w>kommer</w>
  <w>in</w>
  <w>i</w>
  <w>systemet.Kjell</w>
  <w>Jansson</w>
  <w>.</w>
</absapar>
<absapar id=3>
  <w>Det</w>
  <w>här</w>
  <w>är</w>
  <w>en</w>
  <w>argumenterande</w>
  <w>text</w>
  <w>med</w>
  <w>syfte</w>
  <w>att</w>
  <w>påverka</w>
  <w>.</w>
  <w>Åsikterna</w>
  <w>som</w>
  <w>uttrycks</w>
  <w>är</w>
  <w>skribentens</w>
  <w>egna</w>
  <w>.</w>
</absapar>
<absapar id=4>
  <w>Sveriges</w>
  <w>elnätsföretag</w>
  <w>säkerställer</w>
  <w>en</w>
  <w>stabil</w>
  <w>elförsörjning</w>
  <w>till</w>
  <w>alla</w>
  <w>hushåll</w>
  <w>och</w>
  <w>all</w>
  <w>industri</w>
  <w>.</w>
  <w>De</w>
  <w>gräver</w>
  <w>ner</w>
  <w>kablar</w>
  <w>i</w>
  <w>jorden</w>
  <w>för</w>
  <w>att</w>
  <w>minimera</w>
  <w>risken</w>
  <w>för</w>
  <w>strömavbrott</w>
  <w>,</w>
  <w>de</w>
  <w>röjer</w>
  <w>ledningar</w>
  <w>när</w>
  <w>stormen</w>
  <w>går</w>
  <w>så</w>
  <w>vi</w>
  <w>snabbt</w>
  <w>kan</w>
  <w>få</w>
  <w>tillbaka</w>
  <w>ljus</w>
  <w>och</w>
  <w>värme</w>
  <w>och</w>
  <w>de</w>
  <w>kopplar</w>
  <w>in</w>
  <w>förnybar</w>
  <w>elproduktion</w>
  <w>på</w>
  <w>nätet</w>
  <w>–</w>
  <w>från</w>
  <w>såväl</w>
  <w>solpaneler</w>
  <w>på</w>
  <w>villatak</w>
  <w>som</w>
  <w>stora</w>
  <w>vindkraftanläggningar</w>
  <w>.</w>
</absapar>
<absapar id=5>
  <w>Men</w>
  <w>när</w>
  <w>jag</w>
  <w>läser</w>
  <w>vad</w>
  <w>Anne</w>
  <w>Vadasz</w>
  <w>Nilsson</w>
  <w>,</w>
  <w>generaldirektör</w>
  <w>på</w>
  <w>Energimarknadsinspektionen</w>
  <w>(</w>
  <w>Ei</w>
  <w>)</w>
  <w>,</w>
  <w>och</w>
  <w>kollegor</w>
  <w>,</w>
  <w>skriver</w>
  <w>på</w>
  <w>Brännpunkt</w>
  <w>31</w>
  <w>/</w>
  <w>3</w>
  <w>så</w>
  <absaspan id=5 senti=2>
    <w>får</w>
  </absaspan>
  <absaspan id=6>
    <w>jag</w>
  </absaspan>
  <absaspan id=7 senti=2>
    <w>känslan</w>
  </absaspan>
  <absaspan id=8 senti=2>
    <w>av</w>
  </absaspan>
  <w>att</w>
  <absaspan id=9>
    <w>elnätsföretagen</w>
    <w>inte</w>
    <w>gör</w>
    <w>något</w>
    <w>av</w>
    <w>detta</w>
  </absaspan>
  <w>,</w>
  <w>utan</w>
  <w>mest</w>
  <w>vill</w>
  <w>ta</w>
  <w>betalt</w>
  <w>.</w>
</absapar>
<absapar id=6>
  <absaspan id=10>
    <w>Anne</w>
    <w>Vadasz</w>
    <w>Nilsson</w>
  </absaspan>
  <absaspan id=11 senti=2>
    <w>ondgör</w>
    <w>sig</w>
  </absaspan>
  <w>framför</w>
  <w>allt</w>
  <w>över</w>
  <w>det</w>
  <w>faktum</w>
  <w>att</w>
  <absaspan id=12>
    <w>många</w>
    <w>elnätsföretag</w>
    <w>överklagade</w>
    <w>Ei</w>
    <w>:</w>
    <w>s</w>
    <w>senaste</w>
    <w>beslut</w>
    <w>om</w>
    <w>hur</w>
    <w>elnätsföretagens</w>
    <w>högsta</w>
    <w>tillåtna</w>
    <w>intäkter</w>
    <w>beräknas</w>
  </absaspan>
  <w>.</w>
  <w>Här</w>
  <w>kan</w>
  <w>det</w>
  <w>vara</w>
  <w>på</w>
  <w>sin</w>
  <w>plats</w>
  <w>att</w>
  <w>påpeka</w>
  <w>att</w>
  <w>en</w>
  <w>stor</w>
  <w>majoritet</w>
  <w>av</w>
  <w>dessa</w>
  <w>elnätsföretag</w>
  <w>är</w>
  <w>kommunala</w>
  <w>företag</w>
  <w>med</w>
  <w>styrelser</w>
  <w>av</w>
  <w>alla</w>
  <w>politiska</w>
  <w>färger</w>
  <w>.</w>
  <absaspan id=13>
    <w>Flera</w>
    <w>hundra</w>
    <w>kommunpolitiker</w>
  </absaspan>
  <w>har</w>
  <w>sålunda</w>
  <absaspan id=14 senti=2>
    <w>ansett</w>
  </absaspan>
  <w>att</w>
  <absaspan id=15>
    <w>Ei</w>
    <w>:</w>
    <w>s</w>
    <w>beslut</w>
    <w>ger</w>
    <w>för</w>
    <w>låg</w>
    <w>avkastning</w>
  </absaspan>
  <w>.</w>
</absapar>
<absapar id=7>
  <w>Vidare</w>
  <w>pekar</w>
  <w>Vadasz</w>
  <w>Nilsson</w>
  <w>ut</w>
  <w>överklagan</w>
  <w>som</w>
  <w>orsaken</w>
  <w>till</w>
  <w>att</w>
  <w>myndigheten</w>
  <w>nu</w>
  <w>ser</w>
  <w>behov</w>
  <w>av</w>
  <w>att</w>
  <w>än</w>
  <w>en</w>
  <w>gång</w>
  <w>förändra</w>
  <w>den</w>
  <w>modell</w>
  <w>som</w>
  <w>elnätsföretagens</w>
  <w>intäkter</w>
  <w>beräknas</w>
  <w>enligt</w>
  <w>.</w>
  <absaspan id=16>
    <w>Hon</w>
  </absaspan>
  <absaspan id=17 senti=2>
    <w>beklagar</w>
    <w>sig</w>
  </absaspan>
  <w>över</w>
  <w>20</w>
  <w>år</w>
  <w>av</w>
  <w>olika</w>
  <w>regleringar</w>
  <w>,</w>
  <w>men</w>
  <w>nämner</w>
  <w>inte</w>
  <w>med</w>
  <w>ett</w>
  <w>enda</w>
  <w>ord</w>
  <w>orsaken</w>
  <w>bakom</w>
  <w>företagens</w>
  <w>överklagan</w>
  <absaspan id=18>
    <w>.</w>
  </absaspan>
</absapar>
<absapar id=8>
  <w>*</w>
  <w>*</w>
  <w>Det</w>
  <absaspan id=19 senti=2>
    <w>är</w>
    <w>märkligt</w>
  </absaspan>
  <w>,</w>
  <w>*</w>
  <w>*</w>
  <w>men</w>
  <w>samtidigt</w>
  <w>fullt</w>
  <w>förståeligt</w>
  <w>,</w>
  <w>eftersom</w>
  <w>Ei</w>
  <w>har</w>
  <w>sig</w>
  <w>själva</w>
  <w>att</w>
  <w>skylla</w>
  <w>genom</w>
  <w>att</w>
  <w>de</w>
  <w>inte</w>
  <w>följt</w>
  <w>det</w>
  <w>regelverk</w>
  <w>som</w>
  <w>gäller</w>
  <w>utan</w>
  <w>valt</w>
  <w>att</w>
  <w>göra</w>
  <w>egna</w>
  <w>tolkningar</w>
  <w>och</w>
  <w>tillägg</w>
  <w>.</w>
  <w>Just</w>
  <w>därför</w>
  <w>gav</w>
  <w>förvaltningsrätten</w>
  <w>elnätsföretagen</w>
  <w>rätt</w>
  <w>på</w>
  <w>alla</w>
  <w>punkter</w>
  <w>i</w>
  <w>sin</w>
  <w>dom</w>
  <w>som</w>
  <w>kom</w>
  <w>i</w>
  <w>december</w>
  <w>2013</w>
  <w>.</w>
  <w>En</w>
  <w>dom</w>
  <w>som</w>
  <w>Ei</w>
  <w>i</w>
  <w>sin</w>
  <w>tur</w>
  <w>nu</w>
  <w>valt</w>
  <w>att</w>
  <w>överklaga</w>
  <w>.</w>
  <w>Om</w>
  <absaspan id=20>
    <w>Ei</w>
  </absaspan>
  <absaspan id=21 senti=2>
    <w>fortfarande</w>
    <w>bekymrar</w>
    <w>sig</w>
    <w>om</w>
  </absaspan>
  <absaspan id=22>
    <w>tidsåtgången</w>
  </absaspan>
  <w>så</w>
  <w>är</w>
  <w>det</w>
  <w>en</w>
  <w>sekundsnabb</w>
  <w>åtgärd</w>
  <w>att</w>
  <w>helt</w>
  <w>enkelt</w>
  <w>följa</w>
  <w>lagar</w>
  <w>och</w>
  <w>det</w>
  <w>givna</w>
  <w>domstolsutslaget</w>
  <w>.</w>
</absapar>
<absapar id=9>
  <w>Skräddarsydda</w>
  <w>kurser</w>
  <w>i</w>
  <w>ämnen</w>
  <w>som</w>
  <w>intresserar</w>
  <w>och</w>
  <w>engagerar</w>
  <w>både</w>
  <w>kropp</w>
  <w>och</w>
  <w>själ</w>
  <w>.</w>
</absapar>
<absapar id=10>
  <w>Våra</w>
  <w>politiker</w>
  <w>stiftar</w>
  <w>lagarna</w>
  <w>.</w>
  <w>Myndighetens</w>
  <w>ansvar</w>
  <w>är</w>
  <w>att</w>
  <w>följa</w>
  <w>dem</w>
  <w>.</w>
  <w>Här</w>
  <absaspan id=23 senti=2>
    <w>lämnar</w>
  </absaspan>
  <w>dock</w>
  <absaspan id=24>
    <w>Energimarknadsinspektionens</w>
    <w>"</w>
    <w>track-record</w>
  </absaspan>
  <w>"</w>
  <absaspan id=25 senti=2>
    <w>lite</w>
  </absaspan>
  <absaspan id=26 senti=2>
    <w>övrigt</w>
    <w>att</w>
    <w>önska</w>
  </absaspan>
  <w>.</w>
  <w>De</w>
  <w>har</w>
  <w>helt</w>
  <w>enkelt</w>
  <w>haft</w>
  <w>svårt</w>
  <w>att</w>
  <w>följa</w>
  <w>gällande</w>
  <w>lag</w>
  <w>vad</w>
  <w>gäller</w>
  <w>just</w>
  <w>elnätsregleringen</w>
  <w>under</w>
  <w>årens</w>
  <w>lopp</w>
  <w>.</w>
  <w>Vid</w>
  <w>så</w>
  <w>gott</w>
  <w>som</w>
  <w>varje</w>
  <w>domstolsprövning</w>
  <w>har</w>
  <w>myndigheten</w>
  <w>förlorat</w>
  <w>.</w>
  <w>Jag</w>
  <absaspan id=27 senti=2>
    <w>är</w>
    <w>rädd</w>
    <w>för</w>
  </absaspan>
  <w>att</w>
  <absaspan id=28>
    <w>kvaliteten</w>
    <w>i</w>
    <w>det</w>
    <w>som</w>
    <w>nu</w>
    <w>föreslås</w>
    <w>följer</w>
    <w>i</w>
    <w>spåret</w>
    <w>av</w>
    <w>tidigare</w>
    <w>misslyckanden</w>
  </absaspan>
  <w>.</w>
</absapar>
<absapar id=11>
  <w>*</w>
  <w>*</w>
  <w>Så</w>
  <w>istället</w>
  <w>för</w>
  <w>att</w>
  <w>*</w>
  <w>*</w>
  <absaspan id=29>
    <w>Anne</w>
    <w>Vadasz</w>
    <w>Nilsson</w>
  </absaspan>
  <absaspan id=30 senti=2>
    <w>lägger</w>
    <w>över</w>
    <w>all</w>
    <w>skuld</w>
    <w>på</w>
    <w>Sveriges</w>
    <w>elnätsföretag</w>
  </absaspan>
  <w>,</w>
  <w>så</w>
  <w>kanske</w>
  <w>hon</w>
  <absaspan id=31 senti=2>
    <w>bör</w>
    <w>ägna</w>
    <w>sig</w>
    <w>åt</w>
    <w>en</w>
    <w>smula</w>
    <w>självrannsakan</w>
  </absaspan>
  <w>.</w>
  <w>Det</w>
  <absaspan id=32 senti=4>
    <w>vore</w>
    <w>klädsamt</w>
  </absaspan>
  <w>för</w>
  <w>en</w>
  <absaspan id=33>
    <w>myndighet</w>
  </absaspan>
  <w>som</w>
  <w>inte</w>
  <w>bara</w>
  <w>ska</w>
  <w>värna</w>
  <w>om</w>
  <w>kundens</w>
  <w>intresse</w>
  <w>,</w>
  <w>utan</w>
  <w>också</w>
  <w>har</w>
  <w>i</w>
  <w>uppdrag</w>
  <w>att</w>
  <w>säkerställa</w>
  <w>att</w>
  <w>elnätsföretagen</w>
  <w>kan</w>
  <w>bedriva</w>
  <w>en</w>
  <w>verksamhet</w>
  <w>som</w>
  <w>ger</w>
  <w>en</w>
  <w>rimlig</w>
  <w>avkastning</w>
  <w>.</w>
  <w>Något</w>
  <w>som</w>
  <w>i</w>
  <w>sin</w>
  <w>tur</w>
  <w>gör</w>
  <w>det</w>
  <absaspan id=34 senti=4>
    <w>intressant</w>
  </absaspan>
  <w>att</w>
  <absaspan id=35>
    <w>investera</w>
    <w>i</w>
    <w>och</w>
    <w>utveckla</w>
    <w>verksamheten</w>
  </absaspan>
  <w>.</w>
</absapar>
<absapar id=12>
  <w>Och</w>
  <absaspan id=36>
    <w>investeringar</w>
  </absaspan>
  <absaspan id=37 senti=4>
    <w>behövs</w>
  </absaspan>
  <w>.</w>
  <w>Framöver</w>
  <w>ser</w>
  <w>bland</w>
  <w>andra</w>
  <absaspan id=38>
    <w>Svenska</w>
    <w>Kraftnät</w>
  </absaspan>
  <absaspan id=39 senti=4>
    <w>behov</w>
  </absaspan>
  <w>av</w>
  <absaspan id=40>
    <w>mångmiljardinvesteringar</w>
  </absaspan>
  <w>i</w>
  <w>det</w>
  <w>svenska</w>
  <w>elnätet</w>
  <w>.</w>
  <w>Nästa</w>
  <w>generations</w>
  <w>elnät</w>
  <w>är</w>
  <w>inte</w>
  <w>längre</w>
  <w>ett</w>
  <w>kanske</w>
  <w>,</w>
  <w>utan</w>
  <w>en</w>
  <w>verklighet</w>
  <w>som</w>
  <w>krävs</w>
  <w>för</w>
  <w>att</w>
  <w>elnäten</w>
  <w>ska</w>
  <w>kunna</w>
  <w>bli</w>
  <w>mer</w>
  <w>styrbara</w>
  <w>och</w>
  <w>få</w>
  <w>plats</w>
  <w>med</w>
  <w>en</w>
  <w>växande</w>
  <w>mängd</w>
  <w>förnybar</w>
  <w>el</w>
  <w>.</w>
  <w>De</w>
  <w>kommunalt</w>
  <w>ägda</w>
  <w>företagen</w>
  <w>och</w>
  <w>alla</w>
  <w>andra</w>
  <w>elnätsföretag</w>
  <w>arbetar</w>
  <w>hårt</w>
  <w>för</w>
  <w>att</w>
  <w>möjliggöra</w>
  <w>att</w>
  <w>ny</w>
  <w>förnybar</w>
  <w>produktion</w>
  <w>kommer</w>
  <w>in</w>
  <w>i</w>
  <w>systemet</w>
  <w>och</w>
  <w>bidrar</w>
  <w>till</w>
  <w>att</w>
  <w>vi</w>
  <w>redan</w>
  <w>nu</w>
  <w>har</w>
  <w>ett</w>
  <w>elsystem</w>
  <w>med</w>
  <w>97</w>
  <w>procent</w>
  <w>koldioxidfri</w>
  <w>elproduktion</w>
  <w>.</w>
  <w>Och</w>
  <w>då</w>
  <w>måste</w>
  <w>alla</w>
  <absaspan id=41 senti=4>
    <w>värna</w>
    <w>om</w>
  </absaspan>
  <absaspan id=42>
    <w>investeringar</w>
    <w>i</w>
    <w>elnätet</w>
  </absaspan>
  <w>.</w>
</absapar>
<absapar id=13>
  <w>KJELL</w>
  <w>JANSSON</w>
  <w>.</w>
</absapar>
<absapar id=14>
  <w>vd</w>
  <w>för</w>
  <w>Svensk</w>
  <w>Energi</w>
  <w>.</w>
</absapar>
<absapar id=15>
  <w>Redaktör</w>
  <w>:</w>
  <w>Carina</w>
  <w>Stensson</w>
  <w>,</w>
  <w>Biträdande</w>
  <w>redaktör</w>
  <w>:</w>
  <w>Björn</w>
  <w>Jorner</w>
  <w>,</w>
  <w>Mejl</w>
  <w>:</w>
  <w>debatt</w>
  <w>@</w>
  <w>svd.se</w>
  <w>,</w>
  <w>Telefonnummer</w>
  <w>:</w>
  <w>08</w>
  <w>-</w>
  <w>135149</w>
  <w>,</w>
  <w>Twitter</w>
  <w>:</w>
  <w>@</w>
  <w>SvDDebatt</w>
  <w>,</w>
  <w>Facebook</w>
  <w>:</w>
  <w>SvD</w>
  <w>Debatt</w>
  <w>.</w>
</absapar>
</absadoc>
