<absadoc annotators=1 senti=>
<absatitle>
  <w>En</w>
  <w>av</w>
  <w>terrorister</w>
  <w>hade</w>
  <w>registrerat</w>
  <w>sig</w>
  <w>som</w>
  <w>flykting</w>
  <w>i</w>
  <w>Grekland</w>
  <w>.</w>
</absatitle>
<absapar id=1>
  <w>Hur</w>
  <w>många</w>
  <w>fler</w>
  <w>IS</w>
  <w>soldater</w>
  <w>finns</w>
  <w>bland</w>
  <w>flyktingar</w>
  <w>,</w>
  <w>denne</w>
  <w>terrorist</w>
  <w>från</w>
  <w>Paris</w>
  <w>orkade</w>
  <w>inte</w>
  <w>vänta</w>
  <w>på</w>
  <w>PUT</w>
  <w>utan</w>
  <w>begav</w>
  <w>sig</w>
  <w>till</w>
  <w>Paris</w>
  <w>och</w>
  <w>väl</w>
  <w>där</w>
  <w>fick</w>
  <w>han</w>
  <w>en</w>
  <w>uppenbarelse</w>
  <w>att</w>
  <w>bli</w>
  <w>terrorist</w>
  <w>?</w>
  <w>.</w>
</absapar>
<absapar id=2>
  <w>därför</w>
  <w>håller</w>
  <w>man</w>
  <w>alla</w>
  <w>flyktingar</w>
  <w>i</w>
  <w>bakom</w>
  <w>lås</w>
  <w>och</w>
  <w>bom</w>
  <w>i</w>
  <w>Polen</w>
  <w>,</w>
  <w>de</w>
  <w>får</w>
  <w>inte</w>
  <w>springa</w>
  <w>fritt</w>
  <w>.</w>
</absapar>
</absadoc>
