<absadoc annotators=1 senti=>
<absatitle>
  <absaspan id=1 senti=2 target=1>
    <w>Maktmissbruket</w>
  </absaspan>
  <w>skadar</w>
  <w>polisen</w>
  <w>.</w>
</absatitle>
<absapar id=1>
  <w>Vi</w>
  <w>människor</w>
  <w>kräver</w>
  <w>egentligen</w>
  <w>inte</w>
  <w>så</w>
  <w>mycket</w>
  <w>.</w>
  <w>Vi</w>
  <w>vill</w>
  <w>kunna</w>
  <w>jobba</w>
  <w>,</w>
  <w>bo</w>
  <w>och</w>
  <w>äta</w>
  <w>,</w>
  <w>få</w>
  <w>uttrycka</w>
  <w>oss</w>
  <w>när</w>
  <w>vi</w>
  <w>har</w>
  <w>något</w>
  <w>på</w>
  <w>hjärtat</w>
  <w>och</w>
  <w>känna</w>
  <w>oss</w>
  <w>trygga</w>
  <w>.</w>
  <w>I</w>
  <w>stort</w>
  <w>är</w>
  <w>det</w>
  <w>inte</w>
  <w>några</w>
  <w>överdrivna</w>
  <w>krav</w>
  <w>vi</w>
  <w>ställer</w>
  <w>på</w>
  <w>ett</w>
  <w>fungerande</w>
  <w>samhälle</w>
  <w>.</w>
  <w>Men</w>
  <absaspan id=2>
    <w>när</w>
    <w>vi</w>
    <w>inte</w>
    <w>kan</w>
    <w>se</w>
    <w>någon</w>
    <w>skillnad</w>
    <w>mellan</w>
    <w>en</w>
    <w>hotfull</w>
    <w>kriminell</w>
    <w>eller</w>
    <w>hotfull</w>
    <w>polis</w>
  </absaspan>
  <absaspan id=3 senti=2>
    <w>har</w>
    <w>något</w>
    <w>gått</w>
    <w>snett</w>
  </absaspan>
  <w>.</w>
</absapar>
<absapar id=2>
  <w>I</w>
  <w>ett</w>
  <w>mycket</w>
  <w>uppmärksammat</w>
  <w>inlägg</w>
  <w>på</w>
  <w>Jesper</w>
  <w>Nilssons</w>
  <w>blogg</w>
  <w>kan</w>
  <w>vi</w>
  <w>se</w>
  <w>hur</w>
  <w>ett</w>
  <w>förtroende</w>
  <w>,</w>
  <w>som</w>
  <w>i</w>
  <w>ett</w>
  <w>lagrum</w>
  <w>getts</w>
  <w>poliserna</w>
  <w>,</w>
  <w>missbrukas</w>
  <w>för</w>
  <w>att</w>
  <w>förmå</w>
  <w>honom</w>
  <w>att</w>
  <w>förstöra</w>
  <w>dokumentation</w>
  <w>av</w>
  <w>deras</w>
  <w>ämbetsutövning</w>
  <w>.</w>
  <w>När</w>
  <w>två</w>
  <w>poliser</w>
  <w>tvingar</w>
  <w>en</w>
  <w>medborgarjournalist</w>
  <w>att</w>
  <w>radera</w>
  <w>bilder</w>
  <w>med</w>
  <w>hot</w>
  <w>om</w>
  <w>att</w>
  <w>annars</w>
  <w>bli</w>
  <w>intagen</w>
  <w>till</w>
  <w>polisstationen</w>
  <absaspan id=4 senti=2>
    <w>kliver</w>
  </absaspan>
  <absaspan id=5>
    <w>de</w>
  </absaspan>
  <absaspan id=6 senti=2>
    <w>över</w>
  </absaspan>
  <absaspan id=7 senti=2>
    <w>en</w>
    <w>mycket</w>
    <w>viktig</w>
    <w>gräns</w>
  </absaspan>
  <w>.</w>
</absapar>
<absapar id=3>
  <w>Vi</w>
  <w>måste</w>
  <w>kunna</w>
  <w>känna</w>
  <w>förtroende</w>
  <w>för</w>
  <absaspan id=8>
    <w>våra</w>
  </absaspan>
  <absaspan id=9>
    <w>poliser</w>
  </absaspan>
  <w>,</w>
  <absaspan id=10 senti=4>
    <w>samhället</w>
    <w>klarar</w>
    <w>sig</w>
    <w>inte</w>
    <w>utan</w>
  </absaspan>
  <absaspan id=11>
    <w>dem</w>
  </absaspan>
  <w>.</w>
  <w>Samtidigt</w>
  <w>som</w>
  <w>de</w>
  <w>kan</w>
  <w>behöva</w>
  <w>ett</w>
  <w>visst</w>
  <w>svängrum</w>
  <w>för</w>
  <w>att</w>
  <w>leva</w>
  <w>upp</w>
  <w>till</w>
  <w>det</w>
  <w>här</w>
  <w>förtroendet</w>
  <w>måste</w>
  <w>detta</w>
  <w>också</w>
  <w>innebära</w>
  <w>att</w>
  <w>de</w>
  <w>i</w>
  <w>sin</w>
  <w>tur</w>
  <w>behandlar</w>
  <w>oss</w>
  <w>med</w>
  <w>respekt</w>
  <w>.</w>
  <w>Förtroendet</w>
  <w>måste</w>
  <w>vara</w>
  <w>ömsesidigt</w>
  <w>.</w>
  <w>Men</w>
  <w>,</w>
  <w>om</w>
  <absaspan id=12>
    <w>lagen</w>
  </absaspan>
  <absaspan id=13 senti=2>
    <w>uppfattas</w>
    <w>som</w>
    <w>orättfärdig</w>
  </absaspan>
  <absaspan id=14 senti=2>
    <w>blir</w>
  </absaspan>
  <w>även</w>
  <absaspan id=15>
    <w>polisens</w>
    <w>agerande</w>
  </absaspan>
  <absaspan id=16 senti=2>
    <w>orättfärdigt</w>
  </absaspan>
  <absaspan id=17>
    <w>.</w>
  </absaspan>
</absapar>
<absapar id=4>
  <w>Därför</w>
  <w>har</w>
  <w>vi</w>
  <w>traditionellt</w>
  <w>haft</w>
  <w>en</w>
  <w>lagstiftning</w>
  <w>som</w>
  <w>också</w>
  <w>går</w>
  <w>ut</w>
  <w>på</w>
  <w>att</w>
  <w>skydda</w>
  <w>medborgare</w>
  <w>.</w>
  <w>Det</w>
  <w>kallas</w>
  <w>rättssäkerhet</w>
  <w>.</w>
  <w>Vi</w>
  <w>ska</w>
  <w>inte</w>
  <w>behöva</w>
  <w>känna</w>
  <w>att</w>
  <w>vi</w>
  <w>kan</w>
  <w>frihetsberövas</w>
  <w>på</w>
  <absaspan id=18 senti=2>
    <w>felaktiga</w>
  </absaspan>
  <absaspan id=19>
    <w>grunder</w>
  </absaspan>
  <w>utan</w>
  <w>rätt</w>
  <w>till</w>
  <w>försvar</w>
  <w>.</w>
  <w>På</w>
  <w>senare</w>
  <w>år</w>
  <w>har</w>
  <w>rättssäkerhet</w>
  <w>som</w>
  <w>begrepp</w>
  <w>dock</w>
  <w>vattnats</w>
  <w>ur</w>
  <w>.</w>
  <w>Det</w>
  <w>är</w>
  <w>vi</w>
  <w>skyldiga</w>
  <w>att</w>
  <w>göra</w>
  <w>något</w>
  <w>åt</w>
  <w>.</w>
  <w>Närhelst</w>
  <w>en</w>
  <w>lag</w>
  <w>skrivs</w>
  <w>som</w>
  <w>åsidosätter</w>
  <w>en</w>
  <w>medborgares</w>
  <w>rättigheter</w>
  <w>,</w>
  <w>är</w>
  <w>det</w>
  <w>inte</w>
  <w>orden</w>
  <w>i</w>
  <w>lagboken</w>
  <w>som</w>
  <w>kränker</w>
  <w>.</w>
  <w>Det</w>
  <w>är</w>
  <w>hela</w>
  <w>samhället</w>
  <w>som</w>
  <w>med</w>
  <w>statens</w>
  <w>alla</w>
  <w>resurser</w>
  <w>ser</w>
  <w>till</w>
  <w>att</w>
  <w>detta</w>
  <w>kan</w>
  <w>ske</w>
  <w>systematiskt</w>
  <w>.</w>
  <absaspan id=20>
    <w>Lagar</w>
    <w>som</w>
    <w>inte</w>
    <w>är</w>
    <w>rättssäkra</w>
  </absaspan>
  <absaspan id=21 senti=2>
    <w>leder</w>
    <w>till</w>
    <w>ett</w>
  </absaspan>
  <absaspan id=22 senti=2>
    <w>otryggt</w>
  </absaspan>
  <absaspan id=23 senti=2>
    <w>samhälle</w>
  </absaspan>
  <w>.</w>
</absapar>
<absapar id=5>
  <w>Till</w>
  <w>allra</w>
  <w>största</w>
  <w>delen</w>
  <w>består</w>
  <w>poliskåren</w>
  <w>av</w>
  <absaspan id=24>
    <w>människor</w>
  </absaspan>
  <absaspan id=25>
    <w>som</w>
  </absaspan>
  <absaspan id=26 senti=4>
    <w>vi</w>
    <w>kan</w>
    <w>lita</w>
    <w>på</w>
  </absaspan>
  <w>.</w>
  <w>Men</w>
  <w>,</w>
  <w>eftersom</w>
  <w>de</w>
  <w>är</w>
  <w>satta</w>
  <w>att</w>
  <w>upprätthålla</w>
  <w>samhällets</w>
  <w>lagar</w>
  <w>,</w>
  <w>blir</w>
  <w>varken</w>
  <w>de</w>
  <w>eller</w>
  <w>resten</w>
  <w>av</w>
  <w>oss</w>
  <w>hjälpta</w>
  <w>av</w>
  <w>lagstiftning</w>
  <w>som</w>
  <w>kan</w>
  <w>användas</w>
  <w>på</w>
  <w>ett</w>
  <w>rättsosäkert</w>
  <w>sätt</w>
  <w>.</w>
  <w>Förtroendet</w>
  <w>för</w>
  <w>polisen</w>
  <w>sjunker</w>
  <w>,</w>
  <w>och</w>
  <w>medborgarna</w>
  <w>blir</w>
  <w>otrygga</w>
  <w>i</w>
  <w>sin</w>
  <w>vardag</w>
  <w>.</w>
  <w>När</w>
  <w>det</w>
  <w>blivit</w>
  <w>nära</w>
  <w>nog</w>
  <w>kriminellt</w>
  <w>att</w>
  <w>intressera</w>
  <w>sig</w>
  <w>för</w>
  <w>en</w>
  <w>polis</w>
  <w>under</w>
  <w>tjänsteutövning</w>
  <w>–</w>
  <absaspan id=27 senti=2>
    <w>vilken</w>
    <w>tilltro</w>
    <w>kan</w>
    <w>vi</w>
    <w>då</w>
    <w>sätta</w>
    <w>till</w>
  </absaspan>
  <absaspan id=28>
    <w>polisen</w>
  </absaspan>
  <absaspan id=29 senti=2>
    <w>över</w>
  </absaspan>
  <absaspan id=30 senti=2>
    <w>huvud</w>
    <w>taget</w>
  </absaspan>
  <w>?</w>
  <w>.</w>
</absapar>
<absapar id=6>
  <w>Poliser</w>
  <w>har</w>
  <w>alltid</w>
  <w>haft</w>
  <w>laglig</w>
  <w>rätt</w>
  <w>att</w>
  <w>tillgripa</w>
  <w>våld</w>
  <w>i</w>
  <w>sin</w>
  <w>yrkesutövning</w>
  <w>.</w>
  <w>Men</w>
  <w>om</w>
  <w>denna</w>
  <w>rätt</w>
  <absaspan id=31 senti=2>
    <w>missbrukas</w>
  </absaspan>
  <w>genom</w>
  <w>att</w>
  <w>man</w>
  <w>tillgriper</w>
  <w>mer</w>
  <w>våld</w>
  <w>än</w>
  <w>situationen</w>
  <w>kräver</w>
  <w>,</w>
  <w>eller</w>
  <w>att</w>
  <w>polisen</w>
  <w>,</w>
  <w>som</w>
  <w>här</w>
  <w>använder</w>
  <w>lagrum</w>
  <w>för</w>
  <w>annat</w>
  <w>ändamål</w>
  <w>än</w>
  <w>det</w>
  <w>avsedda</w>
  <w>,</w>
  <w>då</w>
  <w>hotas</w>
  <w>rättssamhället</w>
  <w>.</w>
</absapar>
<absapar id=7>
  <w>Trygghet</w>
  <w>används</w>
  <w>allt</w>
  <w>oftare</w>
  <w>som</w>
  <w>skäl</w>
  <w>för</w>
  <w>att</w>
  <w>göra</w>
  <w>polisiärt</w>
  <w>och</w>
  <w>annat</w>
  <w>samhälleligt</w>
  <w>övervåld</w>
  <w>till</w>
  <w>något</w>
  <w>som</w>
  <w>vi</w>
  <w>ska</w>
  <w>acceptera</w>
  <w>.</w>
  <w>Men</w>
  <w>vem</w>
  <w>talar</w>
  <w>för</w>
  <w>din</w>
  <w>trygghet</w>
  <w>,</w>
  <w>när</w>
  <w>din</w>
  <w>rättighet</w>
  <w>inte</w>
  <w>längre</w>
  <w>är</w>
  <w>garanterad</w>
  <w>?</w>
  <w>Vad</w>
  <w>är</w>
  <w>"</w>
  <w>ökad</w>
  <w>trygghet</w>
  <w>"</w>
  <w>värd</w>
  <w>när</w>
  <w>den</w>
  <w>inte</w>
  <w>längre</w>
  <w>omfattar</w>
  <w>dig</w>
  <w>,</w>
  <w>dina</w>
  <w>vänner</w>
  <w>eller</w>
  <w>dina</w>
  <w>barn</w>
  <w>?</w>
  <w>.</w>
</absapar>
<absapar id=8>
  <w>Lagar</w>
  <w>som</w>
  <w>skapats</w>
  <w>för</w>
  <w>att</w>
  <w>skydda</w>
  <w>oss</w>
  <w>ska</w>
  <w>inte</w>
  <w>kunna</w>
  <w>användas</w>
  <w>för</w>
  <w>att</w>
  <w>skrämma</w>
  <w>oss</w>
  <w>till</w>
  <w>att</w>
  <w>avstå</w>
  <w>från</w>
  <w>våra</w>
  <w>rättigheter</w>
  <w>.</w>
  <w>Vi</w>
  <w>behöver</w>
  <w>kunna</w>
  <w>känna</w>
  <w>oss</w>
  <w>trygga</w>
  <w>i</w>
  <w>vårt</w>
  <w>förhållande</w>
  <w>med</w>
  <w>staten</w>
  <w>och</w>
  <w>myndigheterna</w>
  <w>.</w>
  <w>Rättssäkerhet</w>
  <w>behöver</w>
  <w>återinföras</w>
  <w>i</w>
  <w>lagstiftningsprocesserna</w>
  <w>och</w>
  <w>det</w>
  <w>är</w>
  <w>ett</w>
  <w>av</w>
  <w>våra</w>
  <w>starkaste</w>
  <w>motiv</w>
  <w>för</w>
  <w>att</w>
  <w>ställa</w>
  <w>upp</w>
  <w>i</w>
  <w>riksdagsvalet</w>
  <w>i</w>
  <w>höst</w>
  <w>.</w>
</absapar>
<absapar id=9>
  <w>Sandra</w>
  <w>Grosse</w>
  <w>.</w>
</absapar>
<absapar id=10>
  <w>riksdagskandidat</w>
  <w>Piratpartiet</w>
  <w>.</w>
</absapar>
<absapar id=11>
  <w>Anna</w>
  <w>Troberg</w>
  <w>.</w>
</absapar>
<absapar id=12>
  <w>riksdagskandidat</w>
  <w>Piratpartiet</w>
  <w>.</w>
</absapar>
<absapar id=13>
  <w>Gun</w>
  <w>Svensson</w>
  <w>.</w>
</absapar>
<absapar id=14>
  <w>riksdagskandidat</w>
  <w>Piratpartiet</w>
  <w>.</w>
</absapar>
</absadoc>
