<absadoc annotators=1 senti=>
<absatitle>
  <absaspan id=1>
    <w>Arbetslinjen</w>
  </absaspan>
  <absaspan id=2 senti=2 target=1>
    <w>når</w>
    <w>inte</w>
    <w>ända</w>
    <w>fram</w>
  </absaspan>
  <w>.</w>
</absatitle>
<absapar id=1>
  <w>Jobben</w>
  <w>kommer</w>
  <w>,</w>
  <w>sa</w>
  <w>Göran</w>
  <w>Persson</w>
  <w>i</w>
  <w>valrörelsen</w>
  <w>2006</w>
  <w>och</w>
  <absaspan id=3 senti=2>
    <w>verkade</w>
    <w>tro</w>
  </absaspan>
  <absaspan id=4>
    <w>att</w>
    <w>arbetstillfällen</w>
    <w>är</w>
    <w>något</w>
    <w>som</w>
    <w>kommer</w>
    <w>och</w>
    <w>går</w>
    <w>,</w>
    <w>oundvikligen</w>
  </absaspan>
  <w>.</w>
  <w>Som</w>
  <w>om</w>
  <w>det</w>
  <w>inte</w>
  <w>spelar</w>
  <w>någon</w>
  <w>roll</w>
  <w>vad</w>
  <w>politiken</w>
  <w>gör</w>
  <w>,</w>
  <w>som</w>
  <w>om</w>
  <w>jobben</w>
  <w>alltid</w>
  <w>kommer</w>
  <w>tillbaka</w>
  <w>till</w>
  <w>slut</w>
  <w>,</w>
  <w>när</w>
  <w>det</w>
  <w>vänder</w>
  <absaspan id=5 senti=2>
    <w>.</w>
  </absaspan>
</absapar>
<absapar id=2>
  <w>Det</w>
  <w>här</w>
  <w>är</w>
  <w>en</w>
  <w>argumenterande</w>
  <w>text</w>
  <w>med</w>
  <w>syfte</w>
  <w>att</w>
  <w>påverka</w>
  <w>.</w>
  <w>Åsikterna</w>
  <w>som</w>
  <w>uttrycks</w>
  <w>är</w>
  <w>skribentens</w>
  <w>egna</w>
  <w>.</w>
</absapar>
<absapar id=3>
  <w>Väljarna</w>
  <w>trodde</w>
  <w>dock</w>
  <w>inte</w>
  <w>på</w>
  <absaspan id=6>
    <w>Persson</w>
    <w>och</w>
    <w>han</w>
    <w>och</w>
    <w>hans</w>
    <w>regering</w>
  </absaspan>
  <absaspan id=7 senti=2>
    <w>fick</w>
    <w>gå</w>
  </absaspan>
  <w>.</w>
  <w>En</w>
  <w>ny</w>
  <w>regering</w>
  <w>tog</w>
  <w>vid</w>
  <w>,</w>
  <w>väl</w>
  <w>medveten</w>
  <w>om</w>
  <w>vikten</w>
  <w>av</w>
  <w>en</w>
  <w>aktiv</w>
  <w>politik</w>
  <w>för</w>
  <w>jobb</w>
  <absaspan id=8 senti=4>
    <w>.</w>
  </absaspan>
  <absaspan id=9>
    <w>Arbetslinjen</w>
  </absaspan>
  <absaspan id=10 senti=4>
    <w>vann</w>
  </absaspan>
  <w>över</w>
  <absaspan id=11 senti=2>
    <w>bidragslinjen</w>
  </absaspan>
  <w>i</w>
  <w>2006</w>
  <w>års</w>
  <w>val</w>
  <w>.</w>
</absapar>
<absapar id=4>
  <w>Sedan</w>
  <w>dess</w>
  <w>har</w>
  <w>regeringen</w>
  <w>uthålligt</w>
  <w>hävdat</w>
  <w>och</w>
  <w>på</w>
  <w>många</w>
  <w>sätt</w>
  <w>också</w>
  <w>reformerat</w>
  <w>för</w>
  <w>,</w>
  <w>att</w>
  <w>det</w>
  <w>ska</w>
  <absaspan id=12 senti=4>
    <w>löna</w>
    <w>sig</w>
  </absaspan>
  <absaspan id=13>
    <w>att</w>
    <w>arbeta</w>
  </absaspan>
  <w>.</w>
  <w>Fokus</w>
  <w>är</w>
  <w>rätt</w>
  <w>,</w>
  <w>men</w>
  <w>frågan</w>
  <w>är</w>
  <w>om</w>
  <w>politiken</w>
  <w>är</w>
  <w>tillräcklig</w>
  <w>för</w>
  <w>att</w>
  <w>uppnå</w>
  <w>det</w>
  <w>man</w>
  <w>lovar</w>
  <w>?</w>
  <w>.</w>
</absapar>
<absapar id=5>
  <w>Allt</w>
  <w>fler</w>
  <w>människor</w>
  <w>i</w>
  <w>arbete</w>
  <w>är</w>
  <w>centralt</w>
  <w>för</w>
  <w>att</w>
  <absaspan id=14>
    <w>medborgarnas</w>
    <w>och</w>
    <w>statens</w>
    <w>finanser</w>
    <w>ska</w>
    <w>stärkas</w>
  </absaspan>
  <w>och</w>
  <absaspan id=15 senti=4>
    <w>tryggt</w>
  </absaspan>
  <w>bära</w>
  <w>oss</w>
  <w>in</w>
  <w>i</w>
  <w>framtiden</w>
  <w>.</w>
  <w>Men</w>
  <w>det</w>
  <absaspan id=16 senti=2>
    <w>räcker</w>
    <w>inte</w>
  </absaspan>
  <absaspan id=17>
    <w>att</w>
    <w>tala</w>
    <w>om</w>
    <w>fler</w>
    <w>arbetade</w>
    <w>timmar</w>
  </absaspan>
  <w>,</w>
  <w>de</w>
  <w>måste</w>
  <w>alltid</w>
  <w>arbetas</w>
  <w>i</w>
  <w>något</w>
  <w>företag</w>
  <w>.</w>
  <w>För</w>
  <w>att</w>
  <w>leverera</w>
  <w>vad</w>
  <w>man</w>
  <w>lovar</w>
  <w>måste</w>
  <w>arbetslinjen</w>
  <w>utvecklas</w>
  <w>och</w>
  <w>även</w>
  <w>inbegripa</w>
  <w>politik</w>
  <w>som</w>
  <w>gör</w>
  <w>att</w>
  <w>företag</w>
  <w>och</w>
  <w>entreprenörer</w>
  <w>får</w>
  <w>utrymme</w>
  <w>att</w>
  <w>utvecklas</w>
  <w>och</w>
  <w>växa</w>
  <w>.</w>
</absapar>
<absapar id=6>
  <absaspan id=18>
    <w>Jobbskatteavdragen</w>
    <w>och</w>
    <w>politiken</w>
    <w>för</w>
    <w>att</w>
    <w>det</w>
    <w>ska</w>
  </absaspan>
  <absaspan id=19 senti=4>
    <w>löna</w>
    <w>sig</w>
  </absaspan>
  <absaspan id=20>
    <w>att</w>
    <w>arbeta</w>
  </absaspan>
  <absaspan id=21 senti=4>
    <w>har</w>
    <w>varit</w>
    <w>avgörande</w>
  </absaspan>
  <w>.</w>
  <w>Dels</w>
  <w>för</w>
  <w>att</w>
  <w>den</w>
  <w>stärker</w>
  <w>incitamenten</w>
  <w>för</w>
  <w>fler</w>
  <w>arbetade</w>
  <w>timmar</w>
  <w>och</w>
  <w>för</w>
  <w>fler</w>
  <w>som</w>
  <w>arbetar</w>
  <w>och</w>
  <w>färre</w>
  <w>som</w>
  <w>lever</w>
  <w>av</w>
  <w>bidrag</w>
  <w>,</w>
  <w>dels</w>
  <w>–</w>
  <w>och</w>
  <absaspan id=22 senti=4>
    <w>detta</w>
    <w>nämns</w>
    <w>allt</w>
    <w>för</w>
    <w>sällan</w>
  </absaspan>
  <w>–</w>
  <absaspan id=23>
    <w>för</w>
    <w>att</w>
    <w>den</w>
    <w>ger</w>
    <w>medborgaren</w>
    <w>större</w>
    <w>utrymme</w>
    <w>att</w>
    <w>planera</w>
    <w>och</w>
    <w>bestämma</w>
    <w>över</w>
    <w>sin</w>
    <w>egen</w>
    <w>tillvaro</w>
  </absaspan>
  <w>.</w>
</absapar>
<absapar id=7>
  <w>För</w>
  <w>att</w>
  <w>det</w>
  <w>ska</w>
  <absaspan id=24 senti=4>
    <w>löna</w>
    <w>sig</w>
  </absaspan>
  <absaspan id=25>
    <w>att</w>
    <w>arbeta</w>
  </absaspan>
  <w>måste</w>
  <w>det</w>
  <w>också</w>
  <absaspan id=26 senti=4>
    <w>löna</w>
    <w>sig</w>
  </absaspan>
  <absaspan id=27>
    <w>att</w>
    <w>äga</w>
  </absaspan>
  <w>.</w>
  <w>Det</w>
  <w>som</w>
  <w>lönar</w>
  <w>sig</w>
  <w>och</w>
  <w>ges</w>
  <w>utrymme</w>
  <w>,</w>
  <w>växer</w>
  <w>och</w>
  <w>utvecklas</w>
  <w>.</w>
  <w>Företagare</w>
  <w>,</w>
  <w>och</w>
  <w>följaktligen</w>
  <w>företagsägare</w>
  <w>,</w>
  <w>är</w>
  <w>själva</w>
  <w>förutsättningen</w>
  <w>för</w>
  <w>fler</w>
  <w>arbeten</w>
  <w>och</w>
  <w>fler</w>
  <w>arbetade</w>
  <w>timmar</w>
  <w>.</w>
</absapar>
<absapar id=8>
  <w>Skräddarsydda</w>
  <w>kurser</w>
  <w>i</w>
  <w>ämnen</w>
  <w>som</w>
  <w>intresserar</w>
  <w>och</w>
  <w>engagerar</w>
  <w>både</w>
  <w>kropp</w>
  <w>och</w>
  <w>själ</w>
  <w>.</w>
</absapar>
<absapar id=9>
  <w>I</w>
  <w>en</w>
  <w>rapport</w>
  <w>som</w>
  <w>presenteras</w>
  <w>idag</w>
  <w>har</w>
  <w>Svenskt</w>
  <w>Näringsliv</w>
  <w>använt</w>
  <w>resultaten</w>
  <w>av</w>
  <w>FORA</w>
  <w>:</w>
  <w>s</w>
  <w>(</w>
  <w>organisation</w>
  <w>under</w>
  <w>danska</w>
  <w>näringsdepartementet</w>
  <w>)</w>
  <w>analyser</w>
  <w>för</w>
  <w>att</w>
  <w>syna</w>
  <w>Sveriges</w>
  <w>entreprenörsklimat</w>
  <w>.</w>
  <absaspan id=28>
    <w>Sverige</w>
  </absaspan>
  <absaspan id=29 senti=2>
    <w>ligger</w>
    <w>under</w>
    <w>genomsnittet</w>
  </absaspan>
  <w>av</w>
  <w>världens</w>
  <w>rika</w>
  <w>länder</w>
  <w>på</w>
  <w>fyra</w>
  <w>områden</w>
  <w>.</w>
  <w>Det</w>
  <w>handlar</w>
  <w>om</w>
  <w>normer</w>
  <w>och</w>
  <w>vilja</w>
  <w>att</w>
  <w>bli</w>
  <w>företagare</w>
  <w>,</w>
  <w>om</w>
  <w>skatter</w>
  <w>och</w>
  <w>offentlig</w>
  <w>påverkan</w>
  <w>,</w>
  <w>om</w>
  <w>arbetsmarknaden</w>
  <w>och</w>
  <w>om</w>
  <w>möjligheter</w>
  <w>att</w>
  <w>starta</w>
  <w>om</w>
  <w>.</w>
</absapar>
<absapar id=10>
  <w>På</w>
  <w>tre</w>
  <w>områden</w>
  <w>,</w>
  <absaspan id=30>
    <w>administrativ</w>
  </absaspan>
  <absaspan id=31 senti=2>
    <w>börda</w>
  </absaspan>
  <w>,</w>
  <w>globalisering</w>
  <w>och</w>
  <w>innovation</w>
  <w>och</w>
  <w>delar</w>
  <w>av</w>
  <w>kapitalmarknadens</w>
  <w>funktionssätt</w>
  <w>,</w>
  <w>tillhör</w>
  <absaspan id=32>
    <w>Sverige</w>
  </absaspan>
  <w>däremot</w>
  <w>den</w>
  <absaspan id=33 senti=5>
    <w>bästa</w>
  </absaspan>
  <w>fjärdedelen</w>
  <w>av</w>
  <w>de</w>
  <w>länder</w>
  <w>som</w>
  <w>ingår</w>
  <w>i</w>
  <w>respektive</w>
  <w>undersökning</w>
  <w>.</w>
</absapar>
<absapar id=11>
  <w>I</w>
  <w>Sverige</w>
  <w>har</w>
  <w>näringspolitiken</w>
  <w>i</w>
  <w>första</w>
  <w>hand</w>
  <w>varit</w>
  <w>inriktad</w>
  <w>mot</w>
  <w>det</w>
  <w>vi</w>
  <w>redan</w>
  <w>är</w>
  <w>bra</w>
  <w>på</w>
  <w>,</w>
  <w>medan</w>
  <absaspan id=34 senti=2>
    <w>alltför</w>
  </absaspan>
  <absaspan id=35>
    <w>lite</w>
    <w>har</w>
    <w>gjorts</w>
  </absaspan>
  <w>på</w>
  <w>Sveriges</w>
  <w>svaga</w>
  <w>områden</w>
  <w>.</w>
  <w>Eftersom</w>
  <w>svagheterna</w>
  <w>till</w>
  <w>stor</w>
  <w>del</w>
  <w>handlar</w>
  <w>om</w>
  <w>drivkrafter</w>
  <w>för</w>
  <w>entreprenörskap</w>
  <w>,</w>
  <w>blir</w>
  <w>effekterna</w>
  <w>stora</w>
  <w>.</w>
  <w>I</w>
  <w>många</w>
  <w>fall</w>
  <w>raderar</w>
  <w>svagheterna</w>
  <w>styrkorna</w>
  <w>.</w>
  <w>På</w>
  <w>fyra</w>
  <w>centrala</w>
  <w>områden</w>
  <w>ser</w>
  <w>jag</w>
  <w>som</w>
  <w>företagare</w>
  <w>tecken</w>
  <w>på</w>
  <w>detta</w>
  <w>:</w>
  <w>.</w>
</absapar>
<absapar id=12>
  <w>.</w>
  <w>•</w>
  <absaspan id=36>
    <w>Att</w>
    <w>det</w>
  </absaspan>
  <absaspan id=37 senti=4>
    <w>är</w>
    <w>enkelt</w>
  </absaspan>
  <absaspan id=38>
    <w>att</w>
    <w>betala</w>
    <w>skatt</w>
  </absaspan>
  <absaspan id=39 senti=2>
    <w>hjälper</w>
    <w>inte</w>
  </absaspan>
  <w>när</w>
  <absaspan id=40>
    <w>skatterna</w>
    <w>är</w>
    <w>så</w>
    <w>höga</w>
  </absaspan>
  <w>att</w>
  <w>det</w>
  <w>ändå</w>
  <absaspan id=41 senti=2>
    <w>inte</w>
    <w>är</w>
    <w>lönt</w>
  </absaspan>
  <w>att</w>
  <w>starta</w>
  <w>eller</w>
  <w>expandera</w>
  <w>ett</w>
  <w>företag</w>
  <w>.</w>
</absapar>
<absapar id=13>
  <w>.</w>
  <w>•</w>
  <absaspan id=42>
    <w>Att</w>
    <w>det</w>
  </absaspan>
  <absaspan id=43>
    <w>administrativa</w>
  </absaspan>
  <absaspan id=44 senti=2>
    <w>krånglet</w>
  </absaspan>
  <absaspan id=45>
    <w>vid</w>
    <w>anställningar</w>
    <w>är</w>
    <w>litet</w>
  </absaspan>
  <absaspan id=46 senti=2>
    <w>hjälper</w>
    <w>inte</w>
  </absaspan>
  <w>när</w>
  <w>ansvaret</w>
  <w>och</w>
  <absaspan id=47>
    <w>risken</w>
    <w>som</w>
    <w>ett</w>
    <w>företag</w>
    <w>tar</w>
    <w>på</w>
    <w>sig</w>
    <w>vid</w>
    <w>en</w>
    <w>anställning</w>
  </absaspan>
  <w>.</w>
</absapar>
<absapar id=14>
  <absaspan id=48 senti=2>
    <w>är</w>
    <w>alltför</w>
    <w>stort</w>
  </absaspan>
  <w>.</w>
  <w>Ungdomar</w>
  <w>utan</w>
  <w>arbetslivserfarenhet</w>
  <w>drabbas</w>
  <w>särskilt</w>
  <w>hårt</w>
  <w>när</w>
  <w>anställningsbeslut</w>
  <w>blir</w>
  <w>allt</w>
  <w>för</w>
  <w>riskfyllda</w>
  <w>–</w>
  <w>därför</w>
  <w>väljs</w>
  <w>de</w>
  <w>allt</w>
  <w>för</w>
  <w>ofta</w>
  <w>bort</w>
  <w>till</w>
  <w>förmån</w>
  <w>för</w>
  <w>äldre</w>
  <w>och</w>
  <w>mer</w>
  <w>beprövad</w>
  <w>arbetskraft</w>
  <w>.</w>
</absapar>
<absapar id=15>
  <w>.</w>
  <w>•</w>
  <w>Att</w>
  <w>Sverige</w>
  <w>satsar</w>
  <w>ännu</w>
  <w>mer</w>
  <w>på</w>
  <w>forskning</w>
  <w>gör</w>
  <w>inte</w>
  <w>näringslivet</w>
  <w>mer</w>
  <w>innovativt</w>
  <w>när</w>
  <w>patenten</w>
  <w>och</w>
  <w>idéerna</w>
  <w>kommersialiseras</w>
  <w>i</w>
  <w>länder</w>
  <w>med</w>
  <w>lägre</w>
  <w>skatter</w>
  <w>.</w>
</absapar>
<absapar id=16>
  <w>.</w>
  <w>•</w>
  <absaspan id=49>
    <w>Att</w>
    <w>Sverige</w>
    <w>enligt</w>
    <w>internationella</w>
    <w>undersökningar</w>
    <w>har</w>
  </absaspan>
  <absaspan id=50 senti=4>
    <w>världens</w>
    <w>mest</w>
    <w>professionella</w>
  </absaspan>
  <absaspan id=51>
    <w>företagsledningar</w>
  </absaspan>
  <absaspan id=52 senti=4>
    <w>är</w>
    <w>bra</w>
  </absaspan>
  <w>,</w>
  <w>men</w>
  <w>de</w>
  <w>hade</w>
  <w>kunnat</w>
  <w>uträtta</w>
  <w>mer</w>
  <w>om</w>
  <w>arbetsmarknaden</w>
  <w>i</w>
  <w>övrigt</w>
  <w>var</w>
  <w>mer</w>
  <w>flexibel</w>
  <w>.</w>
</absapar>
<absapar id=17>
  <w>Sverige</w>
  <absaspan id=53 senti=4>
    <w>är</w>
    <w>bra</w>
    <w>på</w>
  </absaspan>
  <absaspan id=54>
    <w>att</w>
    <w>få</w>
    <w>fram</w>
    <w>nya</w>
    <w>idéer</w>
    <w>och</w>
    <w>patent</w>
  </absaspan>
  <w>,</w>
  <w>men</w>
  <w>inte</w>
  <w>på</w>
  <w>att</w>
  <w>kommersialisera</w>
  <w>dem</w>
  <w>och</w>
  <w>skapa</w>
  <w>växande</w>
  <w>företag</w>
  <w>av</w>
  <w>dem</w>
  <w>.</w>
  <w>Vi</w>
  <w>lägger</w>
  <w>en</w>
  <w>jämförelsevis</w>
  <w>hög</w>
  <w>andel</w>
  <w>av</w>
  <w>BNP</w>
  <w>på</w>
  <w>forskning</w>
  <w>och</w>
  <w>utveckling</w>
  <w>,</w>
  <w>vilket</w>
  <w>genererar</w>
  <w>många</w>
  <w>idéer</w>
  <w>och</w>
  <w>patent</w>
  <w>.</w>
  <w>I</w>
  <w>rätt</w>
  <w>miljö</w>
  <w>skulle</w>
  <w>dessa</w>
  <w>utvecklas</w>
  <w>till</w>
  <w>nya</w>
  <w>och</w>
  <w>växande</w>
  <w>företag</w>
  <w>.</w>
</absapar>
<absapar id=18>
  <w>För</w>
  <w>detta</w>
  <w>krävs</w>
  <w>riskkapital</w>
  <w>som</w>
  <w>i</w>
  <w>Sverige</w>
  <w>ofta</w>
  <w>tillhandahålls</w>
  <w>av</w>
  <w>internationellt</w>
  <w>verksamma</w>
  <w>riskkapitalbolag</w>
  <w>.</w>
  <absaspan id=55 senti=2>
    <w>Problemet</w>
  </absaspan>
  <w>för</w>
  <w>Sveriges</w>
  <w>del</w>
  <absaspan id=56 senti=2>
    <w>är</w>
  </absaspan>
  <absaspan id=57>
    <w>att</w>
    <w>företagen</w>
    <w>ofta</w>
    <w>säljs</w>
    <w>vidare</w>
    <w>till</w>
    <w>ägare</w>
    <w>i</w>
    <w>länder</w>
    <w>med</w>
    <w>betydligt</w>
    <w>lägre</w>
    <w>skatter</w>
  </absaspan>
  <w>.</w>
</absapar>
<absapar id=19>
  <w>Om</w>
  <w>personer</w>
  <w>av</w>
  <w>kött</w>
  <w>och</w>
  <w>blod</w>
  <w>och</w>
  <w>med</w>
  <w>hemvist</w>
  <w>i</w>
  <w>Sverige</w>
  <w>i</w>
  <w>högre</w>
  <w>grad</w>
  <w>kunde</w>
  <w>finansiera</w>
  <w>dessa</w>
  <w>företags</w>
  <w>verksamhet</w>
  <w>skulle</w>
  <w>fler</w>
  <w>av</w>
  <w>dem</w>
  <w>kunna</w>
  <w>fortsätta</w>
  <w>att</w>
  <w>utvecklas</w>
  <w>i</w>
  <w>Sverige</w>
  <w>.</w>
  <w>Men</w>
  <w>då</w>
  <w>måste</w>
  <w>kapitalinkomstskatten</w>
  <w>sänkas</w>
  <w>så</w>
  <w>att</w>
  <w>svenska</w>
  <w>ägare</w>
  <w>kan</w>
  <w>konkurrera</w>
  <w>på</w>
  <w>samma</w>
  <w>villkor</w>
  <w>som</w>
  <w>utländska</w>
  <w>ägare</w>
  <w>.</w>
</absapar>
<absapar id=20>
  <w>Sveriges</w>
  <w>skatt</w>
  <w>på</w>
  <w>kapitalinkomster</w>
  <w>är</w>
  <w>nästan</w>
  <w>dubbelt</w>
  <w>så</w>
  <w>hög</w>
  <w>som</w>
  <w>i</w>
  <w>jämförbara</w>
  <w>länder</w>
  <w>.</w>
  <w>Enligt</w>
  <w>International</w>
  <w>Bureau</w>
  <w>of</w>
  <w>Fiscal</w>
  <w>Documentation</w>
  <w>,</w>
  <w>är</w>
  <w>siffrorna</w>
  <w>30</w>
  <w>respektive</w>
  <w>17</w>
  <w>procent</w>
  <w>.</w>
  <w>Det</w>
  <w>är</w>
  <absaspan id=58 senti=2>
    <w>knappast</w>
    <w>tal</w>
    <w>om</w>
    <w>gradskillnader</w>
  </absaspan>
  <w>,</w>
  <w>utan</w>
  <w>om</w>
  <absaspan id=59>
    <w>en</w>
    <w>så</w>
    <w>stor</w>
    <w>konkurrensnackdel</w>
    <w>för</w>
    <w>Sverige</w>
  </absaspan>
  <w>att</w>
  <absaspan id=60>
    <w>oviljan</w>
    <w>att</w>
    <w>reformera</w>
    <w>på</w>
    <w>detta</w>
    <w>område</w>
  </absaspan>
  <absaspan id=61 senti=2>
    <w>är</w>
    <w>svår</w>
    <w>att</w>
    <w>förstå</w>
  </absaspan>
  <w>.</w>
</absapar>
<absapar id=21>
  <absaspan id=62 senti=4>
    <w>En</w>
    <w>framgångsrik</w>
    <w>politik</w>
  </absaspan>
  <absaspan id=63>
    <w>måste</w>
    <w>utgå</w>
    <w>från</w>
    <w>var</w>
    <w>själva</w>
    <w>basen</w>
    <w>för</w>
    <w>välståndet</w>
  </absaspan>
  <w>och</w>
  <absaspan id=64>
    <w>allt</w>
    <w>det</w>
  </absaspan>
  <w>som</w>
  <w>politikerna</w>
  <absaspan id=65 senti=4 irony>
    <w>är</w>
    <w>ivriga</w>
  </absaspan>
  <w>att</w>
  <w>fördela</w>
  <w>,</w>
  <w>skapas</w>
  <w>.</w>
  <w>Det</w>
  <w>sker</w>
  <w>i</w>
  <w>företagen</w>
  <w>,</w>
  <w>bland</w>
  <absaspan id=66 senti=4>
    <w>flitigt</w>
  </absaspan>
  <absaspan id=67>
    <w>arbetande</w>
    <w>anställda</w>
    <w>och</w>
    <w>företagsledare</w>
  </absaspan>
  <w>.</w>
</absapar>
<absapar id=22>
  <w>Om</w>
  <w>inte</w>
  <w>vikten</w>
  <w>av</w>
  <w>företagande</w>
  <w>och</w>
  <w>ägande</w>
  <w>blir</w>
  <w>en</w>
  <w>lika</w>
  <w>central</w>
  <w>del</w>
  <w>av</w>
  <w>regeringens</w>
  <w>arbetslinje</w>
  <w>som</w>
  <w>jobbskatteavdrag</w>
  <w>kommer</w>
  <w>det</w>
  <w>blir</w>
  <w>mycket</w>
  <w>svårt</w>
  <w>att</w>
  <w>hålla</w>
  <w>vad</w>
  <w>man</w>
  <w>lovat</w>
  <absaspan id=68 senti=2>
    <w>.</w>
  </absaspan>
</absapar>
<absapar id=23>
  <w>Signhild</w>
  <w>Arnegård</w>
  <w>Hansen</w>
  <w>,</w>
  <w>ordförande</w>
  <w>Svenskt</w>
  <w>Näringsliv</w>
  <w>.</w>
</absapar>
<absapar id=24>
  <w>Redaktör</w>
  <w>:</w>
  <w>Carina</w>
  <w>Stensson</w>
  <w>,</w>
  <w>Biträdande</w>
  <w>redaktör</w>
  <w>:</w>
  <w>Björn</w>
  <w>Jorner</w>
  <w>,</w>
  <w>Mejl</w>
  <w>:</w>
  <w>debatt</w>
  <w>@</w>
  <w>svd.se</w>
  <w>,</w>
  <w>Telefonnummer</w>
  <w>:</w>
  <w>08</w>
  <w>-</w>
  <w>135149</w>
  <w>,</w>
  <w>Twitter</w>
  <w>:</w>
  <w>@</w>
  <w>SvDDebatt</w>
  <w>,</w>
  <w>Facebook</w>
  <w>:</w>
  <w>SvD</w>
  <w>Debatt</w>
  <w>.</w>
</absapar>
</absadoc>
