<absadoc annotators=1 senti=>
<absatitle>
  <absaspan id=1>
    <w>Alliansen</w>
  </absaspan>
  <w>:</w>
  <absaspan id=2 senti=2 target=3 source=1>
    <w>Fel</w>
  </absaspan>
  <absaspan id=3>
    <w>att</w>
    <w>behålla</w>
    <w>förskoleklass</w>
  </absaspan>
  <w>.</w>
</absatitle>
<absapar id=1>
  <absaspan id=4>
    <w>Vi</w>
  </absaspan>
  <absaspan id=5 senti=2>
    <w>röstar</w>
    <w>nej</w>
    <w>till</w>
  </absaspan>
  <absaspan id=6>
    <w>förslaget</w>
    <w>att</w>
    <w>göra</w>
    <w>förskoleklass</w>
    <w>obligatorisk</w>
  </absaspan>
  <w>.</w>
  <w>Istället</w>
  <absaspan id=7 senti=4>
    <w>vill</w>
  </absaspan>
  <absaspan id=8>
    <w>vi</w>
  </absaspan>
  <absaspan id=9 senti=4>
    <w>införa</w>
  </absaspan>
  <absaspan id=10>
    <w>tioårig</w>
    <w>grundskola</w>
    <w>,</w>
    <w>så</w>
    <w>att</w>
    <w>sexåringar</w>
    <w>börjar</w>
    <w>i</w>
    <w>första</w>
    <w>klass</w>
  </absaspan>
  <w>.</w>
  <w>Det</w>
  <w>skriver</w>
  <absaspan id=11>
    <w>företrädare</w>
  </absaspan>
  <absaspan id=12>
    <w>för</w>
    <w>Alliansen</w>
  </absaspan>
  <w>.</w>
</absapar>
<absapar id=2>
  <w>Sverige</w>
  <w>behöver</w>
  <w>höja</w>
  <w>ambitionerna</w>
  <w>för</w>
  <w>svensk</w>
  <w>skola</w>
  <w>.</w>
  <absaspan id=13>
    <w>Vi</w>
  </absaspan>
  <absaspan id=14 senti=4>
    <w>ska</w>
    <w>sträva</w>
    <w>efter</w>
    <w>att</w>
    <w>vara</w>
    <w>ett</w>
    <w>föregångsland</w>
  </absaspan>
  <absaspan id=15>
    <w>i</w>
    <w>de</w>
    <w>internationella</w>
    <w>kunskapsmätningarna</w>
  </absaspan>
  <w>,</w>
  <w>inte</w>
  <w>ett</w>
  <w>genomsnittsland</w>
  <w>.</w>
  <w>Det</w>
  <w>kräver</w>
  <w>reformer</w>
  <w>som</w>
  <w>ökar</w>
  <w>tiden</w>
  <w>mellan</w>
  <w>elever</w>
  <w>och</w>
  <w>skickliga</w>
  <w>lärare</w>
  <w>.</w>
  <w>Därför</w>
  <absaspan id=16 senti=4>
    <w>är</w>
    <w>det</w>
    <w>dags</w>
  </absaspan>
  <absaspan id=17>
    <w>för</w>
    <w>Sverige</w>
    <w>att</w>
    <w>överge</w>
    <w>dagens</w>
    <w>förskoleklass</w>
    <w>och</w>
    <w>införa</w>
    <w>en</w>
    <w>tioårig</w>
    <w>grundskola</w>
    <w>med</w>
    <w>ett</w>
    <w>fyraårigt</w>
    <w>lågstadium</w>
    <w>och</w>
    <w>en</w>
    <w>skolstart</w>
    <w>från</w>
    <w>sex</w>
    <w>års</w>
    <w>ålder</w>
  </absaspan>
  <absaspan id=18>
    <w>.</w>
  </absaspan>
  <absaspan id=19>
    <w>Det</w>
  </absaspan>
  <absaspan id=20 senti=4>
    <w>föreslår</w>
  </absaspan>
  <absaspan id=21>
    <w>Alliansen</w>
  </absaspan>
  <w>i</w>
  <w>det</w>
  <w>motförslag</w>
  <w>som</w>
  <w>vi</w>
  <w>har</w>
  <w>lämnat</w>
  <w>in</w>
  <w>till</w>
  <w>riksdagen</w>
  <w>.</w>
  <w>Därmed</w>
  <absaspan id=22 senti=2>
    <w>kommer</w>
  </absaspan>
  <absaspan id=23>
    <w>vi</w>
  </absaspan>
  <w>också</w>
  <absaspan id=24 senti=2>
    <w>att</w>
  </absaspan>
  <absaspan id=25 senti=2>
    <w>rösta</w>
    <w>nej</w>
    <w>till</w>
  </absaspan>
  <absaspan id=26>
    <w>hela</w>
    <w>regeringens</w>
    <w>proposition</w>
    <w>om</w>
    <w>obligatorisk</w>
    <w>förskoleklass</w>
  </absaspan>
  <w>.</w>
</absapar>
<absapar id=3>
  <w>Det</w>
  <w>här</w>
  <w>är</w>
  <w>en</w>
  <w>argumenterande</w>
  <w>text</w>
  <w>med</w>
  <w>syfte</w>
  <w>att</w>
  <w>påverka</w>
  <w>.</w>
  <w>Åsikterna</w>
  <w>som</w>
  <w>uttrycks</w>
  <w>är</w>
  <w>skribentens</w>
  <w>egna</w>
  <w>.</w>
</absapar>
<absapar id=4>
  <w>Det</w>
  <w>återstår</w>
  <w>ett</w>
  <w>år</w>
  <w>på</w>
  <w>den</w>
  <w>här</w>
  <w>mandatperioden</w>
  <w>och</w>
  <absaspan id=27 senti=4>
    <w>förhoppningsvis</w>
  </absaspan>
  <absaspan id=28>
    <w>bara</w>
    <w>ett</w>
    <w>år</w>
    <w>till</w>
    <w>med</w>
    <w>Gustav</w>
    <w>Fridolin</w>
    <w>som</w>
    <w>utbildningsminister</w>
  </absaspan>
  <w>.</w>
  <absaspan id=29>
    <w>Mandatperioden</w>
  </absaspan>
  <absaspan id=30 senti=2>
    <w>har</w>
    <w>präglats</w>
    <w>av</w>
    <w>tydliga</w>
    <w>konflikter</w>
  </absaspan>
  <w>mellan</w>
  <w>en</w>
  <w>regering</w>
  <w>som</w>
  <w>avvecklat</w>
  <absaspan id=31>
    <w>kunskapslinjen</w>
  </absaspan>
  <absaspan id=32>
    <w>i</w>
    <w>skolan</w>
  </absaspan>
  <w>och</w>
  <absaspan id=33>
    <w>en</w>
    <w>Allians</w>
  </absaspan>
  <w>som</w>
  <absaspan id=34 senti=4>
    <w>jobbat</w>
    <w>för</w>
    <w>att</w>
    <w>försvara</w>
    <w>och</w>
    <w>upprusta</w>
  </absaspan>
  <absaspan id=35>
    <w>den</w>
  </absaspan>
  <w>.</w>
</absapar>
<absapar id=5>
  <w>En</w>
  <w>tydlig</w>
  <w>skiljelinje</w>
  <w>har</w>
  <w>varit</w>
  <w>om</w>
  <w>våra</w>
  <w>sexåringar</w>
  <w>ska</w>
  <w>gå</w>
  <w>i</w>
  <w>förskoleklass</w>
  <w>eller</w>
  <w>i</w>
  <w>första</w>
  <w>klass</w>
  <w>.</w>
  <w>När</w>
  <absaspan id=36>
    <w>regeringen</w>
  </absaspan>
  <w>nu</w>
  <absaspan id=37 senti=4>
    <w>lägger</w>
    <w>fram</w>
    <w>sitt</w>
    <w>förslag</w>
    <w>om</w>
  </absaspan>
  <absaspan id=38>
    <w>en</w>
    <w>obligatorisk</w>
    <w>förskoleklass</w>
  </absaspan>
  <w>ställs</w>
  <w>frågan</w>
  <w>om</w>
  <w>sexåringarnas</w>
  <w>lärande</w>
  <w>och</w>
  <w>kunskaper</w>
  <w>på</w>
  <w>sin</w>
  <w>spets</w>
  <w>.</w>
  <absaspan id=39>
    <w>Alliansen</w>
  </absaspan>
  <w>är</w>
  <w>överens</w>
  <w>om</w>
  <w>att</w>
  <absaspan id=40>
    <w>regeringens</w>
  </absaspan>
  <absaspan id=41 senti=4>
    <w>förslag</w>
  </absaspan>
  <absaspan id=42>
    <w>,</w>
  </absaspan>
  <absaspan id=43>
    <w>att</w>
    <w>göra</w>
    <w>förskoleklassen</w>
    <w>obligatorisk</w>
  </absaspan>
  <w>,</w>
  <absaspan id=44 senti=2>
    <w>inte</w>
    <w>är</w>
    <w>tillräckligt</w>
    <w>långtgående</w>
  </absaspan>
  <w>.</w>
  <absaspan id=45>
    <w>Alliansen</w>
  </absaspan>
  <absaspan id=46 senti=4>
    <w>vill</w>
  </absaspan>
  <w>istället</w>
  <absaspan id=47 senti=4>
    <w>införa</w>
  </absaspan>
  <absaspan id=48>
    <w>ett</w>
    <w>fyraårigt</w>
    <w>lågstadium</w>
    <w>där</w>
    <w>sexåringarna</w>
    <w>får</w>
    <w>undervisning</w>
    <w>som</w>
    <w>följer</w>
    <w>grundskolans</w>
    <w>kunskapsmål</w>
  </absaspan>
  <w>.</w>
  <w>Vi</w>
  <w>grundar</w>
  <w>detta</w>
  <w>på</w>
  <w>följande</w>
  <w>:</w>
  <w>.</w>
</absapar>
<absapar id=6>
  <w>#</w>
  <w>P</w>
  <w>IMM</w>
  <w>.</w>
  <w>1</w>
  <w>.</w>
  <w>Sexåringarnas</w>
  <w>tid</w>
  <w>behöver</w>
  <w>präglas</w>
  <w>av</w>
  <w>lärande</w>
  <w>.</w>
</absapar>
<absapar id=7>
  <w>Svensk</w>
  <w>skola</w>
  <w>behöver</w>
  <w>mer</w>
  <w>fokus</w>
  <w>på</w>
  <w>kunskap</w>
  <w>–</w>
  <w>inte</w>
  <w>mindre</w>
  <w>.</w>
  <w>All</w>
  <w>forskning</w>
  <w>pekar</w>
  <w>på</w>
  <w>att</w>
  <w>tidigt</w>
  <w>stöd</w>
  <w>i</w>
  <w>skolan</w>
  <w>är</w>
  <w>det</w>
  <w>som</w>
  <w>gör</w>
  <w>störst</w>
  <w>skillnad</w>
  <w>.</w>
  <w>Vi</w>
  <w>vill</w>
  <w>därför</w>
  <w>ge</w>
  <w>sexåringarna</w>
  <w>mer</w>
  <w>och</w>
  <w>bättre</w>
  <w>kunskaper</w>
  <w>i</w>
  <w>sin</w>
  <w>läs-skriv</w>
  <w>,</w>
  <w>och</w>
  <w>räkneinlärning</w>
  <w>så</w>
  <w>att</w>
  <w>de</w>
  <absaspan id=49 senti=4>
    <w>får</w>
    <w>en</w>
    <w>bättre</w>
    <w>start</w>
  </absaspan>
  <absaspan id=50>
    <w>i</w>
    <w>skolan</w>
  </absaspan>
  <absaspan id=51>
    <w>.</w>
  </absaspan>
  <absaspan id=52>
    <w>Alliansens</w>
  </absaspan>
  <absaspan id=53 senti=4>
    <w>målsättning</w>
  </absaspan>
  <absaspan id=54>
    <w>med</w>
    <w>en</w>
    <w>tidigare</w>
    <w>skolstart</w>
  </absaspan>
  <absaspan id=55 senti=4>
    <w>är</w>
  </absaspan>
  <absaspan id=56 senti=4>
    <w>att</w>
    <w>stärka</w>
  </absaspan>
  <absaspan id=57>
    <w>barnens</w>
    <w>tidiga</w>
    <w>inlärning</w>
  </absaspan>
  <w>.</w>
  <absaspan id=58 senti=2>
    <w>En</w>
    <w>sådan</w>
    <w>målsättning</w>
    <w>saknar</w>
  </absaspan>
  <absaspan id=59>
    <w>regeringen</w>
  </absaspan>
  <w>.</w>
</absapar>
<absapar id=8>
  <w>Vi</w>
  <w>vill</w>
  <w>vända</w>
  <w>på</w>
  <w>dagens</w>
  <w>ordning</w>
  <w>där</w>
  <w>tid</w>
  <w>och</w>
  <w>resurser</w>
  <w>läggs</w>
  <w>på</w>
  <w>att</w>
  <w>rätta</w>
  <w>till</w>
  <w>svagheter</w>
  <w>i</w>
  <w>elevernas</w>
  <w>kunskaper</w>
  <w>i</w>
  <w>åttan</w>
  <w>eller</w>
  <w>nian</w>
  <w>.</w>
  <w>Det</w>
  <w>stödet</w>
  <w>behöver</w>
  <w>komma</w>
  <w>mycket</w>
  <w>tidigare</w>
  <w>.</w>
  <w>Till</w>
  <w>skillnad</w>
  <w>från</w>
  <w>dagens</w>
  <w>förskoleklass</w>
  <w>där</w>
  <w>eleverna</w>
  <w>och</w>
  <w>lärarna</w>
  <w>ofta</w>
  <w>skiljs</w>
  <w>åt</w>
  <w>efter</w>
  <w>förskoleklassen</w>
  <w>innebär</w>
  <w>en</w>
  <w>skolstart</w>
  <w>från</w>
  <w>sex</w>
  <w>år</w>
  <w>att</w>
  <w>lågstadiet</w>
  <w>blir</w>
  <w>fyraårigt</w>
  <w>.</w>
  <w>Det</w>
  <w>innebär</w>
  <w>färre</w>
  <w>övergångar</w>
  <w>mellan</w>
  <w>olika</w>
  <w>skolformer</w>
  <w>och</w>
  <w>att</w>
  <w>elever</w>
  <w>och</w>
  <w>lärare</w>
  <w>får</w>
  <w>fyra</w>
  <w>år</w>
  <w>tillsammans</w>
  <w>,</w>
  <w>istället</w>
  <w>för</w>
  <w>dagens</w>
  <w>tre</w>
  <w>år</w>
  <w>.</w>
  <w>Det</w>
  <w>ökar</w>
  <w>lärarnas</w>
  <w>möjligheter</w>
  <w>att</w>
  <w>följa</w>
  <w>elevernas</w>
  <w>kunskapsinlärning</w>
  <w>redan</w>
  <w>från</w>
  <w>start</w>
  <w>och</w>
  <w>det</w>
  <w>innebär</w>
  <w>också</w>
  <w>att</w>
  <w>eleverna</w>
  <w>snabbare</w>
  <w>kan</w>
  <w>få</w>
  <w>bättre</w>
  <w>stöd</w>
  <w>och</w>
  <w>hjälp</w>
  <w>i</w>
  <w>sitt</w>
  <w>lärande</w>
  <w>.</w>
  <absaspan id=60>
    <w>Alliansens</w>
  </absaspan>
  <absaspan id=61 senti=4>
    <w>förslag</w>
  </absaspan>
  <w>innebär</w>
  <w>också</w>
  <w>att</w>
  <w>våra</w>
  <w>sexåringar</w>
  <w>till</w>
  <w>skillnad</w>
  <w>från</w>
  <w>regeringens</w>
  <w>förslag</w>
  <w>direkt</w>
  <w>får</w>
  <w>del</w>
  <w>av</w>
  <w>de</w>
  <w>kunskapsmål</w>
  <w>och</w>
  <w>den</w>
  <w>utvärdering</w>
  <w>som</w>
  <w>framgår</w>
  <w>av</w>
  <w>läroplanen</w>
  <w>,</w>
  <w>den</w>
  <w>kompetens</w>
  <w>som</w>
  <w>hör</w>
  <w>lågstadiet</w>
  <w>till</w>
  <w>och</w>
  <w>rätt</w>
  <w>till</w>
  <w>särskilt</w>
  <w>stöd</w>
  <w>i</w>
  <w>enlighet</w>
  <w>med</w>
  <w>skollagen</w>
  <w>.</w>
</absapar>
<absapar id=9>
  <w>Skräddarsydda</w>
  <w>kurser</w>
  <w>i</w>
  <w>ämnen</w>
  <w>som</w>
  <w>intresserar</w>
  <w>och</w>
  <w>engagerar</w>
  <w>både</w>
  <w>kropp</w>
  <w>och</w>
  <w>själ</w>
  <w>.</w>
</absapar>
<absapar id=10>
  <w>#</w>
  <w>P</w>
  <w>IMM</w>
  <w>.</w>
  <w>2</w>
  <w>.</w>
  <absaspan id=62>
    <w>Förskoleklassen</w>
  </absaspan>
  <absaspan id=63 senti=2>
    <w>håller</w>
    <w>en</w>
    <w>ojämn</w>
    <w>kvalitet</w>
    <w>och</w>
    <w>har</w>
    <w>blivit</w>
    <w>en</w>
    <w>isolerad</w>
    <w>ö</w>
  </absaspan>
  <w>.</w>
</absapar>
<absapar id=11>
  <absaspan id=64>
    <w>Förskoleklassen</w>
  </absaspan>
  <absaspan id=65 senti=2>
    <w>håller</w>
    <w>en</w>
    <w>ojämn</w>
    <w>kvalitet</w>
    <w>och</w>
    <w>har</w>
    <w>blivit</w>
    <w>en</w>
    <w>isolerad</w>
    <w>ö</w>
  </absaspan>
  <w>.</w>
</absapar>
<absapar id=12>
  <w>Förskoleklass</w>
  <w>är</w>
  <w>en</w>
  <w>skolform</w>
  <w>som</w>
  <w>fyller</w>
  <w>20</w>
  <w>år</w>
  <w>nästa</w>
  <w>år</w>
  <w>.</w>
  <w>När</w>
  <w>förskoleklassen</w>
  <w>infördes</w>
  <w>1998</w>
  <w>var</w>
  <absaspan id=66>
    <w>ambitionen</w>
  </absaspan>
  <absaspan id=67>
    <w>att</w>
    <w>det</w>
    <w>skulle</w>
    <w>bli</w>
    <w>en</w>
    <w>brygga</w>
    <w>mellan</w>
    <w>förskolans</w>
    <w>lek</w>
    <w>och</w>
    <w>grundskolans</w>
    <w>lärande</w>
  </absaspan>
  <w>.</w>
  <absaspan id=68>
    <w>Den</w>
    <w>ambitionen</w>
  </absaspan>
  <absaspan id=69 senti=4>
    <w>var</w>
    <w>både</w>
    <w>god</w>
    <w>och</w>
    <w>rätt</w>
    <w>då</w>
  </absaspan>
  <w>,</w>
  <w>men</w>
  <absaspan id=70>
    <w>i</w>
    <w>dag</w>
    <w>visar</w>
  </absaspan>
  <absaspan id=71 senti=2>
    <w>tyvärr</w>
  </absaspan>
  <absaspan id=72>
    <w>utvärderingar</w>
    <w>att</w>
    <w>det</w>
    <w>har</w>
    <w>varit</w>
    <w>svårt</w>
    <w>att</w>
    <w>förena</w>
    <w>de</w>
    <w>två</w>
    <w>delarna</w>
  </absaspan>
  <w>.</w>
  <w>Antingen</w>
  <w>har</w>
  <w>förskoleklassen</w>
  <w>blivit</w>
  <w>inriktad</w>
  <w>på</w>
  <w>lek</w>
  <w>och</w>
  <absaspan id=73 senti=2>
    <w>ostrukturerad</w>
  </absaspan>
  <absaspan id=74>
    <w>undervisning</w>
  </absaspan>
  <w>eller</w>
  <w>så</w>
  <w>har</w>
  <w>verksamheten</w>
  <w>fokuserat</w>
  <w>på</w>
  <w>lärande</w>
  <w>och</w>
  <w>kunskap</w>
  <w>.</w>
  <w>Detta</w>
  <w>har</w>
  <w>gjort</w>
  <w>det</w>
  <w>svårt</w>
  <w>att</w>
  <w>säkerställa</w>
  <w>en</w>
  <w>likvärdig</w>
  <w>förskoleklass</w>
  <w>i</w>
  <w>hela</w>
  <w>landet</w>
  <w>.</w>
  <w>Det</w>
  <w>som</w>
  <w>skulle</w>
  <w>förena</w>
  <w>förskolan</w>
  <w>och</w>
  <w>grundskolan</w>
  <w>har</w>
  <w>istället</w>
  <w>på</w>
  <w>många</w>
  <w>håll</w>
  <w>blivit</w>
  <w>en</w>
  <w>isolerad</w>
  <w>ö</w>
  <w>mellan</w>
  <w>för</w>
  <w>-</w>
  <w>och</w>
  <w>grundskolan</w>
  <absaspan id=75>
    <w>.</w>
  </absaspan>
  <w>Resultatet</w>
  <w>är</w>
  <w>att</w>
  <absaspan id=76 senti=2>
    <w>värdefull</w>
    <w>tid</w>
  </absaspan>
  <w>i</w>
  <w>våra</w>
  <w>sexåringars</w>
  <w>liv</w>
  <absaspan id=77 senti=2>
    <w>går</w>
  </absaspan>
  <absaspan id=78 senti=2>
    <w>förlorad</w>
  </absaspan>
  <w>.</w>
  <w>Det</w>
  <w>är</w>
  <w>tid</w>
  <w>som</w>
  <w>kan</w>
  <w>användas</w>
  <w>till</w>
  <w>att</w>
  <w>barnen</w>
  <w>istället</w>
  <absaspan id=79 senti=4>
    <w>får</w>
    <w>bättre</w>
    <w>grunder</w>
  </absaspan>
  <w>i</w>
  <w>sin</w>
  <w>läs</w>
  <w>-</w>
  <w>,</w>
  <w>skriv</w>
  <w>och</w>
  <w>räkneinlärning</w>
  <absaspan id=80>
    <w>.</w>
  </absaspan>
</absapar>
<absapar id=13>
  <w>#</w>
  <w>P</w>
  <w>IMM</w>
  <w>.</w>
  <w>3</w>
  <w>.</w>
  <w>Sexåringarnas</w>
  <w>lärare</w>
  <w>måste</w>
  <w>ha</w>
  <w>kunskaper</w>
  <w>i</w>
  <w>läs-skriv</w>
  <w>,</w>
  <w>-</w>
  <w>och</w>
  <w>räkneinlärning</w>
  <w>.</w>
</absapar>
<absapar id=14>
  <absaspan id=81>
    <w>En</w>
    <w>förutsättning</w>
    <w>för</w>
    <w>att</w>
    <w>en</w>
    <w>tidigare</w>
    <w>skolstart</w>
  </absaspan>
  <absaspan id=82 senti=4>
    <w>ska</w>
    <w>bli</w>
    <w>framgångsrik</w>
    <w>och</w>
    <w>gynna</w>
  </absaspan>
  <absaspan id=83>
    <w>barnens</w>
    <w>lärande</w>
    <w>i</w>
    <w>skolan</w>
    <w>är</w>
    <w>att</w>
  </absaspan>
  <absaspan id=84>
    <w>lärarna</w>
    <w>i</w>
    <w>den</w>
    <w>nya</w>
    <w>årskurs</w>
    <w>ett</w>
  </absaspan>
  <absaspan id=85 senti=4>
    <w>har</w>
    <w>rätt</w>
    <w>kvalifikationer</w>
    <w>och</w>
    <w>rätt</w>
    <w>kompetens</w>
  </absaspan>
  <absaspan id=86>
    <w>.</w>
  </absaspan>
  <w>I</w>
  <w>den</w>
  <w>nya</w>
  <w>årskurs</w>
  <w>1</w>
  <w>kommer</w>
  <w>större</w>
  <w>fokus</w>
  <w>att</w>
  <w>läggas</w>
  <w>på</w>
  <w>grundläggande</w>
  <w>läs</w>
  <w>-</w>
  <w>,</w>
  <w>skriv</w>
  <w>-</w>
  <w>och</w>
  <w>räkneinlärning</w>
  <w>och</w>
  <w>kommer</w>
  <w>,</w>
  <w>till</w>
  <w>skillnad</w>
  <w>från</w>
  <w>förskoleklassen</w>
  <w>,</w>
  <w>att</w>
  <w>omfattas</w>
  <w>av</w>
  <w>kunskapsmål</w>
  <w>.</w>
  <w>Att</w>
  <absaspan id=87>
    <w>lärarna</w>
    <w>i</w>
    <w>den</w>
    <w>nya</w>
    <w>årskursen</w>
  </absaspan>
  <absaspan id=88 senti=4>
    <w>har</w>
    <w>rätt</w>
    <w>kompetens</w>
  </absaspan>
  <w>är</w>
  <w>därför</w>
  <w>helt</w>
  <w>avgörande</w>
  <w>,</w>
  <w>oavsett</w>
  <w>deras</w>
  <w>examen</w>
  <absaspan id=89>
    <w>.</w>
  </absaspan>
</absapar>
<absapar id=15>
  <absaspan id=90>
    <w>Alliansens</w>
  </absaspan>
  <absaspan id=91 senti=4>
    <w>målsättning</w>
    <w>är</w>
  </absaspan>
  <absaspan id=92>
    <w>att</w>
    <w>så</w>
    <w>många</w>
    <w>som</w>
    <w>möjligt</w>
    <w>av</w>
    <w>lärarna</w>
    <w>som</w>
    <w>i</w>
    <w>dag</w>
    <w>undervisar</w>
    <w>i</w>
    <w>förskoleklassen</w>
    <w>ska</w>
    <w>kunna</w>
    <w>fortsätta</w>
    <w>att</w>
    <w>undervisa</w>
    <w>i</w>
    <w>nya</w>
    <w>årskurs</w>
    <w>1</w>
  </absaspan>
  <w>.</w>
  <w>Det</w>
  <w>förutsätter</w>
  <w>att</w>
  <w>de</w>
  <w>är</w>
  <w>behöriga</w>
  <w>i</w>
  <w>enlighet</w>
  <w>med</w>
  <w>de</w>
  <w>nya</w>
  <w>kunskapsmål</w>
  <w>som</w>
  <w>kommer</w>
  <w>att</w>
  <w>gälla</w>
  <w>för</w>
  <w>årskursen</w>
  <w>.</w>
  <w>Många</w>
  <w>som</w>
  <w>har</w>
  <w>gått</w>
  <w>den</w>
  <w>nya</w>
  <w>utbildningen</w>
  <w>är</w>
  <w>redan</w>
  <w>behöriga</w>
  <w>och</w>
  <w>har</w>
  <w>kompetens</w>
  <w>att</w>
  <w>undervisa</w>
  <w>i</w>
  <w>hela</w>
  <w>lågstadiet</w>
  <w>.</w>
  <w>De</w>
  <w>som</w>
  <w>inte</w>
  <w>har</w>
  <w>det</w>
  <w>behöver</w>
  <w>få</w>
  <w>en</w>
  <w>kompetensutveckling</w>
  <w>för</w>
  <w>att</w>
  <w>få</w>
  <w>en</w>
  <w>sådan</w>
  <w>behörighet</w>
  <w>.</w>
</absapar>
<absapar id=16>
  <w>När</w>
  <absaspan id=93>
    <w>regeringen</w>
  </absaspan>
  <w>nu</w>
  <absaspan id=94 senti=4>
    <w>har</w>
    <w>lagt</w>
    <w>fram</w>
    <w>sitt</w>
    <w>förslag</w>
    <w>om</w>
  </absaspan>
  <absaspan id=95>
    <w>en</w>
    <w>obligatorisk</w>
    <w>förskoleklass</w>
  </absaspan>
  <w>finns</w>
  <w>ett</w>
  <w>vägval</w>
  <w>:</w>
  <absaspan id=96>
    <w>regeringens</w>
  </absaspan>
  <absaspan id=97 senti=4>
    <w>förslag</w>
    <w>om</w>
  </absaspan>
  <absaspan id=98>
    <w>en</w>
    <w>obligatorisk</w>
    <w>förskoleklass</w>
  </absaspan>
  <w>eller</w>
  <absaspan id=99>
    <w>Alliansens</w>
  </absaspan>
  <absaspan id=100 senti=4>
    <w>förslag</w>
    <w>om</w>
  </absaspan>
  <absaspan id=101>
    <w>en</w>
    <w>skolstart</w>
    <w>från</w>
    <w>sex</w>
    <w>års</w>
    <w>ålder</w>
  </absaspan>
  <w>.</w>
  <w>En</w>
  <w>obligatorisk</w>
  <w>förskoleklass</w>
  <w>innebär</w>
  <w>små</w>
  <w>förändringar</w>
  <w>.</w>
  <absaspan id=102>
    <w>Med</w>
    <w>detta</w>
    <w>förslag</w>
  </absaspan>
  <absaspan id=103 senti=2>
    <w>riskerar</w>
  </absaspan>
  <absaspan id=104>
    <w>Sverige</w>
    <w>därför</w>
    <w>att</w>
    <w>fortsatt</w>
    <w>förbli</w>
    <w>ett</w>
    <w>genomsnittsland</w>
    <w>i</w>
    <w>kunskapsmätningarna</w>
  </absaspan>
  <w>.</w>
</absapar>
<absapar id=17>
  <w>Det</w>
  <w>andra</w>
  <w>valet</w>
  <w>är</w>
  <w>en</w>
  <w>skolstart</w>
  <w>från</w>
  <w>sex</w>
  <w>års</w>
  <w>ålder</w>
  <w>.</w>
  <w>Det</w>
  <w>betyder</w>
  <w>att</w>
  <w>vi</w>
  <w>höjer</w>
  <w>ambitionerna</w>
  <w>i</w>
  <w>svensk</w>
  <w>skola</w>
  <w>.</w>
  <w>Det</w>
  <w>innebär</w>
  <w>ett</w>
  <w>fyraårigt</w>
  <w>lågstadium</w>
  <w>där</w>
  <w>sexåringarna</w>
  <w>får</w>
  <w>en</w>
  <absaspan id=105 senti=4>
    <w>strukturerad</w>
  </absaspan>
  <absaspan id=106>
    <w>undervisning</w>
  </absaspan>
  <w>som</w>
  <w>följer</w>
  <w>grundskolans</w>
  <w>kunskapsmål</w>
  <w>.</w>
  <w>Det</w>
  <w>ger</w>
  <w>inte</w>
  <w>bara</w>
  <w>våra</w>
  <w>elever</w>
  <w>mer</w>
  <w>tid</w>
  <w>tillsammans</w>
  <w>med</w>
  <w>lärarna</w>
  <w>utan</w>
  <w>även</w>
  <w>att</w>
  <w>barnen</w>
  <w>får</w>
  <w>rätt</w>
  <w>till</w>
  <w>samma</w>
  <w>stöd</w>
  <w>och</w>
  <w>hjälp</w>
  <w>som</w>
  <w>i</w>
  <w>dagens</w>
  <w>grundskola</w>
  <w>.</w>
  <w>Sammantaget</w>
  <w>innebär</w>
  <w>en</w>
  <w>skolstart</w>
  <w>från</w>
  <w>sex</w>
  <w>års</w>
  <w>ålder</w>
  <w>en</w>
  <w>förändring</w>
  <w>för</w>
  <w>100</w>
  <w>procent</w>
  <w>av</w>
  <w>sexåringarnas</w>
  <w>tid</w>
  <w>i</w>
  <w>skolan</w>
  <w>.</w>
  <w>Detta</w>
  <w>till</w>
  <w>skillnad</w>
  <w>från</w>
  <absaspan id=107>
    <w>regeringens</w>
  </absaspan>
  <absaspan id=108 senti=4>
    <w>förslag</w>
  </absaspan>
  <w>som</w>
  <w>enbart</w>
  <w>påverkar</w>
  <w>de</w>
  <w>dryga</w>
  <w>två</w>
  <w>procent</w>
  <w>av</w>
  <w>sexåringarna</w>
  <w>som</w>
  <w>i</w>
  <w>dag</w>
  <w>inte</w>
  <w>går</w>
  <w>i</w>
  <w>förskoleklassen</w>
  <w>.</w>
</absapar>
<absapar id=18>
  <absaspan id=109 senti=5>
    <w>Fler</w>
    <w>barn</w>
    <w>och</w>
    <w>unga</w>
    <w>behöver</w>
    <w>få</w>
    <w>känna</w>
    <w>glädjen</w>
    <w>av</w>
    <w>att</w>
    <w>lyckas</w>
    <w>och</w>
    <w>att</w>
    <w>gå</w>
    <w>en</w>
    <w>ljus</w>
    <w>framtid</w>
    <w>till</w>
    <w>mötes</w>
    <w>där</w>
    <w>alla</w>
    <w>dörrar</w>
    <w>till</w>
    <w>jobb</w>
    <w>och</w>
    <w>studier</w>
    <w>står</w>
    <w>öppna</w>
  </absaspan>
  <w>.</w>
  <w>Därför</w>
  <absaspan id=110 senti=2>
    <w>kommer</w>
  </absaspan>
  <absaspan id=111>
    <w>vi</w>
  </absaspan>
  <absaspan id=112 senti=2>
    <w>att</w>
  </absaspan>
  <absaspan id=113 senti=2>
    <w>rösta</w>
    <w>nej</w>
    <w>till</w>
  </absaspan>
  <absaspan id=114>
    <w>hela</w>
    <w>regeringens</w>
    <w>proposition</w>
  </absaspan>
  <w>och</w>
  <w>istället</w>
  <absaspan id=115 senti=4>
    <w>rösta</w>
    <w>ja</w>
    <w>till</w>
  </absaspan>
  <absaspan id=116>
    <w>att</w>
    <w>ge</w>
    <w>alla</w>
    <w>våra</w>
    <w>vetgiriga</w>
    <w>sexåringar</w>
  </absaspan>
  <absaspan id=117>
    <w>en</w>
  </absaspan>
  <absaspan id=118 senti=4>
    <w>bra</w>
  </absaspan>
  <absaspan id=119>
    <w>skolstart</w>
  </absaspan>
  <w>.</w>
  <absaspan id=120>
    <w>Sverige</w>
  </absaspan>
  <absaspan id=121 senti=4>
    <w>behöver</w>
  </absaspan>
  <absaspan id=122>
    <w>en</w>
    <w>tioårig</w>
    <w>grundskola</w>
  </absaspan>
  <w>.</w>
</absapar>
<absapar id=19>
  <w>Camilla</w>
  <w>Waltersson</w>
  <w>Grönvall</w>
  <w>(</w>
  <w>M</w>
  <w>)</w>
  <w>.</w>
</absapar>
<absapar id=20>
  <w>utbildningspolitisk</w>
  <w>talesperson</w>
  <w>.</w>
</absapar>
<absapar id=21>
  <w>Ulrika</w>
  <w>Carlsson</w>
  <w>(</w>
  <w>C</w>
  <w>)</w>
  <w>.</w>
</absapar>
<absapar id=22>
  <w>utbildningspolitisk</w>
  <w>talesperson</w>
  <w>.</w>
</absapar>
<absapar id=23>
  <w>Christer</w>
  <w>Nylander</w>
  <w>(</w>
  <w>L</w>
  <w>)</w>
  <w>.</w>
</absapar>
<absapar id=24>
  <w>utbildningspolitisk</w>
  <w>talesperson</w>
  <w>.</w>
</absapar>
<absapar id=25>
  <w>Annika</w>
  <w>Eclund</w>
  <w>(</w>
  <w>KD</w>
  <w>)</w>
  <w>.</w>
</absapar>
<absapar id=26>
  <w>utbildningspolitisk</w>
  <w>talesperson</w>
  <w>.</w>
</absapar>
<absapar id=27>
  <w>Redaktör</w>
  <w>:</w>
  <w>Carina</w>
  <w>Stensson</w>
  <w>,</w>
  <w>Biträdande</w>
  <w>redaktör</w>
  <w>:</w>
  <w>Björn</w>
  <w>Jorner</w>
  <w>,</w>
  <w>Mejl</w>
  <w>:</w>
  <w>debatt</w>
  <w>@</w>
  <w>svd.se</w>
  <w>,</w>
  <w>Telefonnummer</w>
  <w>:</w>
  <w>08</w>
  <w>-</w>
  <w>135149</w>
  <w>,</w>
  <w>Twitter</w>
  <w>:</w>
  <w>@</w>
  <w>SvDDebatt</w>
  <w>,</w>
  <w>Facebook</w>
  <w>:</w>
  <w>SvD</w>
  <w>Debatt</w>
  <w>.</w>
</absapar>
</absadoc>
