<absadoc annotators=1 senti=>
<absatitle>
  <w>Finns</w>
  <w>asylsökande</w>
  <w>och</w>
  <w>folk</w>
  <w>utan</w>
  <w>uppehållstillstånd</w>
  <w>med</w>
  <w>på</w>
  <w>ratsit</w>
  <w>?</w>
</absatitle>
<absapar id=1>
  <w>Finns</w>
  <w>asylsökande</w>
  <w>och</w>
  <w>folk</w>
  <w>utan</w>
  <w>uppehållstillstånd</w>
  <w>med</w>
  <w>på</w>
  <w>ratsit</w>
  <w>?</w>
  <w>Jag</w>
  <w>menar</w>
  <w>inte</w>
  <w>"</w>
  <w>papperslösa</w>
  <w>"</w>
  <w>som</w>
  <w>fått</w>
  <w>avslag</w>
  <w>och</w>
  <w>gömmer</w>
  <w>sig</w>
  <w>i</w>
  <w>någon</w>
  <w>förort</w>
  <w>utan</w>
  <w>folk</w>
  <w>som</w>
  <w>inte</w>
  <w>har</w>
  <w>fått</w>
  <w>beslut</w>
  <w>än</w>
  <w>tex</w>
  <w>.</w>
</absapar>
</absadoc>
