<absadoc annotators=1 senti=>
<absatitle>
  <w>Vi</w>
  <w>är</w>
  <w>redo</w>
  <w>att</w>
  <w>riva</w>
  <w>upp</w>
  <w>Lavallagen</w>
  <w>.</w>
</absatitle>
<absapar id=1>
  <w>ARBETSRÄTT</w>
  <w>Regeringens</w>
  <w>lagförslag</w>
  <w>efter</w>
  <w>Lavaldomen</w>
  <w>öppnar</w>
  <w>för</w>
  <absaspan id=1 senti=1>
    <w>lönedumpning</w>
  </absaspan>
  <w>och</w>
  <absaspan id=2 senti=1>
    <w>illojal</w>
    <w>konkurrens</w>
  </absaspan>
  <w>.</w>
  <w>Om</w>
  <w>vi</w>
  <w>inte</w>
  <w>lyckas</w>
  <w>stoppa</w>
  <w>förslaget</w>
  <w>nu</w>
  <w>kommer</w>
  <w>vi</w>
  <w>,</w>
  <w>om</w>
  <w>vi</w>
  <w>vinner</w>
  <w>valet</w>
  <w>,</w>
  <w>att</w>
  <w>riva</w>
  <w>upp</w>
  <w>lagen</w>
  <w>,</w>
  <w>skriver</w>
  <w>Sven-Erik</w>
  <w>Österberg</w>
  <w>(</w>
  <w>S</w>
  <w>)</w>
  <w>,</w>
  <w>Josefin</w>
  <w>Brink</w>
  <w>(</w>
  <w>V</w>
  <w>)</w>
  <w>och</w>
  <w>Ulf</w>
  <w>Holm</w>
  <w>(</w>
  <w>MP</w>
  <w>)</w>
  <w>.</w>
</absapar>
<absapar id=2>
  <w>För</w>
  <w>oss</w>
  <w>rödgröna</w>
  <w>är</w>
  <w>det</w>
  <w>självklart</w>
  <w>att</w>
  <w>alla</w>
  <w>som</w>
  <w>arbetar</w>
  <w>i</w>
  <w>Sverige</w>
  <w>ska</w>
  <w>ha</w>
  <w>lika</w>
  <w>villkor</w>
  <w>och</w>
  <w>rättigheter</w>
  <w>i</w>
  <w>arbetslivet</w>
  <w>.</w>
  <w>Därför</w>
  <w>menar</w>
  <w>vi</w>
  <w>att</w>
  <w>den</w>
  <w>svenska</w>
  <w>kollektivavtalsmodellen</w>
  <w>ska</w>
  <w>gälla</w>
  <w>lika</w>
  <w>för</w>
  <w>såväl</w>
  <w>svenska</w>
  <w>som</w>
  <w>utländska</w>
  <w>företag</w>
  <w>som</w>
  <w>verkar</w>
  <w>i</w>
  <w>Sverige</w>
  <w>.</w>
  <absaspan id=3>
    <w>Regeringen</w>
  </absaspan>
  <absaspan id=4 senti=5 irony>
    <w>talar</w>
    <w>vackert</w>
  </absaspan>
  <w>om</w>
  <w>den</w>
  <w>svenska</w>
  <w>kollektivavtalsmodellen</w>
  <w>,</w>
  <w>men</w>
  <w>i</w>
  <w>praktiken</w>
  <w>vill</w>
  <w>den</w>
  <w>införa</w>
  <absaspan id=5 senti=1>
    <w>kraftiga</w>
    <w>begränsningar</w>
    <w>av</w>
    <w>grundläggande</w>
    <w>fri</w>
    <w>-</w>
    <w>och</w>
    <w>rättigheter</w>
  </absaspan>
  <w>i</w>
  <w>arbetslivet</w>
  <w>.</w>
</absapar>
<absapar id=3>
  <w>Det</w>
  <w>här</w>
  <w>är</w>
  <w>en</w>
  <w>argumenterande</w>
  <w>text</w>
  <w>med</w>
  <w>syfte</w>
  <w>att</w>
  <w>påverka</w>
  <w>.</w>
  <w>Åsikterna</w>
  <w>som</w>
  <w>uttrycks</w>
  <w>är</w>
  <w>skribentens</w>
  <w>egna</w>
  <w>.</w>
</absapar>
<absapar id=4>
  <w>Det</w>
  <w>lagförslag</w>
  <w>som</w>
  <w>nu</w>
  <w>ligger</w>
  <w>på</w>
  <w>riksdagens</w>
  <w>bord</w>
  <w>,</w>
  <w>med</w>
  <w>anledning</w>
  <w>av</w>
  <w>Lavaldomen</w>
  <w>i</w>
  <w>EG-domstolen</w>
  <w>,</w>
  <w>öppnar</w>
  <w>för</w>
  <absaspan id=6 senti=1>
    <w>lönedumpning</w>
  </absaspan>
  <w>och</w>
  <absaspan id=7 senti=1>
    <w>illojal</w>
    <w>konkurrens</w>
  </absaspan>
  <w>.</w>
  <w>Om</w>
  <w>lagförslaget</w>
  <w>genomförs</w>
  <w>innebär</w>
  <w>det</w>
  <w>historiska</w>
  <absaspan id=8 senti=2>
    <w>inskränkningar</w>
  </absaspan>
  <w>av</w>
  <w>fackets</w>
  <w>rätt</w>
  <w>att</w>
  <w>fritt</w>
  <w>förhandla</w>
  <w>och</w>
  <w>teckna</w>
  <w>kollektivavtal</w>
  <w>med</w>
  <w>utländska</w>
  <w>företag</w>
  <w>och</w>
  <w>av</w>
  <w>rätten</w>
  <w>att</w>
  <w>använda</w>
  <w>stridsåtgärder</w>
  <w>för</w>
  <w>att</w>
  <w>få</w>
  <w>ett</w>
  <w>avtal</w>
  <w>till</w>
  <w>stånd</w>
  <w>.</w>
</absapar>
<absapar id=5>
  <w>Regeringens</w>
  <w>förslag</w>
  <w>går</w>
  <w>längre</w>
  <w>än</w>
  <w>vad</w>
  <w>som</w>
  <w>kan</w>
  <w>motiveras</w>
  <w>av</w>
  <w>EG-domstolens</w>
  <w>dom</w>
  <w>.</w>
  <w>Det</w>
  <w>angriper</w>
  <w>grundförutsättningarna</w>
  <w>för</w>
  <w>att</w>
  <w>den</w>
  <w>svenska</w>
  <w>kollektivavtalsmodellen</w>
  <w>ska</w>
  <w>fungera</w>
  <w>och</w>
  <w>utmanar</w>
  <w>föreningsfriheten</w>
  <w>som</w>
  <w>skyddas</w>
  <w>såväl</w>
  <w>i</w>
  <w>svensk</w>
  <w>grundlag</w>
  <w>som</w>
  <w>i</w>
  <w>Europakonventionen</w>
  <w>och</w>
  <w>i</w>
  <w>andra</w>
  <w>konventioner</w>
  <w>som</w>
  <w>Sverige</w>
  <w>ratificerat</w>
  <w>.</w>
</absapar>
<absapar id=6>
  <w>Efter</w>
  <w>Lavaldomen</w>
  <w>har</w>
  <absaspan id=9>
    <w>regeringen</w>
  </absaspan>
  <w>,</w>
  <w>trots</w>
  <w>att</w>
  <w>den</w>
  <w>talar</w>
  <w>om</w>
  <absaspan id=10>
    <w>den</w>
    <w>svenska</w>
    <w>kollektivavtalsmodellens</w>
  </absaspan>
  <absaspan id=11 senti=5>
    <w>förträfflighet</w>
  </absaspan>
  <w>,</w>
  <absaspan id=12 senti=2>
    <w>inte</w>
    <w>lyft</w>
    <w>ett</w>
    <w>finger</w>
  </absaspan>
  <w>för</w>
  <w>att</w>
  <w>försvara</w>
  <w>den</w>
  <w>.</w>
  <w>Inte</w>
  <w>ens</w>
  <w>under</w>
  <w>det</w>
  <w>halvår</w>
  <w>då</w>
  <w>Sverige</w>
  <w>var</w>
  <w>ordförandeland</w>
  <w>för</w>
  <w>EU</w>
  <w>tog</w>
  <w>Reinfeldt</w>
  <w>och</w>
  <w>Littorin</w>
  <w>ett</w>
  <w>enda</w>
  <w>initiativ</w>
  <w>i</w>
  <absaspan id=13>
    <w>den</w>
    <w>fråga</w>
  </absaspan>
  <w>som</w>
  <w>kan</w>
  <absaspan id=14 senti=1>
    <w>medföra</w>
    <w>allvarliga</w>
    <w>konsekvenser</w>
  </absaspan>
  <w>för</w>
  <w>Europas</w>
  <w>löntagare</w>
  <w>.</w>
  <w>Regeringen</w>
  <w>blinkar</w>
  <w>åt</w>
  <w>vänster</w>
  <w>men</w>
  <w>svänger</w>
  <w>åt</w>
  <w>höger</w>
  <w>.</w>
</absapar>
<absapar id=7>
  <w>Om</w>
  <w>regeringen</w>
  <w>får</w>
  <w>som</w>
  <w>den</w>
  <w>vill</w>
  <w>kommer</w>
  <w>olika</w>
  <w>regler</w>
  <w>att</w>
  <w>gälla</w>
  <w>för</w>
  <w>svenska</w>
  <w>respektive</w>
  <w>utländska</w>
  <w>företag</w>
  <w>och</w>
  <w>anställda</w>
  <w>.</w>
  <w>Det</w>
  <w>blir</w>
  <w>i</w>
  <w>praktiken</w>
  <w>frivilligt</w>
  <w>för</w>
  <w>utländska</w>
  <w>företag</w>
  <w>att</w>
  <w>tillämpa</w>
  <w>svenska</w>
  <w>löne</w>
  <w>-</w>
  <w>och</w>
  <w>anställningsvillkor</w>
  <w>.</w>
  <w>De</w>
  <w>som</w>
  <w>vill</w>
  <w>konkurrera</w>
  <w>med</w>
  <absaspan id=15 senti=2>
    <w>lönedumpning</w>
  </absaspan>
  <w>och</w>
  <absaspan id=16 senti=2>
    <w>sämre</w>
  </absaspan>
  <absaspan id=17>
    <w>arbetsvillkor</w>
  </absaspan>
  <w>kan</w>
  <w>göra</w>
  <w>det</w>
  <w>.</w>
  <w>Utan</w>
  <w>kollektivavtal</w>
  <w>vet</w>
  <w>vi</w>
  <w>av</w>
  <w>erfarenhet</w>
  <w>att</w>
  <absaspan id=18>
    <w>löner</w>
    <w>och</w>
    <w>villkor</w>
  </absaspan>
  <absaspan id=19 senti=2>
    <w>successivt</w>
    <w>försämras</w>
  </absaspan>
  <w>för</w>
  <w>alla</w>
  <w>på</w>
  <w>arbetsmarknaden</w>
  <w>.</w>
  <w>Då</w>
  <w>finns</w>
  <w>det</w>
  <w>heller</w>
  <w>ingen</w>
  <w>rättslig</w>
  <w>grund</w>
  <w>för</w>
  <w>facket</w>
  <w>att</w>
  <w>i</w>
  <w>efterhand</w>
  <w>kräva</w>
  <w>tillbaka</w>
  <w>förlorad</w>
  <w>lön</w>
  <w>för</w>
  <w>löntagare</w>
  <w>,</w>
  <w>om</w>
  <w>det</w>
  <w>visar</w>
  <w>sig</w>
  <w>att</w>
  <w>företaget</w>
  <w>otillåtet</w>
  <w>sänkt</w>
  <w>lönerna</w>
  <w>.</w>
</absapar>
<absapar id=8>
  <w>Regeringen</w>
  <w>anser</w>
  <w>inte</w>
  <w>heller</w>
  <w>att</w>
  <w>utländska</w>
  <w>arbetstagare</w>
  <w>ska</w>
  <w>omfattas</w>
  <w>av</w>
  <w>avtalsförsäkringar</w>
  <w>om</w>
  <w>de</w>
  <w>råkar</w>
  <w>ut</w>
  <w>för</w>
  <w>en</w>
  <w>arbetsolycka</w>
  <w>.</w>
  <absaspan id=20>
    <w>En</w>
  </absaspan>
  <absaspan id=21>
    <w>arbetstagare</w>
    <w>som</w>
    <w>invalidiseras</w>
    <w>kan</w>
    <w>då</w>
    <w>stå</w>
    <w>helt</w>
    <w>utan</w>
    <w>ersättning</w>
    <w>om</w>
    <w>det</w>
    <w>visar</w>
    <w>sig</w>
    <w>att</w>
    <w>hans</w>
    <w>arbetsgivare</w>
    <w>inte</w>
    <w>kan</w>
    <w>betala</w>
    <w>skadestånd</w>
  </absaspan>
  <w>.</w>
  <w>Även</w>
  <absaspan id=22>
    <w>det</w>
  </absaspan>
  <w>är</w>
  <w>förstås</w>
  <absaspan id=23 senti=1>
    <w>en</w>
    <w>fullständigt</w>
    <w>oacceptabel</w>
    <w>ordning</w>
  </absaspan>
  <w>.</w>
</absapar>
<absapar id=9>
  <absaspan id=24>
    <w>Vi</w>
    <w>rödgröna</w>
  </absaspan>
  <w>anser</w>
  <w>att</w>
  <absaspan id=25>
    <w>borgerliga</w>
    <w>regeringens</w>
    <w>lagförslag</w>
  </absaspan>
  <absaspan id=26 senti=1>
    <w>innehåller</w>
    <w>så</w>
    <w>många</w>
    <w>allvarliga</w>
    <w>brister</w>
  </absaspan>
  <w>att</w>
  <w>det</w>
  <w>inte</w>
  <w>kan</w>
  <w>få</w>
  <w>träda</w>
  <w>i</w>
  <w>kraft</w>
  <w>.</w>
</absapar>
<absapar id=10>
  <w>Vi</w>
  <w>kommer</w>
  <w>att</w>
  <w>begära</w>
  <w>att</w>
  <w>förslaget</w>
  <w>läggs</w>
  <w>på</w>
  <w>is</w>
  <w>eftersom</w>
  <w>det</w>
  <w>innebär</w>
  <absaspan id=27 senti=1>
    <w>allvarliga</w>
    <w>inskränkningar</w>
  </absaspan>
  <w>av</w>
  <w>den</w>
  <w>grundlagsskyddade</w>
  <w>föreningsrätten</w>
  <w>.</w>
  <w>Lyckas</w>
  <w>vi</w>
  <w>skjuta</w>
  <w>upp</w>
  <w>beslutet</w>
  <w>genom</w>
  <w>en</w>
  <w>så</w>
  <w>kallad</w>
  <w>vilandeförklaring</w>
  <w>skapar</w>
  <w>vi</w>
  <w>rådrum</w>
  <w>för</w>
  <w>att</w>
  <w>hitta</w>
  <w>en</w>
  <w>lösning</w>
  <w>på</w>
  <w>hur</w>
  <w>grundläggande</w>
  <w>fackliga</w>
  <w>rättigheter</w>
  <w>och</w>
  <w>den</w>
  <w>svenska</w>
  <w>kollektivavtalsmodellen</w>
  <w>ska</w>
  <w>kunna</w>
  <w>värnas</w>
  <w>och</w>
  <w>utvecklas</w>
  <w>.</w>
</absapar>
<absapar id=11>
  <w>Sverige</w>
  <w>behöver</w>
  <w>ordning</w>
  <w>och</w>
  <w>reda</w>
  <w>på</w>
  <w>arbetsmarknaden</w>
  <w>.</w>
  <w>Om</w>
  <w>vi</w>
  <w>rödgröna</w>
  <w>inte</w>
  <w>lyckas</w>
  <w>stoppa</w>
  <w>förslaget</w>
  <w>nu</w>
  <w>kommer</w>
  <w>vi</w>
  <w>,</w>
  <w>om</w>
  <w>vi</w>
  <w>vinner</w>
  <w>valet</w>
  <w>,</w>
  <w>att</w>
  <w>riva</w>
  <w>upp</w>
  <w>lagen</w>
  <w>och</w>
  <w>påbörja</w>
  <w>ett</w>
  <w>arbete</w>
  <w>för</w>
  <w>att</w>
  <w>garantera</w>
  <w>att</w>
  <w>den</w>
  <w>svenska</w>
  <w>modellen</w>
  <w>där</w>
  <w>fack</w>
  <w>och</w>
  <w>arbetsgivare</w>
  <w>förhandlar</w>
  <w>om</w>
  <w>löner</w>
  <w>och</w>
  <w>villkor</w>
  <w>och</w>
  <w>tecknar</w>
  <w>kollektivavtal</w>
  <w>även</w>
  <w>ska</w>
  <w>kunna</w>
  <w>tillämpas</w>
  <w>fullt</w>
  <w>ut</w>
  <w>på</w>
  <w>utländska</w>
  <w>företag</w>
  <w>som</w>
  <w>bedriver</w>
  <w>verksamhet</w>
  <w>i</w>
  <w>Sverige</w>
  <w>.</w>
  <w>Detta</w>
  <w>arbete</w>
  <w>kommer</w>
  <w>att</w>
  <w>ske</w>
  <w>i</w>
  <w>nära</w>
  <w>samverkan</w>
  <w>med</w>
  <w>arbetsmarknadens</w>
  <w>parter</w>
  <w>.</w>
</absapar>
<absapar id=12>
  <w>Vi</w>
  <w>vill</w>
  <w>i</w>
  <w>det</w>
  <w>arbetet</w>
  <w>se</w>
  <w>över</w>
  <w>relevant</w>
  <w>lagstiftning</w>
  <w>i</w>
  <w>syfte</w>
  <w>att</w>
  <absaspan id=28 senti=4>
    <w>säkra</w>
  </absaspan>
  <absaspan id=29 senti=4>
    <w>sund</w>
  </absaspan>
  <absaspan id=30>
    <w>konkurrens</w>
  </absaspan>
  <w>och</w>
  <absaspan id=31>
    <w>fackliga</w>
    <w>rättigheter</w>
  </absaspan>
  <w>.</w>
  <w>Till</w>
  <w>exempel</w>
  <w>måste</w>
  <w>villkoren</w>
  <w>för</w>
  <w>F-skatt</w>
  <w>få</w>
  <w>en</w>
  <w>sådan</w>
  <w>utformning</w>
  <w>att</w>
  <w>anställningstryggheten</w>
  <w>inte</w>
  <w>kan</w>
  <w>kringgås</w>
  <w>.</w>
  <w>Vi</w>
  <w>vill</w>
  <w>också</w>
  <w>att</w>
  <w>Sverige</w>
  <w>ska</w>
  <w>ratificera</w>
  <w>Internationella</w>
  <w>arbetsorganisationens</w>
  <w>(</w>
  <w>ILO</w>
  <w>)</w>
  <w>konvention</w>
  <w>94</w>
  <w>som</w>
  <w>slår</w>
  <w>fast</w>
  <w>att</w>
  <w>offentlig</w>
  <w>upphandling</w>
  <w>ska</w>
  <w>innehålla</w>
  <w>klausuler</w>
  <w>som</w>
  <w>garanterar</w>
  <w>arbetstagare</w>
  <w>löner</w>
  <w>,</w>
  <w>arbetstid</w>
  <w>och</w>
  <w>andra</w>
  <w>villkor</w>
  <w>som</w>
  <absaspan id=32 senti=3>
    <w>inte</w>
  </absaspan>
  <w>är</w>
  <absaspan id=33 senti=3>
    <w>mindre</w>
  </absaspan>
  <absaspan id=34 senti=3>
    <w>förmånliga</w>
  </absaspan>
  <w>än</w>
  <w>de</w>
  <w>som</w>
  <w>finns</w>
  <w>i</w>
  <w>kollektivavtal</w>
  <w>.</w>
</absapar>
<absapar id=13>
  <w>Men</w>
  <absaspan id=35 senti=3>
    <w>det</w>
    <w>räcker</w>
    <w>inte</w>
    <w>med</w>
  </absaspan>
  <absaspan id=36 senti=3>
    <w>att</w>
    <w>problemet</w>
    <w>löses</w>
    <w>i</w>
    <w>Sverige</w>
  </absaspan>
  <w>.</w>
  <w>EU</w>
  <w>:</w>
  <w>s</w>
  <w>lagstiftning</w>
  <w>måste</w>
  <w>ändras</w>
  <w>så</w>
  <w>att</w>
  <w>nya</w>
  <w>fall</w>
  <w>av</w>
  <absaspan id=37 senti=2>
    <w>löne</w>
    <w>-</w>
    <w>och</w>
    <w>villkorsdumpning</w>
  </absaspan>
  <w>omöjliggörs</w>
  <w>.</w>
  <w>Vi</w>
  <w>kommer</w>
  <w>att</w>
  <w>verka</w>
  <w>för</w>
  <w>att</w>
  <w>de</w>
  <w>fackliga</w>
  <w>rättigheterna</w>
  <w>garanteras</w>
  <w>på</w>
  <w>EU-nivå</w>
  <w>genom</w>
  <w>ett</w>
  <w>bindande</w>
  <w>socialt</w>
  <w>protokoll</w>
  <w>.</w>
  <w>Rätten</w>
  <w>att</w>
  <w>vidta</w>
  <w>fackliga</w>
  <w>stridsåtgärder</w>
  <w>över</w>
  <w>gränserna</w>
  <w>måste</w>
  <w>göras</w>
  <w>till</w>
  <w>en</w>
  <w>lagstadgad</w>
  <w>rättighet</w>
  <w>i</w>
  <w>EU</w>
  <w>.</w>
</absapar>
<absapar id=14>
  <w>Kampen</w>
  <w>för</w>
  <w>svenska</w>
  <w>kollektivavtal</w>
  <w>handlar</w>
  <w>om</w>
  <w>att</w>
  <absaspan id=38>
    <w>alla</w>
    <w>arbetstagare</w>
  </absaspan>
  <absaspan id=39 senti=3>
    <w>ska</w>
    <w>behandlas</w>
    <w>lika</w>
  </absaspan>
  <w>,</w>
  <w>oavsett</w>
  <w>om</w>
  <w>man</w>
  <w>kommer</w>
  <w>från</w>
  <w>Ronneby</w>
  <w>,</w>
  <w>Riga</w>
  <w>eller</w>
  <w>Rotterdam</w>
  <w>.</w>
  <w>Vi</w>
  <w>rödgröna</w>
  <w>menar</w>
  <w>att</w>
  <absaspan id=40>
    <w>ökade</w>
    <w>möjligheter</w>
    <w>att</w>
    <w>arbeta</w>
    <w>i</w>
    <w>olika</w>
    <w>länder</w>
  </absaspan>
  <absaspan id=41 senti=4>
    <w>i</w>
    <w>grunden</w>
    <w>är</w>
    <w>positivt</w>
  </absaspan>
  <w>.</w>
  <w>Men</w>
  <absaspan id=42>
    <w>fri</w>
    <w>rörlighet</w>
  </absaspan>
  <absaspan id=43 senti=2>
    <w>får</w>
    <w>inte</w>
    <w>innebära</w>
    <w>försämrade</w>
    <w>villkor</w>
  </absaspan>
  <w>för</w>
  <w>löntagarna</w>
  <w>.</w>
  <w>Därför</w>
  <w>ser</w>
  <absaspan id=44>
    <w>vi</w>
  </absaspan>
  <w>det</w>
  <w>som</w>
  <absaspan id=45 senti=5>
    <w>en</w>
    <w>central</w>
    <w>uppgift</w>
    <w>att</w>
    <w>värna</w>
  </absaspan>
  <absaspan id=46>
    <w>de</w>
    <w>fackliga</w>
    <w>rättigheterna</w>
  </absaspan>
  <w>och</w>
  <absaspan id=47>
    <w>den</w>
    <w>svenska</w>
    <w>kollektivavtalsmodellen</w>
  </absaspan>
  <w>.</w>
  <w>Målsättningen</w>
  <w>med</w>
  <w>de</w>
  <w>borgerligas</w>
  <w>politik</w>
  <w>i</w>
  <w>Sverige</w>
  <w>och</w>
  <w>i</w>
  <w>EU</w>
  <w>verkar</w>
  <w>vara</w>
  <w>den</w>
  <w>motsatta</w>
  <w>.</w>
</absapar>
<absapar id=15>
  <w>SVEN-ERIK</w>
  <w>ÖSTERBERG</w>
  <w>(</w>
  <w>S</w>
  <w>)</w>
  <w>.</w>
</absapar>
<absapar id=16>
  <w>arbetsmarknadspolitisk</w>
  <w>talespersonJOSEFIN</w>
  <w>BRINK</w>
  <w>(</w>
  <w>V</w>
  <w>)</w>
  <w>.</w>
</absapar>
<absapar id=17>
  <w>arbetsmarknadspolitisk</w>
  <w>talespersonULF</w>
  <w>HOLM</w>
  <w>(</w>
  <w>MP</w>
  <w>)</w>
  <w>.</w>
</absapar>
<absapar id=18>
  <w>arbetsmarknadspolitisk</w>
  <w>talesperson</w>
  <w>.</w>
</absapar>
<absapar id=19>
  <w>#</w>
  <w>P</w>
  <w>IMM</w>
  <w>.</w>
  <w>2004</w>
  <w>blockerade</w>
  <w>LO-förbunden</w>
  <w>Byggnads</w>
  <w>och</w>
  <w>Elektrikerna</w>
  <w>det</w>
  <w>lettiska</w>
  <w>företaget</w>
  <w>Laval</w>
  <w>un</w>
  <w>Partneris</w>
  <w>skolbygge</w>
  <w>i</w>
  <w>Vaxholm</w>
  <w>efter</w>
  <w>att</w>
  <w>företaget</w>
  <w>vägrade</w>
  <w>teckna</w>
  <w>svenska</w>
  <w>kollektivavtal</w>
  <w>.</w>
  <w>Fallet</w>
  <w>gick</w>
  <w>vidare</w>
  <w>till</w>
  <w>EG-domstolen</w>
  <w>som</w>
  <w>2007</w>
  <w>dömde</w>
  <w>till</w>
  <w>fackets</w>
  <w>nackdel.Riksdagen</w>
  <w>väntas</w>
  <w>fatta</w>
  <w>beslut</w>
  <w>den</w>
  <w>18</w>
  <w>februari</w>
  <w>om</w>
  <w>en</w>
  <w>ny</w>
  <w>lag</w>
  <w>som</w>
  <w>ska</w>
  <w>reglera</w>
  <w>villkoren</w>
  <w>för</w>
  <w>utländsk</w>
  <w>arbetskraft</w>
  <w>i</w>
  <w>Sverige</w>
  <w>,</w>
  <w>men</w>
  <w>oppositionen</w>
  <w>har</w>
  <w>krävt</w>
  <w>en</w>
  <w>vilandeförklaring</w>
  <w>av</w>
  <w>beslutet</w>
  <w>om</w>
  <w>lagförslaget</w>
  <w>.</w>
  <w>Det</w>
  <w>kan</w>
  <w>innebära</w>
  <w>att</w>
  <w>lagen</w>
  <w>skjuts</w>
  <w>upp</w>
  <w>ett</w>
  <w>år</w>
  <w>.</w>
  <w>Lagrådet</w>
  <w>ska</w>
  <w>nu</w>
  <w>yttra</w>
  <w>sig</w>
  <w>om</w>
  <w>en</w>
  <w>vilandeförklaring</w>
  <w>.</w>
</absapar>
<absapar id=20>
  <w>Redaktör</w>
  <w>:</w>
  <w>Carina</w>
  <w>Stensson</w>
  <w>,</w>
  <w>Biträdande</w>
  <w>redaktör</w>
  <w>:</w>
  <w>Björn</w>
  <w>Jorner</w>
  <w>,</w>
  <w>Mejl</w>
  <w>:</w>
  <w>debatt</w>
  <w>@</w>
  <w>svd.se</w>
  <w>,</w>
  <w>Telefonnummer</w>
  <w>:</w>
  <w>08</w>
  <w>-</w>
  <w>135149</w>
  <w>,</w>
  <w>Twitter</w>
  <w>:</w>
  <w>@</w>
  <w>SvDDebatt</w>
  <w>,</w>
  <w>Facebook</w>
  <w>:</w>
  <w>SvD</w>
  <w>Debatt</w>
  <w>.</w>
</absapar>
</absadoc>
