<absadoc annotators=1 senti=>
<absatitle>
  <w>Årets</w>
  <w>jakt</w>
  <w>ska</w>
  <w>noga</w>
  <w>utvärderas</w>
  <w>.</w>
</absatitle>
<absapar id=1>
  <w>VARGJAKTEN</w>
  <absaspan id=1>
    <w>En</w>
    <w>okontrollerad</w>
    <w>ökning</w>
    <w>av</w>
    <w>genetiskt</w>
    <w>svaga</w>
    <w>vargar</w>
  </absaspan>
  <absaspan id=2 senti=2>
    <w>hotar</w>
  </absaspan>
  <w>på</w>
  <w>sikt</w>
  <w>hela</w>
  <w>vargstammen</w>
  <w>.</w>
  <w>Regeringen</w>
  <w>tar</w>
  <w>därför</w>
  <w>krafttag</w>
  <w>för</w>
  <w>en</w>
  <w>friskare</w>
  <w>vargstam</w>
  <w>med</w>
  <w>en</w>
  <w>lägre</w>
  <w>tillväxt</w>
  <w>genom</w>
  <w>skyddsjakt</w>
  <w>.</w>
  <w>Men</w>
  <absaspan id=3>
    <w>med</w>
    <w>rätt</w>
    <w>att</w>
    <w>jaga</w>
  </absaspan>
  <absaspan id=4 senti=4>
    <w>följer</w>
    <w>också</w>
    <w>ansvar</w>
  </absaspan>
  <w>,</w>
  <w>skriver</w>
  <w>miljöminister</w>
  <absaspan id=5>
    <w>Andreas</w>
    <w>Carlgren</w>
  </absaspan>
  <w>.</w>
</absapar>
<absapar id=2>
  <w>Många</w>
  <w>har</w>
  <w>de</w>
  <w>senaste</w>
  <w>dagarna</w>
  <w>engagerat</w>
  <w>sig</w>
  <w>för</w>
  <w>vargarna</w>
  <w>i</w>
  <w>Sverige</w>
  <absaspan id=6>
    <w>.</w>
  </absaspan>
  <w>Det</w>
  <absaspan id=7 senti=4>
    <w>välkomnar</w>
  </absaspan>
  <absaspan id=8>
    <w>jag</w>
  </absaspan>
  <w>!</w>
  <absaspan id=9>
    <w>Debattens</w>
    <w>vågor</w>
    <w>har</w>
    <w>gått</w>
    <w>höga</w>
  </absaspan>
  <w>,</w>
  <w>men</w>
  <absaspan id=10 senti=2>
    <w>låt</w>
    <w>det</w>
    <w>inte</w>
    <w>skymma</w>
  </absaspan>
  <w>den</w>
  <w>breda</w>
  <w>enigheten</w>
  <w>om</w>
  <w>att</w>
  <w>Sverige</w>
  <w>ska</w>
  <w>ha</w>
  <w>en</w>
  <w>långsiktigt</w>
  <w>uthållig</w>
  <w>vargstam</w>
  <w>.</w>
  <w>För</w>
  <w>att</w>
  <w>få</w>
  <w>det</w>
  <w>måste</w>
  <w>vargen</w>
  <w>kunna</w>
  <w>samexistera</w>
  <w>med</w>
  <w>andra</w>
  <w>djur</w>
  <w>och</w>
  <w>med</w>
  <w>människan</w>
  <w>,</w>
  <w>och</w>
  <w>vargstammen</w>
  <w>kunna</w>
  <w>utvecklas</w>
  <w>med</w>
  <w>fler</w>
  <w>friska</w>
  <w>individer</w>
  <w>.</w>
  <w>Detta</w>
  <w>är</w>
  <w>målet</w>
  <w>med</w>
  <w>regeringens</w>
  <w>nya</w>
  <w>rovdjurspolitik</w>
  <w>.</w>
</absapar>
<absapar id=3>
  <w>Det</w>
  <w>här</w>
  <w>är</w>
  <w>en</w>
  <w>argumenterande</w>
  <w>text</w>
  <w>med</w>
  <w>syfte</w>
  <w>att</w>
  <w>påverka</w>
  <w>.</w>
  <w>Åsikterna</w>
  <w>som</w>
  <w>uttrycks</w>
  <w>är</w>
  <w>skribentens</w>
  <w>egna</w>
  <w>.</w>
</absapar>
<absapar id=4>
  <w>Det</w>
  <w>finns</w>
  <w>mycket</w>
  <absaspan id=11 senti=2>
    <w>starka</w>
    <w>och</w>
    <w>legitima</w>
    <w>motstående</w>
    <w>intressen</w>
  </absaspan>
  <w>i</w>
  <absaspan id=12>
    <w>vargfrågan</w>
    <w>.</w>
  </absaspan>
  <w>Regeringen</w>
  <w>vill</w>
  <w>skapa</w>
  <w>förutsättningar</w>
  <w>för</w>
  <absaspan id=13 senti=4>
    <w>respekt</w>
    <w>och</w>
    <w>förståelse</w>
  </absaspan>
  <absaspan id=14>
    <w>mellan</w>
    <w>de</w>
    <w>olika</w>
    <w>intressena</w>
  </absaspan>
  <w>.</w>
  <w>Det</w>
  <absaspan id=15 senti=4>
    <w>gagnar</w>
  </absaspan>
  <absaspan id=16>
    <w>vargen</w>
  </absaspan>
  <w>långsiktigt</w>
  <w>och</w>
  <absaspan id=17 senti=4>
    <w>ger</w>
    <w>acceptans</w>
  </absaspan>
  <w>för</w>
  <absaspan id=18>
    <w>dess</w>
    <w>existens</w>
    <w>i</w>
    <w>faunan</w>
  </absaspan>
  <absaspan id=19>
    <w>.</w>
  </absaspan>
  <w>När</w>
  <w>tonen</w>
  <w>höjs</w>
  <w>tvingas</w>
  <w>ytterligheterna</w>
  <w>fram</w>
  <w>.</w>
  <w>Där</w>
  <w>har</w>
  <w>vi</w>
  <w>alla</w>
  <w>ett</w>
  <w>ansvar</w>
  <w>.</w>
  <w>Förloraren</w>
  <absaspan id=20 senti=2>
    <w>riskerar</w>
  </absaspan>
  <w>annars</w>
  <w>vara</w>
  <absaspan id=21>
    <w>vargen</w>
  </absaspan>
  <w>.</w>
  <w>Vargfrågan</w>
  <w>löses</w>
  <w>inte</w>
  <w>genom</w>
  <w>vare</w>
  <w>sig</w>
  <w>krav</w>
  <w>på</w>
  <w>"</w>
  <w>ett</w>
  <w>par</w>
  <w>tusen</w>
  <w>vargar</w>
  <w>i</w>
  <w>Sverige</w>
  <w>"</w>
  <w>eller</w>
  <w>krav</w>
  <w>på</w>
  <w>att</w>
  <w>skjuta</w>
  <w>bort</w>
  <w>alla</w>
  <w>vargar</w>
  <w>ur</w>
  <w>skogen</w>
  <w>.</w>
</absapar>
<absapar id=5>
  <w>Sverige</w>
  <w>ska</w>
  <w>generellt</w>
  <w>ha</w>
  <w>livskraftiga</w>
  <w>stammar</w>
  <w>av</w>
  <w>björn</w>
  <w>,</w>
  <w>varg</w>
  <w>,</w>
  <w>järv</w>
  <w>,</w>
  <w>lodjur</w>
  <w>och</w>
  <w>kungsörn</w>
  <w>.</w>
  <absaspan id=22 senti=4>
    <w>Vi</w>
  </absaspan>
  <absaspan id=23 senti=4>
    <w>är</w>
    <w>på</w>
    <w>god</w>
    <w>väg</w>
  </absaspan>
  <w>.</w>
  <w>Sverige</w>
  <w>är</w>
  <w>ett</w>
  <w>av</w>
  <w>de</w>
  <w>länder</w>
  <w>i</w>
  <w>Europa</w>
  <w>där</w>
  <w>rovdjursstammarna</w>
  <w>på</w>
  <w>senare</w>
  <w>år</w>
  <w>har</w>
  <w>haft</w>
  <w>den</w>
  <w>starkaste</w>
  <w>tillväxten</w>
  <w>.</w>
</absapar>
<absapar id=6>
  <w>Från</w>
  <w>att</w>
  <w>vargen</w>
  <w>varit</w>
  <w>i</w>
  <w>det</w>
  <w>närmaste</w>
  <w>utrotad</w>
  <w>i</w>
  <w>Sverige</w>
  <w>har</w>
  <w>vargstammens</w>
  <w>tillväxt</w>
  <w>varit</w>
  <w>upp</w>
  <w>mot</w>
  <w>15</w>
  <w>procent</w>
  <w>per</w>
  <w>år</w>
  <w>.</w>
  <w>När</w>
  <w>riksdagen</w>
  <w>fattade</w>
  <w>beslut</w>
  <w>om</w>
  <w>etappmålet</w>
  <w>för</w>
  <w>varg</w>
  <w>fanns</w>
  <w>det</w>
  <w>cirka</w>
  <w>80</w>
  <w>vargar</w>
  <w>i</w>
  <w>Sverige</w>
  <w>.</w>
  <w>Förra</w>
  <w>året</w>
  <w>konstaterade</w>
  <w>Naturvårdsverket</w>
  <w>att</w>
  <w>etappmålet</w>
  <w>nåtts</w>
  <w>och</w>
  <w>att</w>
  <w>det</w>
  <w>då</w>
  <w>fanns</w>
  <w>över</w>
  <w>200</w>
  <w>vargar</w>
  <w>i</w>
  <w>Sverige</w>
  <w>.</w>
</absapar>
<absapar id=7>
  <w>Tillväxten</w>
  <w>har</w>
  <w>dock</w>
  <w>skett</w>
  <w>från</w>
  <w>ytterst</w>
  <w>få</w>
  <w>individer</w>
  <w>,</w>
  <w>närmare</w>
  <w>bestämt</w>
  <w>tre</w>
  <w>vargar</w>
  <w>från</w>
  <w>början</w>
  <w>av</w>
  <w>1970</w>
  <w>-</w>
  <w>talet</w>
  <w>.</w>
  <w>Det</w>
  <w>finns</w>
  <w>därför</w>
  <w>på</w>
  <w>grund</w>
  <w>av</w>
  <w>inavel</w>
  <w>varg</w>
  <w>med</w>
  <w>bland</w>
  <w>annat</w>
  <w>skador</w>
  <w>på</w>
  <w>ryggkotor</w>
  <w>,</w>
  <w>hjärt</w>
  <w>-</w>
  <w>och</w>
  <w>njurfel</w>
  <w>.</w>
</absapar>
<absapar id=8>
  <w>Allt</w>
  <w>fler</w>
  <w>vargar</w>
  <w>med</w>
  <w>dessa</w>
  <w>genetiska</w>
  <w>skador</w>
  <w>leder</w>
  <w>inte</w>
  <w>till</w>
  <w>en</w>
  <w>livskraftig</w>
  <w>vargstam</w>
  <w>.</w>
  <w>Tvärtom</w>
  <w>.</w>
  <w>Den</w>
  <w>snabba</w>
  <w>tillväxten</w>
  <w>av</w>
  <w>genetiskt</w>
  <w>sjuka</w>
  <w>vargar</w>
  <absaspan id=24 senti=2>
    <w>riskerar</w>
  </absaspan>
  <w>att</w>
  <absaspan id=25>
    <w>även</w>
    <w>-</w>
    <w>tyra</w>
    <w>målet</w>
    <w>för</w>
    <w>hela</w>
    <w>rovdjurspolitiken</w>
  </absaspan>
  <w>.</w>
  <absaspan id=26 senti=2>
    <w>Under</w>
    <w>allt</w>
    <w>för</w>
    <w>många</w>
    <w>år</w>
    <w>gjordes</w>
    <w>allt</w>
    <w>för</w>
    <w>lite</w>
  </absaspan>
  <w>för</w>
  <w>att</w>
  <absaspan id=27>
    <w>möta</w>
    <w>det</w>
    <w>som</w>
    <w>är</w>
    <w>det</w>
    <w>verkliga</w>
    <w>hotet</w>
    <w>mot</w>
    <w>livskraftiga</w>
    <w>stammar</w>
  </absaspan>
  <w>:</w>
  <w>de</w>
  <absaspan id=28>
    <w>svenska</w>
    <w>vargarnas</w>
  </absaspan>
  <absaspan id=29 senti=2>
    <w>genetiska</w>
    <w>problem</w>
  </absaspan>
  <w>.</w>
  <w>Därmed</w>
  <absaspan id=30 senti=2>
    <w>sveks</w>
  </absaspan>
  <absaspan id=31>
    <w>miljö</w>
    <w>-</w>
    <w>intresset</w>
  </absaspan>
  <w>.</w>
  <w>Det</w>
  <w>ändrar</w>
  <w>jag</w>
  <w>och</w>
  <w>regeringen</w>
  <w>nu</w>
  <w>på</w>
  <w>.</w>
</absapar>
<absapar id=9>
  <w>Skräddarsydda</w>
  <w>kurser</w>
  <w>i</w>
  <w>ämnen</w>
  <w>som</w>
  <w>intresserar</w>
  <w>och</w>
  <w>engagerar</w>
  <w>både</w>
  <w>kropp</w>
  <w>och</w>
  <w>själ</w>
  <w>.</w>
</absapar>
<absapar id=10>
  <w>Ur</w>
  <absaspan id=32>
    <w>naturvårdens</w>
  </absaspan>
  <w>synvinkel</w>
  <w>är</w>
  <w>därför</w>
  <absaspan id=33 senti=4>
    <w>det</w>
    <w>viktigaste</w>
    <w>att</w>
    <w>ta</w>
    <w>krafttag</w>
  </absaspan>
  <w>för</w>
  <w>att</w>
  <absaspan id=34>
    <w>stärka</w>
    <w>vargstammens</w>
    <w>genetik</w>
  </absaspan>
  <w>.</w>
  <w>Inte</w>
  <w>en</w>
  <w>okontrollerad</w>
  <w>ökning</w>
  <w>av</w>
  <w>antalet</w>
  <w>vargar</w>
  <w>med</w>
  <w>svag</w>
  <w>genetik</w>
  <w>.</w>
  <absaspan id=35>
    <w>Svag</w>
    <w>genetik</w>
  </absaspan>
  <w>–</w>
  <w>det</w>
  <w>var</w>
  <w>också</w>
  <w>det</w>
  <w>samfällda</w>
  <w>budskapet</w>
  <w>om</w>
  <w>det</w>
  <absaspan id=36 senti=2>
    <w>allvarligaste</w>
    <w>hotet</w>
  </absaspan>
  <w>mot</w>
  <w>vargens</w>
  <w>framtid</w>
  <w>i</w>
  <w>Sverige</w>
  <w>i</w>
  <w>den</w>
  <w>dialog</w>
  <w>jag</w>
  <w>haft</w>
  <w>med</w>
  <w>jägar</w>
  <w>-</w>
  <w>och</w>
  <w>miljöorganisationerna</w>
  <w>.</w>
</absapar>
<absapar id=11>
  <w>I</w>
  <w>nystarten</w>
  <w>för</w>
  <w>en</w>
  <w>trovärdig</w>
  <w>rovdjurspolitik</w>
  <w>har</w>
  <w>vi</w>
  <w>initierat</w>
  <w>åtgärder</w>
  <w>både</w>
  <w>som</w>
  <w>stärker</w>
  <w>möjligheterna</w>
  <w>till</w>
  <w>livskraftiga</w>
  <w>stammar</w>
  <w>och</w>
  <absaspan id=37 senti=4>
    <w>ökar</w>
    <w>acceptansen</w>
  </absaspan>
  <w>för</w>
  <absaspan id=38>
    <w>rovdjuren</w>
    <w>.</w>
  </absaspan>
  <w>En</w>
  <w>trovärdig</w>
  <w>rovdjurspolitik</w>
  <w>tar</w>
  <w>hänsyn</w>
  <w>både</w>
  <w>till</w>
  <w>naturvårdsintressen</w>
  <w>och</w>
  <w>till</w>
  <w>berörda</w>
  <w>människor</w>
  <w>i</w>
  <w>rovdjursområdena</w>
  <w>.</w>
</absapar>
<absapar id=12>
  <w>Regeringen</w>
  <w>tar</w>
  <w>krafttag</w>
  <w>för</w>
  <w>friskare</w>
  <w>vargar</w>
  <w>.</w>
  <w>Åtgärderna</w>
  <w>inriktas</w>
  <w>på</w>
  <w>att</w>
  <w>under</w>
  <w>de</w>
  <w>närmaste</w>
  <w>fem</w>
  <w>åren</w>
  <w>ska</w>
  <w>upp</w>
  <w>till</w>
  <w>20</w>
  <w>vargar</w>
  <w>som</w>
  <w>förökar</w>
  <w>sig</w>
  <w>och</w>
  <w>ökar</w>
  <w>den</w>
  <w>genetiska</w>
  <w>variationen</w>
  <w>införlivas</w>
  <w>med</w>
  <w>de</w>
  <w>vargar</w>
  <w>som</w>
  <w>redan</w>
  <w>finns</w>
  <w>här</w>
  <w>.</w>
  <w>Framförallt</w>
  <w>ska</w>
  <w>naturlig</w>
  <w>invandring</w>
  <w>österifrån</w>
  <w>(</w>
  <w>Finland</w>
  <w>och</w>
  <w>Ryssland</w>
  <w>)</w>
  <w>underlättas</w>
  <w>genom</w>
  <w>att</w>
  <w>dessa</w>
  <w>vargar</w>
  <w>slussas</w>
  <w>genom</w>
  <w>renbeteslandet</w>
  <w>ned</w>
  <w>genom</w>
  <w>Sverige</w>
  <w>.</w>
  <w>Det</w>
  <w>kan</w>
  <w>också</w>
  <w>bli</w>
  <absaspan id=39 senti=4>
    <w>nödvändigt</w>
  </absaspan>
  <w>med</w>
  <absaspan id=40>
    <w>flytt</w>
    <w>av</w>
    <w>dessa</w>
    <w>vargar</w>
  </absaspan>
  <w>förbi</w>
  <w>renbetesområdet</w>
  <w>.</w>
</absapar>
<absapar id=13>
  <w>Den</w>
  <w>snabba</w>
  <w>tillväxten</w>
  <w>av</w>
  <w>varg</w>
  <w>de</w>
  <w>senaste</w>
  <w>åren</w>
  <w>har</w>
  <w>inneburit</w>
  <w>ökande</w>
  <w>konflikter</w>
  <w>med</w>
  <w>människor</w>
  <w>,</w>
  <w>i</w>
  <w>synnerhet</w>
  <w>tamdjursägare</w>
  <w>i</w>
  <w>mellersta</w>
  <w>Sverige</w>
  <w>där</w>
  <w>det</w>
  <w>är</w>
  <w>tätt</w>
  <w>mellan</w>
  <w>vargreviren</w>
  <w>.</w>
  <w>Samtidigt</w>
  <w>har</w>
  <absaspan id=41>
    <w>begränsat</w>
    <w>medborgarinflytande</w>
    <w>i</w>
    <w>den</w>
    <w>tidigare</w>
    <w>rovdjurspolitiken</w>
  </absaspan>
  <absaspan id=42 senti=2>
    <w>skapat</w>
    <w>bristande</w>
    <w>förtroende</w>
  </absaspan>
  <w>för</w>
  <w>politik</w>
  <w>och</w>
  <w>förvaltning</w>
  <w>.</w>
  <w>Det</w>
  <w>är</w>
  <w>också</w>
  <w>ett</w>
  <absaspan id=43 senti=2>
    <w>hot</w>
  </absaspan>
  <w>mot</w>
  <absaspan id=44>
    <w>vargen</w>
  </absaspan>
  <w>.</w>
</absapar>
<absapar id=14>
  <w>Samexistens</w>
  <w>mellan</w>
  <w>människor</w>
  <w>och</w>
  <w>rovdjur</w>
  <w>förutsätter</w>
  <w>att</w>
  <w>beslut</w>
  <w>om</w>
  <w>förvaltning</w>
  <w>av</w>
  <w>rov</w>
  <w>-</w>
  <w>djuren</w>
  <w>sker</w>
  <w>lokalt</w>
  <w>.</w>
  <w>Besluten</w>
  <w>ska</w>
  <w>i</w>
  <w>huvudsak</w>
  <w>fattas</w>
  <w>i</w>
  <w>länen</w>
  <w>nära</w>
  <w>människorna</w>
  <w>som</w>
  <w>berörs</w>
  <w>-</w>
  <w>inte</w>
  <w>i</w>
  <w>Stockholm</w>
  <w>eller</w>
  <w>Bryssel</w>
  <w>.</w>
  <w>Nu</w>
  <w>flyttas</w>
  <w>ansvar</w>
  <w>från</w>
  <w>Naturvårdsverket</w>
  <w>till</w>
  <w>länen</w>
  <w>,</w>
  <w>men</w>
  <w>Naturvårdsverket</w>
  <w>har</w>
  <w>ansvar</w>
  <w>för</w>
  <w>uppföljning</w>
  <w>och</w>
  <w>kontroll</w>
  <w>.</w>
</absapar>
<absapar id=15>
  <w>Samtidigt</w>
  <w>förlängs</w>
  <w>riksdagens</w>
  <w>etappmål</w>
  <w>några</w>
  <w>år</w>
  <w>.</w>
  <w>Tillväxten</w>
  <w>hålls</w>
  <w>på</w>
  <w>en</w>
  <w>lägre</w>
  <w>nivå</w>
  <w>genom</w>
  <absaspan id=45 senti=4>
    <w>varsam</w>
    <w>och</w>
    <w>strikt</w>
  </absaspan>
  <absaspan id=46>
    <w>kontrollerad</w>
    <w>licens</w>
    <w>-</w>
    <w>och</w>
    <w>skyddsjakt</w>
  </absaspan>
  <w>.</w>
  <w>Utgångspunkten</w>
  <w>för</w>
  <w>jaktbeslutet</w>
  <w>är</w>
  <w>210</w>
  <w>vargar</w>
  <w>i</w>
  <w>Sverige</w>
  <w>.</w>
  <w>Naturvårdsverket</w>
  <w>har</w>
  <w>säkerställt</w>
  <w>i</w>
  <w>sitt</w>
  <w>beslut</w>
  <w>att</w>
  <w>viss</w>
  <w>marginal</w>
  <w>funnits</w>
  <w>för</w>
  <w>eventuell</w>
  <w>överskjutning</w>
  <w>.</w>
</absapar>
<absapar id=16>
  <absaspan id=47>
    <w>Med</w>
    <w>rätt</w>
    <w>att</w>
    <w>jaga</w>
  </absaspan>
  <absaspan id=48 senti=4>
    <w>följer</w>
    <w>också</w>
    <w>ansvar</w>
  </absaspan>
  <w>.</w>
  <absaspan id=49>
    <w>Jakten</w>
  </absaspan>
  <absaspan id=50 senti=4>
    <w>ska</w>
    <w>ske</w>
    <w>ansvarsfullt</w>
  </absaspan>
  <w>och</w>
  <w>vara</w>
  <w>noggrant</w>
  <w>kontrollerad</w>
  <w>.</w>
  <w>När</w>
  <w>jakt</w>
  <w>inleddes</w>
  <w>på</w>
  <w>björn</w>
  <w>var</w>
  <w>också</w>
  <w>tonen</w>
  <w>uppskruvad</w>
  <w>.</w>
  <w>Nu</w>
  <w>har</w>
  <w>vi</w>
  <w>fler</w>
  <w>björnar</w>
  <w>i</w>
  <w>våra</w>
  <w>skogar</w>
  <w>,</w>
  <absaspan id=51>
    <w>jakten</w>
  </absaspan>
  <absaspan id=52 senti=4>
    <w>har</w>
    <w>skett</w>
    <w>ansvarsfullt</w>
  </absaspan>
  <w>och</w>
  <w>de</w>
  <w>olika</w>
  <absaspan id=53 senti=4>
    <w>intressen</w>
  </absaspan>
  <w>som</w>
  <w>finns</w>
  <w>från</w>
  <absaspan id=54>
    <w>naturvård</w>
    <w>och</w>
    <w>jägarhåll</w>
  </absaspan>
  <w>har</w>
  <w>närmat</w>
  <w>sig</w>
  <w>varandra</w>
  <w>.</w>
  <w>I</w>
  <w>stort</w>
  <w>har</w>
  <absaspan id=55>
    <w>berörda</w>
    <w>under</w>
    <w>jakten</w>
  </absaspan>
  <absaspan id=56 senti=4>
    <w>visat</w>
    <w>ansvar</w>
  </absaspan>
  <w>och</w>
  <w>kontroll</w>
  <w>har</w>
  <w>skett</w>
  <w>.</w>
  <w>Ändå</w>
  <w>är</w>
  <w>det</w>
  <absaspan id=57 senti=4>
    <w>viktigt</w>
  </absaspan>
  <w>att</w>
  <absaspan id=58>
    <w>gå</w>
    <w>igenom</w>
    <w>erfarenheter</w>
    <w>och</w>
    <w>lärdomar</w>
  </absaspan>
  <w>.</w>
  <w>Därför</w>
  <w>ska</w>
  <w>länens</w>
  <w>erfarenheter</w>
  <w>leda</w>
  <w>till</w>
  <w>noggrann</w>
  <w>utvärdering</w>
  <w>av</w>
  <w>Naturvårdsverket</w>
  <w>.</w>
  <w>På</w>
  <w>grundval</w>
  <w>av</w>
  <w>den</w>
  <w>får</w>
  <w>vi</w>
  <w>sedan</w>
  <w>bedöma</w>
  <w>vad</w>
  <w>som</w>
  <w>behöver</w>
  <w>göras</w>
  <w>ännu</w>
  <w>bättre</w>
  <w>i</w>
  <w>nästa</w>
  <w>års</w>
  <w>jakt</w>
  <w>.</w>
</absapar>
<absapar id=17>
  <w>I</w>
  <w>arbetet</w>
  <w>för</w>
  <w>en</w>
  <w>ny</w>
  <w>trovärdig</w>
  <w>rovdjurspolitik</w>
  <w>har</w>
  <w>vi</w>
  <w>haft</w>
  <w>flera</w>
  <w>samråd</w>
  <w>och</w>
  <w>en</w>
  <w>nära</w>
  <w>dialog</w>
  <w>med</w>
  <w>jakt</w>
  <w>-</w>
  <w>och</w>
  <w>naturvårdsorganisationer</w>
  <w>,</w>
  <w>liksom</w>
  <w>företrädare</w>
  <w>för</w>
  <w>de</w>
  <w>gröna</w>
  <w>näringarna</w>
  <w>och</w>
  <w>renägare</w>
  <w>.</w>
  <w>Vi</w>
  <w>behöver</w>
  <w>ett</w>
  <w>samtal</w>
  <w>kring</w>
  <w>våra</w>
  <w>rovdjur</w>
  <w>där</w>
  <w>olika</w>
  <w>i</w>
  <w>sig</w>
  <w>legitima</w>
  <w>intressen</w>
  <w>närmar</w>
  <w>sig</w>
  <w>varandra</w>
  <w>.</w>
  <absaspan id=59>
    <w>Jag</w>
  </absaspan>
  <absaspan id=60 senti=4>
    <w>är</w>
    <w>övertygad</w>
    <w>om</w>
  </absaspan>
  <w>att</w>
  <absaspan id=61>
    <w>vi</w>
    <w>har</w>
    <w>ett</w>
    <w>gemensamt</w>
    <w>intresse</w>
    <w>av</w>
    <w>en</w>
    <w>livskraftig</w>
    <w>vargstam</w>
  </absaspan>
  <w>och</w>
  <w>att</w>
  <w>människa</w>
  <w>och</w>
  <w>varg</w>
  <w>kan</w>
  <w>leva</w>
  <w>tillsammans</w>
  <w>.</w>
</absapar>
<absapar id=18>
  <w>ANDREAS</w>
  <w>CARLGREN</w>
  <w>.</w>
</absapar>
<absapar id=19>
  <w>Redaktör</w>
  <w>:</w>
  <w>Carina</w>
  <w>Stensson</w>
  <w>,</w>
  <w>Biträdande</w>
  <w>redaktör</w>
  <w>:</w>
  <w>Björn</w>
  <w>Jorner</w>
  <w>,</w>
  <w>Mejl</w>
  <w>:</w>
  <w>debatt</w>
  <w>@</w>
  <w>svd.se</w>
  <w>,</w>
  <w>Telefonnummer</w>
  <w>:</w>
  <w>08</w>
  <w>-</w>
  <w>135149</w>
  <w>,</w>
  <w>Twitter</w>
  <w>:</w>
  <w>@</w>
  <w>SvDDebatt</w>
  <w>,</w>
  <w>Facebook</w>
  <w>:</w>
  <w>SvD</w>
  <w>Debatt</w>
  <w>.</w>
</absapar>
</absadoc>
