<absadoc annotators=1 senti=2>
<absatitle>
  <w>Integration</w>
  <w>.</w>
</absatitle>
<absapar id=1 senti=3>
  <w>Om</w>
  <absaspan id=1>
    <w>integrationen</w>
  </absaspan>
  <absaspan id=2 senti=4>
    <w>skulle</w>
    <w>lyckas</w>
  </absaspan>
  <w>i</w>
  <w>Sverige</w>
  <w>skulle</w>
  <w>man</w>
  <w>bli</w>
  <w>tvungen</w>
  <w>att</w>
  <w>förbjuda</w>
  <w>alla</w>
  <w>andra</w>
  <w>språk</w>
  <w>än</w>
  <w>svenskan</w>
  <absaspan id=3>
    <w>.</w>
  </absaspan>
  <w>En</w>
  <w>riksreligion</w>
  <w>skulle</w>
  <w>införas</w>
  <w>,</w>
  <w>ungefär</w>
  <w>som</w>
  <w>på</w>
  <w>vikingatiden</w>
  <w>.</w>
  <w>Hur</w>
  <w>skulle</w>
  <w>det</w>
  <w>se</w>
  <w>ut</w>
  <w>.</w>
</absapar>
<absapar id=2 senti=1>
  <w>Fast</w>
  <absaspan id=4>
    <w>vem</w>
  </absaspan>
  <absaspan id=5 senti=4>
    <w>vill</w>
  </absaspan>
  <absaspan id=6>
    <w>integreras</w>
    <w>med</w>
  </absaspan>
  <absaspan id=7>
    <w>invandrare</w>
  </absaspan>
  <w>,</w>
  <w>det</w>
  <w>är</w>
  <w>dem</w>
  <w>som</w>
  <w>ska</w>
  <w>jobba</w>
  <w>för</w>
  <w>att</w>
  <w>integreras</w>
  <w>.</w>
  <absaspan id=8>
    <w>Sverige</w>
  </absaspan>
  <absaspan id=9 senti=4>
    <w>har</w>
    <w>gjort</w>
    <w>mer</w>
    <w>än</w>
    <w>att</w>
    <w>mötas</w>
    <w>halvvägs</w>
  </absaspan>
  <w>men</w>
  <w>personligen</w>
  <w>vill</w>
  <w>jag</w>
  <w>inte</w>
  <w>mötas</w>
  <w>halvvägs</w>
  <w>,</w>
  <w>för</w>
  <w>mig</w>
  <w>räcker</w>
  <w>det</w>
  <w>med</w>
  <w>att</w>
  <w>stå</w>
  <w>på</w>
  <w>kajjen</w>
  <w>å</w>
  <w>vinka</w>
  <w>av</w>
  <absaspan id=10>
    <w>dem</w>
  </absaspan>
  <w>på</w>
  <w>båten</w>
  <absaspan id=11 senti=2>
    <w>.</w>
  </absaspan>
  <w>Dem</w>
  <w>som</w>
  <w>bytar</w>
  <w>namn</w>
  <w>etc</w>
  <w>det</w>
  <w>är</w>
  <w>dem</w>
  <w>som</w>
  <w>har</w>
  <w>förstått</w>
  <w>en</w>
  <w>del</w>
  <w>av</w>
  <w>poängen</w>
  <w>i</w>
  <w>problematiken</w>
  <w>.</w>
</absapar>
<absapar id=3>
  <w>/</w>
  <w>Vi</w>
  <w>ärver</w>
  <w>jorden</w>
  <w>vi</w>
  <w>lever</w>
  <w>på</w>
  <w>av</w>
  <w>våra</w>
  <w>förfäder</w>
  <w>och</w>
  <w>lånar</w>
  <w>av</w>
  <w>våra</w>
  <w>barn</w>
  <w>.</w>
</absapar>
</absadoc>
