<absadoc annotators=1 senti=>
<absatitle>
  <absaspan id=1>
    <w>Ungdomar</w>
  </absaspan>
  <w>är</w>
  <absaspan id=2 senti=2 target=1>
    <w>för</w>
    <w>dyra</w>
    <w>att</w>
    <w>anställa</w>
  </absaspan>
  <w>.</w>
</absatitle>
<absapar id=1>
  <w>Folkpartiet</w>
  <w>har</w>
  <w>under</w>
  <w>partiets</w>
  <w>helgmöte</w>
  <w>lyft</w>
  <w>frågan</w>
  <w>om</w>
  <w>vad</w>
  <w>som</w>
  <w>går</w>
  <w>att</w>
  <w>göra</w>
  <w>åt</w>
  <w>ungdomsarbetslösheten</w>
  <w>.</w>
  <w>Det</w>
  <w>är</w>
  <w>inte</w>
  <w>en</w>
  <w>dag</w>
  <w>för</w>
  <w>tidigt</w>
  <w>.</w>
  <w>Sverige</w>
  <w>har</w>
  <w>den</w>
  <w>högsta</w>
  <w>relativa</w>
  <w>ungdomsarbetslösheten</w>
  <w>av</w>
  <w>samtliga</w>
  <w>OECD-länder</w>
  <w>.</w>
</absapar>
<absapar id=2>
  <w>Däremot</w>
  <w>är</w>
  <w>det</w>
  <w>inte</w>
  <w>upp</w>
  <w>till</w>
  <w>politiken</w>
  <w>att</w>
  <w>på</w>
  <w>egen</w>
  <w>hand</w>
  <w>att</w>
  <w>lösa</w>
  <w>frågan</w>
  <w>.</w>
  <w>Vi</w>
  <absaspan id=3>
    <w>arbetsgivare</w>
    <w>inom</w>
    <w>servicebranschen</w>
  </absaspan>
  <absaspan id=4 senti=4>
    <w>menar</w>
  </absaspan>
  <w>att</w>
  <w>det</w>
  <w>är</w>
  <absaspan id=5>
    <w>särskilt</w>
    <w>angeläget</w>
    <w>att</w>
    <w>arbetsmarknadens</w>
    <w>parter</w>
    <w>inom</w>
    <w>olika</w>
    <w>avtalsområden</w>
    <w>snarast</w>
    <w>verkar</w>
    <w>för</w>
    <w>att</w>
    <w>hitta</w>
    <w>anställningslösningar</w>
    <w>som</w>
    <w>kan</w>
    <w>motverka</w>
    <w>denna</w>
    <w>utveckling</w>
  </absaspan>
  <w>.</w>
</absapar>
<absapar id=3>
  <w>Vi</w>
  <w>vet</w>
  <w>redan</w>
  <w>att</w>
  <absaspan id=6>
    <w>de</w>
    <w>svenska</w>
    <w>ingångslönernas</w>
    <w>höga</w>
    <w>nivå</w>
  </absaspan>
  <absaspan id=7 senti=2>
    <w>utgör</w>
    <w>ett</w>
    <w>hinder</w>
    <w>för</w>
    <w>unga</w>
    <w>att</w>
    <w>ta</w>
    <w>sig</w>
    <w>in</w>
    <w>på</w>
    <w>arbetsmarknaden</w>
  </absaspan>
  <w>.</w>
  <w>Bland</w>
  <w>andra</w>
  <w>IFAU</w>
  <w>,</w>
  <w>OECD</w>
  <w>och</w>
  <w>Långtidsutredningen</w>
  <w>pekar</w>
  <w>på</w>
  <w>detta</w>
  <w>.</w>
</absapar>
<absapar id=4>
  <w>I</w>
  <w>såväl</w>
  <w>service</w>
  <w>-</w>
  <w>,</w>
  <w>handel</w>
  <w>-</w>
  <w>och</w>
  <w>hotell</w>
  <w>och</w>
  <w>restaurangbranscherna</w>
  <w>skiljer</w>
  <w>det</w>
  <w>endast</w>
  <w>runt</w>
  <w>ett</w>
  <w>par</w>
  <w>tusen</w>
  <w>kronor</w>
  <w>mellan</w>
  <w>ingångslön</w>
  <w>och</w>
  <w>slutlön</w>
  <w>.</w>
  <w>Det</w>
  <w>säger</w>
  <w>sig</w>
  <w>självt</w>
  <w>att</w>
  <w>i</w>
  <w>valet</w>
  <w>mellan</w>
  <w>en</w>
  <w>oerfaren</w>
  <w>och</w>
  <w>en</w>
  <w>mer</w>
  <w>erfaren</w>
  <w>person</w>
  <w>så</w>
  <w>väljer</w>
  <w>man</w>
  <w>som</w>
  <w>arbetsgivare</w>
  <w>den</w>
  <w>mer</w>
  <w>erfarne</w>
  <w>om</w>
  <w>den</w>
  <w>avtalsenliga</w>
  <w>skillnaden</w>
  <w>i</w>
  <w>lön</w>
  <w>är</w>
  <w>liten</w>
  <w>eller</w>
  <w>obefintlig</w>
  <w>.</w>
</absapar>
<absapar id=5>
  <w>Särskilt</w>
  <absaspan id=8>
    <w>vi</w>
    <w>som</w>
    <w>är</w>
    <w>verksamma</w>
    <w>inom</w>
    <w>olika</w>
    <w>delar</w>
    <w>av</w>
    <w>servicesektorn</w>
  </absaspan>
  <absaspan id=9 senti=4>
    <w>är</w>
    <w>beroende</w>
    <w>av</w>
  </absaspan>
  <w>att</w>
  <absaspan id=10>
    <w>ha</w>
    <w>tillgång</w>
    <w>till</w>
    <w>ung</w>
    <w>och</w>
    <w>kompetent</w>
    <w>arbetskraft</w>
  </absaspan>
  <w>.</w>
  <w>Samtidigt</w>
  <w>är</w>
  <w>det</w>
  <absaspan id=11>
    <w>många</w>
    <w>unga</w>
    <w>personer</w>
  </absaspan>
  <w>som</w>
  <w>i</w>
  <w>dag</w>
  <w>saknar</w>
  <w>både</w>
  <w>relevant</w>
  <w>utbildning</w>
  <w>och</w>
  <w>arbetslivserfarenhet</w>
  <w>och</w>
  <w>därför</w>
  <absaspan id=12 senti=2>
    <w>har</w>
    <w>det</w>
    <w>särskilt</w>
    <w>svårt</w>
  </absaspan>
  <w>att</w>
  <absaspan id=13>
    <w>få</w>
    <w>ett</w>
    <w>jobb</w>
  </absaspan>
  <w>.</w>
  <w>Dessa</w>
  <w>skulle</w>
  <w>vara</w>
  <w>lättare</w>
  <w>att</w>
  <w>anställa</w>
  <w>om</w>
  <w>man</w>
  <w>till</w>
  <w>anställningen</w>
  <w>kopplar</w>
  <w>ett</w>
  <w>visst</w>
  <w>utbildningsmoment</w>
  <w>samtidigt</w>
  <w>som</w>
  <w>startlönen</w>
  <w>är</w>
  <w>något</w>
  <w>lägre</w>
  <w>än</w>
  <w>minimilönen</w>
  <w>.</w>
</absapar>
<absapar id=6>
  <w>Satsningar</w>
  <w>som</w>
  <w>ungdomsavtalet</w>
  <w>i</w>
  <w>Sollentuna</w>
  <w>,</w>
  <w>där</w>
  <w>kommunen</w>
  <w>prövar</w>
  <w>att</w>
  <w>anställa</w>
  <w>den</w>
  <w>som</w>
  <w>är</w>
  <w>under</w>
  <w>25</w>
  <w>år</w>
  <w>med</w>
  <w>75</w>
  <w>procent</w>
  <w>av</w>
  <w>lägsta</w>
  <w>lönen</w>
  <w>,</w>
  <w>borde</w>
  <w>därmed</w>
  <w>kunna</w>
  <w>utgöra</w>
  <w>modell</w>
  <w>även</w>
  <w>för</w>
  <w>många</w>
  <w>branscher</w>
  <w>i</w>
  <w>det</w>
  <w>privata</w>
  <w>näringslivet</w>
  <w>.</w>
  <w>Liknande</w>
  <w>avtal</w>
  <w>existerar</w>
  <w>redan</w>
  <w>.</w>
  <w>Ett</w>
  <w>exempel</w>
  <w>är</w>
  <w>det</w>
  <w>så</w>
  <w>kallade</w>
  <w>praktikantavtalet</w>
  <w>som</w>
  <w>Skogs</w>
  <w>-</w>
  <w>och</w>
  <w>lantarbetsgivareförbundet</w>
  <w>och</w>
  <w>Kommunal</w>
  <w>slutit</w>
  <w>.</w>
</absapar>
<absapar id=7>
  <w>En</w>
  <w>lägre</w>
  <w>lön</w>
  <w>som</w>
  <w>ung</w>
  <w>är</w>
  <w>,</w>
  <w>tvärtemot</w>
  <w>vad</w>
  <w>det</w>
  <w>kan</w>
  <w>låta</w>
  <w>som</w>
  <w>ibland</w>
  <w>,</w>
  <w>inte</w>
  <w>något</w>
  <w>som</w>
  <w>avgör</w>
  <w>möjligheten</w>
  <w>till</w>
  <w>en</w>
  <w>högre</w>
  <w>lön</w>
  <w>som</w>
  <w>äldre</w>
  <w>.</w>
  <w>Statistiken</w>
  <w>visar</w>
  <w>att</w>
  <w>de</w>
  <w>flesta</w>
  <w>med</w>
  <w>låg</w>
  <w>lön</w>
  <w>snabbt</w>
  <w>klättrar</w>
  <w>uppför</w>
  <w>lönetrappan</w>
  <w>:</w>
  <w>Av</w>
  <w>de</w>
  <w>drygt</w>
  <w>100</w>
  <w>000</w>
  <w>personer</w>
  <w>som</w>
  <w>år</w>
  <w>2004</w>
  <w>hörde</w>
  <w>till</w>
  <w>den</w>
  <w>tiondel</w>
  <w>som</w>
  <w>tjänade</w>
  <w>minst</w>
  <w>låg</w>
  <w>endast</w>
  <w>knappt</w>
  <w>fyra</w>
  <w>av</w>
  <w>tio</w>
  <w>personer</w>
  <w>kvar</w>
  <w>där</w>
  <w>ett</w>
  <w>år</w>
  <w>senare</w>
  <w>.</w>
  <w>Efter</w>
  <w>sex</w>
  <w>år</w>
  <w>var</w>
  <w>endast</w>
  <w>knappt</w>
  <w>en</w>
  <w>av</w>
  <w>tio</w>
  <w>personer</w>
  <w>kvar</w>
  <w>bland</w>
  <w>den</w>
  <w>tiondel</w>
  <w>som</w>
  <w>tjänade</w>
  <w>minst</w>
  <w>.</w>
</absapar>
<absapar id=8>
  <w>Om</w>
  <w>man</w>
  <w>också</w>
  <w>sätter</w>
  <w>de</w>
  <w>svenska</w>
  <w>servicebranscherna</w>
  <w>i</w>
  <w>ett</w>
  <w>bredare</w>
  <w>perspektiv</w>
  <w>ser</w>
  <w>man</w>
  <w>att</w>
  <w>de</w>
  <w>ligger</w>
  <w>märkbart</w>
  <w>efter</w>
  <w>jämfört</w>
  <w>med</w>
  <w>andra</w>
  <w>EU-länder</w>
  <w>.</w>
  <w>Endast</w>
  <w>4,5</w>
  <w>procent</w>
  <w>av</w>
  <w>Sveriges</w>
  <w>totala</w>
  <w>arbetskraft</w>
  <w>finns</w>
  <w>i</w>
  <w>servicesektorn</w>
  <w>.</w>
  <w>Beräkningar</w>
  <w>visar</w>
  <w>att</w>
  <w>om</w>
  <w>dessa</w>
  <w>branscher</w>
  <w>kunde</w>
  <w>växa</w>
  <w>och</w>
  <w>nå</w>
  <w>upp</w>
  <w>till</w>
  <w>EU-snittet</w>
  <w>skulle</w>
  <w>det</w>
  <w>innebära</w>
  <w>att</w>
  <w>över</w>
  <w>130</w>
  <w>000</w>
  <w>nya</w>
  <w>arbetstillfällen</w>
  <w>kunde</w>
  <w>skapas</w>
  <w>-</w>
  <w>vilket</w>
  <w>motsvarar</w>
  <w>en</w>
  <w>tillväxt</w>
  <w>på</w>
  <w>drygt</w>
  <w>30</w>
  <w>procent</w>
  <w>(</w>
  <w>!</w>
  <w>)</w>
  <w>.</w>
</absapar>
<absapar id=9>
  <w>Det</w>
  <w>finns</w>
  <w>alltså</w>
  <w>en</w>
  <absaspan id=14 senti=5>
    <w>enorm</w>
    <w>potential</w>
  </absaspan>
  <w>i</w>
  <w>att</w>
  <absaspan id=15>
    <w>ge</w>
    <w>oss</w>
    <w>som</w>
    <w>verkar</w>
    <w>inom</w>
    <w>dessa</w>
    <w>branscher</w>
    <w>möjlighet</w>
    <w>att</w>
    <w>anställa</w>
    <w>fler</w>
    <w>unga</w>
  </absaspan>
  <w>.</w>
  <w>Med</w>
  <w>särskilda</w>
  <w>ungdomsavtal</w>
  <w>skulle</w>
  <w>det</w>
  <absaspan id=16 senti=4>
    <w>bli</w>
    <w>mer</w>
    <w>attraktivt</w>
  </absaspan>
  <w>för</w>
  <absaspan id=17>
    <w>många</w>
    <w>arbetsgivare</w>
  </absaspan>
  <w>att</w>
  <absaspan id=18>
    <w>anställa</w>
    <w>unga</w>
    <w>och</w>
    <w>oerfarna</w>
    <w>personer</w>
  </absaspan>
  <w>.</w>
  <absaspan id=19>
    <w>Ungdomsavtal</w>
  </absaspan>
  <absaspan id=20 senti=4>
    <w>borde</w>
    <w>vara</w>
    <w>den</w>
    <w>självklara</w>
    <w>frågan</w>
    <w>att</w>
    <w>diskutera</w>
  </absaspan>
  <w>för</w>
  <w>fack</w>
  <w>-</w>
  <w>och</w>
  <w>arbetsgivarorganisationer</w>
  <w>i</w>
  <w>den</w>
  <w>nu</w>
  <w>pågående</w>
  <w>avtalsrörelsen</w>
  <w>.</w>
</absapar>
<absapar id=10>
  <w>Kornelia</w>
  <w>Juhas</w>
  <w>,</w>
  <w>.</w>
</absapar>
<absapar id=11>
  <w>vd</w>
  <w>Junnifart</w>
  <w>.</w>
</absapar>
<absapar id=12>
  <w>Robert</w>
  <w>Andersson</w>
  <w>,</w>
  <w>.</w>
</absapar>
<absapar id=13>
  <w>vd</w>
  <w>Städpulsen</w>
  <w>.</w>
</absapar>
<absapar id=14>
  <w>Helené</w>
  <w>Johansson</w>
  <w>,</w>
  <w>.</w>
</absapar>
<absapar id=15>
  <w>vd</w>
  <w>Brunkebergs</w>
  <w>Bageri</w>
  <w>.</w>
</absapar>
<absapar id=16>
  <w>Anna-Lena</w>
  <w>Bohm</w>
  <w>,</w>
  <w>.</w>
</absapar>
<absapar id=17>
  <w>vd</w>
  <w>Uniguide</w>
  <w>.</w>
</absapar>
<absapar id=18>
  <w>Catharina</w>
  <w>Roos</w>
  <w>,</w>
  <w>.</w>
</absapar>
<absapar id=19>
  <w>vice</w>
  <w>vd</w>
  <w>Welcomegruppen</w>
  <w>med</w>
  <w>Welcome</w>
  <w>Hotel</w>
  <w>och</w>
  <w>Barkarbygård</w>
  <w>.</w>
</absapar>
<absapar id=20>
  <w>Roger</w>
  <w>Blomqvist</w>
  <w>,</w>
  <w>.</w>
</absapar>
<absapar id=21>
  <w>vd</w>
  <w>e3k</w>
  <w>.</w>
</absapar>
<absapar id=22>
  <w>Ulla-Britt</w>
  <w>och</w>
  <w>Dinos</w>
  <w>Mazarakis</w>
  <w>,</w>
  <w>.</w>
</absapar>
<absapar id=23>
  <w>vd</w>
  <w>och</w>
  <w>ägare</w>
  <w>Mazarin</w>
  <w>konditori</w>
  <w>.</w>
</absapar>
<absapar id=24>
  <w>FAKTA</w>
  <w>.</w>
</absapar>
</absadoc>
