<absadoc annotators=1 senti=>
<absatitle>
  <w>Gruppvåldtäkt</w>
  <w>mot</w>
  <w>barn</w>
  <w>,</w>
  <w>Uppsala</w>
  <w>2016</w>
  <w>-</w>
  <w>10</w>
  <w>-</w>
  <w>24</w>
  <w>/</w>
  <w>25</w>
  <w>.</w>
</absatitle>
<absapar id=1>
  <w>Brott</w>
  <w>som</w>
  <w>nämns</w>
  <w>i</w>
  <w>grannforumet</w>
  <w>som</w>
  <w>dock</w>
  <w>borde</w>
  <w>ha</w>
  <w>en</w>
  <w>egen</w>
  <w>tråd</w>
  <w>:</w>
  <w>.</w>
</absapar>
<absapar id=2>
  <w>Överfallsvåldtäkt</w>
  <w>,</w>
  <w>eller</w>
  <w>medlurad</w>
  <w>stackars</w>
  <w>barn</w>
  <w>?</w>
  <w>Var</w>
  <w>,</w>
  <w>när</w>
  <w>,</w>
  <w>hur</w>
  <w>?</w>
  <w>.</w>
</absapar>
<absapar id=3>
  <w>Hur</w>
  <w>säkra</w>
  <w>kan</w>
  <w>vi</w>
  <w>vara</w>
  <w>på</w>
  <w>att</w>
  <w>de</w>
  <w>födda</w>
  <w>1999</w>
  <w>är</w>
  <w>födda</w>
  <w>1999</w>
  <w>?</w>
  <absaspan id=1 senti=2>
    <w>Otur</w>
  </absaspan>
  <w>för</w>
  <absaspan id=2>
    <w>han</w>
    <w>som</w>
    <w>sagt</w>
    <w>att</w>
    <w>han</w>
    <w>är</w>
    <w>född</w>
    <w>1998</w>
  </absaspan>
  <w>,</w>
  <w>när</w>
  <w>det</w>
  <w>nu</w>
  <w>sades</w>
  <w>.</w>
  <w>.</w>
  <w>.</w>
</absapar>
<absapar id=4>
  <w>Har</w>
  <w>kan</w>
  <w>asylsökande</w>
  <w>ensamkommande</w>
  <w>barn</w>
  <w>vara</w>
  <w>skrivna</w>
  <w>hos</w>
  <w>brottslingar</w>
  <w>?</w>
  <w>.</w>
</absapar>
</absadoc>
