<absadoc annotators=1 senti=3>
<absatitle>
  <w>Vi</w>
  <w>kräver</w>
  <absaspan id=1 senti=5 target=1>
    <w>schyssta</w>
    <w>villkor</w>
  </absaspan>
  <w>–</w>
  <w>även</w>
  <w>för</w>
  <w>migrantarbetarna</w>
  <w>.</w>
</absatitle>
<absapar id=1 senti=3>
  <w>Bärplockare</w>
  <w>från</w>
  <w>Thailand</w>
  <w>,</w>
  <w>skogsarbetare</w>
  <w>från</w>
  <w>Kamerun</w>
  <w>,</w>
  <w>restaurangarbetare</w>
  <w>från</w>
  <w>Kina</w>
  <w>,</w>
  <w>lastbilschaufförer</w>
  <w>från</w>
  <w>Balkan</w>
  <w>och</w>
  <w>byggnadsarbetare</w>
  <w>från</w>
  <w>Uzbekistan</w>
  <w>.</w>
  <w>Det</w>
  <w>blir</w>
  <w>nu</w>
  <w>allt</w>
  <w>tydligare</w>
  <w>att</w>
  <w>utnyttjandet</w>
  <w>av</w>
  <w>migrerad</w>
  <w>arbetskraft</w>
  <w>inte</w>
  <w>är</w>
  <w>några</w>
  <w>enstaka</w>
  <w>nyhetsinslag</w>
  <w>eller</w>
  <w>reportage</w>
  <w>.</w>
  <w>Att</w>
  <w>TV4</w>
  <w>:</w>
  <w>s</w>
  <w>Kalla</w>
  <w>Fakta</w>
  <w>nu</w>
  <w>visar</w>
  <w>hur</w>
  <absaspan id=2 senti=1>
    <w>utsatta</w>
  </absaspan>
  <absaspan id=3>
    <w>människor</w>
    <w>från</w>
    <w>andra</w>
    <w>länder</w>
  </absaspan>
  <absaspan id=4 senti=2>
    <w>luras</w>
  </absaspan>
  <w>att</w>
  <w>betala</w>
  <w>dyra</w>
  <w>summor</w>
  <w>för</w>
  <w>arbetstillstånd</w>
  <w>i</w>
  <w>Sverige</w>
  <w>ger</w>
  <absaspan id=5 senti=1>
    <w>en</w>
  </absaspan>
  <w>ytterligare</w>
  <absaspan id=6 senti=1>
    <w>allvarlig</w>
  </absaspan>
  <absaspan id=7 senti=1>
    <w>bild</w>
  </absaspan>
  <w>av</w>
  <w>hur</w>
  <w>de</w>
  <w>nya</w>
  <w>arbetskraftsinvandringsreglerna</w>
  <w>öppnar</w>
  <w>upp</w>
  <w>för</w>
  <w>jobbtrafficking</w>
  <w>och</w>
  <w>annat</w>
  <w>utnyttjande</w>
  <w>av</w>
  <w>migrantarbetare</w>
  <absaspan id=8>
    <w>.</w>
  </absaspan>
  <w>Nu</w>
  <w>krävs</w>
  <w>ett</w>
  <w>kraftfullt</w>
  <w>politiskt</w>
  <w>agerande</w>
  <w>för</w>
  <w>att</w>
  <w>stoppa</w>
  <absaspan id=9 senti=1>
    <w>den</w>
    <w>cyniska</w>
    <w>behandlingen</w>
    <w>av</w>
  </absaspan>
  <absaspan id=10>
    <w>människor</w>
    <w>från</w>
    <w>andra</w>
    <w>länder</w>
  </absaspan>
  <absaspan id=11>
    <w>.</w>
  </absaspan>
</absapar>
<absapar id=2 senti=3>
  <w>LO</w>
  <w>uppskattar</w>
  <w>att</w>
  <w>ungefär</w>
  <w>hälften</w>
  <w>av</w>
  <w>de</w>
  <w>15</w>
  <w>000</w>
  <w>arbetstillstånd</w>
  <w>som</w>
  <w>har</w>
  <w>beviljats</w>
  <w>de</w>
  <w>senaste</w>
  <w>åren</w>
  <w>köpta</w>
  <w>.</w>
  <w>Ändå</w>
  <w>visar</w>
  <w>granskningar</w>
  <w>att</w>
  <w>de</w>
  <w>som</w>
  <w>får</w>
  <w>dessa</w>
  <w>tillstånd</w>
  <w>sällan</w>
  <w>får</w>
  <w>den</w>
  <w>lön</w>
  <w>och</w>
  <w>det</w>
  <w>arbete</w>
  <w>som</w>
  <w>har</w>
  <w>utlovats</w>
  <w>.</w>
  <w>I</w>
  <w>praktiken</w>
  <w>har</w>
  <w>det</w>
  <w>vuxit</w>
  <w>fram</w>
  <absaspan id=12 senti=1>
    <w>ett</w>
    <w>skuggsamhälle</w>
  </absaspan>
  <w>också</w>
  <w>på</w>
  <w>arbetsmarknaden</w>
  <w>,</w>
  <w>som</w>
  <w>präglas</w>
  <w>av</w>
  <w>mycket</w>
  <w>hårda</w>
  <w>arbetsvillkor</w>
  <w>,</w>
  <w>extremt</w>
  <w>låga</w>
  <w>löner</w>
  <w>,</w>
  <w>utpressning</w>
  <w>och</w>
  <w>rent</w>
  <absaspan id=13 senti=1>
    <w>utnyttjande</w>
    <w>av</w>
  </absaspan>
  <absaspan id=14>
    <w>offer</w>
    <w>för</w>
    <w>jobbtrafficking</w>
  </absaspan>
  <absaspan id=15>
    <w>.</w>
  </absaspan>
  <absaspan id=16 senti=2>
    <w>Grundproblemet</w>
  </absaspan>
  <w>ligger</w>
  <w>i</w>
  <absaspan id=17>
    <w>att</w>
  </absaspan>
  <absaspan id=18 senti=1>
    <w>oseriösa</w>
    <w>och</w>
    <w>kriminella</w>
  </absaspan>
  <absaspan id=19>
    <w>arbetsgivare</w>
  </absaspan>
  <absaspan id=20>
    <w>cyniskt</w>
    <w>utnyttjar</w>
  </absaspan>
  <absaspan id=21 senti=2>
    <w>ett</w>
    <w>slapphänt</w>
  </absaspan>
  <absaspan id=22>
    <w>regelverk</w>
  </absaspan>
  <w>–</w>
  <w>medan</w>
  <w>migrantarbetare</w>
  <w>som</w>
  <w>anmäler</w>
  <w>övergrepp</w>
  <w>och</w>
  <w>utnyttjande</w>
  <w>får</w>
  <w>sparken</w>
  <w>och</w>
  <w>utvisas</w>
  <w>.</w>
</absapar>
<absapar id=3 senti=3>
  <absaspan id=23 senti=4>
    <w>Sverige</w>
    <w>ska</w>
    <w>ha</w>
    <w>en</w>
    <w>stor</w>
    <w>öppenhet</w>
    <w>för</w>
  </absaspan>
  <absaspan id=24>
    <w>människor</w>
    <w>som</w>
    <w>kommer</w>
    <w>hit</w>
    <w>för</w>
    <w>att</w>
    <w>arbeta</w>
  </absaspan>
  <w>.</w>
  <w>Men</w>
  <w>det</w>
  <w>får</w>
  <w>aldrig</w>
  <w>innebära</w>
  <w>att</w>
  <absaspan id=25>
    <w>människor</w>
    <w>i</w>
    <w>en</w>
    <w>utsatt</w>
    <w>position</w>
  </absaspan>
  <absaspan id=26 senti=1>
    <w>utnyttjas</w>
    <w>brutalt</w>
  </absaspan>
  <absaspan id=27>
    <w>.</w>
  </absaspan>
  <absaspan id=28>
    <w>Dagens</w>
    <w>regelverk</w>
  </absaspan>
  <w>har</w>
  <w>inte</w>
  <w>bara</w>
  <absaspan id=29 senti=1>
    <w>misslyckats</w>
  </absaspan>
  <w>med</w>
  <w>att</w>
  <w>garantera</w>
  <absaspan id=30 senti=4>
    <w>schysta</w>
    <w>löner</w>
    <w>och</w>
    <w>villkor</w>
  </absaspan>
  <w>för</w>
  <w>många</w>
  <w>migrantarbetare</w>
  <w>.</w>
  <w>Det</w>
  <w>har</w>
  <w>också</w>
  <w>öppnat</w>
  <w>upp</w>
  <w>för</w>
  <w>jobbtrafficking</w>
  <w>och</w>
  <w>utnyttjande</w>
  <w>av</w>
  <w>utländska</w>
  <w>arbetare</w>
  <w>.</w>
  <absaspan id=31>
    <w>Uppgifterna</w>
    <w>om</w>
    <w>omfattningen</w>
    <w>av</w>
    <w>den</w>
    <w>kriminella</w>
    <w>handel</w>
    <w>med</w>
    <w>arbetstillstånd</w>
    <w>som</w>
    <w>nu</w>
    <w>har</w>
    <w>etablerats</w>
    <w>i</w>
    <w>Sverige</w>
  </absaspan>
  <w>är</w>
  <absaspan id=32 senti=1>
    <w>alarmerande</w>
  </absaspan>
  <w>.</w>
</absapar>
<absapar id=4 senti=3>
  <w>För</w>
  <w>många</w>
  <w>av</w>
  <w>de</w>
  <w>som</w>
  <w>har</w>
  <w>köpt</w>
  <w>arbetstillstånd</w>
  <w>för</w>
  <w>att</w>
  <absaspan id=33 senti=5>
    <w>förverkliga</w>
    <w>en</w>
    <w>dröm</w>
  </absaspan>
  <w>och</w>
  <w>tjäna</w>
  <w>pengar</w>
  <w>väntar</w>
  <w>en</w>
  <w>helt</w>
  <w>annan</w>
  <w>verklighet</w>
  <w>.</w>
  <w>Vi</w>
  <w>möter</w>
  <w>ofta</w>
  <w>gästarbetare</w>
  <w>som</w>
  <w>bor</w>
  <w>i</w>
  <w>pannrum</w>
  <w>,</w>
  <w>i</w>
  <w>källare</w>
  <w>och</w>
  <w>i</w>
  <w>tält</w>
  <w>mitt</w>
  <w>ute</w>
  <w>i</w>
  <w>skogen</w>
  <w>.</w>
  <w>Människor</w>
  <w>som</w>
  <w>göms</w>
  <w>och</w>
  <w>som</w>
  <w>tjänar</w>
  <w>16</w>
  <w>kronor</w>
  <w>i</w>
  <w>timmen</w>
  <w>och</w>
  <w>får</w>
  <w>ge</w>
  <w>hälften</w>
  <w>till</w>
  <w>arbetsgivaren</w>
  <w>för</w>
  <w>mat</w>
  <w>och</w>
  <w>boende</w>
  <w>.</w>
  <w>Och</w>
  <w>kvinnor</w>
  <w>och</w>
  <w>män</w>
  <w>som</w>
  <w>tvingas</w>
  <w>arbeta</w>
  <w>12</w>
  <w>-</w>
  <w>16</w>
  <w>timmar</w>
  <w>om</w>
  <w>dagen</w>
  <w>–</w>
  <w>sju</w>
  <w>dagar</w>
  <w>i</w>
  <w>veckan</w>
  <w>.</w>
  <w>För</w>
  <w>oss</w>
  <w>har</w>
  <w>det</w>
  <w>i</w>
  <w>flera</w>
  <w>år</w>
  <w>varit</w>
  <w>uppenbart</w>
  <w>att</w>
  <w>allt</w>
  <w>fler</w>
  <absaspan id=34>
    <w>arbetsgivare</w>
  </absaspan>
  <w>ser</w>
  <w>sin</w>
  <w>chans</w>
  <w>att</w>
  <w>få</w>
  <w>billig</w>
  <w>och</w>
  <absaspan id=35 senti=4>
    <w>foglig</w>
  </absaspan>
  <absaspan id=36>
    <w>arbetskraft</w>
  </absaspan>
  <w>.</w>
</absapar>
<absapar id=5 senti=3>
  <w>Det</w>
  <w>är</w>
  <w>tydligt</w>
  <w>att</w>
  <w>det</w>
  <w>nu</w>
  <w>behövs</w>
  <w>ett</w>
  <w>nytt</w>
  <w>regelverk</w>
  <w>som</w>
  <w>säkerställer</w>
  <w>att</w>
  <w>också</w>
  <w>migrantarbetare</w>
  <w>får</w>
  <absaspan id=37 senti=4>
    <w>schyssta</w>
    <w>villkor</w>
  </absaspan>
  <w>.</w>
  <w>Ett</w>
  <w>sådant</w>
  <w>skulle</w>
  <w>kunna</w>
  <w>bygga</w>
  <w>på</w>
  <w>följande</w>
  <w>delar</w>
  <w>:</w>
  <w>.</w>
</absapar>
<absapar id=6>
  <w>#</w>
  <w>P</w>
  <w>IMM</w>
  <w>.</w>
  <w>1</w>
  <w>.</w>
  <w>Förhindra</w>
  <absaspan id=38 senti=2>
    <w>lönedumpning</w>
  </absaspan>
  <w>.</w>
  <w>Erbjudandet</w>
  <w>om</w>
  <w>anställning</w>
  <w>måste</w>
  <w>få</w>
  <w>en</w>
  <w>rättslig</w>
  <w>ställning</w>
  <w>,</w>
  <w>och</w>
  <w>måste</w>
  <w>–</w>
  <w>också</w>
  <w>i</w>
  <w>praktiken</w>
  <w>–</w>
  <w>innebära</w>
  <w>samma</w>
  <absaspan id=39 senti=4>
    <w>schysta</w>
    <w>villkor</w>
  </absaspan>
  <w>för</w>
  <w>migrantarbetare</w>
  <w>som</w>
  <w>gäller</w>
  <w>för</w>
  <w>andra</w>
  <w>i</w>
  <w>den</w>
  <w>branschen</w>
  <w>som</w>
  <w>arbetar</w>
  <w>med</w>
  <w>avtalsenliga</w>
  <w>löner</w>
  <w>.</w>
</absapar>
<absapar id=7>
  <w>#</w>
  <w>P</w>
  <absaspan id=40 senti=3>
    <w>IMM</w>
  </absaspan>
  <w>.</w>
  <w>2</w>
  <w>.</w>
  <w>Stoppa</w>
  <w>fusk</w>
  <w>och</w>
  <w>brottslighet</w>
  <w>.</w>
  <w>Skärp</w>
  <w>tillsyns</w>
  <w>-</w>
  <w>och</w>
  <w>sanktionsmöjligheterna</w>
  <w>för</w>
  <w>Migrationsverket</w>
  <w>och</w>
  <w>Skatteverket</w>
  <w>,</w>
  <w>och</w>
  <w>ge</w>
  <w>rättsvårdande</w>
  <w>myndigheter</w>
  <w>både</w>
  <w>resurser</w>
  <w>och</w>
  <w>mandat</w>
  <w>att</w>
  <w>agera</w>
  <w>mer</w>
  <w>kraftfullt</w>
  <w>.</w>
  <w>Stärk</w>
  <w>lagstiftningen</w>
  <w>och</w>
  <w>skärp</w>
  <w>straffsatserna</w>
  <w>för</w>
  <w>jobbtrafficking</w>
  <w>,</w>
  <w>utpressning</w>
  <w>och</w>
  <w>utnyttjande</w>
  <w>av</w>
  <absaspan id=41 senti=1>
    <w>utsatta</w>
  </absaspan>
  <absaspan id=42>
    <w>migranter</w>
  </absaspan>
  <w>,</w>
  <w>samt</w>
  <w>försäljning</w>
  <w>av</w>
  <w>arbetstillstånd</w>
  <absaspan id=43>
    <w>.</w>
  </absaspan>
</absapar>
<absapar id=8>
  <w>#</w>
  <w>P</w>
  <absaspan id=44 senti=3>
    <w>IMM</w>
  </absaspan>
  <w>.</w>
  <w>3</w>
  <w>.</w>
  <w>Stärk</w>
  <w>rättssäkerheten</w>
  <w>.</w>
  <w>Stärk</w>
  <w>rätten</w>
  <w>för</w>
  <w>migrantarbetare</w>
  <w>som</w>
  <w>anmäler</w>
  <w>utnyttjande</w>
  <w>eller</w>
  <w>blir</w>
  <w>av</w>
  <w>med</w>
  <w>jobbet</w>
  <w>att</w>
  <w>få</w>
  <w>stanna</w>
  <w>i</w>
  <w>landet</w>
  <w>hela</w>
  <w>den</w>
  <w>beslutade</w>
  <w>tiden</w>
  <w>.</w>
</absapar>
<absapar id=9>
  <w>#</w>
  <w>P</w>
  <absaspan id=45 senti=3>
    <w>IMM</w>
  </absaspan>
  <w>.</w>
  <w>4</w>
  <w>.</w>
  <w>Inför</w>
  <w>huvudentreprenörsansvar</w>
  <w>.</w>
  <w>Kräv</w>
  <w>att</w>
  <w>huvudentreprenören</w>
  <w>tar</w>
  <w>ansvar</w>
  <w>för</w>
  <w>att</w>
  <w>också</w>
  <w>underentreprenörer</w>
  <w>–</w>
  <w>där</w>
  <w>utnyttjandet</w>
  <w>av</w>
  <w>migrantarbetare</w>
  <w>ofta</w>
  <w>är</w>
  <w>vanligast</w>
  <w>–</w>
  <w>följer</w>
  <absaspan id=46 senti=4>
    <w>schysta</w>
  </absaspan>
  <absaspan id=47>
    <w>arbets</w>
    <w>-</w>
    <w>och</w>
    <w>anställningsvillkor</w>
  </absaspan>
  <w>.</w>
</absapar>
<absapar id=10>
  <w>#</w>
  <w>P</w>
  <absaspan id=48 senti=3>
    <w>IMM</w>
  </absaspan>
  <w>.</w>
  <w>5</w>
  <w>.</w>
  <w>Förhindra</w>
  <w>utnyttjande</w>
  <w>.</w>
  <w>Ge</w>
  <w>ansvariga</w>
  <w>myndigheter</w>
  <w>i</w>
  <w>uppdrag</w>
  <w>att</w>
  <w>göra</w>
  <w>en</w>
  <w>tydligare</w>
  <w>seriositetsgallring</w>
  <w>av</w>
  <w>arbetserbjudandet</w>
  <w>,</w>
  <w>för</w>
  <w>att</w>
  <w>säkerställa</w>
  <w>att</w>
  <w>det</w>
  <w>inte</w>
  <w>finns</w>
  <w>några</w>
  <w>icke-legitima</w>
  <w>bakomliggande</w>
  <w>motiv</w>
  <w>(</w>
  <w>till</w>
  <w>exempel</w>
  <w>att</w>
  <w>enbart</w>
  <w>vilja</w>
  <w>kapa</w>
  <w>lönekostnaderna</w>
  <w>)</w>
  <w>med</w>
  <w>att</w>
  <w>ta</w>
  <w>hit</w>
  <w>arbetare</w>
  <w>från</w>
  <w>länder</w>
  <w>utanför</w>
  <w>EU</w>
  <w>istället</w>
  <w>för</w>
  <w>att</w>
  <w>anställa</w>
  <w>någon</w>
  <w>av</w>
  <w>de</w>
  <w>miljontals</w>
  <w>arbetssökande</w>
  <w>svenskar</w>
  <w>och</w>
  <w>andra</w>
  <w>EU-medborgare</w>
  <w>som</w>
  <w>redan</w>
  <w>står</w>
  <w>till</w>
  <w>arbetsmarknadens</w>
  <w>förfogande</w>
  <w>.</w>
</absapar>
<absapar id=11 senti=3>
  <w>Ansvarige</w>
  <w>ministern</w>
  <w>Tobias</w>
  <w>Billström</w>
  <w>har</w>
  <w>flaggat</w>
  <w>för</w>
  <w>förändringar</w>
  <w>i</w>
  <w>regelsystemet</w>
  <w>.</w>
  <w>Det</w>
  <w>är</w>
  <w>dags</w>
  <w>att</w>
  <w>gå</w>
  <w>från</w>
  <w>ord</w>
  <w>till</w>
  <w>handling</w>
  <w>och</w>
  <w>att</w>
  <w>åtgärder</w>
  <w>omgående</w>
  <w>vidtas</w>
  <w>för</w>
  <w>att</w>
  <w>sätta</w>
  <w>stopp</w>
  <w>för</w>
  <absaspan id=49 senti=1>
    <w>det</w>
    <w>brutala</w>
  </absaspan>
  <absaspan id=50>
    <w>utnyttjandet</w>
    <w>av</w>
    <w>människor</w>
  </absaspan>
  <w>som</w>
  <w>pågår</w>
  <w>i</w>
  <w>dag</w>
  <w>.</w>
</absapar>
<absapar id=12>
  <w>Johan</w>
  <w>Lindholm</w>
  <w>,</w>
  <w>.</w>
</absapar>
<absapar id=13>
  <w>ordförande</w>
  <w>Byggnads</w>
  <w>.</w>
</absapar>
<absapar id=14>
  <w>Ella</w>
  <w>Niia</w>
  <w>,</w>
  <w>.</w>
</absapar>
<absapar id=15>
  <w>ordförande</w>
  <w>Hotell</w>
  <w>-</w>
  <w>och</w>
  <w>restaurangfacket</w>
  <w>.</w>
</absapar>
<absapar id=16>
  <w>Lars</w>
  <w>Lindgren</w>
  <w>,</w>
  <w>.</w>
</absapar>
<absapar id=17>
  <w>ordförande</w>
  <w>Transport</w>
  <w>.</w>
</absapar>
<absapar id=18>
  <w>Per-Olof</w>
  <w>Sjöö</w>
  <w>,</w>
  <w>.</w>
</absapar>
<absapar id=19>
  <w>ordförande</w>
  <w>GS</w>
  <w>.</w>
</absapar>
<absapar id=20>
  <w>Lenita</w>
  <w>Granlund</w>
  <w>,</w>
  <w>.</w>
</absapar>
<absapar id=21>
  <w>avtalssekreterare</w>
  <w>Kommunal</w>
  <w>.</w>
</absapar>
</absadoc>
