<absadoc annotators=1 senti=2>
<absatitle>
  <w>Integration</w>
  <w>vs</w>
  <w>Mångkultur</w>
  <w>.</w>
</absatitle>
<absapar id=1>
  <w>Alla</w>
  <w>är</w>
  <w>väl</w>
  <w>överens</w>
  <w>om</w>
  <w>följande</w>
  <w>.</w>
  <w>.</w>
  <w>.</w>
  <w>?</w>
  <w>.</w>
</absapar>
<absapar id=2>
  <w>hoppa</w>
  <w>fram</w>
  <w>till</w>
  <w>19</w>
  <w>:</w>
  <w>55</w>
  <w>.</w>
</absapar>
<absapar id=3>
  <w>För</w>
  <w>de</w>
  <w>med</w>
  <w>adhd</w>
  <w>som</w>
  <w>inte</w>
  <w>orkar</w>
  <w>lyssna</w>
  <w>:</w>
  <w>.</w>
</absapar>
<absapar id=4>
  <w>Länderna</w>
  <w>och</w>
  <w>gränsdragningarna</w>
  <w>i</w>
  <w>Afrika</w>
  <w>ser</w>
  <w>ut</w>
  <w>som</w>
  <w>de</w>
  <w>gör</w>
  <w>pga</w>
  <w>att</w>
  <absaspan id=1>
    <w>kolonialmakterna</w>
  </absaspan>
  <absaspan id=2 senti=1>
    <w>stred</w>
    <w>sinsemellan</w>
  </absaspan>
  <w>och</w>
  <w>delade</w>
  <w>upp</w>
  <w>Afrika</w>
  <w>mellan</w>
  <w>sig</w>
  <w>utifrån</w>
  <w>krigslyckan</w>
  <w>och</w>
  <w>råvarutillgångarna</w>
  <w>och</w>
  <w>inte</w>
  <w>på</w>
  <w>grundval</w>
  <w>av</w>
  <w>hur</w>
  <w>och</w>
  <w>vart</w>
  <w>de</w>
  <w>olika</w>
  <w>"</w>
  <w>folkgrupperna</w>
  <w>"</w>
  <w>levde</w>
  <w>före</w>
  <w>den</w>
  <w>vita</w>
  <w>mannens</w>
  <w>intåg</w>
  <absaspan id=3>
    <w>.</w>
  </absaspan>
  <absaspan id=4>
    <w>Detta</w>
  </absaspan>
  <absaspan id=5 senti=1>
    <w>har</w>
    <w>ju</w>
    <w>gett</w>
    <w>upphov</w>
    <w>till</w>
    <w>oändliga</w>
    <w>krig</w>
    <w>och</w>
    <w>folkmord</w>
  </absaspan>
  <w>mellan</w>
  <w>etniska</w>
  <w>grupper</w>
  <w>.</w>
</absapar>
<absapar id=5>
  <w>I</w>
  <w>Europa</w>
  <w>å</w>
  <w>andra</w>
  <w>sidan</w>
  <w>har</w>
  <w>vi</w>
  <w>utvecklat</w>
  <w>"</w>
  <w>naturliga</w>
  <w>"</w>
  <w>länder</w>
  <w>utifrån</w>
  <w>kultur</w>
  <w>och</w>
  <w>etnicitet</w>
  <w>.</w>
</absapar>
<absapar id=6 senti=2>
  <w>Nu</w>
  <w>har</w>
  <w>vi</w>
  <w>fått</w>
  <w>för</w>
  <w>oss</w>
  <w>att</w>
  <absaspan id=6>
    <w>vi</w>
  </absaspan>
  <absaspan id=7 senti=4 irony>
    <w>vill</w>
    <w>ha</w>
  </absaspan>
  <absaspan id=8>
    <w>ett</w>
    <w>mångkulturellt</w>
    <w>Europa</w>
  </absaspan>
  <w>.</w>
  <w>.</w>
  <w>.</w>
  <w>eller</w>
  <w>rättare</w>
  <w>sagt</w>
  <w>vi</w>
  <w>ville</w>
  <w>det</w>
  <w>tills</w>
  <w>alldeles</w>
  <w>nyligen</w>
  <w>.</w>
  <absaspan id=9>
    <w>Tyskland</w>
  </absaspan>
  <w>proklamerade</w>
  <w>ju</w>
  <w>redan</w>
  <w>förra</w>
  <w>sommaren</w>
  <w>att</w>
  <w>,</w>
  <absaspan id=10 senti=1>
    <w>nu</w>
    <w>är</w>
    <w>det</w>
    <w>slut</w>
    <w>med</w>
  </absaspan>
  <absaspan id=11>
    <w>"</w>
    <w>mångkultur</w>
    <w>"</w>
  </absaspan>
  <w>,</w>
  <w>och</w>
  <w>Belgien</w>
  <w>och</w>
  <w>flera</w>
  <w>andra</w>
  <w>har</w>
  <w>nu</w>
  <w>följt</w>
  <w>efter</w>
  <w>.</w>
  <absaspan id=12>
    <w>Här</w>
    <w>i</w>
    <w>Sverige</w>
  </absaspan>
  <absaspan id=13 senti=1>
    <w>är</w>
  </absaspan>
  <absaspan id=14>
    <w>vi</w>
    <w>dock</w>
  </absaspan>
  <absaspan id=15 senti=1>
    <w>för</w>
  </absaspan>
  <absaspan id=16 senti=1>
    <w>skitnödigt</w>
    <w>PK</w>
  </absaspan>
  <absaspan id=17>
    <w>för</w>
    <w>att</w>
    <w>erkänna</w>
    <w>att</w>
    <w>lika</w>
    <w>barn</w>
    <w>leka</w>
    <w>bäst</w>
  </absaspan>
  <w>.</w>
  <absaspan id=18>
    <w>Vi</w>
  </absaspan>
  <w>medger</w>
  <w>att</w>
  <absaspan id=19>
    <w>vi</w>
  </absaspan>
  <absaspan id=20 senti=4>
    <w>skulle</w>
    <w>vilja</w>
  </absaspan>
  <absaspan id=21>
    <w>integrera</w>
    <w>våra</w>
    <w>invandrare</w>
  </absaspan>
  <w>och</w>
  <w>att</w>
  <absaspan id=22>
    <w>vi</w>
  </absaspan>
  <absaspan id=23 senti=2>
    <w>inte</w>
    <w>lyckats</w>
    <w>så</w>
    <w>bra</w>
  </absaspan>
  <w>med</w>
  <w>det</w>
  <w>.</w>
  <w>Varför</w>
  <w>vågar</w>
  <w>man</w>
  <w>då</w>
  <w>inte</w>
  <w>också</w>
  <w>bara</w>
  <w>säga</w>
  <w>att</w>
  <w>vi</w>
  <absaspan id=24 senti=2>
    <w>inte</w>
    <w>ska</w>
    <w>ha</w>
  </absaspan>
  <absaspan id=25>
    <w>en</w>
    <w>massa</w>
    <w>olika</w>
    <w>kulturer</w>
  </absaspan>
  <absaspan id=26 senti=2>
    <w>trampa</w>
    <w>varandra</w>
    <w>på</w>
    <w>tårna</w>
  </absaspan>
  <absaspan id=27>
    <w>i</w>
    <w>detta</w>
    <w>lilla</w>
    <w>land</w>
  </absaspan>
  <w>?</w>
  <w>.</w>
</absapar>
<absapar id=7 senti=2>
  <w>Att</w>
  <w>integrera</w>
  <w>invandrare</w>
  <w>i</w>
  <w>den</w>
  <w>svenska</w>
  <w>kulturen</w>
  <w>innebär</w>
  <w>väl</w>
  <w>att</w>
  <absaspan id=28>
    <w>vi</w>
  </absaspan>
  <absaspan id=29 senti=2>
    <w>INTE</w>
    <w>vill</w>
    <w>ha</w>
  </absaspan>
  <absaspan id=30>
    <w>en</w>
    <w>massa</w>
    <w>subkulturer</w>
  </absaspan>
  <w>?</w>
  <w>.</w>
</absapar>
</absadoc>
