<absadoc annotators=1 senti=3>
<absatitle>
  <w>Alternativ</w>
  <w>för</w>
  <w>Sverige</w>
  <w>har</w>
  <w>blockerats</w>
  <w>från</w>
  <w>att</w>
  <w>lägga</w>
  <w>upp</w>
  <w>nya</w>
  <w>filmer</w>
  <w>på</w>
  <w>Youtube</w>
  <w>.</w>
</absatitle>
<absapar id=1 senti=3>
  <w>Som</w>
  <w>rubriken</w>
  <w>lyder</w>
  <w>har</w>
  <w>AfS</w>
  <w>blockerats</w>
  <w>från</w>
  <w>att</w>
  <w>göra</w>
  <w>nya</w>
  <w>inlägg</w>
  <w>på</w>
  <w>Youtube</w>
  <w>och</w>
  <w>två</w>
  <w>av</w>
  <w>deras</w>
  <w>filmer</w>
  <w>har</w>
  <w>tagits</w>
  <w>bort</w>
  <w>med</w>
  <w>hänvisning</w>
  <w>till</w>
  <w>HMF</w>
  <w>.</w>
  <absaspan id=1>
    <w>Regeringens</w>
    <w>möte</w>
    <w>med</w>
    <w>Youtube</w>
  </absaspan>
  <absaspan id=2 senti=5>
    <w>verkar</w>
    <w>haft</w>
    <w>önskad</w>
    <w>effekt</w>
  </absaspan>
  <w>.</w>
</absapar>
<absapar id=2>
  <w>Källa</w>
  <w>:</w>
  <w>.</w>
</absapar>
<absapar id=3 senti=3>
  <w>Vad</w>
  <w>tänker</w>
  <w>Flashback</w>
  <w>om</w>
  <w>detta</w>
  <w>?</w>
  <w>Är</w>
  <w>det</w>
  <w>bra</w>
  <w>att</w>
  <w>eventuellt</w>
  <absaspan id=3 senti=1>
    <w>kränkande</w>
  </absaspan>
  <absaspan id=4>
    <w>inlägg</w>
  </absaspan>
  <w>censureras</w>
  <w>eller</w>
  <w>utgör</w>
  <w>detta</w>
  <w>ytterligare</w>
  <w>ett</w>
  <w>steg</w>
  <w>mot</w>
  <absaspan id=5 senti=1>
    <w>ett</w>
    <w>totalitärt</w>
    <w>samhälle</w>
  </absaspan>
  <w>?</w>
  <w>.</w>
</absapar>
</absadoc>
