<absadoc annotators=1 senti=>
<absatitle>
  <w>Regeringen</w>
  <w>missar</w>
  <w>inflytande</w>
  <w>i</w>
  <w>EU</w>
  <w>:</w>
  <w>s</w>
  <w>jordbrukspolitik</w>
  <w>.</w>
</absatitle>
<absapar id=1>
  <w>Återigen</w>
  <w>tar</w>
  <w>EU</w>
  <w>ett</w>
  <w>steg</w>
  <w>mot</w>
  <w>en</w>
  <w>reformerad</w>
  <w>jordbrukspolitik</w>
  <w>.</w>
  <w>Vi</w>
  <w>Socialdemokrater</w>
  <w>vill</w>
  <w>påverka</w>
  <w>utformningen</w>
  <w>av</w>
  <w>jordbruksreformen</w>
  <w>,</w>
  <w>och</w>
  <w>vill</w>
  <w>att</w>
  <w>den</w>
  <w>ska</w>
  <w>bli</w>
  <w>grönare</w>
  <w>,</w>
  <w>rättvisare</w>
  <w>och</w>
  <w>mer</w>
  <w>djurvänlig</w>
  <w>.</w>
  <w>All</w>
  <w>draghjälp</w>
  <w>som</w>
  <w>finns</w>
  <w>i</w>
  <w>detta</w>
  <w>arbete</w>
  <w>behövs</w>
  <w>och</w>
  <w>därför</w>
  <absaspan id=1 senti=4>
    <w>hade</w>
  </absaspan>
  <absaspan id=2>
    <w>vi</w>
  </absaspan>
  <absaspan id=3 senti=4>
    <w>önskat</w>
  </absaspan>
  <absaspan id=4 senti=4>
    <w>oss</w>
  </absaspan>
  <absaspan id=5>
    <w>en</w>
    <w>mer</w>
    <w>aktiv</w>
    <w>svensk</w>
    <w>regering</w>
  </absaspan>
  <w>.</w>
</absapar>
<absapar id=2>
  <w>Det</w>
  <w>här</w>
  <w>är</w>
  <w>en</w>
  <w>argumenterande</w>
  <w>text</w>
  <w>med</w>
  <w>syfte</w>
  <w>att</w>
  <w>påverka</w>
  <w>.</w>
  <w>Åsikterna</w>
  <w>som</w>
  <w>uttrycks</w>
  <w>är</w>
  <w>skribentens</w>
  <w>egna</w>
  <w>.</w>
</absapar>
<absapar id=3>
  <w>Denna</w>
  <w>vecka</w>
  <w>röstar</w>
  <w>Europaparlamentets</w>
  <w>jordbruksutskott</w>
  <w>om</w>
  <w>hur</w>
  <w>man</w>
  <w>vill</w>
  <w>att</w>
  <w>den</w>
  <w>nya</w>
  <w>europeiska</w>
  <w>jordbrukspolitiken</w>
  <w>ska</w>
  <w>se</w>
  <w>ut</w>
  <w>efter</w>
  <w>2013</w>
  <w>.</w>
  <w>Förhandlingarna</w>
  <w>är</w>
  <w>intensiva</w>
  <w>och</w>
  <w>oerhört</w>
  <w>tuffa</w>
  <w>mellan</w>
  <w>de</w>
  <w>politiska</w>
  <w>grupperna</w>
  <w>men</w>
  <w>även</w>
  <w>gentemot</w>
  <w>Kommissionen</w>
  <w>och</w>
  <w>Ministerrådet</w>
  <w>.</w>
  <w>Det</w>
  <absaspan id=6 senti=4>
    <w>finns</w>
    <w>en</w>
    <w>bred</w>
    <w>vilja</w>
  </absaspan>
  <absaspan id=7>
    <w>att</w>
    <w>reformera</w>
    <w>och</w>
    <w>förändra</w>
  </absaspan>
  <w>,</w>
  <w>trots</w>
  <w>de</w>
  <w>stora</w>
  <w>skiljelinjerna</w>
  <w>när</w>
  <w>det</w>
  <w>kommer</w>
  <w>till</w>
  <w>detaljerna</w>
  <absaspan id=8>
    <w>.</w>
  </absaspan>
</absapar>
<absapar id=4>
  <w>Vi</w>
  <w>är</w>
  <w>till</w>
  <w>exempel</w>
  <w>överens</w>
  <w>om</w>
  <w>behovet</w>
  <w>av</w>
  <w>ett</w>
  <w>grönare</w>
  <w>europeiskt</w>
  <w>jordbruk</w>
  <w>som</w>
  <w>rättar</w>
  <w>till</w>
  <w>den</w>
  <w>skeva</w>
  <w>fördelningen</w>
  <w>av</w>
  <w>stöd</w>
  <w>mellan</w>
  <w>EU</w>
  <w>:</w>
  <w>s</w>
  <w>medlemsländer</w>
  <w>och</w>
  <w>som</w>
  <w>tar</w>
  <w>hänsyn</w>
  <w>till</w>
  <w>hur</w>
  <w>politiken</w>
  <w>påverkar</w>
  <w>utvecklingsländerna</w>
  <w>.</w>
</absapar>
<absapar id=5>
  <w>Vi</w>
  <w>svenska</w>
  <w>socialdemokrater</w>
  <w>vill</w>
  <w>också</w>
  <w>att</w>
  <w>direktstöden</w>
  <w>ska</w>
  <w>bantas</w>
  <w>kraftigt</w>
  <w>för</w>
  <w>att</w>
  <w>så</w>
  <w>småningom</w>
  <w>helt</w>
  <w>fasas</w>
  <w>ut</w>
  <w>.</w>
  <w>Men</w>
  <w>vägen</w>
  <w>dit</w>
  <w>går</w>
  <w>genom</w>
  <w>att</w>
  <w>förändra</w>
  <w>stöden</w>
  <w>så</w>
  <w>att</w>
  <w>de</w>
  <w>i</w>
  <w>högre</w>
  <w>utsträckning</w>
  <w>går</w>
  <w>till</w>
  <w>betalning</w>
  <w>av</w>
  <w>miljötjänster</w>
  <w>,</w>
  <w>garanterar</w>
  <w>ett</w>
  <w>högt</w>
  <w>djurskydd</w>
  <w>samt</w>
  <w>bidrar</w>
  <w>till</w>
  <w>kollektiva</w>
  <w>nyttigheter</w>
  <w>.</w>
  <w>Väljer</w>
  <w>vi</w>
  <w>den</w>
  <w>här</w>
  <w>vägen</w>
  <w>till</w>
  <w>förändring</w>
  <w>har</w>
  <w>vi</w>
  <w>stora</w>
  <w>möjlighet</w>
  <w>att</w>
  <w>uppnå</w>
  <w>just</w>
  <w>detta</w>
  <w>.</w>
</absapar>
<absapar id=6>
  <w>Men</w>
  <w>den</w>
  <w>svenska</w>
  <w>regeringen</w>
  <w>,</w>
  <w>med</w>
  <w>Moderaterna</w>
  <w>i</w>
  <w>spetsen</w>
  <w>säger</w>
  <w>tvärt</w>
  <w>nej</w>
  <w>.</w>
  <w>Istället</w>
  <w>för</w>
  <w>att</w>
  <w>ge</w>
  <w>sig</w>
  <w>in</w>
  <w>i</w>
  <w>förhandlingarna</w>
  <w>och</w>
  <w>uppnå</w>
  <w>någonting</w>
  <w>väljer</w>
  <w>de</w>
  <w>att</w>
  <w>stå</w>
  <w>kvar</w>
  <w>ensamma</w>
  <w>i</w>
  <w>sitt</w>
  <w>hörn</w>
  <w>.</w>
  <w>Där</w>
  <w>drar</w>
  <w>de</w>
  <w>sitt</w>
  <w>mantra</w>
  <w>om</w>
  <w>totalt</w>
  <w>slopat</w>
  <w>stöd</w>
  <w>och</w>
  <w>radikalt</w>
  <w>bantad</w>
  <w>EU-budget</w>
  <w>om</w>
  <w>och</w>
  <w>om</w>
  <w>igen</w>
  <w>.</w>
  <w>Utan</w>
  <w>att</w>
  <w>ta</w>
  <w>del</w>
  <w>i</w>
  <w>den</w>
  <w>diskussion</w>
  <w>som</w>
  <w>faktiskt</w>
  <w>pågår</w>
  <w>om</w>
  <w>att</w>
  <w>förändra</w>
  <w>stödens</w>
  <w>innehåll</w>
  <w>till</w>
  <w>att</w>
  <w>främja</w>
  <w>miljö</w>
  <w>och</w>
  <w>djurhälsa</w>
  <w>.</w>
</absapar>
<absapar id=7>
  <absaspan id=9 senti=2>
    <w>Risken</w>
    <w>är</w>
    <w>överhängande</w>
  </absaspan>
  <absaspan id=10>
    <w>att</w>
    <w>Sverige</w>
    <w>därigenom</w>
    <w>missar</w>
    <w>möjligheten</w>
    <w>att</w>
    <w>påverka</w>
    <w>jordbrukspolitiken</w>
  </absaspan>
  <w>.</w>
  <w>Därmed</w>
  <w>försvagas</w>
  <w>möjligheterna</w>
  <w>att</w>
  <w>göra</w>
  <w>jordbrukspolitiken</w>
  <w>mer</w>
  <w>grön</w>
  <w>och</w>
  <w>djurvänlig</w>
  <w>.</w>
</absapar>
<absapar id=8>
  <w>Skräddarsydda</w>
  <w>kurser</w>
  <w>i</w>
  <w>ämnen</w>
  <w>som</w>
  <w>intresserar</w>
  <w>och</w>
  <w>engagerar</w>
  <w>både</w>
  <w>kropp</w>
  <w>och</w>
  <w>själ</w>
  <w>.</w>
</absapar>
<absapar id=9>
  <w>Sveriges</w>
  <w>regering</w>
  <w>måste</w>
  <w>klara</w>
  <w>av</w>
  <w>att</w>
  <w>driva</w>
  <w>två</w>
  <w>frågor</w>
  <w>samtidigt</w>
  <w>.</w>
  <w>Dels</w>
  <w>att</w>
  <w>minska</w>
  <w>stöden</w>
  <w>,</w>
  <w>dels</w>
  <w>att</w>
  <w>förändra</w>
  <w>de</w>
  <w>stöd</w>
  <w>som</w>
  <w>kommer</w>
  <w>att</w>
  <w>finnas</w>
  <w>kvar</w>
  <w>när</w>
  <w>man</w>
  <w>kompromissat</w>
  <w>ihop</w>
  <w>sig</w>
  <w>med</w>
  <w>andra</w>
  <w>länder</w>
  <w>.</w>
  <absaspan id=11>
    <w>Regeringen</w>
  </absaspan>
  <absaspan id=12 senti=4>
    <w>har</w>
    <w>som</w>
    <w>ambition</w>
  </absaspan>
  <absaspan id=13>
    <w>att</w>
    <w>Sverige</w>
    <w>ska</w>
    <w>vara</w>
    <w>en</w>
    <w>del</w>
    <w>av</w>
    <w>EU</w>
    <w>:</w>
    <w>s</w>
    <w>kärna</w>
  </absaspan>
  <w>.</w>
  <w>Men</w>
  <absaspan id=14>
    <w>regeringen</w>
  </absaspan>
  <absaspan id=15>
    <w>sitter</w>
    <w>isolerade</w>
    <w>ute</w>
    <w>i</w>
    <w>kulisserna</w>
    <w>,</w>
    <w>långt</w>
    <w>ut</w>
    <w>i</w>
    <w>periferin</w>
    <w>,</w>
    <w>när</w>
    <w>det</w>
    <w>gäller</w>
    <w>jordbrukspolitikens</w>
    <w>framtid</w>
  </absaspan>
  <w>.</w>
  <absaspan id=16>
    <w>Det</w>
  </absaspan>
  <absaspan id=17 senti=2>
    <w>är</w>
    <w>varken</w>
    <w>konstruktivt</w>
    <w>,</w>
    <w>framgångsrikt</w>
    <w>eller</w>
    <w>särskilt</w>
    <w>ansvarsfullt</w>
  </absaspan>
  <w>.</w>
</absapar>
<absapar id=10>
  <w>GÖRAN</w>
  <w>FÄRM</w>
  <w>(</w>
  <w>S</w>
  <w>)</w>
  <w>.</w>
</absapar>
<absapar id=11>
  <w>ÅSA</w>
  <w>WESTLUND</w>
  <w>(</w>
  <w>S</w>
  <w>)</w>
  <w>.</w>
</absapar>
<absapar id=12>
  <w>MARITA</w>
  <w>ULVSKOG</w>
  <w>(</w>
  <w>S</w>
  <w>)</w>
  <w>.</w>
</absapar>
<absapar id=13>
  <w>europaparlamentariker</w>
  <w>.</w>
</absapar>
<absapar id=14>
  <w>Redaktör</w>
  <w>:</w>
  <w>Carina</w>
  <w>Stensson</w>
  <w>,</w>
  <w>Biträdande</w>
  <w>redaktör</w>
  <w>:</w>
  <w>Björn</w>
  <w>Jorner</w>
  <w>,</w>
  <w>Mejl</w>
  <w>:</w>
  <w>debatt</w>
  <w>@</w>
  <w>svd.se</w>
  <w>,</w>
  <w>Telefonnummer</w>
  <w>:</w>
  <w>08</w>
  <w>-</w>
  <w>135149</w>
  <w>,</w>
  <w>Twitter</w>
  <w>:</w>
  <w>@</w>
  <w>SvDDebatt</w>
  <w>,</w>
  <w>Facebook</w>
  <w>:</w>
  <w>SvD</w>
  <w>Debatt</w>
  <w>.</w>
</absapar>
</absadoc>
