<absadoc annotators=1 senti=>
<absatitle>
  <w>Läs</w>
  <w>i</w>
  <w>dagens</w>
  <w>expressen</w>
  <w>om</w>
  <w>rasist</w>
  <w>mordet</w>
  <w>på</w>
  <w>en</w>
  <w>vit</w>
  <w>15</w>
  <w>årig</w>
  <w>kille</w>
  <w>.</w>
</absatitle>
<absapar id=1>
  <w>Ett</w>
  <w>gäng</w>
  <w>kulturberikare</w>
  <w>från</w>
  <w>mellanöstern</w>
  <w>har</w>
  <w>bidragit</w>
  <w>med</w>
  <w>ytterligare</w>
  <w>en</w>
  <w>.</w>
</absapar>
<absapar id=2>
  <w>i</w>
  <w>Skottland</w>
  <w>.</w>
</absapar>
</absadoc>
