<absadoc annotators=1 senti=>
<absatitle>
  <w>Rasismen</w>
  <w>minskar</w>
  <w>–</w>
  <w>vi</w>
  <w>ser</w>
  <w>inte</w>
  <w>behovet</w>
  <w>.</w>
</absatitle>
<absapar id=1>
  <w>REPLIK</w>
  <w>.</w>
  <w>Alice</w>
  <w>Bah</w>
  <w>Khunke</w>
  <w>skriver</w>
  <w>att</w>
  <w>vi</w>
  <w>är</w>
  <w>en</w>
  <w>spegel</w>
  <w>av</w>
  <w>det</w>
  <w>vi</w>
  <w>gör</w>
  <w>och</w>
  <w>det</w>
  <w>vi</w>
  <w>inte</w>
  <w>gör</w>
  <w>.</w>
  <w>Sverigedemokraterna</w>
  <w>är</w>
  <w>ett</w>
  <w>parti</w>
  <w>som</w>
  <w>vilar</w>
  <w>på</w>
  <w>demokratisk</w>
  <w>grund</w>
  <w>och</w>
  <w>i</w>
  <w>partiet</w>
  <w>arbetar</w>
  <w>vi</w>
  <w>aktivt</w>
  <w>med</w>
  <w>att</w>
  <w>bekämpa</w>
  <absaspan id=1 senti=2>
    <w>intoleranta</w>
    <w>och</w>
    <w>rasistiska</w>
  </absaspan>
  <absaspan id=2>
    <w>åsikter</w>
  </absaspan>
  <w>.</w>
</absapar>
<absapar id=2>
  <w>Internt</w>
  <w>gör</w>
  <w>vi</w>
  <w>det</w>
  <w>genom</w>
  <w>att</w>
  <absaspan id=3>
    <w>medlemmar</w>
  </absaspan>
  <w>som</w>
  <w>visat</w>
  <w>att</w>
  <w>de</w>
  <absaspan id=4 senti=2>
    <w>inte</w>
    <w>delar</w>
  </absaspan>
  <absaspan id=5>
    <w>våra</w>
    <w>värderingar</w>
  </absaspan>
  <w>kan</w>
  <w>uteslutas</w>
  <w>,</w>
  <w>vilket</w>
  <w>visar</w>
  <w>att</w>
  <absaspan id=6>
    <w>om</w>
    <w>man</w>
    <w>sprider</w>
  </absaspan>
  <absaspan id=7 senti=1>
    <w>hatiska</w>
    <w>,</w>
    <w>icke-demokratiska</w>
  </absaspan>
  <absaspan id=8>
    <w>värderingar</w>
  </absaspan>
  <w>så</w>
  <w>kan</w>
  <w>man</w>
  <absaspan id=9 senti=2>
    <w>inte</w>
  </absaspan>
  <w>spegla</w>
  <w>sig</w>
  <w>i</w>
  <w>oss</w>
  <w>och</w>
  <absaspan id=10 senti=2>
    <w>få</w>
  </absaspan>
  <absaspan id=11 senti=2>
    <w>förtroende</w>
  </absaspan>
  <w>.</w>
  <w>Externt</w>
  <w>gör</w>
  <w>vid</w>
  <w>det</w>
  <w>genom</w>
  <w>förslag</w>
  <w>om</w>
  <w>att</w>
  <w>bekämpa</w>
  <absaspan id=12 senti=1>
    <w>extremism</w>
  </absaspan>
  <w>och</w>
  <absaspan id=13 senti=4>
    <w>värna</w>
  </absaspan>
  <w>de</w>
  <absaspan id=14>
    <w>grundläggande</w>
    <w>demokratiska</w>
    <w>fri</w>
    <w>-</w>
    <w>och</w>
    <w>rättigheterna</w>
  </absaspan>
  <w>som</w>
  <w>idag</w>
  <w>utmanas</w>
  <w>.</w>
</absapar>
<absapar id=3>
  <w>SD</w>
  <w>ser</w>
  <w>ett</w>
  <w>värde</w>
  <w>i</w>
  <w>arbetet</w>
  <w>för</w>
  <absaspan id=15 senti=4>
    <w>främjande</w>
  </absaspan>
  <w>av</w>
  <absaspan id=16>
    <w>demokrati</w>
    <w>och</w>
    <w>tolerans</w>
  </absaspan>
  <w>,</w>
  <w>såväl</w>
  <w>inom</w>
  <w>ramen</w>
  <w>för</w>
  <w>Forum</w>
  <w>för</w>
  <w>levande</w>
  <w>historia</w>
  <w>som</w>
  <w>i</w>
  <w>den</w>
  <w>ordinarie</w>
  <w>skolundervisningen</w>
  <w>.</w>
</absapar>
<absapar id=4>
  <w>Politik</w>
  <w>handlar</w>
  <w>dock</w>
  <w>om</w>
  <w>prioriteringar</w>
  <w>och</w>
  <w>i</w>
  <w>en</w>
  <w>tid</w>
  <w>när</w>
  <absaspan id=17 senti=1>
    <w>rasism</w>
  </absaspan>
  <w>och</w>
  <absaspan id=18 senti=1>
    <w>främlingsfientlighet</w>
  </absaspan>
  <w>minskar</w>
  <w>bland</w>
  <w>unga</w>
  <w>har</w>
  <w>vi</w>
  <w>prioriterat</w>
  <w>andra</w>
  <w>satsningar</w>
  <w>.</w>
  <absaspan id=19>
    <w>Vi</w>
  </absaspan>
  <absaspan id=20 senti=2>
    <w>ser</w>
    <w>inget</w>
    <w>ökat</w>
    <w>behov</w>
  </absaspan>
  <w>av</w>
  <absaspan id=21>
    <w>mer</w>
    <w>resurser</w>
  </absaspan>
  <w>i</w>
  <w>dagsläget</w>
  <w>och</w>
  <w>väljer</w>
  <w>,</w>
  <w>till</w>
  <w>skillnad</w>
  <w>från</w>
  <w>regeringen</w>
  <w>,</w>
  <w>att</w>
  <w>behålla</w>
  <w>anslaget</w>
  <w>på</w>
  <w>tidigare</w>
  <w>nivå</w>
  <w>.</w>
</absapar>
<absapar id=5>
  <w>Men</w>
  <w>vi</w>
  <w>stänger</w>
  <w>heller</w>
  <w>inga</w>
  <w>dörrar</w>
  <w>och</w>
  <absaspan id=22 senti=4>
    <w>är</w>
    <w>inte</w>
    <w>främmande</w>
    <w>för</w>
  </absaspan>
  <w>att</w>
  <absaspan id=23>
    <w>med</w>
    <w>olika</w>
    <w>verktyg</w>
    <w>bekämpa</w>
    <w>den</w>
    <w>extremism</w>
    <w>och</w>
    <w>rekrytering</w>
    <w>till</w>
    <w>terrorism</w>
    <w>som</w>
    <w>sker</w>
    <w>i</w>
    <w>våra</w>
    <w>förorter</w>
  </absaspan>
  <w>,</w>
  <w>om</w>
  <w>så</w>
  <w>genom</w>
  <w>ökade</w>
  <w>anslag</w>
  <w>till</w>
  <w>Forum</w>
  <w>för</w>
  <w>levande</w>
  <w>historia</w>
  <w>eller</w>
  <w>andra</w>
  <w>åtgärder</w>
  <w>.</w>
  <w>Det</w>
  <w>var</w>
  <w>dock</w>
  <absaspan id=24 senti=2>
    <w>inte</w>
    <w>avsikten</w>
  </absaspan>
  <w>med</w>
  <absaspan id=25>
    <w>regeringens</w>
  </absaspan>
  <w>satsning</w>
  <w>och</w>
  <w>inte</w>
  <w>heller</w>
  <w>enda</w>
  <w>lösningen</w>
  <w>på</w>
  <w>dessa</w>
  <w>utmaningar</w>
  <w>.</w>
</absapar>
<absapar id=6>
  <w>Det</w>
  <w>finns</w>
  <w>många</w>
  <w>sätt</w>
  <w>att</w>
  <absaspan id=26 senti=4>
    <w>främja</w>
  </absaspan>
  <absaspan id=27>
    <w>mänskliga</w>
    <w>rättigheter</w>
  </absaspan>
  <w>.</w>
  <absaspan id=28>
    <w>Regeringen</w>
  </absaspan>
  <w>behöver</w>
  <w>se</w>
  <w>över</w>
  <w>bidragen</w>
  <w>till</w>
  <w>de</w>
  <absaspan id=29 senti=1>
    <w>radikala</w>
  </absaspan>
  <absaspan id=30>
    <w>miljöerna</w>
  </absaspan>
  <w>,</w>
  <w>men</w>
  <w>i</w>
  <w>de</w>
  <w>fallen</w>
  <absaspan id=31 senti=2>
    <w>avslår</w>
    <w>man</w>
    <w>konsekvent</w>
  </absaspan>
  <absaspan id=32>
    <w>SD</w>
    <w>:</w>
    <w>s</w>
    <w>förslag</w>
    <w>om</w>
    <w>åtstramningar</w>
    <w>mot</w>
    <w>extremism</w>
  </absaspan>
  <w>.</w>
</absapar>
<absapar id=7>
  <w>Aron</w>
  <w>Emilsson</w>
  <w>.</w>
</absapar>
<absapar id=8>
  <w>Kulturpolitisk</w>
  <w>talesperson</w>
  <w>(</w>
  <w>SD</w>
  <w>)</w>
  <w>.</w>
</absapar>
</absadoc>
