<absadoc annotators=1 senti=>
<absatitle>
  <w>#</w>
  <w>T</w>
  <absaspan id=1>
    <w>IMM</w>
  </absaspan>
  <w>.</w>
  <w>25.000</w>
  <w>asyl</w>
  <w>/</w>
  <w>anhörig</w>
  <w>har</w>
  <w>fått</w>
  <w>PUT</w>
  <w>första</w>
  <w>4</w>
  <w>mån</w>
  <w>.</w>
  <w>Årsbasis</w>
  <w>75.000</w>
  <w>(</w>
  <w>!</w>
  <w>)</w>
  <w>.</w>
</absatitle>
<absapar id=1>
  <w>Anknytning</w>
  <w>:</w>
  <w>15.831</w>
  <w>.</w>
</absapar>
<absapar id=2>
  <w>Asyl</w>
  <w>:</w>
  <w>7.803</w>
  <w>.</w>
</absapar>
<absapar id=3>
  <w>Totalt</w>
  <w>ca</w>
  <w>25.000</w>
  <w>bara</w>
  <w>de</w>
  <w>fyra</w>
  <w>första</w>
  <w>månaderna</w>
  <w>.</w>
</absapar>
<absapar id=4>
  <w>Det</w>
  <w>är</w>
  <w>många</w>
  <w>personer</w>
  <w>som</w>
  <w>ska</w>
  <w>ha</w>
  <w>bostäder</w>
  <w>,</w>
  <w>vård</w>
  <w>,</w>
  <w>skola</w>
  <w>,</w>
  <w>bidrag</w>
  <w>eller</w>
  <w>subventionerade</w>
  <w>jobb</w>
  <w>om</w>
  <w>de</w>
  <w>inte</w>
  <w>får</w>
  <w>riktiga</w>
  <w>jobb</w>
  <w>(</w>
  <w>vilket</w>
  <w>är</w>
  <w>högst</w>
  <w>sannolikt</w>
  <w>de</w>
  <w>första</w>
  <w>åren</w>
  <w>)</w>
  <w>.</w>
</absapar>
<absapar id=5>
  <w>Källa</w>
  <w>Migrationsverket</w>
  <w>:</w>
  <w>.</w>
</absapar>
<absapar id=6>
  <w>Hur</w>
  <w>länge</w>
  <w>kan</w>
  <w>vi</w>
  <w>hålla</w>
  <w>på</w>
  <w>så</w>
  <w>här</w>
  <w>?</w>
  <w>.</w>
</absapar>
</absadoc>
