<absadoc annotators=1 senti=>
<absatitle>
  <w>Ett</w>
  <w>uppehållstillstånd</w>
  <w>kostar</w>
  <w>100</w>
  <w>000</w>
  <w>kr</w>
  <w>.</w>
</absatitle>
<absapar id=1>
  <w>Syftet</w>
  <w>med</w>
  <w>denna</w>
  <w>tråd</w>
  <w>är</w>
  <w>att</w>
  <w>förklara</w>
  <w>hur</w>
  <w>försäljningen</w>
  <w>av</w>
  <w>ett</w>
  <w>uppehållstillstånd</w>
  <w>(</w>
  <w>UT</w>
  <w>)</w>
  <w>går</w>
  <w>till</w>
  <w>.</w>
  <w>Ibland</w>
  <w>läser</w>
  <w>jag</w>
  <w>här</w>
  <w>att</w>
  <w>folk</w>
  <w>förundras</w>
  <w>över</w>
  <w>hur</w>
  <w>u-landsmänniskor</w>
  <w>har</w>
  <w>råd</w>
  <w>att</w>
  <w>hosta</w>
  <w>upp</w>
  <w>stora</w>
  <w>summor</w>
  <w>för</w>
  <w>att</w>
  <w>kunna</w>
  <w>komma</w>
  <w>till</w>
  <w>Sverige</w>
  <w>.</w>
  <w>Jag</w>
  <absaspan id=1 senti=4>
    <w>vill</w>
  </absaspan>
  <w>här</w>
  <absaspan id=2>
    <w>visa</w>
    <w>hur</w>
    <w>det</w>
    <w>går</w>
    <w>till</w>
  </absaspan>
  <w>.</w>
</absapar>
<absapar id=2>
  <absaspan id=3>
    <w>Mina</w>
    <w>prisuppgifter</w>
  </absaspan>
  <absaspan id=4 senti=2>
    <w>är</w>
    <w>förmodligen</w>
    <w>inaktuella</w>
  </absaspan>
  <w>men</w>
  <w>huvudsaken</w>
  <w>är</w>
  <w>att</w>
  <w>beskriva</w>
  <w>tillvägagångssättet</w>
  <w>.</w>
</absapar>
<absapar id=3>
  <w>UT</w>
  <w>genom</w>
  <w>familjeåterförening</w>
  <w>(</w>
  <w>sambo</w>
  <w>/</w>
  <w>giftermål</w>
  <w>)</w>
  <w>:</w>
  <w>100</w>
  <w>000</w>
  <w>kr</w>
  <w>.</w>
</absapar>
<absapar id=4>
  <w>UT</w>
  <w>genom</w>
  <w>arbetsvisum</w>
  <w>:</w>
  <w>50</w>
  <w>000</w>
  <w>kr</w>
  <w>.</w>
</absapar>
<absapar id=5>
  <w>Hur</w>
  <w>gör</w>
  <w>man</w>
  <w>då</w>
  <w>för</w>
  <w>att</w>
  <w>köpa</w>
  <w>ett</w>
  <w>uppehållstillstånd</w>
  <w>?</w>
  <w>Det</w>
  <w>är</w>
  <w>oftast</w>
  <w>tre</w>
  <w>eller</w>
  <w>fler</w>
  <w>personer</w>
  <w>inblandade</w>
  <w>i</w>
  <w>leken</w>
  <w>.</w>
  <w>Person</w>
  <w>A</w>
  <w>har</w>
  <w>redan</w>
  <w>permanent</w>
  <w>uppehållstillstånd</w>
  <w>(</w>
  <w>PUT</w>
  <w>)</w>
  <w>i</w>
  <w>Sverige</w>
  <w>och</w>
  <w>vill</w>
  <w>hjälpa</w>
  <w>sin</w>
  <w>släkting</w>
  <w>/</w>
  <w>vän</w>
  <w>att</w>
  <w>komma</w>
  <w>hit</w>
  <w>-</w>
  <w>Person</w>
  <w>B</w>
  <w>.</w>
  <w>A</w>
  <w>frågar</w>
  <w>runt</w>
  <w>i</w>
  <w>bekantskapskretsen</w>
  <w>om</w>
  <w>någon</w>
  <w>kan</w>
  <w>"</w>
  <w>bli</w>
  <w>sambo</w>
  <w>"</w>
  <w>/</w>
  <w>gifta</w>
  <w>sig</w>
  <w>med</w>
  <w>B</w>
  <w>,</w>
  <w>alternativt</w>
  <w>har</w>
  <w>egen</w>
  <w>firma</w>
  <w>och</w>
  <w>kan</w>
  <w>fixa</w>
  <w>ett</w>
  <w>arbetstillstånd</w>
  <w>.</w>
  <w>Person</w>
  <w>C</w>
  <w>,</w>
  <w>som</w>
  <w>också</w>
  <w>har</w>
  <w>PUT</w>
  <w>,</w>
  <w>nappar</w>
  <w>på</w>
  <w>erbjudandet</w>
  <w>att</w>
  <w>tjäna</w>
  <w>in</w>
  <w>100</w>
  <w>000</w>
  <w>kr</w>
  <w>på</w>
  <w>att</w>
  <w>"</w>
  <w>vara</w>
  <w>sambo</w>
  <w>"</w>
  <w>åt</w>
  <w>B</w>
  <w>.</w>
  <w>Har</w>
  <w>B</w>
  <w>som</w>
  <w>bor</w>
  <w>i</w>
  <w>ett</w>
  <w>u-land</w>
  <w>verkligen</w>
  <w>100</w>
  <w>000</w>
  <w>kr</w>
  <w>att</w>
  <w>hosta</w>
  <w>upp</w>
  <w>för</w>
  <w>att</w>
  <w>kunna</w>
  <w>få</w>
  <w>UT</w>
  <w>i</w>
  <w>Sverige</w>
  <w>?</w>
  <w>Svaret</w>
  <w>är</w>
  <w>nej</w>
  <w>,</w>
  <w>absolut</w>
  <w>inte</w>
  <w>!</w>
  <w>Det</w>
  <w>är</w>
  <w>A</w>
  <w>som</w>
  <w>redan</w>
  <w>bor</w>
  <w>i</w>
  <w>Sverige</w>
  <w>som</w>
  <w>står</w>
  <w>för</w>
  <w>första</w>
  <w>avbetalningen</w>
  <w>till</w>
  <w>C</w>
  <w>,</w>
  <w>normalt</w>
  <w>30</w>
  <w>000</w>
  <w>kr</w>
  <w>.</w>
  <w>Vidare</w>
  <w>har</w>
  <w>B</w>
  <w>verkligen</w>
  <w>råd</w>
  <w>att</w>
  <w>köpa</w>
  <w>en</w>
  <w>dyr</w>
  <w>flygbiljett</w>
  <w>till</w>
  <w>Sverige</w>
  <w>på</w>
  <w>kanske</w>
  <w>10</w>
  <w>000</w>
  <w>kr</w>
  <w>?</w>
  <w>Svaret</w>
  <w>är</w>
  <w>nej</w>
  <w>,</w>
  <w>inte</w>
  <w>det</w>
  <w>heller</w>
  <w>och</w>
  <w>A</w>
  <w>står</w>
  <w>också</w>
  <w>för</w>
  <w>flygbiljetten</w>
  <w>.</w>
</absapar>
<absapar id=6>
  <w>B</w>
  <w>och</w>
  <w>C</w>
  <w>måste</w>
  <w>nu</w>
  <w>ha</w>
  <w>en</w>
  <w>samstämmig</w>
  <w>historia</w>
  <w>om</w>
  <w>hur</w>
  <w>de</w>
  <w>har</w>
  <w>träffats</w>
  <w>(</w>
  <w>de</w>
  <w>har</w>
  <w>de</w>
  <w>kanske</w>
  <w>aldrig</w>
  <w>gjort</w>
  <w>)</w>
  <w>och</w>
  <w>hur</w>
  <w>deras</w>
  <w>relation</w>
  <w>har</w>
  <w>varit</w>
  <w>sedan</w>
  <w>de</w>
  <w>träffades</w>
  <w>första</w>
  <w>gången</w>
  <w>-</w>
  <w>var</w>
  <w>har</w>
  <w>de</w>
  <w>bott</w>
  <w>någonstans</w>
  <w>och</w>
  <w>om</w>
  <w>de</w>
  <w>inte</w>
  <w>har</w>
  <w>bott</w>
  <w>tillsammans</w>
  <w>hur</w>
  <w>har</w>
  <w>de</w>
  <w>kommunicerat</w>
  <w>med</w>
  <w>varandra</w>
  <w>.</w>
  <w>Lyckas</w>
  <w>de</w>
  <w>med</w>
  <w>att</w>
  <w>ha</w>
  <w>en</w>
  <w>samstämmig</w>
  <w>historia</w>
  <w>så</w>
  <w>beviljar</w>
  <w>Migrationsverket</w>
  <w>ansökan</w>
  <w>om</w>
  <w>familjeåterförening</w>
  <w>och</w>
  <w>B</w>
  <w>kommer</w>
  <w>hit</w>
  <w>.</w>
</absapar>
<absapar id=7>
  <w>B</w>
  <w>är</w>
  <w>nu</w>
  <w>skyldig</w>
  <w>A</w>
  <w>kostnaden</w>
  <w>för</w>
  <w>flygbiljetten</w>
  <w>och</w>
  <w>den</w>
  <w>första</w>
  <w>avbetalningen</w>
  <w>på</w>
  <w>30</w>
  <w>000</w>
  <w>kr</w>
  <w>samt</w>
  <w>resterande</w>
  <w>70</w>
  <w>000</w>
  <w>kr</w>
  <w>till</w>
  <w>C</w>
  <w>.</w>
  <w>Avbetalningarna</w>
  <w>till</w>
  <w>C</w>
  <w>kan</w>
  <w>vara</w>
  <w>t.ex</w>
  <w>.</w>
  <w>10</w>
  <w>000</w>
  <w>kr</w>
  <w>var</w>
  <w>tredje</w>
  <w>månad</w>
  <w>,</w>
  <w>nåt</w>
  <w>sånt</w>
  <w>.</w>
  <w>Lyckas</w>
  <w>inte</w>
  <w>B</w>
  <w>hosta</w>
  <w>upp</w>
  <w>pengarna</w>
  <w>till</w>
  <w>C</w>
  <w>så</w>
  <w>kan</w>
  <w>denne</w>
  <w>hota</w>
  <w>med</w>
  <w>att</w>
  <w>kontakta</w>
  <w>Migrationsverket</w>
  <w>och</w>
  <w>säga</w>
  <w>att</w>
  <w>relationen</w>
  <w>är</w>
  <w>slut</w>
  <w>och</w>
  <w>B</w>
  <w>blir</w>
  <w>därmed</w>
  <w>illegal</w>
  <w>.</w>
  <w>Lyckas</w>
  <w>B</w>
  <w>med</w>
  <w>avbetalningarna</w>
  <w>enligt</w>
  <w>plan</w>
  <w>så</w>
  <w>kan</w>
  <w>denne</w>
  <w>efter</w>
  <w>två</w>
  <w>är</w>
  <w>ansöka</w>
  <w>om</w>
  <w>att</w>
  <w>ändra</w>
  <w>sitt</w>
  <w>UT</w>
  <w>till</w>
  <w>PUT</w>
  <w>.</w>
  <w>Den</w>
  <w>sista</w>
  <w>avbetalningen</w>
  <w>kommer</w>
  <w>i</w>
  <w>samband</w>
  <w>med</w>
  <w>beslut</w>
  <w>om</w>
  <w>PUT</w>
  <w>.</w>
  <w>Det</w>
  <w>ända</w>
  <w>som</w>
  <w>krävs</w>
  <w>under</w>
  <w>de</w>
  <w>här</w>
  <w>två</w>
  <w>åren</w>
  <w>är</w>
  <w>att</w>
  <w>B</w>
  <w>och</w>
  <w>C</w>
  <w>är</w>
  <w>skrivna</w>
  <w>på</w>
  <w>samma</w>
  <w>adress</w>
  <w>.</w>
  <absaspan id=5>
    <w>Har</w>
    <w>C</w>
    <w>ingen</w>
    <w>egen</w>
    <w>bostad</w>
  </absaspan>
  <w>-</w>
  <absaspan id=6 senti=4>
    <w>inga</w>
    <w>problem</w>
  </absaspan>
  <w>-</w>
  <w>det</w>
  <w>går</w>
  <w>att</w>
  <w>"</w>
  <w>hyra</w>
  <w>"</w>
  <w>en</w>
  <w>adress</w>
  <w>av</w>
  <w>en</w>
  <w>kompis</w>
  <w>för</w>
  <w>500</w>
  <w>kr</w>
  <w>per</w>
  <w>månad</w>
  <absaspan id=7>
    <w>.</w>
  </absaspan>
</absapar>
<absapar id=8>
  <w>B</w>
  <w>har</w>
  <w>nu</w>
  <w>möjlighet</w>
  <w>att</w>
  <w>"</w>
  <w>skilja</w>
  <w>sig</w>
  <w>"</w>
  <w>från</w>
  <w>C</w>
  <w>och</w>
  <w>i</w>
  <w>sin</w>
  <w>tur</w>
  <w>sälja</w>
  <w>ett</w>
  <w>UT</w>
  <w>till</w>
  <w>någon</w>
  <w>från</w>
  <w>hemlandet</w>
  <w>-</w>
  <w>kedjan</w>
  <w>fortsätter</w>
  <w>och</w>
  <w>fortsätter</w>
  <w>.</w>
</absapar>
<absapar id=9>
  <w>Gällande</w>
  <w>arbetstillstånd</w>
  <w>så</w>
  <w>får</w>
  <w>man</w>
  <w>efter</w>
  <w>två</w>
  <w>år</w>
  <w>om</w>
  <w>allt</w>
  <w>sköts</w>
  <w>rätt</w>
  <w>förlänga</w>
  <w>sitt</w>
  <w>UT</w>
  <w>två</w>
  <w>år</w>
  <w>till</w>
  <w>och</w>
  <w>efter</w>
  <w>dessa</w>
  <w>två</w>
  <w>år</w>
  <w>-</w>
  <w>fyra</w>
  <w>år</w>
  <w>efter</w>
  <w>ankomsten</w>
  <w>till</w>
  <w>Sverige</w>
  <w>-</w>
  <w>så</w>
  <w>kan</w>
  <w>man</w>
  <w>ansöka</w>
  <w>om</w>
  <w>PUT</w>
  <w>.</w>
  <w>Arbetstillstånd</w>
  <w>är</w>
  <w>därmed</w>
  <w>ett</w>
  <w>mer</w>
  <w>tidskrävande</w>
  <w>sätt</w>
  <w>att</w>
  <w>få</w>
  <w>sitt</w>
  <w>PUT</w>
  <w>samt</w>
  <w>att</w>
  <w>för</w>
  <w>det</w>
  <w>mesta</w>
  <w>är</w>
  <w>det</w>
  <w>bara</w>
  <w>en</w>
  <w>skenanställning</w>
  <w>-</w>
  <w>efter</w>
  <w>ankomst</w>
  <w>till</w>
  <w>Sverige</w>
  <w>finns</w>
  <w>ingen</w>
  <w>arbetsplats</w>
  <w>på</w>
  <w>firman</w>
  <w>som</w>
  <w>tagit</w>
  <w>hit</w>
  <w>B</w>
  <w>utan</w>
  <w>denne</w>
  <w>får</w>
  <w>klara</w>
  <w>sig</w>
  <w>vind</w>
  <w>för</w>
  <w>våg</w>
  <w>.</w>
  <w>I</w>
  <w>det</w>
  <w>senare</w>
  <w>fallet</w>
  <w>är</w>
  <w>arbetstillståndet</w>
  <w>bara</w>
  <w>ett</w>
  <w>sätt</w>
  <w>att</w>
  <w>ta</w>
  <w>sig</w>
  <w>in</w>
  <w>i</w>
  <w>Sverige</w>
  <w>och</w>
  <w>väl</w>
  <w>här</w>
  <w>kan</w>
  <w>man</w>
  <w>hitta</w>
  <w>något</w>
  <w>annat</w>
  <w>sätt</w>
  <w>att</w>
  <w>få</w>
  <w>PUT</w>
  <w>,</w>
  <w>man</w>
  <w>kanske</w>
  <w>hittar</w>
  <w>någon</w>
  <w>att</w>
  <w>"</w>
  <w>bli</w>
  <w>sambo</w>
  <w>"</w>
  <w>med</w>
  <w>mot</w>
  <w>betalning</w>
  <w>.</w>
  <w>P.g.a</w>
  <w>.</w>
  <w>detta</w>
  <w>är</w>
  <w>det</w>
  <w>mycket</w>
  <w>billigare</w>
  <w>att</w>
  <w>köpa</w>
  <w>ett</w>
  <w>arbetstillstånd</w>
  <w>som</w>
  <w>är</w>
  <w>ett</w>
  <w>mycket</w>
  <w>mer</w>
  <w>osäkert</w>
  <w>sätt</w>
  <w>att</w>
  <w>få</w>
  <w>PUT</w>
  <w>.</w>
</absapar>
</absadoc>
