<absadoc annotators=1 senti=>
<absatitle>
  <w>Hur</w>
  <w>stor</w>
  <w>är</w>
  <w>alternativ</w>
  <w>media</w>
  <w>i</w>
  <w>Sverige</w>
  <w>?</w>
</absatitle>
<absapar id=1>
  <w>I</w>
  <w>avsnittet</w>
  <w>av</w>
  <w>dekonstruktiv</w>
  <w>kritik</w>
  <w>där</w>
  <w>Aron</w>
  <w>Flam</w>
  <w>intervjuar</w>
  <w>Jens</w>
  <w>Ganman</w>
  <w>tar</w>
  <w>de</w>
  <w>båda</w>
  <w>vid</w>
  <w>ett</w>
  <w>flertal</w>
  <w>tillfällen</w>
  <w>upp</w>
  <w>att</w>
  <w>alternativ</w>
  <w>media</w>
  <w>är</w>
  <w>väldigt</w>
  <w>vanligt</w>
  <w>i</w>
  <w>sverige</w>
  <w>om</w>
  <w>man</w>
  <w>jämför</w>
  <w>med</w>
  <w>andra</w>
  <w>länder</w>
  <w>i</w>
  <w>norden</w>
  <w>.</w>
  <w>Varför</w>
  <w>detta</w>
  <w>är</w>
  <w>fallet</w>
  <w>har</w>
  <w>de</w>
  <w>ju</w>
  <w>sina</w>
  <w>egna</w>
  <w>teorier</w>
  <w>om</w>
  <w>och</w>
  <w>det</w>
  <w>finns</w>
  <w>nog</w>
  <w>många</w>
  <w>olika</w>
  <w>anledningar</w>
  <w>till</w>
  <w>att</w>
  <w>det</w>
  <w>eventuellt</w>
  <w>kan</w>
  <w>vara</w>
  <w>så</w>
  <w>.</w>
  <w>Men</w>
  <w>frågan</w>
  <w>jag</w>
  <w>ställer</w>
  <w>är</w>
  <w>om</w>
  <w>det</w>
  <w>stämmer</w>
  <w>?</w>
  <w>Finns</w>
  <w>det</w>
  <w>någon</w>
  <w>forskning</w>
  <w>på</w>
  <w>det</w>
  <w>?</w>
  <w>Finns</w>
  <w>det</w>
  <w>medlemmar</w>
  <w>på</w>
  <w>flashback</w>
  <w>som</w>
  <w>läser</w>
  <w>både</w>
  <w>svensk</w>
  <w>och</w>
  <w>exempelvis</w>
  <w>dansk</w>
  <w>alternativ</w>
  <w>media</w>
  <w>som</w>
  <w>kan</w>
  <w>bekräfta</w>
  <w>eller</w>
  <w>dementera</w>
  <w>deras</w>
  <w>påstående</w>
  <w>?</w>
  <w>.</w>
</absapar>
<absapar id=2>
  <absaspan id=1>
    <w>Jag</w>
  </absaspan>
  <w>tänker</w>
  <w>att</w>
  <w>det</w>
  <absaspan id=2 senti=4>
    <w>vore</w>
    <w>väldigt</w>
    <w>bra</w>
  </absaspan>
  <w>om</w>
  <w>man</w>
  <w>kunde</w>
  <w>få</w>
  <w>något</w>
  <w>riktigt</w>
  <w>svar</w>
  <w>på</w>
  <w>frågan</w>
  <w>då</w>
  <w>det</w>
  <w>skulle</w>
  <w>skulle</w>
  <w>vara</w>
  <w>något</w>
  <w>som</w>
  <w>faktiskt</w>
  <w>fick</w>
  <w>MSM</w>
  <w>att</w>
  <w>tänka</w>
  <w>till</w>
  <w>och</w>
  <w>leda</w>
  <w>till</w>
  <w>en</w>
  <w>riktigt</w>
  <w>debatt</w>
  <w>om</w>
  <w>svensk</w>
  <w>medias</w>
  <w>framtid</w>
  <absaspan id=3>
    <w>.</w>
  </absaspan>
</absapar>
<absapar id=3>
  <w>Det</w>
  <w>hade</w>
  <w>även</w>
  <w>varit</w>
  <w>kul</w>
  <w>om</w>
  <w>någon</w>
  <w>student</w>
  <w>hade</w>
  <w>försökt</w>
  <w>besvara</w>
  <w>frågan</w>
  <w>i</w>
  <w>någon</w>
  <w>uppsats</w>
  <w>.</w>
  <w>Det</w>
  <w>bör</w>
  <w>även</w>
  <w>vara</w>
  <w>väldigt</w>
  <w>lätt</w>
  <w>att</w>
  <w>göra</w>
  <w>detta</w>
  <w>.</w>
  <w>Man</w>
  <w>definierar</w>
  <w>vad</w>
  <w>alternativ</w>
  <w>media</w>
  <w>är</w>
  <w>för</w>
  <w>något</w>
  <w>och</w>
  <w>jämför</w>
  <w>sedan</w>
  <w>vilka</w>
  <w>de</w>
  <w>mest</w>
  <w>delade</w>
  <w>/</w>
  <w>lästa</w>
  <w>artiklarna</w>
  <w>är</w>
  <w>i</w>
  <w>respektive</w>
  <w>land</w>
  <w>i</w>
  <w>Norden</w>
  <w>.</w>
  <w>Sådan</w>
  <w>information</w>
  <w>är</w>
  <w>väl</w>
  <w>någorlunda</w>
  <w>lätt</w>
  <w>att</w>
  <w>få</w>
  <w>fram</w>
  <w>?</w>
  <w>Facebook</w>
  <w>/</w>
  <w>google</w>
  <w>är</w>
  <w>väl</w>
  <w>inte</w>
  <w>helt</w>
  <w>emot</w>
  <w>att</w>
  <w>lämna</w>
  <w>ut</w>
  <w>sådan</w>
  <w>information</w>
  <w>?</w>
  <w>Eller</w>
  <w>hur</w>
  <w>ser</w>
  <w>det</w>
  <w>ut</w>
  <w>på</w>
  <w>den</w>
  <w>fronten</w>
  <w>?</w>
  <w>.</w>
</absapar>
<absapar id=4>
  <w>Avsnittet</w>
  <w>i</w>
  <w>fråga</w>
  <w>:</w>
  <w>.</w>
</absapar>
<absapar id=5>
  <w>Bevis</w>
  <w>för</w>
  <w>att</w>
  <w>MSM</w>
  <w>är</w>
  <w>mer</w>
  <w>benägna</w>
  <w>att</w>
  <w>ta</w>
  <w>i</w>
  <w>frågor</w>
  <w>som</w>
  <w>detta</w>
  <w>om</w>
  <w>det</w>
  <w>finns</w>
  <w>faktisk</w>
  <w>substans</w>
  <w>bakom</w>
  <w>påståendena</w>
  <w>:</w>
  <w>.</w>
</absapar>
</absadoc>
