<absadoc annotators=1 senti=>
<absatitle>
  <w>Bilan</w>
  <w>Osman</w>
  <w>:</w>
  <absaspan id=1 senti=2>
    <w>Trayvons</w>
    <w>död</w>
    <w>–</w>
    <w>en</w>
    <w>direkt</w>
    <w>konsekvens</w>
    <w>av</w>
  </absaspan>
  <absaspan id=2>
    <w>rasism</w>
  </absaspan>
  <w>.</w>
</absatitle>
<absapar id=1>
  <absaspan id=3>
    <w>Dödsskjutningen</w>
    <w>av</w>
    <w>Trayvon</w>
    <w>Martin</w>
  </absaspan>
  <absaspan id=4 senti=2>
    <w>har</w>
    <w>berört</w>
    <w>och</w>
    <w>upprört</w>
  </absaspan>
  <absaspan id=5 senti=2>
    <w>många</w>
    <w>runt</w>
    <w>om</w>
    <w>i</w>
    <w>världen</w>
  </absaspan>
  <w>.</w>
  <absaspan id=6>
    <w>När</w>
    <w>en</w>
    <w>enad</w>
    <w>jury</w>
    <w>under</w>
    <w>lördagen</w>
    <w>friade</w>
    <w>den</w>
    <w>åtalade</w>
    <w>George</w>
    <w>Zimmerman</w>
  </absaspan>
  <absaspan id=7 senti=1>
    <w>uppstod</w>
    <w>en</w>
    <w>chockvåg</w>
  </absaspan>
  <w>.</w>
  <absaspan id=8 senti=1>
    <w>Hur</w>
    <w>kunde</w>
    <w>detta</w>
    <w>vara</w>
    <w>möjligt</w>
    <w>?</w>
  </absaspan>
  <w>En</w>
  <w>17</w>
  <w>-</w>
  <w>årig</w>
  <w>pojke</w>
  <w>blev</w>
  <w>skjuten</w>
  <w>till</w>
  <w>döds</w>
  <w>,</w>
  <w>av</w>
  <w>den</w>
  <w>enda</w>
  <w>anledningen</w>
  <w>att</w>
  <w>en</w>
  <w>självutnämnd</w>
  <w>områdesvakt</w>
  <w>tyckte</w>
  <w>att</w>
  <w>han</w>
  <w>såg</w>
  <w>misstänkt</w>
  <w>ut</w>
  <w>.</w>
  <w>För</w>
  <w>att</w>
  <w>kunna</w>
  <w>förstå</w>
  <w>varför</w>
  <w>något</w>
  <w>sådant</w>
  <w>kunde</w>
  <w>ske</w>
  <w>så</w>
  <w>måste</w>
  <w>man</w>
  <w>belysa</w>
  <w>händelsen</w>
  <w>ur</w>
  <w>en</w>
  <w>viktig</w>
  <w>aspekt</w>
  <w>–</w>
  <w>Trayvon</w>
  <w>Martin</w>
  <w>var</w>
  <w>svart</w>
  <w>.</w>
  <w>Just</w>
  <w>därför</w>
  <w>dog</w>
  <w>han</w>
  <w>den</w>
  <w>kvällen</w>
  <w>och</w>
  <w>just</w>
  <w>därför</w>
  <w>friades</w>
  <w>Zimmerman</w>
  <w>över</w>
  <w>ett</w>
  <w>år</w>
  <w>senare</w>
  <w>.</w>
</absapar>
<absapar id=2>
  <absaspan id=9>
    <w>Fallet</w>
    <w>med</w>
    <w>Trayvon</w>
  </absaspan>
  <absaspan id=10 senti=1>
    <w>visar</w>
    <w>oss</w>
    <w>de</w>
    <w>yttersta</w>
    <w>konsekvenserna</w>
    <w>av</w>
    <w>fördomar</w>
    <w>och</w>
    <w>rasism</w>
  </absaspan>
  <w>.</w>
  <w>Vi</w>
  <w>har</w>
  <w>i</w>
  <w>dag</w>
  <w>en</w>
  <w>alltför</w>
  <w>ensidig</w>
  <w>bild</w>
  <w>av</w>
  <w>samhället</w>
  <w>.</w>
  <w>Vi</w>
  <w>hör</w>
  <w>ordet</w>
  <w>"</w>
  <w>rasism</w>
  <w>"</w>
  <w>och</w>
  <w>våra</w>
  <w>tankar</w>
  <w>förs</w>
  <w>direkt</w>
  <w>till</w>
  <w>den</w>
  <w>amerikanska</w>
  <w>södern</w>
  <w>,</w>
  <w>till</w>
  <w>gubben</w>
  <w>i</w>
  <w>snabbköpskassan</w>
  <w>som</w>
  <w>skriker</w>
  <w>"</w>
  <w>neger</w>
  <w>"</w>
  <w>och</w>
  <w>till</w>
  <w>nynazister</w>
  <w>som</w>
  <w>är</w>
  <w>övertygade</w>
  <w>om</w>
  <w>"</w>
  <w>den</w>
  <w>vita</w>
  <w>rasens</w>
  <w>"</w>
  <w>överlägsenhet</w>
  <w>.</w>
</absapar>
<absapar id=3>
  <w>Men</w>
  <w>om</w>
  <w>det</w>
  <w>är</w>
  <w>något</w>
  <w>vi</w>
  <w>kan</w>
  <w>lära</w>
  <w>oss</w>
  <w>av</w>
  <w>den</w>
  <w>här</w>
  <w>tragiska</w>
  <w>händelsen</w>
  <w>,</w>
  <w>så</w>
  <w>är</w>
  <w>det</w>
  <w>att</w>
  <w>det</w>
  <w>inte</w>
  <w>alltid</w>
  <w>är</w>
  <w>den</w>
  <w>formen</w>
  <w>av</w>
  <w>rasism</w>
  <w>som</w>
  <w>är</w>
  <w>farligast</w>
  <w>.</w>
  <absaspan id=11 senti=1>
    <w>Det</w>
    <w>största</w>
    <w>hotet</w>
    <w>är</w>
  </absaspan>
  <absaspan id=12>
    <w>alla</w>
    <w>Zimmermans</w>
    <w>därute</w>
    <w>,</w>
    <w>som</w>
    <w>kanske</w>
    <w>inte</w>
    <w>har</w>
    <w>en</w>
    <w>idé</w>
    <w>om</w>
    <w>överlägsna</w>
    <w>"</w>
    <w>raser</w>
    <w>"</w>
    <w>,</w>
    <w>men</w>
    <w>som</w>
    <w>skapat</w>
    <w>sin</w>
    <w>verklighet</w>
    <w>utifrån</w>
    <w>fördomar</w>
  </absaspan>
  <w>.</w>
  <absaspan id=13>
    <w>Den</w>
    <w>uppenbara</w>
    <w>rasismen</w>
  </absaspan>
  <absaspan id=14 senti=2>
    <w>är</w>
    <w>inte</w>
    <w>den</w>
    <w>som</w>
    <w>är</w>
    <w>som</w>
    <w>mest</w>
    <w>destruktiv</w>
  </absaspan>
  <w>.</w>
  <w>Och</w>
  <absaspan id=15 senti=2>
    <w>sorgligt</w>
    <w>nog</w>
  </absaspan>
  <w>så</w>
  <absaspan id=16>
    <w>är</w>
    <w>det</w>
    <w>alltför</w>
    <w>många</w>
    <w>som</w>
    <w>känner</w>
    <w>igen</w>
    <w>sig</w>
    <w>i</w>
    <w>den</w>
    <w>här</w>
    <w>händelsen</w>
  </absaspan>
  <w>.</w>
</absapar>
<absapar id=4>
  <w>Det</w>
  <w>finns</w>
  <w>många</w>
  <w>Trayvon</w>
  <w>Martins</w>
  <w>därute</w>
  <w>,</w>
  <w>inte</w>
  <w>enbart</w>
  <w>i</w>
  <w>USA</w>
  <w>,</w>
  <w>också</w>
  <w>runt</w>
  <w>om</w>
  <w>i</w>
  <w>världen</w>
  <w>.</w>
  <w>Många</w>
  <w>som</w>
  <w>har</w>
  <w>varit</w>
  <w>på</w>
  <w>väg</w>
  <w>hem</w>
  <w>en</w>
  <w>kväll</w>
  <w>och</w>
  <w>känt</w>
  <w>den</w>
  <w>nervösa</w>
  <w>stämningen</w>
  <w>i</w>
  <w>luften</w>
  <w>.</w>
  <w>Irritationen</w>
  <w>som</w>
  <w>uppstår</w>
  <w>när</w>
  <w>man</w>
  <w>märker</w>
  <w>att</w>
  <w>kvinnan</w>
  <w>på</w>
  <w>bussen</w>
  <w>håller</w>
  <w>extra</w>
  <w>hårt</w>
  <w>i</w>
  <w>handväskan</w>
  <w>när</w>
  <w>någon</w>
  <w>med</w>
  <w>mörkare</w>
  <w>hudfärg</w>
  <w>sätter</w>
  <w>sig</w>
  <w>bredvid</w>
  <w>.</w>
  <w>Föreställningarna</w>
  <w>som</w>
  <w>får</w>
  <w>polisen</w>
  <w>att</w>
  <w>stoppa</w>
  <w>mina</w>
  <w>icke-vita</w>
  <w>vänner</w>
  <w>för</w>
  <w>att</w>
  <w>"</w>
  <w>de</w>
  <w>beter</w>
  <w>sig</w>
  <w>konstigt</w>
  <w>"</w>
  <w>.</w>
  <w>Ett</w>
  <w>scenario</w>
  <w>många</w>
  <w>av</w>
  <w>mina</w>
  <w>vänner</w>
  <w>som</w>
  <w>tillhör</w>
  <w>normen</w>
  <w>aldrig</w>
  <w>behöver</w>
  <w>uppleva</w>
  <w>.</w>
  <w>Men</w>
  <w>även</w>
  <w>den</w>
  <w>pinsamma</w>
  <w>tystnaden</w>
  <w>som</w>
  <w>uppstår</w>
  <w>i</w>
  <w>hissen</w>
  <w>när</w>
  <w>man</w>
  <w>i</w>
  <w>vad</w>
  <w>som</w>
  <w>känns</w>
  <w>som</w>
  <w>en</w>
  <w>evighet</w>
  <w>åker</w>
  <w>tillsammans</w>
  <w>med</w>
  <w>någon</w>
  <w>som</w>
  <w>man</w>
  <w>vet</w>
  <w>ser</w>
  <w>en</w>
  <w>som</w>
  <w>ett</w>
  <w>hot</w>
  <w>,</w>
  <w>enbart</w>
  <w>på</w>
  <w>grund</w>
  <w>av</w>
  <w>färgen</w>
  <w>man</w>
  <w>har</w>
  <w>på</w>
  <w>sin</w>
  <w>hud</w>
  <w>.</w>
  <w>För</w>
  <w>Trayvon</w>
  <w>Martin</w>
  <absaspan id=17 senti=1>
    <w>kostade</w>
  </absaspan>
  <absaspan id=18>
    <w>dessa</w>
    <w>fördomar</w>
  </absaspan>
  <absaspan id=19 senti=1>
    <w>hans</w>
  </absaspan>
  <absaspan id=20 senti=1>
    <w>liv</w>
  </absaspan>
  <w>.</w>
  <absaspan id=21 senti=1>
    <w>Hans</w>
    <w>död</w>
  </absaspan>
  <absaspan id=22 senti=1>
    <w>är</w>
    <w>en</w>
    <w>direkt</w>
    <w>konsekvens</w>
    <w>av</w>
  </absaspan>
  <absaspan id=23 senti=1>
    <w>rasistiska</w>
    <w>strukturer</w>
    <w>och</w>
    <w>föreställningar</w>
    <w>som</w>
    <w>är</w>
    <w>byggda</w>
    <w>på</w>
    <w>okunskap</w>
  </absaspan>
  <w>.</w>
</absapar>
<absapar id=5>
  <w>Zimmerman</w>
  <w>hade</w>
  <w>lagen</w>
  <w>på</w>
  <w>sin</w>
  <w>sida</w>
  <w>.</w>
  <w>När</w>
  <w>delstaten</w>
  <w>Florida</w>
  <w>införde</w>
  <w>"</w>
  <w>stand</w>
  <w>your</w>
  <w>ground</w>
  <w>"</w>
  <w>-</w>
  <w>lagen</w>
  <w>innebar</w>
  <w>det</w>
  <w>att</w>
  <w>man</w>
  <w>nu</w>
  <w>hade</w>
  <w>rätten</w>
  <w>att</w>
  <w>använda</w>
  <w>sig</w>
  <w>av</w>
  <w>dödligt</w>
  <w>våld</w>
  <w>om</w>
  <w>man</w>
  <w>kände</w>
  <w>sig</w>
  <w>hotad</w>
  <w>.</w>
  <w>Det</w>
  <w>gav</w>
  <w>Zimmerman</w>
  <w>chansen</w>
  <w>att</w>
  <w>slippa</w>
  <w>en</w>
  <w>dom</w>
  <w>,</w>
  <w>då</w>
  <w>han</w>
  <w>kunde</w>
  <w>skylla</w>
  <w>på</w>
  <w>att</w>
  <w>den</w>
  <w>taniga</w>
  <w>,</w>
  <w>obeväpnade</w>
  <w>17</w>
  <w>-</w>
  <w>åringen</w>
  <w>var</w>
  <w>ett</w>
  <w>hot</w>
  <w>mot</w>
  <w>samhället</w>
  <w>.</w>
  <w>Men</w>
  <w>samma</w>
  <w>lag</w>
  <w>var</w>
  <w>inte</w>
  <w>på</w>
  <w>Marissa</w>
  <w>Alexanders</w>
  <w>sida</w>
  <w>.</w>
  <w>En</w>
  <w>afroamerikansk</w>
  <w>kvinna</w>
  <w>som</w>
  <w>för</w>
  <w>tre</w>
  <w>år</w>
  <w>sedan</w>
  <w>sköt</w>
  <w>varningsskott</w>
  <w>i</w>
  <w>sitt</w>
  <w>hus</w>
  <w>då</w>
  <w>hennes</w>
  <w>man</w>
  <w>,</w>
  <w>som</w>
  <w>hon</w>
  <w>tidigare</w>
  <w>hade</w>
  <w>ansökt</w>
  <w>om</w>
  <w>besöksförbud</w>
  <w>från</w>
  <w>,</w>
  <w>misshandlade</w>
  <w>henne</w>
  <w>,</w>
  <w>som</w>
  <w>han</w>
  <w>gjort</w>
  <w>flera</w>
  <w>gånger</w>
  <w>tidigare</w>
  <w>.</w>
  <w>Hon</w>
  <w>blev</w>
  <w>dömd</w>
  <w>till</w>
  <w>20</w>
  <w>års</w>
  <w>fängelse</w>
  <w>.</w>
</absapar>
<absapar id=6>
  <w>Zimmerman</w>
  <w>sköt</w>
  <w>ihjäl</w>
  <w>en</w>
  <w>oskyldig</w>
  <w>pojke</w>
  <w>och</w>
  <w>gick</w>
  <w>trots</w>
  <w>det</w>
  <w>fri</w>
  <w>.</w>
  <w>Marissa</w>
  <w>Alexander</w>
  <w>tog</w>
  <w>inte</w>
  <w>någons</w>
  <w>liv</w>
  <w>och</w>
  <w>dömdes</w>
  <w>till</w>
  <w>20</w>
  <w>års</w>
  <w>fängelse</w>
  <w>.</w>
  <absaspan id=24>
    <w>Något</w>
  </absaspan>
  <w>som</w>
  <absaspan id=25 senti=1>
    <w>bör</w>
    <w>vara</w>
    <w>omöjligt</w>
    <w>i</w>
    <w>en</w>
    <w>normalt</w>
    <w>fungerande</w>
    <w>värld</w>
  </absaspan>
  <w>,</w>
  <w>men</w>
  <w>inte</w>
  <w>för</w>
  <w>ett</w>
  <w>rättssystem</w>
  <w>som</w>
  <w>inte</w>
  <w>dömer</w>
  <w>efter</w>
  <w>handling</w>
  <w>utan</w>
  <w>efter</w>
  <w>hudfärg</w>
  <w>.</w>
</absapar>
<absapar id=7>
  <w>I</w>
  <w>en</w>
  <w>tid</w>
  <w>där</w>
  <w>i</w>
  <w>stort</w>
  <w>sett</w>
  <w>allt</w>
  <w>kan</w>
  <w>hända</w>
  <w>så</w>
  <w>är</w>
  <w>rädsla</w>
  <w>befogad</w>
  <w>.</w>
  <w>Men</w>
  <absaspan id=26>
    <w>att</w>
    <w>känna</w>
    <w>sig</w>
    <w>rädd</w>
    <w>på</w>
    <w>grund</w>
    <w>av</w>
    <w>att</w>
    <w>människan</w>
    <w>bredvid</w>
    <w>dig</w>
    <w>inte</w>
    <w>ser</w>
    <w>ut</w>
    <w>som</w>
    <w>du</w>
    <w>gör</w>
  </absaspan>
  <w>,</w>
  <absaspan id=27 senti=1>
    <w>går</w>
    <w>inte</w>
    <w>att</w>
    <w>ursäkta</w>
  </absaspan>
  <w>.</w>
  <w>Oavsett</w>
  <w>om</w>
  <w>rasism</w>
  <w>drivs</w>
  <w>av</w>
  <w>hat</w>
  <w>,</w>
  <w>rädsla</w>
  <w>eller</w>
  <w>okunskap</w>
  <w>så</w>
  <absaspan id=28 senti=2>
    <w>är</w>
  </absaspan>
  <w>det</w>
  <w>fortfarande</w>
  <absaspan id=29 senti=2>
    <w>rasism</w>
  </absaspan>
  <w>.</w>
  <w>Och</w>
  <absaspan id=30>
    <w>om</w>
    <w>människor</w>
    <w>inte</w>
    <w>skapade</w>
    <w>en</w>
    <w>verklighet</w>
    <w>utifrån</w>
    <w>felaktiga</w>
    <w>föreställningar</w>
  </absaspan>
  <absaspan id=31 senti=5>
    <w>så</w>
    <w>skulle</w>
    <w>Trayvon</w>
    <w>Martin</w>
    <w>varit</w>
    <w>vid</w>
    <w>liv</w>
    <w>för</w>
    <w>att</w>
    <w>fira</w>
    <w>sin</w>
    <w>18</w>
    <w>-</w>
    <w>års</w>
    <w>dag</w>
  </absaspan>
  <w>.</w>
</absapar>
<absapar id=8>
  <w>Bilan</w>
  <w>Osman</w>
  <w>.</w>
</absapar>
<absapar id=9>
  <w>FAKTA</w>
  <w>.</w>
</absapar>
</absadoc>
