<absadoc annotators=1 senti=>
<absatitle>
  <absaspan id=1>
    <w>Hotade</w>
    <w>skära</w>
    <w>halsen</w>
    <w>av</w>
    <w>2</w>
    <w>-</w>
    <w>årig</w>
    <w>flicka</w>
    <w>på</w>
    <w>asylboende</w>
    <w>i</w>
    <w>Torsby</w>
  </absaspan>
  <w>.</w>
</absatitle>
<absapar id=1>
  <absaspan id=2 senti=1>
    <w>Måste</w>
    <w>vara</w>
    <w>varje</w>
    <w>förälders</w>
    <w>mardröm</w>
    <w>att</w>
    <w>råka</w>
    <w>ut</w>
    <w>för</w>
  </absaspan>
  <w>.</w>
  <w>Två</w>
  <w>bröder</w>
  <w>31</w>
  <w>och</w>
  <w>29</w>
  <w>år</w>
  <w>gamla</w>
  <w>sitter</w>
  <w>anhållna</w>
  <w>efter</w>
  <w>att</w>
  <w>den</w>
  <w>ena</w>
  <w>hållit</w>
  <w>en</w>
  <w>kniv</w>
  <w>mot</w>
  <w>halsen</w>
  <w>på</w>
  <w>den</w>
  <w>lilla</w>
  <w>flickan</w>
  <w>och</w>
  <w>hotat</w>
  <w>med</w>
  <w>att</w>
  <w>döda</w>
  <w>henne</w>
  <w>.</w>
  <w>Är</w>
  <w>det</w>
  <w>ens</w>
  <w>något</w>
  <w>som</w>
  <w>ger</w>
  <w>mer</w>
  <w>än</w>
  <w>en</w>
  <w>notis</w>
  <w>numera</w>
  <w>nu</w>
  <w>när</w>
  <w>det</w>
  <w>jäser</w>
  <w>runtom</w>
  <w>på</w>
  <w>våra</w>
  <w>asylboenden</w>
  <w>?</w>
  <w>.</w>
</absapar>
</absadoc>
