<absadoc annotators=1 senti=1>
<absatitle>
  <absaspan id=1>
    <w>Asylsökande</w>
  </absaspan>
  <absaspan id=2>
    <w>våldtog</w>
    <w>och</w>
    <w>gjorde</w>
    <w>13</w>
    <w>-</w>
    <w>åring</w>
    <w>gravid</w>
    <w>[</w>
    <w>Sverige</w>
    <w>]</w>
  </absaspan>
  <w>.</w>
</absatitle>
<absapar id=1 senti=1>
  <w>Läste</w>
  <w>precis</w>
  <w>detta</w>
  <w>blogg-inlägg</w>
  <w>å</w>
  <absaspan id=3 senti=1>
    <w>blir</w>
    <w>spyfärdig</w>
  </absaspan>
  <absaspan id=4>
    <w>av</w>
    <w>det</w>
    <w>som</w>
    <w>står</w>
    <w>här</w>
  </absaspan>
  <w>.</w>
</absapar>
<absapar id=2 senti=2>
  <w>Om</w>
  <w>detta</w>
  <w>nu</w>
  <w>är</w>
  <w>100%</w>
  <w>sant</w>
  <w>å</w>
  <w>inte</w>
  <w>bara</w>
  <w>en</w>
  <w>påhittad</w>
  <w>historia</w>
  <w>.</w>
  <w>Vad</w>
  <w>är</w>
  <w>det</w>
  <w>för</w>
  <w>signaler</w>
  <w>detta</w>
  <w>sänder</w>
  <w>och</w>
  <w>är</w>
  <w>det</w>
  <w>någon</w>
  <w>som</w>
  <w>vet</w>
  <w>mer</w>
  <w>om</w>
  <w>detta</w>
  <w>kommun</w>
  <w>,</w>
  <w>stad</w>
  <w>osv</w>
  <w>.</w>
  <w>.</w>
  <w>?</w>
  <w>.</w>
</absapar>
<absapar id=3 senti=1>
  <w>Våldtäkter</w>
  <w>legaliseras</w>
  <w>mot</w>
  <w>barn</w>
  <w>,</w>
  <w>bara</w>
  <w>du</w>
  <w>är</w>
  <w>från</w>
  <w>utlandet</w>
  <w>?</w>
  <absaspan id=5 senti=2>
    <w>.</w>
  </absaspan>
</absapar>
</absadoc>
