<absadoc annotators=1 senti=>
<absatitle>
  <w>Om</w>
  <w>Tjänstemannaansvaret</w>
  <w>infördes</w>
  <w>igen</w>
  <w>hur</w>
  <w>skulle</w>
  <w>det</w>
  <w>påverka</w>
  <w>beslut</w>
  <w>ang</w>
  <w>invandringen</w>
  <w>?</w>
</absatitle>
<absapar id=1>
  <w>Som</w>
  <w>vi</w>
  <w>vet</w>
  <w>avskaffades</w>
  <w>Tjänstemannaansvaret</w>
  <w>1974</w>
  <w>.</w>
  <w>Om</w>
  <w>Tjänstemannaansvaret</w>
  <w>återinfördes</w>
  <w>hur</w>
  <w>tror</w>
  <w>ni</w>
  <w>att</w>
  <w>ansvariga</w>
  <w>tjänstemän</w>
  <w>skulle</w>
  <w>resonera</w>
  <w>vad</w>
  <w>gäller</w>
  <w>stora</w>
  <w>beslut</w>
  <w>i</w>
  <w>invandringspolitiken</w>
  <w>som</w>
  <w>påverkar</w>
  <w>hela</w>
  <w>svenska</w>
  <w>samhället</w>
  <w>?</w>
  <w>Om</w>
  <w>ett</w>
  <w>beslut</w>
  <w>genererar</w>
  <w>stora</w>
  <w>kostnader</w>
  <w>skulle</w>
  <w>tjänstemannen</w>
  <w>vara</w>
  <w>mera</w>
  <w>försiktig</w>
  <w>som</w>
  <w>tex</w>
  <w>ensamkommande</w>
  <w>flyktingbarn</w>
  <w>?</w>
  <w>eller</w>
  <w>beslutet</w>
  <w>att</w>
  <w>alla</w>
  <w>syrier</w>
  <w>skulle</w>
  <w>få</w>
  <w>permanent</w>
  <w>PUT</w>
  <w>i</w>
  <w>Sverige</w>
  <w>?</w>
  <w>.</w>
</absapar>
</absadoc>
