<absadoc annotators=1 senti=>
<absatitle>
  <absaspan id=1 senti=4 partof=2>
    <w>Årets</w>
  </absaspan>
  <w>feministiska</w>
  <absaspan id=2 senti=4 target=4>
    <w>julklapp</w>
  </absaspan>
  <absaspan id=3 senti=4 target=4>
    <w>är</w>
  </absaspan>
  <absaspan id=4>
    <w>en</w>
    <w>get</w>
  </absaspan>
  <w>.</w>
</absatitle>
<absapar id=1>
  <w>Det</w>
  <w>lackar</w>
  <w>mot</w>
  <w>jul</w>
  <w>.</w>
  <w>Många</w>
  <w>har</w>
  <w>fortfarande</w>
  <w>inte</w>
  <w>köpt</w>
  <w>julklappar</w>
  <w>till</w>
  <w>nära</w>
  <w>och</w>
  <w>kära</w>
  <w>.</w>
  <w>Vad</w>
  <w>ger</w>
  <w>man</w>
  <w>den</w>
  <w>som</w>
  <w>redan</w>
  <w>har</w>
  <w>allt</w>
  <w>?</w>
  <w>En</w>
  <w>gåva</w>
  <w>till</w>
  <w>den</w>
  <w>som</w>
  <w>inget</w>
  <w>har</w>
  <w>är</w>
  <w>ett</w>
  <w>förslag</w>
  <w>.</w>
  <w>Ge</w>
  <w>bort</w>
  <w>en</w>
  <w>get</w>
  <w>i</w>
  <w>jul</w>
  <w>.</w>
  <w>Då</w>
  <w>kan</w>
  <w>du</w>
  <w>samtidigt</w>
  <w>ge</w>
  <w>jämställdheten</w>
  <w>en</w>
  <w>julklapp</w>
  <w>och</w>
  <absaspan id=5 senti=2>
    <w>bekämpa</w>
  </absaspan>
  <absaspan id=6>
    <w>världsfattigdomen</w>
  </absaspan>
  <w>.</w>
  <w>Förra</w>
  <w>året</w>
  <w>gav</w>
  <w>svenska</w>
  <w>folket</w>
  <w>bort</w>
  <w>uppskattningsvis</w>
  <w>7</w>
  <w>000</w>
  <w>getter</w>
  <w>i</w>
  <w>julgåva</w>
  <w>.</w>
  <absaspan id=7>
    <w>Vi</w>
  </absaspan>
  <absaspan id=8 senti=4>
    <w>hoppas</w>
  </absaspan>
  <absaspan id=9>
    <w>att</w>
    <w>det</w>
    <w>blir</w>
    <w>fler</w>
    <w>i</w>
    <w>år</w>
  </absaspan>
  <w>.</w>
</absapar>
<absapar id=2>
  <w>Nu</w>
  <w>vill</w>
  <w>vi</w>
  <w>inte</w>
  <w>att</w>
  <w>levande</w>
  <w>getter</w>
  <w>ska</w>
  <w>slås</w>
  <w>in</w>
  <w>i</w>
  <w>fina</w>
  <w>paket</w>
  <w>med</w>
  <w>röda</w>
  <w>snören</w>
  <w>och</w>
  <w>ligga</w>
  <w>under</w>
  <w>julgranar</w>
  <w>runt</w>
  <w>om</w>
  <w>i</w>
  <w>Sverige</w>
  <w>.</w>
  <w>Getterna</w>
  <absaspan id=10 senti=4>
    <w>ges</w>
    <w>enklast</w>
  </absaspan>
  <w>bort</w>
  <absaspan id=11>
    <w>via</w>
    <w>hjälporganisationer</w>
    <w>som</w>
    <w>Svenska</w>
    <w>kyrkan</w>
    <w>,</w>
    <w>Actionaid</w>
    <w>,</w>
    <w>eller</w>
    <w>Oxfam</w>
  </absaspan>
  <w>till</w>
  <w>fattiga</w>
  <w>kvinnor</w>
  <w>och</w>
  <w>deras</w>
  <w>familjer</w>
  <w>i</w>
  <w>framförallt</w>
  <w>Afrika</w>
  <w>och</w>
  <w>Asien</w>
  <w>.</w>
</absapar>
<absapar id=3>
  <w>Kvinnor</w>
  <w>utan</w>
  <w>ekonomiska</w>
  <w>resurser</w>
  <w>får</w>
  <w>en</w>
  <w>dräktig</w>
  <w>get</w>
  <w>eller</w>
  <w>en</w>
  <w>get</w>
  <w>och</w>
  <w>en</w>
  <w>bock</w>
  <w>för</w>
  <w>att</w>
  <w>bedriva</w>
  <w>avel</w>
  <w>.</w>
  <w>De</w>
  <w>utbildas</w>
  <w>i</w>
  <w>djurskötsel</w>
  <w>.</w>
  <absaspan id=12>
    <w>En</w>
    <w>get</w>
    <w>ger</w>
    <w>ungefär</w>
    <w>sju</w>
    <w>liter</w>
    <w>mjölk</w>
    <w>i</w>
    <w>veckan</w>
  </absaspan>
  <w>,</w>
  <absaspan id=13 senti=4>
    <w>en</w>
    <w>viktig</w>
    <w>näringskälla</w>
  </absaspan>
  <w>för</w>
  <w>undernärda</w>
  <w>barn</w>
  <w>.</w>
  <w>När</w>
  <w>getterna</w>
  <w>har</w>
  <w>blivit</w>
  <w>tillräckligt</w>
  <w>många</w>
  <w>kan</w>
  <w>familjen</w>
  <w>äta</w>
  <w>och</w>
  <w>sälja</w>
  <w>dem</w>
  <w>för</w>
  <w>att</w>
  <w>få</w>
  <w>pengar</w>
  <w>till</w>
  <w>att</w>
  <w>investera</w>
  <w>i</w>
  <w>redskap</w>
  <w>och</w>
  <w>utsäde</w>
  <w>.</w>
  <w>Den</w>
  <w>första</w>
  <w>killingen</w>
  <w>av</w>
  <w>honkön</w>
  <w>som</w>
  <w>föds</w>
  <w>ska</w>
  <w>kvinnan</w>
  <w>skänka</w>
  <w>bort</w>
  <w>till</w>
  <w>en</w>
  <w>annan</w>
  <w>fattig</w>
  <w>kvinna</w>
  <w>som</w>
  <w>åtar</w>
  <w>sig</w>
  <w>att</w>
  <w>göra</w>
  <w>samma</w>
  <w>sak</w>
  <w>.</w>
</absapar>
<absapar id=4>
  <absaspan id=14>
    <w>Lurdes</w>
    <w>Raimundo</w>
    <w>från</w>
    <w>byn</w>
    <w>Cumbene</w>
    <w>i</w>
    <w>Moçambique</w>
  </absaspan>
  <w>berättar</w>
  <w>:</w>
  <w>.</w>
</absapar>
<absapar id=5>
  <w>.</w>
  <w>–</w>
  <w>Efter</w>
  <w>översvämningarna</w>
  <w>år</w>
  <w>2000</w>
  <w>förlorade</w>
  <w>vi</w>
  <w>allt</w>
  <w>.</w>
  <absaspan id=15>
    <w>De</w>
    <w>två</w>
    <w>getter</w>
    <w>som</w>
    <w>vi</w>
    <w>fick</w>
    <w>från</w>
    <w>Actionaid</w>
  </absaspan>
  <absaspan id=16 senti=5>
    <w>blev</w>
    <w>min</w>
    <w>familjs</w>
    <w>räddning</w>
  </absaspan>
  <w>.</w>
  <w>När</w>
  <w>vi</w>
  <w>hade</w>
  <w>sålt</w>
  <w>vår</w>
  <w>första</w>
  <w>get</w>
  <w>på</w>
  <w>marknaden</w>
  <w>kunde</w>
  <w>vi</w>
  <w>investera</w>
  <w>i</w>
  <w>grödor</w>
  <w>och</w>
  <w>odla</w>
  <w>.</w>
  <absaspan id=17>
    <w>Året</w>
  </absaspan>
  <absaspan id=18>
    <w>därpå</w>
    <w>kunde</w>
    <w>vi</w>
    <w>sälja</w>
    <w>ännu</w>
    <w>en</w>
    <w>get</w>
    <w>och</w>
    <w>odlingarna</w>
    <w>växte</w>
    <w>ytterligare</w>
  </absaspan>
  <w>.</w>
  <absaspan id=19>
    <w>Det</w>
  </absaspan>
  <absaspan id=20 senti=5>
    <w>har</w>
    <w>bara</w>
    <w>blivit</w>
    <w>bättre</w>
    <w>och</w>
    <w>bättre</w>
  </absaspan>
  <w>.</w>
  <w>I</w>
  <w>dag</w>
  <w>har</w>
  <w>vi</w>
  <w>ankor</w>
  <w>och</w>
  <w>grisar</w>
  <w>också</w>
  <w>.</w>
  <w>Nu</w>
  <w>har</w>
  <w>vi</w>
  <w>råd</w>
  <w>med</w>
  <w>skolböcker</w>
  <w>och</w>
  <w>sjukvård</w>
  <w>till</w>
  <w>våra</w>
  <w>barn</w>
  <w>.</w>
</absapar>
<absapar id=6>
  <absaspan id=21>
    <w>På</w>
    <w>många</w>
    <w>håll</w>
    <w>i</w>
    <w>världen</w>
  </absaspan>
  <absaspan id=22 senti=2>
    <w>är</w>
  </absaspan>
  <absaspan id=23>
    <w>kvinnor</w>
  </absaspan>
  <w>fortfarande</w>
  <absaspan id=24 senti=2>
    <w>andra</w>
  </absaspan>
  <absaspan id=25 senti=2>
    <w>klassens</w>
    <w>medborgare</w>
  </absaspan>
  <w>.</w>
  <w>70</w>
  <w>procent</w>
  <w>av</w>
  <w>världens</w>
  <w>allra</w>
  <w>fattigaste</w>
  <w>är</w>
  <w>kvinnor</w>
  <w>.</w>
  <w>66</w>
  <w>procent</w>
  <w>av</w>
  <w>jordens</w>
  <w>sammanlagda</w>
  <w>arbete</w>
  <w>utförs</w>
  <w>av</w>
  <w>kvinnor</w>
  <w>–</w>
  <w>men</w>
  <w>de</w>
  <w>får</w>
  <absaspan id=26 senti=2>
    <w>bara</w>
  </absaspan>
  <absaspan id=27>
    <w>fem</w>
    <w>procent</w>
    <w>av</w>
    <w>jordens</w>
    <w>sammanlagda</w>
    <w>inkomst</w>
  </absaspan>
  <w>.</w>
  <w>Enligt</w>
  <w>SIDA</w>
  <w>ägs</w>
  <w>över</w>
  <w>90</w>
  <w>procent</w>
  <w>av</w>
  <w>världens</w>
  <w>samlade</w>
  <w>förmögenheter</w>
  <w>av</w>
  <w>män</w>
  <w>.</w>
  <w>82</w>
  <w>procent</w>
  <w>av</w>
  <w>världens</w>
  <w>parlamentariker</w>
  <w>är</w>
  <w>män</w>
  <w>.</w>
  <w>Att</w>
  <w>äga</w>
  <w>är</w>
  <w>därför</w>
  <w>en</w>
  <w>nyckel</w>
  <w>till</w>
  <w>att</w>
  <w>kvinnor</w>
  <w>får</w>
  <w>mer</w>
  <w>makt</w>
  <w>och</w>
  <w>inflytande</w>
  <w>.</w>
  <absaspan id=28>
    <w>Insatser</w>
    <w>som</w>
    <w>främjar</w>
    <w>jämställdhet</w>
  </absaspan>
  <w>har</w>
  <w>visat</w>
  <w>sig</w>
  <absaspan id=29 senti=4>
    <w>vara</w>
  </absaspan>
  <w>bland</w>
  <absaspan id=30 senti=4>
    <w>de</w>
  </absaspan>
  <absaspan id=31 senti=4>
    <w>mest</w>
    <w>effektiva</w>
    <w>sätten</w>
  </absaspan>
  <w>att</w>
  <w>minska</w>
  <w>fattigdom</w>
  <w>.</w>
</absapar>
<absapar id=7>
  <w>Pengar</w>
  <w>är</w>
  <w>makt</w>
  <w>!</w>
  <w>Feminism</w>
  <w>+</w>
  <w>kapitalism</w>
  <w>=</w>
  <w>sant</w>
  <w>.</w>
</absapar>
<absapar id=8>
  <w>Världens</w>
  <w>kvinnor</w>
  <w>måste</w>
  <w>helt</w>
  <w>enkelt</w>
  <w>äga</w>
  <w>mer</w>
  <w>om</w>
  <w>vi</w>
  <w>vill</w>
  <w>skapa</w>
  <w>en</w>
  <w>mer</w>
  <w>rättvis</w>
  <w>värld</w>
  <w>.</w>
  <w>Och</w>
  <w>även</w>
  <w>om</w>
  <w>det</w>
  <absaspan id=32 senti=2>
    <w>verkar</w>
    <w>futtigt</w>
  </absaspan>
  <w>utifrån</w>
  <w>ett</w>
  <w>svensk</w>
  <w>perspektiv</w>
  <w>kan</w>
  <absaspan id=33>
    <w>en</w>
    <w>get</w>
    <w>i</w>
    <w>julklapp</w>
    <w>till</w>
    <w>en</w>
    <w>okänd</w>
    <w>kvinna</w>
  </absaspan>
  <w>i</w>
  <w>ett</w>
  <w>land</w>
  <w>långt</w>
  <w>borta</w>
  <w>bidra</w>
  <w>till</w>
  <w>en</w>
  <w>förändring</w>
  <absaspan id=34>
    <w>.</w>
  </absaspan>
  <absaspan id=35>
    <w>Julgeten</w>
  </absaspan>
  <absaspan id=36 senti=4>
    <w>är</w>
  </absaspan>
  <w>därför</w>
  <absaspan id=37 senti=4>
    <w>årets</w>
  </absaspan>
  <w>feministiska</w>
  <absaspan id=38 senti=4>
    <w>julklapp</w>
  </absaspan>
  <w>.</w>
</absapar>
<absapar id=9>
  <w>Birgitta</w>
  <w>Ohlsson</w>
  <w>Ordförande</w>
  <w>Liberala</w>
  <w>Kvinnor</w>
  <w>och</w>
  <w>riksdagsledamot</w>
  <w>(</w>
  <w>fp</w>
  <w>)</w>
  <w>Jenny</w>
  <w>Sonesson</w>
  <w>Förbundssekreterare</w>
  <w>Liberala</w>
  <w>Kvinnor</w>
  <w>.</w>
</absapar>
</absadoc>
