<absadoc annotators=1 senti=>
<absatitle>
  <w>Detta</w>
  <w>bör</w>
  <w>utvärderas</w>
  <w>efter</w>
  <w>Afghanistan</w>
  <w>.</w>
</absatitle>
<absapar id=1>
  <w>Den</w>
  <w>svenska</w>
  <w>insatsen</w>
  <w>i</w>
  <w>Afghanistan</w>
  <w>har</w>
  <w>varit</w>
  <w>mycket</w>
  <w>omfattande</w>
  <w>och</w>
  <w>långvarig</w>
  <w>.</w>
  <w>Både</w>
  <w>den</w>
  <w>förra</w>
  <w>och</w>
  <w>den</w>
  <w>nuvarande</w>
  <w>regeringen</w>
  <w>har</w>
  <w>lovat</w>
  <w>utvärderingar</w>
  <w>.</w>
  <w>Det</w>
  <w>är</w>
  <absaspan id=1 senti=4>
    <w>nu</w>
    <w>hög</w>
    <w>tid</w>
  </absaspan>
  <w>att</w>
  <absaspan id=2>
    <w>sätta</w>
    <w>fart</w>
  </absaspan>
  <w>,</w>
  <w>skriver</w>
  <absaspan id=3>
    <w>Robert</w>
    <w>Egnell</w>
  </absaspan>
  <w>,</w>
  <w>Georgetown</w>
  <w>University</w>
  <w>.</w>
</absapar>
<absapar id=2>
  <absaspan id=4>
    <w>Tretton</w>
    <w>år</w>
    <w>av</w>
    <w>svenska</w>
    <w>bidrag</w>
    <w>till</w>
    <w>både</w>
    <w>kriget</w>
    <w>och</w>
    <w>återuppbyggnaden</w>
  </absaspan>
  <absaspan id=5 senti=2>
    <w>får</w>
    <w>inte</w>
    <w>försvinna</w>
    <w>i</w>
    <w>intet.Robert</w>
  </absaspan>
  <w>Egnell</w>
  <w>.</w>
</absapar>
<absapar id=3>
  <w>Det</w>
  <w>här</w>
  <w>är</w>
  <w>en</w>
  <w>argumenterande</w>
  <w>text</w>
  <w>med</w>
  <w>syfte</w>
  <w>att</w>
  <w>påverka</w>
  <w>.</w>
  <w>Åsikterna</w>
  <w>som</w>
  <w>uttrycks</w>
  <w>är</w>
  <w>skribentens</w>
  <w>egna</w>
  <w>.</w>
</absapar>
<absapar id=4>
  <w>Vid</w>
  <w>årsskiftet</w>
  <w>lämnade</w>
  <w>de</w>
  <w>sista</w>
  <w>stridande</w>
  <w>förbanden</w>
  <w>Afghanistan</w>
  <w>och</w>
  <w>en</w>
  <w>epok</w>
  <w>av</w>
  <w>omfattande</w>
  <w>interventioner</w>
  <w>och</w>
  <w>statsuppbyggande</w>
  <w>insatser</w>
  <w>nådde</w>
  <w>därmed</w>
  <w>sitt</w>
  <w>slut</w>
  <w>.</w>
  <w>Under</w>
  <w>drygt</w>
  <w>13</w>
  <w>år</w>
  <w>har</w>
  <w>det</w>
  <w>internationella</w>
  <w>samfundet</w>
  <w>med</w>
  <w>USA</w>
  <w>i</w>
  <w>spetsen</w>
  <w>spenderat</w>
  <w>historiskt</w>
  <w>sett</w>
  <w>oöverträffade</w>
  <w>summor</w>
  <w>pengar</w>
  <w>,</w>
  <w>men</w>
  <w>också</w>
  <w>blod</w>
  <w>,</w>
  <w>svett</w>
  <w>och</w>
  <w>tårar</w>
  <w>,</w>
  <w>på</w>
  <w>att</w>
  <w>försöka</w>
  <w>besegra</w>
  <w>talibanerna</w>
  <w>och</w>
  <w>al-Qaida</w>
  <w>och</w>
  <w>för</w>
  <w>att</w>
  <w>stabilisera</w>
  <w>och</w>
  <w>demokratisera</w>
  <w>landet</w>
  <w>.</w>
  <w>I</w>
  <w>november</w>
  <w>2014</w>
  <w>hade</w>
  <w>drygt</w>
  <w>20</w>
  <w>000</w>
  <w>civila</w>
  <w>,</w>
  <w>3</w>
  <w>300</w>
  <w>soldater</w>
  <w>ur</w>
  <w>koalitionen</w>
  <w>och</w>
  <w>ett</w>
  <w>okänt</w>
  <w>antal</w>
  <w>upprorsmän</w>
  <w>dödats</w>
  <w>och</w>
  <w>många</w>
  <w>fler</w>
  <w>ur</w>
  <w>varje</w>
  <w>kategori</w>
  <w>skadats</w>
  <w>.</w>
</absapar>
<absapar id=5>
  <absaspan id=6 senti=4>
    <w>Betydande</w>
    <w>framgångar</w>
    <w>har</w>
    <w>uppnåtts</w>
  </absaspan>
  <w>–</w>
  <w>inte</w>
  <w>minst</w>
  <absaspan id=7>
    <w>inom</w>
    <w>utbildning</w>
    <w>,</w>
    <w>hälsa</w>
    <w>och</w>
    <w>kvinnors</w>
    <w>rättigheter</w>
  </absaspan>
  <w>,</w>
  <w>men</w>
  <absaspan id=8 senti=2>
    <w>trots</w>
  </absaspan>
  <w>de</w>
  <absaspan id=9>
    <w>enorma</w>
    <w>uppoffringarna</w>
    <w>och</w>
    <w>kostnaderna</w>
  </absaspan>
  <w>är</w>
  <absaspan id=10>
    <w>säkerhetsläget</w>
    <w>för</w>
    <w>civilbefolkningen</w>
  </absaspan>
  <absaspan id=11 senti=1>
    <w>fortfarande</w>
    <w>fullständigt</w>
    <w>oacceptabelt</w>
  </absaspan>
  <w>,</w>
  <absaspan id=12>
    <w>den</w>
    <w>ekonomiska</w>
    <w>situationen</w>
  </absaspan>
  <absaspan id=13 senti=1>
    <w>katastrofal</w>
  </absaspan>
  <w>och</w>
  <absaspan id=14>
    <w>det</w>
    <w>politiska</w>
    <w>läget</w>
  </absaspan>
  <absaspan id=15 senti=2>
    <w>högst</w>
    <w>osäkert</w>
  </absaspan>
  <w>efter</w>
  <w>de</w>
  <w>senaste</w>
  <w>i</w>
  <w>praktiken</w>
  <w>nullifierade</w>
  <w>valen</w>
  <w>och</w>
  <w>den</w>
  <absaspan id=16 senti=1>
    <w>alltjämt</w>
    <w>problematiska</w>
    <w>korruptionen</w>
  </absaspan>
  <absaspan id=17 senti=1>
    <w>på</w>
    <w>alla</w>
    <w>nivåer</w>
    <w>i</w>
    <w>samhället</w>
  </absaspan>
  <w>.</w>
</absapar>
<absapar id=6>
  <w>*</w>
  <w>*</w>
  <w>För</w>
  <w>svensk</w>
  <w>del</w>
  <w>*</w>
  <w>*</w>
  <w>har</w>
  <w>insatsen</w>
  <w>också</w>
  <w>varit</w>
  <w>mycket</w>
  <w>omfattande</w>
  <w>och</w>
  <w>inte</w>
  <w>minst</w>
  <w>långvarig</w>
  <w>.</w>
  <w>Svenska</w>
  <w>soldater</w>
  <w>har</w>
  <w>tjänstgjort</w>
  <w>i</w>
  <w>Afghanistan</w>
  <w>sedan</w>
  <w>2001</w>
  <w>och</w>
  <w>landet</w>
  <w>är</w>
  <w>dessutom</w>
  <w>numera</w>
  <w>en</w>
  <w>av</w>
  <w>Sveriges</w>
  <w>största</w>
  <w>biståndsmottagare</w>
  <w>.</w>
  <absaspan id=18>
    <w>Flera</w>
    <w>svenska</w>
    <w>soldater</w>
    <w>och</w>
    <w>civila</w>
  </absaspan>
  <absaspan id=19 senti=4>
    <w>har</w>
    <w>offrat</w>
    <w>sina</w>
    <w>liv</w>
  </absaspan>
  <w>under</w>
  <w>arbetet</w>
  <w>för</w>
  <w>Afghanistan</w>
  <w>.</w>
  <w>Det</w>
  <w>har</w>
  <w>även</w>
  <w>skapats</w>
  <w>en</w>
  <w>rad</w>
  <w>nya</w>
  <w>metoder</w>
  <w>och</w>
  <w>inriktningar</w>
  <w>för</w>
  <w>både</w>
  <w>det</w>
  <w>civila</w>
  <w>och</w>
  <w>militära</w>
  <w>arbetet</w>
  <w>under</w>
  <w>årens</w>
  <w>lopp</w>
  <w>.</w>
</absapar>
<absapar id=7>
  <absaspan id=20>
    <w>Den</w>
    <w>långa</w>
    <w>insatsen</w>
  </absaspan>
  <w>har</w>
  <absaspan id=21 senti=2>
    <w>skapat</w>
    <w>en</w>
    <w>krigströtthet</w>
  </absaspan>
  <w>som</w>
  <w>syns</w>
  <w>både</w>
  <w>bland</w>
  <w>allmänheten</w>
  <w>och</w>
  <w>i</w>
  <w>medierna</w>
  <w>.</w>
  <w>Efter</w>
  <w>att</w>
  <w>ha</w>
  <w>genomsyrat</w>
  <w>svensk</w>
  <w>säkerhetspolitisk</w>
  <w>debatt</w>
  <w>är</w>
  <w>Afghanistan</w>
  <w>i</w>
  <w>dag</w>
  <w>långt</w>
  <w>ifrån</w>
  <w>tidningarnas</w>
  <w>löpsedlar</w>
  <w>.</w>
  <w>Under</w>
  <w>Folk</w>
  <w>och</w>
  <w>Försvars</w>
  <w>rikskonferens</w>
  <w>i</w>
  <w>Sälen</w>
  <w>nämndes</w>
  <w>knappast</w>
  <w>insatsen</w>
  <w>alls</w>
  <w>.</w>
</absapar>
<absapar id=8>
  <w>Vi</w>
  <absaspan id=22 senti=2>
    <w>får</w>
    <w>dock</w>
    <w>inte</w>
  </absaspan>
  <absaspan id=23>
    <w>luta</w>
    <w>oss</w>
    <w>tillbaka</w>
  </absaspan>
  <w>,</w>
  <w>utan</w>
  <w>det</w>
  <absaspan id=24 senti=4>
    <w>är</w>
    <w>nu</w>
    <w>hög</w>
    <w>tid</w>
  </absaspan>
  <w>att</w>
  <absaspan id=25>
    <w>granska</w>
    <w>och</w>
    <w>utvärdera</w>
    <w>insatsen</w>
    <w>i</w>
    <w>dess</w>
    <w>helhet</w>
  </absaspan>
  <w>.</w>
  <w>Både</w>
  <w>den</w>
  <w>förra</w>
  <w>(</w>
  <w>2013</w>
  <w>)</w>
  <w>och</w>
  <w>den</w>
  <w>nuvarande</w>
  <w>(</w>
  <w>2014</w>
  <w>)</w>
  <w>regeringen</w>
  <w>har</w>
  <w>utlovat</w>
  <w>utvärderingar</w>
  <w>och</w>
  <w>det</w>
  <w>är</w>
  <absaspan id=26 senti=4>
    <w>nu</w>
    <w>hög</w>
    <w>tid</w>
  </absaspan>
  <w>att</w>
  <absaspan id=27>
    <w>sätta</w>
    <w>fart</w>
  </absaspan>
  <w>.</w>
  <w>Det</w>
  <w>vore</w>
  <w>en</w>
  <absaspan id=28 senti=1>
    <w>skam</w>
  </absaspan>
  <absaspan id=29>
    <w>om</w>
    <w>inte</w>
    <w>erfarenheterna</w>
    <w>togs</w>
    <w>tillvara</w>
    <w>och</w>
    <w>dessutom</w>
    <w>diskuterades</w>
    <w>offentligt</w>
  </absaspan>
  <w>.</w>
  <w>Utvärderingen</w>
  <w>får</w>
  <w>heller</w>
  <w>inte</w>
  <w>bli</w>
  <w>myndighetsspecifik</w>
  <w>utan</w>
  <w>måste</w>
  <w>omfatta</w>
  <w>det</w>
  <w>svenska</w>
  <w>bidraget</w>
  <w>som</w>
  <w>helhet</w>
  <w>.</w>
  <w>Utöver</w>
  <w>mer</w>
  <w>generella</w>
  <w>frågor</w>
  <w>om</w>
  <w>på</w>
  <w>vilka</w>
  <w>grunder</w>
  <w>strategiska</w>
  <w>beslut</w>
  <w>har</w>
  <w>fattats</w>
  <w>,</w>
  <w>hur</w>
  <w>resurser</w>
  <w>har</w>
  <w>fördelats</w>
  <w>och</w>
  <w>hur</w>
  <w>involverade</w>
  <w>myndigheter</w>
  <w>har</w>
  <w>tolkat</w>
  <w>och</w>
  <w>implementerat</w>
  <w>politiska</w>
  <w>beslut</w>
  <w>,</w>
  <w>så</w>
  <w>sticker</w>
  <w>tre</w>
  <w>mer</w>
  <w>detaljerade</w>
  <w>studieområden</w>
  <w>ut</w>
  <w>.</w>
</absapar>
<absapar id=9>
  <w>#</w>
  <w>P</w>
  <w>IMM</w>
  <w>.</w>
  <w>*</w>
  <w>*</w>
  <w>1</w>
  <w>.</w>
  <w>Den</w>
  <w>militära</w>
  <w>insatsens</w>
  <w>utformning</w>
  <w>och</w>
  <w>strategi</w>
  <w>.</w>
  <w>*</w>
  <w>*</w>
  <w>I</w>
  <w>Afghanistan</w>
  <w>har</w>
  <w>den</w>
  <w>svenska</w>
  <w>styrkan</w>
  <w>haft</w>
  <w>cirka</w>
  <w>500</w>
  <w>soldater</w>
  <w>placerade</w>
  <w>i</w>
  <w>ett</w>
  <w>så</w>
  <w>kallat</w>
  <w>Provincial</w>
  <w>reconstruction</w>
  <w>team</w>
  <w>(</w>
  <w>PRT</w>
  <w>)</w>
  <w>i</w>
  <w>Mazar-e-Sharif</w>
  <w>i</w>
  <w>norra</w>
  <w>Afghanistan</w>
  <w>.</w>
  <w>De</w>
  <w>har</w>
  <w>haft</w>
  <w>ansvar</w>
  <w>för</w>
  <w>ett</w>
  <w>område</w>
  <w>större</w>
  <w>än</w>
  <w>Schweiz</w>
  <w>med</w>
  <w>en</w>
  <w>population</w>
  <w>på</w>
  <w>cirka</w>
  <w>2,5</w>
  <w>miljoner</w>
  <w>invånare</w>
  <w>.</w>
  <w>Att</w>
  <absaspan id=30 senti=2>
    <w>inbilla</w>
    <w>sig</w>
  </absaspan>
  <w>att</w>
  <absaspan id=31>
    <w>styrkan</w>
    <w>skulle</w>
    <w>kunna</w>
    <w>ha</w>
    <w>någon</w>
    <w>större</w>
    <w>inverkan</w>
    <w>på</w>
    <w>säkerhetsläget</w>
    <w>i</w>
    <w>de</w>
    <w>fyra</w>
    <w>provinserna</w>
  </absaspan>
  <absaspan id=32 senti=2>
    <w>vore</w>
  </absaspan>
  <absaspan id=33 senti=2>
    <w>närmast</w>
    <w>fåfängt</w>
  </absaspan>
  <w>,</w>
  <w>men</w>
  <absaspan id=34>
    <w>insatsen</w>
  </absaspan>
  <w>har</w>
  <w>trots</w>
  <w>detta</w>
  <absaspan id=35 senti=4>
    <w>först</w>
    <w>med</w>
    <w>sig</w>
    <w>viktiga</w>
    <w>fördelar</w>
  </absaspan>
  <w>.</w>
  <w>Inte</w>
  <w>minst</w>
  <w>har</w>
  <w>styrkan</w>
  <w>setts</w>
  <w>som</w>
  <w>ett</w>
  <absaspan id=36 senti=4>
    <w>viktigt</w>
    <w>och</w>
    <w>substantiellt</w>
  </absaspan>
  <absaspan id=37>
    <w>bidrag</w>
  </absaspan>
  <w>inom</w>
  <w>det</w>
  <w>internationella</w>
  <w>samfundet</w>
  <w>.</w>
  <w>Dessutom</w>
  <w>har</w>
  <w>en</w>
  <w>hel</w>
  <w>generation</w>
  <w>soldater</w>
  <w>och</w>
  <w>officerare</w>
  <w>fått</w>
  <absaspan id=38 senti=5>
    <w>fullständigt</w>
    <w>ovärderliga</w>
  </absaspan>
  <absaspan id=39>
    <w>erfarenheter</w>
  </absaspan>
  <w>,</w>
  <w>inte</w>
  <w>bara</w>
  <w>av</w>
  <w>strid</w>
  <w>,</w>
  <w>men</w>
  <w>av</w>
  <w>skarp</w>
  <w>verksamhet</w>
  <w>och</w>
  <w>ledarskap</w>
  <w>i</w>
  <w>en</w>
  <absaspan id=40 senti=2>
    <w>mycket</w>
    <w>svår</w>
  </absaspan>
  <absaspan id=41>
    <w>insatsmiljö</w>
  </absaspan>
  <w>.</w>
</absapar>
<absapar id=10>
  <w>Den</w>
  <w>svenska</w>
  <w>politiska</w>
  <w>retoriken</w>
  <w>beskriver</w>
  <w>oftast</w>
  <w>insatsen</w>
  <w>i</w>
  <w>Afghanistan</w>
  <w>som</w>
  <w>en</w>
  <w>fredsfrämjande</w>
  <w>insats</w>
  <w>,</w>
  <w>men</w>
  <w>i</w>
  <w>verkligheten</w>
  <w>har</w>
  <w>det</w>
  <w>svenska</w>
  <w>bidraget</w>
  <w>deltagit</w>
  <w>i</w>
  <w>ett</w>
  <w>fullskaligt</w>
  <w>om</w>
  <w>än</w>
  <w>lågintensivt</w>
  <w>krig</w>
  <w>i</w>
  <w>Afghanistan</w>
  <w>.</w>
  <w>Under</w>
  <w>ett</w>
  <w>antal</w>
  <w>år</w>
  <w>har</w>
  <w>detta</w>
  <w>skett</w>
  <w>med</w>
  <w>fokus</w>
  <w>på</w>
  <w>så</w>
  <w>kallad</w>
  <w>upprorsmotverkan</w>
  <w>eller</w>
  <w>"</w>
  <w>counterinsurgency</w>
  <w>"</w>
  <w>(</w>
  <w>Coin</w>
  <w>)</w>
  <w>på</w>
  <w>taktisk</w>
  <w>nivå</w>
  <w>–</w>
  <w>vilket</w>
  <w>har</w>
  <w>inneburit</w>
  <w>att</w>
  <w>rensa</w>
  <w>och</w>
  <w>försöka</w>
  <w>hålla</w>
  <w>byar</w>
  <w>från</w>
  <w>insurgenter</w>
  <w>.</w>
  <w>Den</w>
  <w>militära</w>
  <w>insatsens</w>
  <w>numerär</w>
  <w>och</w>
  <w>utformning</w>
  <w>,</w>
  <w>det</w>
  <w>taktiska</w>
  <w>beteendet</w>
  <w>,</w>
  <w>och</w>
  <w>storleken</w>
  <w>på</w>
  <w>insatsområdet</w>
  <w>är</w>
  <w>alla</w>
  <w>aspekter</w>
  <w>som</w>
  <w>måste</w>
  <w>utvärderas</w>
  <w>för</w>
  <w>framtida</w>
  <w>svenska</w>
  <w>bidrag</w>
  <w>till</w>
  <w>internationella</w>
  <w>insatser</w>
  <w>.</w>
</absapar>
<absapar id=11>
  <w>#</w>
  <w>P</w>
  <w>IMM</w>
  <w>.</w>
  <w>2</w>
  <w>.</w>
  <w>Utvecklingsstödet</w>
  <w>till</w>
  <w>Afghanistan</w>
  <w>.</w>
  <w>Sverige</w>
  <w>har</w>
  <w>de</w>
  <w>senaste</w>
  <w>åren</w>
  <w>satsat</w>
  <w>cirka</w>
  <w>700</w>
  <w>miljoner</w>
  <w>kronor</w>
  <w>årligen</w>
  <w>på</w>
  <w>utvecklingsstöd</w>
  <w>i</w>
  <w>Afghanistan</w>
  <w>.</w>
  <w>Sverige</w>
  <w>går</w>
  <w>dessutom</w>
  <w>mot</w>
  <w>strömmen</w>
  <w>och</w>
  <w>ökar</w>
  <w>biståndet</w>
  <w>kraftigt</w>
  <w>under</w>
  <w>perioden</w>
  <w>2015</w>
  <w>–</w>
  <w>2020</w>
  <w>.</w>
  <w>Det</w>
  <w>svenska</w>
  <w>utvecklingsstödet</w>
  <w>har</w>
  <w>generellt</w>
  <w>sett</w>
  <w>gått</w>
  <w>igenom</w>
  <w>en</w>
  <w>stor</w>
  <w>förändringsprocess</w>
  <w>i</w>
  <w>form</w>
  <w>av</w>
  <w>fokusering</w>
  <w>och</w>
  <w>omprioritering</w>
  <w>.</w>
  <w>Antalet</w>
  <w>länder</w>
  <w>som</w>
  <w>får</w>
  <w>svenskt</w>
  <w>stöd</w>
  <w>har</w>
  <w>minskats</w>
  <w>och</w>
  <w>fokus</w>
  <w>har</w>
  <w>alltmer</w>
  <w>lagt</w>
  <w>på</w>
  <w>konflikt</w>
  <w>-</w>
  <w>och</w>
  <w>post-konfliktländer</w>
  <w>.</w>
  <w>Detta</w>
  <w>bygger</w>
  <w>på</w>
  <w>kunskapen</w>
  <w>om</w>
  <w>att</w>
  <w>utveckling</w>
  <w>och</w>
  <w>säkerhet</w>
  <w>är</w>
  <w>intimt</w>
  <w>förknippade</w>
  <w>genom</w>
  <w>att</w>
  <absaspan id=42>
    <w>ekonomisk</w>
    <w>utveckling</w>
  </absaspan>
  <w>är</w>
  <absaspan id=43 senti=2>
    <w>mycket</w>
    <w>svår</w>
    <w>att</w>
    <w>uppnå</w>
  </absaspan>
  <w>utan</w>
  <w>att</w>
  <w>stoppa</w>
  <w>krig</w>
  <w>och</w>
  <w>konflikter</w>
  <w>,</w>
  <w>och</w>
  <w>att</w>
  <absaspan id=44>
    <w>fred</w>
    <w>och</w>
    <w>stabilitet</w>
  </absaspan>
  <w>är</w>
  <absaspan id=45 senti=2>
    <w>svårt</w>
    <w>att</w>
    <w>uppnå</w>
  </absaspan>
  <w>utan</w>
  <w>att</w>
  <w>hantera</w>
  <w>de</w>
  <w>underliggande</w>
  <w>(</w>
  <w>ofta</w>
  <w>ekonomiska</w>
  <w>)</w>
  <w>orsakerna</w>
  <w>.</w>
</absapar>
<absapar id=12>
  <w>Resultaten</w>
  <w>i</w>
  <w>Afghanistan</w>
  <w>pekar</w>
  <w>dock</w>
  <w>på</w>
  <w>en</w>
  <w>mer</w>
  <w>komplex</w>
  <w>verklighet</w>
  <w>.</w>
  <w>De</w>
  <w>få</w>
  <w>positiva</w>
  <w>resultat</w>
  <w>som</w>
  <w>Sverige</w>
  <w>och</w>
  <w>det</w>
  <w>internationella</w>
  <w>samfundet</w>
  <w>har</w>
  <w>att</w>
  <w>visa</w>
  <w>upp</w>
  <w>är</w>
  <w>visserligen</w>
  <w>alla</w>
  <w>inom</w>
  <w>utvecklingssektorn</w>
  <w>.</w>
  <w>Men</w>
  <w>hundratals</w>
  <w>miljarder</w>
  <w>dollar</w>
  <w>har</w>
  <w>pumpats</w>
  <w>in</w>
  <w>i</w>
  <w>landet</w>
  <w>med</w>
  <absaspan id=46 senti=2>
    <w>endast</w>
    <w>begränsade</w>
  </absaspan>
  <absaspan id=47>
    <w>resultat</w>
  </absaspan>
  <w>och</w>
  <absaspan id=48 senti=2>
    <w>enormt</w>
  </absaspan>
  <absaspan id=49>
    <w>svinn</w>
  </absaspan>
  <w>.</w>
  <w>En</w>
  <w>utvärdering</w>
  <w>av</w>
  <w>utvecklingssatsningen</w>
  <w>i</w>
  <w>Afghanistan</w>
  <w>måste</w>
  <w>granska</w>
  <absaspan id=50 senti=3>
    <w>huruvida</w>
  </absaspan>
  <absaspan id=51>
    <w>fokuseringen</w>
    <w>på</w>
    <w>konfliktländer</w>
    <w>som</w>
    <w>Afghanistan</w>
  </absaspan>
  <absaspan id=52 senti=3>
    <w>är</w>
  </absaspan>
  <absaspan id=53 senti=3>
    <w>rimlig</w>
    <w>och</w>
    <w>kostnadseffektiv</w>
    <w>.</w>
  </absaspan>
  <w>Att</w>
  <w>Sida</w>
  <w>tvingades</w>
  <w>rikta</w>
  <w>delar</w>
  <w>av</w>
  <w>utvecklingsstödet</w>
  <w>mot</w>
  <w>det</w>
  <w>svenska</w>
  <w>militära</w>
  <w>insatsområdet</w>
  <w>bör</w>
  <w>också</w>
  <w>studeras</w>
  <w>.</w>
  <w>Hade</w>
  <w>det</w>
  <w>några</w>
  <w>positiva</w>
  <w>eller</w>
  <w>negativa</w>
  <w>konsekvenser</w>
  <w>?</w>
  <w>.</w>
</absapar>
<absapar id=13>
  <w>#</w>
  <w>P</w>
  <w>IMM</w>
  <w>.</w>
  <w>*</w>
  <w>*</w>
  <w>3</w>
  <w>.</w>
  <w>Den</w>
  <w>oöverträffade</w>
  <w>satsningen</w>
  <w>på</w>
  <w>civil–militär</w>
  <w>samordning</w>
  <w>.</w>
  <w>*</w>
  <w>*</w>
  <w>Utöver</w>
  <w>de</w>
  <w>separata</w>
  <w>insatserna</w>
  <w>bör</w>
  <w>kopplingen</w>
  <w>mellan</w>
  <w>de</w>
  <w>olika</w>
  <w>politikområdena</w>
  <w>studeras</w>
  <w>närmare</w>
  <w>.</w>
  <w>Aldrig</w>
  <w>tidigare</w>
  <w>har</w>
  <absaspan id=54 senti=4>
    <w>ambitionen</w>
  </absaspan>
  <w>att</w>
  <absaspan id=55>
    <w>samordna</w>
    <w>militära</w>
    <w>och</w>
    <w>civila</w>
    <w>myndigheter</w>
  </absaspan>
  <w>varit</w>
  <w>så</w>
  <w>stor</w>
  <absaspan id=56>
    <w>.</w>
  </absaspan>
  <w>PRT-konceptet</w>
  <w>och</w>
  <w>"</w>
  <w>Comprehensive</w>
  <w>approaches</w>
  <w>"</w>
  <w>skapades</w>
  <w>för</w>
  <w>att</w>
  <w>både</w>
  <w>fysiskt</w>
  <w>och</w>
  <w>strategiskt</w>
  <w>koppla</w>
  <w>ihop</w>
  <w>de</w>
  <w>militära</w>
  <w>och</w>
  <w>civila</w>
  <w>aspekterna</w>
  <w>av</w>
  <w>insatsen</w>
  <w>.</w>
  <w>Inom</w>
  <w>ramen</w>
  <w>för</w>
  <w>Coin-strategin</w>
  <w>skulle</w>
  <w>biståndet</w>
  <w>koordineras</w>
  <w>med</w>
  <w>militären</w>
  <w>genom</w>
  <w>att</w>
  <w>vara</w>
  <w>"</w>
  <w>uppbyggnadsfasen</w>
  <w>"</w>
  <w>efter</w>
  <w>att</w>
  <w>militära</w>
  <w>förband</w>
  <w>rensat</w>
  <w>och</w>
  <w>hållit</w>
  <w>byar</w>
  <w>.</w>
  <absaspan id=57 senti=2>
    <w>Trots</w>
  </absaspan>
  <w>den</w>
  <absaspan id=58>
    <w>politiska</w>
    <w>retoriken</w>
    <w>om</w>
    <w>nära</w>
    <w>samordning</w>
  </absaspan>
  <w>gick</w>
  <w>dock</w>
  <w>Sverige</w>
  <w>mot</w>
  <w>strömmen</w>
  <w>.</w>
  <w>Sida</w>
  <w>och</w>
  <w>dess</w>
  <w>samarbetspartners</w>
  <w>på</w>
  <w>fältet</w>
  <w>,</w>
  <w>inte</w>
  <w>minst</w>
  <absaspan id=59>
    <w>Svenska</w>
    <w>Afghanistankommittén</w>
  </absaspan>
  <w>,</w>
  <w>stod</w>
  <w>emot</w>
  <w>det</w>
  <w>nationella</w>
  <w>och</w>
  <w>internationella</w>
  <w>trycket</w>
  <w>att</w>
  <w>införlivas</w>
  <w>i</w>
  <w>Coin-strategin</w>
  <w>och</w>
  <w>har</w>
  <w>i</w>
  <w>stället</w>
  <absaspan id=60 senti=2>
    <w>valt</w>
    <w>att</w>
    <w>ta</w>
    <w>avstånd</w>
    <w>från</w>
  </absaspan>
  <absaspan id=61>
    <w>allt</w>
    <w>samarbete</w>
    <w>med</w>
    <w>militära</w>
    <w>förband</w>
  </absaspan>
  <w>.</w>
  <absaspan id=62>
    <w>Internationella</w>
    <w>studier</w>
  </absaspan>
  <w>indikerar</w>
  <w>att</w>
  <w>detta</w>
  <absaspan id=63 senti=4>
    <w>var</w>
    <w>rätt</w>
    <w>beslut</w>
  </absaspan>
  <w>,</w>
  <w>men</w>
  <w>en</w>
  <w>detaljerad</w>
  <w>konsekvensanalys</w>
  <w>behövs</w>
  <w>med</w>
  <w>svenskt</w>
  <w>fokus</w>
  <w>.</w>
</absapar>
<absapar id=14>
  <w>*</w>
  <w>*</w>
  <absaspan id=64>
    <w>Tretton</w>
    <w>år</w>
    <w>av</w>
    <w>*</w>
    <w>*</w>
    <w>svenska</w>
    <w>bidrag</w>
    <w>till</w>
    <w>både</w>
    <w>kriget</w>
    <w>och</w>
    <w>återuppbyggnaden</w>
    <w>av</w>
    <w>Afghanistan</w>
  </absaspan>
  <absaspan id=65 senti=2>
    <w>får</w>
    <w>inte</w>
    <w>försvinna</w>
    <w>i</w>
    <w>intet</w>
  </absaspan>
  <w>.</w>
  <w>Dels</w>
  <w>har</w>
  <w>vi</w>
  <w>som</w>
  <w>medborgare</w>
  <w>rätt</w>
  <w>att</w>
  <w>veta</w>
  <w>hur</w>
  <w>våra</w>
  <w>soldater</w>
  <w>och</w>
  <w>skattemedel</w>
  <w>utnyttjats</w>
  <w>,</w>
  <w>dels</w>
  <w>är</w>
  <w>det</w>
  <w>helt</w>
  <w>centralt</w>
  <w>att</w>
  <w>fånga</w>
  <w>relevanta</w>
  <w>erfarenheter</w>
  <w>för</w>
  <w>att</w>
  <w>effektivisera</w>
  <w>framtida</w>
  <w>svenska</w>
  <w>bidrag</w>
  <w>till</w>
  <w>internationella</w>
  <w>insatser</w>
  <w>.</w>
  <w>Just</w>
  <w>nu</w>
  <w>är</w>
  <w>det</w>
  <w>många</w>
  <w>länder</w>
  <w>–</w>
  <w>bland</w>
  <w>annat</w>
  <w>vårt</w>
  <w>grannland</w>
  <w>Norge</w>
  <w>–</w>
  <w>som</w>
  <w>sätter</w>
  <w>ihop</w>
  <w>statligt</w>
  <w>utnämnda</w>
  <w>men</w>
  <w>fristående</w>
  <w>kommissioner</w>
  <w>bestående</w>
  <w>av</w>
  <w>både</w>
  <w>tjänstemän</w>
  <w>och</w>
  <w>forskare</w>
  <w>.</w>
  <w>Syftet</w>
  <w>är</w>
  <w>att</w>
  <w>i</w>
  <w>detalj</w>
  <w>studera</w>
  <w>insatsen</w>
  <w>och</w>
  <w>att</w>
  <w>i</w>
  <w>offentligheten</w>
  <w>diskutera</w>
  <w>dess</w>
  <w>utformning</w>
  <w>och</w>
  <w>konsekvenser</w>
  <w>.</w>
  <w>Sverige</w>
  <w>måste</w>
  <w>gå</w>
  <w>samma</w>
  <w>väg</w>
  <w>.</w>
</absapar>
<absapar id=15>
  <w>ROBERT</w>
  <w>EGNELL</w>
  <w>.</w>
</absapar>
<absapar id=16>
  <w>Georgetown</w>
  <w>University</w>
  <w>,</w>
  <w>Washington</w>
  <w>DC</w>
  <w>.</w>
</absapar>
<absapar id=17>
  <w>Redaktör</w>
  <w>:</w>
  <w>Carina</w>
  <w>Stensson</w>
  <w>,</w>
  <w>Biträdande</w>
  <w>redaktör</w>
  <w>:</w>
  <w>Björn</w>
  <w>Jorner</w>
  <w>,</w>
  <w>Mejl</w>
  <w>:</w>
  <w>debatt</w>
  <w>@</w>
  <w>svd.se</w>
  <w>,</w>
  <w>Telefonnummer</w>
  <w>:</w>
  <w>08</w>
  <w>-</w>
  <w>135149</w>
  <w>,</w>
  <w>Twitter</w>
  <w>:</w>
  <w>@</w>
  <w>SvDDebatt</w>
  <w>,</w>
  <w>Facebook</w>
  <w>:</w>
  <w>SvD</w>
  <w>Debatt</w>
  <w>.</w>
</absapar>
</absadoc>
