<absadoc annotators=6 senti=2>
<absatitle>
  <absaspan id=1>
    <w>Invandrare</w>
  </absaspan>
  <w>i</w>
  <absaspan id=2 senti=4 target=2>
    <w>lyxbostäder</w>
  </absaspan>
  <w>med</w>
  <w>besittningsrätt</w>
  <absaspan id=3 senti=2 target=1>
    <w>.</w>
  </absaspan>
</absatitle>
<absapar id=1 senti=2>
  <w>Hej</w>
  <w>det</w>
  <w>har</w>
  <w>ju</w>
  <w>kommit</w>
  <w>upp</w>
  <w>att</w>
  <w>Nacka</w>
  <w>kommun</w>
  <w>betalat</w>
  <w>14</w>
  <w>miljoner</w>
  <w>till</w>
  <w>en</w>
  <w>man</w>
  <w>med</w>
  <w>hans</w>
  <w>3</w>
  <w>fruar</w>
  <w>,</w>
  <w>nu</w>
  <w>villjag</w>
  <w>att</w>
  <w>vi</w>
  <w>denna</w>
  <w>tråd</w>
  <w>tar</w>
  <w>upp</w>
  <w>andra</w>
  <w>exempel</w>
  <w>på</w>
  <w>liknande</w>
  <w>fall</w>
  <w>.</w>
  <w>I</w>
  <absaspan id=4 senti=2>
    <w>strängnäs</w>
  </absaspan>
  <w>köpte</w>
  <w>man</w>
  <w>en</w>
  <w>villa</w>
  <w>för</w>
  <w>4</w>
  <w>miljoner</w>
  <w>till</w>
  <w>en</w>
  <w>somalisk</w>
  <w>familj</w>
  <w>,</w>
  <w>denna</w>
  <w>familj</w>
  <w>har</w>
  <w>nu</w>
  <w>besittningsrätt</w>
  <w>och</w>
  <w>har</w>
  <w>således</w>
  <w>kommit</w>
  <w>till</w>
  <w>ett</w>
  <w>boende</w>
  <w>som</w>
  <w>ingen</w>
  <w>svensk</w>
  <w>utan</w>
  <w>arv</w>
  <w>eller</w>
  <w>hög</w>
  <w>inkomst</w>
  <w>kan</w>
  <w>skaffa</w>
  <w>sig</w>
  <absaspan id=5 senti=2>
    <w>.</w>
  </absaspan>
</absapar>
<absapar id=2 senti=2>
  <absaspan id=6>
    <w>Somalierna</w>
  </absaspan>
  <absaspan id=7 senti=2>
    <w>har</w>
    <w>ju</w>
    <w>fatt</w>
    <w>villan</w>
    <w>utan</w>
    <w>att</w>
    <w>behöva</w>
    <w>arbeta</w>
  </absaspan>
  <w>och</w>
  <w>staten</w>
  <w>betalar</w>
  <w>allt</w>
  <w>till</w>
  <w>dem</w>
  <w>dessutom</w>
  <w>har</w>
  <w>de</w>
  <w>nu</w>
  <w>juridisk</w>
  <w>rätt</w>
  <w>att</w>
  <w>bo</w>
  <w>kvar</w>
  <w>i</w>
  <w>villan</w>
  <w>för</w>
  <w>evigt</w>
  <absaspan id=8 senti=2>
    <w>.</w>
  </absaspan>
</absapar>
<absapar id=3>
  <w>källor</w>
  <w>.</w>
</absapar>
<absapar id=4>
  <w>fallet</w>
  <w>förklaras</w>
  <w>.</w>
</absapar>
<absapar id=5>
  <w>im</w>
  <w>besittningsrätt</w>
  <w>av</w>
  <w>villa</w>
  <w>.</w>
</absapar>
<absapar id=6>
  <w>huset</w>
  <w>google</w>
  <w>streetview</w>
  <w>.</w>
</absapar>
<absapar id=7>
  <w>skrivna</w>
  <w>på</w>
  <w>adressen</w>
  <w>.</w>
</absapar>
</absadoc>
