<absadoc annotators=1 senti=>
<absatitle>
  <w>Folkomröstning</w>
  <w>i</w>
  <w>Holland</w>
  <w>om</w>
  <w>Ukraina-avtal</w>
  <w>,</w>
  <w>6</w>
  <w>april</w>
  <w>.</w>
</absatitle>
<absapar id=1>
  <w>Rådgivande</w>
  <w>folkomröstning</w>
  <w>om</w>
  <w>EUs</w>
  <w>associationsavtal</w>
  <w>med</w>
  <w>Ukraina</w>
  <w>kommer</w>
  <w>att</w>
  <w>hållas</w>
  <w>i</w>
  <w>Holland</w>
  <w>i</w>
  <w>morgon</w>
  <w>,</w>
  <w>6</w>
  <w>april</w>
  <w>.</w>
</absapar>
<absapar id=2>
  <w>Omröstning</w>
  <w>tvingades</w>
  <w>fram</w>
  <w>genom</w>
  <w>att</w>
  <w>en</w>
  <w>namninsamling</w>
  <w>och</w>
  <w>den</w>
  <w>holländska</w>
  <w>regimen</w>
  <w>var</w>
  <w>enligt</w>
  <w>lag</w>
  <w>tvungen</w>
  <w>att</w>
  <w>utlysa</w>
  <w>den</w>
  <w>.</w>
</absapar>
<absapar id=3>
  <w>Opinionsläget</w>
  <w>tyder</w>
  <w>på</w>
  <w>ett</w>
  <w>NEJ</w>
  <w>till</w>
  <w>avtalet</w>
  <w>(</w>
  <w>Senaste</w>
  <w>mätningen</w>
  <w>47%</w>
  <w>NEJ</w>
  <w>,</w>
  <w>36%</w>
  <w>JA</w>
  <w>)</w>
  <w>.</w>
  <w>Andelen</w>
  <w>röstande</w>
  <w>bedöms</w>
  <w>enligt</w>
  <w>uppgifter</w>
  <w>i</w>
  <w>The</w>
  <w>Guardian</w>
  <w>(</w>
  <w>se</w>
  <w>länk</w>
  <w>)</w>
  <w>hamna</w>
  <w>kring</w>
  <w>30</w>
  <w>-</w>
  <w>40%</w>
  <w>,</w>
  <w>att</w>
  <w>jämföra</w>
  <w>t</w>
  <w>ex</w>
  <w>med</w>
  <w>63%</w>
  <w>som</w>
  <w>röstade</w>
  <w>2005</w>
  <w>om</w>
  <w>EUs</w>
  <w>konstitution</w>
  <w>.</w>
</absapar>
<absapar id=4>
  <w>Ett</w>
  <w>NEJ</w>
  <w>skulle</w>
  <w>undergräva</w>
  <w>legitimiteten</w>
  <w>av</w>
  <w>den</w>
  <w>holländska</w>
  <w>regimens</w>
  <w>JA</w>
  <w>till</w>
  <w>associationsavtalet</w>
  <w>.</w>
  <w>Ju</w>
  <w>fler</w>
  <w>som</w>
  <w>röstar</w>
  <w>,</w>
  <w>desto</w>
  <w>större</w>
  <w>tyngd</w>
  <w>får</w>
  <w>förstås</w>
  <w>resultatet</w>
  <w>.</w>
</absapar>
<absapar id=5>
  <absaspan id=1>
    <w>Bryssel</w>
  </absaspan>
  <absaspan id=2 senti=2>
    <w>är</w>
    <w>inte</w>
    <w>speciellt</w>
    <w>glad</w>
    <w>åt</w>
  </absaspan>
  <absaspan id=3>
    <w>omröstningen</w>
  </absaspan>
  <w>.</w>
  <w>Exempelvis</w>
  <w>säger</w>
  <absaspan id=4>
    <w>europakommissionens</w>
    <w>ordförande</w>
    <w>,</w>
    <w>Herr</w>
    <w>Juncker</w>
  </absaspan>
  <w>,</w>
  <w>att</w>
  <absaspan id=5>
    <w>ett</w>
    <w>NEJ</w>
  </absaspan>
  <absaspan id=6 senti=2>
    <w>kan</w>
    <w>leda</w>
    <w>till</w>
    <w></w>
    <w>a</w>
    <w>continental</w>
    <w>crisis</w>
  </absaspan>
  <w></w>
  <w>(</w>
  <w>länk</w>
  <w>nedan</w>
  <w>,</w>
  <w>The</w>
  <w>Guardian</w>
  <w>)</w>
  <w>.</w>
</absapar>
<absapar id=6>
  <w>Diskussionsfrågor</w>
  <w>:</w>
  <w>.</w>
</absapar>
<absapar id=7>
  <w>.</w>
  <w>-</w>
  <w>Vad</w>
  <w>innebär</w>
  <w>ett</w>
  <w>NEJ</w>
  <w>mer</w>
  <w>konkret</w>
  <w>:</w>
  <w>blir</w>
  <w>det</w>
  <w>någon</w>
  <w>effekt</w>
  <w>eller</w>
  <w>kris</w>
  <w>?</w>
  <w>.</w>
</absapar>
<absapar id=8>
  <w>.</w>
  <w>-</w>
  <w>Kan</w>
  <w>ett</w>
  <w>NEJ</w>
  <w>påverka</w>
  <w>den</w>
  <w>större</w>
  <w>brittiska</w>
  <w>omröstningen</w>
  <w>i</w>
  <w>Juni</w>
  <w>,</w>
  <w>sprida</w>
  <w>momentum</w>
  <w>?</w>
  <w>.</w>
</absapar>
<absapar id=9>
  <w>.</w>
  <w>-</w>
  <w>Innebär</w>
  <w>JA</w>
  <w>en</w>
  <w>lättnad</w>
  <w>och</w>
  <w></w>
  <w>business</w>
  <w>as</w>
  <w>usual</w>
  <w></w>
  <w>?</w>
  <w>.</w>
</absapar>
<absapar id=10>
  <w>Länkar</w>
  <w>:</w>
  <w>.</w>
</absapar>
</absadoc>
