<absadoc annotators=1 senti=>
<absatitle>
  <w>Centern</w>
  <w>satsar</w>
  <w>på</w>
  <w>disktrasor</w>
  <w>.</w>
</absatitle>
<absapar id=1>
  <w>Kommer</w>
  <w>ni</w>
  <w>ihåg</w>
  <w>att</w>
  <w>centerpartiet</w>
  <w>fick</w>
  <w>en</w>
  <w>väldig</w>
  <w>massa</w>
  <w>miljoner</w>
  <w>när</w>
  <w>de</w>
  <w>sålde</w>
  <w>ut</w>
  <w>sina</w>
  <w>tidningar</w>
  <w>?</w>
  <w>Då</w>
  <w>var</w>
  <w>den</w>
  <w>stora</w>
  <w>frågan</w>
  <w>vad</w>
  <w>de</w>
  <w>skulle</w>
  <w>göra</w>
  <w>med</w>
  <w>alla</w>
  <w>pengar</w>
  <w>.</w>
  <w>Nu</w>
  <w>vet</w>
  <w>jag</w>
  <w>,</w>
  <w>de</w>
  <w>köpte</w>
  <w>disktrasor</w>
  <w>.</w>
</absapar>
<absapar id=2>
  <w>Jag</w>
  <w>tillhör</w>
  <absaspan id=1 senti=4 irony>
    <w>de</w>
    <w>lyckligt</w>
    <w>lottade</w>
    <w>som</w>
  </absaspan>
  <absaspan id=2>
    <w>har</w>
    <w>fått</w>
    <w>en</w>
    <w>disktrasa</w>
    <w>av</w>
    <w>Centern</w>
  </absaspan>
  <w>tillsammans</w>
  <w>med</w>
  <w>75</w>
  <w>000</w>
  <w>andra</w>
  <w>(</w>
  <w>kvinnor</w>
  <w>?</w>
  <w>)</w>
  <w>.</w>
  <w>Vi</w>
  <w>som</w>
  <w>har</w>
  <w>blivit</w>
  <w>utsedda</w>
  <w>att</w>
  <w>få</w>
  <w>disktrasan</w>
  <w>har</w>
  <w>dessutom</w>
  <w>möjlighet</w>
  <w>att</w>
  <w>vinna</w>
  <w>en</w>
  <w>av</w>
  <w>Maud</w>
  <w>Olofsson</w>
  <w>signerad</w>
  <w>trasa</w>
  <w>.</w>
  <w>Men</w>
  <absaspan id=3>
    <w>det</w>
    <w>är</w>
  </absaspan>
  <absaspan id=4 senti=2>
    <w>tyvärr</w>
  </absaspan>
  <absaspan id=5>
    <w>bara</w>
    <w>tio</w>
    <w>som</w>
    <w>får</w>
    <w>chansen</w>
    <w>att</w>
    <w>torka</w>
    <w>rent</w>
    <w>med</w>
    <w>Mauds</w>
    <w>namnteckning</w>
  </absaspan>
  <w>.</w>
</absapar>
<absapar id=3>
  <w>Jag</w>
  <w>undrar</w>
  <w>om</w>
  <w>detta</w>
  <w>är</w>
  <w>första</w>
  <w>steget</w>
  <w>mot</w>
  <w>pigavdrag</w>
  <w>.</w>
  <w>I</w>
  <w>nästa</w>
  <w>sändning</w>
  <w>från</w>
  <w>centerpartiet</w>
  <w>kanske</w>
  <w>det</w>
  <w>kommer</w>
  <w>en</w>
  <w>diskborste</w>
  <w>.</w>
  <w>Eller</w>
  <w>en</w>
  <w>trasa</w>
  <w>till</w>
  <w>.</w>
  <w>Den</w>
  <w>vi</w>
  <w>nu</w>
  <w>har</w>
  <w>fått</w>
  <w>lär</w>
  <w>nämligen</w>
  <w>inte</w>
  <w>räcka</w>
  <w>så</w>
  <w>länge</w>
  <w>.</w>
  <absaspan id=6>
    <w>Kvaliten</w>
    <w>på</w>
    <w>wettexen</w>
  </absaspan>
  <absaspan id=7 senti=2>
    <w>är</w>
    <w>inte</w>
    <w>den</w>
    <w>bästa</w>
  </absaspan>
  <w>.</w>
</absapar>
<absapar id=4>
  <w>Det</w>
  <w>är</w>
  <w>bara</w>
  <w>att</w>
  <w>hoppas</w>
  <w>att</w>
  <w>centerns</w>
  <w>politik</w>
  <w>håller</w>
  <w>längre</w>
  <w>.</w>
  <w>Kanske</w>
  <w>har</w>
  <w>Maud</w>
  <w>Olofsson</w>
  <w>skickat</w>
  <w>en</w>
  <w>trasa</w>
  <w>till</w>
  <w>Göran</w>
  <w>Persson</w>
  <w>och</w>
  <w>Anitra</w>
  <w>.</w>
  <w>Det</w>
  <w>behöver</w>
  <w>de</w>
  <w>säkert</w>
  <w>i</w>
  <w>sin</w>
  <absaspan id=8 senti=4>
    <w>fina</w>
  </absaspan>
  <absaspan id=9>
    <w>gård</w>
  </absaspan>
  <w>.</w>
</absapar>
<absapar id=5>
  <w>Nu</w>
  <w>ska</w>
  <w>jag</w>
  <w>logga</w>
  <w>in</w>
  <w>mig</w>
  <w>på</w>
  <w>centerpartiets</w>
  <w>hemsida</w>
  <w>.</w>
  <absaspan id=10 senti=4>
    <w>Håll</w>
    <w>tummarna</w>
    <w>för</w>
  </absaspan>
  <absaspan id=11>
    <w>att</w>
    <w>jag</w>
    <w>vinner</w>
    <w>en</w>
    <w>av</w>
    <w>Maud</w>
    <w>signerad</w>
    <w>trasa</w>
  </absaspan>
  <w>.</w>
</absapar>
<absapar id=6>
  <w>Lotta</w>
  <w>Gröning</w>
  <w>.</w>
</absapar>
</absadoc>
