<absadoc annotators=1 senti=>
<absatitle>
  <w>Gifta</w>
  <w>sig</w>
  <w>før</w>
  <w>uppehållstillstånd</w>
  <w>.</w>
</absatitle>
<absapar id=1>
  <w>Vet</w>
  <w>inte</w>
  <w>riktigt</w>
  <w>om</w>
  <w>detta</w>
  <w>ær</w>
  <w>i</w>
  <w>korrekt</w>
  <w>æmne</w>
  <w>så</w>
  <w>mod</w>
  <absaspan id=1 senti=4>
    <w>får</w>
    <w>gærna</w>
  </absaspan>
  <absaspan id=2>
    <w>flytta</w>
    <w>om</w>
    <w>det</w>
    <w>ligger</w>
    <w>i</w>
    <w>fel</w>
  </absaspan>
  <w>.</w>
</absapar>
<absapar id=2>
  <w>Nu</w>
  <w>ær</w>
  <w>det</w>
  <w>så</w>
  <w>att</w>
  <w>det</w>
  <w>kompis</w>
  <w>har</w>
  <w>kommit</w>
  <w>i</w>
  <w>klæm</w>
  <w>med</w>
  <w>migrationsverket</w>
  <w>och</w>
  <absaspan id=3 senti=2>
    <w>kan</w>
    <w>bli</w>
    <w>tvingad</w>
    <w>att</w>
  </absaspan>
  <absaspan id=4>
    <w>bli</w>
    <w>deporterad</w>
  </absaspan>
  <w>om</w>
  <w>han</w>
  <w>inte</w>
  <w>hittar</w>
  <w>ett</w>
  <w>jobb</w>
  <w>dær</w>
  <w>han</w>
  <w>får</w>
  <w>en</w>
  <w>løn</w>
  <w>på</w>
  <w>minst</w>
  <w>14k</w>
  <w>eller</w>
  <w>om</w>
  <w>han</w>
  <w>gifter</w>
  <w>sig</w>
  <w>.</w>
</absapar>
<absapar id=3>
  <w>Jag</w>
  <w>som</w>
  <w>kompis</w>
  <w>har</w>
  <w>førsøkt</w>
  <w>att</w>
  <w>hjælpa</w>
  <w>honom</w>
  <w>med</w>
  <w>att</w>
  <w>hitta</w>
  <w>jobb</w>
  <w>eller</w>
  <w>en</w>
  <w>tjej</w>
  <w>som</w>
  <w>skulle</w>
  <w>kunna</w>
  <w>tænka</w>
  <w>sig</w>
  <w>att</w>
  <w>vara</w>
  <w>gift</w>
  <w>ett</w>
  <w>tag</w>
  <w>så</w>
  <w>att</w>
  <w>han</w>
  <w>får</w>
  <w>stanna</w>
  <w>,</w>
  <w>men</w>
  <w>till</w>
  <w>ingen</w>
  <w>lycka</w>
  <w>.</w>
</absapar>
<absapar id=4>
  <w>Nu</w>
  <w>børjar</w>
  <w>han</w>
  <w>bli</w>
  <w>lite</w>
  <w>smått</w>
  <w>desperat</w>
  <w>och</w>
  <w>jag</w>
  <absaspan id=5 senti=5>
    <w>vill</w>
    <w>verkligen</w>
  </absaspan>
  <absaspan id=6>
    <w>hjælpa</w>
    <w>honom</w>
  </absaspan>
  <w>,</w>
  <w>så</w>
  <absaspan id=7>
    <w>jag</w>
  </absaspan>
  <absaspan id=8>
    <w>erbjød</w>
    <w>mig</w>
    <w>som</w>
    <w>væn</w>
    <w>att</w>
    <w>gifta</w>
    <w>sig</w>
    <w>med</w>
    <w>mig</w>
  </absaspan>
  <w>bara</w>
  <w>før</w>
  <w>att</w>
  <w>han</w>
  <w>ska</w>
  <w>få</w>
  <w>stanna</w>
  <w>.</w>
</absapar>
<absapar id=5>
  <w>Eftersom</w>
  <w>både</w>
  <w>han</w>
  <w>och</w>
  <w>jag</w>
  <w>ær</w>
  <w>killar</w>
  <w>så</w>
  <w>blir</w>
  <w>det</w>
  <w>typ</w>
  <w>som</w>
  <w>i</w>
  <w>filmen</w>
  <w>"</w>
  <w>I</w>
  <w>Now</w>
  <w>Pronounce</w>
  <w>You</w>
  <w>Chuck</w>
  <w>and</w>
  <w>Larry</w>
  <w>"</w>
  <w>.</w>
</absapar>
<absapar id=6>
  <w>Men</w>
  <w>skulle</w>
  <w>detta</w>
  <w>funka</w>
  <w>och</w>
  <w>finns</w>
  <w>det</w>
  <w>några</w>
  <w>krav</w>
  <w>som</w>
  <w>migrationsverket</w>
  <w>stæller</w>
  <w>om</w>
  <w>ett</w>
  <w>"</w>
  <w>gift</w>
  <w>"</w>
  <w>par</w>
  <w>.</w>
</absapar>
<absapar id=7>
  <w>Eller</w>
  <w>kan</w>
  <w>man</w>
  <w>fortsætta</w>
  <w>som</w>
  <w>vanligt</w>
  <w>bara</w>
  <w>det</w>
  <w>att</w>
  <w>vi</w>
  <w>rent</w>
  <w>tekniskt</w>
  <w>sætt</w>
  <w>ær</w>
  <w>gifta</w>
  <w>,</w>
  <w>har</w>
  <absaspan id=9>
    <w>flickvæn</w>
  </absaspan>
  <w>som</w>
  <absaspan id=10 senti=2>
    <w>inte</w>
    <w>ær</w>
    <w>super</w>
    <w>hype</w>
    <w>på</w>
  </absaspan>
  <absaspan id=11>
    <w>detta</w>
  </absaspan>
  <w>men</w>
  <w>vill</w>
  <w>verkligen</w>
  <w>hjælpa</w>
  <w>min</w>
  <w>polare</w>
  <w>.</w>
</absapar>
<absapar id=8>
  <w>Så</w>
  <w>om</w>
  <w>någon</w>
  <w>har</w>
  <w>mer</w>
  <w>koll</w>
  <w>om</w>
  <w>detta</w>
  <w>så</w>
  <absaspan id=12>
    <w>svara</w>
  </absaspan>
  <absaspan id=13 senti=4>
    <w>gærna</w>
  </absaspan>
  <w>eller</w>
  <w>skicka</w>
  <w>ett</w>
  <w>PM</w>
  <w>.</w>
</absapar>
</absadoc>
