<absadoc annotators=1 senti=1>
<absatitle>
  <w>Politisk</w>
  <w>kris</w>
  <w>i</w>
  <w>USA</w>
  <w>om</w>
  <w>ensamkommande</w>
  <w>flyktingbarn</w>
  <w>.</w>
</absatitle>
<absapar id=1>
  <w>USA</w>
  <w>befolkning</w>
  <w>är</w>
  <w>ca</w>
  <w>33</w>
  <w>gånger</w>
  <w>större</w>
  <w>än</w>
  <w>Sveriges</w>
  <w>.</w>
</absapar>
<absapar id=2>
  <w>Samma</w>
  <w>siffror</w>
  <w>skulle</w>
  <w>då</w>
  <w>bli</w>
  <w>för</w>
  <w>Sverige</w>
  <w>90,000</w>
  <w>/</w>
  <w>33</w>
  <w>=</w>
  <w>ca</w>
  <w>2700</w>
  <w>ensamkommande</w>
  <w>barn</w>
  <w>.</w>
</absapar>
<absapar id=3>
  <w>Migrationsverkets</w>
  <w>egna</w>
  <w>statistik</w>
  <w>så</w>
  <w>har</w>
  <w>vi</w>
  <w>i</w>
  <w>Sverige</w>
  <w>i</w>
  <w>år</w>
  <w>till</w>
  <w>och</w>
  <w>med</w>
  <w>sista</w>
  <w>juni</w>
  <w>tagit</w>
  <w>emot</w>
  <w>2493</w>
  <w>ensamkommande</w>
  <w>barn</w>
  <w>.</w>
  <w>Detta</w>
  <w>på</w>
  <w>6</w>
  <w>månader</w>
  <w>.</w>
  <w>Och</w>
  <w>det</w>
  <w>brukar</w>
  <w>komma</w>
  <w>fler</w>
  <w>på</w>
  <w>hösten</w>
  <w>än</w>
  <w>våren</w>
  <w>.</w>
</absapar>
<absapar id=4>
  <absaspan id=1>
    <w>Vi</w>
    <w>ligger</w>
    <w>alltså</w>
    <w>på</w>
    <w>en</w>
    <w>årstakt</w>
    <w>minst</w>
    <w>dubbelt</w>
    <w>mot</w>
    <w>USA</w>
    <w>per</w>
    <w>capita</w>
    <w>i</w>
    <w>mottagandet</w>
    <w>av</w>
    <w>ensamkommande</w>
    <w>barn</w>
  </absaspan>
  <w>.</w>
</absapar>
<absapar id=5 senti=2>
  <w>I</w>
  <w>USA</w>
  <w>blir</w>
  <w>detta</w>
  <w>en</w>
  <w>politiskt</w>
  <w>kris</w>
  <w>.</w>
  <w>I</w>
  <w>Sverige</w>
  <w>finns</w>
  <w>det</w>
  <w>ingen</w>
  <w>debatt</w>
  <w>.</w>
</absapar>
<absapar id=6>
  <w>I</w>
  <w>USA</w>
  <w>tillkallar</w>
  <w>presidenten</w>
  <w>ledarna</w>
  <w>från</w>
  <w>de</w>
  <w>länder</w>
  <w>barnen</w>
  <w>kommer</w>
  <w>för</w>
  <w>att</w>
  <w>stoppa</w>
  <w>inflödet</w>
  <w>.</w>
</absapar>
<absapar id=7>
  <w>I</w>
  <w>Sverige</w>
  <w>är</w>
  <w>våra</w>
  <w>ledare</w>
  <w>tysta</w>
  <w>.</w>
</absapar>
<absapar id=8>
  <w>I</w>
  <w>USA</w>
  <w>:</w>
  <w>.</w>
</absapar>
<absapar id=9>
  <w>I</w>
  <w>USA</w>
  <w>:</w>
  <w>.</w>
</absapar>
<absapar id=10 senti=1>
  <w>Vad</w>
  <w>krävs</w>
  <w>för</w>
  <w>att</w>
  <w>Sverige</w>
  <w>och</w>
  <w>Svenskarna</w>
  <w>skall</w>
  <w>vakna</w>
  <w>och</w>
  <w>likt</w>
  <w>USA</w>
  <w>agera</w>
  <w>för</w>
  <w>att</w>
  <w>sätta</w>
  <w>stopp</w>
  <w>på</w>
  <absaspan id=2 senti=1>
    <w>detta</w>
    <w>hot</w>
    <w>mot</w>
    <w>nationell</w>
    <w>säkerhet</w>
  </absaspan>
  <w>?</w>
  <w>.</w>
</absapar>
</absadoc>
