<absadoc annotators=6 senti=0>
<absatitle>
  <w>Det</w>
  <w>är</w>
  <w>språket</w>
  <w>som</w>
  <w>skapar</w>
  <w>vår</w>
  <w>identitet</w>
  <w>.</w>
</absatitle>
<absapar id=1>
  <w>Nu</w>
  <w>finns</w>
  <w>kunskapen</w>
  <w>om</w>
  <w>modersmålets</w>
  <w>betydelse</w>
  <w>–</w>
  <absaspan id=1 senti=2>
    <w>låt</w>
    <w>inte</w>
    <w>snålhet</w>
    <w>sabotera</w>
  </absaspan>
  <absaspan id=2 senti=2>
    <w>skolans</w>
    <w>möjlighet</w>
    <w>att</w>
    <w>rädda</w>
    <w>de</w>
    <w>halvspråkiga</w>
  </absaspan>
  <absaspan id=3>
    <w>.</w>
  </absaspan>
</absapar>
<absapar id=2>
  <w>Min</w>
  <w>nyutkomna</w>
  <w>roman</w>
  <w>”</w>
  <w>Flickan</w>
  <w>utan</w>
  <w>språk</w>
  <w>”</w>
  <w>handlar</w>
  <w>om</w>
  <w>att</w>
  <w>vara</w>
  <w>invandrare</w>
  <w>i</w>
  <w>ett</w>
  <absaspan id=4>
    <w>Sverige</w>
  </absaspan>
  <absaspan id=5 senti=3>
    <w>nästan</w>
    <w>utan</w>
  </absaspan>
  <absaspan id=6 senti=2>
    <w>främlingsfientlighet</w>
  </absaspan>
  <w>–</w>
  <w>men</w>
  <w>också</w>
  <w>i</w>
  <w>ett</w>
  <absaspan id=7>
    <w>samhälle</w>
  </absaspan>
  <w>med</w>
  <absaspan id=8 senti=2>
    <w>stor</w>
    <w>okunskap</w>
  </absaspan>
  <w>om</w>
  <w>språkets</w>
  <w>betydelse</w>
  <w>för</w>
  <w>att</w>
  <w>skapa</w>
  <w>identitet</w>
  <w>hos</w>
  <w>unga</w>
  <w>vuxna</w>
  <w>.</w>
</absapar>
<absapar id=3>
  <w>Hur</w>
  <w>var</w>
  <w>det</w>
  <w>egentligen</w>
  <w>för</w>
  <w>oss</w>
  <w>halvgamla</w>
  <w>att</w>
  <w>lära</w>
  <w>oss</w>
  <w>ett</w>
  <w>nytt</w>
  <w>språk</w>
  <w>och</w>
  <w>ny</w>
  <w>kultur</w>
  <w>–</w>
  <w>då</w>
  <w>för</w>
  <w>50</w>
  <w>år</w>
  <w>sen</w>
  <w>?</w>
  <w>.</w>
</absapar>
<absapar id=4 senti=3>
  <w>Min</w>
  <w>och</w>
  <w>mina</w>
  <w>syskons</w>
  <w>språkinlärning</w>
  <w>ligger</w>
  <w>fjärran</w>
  <w>från</w>
  <w>den</w>
  <w>pedagogik</w>
  <w>och</w>
  <w>metodik</w>
  <w>som</w>
  <w>utvecklats</w>
  <w>sedan</w>
  <w>dess</w>
  <w>.</w>
  <w>Min</w>
  <w>familj</w>
  <w>bestod</w>
  <w>av</w>
  <w>mamma</w>
  <w>och</w>
  <w>pappa</w>
  <w>och</w>
  <w>åtta</w>
  <w>syskon</w>
  <w>.</w>
  <w>När</w>
  <w>vi</w>
  <w>kom</w>
  <w>till</w>
  <w>Sverige</w>
  <w>1963</w>
  <w>fanns</w>
  <w>inte</w>
  <w>ens</w>
  <w>ordet</w>
  <w>invandrarpolitik</w>
  <w>–</w>
  <absaspan id=9 senti=4>
    <w>då</w>
    <w>var</w>
    <w>det</w>
    <w>assimilation</w>
    <w>som</w>
    <w>gällde</w>
    <w>!</w>
  </absaspan>
  <absaspan id=10 senti=2>
    <w>.</w>
  </absaspan>
</absapar>
<absapar id=5>
  <w>I</w>
  <w>Skolverkets</w>
  <w>rapport</w>
  <w>228</w>
  <w>,</w>
  <w>Flera</w>
  <w>språk</w>
  <w>–</w>
  <w>fler</w>
  <w>möjligheter</w>
  <w>,</w>
  <w>står</w>
  <w>det</w>
  <w>att</w>
  <w>alla</w>
  <w>skulle</w>
  <w>lära</w>
  <w>sig</w>
  <w>svenska</w>
  <w>och</w>
  <w>”</w>
  <w>bli</w>
  <w>svenska</w>
  <w>”</w>
  <w>så</w>
  <w>fort</w>
  <w>som</w>
  <w>möjligt</w>
  <w>.</w>
  <w>I</w>
  <w>förskolorna</w>
  <absaspan id=11 senti=2>
    <w>ledde</w>
  </absaspan>
  <absaspan id=12>
    <w>denna</w>
    <w>assimilationspolitik</w>
  </absaspan>
  <absaspan id=13 senti=2>
    <w>till</w>
    <w>problem</w>
    <w>och</w>
    <w>svårigheter</w>
  </absaspan>
  <absaspan id=14 senti=2>
    <w>för</w>
    <w>personalen</w>
  </absaspan>
  <w>som</w>
  <absaspan id=15 senti=2>
    <w>hade</w>
    <w>svårt</w>
    <w>att</w>
  </absaspan>
  <absaspan id=16>
    <w>kommunicera</w>
    <w>med</w>
    <w>barnen</w>
  </absaspan>
  <w>,</w>
  <w>som</w>
  <w>varken</w>
  <w>kunde</w>
  <w>svenska</w>
  <w>eller</w>
  <w>sitt</w>
  <w>modersmål</w>
  <w>bra</w>
  <w>.</w>
</absapar>
<absapar id=6>
  <absaspan id=17 senti=2>
    <w>Känslan</w>
  </absaspan>
  <w>av</w>
  <w>att</w>
  <absaspan id=18>
    <w>inte</w>
    <w>förstå</w>
    <w>och</w>
    <w>att</w>
    <w>ligga</w>
    <w>efter</w>
    <w>i</w>
    <w>kunskap</w>
  </absaspan>
  <absaspan id=19 senti=2>
    <w>följde</w>
  </absaspan>
  <absaspan id=20 senti=2>
    <w>mig</w>
    <w>genom</w>
    <w>alla</w>
    <w>skolår</w>
  </absaspan>
  <w>.</w>
  <w>Senare</w>
  <w>förstod</w>
  <w>jag</w>
  <w>att</w>
  <absaspan id=21 senti=2>
    <w>mitt</w>
    <w>skolmisslyckande</w>
    <w>,</w>
    <w>med</w>
    <w>dåligt</w>
    <w>självförtroende</w>
    <w>och</w>
    <w>svag</w>
    <w>självkänsla</w>
    <w>som</w>
    <w>konsekvens</w>
    <w>,</w>
    <w>berodde</w>
    <w>på</w>
  </absaspan>
  <absaspan id=22>
    <w>den</w>
    <w>totala</w>
    <w>anpassningen</w>
    <w>till</w>
    <w>det</w>
    <w>svenska</w>
    <w>språket</w>
    <w>och</w>
    <w>den</w>
    <w>svenska</w>
    <w>kulturen</w>
    <w>som</w>
    <w>assimilationspolitiken</w>
    <w>krävde</w>
  </absaspan>
  <w>.</w>
  <w>Det</w>
  <w>var</w>
  <w>som</w>
  <w>om</w>
  <w>jag</w>
  <absaspan id=23 senti=2>
    <w>”</w>
    <w>språkdränktes</w>
  </absaspan>
  <absaspan id=24 senti=2>
    <w>”</w>
  </absaspan>
  <w>i</w>
  <w>majoritetens</w>
  <w>språkliga</w>
  <w>och</w>
  <w>kulturella</w>
  <w>bad</w>
  <w>.</w>
</absapar>
<absapar id=7 senti=3>
  <w>Från</w>
  <w>år</w>
  <w>1966</w>
  <w>hade</w>
  <w>skolorna</w>
  <w>rätt</w>
  <w>till</w>
  <w>statsbidrag</w>
  <w>för</w>
  <w>stödundervisning</w>
  <w>av</w>
  <w>utländska</w>
  <w>elever</w>
  <w>.</w>
  <absaspan id=25>
    <w>Forskningsresultat</w>
  </absaspan>
  <absaspan id=26>
    <w>ledde</w>
    <w>sedan</w>
    <w>till</w>
    <w>att</w>
    <w>invandringspolitiken</w>
    <w>fick</w>
    <w>en</w>
    <w>ny</w>
    <w>riktning</w>
  </absaspan>
  <w>.</w>
</absapar>
<absapar id=8>
  <w>Den</w>
  <w>politiska</w>
  <w>debatten</w>
  <w>på</w>
  <w>1970</w>
  <w>-</w>
  <w>talet</w>
  <w>resulterade</w>
  <w>i</w>
  <w>hemspråksreformen</w>
  <w>år</w>
  <w>1976</w>
  <w>.</w>
  <w>År</w>
  <w>1994</w>
  <w>blev</w>
  <w>hemspråk</w>
  <w>ett</w>
  <w>eget</w>
  <w>ämne</w>
  <w>,</w>
  <w>som</w>
  <w>år</w>
  <w>1997</w>
  <w>byter</w>
  <w>namn</w>
  <w>till</w>
  <w>modersmål</w>
  <w>.</w>
  <absaspan id=27>
    <w>Allt</w>
    <w>detta</w>
  </absaspan>
  <absaspan id=28 senti=4>
    <w>var</w>
    <w>viktiga</w>
    <w>steg</w>
    <w>för</w>
    <w>att</w>
    <w>förhindra</w>
    <w>det</w>
    <w>personliga</w>
    <w>lidande</w>
    <w>jag</w>
    <w>berättar</w>
    <w>om</w>
    <w>i</w>
    <w>Flickan</w>
    <w>utan</w>
    <w>Språk</w>
  </absaspan>
  <w>.</w>
</absapar>
<absapar id=9 senti=3>
  <w>I</w>
  <w>dag</w>
  <w>skriver</w>
  <w>vi</w>
  <w>2016</w>
  <w>.</w>
  <w>Det</w>
  <w>är</w>
  <w>50</w>
  <w>år</w>
  <w>sedan</w>
  <w>jag</w>
  <w>och</w>
  <w>mina</w>
  <w>syskon</w>
  <w>mötte</w>
  <absaspan id=29 senti=4>
    <w>den</w>
    <w>välmenande</w>
  </absaspan>
  <absaspan id=30 senti=2>
    <w>men</w>
    <w>i</w>
    <w>halvspråkighetsfrågan</w>
    <w>totalt</w>
    <w>okunniga</w>
  </absaspan>
  <absaspan id=31>
    <w>svenska</w>
    <w>skolan</w>
  </absaspan>
  <w>.</w>
  <w>Invandringen</w>
  <w>,</w>
  <w>i</w>
  <w>form</w>
  <w>av</w>
  <w>flyktingar</w>
  <w>,</w>
  <w>har</w>
  <w>de</w>
  <w>senaste</w>
  <w>åren</w>
  <w>slagit</w>
  <w>alla</w>
  <w>tidigare</w>
  <w>rekord</w>
  <w>.</w>
</absapar>
<absapar id=10>
  <absaspan id=32>
    <w>Hur</w>
  </absaspan>
  <absaspan id=33 senti=2>
    <w>kommer</w>
    <w>Sverige</w>
    <w>och</w>
    <w>den</w>
    <w>skola</w>
    <w>där</w>
    <w>kunskaperna</w>
    <w>idag</w>
    <w>finns</w>
    <w>att</w>
    <w>möta</w>
    <w>halvspråkighets</w>
    <w>problematiken</w>
  </absaspan>
  <absaspan id=34>
    <w>i</w>
    <w>framtiden</w>
    <w>?</w>
  </absaspan>
  <w>.</w>
</absapar>
<absapar id=11 senti=3>
  <w>Man</w>
  <w>kan</w>
  <w>konstatera</w>
  <w>att</w>
  <absaspan id=35>
    <w>det</w>
  </absaspan>
  <absaspan id=36 senti=2>
    <w>inte</w>
    <w>ser</w>
    <w>särskilt</w>
    <w>ljust</w>
    <w>ut</w>
  </absaspan>
  <w>.</w>
  <w>I</w>
  <w>en</w>
  <w>notis</w>
  <w>i</w>
  <w>DN</w>
  <w>år</w>
  <w>2014</w>
  <w>står</w>
  <w>det</w>
  <w>att</w>
  <w>”</w>
  <w>35</w>
  <w>procent</w>
  <w>av</w>
  <w>de</w>
  <w>utlandsfödda</w>
  <w>uppnår</w>
  <w>inte</w>
  <w>ens</w>
  <w>behörighet</w>
  <w>att</w>
  <w>läsa</w>
  <w>på</w>
  <w>gymnasiet</w>
  <w>.</w>
  <w>En</w>
  <w>siffra</w>
  <w>som</w>
  <w>dessutom</w>
  <w>ökat</w>
  <w>de</w>
  <w>senaste</w>
  <w>åren</w>
  <w>.</w>
  <w>För</w>
  <w>barn</w>
  <w>födda</w>
  <w>i</w>
  <w>Afrika</w>
  <w>är</w>
  <w>andelen</w>
  <w>över</w>
  <w>50</w>
  <w>procent</w>
  <w>”</w>
  <w>.</w>
</absapar>
<absapar id=12>
  <w>Jag</w>
  <w>saknar</w>
  <w>analysen</w>
  <w>som</w>
  <w>visar</w>
  <w>på</w>
  <w>att</w>
  <w>orsaken</w>
  <w>till</w>
  <w>detta</w>
  <w>hänger</w>
  <w>samman</w>
  <w>med</w>
  <w>just</w>
  <w>språkutvecklingen</w>
  <w>.</w>
</absapar>
<absapar id=13>
  <absaspan id=37 senti=4>
    <w>Jag</w>
    <w>anser</w>
  </absaspan>
  <absaspan id=38>
    <w>att</w>
    <w>just</w>
    <w>detta</w>
    <w>bör</w>
    <w>upprepas</w>
    <w>och</w>
    <w>förklaras</w>
    <w>gång</w>
    <w>på</w>
    <w>gång</w>
  </absaspan>
  <w>.</w>
  <absaspan id=39 senti=2>
    <w>Bland</w>
    <w>modersmålslärare</w>
  </absaspan>
  <absaspan id=40 senti=2>
    <w>är</w>
    <w>oron</w>
    <w>stor</w>
    <w>för</w>
  </absaspan>
  <absaspan id=41>
    <w>att</w>
    <w>myndigheterna</w>
    <w>inte</w>
    <w>kommer</w>
    <w>att</w>
    <w>ge</w>
    <w>tillräckliga</w>
    <w>resurser</w>
    <w>för</w>
    <w>en</w>
    <w>meningsfull</w>
    <w>modersmålsundervisning</w>
  </absaspan>
  <w>.</w>
</absapar>
<absapar id=14>
  <absaspan id=42>
    <w>Ett</w>
    <w>fackligt</w>
    <w>ombud</w>
    <w>och</w>
    <w>modersmålslärare</w>
    <w>,</w>
    <w>Anna-Karin</w>
    <w>Hedenskog</w>
  </absaspan>
  <w>,</w>
  <absaspan id=43 senti=2>
    <w>tycker</w>
    <w>det</w>
    <w>finns</w>
  </absaspan>
  <w>flera</w>
  <w>bakomliggande</w>
  <w>orsaker</w>
  <w>men</w>
  <w>också</w>
  <absaspan id=44 senti=2>
    <w>brister</w>
    <w>i</w>
  </absaspan>
  <absaspan id=45>
    <w>lärarutbildningen</w>
  </absaspan>
  <w>och</w>
  <absaspan id=46 senti=4>
    <w>att</w>
    <w>det</w>
    <w>borde</w>
    <w>finnas</w>
    <w>speciella</w>
    <w>utbildningar</w>
    <w>för</w>
    <w>modersmålslärare</w>
    <w>som</w>
    <w>det</w>
    <w>var</w>
    <w>på</w>
    <w>80</w>
    <w>-</w>
    <w>talet</w>
  </absaspan>
  <w>.</w>
  <absaspan id=47>
    <w>Mats</w>
    <w>Wennerholm</w>
  </absaspan>
  <w>.</w>
</absapar>
<absapar id=15>
  <w>på</w>
  <absaspan id=48>
    <w>Skolverket</w>
  </absaspan>
  <w>säger</w>
  <w>,</w>
  <w>att</w>
  <absaspan id=49>
    <w>skolans</w>
    <w>stödinsatser</w>
  </absaspan>
  <absaspan id=50 senti=2>
    <w>inte</w>
    <w>har</w>
    <w>lyckats</w>
    <w>fullt</w>
    <w>ut</w>
    <w>för</w>
    <w>de</w>
    <w>socioekonomiskt</w>
    <w>svagare</w>
    <w>grupperna</w>
  </absaspan>
  <w>.</w>
</absapar>
<absapar id=16>
  <absaspan id=51>
    <w>Jag</w>
  </absaspan>
  <absaspan id=52 senti=4>
    <w>önskar</w>
    <w>att</w>
  </absaspan>
  <absaspan id=53>
    <w>kommande</w>
    <w>generationer</w>
    <w>av</w>
    <w>tvåspråkiga</w>
    <w>barn</w>
    <w>ska</w>
    <w>få</w>
    <w>det</w>
    <w>lättare</w>
    <w>än</w>
    <w>vi</w>
  </absaspan>
  <w>.</w>
</absapar>
<absapar id=17>
  <absaspan id=54>
    <w>Nancy</w>
  </absaspan>
  <absaspan id=55>
    <w>Malavé</w>
  </absaspan>
  <w>.</w>
</absapar>
<absapar id=18>
  <w>Häng</w>
  <w>med</w>
  <w>i</w>
  <w>debatten</w>
  <w>och</w>
  <w>kommentera</w>
  <w>artikeln</w>
  <w>–</w>
  <w>följ</w>
  <w>Debatt</w>
  <w>på</w>
  <w>Facebook</w>
  <w>.</w>
</absapar>
<absapar id=19>
  <w>FAKTA</w>
  <w>.</w>
</absapar>
<absapar id=20>
  <w>REN</w>
  <w>.</w>
</absapar>
<absapar id=21>
  <w>N</w>
  <w>.</w>
</absapar>
</absadoc>
