<absadoc annotators=1 senti=>
<absatitle>
  <w>Bonusar</w>
  <w>ska</w>
  <w>inte</w>
  <w>överstiga</w>
  <w>lönen</w>
  <w>.</w>
</absatitle>
<absapar id=1>
  <w>Relationen</w>
  <w>mellan</w>
  <w>bankchefers</w>
  <w>bonus</w>
  <w>och</w>
  <w>fasta</w>
  <w>lön</w>
  <w>ska</w>
  <w>aldrig</w>
  <w>överstiga</w>
  <w>100</w>
  <w>procent</w>
  <w>,</w>
  <w>föreslår</w>
  <w>EU-parlamentets</w>
  <w>ekonomiutskott</w>
  <w>.</w>
  <w>Om</w>
  <w>Anders</w>
  <w>Borg</w>
  <w>menar</w>
  <w>allvar</w>
  <w>i</w>
  <w>bonusfrågan</w>
  <w>bör</w>
  <w>regeringen</w>
  <w>ställa</w>
  <w>sig</w>
  <w>bakom</w>
  <w>förslaget</w>
  <w>,</w>
  <w>skriver</w>
  <w>EU-parlamentarikerna</w>
  <w>Göran</w>
  <w>Färm</w>
  <w>och</w>
  <w>Olle</w>
  <w>Ludvigsson</w>
  <w>(</w>
  <w>S</w>
  <w>)</w>
  <w>.</w>
</absapar>
<absapar id=2>
  <w>Självinsikten</w>
  <w>i</w>
  <w>branschen</w>
  <w>är</w>
  <w>fortfarande</w>
  <w>begränsad.Göran</w>
  <w>Färm</w>
  <w>och</w>
  <w>Olle</w>
  <w>Ludvigsson</w>
  <w>.</w>
</absapar>
<absapar id=3>
  <w>Det</w>
  <w>här</w>
  <w>är</w>
  <w>en</w>
  <w>argumenterande</w>
  <w>text</w>
  <w>med</w>
  <w>syfte</w>
  <w>att</w>
  <w>påverka</w>
  <w>.</w>
  <w>Åsikterna</w>
  <w>som</w>
  <w>uttrycks</w>
  <w>är</w>
  <w>skribentens</w>
  <w>egna</w>
  <w>.</w>
</absapar>
<absapar id=4>
  <w>Frågan</w>
  <w>om</w>
  <w>bonusarna</w>
  <w>i</w>
  <w>den</w>
  <w>europeiska</w>
  <w>finanssektorn</w>
  <w>har</w>
  <w>varit</w>
  <w>en</w>
  <absaspan id=1 senti=2>
    <w>seg</w>
  </absaspan>
  <absaspan id=2>
    <w>följetong</w>
  </absaspan>
  <w>under</w>
  <w>krisåren</w>
  <w>.</w>
  <w>Arbetet</w>
  <w>med</w>
  <w>att</w>
  <w>skapa</w>
  <w>en</w>
  <absaspan id=3 senti=4>
    <w>mer</w>
    <w>hälsosam</w>
  </absaspan>
  <absaspan id=4>
    <w>bonuskultur</w>
  </absaspan>
  <w>har</w>
  <w>hela</w>
  <w>tiden</w>
  <w>varit</w>
  <w>hackigt</w>
  <w>.</w>
  <absaspan id=5 senti=2>
    <w>Motståndet</w>
  </absaspan>
  <w>från</w>
  <absaspan id=6>
    <w>branschen</w>
  </absaspan>
  <absaspan id=7 senti=2>
    <w>har</w>
  </absaspan>
  <absaspan id=8 senti=2>
    <w>varit</w>
    <w>hårt</w>
  </absaspan>
  <w>.</w>
  <w>Inte</w>
  <w>minst</w>
  <w>har</w>
  <w>det</w>
  <w>gått</w>
  <w>trögt</w>
  <w>i</w>
  <w>Sverige</w>
  <w>.</w>
  <w>Därför</w>
  <w>behöver</w>
  <w>frågan</w>
  <w>återigen</w>
  <w>sättas</w>
  <w>i</w>
  <w>fokus</w>
  <w>.</w>
  <w>Dels</w>
  <w>måste</w>
  <w>de</w>
  <w>EU-regler</w>
  <w>som</w>
  <w>antogs</w>
  <w>år</w>
  <w>2010</w>
  <w>förstärkas</w>
  <w>ytterligare</w>
  <w>ett</w>
  <w>snäpp</w>
  <w>.</w>
  <w>Dels</w>
  <w>måste</w>
  <w>implementeringen</w>
  <w>av</w>
  <w>existerande</w>
  <w>regler</w>
  <w>drivas</w>
  <w>igenom</w>
  <w>på</w>
  <w>allvar</w>
  <w>.</w>
</absapar>
<absapar id=5>
  <w>Vad</w>
  <w>det</w>
  <w>i</w>
  <w>grunden</w>
  <w>handlar</w>
  <w>om</w>
  <w>är</w>
  <w>att</w>
  <w>stabilisera</w>
  <w>finanssektorn</w>
  <w>.</w>
  <absaspan id=9>
    <w>Den</w>
    <w>vidlyftiga</w>
    <w>bonuskulturen</w>
    <w>under</w>
    <w>00</w>
    <w>-</w>
    <w>talet</w>
  </absaspan>
  <w>drev</w>
  <w>upp</w>
  <w>risknivåerna</w>
  <w>i</w>
  <w>bankerna</w>
  <w>och</w>
  <absaspan id=10 senti=2>
    <w>var</w>
    <w>därför</w>
    <w>en</w>
    <w>tung</w>
    <w>faktor</w>
    <w>bakom</w>
    <w>finanskrisen</w>
  </absaspan>
  <w>.</w>
  <w>Vi</w>
  <w>behöver</w>
  <w>nu</w>
  <w>en</w>
  <w>gång</w>
  <w>för</w>
  <w>alla</w>
  <w>säkerställa</w>
  <w>att</w>
  <w>den</w>
  <w>dynamiken</w>
  <w>inte</w>
  <w>uppstår</w>
  <w>igen</w>
  <w>.</w>
  <w>Att</w>
  <w>döma</w>
  <w>av</w>
  <w>den</w>
  <w>nonchalanta</w>
  <w>attityd</w>
  <w>som</w>
  <w>flera</w>
  <w>svenska</w>
  <w>och</w>
  <w>europeiska</w>
  <w>bankchefer</w>
  <w>har</w>
  <w>till</w>
  <w>ersättningssystemen</w>
  <w>är</w>
  <w>självinsikten</w>
  <w>i</w>
  <w>branschen</w>
  <w>fortfarande</w>
  <w>begränsad</w>
  <w>.</w>
  <w>Därför</w>
  <w>finns</w>
  <w>det</w>
  <w>inget</w>
  <w>annat</w>
  <w>alternativ</w>
  <w>än</w>
  <w>att</w>
  <w>gå</w>
  <w>vidare</w>
  <w>med</w>
  <w>de</w>
  <w>politiska</w>
  <w>åtgärderna</w>
  <w>.</w>
</absapar>
<absapar id=6>
  <w>För</w>
  <w>det</w>
  <w>första</w>
  <w>behöver</w>
  <w>själva</w>
  <w>regelverket</w>
  <w>skärpas</w>
  <w>.</w>
  <absaspan id=11 senti=2>
    <w>Huvudproblemet</w>
    <w>i</w>
    <w>nuläget</w>
    <w>är</w>
  </absaspan>
  <absaspan id=12>
    <w>att</w>
    <w>det</w>
    <w>ännu</w>
    <w>inte</w>
    <w>finns</w>
    <w>någon</w>
    <w>gräns</w>
    <w>för</w>
    <w>hur</w>
    <w>stora</w>
    <w>bonusarna</w>
    <w>får</w>
    <w>vara</w>
    <w>i</w>
    <w>förhållande</w>
    <w>till</w>
    <w>fast</w>
    <w>ersättning</w>
  </absaspan>
  <w>.</w>
  <w>I</w>
  <w>förra</w>
  <w>regleringsomgången</w>
  <w>ställdes</w>
  <w>krav</w>
  <w>på</w>
  <w>att</w>
  <w>bonusarna</w>
  <w>måste</w>
  <w>göras</w>
  <w>transparenta</w>
  <w>,</w>
  <w>styras</w>
  <w>mer</w>
  <w>av</w>
  <w>långsiktiga</w>
  <w>prestationer</w>
  <w>och</w>
  <w>betalas</w>
  <w>ut</w>
  <w>över</w>
  <w>längre</w>
  <w>tid</w>
  <w>.</w>
  <w>Något</w>
  <w>tak</w>
  <w>för</w>
  <w>den</w>
  <w>rörliga</w>
  <w>delen</w>
  <w>av</w>
  <w>ersättningen</w>
  <w>sattes</w>
  <w>dock</w>
  <w>inte</w>
  <w>.</w>
</absapar>
<absapar id=7>
  <w>En</w>
  <w>färsk</w>
  <w>rapport</w>
  <w>från</w>
  <w>Europeiska</w>
  <w>Bankmyndigheten</w>
  <w>(</w>
  <w>EBA</w>
  <w>)</w>
  <w>visar</w>
  <w>att</w>
  <absaspan id=13>
    <w>ett</w>
    <w>sådant</w>
    <w>tak</w>
  </absaspan>
  <absaspan id=14 senti=4>
    <w>behövs</w>
  </absaspan>
  <w>.</w>
  <w>Medianvärdet</w>
  <w>bland</w>
  <w>EU-länderna</w>
  <w>för</w>
  <w>förhållandet</w>
  <w>mellan</w>
  <w>bonus</w>
  <w>och</w>
  <w>fast</w>
  <w>lön</w>
  <w>är</w>
  <w>122</w>
  <w>procent</w>
  <w>för</w>
  <w>toppchefer</w>
  <w>och</w>
  <w>139</w>
  <w>procent</w>
  <w>för</w>
  <w>personer</w>
  <w>i</w>
  <w>andra</w>
  <w>viktiga</w>
  <w>riskfunktioner</w>
  <w>.</w>
</absapar>
<absapar id=8>
  <w>Av</w>
  <w>de</w>
  <w>inkomster</w>
  <w>som</w>
  <w>de</w>
  <w>centrala</w>
  <w>beslutsfattarna</w>
  <w>drar</w>
  <w>in</w>
  <w>utgörs</w>
  <w>alltså</w>
  <w>långt</w>
  <w>mer</w>
  <w>än</w>
  <w>hälften</w>
  <w>av</w>
  <w>bonus</w>
  <w>.</w>
  <w>Dessa</w>
  <w>siffror</w>
  <w>är</w>
  <w>för</w>
  <w>höga</w>
  <w>.</w>
</absapar>
<absapar id=9>
  <w>Skräddarsydda</w>
  <w>kurser</w>
  <w>i</w>
  <w>ämnen</w>
  <w>som</w>
  <w>intresserar</w>
  <w>och</w>
  <w>engagerar</w>
  <w>både</w>
  <w>kropp</w>
  <w>och</w>
  <w>själ</w>
  <w>.</w>
</absapar>
<absapar id=10>
  <absaspan id=15 senti=3>
    <w>Problemet</w>
    <w>är</w>
    <w>inte</w>
  </absaspan>
  <absaspan id=16>
    <w>att</w>
    <w>banktopparna</w>
    <w>tjänar</w>
    <w>mycket</w>
    <w>pengar</w>
  </absaspan>
  <w>.</w>
  <w>De</w>
  <w>generella</w>
  <w>ersättningsnivåerna</w>
  <w>har</w>
  <w>ingen</w>
  <w>direkt</w>
  <w>inverkan</w>
  <w>på</w>
  <w>riskbilden</w>
  <w>.</w>
  <absaspan id=17 senti=2>
    <w>Problemet</w>
    <w>är</w>
    <w>i</w>
    <w>stället</w>
  </absaspan>
  <absaspan id=18>
    <w>att</w>
    <w>stora</w>
    <w>rörliga</w>
    <w>inslag</w>
    <w>i</w>
    <w>ersättningen</w>
    <w>ger</w>
    <w>starka</w>
    <w>incitament</w>
    <w>att</w>
    <w>öka</w>
    <w>risktagandet</w>
  </absaspan>
  <w>.</w>
</absapar>
<absapar id=11>
  <w>Eftersom</w>
  <w>totalinkomsten</w>
  <w>med</w>
  <w>en</w>
  <w>stor</w>
  <w>bonusdel</w>
  <w>tydligt</w>
  <w>kopplas</w>
  <w>till</w>
  <w>bankens</w>
  <w>resultat</w>
  <w>blir</w>
  <w>det</w>
  <w>lockande</w>
  <w>för</w>
  <w>den</w>
  <w>enskilde</w>
  <w>att</w>
  <w>kortsiktigt</w>
  <w>förbättra</w>
  <w>vinsterna</w>
  <w>genom</w>
  <w>att</w>
  <w>ta</w>
  <w>högre</w>
  <w>risk</w>
  <w>.</w>
  <w>Under</w>
  <w>åren</w>
  <w>före</w>
  <w>finanskraschen</w>
  <w>var</w>
  <w>detta</w>
  <w>mönster</w>
  <w>utbrett</w>
  <w>.</w>
</absapar>
<absapar id=12>
  <w>I</w>
  <w>många</w>
  <w>banker</w>
  <w>tog</w>
  <w>topparna</w>
  <absaspan id=19 senti=2>
    <w>orimliga</w>
  </absaspan>
  <absaspan id=20>
    <w>risker</w>
  </absaspan>
  <w>för</w>
  <w>att</w>
  <w>generera</w>
  <w>snabba</w>
  <w>vinster</w>
  <w>och</w>
  <w>därigenom</w>
  <w>höja</w>
  <w>bonusarna</w>
  <w>.</w>
  <w>Med</w>
  <w>en</w>
  <w>mindre</w>
  <w>bonusdel</w>
  <w>blir</w>
  <w>de</w>
  <w>drivkrafterna</w>
  <w>svagare</w>
  <w>.</w>
  <w>Den</w>
  <w>enskilde</w>
  <w>har</w>
  <w>då</w>
  <w>inget</w>
  <w>tungt</w>
  <w>egenintresse</w>
  <w>i</w>
  <w>att</w>
  <w>driva</w>
  <w>en</w>
  <w>högriskstrategi</w>
  <w>.</w>
</absapar>
<absapar id=13>
  <w>Därför</w>
  <absaspan id=21 senti=4>
    <w>är</w>
    <w>det</w>
    <w>positivt</w>
  </absaspan>
  <absaspan id=22>
    <w>att</w>
    <w>EU-parlamentets</w>
    <w>ekonomiutskott</w>
    <w>–</w>
    <w>som</w>
    <w>en</w>
    <w>del</w>
    <w>i</w>
    <w>översynen</w>
    <w>av</w>
    <w>bankernas</w>
    <w>kapitaltäckning</w>
    <w>–</w>
    <w>nu</w>
    <w>av</w>
    <w>allt</w>
    <w>att</w>
    <w>döma</w>
    <w>tar</w>
    <w>initiativ</w>
    <w>till</w>
    <w>att</w>
    <w>stärka</w>
    <w>bonusreglerna</w>
    <w>på</w>
    <w>denna</w>
    <w>punkt</w>
  </absaspan>
  <w>.</w>
</absapar>
<absapar id=14>
  <w>Det</w>
  <absaspan id=23 senti=4>
    <w>verkar</w>
    <w>finnas</w>
    <w>ett</w>
    <w>brett</w>
    <w>stöd</w>
  </absaspan>
  <absaspan id=24>
    <w>i</w>
    <w>utskottet</w>
  </absaspan>
  <absaspan id=25>
    <w>för</w>
    <w>ett</w>
    <w>tak</w>
    <w>som</w>
    <w>innebär</w>
    <w>att</w>
    <w>ingen</w>
    <w>viktig</w>
    <w>beslutsfattare</w>
    <w>i</w>
    <w>banksektorn</w>
    <w>ska</w>
    <w>kunna</w>
    <w>få</w>
    <w>en</w>
    <w>bonus</w>
    <w>som</w>
    <w>är</w>
    <w>högre</w>
    <w>än</w>
    <w>den</w>
    <w>fasta</w>
    <w>ersättningen</w>
  </absaspan>
  <w>.</w>
  <w>Relationen</w>
  <w>mellan</w>
  <w>bonus</w>
  <w>och</w>
  <w>fast</w>
  <w>lön</w>
  <w>ska</w>
  <w>aldrig</w>
  <w>överstiga</w>
  <w>100</w>
  <w>procent</w>
  <w>.</w>
</absapar>
<absapar id=15>
  <absaspan id=26 senti=2>
    <w>Gränsen</w>
  </absaspan>
  <absaspan id=27 senti=2>
    <w>är</w>
  </absaspan>
  <absaspan id=28 senti=2>
    <w>i</w>
    <w>högsta</w>
    <w>laget</w>
  </absaspan>
  <w>,</w>
  <w>men</w>
  <w>ändå</w>
  <absaspan id=29 senti=4>
    <w>rimlig</w>
  </absaspan>
  <absaspan id=30 senti=4>
    <w>som</w>
    <w>en</w>
    <w>kompromiss</w>
  </absaspan>
  <w>.</w>
  <w>Den</w>
  <w>skulle</w>
  <w>sätta</w>
  <w>stopp</w>
  <w>för</w>
  <w>de</w>
  <w>mest</w>
  <w>riskdrivande</w>
  <absaspan id=31 senti=2>
    <w>bonusexcesserna</w>
  </absaspan>
  <w>.</w>
  <w>För</w>
  <w>att</w>
  <w>den</w>
  <w>ska</w>
  <w>kunna</w>
  <w>bli</w>
  <w>EU-lag</w>
  <w>krävs</w>
  <w>ett</w>
  <w>ok</w>
  <w>från</w>
  <w>rådet</w>
  <w>.</w>
  <w>Anders</w>
  <w>Borg</w>
  <w>och</w>
  <w>övriga</w>
  <w>finansministrar</w>
  <w>måste</w>
  <w>visa</w>
  <w>att</w>
  <w>de</w>
  <w>menar</w>
  <w>allvar</w>
  <w>i</w>
  <w>bonusfrågan</w>
  <w>genom</w>
  <w>att</w>
  <w>ställa</w>
  <w>sig</w>
  <w>bakom</w>
  <w>utskottets</w>
  <w>initiativ</w>
  <w>.</w>
</absapar>
<absapar id=16>
  <w>För</w>
  <w>det</w>
  <w>andra</w>
  <w>behöver</w>
  <w>implementeringen</w>
  <w>stramas</w>
  <w>upp</w>
  <w>.</w>
  <w>EBA-rapporten</w>
  <w>visar</w>
  <w>på</w>
  <w>brister</w>
  <w>i</w>
  <w>tillämpningen</w>
  <w>av</w>
  <w>existerande</w>
  <w>regelverk</w>
  <w>.</w>
  <w>Det</w>
  <w>har</w>
  <w>varit</w>
  <w>mycket</w>
  <w>svårt</w>
  <w>att</w>
  <w>få</w>
  <w>bankerna</w>
  <w>att</w>
  <w>rätta</w>
  <w>sig</w>
  <w>efter</w>
  <w>spelreglerna</w>
  <w>.</w>
  <w>EBA</w>
  <w>pekar</w>
  <w>inte</w>
  <w>ut</w>
  <w>några</w>
  <w>syndabockar</w>
  <w>,</w>
  <w>men</w>
  <absaspan id=32>
    <w>Sverige</w>
  </absaspan>
  <absaspan id=33 senti=2>
    <w>hör</w>
    <w>sannolikt</w>
    <w>till</w>
    <w>de</w>
    <w>länder</w>
    <w>där</w>
    <w>problemen</w>
    <w>är</w>
    <w>störst</w>
  </absaspan>
  <w>.</w>
</absapar>
<absapar id=17>
  <w>För</w>
  <w>ett</w>
  <w>år</w>
  <w>sedan</w>
  <w>konstaterade</w>
  <w>Finansinspektionen</w>
  <w>att</w>
  <w>mer</w>
  <w>än</w>
  <w>hälften</w>
  <w>av</w>
  <w>de</w>
  <w>svenska</w>
  <w>bankerna</w>
  <w>inte</w>
  <w>levde</w>
  <w>upp</w>
  <w>till</w>
  <w>reglerna</w>
  <w>.</w>
  <w>På</w>
  <w>vissa</w>
  <w>håll</w>
  <w>fanns</w>
  <w>ett</w>
  <absaspan id=34 senti=4>
    <w>sunt</w>
  </absaspan>
  <absaspan id=35>
    <w>risktänkande</w>
  </absaspan>
  <w>och</w>
  <w>en</w>
  <w>genuin</w>
  <w>vilja</w>
  <w>att</w>
  <w>göra</w>
  <w>hemläxan</w>
  <w>.</w>
  <w>På</w>
  <w>andra</w>
  <w>håll</w>
  <w>fanns</w>
  <w>dock</w>
  <w>bara</w>
  <w>ett</w>
  <absaspan id=36 senti=2>
    <w>osunt</w>
  </absaspan>
  <absaspan id=37>
    <w>ointresse</w>
  </absaspan>
  <w>och</w>
  <w>en</w>
  <w>stark</w>
  <w>vilja</w>
  <w>att</w>
  <w>komma</w>
  <w>undan</w>
  <w>.</w>
  <w>I</w>
  <w>höstas</w>
  <w>gick</w>
  <w>det</w>
  <w>så</w>
  <w>långt</w>
  <w>att</w>
  <w>Finansinspektionen</w>
  <w>tvingades</w>
  <w>bötfälla</w>
  <w>Nordea</w>
  <w>–</w>
  <w>med</w>
  <w>staten</w>
  <w>som</w>
  <w>delägare</w>
  <w>–</w>
  <w>för</w>
  <w>regelbrott</w>
  <w>.</w>
  <w>Genomförandeprocessen</w>
  <w>går</w>
  <w>alltså</w>
  <w>inte</w>
  <w>alls</w>
  <w>så</w>
  <w>smidigt</w>
  <w>som</w>
  <w>den</w>
  <w>borde</w>
  <w>.</w>
  <w>Även</w>
  <w>i</w>
  <w>detta</w>
  <w>avseende</w>
  <w>måste</w>
  <w>Borg</w>
  <w>–</w>
  <w>och</w>
  <w>övriga</w>
  <w>finansministrar</w>
  <w>med</w>
  <w>problem</w>
  <w>–</w>
  <w>visa</w>
  <w>att</w>
  <w>de</w>
  <w>menar</w>
  <w>allvar</w>
  <w>.</w>
  <absaspan id=38>
    <w>Bestående</w>
    <w>brister</w>
    <w>i</w>
    <w>implementeringen</w>
  </absaspan>
  <absaspan id=39 senti=2>
    <w>skulle</w>
    <w>urholka</w>
  </absaspan>
  <w>den</w>
  <w>stabilitet</w>
  <w>som</w>
  <w>reglerna</w>
  <w>syftar</w>
  <w>till</w>
  <w>att</w>
  <w>skapa</w>
  <w>.</w>
  <w>Bonusfrågan</w>
  <w>måste</w>
  <w>upp</w>
  <w>på</w>
  <w>bordet</w>
  <w>igen</w>
  <w>.</w>
  <w>Arbetet</w>
  <w>med</w>
  <w>att</w>
  <w>skapa</w>
  <w>en</w>
  <absaspan id=40 senti=4>
    <w>sund</w>
  </absaspan>
  <absaspan id=41>
    <w>bonuskultur</w>
  </absaspan>
  <w>har</w>
  <w>kommit</w>
  <w>en</w>
  <w>bit</w>
  <w>på</w>
  <w>vägen</w>
  <w>,</w>
  <w>men</w>
  <w>är</w>
  <w>definitivt</w>
  <w>inte</w>
  <w>klart</w>
  <w>.</w>
</absapar>
<absapar id=18>
  <w>GÖRAN</w>
  <w>FÄRM</w>
  <w>(</w>
  <w>S</w>
  <w>)</w>
  <w>.</w>
</absapar>
<absapar id=19>
  <w>OLLE</w>
  <w>LUDVIGSSON</w>
  <w>(</w>
  <w>S</w>
  <w>)</w>
  <w>.</w>
</absapar>
<absapar id=20>
  <w>Europaparlamentariker</w>
  <w>.</w>
</absapar>
<absapar id=21>
  <w>Redaktör</w>
  <w>:</w>
  <w>Carina</w>
  <w>Stensson</w>
  <w>,</w>
  <w>Biträdande</w>
  <w>redaktör</w>
  <w>:</w>
  <w>Björn</w>
  <w>Jorner</w>
  <w>,</w>
  <w>Mejl</w>
  <w>:</w>
  <w>debatt</w>
  <w>@</w>
  <w>svd.se</w>
  <w>,</w>
  <w>Telefonnummer</w>
  <w>:</w>
  <w>08</w>
  <w>-</w>
  <w>135149</w>
  <w>,</w>
  <w>Twitter</w>
  <w>:</w>
  <w>@</w>
  <w>SvDDebatt</w>
  <w>,</w>
  <w>Facebook</w>
  <w>:</w>
  <w>SvD</w>
  <w>Debatt</w>
  <w>.</w>
</absapar>
</absadoc>
