<absadoc annotators=1 senti=>
<absatitle>
  <w>EU-listning</w>
  <w>missar</w>
  <absaspan id=1 senti=1 target=2>
    <w>riktigt</w>
    <w>farliga</w>
  </absaspan>
  <absaspan id=2>
    <w>ämnen</w>
  </absaspan>
  <w>.</w>
</absatitle>
<absapar id=1>
  <absaspan id=3>
    <w>EU</w>
    <w>:</w>
    <w>s</w>
    <w>nya</w>
    <w>förslag</w>
    <w>på</w>
    <w>kriterier</w>
    <w>för</w>
    <w>hormonstörande</w>
    <w>ämnen</w>
  </absaspan>
  <absaspan id=4 senti=2>
    <w>har</w>
    <w>allvarliga</w>
    <w>brister</w>
  </absaspan>
  <w>och</w>
  <absaspan id=5>
    <w>farliga</w>
    <w>ämnen</w>
  </absaspan>
  <absaspan id=6 senti=2>
    <w>riskerar</w>
    <w>att</w>
    <w>missas</w>
  </absaspan>
  <w>.</w>
  <w>Det</w>
  <w>finns</w>
  <w>nya</w>
  <w>metoder</w>
  <w>för</w>
  <w>att</w>
  <w>riskbedöma</w>
  <w>ämnen</w>
  <w>,</w>
  <w>och</w>
  <w>vi</w>
  <w>uppmanar</w>
  <w>beslutsfattare</w>
  <w>att</w>
  <w>använda</w>
  <w>dessa</w>
  <w>,</w>
  <w>skriver</w>
  <w>forskarna</w>
  <w>Christina</w>
  <w>Rudén</w>
  <w>och</w>
  <w>Laura</w>
  <w>Vandenberg</w>
  <w>.</w>
</absapar>
<absapar id=2>
  <w>Om</w>
  <w>vi</w>
  <w>misslyckas</w>
  <w>kommer</w>
  <w>samhällets</w>
  <w>kostnader</w>
  <w>för</w>
  <w>hälsoproblem</w>
  <w>att</w>
  <w>bli</w>
  <w>stora</w>
  <w>.</w>
</absapar>
<absapar id=3>
  <w>Det</w>
  <w>här</w>
  <w>är</w>
  <w>en</w>
  <w>argumenterande</w>
  <w>text</w>
  <w>med</w>
  <w>syfte</w>
  <w>att</w>
  <w>påverka</w>
  <w>.</w>
  <w>Åsikterna</w>
  <w>som</w>
  <w>uttrycks</w>
  <w>är</w>
  <w>skribentens</w>
  <w>egna</w>
  <w>.</w>
</absapar>
<absapar id=4>
  <absaspan id=7>
    <w>Hormonstörande</w>
    <w>kemikalier</w>
  </absaspan>
  <absaspan id=8 senti=2>
    <w>riskerar</w>
    <w>människors</w>
    <w>hälsa</w>
  </absaspan>
  <w>och</w>
  <w>kan</w>
  <w>leda</w>
  <w>till</w>
  <w>stora</w>
  <w>samhällskostnader</w>
  <w>för</w>
  <w>sjukvård</w>
  <w>.</w>
  <w>Det</w>
  <w>finns</w>
  <w>ungefär</w>
  <w>100</w>
  <w>000</w>
  <w>kemikalier</w>
  <w>på</w>
  <w>den</w>
  <w>globala</w>
  <w>marknaden</w>
  <w>och</w>
  <w>användningen</w>
  <w>av</w>
  <w>kemikalier</w>
  <w>är</w>
  <w>mer</w>
  <w>omfattande</w>
  <w>än</w>
  <w>någonsin</w>
  <w>.</w>
  <w>Produktionen</w>
  <w>inom</w>
  <w>EU</w>
  <w>har</w>
  <w>ökat</w>
  <w>cirka</w>
  <w>sextio</w>
  <w>gånger</w>
  <w>på</w>
  <w>sextio</w>
  <w>år</w>
  <w>.</w>
  <w>Det</w>
  <w>är</w>
  <w>således</w>
  <w>en</w>
  <w>omfattande</w>
  <w>och</w>
  <absaspan id=9 senti=4>
    <w>viktig</w>
    <w>uppgift</w>
  </absaspan>
  <w>att</w>
  <absaspan id=10>
    <w>identifiera</w>
    <w>de</w>
    <w>ämnen</w>
    <w>som</w>
    <w>kan</w>
    <w>orsaka</w>
    <w>skador</w>
    <w>på</w>
    <w>djur</w>
    <w>eller</w>
    <w>människors</w>
    <w>hälsa</w>
  </absaspan>
  <w>.</w>
</absapar>
<absapar id=5>
  <w>Riskerna</w>
  <w>med</w>
  <w>hormonstörande</w>
  <w>kemikalier</w>
  <w>,</w>
  <w>det</w>
  <w>vill</w>
  <w>säga</w>
  <w>ämnen</w>
  <w>som</w>
  <w>kan</w>
  <w>störa</w>
  <w>kroppens</w>
  <w>hormonsystem</w>
  <w>,</w>
  <w>har</w>
  <w>uppmärksammats</w>
  <w>särskilt</w>
  <w>det</w>
  <w>senaste</w>
  <w>decenniet</w>
  <w>.</w>
  <w>Expertpaneler</w>
  <w>från</w>
  <w>WHO</w>
  <w>och</w>
  <w>UNEP</w>
  <w>med</w>
  <w>flera</w>
  <w>har</w>
  <w>visat</w>
  <w>att</w>
  <w>det</w>
  <w>finns</w>
  <w>övertygande</w>
  <w>vetenskaplig</w>
  <w>bevisning</w>
  <w>för</w>
  <w>att</w>
  <w>det</w>
  <w>finns</w>
  <w>ett</w>
  <w>samband</w>
  <w>mellan</w>
  <w>användningen</w>
  <w>av</w>
  <w>hormonstörande</w>
  <w>kemikalier</w>
  <w>och</w>
  <w>olika</w>
  <w>typer</w>
  <w>av</w>
  <w>hormonrelaterade</w>
  <w>sjukdomar</w>
  <w>och</w>
  <w>störd</w>
  <w>utveckling</w>
  <w>hos</w>
  <w>människor</w>
  <w>.</w>
</absapar>
<absapar id=6>
  <w>Hur</w>
  <w>kan</w>
  <w>vi</w>
  <w>då</w>
  <w>avgöra</w>
  <w>om</w>
  <w>en</w>
  <w>kemikalie</w>
  <w>är</w>
  <w>hormonstörande</w>
  <w>?</w>
  <w>Hur</w>
  <w>kan</w>
  <w>vi</w>
  <w>skilja</w>
  <w>"</w>
  <absaspan id=11 senti=1>
    <w>värstingarna</w>
  </absaspan>
  <w>"</w>
  <w>från</w>
  <w>ämnen</w>
  <w>som</w>
  <w>inte</w>
  <w>är</w>
  <w>lika</w>
  <w>farliga</w>
  <w>?</w>
  <w>.</w>
</absapar>
<absapar id=7>
  <w>Även</w>
  <w>om</w>
  <w>detta</w>
  <w>till</w>
  <w>synes</w>
  <w>är</w>
  <w>en</w>
  <w>lätt</w>
  <w>uppgift</w>
  <w>så</w>
  <w>är</w>
  <w>det</w>
  <w>i</w>
  <w>själva</w>
  <w>verket</w>
  <w>mycket</w>
  <w>komplicerat</w>
  <w>.</w>
  <w>EU-kommissionen</w>
  <w>presenterade</w>
  <w>nyligen</w>
  <w>ett</w>
  <w>förslag</w>
  <w>till</w>
  <w>nya</w>
  <w>kriterier</w>
  <w>för</w>
  <w>att</w>
  <w>identifiera</w>
  <w>hormonstörande</w>
  <w>kemikalier</w>
  <w>.</w>
  <absaspan id=12 senti=2>
    <w>Tyvärr</w>
    <w>har</w>
  </absaspan>
  <absaspan id=13>
    <w>förslaget</w>
  </absaspan>
  <absaspan id=14 senti=2>
    <w>flera</w>
  </absaspan>
  <absaspan id=15 senti=2>
    <w>allvarliga</w>
    <w>brister</w>
  </absaspan>
  <w>och</w>
  <w>det</w>
  <w>har</w>
  <w>också</w>
  <absaspan id=16 senti=2>
    <w>fått</w>
    <w>hård</w>
    <w>kritik</w>
  </absaspan>
  <w>från</w>
  <absaspan id=17>
    <w>forskarsamhället</w>
  </absaspan>
  <w>.</w>
  <w>En</w>
  <absaspan id=18 senti=2>
    <w>stor</w>
    <w>svaghet</w>
  </absaspan>
  <w>med</w>
  <absaspan id=19>
    <w>förslaget</w>
  </absaspan>
  <w>är</w>
  <w>att</w>
  <w>beviskraven</w>
  <w>för</w>
  <w>att</w>
  <w>klassificera</w>
  <w>en</w>
  <w>kemikalie</w>
  <w>som</w>
  <w>hormonstörande</w>
  <w>är</w>
  <w>extremt</w>
  <w>höga</w>
  <w>.</w>
  <w>Ämnen</w>
  <w>som</w>
  <w>idag</w>
  <w>allmänt</w>
  <w>erkänns</w>
  <w>som</w>
  <w>hormonstörande</w>
  <w>,</w>
  <w>såsom</w>
  <w>plastkemikalien</w>
  <w>bisfenol</w>
  <w>A</w>
  <w>,</w>
  <w>skulle</w>
  <w>till</w>
  <w>exempel</w>
  <w>inte</w>
  <w>kunna</w>
  <w>klassificeras</w>
  <w>som</w>
  <w>hormonstörande</w>
  <w>i</w>
  <w>det</w>
  <w>föreslagna</w>
  <w>systemet</w>
  <w>.</w>
  <w>Med</w>
  <w>de</w>
  <w>nya</w>
  <w>kriterierna</w>
  <w>krävs</w>
  <w>att</w>
  <w>människor</w>
  <w>(</w>
  <w>inklusive</w>
  <w>barn</w>
  <w>)</w>
  <w>utsatts</w>
  <w>för</w>
  <w>kemikalierna</w>
  <w>och</w>
  <w>visats</w>
  <w>bli</w>
  <w>skadade</w>
  <w>innan</w>
  <w>ämnena</w>
  <w>kan</w>
  <w>regleras</w>
  <w>.</w>
</absapar>
<absapar id=8>
  <absaspan id=20 senti=2>
    <w>Ett</w>
    <w>annat</w>
    <w>allvarligt</w>
    <w>problem</w>
  </absaspan>
  <w>är</w>
  <w>att</w>
  <absaspan id=21>
    <w>metoderna</w>
    <w>för</w>
    <w>att</w>
    <w>sammanställa</w>
    <w>och</w>
    <w>utvärdera</w>
    <w>vetenskapliga</w>
    <w>studier</w>
    <w>är</w>
    <w>dåligt</w>
    <w>beskrivna</w>
  </absaspan>
  <w>.</w>
  <w>Detta</w>
  <w>leder</w>
  <w>till</w>
  <w>att</w>
  <w>bedömningarna</w>
  <absaspan id=22 senti=2>
    <w>riskerar</w>
  </absaspan>
  <w>att</w>
  <absaspan id=23>
    <w>bli</w>
    <w>alltför</w>
    <w>otydliga</w>
    <w>,</w>
    <w>ofullständiga</w>
    <w>och</w>
    <w>subjektiva</w>
  </absaspan>
  <w>.</w>
</absapar>
<absapar id=9>
  <w>Varför</w>
  <w>är</w>
  <absaspan id=24>
    <w>vi</w>
  </absaspan>
  <w>då</w>
  <w>så</w>
  <absaspan id=25 senti=2>
    <w>oroade</w>
  </absaspan>
  <w>över</w>
  <absaspan id=26>
    <w>detta</w>
  </absaspan>
  <w>?</w>
  <w>Det</w>
  <w>viktigaste</w>
  <w>skälet</w>
  <w>till</w>
  <absaspan id=27>
    <w>vår</w>
  </absaspan>
  <absaspan id=28 senti=2>
    <w>stora</w>
    <w>oro</w>
  </absaspan>
  <w>är</w>
  <w>att</w>
  <w>om</w>
  <w>vi</w>
  <w>misslyckas</w>
  <w>med</w>
  <w>att</w>
  <w>begränsa</w>
  <w>användningen</w>
  <w>av</w>
  <w>hormonstörande</w>
  <w>kemikalier</w>
  <w>kommer</w>
  <w>samhällets</w>
  <w>kostnader</w>
  <w>för</w>
  <w>hälsoproblem</w>
  <w>att</w>
  <w>bli</w>
  <w>stora</w>
  <w>.</w>
  <w>Barn</w>
  <w>är</w>
  <w>särskilt</w>
  <w>känsliga</w>
  <w>för</w>
  <w>störningar</w>
  <w>i</w>
  <w>hormonsystemen</w>
  <w>,</w>
  <w>och</w>
  <w>effekterna</w>
  <w>visar</w>
  <w>sig</w>
  <w>ofta</w>
  <w>som</w>
  <w>påverkad</w>
  <w>utveckling</w>
  <w>och</w>
  <w>sjukdomar</w>
  <w>senare</w>
  <w>i</w>
  <w>livet</w>
  <w>.</w>
  <w>Kostnaderna</w>
  <w>för</w>
  <w>sjukvård</w>
  <w>kopplade</w>
  <w>till</w>
  <w>användningen</w>
  <w>av</w>
  <w>hormonstörande</w>
  <w>kemikalier</w>
  <w>inom</w>
  <w>EU</w>
  <w>har</w>
  <w>uppskattats</w>
  <w>till</w>
  <w>åtminstone</w>
  <w>150</w>
  <w>miljarder</w>
  <w>euro</w>
  <w>per</w>
  <w>år</w>
  <w>.</w>
  <w>I</w>
  <w>denna</w>
  <w>kostnadskalkyl</w>
  <w>ingår</w>
  <w>dock</w>
  <w>bara</w>
  <w>ett</w>
  <w>begränsat</w>
  <w>antal</w>
  <w>sjukdomar</w>
  <w>.</w>
  <w>Inte</w>
  <w>heller</w>
  <w>ingår</w>
  <w>kostnaderna</w>
  <w>för</w>
  <w>mänskligt</w>
  <w>lidande</w>
  <w>,</w>
  <w>eller</w>
  <w>kostnader</w>
  <w>för</w>
  <absaspan id=29 senti=2>
    <w>negativa</w>
  </absaspan>
  <absaspan id=30>
    <w>effekter</w>
  </absaspan>
  <w>på</w>
  <w>andra</w>
  <w>djurarter</w>
  <w>.</w>
</absapar>
<absapar id=10>
  <w>Betydande</w>
  <w>kostnader</w>
  <w>kommer</w>
  <w>även</w>
  <w>att</w>
  <absaspan id=31 senti=2>
    <w>drabba</w>
  </absaspan>
  <absaspan id=32>
    <w>kemikalieindustrin</w>
  </absaspan>
  <w>.</w>
  <w>Enligt</w>
  <w>europeiska</w>
  <w>regler</w>
  <w>får</w>
  <w>bekämpningsmedel</w>
  <w>som</w>
  <w>har</w>
  <w>hormonstörande</w>
  <w>egenskaper</w>
  <w>inte</w>
  <w>användas</w>
  <w>inom</w>
  <w>EU</w>
  <w>.</w>
  <w>Därför</w>
  <w>har</w>
  <w>industrin</w>
  <w>arbetat</w>
  <w>aktivt</w>
  <w>för</w>
  <w>att</w>
  <w>begränsa</w>
  <w>möjligheterna</w>
  <w>att</w>
  <w>klassificera</w>
  <w>kemikalier</w>
  <w>som</w>
  <w>hormonstörande</w>
  <w>,</w>
  <w>även</w>
  <w>om</w>
  <w>det</w>
  <w>finns</w>
  <w>starka</w>
  <w>bevis</w>
  <w>för</w>
  <w>att</w>
  <w>de</w>
  <w>är</w>
  <w>det</w>
  <w>.</w>
</absapar>
<absapar id=11>
  <w>I</w>
  <w>nästan</w>
  <w>två</w>
  <w>år</w>
  <w>har</w>
  <w>vi</w>
  <w>arbetat</w>
  <w>tillsammans</w>
  <w>med</w>
  <w>mer</w>
  <w>än</w>
  <w>tjugo</w>
  <w>andra</w>
  <w>forskare</w>
  <w>från</w>
  <w>USA</w>
  <w>,</w>
  <w>EU</w>
  <w>,</w>
  <w>Kanada</w>
  <w>och</w>
  <w>Australien</w>
  <w>för</w>
  <w>att</w>
  <w>utveckla</w>
  <w>en</w>
  <w>ny</w>
  <w>metod</w>
  <w>för</w>
  <w>systematisk</w>
  <w>utvärdering</w>
  <w>av</w>
  <w>vetenskapliga</w>
  <w>data</w>
  <w>med</w>
  <w>syftet</w>
  <w>att</w>
  <w>identifiera</w>
  <w>hormonstörande</w>
  <w>ämnen</w>
  <w>.</w>
  <w>Den</w>
  <w>nya</w>
  <w>metoden</w>
  <w>är</w>
  <w>tänkt</w>
  <w>att</w>
  <w>användas</w>
  <w>för</w>
  <w>att</w>
  <w>avgöra</w>
  <w>om</w>
  <w>tillgängliga</w>
  <w>data</w>
  <w>är</w>
  <w>tillräckliga</w>
  <w>för</w>
  <w>att</w>
  <w>klassificera</w>
  <w>en</w>
  <w>kemikalie</w>
  <w>som</w>
  <w>hormonstörande</w>
  <w>.</w>
</absapar>
<absapar id=12>
  <w>Vår</w>
  <w>metod</w>
  <w>,</w>
  <w>SYRINA</w>
  <w>(</w>
  <w>som</w>
  <w>står</w>
  <w>för</w>
  <w>Systematic</w>
  <w>Review</w>
  <w>and</w>
  <w>Integrated</w>
  <w>Assessment</w>
  <w>)</w>
  <w>som</w>
  <w>publiceras</w>
  <w>idag</w>
  <w>i</w>
  <w>den</w>
  <w>vetenskapliga</w>
  <w>tidskriften</w>
  <w>Environmental</w>
  <w>Health</w>
  <w>avser</w>
  <w>att</w>
  <w>förbättra</w>
  <w>det</w>
  <w>vetenskapliga</w>
  <w>underlaget</w>
  <w>för</w>
  <w>beslut</w>
  <w>om</w>
  <w>riskhantering</w>
  <w>av</w>
  <w>hormonstörande</w>
  <w>kemikalier</w>
  <w>.</w>
  <w>Med</w>
  <w>denna</w>
  <w>metod</w>
  <w>kommer</w>
  <w>all</w>
  <w>tillgänglig</w>
  <w>data</w>
  <w>om</w>
  <w>hormonstörande</w>
  <w>kemikalier</w>
  <w>kunna</w>
  <w>användas</w>
  <w>och</w>
  <w>utvärderingen</w>
  <w>av</w>
  <w>data</w>
  <w>kommer</w>
  <w>att</w>
  <w>bli</w>
  <w>mer</w>
  <w>transparent</w>
  <w>och</w>
  <w>systematisk</w>
  <w>.</w>
</absapar>
<absapar id=13>
  <w>Vi</w>
  <w>uppmanar</w>
  <w>därför</w>
  <w>riskbedömare</w>
  <w>och</w>
  <w>beslutsfattare</w>
  <w>i</w>
  <w>EU</w>
  <w>,</w>
  <w>USA</w>
  <w>och</w>
  <w>andra</w>
  <w>länder</w>
  <w>att</w>
  <w>använda</w>
  <w>metoden</w>
  <w>för</w>
  <w>att</w>
  <w>identifiera</w>
  <w>samband</w>
  <w>mellan</w>
  <w>misstänkt</w>
  <w>hormonstörande</w>
  <w>kemikalier</w>
  <w>och</w>
  <absaspan id=33 senti=2>
    <w>negativa</w>
  </absaspan>
  <absaspan id=34>
    <w>effekter</w>
  </absaspan>
  <w>på</w>
  <w>djur</w>
  <w>eller</w>
  <w>människors</w>
  <w>hälsa</w>
  <w>.</w>
  <w>Vi</w>
  <w>uppmanar</w>
  <w>också</w>
  <w>EU-kommissionen</w>
  <w>att</w>
  <w>förbättra</w>
  <w>de</w>
  <w>föreslagna</w>
  <w>EU-kriterierna</w>
  <w>för</w>
  <w>att</w>
  <w>identifiera</w>
  <w>hormonstörande</w>
  <w>kemikalier</w>
  <w>.</w>
</absapar>
<absapar id=14>
  <w>Om</w>
  <w>vi</w>
  <w>lyckas</w>
  <w>identifiera</w>
  <w>"</w>
  <absaspan id=35 senti=1>
    <w>värstingarna</w>
  </absaspan>
  <w>"</w>
  <w>på</w>
  <w>ett</w>
  <w>effektivt</w>
  <w>sätt</w>
  <w>kommer</w>
  <w>det</w>
  <w>att</w>
  <absaspan id=36 senti=4>
    <w>bidra</w>
    <w>till</w>
    <w>en</w>
    <w>bättre</w>
  </absaspan>
  <absaspan id=37>
    <w>hälsa</w>
    <w>hos</w>
    <w>kommande</w>
    <w>generationer</w>
  </absaspan>
  <w>–</w>
  <w>och</w>
  <w>minskade</w>
  <w>sjukvårdskostnader</w>
  <w>.</w>
</absapar>
<absapar id=15>
  <w>Christina</w>
  <w>Rudén</w>
  <w>.</w>
</absapar>
<absapar id=16>
  <w>professor</w>
  <w>vid</w>
  <w>institutionen</w>
  <w>för</w>
  <w>miljövetenskap</w>
  <w>och</w>
  <w>analytisk</w>
  <w>kemi</w>
  <w>vid</w>
  <w>Stockholms</w>
  <w>Universitet</w>
  <w>.</w>
</absapar>
<absapar id=17>
  <w>Laura</w>
  <w>Vandenberg</w>
  <w>.</w>
</absapar>
<absapar id=18>
  <w>forskare</w>
  <w>i</w>
  <w>miljömedicin</w>
  <w>vid</w>
  <w>University</w>
  <w>of</w>
  <w>Massachusetts</w>
  <w>-</w>
  <w>Amherst</w>
  <w>,</w>
  <w>Institutionen</w>
  <w>för</w>
  <w>folkhälsa</w>
  <w>och</w>
  <w>vårdvetenskap</w>
  <w>.</w>
</absapar>
<absapar id=19>
  <w>Redaktör</w>
  <w>:</w>
  <w>Carina</w>
  <w>Stensson</w>
  <w>,</w>
  <w>Biträdande</w>
  <w>redaktör</w>
  <w>:</w>
  <w>Björn</w>
  <w>Jorner</w>
  <w>,</w>
  <w>Mejl</w>
  <w>:</w>
  <w>debatt</w>
  <w>@</w>
  <w>svd.se</w>
  <w>,</w>
  <w>Telefonnummer</w>
  <w>:</w>
  <w>08</w>
  <w>-</w>
  <w>135149</w>
  <w>,</w>
  <w>Twitter</w>
  <w>:</w>
  <w>@</w>
  <w>SvDDebatt</w>
  <w>,</w>
  <w>Facebook</w>
  <w>:</w>
  <w>SvD</w>
  <w>Debatt</w>
  <w>.</w>
</absapar>
</absadoc>
