<absadoc annotators=1 senti=>
<absatitle>
  <w>Min</w>
  <w>mer</w>
  <w>nyanserade</w>
  <w>bild</w>
  <w>av</w>
  <w>islam</w>
  <w>i</w>
  <w>den</w>
  <w>västerländska</w>
  <w>världen</w>
  <w>.</w>
</absatitle>
<absapar id=1>
  <w>Det</w>
  <w>som</w>
  <w>många</w>
  <w>västerlänningar</w>
  <w>har</w>
  <w>missförstått</w>
  <w>när</w>
  <w>det</w>
  <w>gäller</w>
  <w>islam</w>
  <w>,</w>
  <w>är</w>
  <w>att</w>
  <w>budskapet</w>
  <w>är</w>
  <w>väldigt</w>
  <w>enkelt</w>
  <w>.</w>
  <w>Det</w>
  <w>är</w>
  <w>faktiskt</w>
  <w>det</w>
  <w>viktigaste</w>
  <w>med</w>
  <w>islam</w>
  <w>.</w>
  <w>Islam</w>
  <w>bygger</w>
  <w>på</w>
  <w>ett</w>
  <w>ett</w>
  <w>antal</w>
  <w>väldigt</w>
  <w>okomplicerade</w>
  <w>fundament</w>
  <w>,</w>
  <w>varav</w>
  <w>det</w>
  <w>första</w>
  <w>är</w>
  <w>;</w>
  <w>"</w>
  <w>Gud</w>
  <w>är</w>
  <w>en</w>
  <w>"</w>
  <w>,</w>
  <w>vilket</w>
  <w>är</w>
  <w>islams</w>
  <w>viktigaste</w>
  <w>budskap</w>
  <w>.</w>
  <w>Han</w>
  <w>är</w>
  <w>obeskrivlig</w>
  <w>,</w>
  <w>han</w>
  <w>är</w>
  <w>nära</w>
  <w>alla</w>
  <w>,</w>
  <w>han</w>
  <w>har</w>
  <w>skapat</w>
  <w>himmel</w>
  <w>och</w>
  <w>jord</w>
  <w>.</w>
  <w>Det</w>
  <w>är</w>
  <w>islams</w>
  <w>innersta</w>
  <w>budskap</w>
  <w>;</w>
  <w>"</w>
  <absaspan id=1>
    <w>Försök</w>
  </absaspan>
  <absaspan id=2>
    <w>leva</w>
    <w>nära</w>
    <w>honom</w>
  </absaspan>
  <w>"</w>
  <w>.</w>
  <absaspan id=3>
    <w>Detta</w>
  </absaspan>
  <w>är</w>
  <w>egentligen</w>
  <absaspan id=4 senti=3>
    <w>ett</w>
    <w>helt</w>
    <w>ofarligt</w>
    <w>budskap</w>
  </absaspan>
  <w>.</w>
  <w>Problemet</w>
  <w>med</w>
  <absaspan id=5>
    <w>en</w>
  </absaspan>
  <absaspan id=6>
    <w>del</w>
    <w>praktiserande</w>
    <w>muslimer</w>
  </absaspan>
  <w>,</w>
  <w>när</w>
  <absaspan id=7>
    <w>dom</w>
  </absaspan>
  <absaspan id=8 senti=2>
    <w>krånglar</w>
    <w>till</w>
    <w>det</w>
  </absaspan>
  <w>,</w>
  <w>så</w>
  <w>handlar</w>
  <w>det</w>
  <w>om</w>
  <w>att</w>
  <w>en</w>
  <w>viss</w>
  <w>del</w>
  <w>i</w>
  <w>islam</w>
  <w>menar</w>
  <w>att</w>
  <w>det</w>
  <w>är</w>
  <w>genom</w>
  <absaspan id=9>
    <w>de</w>
    <w>skriftlärdas</w>
    <w>sätt</w>
    <w>att</w>
    <w>tala</w>
    <w>om</w>
    <w>religionen</w>
    <w>offentligt</w>
  </absaspan>
  <w>,</w>
  <w>som</w>
  <w>per</w>
  <w>automatik</w>
  <absaspan id=10 senti=2>
    <w>gör</w>
    <w>det</w>
    <w>besvärligt</w>
  </absaspan>
  <w>.</w>
  <w>Alltså</w>
  <w>,</w>
  <w>kärnan</w>
  <w>i</w>
  <w>religion</w>
  <w>handlar</w>
  <w>om</w>
  <w>att</w>
  <w>föra</w>
  <w>fram</w>
  <w>det</w>
  <w>enkla</w>
  <w>budskapet</w>
  <w>om</w>
  <w>renhet</w>
  <w>och</w>
  <w>närheten</w>
  <w>till</w>
  <w>gud</w>
  <w>,</w>
  <w>men</w>
  <w>ofta</w>
  <absaspan id=11 senti=2>
    <w>misstolkar</w>
  </absaspan>
  <absaspan id=12>
    <w>västerlänningen</w>
  </absaspan>
  <w>så</w>
  <w>klart</w>
  <absaspan id=13 senti=2>
    <w>detta</w>
  </absaspan>
  <absaspan id=14 senti=2>
    <w>budskap</w>
  </absaspan>
  <w>som</w>
  <absaspan id=15 senti=1>
    <w>fundamentalistiskt</w>
  </absaspan>
  <w>,</w>
  <w>och</w>
  <w>många</w>
  <w>muslimer</w>
  <w>underlättar</w>
  <w>medvetet</w>
  <w>för</w>
  <w>västerlänningen</w>
  <w>att</w>
  <w>misstolka</w>
  <w>budskapet</w>
  <w>.</w>
</absapar>
<absapar id=2>
  <w>Men</w>
  <w>själva</w>
  <w>kärnan</w>
  <w>i</w>
  <w>religionen</w>
  <w>är</w>
  <w>densamma</w>
  <w>,</w>
  <w>oavsett</w>
  <w>hur</w>
  <w>budskapet</w>
  <w>framförs</w>
  <w>av</w>
  <w>olika</w>
  <w>muslimer</w>
  <w>.</w>
  <w>Islam</w>
  <w>följer</w>
  <w>faktiskt</w>
  <w>exakt</w>
  <w>samma</w>
  <w>väg</w>
  <w>som</w>
  <w>Jesus</w>
  <w>,</w>
  <w>Moses</w>
  <w>,</w>
  <w>Abraham</w>
  <w>och</w>
  <w>ända</w>
  <w>tillbaks</w>
  <w>till</w>
  <w>Adam</w>
  <w>.</w>
  <w>Budskapet</w>
  <w>är</w>
  <w>detsamma</w>
  <w>,</w>
  <w>men</w>
  <absaspan id=16>
    <w>vissa</w>
    <w>muslimer</w>
  </absaspan>
  <absaspan id=17 senti=2>
    <w>gör</w>
    <w>det</w>
    <w>krångligare</w>
    <w>än</w>
    <w>vad</w>
    <w>det</w>
    <w>egentligen</w>
    <w>är</w>
    <w>,</w>
  </absaspan>
  <w>alltså</w>
  <w>hur</w>
  <w>retoriken</w>
  <w>kring</w>
  <w>koranens</w>
  <w>ord</w>
  <w>används</w>
  <w>,</w>
  <w>ur</w>
  <w>dom</w>
  <w>för</w>
  <w>fram</w>
  <w>sitt</w>
  <w>budskap</w>
  <w>till</w>
  <w>oförstående</w>
  <w>och</w>
  <absaspan id=18 senti=2>
    <w>ovilliga</w>
  </absaspan>
  <absaspan id=19>
    <w>västerlänningar</w>
  </absaspan>
  <w>.</w>
</absapar>
<absapar id=3>
  <w>I</w>
  <w>vissa</w>
  <w>delar</w>
  <w>av</w>
  <w>vårt</w>
  <w>västerländska</w>
  <w>samhälle</w>
  <w>så</w>
  <w>har</w>
  <w>man</w>
  <w>delat</w>
  <w>in</w>
  <w>livet</w>
  <w>i</w>
  <w>klart</w>
  <w>avgränsande</w>
  <w>fack</w>
  <w>.</w>
  <w>Man</w>
  <w>har</w>
  <w>ett</w>
  <w>andligt</w>
  <w>liv</w>
  <w>,</w>
  <w>man</w>
  <w>har</w>
  <w>ett</w>
  <w>materialistiskt</w>
  <w>liv</w>
  <w>och</w>
  <w>ett</w>
  <w>arbetsliv</w>
  <w>.</w>
  <w>Islams</w>
  <w>budskap</w>
  <w>tror</w>
  <w>jag</w>
  <w>mer</w>
  <w>istället</w>
  <w>handlar</w>
  <w>om</w>
  <w>att</w>
  <w>"</w>
  <w>be</w>
  <w>one</w>
  <w>"</w>
  <w>,</w>
  <w>man</w>
  <w>ska</w>
  <w>söka</w>
  <w>frid</w>
  <w>och</w>
  <w>öka</w>
  <w>sin</w>
  <w>andlighet</w>
  <w>genom</w>
  <absaspan id=20>
    <w>att</w>
    <w>bli</w>
  </absaspan>
  <absaspan id=21 senti=4>
    <w>en</w>
    <w>bättre</w>
    <w>människa</w>
  </absaspan>
  <w>.</w>
  <w>Detta</w>
  <w>är</w>
  <w>dock</w>
  <w>något</w>
  <w>som</w>
  <absaspan id=22>
    <w>många</w>
    <w>muslimer</w>
  </absaspan>
  <absaspan id=23 senti=2>
    <w>misslyckas</w>
  </absaspan>
  <absaspan id=24 senti=2>
    <w>med</w>
  </absaspan>
  <w>,</w>
  <absaspan id=25 senti=5>
    <w>till</w>
  </absaspan>
  <absaspan id=26>
    <w>många</w>
    <w>västerlänningars</w>
  </absaspan>
  <absaspan id=27 senti=5>
    <w>stora</w>
  </absaspan>
  <absaspan id=28 senti=5>
    <w>glädje</w>
  </absaspan>
  <w>förstås</w>
  <w>.</w>
  <w>Frågan</w>
  <w>är</w>
  <w>då</w>
  <w>;</w>
  <w>kan</w>
  <w>islams</w>
  <w>principer</w>
  <w>bidra</w>
  <w>med</w>
  <w>värderingar</w>
  <w>och</w>
  <w>andlighet</w>
  <w>som</w>
  <w>ryms</w>
  <w>i</w>
  <w>den</w>
  <w>västerländska</w>
  <w>livvstilen</w>
  <w>?</w>
  <w>Svaret</w>
  <w>på</w>
  <w>detta</w>
  <w>är</w>
  <w>så</w>
  <w>klart</w>
  <w>nej</w>
  <w>,</w>
  <w>eftersom</w>
  <w>den</w>
  <w>västerländska</w>
  <w>liberala</w>
  <w>ideologin</w>
  <w>skiljer</w>
  <w>sig</w>
  <w>ljusår</w>
  <w>från</w>
  <w>den</w>
  <w>islamska</w>
  <w>ideologin</w>
  <w>.</w>
</absapar>
<absapar id=4>
  <w>Så</w>
  <w>vad</w>
  <w>är</w>
  <w>då</w>
  <w>det</w>
  <w>rätta</w>
  <w>sättet</w>
  <w>att</w>
  <w>vara</w>
  <w>muslim</w>
  <w>på</w>
  <w>i</w>
  <w>väst</w>
  <w>idag</w>
  <w>?</w>
  <w>Ja</w>
  <w>,</w>
  <w>svaret</w>
  <w>på</w>
  <w>den</w>
  <w>frågan</w>
  <w>har</w>
  <w>väl</w>
  <w>ni</w>
  <w>som</w>
  <w>läser</w>
  <w>detta</w>
  <w>just</w>
  <w>nu</w>
  <w>?</w>
  <w>Ni</w>
  <w>anser</w>
  <w>ju</w>
  <w>att</w>
  <w>detta</w>
  <w>är</w>
  <w>"</w>
  <w>eran</w>
  <w>mark</w>
  <w>"</w>
  <w>,</w>
  <w>och</w>
  <w>således</w>
  <w>så</w>
  <w>är</w>
  <w>det</w>
  <w>ni</w>
  <w>som</w>
  <w>anser</w>
  <w>er</w>
  <w>ha</w>
  <w>rättigheterna</w>
  <w>att</w>
  <w>sätta</w>
  <w>upp</w>
  <w>spelreglerna</w>
  <w>.</w>
  <w>Naturligtvis</w>
  <w>måste</w>
  <w>muslimer</w>
  <w>bosatta</w>
  <w>i</w>
  <w>väst</w>
  <w>ta</w>
  <w>hänsyn</w>
  <w>till</w>
  <w>västerländska</w>
  <w>värderingar</w>
  <w>och</w>
  <w>lagar</w>
  <w>;</w>
  <w>så</w>
  <w>som</w>
  <w>demokrati</w>
  <w>,</w>
  <w>lagar</w>
  <w>,</w>
  <w>pluralism</w>
  <w>och</w>
  <w>medborgarskap</w>
  <w>.</w>
  <w>Muslimer</w>
  <w>bosatta</w>
  <w>i</w>
  <w>väst</w>
  <w>,</w>
  <w>bör</w>
  <w>enligt</w>
  <w>mej</w>
  <w>,</w>
  <w>läsa</w>
  <w>de</w>
  <w>heliga</w>
  <w>texterna</w>
  <w>ur</w>
  <w>en</w>
  <w>ny</w>
  <w>synvinkel</w>
  <w>för</w>
  <w>att</w>
  <w>kunna</w>
  <w>anpassa</w>
  <w>sig</w>
  <w>bättre</w>
  <w>till</w>
  <w>det</w>
  <w>västerländska</w>
  <w>samhället</w>
  <w>.</w>
  <w>Dom</w>
  <w>måste</w>
  <w>få</w>
  <w>vägledning</w>
  <w>i</w>
  <w>sin</w>
  <w>nya</w>
  <w>miljö</w>
  <w>,</w>
  <w>och</w>
  <w>detta</w>
  <w>ska</w>
  <w>ske</w>
  <w>genom</w>
  <w>att</w>
  <w>både</w>
  <w>anamma</w>
  <w>sin</w>
  <w>egen</w>
  <w>religion</w>
  <w>,</w>
  <w>på</w>
  <w>ett</w>
  <w>icke-fundamentalistisk</w>
  <w>sätt</w>
  <w>så</w>
  <w>klart</w>
  <w>,</w>
  <w>samt</w>
  <w>genom</w>
  <w>att</w>
  <w>snappa</w>
  <w>upp</w>
  <w>den</w>
  <w>västerländska</w>
  <w>mentaliteten</w>
  <w>.</w>
</absapar>
<absapar id=5>
  <w>Det</w>
  <w>betyder</w>
  <w>dock</w>
  <w>inte</w>
  <w>att</w>
  <w>dom</w>
  <w>behöver</w>
  <w>bli</w>
  <w>"</w>
  <w>mindre</w>
  <w>muslimska</w>
  <w>"</w>
  <w>för</w>
  <w>att</w>
  <w>kunna</w>
  <w>bli</w>
  <w>riktiga</w>
  <w>västerlänningar</w>
  <w>,</w>
  <w>utan</w>
  <w>endast</w>
  <w>att</w>
  <w>läsa</w>
  <w>in</w>
  <w>de</w>
  <w>heliga</w>
  <w>texterna</w>
  <w>från</w>
  <w>ett</w>
  <w>nytt</w>
  <w>stadium</w>
  <w>.</w>
</absapar>
</absadoc>
