<absadoc annotators=1 senti=>
<absatitle>
  <w>De</w>
  <w>yngre</w>
  <w>sjukskriver</w>
  <w>sig</w>
  <w>oftare</w>
  <w>än</w>
  <w>de</w>
  <w>äldre</w>
  <w>.</w>
</absatitle>
<absapar id=1>
  <w>De</w>
  <w>under</w>
  <w>30</w>
  <w>år</w>
  <w>sjukanmäler</w>
  <w>sig</w>
  <w>oftare</w>
  <w>jämfört</w>
  <w>med</w>
  <w>dem</w>
  <w>över</w>
  <w>55</w>
  <w>år</w>
  <w>.</w>
  <w>Dessutom</w>
  <w>uppger</w>
  <w>de</w>
  <w>yngre</w>
  <w>att</w>
  <w>de</w>
  <w>troligtvis</w>
  <w>kommer</w>
  <w>att</w>
  <w>sjukskriva</w>
  <w>sig</w>
  <w>i</w>
  <w>än</w>
  <w>högre</w>
  <w>utsträckning</w>
  <w>jämfört</w>
  <w>med</w>
  <w>de</w>
  <w>äldre</w>
  <w>.</w>
  <absaspan id=1>
    <w>Tendensen</w>
  </absaspan>
  <absaspan id=2 senti=2>
    <w>är</w>
    <w>klart</w>
    <w>oroande</w>
  </absaspan>
  <w>,</w>
  <w>skriver</w>
  <absaspan id=3>
    <w>Lars</w>
    <w>Hjalmarson</w>
    <w>och</w>
    <w>Stefan</w>
    <w>Persson</w>
  </absaspan>
  <w>,</w>
  <w>Sveriges</w>
  <w>Företagshälsor</w>
  <w>.</w>
</absapar>
<absapar id=2>
  <w>De</w>
  <w>upplever</w>
  <w>att</w>
  <absaspan id=4>
    <w>deras</w>
    <w>åsikter</w>
  </absaspan>
  <absaspan id=5 senti=2>
    <w>inte</w>
    <w>respekteras</w>
  </absaspan>
  <w>,</w>
  <absaspan id=6>
    <w>de</w>
  </absaspan>
  <absaspan id=7 senti=2>
    <w>är</w>
    <w>mindre</w>
    <w>nöjda</w>
  </absaspan>
  <absaspan id=8>
    <w>med</w>
    <w>innehållet</w>
    <w>i</w>
    <w>sitt</w>
    <w>arbete</w>
  </absaspan>
  <w>och</w>
  <w>de</w>
  <w>har</w>
  <w>sämre</w>
  <w>möjligheter</w>
  <w>att</w>
  <w>påverka.Lars</w>
  <w>Hjalmarson</w>
  <w>och</w>
  <w>Stefan</w>
  <w>Persson</w>
  <absaspan id=9>
    <w>.</w>
  </absaspan>
</absapar>
<absapar id=3>
  <w>Det</w>
  <w>här</w>
  <w>är</w>
  <w>en</w>
  <w>argumenterande</w>
  <w>text</w>
  <w>med</w>
  <w>syfte</w>
  <w>att</w>
  <w>påverka</w>
  <w>.</w>
  <w>Åsikterna</w>
  <w>som</w>
  <w>uttrycks</w>
  <w>är</w>
  <w>skribentens</w>
  <w>egna</w>
  <w>.</w>
</absapar>
<absapar id=4>
  <w>De</w>
  <w>senaste</w>
  <w>dagarna</w>
  <w>har</w>
  <w>företrädare</w>
  <w>för</w>
  <w>akademi</w>
  <w>,</w>
  <w>politik</w>
  <w>och</w>
  <w>fackförbund</w>
  <w>uppmärksammat</w>
  <w>oss</w>
  <w>på</w>
  <w>att</w>
  <w>sjukfrånvaron</w>
  <w>återigen</w>
  <w>stiger</w>
  <w>och</w>
  <w>att</w>
  <w>det</w>
  <w>framförallt</w>
  <w>är</w>
  <w>den</w>
  <w>psykiska</w>
  <w>ohälsan</w>
  <w>hos</w>
  <w>kvinnor</w>
  <w>som</w>
  <w>dominerar</w>
  <w>.</w>
  <w>Vår</w>
  <w>Jobbhälsobarometer</w>
  <w>visar</w>
  <w>på</w>
  <w>att</w>
  <w>det</w>
  <w>här</w>
  <w>bara</w>
  <w>är</w>
  <w>början</w>
  <w>på</w>
  <w>en</w>
  <absaspan id=10 senti=2>
    <w>bekymmersam</w>
  </absaspan>
  <absaspan id=11>
    <w>utveckling</w>
  </absaspan>
  <w>.</w>
  <w>Det</w>
  <w>är</w>
  <w>den</w>
  <w>yngre</w>
  <w>generationen</w>
  <w>som</w>
  <w>mår</w>
  <w>allt</w>
  <w>sämre</w>
  <w>och</w>
  <w>oftare</w>
  <w>sjukskriver</w>
  <w>sig</w>
  <w>från</w>
  <w>arbetet</w>
  <w>jämfört</w>
  <w>med</w>
  <w>den</w>
  <w>äldre</w>
  <w>.</w>
</absapar>
<absapar id=5>
  <w>Genom</w>
  <w>åren</w>
  <w>har</w>
  <w>det</w>
  <w>lagts</w>
  <w>mycket</w>
  <w>tid</w>
  <w>och</w>
  <w>pengar</w>
  <w>på</w>
  <w>hur</w>
  <w>arbetsförmågan</w>
  <w>ska</w>
  <w>bedömas</w>
  <w>och</w>
  <w>hur</w>
  <w>insatserna</w>
  <w>för</w>
  <w>rehabilitering</w>
  <w>ska</w>
  <w>se</w>
  <w>ut</w>
  <w>.</w>
  <w>Det</w>
  <absaspan id=12 senti=4>
    <w>är</w>
    <w>bra</w>
  </absaspan>
  <w>med</w>
  <absaspan id=13>
    <w>bra</w>
    <w>verktyg</w>
    <w>för</w>
    <w>bedömning</w>
    <w>av</w>
    <w>arbetsförmåga</w>
  </absaspan>
  <w>men</w>
  <w>mer</w>
  <w>resurser</w>
  <w>borde</w>
  <w>läggas</w>
  <w>på</w>
  <w>orsak</w>
  <w>istället</w>
  <w>för</w>
  <w>verkan</w>
  <w>.</w>
  <w>Att</w>
  <absaspan id=14>
    <w>tidigt</w>
    <w>fånga</w>
    <w>upp</w>
    <w>vilka</w>
    <w>hälsofrämjande</w>
    <w>och</w>
    <w>förebyggande</w>
    <w>insatser</w>
  </absaspan>
  <w>som</w>
  <w>kan</w>
  <w>göras</w>
  <w>från</w>
  <w>arbetsgivare</w>
  <w>och</w>
  <w>företagshälsovård</w>
  <w>innan</w>
  <w>människor</w>
  <w>hamnar</w>
  <w>i</w>
  <w>sjukskrivning</w>
  <absaspan id=15 senti=4>
    <w>ger</w>
    <w>betydligt</w>
    <w>bättre</w>
    <w>resultat</w>
  </absaspan>
  <w>.</w>
</absapar>
<absapar id=6>
  <w>Vi</w>
  <w>har</w>
  <w>obligatorisk</w>
  <w>kontrollbesiktning</w>
  <w>för</w>
  <w>bilar</w>
  <w>och</w>
  <w>ingen</w>
  <w>avstår</w>
  <w>från</w>
  <w>att</w>
  <w>underhålla</w>
  <w>sin</w>
  <w>nya</w>
  <w>bil</w>
  <w>för</w>
  <w>att</w>
  <w>börja</w>
  <w>lappa</w>
  <w>och</w>
  <w>laga</w>
  <w>först</w>
  <w>när</w>
  <w>den</w>
  <w>är</w>
  <w>sönderkörd</w>
  <w>.</w>
  <w>Men</w>
  <w>när</w>
  <w>det</w>
  <w>gäller</w>
  <w>oss</w>
  <w>människor</w>
  <w>verkar</w>
  <w>det</w>
  <w>inte</w>
  <w>vara</w>
  <w>så</w>
  <w>noga</w>
  <w>–</w>
  <w>vi</w>
  <w>får</w>
  <w>vänta</w>
  <w>tills</w>
  <w>något</w>
  <w>gått</w>
  <w>sönder</w>
  <w>.</w>
</absapar>
<absapar id=7>
  <w>Den</w>
  <w>här</w>
  <w>inriktningen</w>
  <w>med</w>
  <w>total</w>
  <w>fokus</w>
  <w>på</w>
  <w>bedömning</w>
  <w>av</w>
  <w>arbetsförmåga</w>
  <w>,</w>
  <w>tidsgränser</w>
  <w>,</w>
  <w>rehabilitering</w>
  <w>i</w>
  <w>efterhand</w>
  <w>med</w>
  <w>mera</w>
  <w>,</w>
  <absaspan id=16 senti=2>
    <w>riskerar</w>
  </absaspan>
  <w>att</w>
  <absaspan id=17>
    <w>leda</w>
    <w>fel</w>
  </absaspan>
  <w>.</w>
  <w>Vi</w>
  <w>ser</w>
  <w>nu</w>
  <w>att</w>
  <w>sjukskrivningarna</w>
  <w>ökar</w>
  <w>år</w>
  <w>från</w>
  <w>år</w>
  <w>–</w>
  <w>bedömningsinstrument</w>
  <w>och</w>
  <w>riktlinjer</w>
  <w>till</w>
  <w>trots</w>
  <w>.</w>
  <w>Resultaten</w>
  <w>från</w>
  <w>vår</w>
  <w>senaste</w>
  <w>undersökning</w>
  <w>,</w>
  <w>Jobbhälsobarometern</w>
  <w>,</w>
  <w>visar</w>
  <w>dessutom</w>
  <w>att</w>
  <w>det</w>
  <w>är</w>
  <w>de</w>
  <w>yngre</w>
  <w>,</w>
  <w>de</w>
  <w>under</w>
  <w>30</w>
  <w>år</w>
  <w>,</w>
  <w>som</w>
  <w>oftare</w>
  <w>sjukanmäler</w>
  <w>sig</w>
  <w>jämfört</w>
  <w>med</w>
  <w>dem</w>
  <w>över</w>
  <w>55</w>
  <w>år</w>
  <w>.</w>
  <w>Dessutom</w>
  <w>uppger</w>
  <w>de</w>
  <w>yngre</w>
  <w>att</w>
  <w>de</w>
  <w>troligtvis</w>
  <w>kommer</w>
  <w>att</w>
  <w>sjukskriva</w>
  <w>sig</w>
  <w>i</w>
  <w>än</w>
  <w>högre</w>
  <w>utsträckning</w>
  <w>jämfört</w>
  <w>med</w>
  <w>de</w>
  <w>äldre</w>
  <w>.</w>
</absapar>
<absapar id=8>
  <w>Om</w>
  <w>man</w>
  <w>spetsar</w>
  <w>till</w>
  <w>det</w>
  <w>–</w>
  <w>de</w>
  <w>äldre</w>
  <w>går</w>
  <w>i</w>
  <w>pension</w>
  <w>medan</w>
  <w>de</w>
  <w>yngre</w>
  <w>går</w>
  <w>hem</w>
  <w>.</w>
  <w>Är</w>
  <w>arbetslinjen</w>
  <w>på</w>
  <w>väg</w>
  <w>att</w>
  <w>glida</w>
  <w>bort</w>
  <w>?</w>
  <w>Ja</w>
  <w>,</w>
  <w>vi</w>
  <w>ser</w>
  <w>ytterligare</w>
  <w>en</w>
  <absaspan id=18 senti=2>
    <w>oroande</w>
  </absaspan>
  <absaspan id=19>
    <w>tendens</w>
  </absaspan>
  <w>i</w>
  <w>den</w>
  <w>riktningen</w>
  <w>.</w>
</absapar>
<absapar id=9>
  <w>Skräddarsydda</w>
  <w>kurser</w>
  <w>i</w>
  <w>ämnen</w>
  <w>som</w>
  <w>intresserar</w>
  <w>och</w>
  <w>engagerar</w>
  <w>både</w>
  <w>kropp</w>
  <w>och</w>
  <w>själ</w>
  <w>.</w>
</absapar>
<absapar id=10>
  <absaspan id=20>
    <w>Motivation</w>
    <w>och</w>
    <w>arbetstillfredsställelse</w>
  </absaspan>
  <absaspan id=21 senti=4>
    <w>är</w>
    <w>viktiga</w>
    <w>för</w>
    <w>hälsan</w>
  </absaspan>
  <w>.</w>
  <w>Här</w>
  <w>ser</w>
  <w>vi</w>
  <w>också</w>
  <w>från</w>
  <w>Jobbhälsobarometern</w>
  <w>att</w>
  <absaspan id=22>
    <w>de</w>
    <w>yngre</w>
  </absaspan>
  <w>är</w>
  <absaspan id=23 senti=2>
    <w>mindre</w>
    <w>motiverade</w>
  </absaspan>
  <w>i</w>
  <absaspan id=24>
    <w>sitt</w>
    <w>arbete</w>
  </absaspan>
  <w>jämfört</w>
  <w>med</w>
  <w>äldre</w>
  <w>.</w>
  <w>De</w>
  <w>upplever</w>
  <w>att</w>
  <absaspan id=25>
    <w>deras</w>
    <w>åsikter</w>
  </absaspan>
  <absaspan id=26 senti=2>
    <w>inte</w>
    <w>respekteras</w>
  </absaspan>
  <w>,</w>
  <absaspan id=27>
    <w>de</w>
  </absaspan>
  <absaspan id=28 senti=2>
    <w>är</w>
    <w>mindre</w>
    <w>nöjda</w>
  </absaspan>
  <w>med</w>
  <absaspan id=29>
    <w>innehållet</w>
    <w>i</w>
    <w>sitt</w>
    <w>arbete</w>
  </absaspan>
  <w>och</w>
  <w>de</w>
  <w>har</w>
  <w>sämre</w>
  <w>möjligheter</w>
  <w>att</w>
  <w>påverka</w>
  <w>hur</w>
  <w>arbetet</w>
  <w>ska</w>
  <w>utföras</w>
  <absaspan id=30>
    <w>.</w>
  </absaspan>
  <absaspan id=31>
    <w>De</w>
  </absaspan>
  <w>är</w>
  <w>också</w>
  <absaspan id=32 senti=2>
    <w>mer</w>
    <w>kritiska</w>
  </absaspan>
  <w>till</w>
  <absaspan id=33>
    <w>sin</w>
    <w>arbetsmiljö</w>
  </absaspan>
  <w>.</w>
  <w>Endast</w>
  <absaspan id=34>
    <w>31</w>
    <w>procent</w>
  </absaspan>
  <absaspan id=35 senti=5>
    <w>är</w>
    <w>nöjda</w>
  </absaspan>
  <w>med</w>
  <absaspan id=36>
    <w>arbetsmiljön</w>
  </absaspan>
  <w>,</w>
  <w>medan</w>
  <w>motsvarande</w>
  <w>siffra</w>
  <w>i</w>
  <w>den</w>
  <w>äldre</w>
  <w>generationen</w>
  <w>är</w>
  <w>51</w>
  <w>procent</w>
  <w>.</w>
</absapar>
<absapar id=11>
  <absaspan id=37>
    <w>Den</w>
    <w>yngre</w>
    <w>generationen</w>
  </absaspan>
  <absaspan id=38 senti=2>
    <w>tycks</w>
    <w>inte</w>
    <w>riktigt</w>
    <w>passa</w>
    <w>in</w>
  </absaspan>
  <w>när</w>
  <w>det</w>
  <w>gäller</w>
  <w>arbetsmiljön</w>
  <w>,</w>
  <w>påverkansmöjligheter</w>
  <w>,</w>
  <w>motivation</w>
  <w>med</w>
  <w>mera</w>
  <w>.</w>
  <w>Istället</w>
  <w>för</w>
  <w>att</w>
  <w>få</w>
  <w>använda</w>
  <w>sin</w>
  <w>kreativitet</w>
  <w>,</w>
  <w>ta</w>
  <w>egna</w>
  <w>beslut</w>
  <w>,</w>
  <absaspan id=39 senti=4>
    <w>uppleva</w>
    <w>tillit</w>
    <w>och</w>
    <w>ansvar</w>
  </absaspan>
  <w>tycks</w>
  <absaspan id=40>
    <w>de</w>
    <w>yngre</w>
  </absaspan>
  <w>mer</w>
  <absaspan id=41 senti=2>
    <w>uppleva</w>
  </absaspan>
  <w>ett</w>
  <absaspan id=42>
    <w>arbetsliv</w>
    <w>med</w>
    <w>fokus</w>
    <w>på</w>
    <w>regler</w>
    <w>,</w>
    <w>kontroll</w>
    <w>och</w>
    <w>kortsiktiga</w>
    <w>effekter</w>
  </absaspan>
  <w>.</w>
  <w>Detta</w>
  <w>är</w>
  <w>något</w>
  <w>som</w>
  <w>i</w>
  <w>stor</w>
  <w>grad</w>
  <w>påverkar</w>
  <w>utvecklingen</w>
  <w>av</w>
  <w>stressjukdomar</w>
  <w>,</w>
  <w>vilket</w>
  <w>nyligen</w>
  <w>beskrevs</w>
  <w>i</w>
  <w>en</w>
  <w>debattartikel</w>
  <w>på</w>
  <w>Brännpunkt</w>
  <w>av</w>
  <w>professor</w>
  <w>Töres</w>
  <w>Theorell</w>
  <w>och</w>
  <w>Robert</w>
  <w>A</w>
  <w>Karasek</w>
  <w>(</w>
  <w>18</w>
  <w>/</w>
  <w>2</w>
  <w>)</w>
  <w>.</w>
  <w>De</w>
  <w>påpekade</w>
  <w>att</w>
  <w>de</w>
  <w>som</w>
  <w>är</w>
  <w>värst</w>
  <w>drabbade</w>
  <w>av</w>
  <w>ökade</w>
  <w>krav</w>
  <w>och</w>
  <w>minskad</w>
  <w>möjlighet</w>
  <w>att</w>
  <w>påverka</w>
  <w>sitt</w>
  <w>arbete</w>
  <w>är</w>
  <w>kvinnor</w>
  <w>inom</w>
  <w>vård</w>
  <w>-</w>
  <w>och</w>
  <w>skolverksamhet</w>
  <w>.</w>
  <w>Till</w>
  <w>denna</w>
  <w>grupp</w>
  <w>verkar</w>
  <w>det</w>
  <w>som</w>
  <w>vi</w>
  <w>snart</w>
  <w>också</w>
  <w>måste</w>
  <w>lägga</w>
  <w>till</w>
  <w>den</w>
  <w>yngre</w>
  <w>arbetande</w>
  <w>befolkningen</w>
  <w>.</w>
</absapar>
<absapar id=12>
  <w>Från</w>
  <w>Sveriges</w>
  <w>Företagshälsor</w>
  <w>har</w>
  <w>vi</w>
  <w>under</w>
  <w>många</w>
  <w>år</w>
  <w>påpekat</w>
  <absaspan id=43 senti=4>
    <w>hur</w>
    <w>viktigt</w>
    <w>det</w>
    <w>är</w>
  </absaspan>
  <w>med</w>
  <absaspan id=44>
    <w>tidiga</w>
    <w>insatser</w>
    <w>för</w>
    <w>att</w>
    <w>förebygga</w>
    <w>ohälsa</w>
  </absaspan>
  <w>och</w>
  <w>minimera</w>
  <w>hälsorisker</w>
  <w>i</w>
  <w>arbetslivet</w>
  <w>och</w>
  <w>att</w>
  <w>dessa</w>
  <w>insatser</w>
  <w>behöver</w>
  <w>knytas</w>
  <w>närmare</w>
  <w>arbetet</w>
  <w>.</w>
</absapar>
<absapar id=13>
  <w>Det</w>
  <absaspan id=45 senti=4>
    <w>är</w>
    <w>glädjande</w>
  </absaspan>
  <w>att</w>
  <absaspan id=46>
    <w>notera</w>
    <w>att</w>
    <w>socialförsäkringsminister</w>
    <w>Ulf</w>
    <w>Kristersson</w>
    <w>säger</w>
    <w>sig</w>
    <w>vilja</w>
    <w>öppna</w>
    <w>för</w>
    <w>en</w>
    <w>satsning</w>
    <w>på</w>
    <w>en</w>
    <w>förnyad</w>
    <w>företagshälsovård</w>
  </absaspan>
  <w>.</w>
  <w>Här</w>
  <absaspan id=47 senti=4>
    <w>behövs</w>
  </absaspan>
  <w>nu</w>
  <w>ett</w>
  <absaspan id=48>
    <w>ordentligt</w>
    <w>krafttag</w>
  </absaspan>
  <w>och</w>
  <w>ett</w>
  <w>helhetsgrepp</w>
  <w>som</w>
  <w>också</w>
  <w>innefattar</w>
  <w>förebyggande</w>
  <w>och</w>
  <w>hälsofrämjande</w>
  <w>insatser</w>
  <w>i</w>
  <w>arbetslivet</w>
  <w>och</w>
  <w>inte</w>
  <w>bara</w>
  <w>arbetsförmågebedömningar</w>
  <w>och</w>
  <w>rehabiliteringsinsatser</w>
  <w>via</w>
  <w>sjukvården</w>
  <w>i</w>
  <w>efterhand</w>
  <w>.</w>
</absapar>
<absapar id=14>
  <w>Vi</w>
  <w>menar</w>
  <w>också</w>
  <w>att</w>
  <w>det</w>
  <w>måste</w>
  <w>införas</w>
  <w>tydliga</w>
  <w>styrmedel</w>
  <w>och</w>
  <w>ekonomiska</w>
  <w>incitament</w>
  <w>som</w>
  <w>premierar</w>
  <w>arbetsgivarna</w>
  <w>att</w>
  <w>satsa</w>
  <w>på</w>
  <w>arbetsmiljöarbetet</w>
  <w>,</w>
  <w>med</w>
  <w>stöd</w>
  <w>av</w>
  <w>en</w>
  <w>kvalitativ</w>
  <w>företagshälsovård</w>
  <w>.</w>
  <w>Om</w>
  <w>företagshälsovården</w>
  <w>,</w>
  <w>med</w>
  <w>sin</w>
  <w>specialistkompetens</w>
  <w>,</w>
  <w>får</w>
  <w>möjlighet</w>
  <w>att</w>
  <w>delta</w>
  <w>i</w>
  <w>ett</w>
  <w>tidigt</w>
  <w>skede</w>
  <w>och</w>
  <w>samverka</w>
  <w>med</w>
  <w>arbetsgivarna</w>
  <w>kring</w>
  <w>arbetsmiljöfrågor</w>
  <w>,</w>
  <w>för</w>
  <w>att</w>
  <w>i</w>
  <w>tid</w>
  <w>fånga</w>
  <w>upp</w>
  <w>problem</w>
  <w>som</w>
  <w>kan</w>
  <w>leda</w>
  <w>till</w>
  <absaspan id=49 senti=2>
    <w>otrivsel</w>
  </absaspan>
  <w>och</w>
  <w>på</w>
  <w>sikt</w>
  <w>sjukskrivning</w>
  <w>,</w>
  <w>kan</w>
  <w>mycket</w>
  <w>ohälsa</w>
  <w>undanröjas</w>
  <w>och</w>
  <w>mer</w>
  <w>arbetsförmåga</w>
  <w>tas</w>
  <w>till</w>
  <w>vara</w>
  <w>–</w>
  <w>både</w>
  <w>bland</w>
  <w>gamla</w>
  <w>och</w>
  <w>unga</w>
  <w>i</w>
  <w>arbetslivet</w>
  <w>.</w>
</absapar>
<absapar id=15>
  <w>LARS</w>
  <w>HJALMARSON</w>
  <w>.</w>
</absapar>
<absapar id=16>
  <w>vd</w>
  <w>Sveriges</w>
  <w>Företagshälsor</w>
  <w>och</w>
  <w>.</w>
</absapar>
<absapar id=17>
  <w>STEFAN</w>
  <w>PERSSON</w>
  <w>.</w>
</absapar>
<absapar id=18>
  <w>ordföranden</w>
  <w>Sveriges</w>
  <w>Företagshälsor</w>
  <w>.</w>
</absapar>
<absapar id=19>
  <w>Fotnot</w>
  <w>:</w>
  <w>Jobbhälsobarometern</w>
  <w>är</w>
  <w>framtagen</w>
  <w>av</w>
  <w>Sveriges</w>
  <w>Företagshälsor</w>
  <w>och</w>
  <w>visar</w>
  <w>på</w>
  <w>trender</w>
  <w>när</w>
  <w>det</w>
  <w>gäller</w>
  <w>hälsa</w>
  <w>i</w>
  <w>förhållande</w>
  <w>till</w>
  <w>arbetet</w>
  <w>i</w>
  <w>olika</w>
  <w>avseenden</w>
  <w>.</w>
  <w>Den</w>
  <w>bygger</w>
  <w>på</w>
  <w>telefonintervjuer</w>
  <w>med</w>
  <w>ett</w>
  <w>representativt</w>
  <w>urval</w>
  <w>på</w>
  <w>mellan</w>
  <w>4000</w>
  <w>och</w>
  <w>5000</w>
  <w>personer</w>
  <w>.</w>
  <w>Mer</w>
  <w>om</w>
  <w>Jobbhälsobarometern</w>
  <w>påwww.foretagshalsor.se</w>
  <w>.</w>
</absapar>
<absapar id=20>
  <w>Redaktör</w>
  <w>:</w>
  <w>Carina</w>
  <w>Stensson</w>
  <w>,</w>
  <w>Biträdande</w>
  <w>redaktör</w>
  <w>:</w>
  <w>Björn</w>
  <w>Jorner</w>
  <w>,</w>
  <w>Mejl</w>
  <w>:</w>
  <w>debatt</w>
  <w>@</w>
  <w>svd.se</w>
  <w>,</w>
  <w>Telefonnummer</w>
  <w>:</w>
  <w>08</w>
  <w>-</w>
  <w>135149</w>
  <w>,</w>
  <w>Twitter</w>
  <w>:</w>
  <w>@</w>
  <w>SvDDebatt</w>
  <w>,</w>
  <w>Facebook</w>
  <w>:</w>
  <w>SvD</w>
  <w>Debatt</w>
  <w>.</w>
</absapar>
</absadoc>
