<absadoc annotators=1 senti=2>
<absatitle>
  <w>Är</w>
  <w>en</w>
  <w>flykting</w>
  <w>i</w>
  <w>medelhavet</w>
  <w>värd</w>
  <w>mer</w>
  <w>än</w>
  <w>ett</w>
  <w>barn</w>
  <w>i</w>
  <w>Afrika</w>
  <w>?</w>
</absatitle>
<absapar id=1 senti=2>
  <absaspan id=1>
    <w>År</w>
  </absaspan>
  <absaspan id=2>
    <w>2014</w>
    <w>dog</w>
    <w>1600</w>
    <w>flyktingar</w>
    <w>i</w>
    <w>medelhavet</w>
    <w>,</w>
    <w>och</w>
    <w>siffran</w>
    <w>förväntas</w>
    <w>bli</w>
    <w>ännu</w>
    <w>högre</w>
    <w>detta</w>
    <w>år</w>
    <w>med</w>
    <w>900</w>
    <w>döda</w>
    <w>redan</w>
    <w>nu</w>
  </absaspan>
  <w>.</w>
  <absaspan id=3>
    <w>Det</w>
  </absaspan>
  <absaspan id=4 senti=1>
    <w>är</w>
    <w>såklart</w>
    <w>tragiskt</w>
  </absaspan>
  <w>,</w>
  <w>men</w>
  <w>frågan</w>
  <w>är</w>
  <w>hur</w>
  <w>många</w>
  <w>det</w>
  <w>egentligen</w>
  <w>är</w>
  <w>?</w>
  <w>.</w>
</absapar>
<absapar id=2>
  <w>Varje</w>
  <w>DAG</w>
  <w>dör</w>
  <w>15000</w>
  <w>barn</w>
  <w>av</w>
  <w>brist</w>
  <w>på</w>
  <w>vaccin</w>
  <w>,</w>
  <w>hygien</w>
  <w>,</w>
  <w>medicin</w>
  <w>och</w>
  <w>/</w>
  <w>eller</w>
  <w>näring</w>
  <w>.</w>
  <w>om</w>
  <w>våra</w>
  <w>sjuklöverspolitiker</w>
  <w>vore</w>
  <w>seriösa</w>
  <w>i</w>
  <w>uttalandet</w>
  <w>att</w>
  <w>.</w>
</absapar>
<absapar id=3>
  <w>så</w>
  <w>borde</w>
  <w>de</w>
  <w>INTE</w>
  <w>sikta</w>
  <w>på</w>
  <w>att</w>
  <w>hjälpa</w>
  <w>detta</w>
  <w>fåtal</w>
  <w>flyktingar</w>
  <w>.</w>
</absapar>
<absapar id=4 senti=2>
  <w>Istället</w>
  <w>borde</w>
  <w>man</w>
  <w>göra</w>
  <w>som</w>
  <w>i</w>
  <w>Australien</w>
  <w>,</w>
  <w>och</w>
  <w>säga</w>
  <w>att</w>
  <w>alla</w>
  <w>som</w>
  <w>kommer</w>
  <w>på</w>
  <w>båt</w>
  <w>obönhörligen</w>
  <w>skickas</w>
  <w>hem</w>
  <w>.</w>
  <w>Istället</w>
  <absaspan id=5 senti=4>
    <w>ser</w>
    <w>man</w>
    <w>till</w>
    <w>att</w>
    <w>stötta</w>
  </absaspan>
  <absaspan id=6>
    <w>UNHCR</w>
    <w>i</w>
    <w>arbetet</w>
    <w>med</w>
  </absaspan>
  <absaspan id=7 senti=4>
    <w>tryggare</w>
    <w>och</w>
    <w>bättre</w>
  </absaspan>
  <absaspan id=8>
    <w>flyktingläger</w>
  </absaspan>
  <w>.</w>
</absapar>
<absapar id=5 senti=2>
  <w>Jag</w>
  <w>har</w>
  <w>sedan</w>
  <w>länge</w>
  <w>varit</w>
  <w>Sverigedemokrat</w>
  <w>och</w>
  <w>tyckt</w>
  <w>att</w>
  <w>flyktingar</w>
  <w>bör</w>
  <w>hjälpas</w>
  <w>i</w>
  <w>närområdet</w>
  <w>,</w>
  <w>men</w>
  <absaspan id=9>
    <w>detta</w>
  </absaspan>
  <absaspan id=10 senti=2>
    <w>är</w>
    <w>ta</w>
    <w>mig</w>
    <w>sjukare</w>
    <w>än</w>
    <w>någonsin</w>
  </absaspan>
  <w>.</w>
  <w>Sjuklöverns</w>
  <w>argument</w>
  <w>att</w>
  <w>man</w>
  <w>kan</w>
  <w>göra</w>
  <w>både</w>
  <w>och</w>
  <w>att</w>
  <w>och</w>
  <w>att</w>
  <w>de</w>
  <w>nu</w>
  <w>faktiskt</w>
  <w>finns</w>
  <w>här</w>
  <w>håller</w>
  <w>ju</w>
  <w>inte</w>
  <w>ens</w>
  <w>längre</w>
  <w>,</w>
  <w>nu</w>
  <w>är</w>
  <w>både</w>
  <w>flyktingarna</w>
  <w>i</w>
  <w>båtarna</w>
  <w>och</w>
  <w>barnen</w>
  <w>på</w>
  <w>kontinenten</w>
  <w>i</w>
  <w>SAMMA</w>
  <w>region</w>
  <w>.</w>
</absapar>
<absapar id=6>
  <w>Flyktingarna</w>
  <w>har</w>
  <w>dessutom</w>
  <w>genom</w>
  <w>att</w>
  <w>betala</w>
  <w>smugglare</w>
  <w>visat</w>
  <w>att</w>
  <w>de</w>
  <w>har</w>
  <w>någon</w>
  <w>form</w>
  <w>av</w>
  <w>kapital</w>
  <w>,</w>
  <w>och</w>
  <w>ändå</w>
  <w>väljer</w>
  <w>vi</w>
  <w>att</w>
  <w>hjälpa</w>
  <w>dessa</w>
  <w>före</w>
  <w>vi</w>
  <w>hjälper</w>
  <w>barnen</w>
  <w>i</w>
  <w>t.ex</w>
  <w>Nigeria</w>
  <w>.</w>
</absapar>
<absapar id=7>
  <w>Så</w>
  <w>den</w>
  <w>kontroversiella</w>
  <w>frågan</w>
  <w>:</w>
  <w>.</w>
</absapar>
</absadoc>
