<absadoc annotators=1 senti=>
<absatitle>
  <absaspan id=1>
    <w>Månggifte</w>
  </absaspan>
  <absaspan id=2 senti=2 target=1>
    <w>bör</w>
    <w>inte</w>
    <w>erkännas</w>
    <w>i</w>
    <w>Sverige</w>
  </absaspan>
  <w>.</w>
</absatitle>
<absapar id=1>
  <absaspan id=3>
    <w>Polygama</w>
    <w>äktenskap</w>
    <w>(</w>
    <w>månggifte</w>
    <w>)</w>
    <w>som</w>
    <w>ingåtts</w>
    <w>utomlands</w>
    <w>av</w>
    <w>personer</w>
    <w>utan</w>
    <w>anknytning</w>
    <w>till</w>
    <w>Sverige</w>
  </absaspan>
  <absaspan id=4 senti=2>
    <w>bör</w>
    <w>inte</w>
    <w>erkännas</w>
    <w>av</w>
    <w>svenska</w>
    <w>domstolar</w>
    <w>och</w>
    <w>myndigheter</w>
  </absaspan>
  <w>.</w>
  <w>Det</w>
  <w>skriver</w>
  <w>professor</w>
  <w>Göran</w>
  <w>Lind</w>
  <w>,</w>
  <w>Örebro</w>
  <w>universitet</w>
  <w>.</w>
</absapar>
<absapar id=2>
  <w>I</w>
  <w>en</w>
  <w>jubileumsbok</w>
  <w>som</w>
  <w>kommit</w>
  <w>ut</w>
  <w>i</w>
  <w>dagarna</w>
  <w>"</w>
  <w>Svensk</w>
  <w>Juristtidning</w>
  <w>100</w>
  <w>år</w>
  <w>"</w>
  <w>(</w>
  <w>Iustus</w>
  <w>förlag</w>
  <w>)</w>
  <w>har</w>
  <w>ett</w>
  <w>antal</w>
  <w>rättsvetenskapliga</w>
  <w>författare</w>
  <w>fått</w>
  <w>i</w>
  <w>uppdrag</w>
  <w>att</w>
  <w>spekulera</w>
  <w>om</w>
  <w>juridikens</w>
  <w>framtida</w>
  <w>utveckling</w>
  <w>.</w>
  <w>I</w>
  <w>mitt</w>
  <w>bidrag</w>
  <w>"</w>
  <w>Utmaningar</w>
  <w>inom</w>
  <w>familjerätten</w>
  <w>"</w>
  <w>,</w>
  <w>tar</w>
  <w>jag</w>
  <w>bland</w>
  <w>annat</w>
  <w>upp</w>
  <w>frågan</w>
  <w>om</w>
  <absaspan id=5>
    <w>polygama</w>
  </absaspan>
  <absaspan id=6>
    <w>äktenskap</w>
  </absaspan>
  <w>och</w>
  <absaspan id=7 senti=2>
    <w>de</w>
    <w>problem</w>
  </absaspan>
  <absaspan id=8>
    <w>dessa</w>
  </absaspan>
  <absaspan id=9 senti=2>
    <w>medför</w>
  </absaspan>
  <w>.</w>
</absapar>
<absapar id=3>
  <w>Det</w>
  <w>här</w>
  <w>är</w>
  <w>en</w>
  <w>argumenterande</w>
  <w>text</w>
  <w>med</w>
  <w>syfte</w>
  <w>att</w>
  <w>påverka</w>
  <w>.</w>
  <w>Åsikterna</w>
  <w>som</w>
  <w>uttrycks</w>
  <w>är</w>
  <w>skribentens</w>
  <w>egna</w>
  <w>.</w>
</absapar>
<absapar id=4>
  <w>Svensk</w>
  <w>lag</w>
  <w>erkänner</w>
  <w>i</w>
  <w>dag</w>
  <w>i</w>
  <w>princip</w>
  <w>utländska</w>
  <w>polygama</w>
  <w>äktenskap</w>
  <w>om</w>
  <w>de</w>
  <w>ingåtts</w>
  <w>i</w>
  <w>enlighet</w>
  <w>med</w>
  <w>de</w>
  <w>regler</w>
  <w>som</w>
  <w>gäller</w>
  <w>i</w>
  <w>det</w>
  <w>främmande</w>
  <w>landet</w>
  <w>och</w>
  <w>makarna</w>
  <w>vid</w>
  <w>äktenskapets</w>
  <w>ingående</w>
  <w>saknade</w>
  <w>anknytning</w>
  <w>till</w>
  <w>Sverige</w>
  <w>genom</w>
  <w>hemvist</w>
  <w>eller</w>
  <w>medborgarskap</w>
  <w>.</w>
  <w>Erkännande</w>
  <w>förutsätter</w>
  <w>vidare</w>
  <w>att</w>
  <w>det</w>
  <w>inte</w>
  <w>är</w>
  <w>sannolikt</w>
  <w>att</w>
  <w>äktenskapet</w>
  <w>tillkommit</w>
  <w>genom</w>
  <w>tvång</w>
  <w>.</w>
  <w>Skatteverket</w>
  <w>som</w>
  <w>handhar</w>
  <w>folkbokföringen</w>
  <w>har</w>
  <w>som</w>
  <w>en</w>
  <w>följd</w>
  <w>härav</w>
  <w>erkänt</w>
  <w>och</w>
  <w>registrerat</w>
  <w>hundratals</w>
  <w>polygama</w>
  <w>äktenskap</w>
  <w>.</w>
</absapar>
<absapar id=5>
  <absaspan id=10>
    <w>Erkännande</w>
    <w>av</w>
    <w>polygama</w>
    <w>äktenskap</w>
  </absaspan>
  <absaspan id=11 senti=2>
    <w>skapar</w>
    <w>komplicerade</w>
    <w>tillämpningsproblem</w>
  </absaspan>
  <w>när</w>
  <w>en</w>
  <w>sådan</w>
  <w>familj</w>
  <w>bosätter</w>
  <w>sig</w>
  <w>i</w>
  <w>vårt</w>
  <w>land</w>
  <w>.</w>
  <w>Om</w>
  <w>exempelvis</w>
  <w>en</w>
  <w>irakisk</w>
  <w>man</w>
  <w>med</w>
  <w>tre</w>
  <w>hustrur</w>
  <w>avlider</w>
  <w>uppkommer</w>
  <w>frågan</w>
  <w>om</w>
  <w>alla</w>
  <w>hans</w>
  <w>fruar</w>
  <w>skall</w>
  <w>tillerkännas</w>
  <w>giftorätt</w>
  <w>och</w>
  <w>arvsrätt</w>
  <w>i</w>
  <w>boet</w>
  <w>och</w>
  <w>om</w>
  <w>de</w>
  <w>i</w>
  <w>så</w>
  <w>fall</w>
  <w>ska</w>
  <w>tillerkännas</w>
  <w>endast</w>
  <w>en</w>
  <w>tredjedel</w>
  <w>av</w>
  <w>vad</w>
  <w>en</w>
  <w>monogam</w>
  <w>hustru</w>
  <w>får</w>
  <w>.</w>
  <w>Frågan</w>
  <w>inställer</w>
  <w>sig</w>
  <w>vidare</w>
  <w>hur</w>
  <w>fruarnas</w>
  <w>anspråk</w>
  <w>och</w>
  <w>rättigheter</w>
  <w>förhåller</w>
  <w>sig</w>
  <w>till</w>
  <w>varandra</w>
  <w>och</w>
  <w>till</w>
  <w>utomstående</w>
  <w>.</w>
  <w>Ska</w>
  <w>den</w>
  <w>avlidnes</w>
  <w>barn</w>
  <w>anses</w>
  <w>som</w>
  <w>gemensamma</w>
  <w>barn</w>
  <w>eller</w>
  <w>särkullbarn</w>
  <w>i</w>
  <w>de</w>
  <w>olika</w>
  <w>relationerna</w>
  <w>.</w>
</absapar>
<absapar id=6>
  <w>Liknande</w>
  <w>tillämpningsfrågor</w>
  <w>uppkommer</w>
  <w>vid</w>
  <w>äktenskapsskillnad</w>
  <w>mellan</w>
  <w>mannen</w>
  <w>och</w>
  <w>någon</w>
  <w>eller</w>
  <w>några</w>
  <w>av</w>
  <w>fruarna</w>
  <w>.</w>
</absapar>
<absapar id=7>
  <w>För</w>
  <w>dessa</w>
  <w>och</w>
  <w>andra</w>
  <w>fall</w>
  <w>finns</w>
  <w>ingen</w>
  <w>vägledning</w>
  <w>i</w>
  <w>lagen</w>
  <w>.</w>
  <absaspan id=12>
    <w>Lagstiftaren</w>
  </absaspan>
  <absaspan id=13>
    <w>har</w>
    <w>lämnat</w>
    <w>åt</w>
    <w>domstolarna</w>
    <w>att</w>
    <w>lösa</w>
    <w>problemen</w>
  </absaspan>
  <w>,</w>
  <absaspan id=14>
    <w>vilket</w>
  </absaspan>
  <absaspan id=15 senti=2>
    <w>framstår</w>
    <w>som</w>
    <w>oansvarigt</w>
  </absaspan>
  <w>,</w>
  <w>särskilt</w>
  <w>som</w>
  <w>tillämpningen</w>
  <w>kräver</w>
  <w>ställningstaganden</w>
  <w>till</w>
  <w>en</w>
  <w>rad</w>
  <w>principiella</w>
  <w>frågor</w>
  <w>.</w>
</absapar>
<absapar id=8>
  <w>Det</w>
  <w>finns</w>
  <w>dock</w>
  <w>en</w>
  <w>yttersta</w>
  <w>möjlighet</w>
  <w>att</w>
  <w>,</w>
  <w>på</w>
  <w>samma</w>
  <w>sätt</w>
  <w>som</w>
  <w>när</w>
  <w>det</w>
  <w>gäller</w>
  <w>äktenskap</w>
  <w>med</w>
  <w>barn</w>
  <w>under</w>
  <w>15</w>
  <w>år</w>
  <w>,</w>
  <w>göra</w>
  <w>undantag</w>
  <w>från</w>
  <w>lagens</w>
  <w>regler</w>
  <w>om</w>
  <w>erkännande</w>
  <w>,</w>
  <w>nämligen</w>
  <w>genom</w>
  <w>att</w>
  <w>hävda</w>
  <w>att</w>
  <w>polygama</w>
  <w>äktenskap</w>
  <w>strider</w>
  <w>mot</w>
  <w>svensk</w>
  <w>ordre</w>
  <w>public</w>
  <w>,</w>
  <w>det</w>
  <w>vill</w>
  <w>säga</w>
  <w>grunderna</w>
  <w>för</w>
  <w>den</w>
  <w>svenska</w>
  <w>rättsordningen</w>
  <w>.</w>
  <w>Till</w>
  <w>dessa</w>
  <w>hör</w>
  <w>principen</w>
  <w>om</w>
  <w>likabehandling</w>
  <w>av</w>
  <w>makar</w>
  <w>,</w>
  <w>en</w>
  <w>princip</w>
  <w>som</w>
  <w>i</w>
  <w>snart</w>
  <w>hundra</w>
  <w>år</w>
  <w>legat</w>
  <w>till</w>
  <w>grund</w>
  <w>för</w>
  <w>svensk</w>
  <w>äktenskapsrätt</w>
  <w>.</w>
  <w>Tre</w>
  <w>kvinnor</w>
  <w>som</w>
  <absaspan id=16 senti=2>
    <w>nödgas</w>
  </absaspan>
  <absaspan id=17>
    <w>dela</w>
    <w>på</w>
    <w>det</w>
    <w>som</w>
    <w>tillkommer</w>
    <w>en</w>
    <w>kvinna</w>
  </absaspan>
  <w>kan</w>
  <w>inte</w>
  <w>anses</w>
  <w>vara</w>
  <w>jämställda</w>
  <w>med</w>
  <w>mannen</w>
  <w>.</w>
</absapar>
<absapar id=9>
  <w>Till</w>
  <w>stöd</w>
  <w>för</w>
  <w>en</w>
  <w>svensk</w>
  <w>ordre</w>
  <w>public</w>
  <w>kan</w>
  <w>även</w>
  <w>åberopas</w>
  <w>regeringsformens</w>
  <w>krav</w>
  <w>på</w>
  <w>respekt</w>
  <w>för</w>
  <w>alla</w>
  <w>människors</w>
  <w>lika</w>
  <w>värde</w>
  <w>,</w>
  <w>kravet</w>
  <w>att</w>
  <w>ingen</w>
  <w>får</w>
  <w>missgynnas</w>
  <w>på</w>
  <w>grund</w>
  <w>av</w>
  <w>sitt</w>
  <w>kön</w>
  <w>och</w>
  <w>grundlagens</w>
  <w>stöd</w>
  <w>för</w>
  <w>jämställdhet</w>
  <w>mellan</w>
  <w>kvinnor</w>
  <w>och</w>
  <w>män</w>
  <w>,</w>
  <w>vilket</w>
  <w>även</w>
  <w>kommer</w>
  <w>till</w>
  <w>uttryck</w>
  <w>i</w>
  <w>Europakonventionen</w>
  <w>om</w>
  <w>de</w>
  <w>mänskliga</w>
  <w>rättigheterna</w>
  <w>.</w>
  <w>Utlänningslagen</w>
  <w>har</w>
  <w>även</w>
  <w>implementerat</w>
  <absaspan id=18>
    <w>ett</w>
  </absaspan>
  <absaspan id=19>
    <w>EU-direktiv</w>
  </absaspan>
  <absaspan id=20>
    <w>som</w>
  </absaspan>
  <absaspan id=21 senti=2>
    <w>i</w>
    <w>viss</w>
    <w>mån</w>
    <w>vänder</w>
    <w>sig</w>
    <w>mot</w>
  </absaspan>
  <absaspan id=22>
    <w>polygama</w>
    <w>äktenskap</w>
  </absaspan>
  <w>.</w>
</absapar>
<absapar id=10>
  <w>Svenska</w>
  <w>domstolar</w>
  <w>och</w>
  <w>myndigheter</w>
  <w>rekommenderas</w>
  <w>därför</w>
  <w>att</w>
  <w>inte</w>
  <w>erkänna</w>
  <w>utländska</w>
  <w>polygama</w>
  <w>äktenskap</w>
  <w>.</w>
</absapar>
<absapar id=11>
  <w>Polygama</w>
  <w>äktenskap</w>
  <w>kan</w>
  <w>i</w>
  <w>dag</w>
  <w>inte</w>
  <w>formellt</w>
  <w>ingås</w>
  <w>i</w>
  <w>Sverige</w>
  <w>.</w>
  <w>Däremot</w>
  <w>möter</w>
  <w>det</w>
  <w>inga</w>
  <w>rättsliga</w>
  <w>hinder</w>
  <w>att</w>
  <w>flera</w>
  <w>personer</w>
  <w>rent</w>
  <w>faktiskt</w>
  <w>lever</w>
  <w>i</w>
  <w>en</w>
  <w>polygam</w>
  <w>familj</w>
  <w>,</w>
  <w>vari</w>
  <w>parterna</w>
  <w>har</w>
  <w>polyamorösa</w>
  <w>förhållanden</w>
  <w>.</w>
  <w>Det</w>
  <w>lär</w>
  <w>även</w>
  <w>förekomma</w>
  <w>att</w>
  <w>muslimska</w>
  <w>samfund</w>
  <w>genomför</w>
  <w>privata</w>
  <w>vigslar</w>
  <w>avseende</w>
  <w>polygama</w>
  <w>äktenskap</w>
  <w>med</w>
  <w>rättsverkningar</w>
  <w>,</w>
  <w>som</w>
  <w>visserligen</w>
  <w>inte</w>
  <w>kan</w>
  <w>genomdrivas</w>
  <w>med</w>
  <w>hjälp</w>
  <w>av</w>
  <w>svenska</w>
  <w>myndigheter</w>
  <w>,</w>
  <w>men</w>
  <w>som</w>
  <w>parterna</w>
  <w>likväl</w>
  <w>känner</w>
  <w>sig</w>
  <w>bundna</w>
  <w>av</w>
  <w>.</w>
</absapar>
<absapar id=12>
  <w>Frågan</w>
  <w>om</w>
  <w>polygama</w>
  <w>äktenskap</w>
  <w>bör</w>
  <w>kunna</w>
  <w>ingås</w>
  <w>i</w>
  <w>Sverige</w>
  <w>har</w>
  <w>blivit</w>
  <w>alltmer</w>
  <w>aktuell</w>
  <w>i</w>
  <w>anledning</w>
  <w>av</w>
  <w>den</w>
  <w>ökande</w>
  <w>invandringen</w>
  <w>från</w>
  <w>muslimska</w>
  <w>länder</w>
  <w>och</w>
  <w>det</w>
  <w>liberala</w>
  <absaspan id=23 senti=4>
    <w>intresset</w>
    <w>av</w>
    <w>att</w>
    <w>värna</w>
    <w>om</w>
  </absaspan>
  <absaspan id=24>
    <w>ett</w>
    <w>mångkulturellt</w>
    <w>samhälle</w>
  </absaspan>
  <absaspan id=25>
    <w>.</w>
  </absaspan>
  <w>Lagstiftarens</w>
  <w>neutralitet</w>
  <w>i</w>
  <w>förhållande</w>
  <w>till</w>
  <w>olika</w>
  <w>samlevnadsformer</w>
  <w>och</w>
  <w>moraluppfattningar</w>
  <w>har</w>
  <w>berett</w>
  <w>marken</w>
  <w>för</w>
  <w>reformer</w>
  <w>i</w>
  <w>denna</w>
  <w>riktning</w>
  <w>.</w>
  <w>Kristna</w>
  <w>värderingar</w>
  <w>om</w>
  <w>det</w>
  <w>monogama</w>
  <w>äktenskapets</w>
  <w>särställning</w>
  <w>har</w>
  <w>i</w>
  <w>vårt</w>
  <w>sekularisera</w>
  <w>samhälle</w>
  <w>fått</w>
  <w>allt</w>
  <w>svårare</w>
  <w>att</w>
  <w>hävda</w>
  <w>sig</w>
  <w>.</w>
  <w>Det</w>
  <w>är</w>
  <w>förvisso</w>
  <w>ett</w>
  <w>tidens</w>
  <w>tecken</w>
  <w>att</w>
  <w>en</w>
  <w>arbetsgrupp</w>
  <w>inom</w>
  <w>Centerpartiet</w>
  <w>för</w>
  <w>en</w>
  <w>tid</w>
  <w>sedan</w>
  <w>föreslog</w>
  <w>att</w>
  <w>polygama</w>
  <w>äktenskap</w>
  <w>borde</w>
  <w>kunna</w>
  <w>ingås</w>
  <w>i</w>
  <w>vårt</w>
  <w>land</w>
  <w>.</w>
</absapar>
<absapar id=13>
  <w>Införandet</w>
  <w>av</w>
  <w>en</w>
  <w>rätt</w>
  <w>att</w>
  <w>ingå</w>
  <w>polygama</w>
  <w>äktenskap</w>
  <w>i</w>
  <w>Sverige</w>
  <w>kommer</w>
  <w>att</w>
  <w>kräva</w>
  <w>omfattande</w>
  <w>omarbetningar</w>
  <w>av</w>
  <w>den</w>
  <w>svenska</w>
  <w>familjerätten</w>
  <w>.</w>
  <w>Behovet</w>
  <w>av</w>
  <w>beteendevetenskaplig</w>
  <w>forskning</w>
  <w>rörande</w>
  <w>makars</w>
  <w>och</w>
  <w>barns</w>
  <w>välbefinnande</w>
  <w>i</w>
  <w>polygama</w>
  <w>relationer</w>
  <w>är</w>
  <w>påtagligt</w>
  <w>.</w>
  <w>Det</w>
  <w>gäller</w>
  <w>inte</w>
  <w>minst</w>
  <w>identitetsfrågor</w>
  <w>och</w>
  <w>riskerna</w>
  <w>för</w>
  <w>sociala</w>
  <w>och</w>
  <w>psykologiska</w>
  <w>konflikter</w>
  <w>inom</w>
  <w>familjen</w>
  <w>.</w>
  <w>Innan</w>
  <w>frågan</w>
  <w>om</w>
  <w>ingående</w>
  <w>av</w>
  <w>polygama</w>
  <w>äktenskap</w>
  <w>i</w>
  <w>Sverige</w>
  <w>på</w>
  <w>allvar</w>
  <w>aktualiseras</w>
  <w>framstår</w>
  <w>det</w>
  <w>som</w>
  <w>nödvändigt</w>
  <w>att</w>
  <w>sådan</w>
  <w>forskning</w>
  <w>genomförs</w>
  <w>.</w>
</absapar>
<absapar id=14>
  <w>Skulle</w>
  <w>möjlighet</w>
  <w>skapas</w>
  <w>att</w>
  <w>i</w>
  <w>Sverige</w>
  <w>formellt</w>
  <w>ingå</w>
  <w>polygama</w>
  <w>äktenskap</w>
  <w>är</w>
  <w>steget</w>
  <w>inte</w>
  <w>långt</w>
  <w>till</w>
  <w>en</w>
  <w>upplösning</w>
  <w>av</w>
  <w>äktenskapet</w>
  <w>som</w>
  <w>rättsinstitut</w>
  <w>.</w>
  <w>Tänkbart</w>
  <w>är</w>
  <w>då</w>
  <w>att</w>
  <w>detta</w>
  <w>ersätts</w>
  <w>av</w>
  <w>någon</w>
  <w>form</w>
  <w>av</w>
  <w>familjebolag</w>
  <w>med</w>
  <w>olika</w>
  <w>antal</w>
  <w>delägare</w>
  <w>och</w>
  <w>avsedda</w>
  <w>för</w>
  <w>olika</w>
  <w>typer</w>
  <w>av</w>
  <w>familjebildningar</w>
  <w>.</w>
  <absaspan id=26>
    <w>Lagstiftningen</w>
  </absaspan>
  <absaspan id=27 senti=3>
    <w>skulle</w>
    <w>då</w>
    <w>vara</w>
    <w>neutral</w>
    <w>i</w>
    <w>förhållande</w>
    <w>till</w>
  </absaspan>
  <absaspan id=28>
    <w>olika</w>
    <w>moraliska</w>
    <w>och</w>
    <w>religiösa</w>
    <w>värderingar</w>
  </absaspan>
  <w>,</w>
  <w>men</w>
  <w>innehålla</w>
  <w>vissa</w>
  <w>skyddsregler</w>
  <w>för</w>
  <w>en</w>
  <w>svagare</w>
  <w>part</w>
  <w>och</w>
  <w>för</w>
  <w>utomstående</w>
  <w>tredje</w>
  <w>personer</w>
  <w>.</w>
</absapar>
<absapar id=15>
  <w>Även</w>
  <w>om</w>
  <absaspan id=29>
    <w>den</w>
    <w>nu</w>
    <w>skisserade</w>
    <w>utvecklingen</w>
  </absaspan>
  <absaspan id=30 senti=2>
    <w>inte</w>
    <w>kan</w>
    <w>anses</w>
    <w>önskvärd</w>
  </absaspan>
  <w>och</w>
  <w>inte</w>
  <w>heller</w>
  <w>särskilt</w>
  <w>sannolik</w>
  <w>på</w>
  <w>kort</w>
  <w>sikt</w>
  <w>,</w>
  <w>så</w>
  <w>är</w>
  <w>den</w>
  <w>fullt</w>
  <w>tänkbar</w>
  <w>i</w>
  <w>ett</w>
  <w>framtidsperspektiv</w>
  <w>.</w>
</absapar>
<absapar id=16>
  <w>Göran</w>
  <w>Lind</w>
  <w>.</w>
</absapar>
<absapar id=17>
  <w>professor</w>
  <w>i</w>
  <w>familjerätt</w>
  <w>.</w>
</absapar>
<absapar id=18>
  <w>Redaktör</w>
  <w>:</w>
  <w>Carina</w>
  <w>StenssonBiträdande</w>
  <w>redaktör</w>
  <w>:</w>
  <w>Carl-Johan</w>
  <w>BilkenrothMejl</w>
  <w>:</w>
  <w>debatt</w>
  <w>@</w>
  <w>svd.seTelefonnummer</w>
  <w>:</w>
  <w>08</w>
  <w>-</w>
  <w>135149Twitter</w>
  <w>:</w>
  <w>@</w>
  <w>SvDDebattFacebook</w>
  <w>:</w>
  <w>SvD</w>
  <w>Debatt</w>
  <w>.</w>
</absapar>
<absapar id=19>
  <w>Redaktör</w>
  <w>:</w>
  <w>Carina</w>
  <w>Stensson</w>
  <w>,</w>
  <w>Biträdande</w>
  <w>redaktör</w>
  <w>:</w>
  <w>Björn</w>
  <w>Jorner</w>
  <w>,</w>
  <w>Mejl</w>
  <w>:</w>
  <w>debatt</w>
  <w>@</w>
  <w>svd.se</w>
  <w>,</w>
  <w>Telefonnummer</w>
  <w>:</w>
  <w>08</w>
  <w>-</w>
  <w>135149</w>
  <w>,</w>
  <w>Twitter</w>
  <w>:</w>
  <w>@</w>
  <w>SvDDebatt</w>
  <w>,</w>
  <w>Facebook</w>
  <w>:</w>
  <w>SvD</w>
  <w>Debatt</w>
  <w>.</w>
</absapar>
</absadoc>
