<absadoc annotators=1 senti=>
<absatitle>
  <w>Brännpunkt</w>
  <w>Direkt</w>
  <w>:</w>
  <w>USA</w>
  <w>:</w>
  <w>s</w>
  <w>övervakning</w>
  <w>av</w>
  <w>internet</w>
  <w>.</w>
</absatitle>
<absapar id=1>
  <w>Amerikanska</w>
  <w>underrättelsetjänsten</w>
  <w>NSA</w>
  <w>har</w>
  <w>i</w>
  <w>det</w>
  <w>topphemliga</w>
  <w>programmet</w>
  <w>Prism</w>
  <w>samlat</w>
  <w>in</w>
  <w>uppgifter</w>
  <w>om</w>
  <w>privatpersoner</w>
  <w>från</w>
  <w>datanätverk</w>
  <w>världen</w>
  <w>över</w>
  <w>.</w>
  <absaspan id=1 senti=2>
    <w>Känner</w>
  </absaspan>
  <absaspan id=2>
    <w>du</w>
  </absaspan>
  <absaspan id=3 senti=2>
    <w>oro</w>
  </absaspan>
  <absaspan id=4 senti=2>
    <w>över</w>
  </absaspan>
  <absaspan id=5>
    <w>att</w>
    <w>"</w>
    <w>storebror</w>
    <w>ser</w>
    <w>dig</w>
  </absaspan>
  <w>"</w>
  <w>på</w>
  <w>nätet</w>
  <w>-</w>
  <w>eller</w>
  <w>tycker</w>
  <w>du</w>
  <w>att</w>
  <w>riskerna</w>
  <w>överdrivs</w>
  <w>?</w>
  <w>Behövs</w>
  <w>skärpta</w>
  <w>lagar</w>
  <w>mot</w>
  <absaspan id=6 senti=2>
    <w>storebrorssamhället</w>
  </absaspan>
  <w>?</w>
  <w>Dagens</w>
  <w>ämne</w>
  <w>på</w>
  <w>Brännpunkt</w>
  <w>Direkt</w>
  <w>var</w>
  <w>nätsäkerhet</w>
  <w>.</w>
</absapar>
<absapar id=2>
  <w>#</w>
  <w>P</w>
  <w>IMM</w>
  <w>.</w>
  <w>12</w>
  <w>:</w>
  <w>54</w>
  <w>Lena</w>
  <w>Karvik</w>
  <w>:</w>
  <w>Hej</w>
  <w>och</w>
  <w>välkomna</w>
  <w>till</w>
  <w>dagens</w>
  <w>chatt</w>
  <w>.</w>
  <w>I</w>
  <w>dag</w>
  <w>pratar</w>
  <w>vi</w>
  <w>nätsäkerhet</w>
  <w>och</w>
  <w>övervakning</w>
  <w>med</w>
  <w>anledning</w>
  <w>av</w>
  <w>avslöjandet</w>
  <w>om</w>
  <w>amerikanska</w>
  <w>NSA</w>
  <w>som</w>
  <w>övervakat</w>
  <w>privatpersoners</w>
  <w>datatrafik</w>
  <w>världen</w>
  <w>över</w>
  <w>.</w>
  <w>Posta</w>
  <w>dina</w>
  <w>synpunkter</w>
  <w>i</w>
  <w>formuläret</w>
  <w>ovan</w>
  <w>till</w>
  <w>höger</w>
  <w>!</w>
  <w>.</w>
</absapar>
<absapar id=3>
  <w>Det</w>
  <w>här</w>
  <w>är</w>
  <w>en</w>
  <w>argumenterande</w>
  <w>text</w>
  <w>med</w>
  <w>syfte</w>
  <w>att</w>
  <w>påverka</w>
  <w>.</w>
  <w>Åsikterna</w>
  <w>som</w>
  <w>uttrycks</w>
  <w>är</w>
  <w>skribentens</w>
  <w>egna</w>
  <w>.</w>
</absapar>
<absapar id=4>
  <w>#</w>
  <w>P</w>
  <w>IMM</w>
  <w>.</w>
  <w>12</w>
  <w>:</w>
  <w>54</w>
  <w>Fafhrd2</w>
  <w>:</w>
  <w>Är</w>
  <w>inte</w>
  <w>direkt</w>
  <w>förvånad</w>
  <w>att</w>
  <w>Goggle</w>
  <w>,</w>
  <w>Gmail</w>
  <w>,</w>
  <w>Hotmail</w>
  <w>samarbetar</w>
  <w>med</w>
  <w>USA</w>
  <w>.</w>
  <w>Tanken</w>
  <w>har</w>
  <w>slagit</w>
  <w>mig</w>
  <w>flera</w>
  <w>gånger</w>
  <w>.</w>
  <w>Däremot</w>
  <w>så</w>
  <w>har</w>
  <w>jag</w>
  <w>börjat</w>
  <w>byta</w>
  <w>e-mail</w>
  <w>bolag</w>
  <w>som</w>
  <w>inte</w>
  <w>är</w>
  <w>skrivna</w>
  <w>i</w>
  <w>USA</w>
  <w>.</w>
  <w>Även</w>
  <w>att</w>
  <w>jag</w>
  <w>inte</w>
  <w>har</w>
  <w>känslig</w>
  <w>info</w>
  <w>så</w>
  <w>är</w>
  <w>det</w>
  <w>en</w>
  <w>ren</w>
  <w>principsak</w>
  <w>att</w>
  <w>USA</w>
  <w>inte</w>
  <w>ska</w>
  <w>ha</w>
  <w>med</w>
  <w>saken</w>
  <w>att</w>
  <w>göra</w>
  <w>.</w>
  <w>Konstigt</w>
  <w>,</w>
  <w>de</w>
  <w>försöker</w>
  <w>ha</w>
  <absaspan id=7 senti=2>
    <w>världsherrarvälde</w>
  </absaspan>
  <w>sedan</w>
  <w>undrar</w>
  <w>de</w>
  <w>varför</w>
  <absaspan id=8>
    <w>vissa</w>
  </absaspan>
  <absaspan id=9 senti=2>
    <w>inte</w>
    <w>gillar</w>
  </absaspan>
  <absaspan id=10>
    <w>amerikaner</w>
  </absaspan>
  <w>.</w>
  <w>.</w>
  <w>.</w>
</absapar>
<absapar id=5>
  <w>#</w>
  <w>P</w>
  <w>IMM</w>
  <w>.</w>
  <w>12</w>
  <w>:</w>
  <w>54</w>
  <w>Göran</w>
  <w>Uhlén</w>
  <w>:</w>
  <w>Att</w>
  <w>vara</w>
  <w>övervakad</w>
  <w>kan</w>
  <w>också</w>
  <w>innebära</w>
  <w>att</w>
  <w>det</w>
  <w>enkelriktat</w>
  <w>iofs</w>
  <w>går</w>
  <w>att</w>
  <w>få</w>
  <w>igenom</w>
  <w>ett</w>
  <w>budskap</w>
  <w>.</w>
  <w>Skriv</w>
  <w>till</w>
  <w>NSA</w>
  <w>eller</w>
  <w>FRA</w>
  <w>direkt</w>
  <w>.</w>
  <w>Det</w>
  <w>läses</w>
  <w>ju</w>
  <w>av</w>
  <w>någon</w>
  <w>.</w>
  <w>En</w>
  <w>medmänniska</w>
  <w>t.ex</w>
  <w>En</w>
  <w>gräddfil</w>
  <w>till</w>
  <w>makten</w>
  <w>.</w>
</absapar>
<absapar id=6>
  <w>#</w>
  <w>P</w>
  <w>IMM</w>
  <w>.</w>
  <w>12</w>
  <w>:</w>
  <w>55</w>
  <w>Bo</w>
  <w>:</w>
  <w>Är</w>
  <absaspan id=11>
    <w>du</w>
  </absaspan>
  <absaspan id=12 senti=2>
    <w>orolig</w>
    <w>för</w>
  </absaspan>
  <absaspan id=13>
    <w>att</w>
    <w>bli</w>
    <w>bevakad</w>
    <w>på</w>
    <w>nätet</w>
  </absaspan>
  <w>,</w>
  <w>svaret</w>
  <w>är</w>
  <w>nej</w>
  <w>,</w>
  <absaspan id=14 senti=3>
    <w>har</w>
    <w>inga</w>
    <w>skumma</w>
    <w>saker</w>
    <w>för</w>
    <w>mig</w>
  </absaspan>
  <w>.</w>
</absapar>
<absapar id=7>
  <w>#</w>
  <w>P</w>
  <w>IMM</w>
  <w>.</w>
  <w>12</w>
  <w>:</w>
  <w>55</w>
  <absaspan id=15>
    <w>Katarina</w>
  </absaspan>
  <w>:</w>
  <w>Jag</w>
  <absaspan id=16 senti=2>
    <w>skulle</w>
    <w>vara</w>
    <w>orolig</w>
    <w>om</w>
  </absaspan>
  <absaspan id=17>
    <w>mina</w>
    <w>inloggningsuppgifter</w>
    <w>till</w>
    <w>banker</w>
    <w>är</w>
    <w>tillgängliga</w>
    <w>för</w>
    <w>andra</w>
  </absaspan>
  <w>.</w>
  <w>I</w>
  <w>övrigt</w>
  <w>har</w>
  <w>jag</w>
  <absaspan id=18 senti=3>
    <w>ingen</w>
    <w>anledning</w>
    <w>att</w>
    <w>känna</w>
    <w>oro</w>
  </absaspan>
  <w>då</w>
  <w>jag</w>
  <w>inte</w>
  <w>besöker</w>
  <w>sidor</w>
  <w>med</w>
  <absaspan id=19 senti=2>
    <w>kontroversiellt</w>
    <w>innehåll</w>
  </absaspan>
  <w>tex</w>
  <absaspan id=20>
    <w>barnporr</w>
  </absaspan>
  <w>,</w>
  <absaspan id=21>
    <w>sexchatt</w>
  </absaspan>
  <w>eller</w>
  <absaspan id=22>
    <w>kontaktsidor</w>
  </absaspan>
  <w>.</w>
  <absaspan id=23>
    <w>Jag</w>
    <w>besöker</w>
  </absaspan>
  <absaspan id=24>
    <w>Sverigedemokraternas</w>
  </absaspan>
  <absaspan id=25>
    <w>web</w>
  </absaspan>
  <w>för</w>
  <w>att</w>
  <absaspan id=26>
    <w>jag</w>
  </absaspan>
  <absaspan id=27 senti=4>
    <w>sympatiserar</w>
    <w>med</w>
  </absaspan>
  <absaspan id=28>
    <w>deras</w>
    <w>invandringspolitik</w>
  </absaspan>
  <w>-</w>
  <w>men</w>
  <w>det</w>
  <w>är</w>
  <absaspan id=29 senti=3>
    <w>inget</w>
    <w>som</w>
    <w>oroar</w>
    <w>mig</w>
  </absaspan>
  <w>.</w>
</absapar>
<absapar id=8>
  <w>#</w>
  <w>P</w>
  <w>IMM</w>
  <w>.</w>
  <w>12</w>
  <w>:</w>
  <w>55</w>
  <absaspan id=30>
    <w>Roland</w>
  </absaspan>
  <w>:</w>
  <absaspan id=31 senti=2>
    <w>Helt</w>
    <w>otroligt</w>
  </absaspan>
  <absaspan id=32>
    <w>att</w>
    <w>folk</w>
    <w>kan</w>
    <w>vara</w>
    <w>så</w>
    <w>rädda</w>
    <w>för</w>
    <w>detta</w>
  </absaspan>
  <w>när</w>
  <w>vi</w>
  <w>i</w>
  <w>Sverige</w>
  <w>via</w>
  <w>personnummer</w>
  <w>är</w>
  <w>så</w>
  <w>övervakade</w>
  <w>redan</w>
  <w>.</w>
  <absaspan id=33 senti=2>
    <w>Konstigt</w>
  </absaspan>
  <absaspan id=34>
    <w>att</w>
    <w>folk</w>
    <w>inte</w>
    <w>tycker</w>
    <w>det</w>
    <w>är</w>
    <w>läskigare</w>
    <w>att</w>
    <w>man</w>
    <w>bara</w>
    <w>kan</w>
    <w>kryssa</w>
    <w>deklarationen</w>
    <w>för</w>
    <w>alla</w>
    <w>ens</w>
    <w>inkomster</w>
    <w>är</w>
    <w>redan</w>
    <w>kartlagda</w>
    <w>in</w>
    <w>i</w>
    <w>minsta</w>
    <w>detalj</w>
  </absaspan>
  <w>.</w>
</absapar>
<absapar id=9>
  <w>Skräddarsydda</w>
  <w>kurser</w>
  <w>i</w>
  <w>ämnen</w>
  <w>som</w>
  <w>intresserar</w>
  <w>och</w>
  <w>engagerar</w>
  <w>både</w>
  <w>kropp</w>
  <w>och</w>
  <w>själ</w>
  <w>.</w>
</absapar>
<absapar id=10>
  <w>#</w>
  <w>P</w>
  <w>IMM</w>
  <w>.</w>
  <w>12</w>
  <w>:</w>
  <w>56</w>
  <w>Lena</w>
  <w>Karvik</w>
  <w>:</w>
  <w>Täpp</w>
  <w>igen</w>
  <w>hålen</w>
  <w>och</w>
  <w>stärk</w>
  <w>dataskyddet</w>
  <w>i</w>
  <w>EU</w>
  <w>,</w>
  <w>kräver</w>
  <w>moderaten</w>
  <w>Karl</w>
  <w>Sigfrid</w>
  <w>på</w>
  <w>dagens</w>
  <w>Brännpunkt</w>
  <w>.</w>
  <w>Håller</w>
  <w>ni</w>
  <w>med</w>
  <w>?</w>
  <w>.</w>
</absapar>
<absapar id=11>
  <w>#</w>
  <w>P</w>
  <w>IMM</w>
  <w>.</w>
  <w>12</w>
  <w>:</w>
  <w>57</w>
  <absaspan id=35>
    <w>Peter</w>
  </absaspan>
  <w>:</w>
  <w>Jag</w>
  <absaspan id=36 senti=4>
    <w>är</w>
    <w>inte</w>
    <w>å</w>
    <w>orolig</w>
    <w>för</w>
    <w>egen</w>
    <w>del</w>
  </absaspan>
  <w>,</w>
  <w>utan</w>
  <w>mer</w>
  <w>orolig</w>
  <w>för</w>
  <w>demokratin</w>
  <w>.</w>
  <w>Svensk</w>
  <w>demokrati</w>
  <w>är</w>
  <w>svag</w>
  <w>redan</w>
  <w>innan</w>
  <w>.</w>
  <w>Med</w>
  <absaspan id=37>
    <w>NSAs</w>
  </absaspan>
  <absaspan id=38>
    <w>tillgång</w>
    <w>till</w>
    <w>våra</w>
    <w>makthavares</w>
    <w>fulla</w>
    <w>korrespondens</w>
  </absaspan>
  <w>så</w>
  <absaspan id=39 senti=1>
    <w>kan</w>
  </absaspan>
  <absaspan id=40>
    <w>det</w>
  </absaspan>
  <absaspan id=41 senti=1>
    <w>ge</w>
  </absaspan>
  <absaspan id=42 senti=1>
    <w>horribla</w>
    <w>möjligheter</w>
    <w>att</w>
    <w>påverka</w>
    <w>"</w>
    <w>våra</w>
    <w>"</w>
    <w>politiska</w>
    <w>beslut</w>
  </absaspan>
  <w>.</w>
</absapar>
<absapar id=12>
  <w>#</w>
  <w>P</w>
  <w>IMM</w>
  <w>.</w>
  <w>12</w>
  <w>:</w>
  <w>57</w>
  <absaspan id=43>
    <w>Gollum</w>
  </absaspan>
  <w>:</w>
  <absaspan id=44 senti=2>
    <w>Problemet</w>
  </absaspan>
  <w>är</w>
  <w>att</w>
  <absaspan id=45>
    <w>underrättelsetjänsterna</w>
    <w>använder</w>
    <w>denna</w>
    <w>information</w>
    <w>till</w>
    <w>utpressning</w>
    <w>av</w>
    <w>medborgare</w>
    <w>,</w>
    <w>journalister</w>
    <w>och</w>
    <w>politiker</w>
  </absaspan>
  <w>,</w>
  <w>en</w>
  <w>makt</w>
  <w>ovan</w>
  <w>staten</w>
  <w>.</w>
</absapar>
<absapar id=13>
  <w>#</w>
  <w>P</w>
  <w>IMM</w>
  <w>.</w>
  <w>13</w>
  <w>:</w>
  <w>01</w>
  <w>Lena</w>
  <w>Karvik</w>
  <w>:</w>
  <w>Vad</w>
  <w>tycker</w>
  <w>ni</w>
  <w>:</w>
  <w>är</w>
  <w>detta</w>
  <w>bara</w>
  <w>ett</w>
  <w>problem</w>
  <w>för</w>
  <absaspan id=46>
    <w>dem</w>
  </absaspan>
  <absaspan id=47>
    <w>som</w>
  </absaspan>
  <absaspan id=48 senti=1>
    <w>inte</w>
    <w>har</w>
    <w>rent</w>
    <w>mjöl</w>
    <w>i</w>
    <w>påsen</w>
  </absaspan>
  <w>,</w>
  <w>som</w>
  <w>signaturen</w>
  <w>Bo</w>
  <w>skrev</w>
  <w>.</w>
  <w>Kan</w>
  <w>vi</w>
  <w>andra</w>
  <w>vara</w>
  <w>lugna</w>
  <w>?</w>
  <w>.</w>
</absapar>
<absapar id=14>
  <w>#</w>
  <w>P</w>
  <w>IMM</w>
  <w>.</w>
  <w>13</w>
  <w>:</w>
  <w>02</w>
  <w>Temkin</w>
  <w>:</w>
  <w>Vari</w>
  <w>ligger</w>
  <w>skillnaden</w>
  <w>mellan</w>
  <w>att</w>
  <w>Microsoft</w>
  <w>,</w>
  <w>Google</w>
  <w>,</w>
  <w>Facebook</w>
  <w>i</w>
  <w>stort</w>
  <w>sätt</w>
  <w>vet</w>
  <w>det</w>
  <w>mesta</w>
  <w>om</w>
  <w>våra</w>
  <w>liv</w>
  <w>eller</w>
  <w>om</w>
  <w>en</w>
  <w>demokratisk</w>
  <w>stats</w>
  <w>underrättelsetjänst</w>
  <w>gör</w>
  <w>det</w>
  <w>?</w>
  <w>.</w>
</absapar>
<absapar id=15>
  <w>#</w>
  <w>P</w>
  <w>IMM</w>
  <w>.</w>
  <w>13</w>
  <w>:</w>
  <w>02</w>
  <absaspan id=49>
    <w>johan</w>
  </absaspan>
  <w>:</w>
  <absaspan id=50 senti=3>
    <w>Vad</w>
    <w>är</w>
    <w>den</w>
    <w>nu</w>
    <w>för</w>
    <w>märkvärdigt</w>
    <w>med</w>
  </absaspan>
  <absaspan id=51>
    <w>det</w>
    <w>här</w>
  </absaspan>
  <w>?</w>
  <w>Sverige</w>
  <w>gör</w>
  <w>ju</w>
  <w>precis</w>
  <w>samma</w>
  <w>sak</w>
  <w>med</w>
  <w>FRA</w>
  <w>.</w>
  <w>Hur</w>
  <w>man</w>
  <w>försvarar</w>
  <w>sig</w>
  <w>?</w>
  <w>Surfa</w>
  <w>anonymt</w>
  <w>om</w>
  <w>du</w>
  <w>absolut</w>
  <w>måste</w>
  <w>använa</w>
  <w>nätet</w>
  <w>,</w>
  <w>använd</w>
  <w>inte</w>
  <w>kreditkort</w>
  <w>och</w>
  <w>betala</w>
  <w>kontant</w>
  <w>.</w>
  <w>Utgå</w>
  <w>från</w>
  <w>att</w>
  <w>det</w>
  <w>du</w>
  <w>inte</w>
  <w>tror</w>
  <w>behöver</w>
  <w>gömmas</w>
  <w>idag</w>
  <w>,</w>
  <w>kommer</w>
  <w>att</w>
  <w>göras</w>
  <w>olagligt</w>
  <w>imorgon</w>
  <w>.</w>
</absapar>
<absapar id=16>
  <w>#</w>
  <w>P</w>
  <w>IMM</w>
  <w>.</w>
  <w>13</w>
  <w>:</w>
  <w>03</w>
  <absaspan id=52>
    <w>Sandra</w>
  </absaspan>
  <w>:</w>
  <w>De</w>
  <w>som</w>
  <w>tillhör</w>
  <w>"</w>
  <absaspan id=53 senti=4 irony>
    <w>rent-mjöl-i-påsen-folket</w>
  </absaspan>
  <w>"</w>
  <w>tänker</w>
  <w>mycket</w>
  <w>kortsiktigt</w>
  <w>.</w>
  <absaspan id=54 senti=2>
    <w>Problemet</w>
  </absaspan>
  <w>är</w>
  <absaspan id=55>
    <w>att</w>
    <w>vilket</w>
    <w>mjöl</w>
    <w>som</w>
    <w>anses</w>
    <w>som</w>
    <w>rent</w>
    <w>kan</w>
    <w>ändras</w>
    <w>en</w>
    <w>hel</w>
    <w>del</w>
    <w>med</w>
    <w>de</w>
    <w>politiska</w>
    <w>konjunkturerna</w>
  </absaspan>
  <w>.</w>
  <w>Vilka</w>
  <absaspan id=56 senti=2>
    <w>häxprocesser</w>
  </absaspan>
  <w>skulle</w>
  <w>vi</w>
  <w>sett</w>
  <w>idag</w>
  <w>om</w>
  <w>all</w>
  <w>mänsklig</w>
  <w>kommunikation</w>
  <w>hade</w>
  <w>,</w>
  <w>som</w>
  <w>idag</w>
  <w>,</w>
  <w>datalagrats</w>
  <w>på</w>
  <w>70</w>
  <w>-</w>
  <w>talet</w>
  <w>?</w>
  <w>.</w>
</absapar>
<absapar id=17>
  <w>#</w>
  <w>P</w>
  <w>IMM</w>
  <w>.</w>
  <w>13</w>
  <w>:</w>
  <w>03</w>
  <w>Patrik</w>
  <w>:</w>
  <w>Frågan</w>
  <w>handlar</w>
  <w>ju</w>
  <w>inte</w>
  <w>om</w>
  <w>du</w>
  <w>har</w>
  <w>något</w>
  <w>att</w>
  <w>dölja</w>
  <w>eller</w>
  <w>ej</w>
  <w>utan</w>
  <w>hur</w>
  <w>länder</w>
  <w>kan</w>
  <w>påverka</w>
  <w>politiska</w>
  <w>beslut</w>
  <w>med</w>
  <w>informationen</w>
  <w>de</w>
  <w>samlar</w>
  <w>in</w>
  <w>.</w>
  <w>Hur</w>
  <w>de</w>
  <w>kan</w>
  <w>utpressa</w>
  <w>med</w>
  <w>information</w>
  <w>som</w>
  <w>valuta</w>
  <w>osv</w>
  <w>.</w>
</absapar>
<absapar id=18>
  <w>#</w>
  <w>P</w>
  <w>IMM</w>
  <w>.</w>
  <w>13</w>
  <w>:</w>
  <w>05</w>
  <absaspan id=57>
    <w>Fredrik</w>
  </absaspan>
  <w>:</w>
  <w>Att</w>
  <w>det</w>
  <w>nu</w>
  <w>står</w>
  <w>klart</w>
  <absaspan id=58>
    <w>att</w>
    <w>tusentals</w>
    <w>eller</w>
    <w>t.o.m</w>
    <w>.</w>
    <w>hundratusentals</w>
    <w>tjänstemän</w>
    <w>hos</w>
    <w>en</w>
    <w>främmande</w>
    <w>stat</w>
    <w>i</w>
    <w>praktiken</w>
    <w>har</w>
    <w>fri</w>
    <w>tillgång</w>
    <w>till</w>
    <w>all</w>
    <w>information</w>
    <w>på</w>
    <w>alla</w>
    <w>konton</w>
    <w>hos</w>
    <w>alla</w>
    <w>stora</w>
    <w>e-tjänsteleverantörer</w>
    <w>i</w>
    <w>USA</w>
  </absaspan>
  <w>är</w>
  <absaspan id=59 senti=1>
    <w>fullkommligt</w>
    <w>absurt</w>
  </absaspan>
  <w>.</w>
  <w>Skall</w>
  <w>vi</w>
  <w>skicka</w>
  <w>dem</w>
  <w>kopior</w>
  <w>på</w>
  <w>nycklarna</w>
  <w>till</w>
  <w>våra</w>
  <w>hem</w>
  <w>och</w>
  <w>företag</w>
  <w>också</w>
  <w>?</w>
  <w>Steget</w>
  <w>är</w>
  <w>inte</w>
  <w>långt</w>
  <w>.</w>
  <w>Situationen</w>
  <absaspan id=60 senti=1>
    <w>öppnar</w>
    <w>upp</w>
    <w>för</w>
    <w>allt</w>
    <w>tänkbart</w>
    <w>missbruk</w>
    <w>av</w>
  </absaspan>
  <absaspan id=61>
    <w>USA</w>
    <w>eller</w>
    <w>av</w>
    <w>enskilda</w>
    <w>tjänstemän</w>
    <w>i</w>
    <w>behov</w>
    <w>av</w>
    <w>pengar</w>
    <w>eller</w>
    <w>information</w>
  </absaspan>
  <w>.</w>
  <w>Och</w>
  <absaspan id=62>
    <w>alla</w>
    <w>företag</w>
    <w>och</w>
    <w>myndiheter</w>
    <w>som</w>
    <w>har</w>
    <w>information</w>
    <w>på</w>
    <w>gmail</w>
    <w>,</w>
    <w>Google</w>
    <w>drive</w>
    <w>etc</w>
  </absaspan>
  <w>.</w>
  <w>är</w>
  <w>i</w>
  <w>praktiken</w>
  <absaspan id=63 senti=2>
    <w>skyddslösa</w>
  </absaspan>
  <w>mot</w>
  <w>stöld</w>
  <w>/</w>
  <w>läckage</w>
  <w>av</w>
  <w>företags</w>
  <w>/</w>
  <w>myndighetsintern</w>
  <w>information</w>
  <w>då</w>
  <w>den</w>
  <w>är</w>
  <w>så</w>
  <w>lätt</w>
  <w>tillgänglig</w>
  <w>för</w>
  <w>så</w>
  <w>många</w>
  <w>.</w>
  <absaspan id=64>
    <w>Konsekvenserna</w>
    <w>av</w>
    <w>den</w>
    <w>framkomna</w>
    <w>situationen</w>
  </absaspan>
  <w>är</w>
  <w>enorma</w>
  <w>,</w>
  <w>och</w>
  <absaspan id=65 senti=2>
    <w>kommer</w>
    <w>helt</w>
    <w>klart</w>
    <w>att</w>
    <w>skada</w>
  </absaspan>
  <w>både</w>
  <absaspan id=66>
    <w>USA</w>
  </absaspan>
  <w>och</w>
  <absaspan id=67>
    <w>de</w>
    <w>medverkande</w>
    <w>e-tjänsteleverantörerna</w>
  </absaspan>
  <w>.</w>
  <w>Alla</w>
  <w>som</w>
  <w>inte</w>
  <w>vill</w>
  <w>dela</w>
  <w>sin</w>
  <w>information</w>
  <w>bör</w>
  <w>nu</w>
  <w>flytta</w>
  <w>/</w>
  <w>radera</w>
  <w>den</w>
  <w>från</w>
  <w>USA-baserade</w>
  <w>leverantörer</w>
  <w>.</w>
  <w>Jag</w>
  <w>har</w>
  <w>personligen</w>
  <w>redan</w>
  <w>påbörjat</w>
  <w>det</w>
  <w>arbetet</w>
  <w>.</w>
  <w>Ett</w>
  <w>tips</w>
  <w>till</w>
  <w>Google</w>
  <w>,</w>
  <w>Microsoft</w>
  <w>etc</w>
  <w>.</w>
  <w>är</w>
  <w>att</w>
  <w>överväga</w>
  <w>att</w>
  <w>flytta</w>
  <w>den</w>
  <w>legala</w>
  <w>hemvisten</w>
  <w>för</w>
  <w>sina</w>
  <w>huvudkontor</w>
  <w>utanför</w>
  <w>USA</w>
  <w>,</w>
  <w>och</w>
  <w>på</w>
  <w>så</w>
  <w>sätt</w>
  <w>förhopningsvis</w>
  <w>slippa</w>
  <w>bli</w>
  <w>tvingade</w>
  <w>att</w>
  <w>hålla</w>
  <w>spionageutrustning</w>
  <w>kopplade</w>
  <w>till</w>
  <w>deras</w>
  <w>system</w>
  <w>.</w>
</absapar>
<absapar id=19>
  <w>#</w>
  <w>P</w>
  <w>IMM</w>
  <w>.</w>
  <w>13</w>
  <w>:</w>
  <w>05</w>
  <absaspan id=68>
    <w>Sebastian</w>
  </absaspan>
  <w>:</w>
  <w>Problemet</w>
  <w>är</w>
  <w>att</w>
  <absaspan id=69>
    <w>dom</w>
    <w>som</w>
    <w>övervakar</w>
  </absaspan>
  <absaspan id=70 senti=1>
    <w>inte</w>
    <w>har</w>
    <w>rent</w>
    <w>mjöl</w>
    <w>i</w>
    <w>påsen</w>
  </absaspan>
  <w>.</w>
</absapar>
<absapar id=20>
  <w>#</w>
  <w>P</w>
  <w>IMM</w>
  <w>.</w>
  <w>13</w>
  <w>:</w>
  <w>06</w>
  <w>Lena</w>
  <w>Karvik</w>
  <w>:</w>
  <w>Tänk</w>
  <w>på</w>
  <w>att</w>
  <w>skriva</w>
  <w>kort</w>
  <w>(</w>
  <w>många</w>
  <w>vill</w>
  <w>vara</w>
  <w>med</w>
  <w>i</w>
  <w>den</w>
  <w>här</w>
  <w>debatten</w>
  <w>)</w>
  <w>och</w>
  <w>använd</w>
  <w>@</w>
  <w>om</w>
  <w>ni</w>
  <w>vill</w>
  <w>vända</w>
  <w>er</w>
  <w>till</w>
  <w>en</w>
  <w>tidigare</w>
  <w>debattör</w>
  <w>.</w>
  <w>Tack</w>
  <w>på</w>
  <w>förhand</w>
  <w>!</w>
  <w>.</w>
</absapar>
<absapar id=21>
  <w>#</w>
  <w>P</w>
  <w>IMM</w>
  <w>.</w>
  <w>13</w>
  <w>:</w>
  <w>06</w>
  <w>Fafhrd2</w>
  <w>:</w>
  <w>I</w>
  <w>detta</w>
  <w>fallet</w>
  <w>handlar</w>
  <w>det</w>
  <w>inte</w>
  <w>om</w>
  <w>man</w>
  <absaspan id=71 senti=4>
    <w>har</w>
    <w>rent</w>
    <w>mjöl</w>
    <w>i</w>
    <w>påsen</w>
  </absaspan>
  <w>eller</w>
  <w>inte</w>
  <w>.</w>
  <w>Anser</w>
  <w>det</w>
  <w>är</w>
  <w>en</w>
  <w>principsak</w>
  <w>att</w>
  <w>ett</w>
  <w>utländskt</w>
  <w>land</w>
  <w>inte</w>
  <w>har</w>
  <w>någon</w>
  <w>rättighet</w>
  <w>att</w>
  <w>övervaka</w>
  <w>vad</w>
  <w>man</w>
  <w>gör</w>
  <w>i</w>
  <w>Europa</w>
  <w>oavsett</w>
  <w>om</w>
  <w>man</w>
  <w>har</w>
  <absaspan id=72 senti=3>
    <w>rent</w>
    <w>mjöl</w>
    <w>i</w>
    <w>påsen</w>
    <w>eller</w>
    <w>ej</w>
  </absaspan>
  <w>.</w>
</absapar>
<absapar id=22>
  <w>#</w>
  <w>P</w>
  <w>IMM</w>
  <w>.</w>
  <w>13</w>
  <w>:</w>
  <w>06</w>
  <absaspan id=73>
    <w>o.K</w>
  </absaspan>
  <w>:</w>
  <w>Om</w>
  <w>en</w>
  <w>man</w>
  <w>kontrollerar</w>
  <w>sin</w>
  <w>fru</w>
  <w>hela</w>
  <w>tiden.var</w>
  <w>man</w>
  <w>är</w>
  <w>,</w>
  <w>vad</w>
  <w>man</w>
  <w>tycker</w>
  <w>vem</w>
  <w>man</w>
  <w>pratar</w>
  <w>med</w>
  <w>och</w>
  <w>om</w>
  <w>vad</w>
  <w>.</w>
  <w>I</w>
  <w>det</w>
  <w>fallet</w>
  <w>säger</w>
  <w>vi</w>
  <w>lämna</w>
  <w>han</w>
  <w>.</w>
  <absaspan id=74>
    <w>Nu</w>
    <w>kontrolleras</w>
    <w>vi</w>
    <w>av</w>
    <w>staten</w>
  </absaspan>
  <w>.</w>
  <w>Då</w>
  <w>ska</w>
  <w>ni</w>
  <w>fråga</w>
  <w>vad</w>
  <w>folk</w>
  <w>tycker</w>
  <w>.</w>
  <w>.</w>
  <w>.</w>
  <w>.</w>
  <w>det</w>
  <w>e</w>
  <absaspan id=75 senti=1>
    <w>helt</w>
    <w>sjukt</w>
  </absaspan>
  <w>!</w>
  <w>Det</w>
  <w>innebär</w>
  <w>enbart</w>
  <absaspan id=76 senti=2>
    <w>självcensur</w>
  </absaspan>
  <w>.</w>
  <w>Hur</w>
  <w>hanterar</w>
  <w>ni</w>
  <w>på</w>
  <w>svd</w>
  <w>att</w>
  <w>alla</w>
  <w>era</w>
  <w>mail</w>
  <w>är</w>
  <w>kontrollerade</w>
  <w>,</w>
  <w>att</w>
  <w>alla</w>
  <w>dom</w>
  <w>som</w>
  <w>mailar</w>
  <w>eller</w>
  <w>ringer</w>
  <w>er</w>
  <w>som</w>
  <w>anonyma</w>
  <w>källor</w>
  <w>inte</w>
  <w>är</w>
  <w>det</w>
  <w>?</w>
  <w>Troligen</w>
  <w>finnes</w>
  <w>det</w>
  <w>ju</w>
  <w>att</w>
  <w>samband</w>
  <w>NSA-FRA</w>
  <w>.</w>
</absapar>
<absapar id=23>
  <w>#</w>
  <w>P</w>
  <w>IMM</w>
  <w>.</w>
  <w>13</w>
  <w>:</w>
  <w>07</w>
  <absaspan id=77>
    <w>GH</w>
  </absaspan>
  <w>:</w>
  <absaspan id=78>
    <w>Jag</w>
  </absaspan>
  <absaspan id=79 senti=3>
    <w>har</w>
    <w>svårt</w>
    <w>att</w>
    <w>förstå</w>
    <w>upprördheten</w>
  </absaspan>
  <w>;</w>
  <w>såsom</w>
  <w>folk</w>
  <w>viker</w>
  <w>ut</w>
  <w>sig</w>
  <w>i</w>
  <w>sociala</w>
  <w>medier</w>
  <w>,</w>
  <w>så</w>
  <w>verkar</w>
  <w>den</w>
  <w>personliga</w>
  <w>integriteten</w>
  <w>vara</w>
  <w>väldigt</w>
  <w>avlägsen</w>
  <w>.</w>
  <absaspan id=80>
    <w>Politikers</w>
    <w>och</w>
    <w>tjänstemäns</w>
    <w>uttalanden</w>
  </absaspan>
  <w>är</w>
  <w>mest</w>
  <absaspan id=81 senti=2>
    <w>spel</w>
    <w>för</w>
    <w>galleriet</w>
  </absaspan>
  <w>,</w>
  <w>dvs</w>
  <w>oss</w>
  <w>vanliga</w>
  <w>personer</w>
  <w>-</w>
  <w>ifall</w>
  <w>inte</w>
  <w>nationella</w>
  <w>säkerhetstjänster</w>
  <w>har</w>
  <w>vetat</w>
  <w>om</w>
  <w>eller</w>
  <w>misstänkt</w>
  <w>detta</w>
  <w>tidigare</w>
  <w>,</w>
  <w>så</w>
  <w>är</w>
  <w>de</w>
  <w>inte</w>
  <w>värda</w>
  <w>namnet</w>
  <w>.</w>
</absapar>
<absapar id=24>
  <w>#</w>
  <w>P</w>
  <w>IMM</w>
  <w>.</w>
  <w>13</w>
  <w>:</w>
  <w>08</w>
  <absaspan id=82>
    <w>Niklas</w>
  </absaspan>
  <w>:</w>
  <w>Nu</w>
  <w>har</w>
  <w>vi</w>
  <w>människor</w>
  <w>landsatt</w>
  <w>denna</w>
  <w>skapelse</w>
  <w>;</w>
  <w>internet</w>
  <w>Och</w>
  <w>då</w>
  <w>tror</w>
  <w>jag</w>
  <w>att</w>
  <w>vi</w>
  <w>människor</w>
  <w>,</w>
  <w>som</w>
  <w>vanligt</w>
  <w>,</w>
  <w>kommer</w>
  <w>att</w>
  <w>utnyttja</w>
  <w>det</w>
  <absaspan id=83 senti=2>
    <w>in</w>
    <w>absurdum</w>
  </absaspan>
  <w>också</w>
  <w>.</w>
  <w>Alternativet</w>
  <w>är</w>
  <w>att</w>
  <w>lägga</w>
  <w>ner</w>
  <w>,</w>
  <w>eller</w>
  <w>starkt</w>
  <w>begränsa</w>
  <w>användningen</w>
  <w>av</w>
  <w>internet</w>
  <w>.</w>
  <w>Och</w>
  <w>hur</w>
  <w>troligt</w>
  <w>är</w>
  <w>det</w>
  <w>?</w>
  <w>Dessutom</w>
  <w>är</w>
  <w>det</w>
  <w>just</w>
  <absaspan id=84>
    <w>lagstiftarna</w>
  </absaspan>
  <w>som</w>
  <w>är</w>
  <w>"</w>
  <absaspan id=85 senti=2>
    <w>storebror</w>
  </absaspan>
  <w>"</w>
  <w>.</w>
  <w>1984</w>
  <w>,</w>
  <w>here</w>
  <w>we</w>
  <w>come</w>
  <w>!</w>
  <w>.</w>
</absapar>
<absapar id=25>
  <w>#</w>
  <w>P</w>
  <w>IMM</w>
  <w>.</w>
  <w>13</w>
  <w>:</w>
  <w>08</w>
  <w>Anton</w>
  <w>:</w>
  <w>Självklart</w>
  <w>ska</w>
  <w>myndigheter</w>
  <w>lägga</w>
  <w>sig</w>
  <w>minsta</w>
  <w>möjliga</w>
  <w>i</w>
  <w>medborgarnas</w>
  <w>liv</w>
  <w>.</w>
</absapar>
<absapar id=26>
  <w>#</w>
  <w>P</w>
  <w>IMM</w>
  <w>.</w>
  <w>13</w>
  <w>:</w>
  <w>10</w>
  <absaspan id=86>
    <w>Land</w>
    <w>of</w>
    <w>the</w>
    <w>Free</w>
  </absaspan>
  <w>:</w>
  <w>Dagens</w>
  <w>"</w>
  <w>honeypot</w>
  <w>"</w>
  <w>är</w>
  <w>nätjänster</w>
  <w>som</w>
  <w>Facebook</w>
  <w>,</w>
  <w>Google</w>
  <w>,</w>
  <w>Microsoft</w>
  <w>,</w>
  <w>YouTube</w>
  <w>,</w>
  <w>Skype</w>
  <w>.</w>
  <w>Likt</w>
  <w>förföraren</w>
  <w>/</w>
  <w>förförerskan</w>
  <w>drar</w>
  <w>de</w>
  <w>till</w>
  <w>sig</w>
  <w>måltavlor</w>
  <w>för</w>
  <w>underrättelsetjänsten</w>
  <w>.</w>
  <w>I</w>
  <w>detta</w>
  <w>fall</w>
  <w>även</w>
  <w>svenskar</w>
  <w>.</w>
  <absaspan id=87 senti=1>
    <w>Lita</w>
    <w>inte</w>
    <w>på</w>
  </absaspan>
  <absaspan id=88>
    <w>Tea</w>
    <w>Party</w>
    <w>landet</w>
  </absaspan>
  <w>!</w>
  <w>.</w>
</absapar>
<absapar id=27>
  <w>#</w>
  <w>P</w>
  <w>IMM</w>
  <w>.</w>
  <w>13</w>
  <w>:</w>
  <w>10</w>
  <absaspan id=89>
    <w>C</w>
  </absaspan>
  <w>:</w>
  <absaspan id=90>
    <w>Att</w>
    <w>så</w>
    <w>många</w>
    <w>inte</w>
    <w>finner</w>
    <w>det</w>
    <w>obehagligt</w>
    <w>att</w>
    <w>veta</w>
    <w>att</w>
    <w>en</w>
    <w>regering</w>
    <w>bevakar</w>
    <w>vad</w>
    <w>de</w>
    <w>gör</w>
  </absaspan>
  <w>,</w>
  <w>bara</w>
  <w>för</w>
  <w>att</w>
  <absaspan id=91>
    <w>de</w>
  </absaspan>
  <absaspan id=92 senti=4>
    <w>inte</w>
    <w>har</w>
    <w>något</w>
    <w>att</w>
    <w>oroa</w>
    <w>sig</w>
    <w>över</w>
  </absaspan>
  <w>,</w>
  <w>är</w>
  <absaspan id=93 senti=1>
    <w>mycket</w>
    <w>oroväckande</w>
  </absaspan>
  <w>.</w>
  <w>Personligen</w>
  <w>finner</w>
  <w>jag</w>
  <w>det</w>
  <absaspan id=94 senti=2>
    <w>inte</w>
    <w>speciellt</w>
    <w>demokratiskt</w>
  </absaspan>
  <absaspan id=95>
    <w>att</w>
    <w>en</w>
    <w>regering</w>
    <w>,</w>
    <w>svensk</w>
    <w>som</w>
    <w>utländsk</w>
    <w>,</w>
    <w>har</w>
    <w>möjlighet</w>
    <w>att</w>
    <w>studera</w>
    <w>vad</w>
    <w>jag</w>
    <w>gör</w>
  </absaspan>
  <w>,</w>
  <w>hur</w>
  <absaspan id=96 senti=2>
    <w>ointressant</w>
  </absaspan>
  <absaspan id=97>
    <w>jag</w>
  </absaspan>
  <w>än</w>
  <w>må</w>
  <w>vara</w>
  <w>.</w>
</absapar>
<absapar id=28>
  <w>#</w>
  <w>P</w>
  <w>IMM</w>
  <w>.</w>
  <w>13</w>
  <w>:</w>
  <w>10</w>
  <w>Fafhrd2</w>
  <w>:</w>
  <w>För</w>
  <absaspan id=98>
    <w>många</w>
  </absaspan>
  <w>verkar</w>
  <w>ju</w>
  <w>fenomenet</w>
  <w>okänt</w>
  <w>och</w>
  <w>de</w>
  <absaspan id=99>
    <w>lägger</w>
  </absaspan>
  <absaspan id=100 senti=5>
    <w>gladeligen</w>
  </absaspan>
  <absaspan id=101>
    <w>upp</w>
    <w>saker</w>
    <w>om</w>
    <w>sig</w>
    <w>på</w>
    <w>Facebook</w>
  </absaspan>
  <w>etc</w>
  <w>.</w>
  <w>En</w>
  <w>person</w>
  <w>visade</w>
  <w>en</w>
  <w>gång</w>
  <w>hur</w>
  <w>man</w>
  <w>tog</w>
  <w>sig</w>
  <w>in</w>
  <w>på</w>
  <w>facebook</w>
  <w>konton</w>
  <w>.</w>
  <w>Tog</w>
  <w>ca</w>
  <w>30</w>
  <w>sekunder</w>
  <w>så</w>
  <w>hade</w>
  <w>han</w>
  <w>tillgån</w>
  <w>till</w>
  <w>allt</w>
  <w>personligt</w>
  <w>.</w>
  <w>Han</w>
  <w>tog</w>
  <w>en</w>
  <w>bild</w>
  <w>och</w>
  <w>lade</w>
  <w>ut</w>
  <w>på</w>
  <w>internet</w>
  <w>,</w>
  <w>efter</w>
  <w>5</w>
  <w>minuter</w>
  <w>så</w>
  <w>användes</w>
  <w>bilden</w>
  <w>i</w>
  <w>en</w>
  <w>ölreklam</w>
  <w>i</w>
  <w>Sydamerika</w>
  <w>.</w>
  <w>Man</w>
  <w>pratar</w>
  <w>om</w>
  <w>färgskalor</w>
  <w>när</w>
  <w>man</w>
  <w>definierar</w>
  <w>säkerhetsnivåer</w>
  <w>,</w>
  <w>i</w>
  <w>många</w>
  <w>fall</w>
  <w>så</w>
  <w>är</w>
  <w>ju</w>
  <w>folk</w>
  <w>på</w>
  <w>"</w>
  <w>vit</w>
  <w>"</w>
  <w>dvs</w>
  <w>de</w>
  <w>har</w>
  <w>ingen</w>
  <w>aning</w>
  <w>om</w>
  <w>vad</w>
  <w>som</w>
  <w>händer</w>
  <w>runt</w>
  <w>dem</w>
  <w>varken</w>
  <w>på</w>
  <w>internet</w>
  <w>eller</w>
  <w>när</w>
  <w>de</w>
  <w>går</w>
  <w>ut</w>
  <w>på</w>
  <w>stan</w>
  <w>.</w>
</absapar>
<absapar id=29>
  <w>#</w>
  <w>P</w>
  <w>IMM</w>
  <w>.</w>
  <w>13</w>
  <w>:</w>
  <w>13</w>
  <w>Lena</w>
  <w>Karvik</w>
  <w>:</w>
  <w>Många</w>
  <w>påpekar</w>
  <w>att</w>
  <absaspan id=102>
    <w>vi</w>
  </absaspan>
  <w>å</w>
  <w>ena</w>
  <w>sidan</w>
  <w>blir</w>
  <absaspan id=103 senti=2>
    <w>upprörda</w>
    <w>över</w>
  </absaspan>
  <absaspan id=104>
    <w>att</w>
    <w>övervakas</w>
  </absaspan>
  <w>,</w>
  <w>å</w>
  <w>andra</w>
  <w>sidan</w>
  <w>själva</w>
  <absaspan id=105 senti=2>
    <w>fläker</w>
    <w>ut</w>
    <w>våra</w>
    <w>liv</w>
    <w>i</w>
    <w>sociala</w>
    <w>medier</w>
  </absaspan>
  <w>.</w>
  <w>Men</w>
  <w>är</w>
  <w>inte</w>
  <w>skillnaden</w>
  <w>just</w>
  <w>att</w>
  <w>man</w>
  <w>väljer</w>
  <w>själv</w>
  <w>då</w>
  <w>?</w>
  <w>Eller</w>
  <w>vad</w>
  <w>säger</w>
  <w>ni</w>
  <w>?</w>
  <w>.</w>
</absapar>
<absapar id=30>
  <w>#</w>
  <w>P</w>
  <w>IMM</w>
  <w>.</w>
  <w>13</w>
  <w>:</w>
  <w>14</w>
  <w>M</w>
  <w>:</w>
  <w>Alla</w>
  <w>"</w>
  <w>viker</w>
  <w>inte</w>
  <w>ut</w>
  <w>sig</w>
  <w>"</w>
  <w>i</w>
  <w>sociala</w>
  <w>media</w>
  <w>,</w>
  <w>och</w>
  <w>även</w>
  <w>de</w>
  <w>som</w>
  <w>gör</w>
  <w>det</w>
  <w>gör</w>
  <w>ett</w>
  <w>val</w>
  <w>om</w>
  <w>vad</w>
  <w>de</w>
  <w>väljer</w>
  <w>att</w>
  <w>dela</w>
  <w>med</w>
  <w>sig</w>
  <w>av</w>
  <w>.</w>
  <w>Men</w>
  <w>när</w>
  <w>allt</w>
  <w>analyseras</w>
  <w>pratar</w>
  <w>vi</w>
  <w>om</w>
  <w>något</w>
  <w>annat</w>
  <w>.</w>
  <w>Om</w>
  <w>du</w>
  <w>nu</w>
  <w>inte</w>
  <w>har</w>
  <w>något</w>
  <w>att</w>
  <w>dölja</w>
  <w>,</w>
  <w>varför</w>
  <w>har</w>
  <w>du</w>
  <w>inte</w>
  <w>glasväggar</w>
  <w>till</w>
  <w>ditt</w>
  <w>hem</w>
  <w>så</w>
  <w>att</w>
  <w>alla</w>
  <w>kan</w>
  <w>se</w>
  <w>vad</w>
  <w>du</w>
  <w>gör</w>
  <w>?</w>
  <w>Vi</w>
  <w>har</w>
  <w>rätt</w>
  <w>till</w>
  <w>ett</w>
  <w>privatliv</w>
  <w>,</w>
  <w>det</w>
  <w>är</w>
  <w>en</w>
  <w>ren</w>
  <w>principfråga</w>
  <w>.</w>
</absapar>
<absapar id=31>
  <w>#</w>
  <w>P</w>
  <w>IMM</w>
  <w>.</w>
  <w>13</w>
  <w>:</w>
  <w>14</w>
  <absaspan id=106>
    <w>anonym</w>
  </absaspan>
  <w>:</w>
  <absaspan id=107 senti=1>
    <w>Min</w>
    <w>största</w>
    <w>irritation</w>
  </absaspan>
  <w>är</w>
  <absaspan id=108>
    <w>att</w>
    <w>gemene</w>
    <w>man</w>
    <w>inte</w>
    <w>verkar</w>
    <w>bry</w>
    <w>sig</w>
  </absaspan>
  <w>-</w>
  <w>axelryckning</w>
  <w>typ</w>
  <w>.</w>
  <w>.</w>
  <w>jag</w>
  <w>har</w>
  <w>ju</w>
  <w>ändå</w>
  <w>inget</w>
  <w>att</w>
  <w>dölja</w>
  <w>.</w>
</absapar>
<absapar id=32>
  <w>#</w>
  <w>P</w>
  <w>IMM</w>
  <w>.</w>
  <w>13</w>
  <w>:</w>
  <w>14</w>
  <w>Fafhrd2</w>
  <w>:</w>
  <w>Instämmer</w>
  <w>med</w>
  <w>"</w>
  <w>Sandra</w>
  <w>"</w>
  <w>13</w>
  <w>:</w>
  <w>03</w>
  <w>.</w>
</absapar>
<absapar id=33>
  <w>#</w>
  <w>P</w>
  <w>IMM</w>
  <w>.</w>
  <w>13</w>
  <w>:</w>
  <w>16</w>
  <w>Thomas</w>
  <w>J</w>
  <w>.</w>
  <w>Corcoran</w>
  <w>,</w>
  <w>DALBY</w>
  <w>:</w>
  <w>Det</w>
  <w>har</w>
  <w>ingen</w>
  <w>betydelse</w>
  <w>vad</w>
  <w>jag</w>
  <w>tycker</w>
  <w>eftersom</w>
  <w>det</w>
  <w>är</w>
  <w>författningsstridigt</w>
  <w>:</w>
  <w>ARTICLE</w>
  <w>FOUR</w>
  <w>of</w>
  <w>the</w>
  <w>Articles</w>
  <w>in</w>
  <w>Addition</w>
  <w>to</w>
  <w>and</w>
  <w>Amendment</w>
  <w>of</w>
  <w>the</w>
  <w>Constitution</w>
  <w>of</w>
  <w>The</w>
  <w>United</w>
  <w>States</w>
  <w>of</w>
  <w>America</w>
  <w>:</w>
  <w>"</w>
  <w>The</w>
  <w>right</w>
  <w>of</w>
  <w>the</w>
  <w>people</w>
  <w>to</w>
  <w>be</w>
  <w>secure</w>
  <w>in</w>
  <w>their</w>
  <w>persons</w>
  <w>,</w>
  <w>houses</w>
  <w>,</w>
  <w>papers</w>
  <w>,</w>
  <w>and</w>
  <w>effects</w>
  <w>,</w>
  <w>against</w>
  <w>unreasonable</w>
  <w>searches</w>
  <w>and</w>
  <w>seizures</w>
  <w>,</w>
  <w>shall</w>
  <w>not</w>
  <w>be</w>
  <w>violated</w>
  <w>,</w>
  <w>and</w>
  <w>no</w>
  <w>Warrants</w>
  <w>shall</w>
  <w>issue</w>
  <w>,</w>
  <w>but</w>
  <w>upon</w>
  <w>probable</w>
  <w>cause</w>
  <w>,</w>
  <w>supported</w>
  <w>by</w>
  <w>Oath</w>
  <w>or</w>
  <w>affirmation</w>
  <w>,</w>
  <w>and</w>
  <w>particularly</w>
  <w>describing</w>
  <w>the</w>
  <w>place</w>
  <w>to</w>
  <w>be</w>
  <w>searched</w>
  <w>,</w>
  <w>and</w>
  <w>the</w>
  <w>persons</w>
  <w>or</w>
  <w>things</w>
  <w>to</w>
  <w>be</w>
  <w>seized</w>
  <w>.</w>
  <w>"</w>
  <w>Tack</w>
  <w>för</w>
  <w>att</w>
  <w>ni</w>
  <w>frågade</w>
  <w>.</w>
</absapar>
<absapar id=34>
  <w>#</w>
  <w>P</w>
  <w>IMM</w>
  <w>.</w>
  <w>13</w>
  <w>:</w>
  <w>16</w>
  <absaspan id=109>
    <w>Kalle</w>
  </absaspan>
  <w>:</w>
  <absaspan id=110>
    <w>När</w>
    <w>det</w>
    <w>görs</w>
    <w>i</w>
    <w>Kina</w>
    <w>,</w>
    <w>Iran</w>
    <w>med</w>
    <w>mera</w>
  </absaspan>
  <w>är</w>
  <w>det</w>
  <absaspan id=111 senti=1>
    <w>förkastligt</w>
  </absaspan>
  <w>,</w>
  <absaspan id=112 senti=2>
    <w>odemokratiskt</w>
  </absaspan>
  <w>och</w>
  <absaspan id=113 senti=1>
    <w>ett</w>
    <w>hot</w>
  </absaspan>
  <absaspan id=114>
    <w>.</w>
  </absaspan>
  <absaspan id=115>
    <w>Görs</w>
    <w>det</w>
    <w>i</w>
    <w>USA</w>
    <w>eller</w>
    <w>Sverige</w>
  </absaspan>
  <w>är</w>
  <w>det</w>
  <absaspan id=116 senti=5>
    <w>för</w>
    <w>allas</w>
    <w>bästa</w>
  </absaspan>
  <absaspan id=117>
    <w>.</w>
  </absaspan>
  <absaspan id=118>
    <w>Ni</w>
    <w>som</w>
    <w>tycker</w>
    <w>övervakning</w>
    <w>är</w>
    <w>okej</w>
  </absaspan>
  <w>och</w>
  <w>berättigar</w>
  <w>det</w>
  <w>med</w>
  <w>"</w>
  <w>jag</w>
  <w>har</w>
  <w>inget</w>
  <w>att</w>
  <w>dölja</w>
  <w>"</w>
  <w>är</w>
  <absaspan id=119 senti=1>
    <w>korkade</w>
    <w>hycklare</w>
  </absaspan>
  <w>!</w>
  <w>.</w>
</absapar>
<absapar id=35>
  <w>#</w>
  <w>P</w>
  <w>IMM</w>
  <w>.</w>
  <w>13</w>
  <w>:</w>
  <w>19</w>
  <w>Tomas</w>
  <w>:</w>
  <w>Jag</w>
  <w>är</w>
  <w>mest</w>
  <w>förvåmad</w>
  <w>över</w>
  <w>att</w>
  <w>folk</w>
  <w>inte</w>
  <w>fattade</w>
  <w>detta</w>
  <w>själva</w>
  <w>.</w>
  <w>Allt</w>
  <w>vi</w>
  <w>gör</w>
  <w>i</w>
  <w>dagens</w>
  <w>it-samhälle</w>
  <w>lämnar</w>
  <w>ju</w>
  <w>avtryck</w>
  <w>efter</w>
  <w>sig</w>
  <w>och</w>
  <w>varför</w>
  <w>skulle</w>
  <w>de</w>
  <w>bara</w>
  <w>slänga</w>
  <absaspan id=120>
    <w>informationen</w>
    <w>de</w>
  </absaspan>
  <absaspan id=121 senti=4>
    <w>kan</w>
    <w>ha</w>
    <w>nytta</w>
    <w>av</w>
  </absaspan>
  <w>.</w>
  <w>Se</w>
  <w>bara</w>
  <w>på</w>
  <w>banken</w>
  <w>;</w>
  <w>de</w>
  <w>vet</w>
  <w>ju</w>
  <w>allt</w>
  <w>om</w>
  <w>ditt</w>
  <w>liv</w>
  <w>eftersom</w>
  <w>du</w>
  <w>betalar</w>
  <w>med</w>
  <w>kort</w>
  <w>och</w>
  <w>betalar</w>
  <w>dina</w>
  <w>räkningar</w>
  <w>där</w>
  <w>!</w>
  <w>Jag</w>
  <w>vet</w>
  <w>själv</w>
  <w>en</w>
  <w>person</w>
  <w>där</w>
  <w>banken</w>
  <w>tyckte</w>
  <w>att</w>
  <w>hen</w>
  <w>skulle</w>
  <w>amortera</w>
  <w>mer</w>
  <w>på</w>
  <w>sitt</w>
  <w>lån</w>
  <w>,</w>
  <w>och</w>
  <w>det</w>
  <w>hade</w>
  <w>hen</w>
  <w>råd</w>
  <w>med</w>
  <w>om</w>
  <w>hen</w>
  <w>inte</w>
  <w>gick</w>
  <w>till</w>
  <w>systembolaget</w>
  <w>så</w>
  <w>ofta</w>
  <w>!</w>
  <w>.</w>
</absapar>
<absapar id=36>
  <w>#</w>
  <w>P</w>
  <w>IMM</w>
  <w>.</w>
  <w>13</w>
  <w>:</w>
  <w>19</w>
  <absaspan id=122>
    <w>Tobbe</w>
  </absaspan>
  <w>:</w>
  <w>Vi</w>
  <w>kan</w>
  <w>ju</w>
  <w>inte</w>
  <w>utgå</w>
  <w>från</w>
  <w>att</w>
  <w>den</w>
  <w>informationen</w>
  <w>som</w>
  <w>samlas</w>
  <w>in</w>
  <w>bara</w>
  <w>är</w>
  <w>tillgänglig</w>
  <w>för</w>
  <w>den</w>
  <w>som</w>
  <w>har</w>
  <w>"</w>
  <w>rent</w>
  <w>mjöl</w>
  <w>i</w>
  <w>sin</w>
  <w>påse</w>
  <w>"</w>
  <w>Oavsett</w>
  <w>om</w>
  <w>det</w>
  <w>är</w>
  <w>politiker</w>
  <w>,</w>
  <absaspan id=123 senti=1>
    <w>korrupt</w>
  </absaspan>
  <absaspan id=124>
    <w>säkerhetspolis</w>
  </absaspan>
  <w>eller</w>
  <w>ryska</w>
  <w>cyberbrottslingar</w>
  <w>som</w>
  <w>på</w>
  <w>något</w>
  <w>sätt</w>
  <w>får</w>
  <w>tillgång</w>
  <w>till</w>
  <w>en</w>
  <w>detaljerad</w>
  <w>kartläggning</w>
  <w>av</w>
  <w>DITT</w>
  <w>liv</w>
  <w>!</w>
  <w>.</w>
</absapar>
<absapar id=37>
  <w>#</w>
  <w>P</w>
  <w>IMM</w>
  <w>.</w>
  <w>13</w>
  <w>:</w>
  <w>19</w>
  <w>Fafhrd2</w>
  <w>:</w>
  <w>@</w>
  <absaspan id=125>
    <w>Lena</w>
    <w>Karvik</w>
  </absaspan>
  <w>:</w>
  <absaspan id=126>
    <w>Många</w>
  </absaspan>
  <w>verkar</w>
  <w>ju</w>
  <absaspan id=127 senti=2>
    <w>ha</w>
  </absaspan>
  <w>lite</w>
  <absaspan id=128 senti=2>
    <w>dubbelmoral</w>
  </absaspan>
  <w>.</w>
  <w>Däremot</w>
  <w>jag</w>
  <w>själv</w>
  <w>är</w>
  <w>väldigt</w>
  <w>försiktig</w>
  <w>med</w>
  <w>vad</w>
  <w>jag</w>
  <w>ger</w>
  <w>ut</w>
  <w>om</w>
  <w>mig</w>
  <w>själv</w>
  <w>.</w>
  <w>Har</w>
  <w>varken</w>
  <w>facebook</w>
  <w>eller</w>
  <w>något</w>
  <w>annat</w>
  <w>och</w>
  <w>jag</w>
  <w>publicerar</w>
  <w>aldrig</w>
  <w>bilder</w>
  <w>någonstans</w>
  <w>på</w>
  <w>internet</w>
  <w>.</w>
  <w>Som</w>
  <w>jag</w>
  <w>skrev</w>
  <w>tidigare</w>
  <w>,</w>
  <w>många</w>
  <w>verkar</w>
  <w>inte</w>
  <w>förstå</w>
  <w>hur</w>
  <w>lätt</w>
  <w>det</w>
  <w>är</w>
  <w>att</w>
  <w>få</w>
  <w>tag</w>
  <w>i</w>
  <w>deras</w>
  <w>uppgifter</w>
  <w>via</w>
  <w>just</w>
  <w>dessa</w>
  <w>sociala</w>
  <w>medier</w>
  <w>och</w>
  <w>hur</w>
  <w>mycket</w>
  <w>de</w>
  <w>delar</w>
  <w>med</w>
  <w>sig</w>
  <w>till</w>
  <w>okända</w>
  <w>.</w>
</absapar>
<absapar id=38>
  <w>#</w>
  <w>P</w>
  <w>IMM</w>
  <w>.</w>
  <w>13</w>
  <w>:</w>
  <w>20</w>
  <w>anonym</w>
  <w>:</w>
  <w>Hej</w>
  <w>Lena</w>
  <w>.</w>
  <w>.</w>
  <w>ja</w>
  <w>du</w>
  <w>har</w>
  <w>en</w>
  <w>poäng</w>
  <w>men</w>
  <w>det</w>
  <w>finns</w>
  <w>de</w>
  <w>som</w>
  <w>INTE</w>
  <w>vill</w>
  <absaspan id=129 senti=2>
    <w>vika</w>
    <w>ut</w>
    <w>sig</w>
  </absaspan>
  <w>.</w>
  <w>Jag</w>
  <w>tex</w>
  <w>-</w>
  <w>har</w>
  <w>lämnat</w>
  <w>facebook</w>
  <w>för</w>
  <w>länge</w>
  <w>sen</w>
  <w>.</w>
</absapar>
<absapar id=39>
  <w>#</w>
  <w>P</w>
  <w>IMM</w>
  <w>.</w>
  <w>13</w>
  <w>:</w>
  <w>22</w>
  <w>Alex</w>
  <w>:</w>
  <w>Ska</w>
  <absaspan id=130>
    <w>EUmedborgare</w>
  </absaspan>
  <w>verkligen</w>
  <w>ha</w>
  <w>rätt</w>
  <w>att</w>
  <absaspan id=131 senti=2>
    <w>vara</w>
    <w>upprörda</w>
  </absaspan>
  <w>?</w>
  <w>Vi</w>
  <w>i</w>
  <w>Sverige</w>
  <w>har</w>
  <w>FRA</w>
  <w>som</w>
  <w>gör</w>
  <w>exakt</w>
  <w>samma</w>
  <w>sak</w>
  <w>.</w>
  <w>.</w>
  <w>.</w>
  <w>FRA</w>
  <w>byter</w>
  <w>information</w>
  <w>med</w>
  <w>USA</w>
  <w>,</w>
  <w>i</w>
  <w>praktiken</w>
  <w>övervakas</w>
  <w>alla</w>
  <w>som</w>
  <w>använder</w>
  <w>nätet</w>
  <w>och</w>
  <w>EU</w>
  <w>(</w>
  <w>och</w>
  <w>Sverige</w>
  <w>)</w>
  <w>har</w>
  <w>godkänt</w>
  <w>det</w>
  <w>.</w>
</absapar>
<absapar id=40>
  <w>#</w>
  <w>P</w>
  <w>IMM</w>
  <w>.</w>
  <w>13</w>
  <w>:</w>
  <w>22</w>
  <w>Land</w>
  <w>of</w>
  <w>the</w>
  <w>Free</w>
  <w>:</w>
  <w>Thomas</w>
  <w>J</w>
  <w>C</w>
  <w>D</w>
  <w>:</w>
  <w>"</w>
  <w>People</w>
  <w>"</w>
  <w>är</w>
  <w>USA</w>
  <w>medborgare</w>
  <w>,</w>
  <w>inte</w>
  <w>svenskar</w>
  <w>!</w>
  <w>.</w>
</absapar>
<absapar id=41>
  <w>#</w>
  <w>P</w>
  <w>IMM</w>
  <w>.</w>
  <w>13</w>
  <w>:</w>
  <w>22</w>
  <w>Land</w>
  <w>of</w>
  <w>the</w>
  <w>Free</w>
  <w>:</w>
  <w>Lena</w>
  <w>:</w>
  <w>Användaran</w>
  <w>läser</w>
  <w>inte</w>
  <w>användarvillkoren</w>
  <w>.</w>
  <w>De</w>
  <w>som</w>
  <w>läser</w>
  <w>användarvillkoren</w>
  <w>tror</w>
  <w>att</w>
  <w>"</w>
  <w>lämnar</w>
  <w>bara</w>
  <w>ut</w>
  <w>information</w>
  <w>om</w>
  <w>lagen</w>
  <w>kräver</w>
  <w>det</w>
  <w>"</w>
  <w>innebär</w>
  <w>att</w>
  <w>användaren</w>
  <w>måste</w>
  <w>var</w>
  <w>mistänkt</w>
  <w>för</w>
  <w>brott</w>
  <w>som</w>
  <w>ger</w>
  <w>fängelse</w>
  <w>i</w>
  <w>mer</w>
  <w>än</w>
  <w>2</w>
  <w>år</w>
  <w>.</w>
  <w>Verkligheten</w>
  <w>är</w>
  <w>att</w>
  <w>om</w>
  <w>du</w>
  <w>inte</w>
  <w>är</w>
  <w>USA</w>
  <w>medborgare</w>
  <w>kan</w>
  <w>NSA</w>
  <w>och</w>
  <w>FBI</w>
  <w>begära</w>
  <w>ut</w>
  <w>all</w>
  <w>data</w>
  <w>med</w>
  <w>stöd</w>
  <w>av</w>
  <w>lagen</w>
  <absaspan id=132 senti=2>
    <w>på</w>
    <w>diffusa</w>
    <w>grunder</w>
  </absaspan>
  <w>.</w>
  <w>Dessutom</w>
  <w>får</w>
  <w>användaren</w>
  <w>aldrig</w>
  <w>möjighet</w>
  <w>att</w>
  <w>invända</w>
  <w>.</w>
</absapar>
<absapar id=42>
  <w>#</w>
  <w>P</w>
  <w>IMM</w>
  <w>.</w>
  <w>13</w>
  <w>:</w>
  <w>24</w>
  <absaspan id=133>
    <w>Fafhrd2</w>
  </absaspan>
  <w>:</w>
  <w>@</w>
  <w>Lena</w>
  <w>Karvik</w>
  <w>:</w>
  <w>Det</w>
  <w>som</w>
  <w>är</w>
  <w>fel</w>
  <w>är</w>
  <w>ju</w>
  <w>att</w>
  <w>man</w>
  <w>läser</w>
  <w>e-mail</w>
  <w>konton</w>
  <w>eller</w>
  <w>kollar</w>
  <w>dem</w>
  <w>.</w>
  <w>Ingen</w>
  <w>har</w>
  <w>att</w>
  <w>göra</w>
  <w>med</w>
  <w>konversationerna</w>
  <w>på</w>
  <w>dessa</w>
  <w>anser</w>
  <w>jag</w>
  <w>.</w>
  <w>På</w>
  <w>sociala</w>
  <w>medier</w>
  <w>tycker</w>
  <w>jag</w>
  <absaspan id=134>
    <w>man</w>
  </absaspan>
  <absaspan id=135 senti=2>
    <w>får</w>
    <w>skylla</w>
    <w>sig</w>
    <w>själv</w>
  </absaspan>
  <w>då</w>
  <w>många</w>
  <w>har</w>
  <w>dem</w>
  <w>till</w>
  <w>viss</w>
  <w>del</w>
  <w>öppna</w>
  <w>men</w>
  <w>e-mail</w>
  <w>anser</w>
  <w>jag</w>
  <w>är</w>
  <w>som</w>
  <w>privata</w>
  <w>brev</w>
  <w>.</w>
</absapar>
<absapar id=43>
  <w>#</w>
  <w>P</w>
  <w>IMM</w>
  <w>.</w>
  <w>13</w>
  <w>:</w>
  <w>24</w>
  <w>Johan</w>
  <w>:</w>
  <w>Övervakning</w>
  <w>.</w>
  <w>Hur</w>
  <w>många</w>
  <w>miljarder</w>
  <w>är</w>
  <w>det</w>
  <w>värt</w>
  <w>att</w>
  <w>hitta</w>
  <w>ett</w>
  <w>halmstrå</w>
  <w>i</w>
  <w>en</w>
  <w>lada</w>
  <w>full</w>
  <w>med</w>
  <w>halm</w>
  <w>.</w>
  <w>?</w>
  <w>.</w>
</absapar>
<absapar id=44>
  <w>#</w>
  <w>P</w>
  <w>IMM</w>
  <w>.</w>
  <w>13</w>
  <w>:</w>
  <w>24</w>
  <w>Patrik</w>
  <w>:</w>
  <w>Och</w>
  <w>även</w>
  <w>i</w>
  <w>sociala</w>
  <w>medier</w>
  <w>är</w>
  <w>många</w>
  <w>noga</w>
  <w>med</w>
  <w>vilka</w>
  <w>som</w>
  <w>läser</w>
  <w>deras</w>
  <w>saker</w>
  <w>.</w>
  <w>Se</w>
  <w>alla</w>
  <w>tidigare</w>
  <w>diskussioner</w>
  <w>om</w>
  <w>Facebooks</w>
  <w>sekretess-regler</w>
  <w>osv</w>
  <w>.</w>
</absapar>
<absapar id=45>
  <w>#</w>
  <w>P</w>
  <w>IMM</w>
  <w>.</w>
  <w>13</w>
  <w>:</w>
  <w>25</w>
  <absaspan id=136>
    <w>Stefan</w>
  </absaspan>
  <w>:</w>
  <w>"</w>
  <absaspan id=137 senti=1>
    <w>Min</w>
    <w>största</w>
    <w>irritation</w>
    <w>är</w>
    <w>att</w>
  </absaspan>
  <absaspan id=138>
    <w>gemene</w>
    <w>man</w>
    <w>inte</w>
    <w>verkar</w>
    <w>bry</w>
  </absaspan>
  <w>"</w>
  <w>och</w>
  <w>liknande</w>
  <w>kommentarer</w>
  <w>är</w>
  <w>väldigt</w>
  <w>vanliga</w>
  <w>här</w>
  <w>ser</w>
  <w>jag</w>
  <absaspan id=139>
    <w>.</w>
  </absaspan>
  <w>Jag</w>
  <w>kan</w>
  <w>inte</w>
  <w>hålla</w>
  <w>med</w>
  <w>,</w>
  <w>just</w>
  <w>eftersom</w>
  <w>att</w>
  <w>de</w>
  <w>flesta</w>
  <w>kommentarerna</w>
  <w>ser</w>
  <w>ut</w>
  <w>så</w>
  <w>som</w>
  <w>den</w>
  <w>ovan</w>
  <w>citerade</w>
  <w>.</w>
  <w>De</w>
  <w>flesta</w>
  <w>verkar</w>
  <w>ju</w>
  <w>faktiskt</w>
  <w>ha</w>
  <w>ganska</w>
  <absaspan id=140 senti=4>
    <w>god</w>
    <w>förståelse</w>
  </absaspan>
  <w>i</w>
  <w>hur</w>
  <w>-</w>
  <w>fel</w>
  <w>-</w>
  <w>övervakningen</w>
  <w>är</w>
  <w>.</w>
  <absaspan id=141 senti=2>
    <w>Synd</w>
    <w>bara</w>
  </absaspan>
  <absaspan id=142>
    <w>att</w>
  </absaspan>
  <absaspan id=143>
    <w>de</w>
    <w>som</w>
    <w>övervakar</w>
  </absaspan>
  <absaspan id=144 senti=1>
    <w>ger</w>
    <w>blanka</w>
    <w>fan</w>
    <w>i</w>
  </absaspan>
  <absaspan id=145>
    <w>vad</w>
    <w>folket</w>
    <w>tycker</w>
  </absaspan>
  <w>.</w>
  <w>.</w>
  <w>.</w>
</absapar>
<absapar id=46>
  <w>#</w>
  <w>P</w>
  <w>IMM</w>
  <w>.</w>
  <w>13</w>
  <w>:</w>
  <w>25</w>
  <w>Patrik</w>
  <w>:</w>
  <w>Sociala</w>
  <w>medier</w>
  <w>är</w>
  <w>ett</w>
  <w>val</w>
  <w>.</w>
  <w>När</w>
  <w>jag</w>
  <w>ringer</w>
  <w>,</w>
  <w>mailar</w>
  <w>eller</w>
  <w>sms'ar</w>
  <w>en</w>
  <w>vän</w>
  <w>är</w>
  <w>det</w>
  <w>privat</w>
  <w>.</w>
</absapar>
<absapar id=47>
  <w>#</w>
  <w>P</w>
  <w>IMM</w>
  <w>.</w>
  <w>13</w>
  <w>:</w>
  <w>26</w>
  <w>Lena</w>
  <w>Karvik</w>
  <w>:</w>
  <w>Intressanta</w>
  <w>synpunkter</w>
  <w>.</w>
  <w>Och</w>
  <w>många</w>
  <w>-</w>
  <w>vi</w>
  <w>får</w>
  <w>nog</w>
  <w>dra</w>
  <w>över</w>
  <w>lite</w>
  <w>idag</w>
  <w>.</w>
  <w>.</w>
  <w>.</w>
</absapar>
<absapar id=48>
  <w>#</w>
  <w>P</w>
  <w>IMM</w>
  <w>.</w>
  <w>13</w>
  <w>:</w>
  <w>26</w>
  <w>Fredrik</w>
  <w>:</w>
  <w>Den</w>
  <w>avslöjade</w>
  <absaspan id=146 senti=1>
    <w>massövervakningen</w>
  </absaspan>
  <w>reser</w>
  <w>också</w>
  <w>frågor</w>
  <w>kring</w>
  <w>hur</w>
  <w>det</w>
  <w>står</w>
  <w>till</w>
  <w>med</w>
  <w>bakdörrar</w>
  <w>in</w>
  <w>i</w>
  <w>digitala</w>
  <w>produkter</w>
  <w>från</w>
  <w>amerikanska</w>
  <w>företag</w>
  <w>.</w>
  <w>Är</w>
  <w>Windows</w>
  <w>,</w>
  <w>IOS</w>
  <w>,</w>
  <w>Android</w>
  <w>operativsystemen</w>
  <w>verkligen</w>
  <w>fria</w>
  <w>från</w>
  <w>bakdörrar</w>
  <w>där</w>
  <w>amerikanska</w>
  <w>myndigheter</w>
  <w>kan</w>
  <w>logga</w>
  <w>in</w>
  <w>och</w>
  <w>göra</w>
  <w>vad</w>
  <w>de</w>
  <w>vill</w>
  <w>?</w>
  <w>Steget</w>
  <w>till</w>
  <w>det</w>
  <w>från</w>
  <w>att</w>
  <w>fritt</w>
  <w>logga</w>
  <w>in</w>
  <w>på</w>
  <w>våra</w>
  <w>amerikanska</w>
  <w>konton</w>
  <w>är</w>
  <w>inte</w>
  <w>långt</w>
  <w>.</w>
</absapar>
<absapar id=49>
  <w>#</w>
  <w>P</w>
  <w>IMM</w>
  <w>.</w>
  <w>13</w>
  <w>:</w>
  <w>28</w>
  <w>Dag</w>
  <w>Nilsson</w>
  <w>:</w>
  <w>Utah</w>
  <w>Data</w>
  <w>Center</w>
  <w>,</w>
  <w>som</w>
  <w>är</w>
  <w>under</w>
  <w>färdigställande</w>
  <w>,</w>
  <w>lära</w>
  <w>vara</w>
  <w>dimensionerat</w>
  <w>för</w>
  <w>att</w>
  <w>lagra</w>
  <w>all</w>
  <w>världens</w>
  <w>datatrafik</w>
  <w>-</w>
  <w>musik</w>
  <w>och</w>
  <w>film</w>
  <w>undantagen</w>
  <w>-</w>
  <w>i</w>
  <w>100</w>
  <w>år</w>
  <w>.</w>
  <w>Detta</w>
  <w>torde</w>
  <w>innebära</w>
  <w>att</w>
  <w>vi</w>
  <w>endast</w>
  <w>sett</w>
  <w>början</w>
  <w>på</w>
  <w>övervakningen</w>
  <w>.</w>
  <w>Eller</w>
  <w>kan</w>
  <w>denna</w>
  <w>extremt</w>
  <w>stora</w>
  <w>anläggning</w>
  <w>betyda</w>
  <w>något</w>
  <w>annat</w>
  <w>?</w>
  <w>.</w>
</absapar>
<absapar id=50>
  <w>#</w>
  <w>P</w>
  <w>IMM</w>
  <w>.</w>
  <w>13</w>
  <w>:</w>
  <w>28</w>
  <absaspan id=147>
    <w>Sandra</w>
  </absaspan>
  <w>:</w>
  <w>Hur</w>
  <w>många</w>
  <absaspan id=148>
    <w>tonåringar</w>
  </absaspan>
  <w>,</w>
  <w>och</w>
  <absaspan id=149>
    <w>vuxna</w>
  </absaspan>
  <w>för</w>
  <w>den</w>
  <w>delen</w>
  <w>,</w>
  <w>inser</w>
  <w>att</w>
  <w>allt</w>
  <w>de</w>
  <absaspan id=150 senti=2>
    <w>viker</w>
    <w>ut</w>
    <w>på</w>
    <w>nätet</w>
  </absaspan>
  <w>kommer</w>
  <w>att</w>
  <w>läsas</w>
  <w>av</w>
  <w>deras</w>
  <w>barnbarn</w>
  <w>och</w>
  <w>framtida</w>
  <w>arbetsgivare</w>
  <w>?</w>
  <w>.</w>
</absapar>
<absapar id=51>
  <w>#</w>
  <w>P</w>
  <w>IMM</w>
  <w>.</w>
  <w>13</w>
  <w>:</w>
  <w>28</w>
  <w>Land</w>
  <w>of</w>
  <w>the</w>
  <w>Free</w>
  <w>:</w>
  <w>Den</w>
  <w>rapportering</w>
  <w>som</w>
  <w>Microsoft</w>
  <w>och</w>
  <w>Goolge</w>
  <w>har</w>
  <w>släppt</w>
  <w>med</w>
  <w>statistik</w>
  <w>över</w>
  <w>frågor</w>
  <w>respektive</w>
  <w>utlämad</w>
  <w>information</w>
  <w>om</w>
  <w>användare</w>
  <w>gäller</w>
  <w>inte</w>
  <w>PRISM</w>
  <w>eller</w>
  <w>National</w>
  <w>Security</w>
  <w>Letters</w>
  <w>.</w>
</absapar>
<absapar id=52>
  <w>#</w>
  <w>P</w>
  <w>IMM</w>
  <w>.</w>
  <w>13</w>
  <w>:</w>
  <w>31</w>
  <absaspan id=151>
    <w>Johan</w>
  </absaspan>
  <w>:</w>
  <absaspan id=152>
    <w>De</w>
    <w>tjänar</w>
    <w>pengar</w>
    <w>på</w>
    <w>dig</w>
    <w>som</w>
    <w>använder</w>
    <w>facebook</w>
    <w>,</w>
    <w>google</w>
    <w>,</w>
    <w>Yahoo</w>
    <w>,</w>
    <w>m</w>
    <w>.</w>
    <w>.</w>
    <w>m</w>
  </absaspan>
  <absaspan id=153 senti=3>
    <w>inget</w>
    <w>fel</w>
    <w>med</w>
    <w>det</w>
  </absaspan>
  <w>.</w>
  <w>Men</w>
  <w>du</w>
  <w>ska</w>
  <w>äga</w>
  <w>rätten</w>
  <w>till</w>
  <w>din</w>
  <w>egen</w>
  <w>integritet</w>
  <w>.</w>
  <w>Detta</w>
  <w>eftersom</w>
  <w>du</w>
  <w>som</w>
  <w>människa</w>
  <w>utvecklas</w>
  <w>och</w>
  <w>kan</w>
  <w>ändra</w>
  <w>din</w>
  <w>syn</w>
  <w>på</w>
  <w>saker</w>
  <w>och</w>
  <w>ting</w>
  <w>.</w>
  <absaspan id=154>
    <w>Det</w>
    <w>som</w>
    <w>är</w>
    <w>rätt</w>
    <w>idag</w>
  </absaspan>
  <w>kan</w>
  <w>vara</w>
  <absaspan id=155 senti=1>
    <w>fel</w>
    <w>och</w>
    <w>förkastligt</w>
    <w>imorgon</w>
  </absaspan>
  <w>.</w>
  <w>eg</w>
  <w>Tintin</w>
  <absaspan id=156>
    <w>.</w>
  </absaspan>
</absapar>
<absapar id=53>
  <w>#</w>
  <w>P</w>
  <w>IMM</w>
  <w>.</w>
  <w>13</w>
  <w>:</w>
  <w>31</w>
  <w>Fafhrd2</w>
  <w>:</w>
  <w>@</w>
  <absaspan id=157>
    <w>Fredrik</w>
  </absaspan>
  <w>13</w>
  <w>:</w>
  <w>26</w>
  <w>:</w>
  <absaspan id=158>
    <w>Allt</w>
    <w>med</w>
    <w>telefoner</w>
    <w>,</w>
    <w>appar</w>
    <w>etc</w>
  </absaspan>
  <absaspan id=159 senti=2>
    <w>ska</w>
    <w>man</w>
  </absaspan>
  <w>ju</w>
  <absaspan id=160 senti=2>
    <w>se</w>
  </absaspan>
  <absaspan id=161 senti=2>
    <w>upp</w>
    <w>med</w>
  </absaspan>
  <w>.</w>
  <w>Ta</w>
  <w>bara</w>
  <w>Goggles</w>
  <w>,</w>
  <w>Gmail</w>
  <w>etc</w>
  <w>som</w>
  <w>kräver</w>
  <w>tillgång</w>
  <w>till</w>
  <w>allt</w>
  <w>på</w>
  <w>din</w>
  <w>telefon</w>
  <w>.</w>
  <w>De</w>
  <w>kan</w>
  <w>lätt</w>
  <w>utläsa</w>
  <w>var</w>
  <w>du</w>
  <w>förflyttar</w>
  <w>dig</w>
  <w>etc</w>
  <w>under</w>
  <w>dagen</w>
  <w>.</w>
  <w>Konstigt</w>
  <w>är</w>
  <w>ju</w>
  <w>att</w>
  <w>de</w>
  <w>kräver</w>
  <w>tillgång</w>
  <w>till</w>
  <w>just</w>
  <w>detta</w>
  <w>,</w>
  <w>för</w>
  <w>det</w>
  <w>har</w>
  <w>ju</w>
  <w>ingen</w>
  <w>betydelse</w>
  <w>för</w>
  <w>tex</w>
  <w>"</w>
  <w>Maps</w>
  <w>"</w>
  <w>men</w>
  <w>ändå</w>
  <w>vill</w>
  <w>de</w>
  <w>veta</w>
  <w>.</w>
  <w>.</w>
  <w>.</w>
</absapar>
<absapar id=54>
  <w>#</w>
  <w>P</w>
  <w>IMM</w>
  <w>.</w>
  <w>13</w>
  <w>:</w>
  <w>32</w>
  <w>Lena</w>
  <w>Karvik</w>
  <w>:</w>
  <w>Kolla</w>
  <w>gärna</w>
  <w>in</w>
  <w>NSA</w>
  <w>:</w>
  <w>s</w>
  <w>egen</w>
  <w>hemsida</w>
  <w>.</w>
  <w>Där</w>
  <w>kommenterar</w>
  <w>de</w>
  <w>avslöjandena</w>
  <w>om</w>
  <w>övervakningen</w>
  <w>.</w>
</absapar>
<absapar id=55>
  <w>#</w>
  <w>P</w>
  <w>IMM</w>
  <w>.</w>
  <w>13</w>
  <w>:</w>
  <w>32</w>
  <w>Sandra</w>
  <w>:</w>
  <w>@</w>
  <w>Fredrik</w>
  <w>USA</w>
  <w>har</w>
  <w>förbjudit</w>
  <w>kinesiska</w>
  <w>elektronikchip</w>
  <w>i</w>
  <w>internetutrustning</w>
  <w>.</w>
  <w>Anledningen</w>
  <w>är</w>
  <w>risk</w>
  <w>för</w>
  <w>att</w>
  <w>bakdörrar</w>
  <w>är</w>
  <w>inlagda</w>
  <w>i</w>
  <w>själva</w>
  <w>chipen</w>
  <w>.</w>
</absapar>
<absapar id=56>
  <w>#</w>
  <w>P</w>
  <w>IMM</w>
  <w>.</w>
  <w>13</w>
  <w>:</w>
  <w>39</w>
  <w>Sandra</w>
  <w>:</w>
  <w>Smartphones</w>
  <w>.</w>
  <w>Hur</w>
  <w>många</w>
  <w>sådana</w>
  <w>med</w>
  <w>spionmjukvara</w>
  <w>som</w>
  <w>lyssnar</w>
  <w>och</w>
  <w>sparar</w>
  <w>mha</w>
  <w>dess</w>
  <w>microfon</w>
  <w>har</w>
  <w>legat</w>
  <w>på</w>
  <w>styrelsebord</w>
  <w>och</w>
  <w>politiska</w>
  <w>internmöten</w>
  <w>?</w>
  <w>.</w>
</absapar>
<absapar id=57>
  <w>#</w>
  <w>P</w>
  <w>IMM</w>
  <w>.</w>
  <w>13</w>
  <w>:</w>
  <w>41</w>
  <w>Land</w>
  <w>of</w>
  <w>the</w>
  <w>Free</w>
  <w>:</w>
  <w>Generellt</w>
  <w>är</w>
  <w>USA</w>
  <w>långt</w>
  <w>efter</w>
  <w>europa</w>
  <w>när</w>
  <w>det</w>
  <w>gäller</w>
  <w>integritetslagar</w>
  <w>för</w>
  <w>internet</w>
  <w>.</w>
  <w>Exempel</w>
  <w>:</w>
  <w>Äldre</w>
  <w>email</w>
  <w>betraktas</w>
  <w>som</w>
  <w>borttappade</w>
  <w>föremål</w>
  <w>som</w>
  <w>tillhör</w>
  <w>upphittaren</w>
  <w>!</w>
  <w>.</w>
</absapar>
<absapar id=58>
  <w>#</w>
  <w>P</w>
  <w>IMM</w>
  <w>.</w>
  <w>13</w>
  <w>:</w>
  <w>41</w>
  <w>Ansgar</w>
  <w>WInsch</w>
  <w>:</w>
  <w>Stor</w>
  <w>i</w>
  <w>ett</w>
  <w>vattenglas</w>
  <w>.</w>
  <w>.</w>
  <w>.</w>
  <w>inget</w>
  <w>nytt</w>
  <w>.</w>
  <w>I</w>
  <w>alla</w>
  <w>tider</w>
  <w>har</w>
  <w>myndigheter</w>
  <w>haft</w>
  <w>tillgång</w>
  <w>till</w>
  <w>den</w>
  <w>infromation</w>
  <w>som</w>
  <w>́</w>
  <w>dom</w>
  <w>önskar</w>
  <w>.</w>
  <w>I</w>
  <w>bland</w>
  <w>med</w>
  <w>lagligt</w>
  <w>stöd</w>
  <w>i</w>
  <w>bland</w>
  <w>inte</w>
  <w>.</w>
  <w>Säkerhetspolisen</w>
  <w>och</w>
  <w>den</w>
  <w>militära</w>
  <w>underättelsetjänsten</w>
  <w>har</w>
  <w>alltid</w>
  <w>haft</w>
  <w>metoder</w>
  <w>.</w>
  <w>Men</w>
  <w>inbilla</w>
  <w>erinte</w>
  <w>att</w>
  <w>någon</w>
  <w>på</w>
  <w>FRA</w>
  <w>elle</w>
  <w>NSA</w>
  <w>sitter</w>
  <w>och</w>
  <w>läser</w>
  <w>dina</w>
  <w>uppdatreringar</w>
  <w>ppå</w>
  <w>internet</w>
  <w>,</w>
  <w>eller</w>
  <w>ögnar</w>
  <w>i</w>
  <w>genom</w>
  <w>dina</w>
  <w>mail</w>
  <w>.</w>
  <w>Man</w>
  <w>arbetar</w>
  <w>med</w>
  <w>adressmönster</w>
  <w>,</w>
  <w>sökord</w>
  <w>,</w>
  <w>trafik</w>
  <w>mellan</w>
  <w>länder</w>
  <w>och</w>
  <w>orter</w>
  <w>och</w>
  <w>IP-adresser</w>
  <w>.</w>
  <w>.</w>
  <w>.</w>
  <w>man</w>
  <w>följer</w>
  <w>upp</w>
  <w>särskilda</w>
  <w>händelser</w>
  <w>för</w>
  <w>att</w>
  <w>spåra</w>
  <w>hur</w>
  <w>kontakterna</w>
  <w>ser</w>
  <w>ut</w>
  <w>.</w>
  <w>.</w>
  <w>.</w>
  <w>och</w>
  <w>nej</w>
  <w>för</w>
  <w>dig</w>
  <w>och</w>
  <w>mig</w>
  <w>.</w>
  <w>.</w>
  <w>.</w>
  <w>ingen</w>
  <w>betydlese</w>
  <w>.</w>
  <w>Det</w>
  <w>som</w>
  <w>skulle</w>
  <w>kunna</w>
  <w>oror</w>
  <w>är</w>
  <w>att</w>
  <w>komersiella</w>
  <w>intressen</w>
  <w>får</w>
  <w>tillgång</w>
  <w>till</w>
  <w>dina</w>
  <w>fakta</w>
  <w>.</w>
  <w>.</w>
  <w>.</w>
  <w>då</w>
  <w>kommer</w>
  <w>dina</w>
  <w>inköpsmönster</w>
  <w>med</w>
  <w>hjälp</w>
  <w>av</w>
  <w>betalkort</w>
  <w>att</w>
  <w>spåras</w>
  <w>.</w>
  <w>.</w>
  <w>.</w>
  <w>ICA</w>
  <w>vet</w>
  <w>att</w>
  <w>du</w>
  <w>gillar</w>
  <w>Oxfile</w>
  <w>.</w>
  <w>.</w>
  <w>SAS</w>
  <w>mnär</w>
  <w>du</w>
  <w>ska</w>
  <w>få</w>
  <w>erbjudande</w>
  <w>om</w>
  <w>billga</w>
  <w>resan</w>
  <w>till</w>
  <w>Mallorca</w>
  <w>.</w>
  <w>.</w>
  <w>.</w>
  <w>och</w>
  <w>porr</w>
  <w>industrin</w>
  <w>att</w>
  <w>du</w>
  <w>är</w>
  <w>intreseerad</w>
  <w>av</w>
  <w>porr</w>
  <w>.</w>
  <w>.</w>
  <w>.</w>
  <w>.</w>
  <w>.</w>
  <w>då</w>
  <w>.</w>
  <w>.</w>
  <w>fär</w>
  <w>det</w>
  <w>ett</w>
  <w>problem</w>
  <w>.</w>
</absapar>
<absapar id=59>
  <w>#</w>
  <w>P</w>
  <w>IMM</w>
  <w>.</w>
  <w>13</w>
  <w>:</w>
  <w>41</w>
  <w>Lena</w>
  <w>Karvik</w>
  <w>:</w>
  <w>Försöker</w>
  <w>hinna</w>
  <w>med</w>
  <w>så</w>
  <w>många</w>
  <w>inlägg</w>
  <w>som</w>
  <w>möjligt</w>
  <w>men</w>
  <w>kommer</w>
  <w>bli</w>
  <w>svårt</w>
  <w>att</w>
  <w>få</w>
  <w>med</w>
  <w>alla</w>
  <w>.</w>
  <w>Tänk</w>
  <w>på</w>
  <w>att</w>
  <w>skriva</w>
  <w>så</w>
  <w>kort</w>
  <w>som</w>
  <w>möjligt</w>
  <w>.</w>
</absapar>
<absapar id=60>
  <w>#</w>
  <w>P</w>
  <w>IMM</w>
  <w>.</w>
  <w>13</w>
  <w>:</w>
  <w>42</w>
  <absaspan id=162>
    <w>Ulf</w>
    <w>Lagerström</w>
  </absaspan>
  <w>:</w>
  <w>Avslöjanden</w>
  <w>om</w>
  <w>den</w>
  <w>omfattande</w>
  <w>övervakningen</w>
  <w>kom</w>
  <w>inte</w>
  <w>direkt</w>
  <w>som</w>
  <w>en</w>
  <w>överraskning</w>
  <w>för</w>
  <w>mig</w>
  <w>.</w>
  <w>-</w>
  <w>Jag</w>
  <w>tror</w>
  <w>dessutom</w>
  <w>att</w>
  <w>vi</w>
  <w>bara</w>
  <w>har</w>
  <w>sett</w>
  <w>toppen</w>
  <w>på</w>
  <w>isberget</w>
  <w>ännu</w>
  <w>.</w>
  <w>Det</w>
  <w>måste</w>
  <w>ske</w>
  <w>en</w>
  <w>världsomspännande</w>
  <w>lagstiftning</w>
  <w>med</w>
  <w>klara</w>
  <w>etiska</w>
  <w>riktlinjer</w>
  <w>när</w>
  <w>det</w>
  <w>gäller</w>
  <w>att</w>
  <absaspan id=163 senti=2>
    <w>motverka</w>
  </absaspan>
  <absaspan id=164>
    <w>den</w>
    <w>spioneri</w>
    <w>mot</w>
    <w>privatpersoner</w>
    <w>som</w>
    <w>nu</w>
    <w>sker</w>
  </absaspan>
  <w>.</w>
</absapar>
<absapar id=61>
  <w>#</w>
  <w>P</w>
  <w>IMM</w>
  <w>.</w>
  <w>13</w>
  <w>:</w>
  <w>43</w>
  <absaspan id=165>
    <w>leif</w>
  </absaspan>
  <w>:</w>
  <w>Tänk</w>
  <w>om</w>
  <absaspan id=166>
    <w>alltihop</w>
  </absaspan>
  <w>är</w>
  <w>en</w>
  <absaspan id=167 senti=1>
    <w>potemkinkuliss</w>
  </absaspan>
  <w>.</w>
  <w>Kanske</w>
  <w>räcker</w>
  <w>det</w>
  <w>att</w>
  <w>vi</w>
  <w>tror</w>
  <w>på</w>
  <w>den</w>
  <w>för</w>
  <w>att</w>
  <w>vi</w>
  <w>ska</w>
  <w>hålla</w>
  <w>oss</w>
  <w>i</w>
  <w>skinnet</w>
  <w>.</w>
</absapar>
<absapar id=62>
  <w>#</w>
  <w>P</w>
  <w>IMM</w>
  <w>.</w>
  <w>13</w>
  <w>:</w>
  <w>45</w>
  <w>Fafhrd2</w>
  <w>:</w>
  <w>@</w>
  <w>Ansgar</w>
  <w>13</w>
  <w>:</w>
  <w>41</w>
  <w>:</w>
  <w>Jo</w>
  <w>man</w>
  <w>söker</w>
  <w>ju</w>
  <w>på</w>
  <w>vissa</w>
  <w>ord</w>
  <w>.</w>
  <w>Britterna</w>
  <w>har</w>
  <w>ju</w>
  <w>använt</w>
  <w>detta</w>
  <w>länge</w>
  <w>då</w>
  <w>även</w>
  <w>på</w>
  <w>telefoner</w>
  <w>där</w>
  <w>man</w>
  <w>spelar</w>
  <w>in</w>
  <w>om</w>
  <w>ord</w>
  <w>som</w>
  <w>tex</w>
  <w>"</w>
  <w>bomb</w>
  <w>"</w>
  <w>etc</w>
  <w>nämns</w>
  <w>.</w>
  <w>Än</w>
  <w>dock</w>
  <w>så</w>
  <w>anser</w>
  <w>jag</w>
  <w>inte</w>
  <w>att</w>
  <w>en</w>
  <w>utländsk</w>
  <w>organisation</w>
  <w>ska</w>
  <w>kunna</w>
  <w>avlyssna</w>
  <w>och</w>
  <w>registrera</w>
  <w>vad</w>
  <w>man</w>
  <w>skriver</w>
  <w>om</w>
  <w>i</w>
  <w>Europa</w>
  <w>.</w>
</absapar>
<absapar id=63>
  <w>#</w>
  <w>P</w>
  <w>IMM</w>
  <w>.</w>
  <w>13</w>
  <w>:</w>
  <w>46</w>
  <w>Fredrik</w>
  <w>:</w>
  <w>Så</w>
  <w>ironiskt</w>
  <w>!</w>
  <w>Försökte</w>
  <w>gå</w>
  <w>in</w>
  <w>på</w>
  <w>NSAs</w>
  <w>hemsida</w>
  <w>med</w>
  <w>"</w>
  <w>incognito</w>
  <w>browsing</w>
  <w>"</w>
  <w>påslaget</w>
  <w>.</w>
  <w>Fick</w>
  <w>felmeddelande</w>
  <w>"</w>
  <w>unable</w>
  <w>to</w>
  <w>detect</w>
  <w>"</w>
  <w>-</w>
  <w>de</w>
  <w>måste</w>
  <w>kunna</w>
  <w>spåra</w>
  <w>dig</w>
  <w>!</w>
  <w>:</w>
  <w>D</w>
  <w>.</w>
</absapar>
<absapar id=64>
  <w>#</w>
  <w>P</w>
  <w>IMM</w>
  <w>.</w>
  <w>13</w>
  <w>:</w>
  <w>49</w>
  <w>Patrik</w>
  <w>:</w>
  <w>"</w>
  <w>Du</w>
  <w>har</w>
  <w>inget</w>
  <w>att</w>
  <w>oroa</w>
  <w>dig</w>
  <w>för</w>
  <w>om</w>
  <w>du</w>
  <w>inte</w>
  <w>gjort</w>
  <w>något</w>
  <w>fel</w>
  <w>"</w>
  <absaspan id=168 senti=3>
    <w>.</w>
  </absaspan>
  <w>Varför</w>
  <w>dolde</w>
  <w>de</w>
  <w>själva</w>
  <w>PRISM</w>
  <w>?</w>
  <w>.</w>
</absapar>
<absapar id=65>
  <w>#</w>
  <w>P</w>
  <w>IMM</w>
  <w>.</w>
  <w>13</w>
  <w>:</w>
  <w>51</w>
  <absaspan id=169>
    <w>jonash</w>
  </absaspan>
  <w>:</w>
  <w>Många</w>
  <w>censurerade</w>
  <w>kommentarer</w>
  <w>i</w>
  <w>SvD</w>
  <w>blir</w>
  <w>så</w>
  <w>utan</w>
  <w>grund</w>
  <w>.</w>
  <w>Många</w>
  <w>påpekar</w>
  <absaspan id=170 senti=2>
    <w>ett</w>
    <w>obehagligt</w>
  </absaspan>
  <absaspan id=171>
    <w>storebrors</w>
    <w>perspektiv</w>
  </absaspan>
  <w>,</w>
  <w>som</w>
  <w>kan</w>
  <w>riskera</w>
  <w>väcka</w>
  <absaspan id=172 senti=3>
    <w>det</w>
    <w>"</w>
    <w>sovande</w>
    <w>folket</w>
  </absaspan>
  <w>"</w>
  <w>.</w>
  <w>Kommer</w>
  <w>SvD</w>
  <w>att</w>
  <w>se</w>
  <w>över</w>
  <w>sina</w>
  <w>censureringspronciper</w>
  <w>efter</w>
  <w>denna</w>
  <w>nyhet</w>
  <w>?</w>
  <w>Kommer</w>
  <absaspan id=173>
    <w>media</w>
  </absaspan>
  <w>att</w>
  <w>vara</w>
  <w>mer</w>
  <absaspan id=174 senti=2>
    <w>kritiska</w>
    <w>till</w>
  </absaspan>
  <absaspan id=175>
    <w>hur</w>
    <w>tex</w>
    <w>FRA-lagar</w>
    <w>klubbas</w>
    <w>igenom</w>
    <w>utan</w>
    <w>analys</w>
    <w>och</w>
    <w>debatt</w>
  </absaspan>
  <w>.</w>
  <w>Kommer</w>
  <absaspan id=176>
    <w>media</w>
  </absaspan>
  <w>att</w>
  <w>bli</w>
  <w>mer</w>
  <absaspan id=177 senti=2>
    <w>kritisk</w>
    <w>till</w>
  </absaspan>
  <absaspan id=178>
    <w>partipiskan</w>
    <w>i</w>
    <w>landet</w>
  </absaspan>
  <w>?</w>
  <w>Lena</w>
  <w>Karvik</w>
  <w>:</w>
  <w>Hej</w>
  <w>Jonash</w>
  <w>.</w>
  <w>När</w>
  <w>det</w>
  <w>gäller</w>
  <w>artikelkommentarerna</w>
  <w>så</w>
  <w>plockar</w>
  <w>moderatorerna</w>
  <w>bort</w>
  <w>de</w>
  <w>kommentarer</w>
  <w>som</w>
  <w>bryter</w>
  <w>mot</w>
  <w>SvD</w>
  <w>:</w>
  <w>s</w>
  <w>regler</w>
  <w>.</w>
  <w>Här</w>
  <w>i</w>
  <w>Brännpunkt</w>
  <w>Direkt-chatten</w>
  <w>gäller</w>
  <w>samma</w>
  <w>regler</w>
  <w>och</w>
  <w>att</w>
  <w>man</w>
  <absaspan id=179 senti=4>
    <w>håller</w>
    <w>god</w>
    <w>ton</w>
  </absaspan>
  <w>gentemot</w>
  <w>andra</w>
  <w>debattörer</w>
  <w>.</w>
  <w>Det</w>
  <w>gör</w>
  <w>nästan</w>
  <w>alla</w>
  <w>också</w>
  <w>,</w>
  <w>överlag</w>
  <absaspan id=180 senti=5>
    <w>jätteintressanta</w>
  </absaspan>
  <w>och</w>
  <w>sakliga</w>
  <absaspan id=181>
    <w>diskussioner</w>
  </absaspan>
  <w>.</w>
  <w>Däremot</w>
  <w>är</w>
  <w>trycket</w>
  <w>högt</w>
  <w>så</w>
  <w>vi</w>
  <w>hinner</w>
  <w>sällan</w>
  <w>få</w>
  <w>med</w>
  <w>alla</w>
  <w>inlägg</w>
  <w>i</w>
  <w>chatten</w>
  <w>,</w>
  <w>men</w>
  <w>vår</w>
  <w>ambition</w>
  <w>är</w>
  <w>att</w>
  <w>ta</w>
  <w>med</w>
  <w>så</w>
  <w>många</w>
  <w>som</w>
  <w>möjligt</w>
  <w>.</w>
  <w>När</w>
  <w>det</w>
  <w>gäller</w>
  <w>FRA</w>
  <w>så</w>
  <w>har</w>
  <w>SvD</w>
  <w>bevakat</w>
  <w>den</w>
  <w>frågan</w>
  <w>väldigt</w>
  <w>mycket</w>
  <w>,</w>
  <w>och</w>
  <w>jag</w>
  <w>är</w>
  <w>övertygad</w>
  <w>om</w>
  <w>att</w>
  <w>vi</w>
  <w>kommer</w>
  <w>att</w>
  <w>skriva</w>
  <w>mer</w>
  <w>om</w>
  <w>nätsäkerhet</w>
  <w>även</w>
  <w>framöver</w>
  <w>.</w>
</absapar>
<absapar id=66>
  <w>#</w>
  <w>P</w>
  <w>IMM</w>
  <w>.</w>
  <w>13</w>
  <w>:</w>
  <w>52</w>
  <absaspan id=182>
    <w>Jaha</w>
  </absaspan>
  <w>:</w>
  <w>Blir</w>
  <w>det</w>
  <w>inte</w>
  <absaspan id=183 senti=2>
    <w>svårt</w>
    <w>att</w>
    <w>rekommendera</w>
  </absaspan>
  <absaspan id=184>
    <w>amerikanska</w>
    <w>produkter</w>
  </absaspan>
  <w>nu</w>
  <w>,</w>
  <w>för</w>
  <w>offentlig</w>
  <w>upphandling</w>
  <w>,</w>
  <w>och</w>
  <w>för</w>
  <w>privata</w>
  <w>företag</w>
  <w>.</w>
  <w>Luckorna</w>
  <w>är</w>
  <w>ju</w>
  <w>vidöppna</w>
  <w>.</w>
  <w>Tänker</w>
  <w>på</w>
  <w>google</w>
  <w>docs</w>
  <w>,</w>
  <w>office</w>
  <w>365</w>
  <w>,</w>
  <w>molntjänster</w>
  <w>osv</w>
  <w>.</w>
</absapar>
<absapar id=67>
  <w>#</w>
  <w>P</w>
  <w>IMM</w>
  <w>.</w>
  <w>13</w>
  <w>:</w>
  <w>52</w>
  <w>Janne</w>
  <w>:</w>
  <w>Är</w>
  <absaspan id=185 senti=1>
    <w>massövervakning</w>
  </absaspan>
  <w>kostnadseffektivt</w>
  <w>.</w>
  <w>Tänk</w>
  <w>om</w>
  <w>jag</w>
  <absaspan id=186 senti=4>
    <w>har</w>
    <w>rent</w>
    <w>mjöl</w>
    <w>i</w>
    <w>påsen</w>
  </absaspan>
  <w>men</w>
  <w>av</w>
  <w>någon</w>
  <w>anledning</w>
  <w>använder</w>
  <w>lyckas</w>
  <w>utlösa</w>
  <w>de</w>
  <w>automatiska</w>
  <w>systemen</w>
  <w>.</w>
  <w>Då</w>
  <w>drar</w>
  <w>man</w>
  <w>väl</w>
  <w>igång</w>
  <w>en</w>
  <w>lite</w>
  <w>dyrare</w>
  <w>apparat</w>
  <w>för</w>
  <w>att</w>
  <w>bli</w>
  <w>avskriven</w>
  <w>som</w>
  <w>misstänkt</w>
  <w>(</w>
  <w>alltså</w>
  <w>en</w>
  <w>utredning</w>
  <w>)</w>
  <w>.</w>
  <w>Det</w>
  <w>enda</w>
  <w>jag</w>
  <w>tänker</w>
  <w>på</w>
  <w>när</w>
  <w>jag</w>
  <w>märker</w>
  <w>av</w>
  <w>i</w>
  <w>den</w>
  <w>här</w>
  <w>historian</w>
  <w>är</w>
  <w>att</w>
  <w>ingen</w>
  <w>som</w>
  <w>tänker</w>
  <w>på</w>
  <w>antal</w>
  <w>miljoner</w>
  <w>spenderade</w>
  <w>kontra</w>
  <w>hur</w>
  <w>många</w>
  <w>hot</w>
  <w>det</w>
  <w>har</w>
  <w>avvärjt</w>
  <w>.</w>
  <w>Hur</w>
  <w>många</w>
  <w>miljoner</w>
  <w>har</w>
  <w>det</w>
  <w>gått</w>
  <w>åt</w>
  <w>att</w>
  <w>hindra</w>
  <w>per</w>
  <w>"</w>
  <w>brott</w>
  <w>"</w>
  <w>?</w>
  <w>.</w>
</absapar>
<absapar id=68>
  <w>#</w>
  <w>P</w>
  <w>IMM</w>
  <w>.</w>
  <w>13</w>
  <w>:</w>
  <w>52</w>
  <absaspan id=187>
    <w>Oskar</w>
  </absaspan>
  <w>:</w>
  <w>Det</w>
  <w>är</w>
  <w>ju</w>
  <w>inte</w>
  <w>märkligt</w>
  <w>att</w>
  <absaspan id=188>
    <w>folk</w>
  </absaspan>
  <absaspan id=189 senti=1>
    <w>har</w>
    <w>en</w>
  </absaspan>
  <w>så</w>
  <absaspan id=190 senti=1>
    <w>ignorant</w>
  </absaspan>
  <absaspan id=191 senti=1>
    <w>och</w>
    <w>likgiltig</w>
    <w>inställning</w>
  </absaspan>
  <w>till</w>
  <w>övervakningen</w>
  <w>.</w>
  <w>Flera</w>
  <w>elever</w>
  <w>i</w>
  <w>min</w>
  <w>klass</w>
  <w>kände</w>
  <w>inte</w>
  <w>till</w>
  <w>brevhemligheten</w>
  <w>när</w>
  <w>vi</w>
  <w>diskuterade</w>
  <w>ämnet</w>
  <w>.</w>
  <w>Om</w>
  <w>folk</w>
  <w>inte</w>
  <w>känner</w>
  <w>till</w>
  <w>brevhemligheten</w>
  <w>är</w>
  <w>det</w>
  <absaspan id=192 senti=3>
    <w>svårt</w>
    <w>att</w>
    <w>bli</w>
    <w>upprörd</w>
    <w>när</w>
  </absaspan>
  <absaspan id=193>
    <w>samma</w>
    <w>filosofiska</w>
    <w>rättighet</w>
    <w>avskaffas</w>
    <w>i</w>
    <w>digital</w>
    <w>form</w>
  </absaspan>
  <w>.</w>
</absapar>
<absapar id=69>
  <w>#</w>
  <w>P</w>
  <w>IMM</w>
  <w>.</w>
  <w>13</w>
  <w>:</w>
  <w>52</w>
  <absaspan id=194>
    <w>Pentti</w>
  </absaspan>
  <w>:</w>
  <w>Jag</w>
  <w>utgår</w>
  <w>från</w>
  <w>att</w>
  <w>allt</w>
  <w>jag</w>
  <w>gör</w>
  <w>på</w>
  <w>nätet</w>
  <w>lämnar</w>
  <w>spår</w>
  <w>efter</w>
  <w>sig</w>
  <w>och</w>
  <w>att</w>
  <w>eposten</w>
  <w>är</w>
  <w>som</w>
  <w>ett</w>
  <w>öppet</w>
  <w>vykort</w>
  <w>.</w>
  <w>Jag</w>
  <absaspan id=195 senti=3>
    <w>har</w>
    <w>inga</w>
    <w>problem</w>
    <w>med</w>
  </absaspan>
  <absaspan id=196>
    <w>övervakning</w>
  </absaspan>
  <w>har</w>
  <w>inget</w>
  <w>att</w>
  <w>dölja</w>
  <w>.</w>
</absapar>
<absapar id=70>
  <w>#</w>
  <w>P</w>
  <w>IMM</w>
  <w>.</w>
  <w>13</w>
  <w>:</w>
  <w>56</w>
  <w>Land</w>
  <w>of</w>
  <w>the</w>
  <w>Free</w>
  <w>:</w>
  <w>@</w>
  <w>Pentti</w>
  <w>Googla</w>
  <w>fram</w>
  <w>intvvjuvideon</w>
  <w>med</w>
  <w>Edward</w>
  <w>Snowden</w>
  <w>så</w>
  <w>kommer</w>
  <w>du</w>
  <w>nog</w>
  <w>på</w>
  <w>andra</w>
  <w>tankar</w>
  <w>.</w>
</absapar>
<absapar id=71>
  <w>#</w>
  <w>P</w>
  <w>IMM</w>
  <w>.</w>
  <w>13</w>
  <w>:</w>
  <w>57</w>
  <w>Lena</w>
  <w>Karvik</w>
  <w>:</w>
  <w>Nu</w>
  <w>avslutar</w>
  <w>vi</w>
  <w>dagens</w>
  <w>debatt</w>
  <w>-</w>
  <w>tack</w>
  <w>för</w>
  <w>alla</w>
  <w>inlägg</w>
  <w>och</w>
  <w>välkomna</w>
  <w>åter</w>
  <w>!</w>
  <w>Senaste</w>
  <w>debatten</w>
  <w>följer</w>
  <w>ni</w>
  <w>som</w>
  <w>vanligt</w>
  <w>på</w>
  <w>SvD.se</w>
  <w>/</w>
  <w>opinion</w>
  <w>.</w>
</absapar>
<absapar id=72>
  <w>Redaktör</w>
  <w>:</w>
  <w>Carina</w>
  <w>Stensson</w>
  <w>,</w>
  <w>Biträdande</w>
  <w>redaktör</w>
  <w>:</w>
  <w>Björn</w>
  <w>Jorner</w>
  <w>,</w>
  <w>Mejl</w>
  <w>:</w>
  <w>debatt</w>
  <w>@</w>
  <w>svd.se</w>
  <w>,</w>
  <w>Telefonnummer</w>
  <w>:</w>
  <w>08</w>
  <w>-</w>
  <w>135149</w>
  <w>,</w>
  <w>Twitter</w>
  <w>:</w>
  <w>@</w>
  <w>SvDDebatt</w>
  <w>,</w>
  <w>Facebook</w>
  <w>:</w>
  <w>SvD</w>
  <w>Debatt</w>
  <w>.</w>
</absapar>
</absadoc>
