<absadoc annotators=1 senti=>
<absatitle>
  <w>Manifestation</w>
  <w>med</w>
  <w>korta</w>
  <w>kjolar</w>
  <w>och</w>
  <w>shorts</w>
  <w>i</w>
  <w>invandrartäta</w>
  <w>Tensta</w>
  <w>.</w>
</absatitle>
<absapar id=1>
  <w>Äntligen</w>
  <w>en</w>
  <w>riktig</w>
  <w>feministisk</w>
  <w>manifestation</w>
  <w>,</w>
  <w>riktad</w>
  <w>mot</w>
  <w>dom</w>
  <w>verkliga</w>
  <w>kvinnoförtryckarna</w>
  <w>i</w>
  <w>Sverige</w>
  <w>.</w>
</absapar>
<absapar id=2>
  <w>Reclaim</w>
  <w>the</w>
  <w>suburbs</w>
  <w>arrangerar</w>
  <w>en</w>
  <w>manifestation</w>
  <w>på</w>
  <w>torget</w>
  <w>i</w>
  <w>Tensta</w>
  <w>den</w>
  <w>22</w>
  <w>april</w>
  <w>,</w>
  <w>för</w>
  <w></w>
  <w>ett</w>
  <w>fritt</w>
  <w>samhälle</w>
  <w></w>
  <w>och</w>
  <w>.</w>
</absapar>
<absapar id=3>
  <w>Initiativtagarna</w>
  <w>Alexandra</w>
  <w>Labbé</w>
  <w>och</w>
  <w>Sores</w>
  <w>Armanc</w>
  <w>berättar</w>
  <w>på</w>
  <w>facebooksidan</w>
  <w>för</w>
  <w>eventet</w>
  <w>att</w>
  <w>de</w>
  <w>gör</w>
  <w>det</w>
  <w>för</w>
  <w>att</w>
  <w></w>
  <w>motverka</w>
  <w>den</w>
  <w>dåliga</w>
  <w>stämning</w>
  <w>som</w>
  <w>sprider</w>
  <w>sig</w>
  <w>i</w>
  <w>många</w>
  <w>av</w>
  <w>stadens</w>
  <w>invandrartäta</w>
  <w>förorter</w>
  <w></w>
  <w>.</w>
</absapar>
<absapar id=4>
  <w>.</w>
  <w>:</w>
  <absaspan id=1>
    <w>Våra</w>
    <w>politiker</w>
  </absaspan>
  <absaspan id=2 senti=2>
    <w>har</w>
    <w>aldrig</w>
    <w>någonsin</w>
    <w>kunnat</w>
    <w>ta</w>
    <w>hand</w>
    <w>om</w>
    <w>de</w>
    <w>problem</w>
    <w>som</w>
    <w>faktiskt</w>
    <w>existerar</w>
  </absaspan>
  <w>i</w>
  <w>de</w>
  <w>orter</w>
  <w>vi</w>
  <w>en</w>
  <w>gång</w>
  <w>växte</w>
  <w>upp</w>
  <w>i</w>
  <w>.</w>
  <absaspan id=3>
    <w>Fundamentalister</w>
    <w>och</w>
  </absaspan>
  <absaspan id=4 senti=2>
    <w>respektlösa</w>
  </absaspan>
  <absaspan id=5>
    <w>ungdomar</w>
  </absaspan>
  <w>har</w>
  <w>tagit</w>
  <w>över</w>
  <w>våra</w>
  <w>orter</w>
  <w>och</w>
  <absaspan id=6 senti=2>
    <w>omvandlat</w>
    <w>dem</w>
    <w>till</w>
    <w>rena</w>
    <w>rama</w>
    <w>fängelser</w>
    <w>för</w>
    <w>våra</w>
    <w>systrar</w>
  </absaspan>
  <w>,</w>
  <w>vi</w>
  <w>kan</w>
  <w>inte</w>
  <w>se</w>
  <w>på</w>
  <w>längre</w>
  <w>,</w>
  <w>vi</w>
  <w>måste</w>
  <w>agera</w>
  <w>och</w>
  <w>visa</w>
  <w>att</w>
  <w>de</w>
  <w>inte</w>
  <w>är</w>
  <w>ensamma</w>
  <w>.</w>
  <w>Så</w>
  <w>skriver</w>
  <w>de</w>
  <w>på</w>
  <w>facebooksidan</w>
  <w>för</w>
  <w>eventet</w>
  <w>.</w>
</absapar>
<absapar id=5>
  <w>Hur</w>
  <w>kommer</w>
  <w>kvinnohatarna</w>
  <w>i</w>
  <w>Tensta</w>
  <w>att</w>
  <w>reagera</w>
  <w>när</w>
  <w>hundratals</w>
  <w>kvinnor</w>
  <w>kommer</w>
  <w>klädda</w>
  <w>så</w>
  <w>som</w>
  <w>många</w>
  <w>muslimska</w>
  <w>män</w>
  <w>anser</w>
  <w>är</w>
  <w>horor</w>
  <w>?</w>
  <w>.</w>
</absapar>
<absapar id=6>
  <absaspan id=7 senti=2>
    <w>Kommer</w>
    <w>det</w>
    <w>bli</w>
    <w>taffskalas</w>
    <w>eller</w>
    <w>brinnande</w>
    <w>bilar</w>
  </absaspan>
  <absaspan id=8>
    <w>?</w>
  </absaspan>
  <w>Kommer</w>
  <w>gammelmedierna</w>
  <w>att</w>
  <w>uppmärksamma</w>
  <w>manifestationen</w>
  <w>och</w>
  <w>eventuella</w>
  <w>"</w>
  <w>motdemonstrationer</w>
  <w>"</w>
  <w>,</w>
  <w>eller</w>
  <w>blir</w>
  <w>det</w>
  <w>locket</w>
  <w>på</w>
  <w>?</w>
  <w>.</w>
</absapar>
<absapar id=7>
  <w>Hur</w>
  <w>många</w>
  <w>iinvandrarkvinnor</w>
  <w>(</w>
  <w>i</w>
  <w>synnerhet</w>
  <w>muslimska</w>
  <w>)</w>
  <w>kommer</w>
  <w>våga</w>
  <w>?</w>
  <w>.</w>
</absapar>
</absadoc>
