<absadoc annotators=1 senti=0>
<absatitle>
  <w>Reklam</w>
  <w>om</w>
  <w>Sveriges</w>
  <w>generösa</w>
  <w>invandrings</w>
  <w>politik</w>
  <w>i</w>
  <w>Syrien</w>
  <w>.</w>
</absatitle>
<absapar id=1>
  <w>Sitter</w>
  <w>och</w>
  <w>pratar</w>
  <w>med</w>
  <w>en</w>
  <w>vän</w>
  <w>i</w>
  <w>Aleppo</w>
  <w>för</w>
  <w>stunden</w>
  <w>,</w>
  <w>personen</w>
  <w>börjar</w>
  <w>helt</w>
  <w>plötsligt</w>
  <w>ställa</w>
  <w>frågor</w>
  <w>om</w>
  <w>svensk</w>
  <w>integrations</w>
  <w>-</w>
  <w>och</w>
  <w>invandrings</w>
  <w>politik</w>
  <w>.</w>
</absapar>
<absapar id=2>
  <w>Vederbörande</w>
  <w>berättar</w>
  <w>om</w>
  <w>reklam</w>
  <w>och</w>
  <w>rykten</w>
  <w>,</w>
  <w>som</w>
  <w>börjar</w>
  <w>spridas</w>
  <w>i</w>
  <w>hemlandet</w>
  <w>.</w>
  <w>Syrier</w>
  <w>i</w>
  <w>Sverige</w>
  <w>har</w>
  <w>berättat</w>
  <w>att</w>
  <w>man</w>
  <w>får</w>
  <w>bostad</w>
  <w>,</w>
  <w>livstids</w>
  <w>ekonomisk</w>
  <w>försörjning</w>
  <w>-</w>
  <w>utan</w>
  <w>att</w>
  <w>röra</w>
  <w>ett</w>
  <w>finger</w>
  <w>,</w>
  <w>barnbidrag</w>
  <w>,</w>
  <w>flerbarns</w>
  <w>bidrag</w>
  <w>,</w>
  <w>fria</w>
  <w>besök</w>
  <w>hos</w>
  <w>läkare</w>
  <w>och</w>
  <w>doktor</w>
  <w>,</w>
  <w>halalkött</w>
  <w>,</w>
  <w>ett</w>
  <w>samhälle</w>
  <w>anpassat</w>
  <w>efter</w>
  <w>minoriteten</w>
  <w>och</w>
  <w>inte</w>
  <w>majoriteten</w>
  <w>och</w>
  <w>liknande</w>
  <w>.</w>
</absapar>
<absapar id=3 senti=3>
  <w>Enligt</w>
  <w>honom</w>
  <w>vill</w>
  <w>flera</w>
  <w>syrier</w>
  <w>till</w>
  <w>Sverige</w>
  <w>,</w>
  <w>han</w>
  <w>själv</w>
  <w>håller</w>
  <w>på</w>
  <w>och</w>
  <w>ordna</w>
  <w>med</w>
  <w>avresan</w>
  <w>.</w>
  <absaspan id=1>
    <w>Sverige</w>
  </absaspan>
  <w>är</w>
  <w>det</w>
  <w>land</w>
  <w>som</w>
  <absaspan id=2 senti=4>
    <w>toppar</w>
    <w>listan</w>
    <w>,</w>
    <w>över</w>
    <w>favorit</w>
    <w>destinationer</w>
  </absaspan>
  <absaspan id=3>
    <w>.</w>
  </absaspan>
  <w>Länder</w>
  <w>som</w>
  <absaspan id=4>
    <w>Italien</w>
    <w>och</w>
    <w>Frankrike</w>
  </absaspan>
  <absaspan id=5 senti=2>
    <w>är</w>
    <w>inte</w>
    <w>humana</w>
  </absaspan>
  <w>,</w>
  <w>med</w>
  <w>sin</w>
  <w>politik</w>
  <w>och</w>
  <w>syn</w>
  <w>på</w>
  <w>flyktingar</w>
  <absaspan id=6>
    <w>.</w>
  </absaspan>
</absapar>
<absapar id=4>
  <w>Vad</w>
  <w>ger</w>
  <w>detta</w>
  <w>för</w>
  <w>signal</w>
  <w>?</w>
  <w>Är</w>
  <w>det</w>
  <w>bra</w>
  <w>eller</w>
  <w>dåligt</w>
  <w>,</w>
  <w>att</w>
  <w>Sverige</w>
  <w>har</w>
  <w>fått</w>
  <w>smeknamnet</w>
  <w>,</w>
  <w>"</w>
  <w>bidragslandet</w>
  <w>Sverige</w>
  <w>"</w>
  <w>?</w>
  <w>.</w>
</absapar>
<absapar id=5>
  <w>Inte</w>
  <w>bara</w>
  <w>i</w>
  <w>krigshärjade</w>
  <w>länder</w>
  <w>vet</w>
  <w>man</w>
  <w>att</w>
  <absaspan id=7>
    <w>Sverige</w>
  </absaspan>
  <absaspan id=8 senti=2>
    <w>är</w>
    <w>en</w>
    <w>socialbyrå</w>
  </absaspan>
  <w>-</w>
  <w>flera</w>
  <w>utav</w>
  <w>mina</w>
  <w>bekanta</w>
  <w>i</w>
  <w>t</w>
  <w>ex</w>
  <w>Frankrike</w>
  <w>-</w>
  <w>vet</w>
  <w>att</w>
  <w>man</w>
  <w>kan</w>
  <w>leva</w>
  <w>gott</w>
  <w>i</w>
  <w>Sverige</w>
  <w>,</w>
  <w>medans</w>
  <w>svennebanan</w>
  <w>betalar</w>
  <absaspan id=9>
    <w>.</w>
  </absaspan>
</absapar>
<absapar id=6 senti=2>
  <w>Vet</w>
  <w>bl</w>
  <w>a</w>
  <w>en</w>
  <w>man</w>
  <w>som</w>
  <w>kom</w>
  <w>hit</w>
  <w>för</w>
  <w>ett</w>
  <w>tiotal</w>
  <w>år</w>
  <w>sedan</w>
  <w>,</w>
  <w>ifrån</w>
  <w>just</w>
  <w>Frankrike</w>
  <w>.</w>
  <w>De</w>
  <w>sa</w>
  <w>till</w>
  <w>honom</w>
  <w>,</w>
  <w>"</w>
  <w>fixar</w>
  <w>du</w>
  <w>inte</w>
  <w>med</w>
  <w>eget</w>
  <w>företag</w>
  <w>,</w>
  <w>så</w>
  <w>är</w>
  <w>de</w>
  <w>bara</w>
  <w>och</w>
  <w>roffa</w>
  <w>åt</w>
  <w>sig</w>
  <w>livstids</w>
  <w>ekonomisk</w>
  <w>försörjning</w>
  <w>-</w>
  <w>för</w>
  <w>sådant</w>
  <w>är</w>
  <w>enkelt</w>
  <w>i</w>
  <w>Sverige</w>
  <w>"</w>
  <w>.</w>
  <w>Mannen</w>
  <w>i</w>
  <w>fråga</w>
  <w>är</w>
  <w>dock</w>
  <w>idag</w>
  <w>egen</w>
  <w>företagare</w>
  <w>,</w>
  <w>och</w>
  <w>lever</w>
  <w>gott</w>
  <w>i</w>
  <w>en</w>
  <w>ort</w>
  <w>.</w>
</absapar>
<absapar id=7 senti=2>
  <w>Kommer</w>
  <absaspan id=10>
    <w>Sverige</w>
  </absaspan>
  <absaspan id=11 senti=2>
    <w>drunkna</w>
    <w>i</w>
    <w>en</w>
    <w>våg</w>
    <w>utav</w>
    <w>asylsökande</w>
    <w>syrier</w>
    <w>och</w>
    <w>somalier</w>
  </absaspan>
  <w>?</w>
  <w>.</w>
</absapar>
</absadoc>
