<absadoc annotators=1 senti=2>
<absatitle>
  <w>Lösningen</w>
  <w>för</w>
  <w>den</w>
  <w>extrema</w>
  <w>arbetslösheten</w>
  <w>hos</w>
  <w>nyanlända</w>
  <w>-</w>
  <w>Free</w>
  <w>Trade</w>
  <w>Zones</w>
  <w>?</w>
</absatitle>
<absapar id=1 senti=1>
  <w>I</w>
  <w>kölvattnet</w>
  <w>av</w>
  <absaspan id=1 senti=1>
    <w>det</w>
    <w>svenska</w>
    <w>integrationshaveriet</w>
  </absaspan>
  <w>höjs</w>
  <w>trevande</w>
  <w>och</w>
  <w>förvirrade</w>
  <w>röster</w>
  <w>från</w>
  <w>den</w>
  <w>politiska</w>
  <w>eliten</w>
  <w>.</w>
</absapar>
<absapar id=2 senti=1>
  <w>Framförallt</w>
  <w>handlar</w>
  <w>det</w>
  <w>om</w>
  <w>att</w>
  <w>bekämpa</w>
  <w>arbetslösheten</w>
  <w>hos</w>
  <w>utomeuropeiska</w>
  <w>invandrare</w>
  <w>.</w>
  <absaspan id=2 senti=4>
    <w>Storsatsingar</w>
  </absaspan>
  <w>i</w>
  <w>form</w>
  <w>av</w>
  <w>åtgärder</w>
  <w>som</w>
  <absaspan id=3>
    <w>instegsjobb</w>
    <w>och</w>
    <w>etableringslotsar</w>
  </absaspan>
  <w>har</w>
  <w>visat</w>
  <w>sig</w>
  <w>vara</w>
  <absaspan id=4 senti=1>
    <w>fiaskon</w>
    <w>i</w>
    <w>bästa</w>
    <w>fall</w>
  </absaspan>
  <w>och</w>
  <w>i</w>
  <w>värsta</w>
  <w>fall</w>
  <w>fungerat</w>
  <w>som</w>
  <absaspan id=5 senti=1>
    <w>rena</w>
    <w>statssubventioner</w>
    <w>för</w>
    <w>kriminell</w>
    <w>verksamhet</w>
  </absaspan>
  <w>.</w>
</absapar>
<absapar id=3 senti=1>
  <absaspan id=6 senti=1>
    <w>Från</w>
  </absaspan>
  <absaspan id=7>
    <w>vänsterblocket</w>
  </absaspan>
  <absaspan id=8 senti=1>
    <w>haglar</w>
  </absaspan>
  <absaspan id=9 senti=1>
    <w>flosklerna</w>
  </absaspan>
  <w>om</w>
  <w>att</w>
  <w>"</w>
  <w>ta</w>
  <w>ansvar</w>
  <w>"</w>
  <w>och</w>
  <w>"</w>
  <w>utreda</w>
  <w>"</w>
  <w>.</w>
  <w>Det</w>
  <w>är</w>
  <w>uppenbart</w>
  <w>att</w>
  <w>ingen</w>
  <w>plan</w>
  <w>finns</w>
  <w>för</w>
  <w>att</w>
  <w>komma</w>
  <w>åt</w>
  <w>arbetslösheten</w>
  <w>och</w>
  <absaspan id=10 senti=2>
    <w>bidragsberoendet</w>
  </absaspan>
  <w>hos</w>
  <w>stora</w>
  <w>invandrargrupper</w>
  <w>.</w>
</absapar>
<absapar id=4>
  <w>På</w>
  <w>högersidan</w>
  <w>pratar</w>
  <w>man</w>
  <w>om</w>
  <w>att</w>
  <w>"</w>
  <w>sänka</w>
  <w>trösklarna</w>
  <w>"</w>
  <w>på</w>
  <w>arbetsmarknaden</w>
  <w>,</w>
  <w>dvs</w>
  <w>öppna</w>
  <w>dörren</w>
  <w>för</w>
  <w>riktiga</w>
  <w>låglönearbeten</w>
  <w>genom</w>
  <w>att</w>
  <absaspan id=11 senti=2>
    <w>försämra</w>
    <w>anställningsskydden</w>
    <w>,</w>
    <w>USA</w>
    <w>style</w>
  </absaspan>
  <w>.</w>
</absapar>
<absapar id=5 senti=3>
  <w>Vi</w>
  <w>kan</w>
  <w>dock</w>
  <w>redan</w>
  <w>nu</w>
  <w>räkna</w>
  <w>ut</w>
  <w>att</w>
  <w>sänkta</w>
  <w>löner</w>
  <w>inte</w>
  <w>kommer</w>
  <w>avhjälpa</w>
  <w>arbetslösheten</w>
  <w>bland</w>
  <w>utomeuropeiska</w>
  <w>invandrare</w>
  <w>,</w>
  <w>eftersom</w>
  <absaspan id=12>
    <w>instegsjobben</w>
  </absaspan>
  <w>,</w>
  <w>där</w>
  <w>staten</w>
  <w>subventionerar</w>
  <w>upp</w>
  <w>till</w>
  <w>80%</w>
  <w>(</w>
  <w>!</w>
  <w>)</w>
  <w>av</w>
  <w>lönen</w>
  <w>,</w>
  <absaspan id=13 senti=1>
    <w>varit</w>
    <w>fullkomligt</w>
    <w>ineffektiv</w>
  </absaspan>
  <w>.</w>
</absapar>
<absapar id=6>
  <w>Vi</w>
  <w>befinner</w>
  <w>oss</w>
  <w>i</w>
  <absaspan id=14 senti=1>
    <w>en</w>
    <w>djup</w>
    <w>och</w>
    <w>eskalerande</w>
    <w>kris</w>
  </absaspan>
  <w>som</w>
  <absaspan id=15>
    <w>hela</w>
    <w>det</w>
    <w>politiska</w>
    <w>etablissemanget</w>
  </absaspan>
  <absaspan id=16 senti=2>
    <w>står</w>
    <w>handfallna</w>
  </absaspan>
  <w>inför</w>
  <w>.</w>
</absapar>
<absapar id=7 senti=3>
  <w>I</w>
  <w>denna</w>
  <w>tråd</w>
  <w>fokuserar</w>
  <w>vi</w>
  <w>på</w>
  <absaspan id=17>
    <w>åtgärder</w>
    <w>mot</w>
    <w>den</w>
    <w>extrema</w>
    <w>arbetslösheten</w>
    <w>bland</w>
    <w>utomeuropeiska</w>
    <w>invandrare</w>
  </absaspan>
  <absaspan id=18 senti=4>
    <w>som</w>
    <w>faktiskt</w>
    <w>har</w>
    <w>potential</w>
    <w>att</w>
    <w>fungera</w>
  </absaspan>
  <w>.</w>
  <w>Det</w>
  <w>är</w>
  <w>dags</w>
  <w>att</w>
  <absaspan id=19 senti=4>
    <w>tänka</w>
    <w>utanför</w>
    <w>boxen</w>
  </absaspan>
  <w>och</w>
  <w>titta</w>
  <w>på</w>
  <absaspan id=20 senti=4>
    <w>pragmatiska</w>
    <w>lösningar</w>
  </absaspan>
  <w>,</w>
  <w>inte</w>
  <w>ideologiska</w>
  <w>.</w>
</absapar>
<absapar id=8>
  <w>Först</w>
  <w>ut</w>
  <w>-</w>
  <w>.</w>
</absapar>
<absapar id=9>
  <w>(</w>
  <w>FTZ</w>
  <w>)</w>
  <w>.</w>
</absapar>
<absapar id=10>
  <w>Free</w>
  <w>Trade</w>
  <w>Zones</w>
  <w>är</w>
  <w>ett</w>
  <w>koncept</w>
  <w>U-länder</w>
  <w>och</w>
  <w>diktaturer</w>
  <w>använt</w>
  <w>sig</w>
  <w>av</w>
  <w>för</w>
  <w>att</w>
  <w>attrahera</w>
  <w>multinationella</w>
  <w>företag</w>
  <w>till</w>
  <w>sina</w>
  <w>länder</w>
  <w>.</w>
  <w>Det</w>
  <w>går</w>
  <w>i</w>
  <w>korthet</w>
  <w>ut</w>
  <w>på</w>
  <w>att</w>
  <w>man</w>
  <w>etablerar</w>
  <w>en</w>
  <w>zon</w>
  <w>,</w>
  <w>avgränsad</w>
  <w>från</w>
  <w>övriga</w>
  <w>samhället</w>
  <w>,</w>
  <w>i</w>
  <w>anslutning</w>
  <w>till</w>
  <w>en</w>
  <w>hamn</w>
  <w>eller</w>
  <w>flygplats</w>
  <w>.</w>
  <w>Inom</w>
  <w>denna</w>
  <w>zon</w>
  <w>upprättar</w>
  <w>man</w>
  <w>en</w>
  <w>statssanktionerad</w>
  <w>"</w>
  <absaspan id=21 senti=1>
    <w>sweat</w>
    <w>shop</w>
  </absaspan>
  <w>"</w>
  <w>.</w>
</absapar>
<absapar id=11>
  <w>Där</w>
  <w>finns</w>
  <w>ingen</w>
  <w>facklig</w>
  <w>närvaro</w>
  <w>eller</w>
  <w>anställningsskydd</w>
  <w>.</w>
  <w>Skatterna</w>
  <w>är</w>
  <w>nästan</w>
  <w>obefintliga</w>
  <w>.</w>
  <w>Arbetarna</w>
  <w>bor</w>
  <w>i</w>
  <w>sovsalar</w>
  <w>i</w>
  <w>baracker</w>
  <w>,</w>
  <w>sliter</w>
  <w>16</w>
  <w>timmar</w>
  <w>om</w>
  <w>dagen</w>
  <w>och</w>
  <w>har</w>
  <w>i</w>
  <w>stort</w>
  <w>sett</w>
  <w>inga</w>
  <w>rättigheter</w>
  <w>.</w>
</absapar>
<absapar id=12>
  <w>På</w>
  <w>så</w>
  <w>vis</w>
  <w>kan</w>
  <w>storföretagen</w>
  <w>tillverka</w>
  <w>produkter</w>
  <w>otroligt</w>
  <w>billigt</w>
  <w>för</w>
  <w>export</w>
  <w>på</w>
  <w>den</w>
  <w>globala</w>
  <w>marknaden</w>
  <w>.</w>
</absapar>
<absapar id=13 senti=1>
  <w>Modellen</w>
  <w>för</w>
  <w>Sverige</w>
  <w>skulle</w>
  <w>kunna</w>
  <w>vara</w>
  <w>att</w>
  <w>den</w>
  <w>nyanlända</w>
  <w>har</w>
  <w>exempelvis</w>
  <w>två</w>
  <w>år</w>
  <w>på</w>
  <w>sig</w>
  <w>att</w>
  <w>skaffa</w>
  <w>ett</w>
  <w>jobb</w>
  <w>,</w>
  <w>sedan</w>
  <w>dras</w>
  <w>bidragen</w>
  <w>in</w>
  <w>och</w>
  <w>personen</w>
  <w>hänvisas</w>
  <w>till</w>
  <w>närmsta</w>
  <w>FTZ</w>
  <w>.</w>
  <w>Vill</w>
  <w>man</w>
  <w>inte</w>
  <w>jobba</w>
  <w>där</w>
  <w>får</w>
  <w>man</w>
  <w>klara</w>
  <w>sig</w>
  <w>utan</w>
  <w>inkomst</w>
  <w>.</w>
</absapar>
<absapar id=14>
  <w>Vad</w>
  <w>tror</w>
  <w>ni</w>
  <w>?</w>
  <w>Är</w>
  <absaspan id=22>
    <w>Free</w>
    <w>Trade</w>
    <w>Zones</w>
  </absaspan>
  <w>en</w>
  <w>lösning</w>
  <w>som</w>
  <absaspan id=23 senti=4>
    <w>har</w>
    <w>potential</w>
    <w>att</w>
    <w>lyckas</w>
  </absaspan>
  <w>?</w>
  <w>Finns</w>
  <w>det</w>
  <w>andra</w>
  <w>åtgärder</w>
  <w>som</w>
  <w>skulle</w>
  <w>kunna</w>
  <w>komma</w>
  <w>till</w>
  <w>rätta</w>
  <w>med</w>
  <w>arbetslösheten</w>
  <w>bland</w>
  <w>invandrargrupper</w>
  <w>långt</w>
  <w>från</w>
  <w>den</w>
  <w>svenska</w>
  <w>arbetsmarknaden</w>
  <w>?</w>
  <w>.</w>
</absapar>
<absapar id=15>
  <w>(</w>
  <w>Jag</w>
  <w>är</w>
  <w>medveten</w>
  <w>om</w>
  <w>att</w>
  <absaspan id=24>
    <w>förslaget</w>
    <w>om</w>
    <w>Free</w>
    <w>Trade</w>
    <w>Zones</w>
  </absaspan>
  <w>är</w>
  <absaspan id=25 senti=1>
    <w>fullkomligt</w>
    <w>barockt</w>
  </absaspan>
  <w>.</w>
  <w>Men</w>
  <w>detta</w>
  <w>är</w>
  <absaspan id=26 senti=2>
    <w>tyvärr</w>
  </absaspan>
  <w>situationen</w>
  <w>sveriges</w>
  <w>politiker</w>
  <w>har</w>
  <w>skapat</w>
  <w>.</w>
  <w>)</w>
  <w>.</w>
</absapar>
</absadoc>
