<absadoc annotators=1 senti=>
<absatitle>
  <w>Resa</w>
  <w>till</w>
  <w>familj</w>
  <w>i</w>
  <w>Bangkok</w>
  <w>slippa</w>
  <w>sverige</w>
  <w>.</w>
</absatitle>
<absapar id=1>
  <w>Som</w>
  <w>texten</w>
  <w>säger</w>
  <w>så</w>
  <w>täkte</w>
  <absaspan id=1>
    <w>jag</w>
  </absaspan>
  <w>resa</w>
  <w>dit</w>
  <w>och</w>
  <w>bo</w>
  <w>hos</w>
  <w>min</w>
  <w>mormor</w>
  <w>och</w>
  <w>mostrar</w>
  <w>osv</w>
  <w>.</w>
  <w>Jag</w>
  <w>har</w>
  <w>pengar</w>
  <w>till</w>
  <w>biljetten</w>
  <w>men</w>
  <w>knappt</w>
  <w>några</w>
  <w>fickpengar</w>
  <w>.</w>
  <w>Men</w>
  <w>det</w>
  <w>lär</w>
  <w>nog</w>
  <w>familjen</w>
  <w>lösa</w>
  <w>där</w>
  <w>.</w>
  <w>När</w>
  <w>jag</w>
  <w>var</w>
  <w>yngre</w>
  <w>hade</w>
  <w>jag</w>
  <w>några</w>
  <w>enstaka</w>
  <w>modelljobb</w>
  <w>där</w>
  <w>så</w>
  <w>tänkte</w>
  <w>försöka</w>
  <w>livnära</w>
  <w>mig</w>
  <w>på</w>
  <w>det</w>
  <w>så</w>
  <w>småningom</w>
  <w>.</w>
  <absaspan id=2 senti=4>
    <w>Vill</w>
    <w>stAnna</w>
  </absaspan>
  <w>där</w>
  <absaspan id=3 senti=4>
    <w>fötalltid</w>
  </absaspan>
  <absaspan id=4 senti=4>
    <w>helst</w>
  </absaspan>
  <w>,</w>
  <w>men</w>
  <w>hur</w>
  <w>länge</w>
  <w>kan</w>
  <w>man</w>
  <w>det</w>
  <w>egentligen</w>
  <w>?</w>
  <w>.</w>
</absapar>
<absapar id=2>
  <w>Tips</w>
  <w>tack</w>
  <w>!</w>
  <w>.</w>
</absapar>
</absadoc>
