<absadoc annotators=1 senti=>
<absatitle>
  <w>UPP</w>
  <w>TILL</w>
  <w>KAMP</w>
  <w>!</w>
  <w>.</w>
</absatitle>
<absapar id=1>
  <w>De</w>
  <w>väljare</w>
  <w>som</w>
  <w>lockades</w>
  <w>över</w>
  <w>till</w>
  <w>alliansen</w>
  <w>av</w>
  <w>en</w>
  <w>enorm</w>
  <w>och</w>
  <absaspan id=1 senti=2>
    <w>ohederlig</w>
  </absaspan>
  <absaspan id=2>
    <w>propagandadrive</w>
  </absaspan>
  <w>före</w>
  <w>valet</w>
  <w>ångrade</w>
  <w>sig</w>
  <w>kort</w>
  <w>efteråt</w>
  <w>.</w>
  <w>Om</w>
  <w>detta</w>
  <w>borde</w>
  <w>det</w>
  <w>pågå</w>
  <w>en</w>
  <w>intensiv</w>
  <w>debatt</w>
  <w>i</w>
  <w>radio</w>
  <w>,</w>
  <w>teve</w>
  <w>och</w>
  <w>tidningar</w>
  <w>.</w>
  <w>Majoriteten</w>
  <w>vill</w>
  <w>inte</w>
  <w>ha</w>
  <w>alliansregeringen</w>
  <w>eller</w>
  <w>dess</w>
  <w>”</w>
  <w>reformer</w>
  <w>”</w>
  <w>.</w>
</absapar>
<absapar id=2>
  <w>Ändå</w>
  <w>har</w>
  <w>regeringen</w>
  <w>tagit</w>
  <w>sitt</w>
  <w>numera</w>
  <w>högst</w>
  <w>osäkra</w>
  <w>mandat</w>
  <w>som</w>
  <w>intäkt</w>
  <w>för</w>
  <w>en</w>
  <w>nedmontering</w>
  <w>av</w>
  <w>den</w>
  <w>svenska</w>
  <w>samhällsmodellen</w>
  <w>,</w>
  <w>vilket</w>
  <w>saknar</w>
  <w>motstycke</w>
  <w>.</w>
</absapar>
<absapar id=3>
  <w>Och</w>
  <absaspan id=3>
    <w>de</w>
    <w>folkets</w>
    <w>ombud</w>
    <w>som</w>
    <w>valts</w>
    <w>att</w>
    <w>leda</w>
    <w>oppositionen</w>
  </absaspan>
  <absaspan id=4 senti=2>
    <w>är</w>
    <w>häpnadsväckande</w>
    <w>lama</w>
    <w>och</w>
    <w>tama</w>
  </absaspan>
  <w>.</w>
  <w>Man</w>
  <w>påstår</w>
  <w>att</w>
  <w>valresultatet</w>
  <w>kom</w>
  <w>sig</w>
  <w>av</w>
  <w>att</w>
  <absaspan id=5>
    <w>många</w>
    <w>väljare</w>
  </absaspan>
  <absaspan id=6 senti=2>
    <w>ville</w>
    <w>ha</w>
    <w>bort</w>
  </absaspan>
  <absaspan id=7>
    <w>Göran</w>
    <w>Persson</w>
  </absaspan>
  <w>.</w>
  <w>Men</w>
  <w>den</w>
  <w>analysen</w>
  <w>räcker</w>
  <w>inte</w>
  <w>.</w>
  <w>I</w>
  <w>kommunalvalet</w>
  <w>i</w>
  <w>Stockholm</w>
  <w>,</w>
  <w>som</w>
  <w>ju</w>
  <w>inte</w>
  <w>handlade</w>
  <w>om</w>
  <w>Persson</w>
  <w>,</w>
  <absaspan id=8 senti=4>
    <w>fick</w>
  </absaspan>
  <absaspan id=9>
    <w>borgarna</w>
  </absaspan>
  <absaspan id=10 senti=4>
    <w>en</w>
  </absaspan>
  <absaspan id=11 senti=4>
    <w>betryggande</w>
    <w>majoritet</w>
  </absaspan>
  <w>,</w>
  <w>en</w>
  <w>majoritet</w>
  <w>som</w>
  <w>de</w>
  <w>nu</w>
  <w>förlorat</w>
  <absaspan id=12>
    <w>.</w>
  </absaspan>
</absapar>
<absapar id=4>
  <w>Det</w>
  <w>måste</w>
  <w>betyda</w>
  <w>att</w>
  <w>väljare</w>
  <w>blev</w>
  <w>förda</w>
  <w>bakom</w>
  <w>ljuset</w>
  <w>och</w>
  <w>att</w>
  <w>den</w>
  <w>politik</w>
  <w>de</w>
  <w>förväntade</w>
  <w>sig</w>
  <w>inte</w>
  <w>stämmer</w>
  <w>med</w>
  <w>den</w>
  <w>politik</w>
  <w>som</w>
  <absaspan id=13>
    <w>allianspartierna</w>
  </absaspan>
  <w>nu</w>
  <absaspan id=14 senti=2>
    <w>genomdriver</w>
    <w>på</w>
    <w>ett</w>
  </absaspan>
  <absaspan id=15 senti=2>
    <w>kuppartat</w>
  </absaspan>
  <absaspan id=16 senti=2>
    <w>sätt</w>
  </absaspan>
  <w>.</w>
</absapar>
<absapar id=5>
  <w>Kan</w>
  <w>det</w>
  <w>bero</w>
  <w>på</w>
  <w>att</w>
  <w>80</w>
  <w>–</w>
  <w>90</w>
  <w>procent</w>
  <w>av</w>
  <w>pressen</w>
  <w>i</w>
  <w>Sverige</w>
  <w>är</w>
  <w>borgerlig</w>
  <w>och</w>
  <w>att</w>
  <w>public</w>
  <w>services</w>
  <w>rapportering</w>
  <w>och</w>
  <w>analyser</w>
  <w>inte</w>
  <w>skiljer</w>
  <w>sig</w>
  <w>mycket</w>
  <w>från</w>
  <w>de</w>
  <w>borgerliga</w>
  <w>medietrenderna</w>
  <w>?</w>
  <w>.</w>
</absapar>
<absapar id=6>
  <w>Man</w>
  <w>får</w>
  <w>gå</w>
  <w>till</w>
  <w>tidningen</w>
  <w>Ordfront</w>
  <w>för</w>
  <w>att</w>
  <w>få</w>
  <w>en</w>
  <absaspan id=17 senti=4>
    <w>ordentlig</w>
  </absaspan>
  <absaspan id=18>
    <w>genomlysning</w>
  </absaspan>
  <w>av</w>
  <w>vad</w>
  <w>alliansen</w>
  <w>sa</w>
  <w>före</w>
  <w>valet</w>
  <w>och</w>
  <w>vad</w>
  <w>de</w>
  <w>sedan</w>
  <w>,</w>
  <w>i</w>
  <w>verkligheten</w>
  <w>,</w>
  <w>gör</w>
  <w>.</w>
  <w>På</w>
  <w>punkt</w>
  <w>efter</w>
  <w>punkt</w>
  <w>visas</w>
  <w>att</w>
  <w>alliansen</w>
  <w>genomgående</w>
  <w>sa</w>
  <w>en</w>
  <w>sak</w>
  <w>under</w>
  <w>valkampanjen</w>
  <w>,</w>
  <w>och</w>
  <w>när</w>
  <w>de</w>
  <w>väl</w>
  <w>tagit</w>
  <w>makten</w>
  <w>föreslog</w>
  <w>något</w>
  <w>annat</w>
  <w>,</w>
  <w>ofta</w>
  <w>motsatsen</w>
  <w>.</w>
</absapar>
<absapar id=7>
  <w>Vi</w>
  <w>delar</w>
  <w>tidningens</w>
  <w>syn</w>
  <w>på</w>
  <absaspan id=19 senti=2>
    <w>de</w>
    <w>konsekvenser</w>
    <w>som</w>
    <w>nu</w>
    <w>påtvingas</w>
    <w>oss</w>
  </absaspan>
  <w>:</w>
  <absaspan id=20>
    <w>ett</w>
    <w>samhälle</w>
    <w>med</w>
    <w>skriande</w>
    <w>klyftor</w>
    <w>,</w>
    <w>som</w>
    <w>styrs</w>
    <w>mer</w>
    <w>av</w>
    <w>kontroll</w>
    <w>och</w>
    <w>disciplinering</w>
    <w>än</w>
    <w>av</w>
    <w>individuella</w>
    <w>rättigheter</w>
  </absaspan>
  <w>.</w>
  <w>Vi</w>
  <w>ser</w>
  <w>en</w>
  <w>utbredd</w>
  <w>låglönemarknad</w>
  <w>och</w>
  <w>försvagade</w>
  <w>fackföreningar</w>
  <w>,</w>
  <w>en</w>
  <w>privatisering</w>
  <w>och</w>
  <w>marknadsstyrning</w>
  <w>av</w>
  <w>verksamheter</w>
  <w>inom</w>
  <w>stat</w>
  <w>,</w>
  <w>kommuner</w>
  <w>och</w>
  <w>landsting</w>
  <w>.</w>
  <w>Vi</w>
  <w>ser</w>
  <w>hur</w>
  <w>man</w>
  <w>säljer</w>
  <w>ut</w>
  <w>tillgångar</w>
  <w>för</w>
  <w>hundratals</w>
  <w>miljarder</w>
  <w>.</w>
  <w>Vi</w>
  <w>ser</w>
  <w>också</w>
  <w>en</w>
  <w>kultur</w>
  <w>-</w>
  <w>och</w>
  <w>bildningssektor</w>
  <w>där</w>
  <w>marknadens</w>
  <w>villkor</w>
  <w>breder</w>
  <w>ut</w>
  <w>sig</w>
  <absaspan id=21 senti=4>
    <w>på</w>
    <w>bekostnad</w>
    <w>av</w>
  </absaspan>
  <absaspan id=22>
    <w>demokratiska</w>
    <w>värden</w>
    <w>och</w>
    <w>mångfald</w>
  </absaspan>
  <w>.</w>
  <w>Och</w>
  <w>”</w>
  <w>de</w>
  <w>stora</w>
  <w>vinnarna</w>
  <w>i</w>
  <w>alliansens</w>
  <w>skattepolitik</w>
  <w>är</w>
  <w>förmögna</w>
  <w>män</w>
  <w>med</w>
  <w>stora</w>
  <w>inkomster</w>
  <w>som</w>
  <w>bor</w>
  <w>i</w>
  <w>storstäderna</w>
  <w>.</w>
  <w>.</w>
  <w>.</w>
</absapar>
<absapar id=8>
  <w>Tydliga</w>
  <w>vinnare</w>
  <w>är</w>
  <w>de</w>
  <w>rikaste</w>
  <w>hushållen</w>
  <w>med</w>
  <w>de</w>
  <w>största</w>
  <w>villorna</w>
  <w>.</w>
  <w>”</w>
  <w>.</w>
</absapar>
<absapar id=9>
  <w>Vad</w>
  <w>vi</w>
  <w>ser</w>
  <w>är</w>
  <absaspan id=23>
    <w>en</w>
  </absaspan>
  <absaspan id=24>
    <w>revolution</w>
    <w>uppifrån</w>
  </absaspan>
  <absaspan id=25>
    <w>vars</w>
  </absaspan>
  <absaspan id=26 senti=2>
    <w>mål</w>
    <w>är</w>
    <w>att</w>
    <w>krossa</w>
  </absaspan>
  <absaspan id=27>
    <w>vad</w>
    <w>som</w>
    <w>finns</w>
    <w>kvar</w>
    <w>av</w>
    <w>den</w>
    <w>skandinaviska</w>
    <w>modellens</w>
    <w>idé</w>
    <w>om</w>
    <w>en</w>
    <w>social</w>
    <w>välfärd</w>
    <w>för</w>
    <w>alla</w>
  </absaspan>
  <w>,</w>
  <absaspan id=28>
    <w>en</w>
  </absaspan>
  <absaspan id=29>
    <w>modell</w>
  </absaspan>
  <absaspan id=30>
    <w>som</w>
  </absaspan>
  <absaspan id=31 senti=4>
    <w>under</w>
    <w>en</w>
    <w>period</w>
    <w>nådde</w>
    <w>längre</w>
    <w>än</w>
    <w>kanske</w>
    <w>någon</w>
    <w>annanstans</w>
    <w>på</w>
    <w>vägen</w>
    <w>mot</w>
    <w>en</w>
  </absaspan>
  <absaspan id=32 senti=4>
    <w>solidarisk</w>
  </absaspan>
  <absaspan id=33 senti=4>
    <w>fördelning</w>
    <w>efter</w>
    <w>behov</w>
  </absaspan>
  <w>,</w>
  <w>oberoende</w>
  <w>av</w>
  <w>plånbokens</w>
  <w>tjocklek</w>
  <w>.</w>
</absapar>
<absapar id=10>
  <w>Denna</w>
  <w>regering</w>
  <w>försöker</w>
  <w>genomföra</w>
  <absaspan id=34>
    <w>en</w>
    <w>marknadens</w>
    <w>idé</w>
    <w>,</w>
    <w>en</w>
    <w>skrivbordskonstruktion</w>
  </absaspan>
  <w>,</w>
  <w>som</w>
  <w>i</w>
  <w>all</w>
  <w>sin</w>
  <absaspan id=35 senti=2>
    <w>naiva</w>
  </absaspan>
  <absaspan id=36>
    <w>trosvisshet</w>
    <w>om</w>
    <w>marknadens</w>
    <w>välsignelse</w>
  </absaspan>
  <absaspan id=37 senti=2>
    <w>kommer</w>
    <w>att</w>
    <w>visa</w>
    <w>sig</w>
    <w>lika</w>
    <w>lite</w>
    <w>bärkraftig</w>
    <w>som</w>
    <w>andra</w>
    <w>sammanstörtade</w>
    <w>politiska</w>
    <w>system</w>
  </absaspan>
  <w>.</w>
  <absaspan id=38>
    <w>Förslag</w>
    <w>efter</w>
    <w>förslag</w>
  </absaspan>
  <absaspan id=39 senti=2>
    <w>visar</w>
    <w>sig</w>
    <w>illa</w>
    <w>genomtänkta</w>
    <w>,</w>
    <w>destruktiva</w>
    <w>eller</w>
    <w>djupt</w>
    <w>människofientliga</w>
  </absaspan>
  <w>:</w>
  <absaspan id=40>
    <w>a-kassemanipulationerna</w>
  </absaspan>
  <absaspan id=41>
    <w>,</w>
    <w>fastighetsskattens</w>
    <w>borttagande</w>
    <w>,</w>
    <w>slopandet</w>
    <w>av</w>
    <w>sjukskrivning</w>
    <w>för</w>
    <w>utbrända</w>
    <w>,</w>
    <w>tvånget</w>
    <w>att</w>
    <w>”</w>
    <w>arbeta</w>
    <w>”</w>
    <w>till</w>
    <w>vilket</w>
    <w>pris</w>
    <w>som</w>
    <w>helst</w>
    <w>,</w>
    <w>utförsäljningen</w>
    <w>av</w>
    <w>lönsamma</w>
    <w>företag</w>
    <w>och</w>
    <w>allmännyttans</w>
    <w>bostäder</w>
    <w>;</w>
  </absaspan>
  <absaspan id=42 senti=1>
    <w>ett</w>
    <w>slags</w>
    <w>iskallt</w>
    <w>hat</w>
    <w>mot</w>
  </absaspan>
  <absaspan id=43>
    <w>de</w>
    <w>allra</w>
    <w>mest</w>
    <w>utsatta</w>
    <w>som</w>
    <w>i</w>
    <w>denna</w>
    <w>ideologi</w>
    <w>öronmärks</w>
    <w>som</w>
    <w>lata</w>
    <w>eller</w>
    <w>lögnare</w>
    <w>osv</w>
  </absaspan>
  <absaspan id=44>
    <w>.</w>
  </absaspan>
</absapar>
<absapar id=11>
  <w>De</w>
  <w>rika</w>
  <w>blir</w>
  <w>oerhört</w>
  <w>mycket</w>
  <w>rikare</w>
  <w>under</w>
  <w>denna</w>
  <absaspan id=45 senti=2>
    <w>regim</w>
  </absaspan>
  <w>,</w>
  <w>och</w>
  <w>de</w>
  <w>fattiga</w>
  <w>fattigare</w>
  <w>.</w>
  <w>Vad</w>
  <w>händer</w>
  <w>den</w>
  <w>dag</w>
  <w>när</w>
  <w>den</w>
  <w>nya</w>
  <w>kraschen</w>
  <w>kommer</w>
  <w>?</w>
  <w>När</w>
  <w>bolånebubblan</w>
  <w>spricker</w>
  <w>och</w>
  <w>vanliga</w>
  <w>människors</w>
  <w>aktier</w>
  <w>sjunker</w>
  <w>i</w>
  <w>värde</w>
  <w>?</w>
  <w>Då</w>
  <w>finns</w>
  <w>det</w>
  <w>inte</w>
  <w>längre</w>
  <w>något</w>
  <w>skyddsnät</w>
  <w>för</w>
  <w>människorna</w>
  <w>i</w>
  <w>Sverige</w>
  <w>.</w>
  <w>Då</w>
  <w>måste</w>
  <w>vi</w>
  <w>alla</w>
  <w>”</w>
  <w>underkasta</w>
  <w>”</w>
  <w>oss</w>
  <w>”</w>
  <absaspan id=46 senti=2>
    <w>skitjobb</w>
  </absaspan>
  <w>”</w>
  <w>åt</w>
  <w>företagsamheten</w>
  <w>på</w>
  <w>dess</w>
  <w>villkor</w>
  <w>för</w>
  <w>att</w>
  <w>överleva</w>
  <w>.</w>
</absapar>
<absapar id=12>
  <w>Den</w>
  <w>18</w>
  <w>september</w>
  <absaspan id=47 senti=2>
    <w>tänker</w>
  </absaspan>
  <absaspan id=48>
    <w>vi</w>
    <w>som</w>
    <w>är</w>
    <w>oliktänkande</w>
  </absaspan>
  <absaspan id=49 senti=2>
    <w>demonstrera</w>
  </absaspan>
  <absaspan id=50 senti=2>
    <w>mot</w>
  </absaspan>
  <absaspan id=51>
    <w>regeringen</w>
  </absaspan>
  <w>.</w>
  <w>Ett</w>
  <w>år</w>
  <w>har</w>
  <w>varit</w>
  <w>ett</w>
  <w>år</w>
  <w>för</w>
  <w>mycket</w>
  <w>.</w>
  <w>Vi</w>
  <w>vet</w>
  <w>mycket</w>
  <w>väl</w>
  <w>att</w>
  <w>marknadens</w>
  <w>konsulter</w>
  <w>säger</w>
  <w>att</w>
  <w>makten</w>
  <w>kan</w>
  <w>skita</w>
  <w>i</w>
  <w>demonstrationer</w>
  <w>.</w>
  <w>Men</w>
  <w>det</w>
  <w>är</w>
  <w>svårt</w>
  <w>att</w>
  <w>glömma</w>
  <w>den</w>
  <w>15</w>
  <w>februari</w>
  <w>2003</w>
  <w>.</w>
  <w>Det</w>
  <w>var</w>
  <w>den</w>
  <w>största</w>
  <w>,</w>
  <w>folkliga</w>
  <w>och</w>
  <w>globala</w>
  <w>demonstrationen</w>
  <w>någonsin</w>
  <w>–</w>
  <w>mot</w>
  <w>kriget</w>
  <w>i</w>
  <w>Irak</w>
  <w>.</w>
  <w>I</w>
  <w>efterhand</w>
  <w>visade</w>
  <w>det</w>
  <w>sig</w>
  <w>att</w>
  <w>folken</w>
  <w>runtom</w>
  <w>i</w>
  <w>världen</w>
  <w>hade</w>
  <w>rätt</w>
  <w>.</w>
  <w>Marknaden</w>
  <w>har</w>
  <w>förtrollat</w>
  <w>en</w>
  <w>hel</w>
  <w>del</w>
  <w>politiker</w>
  <w>,</w>
  <w>men</w>
  <w>alls</w>
  <w>inte</w>
  <w>hela</w>
  <w>folket</w>
  <w>.</w>
  <w>Politiken</w>
  <w>–</w>
  <w>och</w>
  <w>demokratin</w>
  <w>–</w>
  <w>måste</w>
  <w>återerövras</w>
  <w>.</w>
</absapar>
<absapar id=13>
  <w>FAKTA</w>
  <w>.</w>
</absapar>
<absapar id=14>
  <w>Dagens</w>
  <w>debattörer</w>
  <w>.</w>
</absapar>
<absapar id=15>
  <w>Maria-Pia</w>
  <w>Boëthius</w>
  <w>.</w>
</absapar>
<absapar id=16>
  <w>Författare</w>
  <w>.</w>
</absapar>
<absapar id=17>
  <w>Harry</w>
  <w>Rantakyrö</w>
  <w>.</w>
</absapar>
<absapar id=18>
  <w>Ordförande</w>
  <w>Gruvtolvan</w>
  <w>.</w>
</absapar>
<absapar id=19>
  <w>Tomas</w>
  <w>Nilsson</w>
  <w>.</w>
</absapar>
<absapar id=20>
  <w>Ordförande</w>
  <w>Gruvfyran</w>
  <w>.</w>
</absapar>
<absapar id=21>
  <w>Per</w>
  <w>Johansson</w>
  <w>.</w>
</absapar>
<absapar id=22>
  <w>Tågförare</w>
  <w>,</w>
  <w>sparkad</w>
  <w>av</w>
  <w>Connex</w>
  <w>.</w>
</absapar>
<absapar id=23>
  <w>Lena</w>
  <w>Ezelius</w>
  <w>.</w>
</absapar>
<absapar id=24>
  <w>Vårdbiträde</w>
  <w>,</w>
  <w>medlem</w>
  <w>i</w>
  <w>Kommunal</w>
  <w>sektion</w>
  <w>26</w>
  <w>.</w>
</absapar>
</absadoc>
