<absadoc annotators=1 senti=>
<absatitle>
  <absaspan id=1>
    <w>Nätet</w>
  </absaspan>
  <absaspan id=2 senti=2 target=1>
    <w>förvandlar</w>
    <w>oss</w>
    <w>till</w>
    <w>bridezillas</w>
  </absaspan>
  <w>.</w>
</absatitle>
<absapar id=1>
  <w>Om</w>
  <w>någon</w>
  <w>lyckats</w>
  <w>missa</w>
  <w>det</w>
  <w>var</w>
  <w>det</w>
  <w>bröllop</w>
  <w>i</w>
  <w>helgen</w>
  <w>.</w>
  <w>Och</w>
  <w>om</w>
  <w>ni</w>
  <w>nu</w>
  <w>faktiskt</w>
  <w>missade</w>
  <w>det</w>
  <w>finns</w>
  <w>allt</w>
  <w>på</w>
  <w>internet</w>
  <w>.</w>
  <w>Vigseln</w>
  <w>,</w>
  <w>talen</w>
  <w>,</w>
  <w>klänningarna</w>
  <w>,</w>
  <w>direktrapportering</w>
  <w>och</w>
  <w>efteranalyser</w>
  <w>och</w>
  <w>reaktioner</w>
  <w>.</w>
  <w>Jäklar</w>
  <w>vad</w>
  <w>det</w>
  <w>var</w>
  <w>bröllop</w>
  <w>på</w>
  <w>internet</w>
  <absaspan id=3 senti=2>
    <w>.</w>
  </absaspan>
</absapar>
<absapar id=2>
  <w>På</w>
  <w>andra</w>
  <w>delar</w>
  <w>av</w>
  <w>internet</w>
  <w>är</w>
  <w>det</w>
  <w>däremot</w>
  <w>bröllop</w>
  <w>året</w>
  <w>runt</w>
  <w>.</w>
  <w>Har</w>
  <w>jag</w>
  <w>upptäckt</w>
  <w>.</w>
  <w>Jäklar</w>
  <w>vad</w>
  <w>det</w>
  <w>är</w>
  <w>bröllop</w>
  <absaspan id=4 senti=2>
    <w>.</w>
  </absaspan>
  <w>Forum</w>
  <w>och</w>
  <w>bloggar</w>
  <w>och</w>
  <w>sajter</w>
  <w>och</w>
  <w>nätbutiker</w>
  <w>vars</w>
  <w>hela</w>
  <w>syfte</w>
  <w>är</w>
  <w>att</w>
  <w>se</w>
  <w>till</w>
  <w>att</w>
  <w>din</w>
  <w>stora</w>
  <w>dag</w>
  <w>blir</w>
  <w>så</w>
  <w>stor</w>
  <w>som</w>
  <w>möjligt</w>
  <w>.</w>
  <w>Eller</w>
  <w>alltså</w>
  <w>så</w>
  <w>perfekt</w>
  <w>som</w>
  <w>möjligt</w>
  <w>.</w>
  <w>Eller</w>
  <w>,</w>
  <w>nä</w>
  <w>,</w>
  <w>så</w>
  <w>stor</w>
  <w>som</w>
  <w>möjligt</w>
  <w>,</w>
  <w>helst</w>
  <w>.</w>
  <w>Bombastisk</w>
  <w>,</w>
  <w>överdådig</w>
  <w>och</w>
  <w>alldeles</w>
  <w>alldeles</w>
  <w>underbar</w>
  <absaspan id=5 senti=5 irony>
    <w>.</w>
  </absaspan>
</absapar>
<absapar id=3>
  <w>Jag</w>
  <w>har</w>
  <w>läst</w>
  <w>om</w>
  <w>det</w>
  <w>förut</w>
  <w>,</w>
  <w>mest</w>
  <w>ur</w>
  <w>ett</w>
  <w>amerikanskt</w>
  <w>perspektiv</w>
  <w>.</w>
  <w>Andrahandsberättelserna</w>
  <w>om</w>
  <w>fasorna</w>
  <w>på</w>
  <w>bröllopsinternet</w>
  <w>var</w>
  <w>fascinerande</w>
  <w>,</w>
  <w>men</w>
  <w>fram</w>
  <w>tills</w>
  <w>nyligen</w>
  <w>hade</w>
  <w>jag</w>
  <w>ingen</w>
  <w>anledning</w>
  <w>att</w>
  <w>ge</w>
  <w>mig</w>
  <w>in</w>
  <w>i</w>
  <w>djungeln</w>
  <w>själv</w>
  <w>.</w>
  <w>Nu</w>
  <w>när</w>
  <w>jag</w>
  <w>tagit</w>
  <w>första</w>
  <w>klivet</w>
  <w>in</w>
  <w>i</w>
  <w>planeringskaoset</w>
  <w>är</w>
  <w>det</w>
  <w>svårt</w>
  <w>att</w>
  <w>vända</w>
  <w>om</w>
  <w>.</w>
</absapar>
<absapar id=4>
  <w>På</w>
  <w>ytan</w>
  <w>ser</w>
  <w>det</w>
  <w>ut</w>
  <w>som</w>
  <w>att</w>
  <w>de</w>
  <w>vill</w>
  <w>hjälpa</w>
  <w>dig</w>
  <w>.</w>
  <w>Checklistor</w>
  <w>,</w>
  <w>budgetverktyg</w>
  <w>,</w>
  <w>planeringstips</w>
  <w>,</w>
  <w>länksamlingar</w>
  <w>,</w>
  <w>en</w>
  <w>helt</w>
  <w>ny</w>
  <w>vokabulär</w>
  <w>–</w>
  <absaspan id=6 senti=5 irony>
    <w>min</w>
    <w>favorit</w>
    <w>är</w>
  </absaspan>
  <absaspan id=7>
    <w>m2b</w>
    <w>,</w>
    <w>alltså</w>
    <w>make-to-be</w>
  </absaspan>
  <w>.</w>
  <w>Många</w>
  <w>är</w>
  <w>enskilda</w>
  <w>personer</w>
  <w>som</w>
  <w>vill</w>
  <w>dela</w>
  <w>med</w>
  <w>sig</w>
  <w>av</w>
  <w>sina</w>
  <w>egna</w>
  <w>planer</w>
  <w>och</w>
  <w>funderingar</w>
  <w>,</w>
  <w>och</w>
  <w>kanske</w>
  <w>utbyta</w>
  <w>tips</w>
  <w>och</w>
  <w>råd</w>
  <w>.</w>
  <absaspan id=8>
    <w>Men</w>
  </absaspan>
  <absaspan id=9>
    <w>mycket</w>
    <w>av</w>
    <w>bröllopsinternet</w>
    <w>handlar</w>
    <w>förstås</w>
    <w>om</w>
    <w>pengar</w>
  </absaspan>
  <w>.</w>
</absapar>
<absapar id=5>
  <w>Och</w>
  <w>jag</w>
  <w>börjar</w>
  <w>förstå</w>
  <w>hur</w>
  <absaspan id=10>
    <w>det</w>
  </absaspan>
  <w>väldigt</w>
  <w>lätt</w>
  <absaspan id=11 senti=2>
    <w>kan</w>
    <w>gå</w>
    <w>överstyr</w>
  </absaspan>
  <w>.</w>
  <w>När</w>
  <w>man</w>
  <w>fastnar</w>
  <w>i</w>
  <w>alla</w>
  <w>artiklar</w>
  <w>och</w>
  <w>diskussioner</w>
  <w>om</w>
  <w>saker</w>
  <w>som</w>
  <w>är</w>
  <w>självklara</w>
  <w>och</w>
  <w>livsnödvändiga</w>
  <w>för</w>
  <w>att</w>
  <w>ett</w>
  <w>bröllop</w>
  <w>inte</w>
  <w>ska</w>
  <w>bli</w>
  <w>en</w>
  <w>fullständig</w>
  <w>flopp</w>
  <w>.</w>
  <w>Inhyrda</w>
  <w>dresserade</w>
  <w>duvor</w>
  <w>,</w>
  <w>elvarättersmiddag</w>
  <w>,</w>
  <w>kristallprydda</w>
  <w>klänningar</w>
  <w>som</w>
  <w>väger</w>
  <w>och</w>
  <w>kostar</w>
  <w>som</w>
  <w>en</w>
  <w>liten</w>
  <w>bil</w>
  <w>,</w>
  <w>dekorationer</w>
  <w>i</w>
  <w>exakt</w>
  <w>rätt</w>
  <w>nyanser</w>
  <w>av</w>
  <w>babykindsrosa</w>
  <w>och</w>
  <w>flädersaftsgult</w>
  <absaspan id=12 senti=2>
    <w>.</w>
  </absaspan>
</absapar>
<absapar id=6>
  <w>Många</w>
  <w>vittnar</w>
  <w>om</w>
  <w>hur</w>
  <w>deras</w>
  <w>enkla</w>
  <w>billiga</w>
  <w>bröllop</w>
  <w>plötsligt</w>
  <w>blev</w>
  <w>en</w>
  <w>stor</w>
  <w>komplicerad</w>
  <w>dyr</w>
  <w>baluns</w>
  <w>–</w>
  <w>inte</w>
  <w>för</w>
  <w>att</w>
  <w>någon</w>
  <w>i</w>
  <w>släkten</w>
  <w>hetsade</w>
  <w>på</w>
  <w>,</w>
  <w>vilket</w>
  <w>förstås</w>
  <w>också</w>
  <w>händer</w>
  <w>,</w>
  <w>utan</w>
  <w>för</w>
  <w>att</w>
  <w>de</w>
  <w>hittade</w>
  <w>sak</w>
  <w>efter</w>
  <w>sak</w>
  <w>att</w>
  <w>inspireras</w>
  <w>av</w>
  <w>och</w>
  <w>bara</w>
  <w>sveptes</w>
  <w>med</w>
  <w>.</w>
  <w>(</w>
  <absaspan id=13>
    <w>Handkalligraferade</w>
    <w>häften</w>
    <w>med</w>
    <w>personliga</w>
    <w>dikter</w>
    <w>om</w>
    <w>varje</w>
    <w>gäst</w>
  </absaspan>
  <w>?</w>
  <absaspan id=14 senti=2>
    <w>Kanske</w>
    <w>inte</w>
    <w>det</w>
    <w>viktigaste</w>
    <w>att</w>
    <w>lägga</w>
    <w>tid</w>
    <w>på</w>
  </absaspan>
  <w>.</w>
  <w>)</w>
  <w>.</w>
</absapar>
<absapar id=7>
  <absaspan id=15>
    <w>Det</w>
    <w>som</w>
    <w>i</w>
    <w>den</w>
    <w>bästa</w>
    <w>av</w>
    <w>världar</w>
    <w>är</w>
    <w>en</w>
    <w>fantastisk</w>
    <w>resurs</w>
    <w>,</w>
    <w>alla</w>
    <w>dessa</w>
    <w>sajter</w>
    <w>och</w>
    <w>alla</w>
    <w>glada</w>
    <w>brudpar</w>
    <w>som</w>
    <w>delar</w>
    <w>med</w>
    <w>sig</w>
  </absaspan>
  <w>,</w>
  <absaspan id=16 senti=2>
    <w>kan</w>
  </absaspan>
  <w>i</w>
  <w>stället</w>
  <w>så</w>
  <w>lätt</w>
  <absaspan id=17 senti=2>
    <w>ge</w>
  </absaspan>
  <absaspan id=18 senti=2>
    <w>upphov</w>
    <w>till</w>
    <w>en</w>
    <w>känsla</w>
    <w>av</w>
    <w>underlägsenhet</w>
    <w>och</w>
    <w>missnöje</w>
  </absaspan>
  <w>.</w>
  <w>Och</w>
  <absaspan id=19 senti=2>
    <w>fartblindhet</w>
  </absaspan>
  <w>–</w>
  <absaspan id=20>
    <w>om</w>
    <w>jämförandet</w>
    <w>inte</w>
    <w>gör</w>
    <w>en</w>
    <w>sugen</w>
    <w>på</w>
    <w>fler</w>
    <w>saker</w>
    <w>kan</w>
    <w>det</w>
    <w>lika</w>
    <w>gärna</w>
    <w>ge</w>
    <w>helt</w>
    <w>nya</w>
    <w>perspektiv</w>
  </absaspan>
  <w>.</w>
  <w>När</w>
  <w>andra</w>
  <w>lägger</w>
  <w>om</w>
  <w>sina</w>
  <w>bostadslån</w>
  <w>för</w>
  <w>att</w>
  <w>få</w>
  <w>loss</w>
  <w>pengar</w>
  <w>till</w>
  <w>drömbröllopet</w>
  <absaspan id=21 senti=4 irony>
    <w>verkar</w>
  </absaspan>
  <absaspan id=22>
    <w>ens</w>
    <w>egna</w>
    <w>utgifter</w>
  </absaspan>
  <absaspan id=23 senti=4 irony>
    <w>plötsligt</w>
  </absaspan>
  <absaspan id=24 senti=4 irony>
    <w>inte</w>
    <w>så</w>
    <w>farliga</w>
  </absaspan>
  <w>.</w>
  <w>Man</w>
  <w>kanske</w>
  <w>till</w>
  <w>och</w>
  <w>med</w>
  <w>kan</w>
  <w>ta</w>
  <w>i</w>
  <w>lite</w>
  <w>till</w>
  <absaspan id=25 senti=2>
    <w>.</w>
  </absaspan>
</absapar>
<absapar id=8>
  <w>Men</w>
  <w>,</w>
  <w>som</w>
  <w>alltid</w>
  <w>,</w>
  <w>finns</w>
  <w>även</w>
  <w>motståndsrörelsen</w>
  <w>på</w>
  <w>internet</w>
  <w>.</w>
  <w>Samlingsplatser</w>
  <w>för</w>
  <w>den</w>
  <w>som</w>
  <w>vill</w>
  <w>göra</w>
  <w>på</w>
  <w>sitt</w>
  <w>eget</w>
  <w>sätt</w>
  <w>,</w>
  <w>bloggarna</w>
  <w>som</w>
  <w>tipsar</w>
  <w>om</w>
  <w>alternativ</w>
  <w>och</w>
  <w>pekar</w>
  <w>ut</w>
  <w>industrins</w>
  <w>galenskaper</w>
  <w>.</w>
  <w>Som</w>
  <w>alla</w>
  <absaspan id=26>
    <w>motståndsrörelser</w>
  </absaspan>
  <absaspan id=27 senti=2>
    <w>kan</w>
  </absaspan>
  <w>det</w>
  <absaspan id=28 senti=2>
    <w>bli</w>
  </absaspan>
  <absaspan id=29 senti=2>
    <w>lite</w>
    <w>renlärigt</w>
  </absaspan>
  <w>även</w>
  <w>där</w>
  <w>–</w>
  <w>det</w>
  <absaspan id=30 senti=4>
    <w>tävlas</w>
  </absaspan>
  <w>nästan</w>
  <absaspan id=31 senti=4>
    <w>i</w>
  </absaspan>
  <absaspan id=32>
    <w>vem</w>
    <w>som</w>
    <w>kan</w>
    <w>komma</w>
    <w>undan</w>
    <w>billigast</w>
    <w>,</w>
    <w>med</w>
    <w>rättvisemärkt</w>
    <w>knytkalas</w>
    <w>på</w>
    <w>torget</w>
    <w>eller</w>
    <w>klänning</w>
    <w>sydd</w>
    <w>av</w>
    <w>secondhandbordsduk</w>
  </absaspan>
  <w>–</w>
  <w>men</w>
  <w>det</w>
  <w>är</w>
  <w>ändå</w>
  <w>där</w>
  <w>man</w>
  <w>påminns</w>
  <w>om</w>
  <absaspan id=33>
    <w>internets</w>
  </absaspan>
  <absaspan id=34 senti=4>
    <w>styrka</w>
  </absaspan>
  <w>.</w>
  <absaspan id=35 senti=4>
    <w>Med</w>
    <w>lite</w>
    <w>tur</w>
  </absaspan>
  <absaspan id=36>
    <w>kan</w>
    <w>man</w>
    <w>hitta</w>
    <w>allt</w>
    <w>,</w>
    <w>plocka</w>
    <w>de</w>
    <w>bitar</w>
    <w>man</w>
    <w>vill</w>
    <w>ha</w>
    <w>från</w>
    <w>olika</w>
    <w>ställen</w>
  </absaspan>
  <w>.</w>
  <w>Oavsett</w>
  <w>om</w>
  <w>det</w>
  <w>är</w>
  <w>stora</w>
  <w>marängkjolar</w>
  <w>eller</w>
  <w>enkla</w>
  <w>recept</w>
  <w>på</w>
  <w>glutenfria</w>
  <w>bröllopstårtor</w>
  <w>.</w>
</absapar>
<absapar id=9>
  <w>Julia</w>
  <w>Skott</w>
  <w>.</w>
</absapar>
</absadoc>
