<absadoc annotators=1 senti=>
<absatitle>
  <w>Vilket</w>
  <w>parti</w>
  <w>satsar</w>
  <w>mest</w>
  <w>på</w>
  <w>kärleken</w>
  <w>?</w>
</absatitle>
<absapar id=1>
  <w>En</w>
  <w>av</w>
  <w>våra</w>
  <w>främsta</w>
  <w>framtidsutmaningar</w>
  <w>är</w>
  <w>”</w>
  <w>Att</w>
  <w>fler</w>
  <w>föräldrar</w>
  <w>kan</w>
  <w>upprätthålla</w>
  <absaspan id=1 senti=4>
    <w>goda</w>
    <w>och</w>
    <w>varaktiga</w>
  </absaspan>
  <absaspan id=2>
    <w>relationer</w>
  </absaspan>
  <w>till</w>
  <w>sina</w>
  <w>barn</w>
  <w>och</w>
  <w>till</w>
  <w>varandra</w>
  <w>.</w>
  <w>”</w>
  <w>Det</w>
  <w>är</w>
  <w>inte</w>
  <w>en</w>
  <absaspan id=3 senti=2>
    <w>värdekonservativ</w>
  </absaspan>
  <absaspan id=4>
    <w>KD</w>
    <w>-</w>
    <w>politiker</w>
  </absaspan>
  <w>eller</w>
  <absaspan id=5 senti=2>
    <w>högerkristen</w>
  </absaspan>
  <absaspan id=6>
    <w>frikyrkopastor</w>
  </absaspan>
  <w>som</w>
  <w>påstår</w>
  <w>det</w>
  <w>.</w>
  <w>Det</w>
  <w>är</w>
  <w>den</w>
  <w>av</w>
  <w>regeringen</w>
  <w>tillsatta</w>
  <w>Framtidskommissionen</w>
  <w>som</w>
  <w>skriver</w>
  <w>det</w>
  <w>i</w>
  <w>sin</w>
  <w>rapport</w>
  <w>”</w>
  <w>Framtida</w>
  <w>utmaningar</w>
  <w>för</w>
  <w>sammanhållning</w>
  <w>och</w>
  <w>rättvisa</w>
  <w>”</w>
  <w>.</w>
  <w>Eftersom</w>
  <w>ensamhet</w>
  <w>och</w>
  <absaspan id=7>
    <w>dåliga</w>
    <w>sociala</w>
    <w>relationer</w>
  </absaspan>
  <absaspan id=8 senti=2>
    <w>är</w>
    <w>lika</w>
    <w>stor</w>
    <w>hälsorisk</w>
    <w>som</w>
    <w>rökning</w>
    <w>och</w>
    <w>alkoholmissbruk</w>
  </absaspan>
  <w>och</w>
  <absaspan id=9 senti=2>
    <w>farligare</w>
    <w>än</w>
    <w>övervikt</w>
    <w>och</w>
    <w>stillasittande</w>
  </absaspan>
  <w>.</w>
</absapar>
<absapar id=2>
  <w>Våra</w>
  <w>politiker</w>
  <w>och</w>
  <w>berörda</w>
  <w>myndigheter</w>
  <w>går</w>
  <w>som</w>
  <w>katten</w>
  <w>kring</w>
  <w>het</w>
  <w>gröt</w>
  <w>.</w>
  <absaspan id=10>
    <w>De</w>
  </absaspan>
  <absaspan id=11 senti=2>
    <w>vågar</w>
    <w>inte</w>
    <w>tala</w>
    <w>klartext</w>
  </absaspan>
  <w>om</w>
  <w>hur</w>
  <w>viktigt</w>
  <w>det</w>
  <w>är</w>
  <w>med</w>
  <w>stabila</w>
  <w>nära</w>
  <w>relationer</w>
  <w>och</w>
  <w>familjer</w>
  <w>.</w>
  <w>Inte</w>
  <w>bara</w>
  <w>för</w>
  <w>folkhälsan</w>
  <w>och</w>
  <w>samhällsekonomin</w>
  <w>.</w>
  <w>Utan</w>
  <w>också</w>
  <w>för</w>
  <w>våra</w>
  <w>barns</w>
  <w>uppväxtvillkor</w>
  <w>och</w>
  <absaspan id=12 senti=2>
    <w>chanser</w>
  </absaspan>
  <w>att</w>
  <absaspan id=13>
    <w>lyckas</w>
    <w>i</w>
    <w>livet</w>
  </absaspan>
  <w>.</w>
  <absaspan id=14>
    <w>De</w>
  </absaspan>
  <absaspan id=15 senti=4>
    <w>talar</w>
    <w>mycket</w>
    <w>och</w>
    <w>gärna</w>
  </absaspan>
  <w>om</w>
  <w>en</w>
  <absaspan id=16>
    <w>hållbar</w>
    <w>värld</w>
    <w>och</w>
    <w>en</w>
    <w>hållbar</w>
    <w>utveckling</w>
  </absaspan>
  <w>.</w>
  <w>Men</w>
  <absaspan id=17>
    <w>när</w>
    <w>det</w>
    <w>gäller</w>
    <w>hållbara</w>
    <w>relationer</w>
    <w>drabbas</w>
    <w>alla</w>
  </absaspan>
  <w>plötsligt</w>
  <w>av</w>
  <w>en</w>
  <absaspan id=18 senti=2>
    <w>uttalad</w>
    <w>beröringsskräck</w>
  </absaspan>
  <w>.</w>
</absapar>
<absapar id=3>
  <absaspan id=19>
    <w>Oppositionen</w>
  </absaspan>
  <w>som</w>
  <w>säger</w>
  <w>sig</w>
  <w>vilja</w>
  <w>ta</w>
  <w>de</w>
  <w>svagas</w>
  <w>parti</w>
  <absaspan id=20 senti=2>
    <w>visar</w>
    <w>inget</w>
    <w>större</w>
    <w>intresse</w>
  </absaspan>
  <w>.</w>
  <w>Trots</w>
  <w>att</w>
  <w>en</w>
  <absaspan id=21>
    <w>separation</w>
  </absaspan>
  <w>många</w>
  <w>gånger</w>
  <w>är</w>
  <w>en</w>
  <absaspan id=22 senti=2>
    <w>större</w>
    <w>hälsorisk</w>
  </absaspan>
  <w>än</w>
  <w>arbetslöshet</w>
  <w>.</w>
  <w>Trots</w>
  <w>att</w>
  <w>separationer</w>
  <w>enligt</w>
  <w>SCB</w>
  <w>är</w>
  <w>mycket</w>
  <w>vanligare</w>
  <w>bland</w>
  <w>lågutbildade</w>
  <w>.</w>
  <w>Deras</w>
  <w>barn</w>
  <absaspan id=23 senti=2>
    <w>riskerar</w>
  </absaspan>
  <w>också</w>
  <w>mer</w>
  <w>än</w>
  <w>andra</w>
  <w>att</w>
  <absaspan id=24>
    <w>växa</w>
    <w>upp</w>
    <w>i</w>
    <w>barnfattigdom</w>
  </absaspan>
  <w>med</w>
  <w>allt</w>
  <w>vad</w>
  <w>det</w>
  <w>innebär</w>
  <w>.</w>
</absapar>
<absapar id=4>
  <absaspan id=25 senti=2>
    <w>Inte</w>
    <w>ens</w>
  </absaspan>
  <absaspan id=26>
    <w>KD</w>
  </absaspan>
  <w>som</w>
  <w>säger</w>
  <w>sig</w>
  <w>vilja</w>
  <w>slå</w>
  <w>vakt</w>
  <w>om</w>
  <w>familjen</w>
  <absaspan id=27 senti=2>
    <w>har</w>
  </absaspan>
  <absaspan id=28 senti=2>
    <w>det</w>
    <w>politiska</w>
    <w>modet</w>
  </absaspan>
  <w>att</w>
  <w>säga</w>
  <w>att</w>
  <w>splittrade</w>
  <w>familjer</w>
  <w>en</w>
  <w>av</w>
  <w>de</w>
  <w>främsta</w>
  <w>orsakerna</w>
  <w>till</w>
  <w>den</w>
  <w>utbredda</w>
  <w>barnfattigdomen</w>
  <w>.</w>
  <w>Precis</w>
  <w>som</w>
  <w>de</w>
  <w>andra</w>
  <w>allianspartierna</w>
  <w>talar</w>
  <absaspan id=29>
    <w>de</w>
  </absaspan>
  <w>enbart</w>
  <w>om</w>
  <absaspan id=30>
    <w>jobblinjen</w>
  </absaspan>
  <w>som</w>
  <absaspan id=31 senti=4>
    <w>lösningen</w>
    <w>på</w>
    <w>alla</w>
    <w>problem</w>
  </absaspan>
  <w>.</w>
  <w>Inte</w>
  <w>heller</w>
  <w>våga</w>
  <w>KD</w>
  <w>säga</w>
  <w>att</w>
  <w>om</w>
  <w>man</w>
  <w>vill</w>
  <w>ha</w>
  <w>en</w>
  <w>hållbar</w>
  <w>relation</w>
  <w>är</w>
  <w>det</w>
  <absaspan id=32 senti=4>
    <w>mycket</w>
    <w>bättre</w>
  </absaspan>
  <w>att</w>
  <absaspan id=33>
    <w>gifta</w>
    <w>sig</w>
  </absaspan>
  <w>än</w>
  <w>vara</w>
  <w>sambo</w>
  <w>.</w>
</absapar>
<absapar id=5>
  <w>Folkhälsomyndigheten</w>
  <w>uppmanar</w>
  <w>oss</w>
  <w>att</w>
  <w>äta</w>
  <w>mindre</w>
  <w>fett</w>
  <w>och</w>
  <w>socker</w>
  <w>,</w>
  <w>motionera</w>
  <w>mer</w>
  <w>,</w>
  <w>sluta</w>
  <w>röka</w>
  <w>och</w>
  <w>dricka</w>
  <w>mindre</w>
  <w>alkohol</w>
  <w>.</w>
  <w>Då</w>
  <w>lever</w>
  <w>vi</w>
  <w>längre</w>
  <w>och</w>
  <w>drabbas</w>
  <w>inte</w>
  <w>lika</w>
  <w>ofta</w>
  <w>av</w>
  <w>cancer</w>
  <w>.</w>
  <w>Men</w>
  <w>att</w>
  <w>det</w>
  <w>är</w>
  <w>en</w>
  <absaspan id=34 senti=2>
    <w>större</w>
    <w>hälsorisk</w>
  </absaspan>
  <w>att</w>
  <absaspan id=35>
    <w>leva</w>
    <w>som</w>
    <w>ensam</w>
    <w>,</w>
    <w>frånskild</w>
    <w>man</w>
  </absaspan>
  <w>än</w>
  <w>att</w>
  <w>drabbas</w>
  <w>av</w>
  <w>cancer</w>
  <w>talar</w>
  <w>de</w>
  <w>inte</w>
  <w>om</w>
  <w>.</w>
</absapar>
<absapar id=6>
  <w>Barnombudsmannen</w>
  <w>ska</w>
  <w>se</w>
  <w>till</w>
  <w>att</w>
  <w>myndigheter</w>
  <w>vid</w>
  <w>alla</w>
  <w>beslut</w>
  <w>som</w>
  <w>rör</w>
  <w>våra</w>
  <w>barn</w>
  <w>,</w>
  <absaspan id=36 senti=4>
    <w>sätter</w>
  </absaspan>
  <absaspan id=37>
    <w>barnets</w>
    <w>bästa</w>
  </absaspan>
  <absaspan id=38 senti=4>
    <w>i</w>
  </absaspan>
  <absaspan id=39 senti=4>
    <w>främsta</w>
    <w>rummet</w>
  </absaspan>
  <w>.</w>
  <w>Men</w>
  <w>ska</w>
  <w>vi</w>
  <w>föräldrar</w>
  <w>ta</w>
  <w>hänsyn</w>
  <w>till</w>
  <w>vad</w>
  <w>som</w>
  <w>är</w>
  <w>bäst</w>
  <w>för</w>
  <w>våra</w>
  <w>barn</w>
  <w>också</w>
  <w>när</w>
  <w>vi</w>
  <w>funderar</w>
  <w>på</w>
  <w>om</w>
  <w>att</w>
  <w>vi</w>
  <w>ska</w>
  <w>skiljas</w>
  <w>eller</w>
  <w>fortsätta</w>
  <w>leva</w>
  <w>tillsammans</w>
  <w>?</w>
  <w>Den</w>
  <w>frågan</w>
  <w>vill</w>
  <w>eller</w>
  <absaspan id=40 senti=2>
    <w>vågar</w>
  </absaspan>
  <absaspan id=41>
    <w>BO</w>
  </absaspan>
  <absaspan id=42 senti=2>
    <w>inte</w>
  </absaspan>
  <absaspan id=43 senti=2>
    <w>svara</w>
    <w>på</w>
  </absaspan>
  <w>.</w>
  <w>Trots</w>
  <w>att</w>
  <w>det</w>
  <w>beslutet</w>
  <w>påverkar</w>
  <w>våra</w>
  <w>barns</w>
  <w>uppväxtvillkor</w>
  <w>och</w>
  <w>livschanser</w>
  <w>mer</w>
  <w>än</w>
  <w>andra</w>
  <w>beslut</w>
  <w>vi</w>
  <w>föräldrar</w>
  <w>fattar</w>
  <w>.</w>
</absapar>
<absapar id=7>
  <w>Skolverket</w>
  <w>har</w>
  <w>kommit</w>
  <w>med</w>
  <w>nya</w>
  <w>anvisningar</w>
  <w>om</w>
  <w>skolans</w>
  <w>undervisning</w>
  <w>i</w>
  <w>sex</w>
  <w>och</w>
  <w>samlevnad</w>
  <w>.</w>
  <w>Lärarna</w>
  <w>ska</w>
  <w>utgå</w>
  <w>från</w>
  <w>eleverna</w>
  <w>frågor</w>
  <w>och</w>
  <w>funderingar</w>
  <w>.</w>
  <w>Men</w>
  <w>i</w>
  <w>de</w>
  <w>material</w>
  <w>som</w>
  <w>finns</w>
  <w>både</w>
  <w>från</w>
  <w>RFSU</w>
  <w>och</w>
  <w>andra</w>
  <w>får</w>
  <w>våra</w>
  <w>tonåringar</w>
  <w>inte</w>
  <w>svar</w>
  <w>på</w>
  <w>den</w>
  <w>fråga</w>
  <w>de</w>
  <w>allra</w>
  <w>helst</w>
  <w>vill</w>
  <w>veta</w>
  <w>mer</w>
  <w>om</w>
  <w>-</w>
  <w>Hur</w>
  <w>man</w>
  <w>får</w>
  <w>en</w>
  <absaspan id=44 senti=4>
    <w>hållbar</w>
  </absaspan>
  <absaspan id=45>
    <w>kärleksrelation</w>
  </absaspan>
  <w>?</w>
  <w>.</w>
</absapar>
<absapar id=8>
  <w>Vi</w>
  <w>ska</w>
  <w>inte</w>
  <w>göra</w>
  <w>det</w>
  <w>svårare</w>
  <w>att</w>
  <w>skiljas</w>
  <w>.</w>
  <absaspan id=46 senti=4>
    <w>Inte</w>
    <w>heller</w>
    <w>skuldbelägga</w>
  </absaspan>
  <absaspan id=47>
    <w>de</w>
    <w>som</w>
    <w>gör</w>
    <w>det</w>
  </absaspan>
  <w>.</w>
  <w>Men</w>
  <w>vi</w>
  <absaspan id=48 senti=4>
    <w>borde</w>
    <w>göra</w>
    <w>det</w>
    <w>lättare</w>
  </absaspan>
  <w>att</w>
  <absaspan id=49>
    <w>hålla</w>
    <w>ihop</w>
  </absaspan>
  <w>.</w>
  <absaspan id=50>
    <w>Nästan</w>
    <w>alla</w>
    <w>barn</w>
    <w>och</w>
    <w>vuxna</w>
  </absaspan>
  <absaspan id=51 senti=4>
    <w>drömmer</w>
    <w>om</w>
  </absaspan>
  <w>och</w>
  <w>mår</w>
  <w>väl</w>
  <w>i</w>
  <absaspan id=52>
    <w>hållbara</w>
    <w>relationer</w>
    <w>och</w>
    <w>stabila</w>
    <w>familjer</w>
  </absaspan>
  <w>,</w>
  <w>oavsett</w>
  <w>hur</w>
  <w>familjen</w>
  <w>ser</w>
  <w>ut</w>
  <w>.</w>
  <w>Att</w>
  <w>ge</w>
  <w>fler</w>
  <w>både</w>
  <w>möjlighet</w>
  <w>och</w>
  <w>verktyg</w>
  <w>att</w>
  <absaspan id=53 senti=4>
    <w>förverkliga</w>
  </absaspan>
  <absaspan id=54>
    <w>drömmen</w>
  </absaspan>
  <w>om</w>
  <w>hållbara</w>
  <w>nära</w>
  <w>relationer</w>
  <w>är</w>
  <w>en</w>
  <w>vår</w>
  <w>tids</w>
  <w>stora</w>
  <w>utmaningar</w>
  <w>.</w>
</absapar>
<absapar id=9>
  <w>Politiker</w>
  <w>och</w>
  <w>berörda</w>
  <w>myndigheter</w>
  <w>–</w>
  <w>ta</w>
  <w>av</w>
  <w>era</w>
  <w>ideologiskt</w>
  <w>och</w>
  <w>politiskt</w>
  <w>färgade</w>
  <w>glasögon</w>
  <w>.</w>
  <w>Våga</w>
  <w>se</w>
  <w>verkligheten</w>
  <w>som</w>
  <w>den</w>
  <w>är</w>
  <w>.</w>
  <w>Gör</w>
  <w>en</w>
  <w>handlingsplan</w>
  <w>för</w>
  <w>fler</w>
  <w>hållbara</w>
  <w>nära</w>
  <w>relationer</w>
  <w>.</w>
  <w>Att</w>
  <absaspan id=55>
    <w>inte</w>
    <w>anta</w>
    <w>Framtidskommissionens</w>
    <w>utmaning</w>
  </absaspan>
  <w>är</w>
  <w>ett</w>
  <absaspan id=56 senti=1>
    <w>stort</w>
    <w>svek</w>
  </absaspan>
  <w>framförallt</w>
  <w>mot</w>
  <w>våra</w>
  <w>barn</w>
  <w>.</w>
  <w>Det</w>
  <w>bästa</w>
  <w>vi</w>
  <w>kan</w>
  <w>ge</w>
  <w>våra</w>
  <w>barn</w>
  <w>är</w>
  <w>inte</w>
  <w>en</w>
  <w>ny</w>
  <w>I-phone</w>
  <w>,</w>
  <w>dyrbara</w>
  <w>sportutrustningar</w>
  <w>och</w>
  <w>semesterresor</w>
  <w>.</w>
  <w>Det</w>
  <absaspan id=57 senti=5>
    <w>bästa</w>
    <w>vi</w>
    <w>kan</w>
    <w>ge</w>
    <w>våra</w>
    <w>barn</w>
  </absaspan>
  <w>är</w>
  <absaspan id=58>
    <w>föräldrar</w>
    <w>som</w>
    <w>älskar</w>
    <w>varandra</w>
    <w>i</w>
    <w>en</w>
    <w>hållbar</w>
    <w>relation</w>
  </absaspan>
  <w>.</w>
</absapar>
<absapar id=10>
  <w>Alf</w>
  <w>B</w>
  <w>Svensson</w>
  <w>.</w>
</absapar>
<absapar id=11>
  <w>FAKTA</w>
  <w>.</w>
</absapar>
</absadoc>
