<absadoc annotators=1 senti=2>
<absatitle>
  <w>Asylboende</w>
  <w>i</w>
  <w>varenda</w>
  <w>håla</w>
  <w>,</w>
  <w>hur</w>
  <w>integreras</w>
  <absaspan id=1 senti=2>
    <w>.</w>
  </absaspan>
</absatitle>
<absapar id=1>
  <w>Har</w>
  <w>idag</w>
  <w>kört</w>
  <w>Gbg</w>
  <w>-</w>
  <w>Ö.sund</w>
  <w>.</w>
  <w>passerade</w>
  <w>bl</w>
  <w>a</w>
  <w>Lesjöfors</w>
  <w>utmed</w>
  <w>väg</w>
  <w>26</w>
  <w>.</w>
  <w>Detta</w>
  <w>ligger</w>
  <w>mitt</w>
  <w>i</w>
  <w>ingenstans</w>
  <w>.</w>
</absapar>
<absapar id=2 senti=2>
  <absaspan id=2>
    <w>Där</w>
    <w>fanns</w>
    <w>,</w>
  </absaspan>
  <absaspan id=3 senti=2>
    <w>föga</w>
    <w>förvånande</w>
  </absaspan>
  <absaspan id=4>
    <w>,</w>
    <w>ett</w>
    <w>Asylboende</w>
  </absaspan>
  <w>.</w>
  <w>Såg</w>
  <w>samma</w>
  <w>sak</w>
  <w>på</w>
  <w>fler</w>
  <w>ställen</w>
  <w>utmed</w>
  <w>min</w>
  <w>färd</w>
  <w>,</w>
  <w>betydlig</w>
  <w>mer</w>
  <w>avlägsna</w>
  <w>än</w>
  <w>ovan</w>
  <w>nämnda</w>
  <w>.</w>
  <w>Typ</w>
  <w>ett</w>
  <w>lite</w>
  <w>norr</w>
  <w>om</w>
  <w>Noppikoppi</w>
  <w>,</w>
  <w>en</w>
  <w>bra</w>
  <w>bit</w>
  <w>ovanför</w>
  <w>Orsa</w>
  <w>,</w>
  <w>absolut</w>
  <w>inte</w>
  <w>i</w>
  <w>närheten</w>
  <w>av</w>
  <w>något</w>
  <w>.</w>
</absapar>
<absapar id=3 senti=2>
  <w>Min</w>
  <w>fråga</w>
  <w>,</w>
  <absaspan id=5 senti=2>
    <w>hur</w>
    <w>i</w>
    <w>hela</w>
    <w>friden</w>
  </absaspan>
  <absaspan id=6>
    <w>ska</w>
    <w>dessa</w>
    <w>kunna</w>
    <w>integreras</w>
    <w>i</w>
    <w>samhället</w>
  </absaspan>
  <w>,</w>
  <w>och</w>
  <w>jag</w>
  <absaspan id=7 senti=1>
    <w>är</w>
    <w>än</w>
    <w>mer</w>
    <w>frågande</w>
    <w>till</w>
  </absaspan>
  <absaspan id=8 senti=2>
    <w>hur</w>
    <w>i</w>
    <w>hela</w>
    <w>friden</w>
  </absaspan>
  <absaspan id=9>
    <w>ska</w>
    <w>de</w>
    <w>få</w>
    <w>jobb</w>
    <w>och</w>
    <w>bli</w>
    <w>produktiva</w>
  </absaspan>
  <w>?</w>
  <w>Det</w>
  <w>finns</w>
  <w>ju</w>
  <w>inte</w>
  <w>ens</w>
  <w>jobb</w>
  <w>för</w>
  <absaspan id=10 senti=4>
    <w>välutbildade</w>
  </absaspan>
  <absaspan id=11>
    <w>svenskar</w>
  </absaspan>
  <w>i</w>
  <w>dessa</w>
  <w>trakter</w>
  <w>.</w>
</absapar>
</absadoc>
