<absadoc annotators=1 senti=>
<absatitle>
  <w>#</w>
  <w>T</w>
  <w>IMM</w>
  <w>.</w>
  <w>17</w>
  <w>åring</w>
  <w>skjuten</w>
  <w>i</w>
  <w>Uppsala</w>
  <w>(</w>
  <w>1</w>
  <w>jan</w>
  <w>2013</w>
  <w>)</w>
  <w>.</w>
</absatitle>
<absapar id=1>
  <w>"</w>
  <w>En</w>
  <w>17</w>
  <w>-</w>
  <w>årig</w>
  <w>pojke</w>
  <w>kom</w>
  <w>vid</w>
  <w>18</w>
  <w>-</w>
  <w>tiden</w>
  <w>på</w>
  <w>tisdagen</w>
  <w>till</w>
  <w>Akademiska</w>
  <w>sjukhuset</w>
  <w>i</w>
  <w>Uppsala</w>
  <w>med</w>
  <w>en</w>
  <w>skottskada</w>
  <w>i</w>
  <w>benet</w>
  <w>.</w>
</absapar>
<absapar id=2>
  <w>.</w>
  <w>:</w>
  <w>Vi</w>
  <w>vet</w>
  <w>inte</w>
  <w>var</w>
  <w>skjutningen</w>
  <w>har</w>
  <w>ägt</w>
  <w>rum</w>
  <w>och</w>
  <w>har</w>
  <w>ingen</w>
  <w>misstänkt</w>
  <w>i</w>
  <w>nuläget</w>
  <w>,</w>
  <w>säger</w>
  <w>Christer</w>
  <w>Nordström</w>
  <w>,</w>
  <w>presstalesman</w>
  <w>för</w>
  <w>polisen</w>
  <w>i</w>
  <w>Uppsala</w>
  <w>län</w>
  <w>.</w>
  <w>"</w>
  <w>.</w>
</absapar>
<absapar id=3>
  <w>Vilka</w>
  <w>?</w>
  <w>vad</w>
  <w>?</w>
  <w>varför</w>
  <w>?</w>
  <w>let</w>
  <w>́</w>
  <w>s</w>
  <w>find</w>
  <w>out</w>
  <w>!</w>
  <w>.</w>
</absapar>
</absadoc>
