<absadoc annotators=1 senti=>
<absatitle>
  <w>Dags</w>
  <w>att</w>
  <w>ta</w>
  <w>ansvar</w>
  <w>för</w>
  <w>skolans</w>
  <w>problem</w>
  <w>.</w>
</absatitle>
<absapar id=1>
  <w>De</w>
  <w>aktiebolag</w>
  <w>som</w>
  <w>i</w>
  <w>dag</w>
  <w>driver</w>
  <w>skolor</w>
  <w>ska</w>
  <w>under</w>
  <w>en</w>
  <w>övergångsperiod</w>
  <w>ges</w>
  <w>möjlighet</w>
  <w>att</w>
  <w>omvandlas</w>
  <w>till</w>
  <w>SVB-bolag</w>
  <w>eller</w>
  <w>motsvarande</w>
  <w>,</w>
  <w>om</w>
  <w>inte</w>
  <w>ska</w>
  <w>tillståndet</w>
  <w>dras</w>
  <w>tillbaka.Jonas</w>
  <w>SjöstedtRossana</w>
  <w>Dinamarca</w>
  <w>.</w>
</absapar>
<absapar id=2>
  <w>Det</w>
  <w>här</w>
  <w>är</w>
  <w>en</w>
  <w>argumenterande</w>
  <w>text</w>
  <w>med</w>
  <w>syfte</w>
  <w>att</w>
  <w>påverka</w>
  <w>.</w>
  <w>Åsikterna</w>
  <w>som</w>
  <w>uttrycks</w>
  <w>är</w>
  <w>skribentens</w>
  <w>egna</w>
  <w>.</w>
</absapar>
<absapar id=3>
  <w>Kunskapsresultaten</w>
  <w>i</w>
  <w>den</w>
  <w>svenska</w>
  <w>skolan</w>
  <w>sjunker</w>
  <w>.</w>
  <w>Allt</w>
  <w>fler</w>
  <w>forskare</w>
  <w>och</w>
  <w>experter</w>
  <w>pekar</w>
  <w>ut</w>
  <w>att</w>
  <w>den</w>
  <w>grundläggande</w>
  <w>orsaken</w>
  <w>till</w>
  <w>detta</w>
  <w>är</w>
  <w>det</w>
  <w>omfattande</w>
  <w>experiment</w>
  <w>som</w>
  <w>skolan</w>
  <w>utsatts</w>
  <w>för</w>
  <w>under</w>
  <w>20</w>
  <w>år</w>
  <w>.</w>
  <w>Nu</w>
  <w>senast</w>
  <w>kommer</w>
  <absaspan id=1 senti=2>
    <w>kritiken</w>
  </absaspan>
  <w>från</w>
  <absaspan id=2>
    <w>Kungl</w>
  </absaspan>
  <w>.</w>
  <w>Vetenskapsakademiens</w>
  <w>arbetsgrupp</w>
  <w>Framtidens</w>
  <w>skola</w>
  <w>(</w>
  <w>Brännpunkt27</w>
  <w>/</w>
  <w>3</w>
  <w>)</w>
  <w>.</w>
  <absaspan id=3>
    <w>Den</w>
    <w>borgerliga</w>
    <w>skolpolitik</w>
  </absaspan>
  <w>som</w>
  <w>genomfördes</w>
  <w>i</w>
  <w>början</w>
  <w>av</w>
  <w>90</w>
  <w>-</w>
  <w>talet</w>
  <w>är</w>
  <w>ett</w>
  <absaspan id=4 senti=1>
    <w>katastrofalt</w>
    <w>misslyckande</w>
  </absaspan>
  <w>,</w>
  <w>som</w>
  <w>har</w>
  <absaspan id=5 senti=2>
    <w>drabbat</w>
    <w>en</w>
    <w>hel</w>
    <w>generation</w>
    <w>av</w>
    <w>barn</w>
  </absaspan>
  <w>.</w>
  <w>Det</w>
  <w>är</w>
  <w>nu</w>
  <w>dags</w>
  <w>att</w>
  <w>utbildningsminister</w>
  <w>Jan</w>
  <w>Björklund</w>
  <w>tar</w>
  <w>ansvar</w>
  <w>för</w>
  <w>denna</w>
  <w>politik</w>
  <w>som</w>
  <w>han</w>
  <w>och</w>
  <w>hans</w>
  <w>föregångare</w>
  <w>genomfört</w>
  <w>.</w>
</absapar>
<absapar id=4>
  <w>Björklund</w>
  <w>brukar</w>
  <w>säga</w>
  <w>att</w>
  <w>det</w>
  <w>tar</w>
  <w>lång</w>
  <w>tid</w>
  <w>att</w>
  <w>förändra</w>
  <w>skolan</w>
  <w>.</w>
  <w>Det</w>
  <w>är</w>
  <w>sant</w>
  <w>.</w>
  <w>Men</w>
  <w>när</w>
  <w>vi</w>
  <w>nu</w>
  <w>tydligt</w>
  <w>kan</w>
  <w>se</w>
  <w>att</w>
  <absaspan id=6>
    <w>hans</w>
    <w>politik</w>
  </absaspan>
  <absaspan id=7 senti=2>
    <w>har</w>
    <w>gett</w>
    <w>sämre</w>
    <w>resultat</w>
    <w>,</w>
    <w>ökad</w>
    <w>segregation</w>
    <w>och</w>
    <w>minskad</w>
    <w>jämlikhet</w>
  </absaspan>
  <w>är</w>
  <w>det</w>
  <w>dags</w>
  <w>att</w>
  <w>påbörja</w>
  <w>en</w>
  <w>ordentlig</w>
  <w>förändring</w>
  <w>av</w>
  <w>skolpolitiken</w>
  <w>.</w>
</absapar>
<absapar id=5>
  <absaspan id=8>
    <w>Den</w>
    <w>svenska</w>
    <w>skolan</w>
  </absaspan>
  <absaspan id=9 senti=4>
    <w>har</w>
    <w>behov</w>
    <w>av</w>
  </absaspan>
  <absaspan id=10>
    <w>flera</w>
    <w>reformer</w>
  </absaspan>
  <w>.</w>
  <w>Den</w>
  <w>mest</w>
  <w>akuta</w>
  <w>gäller</w>
  <w>att</w>
  <absaspan id=11 senti=2>
    <w>sätta</w>
    <w>stopp</w>
    <w>för</w>
  </absaspan>
  <absaspan id=12>
    <w>de</w>
    <w>privata</w>
    <w>företagens</w>
    <w>vinstuttag</w>
    <w>från</w>
    <w>skolan</w>
  </absaspan>
  <w>.</w>
  <w>Här</w>
  <w>är</w>
  <w>det</w>
  <w>tydligt</w>
  <w>att</w>
  <w>vi</w>
  <w>måste</w>
  <w>göra</w>
  <w>ett</w>
  <w>val</w>
  <w>.</w>
  <w>Antingen</w>
  <w>fortsätter</w>
  <w>vi</w>
  <w>på</w>
  <w>den</w>
  <w>nu</w>
  <w>inslagna</w>
  <w>vägen</w>
  <w>med</w>
  <w>kommersiella</w>
  <w>intressen</w>
  <w>och</w>
  <w>sämre</w>
  <w>resultat</w>
  <w>,</w>
  <w>eller</w>
  <w>så</w>
  <w>ändrar</w>
  <w>vi</w>
  <w>inriktning</w>
  <w>och</w>
  <absaspan id=13 senti=4>
    <w>prioriterar</w>
  </absaspan>
  <absaspan id=14>
    <w>kunskap</w>
    <w>och</w>
    <w>elevernas</w>
    <w>behov</w>
  </absaspan>
  <w>.</w>
</absapar>
<absapar id=6>
  <absaspan id=15>
    <w>Vänsterpartiet</w>
  </absaspan>
  <w>är</w>
  <w>det</w>
  <w>parti</w>
  <w>som</w>
  <w>har</w>
  <absaspan id=16 senti=4>
    <w>varit</w>
    <w>mest</w>
    <w>konstruktiva</w>
  </absaspan>
  <w>i</w>
  <w>att</w>
  <w>hitta</w>
  <w>lösningar</w>
  <w>för</w>
  <w>att</w>
  <absaspan id=17 senti=2>
    <w>på</w>
    <w>riktigt</w>
    <w>stoppa</w>
  </absaspan>
  <absaspan id=18>
    <w>vinstintresset</w>
  </absaspan>
  <w>.</w>
  <absaspan id=19>
    <w>Vi</w>
  </absaspan>
  <absaspan id=20 senti=4>
    <w>vill</w>
  </absaspan>
  <w>att</w>
  <absaspan id=21>
    <w>Skolinspektionen</w>
    <w>ska</w>
    <w>kräva</w>
    <w>att</w>
    <w>bolag</w>
    <w>som</w>
    <w>ansöker</w>
    <w>om</w>
    <w>tillstånd</w>
    <w>att</w>
    <w>starta</w>
    <w>en</w>
    <w>ny</w>
    <w>skola</w>
    <w>ska</w>
    <w>vara</w>
    <w>så</w>
    <w>kallade</w>
    <w>SVB-bolag</w>
  </absaspan>
  <w>(</w>
  <w>aktiebolag</w>
  <w>med</w>
  <w>särskild</w>
  <w>vinstutdelningsbegränsning</w>
  <w>)</w>
  <w>,</w>
  <w>eller</w>
  <w>motsvarande</w>
  <w>.</w>
  <w>Den</w>
  <w>mycket</w>
  <w>begränsade</w>
  <w>utdelning</w>
  <w>som</w>
  <w>denna</w>
  <w>bolagsform</w>
  <w>tillåter</w>
  <w>till</w>
  <w>ägarna</w>
  <w>motsvarar</w>
  <w>på</w>
  <w>sin</w>
  <w>höjd</w>
  <w>bankränta</w>
  <w>.</w>
  <w>För</w>
  <absaspan id=22>
    <w>de</w>
  </absaspan>
  <w>som</w>
  <absaspan id=23 senti=4>
    <w>är</w>
    <w>intresserade</w>
    <w>av</w>
  </absaspan>
  <w>att</w>
  <absaspan id=24>
    <w>göra</w>
    <w>vinster</w>
  </absaspan>
  <w>är</w>
  <w>SVB-bolag</w>
  <w>därför</w>
  <w>ingenting</w>
  <w>att</w>
  <w>ägna</w>
  <w>sig</w>
  <w>åt</w>
  <w>.</w>
  <w>Men</w>
  <absaspan id=25>
    <w>de</w>
  </absaspan>
  <absaspan id=26 senti=4>
    <w>fungerar</w>
    <w>bra</w>
  </absaspan>
  <w>om</w>
  <w>man</w>
  <w>vill</w>
  <w>garantera</w>
  <w>att</w>
  <w>skattepengarna</w>
  <w>går</w>
  <w>till</w>
  <w>det</w>
  <w>de</w>
  <w>är</w>
  <w>ämnade</w>
  <w>för</w>
  <w>,</w>
  <w>nämligen</w>
  <w>eleverna</w>
  <w>och</w>
  <w>skolan</w>
  <w>.</w>
  <w>Bolagsformen</w>
  <w>sätter</w>
  <w>även</w>
  <w>stopp</w>
  <w>för</w>
  <w>riskkapitalbolagens</w>
  <w>metoder</w>
  <w>att</w>
  <w>utan</w>
  <w>vanligt</w>
  <w>vinstuttag</w>
  <w>ändå</w>
  <w>slussa</w>
  <w>ut</w>
  <w>skattemedel</w>
  <w>från</w>
  <w>verksamheten</w>
  <w>.</w>
</absapar>
<absapar id=7>
  <w>De</w>
  <w>aktiebolag</w>
  <w>som</w>
  <w>i</w>
  <w>dag</w>
  <w>driver</w>
  <w>skolor</w>
  <w>ska</w>
  <w>under</w>
  <w>en</w>
  <w>övergångsperiod</w>
  <absaspan id=27 senti=4>
    <w>ges</w>
    <w>möjlighet</w>
  </absaspan>
  <w>att</w>
  <absaspan id=28>
    <w>omvandlas</w>
    <w>till</w>
    <w>SVB-bolag</w>
    <w>eller</w>
    <w>motsvarande</w>
  </absaspan>
  <w>,</w>
  <w>om</w>
  <w>inte</w>
  <w>ska</w>
  <w>tillståndet</w>
  <w>dras</w>
  <w>tillbaka</w>
  <w>.</w>
</absapar>
<absapar id=8>
  <w>Skräddarsydda</w>
  <w>kurser</w>
  <w>i</w>
  <w>ämnen</w>
  <w>som</w>
  <w>intresserar</w>
  <w>och</w>
  <w>engagerar</w>
  <w>både</w>
  <w>kropp</w>
  <w>och</w>
  <w>själ</w>
  <w>.</w>
</absapar>
<absapar id=9>
  <w>Våra</w>
  <w>förslag</w>
  <w>skulle</w>
  <w>innebära</w>
  <w>att</w>
  <w>vi</w>
  <w>inom</w>
  <w>några</w>
  <w>år</w>
  <w>har</w>
  <w>en</w>
  <w>skola</w>
  <w>där</w>
  <w>elevernas</w>
  <w>utbildning</w>
  <w>alltid</w>
  <w>står</w>
  <w>i</w>
  <w>centrum</w>
  <w>,</w>
  <w>inte</w>
  <w>vinster</w>
  <w>åt</w>
  <w>bolagsägarna</w>
  <w>.</w>
  <w>Samtidigt</w>
  <w>ser</w>
  <w>vi</w>
  <w>att</w>
  <w>detta</w>
  <w>måste</w>
  <w>kompletteras</w>
  <w>med</w>
  <w>en</w>
  <w>satsning</w>
  <w>på</w>
  <w>fler</w>
  <w>lärare</w>
  <w>.</w>
  <w>Vi</w>
  <w>har</w>
  <w>i</w>
  <w>vår</w>
  <w>budget</w>
  <w>medel</w>
  <w>för</w>
  <w>6000</w>
  <w>fler</w>
  <w>lärare</w>
  <w>till</w>
  <w>svensk</w>
  <w>skola</w>
  <w>.</w>
  <w>Så</w>
  <w>kan</w>
  <w>fler</w>
  <w>elever</w>
  <w>klara</w>
  <w>målen</w>
  <w>och</w>
  <absaspan id=29>
    <w>skolan</w>
  </absaspan>
  <absaspan id=30 senti=4>
    <w>bli</w>
    <w>mer</w>
    <w>likvärdig</w>
  </absaspan>
  <w>.</w>
</absapar>
<absapar id=10>
  <w>Det</w>
  <absaspan id=31 senti=2>
    <w>måste</w>
    <w>vara</w>
    <w>slut</w>
    <w>på</w>
  </absaspan>
  <absaspan id=32>
    <w>experimenten</w>
    <w>i</w>
    <w>skolan</w>
  </absaspan>
  <w>.</w>
  <w>Det</w>
  <absaspan id=33 senti=4>
    <w>är</w>
    <w>dags</w>
  </absaspan>
  <w>att</w>
  <absaspan id=34>
    <w>möta</w>
    <w>verkligheten</w>
  </absaspan>
  <w>och</w>
  <w>bygga</w>
  <w>framtidens</w>
  <w>kunskapsskola</w>
  <w>på</w>
  <w>de</w>
  <w>fakta</w>
  <w>och</w>
  <w>forskning</w>
  <w>som</w>
  <w>faktiskt</w>
  <w>finns</w>
  <w>i</w>
  <w>dag</w>
  <w>.</w>
</absapar>
<absapar id=11>
  <w>JONAS</w>
  <w>SJÖSTEDT</w>
  <w>.</w>
</absapar>
<absapar id=12>
  <w>partiledare</w>
  <w>Vänsterpartiet</w>
  <w>.</w>
</absapar>
<absapar id=13>
  <w>ROSSANA</w>
  <w>DINAMARCA</w>
  <w>.</w>
</absapar>
<absapar id=14>
  <w>utbildningspolitisk</w>
  <w>talesperson</w>
  <w>Vänsterpartiet</w>
  <w>.</w>
</absapar>
<absapar id=15>
  <w>Redaktör</w>
  <w>:</w>
  <w>Carina</w>
  <w>Stensson</w>
  <w>,</w>
  <w>Biträdande</w>
  <w>redaktör</w>
  <w>:</w>
  <w>Björn</w>
  <w>Jorner</w>
  <w>,</w>
  <w>Mejl</w>
  <w>:</w>
  <w>debatt</w>
  <w>@</w>
  <w>svd.se</w>
  <w>,</w>
  <w>Telefonnummer</w>
  <w>:</w>
  <w>08</w>
  <w>-</w>
  <w>135149</w>
  <w>,</w>
  <w>Twitter</w>
  <w>:</w>
  <w>@</w>
  <w>SvDDebatt</w>
  <w>,</w>
  <w>Facebook</w>
  <w>:</w>
  <w>SvD</w>
  <w>Debatt</w>
  <w>.</w>
</absapar>
</absadoc>
