<absadoc annotators=1 senti=2>
<absatitle>
  <w>Vad</w>
  <w>händer</w>
  <w>när</w>
  <w>hundratusentals</w>
  <w>asylsökande</w>
  <w>får</w>
  <w>avslag</w>
  <w>?</w>
</absatitle>
<absapar id=1 senti=2>
  <w>Nu</w>
  <w>vill</w>
  <absaspan id=1 senti=2>
    <w>PK-media</w>
  </absaspan>
  <w>ge</w>
  <w>sken</w>
  <w>av</w>
  <w>att</w>
  <absaspan id=2>
    <w>alla</w>
    <w>"</w>
    <w>flyktingar</w>
    <w>"</w>
    <w>som</w>
    <w>flyr</w>
    <w>från</w>
    <w>kriget</w>
    <w>i</w>
    <w>Turkiet</w>
    <w>,</w>
    <w>kriget</w>
    <w>i</w>
    <w>Österrike</w>
    <w>,</w>
    <w>kriget</w>
    <w>i</w>
    <w>Italien</w>
    <w>osv</w>
  </absaspan>
  <absaspan id=3 senti=5>
    <w>är</w>
    <w>så</w>
    <w>välkomna</w>
    <w>,</w>
    <w>så</w>
    <w>välkomna</w>
  </absaspan>
  <absaspan id=4>
    <w>.</w>
  </absaspan>
  <w>Nu</w>
  <w>är</w>
  <w>det</w>
  <w>dock</w>
  <w>så</w>
  <w>att</w>
  <w>väldigt</w>
  <w>många</w>
  <w>,</w>
  <w>i</w>
  <w>absoluta</w>
  <w>tal</w>
  <w>,</w>
  <w>förmodligen</w>
  <w>kommer</w>
  <w>att</w>
  <w>få</w>
  <w>avslag</w>
  <w>på</w>
  <w>sin</w>
  <w>ansökan</w>
  <w>om</w>
  <w>politisk</w>
  <w>asyl</w>
  <w>.</w>
  <w>Speciellt</w>
  <w>Merkel-Tyskland</w>
  <w>har</w>
  <w>hittills</w>
  <w>varit</w>
  <w>ganska</w>
  <w>restriktivt</w>
  <w>.</w>
  <w>Vad</w>
  <w>kommer</w>
  <w>myndigheterna</w>
  <w>i</w>
  <w>EU-länderna</w>
  <w>att</w>
  <w>göra</w>
  <w>?</w>
  <w>Ge</w>
  <w>alla</w>
  <w>asyl</w>
  <absaspan id=5 senti=2>
    <w>?</w>
  </absaspan>
  <absaspan id=6 senti=2>
    <w>Låtsas</w>
  </absaspan>
  <absaspan id=7>
    <w>att</w>
    <w>man</w>
    <w>utvisar</w>
    <w>dem</w>
    <w>,</w>
    <w>men</w>
    <w>låta</w>
    <w>dem</w>
    <w>stanna</w>
    <w>kvar</w>
    <w>som</w>
    <w>"</w>
    <w>papperslösa</w>
    <w>"</w>
    <w>ett</w>
    <w>tag</w>
    <w>och</w>
    <w>sedan</w>
    <w>ge</w>
    <w>amnesti</w>
  </absaspan>
  <w>?</w>
  <w>Kommer</w>
  <w>man</w>
  <w>att</w>
  <w>våga</w>
  <w>besöka</w>
  <w>möbelvaruhus</w>
  <w>i</w>
  <w>framtiden</w>
  <w>?</w>
  <absaspan id=8 senti=1>
    <w>.</w>
  </absaspan>
</absapar>
</absadoc>
