<absadoc annotators=1 senti=>
<absatitle>
  <absaspan id=1>
    <w>Media</w>
  </absaspan>
  <absaspan id=2 senti=2 target=1>
    <w>missbrukar</w>
    <w>ordet</w>
    <w>"</w>
    <w>Svensk</w>
  </absaspan>
  <w>"</w>
  <w>.</w>
</absatitle>
<absapar id=1>
  <w>Läser</w>
  <w>en</w>
  <w>propaganda</w>
  <w>artikel</w>
  <w>om</w>
  <w>en</w>
  <w>sk</w>
  <w>"</w>
  <w>Svensk</w>
  <w>"</w>
  <w>som</w>
  <w>sitter</w>
  <w>fängslad</w>
  <w>utomlands</w>
  <w>.</w>
</absapar>
<absapar id=2>
  <absaspan id=3>
    <w>Media</w>
  </absaspan>
  <absaspan id=4>
    <w>envisas</w>
    <w>med</w>
    <w>att</w>
    <w>kalla</w>
    <w>individer</w>
    <w>av</w>
    <w>icke</w>
    <w>Svensk</w>
    <w>härkomst</w>
    <w>för</w>
    <w>Svenskar</w>
  </absaspan>
  <w>.</w>
</absapar>
<absapar id=3>
  <absaspan id=5>
    <w>Detta</w>
  </absaspan>
  <absaspan id=6 senti=1>
    <w>är</w>
    <w>onaturligt</w>
    <w>och</w>
    <w>saknar</w>
    <w>all</w>
    <w>verklighetsförankring</w>
  </absaspan>
  <w>.</w>
</absapar>
<absapar id=4>
  <w>Är</w>
  <w>du</w>
  <w>inte</w>
  <w>åtminstonde</w>
  <w>vit</w>
  <w>europee</w>
  <w>så</w>
  <w>kan</w>
  <w>du</w>
  <w>glömma</w>
  <w>att</w>
  <w>du</w>
  <w>någonsin</w>
  <w>är</w>
  <w>i</w>
  <w>närheten</w>
  <w>av</w>
  <w>att</w>
  <w>vara</w>
  <w>Svensk</w>
  <w>.</w>
  <w>Men</w>
  <w>vad</w>
  <w>spelar</w>
  <w>det</w>
  <w>för</w>
  <w>roll</w>
  <w>om</w>
  <w>några</w>
  <w>år</w>
  <w>så</w>
  <w>är</w>
  <w>vi</w>
  <w>ändå</w>
  <w>utplånade</w>
  <w>då</w>
  <w>kommer</w>
  <w>demografin</w>
  <w>vara</w>
  <w>så</w>
  <w>rasblandad</w>
  <w>att</w>
  <w>Svensken</w>
  <w>slutar</w>
  <w>att</w>
  <w>upphöra</w>
  <w>.</w>
</absapar>
<absapar id=5>
  <w>Här</w>
  <w>är</w>
  <w>skräpartikeln</w>
  <w>.</w>
</absapar>
</absadoc>
