<absadoc annotators=1 senti=>
<absatitle>
  <w>Privat</w>
  <w>tro</w>
  <w>ska</w>
  <w>bemötas</w>
  <w>med</w>
  <w>respekt</w>
  <w>.</w>
</absatitle>
<absapar id=1>
  <w>Det</w>
  <w>är</w>
  <w>när</w>
  <w>trosföreställningar</w>
  <w>eller</w>
  <w>ideologiska</w>
  <w>ställningstaganden</w>
  <w>drabbar</w>
  <w>andra</w>
  <w>människor</w>
  <w>på</w>
  <w>ett</w>
  <w>negativt</w>
  <w>sätt</w>
  <w>som</w>
  <w>vi</w>
  <w>är</w>
  <w>kritiska</w>
  <w>.</w>
  <w>Det</w>
  <w>skriver</w>
  <w>förbundet</w>
  <w>Humanisternas</w>
  <w>styrelse</w>
  <w>i</w>
  <w>en</w>
  <w>replik</w>
  <w>.</w>
</absapar>
<absapar id=2>
  <w>En</w>
  <w>före</w>
  <w>detta</w>
  <w>medlem</w>
  <w>,</w>
  <w>Malin</w>
  <w>Jonason</w>
  <w>,</w>
  <w>skriver</w>
  <w>att</w>
  <w>hon</w>
  <w>stött</w>
  <w>på</w>
  <w>medlemmar</w>
  <w>i</w>
  <w>Förbundet</w>
  <w>Humanisterna</w>
  <w>som</w>
  <w>har</w>
  <w>uttryckt</w>
  <w>sig</w>
  <w>intolerant</w>
  <w>mot</w>
  <w>religiösa</w>
  <w>människors</w>
  <w>trosuppfattningar</w>
  <w>.</w>
  <w>Först</w>
  <w>vill</w>
  <w>vi</w>
  <w>säga</w>
  <w>att</w>
  <absaspan id=1>
    <w>vi</w>
  </absaspan>
  <absaspan id=2 senti=2>
    <w>beklagar</w>
  </absaspan>
  <w>att</w>
  <absaspan id=3>
    <w>hon</w>
    <w>har</w>
    <w>upplevt</w>
    <w>det</w>
    <w>så</w>
  </absaspan>
  <w>.</w>
  <w>Det</w>
  <w>är</w>
  <w>nämligen</w>
  <w>inte</w>
  <w>acceptabelt</w>
  <w>och</w>
  <w>inte</w>
  <w>i</w>
  <w>enlighet</w>
  <w>med</w>
  <w>Humanisternas</w>
  <w>program</w>
  <w>att</w>
  <w>uttrycka</w>
  <w>sig</w>
  <w>föraktfullt</w>
  <w>om</w>
  <w>människors</w>
  <w>trosuppfattningar</w>
  <w>.</w>
  <w>Men</w>
  <w>vi</w>
  <w>vill</w>
  <w>också</w>
  <w>betona</w>
  <w>att</w>
  <w>man</w>
  <w>inte</w>
  <w>kan</w>
  <w>döma</w>
  <w>en</w>
  <w>organisation</w>
  <w>efter</w>
  <w>enskilda</w>
  <w>medlemmars</w>
  <w>uttalanden</w>
  <w>.</w>
</absapar>
<absapar id=3>
  <w>Det</w>
  <w>här</w>
  <w>är</w>
  <w>en</w>
  <w>argumenterande</w>
  <w>text</w>
  <w>med</w>
  <w>syfte</w>
  <w>att</w>
  <w>påverka</w>
  <w>.</w>
  <w>Åsikterna</w>
  <w>som</w>
  <w>uttrycks</w>
  <w>är</w>
  <w>skribentens</w>
  <w>egna</w>
  <w>.</w>
</absapar>
<absapar id=4>
  <absaspan id=4>
    <w>Humanisternas</w>
  </absaspan>
  <w>absoluta</w>
  <w>övertygelse</w>
  <w>är</w>
  <w>att</w>
  <w>privat</w>
  <w>tro</w>
  <absaspan id=5 senti=4>
    <w>skall</w>
    <w>bemötas</w>
    <w>med</w>
    <w>respekt</w>
  </absaspan>
  <w>på</w>
  <w>samma</w>
  <w>sätt</w>
  <w>som</w>
  <w>andra</w>
  <w>typer</w>
  <w>av</w>
  <w>privata</w>
  <w>övertygelser</w>
  <w>eller</w>
  <w>ideologiska</w>
  <w>ställningstaganden</w>
  <w>.</w>
  <w>Det</w>
  <w>är</w>
  <w>när</w>
  <w>trosföreställningar</w>
  <w>eller</w>
  <w>ideologiska</w>
  <w>ställningstaganden</w>
  <w>drabbar</w>
  <w>andra</w>
  <w>människor</w>
  <w>på</w>
  <w>ett</w>
  <w>negativt</w>
  <w>sätt</w>
  <w>som</w>
  <w>vi</w>
  <w>är</w>
  <w>kritiska</w>
  <w>.</w>
  <w>Ibland</w>
  <w>har</w>
  <w>religiösa</w>
  <w>trosuppfattningar</w>
  <w>sådana</w>
  <w>konsekvenser</w>
  <w>.</w>
  <w>Till</w>
  <w>exempel</w>
  <w>steningsstraff</w>
  <w>,</w>
  <w>hederskultur</w>
  <w>eller</w>
  <w>de</w>
  <w>katolskt</w>
  <w>motiverade</w>
  <w>abortlagstiftningar</w>
  <w>som</w>
  <w>leder</w>
  <w>till</w>
  <w>närmare</w>
  <w>hundratusen</w>
  <w>kvinnors</w>
  <w>död</w>
  <w>varje</w>
  <w>år</w>
  <w>.</w>
  <w>Sådana</w>
  <w>trosuppfattningar</w>
  <w>bör</w>
  <w>man</w>
  <w>,</w>
  <w>menar</w>
  <w>vi</w>
  <w>,</w>
  <w>vara</w>
  <w>starkt</w>
  <w>kritiska</w>
  <w>till</w>
  <w>,</w>
  <w>ja</w>
  <w>kanske</w>
  <w>till</w>
  <w>och</w>
  <w>med</w>
  <w>intoleranta</w>
  <w>mot</w>
  <w>och</w>
  <w>det</w>
  <w>tror</w>
  <w>vi</w>
  <w>Malin</w>
  <w>Jonason</w>
  <w>instämmer</w>
  <w>i</w>
  <w>.</w>
</absapar>
<absapar id=5>
  <w>Humanisterna</w>
  <w>är</w>
  <w>en</w>
  <w>organisation</w>
  <w>med</w>
  <w>snart</w>
  <w>6000</w>
  <w>medlemmar</w>
  <w>.</w>
  <w>Människor</w>
  <w>söker</w>
  <w>sig</w>
  <w>till</w>
  <w>Humanisterna</w>
  <w>av</w>
  <w>många</w>
  <w>olika</w>
  <w>skäl</w>
  <w>.</w>
  <w>Somliga</w>
  <w>är</w>
  <w>intresserade</w>
  <w>av</w>
  <w>filosofiska</w>
  <w>och</w>
  <w>existentiella</w>
  <w>frågeställningar</w>
  <w>och</w>
  <w>finner</w>
  <w>i</w>
  <w>Humanisterna</w>
  <w>en</w>
  <w>samvaro</w>
  <w>som</w>
  <w>stimulerar</w>
  <w>sådan</w>
  <w>reflektion</w>
  <w>.</w>
  <w>Andra</w>
  <w>söker</w>
  <w>sig</w>
  <w>till</w>
  <w>Humanisterna</w>
  <w>för</w>
  <w>att</w>
  <w>de</w>
  <w>är</w>
  <w>engagerade</w>
  <w>i</w>
  <w>en</w>
  <w>politisk</w>
  <w>strävan</w>
  <w>efter</w>
  <w>ett</w>
  <w>mera</w>
  <w>sekulärt</w>
  <w>samhälle</w>
  <w>.</w>
  <w>Ytterligare</w>
  <w>en</w>
  <w>kategori</w>
  <w>medlemmar</w>
  <w>söker</w>
  <w>sig</w>
  <w>till</w>
  <w>oss</w>
  <w>för</w>
  <w>att</w>
  <w>de</w>
  <w>haft</w>
  <w>starkt</w>
  <w>negativa</w>
  <w>erfarenheter</w>
  <w>av</w>
  <w>en</w>
  <w>religiös</w>
  <w>uppväxt</w>
  <w>i</w>
  <w>någon</w>
  <w>frikyrka</w>
  <w>,</w>
  <w>eller</w>
  <w>från</w>
  <w>ett</w>
  <w>land</w>
  <w>som</w>
  <w>präglas</w>
  <w>av</w>
  <w>religiöst</w>
  <w>förtryck</w>
  <w>.</w>
  <w>Engagemanget</w>
  <w>bottnar</w>
  <w>ofta</w>
  <w>i</w>
  <w>en</w>
  <w>oro</w>
  <w>över</w>
  <w>att</w>
  <w>religioner</w>
  <w>får</w>
  <w>ett</w>
  <w>stort</w>
  <w>inflytande</w>
  <w>över</w>
  <w>politiken</w>
  <w>i</w>
  <w>många</w>
  <w>av</w>
  <w>världens</w>
  <w>länder</w>
  <w>.</w>
</absapar>
<absapar id=6>
  <w>Vi</w>
  <w>som</w>
  <w>leder</w>
  <w>Humanisterna</w>
  <w>kan</w>
  <w>aldrig</w>
  <w>garantera</w>
  <w>att</w>
  <w>någon</w>
  <w>medlem</w>
  <w>inte</w>
  <w>uttrycker</w>
  <w>sig</w>
  <w>på</w>
  <w>ett</w>
  <w>olämpligt</w>
  <w>sätt</w>
  <w>på</w>
  <w>bloggar</w>
  <w>,</w>
  <w>webbforum</w>
  <w>eller</w>
  <w>i</w>
  <w>insändare</w>
  <w>i</w>
  <w>tidningar</w>
  <w>.</w>
  <w>Vi</w>
  <w>som</w>
  <w>förbundsstyrelse</w>
  <w>kan</w>
  <w>bara</w>
  <w>ta</w>
  <w>avstånd</w>
  <w>från</w>
  <w>sådana</w>
  <w>saker</w>
  <w>när</w>
  <w>de</w>
  <w>kommer</w>
  <w>till</w>
  <w>vår</w>
  <w>kännedom</w>
  <w>.</w>
  <w>Denna</w>
  <w>situation</w>
  <w>gäller</w>
  <w>för</w>
  <w>alla</w>
  <w>organisationer</w>
  <w>och</w>
  <w>inte</w>
  <w>minst</w>
  <w>för</w>
  <w>idéburna</w>
  <w>organisationer</w>
  <w>med</w>
  <w>starkt</w>
  <w>och</w>
  <w>emotionellt</w>
  <w>engagerade</w>
  <w>medlemmar</w>
  <w>.</w>
</absapar>
<absapar id=7>
  <w>Malin</w>
  <w>Jonason</w>
  <w>reagerade</w>
  <w>också</w>
  <w>på</w>
  <w>att</w>
  <w>Christer</w>
  <w>Sturmark</w>
  <w>i</w>
  <w>Aktuellt</w>
  <w>påtalade</w>
  <w>att</w>
  <w>Jan</w>
  <w>Björklunds</w>
  <w>resonemang</w>
  <w>bygger</w>
  <w>på</w>
  <w>"</w>
  <w>två</w>
  <w>tankefel</w>
  <w>"</w>
  <w>.</w>
  <absaspan id=6>
    <w>Jonason</w>
  </absaspan>
  <w>upplevde</w>
  <w>det</w>
  <w>som</w>
  <absaspan id=7 senti=2>
    <w>arrogant</w>
  </absaspan>
  <w>och</w>
  <w>skriver</w>
  <w>att</w>
  <absaspan id=8>
    <w>Sturmark</w>
  </absaspan>
  <w>istället</w>
  <w>borde</w>
  <w>sagt</w>
  <w>att</w>
  <w>han</w>
  <w>var</w>
  <w>"</w>
  <w>av</w>
  <w>en</w>
  <w>annan</w>
  <w>åsikt</w>
  <w>"</w>
  <w>.</w>
  <w>Om</w>
  <w>Sturmark</w>
  <w>bara</w>
  <w>hade</w>
  <w>meddelat</w>
  <w>att</w>
  <w>han</w>
  <w>är</w>
  <w>av</w>
  <w>en</w>
  <w>annan</w>
  <w>åsikt</w>
  <w>,</w>
  <w>så</w>
  <w>blir</w>
  <w>debatten</w>
  <w>meningslös</w>
  <w>.</w>
  <w>Ingen</w>
  <w>tittare</w>
  <w>är</w>
  <w>intresserad</w>
  <w>av</w>
  <w>att</w>
  <w>veta</w>
  <w>detta</w>
  <w>,</w>
  <w>utan</w>
  <w>att</w>
  <w>han</w>
  <w>förklarar</w>
  <w>varför</w>
  <w>.</w>
  <w>Att</w>
  <w>som</w>
  <w>Malin</w>
  <w>Jonason</w>
  <w>gör</w>
  <w>bygga</w>
  <w>en</w>
  <w>generell</w>
  <w>kritik</w>
  <w>mot</w>
  <w>Humanisterna</w>
  <w>på</w>
  <w>detta</w>
  <w>ordval</w>
  <w>är</w>
  <w>inte</w>
  <w>speciellt</w>
  <w>lyckat</w>
  <w>.</w>
</absapar>
<absapar id=8>
  <w>Humanisternas</w>
  <w>politiska</w>
  <w>projekt</w>
  <w>är</w>
  <w>ett</w>
  <w>sekulärt</w>
  <w>samhälle</w>
  <w>,</w>
  <w>där</w>
  <w>alla</w>
  <w>människor</w>
  <w>är</w>
  <w>välkomna</w>
  <w>oavsett</w>
  <w>deras</w>
  <w>kulturella</w>
  <w>bakgrund</w>
  <w>eller</w>
  <w>tro</w>
  <w>.</w>
  <w>I</w>
  <w>ett</w>
  <w>sådant</w>
  <w>samhälle</w>
  <w>är</w>
  <w>alla</w>
  <w>såväl</w>
  <w>muslimer</w>
  <w>som</w>
  <w>kristna</w>
  <w>och</w>
  <w>ateister</w>
  <w>/</w>
  <w>agnostiker</w>
  <w>välkomna</w>
  <w>och</w>
  <w>respekterade</w>
  <w>.</w>
  <w>Muslimer</w>
  <w>,</w>
  <w>liksom</w>
  <w>kristna</w>
  <w>,</w>
  <w>kan</w>
  <w>vara</w>
  <w>allt</w>
  <w>från</w>
  <w>fundamentalister</w>
  <w>till</w>
  <w>helt</w>
  <w>sekulära</w>
  <w>.</w>
  <w>Gränslinjen</w>
  <w>går</w>
  <w>inte</w>
  <w>mellan</w>
  <w>de</w>
  <w>som</w>
  <w>tror</w>
  <w>och</w>
  <w>de</w>
  <w>som</w>
  <w>inte</w>
  <w>tror</w>
  <w>,</w>
  <w>gränslinjen</w>
  <w>går</w>
  <w>mellan</w>
  <w>de</w>
  <w>som</w>
  <w>bejakar</w>
  <w>ett</w>
  <w>sekulärt</w>
  <w>samhälle</w>
  <w>och</w>
  <w>mänskliga</w>
  <w>rättigheter</w>
  <w>och</w>
  <w>de</w>
  <w>som</w>
  <w>inte</w>
  <w>gör</w>
  <w>det</w>
  <w>.</w>
</absapar>
<absapar id=9>
  <w>Tyvärr</w>
  <w>finns</w>
  <w>det</w>
  <w>krafter</w>
  <w>i</w>
  <w>världen</w>
  <w>och</w>
  <w>i</w>
  <w>Sverige</w>
  <w>som</w>
  <w>vill</w>
  <w>se</w>
  <w>ett</w>
  <w>annat</w>
  <w>samhälle</w>
  <w>.</w>
  <w>Islamister</w>
  <w>,</w>
  <w>somliga</w>
  <w>konservativa</w>
  <w>kristna</w>
  <w>och</w>
  <w>Sverigedemokrater</w>
  <w>strävar</w>
  <w>åt</w>
  <w>ett</w>
  <w>annat</w>
  <w>håll</w>
  <w>:</w>
  <w>De</w>
  <w>vill</w>
  <w>se</w>
  <w>ett</w>
  <w>monokulturellt</w>
  <w>samhälle</w>
  <w>på</w>
  <w>religiös</w>
  <w>värdegrund</w>
  <w>.</w>
  <w>De</w>
  <w>vill</w>
  <w>skapa</w>
  <w>ett</w>
  <w>normativt</w>
  <w>enhetligt</w>
  <w>samhälle</w>
  <w>där</w>
  <w>människor</w>
  <w>ska</w>
  <w>inordnas</w>
  <w>under</w>
  <w>religiösa</w>
  <w>och</w>
  <w>/</w>
  <w>eller</w>
  <w>kulturella</w>
  <w>normer</w>
  <w>.</w>
</absapar>
<absapar id=10>
  <w>Humanismen</w>
  <w>är</w>
  <w>i</w>
  <w>detta</w>
  <w>samhällsklimat</w>
  <w>en</w>
  <w>viktig</w>
  <w>rörelse</w>
  <w>för</w>
  <w>ett</w>
  <w>sekulärt</w>
  <w>samhälle</w>
  <w>.</w>
  <w>I</w>
  <w>den</w>
  <w>frågan</w>
  <w>borde</w>
  <w>vi</w>
  <w>få</w>
  <w>stöd</w>
  <w>av</w>
  <w>moderata</w>
  <w>kyrkor</w>
  <w>,</w>
  <w>samfund</w>
  <w>och</w>
  <w>eftertänksamma</w>
  <w>religiösa</w>
  <w>människor</w>
  <w>i</w>
  <w>allmänhet</w>
  <w>eftersom</w>
  <w>ett</w>
  <w>sekulärt</w>
  <w>samhälle</w>
  <w>är</w>
  <w>det</w>
  <w>enda</w>
  <w>som</w>
  <w>kan</w>
  <w>erbjuda</w>
  <w>verklig</w>
  <w>religions</w>
  <w>-</w>
  <w>och</w>
  <w>trosfrihet</w>
  <w>för</w>
  <w>individen</w>
  <w>.</w>
</absapar>
<absapar id=11>
  <w>För</w>
  <w>förbundet</w>
  <w>Humanisternas</w>
  <w>styrelse</w>
  <w>.</w>
</absapar>
<absapar id=12>
  <w>ANNA</w>
  <w>BERGSTRÖM</w>
  <w>.</w>
</absapar>
<absapar id=13>
  <w>EDUARDO</w>
  <w>GRUTZKY</w>
  <w>.</w>
</absapar>
<absapar id=14>
  <w>FREDRIK</w>
  <w>IDEVALL</w>
  <w>.</w>
</absapar>
<absapar id=15>
  <w>URBAN</w>
  <w>JANSSON</w>
  <w>.</w>
</absapar>
<absapar id=16>
  <w>NOOMI</w>
  <w>LILJEFORS</w>
  <w>.</w>
</absapar>
<absapar id=17>
  <w>GUNILLA</w>
  <w>KVARNSTRÖM</w>
  <w>.</w>
</absapar>
<absapar id=18>
  <w>ANDERS</w>
  <w>MARTINSSON</w>
  <w>.</w>
</absapar>
<absapar id=19>
  <w>ANDREAS</w>
  <w>PALMQVIST</w>
  <w>.</w>
</absapar>
<absapar id=20>
  <w>CHRISTER</w>
  <w>STURMARK</w>
  <w>.</w>
</absapar>
<absapar id=21>
  <w>ELLIS</w>
  <w>WOHLNER</w>
  <w>.</w>
</absapar>
<absapar id=22>
  <w>Redaktör</w>
  <w>:</w>
  <w>Carina</w>
  <w>Stensson</w>
  <w>,</w>
  <w>Biträdande</w>
  <w>redaktör</w>
  <w>:</w>
  <w>Björn</w>
  <w>Jorner</w>
  <w>,</w>
  <w>Mejl</w>
  <w>:</w>
  <w>debatt</w>
  <w>@</w>
  <w>svd.se</w>
  <w>,</w>
  <w>Telefonnummer</w>
  <w>:</w>
  <w>08</w>
  <w>-</w>
  <w>135149</w>
  <w>,</w>
  <w>Twitter</w>
  <w>:</w>
  <w>@</w>
  <w>SvDDebatt</w>
  <w>,</w>
  <w>Facebook</w>
  <w>:</w>
  <w>SvD</w>
  <w>Debatt</w>
  <w>.</w>
</absapar>
</absadoc>
