<absadoc annotators=1 senti=>
<absatitle>
  <absaspan id=1>
    <w>Folkhögskolor</w>
  </absaspan>
  <absaspan id=2 senti=4 target=1>
    <w>kan</w>
    <w>bidra</w>
    <w>till</w>
    <w>bättre</w>
    <w>integration</w>
  </absaspan>
  <w>.</w>
</absatitle>
<absapar id=1>
  <w>Regeringen</w>
  <w>ger</w>
  <w>i</w>
  <w>kommande</w>
  <w>budgetproposition</w>
  <w>Arbetsförmedlingen</w>
  <w>möjlighet</w>
  <w>att</w>
  <w>finansiera</w>
  <w>kurser</w>
  <w>på</w>
  <w>folkhögskolor</w>
  <w>särskilt</w>
  <w>för</w>
  <w>nyanlända</w>
  <w>.</w>
  <absaspan id=3>
    <w>Folkhögskolorna</w>
  </absaspan>
  <absaspan id=4 senti=4>
    <w>har</w>
  </absaspan>
  <w>med</w>
  <w>sin</w>
  <w>karaktär</w>
  <w>och</w>
  <w>särskilda</w>
  <w>pedagogik</w>
  <absaspan id=5 senti=4>
    <w>tydliga</w>
  </absaspan>
  <absaspan id=6 senti=4>
    <w>möjligheter</w>
    <w>att</w>
    <w>stötta</w>
    <w>dem</w>
    <w>som</w>
    <w>behöver</w>
    <w>stöd</w>
    <w>in</w>
    <w>i</w>
    <w>samhället</w>
    <w>eller</w>
    <w>stöd</w>
    <w>mot</w>
    <w>fortsatta</w>
    <w>studier</w>
  </absaspan>
  <w>,</w>
  <w>skriver</w>
  <absaspan id=7>
    <w>ministrarna</w>
    <w>Erik</w>
    <w>Ullenhag</w>
    <w>(</w>
    <w>FP</w>
    <w>)</w>
    <w>och</w>
    <w>Maria</w>
    <w>Arnholm</w>
    <w>(</w>
    <w>FP</w>
  </absaspan>
  <w>)</w>
  <w>.</w>
</absapar>
<absapar id=2>
  <w>Arbetsförmedlingen</w>
  <w>får</w>
  <w>sammanlagt</w>
  <w>använda</w>
  <w>260</w>
  <w>miljoner</w>
  <w>kronor</w>
  <w>under</w>
  <w>åren</w>
  <w>2014</w>
  <w>–</w>
  <w>2017</w>
  <w>för</w>
  <w>att</w>
  <w>av</w>
  <w>folkhögskolorna</w>
  <w>upphandla</w>
  <w>särskilt</w>
  <w>anpassade</w>
  <w>utbildningar</w>
  <w>för</w>
  <w>nyanlända.Erik</w>
  <w>Ullenhag</w>
  <w>och</w>
  <w>Maria</w>
  <w>Arnholm</w>
  <w>.</w>
</absapar>
<absapar id=3>
  <w>Det</w>
  <w>här</w>
  <w>är</w>
  <w>en</w>
  <w>argumenterande</w>
  <w>text</w>
  <w>med</w>
  <w>syfte</w>
  <w>att</w>
  <w>påverka</w>
  <w>.</w>
  <w>Åsikterna</w>
  <w>som</w>
  <w>uttrycks</w>
  <w>är</w>
  <w>skribentens</w>
  <w>egna</w>
  <w>.</w>
</absapar>
<absapar id=4>
  <w>Nyanlända</w>
  <w>invandrare</w>
  <w>som</w>
  <w>kommer</w>
  <w>till</w>
  <w>Sverige</w>
  <w>ska</w>
  <w>erbjudas</w>
  <w>goda</w>
  <w>möjligheter</w>
  <w>att</w>
  <w>lära</w>
  <w>sig</w>
  <w>svenska</w>
  <w>,</w>
  <w>få</w>
  <w>ett</w>
  <w>jobb</w>
  <w>och</w>
  <w>komma</w>
  <w>in</w>
  <w>i</w>
  <w>samhället</w>
  <w>.</w>
  <w>Den</w>
  <w>demografiska</w>
  <w>utmaning</w>
  <w>Sverige</w>
  <w>och</w>
  <w>övriga</w>
  <w>Europa</w>
  <w>står</w>
  <w>inför</w>
  <w>understryker</w>
  <w>bara</w>
  <w>att</w>
  <w>vi</w>
  <absaspan id=8 senti=4>
    <w>behöver</w>
  </absaspan>
  <absaspan id=9>
    <w>fler</w>
    <w>människor</w>
    <w>som</w>
    <w>arbetar</w>
    <w>för</w>
    <w>att</w>
    <w>hålla</w>
    <w>uppe</w>
    <w>den</w>
    <w>gemensamma</w>
    <w>välfärden</w>
    <w>.</w>
  </absaspan>
  <w>Många</w>
  <w>invandrare</w>
  <w>kommer</w>
  <w>till</w>
  <w>Sverige</w>
  <w>med</w>
  <w>utbildning</w>
  <w>,</w>
  <w>kunskaper</w>
  <w>och</w>
  <w>med</w>
  <w>en</w>
  <w>vilja</w>
  <w>att</w>
  <w>arbeta</w>
  <w>och</w>
  <w>skapa</w>
  <w>sig</w>
  <w>en</w>
  <w>bättre</w>
  <w>framtid</w>
  <w>i</w>
  <w>vårt</w>
  <w>land</w>
  <w>.</w>
  <w>Den</w>
  <w>kompetensen</w>
  <w>måste</w>
  <w>vi</w>
  <w>bli</w>
  <w>bättre</w>
  <w>på</w>
  <w>att</w>
  <w>ta</w>
  <w>till</w>
  <w>vara</w>
  <w>.</w>
  <absaspan id=10>
    <w>Lyckas</w>
    <w>vi</w>
    <w>med</w>
    <w>det</w>
  </absaspan>
  <absaspan id=11 senti=4>
    <w>kommer</w>
    <w>vi</w>
    <w>att</w>
    <w>stå</w>
    <w>starka</w>
    <w>i</w>
    <w>en</w>
    <w>allt</w>
    <w>mer</w>
    <w>globaliserad</w>
    <w>värld</w>
  </absaspan>
  <w>.</w>
</absapar>
<absapar id=5>
  <absaspan id=12 senti=2>
    <w>Vår</w>
    <w>stora</w>
    <w>utmaning</w>
    <w>är</w>
  </absaspan>
  <absaspan id=13>
    <w>att</w>
    <w>det</w>
    <w>har</w>
    <w>tagit</w>
    <w>för</w>
    <w>lång</w>
    <w>tid</w>
    <w>för</w>
    <w>nyanlända</w>
    <w>att</w>
    <w>komma</w>
    <w>i</w>
    <w>arbete</w>
  </absaspan>
  <w>.</w>
  <w>Regeringen</w>
  <w>har</w>
  <w>därför</w>
  <w>fokuserat</w>
  <w>på</w>
  <w>att</w>
  <w>lägga</w>
  <w>om</w>
  <w>integrationspolitiken</w>
  <w>för</w>
  <w>att</w>
  <w>den</w>
  <w>som</w>
  <w>kommer</w>
  <w>till</w>
  <w>Sverige</w>
  <w>snabbt</w>
  <w>ska</w>
  <w>få</w>
  <w>ta</w>
  <w>del</w>
  <w>av</w>
  <w>rätt</w>
  <w>insatser</w>
  <w>och</w>
  <w>hitta</w>
  <w>sin</w>
  <w>väg</w>
  <w>in</w>
  <w>på</w>
  <w>arbetsmarknaden</w>
  <w>.</w>
  <w>Jobblinjen</w>
  <w>gäller</w>
  <w>numer</w>
  <w>från</w>
  <w>första</w>
  <w>dagen</w>
  <w>i</w>
  <w>Sverige</w>
  <w>.</w>
  <w>Vi</w>
  <absaspan id=14 senti=4>
    <w>är</w>
    <w>övertygade</w>
    <w>om</w>
  </absaspan>
  <absaspan id=15>
    <w>att</w>
    <w>möjligheten</w>
    <w>att</w>
    <w>snabbt</w>
    <w>komma</w>
    <w>i</w>
    <w>arbete</w>
  </absaspan>
  <absaspan id=16 senti=4>
    <w>är</w>
    <w>grundläggande</w>
    <w>för</w>
    <w>en</w>
    <w>fortsatt</w>
    <w>lyckad</w>
    <w>integration</w>
  </absaspan>
  <w>.</w>
  <w>Därför</w>
  <w>lade</w>
  <w>vi</w>
  <w>om</w>
  <w>politiken</w>
  <w>så</w>
  <w>att</w>
  <w>Arbetsförmedlingen</w>
  <w>numera</w>
  <w>är</w>
  <w>den</w>
  <w>som</w>
  <w>ansvarar</w>
  <w>för</w>
  <w>den</w>
  <w>första</w>
  <w>tiden</w>
  <w>för</w>
  <w>nyanlända</w>
  <w>invandrare</w>
  <w>.</w>
  <w>Fokus</w>
  <w>ska</w>
  <w>ligga</w>
  <w>på</w>
  <w>individuella</w>
  <w>arbetsförberedande</w>
  <w>insatser</w>
  <w>,</w>
  <w>undervisning</w>
  <w>i</w>
  <w>svenska</w>
  <w>och</w>
  <w>samhällsorientering</w>
  <w>.</w>
</absapar>
<absapar id=6>
  <w>I</w>
  <w>takt</w>
  <w>med</w>
  <w>att</w>
  <w>Arbetsförmedlingens</w>
  <w>ansvar</w>
  <w>för</w>
  <w>nyanlända</w>
  <w>växer</w>
  <absaspan id=17 senti=4>
    <w>finns</w>
    <w>behov</w>
    <w>för</w>
  </absaspan>
  <absaspan id=18>
    <w>myndigheten</w>
    <w>att</w>
    <w>hitta</w>
    <w>nya</w>
    <w>samarbetspartners</w>
    <w>som</w>
    <w>vill</w>
    <w>ta</w>
    <w>ett</w>
    <w>ansvar</w>
    <w>för</w>
    <w>en</w>
    <w>bättre</w>
    <w>integration</w>
    <w>.</w>
  </absaspan>
  <w>Arbetsförmedlingen</w>
  <w>kan</w>
  <w>i</w>
  <w>dag</w>
  <w>finansiera</w>
  <w>motivationshöjande</w>
  <w>utbildningar</w>
  <w>på</w>
  <w>folkhögskolor</w>
  <w>för</w>
  <w>personer</w>
  <w>som</w>
  <w>är</w>
  <w>under</w>
  <w>25</w>
  <w>år</w>
  <w>och</w>
  <w>saknar</w>
  <w>fullständiga</w>
  <w>betyg</w>
  <w>från</w>
  <w>grund</w>
  <w>-</w>
  <w>eller</w>
  <w>gymnasieskolan</w>
  <w>och</w>
  <w>för</w>
  <w>personer</w>
  <w>som</w>
  <w>deltar</w>
  <w>i</w>
  <w>jobb</w>
  <w>-</w>
  <w>och</w>
  <w>utvecklingsgarantin</w>
  <w>.</w>
  <absaspan id=19>
    <w>De</w>
  </absaspan>
  <absaspan id=20>
    <w>som</w>
    <w>omfattas</w>
    <w>av</w>
    <w>etableringsuppdraget</w>
    <w>kan</w>
    <w>även</w>
    <w>delta</w>
    <w>i</w>
    <w>befintliga</w>
    <w>kurser</w>
    <w>på</w>
    <w>folkhögskolor</w>
  </absaspan>
  <w>.</w>
  <absaspan id=21>
    <w>Detta</w>
  </absaspan>
  <absaspan id=22 senti=4>
    <w>har</w>
    <w>visat</w>
    <w>sig</w>
    <w>vara</w>
    <w>framgångsrikt</w>
    <w>partnerskap</w>
  </absaspan>
  <w>som</w>
  <w>för</w>
  <w>unga</w>
  <w>och</w>
  <w>nyanlända</w>
  <w>vidare</w>
  <w>mot</w>
  <w>,</w>
  <w>studier</w>
  <w>,</w>
  <w>arbetsmarknad</w>
  <w>och</w>
  <w>etablering</w>
  <w>.</w>
</absapar>
<absapar id=7>
  <absaspan id=23>
    <w>Folkhögskolorna</w>
  </absaspan>
  <absaspan id=24 senti=4>
    <w>har</w>
  </absaspan>
  <w>med</w>
  <w>sin</w>
  <w>karaktär</w>
  <w>och</w>
  <w>särskilda</w>
  <w>pedagogik</w>
  <absaspan id=25 senti=4>
    <w>tydliga</w>
    <w>möjligheter</w>
    <w>att</w>
    <w>stötta</w>
    <w>dem</w>
    <w>som</w>
    <w>behöver</w>
    <w>stöd</w>
    <w>in</w>
    <w>i</w>
    <w>samhället</w>
    <w>eller</w>
    <w>stöd</w>
    <w>mot</w>
    <w>fortsatta</w>
    <w>studier</w>
    <w>.</w>
  </absaspan>
  <w>Det</w>
  <w>är</w>
  <w>ett</w>
  <w>ansvar</w>
  <w>som</w>
  <w>våra</w>
  <w>folkhögskolor</w>
  <w>har</w>
  <w>tagit</w>
  <w>sedan</w>
  <w>1868</w>
  <w>.</w>
  <w>Bara</w>
  <w>i</w>
  <w>år</w>
  <w>fördelas</w>
  <w>över</w>
  <w>25</w>
  <w>000</w>
  <w>årsplatser</w>
  <w>bland</w>
  <w>de</w>
  <w>150</w>
  <w>folkhögskolor</w>
  <w>som</w>
  <w>tillsammans</w>
  <w>med</w>
  <w>studieförbunden</w>
  <w>utgör</w>
  <w>den</w>
  <w>fristående</w>
  <w>folkbildningen</w>
  <w>.</w>
  <w>Vi</w>
  <absaspan id=26 senti=4>
    <w>vill</w>
  </absaspan>
  <absaspan id=27>
    <w>nu</w>
    <w>ge</w>
    <w>folkhögskolorna</w>
    <w>möjlighet</w>
    <w>att</w>
    <w>vidga</w>
    <w>deras</w>
    <w>historiskt</w>
    <w>förankrade</w>
    <w>uppdrag</w>
    <w>ytterligare</w>
  </absaspan>
  <w>.</w>
</absapar>
<absapar id=8>
  <w>Vi</w>
  <absaspan id=28 senti=4>
    <w>ser</w>
    <w>ett</w>
    <w>behov</w>
    <w>av</w>
  </absaspan>
  <absaspan id=29>
    <w>att</w>
    <w>Arbetsförmedlingen</w>
    <w>ska</w>
    <w>kunna</w>
    <w>ersätta</w>
    <w>folkhögskolor</w>
    <w>för</w>
    <w>att</w>
    <w>tillhandahålla</w>
    <w>kurser</w>
    <w>som</w>
    <w>är</w>
    <w>särskilt</w>
    <w>utformade</w>
    <w>för</w>
    <w>nyanlända</w>
  </absaspan>
  <w>,</w>
  <w>och</w>
  <w>vi</w>
  <absaspan id=30 senti=4>
    <w>ser</w>
    <w>ett</w>
    <w>behov</w>
    <w>av</w>
    <w>att</w>
  </absaspan>
  <absaspan id=31>
    <w>kunna</w>
    <w>erbjuda</w>
    <w>fler</w>
    <w>målgruppsanpassade</w>
    <w>insatser</w>
    <w>till</w>
    <w>personer</w>
    <w>inom</w>
    <w>etableringsuppdraget</w>
  </absaspan>
  <w>.</w>
</absapar>
<absapar id=9>
  <w>Skräddarsydda</w>
  <w>kurser</w>
  <w>i</w>
  <w>ämnen</w>
  <w>som</w>
  <w>intresserar</w>
  <w>och</w>
  <w>engagerar</w>
  <w>både</w>
  <w>kropp</w>
  <w>och</w>
  <w>själ</w>
  <w>.</w>
</absapar>
<absapar id=10>
  <w>Därför</w>
  <w>ger</w>
  <w>regeringen</w>
  <w>i</w>
  <w>den</w>
  <w>kommande</w>
  <w>budgetpropositionen</w>
  <w>Arbetsförmedlingen</w>
  <w>möjlighet</w>
  <w>att</w>
  <w>från</w>
  <w>och</w>
  <w>med</w>
  <w>2014</w>
  <w>finansiera</w>
  <w>kurser</w>
  <w>på</w>
  <w>folkhögskolor</w>
  <w>som</w>
  <w>utformas</w>
  <w>särskilt</w>
  <w>utifrån</w>
  <w>de</w>
  <w>nyanländas</w>
  <w>behov</w>
  <w>och</w>
  <w>förutsättningar</w>
  <w>.</w>
  <w>Det</w>
  <w>kan</w>
  <w>dels</w>
  <w>handla</w>
  <w>om</w>
  <w>målgruppsanpassning</w>
  <w>av</w>
  <w>de</w>
  <w>nuvarande</w>
  <w>motivationshöjande</w>
  <w>utbildningarna</w>
  <w>,</w>
  <w>dels</w>
  <w>om</w>
  <w>särskilt</w>
  <w>utformade</w>
  <w>sammanhållna</w>
  <w>utbildningar</w>
  <w>för</w>
  <w>korttidsutbildade</w>
  <w>nyanlända</w>
  <w>vilka</w>
  <w>omfattar</w>
  <w>såväl</w>
  <w>svenska</w>
  <w>språket</w>
  <w>,</w>
  <w>baskunskaper</w>
  <w>som</w>
  <w>orienterande</w>
  <w>och</w>
  <w>arbetsförberedande</w>
  <w>insatser</w>
  <w>.</w>
</absapar>
<absapar id=11>
  <w>Arbetsförmedlingen</w>
  <w>får</w>
  <w>sammanlagt</w>
  <w>använda</w>
  <w>260</w>
  <w>miljoner</w>
  <w>kronor</w>
  <w>under</w>
  <w>åren</w>
  <w>2014</w>
  <w>–</w>
  <w>2017</w>
  <w>för</w>
  <w>att</w>
  <w>av</w>
  <w>folkhögskolorna</w>
  <w>upphandla</w>
  <w>särskilt</w>
  <w>anpassade</w>
  <w>utbildningar</w>
  <w>för</w>
  <w>nyanlända</w>
  <w>som</w>
  <w>omfattas</w>
  <w>av</w>
  <w>etableringsuppdraget</w>
  <w>.</w>
  <w>Baserat</w>
  <w>på</w>
  <w>kostnaden</w>
  <w>för</w>
  <w>allmän</w>
  <w>kurs</w>
  <w>skulle</w>
  <w>det</w>
  <w>handla</w>
  <w>om</w>
  <w>cirka</w>
  <w>4</w>
  <w>000</w>
  <w>årsplatser</w>
  <w>över</w>
  <w>fyra</w>
  <w>år</w>
  <w>.</w>
  <w>Så</w>
  <w>kan</w>
  <w>vi</w>
  <w>låta</w>
  <w>den</w>
  <w>svenska</w>
  <w>historien</w>
  <w>av</w>
  <w>en</w>
  <w>stark</w>
  <w>folkbildning</w>
  <w>än</w>
  <w>bättre</w>
  <w>möta</w>
  <w>dagens</w>
  <w>samhällsutmaningar</w>
  <w>.</w>
  <w>Vi</w>
  <absaspan id=32 senti=4>
    <w>är</w>
    <w>övertygade</w>
    <w>om</w>
  </absaspan>
  <absaspan id=33>
    <w>att</w>
    <w>folkhögskolorna</w>
    <w>med</w>
    <w>sin</w>
    <w>kunskap</w>
    <w>kan</w>
    <w>och</w>
    <w>vill</w>
    <w>bidra</w>
    <w>till</w>
    <w>att</w>
    <w>nyanländas</w>
    <w>etablering</w>
    <w>i</w>
    <w>samhället</w>
    <w>blir</w>
    <w>bättre</w>
  </absaspan>
  <w>.</w>
</absapar>
<absapar id=12>
  <w>ERIK</w>
  <w>ULLENHAG</w>
  <w>(</w>
  <w>FP</w>
  <w>)</w>
  <w>.</w>
</absapar>
<absapar id=13>
  <w>integrationsminister</w>
  <w>.</w>
</absapar>
<absapar id=14>
  <w>MARIA</w>
  <w>ARNHOLM</w>
  <w>(</w>
  <w>FP</w>
  <w>)</w>
  <w>.</w>
</absapar>
<absapar id=15>
  <w>jämställdhets</w>
  <w>-</w>
  <w>och</w>
  <w>biträdande</w>
  <w>utbildningsminister</w>
  <w>.</w>
</absapar>
<absapar id=16>
  <w>Redaktör</w>
  <w>:</w>
  <w>Carina</w>
  <w>Stensson</w>
  <w>,</w>
  <w>Biträdande</w>
  <w>redaktör</w>
  <w>:</w>
  <w>Björn</w>
  <w>Jorner</w>
  <w>,</w>
  <w>Mejl</w>
  <w>:</w>
  <w>debatt</w>
  <w>@</w>
  <w>svd.se</w>
  <w>,</w>
  <w>Telefonnummer</w>
  <w>:</w>
  <w>08</w>
  <w>-</w>
  <w>135149</w>
  <w>,</w>
  <w>Twitter</w>
  <w>:</w>
  <w>@</w>
  <w>SvDDebatt</w>
  <w>,</w>
  <w>Facebook</w>
  <w>:</w>
  <w>SvD</w>
  <w>Debatt</w>
  <w>.</w>
</absapar>
</absadoc>
