<absadoc annotators=1 senti=>
<absatitle>
  <w>Ryssland</w>
  <w>vs</w>
  <w>Georgien</w>
  <w>:</w>
  <w>Filmer</w>
  <w>,</w>
  <w>Bilder</w>
  <w>och</w>
  <w>berättelser</w>
  <w>.</w>
</absatitle>
<absapar id=1>
  <absaspan id=1 senti=5>
    <w>Yesss</w>
  </absaspan>
  <w>!</w>
  <absaspan id=2>
    <w>War</w>
    <w>igen</w>
  </absaspan>
  <w>!</w>
  <w>Jag</w>
  <w>vet</w>
  <w>,</w>
  <absaspan id=3>
    <w>krig</w>
  </absaspan>
  <absaspan id=4 senti=3>
    <w>är</w>
    <w>ett</w>
    <w>helvete</w>
  </absaspan>
  <w>men</w>
  <w>detta</w>
  <w>drabbar</w>
  <w>inte</w>
  <w>oss</w>
  <absaspan id=5 senti=3>
    <w>.</w>
  </absaspan>
  <w>Istället</w>
  <w>kan</w>
  <absaspan id=6>
    <w>vi</w>
    <w>krigsnördar</w>
  </absaspan>
  <absaspan id=7 senti=5>
    <w>njuta</w>
    <w>av</w>
  </absaspan>
  <absaspan id=8>
    <w>alla</w>
    <w>filmer</w>
    <w>,</w>
    <w>bilder</w>
    <w>och</w>
    <w>krigsberättelser</w>
    <w>från</w>
    <w>denna</w>
    <w>konflikt</w>
  </absaspan>
  <w>.</w>
</absapar>
<absapar id=2>
  <w>Detta</w>
  <w>är</w>
  <w>alltså</w>
  <w>en</w>
  <w>tråd</w>
  <w>där</w>
  <w>jag</w>
  <w>tänkte</w>
  <w>att</w>
  <w>vi</w>
  <w>kunde</w>
  <w>posta</w>
  <w>alla</w>
  <w>filmer</w>
  <w>,</w>
  <w>bilder</w>
  <w>och</w>
  <w>krigsberättelse</w>
  <w>vi</w>
  <w>hittar</w>
  <w>.</w>
  <w>Vi</w>
  <w>diskuterar</w>
  <w>inget</w>
  <w>om</w>
  <w>politiken</w>
  <w>eller</w>
  <w>om</w>
  <w>konflikten</w>
  <w>i</w>
  <w>övrigt</w>
  <w>.</w>
</absapar>
<absapar id=3>
  <w>Antingen</w>
  <w>postar</w>
  <w>vi</w>
  <w>materialet</w>
  <w>direkt</w>
  <w>eller</w>
  <w>länkar</w>
  <w>till</w>
  <w>youtube</w>
  <w>eller</w>
  <w>liknande</w>
  <w>.</w>
</absapar>
<absapar id=4>
  <w>Fennicum</w>
  <w>har</w>
  <w>redan</w>
  <w>postat</w>
  <w>en</w>
  <absaspan id=9 senti=5>
    <w>fin</w>
  </absaspan>
  <absaspan id=10>
    <w>liten</w>
  </absaspan>
  <absaspan id=11 senti=5>
    <w>godbit</w>
  </absaspan>
  <w>i</w>
  <w>en</w>
  <w>egen</w>
  <w>tråd</w>
  <w>tidigare</w>
  <w>:</w>
  <w>.</w>
</absapar>
<absapar id=5>
  <w>Video</w>
  <w>:</w>
  <w>Rysk</w>
  <w>MiG</w>
  <w>-</w>
  <w>29</w>
  <w>skjuter</w>
  <w>ner</w>
  <w>georgisk</w>
  <w>UAV</w>
  <w>.</w>
</absapar>
<absapar id=6>
  <w>Filmen</w>
  <w>:</w>
  <w>.</w>
</absapar>
<absapar id=7>
  <w>Här</w>
  <w>e</w>
  <w>en</w>
  <w>till</w>
  <w>film</w>
  <w>med</w>
  <w>ungefär</w>
  <w>samma</w>
  <w>material</w>
  <w>som</w>
  <w>ovan</w>
  <w>:</w>
  <w>.</w>
</absapar>
<absapar id=8>
  <w>Georgiens</w>
  <w>militär</w>
  <w>:</w>
  <w>.</w>
</absapar>
<absapar id=9>
  <w>Ska</w>
  <w>bli</w>
  <absaspan id=12 senti=5>
    <w>jävligt</w>
    <w>intressant</w>
  </absaspan>
  <absaspan id=13>
    <w>å</w>
    <w>se</w>
    <w>de</w>
    <w>här</w>
    <w>länderna</w>
    <w>bråka</w>
  </absaspan>
  <w>.</w>
  <absaspan id=14 senti=2>
    <w>Synd</w>
  </absaspan>
  <absaspan id=15>
    <w>att</w>
    <w>Georgien</w>
    <w>inte</w>
    <w>har</w>
    <w>mera</w>
    <w>natogrejer</w>
  </absaspan>
  <w>.</w>
</absapar>
<absapar id=10>
  <w>Här</w>
  <w>finns</w>
  <w>ett</w>
  <w>nyhetsreportage</w>
  <w>från</w>
  <w>CBS</w>
  <w>:</w>
  <w>.</w>
</absapar>
<absapar id=11>
  <w>Det</w>
  <w>verkar</w>
  <w>vara</w>
  <w>mest</w>
  <w>stockfotage</w>
  <w>,</w>
  <w>eller</w>
  <w>?</w>
  <absaspan id=16 senti=2>
    <w>.</w>
  </absaspan>
</absapar>
<absapar id=12>
  <w>Så</w>
  <w>mina</w>
  <w>vänner</w>
  <absaspan id=17 senti=5>
    <w>!</w>
  </absaspan>
  <w>Ut</w>
  <w>och</w>
  <w>googla</w>
  <w>och</w>
  <w>leta</w>
  <w>!</w>
  <absaspan id=18>
    <w>Allt</w>
    <w>mediamaterial</w>
    <w>från</w>
    <w>denna</w>
    <w>nya</w>
    <w>konflikt</w>
  </absaspan>
  <absaspan id=19 senti=4>
    <w>är</w>
    <w>av</w>
    <w>intresse</w>
  </absaspan>
  <w>!</w>
  <w>.</w>
</absapar>
<absapar id=13>
  <absaspan id=20 senti=4>
    <w>Ahhh</w>
  </absaspan>
  <w>,</w>
  <absaspan id=21>
    <w>Fennicum</w>
  </absaspan>
  <absaspan id=22 senti=4>
    <w>är</w>
    <w>i</w>
    <w>farten</w>
  </absaspan>
  <absaspan id=23>
    <w>i</w>
    <w>den</w>
    <w>andra</w>
    <w>tråden</w>
    <w>där</w>
    <w>konflikten</w>
    <w>diskuteras</w>
  </absaspan>
  <w>:</w>
  <w>.</w>
</absapar>
<absapar id=14>
  <w>abe87</w>
  <w>postade</w>
  <w>dessa</w>
  <w>i</w>
  <w>diskussionstråden</w>
  <w>om</w>
  <w>konflikten</w>
  <w>:</w>
  <w>.</w>
</absapar>
</absadoc>
