<absadoc annotators=1 senti=2>
<absatitle>
  <absaspan id=1>
    <w>Invandrargäng</w>
  </absaspan>
  <absaspan id=2 senti=2 target=1>
    <w>gruppvåldtar</w>
  </absaspan>
  <w>,</w>
  <w>anti-rasist</w>
  <w>manifestation</w>
  <w>som</w>
  <w>åtgärd</w>
  <w>.</w>
</absatitle>
<absapar id=1 senti=2>
  <w>Läste</w>
  <w>just</w>
  <w>en</w>
  <absaspan id=3>
    <w>artikel</w>
  </absaspan>
  <w>som</w>
  <w>både</w>
  <absaspan id=4 senti=2>
    <w>upprörde</w>
    <w>och</w>
    <w>skrämde</w>
  </absaspan>
  <w>mig</w>
  <w>.</w>
  <w>.</w>
  <w>den</w>
  <w>handlar</w>
  <w>om</w>
  <w>en</w>
  <w>18</w>
  <w>-</w>
  <w>årig</w>
  <w>kvinna</w>
  <w>som</w>
  <w>blev</w>
  <w>gruppvåldtagen</w>
  <w>av</w>
  <w>ett</w>
  <w>invandrargäng</w>
  <w>,</w>
  <w>och</w>
  <w>som</w>
  <w>motåtgärd</w>
  <w>till</w>
  <w>detta</w>
  <absaspan id=5 senti=4>
    <w>kan</w>
    <w>man</w>
    <w>förvänta</w>
    <w>sig</w>
  </absaspan>
  <w>att</w>
  <w>en</w>
  <absaspan id=6>
    <w>manifestation</w>
    <w>och</w>
    <w>ett</w>
    <w>upprop</w>
    <w>mot</w>
    <w>kvinnovåld</w>
    <w>eller</w>
    <w>liknande</w>
  </absaspan>
  <w>ska</w>
  <w>ta</w>
  <w>form</w>
  <w>,</w>
  <w>men</w>
  <w>icke</w>
  <w>.</w>
  <w>Det</w>
  <w>anordas</w>
  <w>istället</w>
  <w>en</w>
  <w>manifestation</w>
  <w>mot</w>
  <w>rasism</w>
  <w>,</w>
  <w>för</w>
  <w>att</w>
  <absaspan id=7>
    <w>folk</w>
  </absaspan>
  <w>kan</w>
  <w>tänkas</w>
  <w>komma</w>
  <w>vara</w>
  <absaspan id=8 senti=1>
    <w>arga</w>
  </absaspan>
  <w>på</w>
  <absaspan id=9 senti=1 irony>
    <w>dessa</w>
    <w>stackars</w>
  </absaspan>
  <absaspan id=10>
    <w>våldtäktsmän</w>
  </absaspan>
  <w>och</w>
  <w>råka</w>
  <absaspan id=11>
    <w>yttra</w>
  </absaspan>
  <w>något</w>
  <absaspan id=12 senti=2>
    <w>olämpligt</w>
  </absaspan>
  <w>.</w>
  <w>Har</w>
  <w>inte</w>
  <w>den</w>
  <absaspan id=13>
    <w>politiska</w>
    <w>korrektheten</w>
    <w>i</w>
    <w>Sverige</w>
  </absaspan>
  <absaspan id=14 senti=2>
    <w>gått</w>
    <w>lite</w>
    <w>långt</w>
  </absaspan>
  <w>när</w>
  <w>man</w>
  <w>sätter</w>
  <w>in</w>
  <w>motåtgärder</w>
  <w>för</w>
  <w>att</w>
  <absaspan id=15 senti=2>
    <w>inget</w>
    <w>opassande</w>
  </absaspan>
  <absaspan id=16>
    <w>ska</w>
    <w>få</w>
    <w>sägas</w>
    <w>om</w>
    <w>ett</w>
    <w>gäng</w>
  </absaspan>
  <w>som</w>
  <w>våldtar</w>
  <w>kvinnor</w>
  <w>till</w>
  <w>medvetslöshet</w>
  <w>?</w>
  <absaspan id=17>
    <w>.</w>
  </absaspan>
</absapar>
<absapar id=2>
  <w>Läs</w>
  <w>hela</w>
  <w>artikeln</w>
  <w>här</w>
  <w>:</w>
  <w>.</w>
</absapar>
</absadoc>
