<absadoc annotators=1 senti=>
<absatitle>
  <w>Sluta</w>
  <w>skuggboxas</w>
  <w>–</w>
  <w>vi</w>
  <w>behöver</w>
  <w>komma</w>
  <w>överens</w>
  <w>.</w>
</absatitle>
<absapar id=1>
  <w>Karin</w>
  <w>Enström</w>
  <w>blundar</w>
  <w>för</w>
  <w>effekterna</w>
  <w>av</w>
  <w>den</w>
  <w>egna</w>
  <w>politiken</w>
  <w>.</w>
  <w>Den</w>
  <w>faktiska</w>
  <w>verkligheten</w>
  <absaspan id=1 senti=2>
    <w>döljs</w>
    <w>av</w>
    <w>en</w>
    <w>skönmålning</w>
  </absaspan>
  <w>av</w>
  <w>sakernas</w>
  <w>tillstånd</w>
  <absaspan id=2>
    <w>.</w>
  </absaspan>
</absapar>
<absapar id=2>
  <w>Läget</w>
  <w>är</w>
  <w>att</w>
  <w>15</w>
  <w>-</w>
  <w>20</w>
  <w>procent</w>
  <w>av</w>
  <w>de</w>
  <absaspan id=3>
    <w>heltidsanställda</w>
    <w>soldaterna</w>
    <w>hoppar</w>
    <w>av</w>
    <w>i</w>
    <w>förtid</w>
  </absaspan>
  <w>,</w>
  <absaspan id=4 senti=2>
    <w>problemen</w>
  </absaspan>
  <w>med</w>
  <w>stabiliteten</w>
  <w>i</w>
  <w>systemet</w>
  <w>med</w>
  <w>deltidsanställda</w>
  <w>soldater</w>
  <w>är</w>
  <w>tydligt</w>
  <w>,</w>
  <w>oerhört</w>
  <w>stora</w>
  <w>behov</w>
  <w>av</w>
  <w>materielinvesteringar</w>
  <w>ligger</w>
  <w>framför</w>
  <w>oss</w>
  <w>.</w>
  <w>Att</w>
  <w>i</w>
  <w>det</w>
  <w>läget</w>
  <absaspan id=5 senti=2>
    <w>slå</w>
  </absaspan>
  <absaspan id=6>
    <w>sig</w>
  </absaspan>
  <absaspan id=7 senti=2>
    <w>för</w>
  </absaspan>
  <absaspan id=8 senti=2>
    <w>bröstet</w>
    <w>och</w>
    <w>skryta</w>
    <w>om</w>
    <w>hur</w>
    <w>bra</w>
    <w>allt</w>
    <w>är</w>
    <w>,</w>
    <w>är</w>
    <w>inte</w>
    <w>ansvarsfullt</w>
  </absaspan>
  <w>.</w>
</absapar>
<absapar id=3>
  <absaspan id=9>
    <w>Moderaternas</w>
    <w>försvarspolitik</w>
  </absaspan>
  <absaspan id=10 senti=2>
    <w>blir</w>
    <w>alltmer</w>
    <w>gåtfull</w>
  </absaspan>
  <w>.</w>
  <w>Ju</w>
  <w>mer</w>
  <w>den</w>
  <w>bistra</w>
  <w>verkligheten</w>
  <w>tränger</w>
  <w>sig</w>
  <w>på</w>
  <w>,</w>
  <w>desto</w>
  <w>starkare</w>
  <w>blir</w>
  <w>skönmålningen</w>
  <w>.</w>
  <w>Samtidigt</w>
  <w>blir</w>
  <w>de</w>
  <w>allt</w>
  <w>mer</w>
  <w>aggressiva</w>
  <w>mot</w>
  <w>oppositionen</w>
  <w>.</w>
  <w>Det</w>
  <w>är</w>
  <w>märkligt</w>
  <w>att</w>
  <w>det</w>
  <w>tycks</w>
  <w>vara</w>
  <w>vi</w>
  <w>socialdemokrater</w>
  <w>som</w>
  <w>starkast</w>
  <w>markerar</w>
  <w>behovet</w>
  <w>av</w>
  <w>breda</w>
  <w>uppgörelser</w>
  <w>i</w>
  <w>försvarsberedningen</w>
  <w>.</w>
  <w>En</w>
  <w>sådan</w>
  <w>uppgörelse</w>
  <w>skulle</w>
  <w>kunna</w>
  <w>skapa</w>
  <w>den</w>
  <w>långsiktiga</w>
  <w>stabilitet</w>
  <w>som</w>
  <w>krävs</w>
  <w>för</w>
  <w>att</w>
  <w>lösa</w>
  <w>problemen</w>
  <w>kring</w>
  <w>både</w>
  <w>materiel</w>
  <w>och</w>
  <w>personalförsörjning</w>
  <w>.</w>
  <w>Då</w>
  <w>kan</w>
  <w>vi</w>
  <w>också</w>
  <w>gemensamt</w>
  <w>ta</w>
  <w>ansvar</w>
  <w>för</w>
  <w>ekonomin</w>
  <w>.</w>
</absapar>
<absapar id=4>
  <w>Detta</w>
  <w>tycks</w>
  <w>dock</w>
  <w>inte</w>
  <w>vara</w>
  <w>ett</w>
  <w>perspektiv</w>
  <w>som</w>
  <absaspan id=11>
    <w>Moderaterna</w>
  </absaspan>
  <w>bejakar</w>
  <w>,</w>
  <w>utan</w>
  <w>de</w>
  <w>ångar</w>
  <w>på</w>
  <w>med</w>
  <absaspan id=12 senti=2>
    <w>sin</w>
    <w>bristande</w>
    <w>eftertänksamhet</w>
    <w>och</w>
    <w>svaga</w>
    <w>verklighetsförankring</w>
  </absaspan>
  <w>.</w>
  <absaspan id=13 senti=2>
    <w>Inget</w>
    <w>tycks</w>
    <w>man</w>
    <w>ha</w>
    <w>lärt</w>
    <w>sig</w>
    <w>av</w>
    <w>det</w>
    <w>konfrontatoriska</w>
    <w>misstaget</w>
  </absaspan>
  <w>när</w>
  <w>man</w>
  <w>med</w>
  <w>bara</w>
  <absaspan id=14>
    <w>tre</w>
    <w>rösters</w>
    <w>övervikt</w>
    <w>trumfade</w>
    <w>igenom</w>
    <w>det</w>
    <w>nya</w>
    <w>yrkesförsvaret</w>
    <w>i</w>
    <w>Sveriges</w>
    <w>riksdag</w>
  </absaspan>
  <w>.</w>
</absapar>
<absapar id=5>
  <w>Det</w>
  <w>är</w>
  <w>dags</w>
  <w>för</w>
  <absaspan id=15>
    <w>Karin</w>
    <w>Enström</w>
    <w>och</w>
    <w>Moderaterna</w>
  </absaspan>
  <absaspan id=16 senti=2>
    <w>att</w>
    <w>skärpa</w>
    <w>sig</w>
  </absaspan>
  <w>!</w>
  <absaspan id=17 senti=2>
    <w>Istället</w>
    <w>för</w>
    <w>tramsig</w>
    <w>skuggboxning</w>
  </absaspan>
  <w>krävs</w>
  <w>nu</w>
  <w>rejäla</w>
  <w>och</w>
  <w>gemensamma</w>
  <w>tag</w>
  <w>för</w>
  <w>att</w>
  <w>åtgärda</w>
  <w>problemen</w>
  <w>i</w>
  <w>svensk</w>
  <w>försvarsmakt</w>
  <absaspan id=18>
    <w>.</w>
  </absaspan>
  <w>Nu</w>
  <w>handlar</w>
  <w>det</w>
  <w>om</w>
  <w>Sverige</w>
  <w>och</w>
  <w>inte</w>
  <w>småskuren</w>
  <w>partipolitik</w>
  <w>.</w>
</absapar>
<absapar id=6>
  <w>Peter</w>
  <w>Hultqvist</w>
  <w>(</w>
  <w>S</w>
  <w>)</w>
  <w>.</w>
</absapar>
<absapar id=7>
  <w>Ordförande</w>
  <w>i</w>
  <w>riksdagens</w>
  <w>försvarsutskott</w>
  <w>.</w>
</absapar>
</absadoc>
