<absadoc annotators=1 senti=>
<absatitle>
  <w>Var</w>
  <w>är</w>
  <w>samtiden</w>
  <w>i</w>
  <w>svensk</w>
  <w>barnfilm</w>
  <w>?</w>
</absatitle>
<absapar id=1>
  <absaspan id=1>
    <w>Vid</w>
  </absaspan>
  <absaspan id=2>
    <w>årsskiftet</w>
    <w>försvinner</w>
    <w>barnfilmskonsulenttjänsten</w>
    <w>från</w>
    <w>Svenska</w>
    <w>Filminstitutet</w>
    <w>(</w>
    <w>SFI</w>
    <w>)</w>
    <w>och</w>
    <w>uppdraget</w>
    <w>att</w>
    <w>stödja</w>
    <w>barnfilm</w>
    <w>flyttas</w>
    <w>till</w>
    <w>de</w>
    <w>två</w>
    <w>långfilmskonsulenterna</w>
  </absaspan>
  <w>.</w>
  <w>Detta</w>
  <w>sker</w>
  <w>samtidigt</w>
  <w>som</w>
  <w>SFI</w>
  <w>enligt</w>
  <w>det</w>
  <w>nya</w>
  <w>filmavtal</w>
  <w>som</w>
  <w>löper</w>
  <w>från</w>
  <w>2013</w>
  <w>ska</w>
  <w>satsa</w>
  <w>på</w>
  <w>barn</w>
  <w>-</w>
  <w>och</w>
  <w>ungdomsfilm</w>
  <w>.</w>
</absapar>
<absapar id=2>
  <w>Argumenten</w>
  <w>för</w>
  <w>att</w>
  <w>flytta</w>
  <w>ansvaret</w>
  <w>till</w>
  <w>långfilmskonsulenterna</w>
  <w>är</w>
  <w>att</w>
  <w>lyfta</w>
  <w>barnfilmen</w>
  <w>ur</w>
  <w>ett</w>
  <w>reservat</w>
  <w>och</w>
  <w>höja</w>
  <w>dess</w>
  <w>status</w>
  <w>.</w>
  <w>Även</w>
  <w>landets</w>
  <w>regioner</w>
  <w>får</w>
  <w>mer</w>
  <w>öronmärkta</w>
  <w>pengar</w>
  <w>enkom</w>
  <w>för</w>
  <w>barnfilmsproduktion</w>
  <w>.</w>
</absapar>
<absapar id=3>
  <absaspan id=3>
    <w>Det</w>
  </absaspan>
  <absaspan id=4 senti=4>
    <w>kan</w>
    <w>te</w>
    <w>sig</w>
    <w>som</w>
    <w>ett</w>
  </absaspan>
  <absaspan id=5 senti=4>
    <w>smart</w>
  </absaspan>
  <absaspan id=6 senti=4>
    <w>drag</w>
  </absaspan>
  <w>:</w>
  <absaspan id=7>
    <w>den</w>
    <w>svenska</w>
    <w>barnfilmen</w>
  </absaspan>
  <absaspan id=8 senti=2>
    <w>har</w>
    <w>länge</w>
    <w>behandlats</w>
    <w>styvmoderligt</w>
  </absaspan>
  <w>och</w>
  <absaspan id=9 senti=2>
    <w>gått</w>
    <w>på</w>
    <w>autopilot</w>
  </absaspan>
  <absaspan id=10>
    <w>.</w>
  </absaspan>
  <w>Resultatet</w>
  <w>har</w>
  <w>blivit</w>
  <w>pedagogiska</w>
  <w>filmer</w>
  <w>som</w>
  <w>skildrar</w>
  <w>idealbarn</w>
  <w>–</w>
  <w>som</w>
  <w>den</w>
  <w>tungt</w>
  <w>Guldbaggebelönade</w>
  <w>filmen</w>
  <w>”</w>
  <w>Förortsungar</w>
  <w>”</w>
  <w>(</w>
  <w>2006</w>
  <w>)</w>
  <w>.</w>
</absapar>
<absapar id=4>
  <w>Filmer</w>
  <w>som</w>
  <w>skulle</w>
  <w>kunna</w>
  <w>riktas</w>
  <w>till</w>
  <w>barn</w>
  <w>och</w>
  <w>unga</w>
  <w>,</w>
  <w>filmer</w>
  <w>med</w>
  <w>fantasi</w>
  <w>,</w>
  <w>svärta</w>
  <w>och</w>
  <w>melankoli</w>
  <w>–</w>
  <w>som</w>
  <w>Fredrik</w>
  <w>Edfeldts</w>
  <w>”</w>
  <w>Flickan</w>
  <w>”</w>
  <w>från</w>
  <w>2010</w>
  <w>–</w>
  <w>hamnar</w>
  <w>i</w>
  <w>Sverige</w>
  <w>i</w>
  <w>vuxenfack</w>
  <w>trots</w>
  <w>att</w>
  <w>deras</w>
  <w>närmaste</w>
  <w>referenser</w>
  <w>är</w>
  <absaspan id=11 senti=4>
    <w>gräddan</w>
    <w>av</w>
    <w>historisk</w>
    <w>svensk</w>
    <w>barnfilm</w>
  </absaspan>
  <w>,</w>
  <absaspan id=12>
    <w>som</w>
    <w>Kjell</w>
    <w>Gredes</w>
    <w>”</w>
    <w>Hugo</w>
    <w>&</w>
    <w>Josefin</w>
    <w>”</w>
    <w>(</w>
    <w>1967</w>
    <w>)</w>
  </absaspan>
  <w>.</w>
</absapar>
<absapar id=5>
  <absaspan id=13 senti=2>
    <w>Problemen</w>
    <w>med</w>
  </absaspan>
  <absaspan id=14>
    <w>beslutet</w>
  </absaspan>
  <w>bör</w>
  <w>ses</w>
  <w>mot</w>
  <w>bakgrund</w>
  <w>av</w>
  <w>dagens</w>
  <w>verklighet</w>
  <w>och</w>
  <w>samhällets</w>
  <w>utbud</w>
  <w>av</w>
  <w>rörlig</w>
  <w>bild</w>
  <w>för</w>
  <w>barn</w>
  <w>i</w>
  <w>övrigt</w>
  <w>.</w>
  <w>Det</w>
  <w>gäller</w>
  <w>i</w>
  <w>första</w>
  <w>hand</w>
  <w>Sveriges</w>
  <w>Television</w>
  <w>,</w>
  <w>där</w>
  <w>man</w>
  <w>tycks</w>
  <w>ha</w>
  <w>gett</w>
  <w>upp</w>
  <w>tanken</w>
  <w>på</w>
  <w>att</w>
  <w>skapa</w>
  <w>program</w>
  <w>som</w>
  <w>skulle</w>
  <w>kunna</w>
  <w>vara</w>
  <w>en</w>
  <w>motvikt</w>
  <w>till</w>
  <w>de</w>
  <absaspan id=15 senti=2>
    <w>illa</w>
    <w>dubbade</w>
    <w>,</w>
    <w>skräniga</w>
  </absaspan>
  <w>,</w>
  <absaspan id=16>
    <w>amerikanska</w>
    <w>serier</w>
    <w>som</w>
    <w>går</w>
    <w>i</w>
    <w>loop</w>
    <w>på</w>
    <w>Barnkanalen</w>
  </absaspan>
  <w>.</w>
  <w>Jag</w>
  <w>är</w>
  <w>nog</w>
  <w>inte</w>
  <w>den</w>
  <w>enda</w>
  <w>småbarnsförälder</w>
  <w>som</w>
  <absaspan id=17 senti=2>
    <w>velat</w>
    <w>klippa</w>
    <w>kabeln</w>
    <w>efter</w>
    <w>att</w>
    <w>ha</w>
  </absaspan>
  <absaspan id=18 senti=2>
    <w>genomlidit</w>
  </absaspan>
  <absaspan id=19>
    <w>titelsången</w>
    <w>och</w>
    <w>genussynen</w>
    <w>i</w>
    <w>”</w>
    <w>Händige</w>
    <w>Manny</w>
    <w>”</w>
  </absaspan>
  <w>.</w>
</absapar>
<absapar id=6>
  <w>Eller</w>
  <w>för</w>
  <w>den</w>
  <w>delen</w>
  <w>repertoaren</w>
  <w>på</w>
  <w>bio</w>
  <w>,</w>
  <w>där</w>
  <w>lilla</w>
  <w>Folkets</w>
  <w>Bio</w>
  <w>visserligen</w>
  <w>programsätter</w>
  <absaspan id=20 senti=4>
    <w>utmärkta</w>
  </absaspan>
  <absaspan id=21 senti=4>
    <w>filmer</w>
  </absaspan>
  <absaspan id=22 senti=4>
    <w>som</w>
  </absaspan>
  <absaspan id=23>
    <w>kommande</w>
    <w>holländska</w>
    <w>”</w>
    <w>Kauwboy</w>
    <w>”</w>
  </absaspan>
  <w>–</w>
  <w>men</w>
  <w>där</w>
  <w>utbudet</w>
  <w>domineras</w>
  <w>av</w>
  <w>animerat</w>
  <w>som</w>
  <w>”</w>
  <w>Tingeling</w>
  <w>–</w>
  <w>Vingarnas</w>
  <w>hemlighet</w>
  <w>”</w>
  <w>med</w>
  <w>kvinnor</w>
  <w>formade</w>
  <w>som</w>
  <w>cola-flaskor</w>
  <w>,</w>
  <w>ihällda</w>
  <w>kortkort</w>
  <w>,</w>
  <w>med</w>
  <w>ansikten</w>
  <w>som</w>
  <w>Bratz-dockor</w>
  <w>.</w>
</absapar>
<absapar id=7>
  <w>Det</w>
  <w>akuta</w>
  <w>i</w>
  <w>frågan</w>
  <w>aktualiserades</w>
  <w>dock</w>
  <w>i</w>
  <w>och</w>
  <w>med</w>
  <w>debatten</w>
  <w>om</w>
  <w>Stina</w>
  <w>Wirséns</w>
  <w>”</w>
  <w>Liten</w>
  <w>skär</w>
  <w>och</w>
  <w>alla</w>
  <w>små</w>
  <w>brokiga</w>
  <w>”</w>
  <w>.</w>
  <w>Man</w>
  <w>kan</w>
  <w>vända</w>
  <w>på</w>
  <w>steken</w>
  <w>i</w>
  <w>stället</w>
  <w>för</w>
  <w>att</w>
  <w>stirra</w>
  <w>sig</w>
  <w>blind</w>
  <w>på</w>
  <w>Wirséns</w>
  <w>film</w>
  <w>:</w>
  <w>varför</w>
  <w>är</w>
  <w>den</w>
  <w>svenska</w>
  <w>barn</w>
  <w>-</w>
  <w>och</w>
  <w>ungdomsfilmen</w>
  <w>nästan</w>
  <w>helt</w>
  <w>kritvit</w>
  <w>;</w>
  <w>varför</w>
  <w>har</w>
  <w>den</w>
  <w>inte</w>
  <w>i</w>
  <w>högre</w>
  <w>grad</w>
  <w>försökt</w>
  <w>spegla</w>
  <w>dagens</w>
  <w>Sverige</w>
  <w>?</w>
  <w>.</w>
</absapar>
<absapar id=8>
  <w>I</w>
  <w>ett</w>
  <w>inlägg</w>
  <w>i</w>
  <w>Dagens</w>
  <w>Nyheter</w>
  <w>(</w>
  <w>2</w>
  <w>/</w>
  <w>10</w>
  <w>-</w>
  <w>12</w>
  <w>)</w>
  <w>om</w>
  <w>de</w>
  <w>få</w>
  <w>svenska</w>
  <w>barnböcker</w>
  <w>som</w>
  <w>handlar</w>
  <w>om</w>
  <w>andra</w>
  <w>barn</w>
  <w>än</w>
  <w>rågblonda</w>
  <w>Emil-gossar</w>
  <w>,</w>
  <w>påpekade</w>
  <w>bibliotekarien</w>
  <w>Karin</w>
  <w>Sohlgren</w>
  <w>behovet</w>
  <w>av</w>
  <w>att</w>
  <w>få</w>
  <w>fram</w>
  <w>dessa</w>
  <w>.</w>
  <absaspan id=24>
    <w>I</w>
    <w>barnfilmen</w>
  </absaspan>
  <absaspan id=25 senti=2>
    <w>är</w>
    <w>det</w>
    <w>om</w>
    <w>möjligt</w>
    <w>ännu</w>
    <w>sämre</w>
    <w>ställt</w>
  </absaspan>
  <w>.</w>
  <absaspan id=26 senti=4>
    <w>Behovet</w>
    <w>av</w>
  </absaspan>
  <absaspan id=27>
    <w>en</w>
    <w>person</w>
    <w>med</w>
    <w>filmkunskap</w>
    <w>och</w>
    <w>stadig</w>
    <w>förankring</w>
    <w>i</w>
    <w>samtida</w>
    <w>frågor</w>
    <w>om</w>
    <w>etnicitet</w>
    <w>,</w>
    <w>genus</w>
    <w>–</w>
    <w>och</w>
    <w>naturligtvis</w>
    <w>barnkultursforskning</w>
  </absaspan>
  <w>–</w>
  <absaspan id=28 senti=4>
    <w>är</w>
  </absaspan>
  <absaspan id=29 senti=4>
    <w>skriande</w>
  </absaspan>
  <w>.</w>
  <absaspan id=30 senti=2>
    <w>Att</w>
    <w>lägga</w>
    <w>ansvaret</w>
    <w>på</w>
    <w>långfilmskonsulenter</w>
    <w>som</w>
    <w>redan</w>
    <w>i</w>
    <w>nuläget</w>
    <w>har</w>
    <w>stor</w>
    <w>arbetsbörda</w>
    <w>och</w>
    <w>svåra</w>
    <w>frågor</w>
    <w>att</w>
    <w>ta</w>
    <w>itu</w>
    <w>med</w>
  </absaspan>
  <w>(</w>
  <w>där</w>
  <w>den</w>
  <w>nu</w>
  <w>avgående</w>
  <w>Lars</w>
  <w>G</w>
  <w>Lindström</w>
  <w>missade</w>
  <w>det</w>
  <w>som</w>
  <absaspan id=31>
    <w>både</w>
    <w>kritikerkår</w>
    <w>och</w>
    <w>publik</w>
  </absaspan>
  <absaspan id=32 senti=2>
    <w>såg</w>
    <w>som</w>
    <w>etiskt</w>
    <w>och</w>
    <w>möjligen</w>
    <w>juridiskt</w>
    <w>problematisk</w>
  </absaspan>
  <absaspan id=33>
    <w>i</w>
    <w>filmen</w>
    <w>”</w>
    <w>Call</w>
    <w>Girl</w>
    <w>”</w>
  </absaspan>
  <w>)</w>
  <absaspan id=34 senti=2>
    <w>känns</w>
    <w>orimligt</w>
  </absaspan>
  <w>.</w>
</absapar>
<absapar id=9>
  <absaspan id=35>
    <w>Institutets</w>
    <w>argument</w>
    <w>för</w>
    <w>att</w>
    <w>kapa</w>
    <w>tjänsten</w>
  </absaspan>
  <w>,</w>
  <w>något</w>
  <w>som</w>
  <w>främst</w>
  <w>beror</w>
  <w>på</w>
  <w>administrativa</w>
  <w>kostnader</w>
  <w>,</w>
  <absaspan id=36 senti=2>
    <w>blir</w>
    <w>än</w>
    <w>mer</w>
    <w>ihåliga</w>
  </absaspan>
  <w>som</w>
  <absaspan id=37>
    <w>man</w>
    <w>samtidigt</w>
    <w>flyttar</w>
    <w>ansvaret</w>
    <w>för</w>
    <w>dokumentärfilm</w>
    <w>till</w>
    <w>en</w>
    <w>enda</w>
    <w>konsulent</w>
    <w>i</w>
    <w>syfte</w>
    <w>att</w>
    <w>stärka</w>
    <w>genren</w>
  </absaspan>
  <w>.</w>
  <w>(</w>
  <absaspan id=38 senti=2>
    <w>I</w>
    <w>sig</w>
    <w>ett</w>
  </absaspan>
  <absaspan id=39 senti=2>
    <w>märkligt</w>
  </absaspan>
  <absaspan id=40 senti=2>
    <w>argument</w>
  </absaspan>
  <w>eftersom</w>
  <w>den</w>
  <w>kvalitativa</w>
  <w>bredden</w>
  <w>på</w>
  <w>dokumentärfilmer</w>
  <w>också</w>
  <w>beror</w>
  <w>på</w>
  <w>att</w>
  <w>även</w>
  <w>långfilmskonsulenterna</w>
  <w>har</w>
  <w>kunnat</w>
  <w>gå</w>
  <w>in</w>
  <w>med</w>
  <w>stöd</w>
  <w>)</w>
  <w>.</w>
</absapar>
<absapar id=10>
  <w>Att</w>
  <w>stödja</w>
  <w>film</w>
  <w>riktad</w>
  <w>till</w>
  <w>barn</w>
  <w>och</w>
  <w>unga</w>
  <w>är</w>
  <w>inte</w>
  <w>samma</w>
  <w>sak</w>
  <w>som</w>
  <w>att</w>
  <w>göra</w>
  <w>det</w>
  <w>till</w>
  <w>vuxna</w>
  <w>.</w>
  <w>Konsulenten</w>
  <w>måste</w>
  <w>se</w>
  <w>till</w>
  <w>det</w>
  <w>utbud</w>
  <w>som</w>
  <w>finns</w>
  <w>tillgängligt</w>
  <w>,</w>
  <w>vara</w>
  <w>lyhörd</w>
  <w>för</w>
  <w>svåra</w>
  <w>gestaltningar</w>
  <w>–</w>
  <w>som</w>
  <w>Wirséns</w>
  <w>film</w>
  <w>–</w>
  <w>och</w>
  <w>arbeta</w>
  <w>med</w>
  <w>allt</w>
  <w>från</w>
  <w>kortfilm</w>
  <w>till</w>
  <w>längre</w>
  <w>format</w>
  <w>.</w>
</absapar>
<absapar id=11>
  <w>Att</w>
  <w>de</w>
  <w>nya</w>
  <w>långfilmskonsulenterna</w>
  <w>Linus</w>
  <w>Torell</w>
  <w>och</w>
  <w>Magdalena</w>
  <w>Jangard</w>
  <w>båda</w>
  <w>har</w>
  <w>tidigare</w>
  <w>erfarenhet</w>
  <w>av</w>
  <w>barnfilm</w>
  <w>,</w>
  <w>innebär</w>
  <w>inte</w>
  <w>att</w>
  <w>framtida</w>
  <w>konsulenter</w>
  <w>kommer</w>
  <w>att</w>
  <w>ha</w>
  <w>det</w>
  <w>–</w>
  <w>eller</w>
  <w>ha</w>
  <w>tid</w>
  <w>och</w>
  <w>möjlighet</w>
  <w>att</w>
  <w>fördjupa</w>
  <w>sig</w>
  <w>i</w>
  <w>ett</w>
  <w>komplext</w>
  <w>filmfält</w>
  <w>,</w>
  <w>riktat</w>
  <w>till</w>
  <w>en</w>
  <w>krävande</w>
  <w>och</w>
  <w>förbisedd</w>
  <w>publikgrupp</w>
  <w>.</w>
</absapar>
<absapar id=12>
  <w>Hynek</w>
  <w>Pallas</w>
  <w>.</w>
</absapar>
<absapar id=13>
  <w>Fil</w>
  <w>dr</w>
  <w>i</w>
  <w>filmvetenskap</w>
  <w>och</w>
  <w>filmkritiker</w>
  <w>på</w>
  <w>Svenska</w>
  <w>Dagbladet</w>
  <w>.</w>
</absapar>
<absapar id=14>
  <w>FAKTA</w>
  <w>.</w>
</absapar>
</absadoc>
