<absadoc annotators=1 senti=>
<absatitle>
  <w>Etnicitet</w>
  <w>ej</w>
  <w>relevant</w>
  <w>vid</w>
  <w>Brott</w>
  <w>men</w>
  <w>i</w>
  <w>USAs</w>
  <w>val</w>
  <w>relevant</w>
  <w>.</w>
</absatitle>
<absapar id=1>
  <w>Ja</w>
  <absaspan id=1>
    <w>hyckleriet</w>
    <w>vet</w>
    <w>inga</w>
    <w>gränser</w>
  </absaspan>
  <w>.</w>
  <w>Vi</w>
  <w>vet</w>
  <w>att</w>
  <w>för</w>
  <w>att</w>
  <w>främja</w>
  <w>integrationen</w>
  <w>anser</w>
  <w>man</w>
  <w>i</w>
  <w>massmedia</w>
  <w>och</w>
  <w>även</w>
  <w>hos</w>
  <w>brå</w>
  <w>att</w>
  <w>etnicitet</w>
  <w>och</w>
  <w>ursprung</w>
  <w>är</w>
  <w>ej</w>
  <w>intressant</w>
  <w>vid</w>
  <w>brottslighet</w>
  <w>.</w>
</absapar>
<absapar id=2>
  <w>Däremot</w>
  <w>gapar</w>
  <w>media</w>
  <w>ut</w>
  <w>att</w>
  <w>i</w>
  <w>USA</w>
  <w>valet</w>
  <w>är</w>
  <w>etnicitet</w>
  <w>extremt</w>
  <w>viktigt</w>
  <w>.</w>
  <w>Hur</w>
  <w>kommer</w>
  <w>sig</w>
  <w>detta</w>
  <w>och</w>
  <w>hur</w>
  <w>påverkar</w>
  <w>det</w>
  <w>integrationen</w>
  <w>?</w>
  <w>.</w>
</absapar>
</absadoc>
