<absadoc annotators=1 senti=>
<absatitle>
  <w>Fördomsfullt</w>
  <w>och</w>
  <w>okunnigt</w>
  <w>om</w>
  <w>ridsport</w>
  <absaspan id=1 senti=2>
    <w>.</w>
  </absaspan>
</absatitle>
<absapar id=1>
  <absaspan id=2>
    <w>Synen</w>
    <w>på</w>
    <w>ridsport</w>
    <w>i</w>
    <w>Sverige</w>
  </absaspan>
  <absaspan id=3 senti=2>
    <w>bygger</w>
  </absaspan>
  <w>ofta</w>
  <absaspan id=4 senti=2>
    <w>på</w>
  </absaspan>
  <absaspan id=5 senti=2>
    <w>okunskap</w>
    <w>,</w>
    <w>fördomar</w>
    <w>och</w>
  </absaspan>
  <absaspan id=6 senti=2>
    <w>stereotypa</w>
  </absaspan>
  <absaspan id=7 senti=2>
    <w>föreställningar</w>
  </absaspan>
  <absaspan id=8>
    <w>om</w>
    <w>både</w>
    <w>djur</w>
    <w>,</w>
    <w>idrott</w>
    <w>och</w>
    <w>kön</w>
  </absaspan>
  <w>.</w>
  <w>Tvärtom</w>
  <w>vad</w>
  <w>många</w>
  <w>tror</w>
  <absaspan id=9 senti=4>
    <w>spelar</w>
  </absaspan>
  <absaspan id=10>
    <w>hästen</w>
  </absaspan>
  <absaspan id=11 senti=4>
    <w>en</w>
  </absaspan>
  <absaspan id=12 senti=4>
    <w>allt</w>
    <w>viktigare</w>
    <w>roll</w>
  </absaspan>
  <w>i</w>
  <w>vårt</w>
  <w>samhälle</w>
  <w>.</w>
  <w>Därför</w>
  <absaspan id=13 senti=4>
    <w>är</w>
  </absaspan>
  <absaspan id=14 senti=4>
    <w>behovet</w>
    <w>av</w>
  </absaspan>
  <absaspan id=15>
    <w>hästforskning</w>
  </absaspan>
  <absaspan id=16 senti=4>
    <w>stort</w>
  </absaspan>
  <w>,</w>
  <w>skriver</w>
  <absaspan id=17>
    <w>21</w>
    <w>forskare</w>
  </absaspan>
  <w>.</w>
</absapar>
<absapar id=2>
  <w>Om</w>
  <w>Sverige</w>
  <w>vill</w>
  <w>fortsätta</w>
  <w>att</w>
  <w>ligga</w>
  <w>i</w>
  <w>framkant</w>
  <w>både</w>
  <w>då</w>
  <w>det</w>
  <w>gäller</w>
  <w>tävlingsframgångar</w>
  <w>,</w>
  <absaspan id=18 senti=4>
    <w>brett</w>
  </absaspan>
  <absaspan id=19>
    <w>tillgänglig</w>
    <w>hobbyridning</w>
  </absaspan>
  <w>,</w>
  <w>djurskydd</w>
  <w>samt</w>
  <w>de</w>
  <w>nya</w>
  <w>hästbaserade</w>
  <w>verksamhetsområden</w>
  <w>som</w>
  <w>är</w>
  <w>under</w>
  <w>framväxt</w>
  <w>,</w>
  <w>behöver</w>
  <w>vi</w>
  <absaspan id=20 senti=4>
    <w>kvalificerad</w>
  </absaspan>
  <absaspan id=21>
    <w>forskning</w>
  </absaspan>
  <w>för</w>
  <w>att</w>
  <w>bättre</w>
  <w>förstå</w>
  <w>den</w>
  <w>positiva</w>
  <w>roll</w>
  <w>hästen</w>
  <w>spelar</w>
  <w>.21</w>
  <w>forskare</w>
  <w>.</w>
</absapar>
<absapar id=3>
  <w>Det</w>
  <w>här</w>
  <w>är</w>
  <w>en</w>
  <w>argumenterande</w>
  <w>text</w>
  <w>med</w>
  <w>syfte</w>
  <w>att</w>
  <w>påverka</w>
  <w>.</w>
  <w>Åsikterna</w>
  <w>som</w>
  <w>uttrycks</w>
  <w>är</w>
  <w>skribentens</w>
  <w>egna</w>
  <w>.</w>
</absapar>
<absapar id=4>
  <w>Ryttaren</w>
  <w>Rolf-Göran</w>
  <w>Bengtsson</w>
  <w>–</w>
  <w>rankad</w>
  <w>världsetta</w>
  <w>i</w>
  <w>hoppning</w>
  <w>-</w>
  <w>fick</w>
  <w>i</w>
  <w>dagarna</w>
  <w>Jerringpriset</w>
  <w>.</w>
  <w>Genast</w>
  <w>tog</w>
  <w>en</w>
  <w>intensiv</w>
  <w>debatt</w>
  <w>om</w>
  <w>priset</w>
  <w>fart</w>
  <w>.</w>
  <w>En</w>
  <w>debatt</w>
  <w>där</w>
  <absaspan id=22>
    <w>ridsporten</w>
  </absaspan>
  <w>påstås</w>
  <absaspan id=23 senti=2>
    <w>inte</w>
    <w>vara</w>
    <w>någon</w>
    <w>"</w>
    <w>riktig</w>
    <w>sport</w>
    <w>"</w>
  </absaspan>
  <w>eftersom</w>
  <w>det</w>
  <w>ändå</w>
  <w>är</w>
  <w>"</w>
  <w>hästen</w>
  <w>som</w>
  <w>gör</w>
  <w>jobbet</w>
  <w>"</w>
  <absaspan id=24>
    <w>.</w>
  </absaspan>
</absapar>
<absapar id=5>
  <w>Debatten</w>
  <w>har</w>
  <w>tydliggjort</w>
  <w>att</w>
  <absaspan id=25>
    <w>synen</w>
    <w>på</w>
    <w>ridsport</w>
    <w>i</w>
    <w>Sverige</w>
  </absaspan>
  <w>inte</w>
  <w>sällan</w>
  <absaspan id=26 senti=2>
    <w>bygger</w>
    <w>på</w>
    <w>okunskap</w>
    <w>,</w>
    <w>fördomar</w>
    <w>och</w>
  </absaspan>
  <absaspan id=27 senti=2>
    <w>stereotypa</w>
  </absaspan>
  <absaspan id=28 senti=2>
    <w>föreställningar</w>
  </absaspan>
  <absaspan id=29>
    <w>om</w>
    <w>både</w>
    <w>djur</w>
    <w>,</w>
    <w>idrott</w>
    <w>och</w>
    <w>kön</w>
  </absaspan>
  <w>.</w>
</absapar>
<absapar id=6>
  <w>Ridsport</w>
  <w>och</w>
  <w>prestationer</w>
  <w>på</w>
  <w>tävlingsbanan</w>
  <w>utgör</w>
  <w>dock</w>
  <w>bara</w>
  <w>en</w>
  <w>liten</w>
  <w>del</w>
  <w>av</w>
  <w>de</w>
  <w>många</w>
  <w>verksamheter</w>
  <w>där</w>
  <w>häst</w>
  <w>och</w>
  <w>människa</w>
  <w>interagerar</w>
  <w>.</w>
  <w>Ända</w>
  <w>sedan</w>
  <w>1950</w>
  <w>-</w>
  <w>talet</w>
  <w>har</w>
  <w>hästen</w>
  <w>använts</w>
  <w>inom</w>
  <w>fysioterapi</w>
  <w>och</w>
  <w>rehabilitering</w>
  <absaspan id=30 senti=4>
    <w>.</w>
  </absaspan>
  <w>I</w>
  <w>dag</w>
  <w>är</w>
  <w>en</w>
  <w>mängd</w>
  <w>professionella</w>
  <w>arenor</w>
  <w>under</w>
  <w>utveckling</w>
  <w>,</w>
  <w>där</w>
  <w>hästen</w>
  <w>agerar</w>
  <w>som</w>
  <w>medhjälpare</w>
  <w>och</w>
  <w>katalysator</w>
  <w>:</w>
  <w>inom</w>
  <w>socialt</w>
  <w>arbete</w>
  <w>,</w>
  <w>psykoterapi</w>
  <w>,</w>
  <w>ledarskaps</w>
  <w>-</w>
  <w>och</w>
  <w>coachutbildningar</w>
  <w>.</w>
  <w>Inom</w>
  <w>såväl</w>
  <w>vården</w>
  <w>som</w>
  <w>friskvården</w>
  <absaspan id=31 senti=4>
    <w>spelar</w>
  </absaspan>
  <absaspan id=32>
    <w>hästen</w>
  </absaspan>
  <w>alltså</w>
  <absaspan id=33 senti=4>
    <w>en</w>
  </absaspan>
  <absaspan id=34 senti=4>
    <w>viktig</w>
    <w>och</w>
    <w>alltmer</w>
    <w>komplex</w>
    <w>roll</w>
  </absaspan>
  <w>.</w>
  <w>Vi</w>
  <w>ser</w>
  <w>idag</w>
  <w>framväxten</w>
  <w>av</w>
  <w>en</w>
  <w>akademisk</w>
  <w>kunskap</w>
  <w>om</w>
  <w>hästens</w>
  <w>mångfacetterade</w>
  <w>funktion</w>
  <w>i</w>
  <w>samtiden</w>
  <w>.</w>
  <absaspan id=35>
    <w>Samhälls</w>
    <w>-</w>
    <w>och</w>
    <w>humanioraforskare</w>
    <w>i</w>
    <w>Svenskt</w>
    <w>Nätverk</w>
    <w>för</w>
    <w>forskning</w>
    <w>om</w>
    <w>Människa</w>
    <w>och</w>
    <w>Häst</w>
  </absaspan>
  <w>,</w>
  <absaspan id=36 senti=4>
    <w>arbetar</w>
    <w>för</w>
  </absaspan>
  <absaspan id=37>
    <w>att</w>
    <w>öka</w>
    <w>kunnigheten</w>
    <w>om</w>
    <w>hästen</w>
    <w>,</w>
    <w>dess</w>
    <w>betydelse</w>
    <w>för</w>
    <w>människan</w>
    <w>och</w>
    <w>dess</w>
    <w>roll</w>
    <w>i</w>
    <w>samhället</w>
  </absaspan>
  <w>.</w>
</absapar>
<absapar id=7>
  <w>Vi</w>
  <w>vet</w>
  <w>att</w>
  <w>barn</w>
  <w>och</w>
  <w>ungdomar</w>
  <w>mår</w>
  <w>bra</w>
  <w>av</w>
  <w>att</w>
  <w>umgås</w>
  <w>med</w>
  <w>hästar</w>
  <w>,</w>
  <w>att</w>
  <w>hästnäringen</w>
  <w>är</w>
  <w>landsbygdens</w>
  <w>snabbast</w>
  <w>expanderande</w>
  <w>näring</w>
  <w>,</w>
  <w>att</w>
  <w>antalet</w>
  <w>hästar</w>
  <w>i</w>
  <w>landet</w>
  <w>på</w>
  <w>ganska</w>
  <w>kort</w>
  <w>tid</w>
  <w>ökat</w>
  <w>så</w>
  <w>att</w>
  <w>de</w>
  <w>idag</w>
  <w>är</w>
  <w>lika</w>
  <w>många</w>
  <w>eller</w>
  <w>fler</w>
  <w>än</w>
  <w>de</w>
  <w>var</w>
  <w>vid</w>
  <w>1800</w>
  <w>-</w>
  <w>talets</w>
  <w>slut</w>
  <w>.</w>
  <w>Moderniteten</w>
  <w>har</w>
  <w>länge</w>
  <w>förknippats</w>
  <w>med</w>
  <absaspan id=38 senti=2>
    <w>avhästning</w>
  </absaspan>
  <w>.</w>
  <w>Den</w>
  <w>bilden</w>
  <w>stämmer</w>
  <w>helt</w>
  <w>enkelt</w>
  <w>inte</w>
  <w>längre</w>
  <absaspan id=39 senti=4>
    <w>.</w>
  </absaspan>
  <w>Idag</w>
  <absaspan id=40 senti=4>
    <w>spelar</w>
  </absaspan>
  <absaspan id=41>
    <w>hästen</w>
  </absaspan>
  <absaspan id=42 senti=4>
    <w>en</w>
  </absaspan>
  <absaspan id=43 senti=4>
    <w>allt</w>
    <w>viktigare</w>
    <w>roll</w>
  </absaspan>
  <w>i</w>
  <w>vårt</w>
  <w>samhälle</w>
  <w>.</w>
</absapar>
<absapar id=8>
  <absaspan id=44>
    <w>Varje</w>
    <w>dag</w>
    <w>går</w>
  </absaspan>
  <absaspan id=45 senti=4>
    <w>tusentals</w>
  </absaspan>
  <absaspan id=46>
    <w>barn</w>
    <w>i</w>
    <w>Sverige</w>
    <w>till</w>
    <w>ridskolan</w>
  </absaspan>
  <w>för</w>
  <w>att</w>
  <w>ta</w>
  <w>sin</w>
  <w>ridlektion</w>
  <w>eller</w>
  <w>för</w>
  <w>att</w>
  <w>umgås</w>
  <w>med</w>
  <w>djur</w>
  <w>och</w>
  <w>vänner</w>
  <w>.</w>
  <w>På</w>
  <w>ridskolan</w>
  <w>finns</w>
  <w>hästarna</w>
  <w>,</w>
  <w>också</w>
  <w>när</w>
  <w>man</w>
  <w>inte</w>
  <w>har</w>
  <w>förmånen</w>
  <w>att</w>
  <w>få</w>
  <w>rida</w>
  <w>.</w>
  <w>I</w>
  <w>stallet</w>
  <w>lär</w>
  <w>sig</w>
  <w>barn</w>
  <w>och</w>
  <w>ungdomar</w>
  <w>att</w>
  <w>ta</w>
  <w>ansvar</w>
  <w>och</w>
  <w>att</w>
  <absaspan id=47 senti=4>
    <w>vara</w>
    <w>lyhörda</w>
    <w>för</w>
  </absaspan>
  <absaspan id=48>
    <w>andras</w>
    <w>behov</w>
  </absaspan>
  <w>.</w>
  <w>I</w>
  <w>samvaron</w>
  <w>med</w>
  <w>en</w>
  <w>häst</w>
  <w>går</w>
  <w>det</w>
  <w>inte</w>
  <w>att</w>
  <w>fuska</w>
  <w>,</w>
  <w>ge</w>
  <w>upp</w>
  <w>eller</w>
  <w>vara</w>
  <w>slarvig</w>
  <absaspan id=49 senti=4>
    <w>.</w>
  </absaspan>
  <absaspan id=50>
    <w>Hästen</w>
  </absaspan>
  <absaspan id=51 senti=5>
    <w>är</w>
  </absaspan>
  <w>–</w>
  <w>i</w>
  <w>egenskap</w>
  <w>av</w>
  <w>att</w>
  <w>vara</w>
  <w>just</w>
  <w>häst</w>
  <w>-</w>
  <absaspan id=52 senti=5>
    <w>en</w>
  </absaspan>
  <absaspan id=53 senti=5>
    <w>mycket</w>
    <w>god</w>
  </absaspan>
  <absaspan id=54 senti=5>
    <w>fostrare</w>
  </absaspan>
  <absaspan id=55 senti=5>
    <w>av</w>
  </absaspan>
  <absaspan id=56 senti=5>
    <w>moral</w>
    <w>,</w>
    <w>karaktär</w>
    <w>,</w>
    <w>närvaro</w>
    <w>och</w>
    <w>personlig</w>
    <w>styrka</w>
  </absaspan>
  <w>vilket</w>
  <w>forskning</w>
  <w>visat</w>
  <w>på</w>
  <w>.</w>
</absapar>
<absapar id=9>
  <w>Skräddarsydda</w>
  <w>kurser</w>
  <w>i</w>
  <w>ämnen</w>
  <w>som</w>
  <w>intresserar</w>
  <w>och</w>
  <w>engagerar</w>
  <w>både</w>
  <w>kropp</w>
  <w>och</w>
  <w>själ</w>
  <w>.</w>
</absapar>
<absapar id=10>
  <w>Sverige</w>
  <w>är</w>
  <w>känt</w>
  <w>för</w>
  <absaspan id=57 senti=5>
    <w>god</w>
  </absaspan>
  <absaspan id=58>
    <w>ridning</w>
  </absaspan>
  <w>,</w>
  <absaspan id=59 senti=5>
    <w>god</w>
  </absaspan>
  <absaspan id=60>
    <w>hästhållning</w>
  </absaspan>
  <w>och</w>
  <absaspan id=61 senti=5>
    <w>gott</w>
  </absaspan>
  <absaspan id=62>
    <w>djurskydd</w>
  </absaspan>
  <w>.</w>
  <w>Om</w>
  <w>Sverige</w>
  <w>vill</w>
  <w>fortsätta</w>
  <w>att</w>
  <w>ligga</w>
  <w>i</w>
  <w>framkant</w>
  <w>både</w>
  <w>då</w>
  <w>det</w>
  <w>gäller</w>
  <w>tävlingsframgångar</w>
  <w>,</w>
  <absaspan id=63 senti=4>
    <w>brett</w>
  </absaspan>
  <absaspan id=64>
    <w>tillgänglig</w>
    <w>hobbyridning</w>
  </absaspan>
  <w>,</w>
  <w>djurskydd</w>
  <w>samt</w>
  <w>de</w>
  <w>nya</w>
  <w>hästbaserade</w>
  <w>verksamhetsområden</w>
  <w>som</w>
  <w>är</w>
  <w>under</w>
  <w>framväxt</w>
  <w>,</w>
  <w>behöver</w>
  <w>vi</w>
  <absaspan id=65 senti=4>
    <w>kvalificerad</w>
  </absaspan>
  <absaspan id=66>
    <w>forskning</w>
  </absaspan>
  <w>för</w>
  <w>att</w>
  <w>bättre</w>
  <w>förstå</w>
  <w>den</w>
  <w>positiva</w>
  <w>roll</w>
  <w>hästen</w>
  <w>spelar</w>
  <w>.</w>
</absapar>
<absapar id=11>
  <w>Forskning</w>
  <w>om</w>
  <w>interaktionen</w>
  <w>mellan</w>
  <w>häst</w>
  <w>och</w>
  <w>människa</w>
  <w>utifrån</w>
  <w>beprövad</w>
  <w>erfarenhet</w>
  <w>och</w>
  <w>nya</w>
  <w>teorier</w>
  <w>kan</w>
  <w>ytterligare</w>
  <w>utveckla</w>
  <absaspan id=67 senti=4>
    <w>nyttan</w>
    <w>av</w>
  </absaspan>
  <absaspan id=68>
    <w>detta</w>
  </absaspan>
  <absaspan id=69 senti=5>
    <w>fantastiska</w>
  </absaspan>
  <absaspan id=70>
    <w>djur</w>
  </absaspan>
  <absaspan id=71>
    <w>som</w>
    <w>varit</w>
    <w>människans</w>
    <w>följeslagare</w>
    <w>och</w>
    <w>arbetsvän</w>
    <w>i</w>
    <w>tusentals</w>
    <w>år</w>
  </absaspan>
  <w>.</w>
  <w>Det</w>
  <absaspan id=72 senti=4>
    <w>är</w>
  </absaspan>
  <w>också</w>
  <absaspan id=73 senti=4>
    <w>angeläget</w>
  </absaspan>
  <absaspan id=74 senti=4>
    <w>med</w>
  </absaspan>
  <absaspan id=75>
    <w>förmedling</w>
    <w>av</w>
    <w>de</w>
    <w>nya</w>
    <w>praktiker</w>
    <w>och</w>
    <w>kunskaper</w>
    <w>kring</w>
    <w>hästen</w>
    <w>som</w>
    <w>etableras</w>
    <w>och</w>
    <w>växer</w>
    <w>i</w>
    <w>nya</w>
    <w>i</w>
    <w>kulturella</w>
    <w>,</w>
    <w>pedagogiska</w>
    <w>,</w>
    <w>idrottsliga</w>
    <w>och</w>
    <w>hälsopolitiskt</w>
    <w>viktiga</w>
    <w>sammanhang</w>
  </absaspan>
  <w>.</w>
</absapar>
<absapar id=12>
  <w>Därför</w>
  <absaspan id=76 senti=2>
    <w>är</w>
  </absaspan>
  <w>det</w>
  <absaspan id=77 senti=2>
    <w>uppseendeväckande</w>
  </absaspan>
  <absaspan id=78>
    <w>att</w>
    <w>det</w>
    <w>statliga</w>
    <w>stödet</w>
    <w>till</w>
    <w>forskningsfinansiären</w>
    <w>Stiftelsen</w>
    <w>Hästforskning</w>
    <w>dragits</w>
    <w>in</w>
  </absaspan>
  <w>.</w>
  <w>Det</w>
  <w>är</w>
  <absaspan id=79>
    <w>ett</w>
  </absaspan>
  <absaspan id=80>
    <w>beslut</w>
    <w>som</w>
    <w>går</w>
    <w>på</w>
    <w>tvärs</w>
    <w>mot</w>
    <w>utvecklingen</w>
    <w>inom</w>
    <w>hästnäringen</w>
  </absaspan>
  <w>och</w>
  <absaspan id=81>
    <w>som</w>
  </absaspan>
  <absaspan id=82 senti=2>
    <w>skickar</w>
    <w>fel</w>
    <w>signaler</w>
  </absaspan>
  <w>till</w>
  <w>densamma</w>
  <w>.</w>
  <w>Vi</w>
  <w>tolkar</w>
  <w>även</w>
  <w>detta</w>
  <w>som</w>
  <w>okunskap</w>
  <w>hos</w>
  <w>de</w>
  <w>politiker</w>
  <w>och</w>
  <w>tjänstemän</w>
  <w>som</w>
  <w>har</w>
  <w>makt</w>
  <w>att</w>
  <w>påverka</w>
  <w>förutsättningarna</w>
  <w>för</w>
  <w>både</w>
  <w>hästnäringen</w>
  <w>och</w>
  <w>den</w>
  <w>hästrelaterade</w>
  <w>forskningen</w>
  <absaspan id=83 senti=2>
    <w>.</w>
  </absaspan>
  <w>Djurets</w>
  <w>roll</w>
  <w>i</w>
  <w>förhållande</w>
  <w>till</w>
  <w>människan</w>
  <w>är</w>
  <w>under</w>
  <w>omförhandling</w>
  <w>och</w>
  <w>omvärdering</w>
  <w>.</w>
</absapar>
<absapar id=13>
  <w>Nu</w>
  <w>måste</w>
  <w>politiker</w>
  <w>och</w>
  <w>andra</w>
  <w>beslutsfattare</w>
  <w>hänga</w>
  <w>med</w>
  <w>.</w>
  <w>Vi</w>
  <absaspan id=84 senti=1>
    <w>vill</w>
    <w>se</w>
    <w>ett</w>
    <w>slut</w>
    <w>på</w>
  </absaspan>
  <absaspan id=85>
    <w>den</w>
    <w>systematiska</w>
    <w>undervärdering</w>
    <w>av</w>
    <w>ridsporten</w>
  </absaspan>
  <w>och</w>
  <w>den</w>
  <absaspan id=86 senti=2>
    <w>trivialisering</w>
    <w>av</w>
  </absaspan>
  <absaspan id=87>
    <w>flickors</w>
    <w>och</w>
    <w>kvinnors</w>
    <w>(</w>
    <w>och</w>
    <w>mäns</w>
    <w>!</w>
    <w>)</w>
  </absaspan>
  <w>val</w>
  <w>att</w>
  <w>kommunicera</w>
  <w>och</w>
  <w>interagera</w>
  <w>med</w>
  <w>hästen</w>
  <w>,</w>
  <w>som</w>
  <w>råder</w>
  <w>när</w>
  <w>det</w>
  <w>handlar</w>
  <w>om</w>
  <w>att</w>
  <w>fördela</w>
  <w>möjligheter</w>
  <w>och</w>
  <w>pengar</w>
  <absaspan id=88>
    <w>.</w>
  </absaspan>
  <w>Låt</w>
  <w>oss</w>
  <w>öka</w>
  <w>kunskapen</w>
  <w>om</w>
  <w>förskjutningen</w>
  <w>i</w>
  <w>relationen</w>
  <w>mellan</w>
  <w>hästen</w>
  <w>och</w>
  <w>människan</w>
  <w>och</w>
  <w>dess</w>
  <w>betydelse</w>
  <w>för</w>
  <w>ett</w>
  <w>friskare</w>
  <w>och</w>
  <w>mer</w>
  <w>välmående</w>
  <w>samhälle</w>
  <w>för</w>
  <w>såväl</w>
  <w>djur</w>
  <w>som</w>
  <w>människor</w>
  <absaspan id=89 senti=4>
    <w>.</w>
  </absaspan>
  <absaspan id=90 senti=4>
    <w>Återinför</w>
  </absaspan>
  <absaspan id=91>
    <w>det</w>
    <w>statliga</w>
    <w>stödet</w>
    <w>till</w>
    <w>hästforskningen</w>
  </absaspan>
  <w>.</w>
</absapar>
<absapar id=14>
  <w>PETRA</w>
  <w>ANDERSSON</w>
  <w>.</w>
</absapar>
<absapar id=15>
  <w>fil</w>
  <w>dr</w>
  <w>,</w>
  <w>praktisk</w>
  <w>filosofi</w>
  <w>,</w>
  <w>Göteborgs</w>
  <w>universitet</w>
  <w>.</w>
</absapar>
<absapar id=16>
  <w>ULLA</w>
  <w>EKSTRÖM</w>
  <w>VION</w>
  <w>ESSEN</w>
  <w>.</w>
</absapar>
<absapar id=17>
  <w>docent</w>
  <w>,</w>
  <w>idéhistoria</w>
  <w>,</w>
  <w>Centrum</w>
  <w>för</w>
  <w>praktisk</w>
  <w>kunskap</w>
  <w>,</w>
  <w>Södertörns</w>
  <w>högskola</w>
  <w>.</w>
</absapar>
<absapar id=18>
  <w>Undertecknare</w>
  <w>för</w>
  <w>Svenskt</w>
  <w>Nätverk</w>
  <w>för</w>
  <w>Forskning</w>
  <w>om</w>
  <w>Människa</w>
  <w>och</w>
  <w>Häst</w>
  <w>:</w>
  <w>.</w>
</absapar>
<absapar id=19>
  <w>GUNILLA</w>
  <w>SILFVERBERG</w>
  <w>.</w>
</absapar>
<absapar id=20>
  <w>professor</w>
  <w>i</w>
  <w>vårdetik</w>
  <w>,</w>
  <w>Ersta</w>
  <w>Sköndal</w>
  <w>högskola</w>
  <w>.</w>
</absapar>
<absapar id=21>
  <w>SUSANNA</w>
  <w>HEDENBORG</w>
  <w>.</w>
</absapar>
<absapar id=22>
  <w>professor</w>
  <w>i</w>
  <w>idrottsvetenskap</w>
  <w>och</w>
  <w>docent</w>
  <w>i</w>
  <w>ekonomisk</w>
  <w>historia</w>
  <w>,</w>
  <w>Malmö</w>
  <w>högskola</w>
  <w>.</w>
</absapar>
<absapar id=23>
  <w>NINA</w>
  <w>NIKKU</w>
  <w>.</w>
</absapar>
<absapar id=24>
  <w>docent</w>
  <w>,</w>
  <w>sociologi</w>
  <w>,</w>
  <w>Linköpings</w>
  <w>universitet</w>
  <w>.</w>
</absapar>
<absapar id=25>
  <w>JONNA</w>
  <w>BORNEMARK</w>
  <w>.</w>
</absapar>
<absapar id=26>
  <w>fil</w>
  <w>dr</w>
  <w>,</w>
  <w>filosofi</w>
  <w>,</w>
  <w>föreståndare</w>
  <w>för</w>
  <w>Centrum</w>
  <w>för</w>
  <w>praktisk</w>
  <w>kunskap</w>
  <w>,</w>
  <w>Södertörns</w>
  <w>högskola</w>
  <w>.</w>
</absapar>
<absapar id=27>
  <w>CAROLINA</w>
  <w>LUNDE</w>
  <w>.</w>
</absapar>
<absapar id=28>
  <w>fil</w>
  <w>dr</w>
  <w>,</w>
  <w>psykologi</w>
  <w>,</w>
  <w>Göteborgs</w>
  <w>universitet</w>
  <w>.</w>
</absapar>
<absapar id=29>
  <w>CHARLOTTE</w>
  <w>LUNDGREN</w>
  <w>.</w>
</absapar>
<absapar id=30>
  <w>fil</w>
  <w>dr</w>
  <w>,</w>
  <w>kultur</w>
  <w>och</w>
  <w>kommunikation</w>
  <w>,</w>
  <w>Linköpings</w>
  <w>universitet</w>
  <w>.</w>
</absapar>
<absapar id=31>
  <w>ULRIKA</w>
  <w>ALM</w>
  <w>BERGVALL</w>
  <w>.</w>
</absapar>
<absapar id=32>
  <w>fil</w>
  <w>dr</w>
  <w>,</w>
  <w>etologi</w>
  <w>,</w>
  <w>SLU</w>
  <w>.</w>
</absapar>
<absapar id=33>
  <w>ERIKA</w>
  <w>ANDERSSON</w>
  <w>CEDERHOLM</w>
  <w>.</w>
</absapar>
<absapar id=34>
  <w>fil</w>
  <w>dr</w>
  <w>,</w>
  <w>sociologi</w>
  <w>,</w>
  <w>Lunds</w>
  <w>universitet</w>
  <w>.</w>
</absapar>
<absapar id=35>
  <w>SUSANNE</w>
  <w>LUNDESJÖ</w>
  <w>.</w>
</absapar>
<absapar id=36>
  <w>fil</w>
  <w>mag</w>
  <w>,</w>
  <w>adjunkt</w>
  <w>på</w>
  <w>Hippologenheten</w>
  <w>,</w>
  <w>SLU</w>
  <w>Uppsala</w>
  <w>.</w>
</absapar>
<absapar id=37>
  <w>MARGARETA</w>
  <w>HÅKANSOM</w>
  <w>.</w>
</absapar>
<absapar id=38>
  <w>med</w>
  <w>lic</w>
  <w>,</w>
  <w>leg</w>
  <w>sjukgymnast</w>
  <w>,</w>
  <w>Tillämpad</w>
  <w>IT</w>
  <w>,</w>
  <w>Göteborgs</w>
  <w>universitet</w>
  <w>.</w>
</absapar>
<absapar id=39>
  <w>PIA</w>
  <w>TILLBERG</w>
  <w>.</w>
</absapar>
<absapar id=40>
  <w>leg.sjukgymnast</w>
  <w>,</w>
  <w>IRT-Certifierad</w>
  <w>ridterapeut</w>
  <w>,</w>
  <w>Stiftelsen</w>
  <w>Hippocampus</w>
  <w>.</w>
</absapar>
<absapar id=41>
  <w>GABRIELLA</w>
  <w>THORELL</w>
  <w>.</w>
</absapar>
<absapar id=42>
  <w>huvudlärare</w>
  <w>i</w>
  <w>pedagogik</w>
  <w>,</w>
  <w>doktorand</w>
  <w>vid</w>
  <w>Nationella</w>
  <w>forskarskolan</w>
  <w>i</w>
  <w>Idrottsvetenskap</w>
  <w>,</w>
  <w>Ridskolan</w>
  <w>Strömsholm</w>
  <w>.</w>
</absapar>
<absapar id=43>
  <w>CAROLINE</w>
  <w>SANTÉN</w>
  <w>.</w>
</absapar>
<absapar id=44>
  <w>programansvarig</w>
  <w>Hippologprogrammet</w>
  <w>,</w>
  <w>Flyinge</w>
  <w>AB</w>
  <w>.</w>
</absapar>
<absapar id=45>
  <w>MATILDA</w>
  <w>ALRIKSSON</w>
  <w>.</w>
</absapar>
<absapar id=46>
  <w>studierektor</w>
  <w>hippologprogrammet</w>
  <w>,</w>
  <w>Wången</w>
  <w>Travsportens</w>
  <w>riksanläggning</w>
  <w>.</w>
</absapar>
<absapar id=47>
  <w>ULRIKA</w>
  <w>BACKAN</w>
  <w>.</w>
</absapar>
<absapar id=48>
  <w>lärare</w>
  <w>vid</w>
  <w>hipplogutbildningen</w>
  <w>,</w>
  <w>profil</w>
  <w>Islandshäst</w>
  <w>,</w>
  <w>Wången</w>
  <w>.</w>
</absapar>
<absapar id=49>
  <w>MONA</w>
  <w>FALKENSSON</w>
  <w>.</w>
</absapar>
<absapar id=50>
  <w>fil</w>
  <w>mag</w>
  <w>i</w>
  <w>pedagogik</w>
  <w>,</w>
  <w>hippolog</w>
  <w>,</w>
  <w>gymnasielärare</w>
  <w>på</w>
  <w>Sveriges</w>
  <w>Ridgymnasium</w>
  <w>i</w>
  <w>Svedala</w>
  <w>.</w>
</absapar>
<absapar id=51>
  <w>BIRGITTA</w>
  <w>NORDLUND</w>
  <w>.</w>
</absapar>
<absapar id=52>
  <w>fil</w>
  <w>kand</w>
  <w>,</w>
  <w>pedagogik</w>
  <w>,</w>
  <w>Ridskolan</w>
  <w>Strömsholm</w>
  <w>.</w>
</absapar>
<absapar id=53>
  <w>MARI</w>
  <w>ZETTERQVIST</w>
  <w>BLOKHUIS</w>
  <w>.</w>
</absapar>
<absapar id=54>
  <w>fil</w>
  <w>kand</w>
  <w>.</w>
  <w>pedagogik</w>
  <w>,</w>
  <w>ridlärare</w>
  <w>,</w>
  <w>forskare</w>
  <w>på</w>
  <w>samspelet</w>
  <w>mellan</w>
  <w>ryttare</w>
  <w>och</w>
  <w>häst</w>
  <w>.</w>
</absapar>
<absapar id=55>
  <w>LENA</w>
  <w>DANIUS</w>
  <w>.</w>
</absapar>
<absapar id=56>
  <w>fil</w>
  <w>lic</w>
  <w>och</w>
  <w>egen</w>
  <w>företagare</w>
  <w>inom</w>
  <w>hästnäringen</w>
  <w>.</w>
</absapar>
<absapar id=57>
  <w>Samtliga</w>
  <w>är</w>
  <w>medlemmar</w>
  <w>i</w>
  <w>"</w>
  <w>Svenskt</w>
  <w>Nätverk</w>
  <w>för</w>
  <w>Forskning</w>
  <w>om</w>
  <w>Människa</w>
  <w>och</w>
  <w>Häst</w>
  <w>"</w>
  <w>,</w>
  <w>som</w>
  <w>är</w>
  <w>en</w>
  <w>plattform</w>
  <w>där</w>
  <w>samhälls</w>
  <w>-</w>
  <w>och</w>
  <w>humanioraforskare</w>
  <w>från</w>
  <w>olika</w>
  <w>lärosäten</w>
  <w>gemensamt</w>
  <w>verkar</w>
  <w>för</w>
  <w>att</w>
  <w>de</w>
  <w>möjligheter</w>
  <w>som</w>
  <w>hästen</w>
  <w>erbjuder</w>
  <w>ska</w>
  <w>bli</w>
  <w>beforskade</w>
  <w>,</w>
  <w>förstärkta</w>
  <w>på</w>
  <w>vetenskaplig</w>
  <w>bas</w>
  <w>och</w>
  <w>kända</w>
  <w>i</w>
  <w>det</w>
  <w>omgivande</w>
  <w>samhället</w>
  <w>.</w>
</absapar>
<absapar id=58>
  <w>Redaktör</w>
  <w>:</w>
  <w>Carina</w>
  <w>Stensson</w>
  <w>,</w>
  <w>Biträdande</w>
  <w>redaktör</w>
  <w>:</w>
  <w>Björn</w>
  <w>Jorner</w>
  <w>,</w>
  <w>Mejl</w>
  <w>:</w>
  <w>debatt</w>
  <w>@</w>
  <w>svd.se</w>
  <w>,</w>
  <w>Telefonnummer</w>
  <w>:</w>
  <w>08</w>
  <w>-</w>
  <w>135149</w>
  <w>,</w>
  <w>Twitter</w>
  <w>:</w>
  <w>@</w>
  <w>SvDDebatt</w>
  <w>,</w>
  <w>Facebook</w>
  <w>:</w>
  <w>SvD</w>
  <w>Debatt</w>
  <w>.</w>
</absapar>
</absadoc>
