<absadoc annotators=1 senti=>
<absatitle>
  <absaspan id=1 senti=1 target=1>
    <w>Rasistchock</w>
  </absaspan>
  <w>i</w>
  <w>illustrerad</w>
  <w>vetenskap</w>
  <w>!</w>
</absatitle>
<absapar id=1>
  <w>Schysst</w>
  <w>rubrikval</w>
  <w>,</w>
  <w>vad</w>
  <w>?</w>
  <w>.</w>
</absapar>
<absapar id=2>
  <w>Nu</w>
  <w>är</w>
  <w>det</w>
  <absaspan id=2 senti=4>
    <w>säkert</w>
    <w>sant</w>
  </absaspan>
  <absaspan id=3>
    <w>det</w>
    <w>som</w>
    <w>skrivs</w>
  </absaspan>
  <w>och</w>
  <w>det</w>
  <w>skulle</w>
  <w>förklara</w>
  <w>en</w>
  <w>hel</w>
  <w>del</w>
  <w>,</w>
  <w>t.ex</w>
  <w>.</w>
  <w>mordsiffrorna</w>
  <w>som</w>
  <w>är</w>
  <w>ganska</w>
  <w>höga</w>
  <w>ur</w>
  <w>ett</w>
  <w>nordiskt</w>
  <w>perspektiv</w>
  <w>.</w>
  <w>Dessutom</w>
  <w>har</w>
  <w>ju</w>
  <absaspan id=4>
    <w>finnarna</w>
  </absaspan>
  <absaspan id=5 senti=4>
    <w>haft</w>
    <w>stora</w>
    <w>fördelar</w>
  </absaspan>
  <w>av</w>
  <absaspan id=6>
    <w>dessa</w>
  </absaspan>
  <absaspan id=7 senti=2>
    <w>aggressiva</w>
  </absaspan>
  <absaspan id=8>
    <w>finnar</w>
  </absaspan>
  <w>under</w>
  <w>krig</w>
  <w>och</w>
  <w>svåra</w>
  <w>förhållanden</w>
  <w>.</w>
</absapar>
<absapar id=3>
  <w>Men</w>
  <w>det</w>
  <w>är</w>
  <w>inte</w>
  <w>genetik</w>
  <w>som</w>
  <w>ska</w>
  <w>diskuteras</w>
  <w>här</w>
  <w>,</w>
  <w>utan</w>
  <w>den</w>
  <w>mediala</w>
  <w>aspekten</w>
  <w>.</w>
  <w>Det</w>
  <w>skulle</w>
  <absaspan id=9 senti=2>
    <w>knappast</w>
    <w>vara</w>
    <w>möjligt</w>
  </absaspan>
  <w>att</w>
  <absaspan id=10>
    <w>skriva</w>
    <w>detta</w>
    <w>om</w>
    <w>någon</w>
    <w>annan</w>
    <w>grupp</w>
    <w>i</w>
    <w>samhället</w>
  </absaspan>
  <w>(</w>
  <w>500</w>
  <w>000</w>
  <w>finnar</w>
  <w>i</w>
  <w>Sverige</w>
  <w>,</w>
  <w>minst</w>
  <w>)</w>
  <w>.</w>
  <w>Kan</w>
  <w>detta</w>
  <absaspan id=11 senti=2>
    <w>betraktas</w>
  </absaspan>
  <w>som</w>
  <absaspan id=12>
    <w>hets</w>
    <w>mot</w>
    <w>folkgrupp</w>
  </absaspan>
  <w>,</w>
  <w>eller</w>
  <w>är</w>
  <w>finnar</w>
  <w>för</w>
  <w>vita</w>
  <w>för</w>
  <w>att</w>
  <w>kunna</w>
  <w>drabbas</w>
  <w>av</w>
  <w>hets</w>
  <w>?</w>
  <absaspan id=13>
    <w>.</w>
  </absaspan>
</absapar>
<absapar id=4>
  <w>Borde</w>
  <w>journalisten</w>
  <w>anpassa</w>
  <w>sitt</w>
  <w>språkbruk</w>
  <w>efter</w>
  <w>tidsandan</w>
  <w>,</w>
  <w>eller</w>
  <w>är</w>
  <w>det</w>
  <w>en</w>
  <absaspan id=14 senti=4>
    <w>fyndig</w>
    <w>och</w>
    <w>trevlig</w>
  </absaspan>
  <absaspan id=15>
    <w>stil</w>
  </absaspan>
  <w>han</w>
  <w>har</w>
  <w>?</w>
  <w>.</w>
</absapar>
</absadoc>
