<absadoc annotators=1 senti=>
<absatitle>
  <w>Reinfeldt</w>
  <w>hade</w>
  <w>behövts</w>
  <w>på</w>
  <w>mötet</w>
  <w>.</w>
</absatitle>
<absapar id=1>
  <w>INSÄNDARE</w>
  <w>9</w>
  <w>DECEMBER</w>
  <w>.</w>
</absapar>
<absapar id=2>
  <absaspan id=1>
    <w>Reinfeldt</w>
  </absaspan>
  <absaspan id=2 senti=4>
    <w>hade</w>
    <w>behövts</w>
    <w>nu</w>
  </absaspan>
  <w>.</w>
</absapar>
<absapar id=3>
  <absaspan id=3>
    <w>Regeringen</w>
  </absaspan>
  <w>inbjuder</w>
  <w>till</w>
  <w>överläggningar</w>
  <w>för</w>
  <w>att</w>
  <w>försöka</w>
  <w>lösa</w>
  <w>den</w>
  <w>kris</w>
  <w>som</w>
  <w>har</w>
  <w>uppstått</w>
  <w>för</w>
  <w>landet</w>
  <w>.</w>
</absapar>
<absapar id=4>
  <absaspan id=4>
    <w>Alliansen</w>
  </absaspan>
  <w>kommer</w>
  <w>dit</w>
  <w>men</w>
  <absaspan id=5 senti=2>
    <w>vill</w>
    <w>inte</w>
    <w>samarbeta</w>
  </absaspan>
  <w>över</w>
  <w>huvud</w>
  <w>taget</w>
  <w>.</w>
</absapar>
<absapar id=5>
  <w>De</w>
  <w>har</w>
  <w>en</w>
  <w>tanke</w>
  <w>om</w>
  <w>att</w>
  <w>få</w>
  <w>ta</w>
  <w>över</w>
  <w>makten</w>
  <w>och</w>
  <w>blir</w>
  <w>väldigt</w>
  <w>förvånade</w>
  <w>när</w>
  <w>regeringen</w>
  <w>utlyser</w>
  <w>ett</w>
  <w>extra</w>
  <w>val</w>
  <w>.</w>
</absapar>
<absapar id=6>
  <absaspan id=6 senti=1>
    <w>Risken</w>
    <w>känns</w>
    <w>överhängande</w>
  </absaspan>
  <absaspan id=7>
    <w>att</w>
    <w>Alliansen</w>
    <w>kommer</w>
    <w>att</w>
    <w>spela</w>
    <w>SD</w>
    <w>i</w>
    <w>händerna</w>
  </absaspan>
  <w>i</w>
  <w>mars</w>
  <w>och</w>
  <w>komma</w>
  <w>med</w>
  <w>någon</w>
  <w>form</w>
  <w>av</w>
  <w>förslag</w>
  <w>till</w>
  <w>begränsning</w>
  <w>av</w>
  <w>invandringen</w>
  <w>eller</w>
  <w>tillsätta</w>
  <w>”</w>
  <w>en</w>
  <w>utredning</w>
  <w>”</w>
  <w>för</w>
  <w>att</w>
  <w>se</w>
  <w>över</w>
  <w>svensk</w>
  <w>invandringspolitik</w>
  <w>.</w>
</absapar>
<absapar id=7>
  <w>Reinfeldt</w>
  <w>lovade</w>
  <w>att</w>
  <w>aldrig</w>
  <w>låta</w>
  <w>SD</w>
  <w>få</w>
  <w>inflytande</w>
  <w>.</w>
  <w>Han</w>
  <w>hade</w>
  <w>behövts</w>
  <w>på</w>
  <w>det</w>
  <w>möte</w>
  <w>där</w>
  <w>det</w>
  <w>var</w>
  <w>tänkt</w>
  <w>att</w>
  <w>få</w>
  <w>till</w>
  <w>samarbete</w>
  <w>över</w>
  <w>blockgränserna</w>
  <w>.</w>
</absapar>
<absapar id=8>
  <w>Är</w>
  <w>det</w>
  <w>viktigare</w>
  <w>med</w>
  <w>makt</w>
  <w>än</w>
  <w>att</w>
  <w>tillsammans</w>
  <w>skapa</w>
  <w>ett</w>
  <w>Sverige</w>
  <w>där</w>
  <absaspan id=8>
    <w>vi</w>
  </absaspan>
  <absaspan id=9 senti=4>
    <w>bryr</w>
    <w>oss</w>
    <w>om</w>
  </absaspan>
  <absaspan id=10>
    <w>varandra</w>
  </absaspan>
  <w>?</w>
  <w>.</w>
</absapar>
<absapar id=9>
  <w>Jag</w>
  <w>drömmer</w>
  <w>om</w>
  <w>en</w>
  <w>gelatinfri</w>
  <w>jul</w>
  <w>.</w>
</absapar>
<absapar id=10>
  <w>Jag</w>
  <w>har</w>
  <w>en</w>
  <w>dröm</w>
  <w>att</w>
  <w>Sveriges</w>
  <w>godis-tillverkare</w>
  <w>slutar</w>
  <w>att</w>
  <w>använda</w>
  <w>gelatin</w>
  <w>i</w>
  <w>sin</w>
  <w>tillverkning</w>
  <w>.</w>
  <w>Och</w>
  <w>den</w>
  <w>drömmen</w>
  <w>kanske</w>
  <w>snart</w>
  <w>kan</w>
  <w>bli</w>
  <w>sann</w>
  <w>eftersom</w>
  <w>marknadspriset</w>
  <w>på</w>
  <w>gelatin</w>
  <w>stiger</w>
  <w>.</w>
</absapar>
<absapar id=11>
  <w>Att</w>
  <w>en</w>
  <w>dag</w>
  <w>kunna</w>
  <w>få</w>
  <w>äta</w>
  <w>en</w>
  <w>berömd</w>
  <w>bil</w>
  <w>,</w>
  <w>ett</w>
  <w>gelehjärta</w>
  <w>eller</w>
  <w>en</w>
  <w>julskumtomte</w>
  <w>-</w>
  <w>utan</w>
  <w>att</w>
  <w>behöva</w>
  <w>stirra</w>
  <w>ihjäl</w>
  <w>sig</w>
  <w>på</w>
  <w>innehållsdeklarationen</w>
  <w>och</w>
  <absaspan id=11 senti=1>
    <w>slippa</w>
    <w>få</w>
    <w>i</w>
    <w>sig</w>
  </absaspan>
  <absaspan id=12>
    <w>kokade</w>
    <w>hovar</w>
    <w>,</w>
    <w>skelett</w>
    <w>,</w>
    <w>ligament</w>
    <w>,</w>
    <w>djur-hudar</w>
    <w>,</w>
    <w>brosk</w>
    <w>och</w>
    <w>senor</w>
  </absaspan>
  <w>.</w>
</absapar>
<absapar id=12>
  <w>Många</w>
  <w>av</w>
  <w>Sveriges</w>
  <w>kaktillverkare</w>
  <w>har</w>
  <w>lyckats</w>
  <w>göra</w>
  <w>sina</w>
  <w>kakor</w>
  <w>veganska</w>
  <w>.</w>
</absapar>
<absapar id=13>
  <w>Kom</w>
  <w>igen</w>
  <w>Sveriges</w>
  <w>allra</w>
  <w>sötaste</w>
  <w>företag</w>
  <w>,</w>
  <w>spring</w>
  <w>och</w>
  <w>köp</w>
  <w>gelatinalternativ</w>
  <w>.</w>
</absapar>
<absapar id=14>
  <w>Lilian</w>
  <w>Bäckman</w>
  <w>,</w>
  <w>.</w>
</absapar>
<absapar id=15>
  <w>Medlem</w>
  <w>i</w>
  <w>Djurens</w>
  <w>Rätt</w>
  <w>.</w>
</absapar>
<absapar id=16>
  <absaspan id=13>
    <w>Medierna</w>
  </absaspan>
  <absaspan id=14 senti=1>
    <w>hetsar</w>
    <w>mot</w>
  </absaspan>
  <absaspan id=15>
    <w>Löfven</w>
  </absaspan>
  <w>.</w>
</absapar>
<absapar id=17>
  <absaspan id=16>
    <w>Medierna</w>
    <w>inklusive</w>
    <w>SVT</w>
    <w>public</w>
    <w>service</w>
  </absaspan>
  <w>,</w>
  <w>vars</w>
  <w>journalister</w>
  <w>inte</w>
  <w>alls</w>
  <w>är</w>
  <w>så</w>
  <w>oberoende</w>
  <w>som</w>
  <w>man</w>
  <w>vill</w>
  <absaspan id=17 senti=2>
    <w>påskina</w>
  </absaspan>
  <w>,</w>
  <absaspan id=18 senti=1>
    <w>löper</w>
    <w>nu</w>
    <w>amok</w>
    <w>i</w>
    <w>sin</w>
    <w>iver</w>
    <w>att</w>
    <w>svärta</w>
    <w>ner</w>
  </absaspan>
  <absaspan id=19 senti=1>
    <w>Stefan</w>
  </absaspan>
  <absaspan id=20 senti=1>
    <w>Löfven</w>
  </absaspan>
  <w>och</w>
  <absaspan id=21 senti=1>
    <w>peka</w>
    <w>ut</w>
  </absaspan>
  <absaspan id=22>
    <w>honom</w>
  </absaspan>
  <absaspan id=23 senti=1>
    <w>som</w>
  </absaspan>
  <absaspan id=24 senti=1>
    <w>misslyckad</w>
    <w>politiker</w>
  </absaspan>
  <w>och</w>
  <absaspan id=25 senti=2>
    <w>syndabock</w>
  </absaspan>
  <w>,</w>
  <w>samtidigt</w>
  <w>som</w>
  <w>Alliansens</w>
  <w>företrädare</w>
  <w>slipper</w>
  <w>stå</w>
  <w>till</w>
  <w>svars</w>
  <w>för</w>
  <w>den</w>
  <w>uppkomna</w>
  <w>situationen</w>
  <w>.</w>
  <w>I</w>
  <w>folkmun</w>
  <w>kallas</w>
  <w>sådant</w>
  <w>beteende</w>
  <w>för</w>
  <absaspan id=26 senti=1>
    <w>mediedrev</w>
  </absaspan>
  <w>och</w>
  <absaspan id=27 senti=1>
    <w>mobbning</w>
  </absaspan>
  <w>.</w>
</absapar>
<absapar id=18>
  <w>Vad</w>
  <w>skulle</w>
  <w>alternativet</w>
  <w>till</w>
  <w>nyval</w>
  <w>vara</w>
  <w>och</w>
  <w>på</w>
  <w>vilket</w>
  <w>sätt</w>
  <w>skulle</w>
  <absaspan id=28>
    <w>det</w>
  </absaspan>
  <absaspan id=29 senti=4>
    <w>gynna</w>
  </absaspan>
  <absaspan id=30>
    <w>de</w>
    <w>rödgröna</w>
  </absaspan>
  <w>?</w>
  <w>Att</w>
  <w>Socialdemokraterna</w>
  <w>blir</w>
  <w>stödparti</w>
  <w>åt</w>
  <w>Alliansen</w>
  <w>som</w>
  <w>Jan</w>
  <w>Björklund</w>
  <w>och</w>
  <w>andra</w>
  <w>företrädare</w>
  <w>för</w>
  <w>de</w>
  <w>borgerliga</w>
  <w>partierna</w>
  <w>har</w>
  <w>föreslagit</w>
  <w>?</w>
  <w>.</w>
</absapar>
<absapar id=19>
  <w>Det</w>
  <w>skulle</w>
  <w>vara</w>
  <absaspan id=31 senti=1>
    <w>djupt</w>
    <w>oanständigt</w>
  </absaspan>
  <absaspan id=32>
    <w>om</w>
    <w>det</w>
    <w>största</w>
    <w>blocket</w>
    <w>tvingades</w>
    <w>träda</w>
    <w>åt</w>
    <w>sidan</w>
    <w>och</w>
    <w>lägga</w>
    <w>sig</w>
    <w>platt</w>
    <w>så</w>
    <w>att</w>
    <w>Alliansen</w>
    <w>kan</w>
    <w>fortsätta</w>
    <w>regera</w>
    <w>i</w>
    <w>fyra</w>
    <w>år</w>
    <w>till</w>
  </absaspan>
  <w>,</w>
  <w>trots</w>
  <w>sitt</w>
  <absaspan id=33 senti=1>
    <w>valnederlag</w>
  </absaspan>
  <w>.</w>
</absapar>
<absapar id=20>
  <w>Att</w>
  <absaspan id=34>
    <w>nyvalet</w>
  </absaspan>
  <w>sedan</w>
  <absaspan id=35 senti=2>
    <w>kommer</w>
    <w>synnerligen</w>
    <w>olägligt</w>
    <w>för</w>
  </absaspan>
  <absaspan id=36>
    <w>den</w>
    <w>försvagade</w>
    <w>Alliansen</w>
  </absaspan>
  <w>rättfärdigar</w>
  <w>inte</w>
  <absaspan id=37 senti=1>
    <w>hetsjakten</w>
    <w>på</w>
    <w>Stefan</w>
    <w>Löfven</w>
  </absaspan>
  <w>.</w>
</absapar>
<absapar id=21>
  <w>Åsa</w>
  <w>Samsioe</w>
  <w>.</w>
</absapar>
</absadoc>
