<absadoc annotators=1 senti=0>
<absatitle>
  <w>en</w>
  <w>arbetshypotes</w>
  <w>om</w>
  <w>invandringens</w>
  <w>orsaker</w>
  <w>.</w>
</absatitle>
<absapar id=1>
  <w>Jag</w>
  <w>har</w>
  <w>läst</w>
  <w>om</w>
  <w>Kabbala</w>
  <w>den</w>
  <w>senaste</w>
  <w>tiden</w>
  <w>.</w>
  <w>Kolla</w>
  <w>på</w>
  <w>videorna</w>
  <w>jag</w>
  <w>länkar</w>
  <w>till</w>
  <w>och</w>
  <w>läs</w>
  <w>texterna</w>
  <w>.</w>
</absapar>
<absapar id=2>
  <w>källa</w>
  <w>:</w>
  <w>.</w>
</absapar>
<absapar id=3>
  <w>Det</w>
  <w>kanske</w>
  <w>är</w>
  <w>så</w>
  <w>att</w>
  <w>judar</w>
  <w>är</w>
  <w>högre</w>
  <w>i</w>
  <w>evolutionen</w>
  <w>än</w>
  <w>icke-judar</w>
  <w>.</w>
  <w>Kristna</w>
  <w>respektive</w>
  <w>muslimer</w>
  <w>skulle</w>
  <w>också</w>
  <w>kunna</w>
  <w>utgöra</w>
  <w>två</w>
  <w>olika</w>
  <w>nivåer</w>
  <w>i</w>
  <w>evolutionen</w>
  <w>.</w>
  <w>En</w>
  <w>själ</w>
  <w>reinkarneras</w>
  <w>och</w>
  <w>för</w>
  <w>varje</w>
  <w>gång</w>
  <w>själen</w>
  <w>reinkarneras</w>
  <w>så</w>
  <w>blir</w>
  <w>egot</w>
  <w>större</w>
  <w>,</w>
  <w>för</w>
  <w>att</w>
  <w>man</w>
  <w>själv</w>
  <w>och</w>
  <w>/</w>
  <w>eller</w>
  <w>mänskligheten</w>
  <w>som</w>
  <w>helhet</w>
  <w>ska</w>
  <w>gå</w>
  <w>igenom</w>
  <w>en</w>
  <w>lärdomserfarenhet</w>
  <w>.</w>
  <w>Som</w>
  <w>jag</w>
  <w>förstår</w>
  <w>det</w>
  <w>är</w>
  <w>ego</w>
  <w>i</w>
  <w>princip</w>
  <w>samma</w>
  <w>sak</w>
  <w>som</w>
  <w>ondska</w>
  <w>.</w>
  <w>Satan</w>
  <w>är</w>
  <w>Lucifer</w>
  <w>,</w>
  <w>ljusbringaren</w>
  <w>.</w>
</absapar>
<absapar id=4>
  <w>När</w>
  <w>det</w>
  <w>helt</w>
  <w>plötsligt</w>
  <w>var</w>
  <w>en</w>
  <w>massa</w>
  <w>människor</w>
  <w>i</w>
  <w>Östeuropa</w>
  <w>(</w>
  <w>Khazarien</w>
  <w>)</w>
  <w>som</w>
  <w>konverterade</w>
  <w>till</w>
  <w>judendomen</w>
  <w>så</w>
  <w>skulle</w>
  <w>det</w>
  <w>kunna</w>
  <w>vara</w>
  <w>för</w>
  <w>att</w>
  <w>den</w>
  <w>rasen</w>
  <w>eller</w>
  <w>nationen</w>
  <w>nådde</w>
  <w>den</w>
  <w>nivån</w>
  <w>i</w>
  <w>evolutionen</w>
  <w>just</w>
  <w>då</w>
  <w>.</w>
  <w>Anledningen</w>
  <w>till</w>
  <w>att</w>
  <w>det</w>
  <w>fanns</w>
  <w>så</w>
  <w>mycket</w>
  <w>judar</w>
  <w>i</w>
  <w>Tyskland</w>
  <w>innan</w>
  <w>förintelsen</w>
  <w>skulle</w>
  <w>kunna</w>
  <w>vara</w>
  <w>att</w>
  <w>Tyskland</w>
  <w>som</w>
  <w>nation</w>
  <w>var</w>
  <w>långt</w>
  <w>kommen</w>
  <w>i</w>
  <w>evolutionen</w>
  <w>.</w>
  <absaspan id=1>
    <w>Hitler</w>
  </absaspan>
  <w>kallade</w>
  <absaspan id=2>
    <w>judar</w>
  </absaspan>
  <w>för</w>
  <w>"</w>
  <absaspan id=3 senti=2>
    <w>kulturförstörare</w>
  </absaspan>
  <w>"</w>
  <w>.</w>
  <w>Det</w>
  <w>där</w>
  <w>är</w>
  <w>något</w>
  <w>jag</w>
  <w>har</w>
  <w>funderat</w>
  <w>på</w>
  <w>.</w>
  <w>Han</w>
  <w>kanske</w>
  <w>hade</w>
  <w>rätt</w>
  <w>,</w>
  <w>men</w>
  <w>det</w>
  <absaspan id=4 senti=4>
    <w>kanske</w>
    <w>är</w>
    <w>en</w>
    <w>bra</w>
    <w>sak</w>
  </absaspan>
  <w>att</w>
  <w>vara</w>
  <w>en</w>
  <w>"</w>
  <absaspan id=5>
    <w>kulturförstörare</w>
  </absaspan>
  <w>"</w>
  <w>?</w>
  <w>Kultur</w>
  <w>kanske</w>
  <w>är</w>
  <w>the</w>
  <w>matrix</w>
  <w>.</w>
  <w>Det</w>
  <w>är</w>
  <w>i</w>
  <w>de</w>
  <w>banorna</w>
  <w>jag</w>
  <w>tänker</w>
  <w>faktiskt</w>
  <w>.</w>
  <w>Till</w>
  <w>stor</w>
  <w>del</w>
  <w>är</w>
  <w>det</w>
  <w>nog</w>
  <w>automatiskt</w>
  <w>,</w>
  <w>en</w>
  <w>naturkraft</w>
  <w>,</w>
  <w>tror</w>
  <w>jag</w>
  <w>.</w>
  <w>Jag</w>
  <w>tror</w>
  <w>nämligen</w>
  <w>att</w>
  <w>mänsklighetens</w>
  <w>strävanden</w>
  <w>omöjligt</w>
  <w>kan</w>
  <w>leda</w>
  <w>till</w>
  <w>ett</w>
  <w>harmoniskt</w>
  <w>liv</w>
  <w>.</w>
  <w>Vi</w>
  <w>är</w>
  <w>som</w>
  <w>ett</w>
  <w>virus</w>
  <w>.</w>
  <w>Kolla</w>
  <w>bara</w>
  <w>på</w>
  <w>tekniken</w>
  <w>och</w>
  <w>marknadskrafterna</w>
  <w>och</w>
  <w>hur</w>
  <w>det</w>
  <w>relaterar</w>
  <w>till</w>
  <w>jordens</w>
  <w>resurser</w>
  <w>.</w>
  <w>Jag</w>
  <w>tycker</w>
  <w>inte</w>
  <w>ekvationen</w>
  <w>går</w>
  <w>ihop</w>
  <w>.</w>
  <w>Någonting</w>
  <w>saknas</w>
  <w>och</w>
  <w>jag</w>
  <w>tror</w>
  <w>svaret</w>
  <w>finns</w>
  <w>inom</w>
  <w>andlighet</w>
  <w>.</w>
  <w>Jag</w>
  <w>tror</w>
  <w>att</w>
  <w>människans</w>
  <w>strävanden</w>
  <w>,</w>
  <w>i</w>
  <w>motsats</w>
  <w>till</w>
  <w>vad</w>
  <w>muslimer</w>
  <w>och</w>
  <w>nazister</w>
  <w>ofta</w>
  <w>verkar</w>
  <w>anse</w>
  <w>,</w>
  <w>och</w>
  <w>många</w>
  <w>andra</w>
  <w>också</w>
  <w>(</w>
  <w>typ</w>
  <w>all</w>
  <w>opposition</w>
  <w>mot</w>
  <w>etablissemanget</w>
  <w>,</w>
  <w>alla</w>
  <w>som</w>
  <w>engagerar</w>
  <w>sig</w>
  <w>politiskt</w>
  <w>)</w>
  <w>,</w>
  <w>oundvikligen</w>
  <w>leder</w>
  <w>till</w>
  <w>1984</w>
  <w>/</w>
  <w>Brave</w>
  <w>New</w>
  <w>World</w>
  <w>/</w>
  <w>A</w>
  <w>Scanner</w>
  <w>Darkly</w>
  <w>,</w>
  <w>dvs</w>
  <w>.</w>
  <w>detta</w>
  <w>:</w>
  <w>.</w>
</absapar>
<absapar id=5>
  <w>Jag</w>
  <w>tror</w>
  <w>att</w>
  <w>ett</w>
  <w>tillstånd</w>
  <w>av</w>
  <w>1984</w>
  <w>/</w>
  <w>Brave</w>
  <w>New</w>
  <w>World</w>
  <w>är</w>
  <w>ett</w>
  <w>andligt</w>
  <w>fenomen</w>
  <w>.</w>
  <w>Förmodligen</w>
  <w>är</w>
  <w>det</w>
  <w>en</w>
  <w>slags</w>
  <w>gränsyta</w>
  <w>i</w>
  <w>evolutionen</w>
  <w>mellan</w>
  <w>icke-jude</w>
  <w>och</w>
  <w>jude</w>
  <w>.</w>
</absapar>
<absapar id=6>
  <w>Kolla</w>
  <w>på</w>
  <w>denna</w>
  <w>mycket</w>
  <w>intressanta</w>
  <w>gamla</w>
  <w>karta</w>
  <w>:</w>
  <w>.</w>
</absapar>
<absapar id=7>
  <w>Samma</w>
  <w>områden</w>
  <w>som</w>
  <w>skaparen</w>
  <w>av</w>
  <w>kartan</w>
  <w>(</w>
  <w>korrekt</w>
  <w>eller</w>
  <w>inte</w>
  <w>)</w>
  <w>ansåg</w>
  <w>vara</w>
  <w>mest</w>
  <w>upplysta</w>
  <w>verkar</w>
  <w>vara</w>
  <w>de</w>
  <w>områden</w>
  <w>som</w>
  <w>idag</w>
  <w>är</w>
  <w>mest</w>
  <w>1984</w>
  <w>/</w>
  <w>Brave</w>
  <w>New</w>
  <w>World</w>
  <w>.</w>
  <w>Tänk</w>
  <w>på</w>
  <w>det</w>
  <w>.</w>
  <w>Ju</w>
  <w>mer</w>
  <w>avancerad</w>
  <w>teknik</w>
  <w>,</w>
  <w>desto</w>
  <w>mer</w>
  <w>möjligheter</w>
  <w>att</w>
  <w>övervaka</w>
  <w>befolkningen</w>
  <w>.</w>
  <w>Och</w>
  <w>desto</w>
  <w>mer</w>
  <w>makt</w>
  <w>får</w>
  <w>de</w>
  <w>som</w>
  <w>har</w>
  <w>väldigt</w>
  <w>hög</w>
  <w>intelligens</w>
  <w>över</w>
  <w>de</w>
  <w>med</w>
  <w>lägre</w>
  <w>intelligens</w>
  <w>.</w>
  <w>I</w>
  <w>ett</w>
  <w>samhälle</w>
  <w>med</w>
  <w>väldigt</w>
  <w>mycket</w>
  <w>övervakning</w>
  <w>är</w>
  <w>möjligheterna</w>
  <w>till</w>
  <w>att</w>
  <w>utöva</w>
  <w>makt</w>
  <w>mycket</w>
  <w>stora</w>
  <w>,</w>
  <w>möjligheterna</w>
  <w>till</w>
  <w>mind</w>
  <w>control</w>
  <w>mycket</w>
  <w>stora</w>
  <w>.</w>
  <w>Sen</w>
  <w>är</w>
  <w>det</w>
  <w>ju</w>
  <w>också</w>
  <w>så</w>
  <w>att</w>
  <w>när</w>
  <w>en</w>
  <w>grupp</w>
  <w>har</w>
  <w>väldigt</w>
  <w>stor</w>
  <w>makt</w>
  <w>över</w>
  <w>media</w>
  <w>t.ex</w>
  <w>.</w>
  <w>så</w>
  <w>kan</w>
  <w>det</w>
  <w>utnyttjas</w>
  <w>för</w>
  <w>att</w>
  <w>öka</w>
  <w>makten</w>
  <w>i</w>
  <w>samhället</w>
  <w>allmänt</w>
  <w>,</w>
  <w>t.ex</w>
  <w>.</w>
  <w>genom</w>
  <w>att</w>
  <w>man</w>
  <w>lurar</w>
  <w>folk</w>
  <w>att</w>
  <w>de</w>
  <w>är</w>
  <w>mer</w>
  <w>övervakade</w>
  <w>än</w>
  <w>de</w>
  <w>egentligen</w>
  <w>är</w>
  <w>.</w>
  <w>Det</w>
  <w>leder</w>
  <w>då</w>
  <w>till</w>
  <w>att</w>
  <w>folk</w>
  <w>som</w>
  <w>helhet</w>
  <w>automatiskt</w>
  <w>blir</w>
  <w>lite</w>
  <w>mer</w>
  <w>paranoida</w>
  <w>och</w>
  <w>tänker</w>
  <w>sig</w>
  <w>för</w>
  <w>innan</w>
  <w>de</w>
  <w>uttalar</w>
  <w>sig</w>
  <w>.</w>
  <w>Det</w>
  <w>påverkar</w>
  <w>t.o.m</w>
  <w>.</w>
  <w>själva</w>
  <w>tankeverksamheten</w>
  <w>som</w>
  <w>sker</w>
  <w>innan</w>
  <w>man</w>
  <w>överhuvudtaget</w>
  <w>tänkt</w>
  <w>yttra</w>
  <w>sig</w>
  <w>,</w>
  <w>man</w>
  <w>censurerar</w>
  <w>sig</w>
  <w>själv</w>
  <w>både</w>
  <w>i</w>
  <w>det</w>
  <w>man</w>
  <w>yttrar</w>
  <w>sig</w>
  <w>om</w>
  <w>och</w>
  <w>det</w>
  <w>man</w>
  <w>enbart</w>
  <w>tänker</w>
  <w>.</w>
  <w>Någon</w>
  <w>enstaka</w>
  <w>person</w>
  <w>blir</w>
  <w>mer</w>
  <w>aktiv</w>
  <w>och</w>
  <w>gör</w>
  <w>mer</w>
  <w>väsen</w>
  <w>av</w>
  <w>sig</w>
  <w>men</w>
  <w>de</w>
  <w>är</w>
  <w>så</w>
  <w>få</w>
  <w>så</w>
  <w>de</w>
  <w>kan</w>
  <w>man</w>
  <w>,</w>
  <w>med</w>
  <w>hjälp</w>
  <w>av</w>
  <w>den</w>
  <w>övervakning</w>
  <w>man</w>
  <w>ändå</w>
  <w>har</w>
  <w>,</w>
  <w>för</w>
  <w>det</w>
  <w>mesta</w>
  <w>ta</w>
  <w>itu</w>
  <w>med</w>
  <w>,</w>
  <w>dvs</w>
  <w>.</w>
  <w>sätta</w>
  <w>in</w>
  <w>diverse</w>
  <w>åtgärder</w>
  <w>mot</w>
  <w>.</w>
  <w>Det</w>
  <w>stora</w>
  <w>flertalet</w>
  <w>människor</w>
  <w>censurerar</w>
  <w>automatiskt</w>
  <w>sig</w>
  <w>själva</w>
  <w>.</w>
  <w>Detta</w>
  <w>leder</w>
  <w>till</w>
  <w>att</w>
  <w>människor</w>
  <w>blir</w>
  <w>mer</w>
  <w>och</w>
  <w>mer</w>
  <w>konformistiska</w>
  <w>,</w>
  <w>samhället</w>
  <w>blir</w>
  <w>mer</w>
  <w>och</w>
  <w>mer</w>
  <w>enformigt</w>
  <w>.</w>
  <absaspan id=6>
    <w>Sverige</w>
    <w>anses</w>
    <w>vara</w>
    <w>ett</w>
    <w>av</w>
    <w>världens</w>
    <w>mest</w>
    <w>konformistiska</w>
    <w>,</w>
    <w>enformiga</w>
    <w>samhällen</w>
  </absaspan>
  <w>.</w>
  <w>Men</w>
  <absaspan id=7 senti=4>
    <w>detta</w>
    <w>kanske</w>
    <w>sporrar</w>
    <w>på</w>
    <w>själens</w>
    <w>evolution</w>
  </absaspan>
  <w>?</w>
  <w>Eller</w>
  <w>är</w>
  <w>en</w>
  <w>manifestation</w>
  <w>av</w>
  <w>själens</w>
  <w>evolution</w>
  <w>,</w>
  <w>osäker</w>
  <w>på</w>
  <w>vilket</w>
  <w>,</w>
  <w>kanske</w>
  <w>både</w>
  <w>och</w>
  <w>.</w>
</absapar>
<absapar id=8>
  <absaspan id=8>
    <w>Jag</w>
  </absaspan>
  <w>tänker</w>
  <w>mig</w>
  <w>att</w>
  <w>det</w>
  <w>kanske</w>
  <w>är</w>
  <w>så</w>
  <w>att</w>
  <w>en</w>
  <absaspan id=9>
    <w>människas</w>
    <w>ego</w>
    <w>växer</w>
    <w>och</w>
    <w>växer</w>
  </absaspan>
  <w>,</w>
  <w>vilket</w>
  <w>också</w>
  <absaspan id=10 senti=2>
    <w>gör</w>
    <w>att</w>
    <w>rädslorna</w>
    <w>växer</w>
    <w>och</w>
    <w>växer</w>
  </absaspan>
  <w>.</w>
  <w>Men</w>
  <w>sedan</w>
  <w>når</w>
  <w>man</w>
  <w>en</w>
  <w>punkt</w>
  <w>där</w>
  <w>man</w>
  <w>bara</w>
  <w>ger</w>
  <w>upp</w>
  <w>.</w>
  <w>Då</w>
  <w>infinner</w>
  <w>sig</w>
  <w>en</w>
  <w>slags</w>
  <w>befrielse</w>
  <w>och</w>
  <w>upplysning</w>
  <w>.</w>
  <w>Och</w>
  <w>därefter</w>
  <w>börjar</w>
  <w>man</w>
  <w>klättra</w>
  <w>uppåt</w>
  <w>,</w>
  <w>man</w>
  <w>blir</w>
  <w>initierad</w>
  <w>.</w>
</absapar>
<absapar id=9 senti=4>
  <w>Invandringen</w>
  <w>till</w>
  <w>Sverige</w>
  <w>har</w>
  <w>säkert</w>
  <w>flera</w>
  <w>lager</w>
  <w>av</w>
  <w>orsaker</w>
  <w>men</w>
  <w>jag</w>
  <w>tror</w>
  <w>att</w>
  <w>allt</w>
  <w>hänger</w>
  <w>ihop</w>
  <w>.</w>
  <w>Det</w>
  <w>skulle</w>
  <w>till</w>
  <w>exempel</w>
  <w>kunna</w>
  <w>vara</w>
  <w>för</w>
  <w>att</w>
  <w>öka</w>
  <w>vissa</w>
  <w>gruppers</w>
  <w>makt</w>
  <w>,</w>
  <w>vilket</w>
  <w>skulle</w>
  <w>kunna</w>
  <w>sporra</w>
  <w>på</w>
  <w>evolutionen</w>
  <w>.</w>
  <w>Men</w>
  <w>samtidigt</w>
  <w>är</w>
  <w>det</w>
  <w>intressant</w>
  <w>att</w>
  <w>se</w>
  <w>den</w>
  <w>rädsla</w>
  <w>som</w>
  <w>så</w>
  <w>många</w>
  <w>har</w>
  <w>,</w>
  <w>t.ex</w>
  <w>.</w>
  <w>här</w>
  <w>på</w>
  <w>flashback</w>
  <w>.</w>
  <absaspan id=11>
    <w>Jag</w>
  </absaspan>
  <w>tror</w>
  <w>att</w>
  <w>den</w>
  <absaspan id=12>
    <w>rädslan</w>
    <w>är</w>
    <w>en</w>
    <w>manifestation</w>
    <w>av</w>
    <w>ett</w>
    <w>stort</w>
    <w>ego</w>
  </absaspan>
  <w>,</w>
  <w>vilket</w>
  <absaspan id=13 senti=4>
    <w>är</w>
    <w>en</w>
    <w>bra</w>
    <w>sak</w>
  </absaspan>
  <w>.</w>
  <w>Det</w>
  <w>är</w>
  <w>en</w>
  <w>manifestation</w>
  <w>av</w>
  <w>att</w>
  <w>folk</w>
  <w>blir</w>
  <w>upplysta</w>
  <w>.</w>
  <w>När</w>
  <w>det</w>
  <w>sägs</w>
  <w>i</w>
  <w>källorna</w>
  <w>ovan</w>
  <w>att</w>
  <w>det</w>
  <w>hela</w>
  <w>stärker</w>
  <w>judarna</w>
  <w>,</w>
  <w>så</w>
  <w>tänker</w>
  <w>jag</w>
  <w>mig</w>
  <w>att</w>
  <w>det</w>
  <w>ska</w>
  <w>tolkas</w>
  <w>på</w>
  <w>ett</w>
  <w>annat</w>
  <w>sätt</w>
  <w>än</w>
  <w>många</w>
  <w>tolkar</w>
  <w>det</w>
  <w>.</w>
  <w>Det</w>
  <w>kanske</w>
  <w>betyder</w>
  <w>att</w>
  <w>det</w>
  <w>sporrar</w>
  <w>på</w>
  <w>evolutionen</w>
  <w>för</w>
  <w>alla</w>
  <w>,</w>
  <w>både</w>
  <w>judar</w>
  <w>och</w>
  <w>icke-judar</w>
  <w>.</w>
  <w>Och</w>
  <w>att</w>
  <w>det</w>
  <w>så</w>
  <w>småningom</w>
  <w>leder</w>
  <w>till</w>
  <w>att</w>
  <w>icke-judarna</w>
  <w>blir</w>
  <w>judar</w>
  <w>.</w>
</absapar>
</absadoc>
