<absadoc annotators=1 senti=>
<absatitle>
  <absaspan id=1>
    <w>Piratpartiet</w>
  </absaspan>
  <w>satsar</w>
  <w>på</w>
  <w>"</w>
  <w>hen</w>
  <w>"</w>
  <w>och</w>
  <w>massinvandring</w>
  <w>i</w>
  <w>EU-valet</w>
  <absaspan id=2 senti=2>
    <w>.</w>
  </absaspan>
</absatitle>
<absapar id=1>
  <w>Anser</w>
  <w>du</w>
  <w>/</w>
  <w>ditt</w>
  <w>parti</w>
  <w>att</w>
  <w>det</w>
  <w>ska</w>
  <w>bli</w>
  <w>möjligt</w>
  <w>för</w>
  <w>flyktingar</w>
  <w>att</w>
  <w>:</w>
  <w>under</w>
  <w>vissa</w>
  <w>omständigheter</w>
  <w>:</w>
  <w>söka</w>
  <w>asyl</w>
  <w>i</w>
  <w>EU</w>
  <w>utanför</w>
  <w>EU</w>
  <w>:</w>
  <w>s</w>
  <w>gränser</w>
  <w>?</w>
  <w>.</w>
</absapar>
<absapar id=2>
  <w>.</w>
  <w>:</w>
  <w>Ja</w>
  <w>.</w>
  <w>Ofta</w>
  <w>är</w>
  <w>den</w>
  <w>som</w>
  <w>behöver</w>
  <w>skydd</w>
  <w>i</w>
  <w>en</w>
  <w>situation</w>
  <w>där</w>
  <w>hen</w>
  <w>inte</w>
  <w>har</w>
  <w>möjlighet</w>
  <w>att</w>
  <w>åka</w>
  <w>till</w>
  <w>Europa</w>
  <w>på</w>
  <w>vinst</w>
  <w>och</w>
  <w>förlust</w>
  <w>.</w>
  <w>Vad</w>
  <w>händer</w>
  <w>en</w>
  <w>hbtq-flykting</w>
  <w>som</w>
  <w>nekas</w>
  <w>asyl</w>
  <w>och</w>
  <w>sänds</w>
  <w>tillbaka</w>
  <w>till</w>
  <w>Uganda</w>
  <w>,</w>
  <w>när</w>
  <w>myndigheterna</w>
  <w>där</w>
  <w>får</w>
  <w>veta</w>
  <w>att</w>
  <w>hen</w>
  <w>rest</w>
  <w>till</w>
  <w>Europa</w>
  <w>för</w>
  <w>att</w>
  <w>försöka</w>
  <w>få</w>
  <w>en</w>
  <w>fristad</w>
  <w>?</w>
  <w>Och</w>
  <w>hur</w>
  <w>skulle</w>
  <w>Edward</w>
  <w>Snowden</w>
  <w>våga</w>
  <w>sätta</w>
  <w>sin</w>
  <w>fot</w>
  <w>i</w>
  <w>ett</w>
  <w>EU-land</w>
  <w>utan</w>
  <w>garantier</w>
  <w>på</w>
  <w>förhand</w>
  <w>?</w>
  <w>.</w>
</absapar>
<absapar id=3>
  <w>Christian</w>
  <w>Engström</w>
  <w>(</w>
  <w>PP</w>
  <w>)</w>
  <w>.</w>
</absapar>
<absapar id=4>
  <w>#</w>
  <w>P</w>
  <w>IMM</w>
  <w>.</w>
  <w>54</w>
  <w>år</w>
  <w>,</w>
  <w>från</w>
  <w>Nacka</w>
  <w>.</w>
</absapar>
<absapar id=5>
  <w>Invald</w>
  <w>i</w>
  <w>Europaparlamentet</w>
  <w>2009</w>
  <w>.</w>
</absapar>
<absapar id=6>
  <w>#</w>
  <w>P</w>
  <w>IMM</w>
  <w>.</w>
  <w>-</w>
  <w>-</w>
  <w>-</w>
  <w>-</w>
  <w>-</w>
  <w>-</w>
  <w>-</w>
  <w>-</w>
  <w>-</w>
  <w>-</w>
  <w>-</w>
  <w>-</w>
  <w>-</w>
  <w>-</w>
  <w>-</w>
  <w>-</w>
  <w>-</w>
  <w>-</w>
  <w>-</w>
  <w>-</w>
  <w>-</w>
  <w>-</w>
  <w>-</w>
  <w>-</w>
  <w>-</w>
  <w>-</w>
  <w>-</w>
  <w>-</w>
  <w>-</w>
  <w>-</w>
  <w>-</w>
  <w>-</w>
  <w>-</w>
  <w>.</w>
</absapar>
<absapar id=7>
  <w>Hur</w>
  <w>kunde</w>
  <w>det</w>
  <w>tidigare</w>
  <w>utmanande</w>
  <absaspan id=3>
    <w>Piratpartiet</w>
  </absaspan>
  <w>bli</w>
  <w>så</w>
  <absaspan id=4 senti=2>
    <w>utslätad</w>
  </absaspan>
  <w>och</w>
  <w>en</w>
  <w>kopia</w>
  <w>av</w>
  <w>Miljöpartiet</w>
  <w>?</w>
  <w>.</w>
</absapar>
<absapar id=8>
  <w>Var</w>
  <w>det</w>
  <w>detta</w>
  <w>ni</w>
  <w>som</w>
  <w>röstade</w>
  <absaspan id=5>
    <w>Piratpartiet</w>
  </absaspan>
  <w>förra</w>
  <w>valet</w>
  <w>ville</w>
  <w>ha</w>
  <w>?</w>
  <absaspan id=6 senti=2>
    <w>.</w>
  </absaspan>
</absapar>
<absapar id=9>
  <absaspan id=7 senti=2>
    <w>Tror</w>
    <w>dom</w>
    <w>verkligen</w>
  </absaspan>
  <absaspan id=8>
    <w>att</w>
    <w>användandet</w>
    <w>av</w>
    <w>"</w>
  </absaspan>
  <absaspan id=9>
    <w>hen</w>
  </absaspan>
  <absaspan id=10>
    <w>"</w>
    <w>ska</w>
    <w>locka</w>
    <w>fler</w>
    <w>väljare</w>
    <w>?</w>
  </absaspan>
  <absaspan id=11 senti=2>
    <w>.</w>
  </absaspan>
</absapar>
<absapar id=10>
  <absaspan id=12 senti=4>
    <w>Borde</w>
    <w>inte</w>
  </absaspan>
  <absaspan id=13>
    <w>Piratpartiet</w>
    <w>enbart</w>
    <w>syssla</w>
    <w>med</w>
    <w>datafrågor</w>
    <w>och</w>
    <w>liknande</w>
  </absaspan>
  <w>?</w>
  <w>.</w>
</absapar>
</absadoc>
