<absadoc annotators=1 senti=>
<absatitle>
  <w>Tillsätt</w>
  <w>en</w>
  <w>utredning</w>
  <w>kring</w>
  <w>internetleverantörernas</w>
  <w>roll</w>
  <w>.</w>
</absatitle>
<absapar id=1>
  <w>Förekomsten</w>
  <w>av</w>
  <absaspan id=1 senti=2>
    <w>oönskat</w>
    <w>material</w>
  </absaspan>
  <w>via</w>
  <w>internet</w>
  <w>är</w>
  <w>omfattande</w>
  <w>och</w>
  <w>hindrar</w>
  <w>att</w>
  <w>internet</w>
  <w>utvecklas</w>
  <w>.</w>
  <w>En</w>
  <w>starkt</w>
  <w>bidragande</w>
  <w>orsak</w>
  <w>till</w>
  <w>detta</w>
  <w>är</w>
  <w>att</w>
  <absaspan id=2>
    <w>internetleverantörerna</w>
  </absaspan>
  <absaspan id=3 senti=4>
    <w>åtnjuter</w>
  </absaspan>
  <absaspan id=4>
    <w>långtgående</w>
    <w>frihet</w>
    <w>från</w>
    <w>ansvar</w>
  </absaspan>
  <w>.</w>
  <w>Det</w>
  <w>skriver</w>
  <w>Johan</w>
  <w>Axhamn</w>
  <w>,</w>
  <w>doktorand</w>
  <w>i</w>
  <w>civilrätt</w>
  <w>.</w>
</absapar>
<absapar id=2>
  <w>Under</w>
  <w>de</w>
  <w>senaste</w>
  <w>tre</w>
  <w>decennierna</w>
  <w>har</w>
  <w>internet</w>
  <w>utvecklats</w>
  <w>från</w>
  <w>ett</w>
  <w>forskningsnätverk</w>
  <w>till</w>
  <w>en</w>
  <w>grundläggande</w>
  <w>infrastruktur</w>
  <w>för</w>
  <w>enskilda</w>
  <w>individer</w>
  <w>,</w>
  <w>företag</w>
  <w>och</w>
  <w>myndigheter</w>
  <w>.</w>
  <w>Samtidigt</w>
  <w>är</w>
  <w>förmedling</w>
  <w>av</w>
  <w>och</w>
  <w>tillgång</w>
  <w>till</w>
  <w>olika</w>
  <w>slags</w>
  <w>"</w>
  <absaspan id=5 senti=2>
    <w>oönskat</w>
    <w>material</w>
  </absaspan>
  <w>"</w>
  <w>fortfarande</w>
  <w>relativt</w>
  <w>oreglerat</w>
  <w>i</w>
  <w>svensk</w>
  <w>rätt</w>
  <w>.</w>
  <w>Med</w>
  <absaspan id=6 senti=2>
    <w>oönskat</w>
    <w>material</w>
  </absaspan>
  <w>avses</w>
  <w>till</w>
  <w>exempel</w>
  <absaspan id=7>
    <w>integritetskränkningar</w>
  </absaspan>
  <w>,</w>
  <absaspan id=8>
    <w>barnpornografi</w>
  </absaspan>
  <w>,</w>
  <absaspan id=9>
    <w>information</w>
    <w>som</w>
    <w>uppmuntrar</w>
    <w>till</w>
    <w>människohandel</w>
  </absaspan>
  <w>,</w>
  <absaspan id=10>
    <w>terrorism</w>
  </absaspan>
  <w>,</w>
  <absaspan id=11>
    <w>otillbörlig</w>
    <w>marknadsföring</w>
  </absaspan>
  <w>,</w>
  <absaspan id=12>
    <w>olaglig</w>
    <w>spelverksamhet</w>
  </absaspan>
  <w>eller</w>
  <absaspan id=13>
    <w>upphovsrättsintrång</w>
    <w>.</w>
  </absaspan>
</absapar>
<absapar id=3>
  <w>Det</w>
  <w>här</w>
  <w>är</w>
  <w>en</w>
  <w>argumenterande</w>
  <w>text</w>
  <w>med</w>
  <w>syfte</w>
  <w>att</w>
  <w>påverka</w>
  <w>.</w>
  <w>Åsikterna</w>
  <w>som</w>
  <w>uttrycks</w>
  <w>är</w>
  <w>skribentens</w>
  <w>egna</w>
  <w>.</w>
</absapar>
<absapar id=4>
  <w>Att</w>
  <w>den</w>
  <w>som</w>
  <w>sprider</w>
  <w>eller</w>
  <w>medverkar</w>
  <w>till</w>
  <w>spridning</w>
  <w>av</w>
  <absaspan id=14 senti=2>
    <w>oönskat</w>
  </absaspan>
  <w>material</w>
  <w>har</w>
  <w>ett</w>
  <w>ansvar</w>
  <w>följer</w>
  <w>av</w>
  <w>vanliga</w>
  <w>straff</w>
  <w>-</w>
  <w>och</w>
  <w>civilrättsliga</w>
  <w>bestämmelser</w>
  <w>.</w>
  <w>Vid</w>
  <w>överträdelser</w>
  <w>som</w>
  <w>sker</w>
  <w>via</w>
  <w>internet</w>
  <w>kan</w>
  <w>det</w>
  <w>dock</w>
  <w>ofta</w>
  <w>vara</w>
  <w>svårt</w>
  <w>att</w>
  <w>spåra</w>
  <w>den</w>
  <w>ursprunglige</w>
  <w>avsändaren</w>
  <w>.</w>
  <w>Uppmärksamhet</w>
  <w>har</w>
  <w>därför</w>
  <w>riktats</w>
  <w>mot</w>
  <w>vissa</w>
  <w>av</w>
  <w>Internets</w>
  <w>mellanhänder</w>
  <w>–</w>
  <w>så</w>
  <w>kallade</w>
  <w>internetleverantörer</w>
  <w>,</w>
  <w>vilka</w>
  <w>tillhandahåller</w>
  <w>uppkoppling</w>
  <w>mot</w>
  <w>Internet</w>
  <w>(</w>
  <w>internetabonnemang</w>
  <w>)</w>
  <w>.</w>
  <w>I</w>
  <w>en</w>
  <w>ny</w>
  <w>rapport</w>
  <w>som</w>
  <w>läggs</w>
  <w>fram</w>
  <w>idag</w>
  <w>(</w>
  <w>16</w>
  <w>november</w>
  <w>)</w>
  <w>föreslår</w>
  <w>jag</w>
  <w>att</w>
  <w>en</w>
  <w>statlig</w>
  <w>utredning</w>
  <w>tillsätts</w>
  <w>för</w>
  <w>att</w>
  <w>brett</w>
  <w>se</w>
  <w>över</w>
  <w>internetleverantörernas</w>
  <w>roll</w>
  <w>och</w>
  <w>ansvar</w>
  <w>för</w>
  <w>förmedling</w>
  <w>med</w>
  <w>mera</w>
  <w>av</w>
  <absaspan id=15 senti=2>
    <w>oönskat</w>
  </absaspan>
  <w>material</w>
  <w>.</w>
</absapar>
<absapar id=5>
  <w>Genom</w>
  <w>olika</w>
  <w>typer</w>
  <w>av</w>
  <w>tekniker</w>
  <w>för</w>
  <w>blockering</w>
  <w>och</w>
  <w>filtrering</w>
  <w>och</w>
  <w>de</w>
  <w>avtal</w>
  <w>leverantörerna</w>
  <w>har</w>
  <w>med</w>
  <w>sina</w>
  <w>kunder</w>
  <w>har</w>
  <w>de</w>
  <w>praktiska</w>
  <w>och</w>
  <w>rättsliga</w>
  <w>möjligheter</w>
  <w>att</w>
  <w>påverka</w>
  <w>vad</w>
  <w>de</w>
  <w>ger</w>
  <w>tillgång</w>
  <w>till</w>
  <w>och</w>
  <w>förmedlar</w>
  <w>i</w>
  <w>sina</w>
  <w>nät</w>
  <w>.</w>
  <w>En</w>
  <w>synpunkt</w>
  <w>som</w>
  <w>har</w>
  <w>framförts</w>
  <w>,</w>
  <w>vilken</w>
  <w>jag</w>
  <w>delar</w>
  <w>,</w>
  <w>är</w>
  <w>dock</w>
  <w>att</w>
  <w>förutsättningarna</w>
  <w>för</w>
  <w>olika</w>
  <w>typer</w>
  <w>av</w>
  <w>filtrering</w>
  <w>med</w>
  <w>mera</w>
  <w>bör</w>
  <w>regleras</w>
  <w>i</w>
  <w>lagstiftning</w>
  <w>.</w>
  <w>Endast</w>
  <w>lagstiftaren</w>
  <w>har</w>
  <w>legitimitet</w>
  <w>att</w>
  <w>reglera</w>
  <w>balansen</w>
  <w>mellan</w>
  <w>olika</w>
  <w>intressen</w>
  <w>på</w>
  <w>internet</w>
  <w>.</w>
</absapar>
<absapar id=6>
  <w>Inom</w>
  <w>EU</w>
  <w>finns</w>
  <w>gemensamma</w>
  <w>regler</w>
  <w>om</w>
  <w>ansvarsfrihet</w>
  <w>för</w>
  <w>internetleverantörer</w>
  <w>(</w>
  <w>mere</w>
  <w>conduit</w>
  <w>)</w>
  <w>.</w>
  <w>Reglerna</w>
  <w>,</w>
  <w>som</w>
  <w>finns</w>
  <w>i</w>
  <w>EUs</w>
  <w>e-handelsdirektiv</w>
  <w>,</w>
  <w>är</w>
  <w>långtgående</w>
  <w>och</w>
  <w>kompletteras</w>
  <w>därför</w>
  <w>av</w>
  <w>bestämmelser</w>
  <w>enligt</w>
  <w>vilka</w>
  <w>en</w>
  <w>domstol</w>
  <w>eller</w>
  <w>administrativ</w>
  <w>myndighet</w>
  <w>har</w>
  <w>rätt</w>
  <w>att</w>
  <w>besluta</w>
  <w>att</w>
  <w>en</w>
  <w>internetleverantör</w>
  <w>ska</w>
  <w>förhindra</w>
  <w>en</w>
  <w>överträdelse</w>
  <w>eller</w>
  <w>få</w>
  <w>den</w>
  <w>att</w>
  <w>upphöra</w>
  <w>,</w>
  <w>i</w>
  <w>praktiken</w>
  <w>genom</w>
  <w>filtrering</w>
  <w>eller</w>
  <w>blockering</w>
  <w>.</w>
  <w>För</w>
  <w>att</w>
  <w>ytterligare</w>
  <w>balansera</w>
  <w>ansvarsfriheten</w>
  <w>uppmuntras</w>
  <w>medlemsstaterna</w>
  <w>att</w>
  <w>utarbeta</w>
  <w>uppförandekoder</w>
  <w>och</w>
  <w>alternativa</w>
  <w>tvistlösningsorgan</w>
  <w>.</w>
  <w>Direktivet</w>
  <w>ställer</w>
  <w>krav</w>
  <w>på</w>
  <w>att</w>
  <w>det</w>
  <w>ska</w>
  <w>finnas</w>
  <w>möjligheter</w>
  <w>att</w>
  <w>snabbt</w>
  <w>vidta</w>
  <w>åtgärder</w>
  <w>i</w>
  <w>syfte</w>
  <w>att</w>
  <w>avbryta</w>
  <w>en</w>
  <w>påstådd</w>
  <absaspan id=16 senti=2>
    <w>överträdelse</w>
  </absaspan>
  <w>och</w>
  <w>hindra</w>
  <w>ytterligare</w>
  <w>skada</w>
  <w>av</w>
  <w>berörda</w>
  <w>intressen</w>
  <w>.</w>
  <w>Sverige</w>
  <w>har</w>
  <w>genomfört</w>
  <w>EU-bestämmelserna</w>
  <w>om</w>
  <w>ansvarsfrihet</w>
  <w>,</w>
  <w>men</w>
  <w>däremot</w>
  <w>inte</w>
  <w>särskilda</w>
  <w>bestämmelser</w>
  <w>som</w>
  <w>balanserar</w>
  <w>den</w>
  <w>.</w>
</absapar>
<absapar id=7>
  <w>I</w>
  <w>min</w>
  <w>rapport</w>
  <w>,</w>
  <w>som</w>
  <w>jag</w>
  <w>skrivit</w>
  <w>på</w>
  <w>uppdrag</w>
  <w>av</w>
  <w>webbforumet</w>
  <w>Netopia</w>
  <w>,</w>
  <w>jämförs</w>
  <w>regleringen</w>
  <w>av</w>
  <w>internetleverantörernas</w>
  <w>verksamhet</w>
  <w>med</w>
  <w>regleringen</w>
  <w>av</w>
  <w>mellanhänder</w>
  <w>på</w>
  <w>ett</w>
  <w>antal</w>
  <w>andra</w>
  <w>områden</w>
  <w>:</w>
  <w>bankernas</w>
  <w>arbete</w>
  <w>mot</w>
  <w>penningtvätt</w>
  <w>,</w>
  <w>den</w>
  <w>uppsiktsplikt</w>
  <w>som</w>
  <w>åligger</w>
  <w>tillhandahållare</w>
  <w>av</w>
  <w>elektroniska</w>
  <w>anslagstavlor</w>
  <w>samt</w>
  <w>mediernas</w>
  <w>ansvar</w>
  <w>för</w>
  <w>tryck</w>
  <w>-</w>
  <w>och</w>
  <w>yttrandefrihetsbrott</w>
  <w>och</w>
  <absaspan id=17 senti=1>
    <w>otillbörlig</w>
  </absaspan>
  <w>marknadsföring</w>
  <w>.</w>
  <w>I</w>
  <w>jämförelse</w>
  <w>med</w>
  <w>dessa</w>
  <w>områden</w>
  <w>framstår</w>
  <w>internetleverantörernas</w>
  <w>roll</w>
  <w>för</w>
  <w>att</w>
  <absaspan id=18 senti=1>
    <w>beivra</w>
  </absaspan>
  <absaspan id=19>
    <w>förekomsten</w>
    <w>av</w>
    <w>oönskat</w>
    <w>material</w>
  </absaspan>
  <w>som</w>
  <w>tämligen</w>
  <w>oreglerad</w>
  <w>:</w>
  <w>brist</w>
  <w>på</w>
  <w>tydlig</w>
  <w>,</w>
  <w>effektiv</w>
  <w>lagreglering</w>
  <w>,</w>
  <w>brist</w>
  <w>på</w>
  <w>självsanerande</w>
  <w>verksamhet</w>
  <w>och</w>
  <w>brist</w>
  <w>på</w>
  <w>myndighetstillsyn</w>
  <w>.</w>
</absapar>
<absapar id=8>
  <w>I</w>
  <w>rapporten</w>
  <w>föreslås</w>
  <w>därför</w>
  <w>att</w>
  <w>det</w>
  <w>bör</w>
  <w>tillsättas</w>
  <w>en</w>
  <w>utredning</w>
  <w>med</w>
  <w>uppdrag</w>
  <w>att</w>
  <w>inventera</w>
  <w>förekomsten</w>
  <w>av</w>
  <w>olika</w>
  <w>former</w>
  <w>av</w>
  <absaspan id=20 senti=2>
    <w>oönskat</w>
    <w>material</w>
  </absaspan>
  <w>,</w>
  <w>vilka</w>
  <w>möjligheter</w>
  <w>som</w>
  <w>står</w>
  <w>till</w>
  <w>buds</w>
  <w>att</w>
  <w>efter</w>
  <w>beslut</w>
  <w>av</w>
  <w>domstol</w>
  <w>eller</w>
  <w>alternativt</w>
  <w>tvistlösningsorgan</w>
  <w>få</w>
  <w>till</w>
  <w>stånd</w>
  <w>ett</w>
  <w>föreläggande</w>
  <w>mot</w>
  <w>en</w>
  <w>internetleverantör</w>
  <w>att</w>
  <w>snabbt</w>
  <w>vidta</w>
  <w>åtgärder</w>
  <w>,</w>
  <w>till</w>
  <w>exempel</w>
  <w>filtrering</w>
  <w>eller</w>
  <w>blockering</w>
  <w>,</w>
  <w>i</w>
  <w>syfte</w>
  <w>att</w>
  <w>avbryta</w>
  <w>en</w>
  <w>påstådd</w>
  <w>överträdelse</w>
  <w>och</w>
  <w>hindra</w>
  <w>ytterligare</w>
  <w>skada</w>
  <w>av</w>
  <w>berörda</w>
  <w>intressen</w>
  <w>.</w>
  <w>Åtgärderna</w>
  <w>måste</w>
  <w>givetvis</w>
  <w>hålla</w>
  <w>sig</w>
  <w>inom</w>
  <w>grundlagsregler</w>
  <w>,</w>
  <w>EU-bestämmelser</w>
  <w>och</w>
  <w>konventionsåtaganden</w>
  <w>och</w>
  <w>bör</w>
  <w>inte</w>
  <w>ta</w>
  <w>sikte</w>
  <w>på</w>
  <w>avstängning</w>
  <w>av</w>
  <w>enskilda</w>
  <w>användares</w>
  <w>abonnemang</w>
  <w>.</w>
</absapar>
<absapar id=9>
  <w>Skräddarsydda</w>
  <w>kurser</w>
  <w>i</w>
  <w>ämnen</w>
  <w>som</w>
  <w>intresserar</w>
  <w>och</w>
  <w>engagerar</w>
  <w>både</w>
  <w>kropp</w>
  <w>och</w>
  <w>själ</w>
  <w>.</w>
</absapar>
<absapar id=10>
  <w>Vidare</w>
  <w>skulle</w>
  <w>Post</w>
  <w>-</w>
  <w>och</w>
  <w>Telestyrelsen</w>
  <w>(</w>
  <w>PTS</w>
  <w>)</w>
  <w>kunna</w>
  <w>ges</w>
  <w>i</w>
  <w>uppdrag</w>
  <w>att</w>
  <w>upprätta</w>
  <w>uppförandekoder</w>
  <w>för</w>
  <w>internetleverantörerna</w>
  <w>tillsammans</w>
  <w>med</w>
  <w>dem</w>
  <w>och</w>
  <w>andra</w>
  <w>berörda</w>
  <w>intressenter</w>
  <w>,</w>
  <w>samt</w>
  <w>uppdrag</w>
  <w>att</w>
  <w>utöva</w>
  <w>tillsyns</w>
  <w>över</w>
  <w>att</w>
  <w>leverantörernas</w>
  <w>filter</w>
  <w>uppfyller</w>
  <w>kraven</w>
  <w>i</w>
  <w>uppförandekoderna</w>
  <w>.</w>
</absapar>
<absapar id=11>
  <w>De</w>
  <w>förslag</w>
  <w>till</w>
  <w>åtgärder</w>
  <w>som</w>
  <w>jag</w>
  <w>nu</w>
  <w>fört</w>
  <w>fram</w>
  <w>kan</w>
  <w>övervägas</w>
  <w>i</w>
  <w>svensk</w>
  <w>lagstiftning</w>
  <w>redan</w>
  <w>idag</w>
  <w>.</w>
  <w>Härutöver</w>
  <w>föreslår</w>
  <w>jag</w>
  <w>att</w>
  <w>det</w>
  <w>bör</w>
  <w>utredas</w>
  <w>om</w>
  <w>internetleverantörerna</w>
  <w>bör</w>
  <w>ges</w>
  <w>en</w>
  <w>"</w>
  <w>uppsiktsplikt</w>
  <w>"</w>
  <w>,</w>
  <w>liknande</w>
  <w>den</w>
  <w>som</w>
  <w>ges</w>
  <w>för</w>
  <w>tillhandahållare</w>
  <w>av</w>
  <w>elektroniska</w>
  <w>anslagstavlor</w>
  <w>,</w>
  <w>till</w>
  <w>exempel</w>
  <w>att</w>
  <w>reagera</w>
  <w>på</w>
  <w>påståenden</w>
  <w>om</w>
  <w>förekomst</w>
  <w>av</w>
  <w>visst</w>
  <absaspan id=21 senti=2>
    <w>oönskat</w>
    <w>material</w>
  </absaspan>
  <w>.</w>
  <w>En</w>
  <w>sådan</w>
  <w>bestämmelse</w>
  <w>kräver</w>
  <w>ändring</w>
  <w>av</w>
  <w>e-handelsdirektivet</w>
  <w>.</w>
</absapar>
<absapar id=12>
  <w>Förekomsten</w>
  <w>av</w>
  <absaspan id=22 senti=2>
    <w>oönskat</w>
    <w>material</w>
  </absaspan>
  <w>via</w>
  <w>Internet</w>
  <w>är</w>
  <w>omfattande</w>
  <w>och</w>
  <w>hindrar</w>
  <w>att</w>
  <w>Internet</w>
  <w>utvecklas</w>
  <w>till</w>
  <w>en</w>
  <w>miljö</w>
  <w>där</w>
  <w>individer</w>
  <w>,</w>
  <w>företag</w>
  <w>,</w>
  <w>myndigheter</w>
  <w>med</w>
  <w>flera</w>
  <w>kan</w>
  <w>vistas</w>
  <w>och</w>
  <w>bedriva</w>
  <w>sin</w>
  <w>verksamhet</w>
  <w>på</w>
  <w>ett</w>
  <w>rättssäkert</w>
  <w>sätt</w>
  <w>.</w>
  <w>En</w>
  <w>starkt</w>
  <w>bidragande</w>
  <w>orsak</w>
  <w>till</w>
  <w>detta</w>
  <w>är</w>
  <w>att</w>
  <absaspan id=23>
    <w>internetleverantörerna</w>
  </absaspan>
  <absaspan id=24 senti=4>
    <w>åtnjuter</w>
  </absaspan>
  <absaspan id=25>
    <w>långtgående</w>
    <w>frihet</w>
    <w>från</w>
    <w>ansvar</w>
  </absaspan>
  <w>.</w>
  <w>Det</w>
  <w>bör</w>
  <w>därför</w>
  <w>övervägas</w>
  <w>om</w>
  <w>ansvarsfriheten</w>
  <w>bör</w>
  <w>balanseras</w>
  <w>med</w>
  <w>lagstöd</w>
  <w>för</w>
  <w>möjlighet</w>
  <w>att</w>
  <w>snabbt</w>
  <w>vidta</w>
  <w>åtgärder</w>
  <w>i</w>
  <w>syfte</w>
  <w>att</w>
  <w>avbryta</w>
  <w>en</w>
  <w>påstådd</w>
  <w>överträdelse</w>
  <w>och</w>
  <w>hindra</w>
  <w>ytterligare</w>
  <w>skada</w>
  <w>av</w>
  <w>berörda</w>
  <w>intressen</w>
  <w>,</w>
  <w>uppförandekoder</w>
  <w>och</w>
  <w>eventuellt</w>
  <w>också</w>
  <w>uppsiktsplikt</w>
  <w>.</w>
</absapar>
<absapar id=13>
  <w>JOHAN</w>
  <w>AXHAMN</w>
  <w>.</w>
</absapar>
<absapar id=14>
  <w>doktorand</w>
  <w>i</w>
  <w>civilrätt</w>
  <w>(</w>
  <w>immaterialrätt</w>
  <w>)</w>
  <w>vid</w>
  <w>Juridiska</w>
  <w>institutionen</w>
  <w>vid</w>
  <w>Stockholms</w>
  <w>Universitet</w>
  <w>.</w>
</absapar>
<absapar id=15>
  <w>Redaktör</w>
  <w>:</w>
  <w>Carina</w>
  <w>Stensson</w>
  <w>,</w>
  <w>Biträdande</w>
  <w>redaktör</w>
  <w>:</w>
  <w>Björn</w>
  <w>Jorner</w>
  <w>,</w>
  <w>Mejl</w>
  <w>:</w>
  <w>debatt</w>
  <w>@</w>
  <w>svd.se</w>
  <w>,</w>
  <w>Telefonnummer</w>
  <w>:</w>
  <w>08</w>
  <w>-</w>
  <w>135149</w>
  <w>,</w>
  <w>Twitter</w>
  <w>:</w>
  <w>@</w>
  <w>SvDDebatt</w>
  <w>,</w>
  <w>Facebook</w>
  <w>:</w>
  <w>SvD</w>
  <w>Debatt</w>
  <w>.</w>
</absapar>
</absadoc>
