<absadoc annotators=1 senti=>
<absatitle>
  <w>Muslimska</w>
  <w>politiker</w>
  <w>i</w>
  <w>Sverige</w>
  <w>stoppar</w>
  <w>asylsökande</w>
  <w>?</w>
</absatitle>
<absapar id=1>
  <w>Kortfattat</w>
  <w>så</w>
  <absaspan id=1 senti=2>
    <w>är</w>
    <w>det</w>
    <w>liv</w>
    <w>om</w>
  </absaspan>
  <absaspan id=2>
    <w>att</w>
    <w>nämnemannen</w>
  </absaspan>
  <absaspan id=3>
    <w>Ebtisam</w>
  </absaspan>
  <absaspan id=4>
    <w>Aldebe</w>
  </absaspan>
  <absaspan id=5>
    <w>(</w>
  </absaspan>
  <absaspan id=6>
    <w>samma</w>
    <w>brud</w>
  </absaspan>
  <absaspan id=7>
    <w>som</w>
  </absaspan>
  <absaspan id=8 senti=4>
    <w>ville</w>
  </absaspan>
  <absaspan id=9>
    <w>införa</w>
    <w>särskilda</w>
    <w>lagar</w>
    <w>för</w>
    <w>muslimer</w>
  </absaspan>
  <absaspan id=10>
    <w>,</w>
    <w>exempelvis</w>
    <w>skulle</w>
    <w>skilsmässa</w>
    <w>för</w>
    <w>muslimer</w>
    <w>hanteras</w>
    <w>annorlunda</w>
    <w>än</w>
    <w>för</w>
    <w>andra</w>
    <w>)</w>
    <w>stoppat</w>
    <w>asylsökande</w>
    <w>som</w>
    <w>söker</w>
    <w>asyl</w>
    <w>med</w>
    <w>hänvisning</w>
    <w>till</w>
    <w>att</w>
    <w>de</w>
    <w>konverterat</w>
    <w>från</w>
    <w>Islam</w>
    <w>till</w>
    <w>kristendom</w>
  </absaspan>
  <w>.</w>
</absapar>
<absapar id=2>
  <w>Eftersom</w>
  <w>jag</w>
  <w>kaskadkräks</w>
  <w>på</w>
  <w>min</w>
  <w>skärm</w>
  <w>just</w>
  <w>nu</w>
  <w>har</w>
  <w>jag</w>
  <w>svårt</w>
  <w>att</w>
  <w>skriva</w>
  <w>nått</w>
  <w>insiktsfullt</w>
  <w>om</w>
  <w>det</w>
  <w>här</w>
  <w>just</w>
  <w>nu</w>
  <w>,</w>
  <w>men</w>
  <w>antar</w>
  <w>att</w>
  <w>ni</w>
  <w>andra</w>
  <w>kan</w>
  <w>läsa</w>
  <w>artikeln</w>
  <w>och</w>
  <w>komma</w>
  <w>med</w>
  <w>nått</w>
  <w>vettigt</w>
  <w>.</w>
</absapar>
</absadoc>
