<absadoc annotators=1 senti=1>
<absatitle>
  <w>Vad</w>
  <w>är</w>
  <w>det</w>
  <w>egentligen</w>
  <w>som</w>
  <w>driver</w>
  <w>sjuklövern</w>
  <w>till</w>
  <w>en</w>
  <absaspan id=1 senti=1>
    <w>ansvarslös</w>
  </absaspan>
  <absaspan id=2>
    <w>invandringspolitik</w>
  </absaspan>
  <w>?</w>
</absatitle>
<absapar id=1>
  <w>När</w>
  <w>jag</w>
  <w>läste</w>
  <w>Yariv</w>
  <w>Helldéns</w>
  <w>insändare</w>
  <w>på</w>
  <w>Newsmill</w>
  <w>,</w>
  <w>så</w>
  <w>avslutade</w>
  <w>han</w>
  <w>sin</w>
  <w>insändare</w>
  <w>med</w>
  <w>orden</w>
  <w>:</w>
  <w>.</w>
</absapar>
<absapar id=2 senti=3>
  <w>Vad</w>
  <w>tror</w>
  <w>ni</w>
  <w>driver</w>
  <w>dessa</w>
  <w>politiker</w>
  <w>till</w>
  <w>en</w>
  <absaspan id=3 senti=1>
    <w>ansvarslös</w>
  </absaspan>
  <absaspan id=4>
    <w>invandringspolitik</w>
  </absaspan>
  <w>?</w>
  <w>.</w>
</absapar>
<absapar id=3>
  <w>Mitt</w>
  <w>svar</w>
  <w>grundar</w>
  <w>sig</w>
  <w>på</w>
  <w>mina</w>
  <w>egna</w>
  <w>åsikter</w>
  <w>,</w>
  <w>och</w>
  <w>vad</w>
  <w>jag</w>
  <w>tror</w>
  <w>!</w>
  <w>.</w>
</absapar>
<absapar id=4 senti=1>
  <w>Jag</w>
  <w>tror</w>
  <w>faktiskt</w>
  <w>personligen</w>
  <w>att</w>
  <w>det</w>
  <w>i</w>
  <w>grunden</w>
  <w>handlar</w>
  <w>om</w>
  <absaspan id=5 senti=1>
    <w>självgodhet</w>
  </absaspan>
  <w>och</w>
  <absaspan id=6 senti=1>
    <w>högmod</w>
  </absaspan>
  <w>!</w>
  <absaspan id=7>
    <w>Våra</w>
    <w>politiker</w>
  </absaspan>
  <w>verkar</w>
  <w>köra</w>
  <w>en</w>
  <w>stil</w>
  <w>som</w>
  <w>sedan</w>
  <w>får</w>
  <w>dem</w>
  <w>att</w>
  <w>säga</w>
  <w>:</w>
  <w>"</w>
  <w>Titta</w>
  <w>på</w>
  <w>oss</w>
  <w>i</w>
  <w>Sverige</w>
  <w>,</w>
  <w>Titta</w>
  <absaspan id=8 senti=4>
    <w>vad</w>
    <w>goda</w>
  </absaspan>
  <absaspan id=9>
    <w>vi</w>
  </absaspan>
  <absaspan id=10 senti=4>
    <w>är</w>
  </absaspan>
  <w>.</w>
  <w>Vi</w>
  <w>är</w>
  <w>öppna</w>
  <w>,</w>
  <absaspan id=11>
    <w>vi</w>
  </absaspan>
  <w>är</w>
  <absaspan id=12 senti=4>
    <w>goda</w>
  </absaspan>
  <w>och</w>
  <absaspan id=13>
    <w>vi</w>
  </absaspan>
  <w>är</w>
  <absaspan id=14 senti=4>
    <w>solidariska</w>
  </absaspan>
  <w>.</w>
  <w>Titta</w>
  <w>på</w>
  <w>de</w>
  <w>andra</w>
  <w>länderna</w>
  <w>,</w>
  <w>där</w>
  <absaspan id=15 senti=1>
    <w>främlingsfientlighet</w>
  </absaspan>
  <w>råder</w>
  <w>.</w>
  <w>"</w>
  <w>.</w>
</absapar>
<absapar id=5 senti=1>
  <w>Man</w>
  <w>kan</w>
  <w>säga</w>
  <w>att</w>
  <w>Sverige</w>
  <w>är</w>
  <w>som</w>
  <w>en</w>
  <w>båt</w>
  <w>,</w>
  <w>där</w>
  <w>det</w>
  <w>handlar</w>
  <w>om</w>
  <w>att</w>
  <w>dra</w>
  <w>upp</w>
  <w>så</w>
  <w>många</w>
  <w>människor</w>
  <w>från</w>
  <w>vattnet</w>
  <w>,</w>
  <w>man</w>
  <w>bara</w>
  <w>kan</w>
  <w>.</w>
  <w>Men</w>
  <w>till</w>
  <w>slut</w>
  <w>-</w>
  <w>då</w>
  <w>båten</w>
  <w>är</w>
  <w>överfull</w>
  <w>så</w>
  <w>kommer</w>
  <w>båten</w>
  <w>att</w>
  <w>sjunka</w>
  <w>.</w>
</absapar>
<absapar id=6 senti=1>
  <w>Då</w>
  <w>kan</w>
  <absaspan id=16>
    <w>våra</w>
    <w>politiker</w>
  </absaspan>
  <w>sitta</w>
  <w>där</w>
  <w>och</w>
  <w>säga</w>
  <w>:</w>
  <w>"</w>
  <w>Titta</w>
  <w>på</w>
  <w>oss</w>
  <w>.</w>
  <w>Titta</w>
  <w>på</w>
  <w>Sverige</w>
  <w>,</w>
  <w>Titta</w>
  <w>,</w>
  <w>vad</w>
  <absaspan id=17 senti=4>
    <w>bra</w>
  </absaspan>
  <absaspan id=18>
    <w>vi</w>
  </absaspan>
  <w>är</w>
  <w>.</w>
  <w>"</w>
  <w>Att</w>
  <absaspan id=19>
    <w>folket</w>
  </absaspan>
  <absaspan id=20 senti=1>
    <w>går</w>
    <w>under</w>
  </absaspan>
  <w>spelar</w>
  <w>mindre</w>
  <w>roll</w>
  <w>-</w>
  <w>bara</w>
  <w>vi</w>
  <w>får</w>
  <w>in</w>
  <w>fler</w>
  <w>människor</w>
  <w>i</w>
  <w>båten</w>
  <w>och</w>
  <w>att</w>
  <absaspan id=21>
    <w>politikerna</w>
  </absaspan>
  <w>på</w>
  <w>invånarnas</w>
  <w>bekostnad</w>
  <w>kan</w>
  <absaspan id=22 senti=1>
    <w>skryta</w>
    <w>om</w>
  </absaspan>
  <absaspan id=23 senti=1>
    <w>sin</w>
    <w>godhet</w>
  </absaspan>
  <w>,</w>
  <absaspan id=24 senti=1>
    <w>sin</w>
  </absaspan>
  <absaspan id=25 senti=1>
    <w>solidaritet</w>
  </absaspan>
  <w>och</w>
  <w>sin</w>
  <w>öppenhet</w>
  <w>!</w>
  <w>.</w>
</absapar>
<absapar id=7>
  <w>Kan</w>
  <w>jag</w>
  <w>ha</w>
  <w>rätt</w>
  <w>?</w>
  <w>Kan</w>
  <w>det</w>
  <w>bero</w>
  <w>på</w>
  <w>något</w>
  <w>annat</w>
  <w>?</w>
  <w>Vad</w>
  <w>tror</w>
  <w>ni</w>
  <w>?</w>
  <w>.</w>
</absapar>
</absadoc>
