<absadoc annotators=1 senti=>
<absatitle>
  <absaspan id=1>
    <w>Ny</w>
    <w>strategi</w>
  </absaspan>
  <absaspan id=2 senti=4 target=1>
    <w>krävs</w>
  </absaspan>
  <w>för</w>
  <w>att</w>
  <w>få</w>
  <w>Isaak</w>
  <w>fri</w>
  <w>.</w>
</absatitle>
<absapar id=1>
  <w>Regeringen</w>
  <w>måste</w>
  <w>byta</w>
  <w>hållning</w>
  <w>när</w>
  <w>det</w>
  <w>gäller</w>
  <w>Dawit</w>
  <w>Isaaks</w>
  <w>öde</w>
  <w>.</w>
  <w>Detta</w>
  <w>är</w>
  <w>inget</w>
  <w>konsulärt</w>
  <w>ärende</w>
  <w>utan</w>
  <w>en</w>
  <w>grov</w>
  <w>kränkning</w>
  <w>av</w>
  <w>de</w>
  <w>mänskliga</w>
  <w>rättigheterna</w>
  <w>som</w>
  <w>bör</w>
  <w>hanteras</w>
  <w>på</w>
  <w>juridisk</w>
  <w>väg</w>
  <w>.</w>
  <absaspan id=3 senti=4>
    <w>Börja</w>
    <w>med</w>
  </absaspan>
  <absaspan id=4>
    <w>att</w>
    <w>utse</w>
    <w>ett</w>
    <w>ombud</w>
    <w>för</w>
    <w>Isaak</w>
  </absaspan>
  <w>,</w>
  <w>skriver</w>
  <absaspan id=5>
    <w>Thomas</w>
    <w>Bodström</w>
    <w>och</w>
    <w>Jan</w>
    <w>Eliasson</w>
  </absaspan>
  <w>.</w>
</absapar>
<absapar id=2>
  <w>Ingen</w>
  <w>vet</w>
  <w>var</w>
  <w>Dawit</w>
  <w>Isaak</w>
  <w>är</w>
  <w>eller</w>
  <w>om</w>
  <w>han</w>
  <w>ens</w>
  <w>lever</w>
  <w>.</w>
  <w>Ingen</w>
  <w>förutom</w>
  <w>de</w>
  <w>eritreanska</w>
  <w>myndigheterna</w>
  <w>själva</w>
  <w>förstås.Thomas</w>
  <w>Bodström</w>
  <w>och</w>
  <w>Jan</w>
  <w>Eliasson</w>
  <w>.</w>
</absapar>
<absapar id=3>
  <w>Det</w>
  <w>här</w>
  <w>är</w>
  <w>en</w>
  <w>argumenterande</w>
  <w>text</w>
  <w>med</w>
  <w>syfte</w>
  <w>att</w>
  <w>påverka</w>
  <w>.</w>
  <w>Åsikterna</w>
  <w>som</w>
  <w>uttrycks</w>
  <w>är</w>
  <w>skribentens</w>
  <w>egna</w>
  <w>.</w>
</absapar>
<absapar id=4>
  <w>Dawit</w>
  <w>Isaak</w>
  <w>sitter</w>
  <w>sedan</w>
  <w>tio</w>
  <w>år</w>
  <w>i</w>
  <w>fängelse</w>
  <w>i</w>
  <w>Eritrea</w>
  <w>.</w>
  <w>Inget</w>
  <w>åtal</w>
  <w>,</w>
  <w>ingen</w>
  <w>rättegång</w>
  <w>.</w>
  <w>Ingen</w>
  <w>tillåts</w>
  <w>besöka</w>
  <w>honom</w>
  <w>.</w>
  <w>Inte</w>
  <w>familjen</w>
  <w>,</w>
  <w>inte</w>
  <w>Sveriges</w>
  <w>representanter</w>
  <w>,</w>
  <w>inte</w>
  <w>Röda</w>
  <w>Korset</w>
  <w>.</w>
  <w>Ingen</w>
  <w>.</w>
</absapar>
<absapar id=5>
  <absaspan id=6>
    <w>Sverige</w>
  </absaspan>
  <absaspan id=7 senti=4>
    <w>har</w>
    <w>försökt</w>
    <w>och</w>
    <w>försöker</w>
  </absaspan>
  <absaspan id=8>
    <w>få</w>
    <w>Dawit</w>
    <w>Isaak</w>
    <w>fri</w>
  </absaspan>
  <w>.</w>
  <w>Tio</w>
  <w>år</w>
  <w>av</w>
  <w>tysta</w>
  <w>diplomatiska</w>
  <w>ansträngningar</w>
  <w>.</w>
  <w>Förgäves</w>
  <w>.</w>
  <absaspan id=9>
    <w>Eritrea</w>
  </absaspan>
  <absaspan id=10 senti=2>
    <w>har</w>
    <w>inte</w>
    <w>brytt</w>
    <w>sig</w>
  </absaspan>
  <w>.</w>
  <w>Ingen</w>
  <w>vet</w>
  <w>var</w>
  <w>Dawit</w>
  <w>Isaak</w>
  <w>är</w>
  <w>eller</w>
  <w>om</w>
  <w>han</w>
  <w>ens</w>
  <w>lever</w>
  <w>.</w>
  <w>Ingen</w>
  <w>förutom</w>
  <w>de</w>
  <w>eritreanska</w>
  <w>myndigheterna</w>
  <w>själva</w>
  <w>förstås</w>
  <w>.</w>
  <w>Men</w>
  <w>de</w>
  <w>säger</w>
  <w>inget</w>
  <w>.</w>
  <absaspan id=11 senti=4>
    <w>Är</w>
  </absaspan>
  <absaspan id=12 senti=4>
    <w>det</w>
    <w>då</w>
    <w>inte</w>
    <w>dags</w>
  </absaspan>
  <absaspan id=13>
    <w>att</w>
    <w>ompröva</w>
    <w>Sveriges</w>
    <w>hållning</w>
  </absaspan>
  <absaspan id=14 senti=4>
    <w>?</w>
  </absaspan>
  <w>Att</w>
  <w>sluta</w>
  <w>betrakta</w>
  <absaspan id=15>
    <w>Dawit</w>
    <w>Isaaks</w>
    <w>öde</w>
  </absaspan>
  <w>som</w>
  <w>ettkonsulärt</w>
  <w>ärende</w>
  <w>och</w>
  <w>i</w>
  <w>stället</w>
  <w>se</w>
  <w>det</w>
  <w>för</w>
  <w>vad</w>
  <w>det</w>
  <w>är</w>
  <w>:</w>
  <absaspan id=16 senti=1>
    <w>en</w>
    <w>grov</w>
    <w>kränkning</w>
    <w>av</w>
    <w>de</w>
    <w>mänskliga</w>
    <w>rättigheterna</w>
  </absaspan>
  <w>?</w>
  <w>Att</w>
  <w>börja</w>
  <w>använda</w>
  <w>sig</w>
  <w>av</w>
  <w>det</w>
  <w>regelverk</w>
  <w>som</w>
  <w>är</w>
  <w>till</w>
  <w>för</w>
  <w>att</w>
  <w>värna</w>
  <w>fri</w>
  <w>-</w>
  <w>och</w>
  <w>rättigheter</w>
  <w>och</w>
  <w>stävja</w>
  <w>övergrepp</w>
  <w>?</w>
  <w>.</w>
</absapar>
<absapar id=6>
  <w>Två</w>
  <w>svenska</w>
  <w>jurister</w>
  <w>,</w>
  <w>Jesús</w>
  <w>Alcalá</w>
  <w>och</w>
  <w>Percy</w>
  <w>Bratt</w>
  <w>,</w>
  <w>har</w>
  <w>tillsammans</w>
  <w>med</w>
  <w>den</w>
  <w>franska</w>
  <w>advokaten</w>
  <w>Prisca</w>
  <w>Orsonneau</w>
  <w>,</w>
  <w>lämnat</w>
  <w>in</w>
  <w>en</w>
  <w>så</w>
  <w>kallad</w>
  <w>Habeas</w>
  <w>Corpus-framställan</w>
  <w>till</w>
  <w>Eritreas</w>
  <w>högsta</w>
  <w>domstol</w>
  <w>.</w>
  <w>I</w>
  <w>en</w>
  <w>väl</w>
  <w>underbyggd</w>
  <w>sjuttiosidig</w>
  <w>inlaga</w>
  <w>och</w>
  <w>med</w>
  <w>stöd</w>
  <w>av</w>
  <w>eritreansk</w>
  <w>och</w>
  <w>internationell</w>
  <w>rätt</w>
  <w>vänder</w>
  <w>de</w>
  <w>sig</w>
  <w>till</w>
  <w>landets</w>
  <w>högsta</w>
  <w>domare</w>
  <w>och</w>
  <w>yrkar</w>
  <w>:</w>
  <absaspan id=17 senti=4>
    <w>se</w>
  </absaspan>
  <absaspan id=18 senti=4>
    <w>till</w>
    <w>att</w>
  </absaspan>
  <absaspan id=19>
    <w>myndigheterna</w>
    <w>talar</w>
    <w>om</w>
    <w>var</w>
    <w>Dawit</w>
    <w>Isaak</w>
    <w>finns</w>
  </absaspan>
  <absaspan id=20>
    <w>,</w>
  </absaspan>
  <absaspan id=21 senti=5>
    <w>kräv</w>
  </absaspan>
  <absaspan id=22>
    <w>att</w>
    <w>få</w>
    <w>se</w>
    <w>Dawit</w>
    <w>Isaak</w>
    <w>inför</w>
    <w>er</w>
    <w>(</w>
    <w>Habeas</w>
    <w>Corpus</w>
  </absaspan>
  <absaspan id=23>
    <w>)</w>
    <w>,</w>
    <w>pröva</w>
    <w>på</w>
    <w>vilka</w>
    <w>grunder</w>
    <w>myndigheterna</w>
    <w>år</w>
    <w>efter</w>
    <w>år</w>
    <w>håller</w>
    <w>honom</w>
    <w>fängslad</w>
    <w>utan</w>
    <w>åtal</w>
    <w>och</w>
    <w>utan</w>
    <w>någon</w>
    <w>som</w>
    <w>helst</w>
    <w>kontakt</w>
    <w>med</w>
    <w>yttervärlden</w>
    <w>.</w>
  </absaspan>
  <absaspan id=24>
    <w>Det</w>
  </absaspan>
  <absaspan id=25 senti=4>
    <w>bör</w>
    <w>vara</w>
    <w>en</w>
    <w>framkomlig</w>
    <w>väg</w>
  </absaspan>
  <w>eftersom</w>
  <w>rättsväsendet</w>
  <w>i</w>
  <w>Eritrea</w>
  <w>är</w>
  <w>oberoende</w>
  <w>.</w>
</absapar>
<absapar id=7>
  <absaspan id=26>
    <w>Det</w>
  </absaspan>
  <absaspan id=27 senti=5>
    <w>är</w>
    <w>ett</w>
    <w>viktigt</w>
    <w>initiativ</w>
    <w>som</w>
    <w>är</w>
    <w>värt</w>
    <w>allt</w>
    <w>stöd</w>
  </absaspan>
  <w>.</w>
  <absaspan id=28>
    <w>Många</w>
    <w>,</w>
    <w>inte</w>
    <w>minst</w>
    <w>flera</w>
    <w>kända</w>
    <w>europeiska</w>
    <w>dagstidningar</w>
  </absaspan>
  <w>,</w>
  <absaspan id=29 senti=4>
    <w>har</w>
  </absaspan>
  <w>också</w>
  <absaspan id=30 senti=4>
    <w>ställt</w>
  </absaspan>
  <absaspan id=31 senti=4>
    <w>sig</w>
    <w>bakom</w>
  </absaspan>
  <absaspan id=32>
    <w>framställan</w>
  </absaspan>
  <w>.</w>
  <w>Vi</w>
  <absaspan id=33 senti=4>
    <w>anser</w>
  </absaspan>
  <absaspan id=34>
    <w>att</w>
    <w>också</w>
    <w>den</w>
    <w>svenska</w>
    <w>regeringen</w>
    <w>ska</w>
    <w>göra</w>
    <w>det</w>
  </absaspan>
  <w>och</w>
  <w>att</w>
  <w>det</w>
  <absaspan id=35 senti=1>
    <w>är</w>
    <w>djupt</w>
    <w>beklagligt</w>
  </absaspan>
  <absaspan id=36>
    <w>att</w>
    <w>så</w>
    <w>inte</w>
    <w>har</w>
    <w>skett</w>
  </absaspan>
  <w>.</w>
</absapar>
<absapar id=8>
  <w>För</w>
  <w>några</w>
  <w>år</w>
  <w>sedan</w>
  <w>prövade</w>
  <w>Afrikanska</w>
  <w>kommissionen</w>
  <w>för</w>
  <w>de</w>
  <w>mänskliga</w>
  <w>rättigheterna</w>
  <w>en</w>
  <w>anmälan</w>
  <w>mot</w>
  <w>Eritrea</w>
  <w>.</w>
  <w>Målet</w>
  <w>gällde</w>
  <w>bland</w>
  <w>annat</w>
  <w>just</w>
  <w>Dawit</w>
  <w>Isaak</w>
  <w>.</w>
  <w>Inför</w>
  <w>förhandlingarna</w>
  <w>lade</w>
  <w>den</w>
  <w>eritreanska</w>
  <w>regeringen</w>
  <w>möda</w>
  <w>på</w>
  <w>att</w>
  <w>förklara</w>
  <w>för</w>
  <w>kommissionen</w>
  <w>varför</w>
  <w>anmälan</w>
  <w>skulle</w>
  <w>avvisas</w>
  <w>.</w>
  <w>Misstankarna</w>
  <w>mot</w>
  <w>Dawit</w>
  <w>Isaak</w>
  <w>och</w>
  <w>övriga</w>
  <w>fängslade</w>
  <w>journalister</w>
  <w>rörde</w>
  <w>mycket</w>
  <w>allvarliga</w>
  <w>högmålsbrott</w>
  <w>.</w>
  <w>Det</w>
  <w>rådde</w>
  <w>krigstillstånd</w>
  <w>.</w>
</absapar>
<absapar id=9>
  <w>Men</w>
  <absaspan id=37>
    <w>kommissionen</w>
  </absaspan>
  <absaspan id=38 senti=2>
    <w>ansåg</w>
  </absaspan>
  <absaspan id=39>
    <w>att</w>
    <w>Eritreas</w>
    <w>argument</w>
    <w>inte</w>
    <w>höll</w>
  </absaspan>
  <w>.</w>
  <absaspan id=40 senti=2>
    <w>Varken</w>
    <w>krigstillståndet</w>
    <w>i</w>
    <w>landet</w>
    <w>eller</w>
    <w>allvaret</w>
    <w>i</w>
    <w>misstankarna</w>
    <w>mot</w>
    <w>de</w>
    <w>fängslade</w>
    <w>kunde</w>
    <w>ursäkta</w>
  </absaspan>
  <absaspan id=41>
    <w>det</w>
    <w>långvariga</w>
    <w>frihetsberövandet</w>
    <w>utan</w>
    <w>rättegång</w>
  </absaspan>
  <w>.</w>
  <absaspan id=42>
    <w>Att</w>
    <w>hålla</w>
    <w>Dawit</w>
    <w>Isaak</w>
    <w>och</w>
    <w>de</w>
    <w>andra</w>
    <w>journalisterna</w>
    <w>fängslade</w>
    <w>och</w>
    <w>isolerade</w>
    <w>och</w>
    <w>med</w>
    <w>besöksförbud</w>
  </absaspan>
  <absaspan id=43 senti=1>
    <w>var</w>
    <w>tortyr</w>
  </absaspan>
  <w>.</w>
  <w>Eritrea</w>
  <w>fälldes</w>
  <w>för</w>
  <w>brott</w>
  <w>mot</w>
  <w>sex</w>
  <w>artiklar</w>
  <w>i</w>
  <w>den</w>
  <w>afrikanska</w>
  <w>konventionen</w>
  <w>om</w>
  <w>mänskliga</w>
  <w>rättigheter</w>
  <w>.</w>
  <w>De</w>
  <w>fängslade</w>
  <w>borde</w>
  <w>dels</w>
  <w>friges</w>
  <w>omedelbart</w>
  <w>,</w>
  <w>dels</w>
  <w>erhålla</w>
  <w>skadestånd</w>
  <w>för</w>
  <w>de</w>
  <w>kränkningar</w>
  <w>de</w>
  <w>utsatts</w>
  <w>för</w>
  <w>.</w>
  <w>Eritrea</w>
  <w>har</w>
  <w>inte</w>
  <w>rättat</w>
  <w>sig</w>
  <w>efter</w>
  <w>utslaget</w>
  <w>.</w>
</absapar>
<absapar id=10>
  <w>Alcalá</w>
  <w>,</w>
  <w>Bratt</w>
  <w>och</w>
  <w>Orsonneau</w>
  <w>åberopar</w>
  <w>bland</w>
  <w>annat</w>
  <w>det</w>
  <w>här</w>
  <w>fallet</w>
  <w>och</w>
  <absaspan id=44 senti=5>
    <w>erinrar</w>
  </absaspan>
  <w>Eritreas</w>
  <w>högsta</w>
  <w>domstol</w>
  <absaspan id=45 senti=5>
    <w>om</w>
  </absaspan>
  <absaspan id=46 senti=5>
    <w>vikten</w>
    <w>av</w>
  </absaspan>
  <absaspan id=47>
    <w>att</w>
    <w>det</w>
    <w>fällande</w>
    <w>utslaget</w>
    <w>blir</w>
    <w>verkställt</w>
  </absaspan>
  <w>.</w>
  <w>Ett</w>
  <absaspan id=48 senti=4>
    <w>betydelsefullt</w>
  </absaspan>
  <absaspan id=49>
    <w>påpekande</w>
  </absaspan>
  <w>som</w>
  <w>Sverige</w>
  <w>borde</w>
  <w>göra</w>
  <w>till</w>
  <w>sitt</w>
  <w>.</w>
</absapar>
<absapar id=11>
  <w>Nyss</w>
  <absaspan id=50 senti=4>
    <w>efterlyste</w>
  </absaspan>
  <absaspan id=51>
    <w>utrikesminister</w>
    <w>Carl</w>
    <w>Bildt</w>
  </absaspan>
  <absaspan id=52>
    <w>konkreta</w>
    <w>förslag</w>
    <w>till</w>
    <w>handling</w>
    <w>i</w>
    <w>fallet</w>
    <w>Dawit</w>
    <w>Isaak</w>
  </absaspan>
  <w>.</w>
  <w>Själva</w>
  <absaspan id=53 senti=4>
    <w>anser</w>
  </absaspan>
  <w>vi</w>
  <absaspan id=54>
    <w>att</w>
    <w>regeringen</w>
    <w>nu</w>
    <w>även</w>
    <w>borde</w>
    <w>välja</w>
    <w>den</w>
    <w>juridiska</w>
    <w>vägen</w>
    <w>och</w>
    <w>ta</w>
    <w>vid</w>
    <w>där</w>
    <w>de</w>
    <w>tre</w>
    <w>juristerna</w>
    <w>börjat</w>
  </absaspan>
  <w>.</w>
  <w>Här</w>
  <w>presenteras</w>
  <w>fyra</w>
  <w>konkreta</w>
  <w>förslag</w>
  <w>:</w>
  <w>.</w>
</absapar>
<absapar id=12>
  <w>Det</w>
  <absaspan id=55 senti=2>
    <w>går</w>
    <w>inte</w>
  </absaspan>
  <absaspan id=56>
    <w>att</w>
    <w>vänta</w>
    <w>längre</w>
  </absaspan>
  <w>.</w>
  <w>Det</w>
  <absaspan id=57 senti=4>
    <w>är</w>
    <w>dags</w>
  </absaspan>
  <absaspan id=58>
    <w>att</w>
    <w>statsminister</w>
    <w>Fredrik</w>
    <w>Reinfeldt</w>
    <w>och</w>
    <w>utrikesminister</w>
    <w>Carl</w>
    <w>Bildt</w>
    <w>agerar</w>
    <w>nu</w>
  </absaspan>
  <w>.</w>
  <w>Själva</w>
  <absaspan id=59 senti=4>
    <w>ansluter</w>
  </absaspan>
  <w>vi</w>
  <absaspan id=60 senti=4>
    <w>oss</w>
  </absaspan>
  <absaspan id=61 senti=4>
    <w>till</w>
  </absaspan>
  <absaspan id=62>
    <w>Alcalás</w>
    <w>,</w>
    <w>Bratts</w>
    <w>och</w>
    <w>Orsonneaus</w>
    <w>initiativ</w>
  </absaspan>
  <w>och</w>
  <w>kommer</w>
  <w>att</w>
  <w>driva</w>
  <w>frågan</w>
  <w>till</w>
  <w>dess</w>
  <w>att</w>
  <w>Dawit</w>
  <w>Isaak</w>
  <w>är</w>
  <w>fri</w>
  <w>.</w>
</absapar>
<absapar id=13>
  <w>THOMAS</w>
  <w>BODSTRÖM</w>
  <w>.</w>
</absapar>
<absapar id=14>
  <w>tidigare</w>
  <w>justitieminister</w>
  <w>(</w>
  <w>S</w>
  <w>)</w>
  <w>.</w>
</absapar>
<absapar id=15>
  <w>JAN</w>
  <w>ELIASSON</w>
  <w>.</w>
</absapar>
<absapar id=16>
  <w>tidigare</w>
  <w>utrikesminister</w>
  <w>(</w>
  <w>S</w>
  <w>)</w>
  <w>.</w>
</absapar>
<absapar id=17>
  <w>Journalisten</w>
  <w>Dawit</w>
  <w>Isaak</w>
  <w>hålls</w>
  <w>sedan</w>
  <w>23</w>
  <w>september</w>
  <w>2001</w>
  <w>fängslad</w>
  <w>i</w>
  <w>Eritrea</w>
  <w>utan</w>
  <w>rättegång</w>
  <w>.</w>
  <w>Isaak</w>
  <w>kom</w>
  <w>till</w>
  <w>Sverige</w>
  <w>som</w>
  <w>flykting</w>
  <w>1987</w>
  <w>.</w>
  <w>Han</w>
  <w>blev</w>
  <w>svensk</w>
  <w>medborgare</w>
  <w>1992</w>
  <w>och</w>
  <w>bosatte</w>
  <w>sig</w>
  <w>i</w>
  <w>Göteborg</w>
  <w>med</w>
  <w>sin</w>
  <w>familj</w>
  <w>,</w>
  <w>men</w>
  <w>återvände</w>
  <w>till</w>
  <w>Eritrea</w>
  <w>för</w>
  <w>att</w>
  <w>arbeta</w>
  <w>på</w>
  <w>tidskriften</w>
  <w>Setit.I</w>
  <w>september</w>
  <w>2001</w>
  <w>publicerade</w>
  <w>Setit</w>
  <w>ett</w>
  <w>öppet</w>
  <w>brev</w>
  <w>som</w>
  <w>krävde</w>
  <w>demokrati</w>
  <w>.</w>
  <w>Isaak</w>
  <w>och</w>
  <w>ett</w>
  <w>20</w>
  <w>-</w>
  <w>tal</w>
  <w>andra</w>
  <w>journalister</w>
  <w>och</w>
  <w>oppositionella</w>
  <w>greps</w>
  <w>.</w>
  <w>Samtidigt</w>
  <w>förbjöds</w>
  <w>alla</w>
  <w>oberoende</w>
  <w>medier</w>
  <w>.</w>
  <w>Sedan</w>
  <w>dess</w>
  <w>har</w>
  <w>Isaak</w>
  <w>suttit</w>
  <w>fängslad</w>
  <w>,</w>
  <w>med</w>
  <w>undantag</w>
  <w>för</w>
  <w>två</w>
  <w>dagar</w>
  <w>då</w>
  <w>han</w>
  <w>släpptes</w>
  <w>och</w>
  <w>sedan</w>
  <w>greps</w>
  <w>igen</w>
  <w>i</w>
  <w>november</w>
  <w>2005</w>
  <w>.</w>
</absapar>
<absapar id=18>
  <w>Redaktör</w>
  <w>:</w>
  <w>Carina</w>
  <w>Stensson</w>
  <w>,</w>
  <w>Biträdande</w>
  <w>redaktör</w>
  <w>:</w>
  <w>Björn</w>
  <w>Jorner</w>
  <w>,</w>
  <w>Mejl</w>
  <w>:</w>
  <w>debatt</w>
  <w>@</w>
  <w>svd.se</w>
  <w>,</w>
  <w>Telefonnummer</w>
  <w>:</w>
  <w>08</w>
  <w>-</w>
  <w>135149</w>
  <w>,</w>
  <w>Twitter</w>
  <w>:</w>
  <w>@</w>
  <w>SvDDebatt</w>
  <w>,</w>
  <w>Facebook</w>
  <w>:</w>
  <w>SvD</w>
  <w>Debatt</w>
  <w>.</w>
</absapar>
</absadoc>
