<absadoc annotators=1 senti=>
<absatitle>
  <w>Träffade</w>
  <w>en</w>
  <absaspan id=1 senti=4 target=2>
    <w>jättegullig</w>
  </absaspan>
  <absaspan id=2>
    <w>tjej</w>
  </absaspan>
  <w>men</w>
  <w>hon</w>
  <w>berättade</w>
  <w>hennes</w>
  <w>"</w>
  <w>sexhistorik</w>
  <w>"</w>
  <w>.</w>
  <w>.</w>
  <w>.</w>
</absatitle>
<absapar id=1>
  <w>Alltså</w>
  <w>seriöst</w>
  <w>tjejer</w>
  <w>,</w>
  <w>visst</w>
  <w>jag</w>
  <w>har</w>
  <w>legat</w>
  <w>runt</w>
  <w>en</w>
  <w>del</w>
  <w>också</w>
  <w>men</w>
  <w>när</w>
  <w>ni</w>
  <w>berättar</w>
  <w>för</w>
  <w>en</w>
  <w>kille</w>
  <w>ni</w>
  <w>håller</w>
  <w>på</w>
  <w>bli</w>
  <w>tillsammans</w>
  <w>att</w>
  <w>ni</w>
  <w>har</w>
  <w>legat</w>
  <w>med</w>
  <w>både</w>
  <absaspan id=3 senti=1>
    <w>araber</w>
    <w>och</w>
    <w>negrer</w>
  </absaspan>
  <w>.</w>
  <w>.</w>
  <w>.</w>
  <w>Visst</w>
  <w>ska</w>
  <w>man</w>
  <w>inte</w>
  <w>bry</w>
  <w>sig</w>
  <w>så</w>
  <w>mycket</w>
  <w>om</w>
  <w>förflutna</w>
  <w>men</w>
  <w>det</w>
  <w>finns</w>
  <w>gränser</w>
  <w>.</w>
</absapar>
<absapar id=2>
  <w>Antingen</w>
  <w>berättar</w>
  <w>ni</w>
  <w>inget</w>
  <w>och</w>
  <w>hoppas</w>
  <w>till</w>
  <w>Gud</w>
  <w>att</w>
  <w>de</w>
  <w>inte</w>
  <w>får</w>
  <w>reda</w>
  <w>på</w>
  <w>det</w>
  <w>eller</w>
  <w>så</w>
  <w>går</w>
  <w>ni</w>
  <w>och</w>
  <w>avlar</w>
  <w>barn</w>
  <w>med</w>
  <w>en</w>
  <absaspan id=4 senti=1>
    <w>arab</w>
    <w>/</w>
    <w>neger</w>
  </absaspan>
  <w>som</w>
  <w>ni</w>
  <w>gillade</w>
  <w>innan</w>
  <w>.</w>
  <absaspan id=5>
    <w>Ingen</w>
    <w>normal</w>
    <w>människa</w>
  </absaspan>
  <w>kommer</w>
  <absaspan id=6 senti=1>
    <w>ta</w>
  </absaspan>
  <absaspan id=7>
    <w>er</w>
  </absaspan>
  <absaspan id=8 senti=1>
    <w>med</w>
  </absaspan>
  <absaspan id=9 senti=1>
    <w>tång</w>
  </absaspan>
  <w>ens</w>
  <w>om</w>
  <absaspan id=10>
    <w>ni</w>
  </absaspan>
  <absaspan id=11 senti=1>
    <w>öppnat</w>
    <w>fittan</w>
    <w>till</w>
    <w>diverse</w>
    <w>smutsfolk</w>
  </absaspan>
  <w>.</w>
  <w>.</w>
  <absaspan id=12>
    <w>.</w>
  </absaspan>
</absapar>
<absapar id=3>
  <w>Frågeställning</w>
  <w>:</w>
  <w>.</w>
</absapar>
<absapar id=4>
  <w>#</w>
  <w>P</w>
  <w>IMM</w>
  <w>.</w>
  <w>1</w>
  <w>.</w>
  <w>Har</w>
  <w>ni</w>
  <w>tjejer</w>
  <w>berättat</w>
  <w>till</w>
  <w>er</w>
  <w>kille</w>
  <w>att</w>
  <absaspan id=13>
    <w>ni</w>
  </absaspan>
  <absaspan id=14 senti=1>
    <w>särat</w>
    <w>på</w>
    <w>benen</w>
  </absaspan>
  <w>till</w>
  <w>araber</w>
  <w>eller</w>
  <absaspan id=15 senti=1>
    <w>negrer</w>
  </absaspan>
  <w>och</w>
  <w>hur</w>
  <w>reagerade</w>
  <w>han</w>
  <w>?</w>
  <w>.</w>
</absapar>
<absapar id=5>
  <w>#</w>
  <w>P</w>
  <w>IMM</w>
  <w>.</w>
  <w>2</w>
  <w>.</w>
  <w>Vad</w>
  <w>ni</w>
  <w>gjorde</w>
  <w>i</w>
  <w>era</w>
  <w>tidigare</w>
  <w>liv</w>
  <w>har</w>
  <w>konsekvenser</w>
  <w>och</w>
  <w>det</w>
  <w>kommer</w>
  <w>de</w>
  <w>flesta</w>
  <w>också</w>
  <w>säga</w>
  <w>och</w>
  <w>denna</w>
  <w>fråga</w>
  <w>är</w>
  <w>riktad</w>
  <w>till</w>
  <w>killar</w>
  <w>:</w>
  <w>skulle</w>
  <w>ni</w>
  <w>kunna</w>
  <w>vara</w>
  <w>tillsammans</w>
  <w>med</w>
  <w>en</w>
  <w>tjej</w>
  <w>som</w>
  <w>gjort</w>
  <w>det</w>
  <w>jag</w>
  <w>beskrev</w>
  <w>ovan</w>
  <w>?</w>
  <w>.</w>
</absapar>
</absadoc>
