<absadoc annotators=1 senti=>
<absatitle>
  <w>Omvänd</w>
  <w>psykologi</w>
  <w>.</w>
  <w>Ordet</w>
  <w>rasist</w>
  <w>kommer</w>
  <w>ni</w>
  <w>få</w>
  <w>äta</w>
  <w>upp</w>
  <w>.</w>
</absatitle>
<absapar id=1>
  <w>Märker</w>
  <w>alla</w>
  <absaspan id=1 senti=2>
    <w>PK</w>
  </absaspan>
  <absaspan id=2 senti=2>
    <w>/</w>
    <w>vänstervridna</w>
    <w>/</w>
    <w>feminister</w>
  </absaspan>
  <absaspan id=3 senti=2>
    <w>/</w>
    <w>kulturberikare</w>
  </absaspan>
  <w>att</w>
  <absaspan id=4 senti=4>
    <w>en</w>
    <w>vettig</w>
  </absaspan>
  <absaspan id=5>
    <w>trend</w>
    <w>sprids</w>
    <w>i</w>
    <w>Sverige</w>
  </absaspan>
  <w>?</w>
  <w>.</w>
</absapar>
<absapar id=2>
  <w>Nu</w>
  <w>börjar</w>
  <w>folk</w>
  <w>tröttna</w>
  <w>på</w>
  <w>allvar</w>
  <w>på</w>
  <absaspan id=6>
    <w>era</w>
  </absaspan>
  <absaspan id=7 senti=2>
    <w>hatiska</w>
    <w>debatter</w>
  </absaspan>
  <w>i</w>
  <w>tv</w>
  <w>och</w>
  <w>internet</w>
  <w>.</w>
  <w>Har</w>
  <w>ni</w>
  <w>märkt</w>
  <w>hur</w>
  <w>lite</w>
  <w>ordet</w>
  <w>rasism</w>
  <w>betyder</w>
  <w>just</w>
  <w>i</w>
  <w>detta</w>
  <w>nu</w>
  <w>?</w>
  <w>Bara</w>
  <w>att</w>
  <w>ens</w>
  <w>säga</w>
  <w>ordet</w>
  <w>Sverige</w>
  <w>är</w>
  <w>rasism</w>
  <w>för</w>
  <w>er</w>
  <w>.</w>
  <w>Ni</w>
  <w>kommer</w>
  <w>få</w>
  <w>äta</w>
  <w>upp</w>
  <w>allt</w>
  <w>ni</w>
  <w>säger</w>
  <w>.</w>
  <absaspan id=8 senti=4>
    <w>Skratta</w>
    <w>bäst</w>
    <w>som</w>
    <w>skrattar</w>
    <w>sist</w>
  </absaspan>
  <w>!</w>
  <w>Vi</w>
  <w>skojar</w>
  <w>om</w>
  <w>er</w>
  <w>och</w>
  <w>nu</w>
  <w>kan</w>
  <w>inte</w>
  <w>försvara</w>
  <w>er</w>
  <w>längre</w>
  <w>(</w>
  <w>På</w>
  <w>riktigt</w>
  <w>)</w>
  <w>Ni</w>
  <w>har</w>
  <w>inte</w>
  <w>kunnat</w>
  <w>göra</w>
  <w>det</w>
  <w>innan</w>
  <w>men</w>
  <w>nu</w>
  <w>vet</w>
  <w>ni</w>
  <w>om</w>
  <w>det</w>
  <w>själva</w>
  <w>.</w>
</absapar>
<absapar id=3>
  <w>Hur</w>
  <w>känns</w>
  <w>det</w>
  <w>att</w>
  <w>ni</w>
  <w>kommer</w>
  <w>falla</w>
  <w>i</w>
  <w>era</w>
  <w>gropar</w>
  <w>som</w>
  <w>ni</w>
  <w>själva</w>
  <w>grävt</w>
  <w>för</w>
  <w>utsatta</w>
  <w>människor</w>
  <w>?</w>
  <w>Slå</w>
  <w>upp</w>
  <w>ordet</w>
  <w>rasism</w>
  <w>och</w>
  <w>lär</w>
  <w>er</w>
  <w>vad</w>
  <w>det</w>
  <w>betyder</w>
  <w>eller</w>
  <w>prata</w>
  <w>och</w>
  <w>diskutera</w>
  <w>som</w>
  <w>en</w>
  <w>normal</w>
  <w>vuxen</w>
  <w>.</w>
</absapar>
<absapar id=4>
  <w>SD</w>
  <w>?</w>
  <w>Kanske</w>
  <w>inte</w>
  <w>har</w>
  <w>rätt</w>
  <w>i</w>
  <w>allt</w>
  <w>.</w>
  <w>Men</w>
  <absaspan id=9>
    <w>dom</w>
  </absaspan>
  <absaspan id=10 senti=4>
    <w>blir</w>
    <w>starkare</w>
    <w>pga</w>
    <w>ert</w>
    <w>hat</w>
  </absaspan>
  <w>.</w>
  <w>Ni</w>
  <w>tillåter</w>
  <w>att</w>
  <w>brottslighet</w>
  <w>ska</w>
  <w>stå</w>
  <w>i</w>
  <w>fokus</w>
  <w>bland</w>
  <w>annat</w>
  <w>.</w>
  <w>Det</w>
  <w>handlar</w>
  <w>bara</w>
  <w>om</w>
  <w>det</w>
  <w>.</w>
  <w>Ni</w>
  <w>har</w>
  <w>inte</w>
  <w>blivit</w>
  <w>drabbade</w>
  <w>som</w>
  <w>många</w>
  <w>andra</w>
  <w>stackare</w>
  <w>här</w>
  <w>i</w>
  <w>samhället</w>
  <w>men</w>
  <w>det</w>
  <w>kommer</w>
  <w>en</w>
  <w>storm</w>
  <w>hem</w>
  <w>till</w>
  <w>er</w>
  <w>snart</w>
  <w>ska</w>
  <w>ni</w>
  <w>se</w>
  <w>.</w>
  <w>Och</w>
  <w>hur</w>
  <w>ska</w>
  <w>ni</w>
  <w>kunna</w>
  <w>vända</w>
  <w>kappan</w>
  <w>efter</w>
  <w>vinden</w>
  <w>när</w>
  <w>dom</w>
  <w>rättsliga</w>
  <w>goda</w>
  <w>medborgarna</w>
  <w>äntligen</w>
  <w>vann</w>
  <w>?</w>
  <w>.</w>
</absapar>
<absapar id=5>
  <w>P.S</w>
  <w>behövde</w>
  <w>få</w>
  <w>prata</w>
  <w>ut</w>
  <w>mig</w>
  <w>.</w>
  <w>Neutral</w>
  <w>väljare</w>
  <w>,</w>
  <absaspan id=11 senti=4>
    <w>ska</w>
    <w>jävlas</w>
    <w>och</w>
    <w>rösta</w>
    <w>på</w>
    <w>SD</w>
  </absaspan>
  <w>om</w>
  <w>ni</w>
  <w>inte</w>
  <w>skärper</w>
  <w>er</w>
  <w>till</w>
  <w>valet</w>
  <w>2014</w>
  <absaspan id=12>
    <w>.</w>
  </absaspan>
  <w>Kram</w>
  <w>.</w>
</absapar>
</absadoc>
