<absadoc annotators=1 senti=>
<absatitle>
  <w>Vulkanen</w>
  <w>har</w>
  <w>något</w>
  <w>hon</w>
  <w>vill</w>
  <w>säga</w>
  <w>dig</w>
  <w>.</w>
</absatitle>
<absapar id=1>
  <w>Vulkanen</w>
  <w>på</w>
  <w>Island</w>
  <w>sprutar</w>
  <w>lava</w>
  <w>och</w>
  <w>aska</w>
  <w>.</w>
  <w>Flygtrafiken</w>
  <w>i</w>
  <w>stora</w>
  <w>delar</w>
  <w>av</w>
  <w>Europa</w>
  <w>står</w>
  <w>stilla</w>
  <w>.</w>
  <w>Det</w>
  <w>är</w>
  <w>så</w>
  <w>det</w>
  <w>är</w>
  <w>,</w>
  <w>vare</w>
  <w>sig</w>
  <w>vi</w>
  <w>vill</w>
  <w>eller</w>
  <w>inte</w>
  <w>.</w>
  <w>Det</w>
  <w>är</w>
  <w>verkligheten</w>
  <w>.</w>
</absapar>
<absapar id=2>
  <w>För</w>
  <w>två</w>
  <w>veckor</w>
  <w>sedan</w>
  <w>flög</w>
  <w>jag</w>
  <w>över</w>
  <w>Eyjafjallajökull</w>
  <w>,</w>
  <w>en</w>
  <w>gnistrande</w>
  <w>vacker</w>
  <w>vårkväll</w>
  <w>.</w>
  <absaspan id=1 senti=4>
    <w>Stolta</w>
  </absaspan>
  <absaspan id=2>
    <w>islänningar</w>
  </absaspan>
  <w>pekade</w>
  <w>ut</w>
  <absaspan id=3>
    <w>den</w>
    <w>svarta</w>
    <w>pelaren</w>
    <w>av</w>
    <w>rök</w>
    <w>som</w>
    <w>visade</w>
    <w>naturens</w>
    <w>kraft</w>
    <w>och</w>
    <w>storhet</w>
  </absaspan>
  <w>.</w>
  <w>Vi</w>
  <w>som</w>
  <w>satt</w>
  <w>i</w>
  <w>turistklass</w>
  <w>fick</w>
  <w>till</w>
  <w>och</w>
  <w>med</w>
  <w>gå</w>
  <w>in</w>
  <w>i</w>
  <w>businessklass</w>
  <w>för</w>
  <w>att</w>
  <w>kunna</w>
  <w>se</w>
  <w>den</w>
  <w>.</w>
</absapar>
<absapar id=3>
  <w>I</w>
  <w>dag</w>
  <w>sitter</w>
  <w>hundratusentals</w>
  <w>resenärer</w>
  <w>och</w>
  <w>väntar</w>
  <w>på</w>
  <w>att</w>
  <w>komma</w>
  <w>hem</w>
  <w>eller</w>
  <w>resa</w>
  <w>bort</w>
  <w>.</w>
  <w>På</w>
  <w>stökiga</w>
  <w>flygplatser</w>
  <w>utan</w>
  <w>sängplatser</w>
  <w>och</w>
  <w>andra</w>
  <w>självklarheter</w>
  <w>,</w>
  <w>lösryckta</w>
  <w>ut</w>
  <w>tidtabellers</w>
  <w>och</w>
  <w>rutiners</w>
  <w>skenbara</w>
  <w>säkerhet</w>
  <w>.</w>
</absapar>
<absapar id=4>
  <w>De</w>
  <w>har</w>
  <w>fått</w>
  <w>chansen</w>
  <w>att</w>
  <w>stanna</w>
  <w>upp</w>
  <w>i</w>
  <w>nuet</w>
  <w>och</w>
  <w>kanske</w>
  <w>uppleva</w>
  <w>Havamals</w>
  <w>jordnära</w>
  <w>och</w>
  <w>enkla</w>
  <w>glädjeämnen</w>
  <w>.</w>
  <w>”</w>
  <w>Eld</w>
  <w>behöver</w>
  <w>den</w>
  <w>in</w>
  <w>har</w>
  <w>kommit</w>
  <w>och</w>
  <w>kall</w>
  <w>har</w>
  <w>blivit</w>
  <w>om</w>
  <w>knäna</w>
  <w>.</w>
  <w>”</w>
  <w>.</w>
</absapar>
<absapar id=5>
  <w>Eyjafjallajökull</w>
  <w>,</w>
  <w>som</w>
  <w>bara</w>
  <w>är</w>
  <w>en</w>
  <w>lillasyster</w>
  <w>till</w>
  <w>den</w>
  <w>mäktigare</w>
  <w>Katla</w>
  <w>,</w>
  <w>påminner</w>
  <w>oss</w>
  <w>om</w>
  <w>att</w>
  <w>vi</w>
  <w>måste</w>
  <w>stanna</w>
  <w>upp</w>
  <w>och</w>
  <w>se</w>
  <w>vad</w>
  <w>som</w>
  <w>är</w>
  <w>viktigt</w>
  <w>i</w>
  <w>livet</w>
  <w>.</w>
  <w>Verkligheten</w>
  <w>.</w>
  <w>Hon</w>
  <w>kommer</w>
  <w>att</w>
  <w>fortsätta</w>
  <w>sprida</w>
  <w>aska</w>
  <w>tills</w>
  <w>hon</w>
  <w>är</w>
  <w>klar</w>
  <w>,</w>
  <w>hur</w>
  <w>mycket</w>
  <w>vi</w>
  <w>än</w>
  <w>diskuterar</w>
  <w>för</w>
  <w>-</w>
  <w>och</w>
  <w>nackdelar</w>
  <w>med</w>
  <w>att</w>
  <w>hon</w>
  <w>gör</w>
  <w>det</w>
  <w>.</w>
</absapar>
<absapar id=6>
  <w>Vad</w>
  <w>vill</w>
  <w>hon</w>
  <w>säga</w>
  <w>?</w>
  <w>.</w>
</absapar>
<absapar id=7>
  <w>Kanske</w>
  <w>vill</w>
  <w>hon</w>
  <w>påminna</w>
  <w>oss</w>
  <w>om</w>
  <w>att</w>
  <w>vi</w>
  <w>förlorat</w>
  <w>vår</w>
  <w>respekt</w>
  <w>för</w>
  <w>jorden</w>
  <w>och</w>
  <w>naturen</w>
  <w>.</w>
  <w>Att</w>
  <w>vi</w>
  <w>lever</w>
  <w>som</w>
  <w>om</w>
  <w>vi</w>
  <w>vore</w>
  <w>dess</w>
  <w>herrar</w>
  <w>och</w>
  <w>inte</w>
  <w>dess</w>
  <w>inhysingar</w>
  <w>.</w>
  <w>Mana</w>
  <w>oss</w>
  <w>till</w>
  <w>ödmjukhet</w>
  <w>och</w>
  <w>tacksamhet</w>
  <w>över</w>
  <w>naturen</w>
  <w>.</w>
  <w>Få</w>
  <w>oss</w>
  <w>att</w>
  <w>se</w>
  <w>att</w>
  <w>allt</w>
  <w>är</w>
  <w>föränderligt</w>
  <w>och</w>
  <w>att</w>
  <w>kontroll</w>
  <w>är</w>
  <w>en</w>
  <w>chimär</w>
  <w>.</w>
</absapar>
<absapar id=8>
  <w>#</w>
  <w>P</w>
  <w>IMM</w>
  <w>.</w>
  <w>”</w>
  <w>Var</w>
  <w>öppna</w>
  <w>för</w>
  <w>det</w>
  <w>som</w>
  <w>händer</w>
  <w>.</w>
  <w>När</w>
  <w>det</w>
  <w>händer</w>
  <w>.</w>
  <w>”</w>
  <w>Säger</w>
  <w>hon</w>
  <w>nog</w>
  <w>.</w>
  <w>Se</w>
  <w>livets</w>
  <w>hela</w>
  <w>omfång</w>
  <w>.</w>
  <w>Lyckan</w>
  <w>och</w>
  <w>katastrofen</w>
  <w>.</w>
</absapar>
<absapar id=9>
  <w>Inte</w>
  <w>för</w>
  <w>att</w>
  <w>det</w>
  <w>är</w>
  <w>någon</w>
  <w>katastrof</w>
  <w>att</w>
  <w>behöva</w>
  <w>avboka</w>
  <w>en</w>
  <w>planerad</w>
  <w>resa</w>
  <w>.</w>
  <w>Men</w>
  <w>ett</w>
  <w>streck</w>
  <w>i</w>
  <w>räkningen</w>
  <w>.</w>
  <w>Ett</w>
  <w>streck</w>
  <w>i</w>
  <w>räkningen</w>
  <w>som</w>
  <w>kan</w>
  <w>hjälpa</w>
  <w>oss</w>
  <w>att</w>
  <w>stanna</w>
  <w>upp</w>
  <w>i</w>
  <w>nuets</w>
  <w>glädje</w>
  <w>.</w>
  <w>Och</w>
  <w>att</w>
  <w>acceptera</w>
  <w>det</w>
  <w>som</w>
  <w>är</w>
  <w>.</w>
  <w>Det</w>
  <w>som</w>
  <w>inte</w>
  <w>går</w>
  <w>att</w>
  <w>förändra</w>
  <w>.</w>
</absapar>
<absapar id=10>
  <w>Tänk</w>
  <w>att</w>
  <w>Eyjafjallajökull</w>
  <w>kan</w>
  <w>så</w>
  <w>mycket</w>
  <w>om</w>
  <w>mindfulness</w>
  <w>!</w>
  <absaspan id=4>
    <w>Österländsk</w>
    <w>levnadsfilosofi</w>
    <w>och</w>
    <w>isländsk</w>
    <w>vishet</w>
  </absaspan>
  <absaspan id=5 senti=4>
    <w>gifter</w>
    <w>sig</w>
    <w>väl</w>
  </absaspan>
  <w>.</w>
</absapar>
<absapar id=11>
  <w>Båda</w>
  <w>vill</w>
  <w>visa</w>
  <w>oss</w>
  <w>att</w>
  <w>inte</w>
  <w>ta</w>
  <w>allt</w>
  <w>för</w>
  <w>givet</w>
  <w>.</w>
  <w>Inte</w>
  <w>leva</w>
  <w>på</w>
  <w>automatik</w>
  <w>och</w>
  <w>tro</w>
  <w>att</w>
  <w>vi</w>
  <w>har</w>
  <w>kontroll</w>
  <w>.</w>
  <w>Hjälpa</w>
  <w>oss</w>
  <w>att</w>
  <w>se</w>
  <w>tillvarons</w>
  <w>föränderlighet</w>
  <w>och</w>
  <w>erbjuda</w>
  <w>möjligheten</w>
  <w>att</w>
  <w>förhålla</w>
  <w>oss</w>
  <w>till</w>
  <w>verkligheten</w>
  <w>som</w>
  <w>den</w>
  <w>är</w>
  <w>i</w>
  <w>stunden</w>
  <w>.</w>
  <w>Inte</w>
  <w>som</w>
  <w>den</w>
  <w>har</w>
  <w>varit</w>
  <w>eller</w>
  <w>kommer</w>
  <w>att</w>
  <w>bli</w>
  <w>,</w>
  <w>för</w>
  <w>det</w>
  <w>vet</w>
  <w>vi</w>
  <w>ingenting</w>
  <w>om</w>
  <w>.</w>
</absapar>
<absapar id=12>
  <w>Eyjafjallajökull</w>
  <w>talar</w>
  <w>med</w>
  <w>kraftfull</w>
  <w>stämma</w>
  <w>,</w>
  <w>som</w>
  <w>fått</w>
  <w>nästan</w>
  <w>hela</w>
  <w>Europa</w>
  <w>att</w>
  <w>stå</w>
  <w>stilla</w>
  <w>.</w>
  <w>Men</w>
  <w>lyssnar</w>
  <w>vi</w>
  <w>tillräckligt</w>
  <w>noga</w>
  <w>?</w>
  <w>Hör</w>
  <w>vi</w>
  <w>henne</w>
  <w>när</w>
  <w>hon</w>
  <w>säger</w>
  <w>att</w>
  <w>vi</w>
  <w>har</w>
  <w>förlorat</w>
  <w>vår</w>
  <w>ödmjukhet</w>
  <w>inför</w>
  <w>naturen</w>
  <w>och</w>
  <w>manar</w>
  <w>oss</w>
  <w>att</w>
  <w>ta</w>
  <w>vara</w>
  <w>på</w>
  <w>möjligheten</w>
  <w>att</w>
  <w>leva</w>
  <w>så</w>
  <w>att</w>
  <w>vi</w>
  <w>inte</w>
  <w>förstör</w>
  <w>jorden</w>
  <w>för</w>
  <w>kommande</w>
  <w>generationer</w>
  <w>?</w>
  <w>.</w>
</absapar>
<absapar id=13>
  <w>För</w>
  <w>verkligheten</w>
  <w>är</w>
  <w>att</w>
  <w>vi</w>
  <w>håller</w>
  <w>på</w>
  <w>att</w>
  <w>göra</w>
  <w>det</w>
  <w>.</w>
  <w>Nu</w>
  <w>.</w>
</absapar>
<absapar id=14>
  <w>Stanna</w>
  <w>upp</w>
  <w>!</w>
  <w>säger</w>
  <w>Eyjafjallajökull</w>
  <w>,</w>
  <w>som</w>
  <w>en</w>
  <w>nutida</w>
  <w>Vala</w>
  <w>.</w>
  <w>Stanna</w>
  <w>upp</w>
  <w>nu</w>
  <w>!</w>
  <w>Det</w>
  <w>är</w>
  <w>nu</w>
  <w>du</w>
  <w>måste</w>
  <w>ta</w>
  <w>ställning</w>
  <w>till</w>
  <w>vad</w>
  <w>som</w>
  <w>är</w>
  <w>viktigast</w>
  <w>i</w>
  <w>livet</w>
  <w>,</w>
  <w>vad</w>
  <w>du</w>
  <w>kan</w>
  <w>förändra</w>
  <w>och</w>
  <w>vad</w>
  <w>du</w>
  <w>måste</w>
  <w>acceptera</w>
  <w>.</w>
</absapar>
<absapar id=15>
  <w>Det</w>
  <w>är</w>
  <w>nu</w>
  <w>du</w>
  <w>måste</w>
  <w>se</w>
  <w>verkligheten</w>
  <w>som</w>
  <w>den</w>
  <w>är</w>
  <w>.</w>
</absapar>
<absapar id=16>
  <w>FAKTA</w>
  <w>.</w>
</absapar>
<absapar id=17>
  <w>Åsa</w>
  <w>Palmkron</w>
  <w>Ragnar</w>
  <w>.</w>
</absapar>
</absadoc>
