<absadoc annotators=1 senti=0>
<absatitle>
  <absaspan id=1>
    <w>Asiatiska</w>
    <w>ungdomar</w>
  </absaspan>
  <w>-</w>
  <absaspan id=2 senti=2 target=1>
    <w>nästa</w>
    <w>problemgrupp</w>
    <w>?</w>
  </absaspan>
</absatitle>
<absapar id=1 senti=2>
  <w>Efter</w>
  <w>att</w>
  <w>ha</w>
  <w>besökt</w>
  <w>kinesiska</w>
  <w>restauranger</w>
  <w>nagra</w>
  <w>ganger</w>
  <w>under</w>
  <w>senare</w>
  <w>ar</w>
  <w>,</w>
  <w>har</w>
  <w>jag</w>
  <w>noterat</w>
  <w>ett</w>
  <w>förändrrat</w>
  <w>beteende</w>
  <w>hos</w>
  <w>asiatiska</w>
  <w>ungdomar</w>
  <w>.</w>
  <w>Det</w>
  <w>handlar</w>
  <w>om</w>
  <absaspan id=3>
    <w>kinesiska</w>
    <w>/</w>
    <w>asiatiska</w>
    <w>ungdomar</w>
    <w>pa</w>
    <w>ca</w>
    <w>20</w>
    <w>ar</w>
  </absaspan>
  <w>,</w>
  <w>som</w>
  <w>kommer</w>
  <w>i</w>
  <w>grupper</w>
  <w>om</w>
  <w>6</w>
  <w>-</w>
  <w>12</w>
  <w>personer</w>
  <w>.</w>
  <w>De</w>
  <w>sätter</w>
  <w>sig</w>
  <w>ner</w>
  <w>vid</w>
  <w>flera</w>
  <w>bord</w>
  <w>-</w>
  <w>och</w>
  <w>skriker</w>
  <w>till</w>
  <w>varandra</w>
  <w>.</w>
  <w>Det</w>
  <w>later</w>
  <w>som</w>
  <w>värsta</w>
  <w>lagstadieklassen</w>
  <w>,</w>
  <w>ja</w>
  <absaspan id=4 senti=2>
    <w>rena</w>
    <w>rama</w>
    <w>MENA-beteendet</w>
  </absaspan>
  <w>.</w>
</absapar>
<absapar id=2>
  <w>Tidigare</w>
  <w>gällde</w>
  <w>asiater</w>
  <w>för</w>
  <w>att</w>
  <w>vara</w>
  <w>en</w>
  <w>uppskattad</w>
  <w>och</w>
  <w>skötsam</w>
  <w>invandrargrupp</w>
  <w>,</w>
  <w>men</w>
  <w>haller</w>
  <w>den</w>
  <w>bilden</w>
  <w>pa</w>
  <w>att</w>
  <w>förändras</w>
  <w>?</w>
  <w>.</w>
</absapar>
</absadoc>
