<absadoc annotators=1 senti=>
<absatitle>
  <w>Vad</w>
  <w>vill</w>
  <w>antifeminismen</w>
  <absaspan id=1 senti=2>
    <w>?</w>
  </absaspan>
</absatitle>
<absapar id=1>
  <w>Länge</w>
  <w>sedan</w>
  <w>den</w>
  <w>frågan</w>
  <w>diskuterats</w>
  <w>i</w>
  <w>en</w>
  <w>tråd</w>
  <w>,</w>
  <w>så</w>
  <w>känner</w>
  <w>det</w>
  <w>är</w>
  <w>dags</w>
  <absaspan id=2 senti=4>
    <w>.</w>
  </absaspan>
</absapar>
<absapar id=2>
  <absaspan id=3>
    <w>Många</w>
  </absaspan>
  <absaspan id=4>
    <w>som</w>
  </absaspan>
  <absaspan id=5 senti=4 irony>
    <w>glatt</w>
  </absaspan>
  <absaspan id=6>
    <w>kallar</w>
    <w>sig</w>
    <w>för</w>
    <w>antifeminister</w>
  </absaspan>
  <w>,</w>
  <w>utan</w>
  <w>att</w>
  <w>verka</w>
  <w>ha</w>
  <w>eller</w>
  <w>uttrycka</w>
  <w>annan</w>
  <w>orsak</w>
  <w>till</w>
  <w>detta</w>
  <w>än</w>
  <w>att</w>
  <absaspan id=7>
    <w>de</w>
  </absaspan>
  <absaspan id=8 senti=1>
    <w>hatar</w>
  </absaspan>
  <absaspan id=9>
    <w>feminister</w>
  </absaspan>
  <w>,</w>
  <w>typ</w>
  <absaspan id=10>
    <w>.</w>
  </absaspan>
</absapar>
<absapar id=3>
  <absaspan id=11>
    <w>Är</w>
  </absaspan>
  <absaspan id=12>
    <w>antifeminism</w>
  </absaspan>
  <absaspan id=13 senti=2>
    <w>ens</w>
  </absaspan>
  <absaspan id=14>
    <w>en</w>
    <w>ideologi</w>
  </absaspan>
  <w>?</w>
  <w>dvs</w>
  <w>har</w>
  <w>de</w>
  <w>en</w>
  <w>plan</w>
  <w>/</w>
  <w>idé</w>
  <w>kring</w>
  <w>hur</w>
  <w>samhället</w>
  <w>bör</w>
  <w>utformas</w>
  <w>?</w>
  <w>.</w>
</absapar>
<absapar id=4>
  <w>Hur</w>
  <w>ser</w>
  <w>den</w>
  <w>i</w>
  <w>sånt</w>
  <w>fall</w>
  <w>ut</w>
  <w>?</w>
  <w>.</w>
</absapar>
<absapar id=5>
  <w>eller</w>
  <w>är</w>
  <absaspan id=15>
    <w>de</w>
  </absaspan>
  <w>bara</w>
  <w>en</w>
  <absaspan id=16 senti=2>
    <w>"</w>
    <w>anti</w>
    <w>"</w>
  </absaspan>
  <absaspan id=17>
    <w>någonting</w>
    <w>annat</w>
  </absaspan>
  <w>,</w>
  <w>dvs</w>
  <w>vad</w>
  <w>än</w>
  <w>detta</w>
  <w>andra</w>
  <w>än</w>
  <w>säger</w>
  <w>så</w>
  <w>är</w>
  <w>man</w>
  <w>ANTI</w>
  <w>-</w>
  <w>!</w>
  <w>.</w>
</absapar>
<absapar id=6>
  <w>eller</w>
  <w>ännu</w>
  <w>mer</w>
  <w>,</w>
  <w>man</w>
  <w>bestämmer</w>
  <w>/</w>
  <w>hittar</w>
  <w>på</w>
  <w>hur</w>
  <w>detta</w>
  <w>andra</w>
  <w>ser</w>
  <w>ut</w>
  <w>/</w>
  <w>säger</w>
  <w>/</w>
  <w>står</w>
  <w>för</w>
  <w>och</w>
  <w>så</w>
  <w>är</w>
  <w>man</w>
  <w>ANTI</w>
  <w>-</w>
  <absaspan id=18 senti=2>
    <w>.</w>
  </absaspan>
</absapar>
<absapar id=7>
  <w>Dags</w>
  <w>förklara</w>
  <w>sig</w>
  <w>herrar</w>
  <w>(</w>
  <w>och</w>
  <w>gärna</w>
  <w>också</w>
  <w>damer</w>
  <w>)</w>
  <w>antifeminister</w>
  <w>.</w>
</absapar>
<absapar id=8>
  <w>-</w>
  <w>Vilka</w>
  <w>förändringar</w>
  <w>vill</w>
  <w>ni</w>
  <w>göra</w>
  <w>i</w>
  <w>det</w>
  <w>svenska</w>
  <w>samhället</w>
  <w>idag</w>
  <w>?</w>
  <w>Och</w>
  <w>här</w>
  <w>efterfrågar</w>
  <w>jag</w>
  <absaspan id=19 senti=4>
    <w>handfasta</w>
    <w>,</w>
    <w>reella</w>
  </absaspan>
  <absaspan id=20>
    <w>förslag</w>
  </absaspan>
  <w>.</w>
</absapar>
<absapar id=9>
  <w>-</w>
  <w>Hur</w>
  <w>vill</w>
  <w>ni</w>
  <w>att</w>
  <w>ett</w>
  <w>framtida</w>
  <w>Sverige</w>
  <w>ska</w>
  <w>se</w>
  <w>ut</w>
  <w>gällande</w>
  <w>kön</w>
  <w>/</w>
  <w>genus</w>
  <w>?</w>
  <w>Ska</w>
  <w>vi</w>
  <w>ha</w>
  <w>roller</w>
  <w>för</w>
  <w>vardera</w>
  <w>kön</w>
  <w>?</w>
  <w>och</w>
  <w>hur</w>
  <w>ska</w>
  <w>dessa</w>
  <w>i</w>
  <w>sånt</w>
  <w>fall</w>
  <w>se</w>
  <w>ut</w>
  <w>?</w>
  <w>.</w>
</absapar>
<absapar id=10>
  <w>Jag</w>
  <absaspan id=21 senti=4>
    <w>nöjer</w>
    <w>mig</w>
    <w>med</w>
  </absaspan>
  <absaspan id=22>
    <w>dessa</w>
    <w>2</w>
    <w>frågor</w>
  </absaspan>
  <w>.</w>
  <w>.</w>
</absapar>
<absapar id=11>
  <absaspan id=23>
    <w>Uttömmande</w>
    <w>svar</w>
  </absaspan>
  <absaspan id=24 senti=5>
    <w>vore</w>
    <w>trevligt</w>
  </absaspan>
  <w>.</w>
</absapar>
<absapar id=12>
  <absaspan id=25>
    <w>Trams</w>
    <w>och</w>
    <w>skit</w>
  </absaspan>
  <absaspan id=26 senti=2>
    <w>undanbedes</w>
  </absaspan>
  <w>.</w>
</absapar>
</absadoc>
