<absadoc annotators=1 senti=>
<absatitle>
  <w>Alternativ</w>
  <w>behövs</w>
  <w>för</w>
  <w>att</w>
  <w>få</w>
  <w>bort</w>
  <w>rökningen</w>
  <w>.</w>
</absatitle>
<absapar id=1>
  <w>Det</w>
  <w>är</w>
  <w>rökningen</w>
  <w>som</w>
  <w>sådan</w>
  <w>som</w>
  <w>skadar</w>
  <w>användaren</w>
  <w>och</w>
  <w>bidrar</w>
  <w>till</w>
  <w>höga</w>
  <w>ohälsotal</w>
  <w>.</w>
  <w>Därför</w>
  <w>pågår</w>
  <w>det</w>
  <w>en</w>
  <w>utfasning</w>
  <w>av</w>
  <w>cigaretten</w>
  <w>.</w>
  <w>För</w>
  <w>att</w>
  <w>klara</w>
  <w>övergången</w>
  <w>till</w>
  <w>ett</w>
  <w>rökfritt</w>
  <w>samhälle</w>
  <w>2025</w>
  <w>behöver</w>
  <w>vi</w>
  <w>underlätta</w>
  <w>för</w>
  <w>nya</w>
  <w>rökfria</w>
  <w>tobaksprodukter</w>
  <w>att</w>
  <w>nå</w>
  <w>ut</w>
  <w>till</w>
  <w>dem</w>
  <w>som</w>
  <w>med</w>
  <w>dagens</w>
  <w>alternativ</w>
  <w>inte</w>
  <w>skulle</w>
  <w>sluta</w>
  <w>att</w>
  <w>röka</w>
  <w>,</w>
  <w>skriver</w>
  <w>Claude</w>
  <w>Guiron</w>
  <w>,</w>
  <w>Phillip</w>
  <w>Morris</w>
  <w>Norden</w>
  <w>,</w>
  <w>i</w>
  <w>en</w>
  <w>slutreplik</w>
  <w>.</w>
</absapar>
<absapar id=2>
  <w>I</w>
  <w>stället</w>
  <w>för</w>
  <w>att</w>
  <absaspan id=1 senti=5>
    <w>välkomna</w>
  </absaspan>
  <absaspan id=2>
    <w>alla</w>
    <w>sätt</w>
    <w>att</w>
    <w>nå</w>
    <w>ett</w>
    <w>rökfritt</w>
    <w>samhälle</w>
  </absaspan>
  <w>,</w>
  <absaspan id=3 senti=1>
    <w>avvisar</w>
  </absaspan>
  <absaspan id=4>
    <w>Helen</w>
    <w>Stjerna</w>
  </absaspan>
  <w>,</w>
  <w>generalsekreterare</w>
  <w>för</w>
  <w>A</w>
  <w>Non</w>
  <w>Smoking</w>
  <w>Generation</w>
  <w>,</w>
  <absaspan id=5>
    <w>idén</w>
    <w>om</w>
    <w>skademinimering</w>
    <w>på</w>
    <w>tobaksområdet</w>
  </absaspan>
  <w>(</w>
  <w>SvD</w>
  <w>Debatt</w>
  <w>27</w>
  <w>/</w>
  <w>5</w>
  <w>)</w>
  <w>.</w>
  <w>Utan</w>
  <w>att</w>
  <w>ange</w>
  <w>några</w>
  <w>sakskäl</w>
  <w>annat</w>
  <w>än</w>
  <w>att</w>
  <w>den</w>
  <w>bör</w>
  <w>sättas</w>
  <w>i</w>
  <w>ett</w>
  <w>kommersiellt</w>
  <w>sammanhang</w>
  <w>.</w>
</absapar>
<absapar id=3>
  <w>Det</w>
  <w>här</w>
  <w>är</w>
  <w>en</w>
  <w>argumenterande</w>
  <w>text</w>
  <w>med</w>
  <w>syfte</w>
  <w>att</w>
  <w>påverka</w>
  <w>.</w>
  <w>Åsikterna</w>
  <w>som</w>
  <w>uttrycks</w>
  <w>är</w>
  <w>skribentens</w>
  <w>egna</w>
  <w>.</w>
</absapar>
<absapar id=4>
  <w>Rökningen</w>
  <w>i</w>
  <w>Sverige</w>
  <w>minskar</w>
  <w>inte</w>
  <w>i</w>
  <absaspan id=6>
    <w>den</w>
    <w>takt</w>
  </absaspan>
  <w>som</w>
  <absaspan id=7 senti=4>
    <w>vore</w>
    <w>önskvärt</w>
  </absaspan>
  <w>.</w>
  <w>Därför</w>
  <w>behöver</w>
  <w>vi</w>
  <w>fler</w>
  <w>alternativ</w>
  <w>än</w>
  <w>de</w>
  <w>som</w>
  <w>hittills</w>
  <w>stått</w>
  <w>till</w>
  <w>buds</w>
  <w>och</w>
  <w>det</w>
  <w>är</w>
  <w>här</w>
  <w>skademinimering</w>
  <w>genom</w>
  <w>rökfria</w>
  <w>produkter</w>
  <w>kommer</w>
  <w>in</w>
  <w>.</w>
  <w>Skademinimering</w>
  <w>riktar</w>
  <w>sig</w>
  <w>till</w>
  <w>de</w>
  <w>individer</w>
  <w>som</w>
  <w>med</w>
  <w>nuvarande</w>
  <w>åtgärder</w>
  <w>för</w>
  <w>att</w>
  <w>minska</w>
  <w>rökning</w>
  <w>inte</w>
  <w>slutar</w>
  <w>med</w>
  <w>cigaretter</w>
  <w>.</w>
  <absaspan id=8 senti=4>
    <w>Lika</w>
    <w>lite</w>
  </absaspan>
  <w>som</w>
  <absaspan id=9>
    <w>sprututbytesprogram</w>
  </absaspan>
  <absaspan id=10 senti=4>
    <w>är</w>
  </absaspan>
  <absaspan id=11 senti=4>
    <w>ett</w>
    <w>hinder</w>
    <w>för</w>
    <w>andra</w>
    <w>åtgärder</w>
    <w>mot</w>
    <w>narkotika</w>
  </absaspan>
  <absaspan id=12>
    <w>är</w>
    <w>rökfria</w>
    <w>alternativ</w>
  </absaspan>
  <absaspan id=13 senti=4>
    <w>ett</w>
  </absaspan>
  <absaspan id=14 senti=4>
    <w>hinder</w>
  </absaspan>
  <w>för</w>
  <w>att</w>
  <w>fortsätta</w>
  <w>det</w>
  <w>övriga</w>
  <w>arbetet</w>
  <w>med</w>
  <w>att</w>
  <w>begränsa</w>
  <w>rökningens</w>
  <w>skadeverkningar</w>
  <w>.</w>
</absapar>
<absapar id=5>
  <absaspan id=15>
    <w>Non</w>
    <w>Smoking</w>
    <w>Generation</w>
  </absaspan>
  <absaspan id=16 senti=4>
    <w>spelar</w>
    <w>en</w>
    <w>viktig</w>
    <w>roll</w>
  </absaspan>
  <w>för</w>
  <w>att</w>
  <w>begränsa</w>
  <w>nikotinanvändning</w>
  <w>hos</w>
  <w>unga</w>
  <w>.</w>
  <w>E-cigaretter</w>
  <w>och</w>
  <w>andra</w>
  <w>nya</w>
  <w>tobaksprodukter</w>
  <w>innehåller</w>
  <w>nikotin</w>
  <w>och</w>
  <absaspan id=17>
    <w>jag</w>
  </absaspan>
  <absaspan id=18 senti=4>
    <w>delar</w>
    <w>helt</w>
    <w>uppfattningen</w>
  </absaspan>
  <w>att</w>
  <absaspan id=19>
    <w>barn</w>
    <w>och</w>
    <w>unga</w>
    <w>inte</w>
    <w>skall</w>
    <w>använda</w>
    <w>dessa</w>
    <w>produkter</w>
  </absaspan>
  <w>.</w>
  <absaspan id=20>
    <w>Åldersgräns</w>
    <w>och</w>
    <w>marknadsföringsförbud</w>
    <w>mot</w>
    <w>minderåriga</w>
  </absaspan>
  <w>är</w>
  <w>därför</w>
  <absaspan id=21 senti=4>
    <w>riktiga</w>
    <w>åtgärder</w>
  </absaspan>
  <w>.</w>
  <absaspan id=22>
    <w>Jag</w>
  </absaspan>
  <absaspan id=23 senti=4>
    <w>delar</w>
    <w>även</w>
    <w>uppfattningen</w>
  </absaspan>
  <w>att</w>
  <absaspan id=24>
    <w>produkterna</w>
    <w>inte</w>
    <w>borde</w>
    <w>tillåtas</w>
    <w>att</w>
    <w>ha</w>
    <w>smaker</w>
    <w>som</w>
    <w>påminner</w>
    <w>om</w>
    <w>godis</w>
  </absaspan>
  <w>.</w>
  <w>Däremot</w>
  <w>är</w>
  <absaspan id=25>
    <w>smaktillsatser</w>
    <w>som</w>
    <w>riktar</w>
    <w>sig</w>
    <w>till</w>
    <w>vuxna</w>
  </absaspan>
  <w>en</w>
  <absaspan id=26 senti=4>
    <w>nödvändighet</w>
  </absaspan>
  <w>om</w>
  <absaspan id=27>
    <w>vuxna</w>
    <w>rökare</w>
  </absaspan>
  <w>,</w>
  <w>som</w>
  <w>annars</w>
  <w>skulle</w>
  <w>fortsätta</w>
  <w>att</w>
  <w>röka</w>
  <w>,</w>
  <absaspan id=28 senti=4>
    <w>ska</w>
    <w>vilja</w>
    <w>skifta</w>
    <w>till</w>
  </absaspan>
  <absaspan id=29>
    <w>de</w>
    <w>rökfria</w>
    <w>alternativen</w>
  </absaspan>
  <w>.</w>
</absapar>
<absapar id=6>
  <absaspan id=30>
    <w>Philip</w>
    <w>Morris</w>
  </absaspan>
  <absaspan id=31 senti=4>
    <w>ser</w>
    <w>gärna</w>
  </absaspan>
  <w>att</w>
  <absaspan id=32>
    <w>det</w>
    <w>ställs</w>
    <w>höga</w>
    <w>krav</w>
    <w>på</w>
    <w>regleringen</w>
    <w>av</w>
    <w>nya</w>
    <w>rökfria</w>
    <w>tobaksprodukter</w>
  </absaspan>
  <w>.</w>
  <absaspan id=33>
    <w>Vetenskaplig</w>
    <w>dokumentation</w>
    <w>av</w>
    <w>innehållets</w>
    <w>hälsorisker</w>
    <w>vid</w>
    <w>användning</w>
  </absaspan>
  <absaspan id=34 senti=5>
    <w>är</w>
    <w>i</w>
    <w>allra</w>
    <w>högsta</w>
    <w>grad</w>
    <w>ett</w>
    <w>rimligt</w>
    <w>sådant</w>
  </absaspan>
  <w>.</w>
  <w>Producenterna</w>
  <w>bör</w>
  <w>även</w>
  <w>redovisa</w>
  <w>i</w>
  <w>vilken</w>
  <w>utsträckning</w>
  <absaspan id=35>
    <w>den</w>
    <w>nya</w>
    <w>produkten</w>
  </absaspan>
  <absaspan id=36 senti=4>
    <w>är</w>
    <w>attraktiv</w>
  </absaspan>
  <w>för</w>
  <absaspan id=37>
    <w>icke</w>
    <w>rökare</w>
    <w>och</w>
    <w>före</w>
    <w>detta</w>
    <w>rökare</w>
  </absaspan>
  <w>.</w>
  <w>För</w>
  <w>att</w>
  <w>förmå</w>
  <w>fler</w>
  <w>av</w>
  <w>dem</w>
  <w>som</w>
  <w>annars</w>
  <w>skulle</w>
  <w>fortsätta</w>
  <w>att</w>
  <w>röka</w>
  <w>att</w>
  <w>skifta</w>
  <w>till</w>
  <w>rökfria</w>
  <w>alternativ</w>
  <w>behövs</w>
  <w>samverkan</w>
  <w>av</w>
  <w>olika</w>
  <w>insatser</w>
  <w>,</w>
  <w>vilket</w>
  <w>allt</w>
  <w>fler</w>
  <w>länder</w>
  <w>i</w>
  <w>övriga</w>
  <w>Europa</w>
  <w>har</w>
  <w>insett</w>
  <w>.</w>
  <absaspan id=38 senti=4>
    <w>Det</w>
    <w>är</w>
    <w>dags</w>
  </absaspan>
  <w>att</w>
  <absaspan id=39>
    <w>prioritera</w>
    <w>rökfria</w>
    <w>tobaksvaror</w>
    <w>framför</w>
    <w>cigaretter</w>
  </absaspan>
  <w>och</w>
  <w>fokusera</w>
  <w>på</w>
  <w>att</w>
  <w>minimera</w>
  <w>rökningens</w>
  <w>skadeverkningar</w>
  <w>,</w>
  <w>På</w>
  <w>detta</w>
  <w>sätt</w>
  <w>når</w>
  <w>vi</w>
  <w>snabbare</w>
  <w>ett</w>
  <w>rökfritt</w>
  <w>Sverige</w>
  <w>.</w>
</absapar>
<absapar id=7>
  <w>Claude</w>
  <w>Guiron</w>
  <w>.</w>
</absapar>
<absapar id=8>
  <w>vetenskaplig</w>
  <w>direktör</w>
  <w>Phillip</w>
  <w>Morris</w>
  <w>Norden</w>
  <w>.</w>
</absapar>
<absapar id=9>
  <w>Skräddarsydda</w>
  <w>kurser</w>
  <w>i</w>
  <w>ämnen</w>
  <w>som</w>
  <w>intresserar</w>
  <w>och</w>
  <w>engagerar</w>
  <w>både</w>
  <w>kropp</w>
  <w>och</w>
  <w>själ</w>
  <w>.</w>
</absapar>
<absapar id=10>
  <w>Redaktör</w>
  <w>:</w>
  <w>Carina</w>
  <w>Stensson</w>
  <w>,</w>
  <w>Biträdande</w>
  <w>redaktör</w>
  <w>:</w>
  <w>Björn</w>
  <w>Jorner</w>
  <w>,</w>
  <w>Mejl</w>
  <w>:</w>
  <w>debatt</w>
  <w>@</w>
  <w>svd.se</w>
  <w>,</w>
  <w>Telefonnummer</w>
  <w>:</w>
  <w>08</w>
  <w>-</w>
  <w>135149</w>
  <w>,</w>
  <w>Twitter</w>
  <w>:</w>
  <w>@</w>
  <w>SvDDebatt</w>
  <w>,</w>
  <w>Facebook</w>
  <w>:</w>
  <w>SvD</w>
  <w>Debatt</w>
  <w>.</w>
</absapar>
</absadoc>
