<absadoc annotators=1 senti=>
<absatitle>
  <w>M</w>
  <w>:</w>
  <w>Ansvar</w>
  <w>för</w>
  <w>försvaret</w>
  <w>måste</w>
  <w>sättas</w>
  <w>främst</w>
  <w>.</w>
</absatitle>
<absapar id=1>
  <w>Det</w>
  <w>är</w>
  <w>en</w>
  <w>allvarlig</w>
  <w>risk</w>
  <w>att</w>
  <w>försvaret</w>
  <w>har</w>
  <w>haft</w>
  <w>svårt</w>
  <w>att</w>
  <w>både</w>
  <w>rekrytera</w>
  <w>och</w>
  <w>behålla</w>
  <w>personal</w>
  <w>över</w>
  <w>tid</w>
  <w>.</w>
  <w>Det</w>
  <w>skriver</w>
  <w>M-politikerna</w>
  <w>Jan</w>
  <w>R</w>
  <w>Andersson</w>
  <w>och</w>
  <w>Lotta</w>
  <w>Olsson</w>
  <w>i</w>
  <w>en</w>
  <w>replik</w>
  <w>till</w>
  <w>unga</w>
  <w>moderater</w>
  <w>.</w>
</absapar>
<absapar id=2>
  <w>Muf</w>
  <w>Stockholm</w>
  <w>lyfter</w>
  <w>på</w>
  <w>SvD</w>
  <w>Debatt</w>
  <w>frågan</w>
  <w>om</w>
  <w>försvarets</w>
  <w>framtida</w>
  <w>personalförsörjning</w>
  <w>och</w>
  <w>utredningsförslaget</w>
  <w>om</w>
  <w>ökade</w>
  <w>inslag</w>
  <w>av</w>
  <w>plikt</w>
  <w>.</w>
  <w>Det</w>
  <w>är</w>
  <w>en</w>
  <w>viktig</w>
  <w>principiell</w>
  <w>diskussion</w>
  <w>.</w>
  <w>Det</w>
  <w>nuvarande</w>
  <w>säkerhetspolitiska</w>
  <w>läget</w>
  <w>i</w>
  <w>Sverige</w>
  <w>innebär</w>
  <w>en</w>
  <w>ny</w>
  <w>normalbild</w>
  <w>.</w>
  <w>Det</w>
  <w>är</w>
  <w>en</w>
  <w>anledning</w>
  <w>varför</w>
  <w>vi</w>
  <w>ställer</w>
  <w>krav</w>
  <w>på</w>
  <w>regeringen</w>
  <w>att</w>
  <w>kalla</w>
  <w>in</w>
  <w>en</w>
  <w>ny</w>
  <w>försvarsberedning</w>
  <w>.</w>
  <w>Sverige</w>
  <w>behöver</w>
  <w>en</w>
  <w>ansvarsfull</w>
  <w>försvars</w>
  <w>-</w>
  <w>och</w>
  <w>säkerhetspolitik</w>
  <w>.</w>
  <w>Ett</w>
  <w>pragmatiskt</w>
  <w>förhållningssätt</w>
  <w>för</w>
  <w>att</w>
  <w>lösa</w>
  <w>Försvarsmaktens</w>
  <w>långsiktiga</w>
  <w>personalförsörjning</w>
  <w>är</w>
  <w>därför</w>
  <w>viktigt</w>
  <w>–</w>
  <w>för</w>
  <w>oss</w>
  <w>moderater</w>
  <w>,</w>
  <w>och</w>
  <w>ytterst</w>
  <w>för</w>
  <w>hur</w>
  <w>Sveriges</w>
  <w>försvarsförmåga</w>
  <w>ska</w>
  <w>kunna</w>
  <w>stärkas</w>
  <w>.</w>
</absapar>
<absapar id=3>
  <w>Det</w>
  <w>här</w>
  <w>är</w>
  <w>en</w>
  <w>argumenterande</w>
  <w>text</w>
  <w>med</w>
  <w>syfte</w>
  <w>att</w>
  <w>påverka</w>
  <w>.</w>
  <w>Åsikterna</w>
  <w>som</w>
  <w>uttrycks</w>
  <w>är</w>
  <w>skribentens</w>
  <w>egna</w>
  <w>.</w>
</absapar>
<absapar id=4>
  <w>En</w>
  <w>viktig</w>
  <w>framgångsfaktor</w>
  <w>i</w>
  <w>skapandet</w>
  <w>av</w>
  <w>Nya</w>
  <w>Moderaterna</w>
  <w>var</w>
  <w>att</w>
  <w>fokus</w>
  <w>ska</w>
  <w>ligga</w>
  <w>på</w>
  <w>att</w>
  <w>identifiera</w>
  <w>och</w>
  <w>hantera</w>
  <w>samhällsproblemen</w>
  <w>.</w>
  <w>Problemet</w>
  <w>när</w>
  <w>det</w>
  <w>gäller</w>
  <w>försvarets</w>
  <w>personalförsörjning</w>
  <w>är</w>
  <w>att</w>
  <w>det</w>
  <w>är</w>
  <w>svårt</w>
  <w>att</w>
  <w>både</w>
  <w>rekrytera</w>
  <w>och</w>
  <w>behålla</w>
  <w>personal</w>
  <w>över</w>
  <w>tid</w>
  <w>.</w>
  <w>Detta</w>
  <w>är</w>
  <w>något</w>
  <w>som</w>
  <w>är</w>
  <w>en</w>
  <w>allvarlig</w>
  <w>risk</w>
  <w>,</w>
  <w>särskilt</w>
  <w>på</w>
  <w>sikt</w>
  <w>,</w>
  <w>och</w>
  <w>något</w>
  <w>måste</w>
  <w>vi</w>
  <w>förhålla</w>
  <w>oss</w>
  <w>till</w>
  <w>.</w>
</absapar>
<absapar id=5>
  <w>Alliansregeringen</w>
  <w>avskaffade</w>
  <w>inte</w>
  <w>värnplikten</w>
  <w>,</w>
  <w>den</w>
  <w>lades</w>
  <w>vilande</w>
  <w>,</w>
  <w>och</w>
  <w>detta</w>
  <w>i</w>
  <w>en</w>
  <w>annan</w>
  <w>kontext</w>
  <w>än</w>
  <w>idag</w>
  <w>.</w>
  <w>Utredningen</w>
  <w>om</w>
  <w>Försvarsmaktens</w>
  <w>långsiktiga</w>
  <w>personalförsörjning</w>
  <w>har</w>
  <w>nu</w>
  <w>presenterat</w>
  <w>ett</w>
  <w>antal</w>
  <w>förslag</w>
  <w>där</w>
  <w>frivilligheten</w>
  <w>fortsatt</w>
  <w>är</w>
  <w>grunden</w>
  <w>,</w>
  <w>men</w>
  <w>där</w>
  <w>det</w>
  <w>föreslås</w>
  <w>ökade</w>
  <w>inslag</w>
  <w>av</w>
  <w>plikt</w>
  <w>som</w>
  <w>komplement</w>
  <w>.</w>
  <w>I</w>
  <w>utredningen</w>
  <w>finns</w>
  <w>också</w>
  <w>flera</w>
  <w>förslag</w>
  <w>om</w>
  <w>hur</w>
  <w>detta</w>
  <w>kan</w>
  <w>ske</w>
  <w>med</w>
  <w>en</w>
  <w>hög</w>
  <w>grad</w>
  <w>av</w>
  <w>frivillighet</w>
  <w>genom</w>
  <w>att</w>
  <w>använda</w>
  <w>olika</w>
  <w>incitament</w>
  <w>till</w>
  <w>unga</w>
  <w>kvinnor</w>
  <w>och</w>
  <w>män</w>
  <w>.</w>
</absapar>
<absapar id=6>
  <w>Från</w>
  <w>Moderaternas</w>
  <w>sida</w>
  <w>kommer</w>
  <w>vi</w>
  <w>nu</w>
  <w>att</w>
  <w>analysera</w>
  <w>förslagen</w>
  <w>grundligt</w>
  <w>och</w>
  <w>lyssna</w>
  <w>in</w>
  <w>vad</w>
  <w>Försvarsmakten</w>
  <w>anser</w>
  <w>.</w>
  <w>Det</w>
  <w>är</w>
  <w>fortsatt</w>
  <w>anställda</w>
  <w>soldater</w>
  <w>,</w>
  <w>sjömän</w>
  <w>och</w>
  <w>officerare</w>
  <w>som</w>
  <w>utgör</w>
  <w>grunden</w>
  <w>och</w>
  <w>inte</w>
  <w>ett</w>
  <w>gamla</w>
  <w>tidens</w>
  <w>värnpliktsförsvar</w>
  <w>.</w>
  <w>Mot</w>
  <w>bakgrund</w>
  <w>av</w>
  <w>det</w>
  <w>oroliga</w>
  <w>säkerhetsläget</w>
  <w>och</w>
  <w>de</w>
  <w>problem</w>
  <w>som</w>
  <w>finns</w>
  <w>i</w>
  <w>försvarets</w>
  <w>personalförsörjning</w>
  <w>måste</w>
  <absaspan id=1>
    <w>vi</w>
  </absaspan>
  <absaspan id=2 senti=4>
    <w>vara</w>
    <w>öppna</w>
    <w>inför</w>
    <w>att</w>
    <w>använda</w>
    <w>alla</w>
    <w>de</w>
    <w>verktyg</w>
    <w>som</w>
    <w>står</w>
    <w>till</w>
    <w>buds</w>
  </absaspan>
  <w>.</w>
  <w>Allt</w>
  <w>annat</w>
  <w>vore</w>
  <w>oansvarigt</w>
  <w>.</w>
</absapar>
<absapar id=7>
  <w>Jan</w>
  <w>R</w>
  <w>Andersson</w>
  <w>(</w>
  <w>M</w>
  <w>)</w>
  <w>.</w>
</absapar>
<absapar id=8>
  <w>ledamot</w>
  <w>av</w>
  <w>riksdagens</w>
  <w>försvarsutskott</w>
  <w>.</w>
</absapar>
<absapar id=9>
  <w>Skräddarsydda</w>
  <w>kurser</w>
  <w>i</w>
  <w>ämnen</w>
  <w>som</w>
  <w>intresserar</w>
  <w>och</w>
  <w>engagerar</w>
  <w>både</w>
  <w>kropp</w>
  <w>och</w>
  <w>själ</w>
  <w>.</w>
</absapar>
<absapar id=10>
  <w>Lotta</w>
  <w>Olsson</w>
  <w>(</w>
  <w>M</w>
  <w>)</w>
  <w>.</w>
</absapar>
<absapar id=11>
  <w>ledamot</w>
  <w>av</w>
  <w>riksdagens</w>
  <w>försvarsutskott</w>
  <w>.</w>
</absapar>
<absapar id=12>
  <w>Redaktör</w>
  <w>:</w>
  <w>Carina</w>
  <w>Stensson</w>
  <w>,</w>
  <w>Biträdande</w>
  <w>redaktör</w>
  <w>:</w>
  <w>Björn</w>
  <w>Jorner</w>
  <w>,</w>
  <w>Mejl</w>
  <w>:</w>
  <w>debatt</w>
  <w>@</w>
  <w>svd.se</w>
  <w>,</w>
  <w>Telefonnummer</w>
  <w>:</w>
  <w>08</w>
  <w>-</w>
  <w>135149</w>
  <w>,</w>
  <w>Twitter</w>
  <w>:</w>
  <w>@</w>
  <w>SvDDebatt</w>
  <w>,</w>
  <w>Facebook</w>
  <w>:</w>
  <w>SvD</w>
  <w>Debatt</w>
  <w>.</w>
</absapar>
</absadoc>
