<absadoc annotators=1 senti=>
<absatitle>
  <w>#</w>
  <w>T</w>
  <w>IMM</w>
  <w>.</w>
  <w>”</w>
  <w>Dags</w>
  <w>att</w>
  <w>ta</w>
  <w>hjälp</w>
  <w>av</w>
  <w>Lyxfällan</w>
  <w>,</w>
  <w>SD</w>
  <w>”</w>
  <absaspan id=1 senti=2>
    <w>.</w>
  </absaspan>
</absatitle>
<absapar id=1>
  <w>Nyligen</w>
  <w>la</w>
  <w>Sverigedemokraterna</w>
  <w>sin</w>
  <w>vårbudget</w>
  <w>.</w>
  <w>Som</w>
  <w>många</w>
  <w>gånger</w>
  <w>tidigare</w>
  <absaspan id=2 senti=2>
    <w>riktades</w>
    <w>skarp</w>
    <w>kritik</w>
    <w>mot</w>
  </absaspan>
  <absaspan id=3>
    <w>innehållet</w>
  </absaspan>
  <w>.</w>
  <w>I</w>
  <w>dag</w>
  <w>publicerade</w>
  <w>en</w>
  <w>debattartikel</w>
  <w>av</w>
  <w>arbetsgivarorganisationen</w>
  <w>Almega</w>
  <w>där</w>
  <w>arbetsmarknadsekonomen</w>
  <w>Li</w>
  <w>Jansson</w>
  <w>föreslår</w>
  <w>att</w>
  <w>partiets</w>
  <w>räknenissar</w>
  <w>tar</w>
  <w>hjälp</w>
  <w>av</w>
  <w>tv-programmet</w>
  <w>Lyxfällans</w>
  <w>plånbokscoacher</w>
  <w>eftersom</w>
  <w>siffrorna</w>
  <w>bygger</w>
  <w>på</w>
  <w>"</w>
  <absaspan id=4 senti=2>
    <w>amatörkalkyler</w>
  </absaspan>
  <w>"</w>
  <w>.</w>
</absapar>
<absapar id=2>
  <w>I</w>
  <w>kvällens</w>
  <w>"</w>
  <w>20</w>
  <w>minuter</w>
  <w>"</w>
  <w>rök</w>
  <w>Sverigedemokraternas</w>
  <w>ekonomisk</w>
  <w>politiske</w>
  <w>talesperson</w>
  <w>Oscar</w>
  <w>Sjöstedt</w>
  <w>och</w>
  <w>Centerpartiets</w>
  <w>chefsekonom</w>
  <w>Martin</w>
  <w>Ådahl</w>
  <w>ihop</w>
  <w>om</w>
  <w>budgeten</w>
  <w>.</w>
</absapar>
<absapar id=3>
  <w>"</w>
  <absaspan id=5>
    <w>Det</w>
  </absaspan>
  <absaspan id=6 senti=2>
    <w>är</w>
    <w>sådant</w>
    <w>strunt</w>
  </absaspan>
  <w>"</w>
  <w>.</w>
</absapar>
<absapar id=4>
  <w>.</w>
  <w>–</w>
  <absaspan id=7>
    <w>Om</w>
  </absaspan>
  <absaspan id=8>
    <w>man</w>
    <w>underfinansierar</w>
    <w>en</w>
    <w>budget</w>
    <w>med</w>
    <w>90</w>
    <w>miljarder</w>
  </absaspan>
  <w>så</w>
  <absaspan id=9 senti=2>
    <w>liknar</w>
  </absaspan>
  <absaspan id=10>
    <w>det</w>
  </absaspan>
  <absaspan id=11 senti=2>
    <w>den</w>
  </absaspan>
  <absaspan id=12 senti=2>
    <w>grekiska</w>
    <w>finanspolitiken</w>
  </absaspan>
  <w>.</w>
  <w>Och</w>
  <w>då</w>
  <w>får</w>
  <w>man</w>
  <w>grekiska</w>
  <w>pensioner</w>
  <w>och</w>
  <w>grekisk</w>
  <w>välfärd</w>
  <absaspan id=13 senti=2>
    <w>.</w>
  </absaspan>
  <absaspan id=14>
    <w>SD</w>
  </absaspan>
  <absaspan id=15>
    <w>prioriterar</w>
    <w>bara</w>
    <w>sin</w>
    <w>egen</w>
    <w>ideologi</w>
    <w>,</w>
    <w>inte</w>
    <w>vanligt</w>
    <w>folk</w>
    <w>,</w>
    <w>sa</w>
    <w>Martin</w>
    <w>Ådahl</w>
  </absaspan>
  <w>.</w>
</absapar>
<absapar id=5>
  <w>Men</w>
  <w>enligt</w>
  <absaspan id=16>
    <w>Oscar</w>
    <w>Sjöstedt</w>
  </absaspan>
  <absaspan id=17 senti=2>
    <w>ligger</w>
  </absaspan>
  <w>det</w>
  <absaspan id=18 senti=2>
    <w>ingenting</w>
  </absaspan>
  <absaspan id=19 senti=2>
    <w>i</w>
  </absaspan>
  <absaspan id=20 senti=2>
    <w>kritiken</w>
  </absaspan>
  <absaspan id=21 senti=2>
    <w>som</w>
    <w>riktats</w>
    <w>mot</w>
  </absaspan>
  <absaspan id=22>
    <w>budgeten</w>
  </absaspan>
  <absaspan id=23>
    <w>.</w>
  </absaspan>
</absapar>
<absapar id=6>
  <w>.</w>
  <w>–</w>
  <absaspan id=24>
    <w>Det</w>
  </absaspan>
  <absaspan id=25 senti=1>
    <w>är</w>
    <w>sådant</w>
    <w>strunt</w>
    <w>att</w>
    <w>jag</w>
    <w>inte</w>
    <w>vet</w>
    <w>var</w>
    <w>jag</w>
    <w>ska</w>
    <w>börja</w>
  </absaspan>
  <w>.</w>
  <w>Vi</w>
  <w>har</w>
  <w>lagt</w>
  <w>fyra</w>
  <w>heltäckande</w>
  <w>budgetar</w>
  <w>och</w>
  <w>har</w>
  <w>större</w>
  <w>finansiellt</w>
  <w>sparande</w>
  <w>än</w>
  <w>regeringen</w>
  <w>,</w>
  <w>sa</w>
  <w>han</w>
  <w>.</w>
</absapar>
<absapar id=7>
  <absaspan id=26>
    <w>Denna</w>
    <w>argumentation</w>
  </absaspan>
  <absaspan id=27 senti=2>
    <w>gjorde</w>
  </absaspan>
  <absaspan id=28>
    <w>Martin</w>
  </absaspan>
  <absaspan id=29>
    <w>Ådahl</w>
  </absaspan>
  <absaspan id=30 senti=2>
    <w>frustrerad</w>
  </absaspan>
  <w>:</w>
  <w>.</w>
</absapar>
<absapar id=8>
  <w>.</w>
  <w>–</w>
  <absaspan id=31>
    <w>Om</w>
  </absaspan>
  <absaspan id=32>
    <w>man</w>
    <w>berättar</w>
    <w>på</w>
    <w>sitt</w>
    <w>eget</w>
    <w>sätt</w>
    <w>så</w>
    <w>kan</w>
    <w>man</w>
    <w>ju</w>
    <w>få</w>
    <w>till</w>
    <w>vadsomhelst</w>
  </absaspan>
  <absaspan id=33 senti=2>
    <w>.</w>
  </absaspan>
  <absaspan id=34>
    <w>Det</w>
  </absaspan>
  <absaspan id=35 senti=2>
    <w>är</w>
    <w>fel</w>
    <w>i</w>
    <w>tre</w>
    <w>led</w>
  </absaspan>
  <w>.</w>
  <w>De</w>
  <w>utgår</w>
  <w>från</w>
  <w>att</w>
  <w>man</w>
  <w>kan</w>
  <w>stoppa</w>
  <w>all</w>
  <w>invandring</w>
  <w>,</w>
  <w>och</w>
  <w>att</w>
  <w>alla</w>
  <w>deras</w>
  <w>jobb</w>
  <w>ska</w>
  <w>gå</w>
  <w>till</w>
  <w>svenskar</w>
  <w>och</w>
  <w>att</w>
  <w>invandrarna</w>
  <w>kostar</w>
  <w>jättemycket</w>
  <w>.</w>
  <w>De</w>
  <w>stämmer</w>
  <w>inte</w>
  <w>och</w>
  <absaspan id=36>
    <w>de</w>
    <w>här</w>
    <w>siffrorna</w>
  </absaspan>
  <absaspan id=37 senti=2>
    <w>är</w>
    <w>tagna</w>
    <w>ur</w>
    <w>luften</w>
  </absaspan>
  <w>,</w>
  <w>det</w>
  <w>finns</w>
  <w>inget</w>
  <w>stöd</w>
  <w>för</w>
  <w>detta</w>
  <w>,</w>
  <w>sa</w>
  <absaspan id=38>
    <w>han</w>
  </absaspan>
  <w>.</w>
</absapar>
<absapar id=9>
  <w>"</w>
  <w>De</w>
  <w>vänder</w>
  <w>sig</w>
  <w>till</w>
  <w>oroliga</w>
  <w>svenskar</w>
  <w>"</w>
  <w>.</w>
</absapar>
<absapar id=10>
  <absaspan id=39>
    <w>Oscar</w>
  </absaspan>
  <absaspan id=40>
    <w>Sjöstedt</w>
  </absaspan>
  <w>vidhöll</w>
  <w>dock</w>
  <w>att</w>
  <w>utrikes</w>
  <w>födda</w>
  <w>i</w>
  <w>genomsnitt</w>
  <w>kostar</w>
  <w>1,5</w>
  <w>gånger</w>
  <w>mer</w>
  <w>i</w>
  <w>välfärdsutgifter</w>
  <w>än</w>
  <w>en</w>
  <w>infödd</w>
  <w>svensk</w>
  <w>.</w>
</absapar>
<absapar id=11>
  <w>.</w>
  <w>–</w>
  <w>Det</w>
  <w>finns</w>
  <w>en</w>
  <w>grund</w>
  <w>att</w>
  <w>anta</w>
  <w>att</w>
  <w>det</w>
  <w>finns</w>
  <w>en</w>
  <w>överrepresentation</w>
  <w>av</w>
  <w>utrikesfödda</w>
  <w>när</w>
  <w>det</w>
  <w>gäller</w>
  <absaspan id=41 senti=2>
    <w>välfärdsutnyttjande</w>
  </absaspan>
  <w>.</w>
  <w>Det</w>
  <w>är</w>
  <w>tydligt</w>
  <w>.</w>
  <w>Och</w>
  <w>i</w>
  <w>många</w>
  <w>fall</w>
  <w>är</w>
  <w>det</w>
  <absaspan id=42 senti=2>
    <w>markant</w>
  </absaspan>
  <absaspan id=43>
    <w>mycket</w>
    <w>mer</w>
    <w>än</w>
    <w>1,5</w>
  </absaspan>
  <w>,</w>
  <w>sa</w>
  <absaspan id=44>
    <w>han</w>
  </absaspan>
  <w>.</w>
</absapar>
<absapar id=12>
  <w>För</w>
  <w>att</w>
  <w>ge</w>
  <w>en</w>
  <w>motbild</w>
  <w>till</w>
  <w>detta</w>
  <w>tog</w>
  <absaspan id=45>
    <w>Martin</w>
  </absaspan>
  <absaspan id=46>
    <w>Ådahl</w>
  </absaspan>
  <w>upp</w>
  <w>exemplet</w>
  <w>Kanada</w>
  <w>som</w>
  <w>har</w>
  <w>stor</w>
  <w>invandring</w>
  <w>,</w>
  <w>både</w>
  <w>av</w>
  <w>arbetskraft</w>
  <w>och</w>
  <w>flyktingar</w>
  <w>och</w>
  <w>där</w>
  <w>många</w>
  <w>kommer</w>
  <w>i</w>
  <w>jobb</w>
  <w>direkt</w>
  <w>och</w>
  <w>bidrar</w>
  <w>till</w>
  <w>samhället</w>
  <w>.</w>
</absapar>
<absapar id=13>
  <w>.</w>
  <w>–</w>
  <w>Det</w>
  <absaspan id=47 senti=2>
    <w>allvarligaste</w>
    <w>är</w>
  </absaspan>
  <absaspan id=48>
    <w>att</w>
    <w>Sverigedemokraterna</w>
    <w>vänder</w>
    <w>sig</w>
    <w>till</w>
    <w>oroliga</w>
    <w>svenskar</w>
    <w>som</w>
    <w>tror</w>
    <w>att</w>
    <w>de</w>
    <w>ska</w>
    <w>få</w>
    <w>jobb</w>
    <w>med</w>
  </absaspan>
  <absaspan id=49>
    <w>den</w>
    <w>här</w>
    <w>politiken</w>
  </absaspan>
  <w>,</w>
  <w>men</w>
  <w>de</w>
  <absaspan id=50 senti=2>
    <w>får</w>
    <w>bara</w>
    <w>strunt</w>
    <w>och</w>
    <w>trams</w>
  </absaspan>
  <w>,</w>
  <w>sa</w>
  <absaspan id=51>
    <w>han</w>
  </absaspan>
  <w>.</w>
</absapar>
</absadoc>
