<absadoc annotators=1 senti=>
<absatitle>
  <w>Etnicitet</w>
  <w>som</w>
  <w>ett</w>
  <w>hinder</w>
  <w>?</w>
</absatitle>
<absapar id=1>
  <w>Jag</w>
  <w>skulle</w>
  <w>säga</w>
  <w>att</w>
  <w>jag</w>
  <w>är</w>
  <w>7</w>
  <w>/</w>
  <w>10</w>
  <w>på</w>
  <w>denna</w>
  <w>skala</w>
  <w>:</w>
  <w>.</w>
</absapar>
<absapar id=2>
  <w>#</w>
  <w>P</w>
  <w>IMM</w>
  <w>.</w>
  <w>.</w>
  <w>Kanske</w>
  <w>att</w>
  <w>jag</w>
  <w>skulle</w>
  <w>kunna</w>
  <w>jobba</w>
  <w>mig</w>
  <w>upp</w>
  <w>till</w>
  <w>8</w>
  <w>/</w>
  <w>10</w>
  <w>.</w>
</absapar>
<absapar id=3>
  <w>Kruxet</w>
  <w>är</w>
  <w>jag</w>
  <w>har</w>
  <w>annan</w>
  <w>etnicitet</w>
  <w>än</w>
  <w>svensk</w>
  <w>(</w>
  <w>centraleuropeisk</w>
  <w>,</w>
  <w>typ</w>
  <w>)</w>
  <w>.</w>
  <w>Jag</w>
  <w>undrar</w>
  <w>hur</w>
  <w>mycket</w>
  <w>det</w>
  <w>tar</w>
  <w>ner</w>
  <w>mitt</w>
  <w>värde</w>
  <w>på</w>
  <w>relationsmarknaden</w>
  <w>att</w>
  <w>vara</w>
  <w>en</w>
  <w>så</w>
  <w>kallad</w>
  <w>rasfrämling</w>
  <w>?</w>
  <w>Nu</w>
  <w>har</w>
  <w>jag</w>
  <w>haft</w>
  <w>samma</w>
  <w>man</w>
  <w>i</w>
  <w>massa</w>
  <w>år</w>
  <w>,</w>
  <w>så</w>
  <w>jag</w>
  <w>vet</w>
  <w>inte</w>
  <w>vem</w>
  <w>som</w>
  <w>skulle</w>
  <w>kunna</w>
  <w>tänka</w>
  <w>sig</w>
  <w>attraheras</w>
  <w>av</w>
  <w>mig</w>
  <w>.</w>
  <w>Det</w>
  <w>är</w>
  <w>sällan</w>
  <w>man</w>
  <w>ser</w>
  <w>svenska</w>
  <w>män</w>
  <w>med</w>
  <w>kvinnor</w>
  <w>som</w>
  <w>jag</w>
  <w>,</w>
  <w>även</w>
  <w>om</w>
  <w>det</w>
  <w>förekommer</w>
  <w>.</w>
  <w>Det</w>
  <w>är</w>
  <w>liksom</w>
  <w>inget</w>
  <w>man</w>
  <w>kan</w>
  <w>fråga</w>
  <w>.</w>
  <w>.</w>
  <w>.</w>
  <w>"</w>
  <w>Tycker</w>
  <w>du</w>
  <w>att</w>
  <w>såna</w>
  <w>som</w>
  <w>jag</w>
  <w>är</w>
  <w>oattraktiva</w>
  <w>?</w>
  <w>"</w>
  <w>Så</w>
  <absaspan id=1 senti=4>
    <w>det</w>
    <w>enda</w>
    <w>jag</w>
    <w>kan</w>
    <w>göra</w>
    <w>är</w>
  </absaspan>
  <w>väl</w>
  <absaspan id=2>
    <w>att</w>
    <w>fråga</w>
    <w>på</w>
    <w>ett</w>
    <w>anonymt</w>
    <w>forum</w>
  </absaspan>
  <w>.</w>
</absapar>
<absapar id=4>
  <w>Tyvärr</w>
  <absaspan id=3 senti=2>
    <w>är</w>
  </absaspan>
  <w>jag</w>
  <absaspan id=4 senti=2>
    <w>inte</w>
  </absaspan>
  <absaspan id=5 senti=2>
    <w>så</w>
    <w>förtjust</w>
    <w>i</w>
  </absaspan>
  <absaspan id=6>
    <w>mina</w>
    <w>egna</w>
  </absaspan>
  <w>,</w>
  <absaspan id=7 senti=4>
    <w>gillar</w>
    <w>i</w>
    <w>princip</w>
    <w>bara</w>
  </absaspan>
  <absaspan id=8>
    <w>svenska</w>
    <w>män</w>
  </absaspan>
  <w>.</w>
  <w>Vet</w>
  <w>inte</w>
  <w>riktigt</w>
  <w>vad</w>
  <w>jag</w>
  <w>ska</w>
  <w>göra</w>
  <w>av</w>
  <w>informationen</w>
  <w>jag</w>
  <w>får</w>
  <w>,</w>
  <w>eftersom</w>
  <w>jag</w>
  <w>ändå</w>
  <w>inte</w>
  <w>kan</w>
  <w>byta</w>
  <w>etnicitet</w>
  <w>.</w>
  <w>Jag</w>
  <w>är</w>
  <w>dock</w>
  <w>nyfiken</w>
  <w>på</w>
  <w>om</w>
  <w>det</w>
  <w>här</w>
  <w>endast</w>
  <w>är</w>
  <w>ett</w>
  <w>mindervärdeskomplex</w>
  <w>från</w>
  <w>min</w>
  <w>sida</w>
  <w>,</w>
  <w>eller</w>
  <w>om</w>
  <w>det</w>
  <w>verkligen</w>
  <w>finns</w>
  <w>hinder</w>
  <w>för</w>
  <w>att</w>
  <w>få</w>
  <w>någon</w>
  <w>att</w>
  <w>överväga</w>
  <w>mig</w>
  <w>seriöst</w>
  <w>.</w>
</absapar>
</absadoc>
