<absadoc annotators=1 senti=>
<absatitle>
  <w>Jobba</w>
  <w>på</w>
  <w>distans</w>
  <w>för</w>
  <w>svenskt</w>
  <w>företag</w>
  <w>,</w>
  <w>bo</w>
  <w>utomlands</w>
  <w>-</w>
  <w>skatt</w>
  <w>?</w>
</absatitle>
<absapar id=1>
  <w>Om</w>
  <w>man</w>
  <w>flyttar</w>
  <w>till</w>
  <w>ett</w>
  <w>annat</w>
  <w>EU-land</w>
  <w>och</w>
  <w>anmäler</w>
  <w>till</w>
  <w>skatteverket</w>
  <w>att</w>
  <w>man</w>
  <w>flyttat</w>
  <w>till</w>
  <w>utlandet</w>
  <w>,</w>
  <w>samtidigt</w>
  <w>som</w>
  <w>man</w>
  <w>behåller</w>
  <w>sin</w>
  <w>anställning</w>
  <w>man</w>
  <w>har</w>
  <w>i</w>
  <w>Sverige</w>
  <w>men</w>
  <w>sköter</w>
  <w>jobbet</w>
  <w>till</w>
  <w>100%</w>
  <w>via</w>
  <w>internet</w>
  <w>på</w>
  <w>distans</w>
  <w>-</w>
  <w>hur</w>
  <w>fungerar</w>
  <w>då</w>
  <w>kommunal</w>
  <w>-</w>
  <w>och</w>
  <w>landstingsskatt</w>
  <w>?</w>
  <w>.</w>
</absapar>
</absadoc>
