<absadoc annotators=1 senti=2>
<absatitle>
  <w>Hur</w>
  <w>hanterar</w>
  <w>vi</w>
  <absaspan id=1>
    <w>svenska</w>
    <w>kvinnor</w>
  </absaspan>
  <absaspan id=2 senti=2 source=1>
    <w>oönskad</w>
    <w>uppmärksamhet</w>
  </absaspan>
  <w>från</w>
  <absaspan id=3>
    <w>icke-europeer</w>
  </absaspan>
  <w>?</w>
</absatitle>
<absapar id=1>
  <w>Nu</w>
  <w>är</w>
  <w>situationen</w>
  <w>ett</w>
  <w>faktum</w>
  <w>och</w>
  <w>vad</w>
  <w>som</w>
  <w>gäller</w>
  <w>är</w>
  <w>"</w>
  <w>harm</w>
  <w>reduction</w>
  <w>"</w>
  <w>.</w>
</absapar>
<absapar id=2>
  <w>Tror</w>
  <w>det</w>
  <w>är</w>
  <w>ytterst</w>
  <w>få</w>
  <w>kvinnor</w>
  <w>under</w>
  <w>50</w>
  <w>som</w>
  <w>inte</w>
  <w>har</w>
  <w>ordentligt</w>
  <w>med</w>
  <w>erfarenhet</w>
  <w>och</w>
  <w>/</w>
  <w>eller</w>
  <w>synpunkter</w>
  <w>om</w>
  <w>det</w>
  <w>här</w>
  <w>.</w>
</absapar>
<absapar id=3>
  <absaspan id=4>
    <w>Det</w>
    <w>där</w>
  </absaspan>
  <absaspan id=5 senti=2>
    <w>har</w>
    <w>varit</w>
    <w>ett</w>
    <w>problem</w>
  </absaspan>
  <w>för</w>
  <w>mig</w>
  <w>hela</w>
  <w>livet</w>
  <w>eftersom</w>
  <w>jag</w>
  <w>är</w>
  <w>lång</w>
  <w>,</w>
  <w>blond</w>
  <w>och</w>
  <w>storbystad</w>
  <w>.</w>
</absapar>
<absapar id=4>
  <w>Till</w>
  <w>att</w>
  <w>börja</w>
  <w>med</w>
  <w>så</w>
  <w>klär</w>
  <w>jag</w>
  <w>mig</w>
  <w>rätt</w>
  <w>konservativt</w>
  <w>.</w>
  <w>Ingen</w>
  <absaspan id=6 senti=2>
    <w>köttmarknad</w>
  </absaspan>
  <w>.</w>
</absapar>
<absapar id=5>
  <w>Vissa</w>
  <w>kanske</w>
  <w>vill</w>
  <w>visa</w>
  <w>vad</w>
  <w>de</w>
  <w>har</w>
  <w>-</w>
  <w>men</w>
  <w>i</w>
  <w>mitt</w>
  <w>fall</w>
  <absaspan id=7>
    <w>syns</w>
  </absaspan>
  <w>det</w>
  <absaspan id=8 senti=4>
    <w>mycket</w>
    <w>bra</w>
  </absaspan>
  <w>vad</w>
  <w>jag</w>
  <w>än</w>
  <w>gör</w>
  <w>.</w>
</absapar>
<absapar id=6>
  <w>Du</w>
  <w>kanske</w>
  <w>är</w>
  <w>likadan</w>
  <w>?</w>
  <w>Överväg</w>
  <w>hur</w>
  <w>mycket</w>
  <w>du</w>
  <w>faktiskt</w>
  <w>behöver</w>
  <w>"</w>
  <absaspan id=9 senti=2>
    <w>bjuda</w>
    <w>på</w>
    <w>gratis</w>
  </absaspan>
  <w>"</w>
  <w>när</w>
  <w>du</w>
  <w>traskar</w>
  <w>omkring</w>
  <w>på</w>
  <w>stan</w>
  <w>.</w>
</absapar>
<absapar id=7>
  <w>vettu</w>
  <w>.</w>
</absapar>
<absapar id=8>
  <w>som</w>
  <w>är</w>
  <w>fulla</w>
  <w>så</w>
  <w>är</w>
  <w>det</w>
  <w>bara</w>
  <w>att</w>
  <w>le</w>
  <w>lite</w>
  <w>flyktigt</w>
  <w>och</w>
  <w>sen</w>
  <w>vända</w>
  <w>bort</w>
  <w>ansiktet</w>
  <w>och</w>
  <w>snabbt</w>
  <w>gå</w>
  <w>därifrån</w>
  <w>.</w>
  <absaspan id=10>
    <w>Nordeuropeer</w>
    <w>och</w>
    <w>östasiater</w>
  </absaspan>
  <absaspan id=11 senti=2>
    <w>glor</w>
    <w>och</w>
    <w>antastar</w>
    <w>nästan</w>
    <w>bara</w>
    <w>när</w>
    <w>de</w>
    <w>är</w>
    <w>fulla</w>
  </absaspan>
  <absaspan id=12>
    <w>.</w>
  </absaspan>
  <w>I</w>
  <w>99.9%</w>
  <w>av</w>
  <w>fallen</w>
  <w>är</w>
  <w>det</w>
  <absaspan id=13 senti=4>
    <w>relativt</w>
    <w>harmlöst</w>
  </absaspan>
  <w>.</w>
</absapar>
<absapar id=9 senti=2>
  <absaspan id=14 senti=2>
    <w>Svårigheten</w>
  </absaspan>
  <w>kommer</w>
  <w>med</w>
  <absaspan id=15>
    <w>afrikaner</w>
    <w>och</w>
    <w>folk</w>
    <w>från</w>
    <w>Mellanöstern</w>
  </absaspan>
  <w>.</w>
</absapar>
<absapar id=10>
  <w>Du</w>
  <w>ska</w>
  <w>INTE</w>
  <w>le</w>
  <w>,</w>
  <w>eller</w>
  <w>endast</w>
  <w>ett</w>
  <w>mycket</w>
  <w>flyktigt</w>
  <w>leende</w>
  <w>.</w>
</absapar>
<absapar id=11 senti=2>
  <absaspan id=16>
    <w>Vanliga</w>
    <w>kvinnor</w>
  </absaspan>
  <w>i</w>
  <w>de</w>
  <w>länderna</w>
  <absaspan id=17 senti=4>
    <w>är</w>
    <w>mycket</w>
    <w>sparsamma</w>
  </absaspan>
  <w>med</w>
  <w>hur</w>
  <w>de</w>
  <w>ler</w>
  <w>mot</w>
  <w>män</w>
  <w>.</w>
  <absaspan id=18>
    <w>Många</w>
  </absaspan>
  <w>har</w>
  <w>ett</w>
  <absaspan id=19 senti=2>
    <w>permanent</w>
    <w>buttert</w>
    <w>uttryck</w>
  </absaspan>
  <w>.</w>
</absapar>
<absapar id=12>
  <w>Så</w>
  <w>är</w>
  <w>det</w>
  <w>,</w>
  <w>och</w>
  <w>det</w>
  <w>ändrar</w>
  <w>men</w>
  <w>inte</w>
  <w>med</w>
  <w>en</w>
  <w>"</w>
  <w>upplysningsklass</w>
  <w>"</w>
  <w>.</w>
</absapar>
<absapar id=13>
  <w>#</w>
  <w>P</w>
  <w>IMM</w>
  <w>.</w>
  <w>.</w>
  <w>Sen</w>
  <w>är</w>
  <w>det</w>
  <w>väl</w>
  <absaspan id=20 senti=2>
    <w>inte</w>
    <w>direkt</w>
  </absaspan>
  <absaspan id=21>
    <w>Mona</w>
    <w>,</w>
    <w>Magdalena</w>
    <w>eller</w>
    <w>Lena</w>
    <w>Mellin</w>
  </absaspan>
  <w>som</w>
  <absaspan id=22 senti=2>
    <w>besväras</w>
  </absaspan>
  <absaspan id=23 senti=2>
    <w>mest</w>
    <w>av</w>
  </absaspan>
  <absaspan id=24>
    <w>de</w>
    <w>här</w>
    <w>problemen</w>
  </absaspan>
  <w>.</w>
  <w>.</w>
  <w>.</w>
</absapar>
<absapar id=14>
  <w>Stirra</w>
  <w>inte</w>
  <w>på</w>
  <w>dem</w>
  <w>heller</w>
  <w>.</w>
  <w>Låtsas</w>
  <w>inte</w>
  <w>om</w>
  <w>dem</w>
  <w>alls</w>
  <w>.</w>
</absapar>
<absapar id=15>
  <w>Funkar</w>
  <w>inte</w>
  <w>det</w>
  <w>,</w>
  <w>utan</w>
  <absaspan id=25>
    <w>de</w>
  </absaspan>
  <w>börjar</w>
  <w>skrika</w>
  <w>eller</w>
  <w>hojta</w>
  <w>efter</w>
  <w>dig</w>
  <w>,</w>
  <w>eller</w>
  <w>rent</w>
  <w>av</w>
  <absaspan id=26 senti=2>
    <w>tafsa</w>
  </absaspan>
  <w>så</w>
  <w>har</w>
  <w>du</w>
  <w>tre</w>
  <w>val</w>
  <w>:</w>
  <w>.</w>
</absapar>
<absapar id=16>
  <w>#</w>
  <w>P</w>
  <w>IMM</w>
  <w>.</w>
  <w>-</w>
  <w>-</w>
  <w>-</w>
  <w>-</w>
  <w>-</w>
  <w>-</w>
  <w>-</w>
  <w>-</w>
  <w>-</w>
  <w>-</w>
  <w>-</w>
  <w>-</w>
  <w>-</w>
  <w>-</w>
  <w>-</w>
  <w>-</w>
  <w>-</w>
  <w>-</w>
  <w>-</w>
  <w>-</w>
  <w>-</w>
  <w>-</w>
  <w>-</w>
  <w>-</w>
  <w>-</w>
  <w>-</w>
  <w>-</w>
  <w>-</w>
  <w>-</w>
  <w>-</w>
  <w>-</w>
  <w>-</w>
  <w>-</w>
  <w>-</w>
  <w>-</w>
  <w>-</w>
  <w>-</w>
  <w>-</w>
  <w>-</w>
  <w>-</w>
  <w>-</w>
  <w>-</w>
  <w>-</w>
  <w>-</w>
  <w>-</w>
  <w>-</w>
  <w>-</w>
  <w>-</w>
  <w>-</w>
  <w>-</w>
  <w>-</w>
  <w>-</w>
  <w>-</w>
  <w>-</w>
  <w>-</w>
  <w>-</w>
  <w>-</w>
  <w>-</w>
  <w>-</w>
  <w>-</w>
  <w>-</w>
  <w>-</w>
  <w>-</w>
  <w>-</w>
  <w>-</w>
  <w>-</w>
  <w>-</w>
  <w>-</w>
  <w>-</w>
  <w>-</w>
  <w>-</w>
  <w>-</w>
  <w>-</w>
  <w>-</w>
  <w>-</w>
  <w>-</w>
  <w>-</w>
  <w>-</w>
  <w>-</w>
  <w>.</w>
</absapar>
<absapar id=17>
  <w>(</w>
  <w>vilket</w>
  <absaspan id=27 senti=2>
    <w>kan</w>
    <w>vara</w>
    <w>provocerande</w>
  </absaspan>
  <w>)</w>
  <absaspan id=28>
    <w>.</w>
  </absaspan>
  <w>Om</w>
  <absaspan id=29>
    <w>du</w>
  </absaspan>
  <absaspan id=30 senti=2>
    <w>blir</w>
    <w>pressad</w>
  </absaspan>
  <w>att</w>
  <w>säga</w>
  <w>något</w>
  <w>så</w>
  <w>säg</w>
  <w>att</w>
  <w>du</w>
  <w>måste</w>
  <w>hem</w>
  <w>till</w>
  <w>din</w>
  <w>man</w>
  <w>och</w>
  <w>har</w>
  <w>bråttom</w>
  <w>.</w>
  <absaspan id=31>
    <w>Huruvida</w>
    <w>du</w>
    <w>har</w>
    <w>en</w>
    <w>man</w>
    <w>eller</w>
    <w>ej</w>
  </absaspan>
  <absaspan id=32 senti=2>
    <w>är</w>
    <w>oväsentligt</w>
  </absaspan>
  <w>.</w>
  <w>Ge</w>
  <w>dig</w>
  <w>inte</w>
  <w>in</w>
  <w>i</w>
  <w>någon</w>
  <w>ordväxling</w>
  <w>.</w>
  <w>Gå</w>
  <w>(</w>
  <w>spring</w>
  <w>inte</w>
  <w>)</w>
  <w>fort</w>
  <w>därifrån</w>
  <w>.</w>
</absapar>
<absapar id=18>
  <w>#</w>
  <w>P</w>
  <w>IMM</w>
  <w>.</w>
  <w>-</w>
  <w>-</w>
  <w>-</w>
  <w>-</w>
  <w>-</w>
  <w>-</w>
  <w>-</w>
  <w>-</w>
  <w>-</w>
  <w>-</w>
  <w>-</w>
  <w>-</w>
  <w>-</w>
  <w>-</w>
  <w>-</w>
  <w>-</w>
  <w>-</w>
  <w>-</w>
  <w>-</w>
  <w>-</w>
  <w>-</w>
  <w>-</w>
  <w>-</w>
  <w>-</w>
  <w>-</w>
  <w>-</w>
  <w>-</w>
  <w>-</w>
  <w>-</w>
  <w>-</w>
  <w>-</w>
  <w>-</w>
  <w>-</w>
  <w>-</w>
  <w>-</w>
  <w>-</w>
  <w>-</w>
  <w>-</w>
  <w>-</w>
  <w>-</w>
  <w>-</w>
  <w>-</w>
  <w>-</w>
  <w>-</w>
  <w>-</w>
  <w>-</w>
  <w>-</w>
  <w>-</w>
  <w>-</w>
  <w>-</w>
  <w>-</w>
  <w>-</w>
  <w>-</w>
  <w>-</w>
  <w>-</w>
  <w>-</w>
  <w>-</w>
  <w>-</w>
  <w>-</w>
  <w>-</w>
  <w>-</w>
  <w>-</w>
  <w>-</w>
  <w>-</w>
  <w>-</w>
  <w>-</w>
  <w>-</w>
  <w>-</w>
  <w>-</w>
  <w>-</w>
  <w>-</w>
  <w>-</w>
  <w>-</w>
  <w>-</w>
  <w>-</w>
  <w>-</w>
  <w>-</w>
  <w>-</w>
  <w>-</w>
  <w>.</w>
</absapar>
<absapar id=19>
  <w>och</w>
  <w>skynda</w>
  <w>därifrån</w>
  <w>.</w>
  <absaspan id=33>
    <w>Det</w>
  </absaspan>
  <absaspan id=34 senti=4>
    <w>kan</w>
    <w>funka</w>
  </absaspan>
  <w>.</w>
  <absaspan id=35>
    <w>Män</w>
  </absaspan>
  <absaspan id=36 senti=2>
    <w>gillar</w>
    <w>ej</w>
  </absaspan>
  <w>att</w>
  <absaspan id=37>
    <w>bli</w>
    <w>brutalt</w>
    <w>avvisade</w>
  </absaspan>
  <w>och</w>
  <w>avbryter</w>
  <w>oftast</w>
  <w>.</w>
  <w>Men</w>
  <w>ibland</w>
  <w>kan</w>
  <w>det</w>
  <w>ha</w>
  <w>motsatt</w>
  <w>effekt</w>
  <w>.</w>
  <w>Det</w>
  <absaspan id=38 senti=2>
    <w>finns</w>
    <w>en</w>
    <w>viss</w>
    <w>risk</w>
  </absaspan>
  <w>att</w>
  <absaspan id=39>
    <w>du</w>
    <w>med</w>
    <w>detta</w>
    <w>beteende</w>
    <w>späder</w>
    <w>på</w>
    <w>negativa</w>
    <w>bilder</w>
    <w>av</w>
    <w>svenska</w>
    <w>kvinnor</w>
  </absaspan>
  <w>,</w>
  <w>eller</w>
  <w>att</w>
  <absaspan id=40>
    <w>du</w>
  </absaspan>
  <absaspan id=41 senti=2>
    <w>provocerar</w>
  </absaspan>
  <w>fram</w>
  <w>en</w>
  <absaspan id=42 senti=2>
    <w>arg</w>
    <w>reaktion</w>
  </absaspan>
  <absaspan id=43>
    <w>.</w>
  </absaspan>
</absapar>
<absapar id=20>
  <w>#</w>
  <w>P</w>
  <w>IMM</w>
  <w>.</w>
  <w>-</w>
  <w>-</w>
  <w>-</w>
  <w>-</w>
  <w>-</w>
  <w>-</w>
  <w>-</w>
  <w>-</w>
  <w>-</w>
  <w>-</w>
  <w>-</w>
  <w>-</w>
  <w>-</w>
  <w>-</w>
  <w>-</w>
  <w>-</w>
  <w>-</w>
  <w>-</w>
  <w>-</w>
  <w>-</w>
  <w>-</w>
  <w>-</w>
  <w>-</w>
  <w>-</w>
  <w>-</w>
  <w>-</w>
  <w>-</w>
  <w>-</w>
  <w>-</w>
  <w>-</w>
  <w>-</w>
  <w>-</w>
  <w>-</w>
  <w>-</w>
  <w>-</w>
  <w>-</w>
  <w>-</w>
  <w>-</w>
  <w>-</w>
  <w>-</w>
  <w>-</w>
  <w>-</w>
  <w>-</w>
  <w>-</w>
  <w>-</w>
  <w>-</w>
  <w>-</w>
  <w>-</w>
  <w>-</w>
  <w>-</w>
  <w>-</w>
  <w>-</w>
  <w>-</w>
  <w>-</w>
  <w>-</w>
  <w>-</w>
  <w>-</w>
  <w>-</w>
  <w>-</w>
  <w>-</w>
  <w>-</w>
  <w>-</w>
  <w>-</w>
  <w>-</w>
  <w>-</w>
  <w>-</w>
  <w>-</w>
  <w>-</w>
  <w>-</w>
  <w>-</w>
  <w>-</w>
  <w>-</w>
  <w>-</w>
  <w>-</w>
  <w>-</w>
  <w>-</w>
  <w>-</w>
  <w>-</w>
  <w>-</w>
  <w>.</w>
</absapar>
<absapar id=21>
  <w>Om</w>
  <w>det</w>
  <w>verkligen</w>
  <w>ser</w>
  <w>ut</w>
  <w>som</w>
  <w>om</w>
  <w>något</w>
  <absaspan id=44 senti=2>
    <w>obehagligt</w>
  </absaspan>
  <absaspan id=45>
    <w>håller</w>
    <w>på</w>
    <w>att</w>
    <w>hända</w>
  </absaspan>
  <w>är</w>
  <w>det</w>
  <w>bara</w>
  <w>att</w>
  <absaspan id=46 senti=4>
    <w>hoppas</w>
  </absaspan>
  <w>att</w>
  <absaspan id=47>
    <w>någon</w>
    <w>svensk</w>
    <w>viking</w>
    <w>eller</w>
    <w>några</w>
    <w>modiga</w>
    <w>kvinnor</w>
    <w>finns</w>
    <w>i</w>
    <w>närheten</w>
    <w>.</w>
  </absaspan>
  <absaspan id=48 senti=4>
    <w>Bättre</w>
  </absaspan>
  <w>att</w>
  <absaspan id=49>
    <w>skrika</w>
    <w>för</w>
    <w>tidigt</w>
    <w>än</w>
    <w>för</w>
    <w>sent</w>
  </absaspan>
  <w>!</w>
  <w>.</w>
</absapar>
<absapar id=22>
  <absaspan id=50>
    <w>Börjar</w>
    <w>du</w>
    <w>springa</w>
  </absaspan>
  <w>så</w>
  <w>kan</w>
  <w>du</w>
  <absaspan id=51 senti=2>
    <w>trigga</w>
    <w>jaktinstinkten</w>
  </absaspan>
  <w>,</w>
  <w>ungefär</w>
  <w>som</w>
  <w>vid</w>
  <w>överfall</w>
  <w>av</w>
  <w>vilddjur</w>
  <w>.</w>
  <w>Så</w>
  <w>gör</w>
  <w>bara</w>
  <w>det</w>
  <w>i</w>
  <w>nödfall</w>
  <w>.</w>
  <w>Antingen</w>
  <w>har</w>
  <w>du</w>
  <w>tur</w>
  <w>och</w>
  <absaspan id=52>
    <w>de</w>
  </absaspan>
  <absaspan id=53 senti=2>
    <w>orkar</w>
    <w>inte</w>
  </absaspan>
  <absaspan id=54>
    <w>jaga</w>
    <w>dig</w>
  </absaspan>
  <w>.</w>
  <w>Alternativt</w>
  <absaspan id=55 senti=1>
    <w>finns</w>
    <w>en</w>
    <w>stor</w>
    <w>risk</w>
  </absaspan>
  <w>att</w>
  <absaspan id=56>
    <w>minst</w>
    <w>en</w>
    <w>i</w>
    <w>gruppen</w>
    <w>springer</w>
    <w>snabbare</w>
    <w>än</w>
    <w>du</w>
    <w>och</w>
    <w>hinner</w>
    <w>ikapp</w>
    <w>dig</w>
  </absaspan>
  <absaspan id=57>
    <w>.</w>
  </absaspan>
  <absaspan id=58 senti=1>
    <w>Då</w>
    <w>kan</w>
    <w>det</w>
    <w>vara</w>
    <w>helt</w>
    <w>kört</w>
  </absaspan>
  <w>.</w>
  <w>Genom</w>
  <w>klädsel</w>
  <w>och</w>
  <w>sätt</w>
  <w>gör</w>
  <w>allt</w>
  <w>du</w>
  <w>kan</w>
  <w>för</w>
  <w>att</w>
  <absaspan id=59>
    <w>denna</w>
    <w>situation</w>
  </absaspan>
  <w>aldrig</w>
  <absaspan id=60 senti=2>
    <w>drabbar</w>
  </absaspan>
  <absaspan id=61>
    <w>dig</w>
  </absaspan>
  <w>.</w>
</absapar>
<absapar id=23>
  <w>#</w>
  <w>P</w>
  <w>IMM</w>
  <w>.</w>
  <w>-</w>
  <w>-</w>
  <w>-</w>
  <w>-</w>
  <w>-</w>
  <w>-</w>
  <w>-</w>
  <w>-</w>
  <w>-</w>
  <w>-</w>
  <w>-</w>
  <w>-</w>
  <w>-</w>
  <w>-</w>
  <w>-</w>
  <w>-</w>
  <w>-</w>
  <w>-</w>
  <w>-</w>
  <w>-</w>
  <w>-</w>
  <w>-</w>
  <w>-</w>
  <w>-</w>
  <w>-</w>
  <w>-</w>
  <w>-</w>
  <w>-</w>
  <w>-</w>
  <w>-</w>
  <w>-</w>
  <w>-</w>
  <w>-</w>
  <w>-</w>
  <w>-</w>
  <w>-</w>
  <w>-</w>
  <w>-</w>
  <w>-</w>
  <w>-</w>
  <w>-</w>
  <w>-</w>
  <w>-</w>
  <w>-</w>
  <w>-</w>
  <w>-</w>
  <w>-</w>
  <w>-</w>
  <w>-</w>
  <w>-</w>
  <w>-</w>
  <w>-</w>
  <w>-</w>
  <w>-</w>
  <w>-</w>
  <w>-</w>
  <w>-</w>
  <w>-</w>
  <w>-</w>
  <w>-</w>
  <w>-</w>
  <w>-</w>
  <w>-</w>
  <w>-</w>
  <w>-</w>
  <w>-</w>
  <w>-</w>
  <w>-</w>
  <w>-</w>
  <w>-</w>
  <w>-</w>
  <w>-</w>
  <w>-</w>
  <w>-</w>
  <w>-</w>
  <w>-</w>
  <w>-</w>
  <w>-</w>
  <w>-</w>
  <w>.</w>
</absapar>
</absadoc>
