<absadoc annotators=1 senti=>
<absatitle>
  <w>Sluta</w>
  <w>korta</w>
  <w>straffen</w>
  <w>för</w>
  <w>unga</w>
  <w>kriminella</w>
  <w>.</w>
</absatitle>
<absapar id=1>
  <w>Regeringen</w>
  <w>tar</w>
  <w>inte</w>
  <w>frågan</w>
  <w>om</w>
  <w>unga</w>
  <w>lagöverträdare</w>
  <w>på</w>
  <w>allvar</w>
  <w>och</w>
  <w>väljer</w>
  <w>medvetet</w>
  <w>att</w>
  <w>inte</w>
  <w>vidta</w>
  <w>åtgärder</w>
  <w>.</w>
</absapar>
<absapar id=2>
  <w>Det</w>
  <w>är</w>
  <w>orimligt</w>
  <w>och</w>
  <w>inte</w>
  <w>försvarbart</w>
  <w>att</w>
  <w>dagens</w>
  <w>lagstiftning</w>
  <w>ger</w>
  <w>ungdomar</w>
  <w>som</w>
  <w>begår</w>
  <w>mycket</w>
  <w>allvarliga</w>
  <w>brott</w>
  <w>en</w>
  <w>ungdomsrabatt</w>
  <w>när</w>
  <w>domstolarna</w>
  <w>utdömer</w>
  <w>straff</w>
  <w>.</w>
  <w>Detta</w>
  <w>endast</w>
  <w>på</w>
  <w>grund</w>
  <w>av</w>
  <w>att</w>
  <w>personen</w>
  <w>är</w>
  <w>under</w>
  <w>21</w>
  <w>år</w>
  <w>.</w>
</absapar>
<absapar id=3>
  <w>Detta</w>
  <w>får</w>
  <w>konsekvenser</w>
  <w>som</w>
  <absaspan id=1 senti=2>
    <w>är</w>
    <w>dåliga</w>
    <w>för</w>
    <w>tryggheten</w>
    <w>i</w>
    <w>samhället</w>
  </absaspan>
  <w>och</w>
  <w>för</w>
  <w>de</w>
  <w>enskilda</w>
  <w>personerna</w>
  <w>eftersom</w>
  <w>de</w>
  <absaspan id=2>
    <w>utnyttjas</w>
    <w>av</w>
    <w>äldre</w>
    <w>kriminella</w>
  </absaspan>
  <w>som</w>
  <w>då</w>
  <w>kan</w>
  <w>räkna</w>
  <w>med</w>
  <w>lägre</w>
  <w>straff</w>
  <w>för</w>
  <w>handlingen</w>
  <w>.</w>
</absapar>
<absapar id=4>
  <w>Unga</w>
  <w>kriminella</w>
  <w>används</w>
  <w>aktivt</w>
  <w>och</w>
  <w>medvetet</w>
  <w>av</w>
  <w>äldre</w>
  <w>för</w>
  <w>knarkhandel</w>
  <w>och</w>
  <w>i</w>
  <w>annan</w>
  <w>grov</w>
  <w>brottslighet</w>
  <w>just</w>
  <w>för</w>
  <w>att</w>
  <w>de</w>
  <w>inte</w>
  <w>riskerar</w>
  <w>lika</w>
  <w>sträng</w>
  <w>påföljd</w>
  <w>,</w>
  <w>alternativt</w>
  <w>att</w>
  <w>de</w>
  <w>snabbt</w>
  <w>kommer</w>
  <w>ut</w>
  <w>på</w>
  <w>gatan</w>
  <w>igen</w>
  <w>efter</w>
  <w>att</w>
  <w>ungdomsrabatten</w>
  <w>beviljats</w>
  <w>.</w>
</absapar>
<absapar id=5>
  <w>Liberalerna</w>
  <w>har</w>
  <w>därför</w>
  <w>lagt</w>
  <w>ett</w>
  <w>förslag</w>
  <w>med</w>
  <w>krav</w>
  <w>på</w>
  <w>en</w>
  <w>översyn</w>
  <w>av</w>
  <w>hela</w>
  <w>straffsystemet</w>
  <w>för</w>
  <w>personer</w>
  <w>mellan</w>
  <w>18</w>
  <w>–</w>
  <w>21</w>
  <w>år</w>
  <w>.</w>
  <w>Den</w>
  <w>behöver</w>
  <w>ses</w>
  <w>över</w>
  <w>i</w>
  <w>syfte</w>
  <w>att</w>
  <w>kraftigt</w>
  <w>minska</w>
  <w>eller</w>
  <w>slopa</w>
  <w>rabatten</w>
  <w>.</w>
  <w>En</w>
  <w>majoritet</w>
  <w>i</w>
  <w>riksdagen</w>
  <w>biföll</w>
  <w>vårt</w>
  <w>förslag</w>
  <w>i</w>
  <w>våras</w>
  <w>,</w>
  <w>trots</w>
  <w>detta</w>
  <w>har</w>
  <w>inget</w>
  <w>hänt</w>
  <w>.</w>
</absapar>
<absapar id=6>
  <w>Regeringens</w>
  <w>partier</w>
  <w>samt</w>
  <w>Vänsterpartiet</w>
  <w>reserverade</w>
  <w>sig</w>
  <w>mot</w>
  <w>beslutet</w>
  <w>vilket</w>
  <w>möjligen</w>
  <w>är</w>
  <w>förklaringen</w>
  <w>till</w>
  <w>att</w>
  <w>regeringen</w>
  <w>inte</w>
  <w>agerar</w>
  <w>.</w>
</absapar>
<absapar id=7>
  <absaspan id=3>
    <w>Samhällets</w>
    <w>reaktion</w>
    <w>på</w>
    <w>brottslighet</w>
  </absaspan>
  <absaspan id=4 senti=4>
    <w>måste</w>
    <w>vara</w>
    <w>tydlig</w>
    <w>och</w>
    <w>tidig</w>
  </absaspan>
  <w>.</w>
  <w>Straffrabatten</w>
  <w>för</w>
  <w>ungdomar</w>
  <w>i</w>
  <w>åldern</w>
  <w>18</w>
  <w>–</w>
  <w>21</w>
  <w>år</w>
  <w>som</w>
  <w>återfaller</w>
  <w>i</w>
  <w>brottslighet</w>
  <w>efter</w>
  <w>att</w>
  <w>tidigare</w>
  <w>ha</w>
  <w>dömts</w>
  <w>för</w>
  <w>brott</w>
  <w>måste</w>
  <w>därför</w>
  <w>tas</w>
  <w>bort</w>
  <w>.</w>
  <w>Det</w>
  <w>behövs</w>
  <w>en</w>
  <w>omsvängning</w>
  <w>från</w>
  <w>dagens</w>
  <w>system</w>
  <w>och</w>
  <w>en</w>
  <w>tydligare</w>
  <w>signal</w>
  <w>till</w>
  <w>ungdomar</w>
  <w>som</w>
  <w>begår</w>
  <w>allvarliga</w>
  <w>brott</w>
  <w>.</w>
  <w>Vi</w>
  <w>föreslår</w>
  <w>dock</w>
  <w>att</w>
  <w>den</w>
  <w>som</w>
  <w>döms</w>
  <w>för</w>
  <w>första</w>
  <w>gången</w>
  <w>ska</w>
  <w>få</w>
  <w>straffrabatt</w>
  <w>.</w>
</absapar>
<absapar id=8>
  <w>Den</w>
  <w>senaste</w>
  <w>tiden</w>
  <w>har</w>
  <w>vi</w>
  <w>sett</w>
  <w>många</w>
  <w>exempel</w>
  <w>på</w>
  <w>personer</w>
  <w>som</w>
  <w>upprepade</w>
  <w>gånger</w>
  <w>begår</w>
  <w>grova</w>
  <w>brott</w>
  <w>men</w>
  <w>får</w>
  <w>lindrigare</w>
  <w>straff</w>
  <w>endast</w>
  <w>på</w>
  <w>grund</w>
  <w>av</w>
  <w>att</w>
  <w>de</w>
  <w>ännu</w>
  <w>inte</w>
  <w>fyllt</w>
  <w>21</w>
  <w>år</w>
  <w>.</w>
</absapar>
<absapar id=9>
  <w>Exempelvis</w>
  <w>dömde</w>
  <w>nyligen</w>
  <w>Högsta</w>
  <w>domstolen</w>
  <w>tre</w>
  <w>ungdomar</w>
  <w>,</w>
  <w>två</w>
  <w>på</w>
  <w>19</w>
  <w>år</w>
  <w>och</w>
  <w>en</w>
  <w>på</w>
  <w>17</w>
  <w>år</w>
  <w>för</w>
  <w>innehav</w>
  <w>av</w>
  <w>fem</w>
  <w>automatkarbiner</w>
  <w>och</w>
  <w>en</w>
  <w>stor</w>
  <w>mängd</w>
  <w>ammunition</w>
  <w>.</w>
  <w>Domstolen</w>
  <w>konstaterar</w>
  <w>att</w>
  <w>det</w>
  <w>är</w>
  <w>uppenbart</w>
  <w>att</w>
  <w>detta</w>
  <w>skulle</w>
  <w>användas</w>
  <w>för</w>
  <w>i</w>
  <w>brottsligt</w>
  <w>syfte</w>
  <w>,</w>
  <w>även</w>
  <w>om</w>
  <w>domarna</w>
  <w>i</w>
  <w>domstolen</w>
  <w>inte</w>
  <w>var</w>
  <w>överens</w>
  <w>kring</w>
  <w>grovheten</w>
  <w>på</w>
  <w>brottet</w>
  <w>.</w>
</absapar>
<absapar id=10>
  <w>De</w>
  <w>dömdes</w>
  <w>för</w>
  <w>sitt</w>
  <w>innehav</w>
  <w>men</w>
  <w>fick</w>
  <w>en</w>
  <w>straffrabatt</w>
  <w>endast</w>
  <w>på</w>
  <w>grund</w>
  <w>av</w>
  <w>sin</w>
  <w>ålder</w>
  <w>.</w>
  <w>Egentligen</w>
  <w>skulle</w>
  <w>straffet</w>
  <w>hamnat</w>
  <w>på</w>
  <w>tre</w>
  <w>års</w>
  <w>fängelse</w>
  <w>men</w>
  <w>i</w>
  <w>stället</w>
  <w>landade</w>
  <w>domarna</w>
  <w>på</w>
  <w>ett</w>
  <w>år</w>
  <w>och</w>
  <w>åtta</w>
  <w>månader</w>
  <w>för</w>
  <w>19</w>
  <w>-</w>
  <w>åringarna</w>
  <w>och</w>
  <w>sluten</w>
  <w>ungdomsvård</w>
  <w>för</w>
  <w>17</w>
  <w>-</w>
  <w>åringen</w>
  <w>.</w>
</absapar>
<absapar id=11>
  <w>Detta</w>
  <w>visar</w>
  <w>den</w>
  <w>felaktiga</w>
  <w>signal</w>
  <w>som</w>
  <w>dagens</w>
  <absaspan id=5>
    <w>straffrabatt</w>
  </absaspan>
  <w>sänder</w>
  <w>ut</w>
  <absaspan id=6 senti=2>
    <w>.</w>
  </absaspan>
  <w>Till</w>
  <w>detta</w>
  <w>kommer</w>
  <w>sedan</w>
  <w>den</w>
  <w>villkorliga</w>
  <w>frigivningen</w>
  <w>efter</w>
  <w>två</w>
  <w>tredjedelar</w>
  <w>vilket</w>
  <w>innebär</w>
  <w>att</w>
  <w>de</w>
  <w>inte</w>
  <w>kommer</w>
  <w>att</w>
  <w>behöva</w>
  <w>sitta</w>
  <w>av</w>
  <w>hela</w>
  <w>tiden</w>
  <w>.</w>
  <w>Även</w>
  <w>på</w>
  <w>denna</w>
  <w>punkt</w>
  <w>vill</w>
  <w>Liberalerna</w>
  <w>ändra</w>
  <w>lagen</w>
  <w>så</w>
  <w>att</w>
  <w>man</w>
  <w>som</w>
  <w>princip</w>
  <w>sitter</w>
  <w>av</w>
  <w>sitt</w>
  <w>straff</w>
  <w>.</w>
</absapar>
<absapar id=12>
  <w>Principen</w>
  <w>som</w>
  <w>i</w>
  <w>dag</w>
  <w>är</w>
  <w>vägledande</w>
  <w>för</w>
  <w>domstolsväsendet</w>
  <w>är</w>
  <w>dels</w>
  <w>lägre</w>
  <w>straff</w>
  <w>när</w>
  <w>personen</w>
  <w>är</w>
  <w>under</w>
  <w>21</w>
  <w>år</w>
  <w>,</w>
  <w>dels</w>
  <w>att</w>
  <w>det</w>
  <w>ska</w>
  <w>finnas</w>
  <w>särskilda</w>
  <w>skäl</w>
  <w>att</w>
  <w>döma</w>
  <w>en</w>
  <w>person</w>
  <w>till</w>
  <w>fängelse</w>
  <w>.</w>
</absapar>
<absapar id=13>
  <w>Samhället</w>
  <w>ska</w>
  <w>arbeta</w>
  <w>brottsförebyggande</w>
  <w>,</w>
  <w>i</w>
  <w>skolan</w>
  <w>,</w>
  <w>med</w>
  <w>sociala</w>
  <w>insatsgrupper</w>
  <w>och</w>
  <w>andra</w>
  <w>åtgärder</w>
  <w>.</w>
  <w>Men</w>
  <w>när</w>
  <w>unga</w>
  <w>kriminella</w>
  <w>,</w>
  <w>även</w>
  <w>de</w>
  <w>mellan</w>
  <w>18</w>
  <w>och</w>
  <w>21</w>
  <w>år</w>
  <w>,</w>
  <w>begår</w>
  <w>allvarliga</w>
  <w>brott</w>
  <w>,</w>
  <w>måste</w>
  <w>det</w>
  <w>också</w>
  <w>ges</w>
  <w>en</w>
  <w>konsekvens</w>
  <w>fullt</w>
  <w>ut</w>
  <w>.</w>
</absapar>
<absapar id=14>
  <w>Roger</w>
  <w>Haddad</w>
  <w>,</w>
  <w>riksdagsledamot</w>
  <w>,</w>
  <w>rättspolitisk</w>
  <w>talesperson</w>
  <w>(</w>
  <w>L</w>
  <w>)</w>
  <w>.</w>
</absapar>
<absapar id=15>
  <w>Häng</w>
  <w>med</w>
  <w>i</w>
  <w>debatten</w>
  <w>och</w>
  <w>kommentera</w>
  <w>artikeln</w>
  <w>–</w>
  <w>följ</w>
  <w>Debatt</w>
  <w>på</w>
  <w>Facebook</w>
  <w>.</w>
</absapar>
</absadoc>
