<absadoc annotators=1 senti=>
<absatitle>
  <w>Strippor</w>
  <w>och</w>
  <w>våld</w>
  <w>–</w>
  <w>två</w>
  <w>sidor</w>
  <w>av</w>
  <w>samma</w>
  <w>mynt</w>
  <w>.</w>
</absatitle>
<absapar id=1>
  <w>En</w>
  <w>grupp</w>
  <w>AIK-supportrar</w>
  <w>hyrde</w>
  <w>i</w>
  <w>helgen</w>
  <w>en</w>
  <w>buss</w>
  <w>för</w>
  <w>att</w>
  <w>åka</w>
  <w>på</w>
  <w>bortamatch</w>
  <w>i</w>
  <w>Borås</w>
  <w>.</w>
  <w>Med</w>
  <w>på</w>
  <w>resan</w>
  <w>fanns</w>
  <w>en</w>
  <w>kvinna</w>
  <w>som</w>
  <w>hyrts</w>
  <w>in</w>
  <w>för</w>
  <w>att</w>
  <w>strippa</w>
  <w>.</w>
  <w>Inte</w>
  <w>särskilt</w>
  <w>förvånande</w>
  <w>med</w>
  <w>tanke</w>
  <w>på</w>
  <w>att</w>
  <absaspan id=1>
    <w>fotbollens</w>
    <w>supporterkultur</w>
  </absaspan>
  <absaspan id=2 senti=2>
    <w>bygger</w>
    <w>på</w>
    <w>ett</w>
    <w>extremt</w>
    <w>manlighetsideal</w>
    <w>vars</w>
    <w>sexism</w>
    <w>tar</w>
    <w>sig</w>
    <w>många</w>
    <w>uttryck</w>
  </absaspan>
  <w>.</w>
</absapar>
<absapar id=2>
  <w>En</w>
  <w>riktig</w>
  <w>supporter</w>
  <w>är</w>
  <w>någon</w>
  <w>som</w>
  <w>med</w>
  <w>råge</w>
  <w>lever</w>
  <w>upp</w>
  <w>till</w>
  <w>normerna</w>
  <w>för</w>
  <w>maskulinitet</w>
  <w>.</w>
  <absaspan id=3>
    <w>Han</w>
    <w>eller</w>
    <w>hon</w>
  </absaspan>
  <absaspan id=4 senti=4>
    <w>är</w>
    <w>lojal</w>
    <w>,</w>
    <w>modig</w>
    <w>och</w>
    <w>passionerad</w>
  </absaspan>
  <w>.</w>
  <absaspan id=5 senti=2>
    <w>Baksidan</w>
    <w>av</w>
    <w>samma</w>
    <w>mynt</w>
    <w>är</w>
  </absaspan>
  <absaspan id=6>
    <w>våldsromantiserande</w>
    <w>,</w>
    <w>sexism</w>
    <w>,</w>
    <w>rasism</w>
    <w>,</w>
    <w>homofobi</w>
    <w>och</w>
    <w>förakt</w>
    <w>för</w>
    <w>svaghet</w>
  </absaspan>
  <w>.</w>
  <w>I</w>
  <w>förlängningen</w>
  <absaspan id=7 senti=2>
    <w>drabbar</w>
  </absaspan>
  <absaspan id=8>
    <w>de</w>
    <w>destruktiva</w>
    <w>sidorna</w>
    <w>av</w>
    <w>detta</w>
    <w>ideal</w>
  </absaspan>
  <absaspan id=9 senti=2>
    <w>andra</w>
  </absaspan>
  <absaspan id=10 senti=2>
    <w>män</w>
    <w>,</w>
    <w>kvinnor</w>
    <w>och</w>
    <w>barn</w>
    <w>i</w>
    <w>form</w>
    <w>av</w>
    <w>våld</w>
    <w>,</w>
    <w>hot</w>
    <w>och</w>
    <w>kränkningar</w>
  </absaspan>
  <w>.</w>
  <w>Därför</w>
  <w>har</w>
  <w>fotbollen</w>
  <w>en</w>
  <w>nyckelroll</w>
  <w>i</w>
  <w>att</w>
  <w>förebygga</w>
  <absaspan id=11 senti=2>
    <w>samhällsproblemet</w>
  </absaspan>
  <absaspan id=12>
    <w>mäns</w>
    <w>våld</w>
  </absaspan>
  <w>.</w>
</absapar>
<absapar id=3>
  <w>Anmärkningsvärt</w>
  <w>i</w>
  <w>fallet</w>
  <w>med</w>
  <w>strippan</w>
  <w>på</w>
  <w>bussen</w>
  <w>är</w>
  <w>att</w>
  <absaspan id=13>
    <w>Daniel</w>
    <w>Wilhelmsson</w>
  </absaspan>
  <w>,</w>
  <w>pressansvarig</w>
  <w>och</w>
  <w>fram</w>
  <w>till</w>
  <w>alldeles</w>
  <w>nyligen</w>
  <w>ordförande</w>
  <w>för</w>
  <w>AIK</w>
  <w>Fotbolls</w>
  <w>supporterklubb</w>
  <w>Black</w>
  <w>Army</w>
  <w>,</w>
  <w>säger</w>
  <w>till</w>
  <w>Nyheter</w>
  <w>24</w>
  <w>att</w>
  <absaspan id=14>
    <w>initiativet</w>
  </absaspan>
  <absaspan id=15 senti=4>
    <w>verkar</w>
    <w>”</w>
    <w>skönt</w>
    <w>och</w>
    <w>trevligt</w>
  </absaspan>
  <w>”</w>
  <w>och</w>
  <w>att</w>
  <w>det</w>
  <w>hade</w>
  <w>varit</w>
  <w>lika</w>
  <w>okej</w>
  <w>på</w>
  <w>en</w>
  <w>officiell</w>
  <w>Black</w>
  <w>Army-buss</w>
  <w>.</w>
  <absaspan id=16>
    <w>Hans</w>
    <w>uttalande</w>
    <w>”</w>
    <w>något</w>
    <w>måste</w>
    <w>man</w>
    <w>ha</w>
    <w>att</w>
    <w>roa</w>
    <w>sig</w>
    <w>med</w>
    <w>”</w>
  </absaspan>
  <w>säger</w>
  <w>mycket</w>
  <w>om</w>
  <w>Black</w>
  <w>Armys</w>
  <w>officiella</w>
  <w>kvinnosyn</w>
  <w>och</w>
  <absaspan id=17 senti=2>
    <w>går</w>
    <w>stick</w>
    <w>i</w>
    <w>stäv</w>
    <w>med</w>
    <w>alla</w>
    <w>eventuella</w>
    <w>ambitioner</w>
    <w>att</w>
    <w>bredda</w>
    <w>supporterbasen</w>
    <w>och</w>
    <w>motverka</w>
    <w>sexism</w>
  </absaspan>
  <w>.</w>
</absapar>
<absapar id=4>
  <absaspan id=18>
    <w>De</w>
    <w>många</w>
    <w>representanter</w>
    <w>från</w>
    <w>fotbolls</w>
    <w>-</w>
    <w>och</w>
    <w>supporterklubbar</w>
    <w>som</w>
    <w>SKR</w>
    <w>har</w>
    <w>träffat</w>
  </absaspan>
  <w>har</w>
  <w>alla</w>
  <w>hävdat</w>
  <w>att</w>
  <w>de</w>
  <absaspan id=19 senti=5>
    <w>inget</w>
    <w>hellre</w>
    <w>vill</w>
    <w>än</w>
  </absaspan>
  <absaspan id=20>
    <w>att</w>
    <w>arbeta</w>
    <w>för</w>
    <w>en</w>
    <w>positiv</w>
    <w>supporterkultur</w>
    <w>fri</w>
    <w>från</w>
    <w>våld</w>
    <w>.</w>
  </absaspan>
  <w>Men</w>
  <absaspan id=21>
    <w>den</w>
    <w>som</w>
    <w>inte</w>
    <w>ser</w>
    <w>kopplingen</w>
    <w>mellan</w>
    <w>mäns</w>
    <w>våld</w>
    <w>på</w>
    <w>och</w>
    <w>utanför</w>
    <w>arenan</w>
    <w>och</w>
    <w>våldtäktsramsor</w>
    <w>,</w>
    <w>inhyrda</w>
    <w>strippor</w>
    <w>och</w>
    <w>sexuella</w>
    <w>trakasserier</w>
    <w>av</w>
    <w>kvinnliga</w>
    <w>poliser</w>
  </absaspan>
  <absaspan id=22 senti=2>
    <w>är</w>
    <w>inte</w>
    <w>trovärdig</w>
  </absaspan>
  <w>.</w>
  <w>Nationella</w>
  <w>samordnaren</w>
  <w>Björn</w>
  <w>Eriksson</w>
  <w>lyfter</w>
  <w>sambandet</w>
  <w>i</w>
  <w>sin</w>
  <w>nyligen</w>
  <w>publicerade</w>
  <w>utredning</w>
  <w>:</w>
  <w>”</w>
  <w>Vi</w>
  <absaspan id=23 senti=4>
    <w>måste</w>
  </absaspan>
  <absaspan id=24>
    <w>våga</w>
    <w>se</w>
    <w>den</w>
    <w>koppling</w>
    <w>som</w>
    <w>finns</w>
    <w>mellan</w>
    <w>den</w>
    <w>negativa</w>
    <w>delen</w>
    <w>av</w>
    <w>fotbolls</w>
    <w>-</w>
    <w>och</w>
    <w>ishockeykulturen</w>
    <w>som</w>
    <w>till</w>
    <w>exempel</w>
    <w>sexistiskt</w>
    <w>,</w>
    <w>rasistiskt</w>
    <w>och</w>
    <w>homofobiskt</w>
    <w>språkbruk</w>
    <w>och</w>
    <w>de</w>
    <w>våldsbrott</w>
    <w>och</w>
    <w>ordningsstörningar</w>
    <w>som</w>
    <w>begås</w>
    <w>av</w>
    <w>ett</w>
    <w>fåtal</w>
    <w>individer</w>
  </absaspan>
  <w>.</w>
  <w>”</w>
  <w>.</w>
</absapar>
<absapar id=5>
  <w>För</w>
  <w>ett</w>
  <w>år</w>
  <w>sedan</w>
  <w>skrev</w>
  <w>flera</w>
  <w>Hammarbysupportrar</w>
  <w>en</w>
  <w>debattartikel</w>
  <w>i</w>
  <w>där</w>
  <w>de</w>
  <absaspan id=25 senti=1>
    <w>krävde</w>
    <w>att</w>
    <w>få</w>
    <w>slippa</w>
  </absaspan>
  <absaspan id=26>
    <w>sånger</w>
    <w>om</w>
    <w>att</w>
    <w>”</w>
    <w>vi</w>
    <w>ska</w>
    <w>våldta</w>
    <w>era</w>
    <w>horor</w>
    <w>,</w>
    <w>vi</w>
    <w>ska</w>
    <w>knulla</w>
    <w>era</w>
    <w>kor</w>
    <w>”</w>
    <w>på</w>
    <w>läktarna</w>
  </absaspan>
  <w>.</w>
  <absaspan id=27>
    <w>Artikelförfattarna</w>
  </absaspan>
  <w>blev</w>
  <w>utan</w>
  <w>stöd</w>
  <w>från</w>
  <w>officiellt</w>
  <w>håll</w>
  <w>och</w>
  <absaspan id=28 senti=1>
    <w>möttes</w>
    <w>av</w>
    <w>fördömanden</w>
    <w>,</w>
    <w>bland</w>
    <w>annat</w>
    <w>direkta</w>
    <w>hot</w>
    <w>,</w>
    <w>från</w>
  </absaspan>
  <absaspan id=29>
    <w>andra</w>
    <w>supportrar</w>
  </absaspan>
  <w>.</w>
</absapar>
<absapar id=6>
  <w>#</w>
  <w>P</w>
  <w>IMM</w>
  <w>.</w>
  <w>”</w>
  <w>Grabbigheten</w>
  <w>är</w>
  <w>både</w>
  <w>en</w>
  <w>outtalad</w>
  <w>grundförutsättning</w>
  <w>och</w>
  <w>en</w>
  <w>lockelse</w>
  <w>för</w>
  <w>många</w>
  <w>”</w>
  <w>sa</w>
  <w>Victor</w>
  <w>Capel</w>
  <w>,</w>
  <w>ordförande</w>
  <w>i</w>
  <w>Svenska</w>
  <w>Fotbollssupporterunionen</w>
  <w>,</w>
  <w>på</w>
  <w>SKR</w>
  <w>:</w>
  <w>s</w>
  <w>seminarium</w>
  <w>om</w>
  <w>supporterkultur</w>
  <w>i</w>
  <w>Almedalen</w>
  <w>i</w>
  <w>somras</w>
  <w>.</w>
  <w>Jakob</w>
  <w>Uddeholt</w>
  <w>,</w>
  <w>supporterombudsman</w>
  <w>på</w>
  <w>Hammarby</w>
  <w>Fotboll</w>
  <w>,</w>
  <w>menade</w>
  <w>att</w>
  <w>”</w>
  <w>man</w>
  <w>tar</w>
  <w>manligheten</w>
  <w>för</w>
  <w>given</w>
  <w>och</w>
  <absaspan id=30 senti=2>
    <w>tycker</w>
    <w>inte</w>
  </absaspan>
  <absaspan id=31>
    <w>att</w>
    <w>det</w>
    <w>hör</w>
    <w>till</w>
    <w>supporterkulturen</w>
    <w>att</w>
    <w>diskutera</w>
    <w>den</w>
  </absaspan>
  <w>”</w>
  <absaspan id=32>
    <w>.</w>
  </absaspan>
  <w>I</w>
  <w>sammanhanget</w>
  <absaspan id=33 senti=4>
    <w>får</w>
  </absaspan>
  <absaspan id=34>
    <w>Capel</w>
    <w>och</w>
    <w>Uddeholt</w>
  </absaspan>
  <absaspan id=35 senti=4>
    <w>anses</w>
  </absaspan>
  <absaspan id=36 senti=4>
    <w>modiga</w>
  </absaspan>
  <w>som</w>
  <w>öppnar</w>
  <w>upp</w>
  <w>för</w>
  <w>samtal</w>
  <w>om</w>
  <w>det</w>
  <w>onämnbara</w>
  <w>.</w>
  <w>Bland</w>
  <w>andra</w>
  <w>supportrar</w>
  <w>SKR</w>
  <w>mött</w>
  <w>har</w>
  <w>det</w>
  <w>visat</w>
  <w>sig</w>
  <w>mycket</w>
  <w>svårt</w>
  <w>.</w>
  <absaspan id=37 senti=2>
    <w>Så</w>
    <w>länge</w>
  </absaspan>
  <absaspan id=38>
    <w>manlighetsidealet</w>
    <w>är</w>
    <w>så</w>
    <w>pass</w>
    <w>heligt</w>
  </absaspan>
  <absaspan id=39 senti=2>
    <w>kan</w>
  </absaspan>
  <absaspan id=40 senti=2>
    <w>man</w>
    <w>inte</w>
    <w>på</w>
    <w>allvar</w>
    <w>bedriva</w>
    <w>ett</w>
    <w>arbete</w>
    <w>mot</w>
    <w>våld</w>
  </absaspan>
  <w>.</w>
</absapar>
<absapar id=7>
  <w>Fotbollen</w>
  <w>kan</w>
  <w>aldrig</w>
  <w>vara</w>
  <w>den</w>
  <w>isolerade</w>
  <w>manliga</w>
  <w>fristad</w>
  <w>en</w>
  <w>del</w>
  <w>av</w>
  <w>supportrarna</w>
  <w>vill</w>
  <w>att</w>
  <w>den</w>
  <w>ska</w>
  <w>vara</w>
  <w>.</w>
  <absaspan id=41>
    <w>De</w>
    <w>normer</w>
    <w>som</w>
    <w>man</w>
    <w>förstärker</w>
  </absaspan>
  <w>existerar</w>
  <w>inte</w>
  <w>i</w>
  <w>ett</w>
  <w>vakuum</w>
  <w>utan</w>
  <absaspan id=42 senti=2>
    <w>bär</w>
    <w>betydande</w>
    <w>skuld</w>
    <w>i</w>
    <w>mäns</w>
    <w>våld</w>
    <w>i</w>
    <w>övriga</w>
    <w>samhället</w>
    <w>,</w>
    <w>mot</w>
    <w>kvinnor</w>
    <w>,</w>
    <w>män</w>
    <w>och</w>
    <w>barn</w>
  </absaspan>
  <w>.</w>
  <w>SKR</w>
  <w>samlar</w>
  <w>över</w>
  <w>100</w>
  <w>kvinnojourer</w>
  <w>,</w>
  <w>tjejjourer</w>
  <w>och</w>
  <w>andra</w>
  <w>idéburna</w>
  <w>stödverksamheter</w>
  <w>som</w>
  <w>möter</w>
  <w>offer</w>
  <w>för</w>
  <w>mäns</w>
  <w>våld</w>
  <w>.</w>
</absapar>
<absapar id=8>
  <w>Fotbolls</w>
  <w>-</w>
  <w>och</w>
  <w>supporterklubbarna</w>
  <w>möter</w>
  <w>nuvarande</w>
  <w>och</w>
  <w>framtida</w>
  <w>utövare</w>
  <w>av</w>
  <w>mäns</w>
  <w>våld</w>
  <w>.</w>
  <w>Här</w>
  <w>finns</w>
  <w>potential</w>
  <w>att</w>
  <w>stoppa</w>
  <w>våldet</w>
  <w>innan</w>
  <w>det</w>
  <w>har</w>
  <w>hänt</w>
  <w>.</w>
  <w>Men</w>
  <w>då</w>
  <w>måste</w>
  <w>supporterklubbarna</w>
  <w>jobba</w>
  <w>med</w>
  <w>oss</w>
  <w>och</w>
  <w>inte</w>
  <w>emot</w>
  <w>oss</w>
  <w>.</w>
</absapar>
<absapar id=9>
  <w>Carina</w>
  <w>Ohlsson</w>
  <w>.</w>
</absapar>
<absapar id=10>
  <w>Lotta</w>
  <w>Sonemalm</w>
  <w>.</w>
</absapar>
<absapar id=11>
  <w>FAKTA</w>
  <w>.</w>
</absapar>
<absapar id=12>
  <w>RERNA</w>
  <w>.</w>
</absapar>
<absapar id=13>
  <w>N</w>
  <w>.</w>
</absapar>
</absadoc>
