<absadoc annotators=1 senti=>
<absatitle>
  <w>Brist</w>
  <w>på</w>
  <w>familjehem</w>
  <w>öppnar</w>
  <w>för</w>
  <w>vanvård</w>
  <w>.</w>
</absatitle>
<absapar id=1>
  <w>Familjehemsvården</w>
  <w>i</w>
  <w>Sverige</w>
  <w>står</w>
  <w>inför</w>
  <w>stora</w>
  <w>utmaningar</w>
  <w>.</w>
  <w>Varje</w>
  <w>år</w>
  <w>placeras</w>
  <w>tusentals</w>
  <w>barn</w>
  <w>i</w>
  <w>familjehem</w>
  <w>när</w>
  <w>föräldrarna</w>
  <w>brister</w>
  <w>i</w>
  <w>vården</w>
  <w>och</w>
  <w>omsorgen</w>
  <w>.</w>
  <w>I</w>
  <w>många</w>
  <w>år</w>
  <w>har</w>
  <w>efterfrågan</w>
  <w>varit</w>
  <w>större</w>
  <w>än</w>
  <w>tillgången</w>
  <w>på</w>
  <w>familjehem</w>
  <w>.</w>
  <w>I</w>
  <w>dag</w>
  <w>är</w>
  <w>denna</w>
  <w>obalans</w>
  <w>än</w>
  <w>större</w>
  <w>,</w>
  <w>bland</w>
  <w>annat</w>
  <w>på</w>
  <w>grund</w>
  <w>av</w>
  <w>ökningen</w>
  <w>av</w>
  <w>ensamkommande</w>
  <w>flyktingbarn</w>
  <w>.</w>
  <w>Hur</w>
  <w>löser</w>
  <w>man</w>
  <w>denna</w>
  <w>ekvation</w>
  <w>?</w>
  <w>.</w>
</absapar>
<absapar id=2>
  <w>Familjehemsvården</w>
  <w>är</w>
  <w>en</w>
  <w>kommunal</w>
  <w>verksamhet</w>
  <w>.</w>
  <w>Varje</w>
  <w>kommun</w>
  <w>måste</w>
  <w>själv</w>
  <w>hitta</w>
  <w>och</w>
  <w>utreda</w>
  <w>de</w>
  <w>familjer</w>
  <w>som</w>
  <w>behövs</w>
  <w>.</w>
  <w>Bristen</w>
  <w>på</w>
  <w>familjehem</w>
  <w>har</w>
  <w>lett</w>
  <w>till</w>
  <w>att</w>
  <w>man</w>
  <w>söker</w>
  <w>familjer</w>
  <w>mycket</w>
  <w>längre</w>
  <w>bort</w>
  <w>än</w>
  <w>de</w>
  <w>tio</w>
  <w>mil</w>
  <w>från</w>
  <w>hemkommunen</w>
  <w>som</w>
  <w>tidigare</w>
  <w>var</w>
  <w>en</w>
  <w>rekommendation</w>
  <w>.</w>
  <absaspan id=1 senti=2>
    <w>Risken</w>
    <w>finns</w>
  </absaspan>
  <absaspan id=2>
    <w>att</w>
    <w>det</w>
    <w>skriande</w>
    <w>behovet</w>
    <w>mildrar</w>
    <w>kraven</w>
    <w>på</w>
    <w>familjehem</w>
  </absaspan>
  <w>.</w>
</absapar>
<absapar id=3>
  <absaspan id=3 senti=1>
    <w>En</w>
    <w>mycket</w>
    <w>allvarlig</w>
    <w>följd</w>
    <w>av</w>
    <w>problemet</w>
    <w>är</w>
  </absaspan>
  <absaspan id=4>
    <w>konkurrensen</w>
    <w>mellan</w>
    <w>kommunerna</w>
  </absaspan>
  <w>.</w>
  <w>Under</w>
  <w>mina</w>
  <w>år</w>
  <w>som</w>
  <w>familjehemsekreterare</w>
  <w>har</w>
  <w>jag</w>
  <w>bevittnat</w>
  <w>den</w>
  <absaspan id=5 senti=2>
    <w>osunda</w>
  </absaspan>
  <absaspan id=6>
    <w>konkurrensen</w>
  </absaspan>
  <w>flera</w>
  <w>gånger</w>
  <w>.</w>
  <w>Kommuner</w>
  <w>ska</w>
  <w>i</w>
  <w>regel</w>
  <w>informera</w>
  <w>socialnämnden</w>
  <w>på</w>
  <w>den</w>
  <w>nya</w>
  <w>orten</w>
  <w>när</w>
  <w>man</w>
  <w>placerar</w>
  <w>barn</w>
  <w>där</w>
  <w>.</w>
  <w>Detta</w>
  <w>är</w>
  <w>dock</w>
  <w>inte</w>
  <w>tvingande</w>
  <w>.</w>
  <w>Frågan</w>
  <w>får</w>
  <w>en</w>
  <w>annan</w>
  <w>dimension</w>
  <w>när</w>
  <w>en</w>
  <w>kommun</w>
  <w>försöker</w>
  <w>placera</w>
  <w>barn</w>
  <w>hos</w>
  <w>en</w>
  <w>familj</w>
  <w>,</w>
  <w>där</w>
  <w>en</w>
  <w>annan</w>
  <w>kommun</w>
  <w>redan</w>
  <w>har</w>
  <w>ett</w>
  <w>barn</w>
  <w>.</w>
</absapar>
<absapar id=4>
  <w>På</w>
  <w>vår</w>
  <w>familjehemsenhet</w>
  <w>i</w>
  <w>Angered</w>
  <w>har</w>
  <w>vi</w>
  <w>aldrig</w>
  <w>använt</w>
  <w>familjer</w>
  <w>där</w>
  <w>det</w>
  <w>funnits</w>
  <w>en</w>
  <w>pågående</w>
  <w>placering</w>
  <w>utan</w>
  <w>de</w>
  <w>aktuella</w>
  <w>kommunernas</w>
  <w>samtycke</w>
  <w>.</w>
  <w>Det</w>
  <w>låter</w>
  <w>som</w>
  <absaspan id=7 senti=4>
    <w>en</w>
    <w>självklarhet</w>
  </absaspan>
  <absaspan id=8>
    <w>att</w>
    <w>socialtjänsten</w>
    <w>i</w>
    <w>en</w>
    <w>kommun</w>
    <w>inte</w>
    <w>ska</w>
    <w>riskera</w>
    <w>en</w>
    <w>annan</w>
    <w>socialtjänsts</w>
    <w>pågående</w>
    <w>placering</w>
  </absaspan>
  <w>.</w>
  <w>När</w>
  <w>man</w>
  <w>matchar</w>
  <w>en</w>
  <w>familj</w>
  <w>med</w>
  <w>ett</w>
  <w>barn</w>
  <w>,</w>
  <w>gör</w>
  <w>man</w>
  <w>samtidigt</w>
  <w>en</w>
  <w>bedömning</w>
  <w>om</w>
  <w>familjens</w>
  <w>resurser</w>
  <w>tillåter</w>
  <w>flera</w>
  <w>barn</w>
  <w>samtidigt</w>
  <w>.</w>
</absapar>
<absapar id=5>
  <w>Det</w>
  <absaspan id=9 senti=1>
    <w>horribla</w>
    <w>är</w>
  </absaspan>
  <absaspan id=10>
    <w>att</w>
    <w>det</w>
    <w>inte</w>
    <w>så</w>
    <w>sällan</w>
    <w>händer</w>
    <w>att</w>
    <w>en</w>
    <w>familjehemsenhet</w>
    <w>struntar</w>
    <w>i</w>
    <w>detta</w>
    <w>och</w>
    <w>placerar</w>
    <w>barn</w>
    <w>i</w>
    <w>ett</w>
    <w>hem</w>
    <w>med</w>
    <w>pågående</w>
    <w>placering</w>
    <w>,</w>
    <w>trots</w>
    <w>den</w>
    <w>andra</w>
    <w>kommunens</w>
    <w>tydliga</w>
    <w>motvilja</w>
    <w>och</w>
    <w>risken</w>
    <w>för</w>
    <w>sammanbrott</w>
    <w>av</w>
    <w>placeringen</w>
  </absaspan>
  <w>.</w>
</absapar>
<absapar id=6>
  <w>Många</w>
  <w>placeringar</w>
  <w>sker</w>
  <w>i</w>
  <w>barnets</w>
  <w>nätverk</w>
  <w>.</w>
  <w>Enligt</w>
  <w>lag</w>
  <w>måste</w>
  <w>socialtjänsten</w>
  <w>alltid</w>
  <w>kontrollera</w>
  <w>nätverket</w>
  <w>vid</w>
  <w>en</w>
  <w>eventuell</w>
  <w>placering</w>
  <w>.</w>
  <w>Inte</w>
  <w>sällan</w>
  <w>avförs</w>
  <w>nätverket</w>
  <w>som</w>
  <w>alternativ</w>
  <w>då</w>
  <w>det</w>
  <w>inte</w>
  <w>uppfyller</w>
  <w>kraven</w>
  <w>.</w>
  <w>Men</w>
  <w>då</w>
  <w>antalet</w>
  <w>ensamkommande</w>
  <w>barn</w>
  <w>det</w>
  <w>senaste</w>
  <w>året</w>
  <w>snabbt</w>
  <w>blivit</w>
  <w>fler</w>
  <w>,</w>
  <w>höjs</w>
  <w>trycket</w>
  <w>markant</w>
  <w>på</w>
  <absaspan id=11 senti=2>
    <w>den</w>
    <w>redan</w>
    <w>magra</w>
  </absaspan>
  <absaspan id=12>
    <w>familjehemsbanken</w>
  </absaspan>
  <w>.</w>
  <w>Detta</w>
  <w>har</w>
  <absaspan id=13 senti=2>
    <w>ökat</w>
    <w>risken</w>
    <w>för</w>
  </absaspan>
  <absaspan id=14>
    <w>sänkta</w>
    <w>krav</w>
    <w>på</w>
    <w>de</w>
    <w>familjer</w>
    <w>som</w>
    <w>ska</w>
    <w>ta</w>
    <w>emot</w>
    <w>dessa</w>
    <w>barn</w>
  </absaspan>
  <w>.</w>
</absapar>
<absapar id=7>
  <w>Det</w>
  <absaspan id=15 senti=2>
    <w>är</w>
    <w>ett</w>
    <w>svek</w>
  </absaspan>
  <w>mot</w>
  <w>barnen</w>
  <absaspan id=16>
    <w>när</w>
    <w>de</w>
    <w>placeras</w>
    <w>hos</w>
    <w>familjer</w>
    <w>som</w>
    <w>inte</w>
    <w>uppfyller</w>
    <w>kraven</w>
    <w>enligt</w>
    <w>normerna</w>
    <w>för</w>
    <w>den</w>
    <w>gällande</w>
    <w>familjehemsutredningen</w>
  </absaspan>
  <w>.</w>
  <w>Det</w>
  <absaspan id=17 senti=2>
    <w>är</w>
  </absaspan>
  <w>också</w>
  <absaspan id=18 senti=2>
    <w>diskriminering</w>
  </absaspan>
  <w>av</w>
  <w>barn</w>
  <w>med</w>
  <w>utländskt</w>
  <w>härkomst</w>
  <absaspan id=19>
    <w>om</w>
    <w>man</w>
    <w>låter</w>
    <w>något</w>
    <w>avlägset</w>
    <w>släktband</w>
    <w>och</w>
    <w>ett</w>
    <w>gemensamt</w>
    <w>språk</w>
    <w>trolla</w>
    <w>bort</w>
    <w>de</w>
    <w>övriga</w>
    <w>bristerna</w>
    <w>hos</w>
    <w>nätverksfamiljen</w>
  </absaspan>
  <w>.</w>
</absapar>
<absapar id=8>
  <w>Bristen</w>
  <w>på</w>
  <w>familjer</w>
  <w>och</w>
  <w>den</w>
  <w>kommunala</w>
  <w>ansvarsfördelningen</w>
  <w>gör</w>
  <w>också</w>
  <w>att</w>
  <absaspan id=20 senti=2>
    <w>ökända</w>
  </absaspan>
  <absaspan id=21>
    <w>familjehem</w>
    <w>som</w>
    <w>socialnämnden</w>
    <w>har</w>
    <w>avbrutit</w>
    <w>sitt</w>
    <w>samarbete</w>
    <w>med</w>
  </absaspan>
  <w>,</w>
  <w>kan</w>
  <w>vända</w>
  <w>sig</w>
  <w>till</w>
  <w>andra</w>
  <w>kommuner</w>
  <w>så</w>
  <w>länge</w>
  <w>de</w>
  <w>inte</w>
  <w>nämner</w>
  <w>sina</w>
  <w>tidigare</w>
  <w>avbrutna</w>
  <w>uppdrag</w>
  <w>.</w>
  <absaspan id=22>
    <w>Även</w>
    <w>om</w>
    <w>socialnämnderna</w>
    <w>i</w>
    <w>dag</w>
    <w>kan</w>
    <w>förbjuda</w>
    <w>familjer</w>
    <w>att</w>
    <w>ta</w>
    <w>emot</w>
    <w>andras</w>
    <w>barn</w>
    <w>kan</w>
    <w>de</w>
    <w>slinka</w>
    <w>förbi</w>
    <w>förbudet</w>
    <w>då</w>
    <w>kommuner</w>
    <w>inte</w>
    <w>alltid</w>
    <w>kontrollerar</w>
    <w>med</w>
    <w>socialnämnden</w>
    <w>på</w>
    <w>orten</w>
    <w>om</w>
    <w>en</w>
    <w>familj</w>
    <w>är</w>
    <w>godkänd</w>
  </absaspan>
  <w>.</w>
  <absaspan id=23>
    <w>Den</w>
    <w>nämnda</w>
    <w>konkurrensen</w>
    <w>mellan</w>
    <w>olika</w>
    <w>kommuner</w>
  </absaspan>
  <absaspan id=24 senti=2>
    <w>gör</w>
  </absaspan>
  <absaspan id=25 senti=2>
    <w>problemet</w>
  </absaspan>
  <absaspan id=26 senti=2>
    <w>värre</w>
  </absaspan>
  <w>.</w>
</absapar>
<absapar id=9>
  <w>Barnens</w>
  <w>väl</w>
  <w>och</w>
  <w>ve</w>
  <w>ska</w>
  <w>inte</w>
  <w>vara</w>
  <w>en</w>
  <w>kommunal</w>
  <w>angelägenhet</w>
  <w>utan</w>
  <w>en</w>
  <w>nationell</w>
  <w>sådan</w>
  <w>.</w>
  <w>Barn</w>
  <w>ska</w>
  <w>behandlas</w>
  <w>lika</w>
  <w>oavsett</w>
  <w>var</w>
  <w>i</w>
  <w>landet</w>
  <w>de</w>
  <w>bor</w>
  <w>.</w>
  <w>Familjehemsverksamheten</w>
  <w>behöver</w>
  <w>ha</w>
  <w>nya</w>
  <w>riktlinjer</w>
  <w>.</w>
  <w>Det</w>
  <w>måste</w>
  <w>upprättas</w>
  <w>en</w>
  <w>nationell</w>
  <w>bank</w>
  <w>av</w>
  <w>familjehem</w>
  <w>som</w>
  <w>bistår</w>
  <w>socialnämnderna</w>
  <w>med</w>
  <w>de</w>
  <w>familjer</w>
  <w>som</w>
  <w>behövs</w>
  <w>och</w>
  <w>stoppar</w>
  <w>de</w>
  <w>familjer</w>
  <w>som</w>
  <w>inte</w>
  <w>gagnar</w>
  <w>barnens</w>
  <w>utveckling</w>
  <w>.</w>
  <w>Sist</w>
  <w>men</w>
  <w>inte</w>
  <w>minst</w>
  <w>,</w>
  <w>ska</w>
  <w>kommuner</w>
  <w>vara</w>
  <w>skyldiga</w>
  <w>att</w>
  <w>ta</w>
  <w>hänsyn</w>
  <w>till</w>
  <w>socialnämndens</w>
  <w>bedömning</w>
  <w>på</w>
  <w>orten</w>
  <w>om</w>
  <w>placering</w>
  <w>av</w>
  <w>barn</w>
  <w>hos</w>
  <w>en</w>
  <w>familj</w>
  <w>.</w>
</absapar>
<absapar id=10>
  <w>Soleyman</w>
  <w>Ghasemiani</w>
  <w>.</w>
</absapar>
<absapar id=11>
  <w>FAKTA</w>
  <w>.</w>
</absapar>
<absapar id=12>
  <w>REN</w>
  <w>.</w>
</absapar>
<absapar id=13>
  <w>N</w>
  <w>.</w>
</absapar>
</absadoc>
