<absadoc annotators=1 senti=>
<absatitle>
  <absaspan id=1 senti=2 source=3 target=2>
    <w>Påfallande</w>
    <w>misstro</w>
    <w>mot</w>
  </absaspan>
  <absaspan id=2>
    <w>svensk</w>
    <w>djurhållning</w>
  </absaspan>
  <absaspan id=3>
    <w>.</w>
  </absaspan>
</absatitle>
<absapar id=1>
  <w>Utveckling</w>
  <w>är</w>
  <w>nödvändigt</w>
  <w>om</w>
  <w>vi</w>
  <w>vill</w>
  <w>ha</w>
  <w>kvar</w>
  <w>en</w>
  <w>livsmedelsproduktion</w>
  <w>i</w>
  <w>Sverige</w>
  <w>.</w>
  <w>Alternativet</w>
  <w>är</w>
  <w>att</w>
  <w>vi</w>
  <w>får</w>
  <w>importera</w>
  <w>en</w>
  <w>större</w>
  <w>andel</w>
  <w>av</w>
  <w>vår</w>
  <w>mat</w>
  <w>och</w>
  <w>det</w>
  <w>vore</w>
  <w>definitivt</w>
  <w>inte</w>
  <w>någon</w>
  <w>vinst</w>
  <w>för</w>
  <w>djurskyddet</w>
  <w>,</w>
  <w>skriver</w>
  <w>Leif</w>
  <w>Denneberg</w>
  <w>och</w>
  <w>Håkan</w>
  <w>Henrikson</w>
  <w>från</w>
  <w>Jordbruksverket</w>
  <w>i</w>
  <w>en</w>
  <w>replik</w>
  <w>till</w>
  <w>konsument</w>
  <w>-</w>
  <w>och</w>
  <w>djurrättsorganisationer</w>
  <w>.</w>
</absapar>
<absapar id=2>
  <w>Leif</w>
  <w>Denneberg</w>
  <w>.</w>
</absapar>
<absapar id=3>
  <w>Vår</w>
  <w>hantering</w>
  <w>av</w>
  <w>frågan</w>
  <w>om</w>
  <w>avvänjning</w>
  <w>av</w>
  <w>smågris</w>
  <w>har</w>
  <w>väckt</w>
  <w>mycket</w>
  <w>känslor</w>
  <w>.</w>
  <absaspan id=4 senti=2>
    <w>Dessvärre</w>
  </absaspan>
  <absaspan id=5>
    <w>är</w>
  </absaspan>
  <absaspan id=6>
    <w>den</w>
    <w>bild</w>
    <w>som</w>
    <w>ofta</w>
    <w>har</w>
    <w>målats</w>
    <w>upp</w>
    <w>i</w>
    <w>olika</w>
    <w>medier</w>
    <w>fylld</w>
    <w>av</w>
    <w>felaktigheter</w>
    <w>och</w>
    <w>påståenden</w>
    <w>vars</w>
    <w>syfte</w>
    <w>verkar</w>
    <w>vara</w>
    <w>att</w>
    <w>vilseleda</w>
    <w>och</w>
    <w>skapa</w>
    <w>opinion</w>
  </absaspan>
  <w>.</w>
  <absaspan id=7>
    <w>Detta</w>
  </absaspan>
  <absaspan id=8 senti=2>
    <w>är</w>
    <w>varken</w>
    <w>ansvarsfullt</w>
    <w>eller</w>
    <w>konstruktivt</w>
  </absaspan>
  <w>och</w>
  <w>vi</w>
  <w>anser</w>
  <w>att</w>
  <w>djurskyddsfrågorna</w>
  <w>förtjänar</w>
  <w>avsevärt</w>
  <w>större</w>
  <w>saklighet</w>
  <w>.</w>
</absapar>
<absapar id=4>
  <w>Det</w>
  <w>här</w>
  <w>är</w>
  <w>en</w>
  <w>argumenterande</w>
  <w>text</w>
  <w>med</w>
  <w>syfte</w>
  <w>att</w>
  <w>påverka</w>
  <w>.</w>
  <w>Åsikterna</w>
  <w>som</w>
  <w>uttrycks</w>
  <w>är</w>
  <w>skribentens</w>
  <w>egna</w>
  <w>.</w>
</absapar>
<absapar id=5>
  <w>I</w>
  <w>Jordbruksverkets</w>
  <w>uppdrag</w>
  <w>ingår</w>
  <w>att</w>
  <w>hantera</w>
  <w>flera</w>
  <w>mål</w>
  <w>samtidigt</w>
  <w>,</w>
  <w>vi</w>
  <w>ska</w>
  <w>se</w>
  <w>till</w>
  <w>så</w>
  <absaspan id=9>
    <w>att</w>
  </absaspan>
  <absaspan id=10>
    <w>vi</w>
    <w>har</w>
    <w>ett</w>
    <w>gott</w>
    <w>djurskydd</w>
    <w>och</w>
    <w>god</w>
    <w>djurhälsa</w>
    <w>i</w>
    <w>Sverige</w>
    <w>med</w>
    <w>en</w>
    <w>fortsatt</w>
    <w>låg</w>
    <w>antibiotikaanvändning</w>
    <w>inom</w>
    <w>svensk</w>
    <w>djurhållning</w>
  </absaspan>
  <w>.</w>
  <absaspan id=11>
    <w>Det</w>
  </absaspan>
  <absaspan id=12 senti=4>
    <w>ligger</w>
    <w>i</w>
    <w>hela</w>
    <w>samhällets</w>
    <w>intresse</w>
  </absaspan>
  <w>vilket</w>
  <w>inkluderar</w>
  <w>såväl</w>
  <w>medborgarna</w>
  <w>i</w>
  <w>Sverige</w>
  <w>som</w>
  <w>den</w>
  <w>svenska</w>
  <w>köttbranschen</w>
  <w>.</w>
  <w>Vårt</w>
  <w>uppdrag</w>
  <w>är</w>
  <w>också</w>
  <w>att</w>
  <w>verka</w>
  <w>för</w>
  <absaspan id=13>
    <w>en</w>
  </absaspan>
  <absaspan id=14>
    <w>ökad</w>
    <w>och</w>
    <w>konkurrenskraftig</w>
    <w>livsmedelsproduktion</w>
  </absaspan>
  <absaspan id=15>
    <w>vilket</w>
    <w>även</w>
    <w>det</w>
  </absaspan>
  <absaspan id=16 senti=4>
    <w>ligger</w>
    <w>i</w>
    <w>hela</w>
    <w>samhällets</w>
    <w>intresse</w>
  </absaspan>
  <w>och</w>
  <w>i</w>
  <w>linje</w>
  <w>med</w>
  <absaspan id=17>
    <w>den</w>
  </absaspan>
  <absaspan id=18>
    <w>svenska</w>
    <w>livsmedelsstrategin</w>
  </absaspan>
  <absaspan id=19>
    <w>som</w>
    <w>riksdagen</w>
  </absaspan>
  <absaspan id=20 senti=4>
    <w>har</w>
    <w>ställt</w>
    <w>sig</w>
    <w>bakom</w>
  </absaspan>
  <w>.</w>
  <w>Med</w>
  <w>den</w>
  <w>ändring</w>
  <w>vi</w>
  <w>nu</w>
  <w>gjort</w>
  <w>i</w>
  <w>våra</w>
  <w>föreskrifter</w>
  <w>bibehåller</w>
  <w>eller</w>
  <w>förbättrar</w>
  <w>vi</w>
  <w>djurskyddet</w>
  <w>och</w>
  <w>djurhälsan</w>
  <w>inom</w>
  <w>svensk</w>
  <w>grisuppfödning</w>
  <w>samtidigt</w>
  <w>som</w>
  <w>konkurrenskraften</w>
  <w>stärks</w>
  <w>för</w>
  <w>grisuppfödarna</w>
  <w>.</w>
</absapar>
<absapar id=6>
  <w>Vi</w>
  <w>delar</w>
  <w>inte</w>
  <w>den</w>
  <w>bild</w>
  <w>som</w>
  <w>målas</w>
  <w>upp</w>
  <w>i</w>
  <w>artikeln</w>
  <w>och</w>
  <w>vi</w>
  <w>har</w>
  <w>inte</w>
  <w>ignorerat</w>
  <w>remissinstansernas</w>
  <w>svar</w>
  <w>eller</w>
  <absaspan id=21 senti=2>
    <w>den</w>
    <w>kritik</w>
    <w>som</w>
    <w>riktats</w>
    <w>mot</w>
  </absaspan>
  <absaspan id=22>
    <w>förslaget</w>
    <w>.</w>
  </absaspan>
  <w>Vi</w>
  <w>har</w>
  <w>däremot</w>
  <w>inte</w>
  <w>sett</w>
  <w>att</w>
  <w>det</w>
  <w>i</w>
  <w>remissvaren</w>
  <w>framkommit</w>
  <w>någon</w>
  <w>ny</w>
  <w>fakta</w>
  <w>som</w>
  <w>vi</w>
  <w>inte</w>
  <w>redan</w>
  <w>känt</w>
  <w>till</w>
  <w>.</w>
  <w>Vi</w>
  <w>är</w>
  <w>medvetna</w>
  <w>om</w>
  <w>den</w>
  <w>tidigare</w>
  <w>forskning</w>
  <w>som</w>
  <w>gjorts</w>
  <w>inom</w>
  <w>området</w>
  <w>och</w>
  <w>att</w>
  <w>avvänjningen</w>
  <w>är</w>
  <w>en</w>
  <w>känslig</w>
  <w>period</w>
  <w>för</w>
  <w>smågrisar</w>
  <w>.</w>
  <w>Det</w>
  <w>är</w>
  <w>därför</w>
  <w>vi</w>
  <w>ställer</w>
  <w>strängare</w>
  <w>djurskydds</w>
  <w>-</w>
  <w>och</w>
  <w>djurhälsokrav</w>
  <w>på</w>
  <w>de</w>
  <w>besättningar</w>
  <w>som</w>
  <w>vill</w>
  <absaspan id=23>
    <w>tillämpa</w>
  </absaspan>
  <absaspan id=24>
    <w>en</w>
    <w>tidigare</w>
    <w>avvänjning</w>
  </absaspan>
  <w>jämfört</w>
  <w>med</w>
  <w>övriga</w>
  <w>,</w>
  <w>dessa</w>
  <w>måste</w>
  <w>uppfylla</w>
  <w>elva</w>
  <w>särskilda</w>
  <w>villkor</w>
  <w>.</w>
</absapar>
<absapar id=7>
  <w>Den</w>
  <w>studie</w>
  <w>som</w>
  <w>vi</w>
  <w>grundar</w>
  <w>de</w>
  <w>nya</w>
  <w>reglerna</w>
  <w>på</w>
  <w>visade</w>
  <w>att</w>
  <absaspan id=25>
    <w>detta</w>
  </absaspan>
  <absaspan id=26 senti=3>
    <w>var</w>
    <w>möjligt</w>
    <w>utan</w>
  </absaspan>
  <absaspan id=27 senti=3>
    <w>negativa</w>
  </absaspan>
  <absaspan id=28 senti=3>
    <w>konsekvenser</w>
  </absaspan>
  <absaspan id=29 senti=3>
    <w>för</w>
    <w>djurvälfärden</w>
  </absaspan>
  <w>.</w>
  <w>Studien</w>
  <w>är</w>
  <w>unik</w>
  <w>eftersom</w>
  <w>den</w>
  <w>till</w>
  <w>skillnad</w>
  <w>från</w>
  <w>många</w>
  <w>andra</w>
  <w>studier</w>
  <w>på</w>
  <w>detta</w>
  <w>område</w>
  <w>faktiskt</w>
  <w>har</w>
  <w>undersökt</w>
  <w>avvänjning</w>
  <w>i</w>
  <w>svenska</w>
  <w>grisbesättningar</w>
  <w>under</w>
  <w>förhållanden</w>
  <w>liknande</w>
  <w>de</w>
  <w>som</w>
  <w>nu</w>
  <w>krävs</w>
  <w>enligt</w>
  <w>föreskriften</w>
  <w>.</w>
  <w>Oberoende</w>
  <w>experter</w>
  <w>vid</w>
  <w>Sveriges</w>
  <w>lantbruksuniversitet</w>
  <w>och</w>
  <w>Statens</w>
  <w>veterinärmedicinska</w>
  <w>anstalt</w>
  <w>har</w>
  <w>också</w>
  <w>utvärderat</w>
  <w>studien</w>
  <w>.</w>
</absapar>
<absapar id=8>
  <absaspan id=30>
    <w>Vi</w>
  </absaspan>
  <absaspan id=31 senti=2>
    <w>är</w>
    <w>däremot</w>
    <w>bekymrade</w>
    <w>över</w>
  </absaspan>
  <absaspan id=32>
    <w>den</w>
    <w>förändringsrädsla</w>
    <w>och</w>
    <w>misstro</w>
    <w>som</w>
    <w>präglar</w>
    <w>djurskyddsområdet</w>
  </absaspan>
  <w>.</w>
  <w>Representanter</w>
  <w>för</w>
  <w>konsument</w>
  <w>-</w>
  <w>och</w>
  <w>djurskyddsorganisationer</w>
  <w>visar</w>
  <w>gång</w>
  <w>på</w>
  <w>gång</w>
  <w>att</w>
  <w>deras</w>
  <w>tilltro</w>
  <w>i</w>
  <w>djurskyddsfrågor</w>
  <w>endast</w>
  <w>ligger</w>
  <w>i</w>
  <w>hur</w>
  <w>lagstiftningen</w>
  <w>utformas</w>
  <w>och</w>
  <w>aldrig</w>
  <w>i</w>
  <w>det</w>
  <w>djurskyddsarbete</w>
  <w>som</w>
  <w>våra</w>
  <w>svenska</w>
  <w>djurhållare</w>
  <w>och</w>
  <w>djurhälsopersonal</w>
  <w>dagligen</w>
  <w>bedriver</w>
  <w>i</w>
  <w>svenska</w>
  <w>stallar</w>
  <w>.</w>
  <w>Med</w>
  <w>tanke</w>
  <w>på</w>
  <w>den</w>
  <w>särställning</w>
  <w>vi</w>
  <w>i</w>
  <w>Sverige</w>
  <w>har</w>
  <w>på</w>
  <w>djurskyddsområdet</w>
  <w>jämfört</w>
  <w>med</w>
  <w>andra</w>
  <w>länder</w>
  <w>så</w>
  <absaspan id=33 senti=2>
    <w>är</w>
  </absaspan>
  <absaspan id=34 senti=2>
    <w>denna</w>
    <w>misstro</w>
    <w>mot</w>
  </absaspan>
  <absaspan id=35>
    <w>svensk</w>
    <w>djurhållning</w>
    <w>och</w>
    <w>svenskt</w>
    <w>djurskydd</w>
  </absaspan>
  <absaspan id=36 senti=2>
    <w>anmärkningsvärd</w>
  </absaspan>
  <absaspan id=37>
    <w>.</w>
  </absaspan>
</absapar>
<absapar id=9>
  <w>Vi</w>
  <w>har</w>
  <w>inte</w>
  <w>för</w>
  <w>avsikt</w>
  <w>att</w>
  <w>sänka</w>
  <w>vårt</w>
  <w>goda</w>
  <w>djurskydd</w>
  <w>,</w>
  <w>varken</w>
  <w>i</w>
  <w>teorin</w>
  <w>eller</w>
  <w>i</w>
  <w>praktiken</w>
  <w>.</w>
  <w>Vi</w>
  <w>har</w>
  <w>däremot</w>
  <w>till</w>
  <w>uppdrag</w>
  <w>att</w>
  <w>våga</w>
  <w>utveckla</w>
  <w>både</w>
  <w>vår</w>
  <w>svenska</w>
  <w>djurskyddslagstiftning</w>
  <w>och</w>
  <w>vår</w>
  <w>svenska</w>
  <w>djurhållning</w>
  <w>.</w>
  <w>Utveckling</w>
  <w>är</w>
  <w>också</w>
  <w>nödvändigt</w>
  <w>om</w>
  <w>vi</w>
  <w>vill</w>
  <w>ha</w>
  <w>kvar</w>
  <w>en</w>
  <w>livsmedelsproduktion</w>
  <w>i</w>
  <w>Sverige</w>
  <w>.</w>
  <w>Alternativet</w>
  <w>är</w>
  <absaspan id=38>
    <w>att</w>
  </absaspan>
  <absaspan id=39>
    <w>vi</w>
    <w>får</w>
    <w>importera</w>
    <w>en</w>
    <w>större</w>
    <w>andel</w>
    <w>av</w>
    <w>vår</w>
    <w>mat</w>
  </absaspan>
  <w>och</w>
  <absaspan id=40>
    <w>det</w>
  </absaspan>
  <absaspan id=41 senti=2>
    <w>vore</w>
    <w>definitivt</w>
    <w>inte</w>
    <w>någon</w>
    <w>vinst</w>
    <w>för</w>
    <w>djurskyddet</w>
  </absaspan>
  <w>.</w>
  <absaspan id=42>
    <w>Att</w>
    <w>behålla</w>
    <w>vår</w>
    <w>svenska</w>
    <w>livsmedelsproduktion</w>
  </absaspan>
  <absaspan id=43 senti=4>
    <w>är</w>
    <w>en</w>
    <w>vinst</w>
    <w>för</w>
    <w>både</w>
    <w>djuren</w>
    <w>och</w>
    <w>konsumenterna</w>
  </absaspan>
  <w>.</w>
</absapar>
<absapar id=10>
  <w>Skräddarsydda</w>
  <w>kurser</w>
  <w>i</w>
  <w>ämnen</w>
  <w>som</w>
  <w>intresserar</w>
  <w>och</w>
  <w>engagerar</w>
  <w>både</w>
  <w>kropp</w>
  <w>och</w>
  <w>själ</w>
  <w>.</w>
</absapar>
<absapar id=11>
  <w>Leif</w>
  <w>Denneberggeneraldirektör</w>
  <w>Jordbruksverket</w>
  <w>.</w>
</absapar>
<absapar id=12>
  <w>Håkan</w>
  <w>Henriksondivisionsdirektör</w>
  <w>Jordbruksverket</w>
  <w>.</w>
</absapar>
<absapar id=13>
  <w>Redaktör</w>
  <w>:</w>
  <w>Carina</w>
  <w>Stensson</w>
  <w>,</w>
  <w>Biträdande</w>
  <w>redaktör</w>
  <w>:</w>
  <w>Björn</w>
  <w>Jorner</w>
  <w>,</w>
  <w>Mejl</w>
  <w>:</w>
  <w>debatt</w>
  <w>@</w>
  <w>svd.se</w>
  <w>,</w>
  <w>Telefonnummer</w>
  <w>:</w>
  <w>08</w>
  <w>-</w>
  <w>135149</w>
  <w>,</w>
  <w>Twitter</w>
  <w>:</w>
  <w>@</w>
  <w>SvDDebatt</w>
  <w>,</w>
  <w>Facebook</w>
  <w>:</w>
  <w>SvD</w>
  <w>Debatt</w>
  <w>.</w>
</absapar>
</absadoc>
