<absadoc annotators=1 senti=>
<absatitle>
  <w>Replik</w>
  <w>direkt</w>
  <w>:</w>
  <w>Alla</w>
  <w>anmälningar</w>
  <w>om</w>
  <w>brott</w>
  <w>tas</w>
  <w>på</w>
  <w>största</w>
  <w>allvar</w>
  <w>.</w>
</absatitle>
<absapar id=1>
  <absaspan id=1>
    <w>Tallink</w>
    <w>Silja</w>
  </absaspan>
  <absaspan id=2 senti=4>
    <w>arbetar</w>
    <w>målmedvetet</w>
    <w>med</w>
  </absaspan>
  <absaspan id=3>
    <w>alla</w>
    <w>frågor</w>
    <w>som</w>
    <w>rör</w>
    <w>fartygens</w>
    <w>och</w>
    <w>passagerarnas</w>
    <w>säkerhet</w>
  </absaspan>
  <w>.</w>
</absapar>
<absapar id=2>
  <w>Rederiets</w>
  <w>personal</w>
  <w>har</w>
  <w>som</w>
  <w>ett</w>
  <w>led</w>
  <w>i</w>
  <w>detta</w>
  <w>även</w>
  <w>utbildats</w>
  <w>i</w>
  <w>frågor</w>
  <w>gällande</w>
  <w>sexhandelns</w>
  <w>struktur</w>
  <w>,</w>
  <w>bland</w>
  <w>annat</w>
  <w>under</w>
  <w>ledning</w>
  <w>av</w>
  <w>Ecpat</w>
  <w>.</w>
</absapar>
<absapar id=3>
  <absaspan id=4>
    <w>Sexhandel</w>
  </absaspan>
  <absaspan id=5 senti=1>
    <w>är</w>
    <w>ett</w>
    <w>synnerligen</w>
    <w>dystert</w>
    <w>inslag</w>
    <w>i</w>
    <w>samhället</w>
  </absaspan>
  <w>som</w>
  <w>dyker</w>
  <w>upp</w>
  <w>på</w>
  <w>vitt</w>
  <w>skilda</w>
  <w>ställen</w>
  <w>i</w>
  <w>många</w>
  <w>länder</w>
  <w>runt</w>
  <w>om</w>
  <w>i</w>
  <w>världen</w>
  <w>.</w>
  <w>Sverige</w>
  <w>,</w>
  <w>Norden</w>
  <w>och</w>
  <w>Baltikum</w>
  <w>är</w>
  <w>tyvärr</w>
  <w>inga</w>
  <w>undantag</w>
  <w>.</w>
</absapar>
<absapar id=4>
  <w>Vid</w>
  <w>misstanke</w>
  <w>om</w>
  <w>eventuellt</w>
  <w>brott</w>
  <w>ombord</w>
  <w>följer</w>
  <w>fartygens</w>
  <w>säkerhetspersonal</w>
  <w>strikt</w>
  <w>givna</w>
  <w>instruktioner</w>
  <w>.</w>
  <w>På</w>
  <w>varje</w>
  <w>fartyg</w>
  <w>finns</w>
  <w>ett</w>
  <w>flertal</w>
  <w>vakter</w>
  <w>som</w>
  <w>går</w>
  <w>att</w>
  <w>nås</w>
  <w>direkt</w>
  <w>eller</w>
  <w>via</w>
  <w>fartygets</w>
  <w>information</w>
  <w>.</w>
  <w>Alla</w>
  <w>anmälningar</w>
  <w>om</w>
  <w>brott</w>
  <w>eller</w>
  <w>brottsmisstanke</w>
  <w>,</w>
  <w>oavsett</w>
  <w>karaktär</w>
  <w>,</w>
  <w>tas</w>
  <w>på</w>
  <w>största</w>
  <w>allvar</w>
  <w>.</w>
  <absaspan id=6 senti=4>
    <w>Glädjande</w>
    <w>nog</w>
  </absaspan>
  <absaspan id=7>
    <w>är</w>
    <w>antalet</w>
    <w>anmälda</w>
    <w>brott</w>
    <w>-</w>
    <w>eller</w>
    <w>brottsmisstankar</w>
    <w>ombord</w>
    <w>på</w>
    <w>fartygen</w>
    <w>lågt</w>
  </absaspan>
  <w>.</w>
</absapar>
<absapar id=5>
  <w>Janis</w>
  <w>Pavuls</w>
  <w>,</w>
  <w>kommunikationschef</w>
  <w>,</w>
  <w>Tallink</w>
  <w>Silja</w>
  <w>AB</w>
  <w>.</w>
</absapar>
</absadoc>
