<absadoc annotators=1 senti=>
<absatitle>
  <w>Lånefesten</w>
  <w>snart</w>
  <w>slut</w>
  <w>.</w>
</absatitle>
<absapar id=1>
  <w>Nu</w>
  <w>är</w>
  <w>det</w>
  <w>bara</w>
  <w>månader</w>
  <w>kvar</w>
  <w>tills</w>
  <w>räntehöjningen</w>
  <w>kommer</w>
  <w>.</w>
  <w>Det</w>
  <w>innebär</w>
  <w>en</w>
  <w>inbromsning</w>
  <w>i</w>
  <w>kreditexpansionen</w>
  <w>och</w>
  <w>därmed</w>
  <w>också</w>
  <w>förmodligen</w>
  <w>en</w>
  <w>rejäl</w>
  <w>avmattning</w>
  <w>i</w>
  <w>börsrallyt</w>
  <w>.</w>
</absapar>
<absapar id=2>
  <w>Sedan</w>
  <w>kan</w>
  <w>vad</w>
  <w>som</w>
  <w>hellst</w>
  <w>hända</w>
  <w>.</w>
  <w>Hoppas</w>
  <w>ni</w>
  <w>är</w>
  <w>beredda</w>
  <w>och</w>
  <w>har</w>
  <w>amorterat</w>
  <w>ned</w>
  <w>bostadslånen</w>
  <w>nu</w>
  <w>.</w>
</absapar>
<absapar id=3>
  <w>Ni</w>
  <w>har</w>
  <w>ju</w>
  <w>haft</w>
  <w>snart</w>
  <w>10</w>
  <w>år</w>
  <w>på</w>
  <w>er</w>
  <w>.</w>
</absapar>
</absadoc>
