<absadoc annotators=1 senti=>
<absatitle>
  <w>Från</w>
  <w>it-nation</w>
  <w>till</w>
  <w>städnation</w>
  <w>.</w>
</absatitle>
<absapar id=1>
  <w>Hem-pc-reformen</w>
  <w>har</w>
  <w>inneburit</w>
  <w>en</w>
  <w>revolution</w>
  <w>i</w>
  <w>datamognad</w>
  <w>.</w>
  <w>Många</w>
  <w>har</w>
  <w>haft</w>
  <w>möjlighet</w>
  <w>att</w>
  <w>skaffa</w>
  <w>en</w>
  <w>modern</w>
  <w>dator</w>
  <w>och</w>
  <w>utvecklas</w>
  <w>i</w>
  <w>sitt</w>
  <w>datorkunnande</w>
  <w>,</w>
  <w>vilket</w>
  <w>både</w>
  <w>lett</w>
  <w>till</w>
  <w>personlig</w>
  <w>utveckling</w>
  <w>samt</w>
  <w>varit</w>
  <w>en</w>
  <w>stor</w>
  <w>hjälp</w>
  <w>för</w>
  <w>företagen</w>
  <w>.</w>
  <w>I</w>
  <w>vårt</w>
  <w>moderna</w>
  <w>samhälle</w>
  <w>är</w>
  <w>de</w>
  <w>digitala</w>
  <w>klyftorna</w>
  <w>mindre</w>
  <w>än</w>
  <w>i</w>
  <w>andra</w>
  <w>länder</w>
  <w>,</w>
  <w>men</w>
  <w>fortfarande</w>
  <w>stora</w>
  <w>mellan</w>
  <w>åldersgrupper</w>
  <w>och</w>
  <w>beroende</w>
  <w>på</w>
  <w>inkomst</w>
  <w>.</w>
  <w>För</w>
  <w>att</w>
  <w>vi</w>
  <w>på</w>
  <w>bästa</w>
  <w>sätt</w>
  <w>ska</w>
  <w>kunna</w>
  <w>utnyttja</w>
  <w>de</w>
  <w>nya</w>
  <w>möjligheter</w>
  <w>som</w>
  <w>it-samhället</w>
  <w>erbjuder</w>
  <w>oss</w>
  <w>måste</w>
  <w>alla</w>
  <w>medborgare</w>
  <w>kunna</w>
  <w>vara</w>
  <w>delaktiga</w>
  <w>.</w>
</absapar>
<absapar id=2>
  <w>Därför</w>
  <w>ser</w>
  <w>jag</w>
  <w>det</w>
  <w>som</w>
  <w>ett</w>
  <w>naturligt</w>
  <w>steg</w>
  <w>att</w>
  <w>utveckla</w>
  <w>hem-pc-reformen</w>
  <w>till</w>
  <w>att</w>
  <w>omfatta</w>
  <w>även</w>
  <w>andra</w>
  <w>grupper</w>
  <w>än</w>
  <w>den</w>
  <w>gör</w>
  <w>i</w>
  <w>?</w>
  <w>dag</w>
  <w>.</w>
  <w>Varför</w>
  <w>inte</w>
  <w>införa</w>
  <w>ett</w>
  <w>hem-pc-avdrag</w>
  <w>även</w>
  <w>för</w>
  <w>exempelvis</w>
  <w>studenter</w>
  <w>och</w>
  <w>pensionärer</w>
  <w>?</w>
  <w>Eller</w>
  <w>ett</w>
  <w>generellt</w>
  <w>hem-pc-avdrag</w>
  <w>för</w>
  <w>alla</w>
  <w>?</w>
  <w>.</w>
</absapar>
<absapar id=3>
  <w>Ett</w>
  <w>avskaffande</w>
  <w>av</w>
  <w>reformen</w>
  <w>är</w>
  <w>ett</w>
  <w>ideologiskt</w>
  <w>ställningstagande</w>
  <w>mot</w>
  <w>det</w>
  <w>moderna</w>
  <w>it-samhället</w>
  <w>och</w>
  <w>mot</w>
  <w>att</w>
  <w>Sverige</w>
  <w>har</w>
  <w>en</w>
  <w>ledande</w>
  <w>position</w>
  <w>i</w>
  <w>världen</w>
  <w>när</w>
  <w>det</w>
  <w>gäller</w>
  <w>användandet</w>
  <w>av</w>
  <w>ny</w>
  <w>teknik</w>
  <w>.</w>
  <w>Genom</w>
  <w>att</w>
  <w>införa</w>
  <w>förmånsskatt</w>
  <w>för</w>
  <w>alla</w>
  <w>som</w>
  <w>har</w>
  <w>skaffat</w>
  <w>dator</w>
  <w>via</w>
  <w>hem-pc-reformen</w>
  <w>och</w>
  <w>lägga</w>
  <w>på</w>
  <w>extra</w>
  <w>avgifter</w>
  <w>för</w>
  <w>arbetsgivaren</w>
  <w>vill</w>
  <w>moderatregeringen</w>
  <w>att</w>
  <w>reformen</w>
  <w>ska</w>
  <w>självdö</w>
  <w>.</w>
  <w>Dessa</w>
  <w>pålagor</w>
  <w>ska</w>
  <w>vara</w>
  <w>med</w>
  <w>och</w>
  <w>finansiera</w>
  <w>skattesubventioner</w>
  <w>till</w>
  <w>dem</w>
  <w>som</w>
  <w>har</w>
  <w>råd</w>
  <w>att</w>
  <w>anställa</w>
  <w>hembiträden</w>
  <w>.</w>
</absapar>
<absapar id=4>
  <w>Från</w>
  <w>att</w>
  <w>i</w>
  <w>dessa</w>
  <w>globaliseringens</w>
  <w>tider</w>
  <w>konkurrera</w>
  <w>på</w>
  <w>världsmarknaden</w>
  <w>med</w>
  <w>hög</w>
  <w>teknologisk</w>
  <w>kompetens</w>
  <w>vill</w>
  <w>den</w>
  <w>nya</w>
  <absaspan id=1>
    <w>moderatledda</w>
    <w>regeringen</w>
  </absaspan>
  <w>att</w>
  <w>Sverige</w>
  <absaspan id=2 senti=2>
    <w>ska</w>
    <w>konkurrera</w>
    <w>med</w>
    <w>städkunskaper</w>
  </absaspan>
  <w>.</w>
  <w>Städkunskaper</w>
  <w>i</w>
  <w>all</w>
  <w>ära</w>
  <w>,</w>
  <w>men</w>
  <w>Sveriges</w>
  <w>framtida</w>
  <w>konkurrenskraft</w>
  <w>borde</w>
  <w>inte</w>
  <w>baseras</w>
  <w>på</w>
  <w>just</w>
  <w>den</w>
  <w>branschen</w>
  <w>.</w>
</absapar>
<absapar id=5>
  <w>Resultatet</w>
  <w>av</w>
  <w>ett</w>
  <w>avskaffande</w>
  <w>av</w>
  <w>denna</w>
  <w>reform</w>
  <w>skulle</w>
  <w>bli</w>
  <w>förödande</w>
  <w>.</w>
  <w>Både</w>
  <w>när</w>
  <w>det</w>
  <w>gäller</w>
  <w>it-mognaden</w>
  <w>i</w>
  <w>hushållen</w>
  <w>och</w>
  <w>när</w>
  <w>det</w>
  <w>gäller</w>
  <w>arbetstillfällen</w>
  <w>.</w>
</absapar>
<absapar id=6>
  <w>Minst</w>
  <w>3</w>
  <w>?</w>
  <w>000</w>
  <w>heltidstjänster</w>
  <w>försvinner</w>
  <w>och</w>
  <w>sammanlagt</w>
  <w>berörs</w>
  <w>cirka</w>
  <w>4</w>
  <w>?</w>
  <w>400</w>
  <w>personer</w>
  <w>inom</w>
  <w>service</w>
  <w>,</w>
  <w>installation</w>
  <w>och</w>
  <w>support</w>
  <w>.</w>
  <w>Lägg</w>
  <w>så</w>
  <w>till</w>
  <w>att</w>
  <absaspan id=3>
    <w>moderatregeringen</w>
  </absaspan>
  <w>redan</w>
  <w>aviserat</w>
  <w>att</w>
  <w>den</w>
  <w>it-politiska</w>
  <w>strategigruppen</w>
  <w>ska</w>
  <w>avskaffas</w>
  <w>så</w>
  <w>blir</w>
  <w>avsikten</w>
  <w>än</w>
  <w>mer</w>
  <w>tydlig</w>
  <w>.</w>
</absapar>
<absapar id=7>
  <absaspan id=4 senti=2>
    <w>De</w>
    <w>digitala</w>
    <w>klyftorna</w>
    <w>kommer</w>
    <w>att</w>
    <w>öka</w>
  </absaspan>
  <w>.</w>
  <absaspan id=5 senti=2>
    <w>It-kompetens</w>
    <w>blir</w>
    <w>en</w>
    <w>klassfråga</w>
  </absaspan>
  <w>i</w>
  <absaspan id=6>
    <w>moderaternas</w>
    <w>Sverige</w>
  </absaspan>
  <w>.</w>
</absapar>
</absadoc>
