<absadoc annotators=1 senti=1>
<absatitle>
  <w>Varför</w>
  <w>går</w>
  <w>det</w>
  <w>inte</w>
  <w>att</w>
  <w>totalstoppa</w>
  <w>all</w>
  <w>invandring</w>
  <absaspan id=1 senti=1>
    <w>?</w>
  </absaspan>
</absatitle>
<absapar id=1 senti=1>
  <w>Jag</w>
  <w>fattar</w>
  <w>inte</w>
  <w>,</w>
  <w>är</w>
  <absaspan id=2>
    <w>politiker</w>
  </absaspan>
  <w>och</w>
  <absaspan id=3>
    <w>makthavare</w>
  </absaspan>
  <absaspan id=4 senti=1>
    <w>helt</w>
    <w>jävla</w>
    <w>handfallna</w>
  </absaspan>
  <w>?</w>
  <w>.</w>
</absapar>
<absapar id=2 senti=1>
  <w>Alla</w>
  <w>vet</w>
  <w>att</w>
  <w>det</w>
  <w>kommer</w>
  <w>inte</w>
  <w>att</w>
  <w>finnas</w>
  <w>varken</w>
  <w>jobb</w>
  <w>eller</w>
  <w>bostäder</w>
  <w>till</w>
  <w>dessa</w>
  <w>enorma</w>
  <w>mängder</w>
  <absaspan id=5>
    <w>ensamkommande</w>
  </absaspan>
  <absaspan id=6>
    <w>muslimska</w>
    <w>MÄN</w>
  </absaspan>
  <w>(</w>
  <w>är</w>
  <w>det</w>
  <w>inte</w>
  <w>dags</w>
  <w>att</w>
  <w>sluta</w>
  <w>kalla</w>
  <w>dem</w>
  <w>BAAARN</w>
  <w>?</w>
  <absaspan id=7 senti=1>
    <w>)</w>
  </absaspan>
  <w>,</w>
  <w>varken</w>
  <w>nu</w>
  <w>eller</w>
  <w>i</w>
  <w>framtiden</w>
  <w>.</w>
</absapar>
<absapar id=3 senti=1>
  <w>Vad</w>
  <w>har</w>
  <w>de</w>
  <w>att</w>
  <w>hämta</w>
  <w>här</w>
  <w>och</w>
  <absaspan id=8 senti=1>
    <w>vad</w>
    <w>ska</w>
    <w>vi</w>
    <w>med</w>
  </absaspan>
  <absaspan id=9>
    <w>dem</w>
  </absaspan>
  <absaspan id=10 senti=1>
    <w>till</w>
  </absaspan>
  <w>?</w>
  <w>.</w>
</absapar>
<absapar id=4>
  <w>Tydligen</w>
  <w>går</w>
  <w>det</w>
  <w>bra</w>
  <w>att</w>
  <w>bo</w>
  <w>i</w>
  <w>deras</w>
  <w>hemländer</w>
  <w>eftersom</w>
  <w>de</w>
  <w>lämnar</w>
  <w>mödrar</w>
  <w>,</w>
  <w>fäder</w>
  <w>,</w>
  <w>syskon</w>
  <w>och</w>
  <w>barn</w>
  <w>kvar</w>
  <w>.</w>
</absapar>
<absapar id=5 senti=1>
  <w>Om</w>
  <w>alla</w>
  <w>dessa</w>
  <w>nu</w>
  <w>skulle</w>
  <w>stanna</w>
  <w>i</w>
  <w>Sverige</w>
  <w>,</w>
  <absaspan id=11>
    <w>könsfördelningen</w>
  </absaspan>
  <w>blir</w>
  <w>ju</w>
  <absaspan id=12 senti=1>
    <w>helt</w>
    <w>makaber</w>
  </absaspan>
  <w>med</w>
  <w>denna</w>
  <w>inströmning</w>
  <w>av</w>
  <absaspan id=13 senti=1>
    <w>svartmuskiga</w>
  </absaspan>
  <absaspan id=14>
    <w>ensamstående</w>
    <w>män</w>
  </absaspan>
  <w>.</w>
</absapar>
<absapar id=6 senti=2>
  <w>Vill</w>
  <w>vi</w>
  <w>ha</w>
  <w>denna</w>
  <w>islamisering</w>
  <w>av</w>
  <w>Sverige</w>
  <w>som</w>
  <w>denna</w>
  <w>invandring</w>
  <w>medför</w>
  <w>?</w>
  <w>.</w>
</absapar>
<absapar id=7 senti=2>
  <w>Enligt</w>
  <w>islam</w>
  <w>är</w>
  <w>det</w>
  <w>förbjudet</w>
  <w>för</w>
  <w>muslimer</w>
  <w>att</w>
  <w>bo</w>
  <w>i</w>
  <w>icke-muslimska</w>
  <w>länder</w>
  <w>.</w>
  <w>Lösningen</w>
  <w>på</w>
  <w>detta</w>
  <w>problem</w>
  <w>anser</w>
  <w>dessa</w>
  <w>muslimer</w>
  <w>är</w>
  <w>att</w>
  <w>svenskrna</w>
  <w>ska</w>
  <w>konvertera</w>
  <w>till</w>
  <w>islam</w>
  <w>eller</w>
  <w>bli</w>
  <w>dödade</w>
  <w>eller</w>
  <w>lämna</w>
  <w>Sverige</w>
  <w>.</w>
</absapar>
<absapar id=8 senti=2>
  <w>Jag</w>
  <w>tycker</w>
  <w>att</w>
  <absaspan id=15>
    <w>denna</w>
    <w>inställning</w>
    <w>till</w>
    <w>oss</w>
    <w>svenskar</w>
  </absaspan>
  <w>är</w>
  <absaspan id=16 senti=2>
    <w>väldigt</w>
    <w>oroande</w>
  </absaspan>
  <w>.</w>
</absapar>
<absapar id=9 senti=2>
  <w>Tydligen</w>
  <w>är</w>
  <absaspan id=17>
    <w>våra</w>
    <w>politiker</w>
  </absaspan>
  <absaspan id=18 senti=3>
    <w>inte</w>
    <w>alls</w>
    <w>oroade</w>
    <w>över</w>
  </absaspan>
  <absaspan id=19>
    <w>detta</w>
    <w>framtidsscenario</w>
  </absaspan>
  <w>.</w>
</absapar>
<absapar id=10 senti=1>
  <w>Som</w>
  <w>sagt</w>
  <w>,</w>
  <w>jag</w>
  <w>fattar</w>
  <w>inte</w>
  <w>att</w>
  <w>denna</w>
  <absaspan id=20 senti=1>
    <w>groteska</w>
  </absaspan>
  <w>,</w>
  <absaspan id=21 senti=1>
    <w>makabra</w>
  </absaspan>
  <absaspan id=22 senti=1>
    <w>meningslösa</w>
  </absaspan>
  <absaspan id=23>
    <w>massinvandring</w>
  </absaspan>
  <w>tillåts</w>
  <w>fortsätta</w>
  <w>månad</w>
  <w>efter</w>
  <w>månad</w>
  <w>i</w>
  <w>det</w>
  <w>oändliga</w>
  <w>?</w>
  <w>?</w>
  <w>?</w>
  <w>!</w>
  <w>!</w>
  <w>!</w>
  <w>.</w>
</absapar>
</absadoc>
