<absadoc annotators=1 senti=>
<absatitle>
  <w>Sverige</w>
  <absaspan id=1 senti=4 target=2>
    <w>bör</w>
    <w>engagera</w>
    <w>sig</w>
    <w>för</w>
  </absaspan>
  <absaspan id=2>
    <w>stärkt</w>
    <w>religionsfrihet</w>
  </absaspan>
  <w>.</w>
</absatitle>
<absapar id=1>
  <absaspan id=3>
    <w>Situationen</w>
    <w>för</w>
    <w>kristna</w>
    <w>och</w>
    <w>andra</w>
    <w>troende</w>
    <w>minoriteter</w>
    <w>runt</w>
    <w>om</w>
    <w>i</w>
    <w>världen</w>
  </absaspan>
  <absaspan id=4 senti=1>
    <w>är</w>
    <w>akut</w>
  </absaspan>
  <w>.</w>
  <w>Därför</w>
  <w>vill</w>
  <w>vi</w>
  <w>som</w>
  <w>kyrkor</w>
  <w>och</w>
  <w>kristna</w>
  <w>organisationer</w>
  <w>säga</w>
  <w>till</w>
  <w>våra</w>
  <w>politiker</w>
  <w>,</w>
  <w>i</w>
  <w>Sverige</w>
  <w>och</w>
  <w>EU</w>
  <w>,</w>
  <w>att</w>
  <w>de</w>
  <w>måste</w>
  <w>ta</w>
  <w>konkreta</w>
  <w>initiativ</w>
  <w>för</w>
  <w>att</w>
  <absaspan id=5 senti=4>
    <w>främja</w>
  </absaspan>
  <absaspan id=6>
    <w>religionsfrihet</w>
  </absaspan>
  <w>.</w>
  <w>I</w>
  <w>dag</w>
  <w>arrangerar</w>
  <w>vi</w>
  <w>ett</w>
  <w>fackeltåg</w>
  <w>och</w>
  <w>opinionsmöte</w>
  <w>i</w>
  <w>centrala</w>
  <w>Stockholm</w>
  <w>för</w>
  <w>att</w>
  <absaspan id=7 senti=4>
    <w>uttrycka</w>
    <w>solidaritet</w>
    <w>med</w>
  </absaspan>
  <absaspan id=8>
    <w>utsatta</w>
    <w>troende</w>
  </absaspan>
  <w>.</w>
</absapar>
<absapar id=2>
  <w>Vår</w>
  <w>systerkyrka</w>
  <w>i</w>
  <w>Pakistan</w>
  <w>begravde</w>
  <w>76</w>
  <w>vuxna</w>
  <w>och</w>
  <w>49</w>
  <w>barn</w>
  <w>efter</w>
  <w>bombdådet</w>
  <w>mot</w>
  <w>All</w>
  <w>Saints</w>
  <w>Church</w>
  <w>i</w>
  <w>Peshawar</w>
  <w>den</w>
  <w>22</w>
  <w>september</w>
  <w>.</w>
  <w>Från</w>
  <w>Egypten</w>
  <w>hör</w>
  <w>vi</w>
  <w>att</w>
  <w>tiotals</w>
  <w>kyrkor</w>
  <w>har</w>
  <w>utsatts</w>
  <w>för</w>
  <w>attacker</w>
  <w>sedan</w>
  <w>början</w>
  <w>av</w>
  <w>augusti</w>
  <w>och</w>
  <w>om</w>
  <w>mordförsök</w>
  <w>på</w>
  <w>en</w>
  <w>koptisk</w>
  <w>biskop</w>
  <w>den</w>
  <w>30</w>
  <w>september</w>
  <w>.</w>
  <w>Från</w>
  <w>Syrien</w>
  <w>rapporteras</w>
  <w>att</w>
  <absaspan id=9>
    <w>vissa</w>
    <w>rebellgrupper</w>
  </absaspan>
  <absaspan id=10 senti=2>
    <w>ser</w>
  </absaspan>
  <absaspan id=11>
    <w>kristna</w>
  </absaspan>
  <absaspan id=12 senti=2>
    <w>som</w>
  </absaspan>
  <absaspan id=13 senti=2>
    <w>en</w>
    <w>måltavla</w>
  </absaspan>
  <w>och</w>
  <w>att</w>
  <w>kyrkoledare</w>
  <w>,</w>
  <w>som</w>
  <w>offentliga</w>
  <w>personer</w>
  <w>,</w>
  <w>har</w>
  <absaspan id=14 senti=2>
    <w>utsatts</w>
    <w>för</w>
  </absaspan>
  <absaspan id=15>
    <w>kidnappning</w>
  </absaspan>
  <w>.</w>
  <w>I</w>
  <w>norra</w>
  <w>och</w>
  <w>centrala</w>
  <w>Nigeria</w>
  <w>ser</w>
  <w>vi</w>
  <absaspan id=16>
    <w>terroriströrelsen</w>
    <w>Boko</w>
    <w>Harams</w>
  </absaspan>
  <w>ständiga</w>
  <w>dödande</w>
  <w>,</w>
  <w>där</w>
  <absaspan id=17>
    <w>kristna</w>
  </absaspan>
  <absaspan id=18 senti=2>
    <w>är</w>
    <w>en</w>
    <w>måltavla</w>
  </absaspan>
  <w>bara</w>
  <w>för</w>
  <w>att</w>
  <w>de</w>
  <w>är</w>
  <w>kristna</w>
  <w>.</w>
</absapar>
<absapar id=3>
  <w>I</w>
  <w>den</w>
  <absaspan id=19 senti=4>
    <w>världsvida</w>
  </absaspan>
  <absaspan id=20>
    <w>kyrkan</w>
  </absaspan>
  <w>lever</w>
  <w>vi</w>
  <w>nära</w>
  <w>varandra</w>
  <w>.</w>
  <w>För</w>
  <w>oss</w>
  <w>är</w>
  <w>nyheterna</w>
  <w>inte</w>
  <w>anonyma</w>
  <w>.</w>
  <w>Det</w>
  <w>handlar</w>
  <w>om</w>
  <w>människor</w>
  <w>och</w>
  <w>kyrkor</w>
  <w>som</w>
  <w>vi</w>
  <w>har</w>
  <w>långvariga</w>
  <w>relationer</w>
  <w>till</w>
  <w>.</w>
  <w>Vi</w>
  <w>berörs</w>
  <w>och</w>
  <w>är</w>
  <w>berörda</w>
  <absaspan id=21 senti=2>
    <w>.</w>
  </absaspan>
  <w>Människor</w>
  <w>av</w>
  <w>alla</w>
  <w>religioner</w>
  <w>delar</w>
  <w>vår</w>
  <w>sorg</w>
  <w>och</w>
  <w>förtvivlan</w>
  <w>.</w>
  <w>Vi</w>
  <absaspan id=22 senti=4>
    <w>uppmuntras</w>
    <w>av</w>
  </absaspan>
  <absaspan id=23>
    <w>muslimska</w>
    <w>grannar</w>
    <w>som</w>
    <w>har</w>
    <w>räddat</w>
    <w>kristna</w>
    <w>från</w>
    <w>kyrkor</w>
    <w>under</w>
    <w>attack</w>
    <w>eller</w>
    <w>stått</w>
    <w>som</w>
    <w>skyddsmurar</w>
    <w>runt</w>
    <w>kyrkor</w>
  </absaspan>
  <w>.</w>
</absapar>
<absapar id=4>
  <absaspan id=24>
    <w>Enligt</w>
    <w>forskningsinstitutet</w>
    <w>Pew</w>
    <w>Forum</w>
    <w>bor</w>
    <w>75</w>
    <w>procent</w>
    <w>av</w>
    <w>världens</w>
    <w>befolkning</w>
    <w>i</w>
    <w>länder</w>
    <w>där</w>
    <w>religions</w>
    <w>-</w>
    <w>och</w>
    <w>övertygelsefriheten</w>
    <w>kraftigt</w>
    <w>begränsas</w>
  </absaspan>
  <w>.</w>
  <w>Människor</w>
  <w>från</w>
  <w>alla</w>
  <w>religioner</w>
  <w>och</w>
  <w>övertygelser</w>
  <absaspan id=25 senti=2>
    <w>drabbas</w>
  </absaspan>
  <w>.</w>
  <absaspan id=26>
    <w>Muslimska</w>
    <w>minoriteter</w>
  </absaspan>
  <absaspan id=27 senti=1>
    <w>utsätts</w>
    <w>för</w>
    <w>våldsamt</w>
    <w>förföljelse</w>
  </absaspan>
  <w>i</w>
  <w>Burma</w>
  <w>,</w>
  <w>Indien</w>
  <w>och</w>
  <w>Sri</w>
  <w>Lanka</w>
  <absaspan id=28>
    <w>.</w>
  </absaspan>
  <w>Bahaisamfundets</w>
  <w>ledare</w>
  <w>sitter</w>
  <w>fängslade</w>
  <w>i</w>
  <w>Iran</w>
  <w>.</w>
  <absaspan id=29>
    <w>Ateister</w>
  </absaspan>
  <absaspan id=30 senti=2>
    <w>riskerar</w>
  </absaspan>
  <absaspan id=31 senti=2>
    <w>fängelse</w>
  </absaspan>
  <w>på</w>
  <w>flera</w>
  <w>håll</w>
  <w>.</w>
  <w>Majoriteter</w>
  <w>är</w>
  <w>också</w>
  <w>utsatta</w>
  <w>–</w>
  <w>nyligen</w>
  <w>dödade</w>
  <w>Boko</w>
  <w>Haram</w>
  <w>140</w>
  <w>Nigerianska</w>
  <w>studenter</w>
  <w>,</w>
  <w>de</w>
  <w>allra</w>
  <w>flesta</w>
  <w>muslimser</w>
  <w>,</w>
  <w>när</w>
  <w>de</w>
  <w>sov</w>
  <w>.</w>
  <w>Vi</w>
  <w>ser</w>
  <absaspan id=32 senti=2>
    <w>skrämmande</w>
  </absaspan>
  <absaspan id=33>
    <w>exempel</w>
    <w>på</w>
    <w>antisemitism</w>
    <w>och</w>
    <w>islamofobi</w>
  </absaspan>
  <w>även</w>
  <w>i</w>
  <w>Sverige</w>
  <w>och</w>
  <w>Europa</w>
  <w>.</w>
</absapar>
<absapar id=5>
  <w>Vi</w>
  <w>är</w>
  <w>övertygade</w>
  <w>om</w>
  <w>att</w>
  <w>religiösa</w>
  <w>minoriteter</w>
  <w>behöver</w>
  <w>samma</w>
  <w>sak</w>
  <w>som</w>
  <w>alla</w>
  <w>medborgare</w>
  <w>:</w>
  <w>att</w>
  <w>få</w>
  <w>leva</w>
  <w>i</w>
  <w>en</w>
  <w>stat</w>
  <w>med</w>
  <w>likhet</w>
  <w>inför</w>
  <w>lagen</w>
  <w>,</w>
  <w>där</w>
  <w>brott</w>
  <w>och</w>
  <w>diskriminering</w>
  <w>utreds</w>
  <w>och</w>
  <w>straffas</w>
  <w>oavsett</w>
  <w>offrets</w>
  <w>eller</w>
  <w>gärningsmannens</w>
  <w>religion</w>
  <w>,</w>
  <w>i</w>
  <w>en</w>
  <w>stat</w>
  <w>som</w>
  <w>förmår</w>
  <w>att</w>
  <w>skydda</w>
  <w>medborgarna</w>
  <w>.</w>
</absapar>
<absapar id=6>
  <w>Religions</w>
  <w>-</w>
  <w>och</w>
  <w>övertygelsefriheten</w>
  <w>är</w>
  <w>en</w>
  <w>angelägenhet</w>
  <w>för</w>
  <w>alla</w>
  <w>.</w>
  <w>Arbete</w>
  <w>för</w>
  <w>att</w>
  <absaspan id=34 senti=4>
    <w>främja</w>
  </absaspan>
  <absaspan id=35>
    <w>denna</w>
    <w>rättighet</w>
  </absaspan>
  <w>är</w>
  <w>svårt</w>
  <w>och</w>
  <w>långsiktigt</w>
  <w>.</w>
  <w>Som</w>
  <absaspan id=36>
    <w>kyrkor</w>
  </absaspan>
  <w>har</w>
  <w>vi</w>
  <w>ett</w>
  <w>ansvar</w>
  <w>att</w>
  <w>vara</w>
  <w>fredskapare</w>
  <w>-</w>
  <absaspan id=37 senti=4>
    <w>en</w>
    <w>kraft</w>
    <w>för</w>
    <w>rättvisa</w>
    <w>och</w>
    <w>försoning</w>
  </absaspan>
  <w>.</w>
  <w>Men</w>
  <w>vi</w>
  <w>behöver</w>
  <w>också</w>
  <w>politiker</w>
  <w>som</w>
  <w>visar</w>
  <w>handlingskraft</w>
  <w>.</w>
</absapar>
<absapar id=7>
  <w>I</w>
  <w>årets</w>
  <w>utrikespolitiska</w>
  <w>deklaration</w>
  <w>sade</w>
  <absaspan id=38>
    <w>Carl</w>
    <w>Bildt</w>
  </absaspan>
  <w>:</w>
  <w>”</w>
  <w>Vi</w>
  <absaspan id=39 senti=4>
    <w>verkar</w>
    <w>för</w>
  </absaspan>
  <absaspan id=40>
    <w>en</w>
    <w>värld</w>
    <w>i</w>
    <w>vilken</w>
    <w>religions</w>
    <w>-</w>
    <w>och</w>
    <w>övertygelsefrihet</w>
    <w>råder</w>
    <w>alltid</w>
    <w>och</w>
    <w>överallt</w>
  </absaspan>
  <w>.</w>
  <w>”</w>
  <w>Vi</w>
  <w>vill</w>
  <absaspan id=41 senti=4>
    <w>uppmuntra</w>
  </absaspan>
  <w>regeringen</w>
  <absaspan id=42>
    <w>att</w>
    <w>gå</w>
    <w>från</w>
    <w>ord</w>
    <w>till</w>
    <w>handling</w>
  </absaspan>
  <w>,</w>
  <w>och</w>
  <w>inte</w>
  <w>enbart</w>
  <w>genom</w>
  <w>den</w>
  <w>gemensamma</w>
  <w>utrikespolitiken</w>
  <w>som</w>
  <w>förs</w>
  <w>på</w>
  <w>EU-nivå</w>
  <w>.</w>
</absapar>
<absapar id=8>
  <w>Det</w>
  <absaspan id=43 senti=4>
    <w>är</w>
    <w>bra</w>
  </absaspan>
  <absaspan id=44>
    <w>att</w>
    <w>Sverige</w>
    <w>arbetar</w>
    <w>med</w>
    <w>frågorna</w>
    <w>inom</w>
    <w>EU</w>
    <w>och</w>
    <w>att</w>
    <w>EU</w>
    <w>har</w>
    <w>tagit</w>
    <w>fram</w>
    <w>nya</w>
    <w>riktlinjer</w>
    <w>som</w>
    <w>anger</w>
    <w>prioriteringar</w>
    <w>och</w>
    <w>ställningstaganden</w>
  </absaspan>
  <w>.</w>
  <w>Men</w>
  <absaspan id=45>
    <w>att</w>
    <w>endast</w>
    <w>hänvisa</w>
    <w>till</w>
    <w>det</w>
    <w>gemensamma</w>
    <w>arbetet</w>
  </absaspan>
  <absaspan id=46 senti=2>
    <w>är</w>
    <w>ohållbart</w>
  </absaspan>
  <w>.</w>
  <w>EU</w>
  <w>:</w>
  <w>s</w>
  <w>motsvarighet</w>
  <w>till</w>
  <w>utrikesdepartementet</w>
  <w>,</w>
  <w>EEAS</w>
  <w>,</w>
  <w>har</w>
  <absaspan id=47 senti=2>
    <w>endast</w>
  </absaspan>
  <absaspan id=48>
    <w>en</w>
    <w>halvtidstjänst</w>
    <w>specialiserad</w>
    <w>på</w>
    <w>religions</w>
    <w>-</w>
    <w>och</w>
    <w>övertygelsefrihet</w>
  </absaspan>
  <w>.</w>
</absapar>
<absapar id=9>
  <w>Om</w>
  <w>den</w>
  <w>gemensamma</w>
  <w>politiken</w>
  <w>ska</w>
  <w>nå</w>
  <w>resultat</w>
  <w>måste</w>
  <w>medlemsstater</w>
  <w>bidra</w>
  <w>med</w>
  <w>egna</w>
  <w>initiativ</w>
  <w>.</w>
  <w>Och</w>
  <w>vissa</w>
  <w>medlemsstater</w>
  <w>agerar</w>
  <w>.</w>
  <w>Trots</w>
  <w>ekonomisk</w>
  <w>kris</w>
  <w>har</w>
  <w>Italien</w>
  <w>skapat</w>
  <w>en</w>
  <w>institution</w>
  <w>som</w>
  <w>bevakar</w>
  <w>religionsfrihet</w>
  <w>internationellt</w>
  <absaspan id=49 senti=4>
    <w>.</w>
  </absaspan>
  <absaspan id=50>
    <w>Nederländerna</w>
  </absaspan>
  <w>har</w>
  <w>ett</w>
  <w>projekt</w>
  <w>för</w>
  <w>att</w>
  <absaspan id=51 senti=4>
    <w>stärka</w>
  </absaspan>
  <absaspan id=52>
    <w>religionsfrihet</w>
  </absaspan>
  <w>genom</w>
  <w>diplomati</w>
  <w>och</w>
  <w>stöd</w>
  <w>till</w>
  <w>civila</w>
  <w>samhället</w>
  <w>.</w>
  <w>Genom</w>
  <w>konferenser</w>
  <w>lyfter</w>
  <w>Storbritannien</w>
  <w>fram</w>
  <w>frågorna</w>
  <w>på</w>
  <w>FN-nivå</w>
  <w>.</w>
</absapar>
<absapar id=10>
  <w>Vi</w>
  <absaspan id=53 senti=4>
    <w>efterlyser</w>
  </absaspan>
  <absaspan id=54>
    <w>ett</w>
    <w>konkret</w>
    <w>svenskt</w>
    <w>initiativ</w>
    <w>för</w>
    <w>att</w>
    <w>stärka</w>
    <w>religions</w>
    <w>-</w>
    <w>och</w>
    <w>övertygelsefriheten</w>
    <w>i</w>
    <w>ett</w>
    <w>antal</w>
    <w>länder</w>
  </absaspan>
  <w>,</w>
  <w>genom</w>
  <w>diplomati</w>
  <w>och</w>
  <w>stöd</w>
  <w>till</w>
  <w>forskning</w>
  <w>och</w>
  <w>det</w>
  <w>civila</w>
  <w>samhället</w>
  <w>.</w>
  <w>Vi</w>
  <absaspan id=55 senti=4>
    <w>vill</w>
    <w>se</w>
  </absaspan>
  <absaspan id=56>
    <w>en</w>
    <w>heltidstjänst</w>
    <w>på</w>
    <w>UD</w>
    <w>med</w>
    <w>ansvar</w>
    <w>för</w>
    <w>att</w>
    <w>samordna</w>
    <w>Sveriges</w>
    <w>ansträngningar</w>
    <w>och</w>
    <w>utbildning</w>
    <w>för</w>
    <w>UD-personal</w>
    <w>som</w>
    <w>arbetar</w>
    <w>i</w>
    <w>länder</w>
    <w>där</w>
    <w>religions</w>
    <w>-</w>
    <w>och</w>
    <w>övertygelsefriheten</w>
    <w>inte</w>
    <w>respekteras</w>
  </absaspan>
  <w>.</w>
  <w>Vi</w>
  <absaspan id=57 senti=4>
    <w>efterlyser</w>
  </absaspan>
  <absaspan id=58>
    <w>Sveriges</w>
    <w>röst</w>
    <w>på</w>
    <w>FN-nivå</w>
  </absaspan>
  <w>.</w>
</absapar>
<absapar id=11>
  <w>För</w>
  <w>att</w>
  <w>detta</w>
  <w>ska</w>
  <w>bli</w>
  <w>verklighet</w>
  <w>behövs</w>
  <w>ett</w>
  <w>bredare</w>
  <w>politiskt</w>
  <w>engagemang</w>
  <w>än</w>
  <w>vad</w>
  <w>vi</w>
  <w>ser</w>
  <w>i</w>
  <w>dag</w>
  <w>.</w>
</absapar>
<absapar id=12>
  <w>För</w>
  <w>Sveriges</w>
  <w>kristna</w>
  <w>råd</w>
  <w>:</w>
  <w>.</w>
</absapar>
<absapar id=13>
  <w>Anders</w>
  <w>Arborelius</w>
  <w>,</w>
  <w>biskop</w>
  <w>,</w>
  <w>Stockholms</w>
  <w>katolska</w>
  <w>stift</w>
  <w>.</w>
</absapar>
<absapar id=14>
  <w>Dioscoros</w>
  <w>Benyamin</w>
  <w>Atas</w>
  <w>,</w>
  <w>ärkebiskop</w>
  <w>,</w>
  <w>Syrisk</w>
  <w>ortodoxa</w>
  <w>kyrkan</w>
  <w>.</w>
</absapar>
<absapar id=15>
  <w>Pelle</w>
  <w>Hörnmark</w>
  <w>,</w>
  <w>föreståndare</w>
  <w>,</w>
  <w>Pingst</w>
  <w>fria</w>
  <w>församlingar</w>
  <w>i</w>
  <w>samverkan</w>
  <w>.</w>
</absapar>
<absapar id=16>
  <w>Anders</w>
  <w>Wejryd</w>
  <w>,</w>
  <w>ärkebiskop</w>
  <w>,</w>
  <w>Svenska</w>
  <w>kyrkan</w>
  <w>.</w>
</absapar>
<absapar id=17>
  <w>Karin</w>
  <w>Wiborn</w>
  <w>,</w>
  <w>generalsekreterare</w>
  <w>,</w>
  <w>Sveriges</w>
  <w>kristna</w>
  <w>råd</w>
  <w>.</w>
</absapar>
<absapar id=18>
  <w>För</w>
  <w>Svenska</w>
  <w>missionsrådet</w>
  <w>:</w>
  <w>.</w>
</absapar>
<absapar id=19>
  <w>Eva</w>
  <w>Christina</w>
  <w>Nilsson</w>
  <w>,</w>
  <w>generalsekreterare</w>
  <w>.</w>
</absapar>
<absapar id=20>
  <w>Mattias</w>
  <w>Ingeson</w>
  <w>,</w>
  <w>ordförande</w>
  <w>.</w>
</absapar>
</absadoc>
