<absadoc annotators=1 senti=>
<absatitle>
  <w>Vänstern</w>
  <w>värst</w>
  <w>på</w>
  <w>fördomar</w>
  <w>.</w>
</absatitle>
<absapar id=1>
  <w>#</w>
  <w>P</w>
  <w>IMM</w>
  <w>.</w>
  <w>”</w>
  <w>Mot</w>
  <w>fördomar</w>
  <w>”</w>
  <w>brukar</w>
  <w>vara</w>
  <w>vänsterns</w>
  <w>paroll</w>
  <w>när</w>
  <w>de</w>
  <w>paraderar</w>
  <w>fram</w>
  <w>i</w>
  <w>sina</w>
  <w>röda</w>
  <w>demonstrationståg</w>
  <w>.</w>
  <w>Men</w>
  <w>det</w>
  <w>är</w>
  <w>sällan</w>
  <w>man</w>
  <w>hittar</w>
  <w>människor</w>
  <w>som</w>
  <w>är</w>
  <w>lika</w>
  <w>fördomsfulla</w>
  <w>som</w>
  <absaspan id=1>
    <w>vänsterns</w>
  </absaspan>
  <w>egna</w>
  <absaspan id=2 senti=4>
    <w>sympatisörer</w>
  </absaspan>
  <w>.</w>
</absapar>
<absapar id=2>
  <w>Om</w>
  <w>man</w>
  <w>bor</w>
  <w>på</w>
  <w>en</w>
  <w>viss</w>
  <w>ort</w>
  <w>eller</w>
  <w>klär</w>
  <w>sig</w>
  <w>på</w>
  <w>ett</w>
  <w>visst</w>
  <w>sätt</w>
  <w>stämplas</w>
  <w>man</w>
  <w>antingen</w>
  <w>som</w>
  <w>överklass</w>
  <w>eller</w>
  <w>underklass</w>
  <w>.</w>
  <w>Och</w>
  <w>som</w>
  <w>del</w>
  <w>av</w>
  <w>en</w>
  <w>av</w>
  <w>dessa</w>
  <w>klasser</w>
  <w>så</w>
  <w>förväntas</w>
  <w>man</w>
  <w>bete</w>
  <w>sig</w>
  <w>på</w>
  <w>ett</w>
  <w>visst</w>
  <w>sätt</w>
  <w>.</w>
  <w>Som</w>
  <w>underklass</w>
  <w>är</w>
  <w>man</w>
  <w>förtryckt</w>
  <w>,</w>
  <w>även</w>
  <w>om</w>
  <w>man</w>
  <w>inte</w>
  <w>upplever</w>
  <w>det</w>
  <w>så</w>
  <w>.</w>
  <w>Som</w>
  <absaspan id=3>
    <w>överklass</w>
  </absaspan>
  <absaspan id=4 senti=2>
    <w>är</w>
  </absaspan>
  <absaspan id=5>
    <w>man</w>
  </absaspan>
  <absaspan id=6 senti=2>
    <w>en</w>
  </absaspan>
  <absaspan id=7 senti=2>
    <w>tyrann</w>
  </absaspan>
  <w>som</w>
  <w>med</w>
  <w>kapitalet</w>
  <w>kuvar</w>
  <w>mänskligheten</w>
  <w>,</w>
  <w>oavsett</w>
  <w>vad</w>
  <w>man</w>
  <w>jobbar</w>
  <w>med</w>
  <absaspan id=8>
    <w>.</w>
  </absaspan>
</absapar>
<absapar id=3>
  <w>Ett</w>
  <w>,</w>
  <w>enligt</w>
  <w>mitt</w>
  <w>tycke</w>
  <w>,</w>
  <w>väldigt</w>
  <w>monokromt</w>
  <w>synsätt</w>
  <w>,</w>
  <w>antingen</w>
  <w>svart</w>
  <w>eller</w>
  <w>vitt</w>
  <w>,</w>
  <w>över</w>
  <w>-</w>
  <w>eller</w>
  <w>underklass</w>
  <w>.</w>
</absapar>
<absapar id=4>
  <absaspan id=9>
    <w>Själv</w>
  </absaspan>
  <absaspan id=10 senti=2>
    <w>blir</w>
  </absaspan>
  <absaspan id=11>
    <w>man</w>
  </absaspan>
  <absaspan id=12 senti=2>
    <w>så</w>
  </absaspan>
  <absaspan id=13 senti=2>
    <w>in</w>
    <w>i</w>
    <w>benmärgen</w>
    <w>trött</w>
    <w>på</w>
  </absaspan>
  <absaspan id=14>
    <w>dessa</w>
    <w>fördomar</w>
    <w>som</w>
    <w>vänstern</w>
    <w>trummar</w>
    <w>ut</w>
    <w>med</w>
    <w>frenetisk</w>
    <w>entusiasm</w>
  </absaspan>
  <w>.</w>
  <w>Dock</w>
  <absaspan id=15 senti=4>
    <w>är</w>
    <w>det</w>
    <w>alltid</w>
    <w>ett</w>
    <w>nöje</w>
  </absaspan>
  <absaspan id=16>
    <w>att</w>
    <w>likt</w>
    <w>en</w>
    <w>blixt</w>
    <w>splittrar</w>
    <w>ett</w>
    <w>träd</w>
    <w>,</w>
    <w>slå</w>
    <w>deras</w>
    <w>världsbild</w>
    <w>i</w>
    <w>spillror</w>
  </absaspan>
  <w>.</w>
</absapar>
<absapar id=5>
  <w>Jag</w>
  <w>är</w>
  <w>nämligen</w>
  <w>första</w>
  <w>generationens</w>
  <w>invandrare</w>
  <w>.</w>
  <w>Har</w>
  <w>bott</w>
  <w>större</w>
  <w>delen</w>
  <w>av</w>
  <w>mitt</w>
  <w>liv</w>
  <w>i</w>
  <w>Stockholmsförorten</w>
  <w>Skarpnäck</w>
  <w>,</w>
  <w>har</w>
  <w>hårt</w>
  <w>knegande</w>
  <w>föräldrar</w>
  <w>och</w>
  <w>,</w>
  <w>det</w>
  <w>som</w>
  <w>får</w>
  <w>väns-tern</w>
  <w>att</w>
  <w>börja</w>
  <w>svettas</w>
  <w>om</w>
  <w>handflatorna</w>
  <w>,</w>
  <w>är</w>
  <w>aktiv</w>
  <w>moderat</w>
  <w>.</w>
</absapar>
<absapar id=6>
  <w>Det</w>
  <w>blir</w>
  <w>nämligen</w>
  <w>lätt</w>
  <w>lite</w>
  <w>stressigt</w>
  <w>för</w>
  <w>vänsterfolk</w>
  <w>när</w>
  <w>de</w>
  <w>ska</w>
  <w>argumentera</w>
  <w>mot</w>
  <w>mig</w>
  <w>.</w>
  <w>En</w>
  <w>person</w>
  <w>som</w>
  <w>är</w>
  <w>ett</w>
  <w>levande</w>
  <w>bevis</w>
  <w>på</w>
  <w>att</w>
  <w>deras</w>
  <w>världsbild</w>
  <w>skiljer</w>
  <w>sig</w>
  <w>diamet-ralt</w>
  <w>från</w>
  <w>verkligheten</w>
  <w>.</w>
</absapar>
<absapar id=7>
  <absaspan id=17 senti=2>
    <w>Klassförrädare</w>
  </absaspan>
  <w>brukar</w>
  <w>de</w>
  <w>dock</w>
  <w>hinna</w>
  <w>kläcka</w>
  <w>ur</w>
  <w>sig</w>
  <w>innan</w>
  <w>de</w>
  <w>flyr</w>
  <w>undan</w>
  <w>med</w>
  <w>svansen</w>
  <w>mellan</w>
  <w>benen</w>
  <absaspan id=18>
    <w>.</w>
  </absaspan>
</absapar>
<absapar id=8>
  <w>Jag</w>
  <w>har</w>
  <w>inget</w>
  <w>maffigt</w>
  <w>bankkonto</w>
  <w>,</w>
  <w>svänger</w>
  <w>inte</w>
  <w>runt</w>
  <w>på</w>
  <w>stans</w>
  <w>innekrogar</w>
  <w>och</w>
  <w>äter</w>
  <w>inte</w>
  <w>på</w>
  <w>pampiga</w>
  <w>restauranger</w>
  <w>.</w>
  <absaspan id=19>
    <w>Jag</w>
  </absaspan>
  <w>är</w>
  <w>en</w>
  <w>vanlig</w>
  <w>knegare</w>
  <absaspan id=20>
    <w>som</w>
  </absaspan>
  <absaspan id=21 senti=4>
    <w>inget</w>
    <w>hellre</w>
    <w>vill</w>
    <w>än</w>
  </absaspan>
  <absaspan id=22>
    <w>att</w>
    <w>lyckas</w>
    <w>här</w>
    <w>i</w>
    <w>livet</w>
  </absaspan>
  <w>.</w>
</absapar>
<absapar id=9>
  <w>Moderater</w>
  <w>är</w>
  <w>nämligen</w>
  <w>inte</w>
  <w>människor</w>
  <w>som</w>
  <w>lyckats</w>
  <w>bli</w>
  <w>förmögna</w>
  <w>i</w>
  <w>Sverige</w>
  <w>trots</w>
  <w>det</w>
  <w>system</w>
  <w>vi</w>
  <w>har</w>
  <w>.</w>
  <w>Moderater</w>
  <w>är</w>
  <w>sådana</w>
  <w>som</w>
  <w>jag</w>
  <w>,</w>
  <w>som</w>
  <w>av</w>
  <w>egen</w>
  <w>kraft</w>
  <w>inte</w>
  <w>har</w>
  <w>möjlighet</w>
  <w>att</w>
  <w>bli</w>
  <w>välbeställda</w>
  <w>,</w>
  <w>på</w>
  <w>grund</w>
  <w>av</w>
  <w>systemet</w>
  <w>och</w>
  <w>dess</w>
  <w>hinder</w>
  <w>.</w>
</absapar>
<absapar id=10>
  <w>Så</w>
  <w>nu</w>
  <w>vill</w>
  <w>jag</w>
  <w>en</w>
  <w>gång</w>
  <w>för</w>
  <w>alla</w>
  <w>göra</w>
  <w>klart</w>
  <w>för</w>
  <w>människor</w>
  <w>,</w>
  <w>att</w>
  <absaspan id=23>
    <w>moderater</w>
  </absaspan>
  <absaspan id=24 senti=3>
    <w>är</w>
    <w>lika</w>
    <w>lite</w>
  </absaspan>
  <w>rasister</w>
  <w>och</w>
  <absaspan id=25 senti=3>
    <w>överklassvin</w>
  </absaspan>
  <w>som</w>
  <w>vänsterpartister</w>
  <w>är</w>
  <w>porrfilmsskådisar</w>
  <w>eller</w>
  <w>som</w>
  <w>sossar</w>
  <w>är</w>
  <w>deltagare</w>
  <w>i</w>
  <w>Expedition</w>
  <w>:</w>
  <w>Ro-binson</w>
  <w>.</w>
</absapar>
<absapar id=11>
  <w>Moderata</w>
  <w>åsikter</w>
  <w>har</w>
  <w>man</w>
  <w>inte</w>
  <w>för</w>
  <w>att</w>
  <w>man</w>
  <w>bor</w>
  <w>på</w>
  <w>ett</w>
  <w>visst</w>
  <w>ställe</w>
  <w>.</w>
  <w>Det</w>
  <w>har</w>
  <w>man</w>
  <w>på</w>
  <w>grund</w>
  <w>av</w>
  <w>en</w>
  <w>övertygelse</w>
  <w>.</w>
</absapar>
<absapar id=12>
  <w>Därför</w>
  <w>vill</w>
  <w>jag</w>
  <w>be</w>
  <w>allt</w>
  <absaspan id=26>
    <w>väns-terfolk</w>
  </absaspan>
  <w>som</w>
  <w>i</w>
  <w>ena</w>
  <w>andetaget</w>
  <w>uttalar</w>
  <w>sig</w>
  <w>mot</w>
  <w>fördomar</w>
  <w>och</w>
  <w>i</w>
  <w>nästa</w>
  <w>skanderar</w>
  <w>att</w>
  <absaspan id=27>
    <w>alla</w>
    <w>moderater</w>
  </absaspan>
  <absaspan id=28 senti=2>
    <w>är</w>
    <w>överklassvin</w>
    <w>med</w>
    <w>stora</w>
    <w>arv</w>
  </absaspan>
  <w>,</w>
  <w>att</w>
  <w>se</w>
  <w>sig</w>
  <w>om</w>
  <w>i</w>
  <w>de</w>
  <w>egna</w>
  <w>leden</w>
  <w>.</w>
</absapar>
<absapar id=13>
  <w>Daniel</w>
  <w>Somos</w>
  <w>(</w>
  <w>debattör</w>
  <w>)</w>
  <w>.</w>
</absapar>
</absadoc>
