<absadoc annotators=1 senti=>
<absatitle>
  <w>Fler</w>
  <w>unga</w>
  <w>måste</w>
  <w>få</w>
  <w>chans</w>
  <w>till</w>
  <w>ett</w>
  <w>framtida</w>
  <w>yrke</w>
  <w>.</w>
</absatitle>
<absapar id=1>
  <w>De</w>
  <w>skärpta</w>
  <w>kunskapskraven</w>
  <w>i</w>
  <w>skolan</w>
  <w>gör</w>
  <w>att</w>
  <w>alltför</w>
  <w>många</w>
  <w>inte</w>
  <w>kommer</w>
  <w>in</w>
  <w>på</w>
  <w>gymnasiet</w>
  <w>.</w>
  <w>Elever</w>
  <w>lämnas</w>
  <w>utanför</w>
  <w>och</w>
  <absaspan id=1 senti=2>
    <w>får</w>
    <w>inte</w>
    <w>ens</w>
    <w>chansen</w>
    <w>till</w>
    <w>ett</w>
    <w>yrke</w>
  </absaspan>
  <w>,</w>
  <w>skriver</w>
  <absaspan id=2>
    <w>Annelie</w>
    <w>Westlund</w>
  </absaspan>
  <absaspan id=3>
    <w>.</w>
  </absaspan>
</absapar>
<absapar id=2>
  <w>Andelen</w>
  <w>elever</w>
  <w>som</w>
  <w>inte</w>
  <w>kommer</w>
  <w>in</w>
  <w>på</w>
  <w>gymnasiet</w>
  <w>ökar</w>
  <w>.</w>
  <w>Hösten</w>
  <w>2016</w>
  <w>saknade</w>
  <w>16,9</w>
  <w>procent</w>
  <w>av</w>
  <w>eleverna</w>
  <w>i</w>
  <w>nian</w>
  <w>betyg</w>
  <w>för</w>
  <w>att</w>
  <w>komma</w>
  <w>in</w>
  <w>på</w>
  <w>något</w>
  <w>program</w>
  <w>överhuvudtaget</w>
  <w>och</w>
  <absaspan id=4>
    <w>hösten</w>
    <w>2017</w>
  </absaspan>
  <absaspan id=5 senti=2>
    <w>var</w>
    <w>siffrorna</w>
    <w>än</w>
    <w>mer</w>
    <w>alarmerande</w>
  </absaspan>
  <w>.</w>
</absapar>
<absapar id=3>
  <w>Det</w>
  <w>här</w>
  <w>är</w>
  <w>en</w>
  <w>argumenterande</w>
  <w>text</w>
  <w>med</w>
  <w>syfte</w>
  <w>att</w>
  <w>påverka</w>
  <w>.</w>
  <w>Åsikterna</w>
  <w>som</w>
  <w>uttrycks</w>
  <w>är</w>
  <w>skribentens</w>
  <w>egna</w>
  <w>.</w>
</absapar>
<absapar id=4>
  <w>Varför</w>
  <w>är</w>
  <w>det</w>
  <w>så</w>
  <w>många</w>
  <w>elever</w>
  <w>som</w>
  <w>inte</w>
  <w>får</w>
  <w>ett</w>
  <w>slutbetyg</w>
  <w>och</w>
  <w>kommer</w>
  <w>in</w>
  <w>på</w>
  <w>gymnasiet</w>
  <w>?</w>
  <w>Det</w>
  <w>spekuleras</w>
  <w>i</w>
  <w>olika</w>
  <w>orsaker</w>
  <w>;</w>
  <w>andelen</w>
  <w>elever</w>
  <w>med</w>
  <w>annan</w>
  <w>härkomst</w>
  <w>har</w>
  <w>ökat</w>
  <w>,</w>
  <w>svenska</w>
  <w>skolans</w>
  <w>undervisning</w>
  <w>är</w>
  <w>undermålig</w>
  <w>,</w>
  <w>den</w>
  <w>stora</w>
  <w>lärarbristen</w>
  <w>eller</w>
  <w>den</w>
  <w>digitala</w>
  <w>transformationen</w>
  <w>.</w>
  <w>Nyligen</w>
  <w>publicerades</w>
  <w>en</w>
  <w>artikel</w>
  <w>som</w>
  <w>ifrågasatte</w>
  <w>om</w>
  <w>det</w>
  <w>överhuvudtaget</w>
  <w>finns</w>
  <w>förutsättningar</w>
  <w>för</w>
  <w>alla</w>
  <w>i</w>
  <w>grundskolan</w>
  <w>att</w>
  <w>klara</w>
  <w>den</w>
  <w>nuvarande</w>
  <w>läroplanens</w>
  <w>krav</w>
  <w>.</w>
  <w>Kanske</w>
  <w>är</w>
  <w>tiden</w>
  <w>nu</w>
  <w>äntligen</w>
  <w>mogen</w>
  <w>för</w>
  <w>en</w>
  <w>genomlysning</w>
  <w>av</w>
  <w>hur</w>
  <w>det</w>
  <w>förändrade</w>
  <w>betygssystemen</w>
  <w>har</w>
  <w>påverkat</w>
  <w>möjligheterna</w>
  <w>att</w>
  <w>komma</w>
  <w>in</w>
  <w>på</w>
  <w>gymnasiet</w>
  <w>och</w>
  <w>därmed</w>
  <w>skapa</w>
  <w>en</w>
  <w>plattform</w>
  <w>för</w>
  <w>ett</w>
  <w>framtida</w>
  <w>yrkesliv</w>
  <w>.</w>
</absapar>
<absapar id=5>
  <w>Mellan</w>
  <w>1962</w>
  <w>och</w>
  <w>1994</w>
  <w>rådde</w>
  <w>ett</w>
  <w>betygssystem</w>
  <w>som</w>
  <w>i</w>
  <w>hög</w>
  <w>grad</w>
  <w>beskrev</w>
  <w>vad</w>
  <w>eleverna</w>
  <w>skulle</w>
  <w>lära</w>
  <w>sig</w>
  <w>.</w>
  <w>De</w>
  <w>fick</w>
  <w>betyg</w>
  <w>enligt</w>
  <w>en</w>
  <w>femgradig</w>
  <w>relativ</w>
  <w>betygsskala</w>
  <w>.</w>
  <w>Eleverna</w>
  <w>fick</w>
  <w>också</w>
  <w>välja</w>
  <w>allmän</w>
  <w>eller</w>
  <w>särskild</w>
  <w>kurs</w>
  <w>i</w>
  <w>ämnena</w>
  <w>matematik</w>
  <w>och</w>
  <w>engelska</w>
  <w>.</w>
  <w>Den</w>
  <w>allmänna</w>
  <w>kursen</w>
  <w>skulle</w>
  <w>präglas</w>
  <w>av</w>
  <w>en</w>
  <w>konkret</w>
  <w>framställning</w>
  <w>av</w>
  <w>innehåll</w>
  <w>och</w>
  <w>täta</w>
  <w>repetitioner</w>
  <w>medan</w>
  <w>särskild</w>
  <w>kurs</w>
  <w>skulle</w>
  <w>tillämpas</w>
  <w>på</w>
  <w>en</w>
  <w>något</w>
  <w>högre</w>
  <w>abstraktionsnivå</w>
  <w>.</w>
  <w>Alla</w>
  <w>som</w>
  <w>deltagit</w>
  <w>i</w>
  <w>undervisningen</w>
  <w>fick</w>
  <w>ett</w>
  <w>slutbetyg</w>
  <w>.</w>
</absapar>
<absapar id=6>
  <w>Det</w>
  <w>innebar</w>
  <w>att</w>
  <w>elever</w>
  <w>med</w>
  <w>låga</w>
  <w>betyg</w>
  <w>också</w>
  <w>kom</w>
  <w>in</w>
  <w>på</w>
  <w>en</w>
  <w>gymnasieutbildning</w>
  <w>.</w>
  <w>Ofta</w>
  <w>valde</w>
  <w>de</w>
  <w>då</w>
  <w>att</w>
  <w>gå</w>
  <w>en</w>
  <w>yrkesutbildning</w>
  <w>som</w>
  <w>inte</w>
  <w>krävde</w>
  <w>lika</w>
  <w>stor</w>
  <w>teoretisk</w>
  <w>ämneskunskap</w>
  <w>.</w>
  <w>Betygssystemet</w>
  <w>ifrågasattes</w>
  <w>på</w>
  <w>flera</w>
  <w>punkter</w>
  <w>.</w>
  <w>Framförallt</w>
  <w>handlade</w>
  <w>kritiken</w>
  <w>om</w>
  <w>att</w>
  <w>betygen</w>
  <w>inte</w>
  <w>sa</w>
  <w>något</w>
  <w>om</w>
  <w>elevernas</w>
  <w>egentliga</w>
  <w>kunskaper</w>
  <w>utan</w>
  <w>endast</w>
  <w>beskrev</w>
  <w>hur</w>
  <w>kunskaper</w>
  <w>i</w>
  <w>ett</w>
  <w>ämne</w>
  <w>förhöll</w>
  <w>sig</w>
  <w>till</w>
  <w>andra</w>
  <w>elevers</w>
  <w>.</w>
</absapar>
<absapar id=7>
  <w>Det</w>
  <w>relativa</w>
  <w>betygssystemet</w>
  <w>användes</w>
  <w>i</w>
  <w>32</w>
  <w>år</w>
  <w>och</w>
  <w>byttes</w>
  <w>ut</w>
  <w>i</w>
  <w>samband</w>
  <w>med</w>
  <w>att</w>
  <w>Lpo</w>
  <w>94</w>
  <w>infördes</w>
  <w>med</w>
  <w>ett</w>
  <w>målrelaterat</w>
  <w>betygssystem</w>
  <w>och</w>
  <w>en</w>
  <w>tregradig</w>
  <w>skala</w>
  <w>.</w>
  <w>Nu</w>
  <w>var</w>
  <w>betygskriterierna</w>
  <w>skrivna</w>
  <w>på</w>
  <w>sådant</w>
  <w>sätt</w>
  <w>att</w>
  <w>läraren</w>
  <w>skulle</w>
  <w>bedöma</w>
  <w>kvalitativa</w>
  <w>skillnader</w>
  <w>i</w>
  <w>elevens</w>
  <w>sätt</w>
  <w>att</w>
  <w>uppfatta</w>
  <w>,</w>
  <w>förstå</w>
  <w>,</w>
  <w>resonera</w>
  <w>och</w>
  <w>lösa</w>
  <w>problem</w>
  <w>inom</w>
  <w>ett</w>
  <w>ämne</w>
  <w>.</w>
  <w>Läraren</w>
  <w>skulle</w>
  <w>utgå</w>
  <w>ifrån</w>
  <w>så</w>
  <w>kallade</w>
  <w>värdeord</w>
  <w>.</w>
  <w>Men</w>
  <w>värdeorden</w>
  <w>upplevdes</w>
  <w>som</w>
  <w>inkonsekventa</w>
  <w>och</w>
  <w>otydliga</w>
  <w>och</w>
  <w>de</w>
  <w>beskrev</w>
  <w>sällan</w>
  <w>någon</w>
  <w>stegring</w>
  <w>.</w>
  <w>Kursplaner</w>
  <w>och</w>
  <w>kunskapskrav</w>
  <w>ansåga</w>
  <w>var</w>
  <w>oklara</w>
  <w>och</w>
  <w>tolkningsbara</w>
  <w>.</w>
  <w>För</w>
  <w>att</w>
  <w>komma</w>
  <w>in</w>
  <w>på</w>
  <w>gymnasiet</w>
  <w>var</w>
  <w>eleven</w>
  <w>tvungen</w>
  <w>att</w>
  <w>ha</w>
  <w>godkänt</w>
  <w>i</w>
  <w>tre</w>
  <w>så</w>
  <w>kallade</w>
  <w>kärnämnen</w>
  <w>.</w>
  <w>De</w>
  <w>nya</w>
  <w>intagningskraven</w>
  <w>ledde</w>
  <w>till</w>
  <w>att</w>
  <w>skolan</w>
  <w>anklagades</w>
  <w>för</w>
  <w>att</w>
  <w>bli</w>
  <w>en</w>
  <w>treämnesskola</w>
  <w>där</w>
  <w>alltför</w>
  <w>stort</w>
  <w>fokus</w>
  <w>lades</w>
  <w>på</w>
  <w>de</w>
  <w>ämnen</w>
  <w>som</w>
  <w>kunde</w>
  <w>ge</w>
  <w>en</w>
  <w>inträdesbiljett</w>
  <w>till</w>
  <w>gymnasiet</w>
  <w>.</w>
</absapar>
<absapar id=8>
  <w>Sjutton</w>
  <w>år</w>
  <w>senare</w>
  <w>var</w>
  <w>det</w>
  <w>dags</w>
  <w>för</w>
  <w>ett</w>
  <w>nytt</w>
  <w>betygssystem</w>
  <w>.</w>
  <w>2011</w>
  <w>sjösattes</w>
  <w>Lgr</w>
  <w>11</w>
  <w>som</w>
  <w>bygger</w>
  <w>på</w>
  <w>samma</w>
  <w>målrelaterade</w>
  <w>princip</w>
  <w>som</w>
  <w>den</w>
  <w>i</w>
  <w>Lpo</w>
  <w>94</w>
  <w>men</w>
  <w>nu</w>
  <w>i</w>
  <w>en</w>
  <w>sjugradig</w>
  <w>skala</w>
  <w>.</w>
  <w>Eleverna</w>
  <w>ska</w>
  <w>få</w>
  <w>betyg</w>
  <w>från</w>
  <w>A</w>
  <w>till</w>
  <w>och</w>
  <w>med</w>
  <w>E</w>
  <w>,</w>
  <w>samt</w>
  <w>F</w>
  <w>som</w>
  <w>ett</w>
  <w>underkänt</w>
  <w>betyg</w>
  <w>.</w>
  <w>En</w>
  <w>stor</w>
  <w>förändring</w>
  <w>från</w>
  <w>Lpo</w>
  <w>94</w>
  <w>är</w>
  <w>den</w>
  <w>påtagliga</w>
  <w>skärpningen</w>
  <w>av</w>
  <w>innehåll</w>
  <w>och</w>
  <w>beskrivning</w>
  <w>av</w>
  <w>kunskapskraven</w>
  <w>.</w>
  <w>Idag</w>
  <w>krävs</w>
  <w>dessutom</w>
  <w>åtta</w>
  <w>godkända</w>
  <w>betyg</w>
  <w>för</w>
  <w>att</w>
  <w>komma</w>
  <w>in</w>
  <w>på</w>
  <w>en</w>
  <w>yrkesförberedande</w>
  <w>linje</w>
  <w>.</w>
  <w>Motsvarande</w>
  <w>krav</w>
  <w>för</w>
  <w>att</w>
  <w>komma</w>
  <w>in</w>
  <w>på</w>
  <w>en</w>
  <w>högskoleförberedande</w>
  <w>linje</w>
  <w>är</w>
  <w>tolv</w>
  <w>.</w>
</absapar>
<absapar id=9>
  <w>SvD</w>
  <w>:</w>
  <w>s</w>
  <w>NYHETSBREV</w>
  <w>VALET</w>
  <w>2018</w>
  <w>–</w>
  <w>veckans</w>
  <w>viktigaste</w>
  <w>fördjupningar</w>
  <w>och</w>
  <w>granskningar</w>
  <w>.</w>
</absapar>
<absapar id=10>
  <w>Ändringarna</w>
  <w>i</w>
  <w>det</w>
  <w>senaste</w>
  <w>betygssystemet</w>
  <w>med</w>
  <w>skärpta</w>
  <w>kunskapskrav</w>
  <w>och</w>
  <w>ändrade</w>
  <w>villkor</w>
  <w>att</w>
  <w>komma</w>
  <w>in</w>
  <w>på</w>
  <w>gymnasiet</w>
  <w>har</w>
  <w>ökat</w>
  <w>kraven</w>
  <w>på</w>
  <w>den</w>
  <w>enskilde</w>
  <w>eleven</w>
  <w>.</w>
  <w>Många</w>
  <w>elever</w>
  <w>går</w>
  <w>ut</w>
  <w>grundskolan</w>
  <w>utan</w>
  <w>att</w>
  <w>ha</w>
  <w>godkänt</w>
  <w>i</w>
  <w>det</w>
  <w>antal</w>
  <w>ämnen</w>
  <w>som</w>
  <w>krävs</w>
  <w>för</w>
  <w>att</w>
  <w>komma</w>
  <w>in</w>
  <w>på</w>
  <w>gymnasiet</w>
  <w>.</w>
  <w>Framför</w>
  <w>allt</w>
  <w>den</w>
  <w>grupp</w>
  <w>som</w>
  <w>tidigare</w>
  <w>valde</w>
  <w>ett</w>
  <w>yrkesinriktade</w>
  <w>program</w>
  <w>står</w>
  <w>utan</w>
  <w>biljett</w>
  <w>på</w>
  <w>det</w>
  <w>tåg</w>
  <w>som</w>
  <w>ska</w>
  <w>ta</w>
  <w>dem</w>
  <w>vidare</w>
  <w>in</w>
  <w>i</w>
  <w>vuxenlivet</w>
  <w>.</w>
  <w>Intentionen</w>
  <w>är</w>
  <w>att</w>
  <w>yrkesprogrammen</w>
  <w>också</w>
  <w>ska</w>
  <w>ge</w>
  <w>behörighet</w>
  <w>till</w>
  <w>högskola</w>
  <w>.</w>
  <w>Det</w>
  <w>är</w>
  <w>en</w>
  <w>bra</w>
  <w>tanke</w>
  <w>att</w>
  <w>en</w>
  <w>ung</w>
  <w>människa</w>
  <w>inte</w>
  <w>ska</w>
  <w>behöva</w>
  <w>låsa</w>
  <w>sig</w>
  <w>tidigt</w>
  <w>på</w>
  <w>grund</w>
  <w>av</w>
  <w>felaktiga</w>
  <w>val</w>
  <w>.</w>
  <w>Men</w>
  <w>när</w>
  <w>en</w>
  <w>så</w>
  <w>stor</w>
  <w>andel</w>
  <w>elever</w>
  <w>står</w>
  <w>helt</w>
  <w>utan</w>
  <w>möjlighet</w>
  <w>att</w>
  <w>välja</w>
  <w>framstår</w>
  <w>ett</w>
  <w>felaktigt</w>
  <w>val</w>
  <w>som</w>
  <w>överkomligt</w>
  <w>och</w>
  <w>är</w>
  <w>dessutom</w>
  <w>möjligt</w>
  <w>att</w>
  <w>rätta</w>
  <w>till</w>
  <w>längre</w>
  <w>fram</w>
  <w>i</w>
  <w>livet</w>
  <w>.</w>
</absapar>
<absapar id=11>
  <w>Ett</w>
  <w>betygssystem</w>
  <w>ska</w>
  <w>informera</w>
  <w>om</w>
  <w>vad</w>
  <w>eleven</w>
  <w>kan</w>
  <w>,</w>
  <w>fungera</w>
  <w>som</w>
  <w>motivationshöjare</w>
  <w>,</w>
  <w>sortera</w>
  <w>elever</w>
  <w>inför</w>
  <w>antagningen</w>
  <w>till</w>
  <w>gymnasiet</w>
  <w>samt</w>
  <w>ge</w>
  <w>information</w>
  <w>om</w>
  <w>kunskapsutveckling</w>
  <w>över</w>
  <w>tid</w>
  <w>.</w>
  <w>Det</w>
  <w>är</w>
  <w>tveksamt</w>
  <w>om</w>
  <w>nuvarande</w>
  <w>system</w>
  <w>klarar</w>
  <w>dessa</w>
  <w>uppgifter</w>
  <w>.</w>
</absapar>
<absapar id=12>
  <w>Ett</w>
  <w>målrelaterat</w>
  <w>betygssystem</w>
  <w>skapas</w>
  <w>genom</w>
  <w>att</w>
  <w>man</w>
  <w>utgår</w>
  <w>från</w>
  <w>en</w>
  <w>idé</w>
  <w>om</w>
  <w>vilka</w>
  <w>kunskaper</w>
  <w>som</w>
  <w>behövs</w>
  <w>och</w>
  <w>vilka</w>
  <w>förmågor</w>
  <w>som</w>
  <w>antas</w>
  <w>vara</w>
  <w>skäliga</w>
  <w>i</w>
  <w>en</w>
  <w>viss</w>
  <w>ålder</w>
  <w>.</w>
  <w>Hänsyn</w>
  <w>tas</w>
  <w>också</w>
  <w>till</w>
  <w>vilka</w>
  <w>kunskaper</w>
  <w>som</w>
  <w>anses</w>
  <w>viktiga</w>
  <w>för</w>
  <w>att</w>
  <w>verka</w>
  <w>i</w>
  <w>samhället</w>
  <w>.</w>
  <w>I</w>
  <w>kursplanen</w>
  <w>läggs</w>
  <w>en</w>
  <w>stor</w>
  <w>vikt</w>
  <w>vid</w>
  <w>kvaliteter</w>
  <w>som</w>
  <w>handlar</w>
  <w>om</w>
  <w>metakognition</w>
  <w>,</w>
  <w>förmågan</w>
  <w>att</w>
  <w>analysera</w>
  <w>,</w>
  <w>kommunicera</w>
  <w>,</w>
  <w>hantera</w>
  <w>information</w>
  <w>och</w>
  <w>olika</w>
  <w>begrepp</w>
  <w>.</w>
  <w>Dessa</w>
  <w>förmågor</w>
  <w>löper</w>
  <w>som</w>
  <w>en</w>
  <w>röd</w>
  <w>tråd</w>
  <w>i</w>
  <w>elevernas</w>
  <w>kunskapsutveckling</w>
  <w>i</w>
  <w>samtliga</w>
  <w>ämnen</w>
  <w>,</w>
  <w>även</w>
  <w>i</w>
  <w>de</w>
  <w>praktisk-estetiska</w>
  <w>ämnena</w>
  <w>.</w>
  <w>Att</w>
  <w>dessa</w>
  <w>förmågor</w>
  <w>är</w>
  <w>viktiga</w>
  <w>i</w>
  <w>vår</w>
  <w>samtid</w>
  <w>är</w>
  <w>svårt</w>
  <w>att</w>
  <w>ifrågasätta</w>
  <w>.</w>
  <w>Men</w>
  <w>om</w>
  <w>förmågan</w>
  <w>inom</w>
  <w>dessa</w>
  <w>relativt</w>
  <w>kognitivt</w>
  <w>krävande</w>
  <w>förmågor</w>
  <w>är</w>
  <w>begränsade</w>
  <w>hos</w>
  <w>eleven</w>
  <w>?</w>
  <w>Om</w>
  <w>eleven</w>
  <w>inte</w>
  <w>klarar</w>
  <w>det</w>
  <w>,</w>
  <w>exempelvis</w>
  <w>på</w>
  <w>grund</w>
  <w>av</w>
  <w>språkliga</w>
  <w>svårigheter</w>
  <w>eller</w>
  <w>personlig</w>
  <w>mognad</w>
  <w>?</w>
  <w>Kanske</w>
  <w>har</w>
  <w>eleven</w>
  <w>annan</w>
  <w>härkomst</w>
  <w>eller</w>
  <w>en</w>
  <w>funktionsnedsättning</w>
  <w>som</w>
  <w>begränsar</w>
  <w>?</w>
  <absaspan id=6 senti=2>
    <w>Är</w>
    <w>det</w>
    <w>då</w>
    <w>rimligt</w>
    <w>att</w>
    <w>inte</w>
    <w>komma</w>
    <w>in</w>
    <w>på</w>
    <w>gymnasiet</w>
    <w>överhuvudtaget</w>
  </absaspan>
  <absaspan id=7>
    <w>?</w>
  </absaspan>
  <w>Eller</w>
  <w>kan</w>
  <w>det</w>
  <w>vara</w>
  <w>så</w>
  <w>,</w>
  <w>att</w>
  <w>även</w>
  <w>om</w>
  <w>eleven</w>
  <w>inte</w>
  <w>språkligt</w>
  <w>kan</w>
  <w>teoretisera</w>
  <w>det</w>
  <w>praktiska</w>
  <w>ändå</w>
  <w>kan</w>
  <w>utföra</w>
  <w>uppgifter</w>
  <w>på</w>
  <w>ett</w>
  <w>utmärkt</w>
  <w>sätt</w>
  <w>?</w>
  <w>Ska</w>
  <w>förmågan</w>
  <w>att</w>
  <w>abstrahera</w>
  <w>och</w>
  <w>kommunicera</w>
  <w>vara</w>
  <w>en</w>
  <w>sådan</w>
  <w>skiljelinje</w>
  <w>till</w>
  <w>att</w>
  <w>få</w>
  <w>ingå</w>
  <w>eller</w>
  <w>lämnas</w>
  <w>utanför</w>
  <w>ett</w>
  <w>samhälle</w>
  <w>?</w>
  <w>Eller</w>
  <absaspan id=8 senti=2>
    <w>har</w>
    <w>vi</w>
    <w>ett</w>
    <w>ouppnåeligt</w>
    <w>,</w>
    <w>verklighetsfrånvänt</w>
    <w>och</w>
    <w>exkluderande</w>
  </absaspan>
  <absaspan id=9>
    <w>betygssystem</w>
  </absaspan>
  <w>?</w>
  <w>.</w>
</absapar>
<absapar id=13>
  <w>Det</w>
  <w>är</w>
  <w>troligt</w>
  <w>att</w>
  <w>de</w>
  <w>skärpta</w>
  <w>kunskapskraven</w>
  <w>bidragit</w>
  <w>till</w>
  <w>ökat</w>
  <w>kunnande</w>
  <w>för</w>
  <w>ett</w>
  <w>flertal</w>
  <w>elever</w>
  <w>.</w>
  <w>Pisa-resultaten</w>
  <w>från</w>
  <w>2015</w>
  <w>,</w>
  <w>med</w>
  <w>elever</w>
  <w>från</w>
  <w>den</w>
  <w>första</w>
  <w>årskullen</w>
  <w>som</w>
  <w>har</w>
  <w>läst</w>
  <w>enligt</w>
  <w>Lgr</w>
  <w>11</w>
  <w>,</w>
  <w>visar</w>
  <w>på</w>
  <w>ett</w>
  <w>trendbrott</w>
  <w>av</w>
  <w>tidigare</w>
  <w>nedåtgående</w>
  <w>resultat</w>
  <w>.</w>
  <w>Ändå</w>
  <w>kan</w>
  <w>vi</w>
  <absaspan id=10 senti=2>
    <w>inte</w>
    <w>blunda</w>
    <w>för</w>
    <w>att</w>
    <w>nuvarande</w>
  </absaspan>
  <absaspan id=11>
    <w>intagningssystem</w>
  </absaspan>
  <absaspan id=12 senti=2>
    <w>lämnar</w>
  </absaspan>
  <absaspan id=13 senti=2>
    <w>alltför</w>
    <w>många</w>
    <w>elever</w>
    <w>kvar</w>
    <w>på</w>
    <w>perrongen</w>
  </absaspan>
  <w>.</w>
  <w>Nästan</w>
  <w>en</w>
  <w>femtedel</w>
  <w>av</w>
  <w>de</w>
  <w>unga</w>
  <w>får</w>
  <w>inte</w>
  <w>ens</w>
  <w>en</w>
  <w>biljett</w>
  <w>.</w>
  <w>Det</w>
  <w>är</w>
  <w>dags</w>
  <w>att</w>
  <w>fundera</w>
  <w>över</w>
  <w>vad</w>
  <w>som</w>
  <w>är</w>
  <w>möjligt</w>
  <w>för</w>
  <w>varje</w>
  <w>enskild</w>
  <w>individ</w>
  <w>.</w>
  <w>Ta</w>
  <w>bort</w>
  <w>kraven</w>
  <w>på</w>
  <w>godkänd</w>
  <w>för</w>
  <w>att</w>
  <w>börja</w>
  <w>på</w>
  <w>ett</w>
  <w>gymnasieprogram</w>
  <w>.</w>
  <w>Låt</w>
  <w>eleverna</w>
  <w>använda</w>
  <w>betygspoängen</w>
  <w>som</w>
  <w>valuta</w>
  <w>för</w>
  <w>att</w>
  <w>söka</w>
  <w>ett</w>
  <w>valbart</w>
  <w>program</w>
  <w>.</w>
</absapar>
<absapar id=14>
  <w>Det</w>
  <w>är</w>
  <w>ett</w>
  <w>högt</w>
  <w>pris</w>
  <w>våra</w>
  <w>unga</w>
  <w>får</w>
  <w>betala</w>
  <w>i</w>
  <w>ambitionen</w>
  <w>att</w>
  <w>höja</w>
  <w>kvaliteten</w>
  <w>i</w>
  <w>skolan</w>
  <w>.</w>
  <w>Vi</w>
  <w>har</w>
  <w>skapat</w>
  <absaspan id=14>
    <w>ett</w>
    <w>system</w>
  </absaspan>
  <w>som</w>
  <w>utesluter</w>
  <w>unga</w>
  <w>människor</w>
  <w>från</w>
  <w>en</w>
  <w>inträdesbiljett</w>
  <w>till</w>
  <w>ett</w>
  <w>framtida</w>
  <w>yrkesliv</w>
  <w>.</w>
  <w>Det</w>
  <absaspan id=15 senti=2>
    <w>är</w>
    <w>ett</w>
    <w>ofantligt</w>
    <w>resursslöseri</w>
  </absaspan>
  <w>,</w>
  <w>både</w>
  <w>utifrån</w>
  <w>ett</w>
  <w>ekonomiskt</w>
  <w>men</w>
  <w>framförallt</w>
  <w>utifrån</w>
  <w>ett</w>
  <w>mänskligt</w>
  <w>perspektiv</w>
  <w>.</w>
</absapar>
<absapar id=15>
  <w>Annelie</w>
  <w>Westlund</w>
  <w>.</w>
</absapar>
<absapar id=16>
  <w>rådgivare</w>
  <w>på</w>
  <w>Specialpedagogiska</w>
  <w>skolmyndigheten</w>
  <w>,</w>
  <w>åsikterna</w>
  <w>i</w>
  <w>artikeln</w>
  <w>är</w>
  <w>skribentens</w>
  <w>egna</w>
  <w>.</w>
</absapar>
<absapar id=17>
  <w>Redaktör</w>
  <w>:</w>
  <w>Carina</w>
  <w>Stensson</w>
  <w>,</w>
  <w>Biträdande</w>
  <w>redaktör</w>
  <w>:</w>
  <w>Björn</w>
  <w>Jorner</w>
  <w>,</w>
  <w>Mejl</w>
  <w>:</w>
  <w>debatt</w>
  <w>@</w>
  <w>svd.se</w>
  <w>,</w>
  <w>Telefonnummer</w>
  <w>:</w>
  <w>08</w>
  <w>-</w>
  <w>135149</w>
  <w>,</w>
  <w>Twitter</w>
  <w>:</w>
  <w>@</w>
  <w>SvDDebatt</w>
  <w>,</w>
  <w>Facebook</w>
  <w>:</w>
  <w>SvD</w>
  <w>Debatt</w>
  <w>.</w>
</absapar>
</absadoc>
