<absadoc annotators=1 senti=>
<absatitle>
  <w>Sluta</w>
  <w>bluffa</w>
  <w>Kinberg</w>
  <w>Batra</w>
  <w>-</w>
  <w>börja</w>
  <w>bry</w>
  <w>dig</w>
  <w>.</w>
</absatitle>
<absapar id=1>
  <absaspan id=1>
    <w>Moderaterna</w>
  </absaspan>
  <w>har</w>
  <w>ett</w>
  <w>flexibelt</w>
  <w>förhållande</w>
  <w>till</w>
  <absaspan id=2>
    <w>utanförskapet</w>
  </absaspan>
  <w>;</w>
  <w>i</w>
  <w>opposition</w>
  <absaspan id=3 senti=2>
    <w>beklagas</w>
  </absaspan>
  <absaspan id=4>
    <w>det</w>
  </absaspan>
  <w>men</w>
  <w>i</w>
  <w>regeringsställning</w>
  <w>utökas</w>
  <w>det</w>
  <w>.</w>
</absapar>
<absapar id=2>
  <w>Inför</w>
  <w>valet</w>
  <w>2006</w>
  <w>talade</w>
  <w>moderaterna</w>
  <w>om</w>
  <w>att</w>
  <w>bryta</w>
  <w>utanförskapet</w>
  <w>,</w>
  <w>men</w>
  <w>de</w>
  <w>åtta</w>
  <w>åren</w>
  <w>av</w>
  <w>moderatledd</w>
  <w>regering</w>
  <w>kan</w>
  <w>snarare</w>
  <w>ses</w>
  <w>som</w>
  <w>en</w>
  <w>manual</w>
  <w>till</w>
  <w>hur</w>
  <w>ett</w>
  <w>land</w>
  <w>kan</w>
  <w>dras</w>
  <w>isär</w>
  <w>och</w>
  <w>få</w>
  <w>ökade</w>
  <w>klyftor</w>
  <w>.</w>
  <w>Antalet</w>
  <w>arbetslösa</w>
  <w>ökade</w>
  <w>med</w>
  <w>22</w>
  <w>procent</w>
  <w>,</w>
  <w>fler</w>
  <w>blev</w>
  <w>beroende</w>
  <w>av</w>
  <w>försörjningsstöd</w>
  <w>och</w>
  <w>80</w>
  <w>000</w>
  <w>människor</w>
  <w>utförsäkrades</w>
  <w>.</w>
</absapar>
<absapar id=3>
  <w>Stora</w>
  <w>sociala</w>
  <w>problem</w>
  <w>möttes</w>
  <w>med</w>
  <w>en</w>
  <w>enda</w>
  <w>lösning</w>
  <w>:</w>
  <w>skattesänkningar</w>
  <w>på</w>
  <w>140</w>
  <w>miljarder</w>
  <w>som</w>
  <w>prioriterades</w>
  <w>före</w>
  <w>nödvändiga</w>
  <w>investeringar</w>
  <w>i</w>
  <w>jobb</w>
  <w>,</w>
  <w>skola</w>
  <w>och</w>
  <w>välfärd</w>
  <w>.</w>
  <w>Resultatet</w>
  <w>:</w>
  <w>ökade</w>
  <w>klyftor</w>
  <w>,</w>
  <absaspan id=5>
    <w>en</w>
  </absaspan>
  <absaspan id=6 senti=2>
    <w>urholkad</w>
  </absaspan>
  <absaspan id=7>
    <w>välfärd</w>
  </absaspan>
  <w>och</w>
  <w>ett</w>
  <w>budgetunderskott</w>
  <w>på</w>
  <w>68</w>
  <w>miljarder</w>
  <w>kronor</w>
  <w>.</w>
</absapar>
<absapar id=4>
  <w>Under</w>
  <w>åren</w>
  <w>vid</w>
  <w>makten</w>
  <w>började</w>
  <w>Moderaterna</w>
  <w>tala</w>
  <w>allt</w>
  <w>tystare</w>
  <w>om</w>
  <w>Sveriges</w>
  <w>sociala</w>
  <w>problem</w>
  <w>.</w>
  <w>Men</w>
  <w>nu</w>
  <w>–</w>
  <absaspan id=8>
    <w>åter</w>
  </absaspan>
  <absaspan id=9>
    <w>i</w>
    <w>opposition</w>
    <w>–</w>
  </absaspan>
  <absaspan id=10 senti=2>
    <w>varnar</w>
  </absaspan>
  <absaspan id=11>
    <w>Anna</w>
    <w>Kinberg</w>
    <w>Batra</w>
  </absaspan>
  <absaspan id=12 senti=2>
    <w>för</w>
  </absaspan>
  <absaspan id=13>
    <w>att</w>
    <w>Sverige</w>
    <w>är</w>
    <w>på</w>
    <w>väg</w>
    <w>mot</w>
    <w>en</w>
    <w>miljon</w>
    <w>människor</w>
    <w>i</w>
    <w>utanförskap</w>
  </absaspan>
  <w>.</w>
  <absaspan id=14>
    <w>Det</w>
  </absaspan>
  <absaspan id=15 senti=2>
    <w>är</w>
    <w>magstarkt</w>
  </absaspan>
  <w>.</w>
  <w>Inte</w>
  <w>minst</w>
  <w>eftersom</w>
  <w>Moderaterna</w>
  <w>glider</w>
  <w>på</w>
  <w>sanningen</w>
  <w>.</w>
</absapar>
<absapar id=5>
  <w>Moderaterna</w>
  <w>hävdar</w>
  <w>nämligen</w>
  <w>att</w>
  <w>nyanlända</w>
  <w>som</w>
  <w>studerar</w>
  <w>på</w>
  <w>SFI</w>
  <w>,</w>
  <w>praktiserar</w>
  <w>på</w>
  <w>svenska</w>
  <w>arbetsplatser</w>
  <w>,</w>
  <w>eller</w>
  <w>kompletterar</w>
  <w>sin</w>
  <w>yrkesutbildning</w>
  <w>för</w>
  <w>att</w>
  <w>kunna</w>
  <w>ta</w>
  <w>ett</w>
  <w>nytt</w>
  <w>arbete</w>
  <w>,</w>
  <w>befinner</w>
  <w>sig</w>
  <w>i</w>
  <w>utanförskap</w>
  <w>.</w>
</absapar>
<absapar id=6>
  <w>De</w>
  <w>räknar</w>
  <w>också</w>
  <w>in</w>
  <w>dem</w>
  <w>som</w>
  <w>råkar</w>
  <w>vara</w>
  <w>hemma</w>
  <w>med</w>
  <w>influensa</w>
  <w>eller</w>
  <w>befinner</w>
  <w>sig</w>
  <w>mellan</w>
  <w>jobb</w>
  <w>i</w>
  <w>några</w>
  <w>dagar</w>
  <w>.</w>
</absapar>
<absapar id=7>
  <absaspan id=16>
    <w>Moderaternas</w>
    <w>sätt</w>
    <w>att</w>
    <w>använda</w>
    <w>siffror</w>
    <w>–</w>
    <w>inte</w>
    <w>minst</w>
    <w>deras</w>
    <w>sätt</w>
    <w>att</w>
    <w>dubbelräkna</w>
  </absaspan>
  <w>–</w>
  <absaspan id=17 senti=2>
    <w>har</w>
    <w>fått</w>
    <w>kritik</w>
    <w>från</w>
  </absaspan>
  <absaspan id=18>
    <w>bland</w>
    <w>annat</w>
    <w>Riksrevisionen</w>
  </absaspan>
  <w>.</w>
  <w>Men</w>
  <w>oavsett</w>
  <w>Moderaternas</w>
  <w>räkneövningar</w>
  <w>så</w>
  <w>kvarstår</w>
  <w>faktum</w>
  <w>:</w>
  <w>Sverige</w>
  <w>har</w>
  <w>allt</w>
  <w>för</w>
  <w>många</w>
  <w>människor</w>
  <w>som</w>
  <w>är</w>
  <w>fattiga</w>
  <w>,</w>
  <w>som</w>
  <w>går</w>
  <w>arbetslösa</w>
  <w>och</w>
  <w>saknar</w>
  <w>hopp</w>
  <w>om</w>
  <w>framtiden</w>
  <w>.</w>
</absapar>
<absapar id=8>
  <w>Regeringen</w>
  <w>har</w>
  <w>därför</w>
  <w>påbörjat</w>
  <w>ett</w>
  <w>nytt</w>
  <w>samhällsbygge</w>
  <w>,</w>
  <w>där</w>
  <w>vi</w>
  <w>byter</w>
  <w>de</w>
  <w>borgerligas</w>
  <w>skattesänkningar</w>
  <w>mot</w>
  <w>samhällsinvesteringar</w>
  <w>på</w>
  <w>upp</w>
  <w>emot</w>
  <w>60</w>
  <w>miljarder</w>
  <w>per</w>
  <w>år</w>
  <w>.</w>
  <w>Investeringar</w>
  <w>som</w>
  <w>forskning</w>
  <w>och</w>
  <w>erfarenhet</w>
  <w>visar</w>
  <w>bekämpar</w>
  <w>just</w>
  <w>sociala</w>
  <w>klyftor</w>
  <w>:</w>
  <w>utbildning</w>
  <w>till</w>
  <w>arbete</w>
  <w>,</w>
  <w>fler</w>
  <w>lärare</w>
  <w>i</w>
  <w>skolorna</w>
  <w>,</w>
  <w>mer</w>
  <w>personal</w>
  <w>i</w>
  <w>välfärden</w>
  <w>och</w>
  <w>snabbare</w>
  <w>etablering</w>
  <w>för</w>
  <w>nyanlända</w>
  <w>.</w>
  <w>Redan</w>
  <w>nu</w>
  <w>börjar</w>
  <w>vi</w>
  <w>också</w>
  <w>se</w>
  <absaspan id=19 senti=4>
    <w>ljuspunkter</w>
  </absaspan>
  <w>i</w>
  <w>svensk</w>
  <w>ekonomi</w>
  <w>:</w>
  <absaspan id=20>
    <w>arbetslösheten</w>
    <w>minskar</w>
    <w>och</w>
    <w>är</w>
    <w>den</w>
    <w>lägsta</w>
    <w>på</w>
    <w>sju</w>
    <w>år</w>
  </absaspan>
  <w>–</w>
  <w>sedan</w>
  <w>vi</w>
  <w>tillträdde</w>
  <w>har</w>
  <w>nästan</w>
  <w>100</w>
  <w>000</w>
  <w>fler</w>
  <w>människor</w>
  <w>ett</w>
  <w>jobb</w>
  <w>att</w>
  <w>gå</w>
  <w>till</w>
  <w>och</w>
  <w>samtidigt</w>
  <w>har</w>
  <w>vi</w>
  <w>minskat</w>
  <w>budgetunderskottet</w>
  <w>.</w>
</absapar>
<absapar id=9>
  <w>Men</w>
  <w>det</w>
  <w>är</w>
  <absaspan id=21>
    <w>just</w>
    <w>dessa</w>
    <w>satsningar</w>
  </absaspan>
  <absaspan id=22>
    <w>Moderaterna</w>
  </absaspan>
  <absaspan id=23 senti=2>
    <w>går</w>
    <w>emot</w>
  </absaspan>
  <w>.</w>
  <w>Istället</w>
  <w>vill</w>
  <w>man</w>
  <w>gå</w>
  <w>tillbaka</w>
  <w>till</w>
  <w>den</w>
  <w>politik</w>
  <w>som</w>
  <w>ökade</w>
  <w>klyftorna</w>
  <w>.</w>
  <w>Efter</w>
  <w>att</w>
  <w>ha</w>
  <w>genomfört</w>
  <w>ett</w>
  <w>första</w>
  <w>,</w>
  <w>andra</w>
  <w>,</w>
  <w>tredje</w>
  <w>,</w>
  <w>fjärde</w>
  <w>och</w>
  <w>femte</w>
  <w>jobbskatteavdrag</w>
  <w>har</w>
  <w>Moderaterna</w>
  <w>nu</w>
  <w>suttit</w>
  <w>och</w>
  <w>funderat</w>
  <w>i</w>
  <w>över</w>
  <w>ett</w>
  <w>år</w>
  <w>,</w>
  <w>och</w>
  <w>stoltserar</w>
  <w>med</w>
  <w>sin</w>
  <w>nya</w>
  <w>politik</w>
  <w>:</w>
  <w>ett</w>
  <w>sjätte</w>
  <w>jobbskatteavdrag</w>
  <w>.</w>
</absapar>
<absapar id=10>
  <w>Sammanlagt</w>
  <w>föreslår</w>
  <w>de</w>
  <w>borgerliga</w>
  <w>partierna</w>
  <w>skattesänkningar</w>
  <w>på</w>
  <w>64</w>
  <w>miljarder</w>
  <w>,</w>
  <w>med</w>
  <w>högst</w>
  <w>oklara</w>
  <w>uppgifter</w>
  <w>om</w>
  <w>var</w>
  <w>i</w>
  <w>välfärden</w>
  <w>man</w>
  <w>vill</w>
  <w>skära</w>
  <w>ned</w>
  <w>för</w>
  <w>att</w>
  <w>finansiera</w>
  <w>dem</w>
  <w>.</w>
  <w>Den</w>
  <w>enda</w>
  <w>skillnaden</w>
  <w>från</w>
  <w>tidigare</w>
  <w>är</w>
  <w>att</w>
  <w>de</w>
  <w>nu</w>
  <w>också</w>
  <w>vill</w>
  <w>sänka</w>
  <w>folks</w>
  <w>löner</w>
  <w>.</w>
</absapar>
<absapar id=11>
  <w>Min</w>
  <w>uppmaning</w>
  <w>till</w>
  <w>Moderaterna</w>
  <w>är</w>
  <w>därför</w>
  <w>i</w>
  <w>all</w>
  <w>enkelhet</w>
  <w>:</w>
  <w>Sluta</w>
  <w>bluffa</w>
  <w>med</w>
  <absaspan id=24>
    <w>siffrorna</w>
  </absaspan>
  <absaspan id=25>
    <w>kring</w>
    <w>de</w>
    <w>sociala</w>
    <w>klyftorna</w>
  </absaspan>
  <w>,</w>
  <absaspan id=26>
    <w>de</w>
  </absaspan>
  <absaspan id=27 senti=2>
    <w>är</w>
    <w>skrämmande</w>
    <w>stora</w>
    <w>nog</w>
    <w>som</w>
    <w>de</w>
    <w>är</w>
  </absaspan>
  <w>.</w>
  <w>Och</w>
  <w>vill</w>
  <w>ni</w>
  <w>verkligen</w>
  <w>bekämpa</w>
  <w>dem</w>
  <w>i</w>
  <w>handling</w>
  <w>–</w>
  <w>inte</w>
  <w>bara</w>
  <w>i</w>
  <w>högtravande</w>
  <w>ord</w>
  <w>–</w>
  <w>så</w>
  <w>är</w>
  <w>det</w>
  <w>dags</w>
  <w>att</w>
  <w>förstå</w>
  <w>att</w>
  <w>vi</w>
  <w>behöver</w>
  <w>utveckla</w>
  <w>den</w>
  <w>svenska</w>
  <w>modellen</w>
  <w>med</w>
  <w>arbete</w>
  <w>,</w>
  <w>stark</w>
  <w>välfärd</w>
  <w>och</w>
  <w>rättvisa</w>
  <w>löner</w>
  <w>;</w>
  <w>inte</w>
  <w>avveckla</w>
  <w>den</w>
  <w>,</w>
  <w>genom</w>
  <w>nya</w>
  <w>nedskärningar</w>
  <w>,</w>
  <w>sämre</w>
  <w>välfärd</w>
  <w>och</w>
  <w>löner</w>
  <w>som</w>
  <w>inte</w>
  <w>går</w>
  <w>att</w>
  <w>leva</w>
  <w>på</w>
  <w>.</w>
</absapar>
<absapar id=12>
  <w>Sverige</w>
  <w>behöver</w>
  <w>ett</w>
  <w>samhällsbygge</w>
  <w>med</w>
  <w>investeringar</w>
  <w>i</w>
  <w>stället</w>
  <w>för</w>
  <w>skattesänkningar</w>
  <w>.</w>
  <w>Det</w>
  <w>parti</w>
  <w>som</w>
  <w>inte</w>
  <w>inser</w>
  <w>det</w>
  <w>kommer</w>
  <w>aldrig</w>
  <w>kunna</w>
  <w>minska</w>
  <w>de</w>
  <w>sociala</w>
  <w>klyftorna</w>
  <w>och</w>
  <w>aldrig</w>
  <w>bidra</w>
  <w>till</w>
  <w>ett</w>
  <w>Sverige</w>
  <w>som</w>
  <w>håller</w>
  <w>ihop</w>
  <w>.</w>
</absapar>
<absapar id=13>
  <w>Annika</w>
  <w>Strandhäll</w>
  <w>,</w>
  <w>socialförsäkringsminister</w>
  <w>(</w>
  <w>S</w>
  <w>)</w>
  <w>.</w>
</absapar>
<absapar id=14>
  <w>Läs</w>
  <w>moderaternas</w>
  <w>replik</w>
  <w>:</w>
  <w>Vi</w>
  <w>bluffar</w>
  <w>inte</w>
  <w>-</w>
  <w>se</w>
  <w>problemet</w>
  <w>,</w>
  <w>Strandhäll</w>
  <w>.</w>
</absapar>
<absapar id=15>
  <w>Läs</w>
  <w>Annika</w>
  <w>Strandhälls</w>
  <w>slutreplik</w>
  <w>:</w>
  <w>Regeringen</w>
  <w>blundar</w>
  <w>inte</w>
  <w>för</w>
  <w>utamningar</w>
  <w>.</w>
</absapar>
<absapar id=16>
  <w>Häng</w>
  <w>med</w>
  <w>i</w>
  <w>debatten</w>
  <w>–</w>
  <w>följ</w>
  <w>Debatt</w>
  <w>på</w>
  <w>Facebook</w>
  <w>.</w>
</absapar>
</absadoc>
