<absadoc annotators=1 senti=2>
<absatitle>
  <w>Hur</w>
  <w>många</w>
  <w>fler</w>
  <w>invandrare</w>
  <w>behövs</w>
  <absaspan id=1 senti=2>
    <w>?</w>
  </absaspan>
</absatitle>
<absapar id=1 senti=3>
  <w>Om</w>
  <w>det</w>
  <w>är</w>
  <w>krig</w>
  <w>i</w>
  <w>andra</w>
  <w>länder</w>
  <w>så</w>
  <w>har</w>
  <w>invandrare</w>
  <w>rätt</w>
  <w>att</w>
  <w>komma</w>
  <w>hit</w>
  <w>.</w>
</absapar>
<absapar id=2 senti=2>
  <absaspan id=2>
    <w>Men</w>
    <w>inte</w>
    <w>i</w>
    <w>för</w>
    <w>stor</w>
    <w>utsträckning</w>
  </absaspan>
  <w>,</w>
  <absaspan id=3 senti=1>
    <w>Sverige</w>
    <w>går</w>
    <w>då</w>
    <w>under</w>
    <w>helt</w>
  </absaspan>
  <w>.</w>
</absapar>
<absapar id=3 senti=2>
  <w>Därför</w>
  <w>vill</w>
  <w>jag</w>
  <w>diskutera</w>
  <w>vad</w>
  <w>ni</w>
  <w>tror</w>
  <w>är</w>
  <w>maxgräns</w>
  <w>för</w>
  <w>Sverige</w>
  <w>att</w>
  <w>ta</w>
  <w>emot</w>
  <w>?</w>
  <w>och</w>
  <w>hur</w>
  <w>många</w>
  <w>har</w>
  <w>sverige</w>
  <w>tagit</w>
  <w>emot</w>
  <w>hittills</w>
  <w>?</w>
  <w>.</w>
</absapar>
<absapar id=4 senti=1>
  <w>Själv</w>
  <w>anser</w>
  <w>jag</w>
  <w>att</w>
  <w>vi</w>
  <w>inte</w>
  <w>behöver</w>
  <w>fler</w>
  <w>då</w>
  <w>10</w>
  <w>miljoner</w>
  <w>invånare</w>
  <w>räcker</w>
  <w>.</w>
</absapar>
</absadoc>
