<absadoc annotators=1 senti=>
<absatitle>
  <w>SD</w>
  <w>presenterar</w>
  <w>besparingar</w>
  <w>på</w>
  <w>invandringens</w>
  <w>kostnader</w>
  <w>.</w>
</absatitle>
<absapar id=1>
  <w>Pressträff</w>
  <w>:</w>
  <w>SD</w>
  <w>presenterar</w>
  <w>beräkning</w>
  <w>av</w>
  <w>invandringens</w>
  <w>kostnader</w>
  <w>måndag</w>
  <w>30</w>
  <w>september</w>
  <w>.</w>
</absapar>
<absapar id=2>
  <w>Frågor</w>
  <w>på</w>
  <w>detta</w>
  <w>:</w>
  <w>.</w>
</absapar>
<absapar id=3>
  <w>#</w>
  <w>P</w>
  <w>IMM</w>
  <w>.</w>
  <w>1</w>
  <w>.</w>
  <w>Kommer</w>
  <w>det</w>
  <w>komma</w>
  <w>fram</w>
  <w>siffror</w>
  <w>som</w>
  <w>inte</w>
  <w>är</w>
  <w>kända</w>
  <w>sedan</w>
  <w>tidigare</w>
  <w>?</w>
  <w>.</w>
</absapar>
<absapar id=4>
  <w>#</w>
  <w>P</w>
  <w>IMM</w>
  <w>.</w>
  <w>2</w>
  <w>.</w>
  <w>Kommer</w>
  <w>övriga</w>
  <w>partier</w>
  <w>erkänna</w>
  <w>dessa</w>
  <w>kostnader</w>
  <w>?</w>
  <w>.</w>
</absapar>
<absapar id=5>
  <w>#</w>
  <w>P</w>
  <w>IMM</w>
  <w>.</w>
  <w>3</w>
  <w>.</w>
  <w>Kommer</w>
  <w>den</w>
  <w>kalkylerade</w>
  <w>besparingen</w>
  <w>enligt</w>
  <w>SDs</w>
  <w>beräkning</w>
  <w>vara</w>
  <w>lägre</w>
  <w>eller</w>
  <w>högre</w>
  <w>än</w>
  <w>förra</w>
  <w>gången</w>
  <w>?</w>
  <w>.</w>
</absapar>
<absapar id=6>
  <w>#</w>
  <w>P</w>
  <w>IMM</w>
  <w>.</w>
  <w>4</w>
  <w>.</w>
  <w>Kommer</w>
  <w>det</w>
  <w>överhuvudtaget</w>
  <w>uppmärksammas</w>
  <w>av</w>
  <w>media</w>
  <w>?</w>
  <w>.</w>
</absapar>
<absapar id=7>
  <w>/</w>
  <w>Discuss</w>
  <w>.</w>
</absapar>
</absadoc>
