<absadoc annotators=1 senti=>
<absatitle>
  <w>Skvaller</w>
  <w>om</w>
  <w>Irene</w>
  <w>Matkowitzc</w>
  <w>?</w>
  <w>Kastade</w>
  <w>tårta</w>
  <w>på</w>
  <w>Jimmie</w>
  <w>Åkesson</w>
  <w>.</w>
</absatitle>
<absapar id=1>
  <w>Vad</w>
  <w>vet</w>
  <w>vi</w>
  <w>om</w>
  <w>tortkastaren</w>
  <w>Irene</w>
  <w>Matkowitzc</w>
  <w>?</w>
  <w>Hennes</w>
  <w>attack</w>
  <w>mot</w>
  <w>Åkesson</w>
  <w>finns</w>
  <w>i</w>
  <w>denna</w>
  <w>tråd</w>
  <w>.</w>
</absapar>
<absapar id=2>
  <w>#</w>
  <w>P</w>
  <w>IMM</w>
  <w>.</w>
  <w>076</w>
  <w>-</w>
  <w>247</w>
  <w>06</w>
  <w>77</w>
  <w>.</w>
</absapar>
<absapar id=3>
  <w>i.matkowitzc</w>
  <w>@</w>
  <w>gmail.com</w>
  <w>.</w>
</absapar>
<absapar id=4>
  <w>Hon</w>
  <w>bor</w>
  <w>på</w>
  <w>Johanneshov</w>
  <w>,</w>
  <w>.</w>
</absapar>
<absapar id=5>
  <w>Hon</w>
  <w>tycks</w>
  <w>även</w>
  <w>ha</w>
  <w>en</w>
  <w>adress</w>
  <w>på</w>
  <w>Ekensberg</w>
  <w>.</w>
</absapar>
<absapar id=6>
  <w>Wendt</w>
  <w>Sliva</w>
  <w>Matkowitzc</w>
  <w>,</w>
  <w>Monica</w>
  <w>Irene</w>
  <w>.</w>
  <w>Född</w>
  <w>5</w>
  <w>/</w>
  <w>1</w>
  <w>1953</w>
  <w>i</w>
  <w>Vedby</w>
  <w>,</w>
  <w>Skåne</w>
  <w>.</w>
  <absaspan id=1>
    <w>Hon</w>
  </absaspan>
  <w>skall</w>
  <w>ha</w>
  <w>konverterat</w>
  <w>till</w>
  <w>judendommen</w>
  <w>,</w>
  <w>men</w>
  <absaspan id=2 senti=2>
    <w>tycks</w>
    <w>ha</w>
  </absaspan>
  <w>en</w>
  <w>närmast</w>
  <absaspan id=3 senti=1>
    <w>hatisk</w>
  </absaspan>
  <absaspan id=4>
    <w>inställning</w>
    <w>till</w>
    <w>Israel</w>
  </absaspan>
  <w>.</w>
</absapar>
<absapar id=7>
  <w>Född</w>
  <w>i</w>
  <w>Kristianstads</w>
  <w>län</w>
  <w>som</w>
  <w>Monica</w>
  <w>Irene</w>
  <w>Wendt</w>
  <w>,</w>
  <w>har</w>
  <w>svenska</w>
  <w>föräldrar</w>
  <w>.</w>
</absapar>
<absapar id=8>
  <w>Hon</w>
  <w>var</w>
  <w>1980</w>
  <w>gift</w>
  <w>med</w>
  <w>Karlo</w>
  <w>Sliva</w>
  <w>och</w>
  <w>de</w>
  <w>har</w>
  <w>en</w>
  <w>dotter</w>
  <w>.</w>
</absapar>
<absapar id=9>
  <w>#</w>
  <w>P</w>
  <w>IMM</w>
  <w>.</w>
  <w>1990</w>
  <w>hette</w>
  <w>hon</w>
  <w>Matkovic</w>
  <w>,</w>
  <w>men</w>
  <w>var</w>
  <w>redan</w>
  <w>frånskild</w>
  <w>.</w>
  <w>(</w>
  <w>Stevica</w>
  <w>Matkovic</w>
  <w>heter</w>
  <w>exmaken</w>
  <w>.</w>
  <w>)</w>
  <w>.</w>
</absapar>
<absapar id=10>
  <w>Hon</w>
  <w>avslutade</w>
  <w>är</w>
  <w>ett</w>
  <w>mål</w>
  <w>från</w>
  <w>2010</w>
  <w>som</w>
  <w>gäller</w>
  <w>våld</w>
  <w>mot</w>
  <w>tjänsteman</w>
  <w>,</w>
  <w>rattfylleri</w>
  <w>,</w>
  <w>ringa</w>
  <w>narkotikabrott</w>
  <w>och</w>
  <w>grov</w>
  <w>olovlig</w>
  <w>körning</w>
  <w>.</w>
  <w>Det</w>
  <w>öppna</w>
  <w>är</w>
  <w>ett</w>
  <w>mål</w>
  <w>från</w>
  <w>2012</w>
  <w>som</w>
  <w>gäller</w>
  <w>grov</w>
  <w>olovlig</w>
  <w>körning</w>
  <w>.</w>
  <w>Totalt</w>
  <w>har</w>
  <w>hon</w>
  <w>15</w>
  <w>punkter</w>
  <w>i</w>
  <w>belatningsregistret</w>
  <w>före</w>
  <w>dena</w>
  <w>händelse</w>
  <w>.</w>
</absapar>
<absapar id=11>
  <w>Hon</w>
  <w>har</w>
  <w>en</w>
  <w>enkskilld</w>
  <w>firma</w>
  <w>,</w>
  <w>kanske</w>
  <w>är</w>
  <w>det</w>
  <w>därför</w>
  <w>hon</w>
  <w>använder</w>
  <w>titeln</w>
  <w>direktör</w>
  <w>.</w>
</absapar>
<absapar id=12>
  <w>Lite</w>
  <w>länkar</w>
  <w>:</w>
  <w>.</w>
</absapar>
<absapar id=13>
  <w>Vad</w>
  <w>vet</w>
  <w>vi</w>
  <w>om</w>
  <w>denna</w>
  <w>människa</w>
  <w>?</w>
  <w>.</w>
</absapar>
<absapar id=14>
  <w>Hur</w>
  <w>försörjer</w>
  <w>hon</w>
  <w>sig</w>
  <w>?</w>
  <w>.</w>
</absapar>
</absadoc>
