<absadoc annotators=1 senti=2>
<absatitle>
  <w>Vart</w>
  <w>går</w>
  <w>våra</w>
  <w>arbeten</w>
  <w>någonstans</w>
  <w>?</w>
</absatitle>
<absapar id=1 senti=2>
  <w>Jag</w>
  <w>likaså</w>
  <w>ni</w>
  <w>undrar</w>
  <w>vart</w>
  <w>våra</w>
  <w>svenska</w>
  <w>arbeten</w>
  <w>går</w>
  <w>någonstans</w>
  <w>.</w>
  <w>Antagligen</w>
  <w>.</w>
  <w>Det</w>
  <absaspan id=1 senti=2>
    <w>är</w>
    <w>frustrerande</w>
  </absaspan>
  <absaspan id=2>
    <w>att</w>
    <w>vara</w>
    <w>arbetslös</w>
    <w>medan</w>
  </absaspan>
  <absaspan id=3>
    <w>andra</w>
  </absaspan>
  <absaspan id=4>
    <w>företag</w>
    <w>använder</w>
    <w>sig</w>
    <w>av</w>
    <w>svågerpolitik</w>
  </absaspan>
  <absaspan id=5>
    <w>,</w>
    <w>för</w>
    <w>att</w>
    <w>kunna</w>
    <w>rekrytera</w>
    <w>en</w>
    <w>anställds</w>
    <w>släkt</w>
    <w>och</w>
    <w>vänner</w>
    <w>före</w>
    <w>en</w>
    <w>person</w>
    <w>med</w>
    <w>kompetens</w>
    <w>och</w>
    <w>utbildning</w>
  </absaspan>
  <w>.</w>
  <absaspan id=6>
    <w>Detta</w>
  </absaspan>
  <absaspan id=7 senti=2>
    <w>får</w>
  </absaspan>
  <absaspan id=8>
    <w>mig</w>
  </absaspan>
  <absaspan id=9 senti=2>
    <w>att</w>
  </absaspan>
  <absaspan id=10 senti=2>
    <w>se</w>
    <w>rött</w>
  </absaspan>
  <w>och</w>
  <w>jag</w>
  <w>förstår</w>
  <w>inte</w>
  <w>varför</w>
  <w>de</w>
  <w>nyanlända</w>
  <w>svenskarna</w>
  <w>,</w>
  <w>som</w>
  <w>de</w>
  <w>kallas</w>
  <w>,</w>
  <w>ska</w>
  <w>få</w>
  <w>våra</w>
  <w>svenska</w>
  <w>arbeten</w>
  <w>före</w>
  <w>oss</w>
  <w>svenskar</w>
  <w>och</w>
  <w>andra</w>
  <w>som</w>
  <w>bott</w>
  <w>i</w>
  <w>Sverige</w>
  <w>längre</w>
  <w>än</w>
  <w>dessa</w>
  <w>,</w>
  <w>kan</w>
  <w>någon</w>
  <w>förstå</w>
  <w>och</w>
  <w>förklara</w>
  <w>för</w>
  <w>mig</w>
  <w>varför</w>
  <w>?</w>
  <w>.</w>
</absapar>
<absapar id=2 senti=2>
  <w>Dessutom</w>
  <w>undrar</w>
  <w>jag</w>
  <w>om</w>
  <w>det</w>
  <w>går</w>
  <w>att</w>
  <w>tjäna</w>
  <w>pengar</w>
  <w>på</w>
  <w>det</w>
  <w>som</w>
  <w>arbetslös</w>
  <w>,</w>
  <w>så</w>
  <w>det</w>
  <w>klirrar</w>
  <w>i</w>
  <w>kassan</w>
  <w>för</w>
  <w>som</w>
  <w>ung</w>
  <w>kvinna</w>
  <w>på</w>
  <w>23</w>
  <w>år</w>
  <w>är</w>
  <w>det</w>
  <w>inte</w>
  <w>lätt</w>
  <w>då</w>
  <w>jag</w>
  <w>även</w>
  <w>har</w>
  <w>egen</w>
  <w>bil</w>
  <w>,</w>
  <w>hyr</w>
  <w>insatslägenhet</w>
  <w>av</w>
  <w>far</w>
  <w>som</w>
  <w>även</w>
  <w>kräver</w>
  <w>ränta</w>
  <w>.</w>
  <w>Det</w>
  <w>har</w>
  <w>med</w>
  <w>lånet</w>
  <w>att</w>
  <w>göra</w>
  <w>då</w>
  <w>,</w>
  <w>ja</w>
  <w>.</w>
  <w>De</w>
  <w>här</w>
  <absaspan id=11 senti=2>
    <w>jävlarna</w>
  </absaspan>
  <w>,</w>
  <w>ursäkta</w>
  <w>språket</w>
  <w>för</w>
  <w>jag</w>
  <w>är</w>
  <w>uppriven</w>
  <w>just</w>
  <w>nu</w>
  <w>,</w>
  <w>säger</w>
  <w>bara</w>
  <w>att</w>
  <w>Sverige</w>
  <w>betalar</w>
  <w>allt</w>
  <w>.</w>
  <w>I</w>
  <w>slutet</w>
  <w>av</w>
  <w>förra</w>
  <w>året</w>
  <w>var</w>
  <w>jag</w>
  <w>hos</w>
  <w>en</w>
  <w>nyanländ</w>
  <w>person</w>
  <w>dum</w>
  <w>som</w>
  <w>jag</w>
  <w>var</w>
  <w>och</w>
  <w>i</w>
  <w>alla</w>
  <w>fall</w>
  <w>så</w>
  <w>hade</w>
  <w>han</w>
  <w>all</w>
  <w>belysning</w>
  <w>och</w>
  <w>allt</w>
  <w>annat</w>
  <w>igång</w>
  <w>.</w>
  <w>När</w>
  <w>jag</w>
  <w>frågar</w>
  <w>säger</w>
  <w>han</w>
  <w>bara</w>
  <w>att</w>
  <w>det</w>
  <w>är</w>
  <w>Sverige</w>
  <w>som</w>
  <w>betalar</w>
  <w>allt</w>
  <w>och</w>
  <w>jag</w>
  <w>bara</w>
  <w>tittade</w>
  <w>på</w>
  <w>honom</w>
  <w>då</w>
  <w>jag</w>
  <w>och</w>
  <w>alla</w>
  <w>andra</w>
  <w>vanliga</w>
  <w>medborgare</w>
  <w>ska</w>
  <w>tvingas</w>
  <w>betala</w>
  <w>detta</w>
  <w>medan</w>
  <w>de</w>
  <w>får</w>
  <w>gå</w>
  <w>fria</w>
  <w>från</w>
  <w>det</w>
  <w>.</w>
  <w>Hur</w>
  <w>reagerar</w>
  <w>ni</w>
  <w>på</w>
  <w>sånt</w>
  <w>och</w>
  <w>varför</w>
  <w>ska</w>
  <w>vi</w>
  <w>kompensera</w>
  <absaspan id=12>
    <w>statens</w>
  </absaspan>
  <w>kostnader</w>
  <w>,</w>
  <w>för</w>
  <w>att</w>
  <absaspan id=13>
    <w>de</w>
  </absaspan>
  <absaspan id=14 senti=2>
    <w>är</w>
    <w>så</w>
    <w>dumma</w>
  </absaspan>
  <w>och</w>
  <w>tar</w>
  <w>in</w>
  <w>dessa</w>
  <w>icke-snåla</w>
  <w>personer</w>
  <w>i</w>
  <w>vårt</w>
  <w>land</w>
  <w>?</w>
  <w>De</w>
  <w>lever</w>
  <w>på</w>
  <w>oss</w>
  <w>och</w>
  <w>det</w>
  <w>är</w>
  <w>inte</w>
  <w>alls</w>
  <w>konstigt</w>
  <w>att</w>
  <absaspan id=15>
    <w>de</w>
  </absaspan>
  <absaspan id=16 senti=2>
    <w>kallas</w>
    <w>för</w>
    <w>parasiter</w>
  </absaspan>
  <w>,</w>
  <w>för</w>
  <w>det</w>
  <w>är</w>
  <w>just</w>
  <w>det</w>
  <w>de</w>
  <w>är</w>
  <w>för</w>
  <w>visst</w>
  <w>folket</w>
  <w>som</w>
  <w>kom</w>
  <w>till</w>
  <w>Sverige</w>
  <w>på</w>
  <w>70</w>
  <w>-</w>
  <w>90</w>
  <w>talen</w>
  <w>har</w>
  <w>arbete</w>
  <absaspan id=17>
    <w>.</w>
  </absaspan>
  <w>Åtminstone</w>
  <w>de</w>
  <w>vuxna</w>
  <w>medan</w>
  <w>deras</w>
  <w>barn</w>
  <w>lever</w>
  <w>på</w>
  <w>dom</w>
  <w>och</w>
  <w>får</w>
  <w>allt</w>
  <w>de</w>
  <w>önskar</w>
  <w>,</w>
  <w>så</w>
  <w>känns</w>
  <w>det</w>
  <w>för</w>
  <w>många</w>
  <w>av</w>
  <w>oss</w>
  <w>då</w>
  <w>en</w>
  <w>svensk</w>
  <w>men</w>
  <w>även</w>
  <w>en</w>
  <w>civiliserad</w>
  <w>invandrarförälder</w>
  <w>säger</w>
  <w>ifrån</w>
  <w>när</w>
  <w>det</w>
  <w>räcker</w>
  <w>.</w>
</absapar>
<absapar id=3>
  <w>Vad</w>
  <w>är</w>
  <w>det</w>
  <w>vi</w>
  <w>gör</w>
  <w>för</w>
  <w>fel</w>
  <w>och</w>
  <w>varför</w>
  <w>är</w>
  <w>vi</w>
  <w>inte</w>
  <w>Sverige</w>
  <w>utan</w>
  <w>Socialbidrag</w>
  <w>i</w>
  <w>världens</w>
  <w>ögon</w>
  <w>?</w>
  <w>Hur</w>
  <w>kan</w>
  <w>statens</w>
  <w>elit</w>
  <w>göra</w>
  <w>så</w>
  <w>att</w>
  <w>även</w>
  <w>vi</w>
  <w>vanliga</w>
  <w>medborgare</w>
  <w>kan</w>
  <w>tjäna</w>
  <w>på</w>
  <w>det</w>
  <w>här</w>
  <w>och</w>
  <w>inte</w>
  <w>bara</w>
  <w>dom</w>
  <w>?</w>
  <w>.</w>
</absapar>
<absapar id=4 senti=2>
  <w>Kort</w>
  <w>och</w>
  <w>gott</w>
  <w>undrar</w>
  <w>jag</w>
  <w>varför</w>
  <w>så</w>
  <w>stor</w>
  <w>klyfta</w>
  <w>mellan</w>
  <w>dessa</w>
  <w>block</w>
  <w>?</w>
  <w>Varför</w>
  <w>särbehandlas</w>
  <w>vi</w>
  <w>och</w>
  <w>hur</w>
  <w>kan</w>
  <w>det</w>
  <w>komma</w>
  <w>sig</w>
  <w>att</w>
  <w>en</w>
  <w>person</w>
  <w>som</w>
  <w>är</w>
  <w>svensk</w>
  <w>eller</w>
  <w>bott</w>
  <w>i</w>
  <w>Sverige</w>
  <w>längre</w>
  <w>än</w>
  <w>den</w>
  <w>nyanlända</w>
  <w>personen</w>
  <w>blir</w>
  <w>mer</w>
  <w>svensk</w>
  <w>än</w>
  <w>vad</w>
  <w>vi</w>
  <w>är</w>
  <w>?</w>
  <w>Vad</w>
  <w>är</w>
  <w>vi</w>
  <w>värda</w>
  <w>jämfört</w>
  <w>med</w>
  <w>dessa</w>
  <w>varelser</w>
  <w>?</w>
  <w>.</w>
</absapar>
<absapar id=5>
  <absaspan id=18 senti=4>
    <w>Tacksam</w>
    <w>för</w>
  </absaspan>
  <absaspan id=19>
    <w>svar</w>
  </absaspan>
  <w>.</w>
</absapar>
</absadoc>
