<absadoc annotators=1 senti=>
<absatitle>
  <w>Mer</w>
  <w>pengar</w>
  <w>ska</w>
  <w>gå</w>
  <w>till</w>
  <w>skydd</w>
  <w>mot</w>
  <w>varg</w>
  <w>.</w>
</absatitle>
<absapar id=1>
  <w>För</w>
  <w>att</w>
  <w>få</w>
  <w>till</w>
  <w>stånd</w>
  <w>en</w>
  <w>långsiktigt</w>
  <w>hållbar</w>
  <w>vargstamsförvaltning</w>
  <w>vidtar</w>
  <w>vi</w>
  <w>nu</w>
  <w>flera</w>
  <w>åtgärder</w>
  <w>.</w>
  <w>Bland</w>
  <w>annat</w>
  <w>inrättas</w>
  <w>en</w>
  <w>permanent</w>
  <w>vargkommitté</w>
  <w>,</w>
  <w>skriver</w>
  <w>ministrarna</w>
  <w>Sven-Erik</w>
  <w>Bucht</w>
  <w>S</w>
  <w>)</w>
  <w>och</w>
  <w>Åsa</w>
  <w>Romson</w>
  <w>(</w>
  <w>MP</w>
  <w>)</w>
  <w>.</w>
</absapar>
<absapar id=2>
  <w>Det</w>
  <w>behövs</w>
  <w>mera</w>
  <w>samverkan</w>
  <w>mellan</w>
  <w>dem</w>
  <w>som</w>
  <w>berörs</w>
  <w>av</w>
  <w>rovdjurspolitiken</w>
  <w>och</w>
  <w>det</w>
  <w>behövs</w>
  <absaspan id=1 senti=4>
    <w>respekt</w>
    <w>för</w>
    <w>både</w>
  </absaspan>
  <absaspan id=2>
    <w>människa</w>
    <w>och</w>
    <w>rovdjur.Sven-Erik</w>
  </absaspan>
  <w>Bucht</w>
  <w>och</w>
  <w>Åsa</w>
  <w>Romson</w>
  <w>.</w>
</absapar>
<absapar id=3>
  <w>Det</w>
  <w>här</w>
  <w>är</w>
  <w>en</w>
  <w>argumenterande</w>
  <w>text</w>
  <w>med</w>
  <w>syfte</w>
  <w>att</w>
  <w>påverka</w>
  <w>.</w>
  <w>Åsikterna</w>
  <w>som</w>
  <w>uttrycks</w>
  <w>är</w>
  <w>skribentens</w>
  <w>egna</w>
  <w>.</w>
</absapar>
<absapar id=4>
  <w>För</w>
  <w>några</w>
  <w>decennier</w>
  <w>sedan</w>
  <w>var</w>
  <w>vargen</w>
  <w>utrotad</w>
  <w>i</w>
  <w>Sverige</w>
  <w>,</w>
  <w>men</w>
  <w>sedan</w>
  <w>dess</w>
  <w>har</w>
  <w>den</w>
  <w>återhämtat</w>
  <w>sig</w>
  <w>.</w>
  <w>I</w>
  <w>dag</w>
  <w>är</w>
  <w>vargen</w>
  <w>här</w>
  <w>för</w>
  <w>att</w>
  <w>stanna</w>
  <w>.</w>
  <w>Det</w>
  <w>är</w>
  <w>ett</w>
  <w>tecken</w>
  <w>på</w>
  <w>att</w>
  <absaspan id=3>
    <w>djurlivet</w>
  </absaspan>
  <absaspan id=4>
    <w>i</w>
    <w>våra</w>
    <w>skogar</w>
    <w>blir</w>
    <w>rikare</w>
  </absaspan>
  <w>.</w>
  <absaspan id=5>
    <w>Det</w>
  </absaspan>
  <absaspan id=6 senti=3>
    <w>innebär</w>
  </absaspan>
  <w>också</w>
  <absaspan id=7 senti=3>
    <w>betydande</w>
  </absaspan>
  <absaspan id=8 senti=3>
    <w>utmaningar</w>
  </absaspan>
  <w>för</w>
  <w>näringar</w>
  <w>och</w>
  <w>levnadssätt</w>
  <w>i</w>
  <w>de</w>
  <w>områden</w>
  <w>där</w>
  <w>vargen</w>
  <w>finns</w>
  <w>.</w>
  <w>Det</w>
  <w>måste</w>
  <w>därför</w>
  <w>ägnas</w>
  <w>mer</w>
  <w>kraft</w>
  <w>åt</w>
  <w>att</w>
  <w>möta</w>
  <absaspan id=9 senti=3>
    <w>de</w>
    <w>utmaningar</w>
    <w>som</w>
    <w>ligger</w>
    <w>i</w>
  </absaspan>
  <absaspan id=10>
    <w>att</w>
    <w>kombinera</w>
    <w>en</w>
    <w>stärkt</w>
    <w>vargstam</w>
    <w>med</w>
    <w>villkoren</w>
    <w>för</w>
    <w>att</w>
    <w>hålla</w>
    <w>tamboskap</w>
    <w>och</w>
    <w>ha</w>
    <w>husdjur</w>
    <w>i</w>
    <w>områden</w>
    <w>med</w>
    <w>varg</w>
  </absaspan>
  <w>.</w>
</absapar>
<absapar id=5>
  <w>Det</w>
  <w>innebär</w>
  <w>att</w>
  <w>vi</w>
  <w>måste</w>
  <w>jobba</w>
  <w>vidare</w>
  <w>för</w>
  <w>att</w>
  <w>få</w>
  <absaspan id=11 senti=4>
    <w>en</w>
    <w>politik</w>
    <w>som</w>
    <w>värnar</w>
    <w>både</w>
  </absaspan>
  <absaspan id=12>
    <w>människan</w>
    <w>och</w>
    <w>djuret</w>
  </absaspan>
  <w>.</w>
  <w>Regeringen</w>
  <w>anser</w>
  <w>att</w>
  <w>Sverige</w>
  <w>ska</w>
  <w>ha</w>
  <w>en</w>
  <w>långsiktigt</w>
  <w>livskraftig</w>
  <w>vargstam</w>
  <w>.</w>
  <w>Det</w>
  <w>övergripande</w>
  <w>målet</w>
  <w>för</w>
  <w>regeringens</w>
  <w>rovdjurspolitik</w>
  <w>är</w>
  <w>att</w>
  <w>varg</w>
  <w>och</w>
  <w>andra</w>
  <w>rovdjur</w>
  <w>ska</w>
  <w>ha</w>
  <w>så</w>
  <w>kallad</w>
  <w>gynnsam</w>
  <w>bevarandestatus</w>
  <w>–</w>
  <w>samtidigt</w>
  <w>som</w>
  <absaspan id=13>
    <w>tamdjurshållning</w>
  </absaspan>
  <absaspan id=14 senti=3>
    <w>inte</w>
    <w>påtagligt</w>
    <w>försvåras</w>
  </absaspan>
  <w>och</w>
  <w>socioekonomisk</w>
  <w>hänsyn</w>
  <w>tas</w>
  <w>.</w>
</absapar>
<absapar id=6>
  <w>Vargen</w>
  <w>klassades</w>
  <w>som</w>
  <w>starkt</w>
  <w>hotad</w>
  <w>i</w>
  <w>2010</w>
  <w>års</w>
  <w>rödlista</w>
  <w>,</w>
  <w>som</w>
  <w>är</w>
  <w>framtagen</w>
  <w>av</w>
  <w>Sveriges</w>
  <w>lantbruksuniversitet</w>
  <w>,</w>
  <w>och</w>
  <w>tillhör</w>
  <w>klass</w>
  <w>tre</w>
  <w>på</w>
  <w>den</w>
  <w>sexgradiga</w>
  <w>skalan</w>
  <w>.</w>
  <w>I</w>
  <w>2015</w>
  <w>års</w>
  <w>rödlista</w>
  <w>som</w>
  <w>kommer</w>
  <w>att</w>
  <w>presenteras</w>
  <w>i</w>
  <w>april</w>
  <w>2015</w>
  <w>är</w>
  <w>vargen</w>
  <w>klassad</w>
  <w>som</w>
  <w>sårbar</w>
  <w>,</w>
  <w>det</w>
  <w>vill</w>
  <w>säga</w>
  <w>klass</w>
  <w>fyra</w>
  <w>.</w>
  <absaspan id=15>
    <w>Detta</w>
  </absaspan>
  <w>är</w>
  <absaspan id=16 senti=4>
    <w>en</w>
    <w>klar</w>
    <w>förbättring</w>
  </absaspan>
  <w>av</w>
  <w>vargens</w>
  <w>status</w>
  <w>men</w>
  <w>den</w>
  <w>är</w>
  <w>fortfarande</w>
  <w>en</w>
  <w>hotad</w>
  <w>art</w>
  <w>.</w>
  <w>Vargen</w>
  <w>bedöms</w>
  <w>som</w>
  <w>"</w>
  <w>strikt</w>
  <w>skyddad</w>
  <w>"</w>
  <w>enligt</w>
  <w>EU</w>
  <w>:</w>
  <w>s</w>
  <w>art</w>
  <w>-</w>
  <w>och</w>
  <w>habitatdirektiv</w>
  <w>.</w>
</absapar>
<absapar id=7>
  <w>För</w>
  <w>att</w>
  <w>få</w>
  <w>till</w>
  <w>stånd</w>
  <w>en</w>
  <w>långsiktigt</w>
  <w>hållbar</w>
  <w>vargstamsförvaltning</w>
  <w>vidtar</w>
  <w>nu</w>
  <w>regeringen</w>
  <w>följande</w>
  <w>åtgärder</w>
  <w>:</w>
  <w>.</w>
</absapar>
<absapar id=8>
  <w>#</w>
  <w>P</w>
  <w>IMM</w>
  <w>.</w>
  <w>*</w>
  <w>*</w>
  <w>1</w>
  <w>.</w>
  <w>I</w>
  <w>närtid</w>
  <w>inrättas</w>
  <w>*</w>
  <w>*</w>
  <w>en</w>
  <w>permanent</w>
  <w>vargkommitté</w>
  <w>.</w>
  <w>Kommitténs</w>
  <w>uppgift</w>
  <w>blir</w>
  <w>att</w>
  <w>vara</w>
  <w>referensgrupp</w>
  <w>till</w>
  <w>regeringen</w>
  <w>för</w>
  <w>utarbetandet</w>
  <w>av</w>
  <w>en</w>
  <w>hållbar</w>
  <w>nationell</w>
  <w>vargpolitik</w>
  <w>.</w>
  <w>Vargkommittén</w>
  <w>ska</w>
  <w>bestå</w>
  <w>av</w>
  <w>representanter</w>
  <w>för</w>
  <w>samma</w>
  <w>organisationer</w>
  <w>som</w>
  <w>ingick</w>
  <w>i</w>
  <w>den</w>
  <w>tidigare</w>
  <w>rovdjurskommittén</w>
  <w>.</w>
  <w>Det</w>
  <w>är</w>
  <w>Föreningen</w>
  <w>Sveriges</w>
  <w>Fäbodbrukare</w>
  <w>,</w>
  <w>Jägarnas</w>
  <w>Riksförbund</w>
  <w>,</w>
  <w>Lantbrukarnas</w>
  <w>Riksförbund</w>
  <w>,</w>
  <w>Naturskyddsföreningen</w>
  <w>,</w>
  <w>Rovdjursföreningen</w>
  <w>,</w>
  <w>Samernas</w>
  <w>Riksförbund</w>
  <w>,</w>
  <w>Svenska</w>
  <w>Jägareförbundet</w>
  <w>,</w>
  <w>Sveriges</w>
  <w>Kommuner</w>
  <w>och</w>
  <w>Landsting</w>
  <w>samt</w>
  <w>Världsnaturfonden</w>
  <w>.</w>
  <w>Kommittén</w>
  <w>ska</w>
  <w>vid</w>
  <w>behov</w>
  <w>kunna</w>
  <w>knyta</w>
  <w>till</w>
  <w>sig</w>
  <w>forskare</w>
  <w>.</w>
</absapar>
<absapar id=9>
  <w>Skräddarsydda</w>
  <w>kurser</w>
  <w>i</w>
  <w>ämnen</w>
  <w>som</w>
  <w>intresserar</w>
  <w>och</w>
  <w>engagerar</w>
  <w>både</w>
  <w>kropp</w>
  <w>och</w>
  <w>själ</w>
  <w>.</w>
</absapar>
<absapar id=10>
  <w>#</w>
  <w>P</w>
  <w>IMM</w>
  <w>.</w>
  <w>*</w>
  <w>*</w>
  <w>2</w>
  <w>.</w>
  <w>Regeringen</w>
  <w>kommer</w>
  <w>att</w>
  <w>uppdra</w>
  <w>*</w>
  <w>*</w>
  <w>till</w>
  <w>Naturvårdsverket</w>
  <w>att</w>
  <w>,</w>
  <w>i</w>
  <w>samråd</w>
  <w>med</w>
  <w>Jordbruksverket</w>
  <w>,</w>
  <w>utreda</w>
  <w>gynnsam</w>
  <w>bevarandestatus</w>
  <w>för</w>
  <w>varg</w>
  <w>.</w>
  <w>I</w>
  <w>uppdraget</w>
  <w>ingår</w>
  <w>att</w>
  <w>ta</w>
  <w>fram</w>
  <w>en</w>
  <w>uppdaterad</w>
  <w>sårbarhetsanalys</w>
  <w>utifrån</w>
  <w>en</w>
  <w>bred</w>
  <w>vetenskaplig</w>
  <w>grund</w>
  <w>.</w>
  <w>Uppdraget</w>
  <w>kommer</w>
  <w>även</w>
  <w>att</w>
  <w>handla</w>
  <w>om</w>
  <w>att</w>
  <w>redovisa</w>
  <w>socioekonomiska</w>
  <w>aspekter</w>
  <w>där</w>
  <w>en</w>
  <w>livskraftig</w>
  <w>ren</w>
  <w>-</w>
  <w>och</w>
  <w>landsbygdsnäring</w>
  <w>tillsammans</w>
  <w>med</w>
  <absaspan id=17 senti=4>
    <w>ett</w>
    <w>tydligt</w>
    <w>ansvarstagande</w>
    <w>mot</w>
  </absaspan>
  <absaspan id=18>
    <w>ursprungsbefolkning</w>
  </absaspan>
  <w>och</w>
  <absaspan id=19>
    <w>glesbygdsbefolkning</w>
  </absaspan>
  <w>ska</w>
  <w>inkluderas</w>
  <w>och</w>
  <w>beaktas</w>
  <w>.</w>
</absapar>
<absapar id=11>
  <w>#</w>
  <w>P</w>
  <w>IMM</w>
  <w>.</w>
  <w>*</w>
  <w>*</w>
  <w>3</w>
  <w>.</w>
  <w>För</w>
  <w>att</w>
  <w>förebygga</w>
  <w>*</w>
  <w>*</w>
  <w>viltangrepp</w>
  <w>och</w>
  <w>viltskador</w>
  <w>på</w>
  <w>tamdjur</w>
  <w>och</w>
  <w>husdjur</w>
  <w>avser</w>
  <w>regeringen</w>
  <w>att</w>
  <w>öka</w>
  <w>anslagen</w>
  <w>för</w>
  <w>viltskydd</w>
  <w>samt</w>
  <w>ge</w>
  <w>ett</w>
  <w>uppdrag</w>
  <w>till</w>
  <w>Jordbruksverket</w>
  <w>att</w>
  <w>utreda</w>
  <w>möjliga</w>
  <w>nya</w>
  <w>och</w>
  <w>effektivare</w>
  <w>skydds</w>
  <w>-</w>
  <w>och</w>
  <w>stödåtgärder</w>
  <w>.</w>
  <w>Dessutom</w>
  <w>kommer</w>
  <w>Naturvårdsverket</w>
  <w>att</w>
  <w>få</w>
  <w>ett</w>
  <w>uppdrag</w>
  <w>om</w>
  <w>att</w>
  <w>utreda</w>
  <w>om</w>
  <w>beslutsprocesser</w>
  <w>och</w>
  <w>kriterier</w>
  <w>för</w>
  <w>skyddsjakt</w>
  <w>ytterligare</w>
  <w>kan</w>
  <w>utvecklas</w>
  <w>för</w>
  <w>att</w>
  <w>bidra</w>
  <w>till</w>
  <w>vargpolitikens</w>
  <w>övergripande</w>
  <w>syfte</w>
  <w>.</w>
</absapar>
<absapar id=12>
  <w>#</w>
  <w>P</w>
  <w>IMM</w>
  <w>.</w>
  <w>*</w>
  <w>*</w>
  <w>4</w>
  <w>.</w>
  <w>De</w>
  <w>regionala</w>
  <w>*</w>
  <w>*</w>
  <w>viltförvaltningsdelegationerna</w>
  <w>kommer</w>
  <w>att</w>
  <w>utvärderas</w>
  <w>av</w>
  <w>regeringen</w>
  <w>.</w>
  <w>Utvärderingen</w>
  <w>kommer</w>
  <w>att</w>
  <w>titta</w>
  <w>på</w>
  <w>hur</w>
  <w>väl</w>
  <w>delegationerna</w>
  <w>fyller</w>
  <w>sin</w>
  <w>funktion</w>
  <w>,</w>
  <w>sammansättningen</w>
  <w>av</w>
  <w>delegationerna</w>
  <w>med</w>
  <w>fokus</w>
  <w>på</w>
  <w>balansen</w>
  <w>mellan</w>
  <w>olika</w>
  <w>intressen</w>
  <w>samt</w>
  <w>förutsättningarna</w>
  <w>för</w>
  <w>delegationerna</w>
  <w>att</w>
  <w>klara</w>
  <w>ett</w>
  <w>effektivt</w>
  <w>och</w>
  <w>rättssäkert</w>
  <w>beslutsfattande</w>
  <w>.</w>
</absapar>
<absapar id=13>
  <w>#</w>
  <w>P</w>
  <w>IMM</w>
  <w>.</w>
  <w>*</w>
  <w>*</w>
  <w>5</w>
  <w>.</w>
  <w>En</w>
  <w>utredning</w>
  <w>*</w>
  <w>*</w>
  <w>i</w>
  <w>regeringskansliet</w>
  <w>genomförs</w>
  <w>för</w>
  <w>att</w>
  <w>föreslå</w>
  <w>en</w>
  <w>transparent</w>
  <w>och</w>
  <w>rättssäker</w>
  <w>processgång</w>
  <w>för</w>
  <w>licensjaktbeslut</w>
  <w>som</w>
  <w>är</w>
  <w>förenlig</w>
  <w>med</w>
  <w>EU-rätten</w>
  <w>.</w>
  <w>Processen</w>
  <w>ska</w>
  <w>möjliggöra</w>
  <w>beslut</w>
  <w>och</w>
  <w>prövning</w>
  <w>så</w>
  <w>att</w>
  <w>besluten</w>
  <w>kan</w>
  <w>vinna</w>
  <w>laga</w>
  <w>kraft</w>
  <w>innan</w>
  <w>jaktsäsongen</w>
  <w>börjar</w>
  <w>.</w>
</absapar>
<absapar id=14>
  <w>Det</w>
  <w>behövs</w>
  <w>mer</w>
  <w>samverkan</w>
  <w>mellan</w>
  <w>dem</w>
  <w>som</w>
  <w>berörs</w>
  <w>av</w>
  <w>rovdjurspolitiken</w>
  <w>och</w>
  <w>det</w>
  <w>behövs</w>
  <absaspan id=20 senti=4>
    <w>respekt</w>
    <w>för</w>
    <w>både</w>
  </absaspan>
  <absaspan id=21>
    <w>människa</w>
    <w>och</w>
    <w>rovdjur</w>
  </absaspan>
  <w>.</w>
  <w>Vi</w>
  <w>ska</w>
  <w>ha</w>
  <w>livskraftiga</w>
  <w>bestånd</w>
  <w>av</w>
  <w>våra</w>
  <w>stora</w>
  <w>rovdjur</w>
  <w>.</w>
  <w>Det</w>
  <w>ska</w>
  <w>också</w>
  <w>vara</w>
  <w>möjligt</w>
  <w>att</w>
  <w>bedriva</w>
  <w>djurhållning</w>
  <w>för</w>
  <w>att</w>
  <w>hålla</w>
  <w>markerna</w>
  <w>öppna</w>
  <w>och</w>
  <w>att</w>
  <w>bedriva</w>
  <w>jakt</w>
  <w>.</w>
  <w>Syftet</w>
  <w>med</w>
  <w>de</w>
  <w>åtgärder</w>
  <w>som</w>
  <w>regeringen</w>
  <w>nu</w>
  <w>genomför</w>
  <w>är</w>
  <w>att</w>
  <w>människor</w>
  <w>och</w>
  <w>varg</w>
  <w>ska</w>
  <w>kunna</w>
  <w>leva</w>
  <w>tillsammans</w>
  <w>.</w>
</absapar>
<absapar id=15>
  <w>SVEN-ERIK</w>
  <w>BUCHT</w>
  <w>(</w>
  <w>S</w>
  <w>)</w>
  <w>.</w>
</absapar>
<absapar id=16>
  <w>landsbygdsminister</w>
  <w>.</w>
</absapar>
<absapar id=17>
  <w>ÅSA</w>
  <w>ROMSON</w>
  <w>(</w>
  <w>MP</w>
  <w>)</w>
  <w>.</w>
</absapar>
<absapar id=18>
  <w>klimat</w>
  <w>-</w>
  <w>och</w>
  <w>miljöminister</w>
  <w>.</w>
</absapar>
<absapar id=19>
  <w>Redaktör</w>
  <w>:</w>
  <w>Carina</w>
  <w>Stensson</w>
  <w>,</w>
  <w>Biträdande</w>
  <w>redaktör</w>
  <w>:</w>
  <w>Björn</w>
  <w>Jorner</w>
  <w>,</w>
  <w>Mejl</w>
  <w>:</w>
  <w>debatt</w>
  <w>@</w>
  <w>svd.se</w>
  <w>,</w>
  <w>Telefonnummer</w>
  <w>:</w>
  <w>08</w>
  <w>-</w>
  <w>135149</w>
  <w>,</w>
  <w>Twitter</w>
  <w>:</w>
  <w>@</w>
  <w>SvDDebatt</w>
  <w>,</w>
  <w>Facebook</w>
  <w>:</w>
  <w>SvD</w>
  <w>Debatt</w>
  <w>.</w>
</absapar>
</absadoc>
