<absadoc annotators=1 senti=>
<absatitle>
  <w>Otrygga</w>
  <w>,</w>
  <w>stressiga</w>
  <w>vikariat</w>
  <w>är</w>
  <w>norm</w>
  <w>–</w>
  <w>inte</w>
  <w>undantag</w>
  <w>.</w>
</absatitle>
<absapar id=1>
  <absaspan id=1>
    <w>Februarimånaden</w>
  </absaspan>
  <absaspan id=2 senti=2>
    <w>brukade</w>
    <w>förr</w>
    <w>vara</w>
    <w>årets</w>
    <w>värsta</w>
  </absaspan>
  <w>för</w>
  <absaspan id=3>
    <w>mig</w>
  </absaspan>
  <w>.</w>
  <w>Det</w>
  <w>var</w>
  <w>då</w>
  <w>som</w>
  <w>jag</w>
  <w>sökte</w>
  <w>semestervikariat</w>
  <w>för</w>
  <w>sommarens</w>
  <w>studieuppehåll</w>
  <w>och</w>
  <w>låg</w>
  <w>vaken</w>
  <w>av</w>
  <w>oro</w>
  <w>över</w>
  <w>att</w>
  <w>inte</w>
  <w>kunna</w>
  <w>betala</w>
  <w>hyran</w>
  <w>.</w>
  <w>Nervositeten</w>
  <w>övergick</w>
  <w>sedan</w>
  <w>i</w>
  <w>rädsla</w>
  <w>över</w>
  <w>att</w>
  <w>mina</w>
  <w>otrygga</w>
  <w>bemanningsanställningar</w>
  <w>och</w>
  <w>behovsvikariat</w>
  <w>inom</w>
  <w>servicebranchen</w>
  <w>skulle</w>
  <w>sägas</w>
  <w>upp</w>
  <w>.</w>
  <w>Vid</w>
  <w>flera</w>
  <w>tillfällen</w>
  <w>skedde</w>
  <w>just</w>
  <w>detta</w>
  <w>,</w>
  <w>löften</w>
  <w>om</w>
  <w>en</w>
  <w>hel</w>
  <w>sommars</w>
  <w>arbete</w>
  <w>förändrades</w>
  <w>plötsligt</w>
  <w>och</w>
  <w>jag</w>
  <w>arbetade</w>
  <w>långt</w>
  <w>över</w>
  <w>bestämda</w>
  <w>arbetstimmar</w>
  <w>av</w>
  <w>rädsla</w>
  <w>för</w>
  <w>att</w>
  <w>inte</w>
  <w>få</w>
  <w>vara</w>
  <w>kvar</w>
  <w>.</w>
  <w>För</w>
  <w>mig</w>
  <w>handlade</w>
  <w>det</w>
  <w>bara</w>
  <w>om</w>
  <w>några</w>
  <w>sommarmånader</w>
  <w>,</w>
  <w>men</w>
  <w>för</w>
  <w>många</w>
  <w>unga</w>
  <w>är</w>
  <w>det</w>
  <w>en</w>
  <w>ständig</w>
  <w>verklighet</w>
  <w>.</w>
</absapar>
<absapar id=2>
  <w>Reaktionerna</w>
  <w>var</w>
  <w>många</w>
  <w>och</w>
  <w>starka</w>
  <w>på</w>
  <w>,</w>
  <w>bland</w>
  <w>annat</w>
  <w>,</w>
  <w>SVT</w>
  <w>:</w>
  <w>s</w>
  <w>hemsida</w>
  <w>i</w>
  <w>söndags</w>
  <w>kväll</w>
  <w>.</w>
  <w>”</w>
  <w>Dokument</w>
  <w>inifrån</w>
  <w>”</w>
  <w>sände</w>
  <w>då</w>
  <w>första</w>
  <w>delen</w>
  <w>i</w>
  <w>en</w>
  <w>granskning</w>
  <w>av</w>
  <w>unga</w>
  <w>människors</w>
  <w>arbetsvillkor</w>
  <w>i</w>
  <w>dagens</w>
  <w>Sverige</w>
  <w>och</w>
  <w>fokuserade</w>
  <w>på</w>
  <w>de</w>
  <w>eventsäljare</w>
  <w>som</w>
  <w>telefonbranchen</w>
  <w>anställer</w>
  <w>.</w>
  <w>Ett</w>
  <w>irriterande</w>
  <w>inslag</w>
  <w>i</w>
  <w>köpcenter</w>
  <w>för</w>
  <w>de</w>
  <w>flesta</w>
  <w>,</w>
  <w>blev</w>
  <w>plötsligt</w>
  <w>kött</w>
  <w>och</w>
  <w>blod</w>
  <w>framför</w>
  <w>kameran</w>
  <w>och</w>
  <w>uppvisade</w>
  <w>en</w>
  <w>obehaglig</w>
  <w>sanning</w>
  <w>om</w>
  <w>försäljningsbranchens</w>
  <w>utnyttjande</w>
  <w>av</w>
  <w>arbetskraft</w>
  <w>.</w>
  <w>Arbetsdagar</w>
  <w>på</w>
  <w>upp</w>
  <w>till</w>
  <w>tio</w>
  <w>timmar</w>
  <w>utan</w>
  <w>rast</w>
  <w>.</w>
  <w>Provanställningar</w>
  <w>som</w>
  <w>snabbt</w>
  <w>avslutas</w>
  <w>om</w>
  <w>någon</w>
  <w>vågar</w>
  <w>protestera</w>
  <w>mot</w>
  <w>dåliga</w>
  <w>villkor</w>
  <w>.</w>
  <absaspan id=4 senti=2>
    <w>Psykisk</w>
    <w>terror</w>
  </absaspan>
  <w>för</w>
  <w>att</w>
  <w>få</w>
  <w>de</w>
  <w>anställda</w>
  <w>att</w>
  <w>sälja</w>
  <w>mer</w>
  <w>och</w>
  <w>foga</w>
  <w>sig</w>
  <w>i</w>
  <w>företagets</w>
  <w>regler</w>
  <w>.</w>
  <w>En</w>
  <absaspan id=5 senti=2>
    <w>nedbrytningsprocess</w>
    <w>av</w>
    <w>osäkerhet</w>
    <w>,</w>
    <w>där</w>
    <w>de</w>
    <w>anställda</w>
    <w>aldrig</w>
    <w>känner</w>
    <w>sig</w>
    <w>tillräckliga</w>
  </absaspan>
  <absaspan id=6>
    <w>.</w>
  </absaspan>
</absapar>
<absapar id=3>
  <w>Exemplet</w>
  <w>från</w>
  <w>The</w>
  <w>Phone</w>
  <w>Houses</w>
  <w>behandling</w>
  <w>av</w>
  <w>sina</w>
  <w>anställda</w>
  <w>väcker</w>
  <w>igenkänning</w>
  <w>hos</w>
  <w>många</w>
  <w>av</w>
  <w>oss</w>
  <w>som</w>
  <w>arbetat</w>
  <w>inom</w>
  <w>försäljning</w>
  <w>och</w>
  <w>service</w>
  <w>med</w>
  <w>provanställningar</w>
  <w>eller</w>
  <w>behovsbaserade</w>
  <w>timvikariat</w>
  <w>.</w>
  <w>Teamledares</w>
  <w>och</w>
  <w>bemanningsrekryterares</w>
  <w>slipade</w>
  <w>och</w>
  <w>välkomnande</w>
  <w>yta</w>
  <w>har</w>
  <w>snabbt</w>
  <w>skalats</w>
  <w>av</w>
  <w>när</w>
  <w>man</w>
  <w>börjat</w>
  <w>arbeta</w>
  <w>.</w>
  <w>De</w>
  <w>osäkra</w>
  <w>anställningarna</w>
  <w>har</w>
  <w>lett</w>
  <w>till</w>
  <w>en</w>
  <w>ständig</w>
  <w>rädsla</w>
  <w>över</w>
  <w>att</w>
  <w>inte</w>
  <w>få</w>
  <w>vara</w>
  <w>kvar</w>
  <w>.</w>
</absapar>
<absapar id=4>
  <w>#</w>
  <w>P</w>
  <w>IMM</w>
  <w>.</w>
  <w>”</w>
  <w>Dokument</w>
  <w>inifrån</w>
  <w>”</w>
  <w>sätter</w>
  <w>fingret</w>
  <w>på</w>
  <w>en</w>
  <w>erfarenhet</w>
  <w>som</w>
  <w>de</w>
  <w>flesta</w>
  <w>unga</w>
  <w>bär</w>
  <w>med</w>
  <w>sig</w>
  <w>i</w>
  <w>arbetslivet</w>
  <w>i</w>
  <w>dag</w>
  <w>.</w>
  <w>En</w>
  <w>verklighet</w>
  <w>vitt</w>
  <w>skild</w>
  <w>från</w>
  <w>den</w>
  <w>svenska</w>
  <w>modellen</w>
  <w>av</w>
  <w>trygga</w>
  <w>anställningar</w>
  <w>,</w>
  <w>lagstadgade</w>
  <w>villkor</w>
  <w>och</w>
  <w>rätt</w>
  <w>att</w>
  <w>påpeka</w>
  <w>missförhållanden</w>
  <w>utan</w>
  <w>rädsla</w>
  <w>över</w>
  <w>att</w>
  <w>förlora</w>
  <w>jobbet</w>
  <w>.</w>
  <w>Många</w>
  <w>har</w>
  <w>istället</w>
  <w>personifierat</w>
  <w>moderaternas</w>
  <w>begrepp</w>
  <w>”</w>
  <w>arbetslinjen</w>
  <w>”</w>
  <w>då</w>
  <w>de</w>
  <w>gett</w>
  <w>upp</w>
  <w>både</w>
  <w>fritid</w>
  <w>och</w>
  <w>integritet</w>
  <w>för</w>
  <w>att</w>
  <w>bli</w>
  <w>ett</w>
  <w>med</w>
  <w>företagets</w>
  <w>säljanda</w>
  <w>.</w>
  <w>När</w>
  <w>alla</w>
  <w>ska</w>
  <w>jobba</w>
  <w>och</w>
  <w>arbetslösa</w>
  <w>stigmatiseras</w>
  <w>allt</w>
  <w>mer</w>
  <w>,</w>
  <w>blir</w>
  <w>konsekvensen</w>
  <w>att</w>
  <w>arbete</w>
  <w>sker</w>
  <w>till</w>
  <w>varje</w>
  <w>pris</w>
  <w>.</w>
</absapar>
<absapar id=5>
  <w>#</w>
  <w>P</w>
  <w>IMM</w>
  <w>.</w>
  <w>”</w>
  <w>Det</w>
  <w>hör</w>
  <w>till</w>
  <w>ungdomen</w>
  <w>att</w>
  <w>ha</w>
  <w>skitjobb</w>
  <w>”</w>
  <w>,</w>
  <w>brukar</w>
  <w>somliga</w>
  <w>påstå</w>
  <w>och</w>
  <w>det</w>
  <w>är</w>
  <w>en</w>
  <w>reaktion</w>
  <w>som</w>
  <w>några</w>
  <w>också</w>
  <w>har</w>
  <w>fört</w>
  <w>fram</w>
  <w>efter</w>
  <w>”</w>
  <w>Dokument</w>
  <w>inifråns</w>
  <w>”</w>
  <w>reportage</w>
  <w>.</w>
  <w>Men</w>
  <w>det</w>
  <w>handlar</w>
  <w>inte</w>
  <w>om</w>
  <w>jobbens</w>
  <w>karaktär</w>
  <w>,</w>
  <w>vad</w>
  <w>som</w>
  <w>anses</w>
  <w>statusmässigt</w>
  <w>och</w>
  <w>inte</w>
  <w>.</w>
  <w>Det</w>
  <w>handlar</w>
  <w>om</w>
  <w>att</w>
  <w>en</w>
  <w>allt</w>
  <w>större</w>
  <w>grupp</w>
  <w>svenskar</w>
  <w>står</w>
  <w>helt</w>
  <w>utanför</w>
  <w>trygghetssystem</w>
  <w>och</w>
  <w>arbetar</w>
  <w>under</w>
  <w>osäkra</w>
  <w>förhållanden</w>
  <w>fjärran</w>
  <w>från</w>
  <w>alla</w>
  <w>arbetsregler</w>
  <w>.</w>
  <w>Människor</w>
  <w>som</w>
  <w>inte</w>
  <w>vågar</w>
  <w>organisera</w>
  <w>sig</w>
  <w>,</w>
  <w>bränner</w>
  <w>ut</w>
  <w>sig</w>
  <w>och</w>
  <w>får</w>
  <w>arbetskador</w>
  <w>av</w>
  <w>sina</w>
  <w>jobb</w>
  <w>utan</w>
  <w>att</w>
  <w>någonsin</w>
  <w>få</w>
  <w>upprättelse</w>
  <w>eller</w>
  <w>ersättning</w>
  <w>.</w>
</absapar>
<absapar id=6>
  <w>I</w>
  <w>debatten</w>
  <w>kring</w>
  <w>arbetsmiljö</w>
  <w>och</w>
  <w>arbetsmarknad</w>
  <w>pratas</w>
  <w>det</w>
  <w>fortfarande</w>
  <w>mest</w>
  <w>om</w>
  <w>den</w>
  <w>svenska</w>
  <w>modellen</w>
  <w>.</w>
  <w>Till</w>
  <w>vänster</w>
  <w>talar</w>
  <w>man</w>
  <w>om</w>
  <w>behovet</w>
  <w>av</w>
  <w>att</w>
  <w>behålla</w>
  <w>den</w>
  <w>,</w>
  <w>medan</w>
  <w>det</w>
  <w>från</w>
  <w>högerhåll</w>
  <w>brukar</w>
  <w>höras</w>
  <w>röster</w>
  <w>som</w>
  <w>påpekar</w>
  <w>behovet</w>
  <w>av</w>
  <w>dess</w>
  <w>modernisering</w>
  <w>.</w>
  <w>Vad</w>
  <w>man</w>
  <w>missar</w>
  <w>är</w>
  <w>att</w>
  <w>den</w>
  <w>svenska</w>
  <w>modellen</w>
  <w>redan</w>
  <w>är</w>
  <w>en</w>
  <w>förfluten</w>
  <w>myt</w>
  <w>för</w>
  <w>oerhört</w>
  <w>många</w>
  <w>av</w>
  <w>dagens</w>
  <w>arbetstagare</w>
  <w>.</w>
  <w>Att</w>
  <w>ta</w>
  <w>ströjobb</w>
  <w>i</w>
  <w>unga</w>
  <w>år</w>
  <w>för</w>
  <w>att</w>
  <w>skaffa</w>
  <w>sig</w>
  <w>erfarenhet</w>
  <w>är</w>
  <w>en</w>
  <w>sak</w>
  <w>.</w>
  <w>Men</w>
  <w>att</w>
  <w>den</w>
  <w>erfarenheten</w>
  <w>för</w>
  <w>många</w>
  <w>är</w>
  <w>att</w>
  <w>bli</w>
  <w>psykisk</w>
  <w>och</w>
  <w>fysiskt</w>
  <w>nedbruten</w>
  <w>och</w>
  <w>leva</w>
  <w>i</w>
  <w>ständig</w>
  <w>rädsla</w>
  <w>är</w>
  <w>någonting</w>
  <w>som</w>
  <w>vi</w>
  <w>måste</w>
  <w>ta</w>
  <w>på</w>
  <w>allvar</w>
  <w>.</w>
</absapar>
</absadoc>
