<absadoc annotators=1 senti=>
<absatitle>
  <w>Kvinnor</w>
  <w>tar</w>
  <w>död</w>
  <w>på</w>
  <w>feminismen</w>
  <w>.</w>
</absatitle>
<absapar id=1>
  <w>Nyheten</w>
  <w>om</w>
  <w>att</w>
  <w>amerikanska</w>
  <w>kvinnor</w>
  <w>för</w>
  <w>första</w>
  <w>gången</w>
  <w>i</w>
  <w>USA</w>
  <w>:</w>
  <w>s</w>
  <w>historia</w>
  <w>är</w>
  <w>i</w>
  <w>majoritet</w>
  <w>i</w>
  <w>arbetskraften</w>
  <w>blev</w>
  <w>ingen</w>
  <w>nyhet</w>
  <w>i</w>
  <w>Sverige</w>
  <w>.</w>
  <w>Vi</w>
  <absaspan id=1 senti=4>
    <w>vill</w>
    <w>så</w>
    <w>gärna</w>
  </absaspan>
  <absaspan id=2>
    <w>behålla</w>
    <w>bilden</w>
    <w>av</w>
    <w>USA</w>
    <w>som</w>
    <w>ett</w>
    <w>insnöat</w>
    <w>kristna-högern-hemmafru-land</w>
    <w>,</w>
    <w>som</w>
    <w>inte</w>
    <w>alls</w>
    <w>är</w>
    <w>lika</w>
    <w>duktiga</w>
    <w>på</w>
    <w>jämställdhet</w>
    <w>som</w>
    <w>vi</w>
  </absaspan>
  <w>.</w>
  <w>Vi</w>
  <absaspan id=3 senti=2>
    <w>vill</w>
    <w>inte</w>
  </absaspan>
  <absaspan id=4>
    <w>veta</w>
    <w>att</w>
    <w>amerikanska</w>
    <w>kvinnor</w>
    <w>i</w>
    <w>dag</w>
    <w>ofta</w>
    <w>är</w>
    <w>familjens</w>
    <w>huvudförsörjare</w>
    <w>och</w>
    <w>äger</w>
    <w>drygt</w>
    <w>50</w>
    <w>procent</w>
    <w>av</w>
    <w>de</w>
    <w>privata</w>
    <w>förmögenheterna</w>
  </absaspan>
  <w>.</w>
  <w>Ett</w>
  <w>land</w>
  <w>som</w>
  <w>saknar</w>
  <w>jämställdhetsminister</w>
  <w>och</w>
  <w>genuspedagoger</w>
  <w>kan</w>
  <w>väl</w>
  <w>inte</w>
  <w>krossa</w>
  <w>könsmaktsordningen</w>
  <w>?</w>
  <w>.</w>
</absapar>
<absapar id=2>
  <w>Kan</w>
  <w>verkligen</w>
  <w>kvinnor</w>
  <w>få</w>
  <w>makt</w>
  <w>på</w>
  <w>egen</w>
  <w>hand</w>
  <w>–</w>
  <w>utan</w>
  <w>jämställdhetspolitik</w>
  <w>?</w>
  <w>.</w>
</absapar>
<absapar id=3>
  <w>Ja</w>
  <w>,</w>
  <w>den</w>
  <w>ekonomiska</w>
  <w>makten</w>
  <w>håller</w>
  <w>långsamt</w>
  <w>på</w>
  <w>att</w>
  <w>byta</w>
  <w>kön</w>
  <w>,</w>
  <w>bekräftar</w>
  <w>professor</w>
  <w>Arne</w>
  <w>Jernelöv</w>
  <w>i</w>
  <w>sin</w>
  <w>aktuella</w>
  <w>bok</w>
  <w>”</w>
  <w>Amazonia</w>
  <w>–</w>
  <w>den</w>
  <w>framtida</w>
  <w>värld</w>
  <w>där</w>
  <w>kvinnorna</w>
  <w>styr</w>
  <w>”</w>
  <w>(</w>
  <w>Institutet</w>
  <w>för</w>
  <w>framtidsstudier</w>
  <w>)</w>
  <w>.</w>
  <w>Amazonerna</w>
  <w>var</w>
  <w>enligt</w>
  <w>den</w>
  <w>grekiska</w>
  <w>mytologin</w>
  <w>kvinnor</w>
  <w>som</w>
  <w>uppträdde</w>
  <w>som</w>
  <w>män</w>
  <w>.</w>
  <w>De</w>
  <w>ägnade</w>
  <w>sig</w>
  <w>åt</w>
  <w>jakt</w>
  <w>och</w>
  <w>krig</w>
  <w>och</w>
  <w>höll</w>
  <w>män</w>
  <w>fångna</w>
  <w>för</w>
  <w>att</w>
  <w>kunna</w>
  <w>bli</w>
  <w>befruktade</w>
  <w>när</w>
  <w>de</w>
  <w>ville</w>
  <w>ha</w>
  <w>barn</w>
  <w>.</w>
  <w>Kanske</w>
  <w>borde</w>
  <w>boken</w>
  <w>ha</w>
  <w>hetat</w>
  <w>Matriarkadia</w>
  <w>i</w>
  <w>stället</w>
  <w>.</w>
  <w>Den</w>
  <w>handlar</w>
  <w>nämligen</w>
  <w>om</w>
  <w>kvinnlighetens</w>
  <w>makt</w>
  <w>,</w>
  <w>en</w>
  <w>tyst</w>
  <w>och</w>
  <w>fredlig</w>
  <w>makt</w>
  <w>som</w>
  <w>sakta</w>
  <w>håller</w>
  <w>på</w>
  <w>att</w>
  <w>ta</w>
  <w>över</w>
  <w>världen</w>
  <w>.</w>
</absapar>
<absapar id=4>
  <w>Jernelöv</w>
  <w>beskriver</w>
  <w>en</w>
  <w>stark</w>
  <w>,</w>
  <w>långvarig</w>
  <w>och</w>
  <w>global</w>
  <w>megatrend</w>
  <w>som</w>
  <w>pekar</w>
  <w>mot</w>
  <absaspan id=5>
    <w>en</w>
    <w>oväntad</w>
    <w>framtid</w>
  </absaspan>
  <w>som</w>
  <absaspan id=6>
    <w>många</w>
  </absaspan>
  <absaspan id=7 senti=2>
    <w>inte</w>
    <w>vill</w>
    <w>se</w>
  </absaspan>
  <w>.</w>
  <w>Den</w>
  <absaspan id=8 senti=4>
    <w>riskerar</w>
  </absaspan>
  <w>nämligen</w>
  <absaspan id=9 senti=2>
    <w>att</w>
  </absaspan>
  <absaspan id=10 senti=2>
    <w>försvaga</w>
  </absaspan>
  <absaspan id=11 senti=2>
    <w>den</w>
    <w>politiska</w>
    <w>viljan</w>
    <w>att</w>
    <w>genom</w>
    <w>lagstiftning</w>
    <w>och</w>
    <w>upplysning</w>
    <w>verka</w>
    <w>för</w>
    <w>det</w>
    <w>som</w>
    <w>ännu</w>
    <w>kallas</w>
    <w>jämställdhet</w>
  </absaspan>
  <w>.</w>
</absapar>
<absapar id=5>
  <w>I</w>
  <w>klartext</w>
  <w>betyder</w>
  <w>det</w>
  <w>att</w>
  <absaspan id=12>
    <w>alla</w>
    <w>som</w>
    <w>jobbar</w>
    <w>med</w>
    <w>jämställdhet</w>
  </absaspan>
  <absaspan id=13 senti=4>
    <w>vill</w>
  </absaspan>
  <absaspan id=14>
    <w>att</w>
    <w>vi</w>
    <w>ska</w>
    <w>tro</w>
    <w>att</w>
    <w>kvinnor</w>
    <w>saknar</w>
    <w>makt</w>
    <w>och</w>
    <w>kommer</w>
    <w>att</w>
    <w>sakna</w>
    <w>makt</w>
    <w>under</w>
    <w>lång</w>
    <w>tid</w>
  </absaspan>
  <w>.</w>
  <w>Annars</w>
  <w>behövs</w>
  <w>ju</w>
  <w>inte</w>
  <w>genus</w>
  <w>-</w>
  <w>och</w>
  <w>jämställdhetsbranschen</w>
  <w>.</w>
  <w>Därför</w>
  <w>sprider</w>
  <w>den</w>
  <w>myter</w>
  <w>om</w>
  <w>kvinnors</w>
  <w>maktlöshet</w>
  <w>.</w>
</absapar>
<absapar id=6>
  <absaspan id=15>
    <w>Påståendet</w>
    <w>att</w>
    <w>bara</w>
    <w>en</w>
    <w>procent</w>
    <w>av</w>
    <w>den</w>
    <w>globala</w>
    <w>förmögenheten</w>
    <w>ägs</w>
    <w>av</w>
    <w>kvinnor</w>
  </absaspan>
  <absaspan id=16 senti=1>
    <w>är</w>
    <w>en</w>
    <w>sådan</w>
    <w>mycket</w>
    <w>livskraftig</w>
    <w>myt</w>
  </absaspan>
  <w>,</w>
  <w>som</w>
  <w>SIDA</w>
  <w>gärna</w>
  <w>upprepar</w>
  <w>i</w>
  <w>sina</w>
  <w>kampanjer</w>
  <w>.</w>
  <w>Allt</w>
  <w>för</w>
  <w>att</w>
  <w>kvinnor</w>
  <w>ska</w>
  <w>framstå</w>
  <w>som</w>
  <w>fattiga</w>
  <w>och</w>
  <w>maktlösa</w>
  <w>.</w>
</absapar>
<absapar id=7>
  <w>I</w>
  <w>USA</w>
  <w>och</w>
  <w>EU</w>
  <w>äger</w>
  <w>kvinnor</w>
  <w>cirka</w>
  <w>40</w>
  <w>–</w>
  <w>50</w>
  <w>procent</w>
  <w>av</w>
  <w>förmögenheterna</w>
  <w>.</w>
  <w>Runt</w>
  <w>en</w>
  <w>tredjedel</w>
  <w>av</w>
  <w>de</w>
  <w>nya</w>
  <w>privata</w>
  <w>rikedomarna</w>
  <w>i</w>
  <w>Kina</w>
  <w>tillhör</w>
  <w>kvinnor</w>
  <w>uppskattar</w>
  <w>utländska</w>
  <w>banker</w>
  <w>.</w>
  <w>Den</w>
  <w>globala</w>
  <w>kvinnliga</w>
  <w>andelen</w>
  <w>av</w>
  <w>förmögenheter</w>
  <w>kan</w>
  <w>mätas</w>
  <w>i</w>
  <w>tiotals</w>
  <w>procent</w>
  <w>och</w>
  <w>inte</w>
  <w>i</w>
  <w>ental</w>
  <w>.</w>
  <w>I</w>
  <w>själva</w>
  <w>verket</w>
  <w>är</w>
  <w>det</w>
  <w>så</w>
  <w>att</w>
  <w>kvinnors</w>
  <w>förmögenheter</w>
  <w>ökar</w>
  <w>,</w>
  <w>och</w>
  <w>ökar</w>
  <w>snabbt</w>
  <w>.</w>
</absapar>
<absapar id=8>
  <w>I</w>
  <w>Storbritannien</w>
  <w>har</w>
  <w>man</w>
  <w>undersökt</w>
  <w>hur</w>
  <w>dagens</w>
  <w>48</w>
  <w>-</w>
  <w>procentiga</w>
  <w>kvinnliga</w>
  <w>andel</w>
  <w>av</w>
  <w>förmögenheterna</w>
  <w>kommer</w>
  <w>att</w>
  <w>utvecklas</w>
  <w>.</w>
  <w>Huvuddelen</w>
  <w>av</w>
  <w>kvinnors</w>
  <w>förmögenhet</w>
  <w>uppstår</w>
  <w>genom</w>
  <w>arv</w>
  <w>,</w>
  <w>eftersom</w>
  <w>kvinnor</w>
  <w>ofta</w>
  <w>gifter</w>
  <w>sig</w>
  <w>med</w>
  <w>äldre</w>
  <w>män</w>
  <w>och</w>
  <w>lever</w>
  <w>längre</w>
  <w>.</w>
  <w>Men</w>
  <w>ökningen</w>
  <w>av</w>
  <w>antalet</w>
  <w>kvinnliga</w>
  <w>entrepenörer</w>
  <w>,</w>
  <w>antalet</w>
  <w>kvinnliga</w>
  <w>akademiker</w>
  <w>och</w>
  <w>antalet</w>
  <w>kvinnor</w>
  <w>i</w>
  <w>arbetskraften</w>
  <w>förväntas</w>
  <w>leda</w>
  <w>till</w>
  <w>att</w>
  <w>även</w>
  <w>de</w>
  <w>arbetsrelaterade</w>
  <w>förmögenheterna</w>
  <w>kommer</w>
  <w>att</w>
  <w>öka</w>
  <w>starkt</w>
  <w>.</w>
  <w>Tillsammans</w>
  <w>med</w>
  <w>högre</w>
  <w>sparbenägenhet</w>
  <w>och</w>
  <w>försiktigare</w>
  <w>investeringar</w>
  <w>tros</w>
  <w>detta</w>
  <w>leda</w>
  <w>till</w>
  <w>att</w>
  <w>kvinnorna</w>
  <w>i</w>
  <w>Storbritannien</w>
  <w>kontrollerar</w>
  <w>60</w>
  <w>procent</w>
  <w>av</w>
  <w>det</w>
  <w>privatägda</w>
  <w>kapitalet</w>
  <w>så</w>
  <w>snart</w>
  <w>som</w>
  <w>2025</w>
  <w>.</w>
</absapar>
<absapar id=9>
  <w>Ökningstakten</w>
  <w>i</w>
  <w>kvinnors</w>
  <w>förmögenhetstillväxt</w>
  <w>är</w>
  <w>minst</w>
  <w>dubbelt</w>
  <w>så</w>
  <w>snabb</w>
  <w>som</w>
  <w>mäns</w>
  <w>,</w>
  <w>slår</w>
  <w>Jernelöv</w>
  <w>fast</w>
  <w>.</w>
</absapar>
<absapar id=10>
  <w>Om</w>
  <w>trenden</w>
  <w>fortsätter</w>
  <w>kommer</w>
  <w>kvinnor</w>
  <w>att</w>
  <w>äga</w>
  <w>hälften</w>
  <w>av</w>
  <w>det</w>
  <w>globala</w>
  <w>kapitalet</w>
  <w>inom</w>
  <w>25</w>
  <w>år</w>
  <w>.</w>
</absapar>
<absapar id=11>
  <w>Men</w>
  <w>den</w>
  <w>politiska</w>
  <w>makten</w>
  <w>har</w>
  <w>ju</w>
  <w>männen</w>
  <w>,</w>
  <w>invänder</w>
  <w>feministen</w>
  <w>.</w>
  <w>Visst</w>
  <w>är</w>
  <w>det</w>
  <w>så</w>
  <w>,</w>
  <w>men</w>
  <w>kvinnors</w>
  <w>andel</w>
  <w>i</w>
  <w>parlamenten</w>
  <w>ökar</w>
  <w>sakta</w>
  <w>men</w>
  <w>säkert</w>
  <w>över</w>
  <w>hela</w>
  <w>världen</w>
  <w>.</w>
  <w>Men</w>
  <w>det</w>
  <w>inte</w>
  <w>som</w>
  <w>politiker</w>
  <w>kvinnor</w>
  <w>vinner</w>
  <w>politisk</w>
  <w>makt</w>
  <w>,</w>
  <w>utan</w>
  <w>som</w>
  <w>väljare</w>
  <w>.</w>
  <w>Kvinnor</w>
  <w>lever</w>
  <w>längre</w>
  <w>och</w>
  <w>har</w>
  <w>oftast</w>
  <w>högre</w>
  <w>valdeltagande</w>
  <w>än</w>
  <w>män</w>
  <w>.</w>
  <w>Den</w>
  <w>tysta</w>
  <w>majoriteten</w>
  <w>bland</w>
  <w>världens</w>
  <w>alla</w>
  <w>väljare</w>
  <w>utgörs</w>
  <w>av</w>
  <w>kvinnor</w>
  <w>.</w>
  <w>Och</w>
  <w>de</w>
  <w>röstar</w>
  <w>inte</w>
  <w>alltid</w>
  <w>på</w>
  <w>kvinnor</w>
  <w>eftersom</w>
  <w>de</w>
  <w>vet</w>
  <w>att</w>
  <w>även</w>
  <w>manliga</w>
  <w>politiker</w>
  <w>måste</w>
  <w>lyssna</w>
  <w>på</w>
  <w>dem</w>
  <w>.</w>
  <absaspan id=17>
    <w>Feministiska</w>
    <w>partier</w>
  </absaspan>
  <absaspan id=18 senti=2>
    <w>behövs</w>
    <w>inte</w>
  </absaspan>
  <w>.</w>
  <absaspan id=19>
    <w>Feministiskt</w>
    <w>Initiativ</w>
    <w>(</w>
    <w>FI</w>
    <w>)</w>
  </absaspan>
  <absaspan id=20 senti=2>
    <w>blev</w>
  </absaspan>
  <w>också</w>
  <absaspan id=21 senti=2>
    <w>en</w>
  </absaspan>
  <absaspan id=22 senti=2>
    <w>flopp</w>
    <w>,</w>
    <w>trots</w>
    <w>stort</w>
    <w>mediestöd</w>
  </absaspan>
  <w>.</w>
</absapar>
<absapar id=12>
  <w>Demokratiska</w>
  <w>system</w>
  <w>kommer</w>
  <w>att</w>
  <w>skydda</w>
  <w>och</w>
  <w>successivt</w>
  <w>utöka</w>
  <w>kvinnors</w>
  <w>rättigheter</w>
  <w>,</w>
  <w>eftersom</w>
  <w>det</w>
  <w>är</w>
  <w>det</w>
  <w>enda</w>
  <w>sättet</w>
  <w>för</w>
  <w>politiker</w>
  <w>att</w>
  <w>komma</w>
  <w>till</w>
  <w>makten</w>
  <w>och</w>
  <w>behålla</w>
  <w>den</w>
  <w>,</w>
  <w>sammanfattar</w>
  <w>Jernelöv</w>
  <w>och</w>
  <w>kallar</w>
  <w>det</w>
  <w>upplyst</w>
  <w>egenintresse</w>
  <w>.</w>
</absapar>
<absapar id=13>
  <w>Kvinnorna</w>
  <w>är</w>
  <w>i</w>
  <w>majoritet</w>
  <w>bland</w>
  <w>studenterna</w>
  <w>vid</w>
  <w>svenska</w>
  <w>högskolor</w>
  <w>.</w>
  <absaspan id=23>
    <w>Försök</w>
  </absaspan>
  <absaspan id=24>
    <w>har</w>
    <w>gjorts</w>
    <w>att</w>
    <w>kvotera</w>
    <w>in</w>
    <w>fler</w>
    <w>män</w>
  </absaspan>
  <w>.</w>
  <absaspan id=25>
    <w>Det</w>
  </absaspan>
  <absaspan id=26 senti=2>
    <w>gillar</w>
    <w>inte</w>
  </absaspan>
  <absaspan id=27>
    <w>den</w>
    <w>tysta</w>
    <w>kvinnomajoriteten</w>
  </absaspan>
  <w>.</w>
  <w>Därför</w>
  <w>tvingades</w>
  <w>utbildningsministern</w>
  <w>säga</w>
  <w>att</w>
  <w>regeringen</w>
  <w>avskaffar</w>
  <w>positiv</w>
  <w>särbehandling</w>
  <w>på</w>
  <w>högskolor</w>
  <w>och</w>
  <w>universitet</w>
  <w>för</w>
  <w>att</w>
  <w>inte</w>
  <w>utestänga</w>
  <w>duktiga</w>
  <w>flickor</w>
  <w>från</w>
  <w>kvalificerad</w>
  <w>utbildning</w>
  <w>på</w>
  <w>grund</w>
  <w>av</w>
  <w>kön</w>
  <w>.</w>
</absapar>
<absapar id=14>
  <absaspan id=28>
    <w>Jernelöv</w>
  </absaspan>
  <w>är</w>
  <w>professor</w>
  <w>i</w>
  <w>miljöbiokemi</w>
  <w>och</w>
  <w>är</w>
  <w>därför</w>
  <w>inte</w>
  <w>främmande</w>
  <w>för</w>
  <w>att</w>
  <w>det</w>
  <w>finns</w>
  <w>biologiska</w>
  <w>könsskillnader</w>
  <w>som</w>
  <w>har</w>
  <w>en</w>
  <w>evolutionär</w>
  <w>förklaring</w>
  <w>.</w>
  <absaspan id=29>
    <w>Han</w>
  </absaspan>
  <absaspan id=30 senti=2>
    <w>vågar</w>
    <w>utmana</w>
  </absaspan>
  <absaspan id=31>
    <w>genus-tänket</w>
  </absaspan>
  <w>och</w>
  <w>se</w>
  <w>att</w>
  <absaspan id=32>
    <w>det</w>
    <w>unikt</w>
    <w>kvinnliga</w>
  </absaspan>
  <absaspan id=33 senti=4>
    <w>är</w>
    <w>orsaken</w>
    <w>till</w>
    <w>kvinnors</w>
    <w>ökande</w>
    <w>makt</w>
  </absaspan>
  <w>.</w>
  <w>Vi</w>
  <w>behöver</w>
  <w>inte</w>
  <w>bli</w>
  <w>män</w>
  <w>,</w>
  <w>som</w>
  <w>amazonerna</w>
  <w>.</w>
  <w>Betydelsen</w>
  <w>av</w>
  <w>fysisk</w>
  <w>styrka</w>
  <w>och</w>
  <w>acceptansen</w>
  <w>av</w>
  <w>våld</w>
  <w>,</w>
  <w>det</w>
  <w>typiskt</w>
  <w>manliga</w>
  <w>,</w>
  <w>har</w>
  <w>minskat</w>
  <w>.</w>
  <w>I</w>
  <w>dagens</w>
  <w>tjänstesamhälle</w>
  <w>uppvärderas</w>
  <w>den</w>
  <w>kvinnliga</w>
  <w>/</w>
  <w>moderliga</w>
  <w>omsorgen</w>
  <w>om</w>
  <w>människor</w>
  <w>och</w>
  <w>miljö</w>
  <w>.</w>
</absapar>
<absapar id=15>
  <w>Eftersom</w>
  <w>det</w>
  <w>bara</w>
  <w>är</w>
  <w>kvinnor</w>
  <w>som</w>
  <w>kan</w>
  <w>föda</w>
  <w>barn</w>
  <w>,</w>
  <w>kan</w>
  <w>kvinnor</w>
  <w>med</w>
  <w>hjälp</w>
  <w>av</w>
  <w>preventivmedel</w>
  <w>kontrollera</w>
  <w>den</w>
  <w>samhällsviktiga</w>
  <w>reproduktionen</w>
  <w>.</w>
  <w>Det</w>
  <w>är</w>
  <w>bara</w>
  <w>om</w>
  <w>någon</w>
  <w>fundamentalistisk</w>
  <w>p-pillerförbjudande</w>
  <w>grupp</w>
  <w>får</w>
  <w>makten</w>
  <w>som</w>
  <w>det</w>
  <w>globala</w>
  <w>kvinnoväldet</w>
  <w>inte</w>
  <w>kommer</w>
  <w>om</w>
  <w>cirka</w>
  <w>30</w>
  <w>år</w>
  <w>.</w>
</absapar>
<absapar id=16>
  <w>Men</w>
  <w>har</w>
  <w>talibanerna</w>
  <w>och</w>
  <w>al-Qaida</w>
  <w>någon</w>
  <w>chans</w>
  <w>mot</w>
  <w>matriarkatet</w>
  <w>?</w>
  <w>.</w>
</absapar>
<absapar id=17>
  <w>FAKTA</w>
  <w>.</w>
</absapar>
<absapar id=18>
  <w>Elise</w>
  <w>Claeson</w>
  <w>.</w>
</absapar>
</absadoc>
