<absadoc annotators=1 senti=>
<absatitle>
  <absaspan id=1 senti=2 partof=3>
    <w>Är</w>
  </absaspan>
  <absaspan id=2>
    <w>Politik</w>
    <w>inrikes</w>
  </absaspan>
  <absaspan id=3 senti=2 target=2 target=6>
    <w>lika</w>
  </absaspan>
  <absaspan id=4 senti=2 target=6 target=2>
    <w>nedgånget</w>
  </absaspan>
  <absaspan id=5 senti=2 target=6>
    <w>som</w>
  </absaspan>
  <absaspan id=6>
    <w>Integration</w>
    <w>och</w>
    <w>invandring</w>
  </absaspan>
  <w>?</w>
</absatitle>
<absapar id=1>
  <w>Jag</w>
  <w>såg</w>
  <w>att</w>
  <w>I</w>
  <w>&</w>
  <w>I</w>
  <w>var</w>
  <w>tillfälligt</w>
  <w>stängd</w>
  <w>för</w>
  <w>en</w>
  <w>upprensning</w>
  <w>.</w>
  <w>I</w>
  <w>annonseringstråden</w>
  <w>så</w>
  <w>kom</w>
  <w>jag</w>
  <w>att</w>
  <w>se</w>
  <w>ett</w>
  <w>inlägg</w>
  <w>signerat</w>
  <w>Enverhoxa</w>
  <w>som</w>
  <w>väckte</w>
  <w>mina</w>
  <w>små</w>
  <w>grå</w>
  <w>till</w>
  <w>liv</w>
  <w>.</w>
  <w>Nämligen</w>
  <w>nedanstående</w>
  <w>citat</w>
  <w>.</w>
</absapar>
<absapar id=2>
  <w>Nu</w>
  <w>tillhör</w>
  <w>jag</w>
  <w>visserligen</w>
  <w>själv</w>
  <w>"</w>
  <w>flashbackhögern</w>
  <w>"</w>
  <w>så</w>
  <w>det</w>
  <w>kan</w>
  <w>eventuellt</w>
  <w>vara</w>
  <w>en</w>
  <w>lokal</w>
  <w>blindhet</w>
  <w>som</w>
  <w>gör</w>
  <w>att</w>
  <w>jag</w>
  <w>inte</w>
  <w>ser</w>
  <w>problemen</w>
  <w>.</w>
  <w>Men</w>
  <w>i</w>
  <w>mitt</w>
  <w>tycke</w>
  <w>så</w>
  <w>liknar</w>
  <w>Politik</w>
  <w>inrikes</w>
  <w>inte</w>
  <w>Integration</w>
  <w>och</w>
  <w>invandring</w>
  <w>.</w>
  <w>Å</w>
  <w>andra</w>
  <w>sidan</w>
  <w>så</w>
  <w>har</w>
  <absaspan id=7>
    <w>jag</w>
    <w>själv</w>
  </absaspan>
  <w>länge</w>
  <w>ansett</w>
  <w>att</w>
  <absaspan id=8>
    <w>I</w>
    <w>&</w>
    <w>I</w>
  </absaspan>
  <absaspan id=9 senti=2>
    <w>varit</w>
    <w>så</w>
    <w>ingrott</w>
    <w>så</w>
    <w>att</w>
    <w>jag</w>
    <w>inte</w>
    <w>haft</w>
    <w>någon</w>
    <w>större</w>
    <w>lust</w>
    <w>att</w>
    <w>debattera</w>
    <w>där</w>
  </absaspan>
  <w>.</w>
  <w>Eventuellt</w>
  <w>det</w>
  <w>är</w>
  <w>en</w>
  <w>åsikt</w>
  <w>jag</w>
  <w>delar</w>
  <w>med</w>
  <w>andra</w>
  <w>forumiter</w>
  <w>för</w>
  <w>det</w>
  <w>verkar</w>
  <w>mest</w>
  <w>vara</w>
  <w>samma</w>
  <w>gamla</w>
  <w>gäng</w>
  <w>i</w>
  <w>I</w>
  <w>&</w>
  <w>I</w>
  <w>som</w>
  <w>debatterar</w>
  <w>.</w>
</absapar>
<absapar id=3>
  <w>Så</w>
  <w>frågan</w>
  <w>är</w>
  <w>nu</w>
  <w>om</w>
  <w>socialisterna</w>
  <w>på</w>
  <w>forumet</w>
  <w>känner</w>
  <w>exakt</w>
  <w>samma</w>
  <w>sak</w>
  <w>inför</w>
  <w>Politik</w>
  <w>Inrikes</w>
  <w>som</w>
  <w>jag</w>
  <w>känner</w>
  <w>för</w>
  <w>I</w>
  <w>&</w>
  <w>I</w>
  <w>och</w>
  <w>att</w>
  <w>det</w>
  <w>är</w>
  <w>därför</w>
  <w>man</w>
  <w>sällan</w>
  <w>kan</w>
  <w>höra</w>
  <w>deras</w>
  <w>röster</w>
  <w>där</w>
  <w>?</w>
  <w>Är</w>
  <w>det</w>
  <w>någon</w>
  <w>som</w>
  <w>har</w>
  <w>en</w>
  <w>spontan</w>
  <w>kommentar</w>
  <w>på</w>
  <w>mina</w>
  <w>funderingar</w>
  <w>?</w>
  <w>.</w>
</absapar>
</absadoc>
