<absadoc annotators=1 senti=2>
<absatitle>
  <w>Misslyckad</w>
  <w>integration</w>
  <w>i</w>
  <w>Danmark</w>
  <w>.</w>
</absatitle>
<absapar id=1 senti=2>
  <w>I</w>
  <w>den</w>
  <w>danska</w>
  <w>kommunen</w>
  <w>Tåstrup</w>
  <w>måste</w>
  <w>man</w>
  <w>anlita</w>
  <w>vakter</w>
  <w>för</w>
  <w>att</w>
  <w>hålla</w>
  <w>invandrargäng</w>
  <w>under</w>
  <w>kontroll</w>
  <w>.</w>
  <w>Detta</w>
  <w>eftersom</w>
  <absaspan id=1>
    <w>integrationen</w>
    <w>av</w>
    <w>invandrarna</w>
  </absaspan>
  <absaspan id=2 senti=2>
    <w>misslyckats</w>
  </absaspan>
  <w>.</w>
</absapar>
<absapar id=2 senti=2>
  <w>Köpenhamnskommunen</w>
  <w>Tåstrup</w>
  <w>tänker</w>
  <w>anlita</w>
  <w>egna</w>
  <w>säkerhetsvakter</w>
  <w>enkom</w>
  <w>för</w>
  <w>att</w>
  <w>hålla</w>
  <w>ungdomsgäng</w>
  <w>med</w>
  <w>invandrare</w>
  <w>under</w>
  <w>kontroll</w>
  <w>.</w>
  <w>Polisen</w>
  <w>har</w>
  <w>misslyckats</w>
  <w>med</w>
  <w>att</w>
  <w>kontrollera</w>
  <w>gängen</w>
  <w>och</w>
  <w>nu</w>
  <absaspan id=3 senti=2>
    <w>har</w>
  </absaspan>
  <absaspan id=4>
    <w>andra</w>
    <w>och</w>
    <w>tredje</w>
    <w>generationens</w>
    <w>invandrarungdomar</w>
  </absaspan>
  <absaspan id=5 senti=2>
    <w>blivit</w>
  </absaspan>
  <absaspan id=6 senti=2>
    <w>ett</w>
    <w>allvarligt</w>
    <w>problem</w>
  </absaspan>
  <w>i</w>
  <w>många</w>
  <w>invandrartäta</w>
  <w>kommuner</w>
  <w>.</w>
</absapar>
<absapar id=3 senti=3>
  <w>Bakgrunden</w>
  <w>belyses</w>
  <w>i</w>
  <w>den</w>
  <w>mest</w>
  <w>omfattande</w>
  <w>undersökningen</w>
  <w>om</w>
  <w>integrationen</w>
  <w>i</w>
  <w>Danmark</w>
  <w>hittills</w>
  <w>.</w>
</absapar>
<absapar id=4 senti=2>
  <w>Invandrargängen</w>
  <w>rånar</w>
  <w>,</w>
  <w>försöker</w>
  <w>våldta</w>
  <w>och</w>
  <w>vållar</w>
  <w>upplopp</w>
  <w>i</w>
  <w>Tåstrup</w>
  <w>och</w>
  <w>andra</w>
  <w>invandrartäta</w>
  <w>kommuner</w>
  <w>.</w>
  <w>Tåstrups</w>
  <w>kommunanställda</w>
  <w>uppmanas</w>
  <w>lägga</w>
  <w>av</w>
  <w>med</w>
  <w>toleransen</w>
  <w>mot</w>
  <w>invandrarungdomar</w>
  <w>och</w>
  <w>deras</w>
  <w>föräldrar</w>
  <w>.</w>
  <absaspan id=7>
    <w>Den</w>
    <w>kommunala</w>
    <w>säkerhetsstyrkan</w>
  </absaspan>
  <absaspan id=8 senti=2>
    <w>får</w>
    <w>kritik</w>
    <w>från</w>
  </absaspan>
  <absaspan id=9>
    <w>danska</w>
    <w>regeringen</w>
  </absaspan>
  <w>och</w>
  <w>polisen</w>
  <w>lovar</w>
  <w>försöka</w>
  <w>utreda</w>
  <w>de</w>
  <w>brott</w>
  <w>gängen</w>
  <w>begår</w>
  <w>.</w>
  <w>Men</w>
  <w>den</w>
  <w>drastiska</w>
  <w>åtgärden</w>
  <w>belyser</w>
  <w>problemens</w>
  <w>omfattning</w>
  <w>.</w>
</absapar>
<absapar id=5 senti=3>
  <w>Undersökningen</w>
  <w>om</w>
  <w>invandrarna</w>
  <w>har</w>
  <w>utförts</w>
  <w>av</w>
  <w>åtta</w>
  <w>forskare</w>
  <w>finansierade</w>
  <w>av</w>
  <w>Rockwellfonden</w>
  <w>.</w>
  <w>Forskarna</w>
  <w>har</w>
  <w>genomfört</w>
  <w>tusentals</w>
  <w>intervjuer</w>
  <w>och</w>
  <w>undersökningen</w>
  <w>kommer</w>
  <w>att</w>
  <w>utgöra</w>
  <w>grundvalen</w>
  <w>för</w>
  <w>den</w>
  <w>framtida</w>
  <w>danska</w>
  <w>integrationsdebatten</w>
  <w>.</w>
  <w>Undersökningen</w>
  <w>redovisades</w>
  <w>utförligt</w>
  <w>i</w>
  <w>Jyllands</w>
  <w>Posten</w>
  <w>på</w>
  <w>onsdagen</w>
  <w>.</w>
</absapar>
<absapar id=6>
  <w>Källa</w>
  <w>:</w>
  <w>.</w>
</absapar>
<absapar id=7>
  <w>TV4</w>
  <w>-</w>
  <w>nyheterna</w>
  <w>(</w>
  <w>www.tv4</w>
  <w>.</w>
  <w>se</w>
  <w>)</w>
  <w>.</w>
</absapar>
</absadoc>
