<absadoc annotators=1 senti=>
<absatitle>
  <absaspan id=1>
    <w>Partierna</w>
  </absaspan>
  <absaspan id=2 senti=2 target=1>
    <w>lika</w>
    <w>trista</w>
    <w>som</w>
  </absaspan>
  <absaspan id=3>
    <w>stapelkonserver</w>
  </absaspan>
  <w>.</w>
</absatitle>
<absapar id=1>
  <w>Dagens</w>
  <w>etablerade</w>
  <w>politiska</w>
  <w>partier</w>
  <w>har</w>
  <w>kommit</w>
  <w>att</w>
  <w>röra</w>
  <w>sig</w>
  <w>alltmer</w>
  <w>mot</w>
  <w>en</w>
  <w>anonym</w>
  <w>mittfåra</w>
  <w>.</w>
  <w>Det</w>
  <w>är</w>
  <w>små</w>
  <w>skillnader</w>
  <w>mellan</w>
  <w>partierna</w>
  <w>och</w>
  <w>i</w>
  <w>partiprogrammen</w>
  <w>används</w>
  <w>i</w>
  <w>mångt</w>
  <w>och</w>
  <w>mycket</w>
  <w>samma</w>
  <w>uttryck</w>
  <w>.</w>
  <absaspan id=4>
    <w>Vänstern</w>
  </absaspan>
  <absaspan id=5 senti=2>
    <w>vill</w>
    <w>inte</w>
    <w>längre</w>
    <w>se</w>
    <w>sig</w>
    <w>som</w>
  </absaspan>
  <absaspan id=6>
    <w>kommunister</w>
  </absaspan>
  <w>och</w>
  <w>Moderaterna</w>
  <w>har</w>
  <w>kommit</w>
  <w>att</w>
  <w>kalla</w>
  <w>sig</w>
  <w>för</w>
  <w>det</w>
  <w>nya</w>
  <w>arbetarpartiet</w>
  <w>.</w>
  <w>Genom</w>
  <w>att</w>
  <w>använda</w>
  <w>det</w>
  <w>socialdemokratiska</w>
  <w>partiets</w>
  <w>benämning</w>
  <w>–</w>
  <w>arbetarparti</w>
  <w>–</w>
  <w>med</w>
  <w>en</w>
  <w>ny</w>
  <w>innebörd</w>
  <w>kom</w>
  <w>Moderaterna</w>
  <w>att</w>
  <w>skapa</w>
  <w>något</w>
  <w>som</w>
  <w>särskiljde</w>
  <w>sig</w>
  <w>och</w>
  <w>väckte</w>
  <w>intresse</w>
  <w>hos</w>
  <w>människor</w>
  <w>.</w>
  <w>Och</w>
  <absaspan id=7>
    <w>det</w>
    <w>gick</w>
  </absaspan>
  <absaspan id=8 senti=2>
    <w>uppenbarligen</w>
  </absaspan>
  <absaspan id=9>
    <w>bra</w>
    <w>för</w>
    <w>de</w>
    <w>nya</w>
    <w>Moderaterna</w>
    <w>i</w>
    <w>det</w>
    <w>förra</w>
    <w>valet</w>
  </absaspan>
  <w>.</w>
</absapar>
<absapar id=2>
  <w>Men</w>
  <w>,</w>
  <w>den</w>
  <w>omvända</w>
  <w>logiken</w>
  <w>fungerar</w>
  <w>bara</w>
  <w>så</w>
  <w>länge</w>
  <w>som</w>
  <w>du</w>
  <w>kan</w>
  <w>leva</w>
  <w>upp</w>
  <w>till</w>
  <w>den</w>
  <w>bild</w>
  <w>du</w>
  <w>försöker</w>
  <w>skapa</w>
  <w>.</w>
  <w>När</w>
  <w>det</w>
  <w>inte</w>
  <w>känns</w>
  <w>som</w>
  <w>något</w>
  <w>nytt</w>
  <w>förflyttas</w>
  <w>partiet</w>
  <w>åter</w>
  <w>till</w>
  <w>den</w>
  <w>anonyma</w>
  <w>mittfåran</w>
  <w>i</w>
  <w>politiken</w>
  <w>,</w>
  <w>för</w>
  <w>nya</w>
  <w>Moderaterna</w>
  <w>ännu</w>
  <w>mer</w>
  <w>så</w>
  <w>då</w>
  <w>de</w>
  <w>gjort</w>
  <w>motståndarnas</w>
  <absaspan id=10 senti=4>
    <w>hjärtefråga</w>
  </absaspan>
  <w>till</w>
  <w>sitt</w>
  <w>eget</w>
  <w>varumärke</w>
  <w>.</w>
</absapar>
<absapar id=3>
  <w>För</w>
  <absaspan id=11>
    <w>de</w>
    <w>politiska</w>
    <w>partierna</w>
  </absaspan>
  <absaspan id=12 senti=2>
    <w>kan</w>
    <w>liknas</w>
  </absaspan>
  <w>alltmer</w>
  <absaspan id=13 senti=2>
    <w>vid</w>
  </absaspan>
  <absaspan id=14>
    <w>lågengagemangsprodukter</w>
  </absaspan>
  <w>såsom</w>
  <w>dagligvaror</w>
  <w>med</w>
  <absaspan id=15 senti=2>
    <w>liten</w>
    <w>eller</w>
    <w>bristande</w>
  </absaspan>
  <absaspan id=16>
    <w>utstrålning</w>
  </absaspan>
  <w>.</w>
  <w>De</w>
  <w>som</w>
  <w>vi</w>
  <w>köper</w>
  <w>vecka</w>
  <w>efter</w>
  <w>vecka</w>
  <w>då</w>
  <w>vi</w>
  <w>likt</w>
  <w>zombier</w>
  <w>vandrar</w>
  <w>runt</w>
  <w>i</w>
  <w>matbutikerna</w>
  <w>och</w>
  <w>plockar</w>
  <w>varorna</w>
  <w>från</w>
  <w>hyllan</w>
  <w>utan</w>
  <w>närmare</w>
  <w>eftertanke</w>
  <w>.</w>
  <w>Varorna</w>
  <w>har</w>
  <w>små</w>
  <w>skillnader</w>
  <w>och</w>
  <w>det</w>
  <absaspan id=17 senti=3>
    <w>spelar</w>
    <w>inte</w>
    <w>så</w>
    <w>stor</w>
    <w>roll</w>
  </absaspan>
  <absaspan id=18>
    <w>vilka</w>
    <w>vi</w>
    <w>köper</w>
  </absaspan>
  <w>–</w>
  <w>varumärkena</w>
  <w>är</w>
  <w>rätt</w>
  <w>likvärdiga</w>
  <w>varandra</w>
  <w>.</w>
  <w>Varumärken</w>
  <w>existerar</w>
  <w>bara</w>
  <w>i</w>
  <w>människors</w>
  <w>sinnevärld</w>
  <w>och</w>
  <w>det</w>
  <w>gäller</w>
  <w>att</w>
  <w>skapa</w>
  <w>sig</w>
  <w>en</w>
  <w>plats</w>
  <w>här</w>
  <w>.</w>
  <w>Ett</w>
  <w>starkt</w>
  <w>varumärke</w>
  <w>skapar</w>
  <w>känslor</w>
  <w>och</w>
  <w>engagemang</w>
  <w>.</w>
  <w>Men</w>
  <w>,</w>
  <w>få</w>
  <w>av</w>
  <w>oss</w>
  <w>är</w>
  <w>i</w>
  <w>dag</w>
  <w>speciellt</w>
  <w>engagerade</w>
  <w>i</w>
  <w>politik</w>
  <w>eller</w>
  <w>de</w>
  <w>politiska</w>
  <w>partierna</w>
  <w>.</w>
  <w>Andelen</w>
  <w>medlemmar</w>
  <w>i</w>
  <w>partierna</w>
  <w>minskar</w>
  <w>stadigt</w>
  <w>även</w>
  <w>om</w>
  <w>det</w>
  <w>ibland</w>
  <w>har</w>
  <w>fuskats</w>
  <w>med</w>
  <w>siffrorna</w>
  <w>för</w>
  <w>att</w>
  <w>skapa</w>
  <w>en</w>
  <w>annan</w>
  <w>bild</w>
  <w>.</w>
  <w>Partierna</w>
  <w>finns</w>
  <w>inte</w>
  <w>ens</w>
  <w>i</w>
  <w>vår</w>
  <w>sinnevärld</w>
  <w>.</w>
  <absaspan id=19>
    <w>Socialdemokraterna</w>
  </absaspan>
  <absaspan id=20 senti=2>
    <w>blir</w>
    <w>mer</w>
    <w>som</w>
  </absaspan>
  <absaspan id=21>
    <w>konserverade</w>
    <w>päron</w>
    <w>på</w>
    <w>burk</w>
  </absaspan>
  <w>.</w>
  <w>Och</w>
  <absaspan id=22>
    <w>de</w>
    <w>nya</w>
    <w>Moderaterna</w>
  </absaspan>
  <absaspan id=23 senti=2>
    <w>som</w>
  </absaspan>
  <absaspan id=24>
    <w>konserverad</w>
    <w>ananas</w>
    <w>med</w>
    <w>en</w>
    <w>ny</w>
    <w>sockerlag</w>
  </absaspan>
  <w>.</w>
  <w>Och</w>
  <absaspan id=25>
    <w>konserver</w>
  </absaspan>
  <absaspan id=26 senti=2>
    <w>är</w>
    <w>inget</w>
    <w>som</w>
    <w>gör</w>
    <w>någon</w>
    <w>upphetsad</w>
    <w>direkt</w>
  </absaspan>
  <w>.</w>
  <absaspan id=27 senti=2>
    <w>Dammsamlande</w>
  </absaspan>
  <absaspan id=28 senti=2>
    <w>hyllvärmare</w>
  </absaspan>
  <absaspan id=29>
    <w>som</w>
    <w>möjligtvis</w>
    <w>gör</w>
    <w>dig</w>
    <w>mätt</w>
    <w>för</w>
    <w>stunden</w>
  </absaspan>
  <absaspan id=30>
    <w>och</w>
  </absaspan>
  <absaspan id=31 senti=2>
    <w>kan</w>
    <w>tas</w>
    <w>fram</w>
    <w>i</w>
    <w>nödfall</w>
  </absaspan>
  <w>.</w>
  <w>De</w>
  <w>är</w>
  <w>produkter</w>
  <w>som</w>
  <w>ger</w>
  <w>upphov</w>
  <w>till</w>
  <w>mer</w>
  <w>rutinartade</w>
  <w>beslut</w>
  <w>som</w>
  <w>väcker</w>
  <w>få</w>
  <w>eller</w>
  <w>inga</w>
  <w>känslor</w>
  <absaspan id=32 senti=2>
    <w>.</w>
  </absaspan>
  <w>En</w>
  <w>konserv</w>
  <w>kan</w>
  <w>lätt</w>
  <w>bytas</w>
  <w>ut</w>
  <w>mot</w>
  <w>en</w>
  <w>annan</w>
  <w>.</w>
  <w>En</w>
  <w>orange</w>
  <w>burk</w>
  <w>funkar</w>
  <w>lika</w>
  <w>bra</w>
  <w>som</w>
  <w>en</w>
  <w>rödgrön</w>
  <w>.</w>
  <absaspan id=33>
    <w>Valrörelsen</w>
  </absaspan>
  <absaspan id=34 senti=2>
    <w>verkar</w>
    <w>gå</w>
    <w>samma</w>
    <w>öde</w>
    <w>till</w>
    <w>mötes</w>
  </absaspan>
  <w>som</w>
  <w>veckohandlingen</w>
  <w>av</w>
  <w>mat</w>
  <w>.</w>
</absapar>
<absapar id=4>
  <absaspan id=35>
    <w>Debatterna</w>
  </absaspan>
  <absaspan id=36 senti=2>
    <w>är</w>
    <w>få</w>
    <w>och</w>
    <w>saknar</w>
    <w>sting</w>
  </absaspan>
  <w>.</w>
  <w>Om</w>
  <w>alternativen</w>
  <w>inte</w>
  <w>skiljer</w>
  <w>sig</w>
  <w>nämnvärt</w>
  <w>från</w>
  <w>varandra</w>
  <w>ser</w>
  <w>väljarna</w>
  <w>heller</w>
  <w>ingen</w>
  <w>anledning</w>
  <w>till</w>
  <w>att</w>
  <w>engagera</w>
  <w>sig</w>
  <w>eller</w>
  <w>ens</w>
  <w>gå</w>
  <w>att</w>
  <w>rösta</w>
  <w>,</w>
  <w>mat</w>
  <w>måste</w>
  <w>man</w>
  <w>ju</w>
  <w>ha</w>
  <w>men</w>
  <w>att</w>
  <w>gå</w>
  <w>och</w>
  <w>rösta</w>
  <w>.</w>
  <w>.</w>
  <w>.</w>
  <w>?</w>
  <absaspan id=37 senti=2>
    <w>.</w>
  </absaspan>
</absapar>
<absapar id=5>
  <w>Det</w>
  <w>är</w>
  <w>därför</w>
  <w>inte</w>
  <w>så</w>
  <w>konstigt</w>
  <w>att</w>
  <w>nya</w>
  <w>politiska</w>
  <w>partier</w>
  <w>såsom</w>
  <w>Piratpartiet</w>
  <w>,</w>
  <w>Pensionärspartiet</w>
  <w>eller</w>
  <w>Feministiskt</w>
  <w>initiativ</w>
  <w>kan</w>
  <w>få</w>
  <w>ett</w>
  <w>genomslag</w>
  <w>.</w>
  <w>De</w>
  <w>för</w>
  <w>fram</w>
  <w>en</w>
  <w>fråga</w>
  <w>,</w>
  <w>vilken</w>
  <w>de</w>
  <w>sticker</w>
  <w>ut</w>
  <w>från</w>
  <w>mängden</w>
  <w>med</w>
  <w>.</w>
  <w>Något</w>
  <w>som</w>
  <w>känns</w>
  <w>tydligt</w>
  <w>och</w>
  <w>aktuellt</w>
  <w>.</w>
  <w>De</w>
  <w>blir</w>
  <w>som</w>
  <absaspan id=38>
    <w>ett</w>
  </absaspan>
  <absaspan id=39>
    <w>alternativt</w>
    <w>varumärke</w>
  </absaspan>
  <absaspan id=40>
    <w>som</w>
  </absaspan>
  <absaspan id=41 senti=4>
    <w>engagerar</w>
    <w>och</w>
    <w>sticker</w>
    <w>ut</w>
  </absaspan>
  <w>.</w>
  <w>Att</w>
  <w>rösta</w>
  <w>på</w>
  <w>nya</w>
  <w>alternativa</w>
  <w>partier</w>
  <w>blir</w>
  <w>då</w>
  <w>också</w>
  <w>ett</w>
  <w>ställningstagande</w>
  <w>för</w>
  <w>att</w>
  <w>visa</w>
  <w>på</w>
  <w>vem</w>
  <w>du</w>
  <w>vill</w>
  <w>vara</w>
  <w>och</w>
  <w>den</w>
  <w>grupp</w>
  <w>du</w>
  <w>vill</w>
  <w>tillhöra</w>
  <w>.</w>
  <w>Och</w>
  <w>i</w>
  <w>det</w>
  <w>sammanhanget</w>
  <w>uppnår</w>
  <w>du</w>
  <w>en</w>
  <w>högre</w>
  <w>symbolisk</w>
  <w>mening</w>
  <w>jämfört</w>
  <w>med</w>
  <w>om</w>
  <w>du</w>
  <w>röstar</w>
  <w>på</w>
  <w>”</w>
  <w>mittröran</w>
  <w>”</w>
  <w>.</w>
</absapar>
<absapar id=6>
  <w>Att</w>
  <w>Miljöpartiet</w>
  <w>lyckats</w>
  <w>nå</w>
  <w>ut</w>
  <w>kan</w>
  <w>bero</w>
  <w>på</w>
  <w>att</w>
  <w>de</w>
  <w>mer</w>
  <w>än</w>
  <w>de</w>
  <w>andra</w>
  <w>partierna</w>
  <w>har</w>
  <w>valt</w>
  <w>att</w>
  <w>knyta</w>
  <w>an</w>
  <w>till</w>
  <w>såväl</w>
  <w>emotionella</w>
  <w>aspekter</w>
  <w>som</w>
  <w>att</w>
  <w>de</w>
  <w>valt</w>
  <w>att</w>
  <w>fokusera</w>
  <w>på</w>
  <w>en</w>
  <w>sak</w>
  <w>full</w>
  <w>ut</w>
  <w>.</w>
  <w>Som</w>
  <w>att</w>
  <w>i</w>
  <w>jämförelsen</w>
  <w>marknadsföra</w>
  <w>endast</w>
  <w>ekologisk</w>
  <w>mat</w>
  <w>med</w>
  <w>argumentet</w>
  <w>att</w>
  <w>det</w>
  <w>finns</w>
  <w>bara</w>
  <w>ett</w>
  <w>enda</w>
  <w>val</w>
  <w>för</w>
  <w>miljön</w>
  <w>.</w>
  <w>Fast</w>
  <w>det</w>
  <w>finns</w>
  <w>undantag</w>
  <w>.</w>
  <w>Politiker</w>
  <w>som</w>
  <w>vågar</w>
  <w>sticka</w>
  <w>ut</w>
  <w>och</w>
  <w>tro</w>
  <w>på</w>
  <w>sin</w>
  <w>sak</w>
  <w>.</w>
  <w>De</w>
  <w>som</w>
  <w>vågar</w>
  <w>vara</w>
  <w>olydiga</w>
  <absaspan id=42 senti=4>
    <w>.</w>
  </absaspan>
  <w>De</w>
  <w>som</w>
  <w>visar</w>
  <w>på</w>
  <absaspan id=43 senti=5>
    <w>äkta</w>
  </absaspan>
  <absaspan id=44>
    <w>känslor</w>
  </absaspan>
  <absaspan id=45 senti=4>
    <w>.</w>
  </absaspan>
  <w>Och</w>
  <w>då</w>
  <w>kan</w>
  <w>vi</w>
  <w>knyta</w>
  <w>an</w>
  <w>till</w>
  <w>enskilda</w>
  <w>politiker</w>
  <w>precis</w>
  <w>som</w>
  <w>vi</w>
  <w>kan</w>
  <w>göra</w>
  <w>med</w>
  <w>varumärken</w>
  <w>.</w>
  <w>Och</w>
  <w>i</w>
  <w>det</w>
  <w>sammanhanget</w>
  <absaspan id=46 senti=4>
    <w>är</w>
  </absaspan>
  <w>det</w>
  <absaspan id=47 senti=4>
    <w>viktigt</w>
  </absaspan>
  <absaspan id=48>
    <w>att</w>
    <w>visa</w>
    <w>på</w>
    <w>äkthet</w>
  </absaspan>
  <w>.</w>
  <w>Manualer</w>
  <w>som</w>
  <w>syftar</w>
  <w>till</w>
  <w>att</w>
  <w>strömlinjeforma</w>
  <w>politiker</w>
  <w>i</w>
  <w>en</w>
  <w>viss</w>
  <w>riktning</w>
  <w>fungerar</w>
  <w>därför</w>
  <w>dåligt</w>
  <w>i</w>
  <w>varumärkessammanhang</w>
  <w>då</w>
  <absaspan id=49>
    <w>känslor</w>
  </absaspan>
  <absaspan id=50 senti=5>
    <w>är</w>
    <w>a</w>
    <w>och</w>
    <w>o</w>
  </absaspan>
  <w>.</w>
</absapar>
<absapar id=7>
  <w>Och</w>
  <w>visst</w>
  <w>väcker</w>
  <w>politiker</w>
  <w>känslor</w>
  <w>,</w>
  <w>men</w>
  <w>inte</w>
  <w>av</w>
  <w>den</w>
  <w>karaktär</w>
  <w>som</w>
  <w>skapar</w>
  <w>”</w>
  <w>trogna</w>
  <w>fans</w>
  <w>”</w>
  <absaspan id=51 senti=2>
    <w>.</w>
  </absaspan>
  <w>I</w>
  <w>alla</w>
  <w>fall</w>
  <w>inte</w>
  <w>vad</w>
  <w>som</w>
  <w>kan</w>
  <w>anses</w>
  <w>vara</w>
  <w>hängivna</w>
  <w>varumärkesfans</w>
  <w>.</w>
  <w>På</w>
  <w>Facebook</w>
  <w>har</w>
  <w>exempelvis</w>
  <w>gruppen</w>
  <w>”</w>
  <w>Kan</w>
  <w>den</w>
  <w>här</w>
  <w>lyktstolpen</w>
  <w>få</w>
  <w>fler</w>
  <w>fans</w>
  <w>än</w>
  <w>Mona</w>
  <w>Sahlin</w>
  <w>?</w>
  <w>”</w>
  <w>141</w>
  <w>141</w>
  <w>fans</w>
  <w>och</w>
  <w>gruppen</w>
  <w>”</w>
  <w>Kan</w>
  <w>den</w>
  <w>här</w>
  <w>soptunnan</w>
  <w>få</w>
  <w>fler</w>
  <w>fans</w>
  <w>än</w>
  <w>Fredrik</w>
  <w>Reinfeldt</w>
  <w>?</w>
  <w>”</w>
  <w>84</w>
  <w>202</w>
  <w>fans</w>
  <w>.</w>
</absapar>
<absapar id=8>
  <absaspan id=52>
    <w>Analysen</w>
  </absaspan>
  <absaspan id=53 senti=4>
    <w>är</w>
    <w>solklar</w>
  </absaspan>
  <w>.</w>
  <w>Partierna</w>
  <w>har</w>
  <w>inte</w>
  <w>förstått</w>
  <w>vikten</w>
  <w>av</w>
  <w>att</w>
  <w>bli</w>
  <w>en</w>
  <w>del</w>
  <w>av</w>
  <w>en</w>
  <absaspan id=54 senti=4>
    <w>positiv</w>
  </absaspan>
  <absaspan id=55>
    <w>sinnevärld</w>
  </absaspan>
  <w>.</w>
  <w>Tänk</w>
  <w>om</w>
  <w>.</w>
  <w>Tänk</w>
  <w>varumärken</w>
  <w>.</w>
  <w>Och</w>
  <w>våga</w>
  <w>sticka</w>
  <w>ut</w>
  <w>!</w>
  <w>.</w>
</absapar>
<absapar id=9>
  <w>Det</w>
  <w>finns</w>
  <w>inte</w>
  <w>tillräckligt</w>
  <w>många</w>
  <w>rebeller</w>
  <w>bland</w>
  <w>politikerna</w>
  <w>som</w>
  <w>kan</w>
  <w>engagera</w>
  <w>oss</w>
  <w>som</w>
  <w>väljare</w>
  <w>.</w>
  <w>Eller</w>
  <w>som</w>
  <w>Obama</w>
  <w>sa</w>
  <w>:</w>
  <w>tänk</w>
  <w>förändring</w>
  <w>!</w>
  <w>Då</w>
  <w>kanske</w>
  <w>vi</w>
  <w>också</w>
  <w>kan</w>
  <w>få</w>
  <w>en</w>
  <w>mer</w>
  <w>spännande</w>
  <w>valrörelse</w>
  <w>och</w>
  <w>partier</w>
  <w>som</w>
  <w>verkligen</w>
  <w>vill</w>
  <w>åstadkomma</w>
  <w>förändring</w>
  <absaspan id=56 senti=4>
    <w>.</w>
  </absaspan>
</absapar>
<absapar id=10>
  <w>Eva</w>
  <w>Ossiansson</w>
  <w>,</w>
  <w>varumärkesforskare</w>
  <w>vidCentrum</w>
  <w>för</w>
  <w>Konsumtionsvetenskap</w>
  <w>,</w>
  <w>Handelshögskolan</w>
  <w>,</w>
  <w>Göteborgs</w>
  <w>universitet</w>
  <w>.</w>
</absapar>
</absadoc>
