<absadoc annotators=1 senti=>
<absatitle>
  <w>Festivaler</w>
  <w>med</w>
  <w>vita</w>
  <w>manliga</w>
  <w>artister</w>
  <w>är</w>
  <w>per</w>
  <w>definition</w>
  <w>sexistiska</w>
  <w>och</w>
  <w>rasistiska</w>
  <w>?</w>
</absatitle>
<absapar id=1>
  <w>Tja</w>
  <w>fan</w>
  <w>!</w>
  <w>.</w>
</absapar>
<absapar id=2>
  <w>Fick</w>
  <w>tag</w>
  <w>i</w>
  <w>och</w>
  <w>läste</w>
  <w>Ergo</w>
  <w>idag</w>
  <w>,</w>
  <w>något</w>
  <w>som</w>
  <w>jag</w>
  <w>sällan</w>
  <w>gör</w>
  <w>.</w>
  <w>Lade</w>
  <w>märke</w>
  <w>till</w>
  <w>.</w>
</absapar>
<absapar id=3>
  <w>Är</w>
  <w>vi</w>
  <w>snubbar</w>
  <w>verkligen</w>
  <w>så</w>
  <w>hemska</w>
  <w>att</w>
  <w>vi</w>
  <w>underminerar</w>
  <w>tjejartisters</w>
  <w>musikaliska</w>
  <w>succé</w>
  <w>?</w>
  <w>.</w>
</absapar>
<absapar id=4>
  <w>Måste</w>
  <w>man</w>
  <w>aktivt</w>
  <w>presentera</w>
  <w>varje</w>
  <w>tillställning</w>
  <w>som</w>
  <w>"</w>
  <w>feministisk</w>
  <w>,</w>
  <w>antirasistisk</w>
  <w>och</w>
  <w>antihomofobisk</w>
  <w>"</w>
  <w>för</w>
  <w>att</w>
  <absaspan id=1>
    <w>HBTQI-lirare</w>
  </absaspan>
  <absaspan id=2 senti=2>
    <w>inte</w>
    <w>ska</w>
    <w>bli</w>
    <w>kränkta</w>
    <w>och</w>
    <w>ska</w>
    <w>känna</w>
    <w>sig</w>
    <w>välkomna</w>
    <w>?</w>
  </absaspan>
  <w>.</w>
</absapar>
<absapar id=5>
  <w>Blir</w>
  <w>festivaler</w>
  <w>per</w>
  <w>definition</w>
  <w>sexistiska</w>
  <w>och</w>
  <w>rasistiska</w>
  <w>om</w>
  <w>nästan</w>
  <w>enbart</w>
  <w>vita</w>
  <w>manliga</w>
  <w>artister</w>
  <w>bokas</w>
  <w>?</w>
  <w>.</w>
</absapar>
</absadoc>
