<absadoc annotators=1 senti=>
<absatitle>
  <w>Nej</w>
  <w>,</w>
  <w>chefen</w>
  <w>ska</w>
  <w>inte</w>
  <w>avgöra</w>
  <w>lönens</w>
  <w>storlek</w>
  <w>.</w>
</absatitle>
<absapar id=1>
  <w>Det</w>
  <w>är</w>
  <w>inte</w>
  <w>att</w>
  <w>förvånas</w>
  <w>över</w>
  <w>att</w>
  <w>Ledarna</w>
  <w>anser</w>
  <w>att</w>
  <w>det</w>
  <w>är</w>
  <w>dags</w>
  <w>att</w>
  <w>slopa</w>
  <w>avtalsrörelsen</w>
  <w>.</w>
  <w>Ledarna</w>
  <w>är</w>
  <w>en</w>
  <w>organisation</w>
  <w>som</w>
  <w>har</w>
  <w>som</w>
  <w>sin</w>
  <w>affärsidé</w>
  <w>att</w>
  <w>ensam</w>
  <w>är</w>
  <w>stark</w>
  <w>och</w>
  <w>som</w>
  <w>överlevnadstrategi</w>
  <w>att</w>
  <w>haka</w>
  <w>på</w>
  <w>de</w>
  <w>framgångar</w>
  <w>som</w>
  <w>Unionen</w>
  <w>och</w>
  <w>andra</w>
  <w>fackförbund</w>
  <w>uppnår</w>
  <w>.</w>
</absapar>
<absapar id=2>
  <w>Då</w>
  <w>är</w>
  <w>det</w>
  <w>inte</w>
  <w>heller</w>
  <w>förvånande</w>
  <w>att</w>
  <w>Ledarna</w>
  <w>fullföljer</w>
  <w>strategin</w>
  <w>att</w>
  <w>desinformera</w>
  <w>om</w>
  <w>vad</w>
  <w>som</w>
  <w>faktiskt</w>
  <w>sker</w>
  <w>på</w>
  <w>arbetsmarknaden</w>
  <w>och</w>
  <w>vad</w>
  <w>exempelvis</w>
  <w>det</w>
  <w>största</w>
  <w>fackförbundet</w>
  <w>på</w>
  <w>den</w>
  <w>privata</w>
  <w>arbetsmarknaden</w>
  <w>–</w>
  <w>Unionen</w>
  <w>–</w>
  <w>står</w>
  <w>för</w>
  <w>.</w>
</absapar>
<absapar id=3>
  <w>För</w>
  <w>Unionen</w>
  <w>är</w>
  <w>det</w>
  <w>en</w>
  <w>självklarhet</w>
  <w>att</w>
  <w>lönen</w>
  <w>ska</w>
  <w>sättas</w>
  <w>individuellt</w>
  <w>och</w>
  <w>differentierat</w>
  <w>,</w>
  <w>utifrån</w>
  <w>den</w>
  <w>anställdes</w>
  <w>skicklighet</w>
  <w>och</w>
  <w>kompetens</w>
  <w>.</w>
  <w>Däremot</w>
  <w>vill</w>
  <w>vi</w>
  <w>inte</w>
  <w>–</w>
  <w>till</w>
  <w>skillnad</w>
  <w>mot</w>
  <w>Ledarna</w>
  <w>–</w>
  <w>att</w>
  <w>chefen</w>
  <w>ensidigt</w>
  <w>ska</w>
  <w>avgöra</w>
  <w>lönens</w>
  <w>storlek</w>
  <w>.</w>
  <absaspan id=1>
    <w>Unionen</w>
  </absaspan>
  <absaspan id=2 senti=3>
    <w>tror</w>
    <w>inte</w>
  </absaspan>
  <w>som</w>
  <absaspan id=3>
    <w>Ledarna</w>
  </absaspan>
  <absaspan id=4 senti=3>
    <w>att</w>
  </absaspan>
  <absaspan id=5 senti=3>
    <w>vi</w>
    <w>lever</w>
    <w>i</w>
  </absaspan>
  <absaspan id=6 senti=3>
    <w>den</w>
    <w>bästa</w>
    <w>av</w>
    <w>världar</w>
  </absaspan>
  <w>,</w>
  <w>där</w>
  <w>chef</w>
  <w>och</w>
  <w>medarbetare</w>
  <w>har</w>
  <w>lika</w>
  <w>mycket</w>
  <w>makt</w>
  <w>och</w>
  <w>inflytande</w>
  <w>över</w>
  <w>lönesättningen</w>
  <w>på</w>
  <w>företaget</w>
  <w>.</w>
  <w>Unionens</w>
  <w>en</w>
  <w>halv</w>
  <w>miljon</w>
  <w>medlemmar</w>
  <w>vet</w>
  <w>av</w>
  <w>egen</w>
  <w>erfarenhet</w>
  <w>att</w>
  <w>riktigt</w>
  <w>så</w>
  <w>ser</w>
  <w>det</w>
  <w>inte</w>
  <w>ut</w>
  <w>.</w>
  <w>Därför</w>
  <w>vill</w>
  <w>de</w>
  <w>se</w>
  <w>en</w>
  <w>garanterad</w>
  <w>lönenivå</w>
  <w>,</w>
  <w>när</w>
  <w>de</w>
  <w>får</w>
  <w>frågan</w>
  <w>om</w>
  <w>hur</w>
  <w>kraven</w>
  <w>ska</w>
  <w>se</w>
  <w>ut</w>
  <w>inför</w>
  <w>avtalsförhandlingarna</w>
  <w>.</w>
</absapar>
<absapar id=4>
  <absaspan id=7>
    <w>Den</w>
  </absaspan>
  <absaspan id=8>
    <w>avtalsmodell</w>
    <w>Unionen</w>
    <w>tar</w>
    <w>ansvar</w>
    <w>för</w>
  </absaspan>
  <w>har</w>
  <w>gett</w>
  <w>medlemmarna</w>
  <w>mer</w>
  <w>pengar</w>
  <w>i</w>
  <w>plånboken</w>
  <w>,</w>
  <w>samtidigt</w>
  <w>som</w>
  <w>företagen</w>
  <w>har</w>
  <w>stärkt</w>
  <w>sin</w>
  <w>konkurrenskraft</w>
  <w>gentemot</w>
  <w>omvärlden</w>
  <w>.</w>
  <absaspan id=9>
    <w>Den</w>
  </absaspan>
  <absaspan id=10 senti=4>
    <w>har</w>
    <w>också</w>
    <w>gett</w>
    <w>oss</w>
  </absaspan>
  <absaspan id=11 senti=4>
    <w>bättre</w>
  </absaspan>
  <absaspan id=12 senti=4>
    <w>arbetsmiljö</w>
  </absaspan>
  <w>,</w>
  <w>inflytande</w>
  <w>över</w>
  <w>arbetstiderna</w>
  <w>,</w>
  <w>längre</w>
  <w>semester</w>
  <w>,</w>
  <w>utökad</w>
  <w>föräldralön</w>
  <w>och</w>
  <w>ordentlig</w>
  <w>tjänstepension</w>
  <w>.</w>
</absapar>
<absapar id=5>
  <absaspan id=13 senti=4>
    <w>Medarbetarna</w>
    <w>får</w>
    <w>nog</w>
    <w>tacka</w>
    <w>sin</w>
    <w>lyckliga</w>
    <w>stjärna</w>
  </absaspan>
  <absaspan id=14>
    <w>att</w>
    <w>det</w>
    <w>inte</w>
    <w>är</w>
    <w>Ledarna</w>
    <w>som</w>
    <w>bestämmer</w>
    <w>när</w>
    <w>det</w>
    <w>är</w>
    <w>dags</w>
    <w>att</w>
    <w>sluta</w>
    <w>avtalsförhandla</w>
  </absaspan>
  <w>.</w>
</absapar>
<absapar id=6>
  <w>Niklas</w>
  <w>Hjert</w>
  <w>.</w>
</absapar>
<absapar id=7>
  <w>Förhandlingschef</w>
  <w>,</w>
  <w>Unionen</w>
  <w>.</w>
</absapar>
</absadoc>
