<absadoc annotators=1 senti=3>
<absatitle>
  <w>Svenskar</w>
  <w>tredje</w>
  <w>lyckligast</w>
  <w>i</w>
  <w>Europa</w>
  <w>efter</w>
  <w>danskar</w>
  <w>och</w>
  <w>finnar</w>
  <w>trots</w>
  <absaspan id=1 senti=2>
    <w>massinvandring</w>
  </absaspan>
  <w>!</w>
  <w>?</w>
</absatitle>
<absapar id=1 senti=3>
  <w>Emellanåt</w>
  <w>pratas</w>
  <w>det</w>
  <w>i</w>
  <w>denna</w>
  <w>forumdel</w>
  <w>om</w>
  <w>hur</w>
  <absaspan id=2 senti=1>
    <w>olyckliga</w>
  </absaspan>
  <absaspan id=3>
    <w>svenskarna</w>
  </absaspan>
  <w>är</w>
  <absaspan id=4>
    <w>som</w>
    <w>tagit</w>
    <w>emot</w>
    <w>en</w>
    <w>massa</w>
    <w>invandrare</w>
  </absaspan>
  <w>.</w>
  <w>Därmed</w>
  <w>kanske</w>
  <w>finnar</w>
  <w>och</w>
  <w>danskar</w>
  <w>borde</w>
  <w>vara</w>
  <w>mycket</w>
  <w>lyckligare</w>
  <w>som</w>
  <w>tagit</w>
  <w>emot</w>
  <w>långt</w>
  <w>mycket</w>
  <w>färre</w>
  <w>.</w>
  <w>Så</w>
  <w>är</w>
  <w>inte</w>
  <w>fallet</w>
  <w>enligt</w>
  <w>en</w>
  <w>färsk</w>
  <w>undersökning</w>
  <w>som</w>
  <w>presenterades</w>
  <w>i</w>
  <w>DN</w>
  <w>idag</w>
  <w>.</w>
  <w>Svenskar</w>
  <w>är</w>
  <w>tredje</w>
  <w>lyckligast</w>
  <w>i</w>
  <w>Europa</w>
  <w>(</w>
  <w>8,2</w>
  <w>på</w>
  <w>10</w>
  <w>-</w>
  <w>gradig</w>
  <w>skala</w>
  <w>)</w>
  <w>och</w>
  <w>därmed</w>
  <w>marginellt</w>
  <w>mindre</w>
  <w>lyckliga</w>
  <w>än</w>
  <w>danskar</w>
  <w>och</w>
  <w>finnar</w>
  <w>.</w>
</absapar>
<absapar id=2>
  <w>Se</w>
  <w>här</w>
  <w>:</w>
  <w>.</w>
</absapar>
<absapar id=3>
  <w>Artikeln</w>
  <w>:</w>
  <w>.</w>
</absapar>
<absapar id=4>
  <w>Blandade</w>
  <w>frågor</w>
  <w>på</w>
  <w>temat</w>
  <w>:</w>
  <w>Vad</w>
  <w>tror</w>
  <w>ni</w>
  <w>detta</w>
  <w>beror</w>
  <w>på</w>
  <w>?</w>
  <w>Är</w>
  <w>det</w>
  <w>invandrarna</w>
  <w>själva</w>
  <w>som</w>
  <w>dragit</w>
  <w>upp</w>
  <w>siffrorna</w>
  <w>?</w>
  <w>Självmordsmyten</w>
  <w>om</w>
  <w>Sverige</w>
  <w>,</w>
  <w>vad</w>
  <w>hände</w>
  <w>med</w>
  <w>den</w>
  <w>?</w>
  <w>Finnarnas</w>
  <w>depressioner</w>
  <w>,</w>
  <w>var</w>
  <w>är</w>
  <w>de</w>
  <w>i</w>
  <w>statistiken</w>
  <w>?</w>
  <w>.</w>
</absapar>
</absadoc>
