<absadoc annotators=1 senti=>
<absatitle>
  <w>Torun</w>
  <w>Carrfors</w>
  <w>:</w>
  <w>Var</w>
  <w>är</w>
  <w>politiken</w>
  <w>för</w>
  <w>de</w>
  <w>fattiga</w>
  <w>,</w>
  <w>Löfven</w>
  <w>?</w>
</absatitle>
<absapar id=1>
  <w>Ovanifrån</w>
  <w>har</w>
  <w>man</w>
  <w>sedan</w>
  <w>man</w>
  <w>länge</w>
  <w>berättat</w>
  <w>historier</w>
  <w>om</w>
  <w>att</w>
  <w>fattiga</w>
  <w>egentligen</w>
  <w>inte</w>
  <w>finns</w>
  <w>,</w>
  <w>utan</w>
  <w>bara</w>
  <w>är</w>
  <w>en</w>
  <w>konsekvens</w>
  <w>av</w>
  <w>lathet</w>
  <w>eller</w>
  <w>egoism</w>
  <w>.</w>
  <w>Underifrån</w>
  <w>kommer</w>
  <w>nu</w>
  <absaspan id=1>
    <w>berättelserna</w>
  </absaspan>
  <absaspan id=2>
    <w>om</w>
    <w>en</w>
    <w>annan</w>
    <w>verklighet</w>
  </absaspan>
  <w>.</w>
  <w>Jag</w>
  <absaspan id=3 senti=4>
    <w>har</w>
    <w>saknat</w>
  </absaspan>
  <absaspan id=4>
    <w>dem</w>
  </absaspan>
  <w>länge</w>
  <w>i</w>
  <w>debatten</w>
  <w>.</w>
  <absaspan id=5 senti=4>
    <w>Saknat</w>
  </absaspan>
  <absaspan id=6>
    <w>orden</w>
    <w>från</w>
    <w>dem</w>
    <w>som</w>
    <w>verkligen</w>
    <w>lever</w>
    <w>i</w>
    <w>den</w>
    <w>statistik</w>
    <w>som</w>
    <w>slängs</w>
    <w>och</w>
    <w>trixas</w>
    <w>med</w>
    <w>i</w>
    <w>tv-sofforna</w>
    <w>på</w>
    <w>bästa</w>
    <w>sändningstid</w>
  </absaspan>
  <w>.</w>
  <w>Uppenbart</w>
  <w>är</w>
  <w>jag</w>
  <w>inte</w>
  <w>ensam</w>
  <w>om</w>
  <w>det</w>
  <w>.</w>
  <w>De</w>
  <w>senaste</w>
  <w>veckorna</w>
  <w>har</w>
  <absaspan id=7 senti=4>
    <w>modiga</w>
  </absaspan>
  <absaspan id=8>
    <w>människor</w>
  </absaspan>
  <w>beskrivit</w>
  <w>verkligheten</w>
  <w>där</w>
  <w>skorna</w>
  <w>har</w>
  <w>hål</w>
  <w>i</w>
  <w>sulan</w>
  <w>,</w>
  <w>kylskåpet</w>
  <w>ekar</w>
  <w>tomt</w>
  <w>,</w>
  <w>ofta</w>
  <w>redan</w>
  <w>i</w>
  <w>mitten</w>
  <w>på</w>
  <w>månaden</w>
  <w>,</w>
  <w>och</w>
  <w>där</w>
  <w>barnen</w>
  <w>ljuger</w>
  <w>för</w>
  <w>sina</w>
  <w>kompisar</w>
  <w>om</w>
  <w>vad</w>
  <w>de</w>
  <w>gjort</w>
  <w>på</w>
  <w>loven</w>
  <w>och</w>
  <w>fått</w>
  <w>i</w>
  <w>present</w>
  <w>.</w>
  <w>Historier</w>
  <w>om</w>
  <w>skuldsättning</w>
  <w>,</w>
  <w>arbetslöshet</w>
  <w>och</w>
  <w>om</w>
  <w>hur</w>
  <w>pengarna</w>
  <w>aldrig</w>
  <w>räcker</w>
  <w>trots</w>
  <w>att</w>
  <w>man</w>
  <w>jobbar</w>
  <w>heltid</w>
  <w>och</w>
  <w>mer</w>
  <w>därtill</w>
  <w>.</w>
</absapar>
<absapar id=2>
  <w>Vi</w>
  <w>är</w>
  <w>många</w>
  <w>som</w>
  <w>läst</w>
  <w>,</w>
  <w>känt</w>
  <w>igen</w>
  <w>oss</w>
  <w>och</w>
  <w>spridit</w>
  <w>texterna</w>
  <w>vidare</w>
  <w>.</w>
  <w>Det</w>
  <absaspan id=9 senti=4>
    <w>finns</w>
    <w>en</w>
    <w>enorm</w>
    <w>sprängkraft</w>
    <w>i</w>
  </absaspan>
  <absaspan id=10>
    <w>att</w>
    <w>verkliga</w>
    <w>människor</w>
    <w>berättar</w>
    <w>om</w>
    <w>hur</w>
    <w>politiska</w>
    <w>beslut</w>
    <w>påverkar</w>
    <w>deras</w>
    <w>vardag</w>
  </absaspan>
  <w>.</w>
  <w>Ingen</w>
  <w>av</w>
  <w>oss</w>
  <w>är</w>
  <w>bara</w>
  <w>en</w>
  <w>siffra</w>
  <w>i</w>
  <w>statistiken</w>
  <w>.</w>
</absapar>
<absapar id=3>
  <w>Trots</w>
  <w>detta</w>
  <w>kommer</w>
  <w>inga</w>
  <w>konkreta</w>
  <w>politiska</w>
  <w>förslag</w>
  <absaspan id=11 senti=2>
    <w>.</w>
  </absaspan>
  <w>Jag</w>
  <absaspan id=12 senti=4>
    <w>hade</w>
  </absaspan>
  <w>nog</w>
  <absaspan id=13 senti=4>
    <w>förväntat</w>
  </absaspan>
  <w>mig</w>
  <absaspan id=14>
    <w>annat</w>
  </absaspan>
  <w>.</w>
  <w>Jag</w>
  <absaspan id=15 senti=4>
    <w>hade</w>
    <w>velat</w>
    <w>se</w>
  </absaspan>
  <absaspan id=16>
    <w>en</w>
    <w>vänster</w>
    <w>som</w>
    <w>lyckades</w>
    <w>förklara</w>
    <w>att</w>
    <w>fattigdom</w>
    <w>inte</w>
    <w>är</w>
    <w>något</w>
    <w>man</w>
    <w>som</w>
    <w>enskild</w>
    <w>väljer</w>
    <w>,</w>
    <w>utan</w>
    <w>något</w>
    <w>som</w>
    <w>skapas</w>
    <w>i</w>
    <w>ett</w>
  </absaspan>
  <absaspan id=17 senti=2>
    <w>orättvist</w>
  </absaspan>
  <absaspan id=18>
    <w>samhälle</w>
  </absaspan>
  <w>.</w>
  <w>Att</w>
  <w>de</w>
  <w>partier</w>
  <w>som</w>
  <w>säger</w>
  <w>sig</w>
  <w>företräda</w>
  <w>arbetarklassen</w>
  <w>hade</w>
  <w>presenterat</w>
  <w>politiska</w>
  <w>förslag</w>
  <w>som</w>
  <w>hade</w>
  <w>fått</w>
  <w>oss</w>
  <w>att</w>
  <w>på</w>
  <w>riktigt</w>
  <w>tro</w>
  <w>att</w>
  <w>det</w>
  <w>skulle</w>
  <w>kunna</w>
  <w>vara</w>
  <w>annorlunda</w>
  <w>.</w>
</absapar>
<absapar id=4>
  <w>Det</w>
  <w>enda</w>
  <w>jag</w>
  <w>har</w>
  <w>hört</w>
  <w>är</w>
  <w>att</w>
  <w>man</w>
  <absaspan id=19 senti=5>
    <w>med</w>
    <w>näbbar</w>
    <w>och</w>
    <w>klor</w>
    <w>,</w>
    <w>försvarat</w>
  </absaspan>
  <absaspan id=20>
    <w>rätten</w>
    <w>att</w>
    <w>säga</w>
    <w>att</w>
    <w>folk</w>
    <w>är</w>
    <w>fattiga</w>
  </absaspan>
  <absaspan id=21>
    <w>.</w>
  </absaspan>
  <w>Men</w>
  <w>sen</w>
  <w>då</w>
  <w>?</w>
  <absaspan id=22 senti=2>
    <w>.</w>
  </absaspan>
</absapar>
<absapar id=5>
  <w>När</w>
  <w>man</w>
  <w>inte</w>
  <w>har</w>
  <w>råd</w>
  <w>att</w>
  <w>både</w>
  <w>låta</w>
  <w>sig</w>
  <w>själv</w>
  <w>och</w>
  <w>sina</w>
  <w>barn</w>
  <w>äta</w>
  <w>sig</w>
  <w>mätta</w>
  <absaspan id=23 senti=2>
    <w>räcker</w>
    <w>det</w>
    <w>inte</w>
    <w>med</w>
  </absaspan>
  <absaspan id=24>
    <w>arbetarklassens</w>
    <w>företrädare</w>
    <w>i</w>
    <w>tv-soffan</w>
    <w>säger</w>
    <w>att</w>
    <w>man</w>
    <w>finns</w>
  </absaspan>
  <w>.</w>
  <w>Man</w>
  <absaspan id=25 senti=2>
    <w>vill</w>
    <w>sällan</w>
  </absaspan>
  <absaspan id=26>
    <w>finnas</w>
    <w>just</w>
    <w>så</w>
  </absaspan>
  <w>.</w>
  <w>Man</w>
  <w>vill</w>
  <w>att</w>
  <w>det</w>
  <w>ska</w>
  <w>vara</w>
  <w>annorlunda</w>
  <w>,</w>
  <w>och</w>
  <w>man</w>
  <w>letar</w>
  <w>förklaringsmodeller</w>
  <w>.</w>
  <w>Lyssnar</w>
  <w>på</w>
  <w>dem</w>
  <w>som</w>
  <w>bekräftar</w>
  <w>ens</w>
  <w>berättelse</w>
  <w>,</w>
  <w>och</w>
  <w>som</w>
  <w>levererar</w>
  <w>en</w>
  <w>tanke</w>
  <w>om</w>
  <w>orsak</w>
  <w>och</w>
  <w>lösning</w>
  <w>.</w>
  <w>I</w>
  <w>tider</w>
  <w>av</w>
  <w>ökade</w>
  <w>klyftor</w>
  <w>och</w>
  <w>i</w>
  <w>tider</w>
  <w>av</w>
  <w>försvagade</w>
  <w>vänsterrörelser</w>
  <w>växer</w>
  <w>sig</w>
  <absaspan id=27 senti=1>
    <w>främlingsfientliga</w>
  </absaspan>
  <absaspan id=28>
    <w>partier</w>
  </absaspan>
  <w>starka</w>
  <w>.</w>
  <w>När</w>
  <absaspan id=29>
    <w>välfärdssamhället</w>
  </absaspan>
  <absaspan id=30 senti=2>
    <w>krackelerar</w>
  </absaspan>
  <w>blir</w>
  <w>det</w>
  <w>enklare</w>
  <w>att</w>
  <w>köpa</w>
  <w>retorik</w>
  <w>som</w>
  <w>säger</w>
  <w>att</w>
  <w>vi</w>
  <w>ska</w>
  <absaspan id=31 senti=2>
    <w>sparka</w>
  </absaspan>
  <absaspan id=32>
    <w>nedåt</w>
    <w>.</w>
  </absaspan>
  <w>Då</w>
  <w>krävs</w>
  <w>en</w>
  <w>vänster</w>
  <w>som</w>
  <w>tar</w>
  <w>debatten</w>
  <w>.</w>
  <w>Inte</w>
  <w>om</w>
  <w>invandringen</w>
  <w>.</w>
  <w>Utan</w>
  <w>om</w>
  <w>fattigdomens</w>
  <w>orsaker</w>
  <w>och</w>
  <w>konsekvenser</w>
  <w>.</w>
</absapar>
<absapar id=6>
  <w>Jag</w>
  <w>skulle</w>
  <w>vilja</w>
  <w>höra</w>
  <w>Stefan</w>
  <w>Löfven</w>
  <w>säga</w>
  <w>att</w>
  <w>fattigdomen</w>
  <w>ökar</w>
  <w>till</w>
  <w>följd</w>
  <w>av</w>
  <w>politiskt</w>
  <w>fattade</w>
  <w>beslut</w>
  <w>,</w>
  <w>där</w>
  <absaspan id=33>
    <w>man</w>
    <w>låter</w>
    <w>de</w>
    <w>allra</w>
    <w>rikaste</w>
    <w>bli</w>
    <w>rikare</w>
  </absaspan>
  <w>,</w>
  <absaspan id=34 senti=2>
    <w>på</w>
    <w>alla</w>
    <w>andras</w>
    <w>bekostnad</w>
  </absaspan>
  <w>.</w>
  <w>Jag</w>
  <absaspan id=35 senti=4>
    <w>skulle</w>
    <w>vilja</w>
  </absaspan>
  <absaspan id=36>
    <w>att</w>
    <w>han</w>
    <w>-</w>
  </absaspan>
  <absaspan id=37 senti=4>
    <w>gärna</w>
  </absaspan>
  <absaspan id=38>
    <w>högröd</w>
    <w>i</w>
    <w>ansiktet</w>
    <w>och</w>
    <w>lite</w>
    <w>hetsig</w>
    <w>i</w>
    <w>tonen</w>
  </absaspan>
  <absaspan id=39>
    <w>-</w>
    <w>presenterade</w>
    <w>ett</w>
    <w>tio-punktsprogram</w>
    <w>för</w>
    <w>att</w>
    <w>skapa</w>
    <w>ett</w>
    <w>samhälle</w>
    <w>där</w>
    <w>ingen</w>
    <w>av</w>
    <w>oss</w>
    <w>var</w>
    <w>fattig</w>
    <w>(</w>
    <w>då</w>
    <w>kan</w>
    <w>inte</w>
    <w>samtliga</w>
    <w>punkter</w>
    <w>vara</w>
    <w>”</w>
    <w>skapa</w>
    <w>jobb</w>
    <w>”</w>
    <w>)</w>
  </absaspan>
  <w>.</w>
  <w>Jag</w>
  <absaspan id=40 senti=2>
    <w>provoceras</w>
  </absaspan>
  <w>nämligen</w>
  <absaspan id=41 senti=2>
    <w>av</w>
  </absaspan>
  <absaspan id=42>
    <w>att</w>
    <w>man</w>
    <w>inte</w>
    <w>ens</w>
    <w>verkar</w>
    <w>särskilt</w>
    <w>upprörd</w>
    <w>,</w>
    <w>utan</w>
    <w>snarare</w>
    <w>uppgiven</w>
    <w>i</w>
    <w>stora</w>
    <w>delar</w>
    <w>av</w>
    <w>vänstern</w>
    <w>just</w>
    <w>nu</w>
  </absaspan>
  <w>.</w>
</absapar>
<absapar id=7>
  <w>Jag</w>
  <w>vill</w>
  <w>att</w>
  <w>han</w>
  <w>ska</w>
  <w>kräva</w>
  <w>att</w>
  <w>de</w>
  <w>rikaste</w>
  <absaspan id=43 senti=2>
    <w>ska</w>
    <w>sluta</w>
  </absaspan>
  <absaspan id=44>
    <w>göra</w>
    <w>avdrag</w>
    <w>för</w>
    <w>bartenders</w>
  </absaspan>
  <w>och</w>
  <w>i</w>
  <w>stället</w>
  <w>beskatta</w>
  <w>dem</w>
  <w>så</w>
  <w>att</w>
  <w>vi</w>
  <w>kunde</w>
  <w>höja</w>
  <w>ersättningarna</w>
  <w>i</w>
  <w>våra</w>
  <w>socialförsäkringar</w>
  <w>.</w>
  <w>Vill</w>
  <w>att</w>
  <w>han</w>
  <w>ser</w>
  <w>till</w>
  <w>att</w>
  <w>skolan</w>
  <absaspan id=45 senti=1>
    <w>ska</w>
    <w>förbjudas</w>
  </absaspan>
  <absaspan id=46>
    <w>göra</w>
    <w>vinster</w>
  </absaspan>
  <w>och</w>
  <w>att</w>
  <w>läxhjälp</w>
  <w>inte</w>
  <w>bara</w>
  <w>går</w>
  <w>till</w>
  <w>barn</w>
  <w>som</w>
  <w>har</w>
  <w>råd</w>
  <w>.</w>
  <w>Jag</w>
  <w>vill</w>
  <w>att</w>
  <w>han</w>
  <w>ska</w>
  <absaspan id=47 senti=2>
    <w>hålla</w>
  </absaspan>
  <absaspan id=48>
    <w>Alliansen</w>
  </absaspan>
  <absaspan id=49 senti=2>
    <w>skyldig</w>
  </absaspan>
  <absaspan id=50 senti=2>
    <w>för</w>
  </absaspan>
  <absaspan id=51>
    <w>varenda</w>
    <w>unge</w>
    <w>som</w>
    <w>för</w>
    <w>några</w>
    <w>veckor</w>
    <w>sedan</w>
    <w>gick</w>
    <w>till</w>
    <w>skolan</w>
    <w>med</w>
    <w>en</w>
    <w>klump</w>
    <w>i</w>
    <w>magen</w>
    <w>och</w>
    <w>hittade</w>
    <w>på</w>
    <w>att</w>
    <w>de</w>
    <w>fått</w>
    <w>besök</w>
    <w>av</w>
    <w>tomten</w>
  </absaspan>
  <w>.</w>
  <w>Jag</w>
  <w>vill</w>
  <w>att</w>
  <w>han</w>
  <w>ska</w>
  <w>prata</w>
  <w>om</w>
  <w>verkligheten</w>
  <w>och</w>
  <w>om</w>
  <w>att</w>
  <w>han</w>
  <w>vill</w>
  <w>förändra</w>
  <w>den</w>
  <w>.</w>
</absapar>
<absapar id=8>
  <w>För</w>
  <absaspan id=52>
    <w>en</w>
    <w>vänster</w>
    <w>som</w>
  </absaspan>
  <absaspan id=53 senti=2>
    <w>inte</w>
    <w>förmår</w>
    <w>att</w>
    <w>göra</w>
    <w>mer</w>
    <w>än</w>
    <w>att</w>
    <w>förklara</w>
  </absaspan>
  <absaspan id=54>
    <w>att</w>
    <w>det</w>
    <w>finns</w>
    <w>fattiga</w>
    <w>i</w>
    <w>det</w>
    <w>här</w>
    <w>landet</w>
  </absaspan>
  <w>är</w>
  <w>en</w>
  <w>vänster</w>
  <w>som</w>
  <w>saknar</w>
  <w>möjlighet</w>
  <w>att</w>
  <w>någonsin</w>
  <w>förändra</w>
  <w>.</w>
  <absaspan id=55>
    <w>En</w>
    <w>sådan</w>
    <w>vänster</w>
  </absaspan>
  <absaspan id=56 senti=2>
    <w>röstar</w>
    <w>bara</w>
    <w>de</w>
    <w>allra</w>
    <w>mest</w>
    <w>bokstavstrogna</w>
    <w>på</w>
  </absaspan>
  <w>.</w>
  <w>Och</w>
  <w>en</w>
  <w>sådan</w>
  <w>vänster</w>
  <w>,</w>
  <w>gör</w>
  <w>det</w>
  <absaspan id=57 senti=2>
    <w>alldeles</w>
    <w>för</w>
    <w>lätt</w>
  </absaspan>
  <absaspan id=58>
    <w>för</w>
    <w>rasisterna</w>
    <w>att</w>
    <w>plocka</w>
    <w>röster</w>
  </absaspan>
  <w>.</w>
</absapar>
<absapar id=9>
  <w>Torun</w>
  <w>Carrfors</w>
  <w>.</w>
</absapar>
<absapar id=10>
  <w>FAKTA</w>
  <w>.</w>
</absapar>
</absadoc>
