<absadoc annotators=1 senti=>
<absatitle>
  <w>judar</w>
  <w>i</w>
  <w>Sverige</w>
  <w>.</w>
</absatitle>
<absapar id=1>
  <w>är</w>
  <w>ett</w>
  <w>folk</w>
  <w>som</w>
  <w>anses</w>
  <w>ha</w>
  <w>spridits</w>
  <w>över</w>
  <w>världen</w>
  <w>från</w>
  <w>det</w>
  <w>område</w>
  <w>öster</w>
  <w>om</w>
  <w>Medelhavet</w>
  <w>som</w>
  <w>benämns</w>
  <w>Kanaan</w>
  <w>,</w>
  <w>Palestina</w>
  <w>eller</w>
  <w>Israel</w>
  <w>.</w>
  <w>Enligt</w>
  <w>judisk</w>
  <w>religiös</w>
  <w>(</w>
  <w>halachisk</w>
  <w>)</w>
  <w>tradition</w>
  <w>är</w>
  <w>en</w>
  <w>jude</w>
  <w>någon</w>
  <w>som</w>
  <w>fötts</w>
  <w>av</w>
  <w>en</w>
  <w>judisk</w>
  <w>mor</w>
  <w>eller</w>
  <w>konverterat</w>
  <w>under</w>
  <w>ett</w>
  <w>ortodoxt</w>
  <w>rabbinat</w>
  <w>.</w>
</absapar>
<absapar id=2>
  <absaspan id=1>
    <w>Denna</w>
    <w>tradition</w>
  </absaspan>
  <absaspan id=2 senti=4>
    <w>har</w>
    <w>en</w>
    <w>relativt</w>
    <w>stark</w>
    <w>ställning</w>
  </absaspan>
  <w>,</w>
  <w>men</w>
  <w>det</w>
  <w>debatteras</w>
  <w>ofta</w>
  <w>om</w>
  <w>denna</w>
  <w>definition</w>
  <w>är</w>
  <w>riktig</w>
  <w>eller</w>
  <w>ej</w>
  <absaspan id=3>
    <w>.</w>
  </absaspan>
  <w>Antalet</w>
  <w>judar</w>
  <w>är</w>
  <w>ungefär</w>
  <w>14</w>
  <w>miljoner</w>
  <w>,</w>
  <w>därav</w>
  <w>ungefär</w>
  <w>.</w>
</absapar>
<absapar id=3>
  <w>.</w>
  <w>-</w>
  <w>OK</w>
  <w>vad</w>
  <w>har</w>
  <w>judarna</w>
  <w>bidragit</w>
  <w>med</w>
  <w>i</w>
  <w>Sverige</w>
  <w>i</w>
  <w>synnerhet</w>
  <w>och</w>
  <w>i</w>
  <w>övriga</w>
  <w>västvärlden</w>
  <w>i</w>
  <w>allmänhet</w>
  <w>?</w>
  <w>.</w>
</absapar>
<absapar id=4>
  <w>.</w>
  <w>-</w>
  <w>Vilka</w>
  <w>judar</w>
  <w>tycker</w>
  <w>ni</w>
  <w>om</w>
  <w>?</w>
  <w>Vilka</w>
  <w>ogillar</w>
  <w>ni</w>
  <w>och</w>
  <w>varför</w>
  <w>?</w>
  <w>Är</w>
  <w>judar</w>
  <w>bra</w>
  <w>eller</w>
  <w>dåliga</w>
  <w>invandrare</w>
  <w>?</w>
  <w>.</w>
</absapar>
</absadoc>
