<absadoc annotators=1 senti=>
<absatitle>
  <w>Hur</w>
  <w>hade</w>
  <w>Reinfeldt</w>
  <w>hanterat</w>
  <w>flyktingströmmen</w>
  <w>om</w>
  <w>han</w>
  <w>varit</w>
  <w>statsminister</w>
  <w>?</w>
</absatitle>
<absapar id=1>
  <w>Hade</w>
  <w>han</w>
  <w>tagit</w>
  <w>liknande</w>
  <w>åtgärder</w>
  <w>?</w>
  <w>Eller</w>
  <w>jobbat</w>
  <w>på</w>
  <w>andra</w>
  <w>linjen</w>
  <w>,</w>
  <w>som</w>
  <w>t.ex</w>
  <w>gjort</w>
  <w>lista</w>
  <w>på</w>
  <w>säkra</w>
  <w>länder</w>
  <w>eller</w>
  <w>förkortat</w>
  <w>asyl</w>
  <w>processorn</w>
  <w>?</w>
  <w>.</w>
</absapar>
<absapar id=2>
  <w>Vad</w>
  <w>tror</w>
  <w>ni</w>
  <w>han</w>
  <w>hade</w>
  <w>gjort</w>
  <w>?</w>
  <w>.</w>
</absapar>
</absadoc>
