<absadoc annotators=1 senti=>
<absatitle>
  <absaspan id=1 senti=4 target=2>
    <w>Välkommet</w>
  </absaspan>
  <w>att</w>
  <absaspan id=2>
    <w>kärnkraften</w>
    <w>avvecklar</w>
    <w>sig</w>
    <w>själv</w>
  </absaspan>
  <w>.</w>
</absatitle>
<absapar id=1>
  <absaspan id=3>
    <w>Olyckan</w>
    <w>i</w>
    <w>Fukushima</w>
  </absaspan>
  <absaspan id=4 senti=2>
    <w>hade</w>
    <w>sin</w>
    <w>grund</w>
    <w>i</w>
    <w>nonchalans</w>
    <w>och</w>
    <w>bristande</w>
    <w>säkerhet</w>
  </absaspan>
  <w>inom</w>
  <w>kärnkraftsindustrin</w>
  <w>.</w>
  <w>Detta</w>
  <w>har</w>
  <w>lett</w>
  <w>till</w>
  <w>branschens</w>
  <w>lönsamhetskris</w>
  <w>,</w>
  <w>skriver</w>
  <w>Annika</w>
  <w>Jacobson</w>
  <w>,</w>
  <w>Greenpeace</w>
  <w>,</w>
  <w>i</w>
  <w>en</w>
  <w>slutreplik</w>
  <w>.</w>
</absapar>
<absapar id=2>
  <absaspan id=5>
    <w>Mattias</w>
    <w>Lantz</w>
  </absaspan>
  <absaspan id=6 senti=2>
    <w>gör</w>
    <w>sig</w>
    <w>skyldig</w>
    <w>till</w>
    <w>ett</w>
    <w>av</w>
    <w>de</w>
    <w>stora</w>
    <w>problemen</w>
    <w>i</w>
    <w>efterdyningarna</w>
    <w>av</w>
    <w>Fukushimaolyckan</w>
  </absaspan>
  <w>–</w>
  <w>att</w>
  <w>riskerna</w>
  <w>tonas</w>
  <w>ned</w>
  <w>och</w>
  <w>att</w>
  <w>det</w>
  <w>sprids</w>
  <absaspan id=7 senti=2>
    <w>missvisande</w>
  </absaspan>
  <absaspan id=8>
    <w>information</w>
  </absaspan>
  <w>(</w>
  <w>SvD</w>
  <w>Debatt</w>
  <w>18</w>
  <w>/</w>
  <w>3</w>
  <w>)</w>
  <w>.</w>
</absapar>
<absapar id=3>
  <w>Det</w>
  <w>här</w>
  <w>är</w>
  <w>en</w>
  <w>argumenterande</w>
  <w>text</w>
  <w>med</w>
  <w>syfte</w>
  <w>att</w>
  <w>påverka</w>
  <w>.</w>
  <w>Åsikterna</w>
  <w>som</w>
  <w>uttrycks</w>
  <w>är</w>
  <w>skribentens</w>
  <w>egna</w>
  <w>.</w>
</absapar>
<absapar id=4>
  <absaspan id=9>
    <w>"</w>
    <w>Områden</w>
    <w>med</w>
    <w>höga</w>
    <w>strålnivåer</w>
    <w>får</w>
    <w>man</w>
    <w>inte</w>
    <w>bo</w>
    <w>i</w>
    <w>eller</w>
    <w>besöka</w>
    <w>alls</w>
    <w>"</w>
    <w>skriver</w>
    <w>han</w>
  </absaspan>
  <w>,</w>
  <absaspan id=10 senti=2>
    <w>som</w>
    <w>om</w>
    <w>det</w>
    <w>vore</w>
    <w>positivt</w>
  </absaspan>
  <w>.</w>
  <w>Men</w>
  <w>det</w>
  <w>är</w>
  <w>ju</w>
  <w>just</w>
  <absaspan id=11>
    <w>evakueringen</w>
  </absaspan>
  <w>som</w>
  <absaspan id=12 senti=2>
    <w>är</w>
    <w>problemet</w>
  </absaspan>
  <w>!</w>
  <absaspan id=13>
    <w>Fukushimaolyckan</w>
    <w>har</w>
    <w>skapat</w>
    <w>tiotusentals</w>
    <w>kärnkraftsflyktingar</w>
  </absaspan>
  <w>,</w>
  <w>något</w>
  <w>som</w>
  <absaspan id=14 senti=2>
    <w>knappast</w>
    <w>kan</w>
    <w>anses</w>
    <w>vara</w>
    <w>acceptabelt</w>
  </absaspan>
  <w>.</w>
  <w>Dessutom</w>
  <w>försöker</w>
  <absaspan id=15>
    <w>den</w>
    <w>japanska</w>
    <w>regeringen</w>
  </absaspan>
  <absaspan id=16 senti=2>
    <w>släta</w>
    <w>över</w>
    <w>problemen</w>
  </absaspan>
  <w>,</w>
  <w>återstarta</w>
  <w>kärnkraften</w>
  <w>och</w>
  <w>få</w>
  <w>människor</w>
  <w>att</w>
  <w>flytta</w>
  <w>tillbaka</w>
  <w>,</w>
  <w>trots</w>
  <w>fortsatt</w>
  <absaspan id=17 senti=2>
    <w>bristande</w>
  </absaspan>
  <absaspan id=18>
    <w>säkerhet</w>
    <w>i</w>
    <w>reaktorerna</w>
  </absaspan>
  <w>och</w>
  <w>höga</w>
  <w>strålningsnivåer</w>
  <w>.</w>
</absapar>
<absapar id=5>
  <w>Nya</w>
  <w>säkerhetskrav</w>
  <w>efter</w>
  <w>Fukushima</w>
  <w>är</w>
  <w>förvisso</w>
  <w>inte</w>
  <w>den</w>
  <w>enda</w>
  <w>orsaken</w>
  <w>till</w>
  <w>att</w>
  <w>kärnkraftverk</w>
  <w>stänger</w>
  <w>tidigare</w>
  <w>runtom</w>
  <w>i</w>
  <w>världen</w>
  <w>.</w>
  <w>Som</w>
  <w>jag</w>
  <w>skriver</w>
  <w>i</w>
  <w>min</w>
  <w>första</w>
  <w>artikel</w>
  <w>är</w>
  <w>det</w>
  <w>även</w>
  <w>en</w>
  <w>kombination</w>
  <w>av</w>
  <w>ytterligare</w>
  <w>skäl</w>
  <w>såsom</w>
  <w>en</w>
  <absaspan id=19 senti=2>
    <w>urholkad</w>
  </absaspan>
  <absaspan id=20>
    <w>social</w>
    <w>legitimitet</w>
  </absaspan>
  <w>,</w>
  <w>skenande</w>
  <w>kostnader</w>
  <w>samt</w>
  <w>att</w>
  <absaspan id=21>
    <w>investerare</w>
  </absaspan>
  <absaspan id=22 senti=2>
    <w>vänder</w>
  </absaspan>
  <absaspan id=23>
    <w>kärnkraften</w>
  </absaspan>
  <absaspan id=24 senti=2>
    <w>ryggen</w>
  </absaspan>
  <w>.</w>
  <w>Poängen</w>
  <w>är</w>
  <w>att</w>
  <w>Fukushima</w>
  <w>är</w>
  <w>en</w>
  <w>gemensam</w>
  <w>nämnare</w>
  <w>som</w>
  <w>har</w>
  <w>snabbat</w>
  <w>på</w>
  <w>dessa</w>
  <w>processer</w>
  <w>.</w>
  <w>Året</w>
  <w>efter</w>
  <w>Fukushima</w>
  <w>slog</w>
  <w>den</w>
  <w>internationella</w>
  <w>energimyndigheten</w>
  <w>,</w>
  <w>IEA</w>
  <w>,</w>
  <w>fast</w>
  <w>att</w>
  <w>förutsättningarna</w>
  <w>för</w>
  <w>kärnkraft</w>
  <w>i</w>
  <w>världen</w>
  <w>har</w>
  <w>försvårats</w>
  <w>efter</w>
  <w>Fukushima</w>
  <w>Daiichi-olyckan</w>
  <w>i</w>
  <w>och</w>
  <w>med</w>
  <w>att</w>
  <w>flera</w>
  <w>länder</w>
  <w>har</w>
  <w>ändrat</w>
  <w>sin</w>
  <w>politik</w>
  <w>till</w>
  <w>följd</w>
  <w>av</w>
  <absaspan id=25>
    <w>allmänhetens</w>
  </absaspan>
  <absaspan id=26 senti=2>
    <w>oro</w>
  </absaspan>
  <absaspan id=27>
    <w>över</w>
    <w>säkerheten</w>
    <w>i</w>
    <w>kärnreaktorer</w>
  </absaspan>
  <w>.</w>
</absapar>
<absapar id=6>
  <absaspan id=28>
    <w>Lantz</w>
  </absaspan>
  <absaspan id=29 senti=1>
    <w>har</w>
    <w>fel</w>
  </absaspan>
  <w>när</w>
  <w>han</w>
  <w>skriver</w>
  <w>att</w>
  <w>“</w>
  <w>inte</w>
  <w>ens</w>
  <w>Greenpeace</w>
  <w>egen</w>
  <w>plan</w>
  <w>klarar</w>
  <w>klimatmålen</w>
  <w>utan</w>
  <w>har</w>
  <w>en</w>
  <w>stor</w>
  <w>andel</w>
  <w>fossila</w>
  <w>bränslen</w>
  <w>år</w>
  <w>2050</w>
  <w>.</w>
  <w>"</w>
  <w>I</w>
  <w>september</w>
  <w>2015</w>
  <w>publicerade</w>
  <w>Greenpeace</w>
  <w>en</w>
  <w>ny</w>
  <w>rapport</w>
  <w>,</w>
  <w>"</w>
  <w>Energy</w>
  <w>revolution</w>
  <w>–</w>
  <w>a</w>
  <w>sustainable</w>
  <w>world</w>
  <w>energy</w>
  <w>outlook</w>
  <w>2050</w>
  <w>"</w>
  <w>,</w>
  <w>där</w>
  <w>vi</w>
  <w>för</w>
  <w>första</w>
  <w>gången</w>
  <w>kunde</w>
  <w>visa</w>
  <w>att</w>
  <w>världen</w>
  <w>kan</w>
  <w>fasa</w>
  <w>ut</w>
  <w>fossila</w>
  <w>bränslen</w>
  <w>och</w>
  <w>kärnkraft</w>
  <w>och</w>
  <w>ställa</w>
  <w>om</w>
  <w>till</w>
  <w>100</w>
  <w>procent</w>
  <w>förnybar</w>
  <w>energi</w>
  <w>.</w>
  <w>Det</w>
  <w>finns</w>
  <w>inga</w>
  <w>ekonomiska</w>
  <w>eller</w>
  <w>tekniska</w>
  <w>hinder</w>
  <w>–</w>
  <w>det</w>
  <w>enda</w>
  <w>som</w>
  <absaspan id=30 senti=2>
    <w>saknas</w>
  </absaspan>
  <w>är</w>
  <absaspan id=31>
    <w>politisk</w>
    <w>beslutsamhet</w>
  </absaspan>
  <w>.</w>
  <w>Exempel</w>
  <w>på</w>
  <w>den</w>
  <w>förändring</w>
  <w>som</w>
  <w>redan</w>
  <w>sker</w>
  <w>är</w>
  <w>att</w>
  <w>Tyskland</w>
  <w>på</w>
  <w>bara</w>
  <w>tre</w>
  <w>år</w>
  <w>har</w>
  <w>tillfört</w>
  <w>förnybar</w>
  <w>energi</w>
  <w>motsvarande</w>
  <w>åtta</w>
  <w>större</w>
  <w>kärnreaktorer</w>
  <w>och</w>
  <w>att</w>
  <w>Japan</w>
  <w>har</w>
  <w>energieffektiviserat</w>
  <w>och</w>
  <w>sparat</w>
  <w>bort</w>
  <w>mer</w>
  <w>än</w>
  <w>13</w>
  <w>reaktorer</w>
  <w>.</w>
</absapar>
<absapar id=7>
  <w>Vad</w>
  <w>gäller</w>
  <w>SOM-rapporten</w>
  <w>hänvisar</w>
  <w>jag</w>
  <w>och</w>
  <w>Mattias</w>
  <w>Lantz</w>
  <w>till</w>
  <w>två</w>
  <w>olika</w>
  <w>frågor</w>
  <w>.</w>
  <w>På</w>
  <w>en</w>
  <w>fråga</w>
  <w>om</w>
  <w>de</w>
  <w>kommande</w>
  <w>5</w>
  <w>–</w>
  <w>10</w>
  <w>åren</w>
  <w>är</w>
  <w>det</w>
  <w>endast</w>
  <w>13</w>
  <w>procent</w>
  <w>som</w>
  <w>vill</w>
  <w>satsa</w>
  <w>mer</w>
  <w>på</w>
  <w>kärnkraft</w>
  <w>än</w>
  <w>idag</w>
  <w>.</w>
  <w>Den</w>
  <w>fråga</w>
  <w>som</w>
  <w>Lantz</w>
  <w>syftar</w>
  <w>till</w>
  <w>handlar</w>
  <w>om</w>
  <w>satsningar</w>
  <w>på</w>
  <w>lång</w>
  <w>sikt</w>
  <w>,</w>
  <w>och</w>
  <w>där</w>
  <w>ser</w>
  <w>svarsalternativen</w>
  <w>och</w>
  <w>därmed</w>
  <w>siffrorna</w>
  <w>annorlunda</w>
  <w>ut</w>
  <w>.</w>
  <absaspan id=32 senti=4>
    <w>Det</w>
    <w>intressanta</w>
    <w>där</w>
    <w>är</w>
  </absaspan>
  <w>att</w>
  <absaspan id=33>
    <w>andelen</w>
    <w>personer</w>
    <w>som</w>
    <w>på</w>
    <w>sikt</w>
    <w>vill</w>
    <w>bygga</w>
    <w>fler</w>
    <w>reaktorer</w>
    <w>än</w>
    <w>de</w>
    <w>som</w>
    <w>finns</w>
    <w>i</w>
    <w>dag</w>
    <w>nästan</w>
    <w>har</w>
    <w>halverats</w>
    <w>mellan</w>
    <w>2010</w>
    <w>och</w>
    <w>2014</w>
  </absaspan>
  <w>,</w>
  <w>alltså</w>
  <w>från</w>
  <w>innan</w>
  <w>till</w>
  <w>efter</w>
  <w>Fukushima-olyckan</w>
  <w>.</w>
</absapar>
<absapar id=8>
  <absaspan id=34>
    <w>Olyckan</w>
    <w>i</w>
    <w>Fukushima</w>
  </absaspan>
  <absaspan id=35 senti=2>
    <w>hade</w>
    <w>sin</w>
    <w>grund</w>
    <w>i</w>
    <w>nonchalans</w>
    <w>och</w>
    <w>bristande</w>
    <w>säkerhet</w>
  </absaspan>
  <w>inom</w>
  <w>kärnkraftsindustrin</w>
  <w>och</w>
  <w>ledde</w>
  <w>i</w>
  <w>förlängningen</w>
  <w>till</w>
  <w>branschens</w>
  <w>lönsamhetskris</w>
  <w>.</w>
  <absaspan id=36>
    <w>Kärnkraften</w>
    <w>avvecklar</w>
    <w>sig</w>
    <w>själv</w>
  </absaspan>
  <w>,</w>
  <w>och</w>
  <w>det</w>
  <w>är</w>
  <w>en</w>
  <w>utveckling</w>
  <absaspan id=37 senti=4>
    <w>vi</w>
    <w>ska</w>
    <w>välkomna</w>
  </absaspan>
  <w>.</w>
</absapar>
<absapar id=9>
  <w>Annika</w>
  <w>Jacobson</w>
  <w>.</w>
</absapar>
<absapar id=10>
  <w>chef</w>
  <w>för</w>
  <w>Greenpeace</w>
  <w>i</w>
  <w>Sverige</w>
  <w>.</w>
</absapar>
<absapar id=11>
  <w>Redaktör</w>
  <w>:</w>
  <w>Carina</w>
  <w>StenssonBiträdande</w>
  <w>redaktör</w>
  <w>:</w>
  <w>Carl-Johan</w>
  <w>BilkenrothMejl</w>
  <w>:</w>
  <w>debatt</w>
  <w>@</w>
  <w>svd.seTelefonnummer</w>
  <w>:</w>
  <w>08</w>
  <w>-</w>
  <w>135149Twitter</w>
  <w>:</w>
  <w>@</w>
  <w>SvDDebattFacebook</w>
  <w>:</w>
  <w>SvD</w>
  <w>Debatt</w>
  <w>.</w>
</absapar>
<absapar id=12>
  <w>Redaktör</w>
  <w>:</w>
  <w>Carina</w>
  <w>Stensson</w>
  <w>,</w>
  <w>Biträdande</w>
  <w>redaktör</w>
  <w>:</w>
  <w>Björn</w>
  <w>Jorner</w>
  <w>,</w>
  <w>Mejl</w>
  <w>:</w>
  <w>debatt</w>
  <w>@</w>
  <w>svd.se</w>
  <w>,</w>
  <w>Telefonnummer</w>
  <w>:</w>
  <w>08</w>
  <w>-</w>
  <w>135149</w>
  <w>,</w>
  <w>Twitter</w>
  <w>:</w>
  <w>@</w>
  <w>SvDDebatt</w>
  <w>,</w>
  <w>Facebook</w>
  <w>:</w>
  <w>SvD</w>
  <w>Debatt</w>
  <w>.</w>
</absapar>
</absadoc>
