<absadoc annotators=1 senti=>
<absatitle>
  <w>Om</w>
  <w>jag</w>
  <w>gör</w>
  <w>en</w>
  <w>youtube</w>
  <w>som</w>
  <absaspan id=1 senti=2 target=1>
    <w>invandringskritisk</w>
  </absaspan>
  <w>,</w>
  <w>kommer</w>
  <w>jag</w>
  <w>tjäna</w>
  <w>mycket</w>
  <w>pengar</w>
  <w>då</w>
  <w>?</w>
</absatitle>
<absapar id=1>
  <w>Om</w>
  <w>jag</w>
  <w>gör</w>
  <w>en</w>
  <w>youtube</w>
  <w>som</w>
  <absaspan id=2 senti=2>
    <w>invandringskritisk</w>
  </absaspan>
  <w>,</w>
  <w>kommer</w>
  <w>jag</w>
  <w>tjäna</w>
  <w>mycket</w>
  <w>pengar</w>
  <w>då</w>
  <w>?</w>
  <w>.</w>
</absapar>
<absapar id=2>
  <w>Som</w>
  <w>vi</w>
  <w>alla</w>
  <w>vet</w>
  <w>så</w>
  <w>är</w>
  <w>rasister</w>
  <w>,</w>
  <w>nazister</w>
  <w>,</w>
  <w>nationalister</w>
  <w>,</w>
  <absaspan id=3 senti=2>
    <w>invandringskritiska</w>
  </absaspan>
  <w>,</w>
  <absaspan id=4 senti=1>
    <w>kvinnohatare</w>
  </absaspan>
  <w>,</w>
  <absaspan id=5 senti=1>
    <w>böghatare</w>
  </absaspan>
  <w>osv</w>
  <w>jätte</w>
  <w>många</w>
  <w>på</w>
  <w>internet</w>
  <w>.</w>
  <w>.</w>
  <w>.</w>
</absapar>
<absapar id=3>
  <w>Vi</w>
  <w>ser</w>
  <w>hur</w>
  <w>en</w>
  <w>Arg</w>
  <w>Blatte</w>
  <w>eller</w>
  <w>Angry</w>
  <w>Foreigner</w>
  <w>blir</w>
  <w>stor</w>
  <w>på</w>
  <w>youtube</w>
  <w>,</w>
  <w>han</w>
  <w>tjänar</w>
  <w>1866</w>
  <w>$</w>
  <w>/</w>
  <w>månad</w>
  <w>på</w>
  <w>bara</w>
  <w>Patreon</w>
  <w>,</w>
  <w>sedan</w>
  <w>vad</w>
  <w>han</w>
  <w>tjänar</w>
  <w>genom</w>
  <w>själva</w>
  <w>youtube</w>
  <w>också</w>
  <w>är</w>
  <w>en</w>
  <w>del</w>
  <w>.</w>
</absapar>
<absapar id=4>
  <w>På</w>
  <w>ca</w>
  <w>3</w>
  <w>år</w>
  <w>så</w>
  <w>gick</w>
  <w>han</w>
  <w>upp</w>
  <w>till</w>
  <w>denna</w>
  <w>lön</w>
  <w>,</w>
  <w>och</w>
  <w>det</w>
  <w>bara</w>
  <w>ökar</w>
  <w>hela</w>
  <w>tiden</w>
  <w>.</w>
  <w>.</w>
  <w>.</w>
  <w>Trots</w>
  <w>att</w>
  <w>man</w>
  <w>bara</w>
  <w>har</w>
  <w>gjort</w>
  <w>en</w>
  <w>video</w>
  <w>om</w>
  <w>SD</w>
  <w>eller</w>
  <w>invandringskritiska</w>
  <w>åsikter</w>
  <w>så</w>
  <w>får</w>
  <w>man</w>
  <w>minst</w>
  <w>5000</w>
  <w>visningar</w>
  <w>på</w>
  <w>kort</w>
  <w>tid</w>
  <w>.</w>
  <w>.</w>
  <w>.</w>
  <w>Detta</w>
  <w>är</w>
  <w>framtiden</w>
  <w>,</w>
  <w>SD</w>
  <w>och</w>
  <w>nationalistiska</w>
  <w>partier</w>
  <w>ökar</w>
  <w>hela</w>
  <w>tiden</w>
  <w>i</w>
  <w>hela</w>
  <w>världen</w>
  <w>.</w>
</absapar>
<absapar id=5>
  <w>Så</w>
  <w>kanske</w>
  <w>man</w>
  <w>ska</w>
  <w>satsa</w>
  <w>på</w>
  <w>en</w>
  <w>karriär</w>
  <w>som</w>
  <w>youtuber</w>
  <w>likt</w>
  <w>Angry</w>
  <w>Foreigner</w>
  <w>eller</w>
  <w>någon</w>
  <w>typ</w>
  <w>av</w>
  <w>opinionsbildning</w>
  <w>som</w>
  <w>liknar</w>
  <w>SD</w>
  <w>?</w>
  <w>.</w>
</absapar>
</absadoc>
