<absadoc annotators=1 senti=0>
<absatitle>
  <w>Anställningsvillkoren</w>
  <w>bör</w>
  <w>få</w>
  <w>en</w>
  <w>neutral</w>
  <w>bedömning</w>
  <w>.</w>
</absatitle>
<absapar id=1>
  <w>Efter</w>
  <w>vårt</w>
  <w>avslöjande</w>
  <w>om</w>
  <w>att</w>
  <w>vissa</w>
  <w>fackförbund</w>
  <w>avstyrker</w>
  <w>arbetstillstånd</w>
  <w>på</w>
  <w>felaktiga</w>
  <w>grunder</w>
  <absaspan id=1 senti=1>
    <w>anklagar</w>
  </absaspan>
  <absaspan id=2>
    <w>Unionens</w>
    <w>chefsjurist</w>
    <w>,</w>
    <w>Martin</w>
    <w>Wästfelt</w>
  </absaspan>
  <w>,</w>
  <absaspan id=3>
    <w>oss</w>
  </absaspan>
  <absaspan id=4 senti=1>
    <w>för</w>
  </absaspan>
  <absaspan id=5 senti=1>
    <w>att</w>
    <w>vara</w>
    <w>"</w>
    <w>djupt</w>
    <w>okunniga</w>
  </absaspan>
  <w>"</w>
  <w>.</w>
  <absaspan id=6>
    <w>Det</w>
  </absaspan>
  <w>är</w>
  <absaspan id=7 senti=3>
    <w>underligt</w>
  </absaspan>
  <w>,</w>
  <w>eftersom</w>
  <w>bevisen</w>
  <w>för</w>
  <w>våra</w>
  <w>uppgifter</w>
  <w>finns</w>
  <w>svart</w>
  <w>på</w>
  <w>vitt</w>
  <w>i</w>
  <w>intyg</w>
  <w>där</w>
  <w>dessa</w>
  <w>förbund</w>
  <w>frångår</w>
  <w>den</w>
  <w>prövning</w>
  <w>de</w>
  <w>är</w>
  <w>satta</w>
  <w>att</w>
  <w>genomföra</w>
  <w>.</w>
</absapar>
<absapar id=2>
  <w>Det</w>
  <w>här</w>
  <w>är</w>
  <w>en</w>
  <w>argumenterande</w>
  <w>text</w>
  <w>med</w>
  <w>syfte</w>
  <w>att</w>
  <w>påverka</w>
  <w>.</w>
  <w>Åsikterna</w>
  <w>som</w>
  <w>uttrycks</w>
  <w>är</w>
  <w>skribentens</w>
  <w>egna</w>
  <w>.</w>
</absapar>
<absapar id=3 senti=3>
  <w>Precis</w>
  <w>som</w>
  <w>Wästfelt</w>
  <w>skriver</w>
  <w>är</w>
  <w>det</w>
  <w>Migrationsverket</w>
  <w>som</w>
  <w>fattar</w>
  <w>de</w>
  <w>slutgiltiga</w>
  <w>besluten</w>
  <w>om</w>
  <w>arbetstillstånd</w>
  <w>för</w>
  <w>arbetskraftsinvandrare</w>
  <w>.</w>
  <w>Vi</w>
  <w>har</w>
  <w>inte</w>
  <w>påstått</w>
  <w>något</w>
  <w>annat</w>
  <w>.</w>
  <w>Fackförbundens</w>
  <w>yttrande</w>
  <w>som</w>
  <w>remissinstans</w>
  <w>i</w>
  <w>processen</w>
  <w>väger</w>
  <w>dock</w>
  <w>tungt</w>
  <w>och</w>
  <w>kan</w>
  <w>vara</w>
  <w>avgörande</w>
  <w>för</w>
  <w>utgången</w>
  <w>.</w>
</absapar>
<absapar id=4>
  <w>Poängen</w>
  <w>är</w>
  <w>att</w>
  <w>det</w>
  <w>redan</w>
  <w>från</w>
  <w>början</w>
  <w>är</w>
  <absaspan id=8 senti=2>
    <w>problematiskt</w>
  </absaspan>
  <absaspan id=9>
    <w>att</w>
    <w>facket</w>
    <w>åtnjuter</w>
    <w>sådan</w>
    <w>makt</w>
    <w>i</w>
    <w>beslutsprocessen</w>
  </absaspan>
  <w>.</w>
  <w>De</w>
  <w>är</w>
  <w>knappast</w>
  <w>en</w>
  <w>neutral</w>
  <w>part</w>
  <w>i</w>
  <w>detta</w>
  <w>.</w>
  <w>När</w>
  <w>det</w>
  <w>nu</w>
  <w>dessutom</w>
  <w>visar</w>
  <w>sig</w>
  <w>att</w>
  <w>vissa</w>
  <w>förbund</w>
  <w>,</w>
  <w>som</w>
  <w>Hotell</w>
  <w>-</w>
  <w>och</w>
  <w>restaurangfacket</w>
  <w>och</w>
  <w>IF</w>
  <w>Metall</w>
  <w>,</w>
  <w>frångår</w>
  <w>sitt</w>
  <w>uppdrag</w>
  <w>och</w>
  <w>i</w>
  <w>stället</w>
  <w>tar</w>
  <w>ställning</w>
  <w>till</w>
  <w>ansökningar</w>
  <w>utifrån</w>
  <w>huruvida</w>
  <w>människor</w>
  <w>är</w>
  <w>medlemmar</w>
  <w>i</w>
  <w>facket</w>
  <w>,</w>
  <w>blir</w>
  <absaspan id=10>
    <w>situationen</w>
  </absaspan>
  <absaspan id=11 senti=1>
    <w>fullständigt</w>
    <w>oacceptabel</w>
  </absaspan>
  <w>.</w>
</absapar>
<absapar id=5 senti=3>
  <absaspan id=12>
    <w>När</w>
  </absaspan>
  <absaspan id=13>
    <w>fackförbund</w>
    <w>ger</w>
    <w>sitt</w>
    <w>utlåtande</w>
    <w>på</w>
    <w>felaktiga</w>
    <w>grunder</w>
    <w>,</w>
    <w>inte</w>
    <w>ger</w>
    <w>sitt</w>
    <w>yttrande</w>
    <w>i</w>
    <w>tid</w>
    <w>eller</w>
    <w>skickar</w>
    <w>in</w>
    <w>oriktiga</w>
    <w>underlag</w>
    <w>till</w>
    <w>Migrationsverket</w>
    <w>kan</w>
    <w>människor</w>
    <w>eller</w>
    <w>familjer</w>
    <w>utvisas</w>
    <w>,</w>
    <w>trots</w>
    <w>att</w>
    <w>de</w>
    <w>egentligen</w>
    <w>har</w>
    <w>rätt</w>
    <w>att</w>
    <w>stanna</w>
  </absaspan>
  <w>.</w>
  <absaspan id=14>
    <w>Det</w>
  </absaspan>
  <w>är</w>
  <absaspan id=15 senti=1>
    <w>förödande</w>
  </absaspan>
  <w>för</w>
  <w>personerna</w>
  <w>som</w>
  <w>drabbas</w>
  <w>.</w>
</absapar>
<absapar id=6>
  <w>Vi</w>
  <w>skriver</w>
  <w>i</w>
  <w>texten</w>
  <w>att</w>
  <w>vissa</w>
  <w>fackförbund</w>
  <w>avstyrker</w>
  <w>arbetstillstånd</w>
  <w>för</w>
  <w>personer</w>
  <w>som</w>
  <w>inte</w>
  <w>är</w>
  <w>medlemmar</w>
  <w>hos</w>
  <w>dem</w>
  <w>eller</w>
  <w>för</w>
  <w>att</w>
  <w>arbetsgivaren</w>
  <w>saknar</w>
  <w>kollektivavtal</w>
  <w>.</w>
  <w>Det</w>
  <w>innebär</w>
  <w>att</w>
  <w>andra</w>
  <w>fackförbund</w>
  <w>,</w>
  <w>såvitt</w>
  <w>vi</w>
  <w>vet</w>
  <w>,</w>
  <w>inte</w>
  <w>agerat</w>
  <w>så</w>
  <w>.</w>
  <w>Ingenstans</w>
  <w>har</w>
  <w>vi</w>
  <w>pekat</w>
  <w>ut</w>
  <w>Unionen</w>
  <w>,</w>
  <w>varför</w>
  <w>det</w>
  <w>är</w>
  <absaspan id=16 senti=3>
    <w>märkligt</w>
  </absaspan>
  <absaspan id=17>
    <w>att</w>
    <w>organisationens</w>
    <w>chefsjurist</w>
    <w>sätter</w>
    <w>sig</w>
    <w>på</w>
    <w>den</w>
    <w>anklagades</w>
    <w>bänk</w>
  </absaspan>
  <w>.</w>
</absapar>
<absapar id=7>
  <absaspan id=18>
    <w>Hotell</w>
    <w>-</w>
    <w>och</w>
    <w>restaurangfackets</w>
    <w>replik</w>
    <w>på</w>
    <w>vår</w>
    <w>artikel</w>
  </absaspan>
  <w>är</w>
  <absaspan id=19 senti=3>
    <w>om</w>
    <w>möjligt</w>
    <w>ännu</w>
    <w>märkligare</w>
    <w>än</w>
    <w>Unionens</w>
  </absaspan>
  <w>.</w>
  <w>Antingen</w>
  <w>har</w>
  <w>inte</w>
  <w>avtalssekreteraren</w>
  <w>förstått</w>
  <w>,</w>
  <w>eller</w>
  <w>alls</w>
  <w>läst</w>
  <w>vår</w>
  <w>artikel</w>
  <w>,</w>
  <w>eller</w>
  <w>så</w>
  <absaspan id=20 senti=2>
    <w>försöker</w>
  </absaspan>
  <absaspan id=21>
    <w>han</w>
  </absaspan>
  <absaspan id=22 senti=2>
    <w>slingra</w>
  </absaspan>
  <absaspan id=23 senti=2>
    <w>sig</w>
  </absaspan>
  <w>.</w>
  <w>Ingenstans</w>
  <w>skriver</w>
  <w>vi</w>
  <w>om</w>
  <w>förstagångsansökningar</w>
  <w>,</w>
  <w>vilket</w>
  <w>Per</w>
  <w>Persson</w>
  <w>menar</w>
  <w>.</w>
  <w>Hans</w>
  <w>beskrivning</w>
  <w>av</w>
  <w>den</w>
  <w>svenska</w>
  <w>modellen</w>
  <w>i</w>
  <w>allmänhet</w>
  <w>är</w>
  <w>också</w>
  <w>irrelevant</w>
  <w>i</w>
  <w>sammanhanget</w>
  <w>.</w>
</absapar>
<absapar id=8>
  <w>SvD</w>
  <w>:</w>
  <w>s</w>
  <w>NYHETSBREV</w>
  <w>VALET</w>
  <w>2018</w>
  <w>–</w>
  <w>veckans</w>
  <w>viktigaste</w>
  <w>fördjupningar</w>
  <w>och</w>
  <w>granskningar</w>
  <w>.</w>
</absapar>
<absapar id=9 senti=3>
  <w>Uppenbarligen</w>
  <w>är</w>
  <w>det</w>
  <absaspan id=24 senti=2>
    <w>problematiskt</w>
  </absaspan>
  <absaspan id=25>
    <w>att</w>
    <w>yttranden</w>
    <w>från</w>
    <w>facket</w>
    <w>ligger</w>
    <w>till</w>
    <w>grund</w>
    <w>för</w>
    <w>Migrationsverkets</w>
    <w>bedömningar</w>
  </absaspan>
  <w>.</w>
  <w>Det</w>
  <w>är</w>
  <w>därför</w>
  <absaspan id=26 senti=2>
    <w>olyckligt</w>
  </absaspan>
  <absaspan id=27>
    <w>att</w>
    <w>detta</w>
    <w>inte</w>
    <w>alls</w>
    <w>berörs</w>
    <w>i</w>
    <w>regeringens</w>
    <w>nya</w>
    <w>förslag</w>
  </absaspan>
  <w>.</w>
  <w>För</w>
  <w>en</w>
  <w>rättssäker</w>
  <w>process</w>
  <w>behöver</w>
  <w>en</w>
  <w>neutral</w>
  <w>part</w>
  <w>göra</w>
  <w>bedömningar</w>
  <w>av</w>
  <w>anställningsvillkoren</w>
  <w>.</w>
  <w>Besluten</w>
  <w>om</w>
  <w>vilka</w>
  <absaspan id=28>
    <w>villkor</w>
  </absaspan>
  <w>som</w>
  <w>är</w>
  <absaspan id=29 senti=3>
    <w>godtagbara</w>
  </absaspan>
  <w>på</w>
  <w>svensk</w>
  <w>arbetsmarknad</w>
  <w>bör</w>
  <w>också</w>
  <w>tas</w>
  <w>utifrån</w>
  <w>generella</w>
  <w>riktlinjer</w>
  <w>i</w>
  <w>stället</w>
  <w>för</w>
  <w>kollektivavtal</w>
  <w>.</w>
</absapar>
<absapar id=10>
  <w>Arvid</w>
  <w>Danielssonadvokat</w>
  <w>och</w>
  <w>delägare</w>
  <w>på</w>
  <w>CJ</w>
  <w>Advokatbyrå</w>
  <w>och</w>
  <w>specialiserad</w>
  <w>på</w>
  <w>migrationsrätt</w>
  <w>.</w>
</absapar>
<absapar id=11>
  <w>Siri</w>
  <w>Steijerprogramansvarig</w>
  <w>för</w>
  <w>arbetsmarknadsfrågor</w>
  <w>på</w>
  <w>Timbro</w>
  <w>.</w>
</absapar>
<absapar id=12>
  <w>Fredrik</w>
  <w>Hultmanförfattare</w>
  <w>till</w>
  <w>Timbros</w>
  <w>rapport</w>
  <w>"</w>
  <w>Människorna</w>
  <w>mellan</w>
  <w>stolarna</w>
  <w>"</w>
  <w>.</w>
</absapar>
<absapar id=13>
  <w>Redaktör</w>
  <w>:</w>
  <w>Carina</w>
  <w>Stensson</w>
  <w>,</w>
  <w>Biträdande</w>
  <w>redaktör</w>
  <w>:</w>
  <w>Björn</w>
  <w>Jorner</w>
  <w>,</w>
  <w>Mejl</w>
  <w>:</w>
  <w>debatt</w>
  <w>@</w>
  <w>svd.se</w>
  <w>,</w>
  <w>Telefonnummer</w>
  <w>:</w>
  <w>08</w>
  <w>-</w>
  <w>135149</w>
  <w>,</w>
  <w>Twitter</w>
  <w>:</w>
  <w>@</w>
  <w>SvDDebatt</w>
  <w>,</w>
  <w>Facebook</w>
  <w>:</w>
  <w>SvD</w>
  <w>Debatt</w>
  <w>.</w>
</absapar>
</absadoc>
