<absadoc annotators=1 senti=2>
<absatitle>
  <w>Arbetskraftinvandring</w>
  <w>från</w>
  <w>Somalia</w>
  <w>och</w>
  <w>Afghanistan</w>
  <w>.</w>
</absatitle>
<absapar id=1>
  <w>.</w>
  <w>-</w>
  <w>mellan</w>
  <w>regeringen</w>
  <w>och</w>
  <w>Miljöpartiet</w>
  <w>,</w>
  <w>rörande</w>
  <w>väsentligt</w>
  <w>ökad</w>
  <w>migration</w>
  <w>,</w>
  <w>skedde</w>
  <w>2011</w>
  <w>-</w>
  <w>03</w>
  <w>-</w>
  <w>03</w>
  <w>.</w>
  <w>Dokument</w>
  <w>på</w>
  <w>fem</w>
  <w>sidor</w>
  <w>som</w>
  <w>i</w>
  <w>koncentrat</w>
  <w>menar</w>
  <w>att</w>
  <w>:</w>
  <w>.</w>
</absapar>
<absapar id=2>
  <w>.</w>
  <w></w>
  <w>Familjeåterföreningar</w>
  <w>skulle</w>
  <w>ske</w>
  <w>,</w>
  <w>men</w>
  <w>lagens</w>
  <w>tidigare</w>
  <w>regelverk</w>
  <w>(</w>
  <w>kontroll</w>
  <w>)</w>
  <w>avseende</w>
  <w>återförening</w>
  <w>ersatts</w>
  <w>med</w>
  <w>DNA-tester</w>
  <w>.</w>
  <w>Främst</w>
  <absaspan id=1 senti=4>
    <w>omhuldades</w>
  </absaspan>
  <absaspan id=2>
    <w>somalier</w>
    <w>och</w>
    <w>afghaner</w>
    <w>(</w>
    <w>ensamkommande</w>
    <w>)</w>
  </absaspan>
  <absaspan id=3>
    <w>.</w>
  </absaspan>
</absapar>
<absapar id=3>
  <w>.</w>
  <w></w>
  <w>Arbetskraftsinvandring</w>
  <w>enligt</w>
  <w>yrkesgrupper</w>
  <w>som</w>
  <w>.</w>
  <w>(</w>
  <w>1</w>
  <w>)</w>
  <w>medhjälpare</w>
  <w>i</w>
  <w>jordbruk</w>
  <w>&</w>
  <w>skogsbruk</w>
  <w>,</w>
  <w>(</w>
  <w>2</w>
  <w>)</w>
  <w>dataspecialister</w>
  <w>,</w>
  <w>(</w>
  <w>3</w>
  <w>)</w>
  <w>storhushåll</w>
  <w>och</w>
  <w>restaurang</w>
  <w>,</w>
  <w>(</w>
  <w>4</w>
  <w>)</w>
  <w>köks</w>
  <w>och</w>
  <w>restaurangarbete</w>
  <w>,</w>
  <w>(</w>
  <w>5</w>
  <w>)</w>
  <w>civilingenjörer</w>
  <w>och</w>
  <w>arkitekter</w>
  <w>,</w>
  <w>(</w>
  <w>6</w>
  <w>)</w>
  <w>städare</w>
  <w>,</w>
  <w>(</w>
  <w>7</w>
  <w>)</w>
  <w>annat</w>
  <w>.</w>
  <w>[</w>
  <w>Ref</w>
  <w>-</w>
  <w>Prop</w>
  <w>2011</w>
  <w>/</w>
  <w>12</w>
  <w>område</w>
  <w>8</w>
  <w>sid</w>
  <w>36</w>
  <w>]</w>
  <w>.</w>
</absapar>
<absapar id=4 senti=2>
  <w>.</w>
  <w></w>
  <w>Landstingen</w>
  <w>skall</w>
  <w>förmedla</w>
  <w>subventionerad</w>
  <w>(</w>
  <w>fri</w>
  <w>)</w>
  <w>hälso</w>
  <w>-</w>
  <w>och</w>
  <w>sjukvård</w>
  <w>åt</w>
  <w>asylsökande</w>
  <w>,</w>
  <w>som</w>
  <w>håller</w>
  <w>sig</w>
  <w>undan</w>
  <w>(</w>
  <w>gömda</w>
  <w>)</w>
  <w>.</w>
  <w>Verkställande</w>
  <w>av</w>
  <w>ett</w>
  <w>beslut</w>
  <w>om</w>
  <w>avvisning</w>
  <w>eller</w>
  <w>utvisning</w>
  <w>skall</w>
  <w>i</w>
  <w>största</w>
  <w>möjliga</w>
  <w>omfattning</w>
  <w>förhindras</w>
  <w>.</w>
  <w>Alltså</w>
  <w>-</w>
  <w>det</w>
  <w>är</w>
  <w>personer</w>
  <w>som</w>
  <w>INTE</w>
  <w>har</w>
  <w>giltiga</w>
  <w>skäl</w>
  <w>att</w>
  <w>få</w>
  <w>uppehållstillstånd</w>
  <w>i</w>
  <w>Sverige</w>
  <w>men</w>
  <w>som</w>
  <w></w>
  <w>gömt</w>
  <w></w>
  <w>sig</w>
  <w>någonstans</w>
  <w>men</w>
  <w>som</w>
  <w>enligt</w>
  <w>(</w>
  <w>MP</w>
  <w>)</w>
  <w>ändå</w>
  <w>skall</w>
  <w>förmedlas</w>
  <w>hälso</w>
  <w>-</w>
  <w>och</w>
  <w>sjukvård</w>
  <w>.</w>
</absapar>
<absapar id=5 senti=3>
  <absaspan id=4>
    <w>Migrationsminister</w>
    <w>Tobias</w>
    <w>Billström</w>
  </absaspan>
  <absaspan id=5 senti=4>
    <w>sa</w>
    <w>sig</w>
    <w>vara</w>
    <w>väldigt</w>
    <w>glad</w>
    <w>över</w>
  </absaspan>
  <absaspan id=6>
    <w>denna</w>
    <w>överenskommelse</w>
  </absaspan>
  <w>.</w>
  <w>Maria</w>
  <w>Ferm</w>
  <w>(</w>
  <w>MP</w>
  <w>)</w>
  <w>ansåg</w>
  <w>att</w>
  <w>det</w>
  <w>var</w>
  <w>den</w>
  <w>viktigaste</w>
  <w>reformen</w>
  <w>på</w>
  <w>asylområdet</w>
  <w>då</w>
  <w>hon</w>
  <w>enligt</w>
  <w>SR</w>
  <w>yttrade</w>
  <w>att</w>
  <w>:</w>
  <w>"</w>
  <w>Miljöpartiet</w>
  <w>de</w>
  <w>gröna</w>
  <w>har</w>
  <w>en</w>
  <w>vision</w>
  <w>om</w>
  <w>en</w>
  <w>gränslös</w>
  <w>värld</w>
  <w>där</w>
  <w>människor</w>
  <w>inte</w>
  <w>hindras</w>
  <w>från</w>
  <w>att</w>
  <w>bo</w>
  <w>och</w>
  <w>verka</w>
  <w>där</w>
  <w>de</w>
  <w>så</w>
  <w>önskar</w>
  <w></w>
  <w>.</w>
  <w>Ramöverenskommelsen</w>
  <w>kom</w>
  <w>senare</w>
  <w>att</w>
  <w>landa</w>
  <w>i</w>
  <w>nyssnämnda</w>
  <w>proposition</w>
  <w>[</w>
  <w>2011</w>
  <w>/</w>
  <w>12</w>
  <w>område</w>
  <w>8</w>
  <w>]</w>
  <w>.</w>
</absapar>
<absapar id=6 senti=3>
  <w>Asylsökande</w>
  <w>bestod</w>
  <w>år</w>
  <w>2010</w>
  <w>i</w>
  <w>första</w>
  <w>hand</w>
  <w>från</w>
  <w>Serbien</w>
  <w>&</w>
  <w>Makedonien</w>
  <w>som</w>
  <w>resultat</w>
  <w>av</w>
  <w>viseringsfrihet</w>
  <w>år</w>
  <w>2009</w>
  <w>.</w>
  <w>Men</w>
  <w>dessa</w>
  <w>tillhörde</w>
  <w>gruppen</w>
  <w>som</w>
  <w>avvisades</w>
  <w>.</w>
  <w>Det</w>
  <w>är</w>
  <w>nu</w>
  <absaspan id=7>
    <w>asylsökande</w>
  </absaspan>
  <absaspan id=8>
    <w>från</w>
    <w>andra</w>
    <w>sidan</w>
    <w>jordklotet</w>
    <w>,</w>
    <w>Afghanistan</w>
    <w>och</w>
    <w>Somalia</w>
  </absaspan>
  <absaspan id=9>
    <w>som</w>
  </absaspan>
  <absaspan id=10 senti=4>
    <w>omhuldas</w>
  </absaspan>
  <absaspan id=11>
    <w>.</w>
  </absaspan>
</absapar>
<absapar id=7 senti=2>
  <w></w>
  <w>Förändringarna</w>
  <w>av</w>
  <w>migrationspolitiken</w>
  <w>har</w>
  <w>betydande</w>
  <w>konsekvenser</w>
  <w>för</w>
  <w>de</w>
  <w>offentliga</w>
  <w>finanserna</w>
  <w>.</w>
  <w>Den</w>
  <w>preliminära</w>
  <w>bedömningen</w>
  <w>,</w>
  <w>som</w>
  <w>är</w>
  <w>förknippad</w>
  <w>med</w>
  <w>stor</w>
  <w>osäkerhet</w>
  <w>,</w>
  <w>är</w>
  <w>att</w>
  <w>de</w>
  <w>aktuella</w>
  <w>förslagen</w>
  <w>kan</w>
  <w>medföra</w>
  <w>kostnader</w>
  <w>på</w>
  <w>upp</w>
  <w>till</w>
  <w>1,7</w>
  <w>mdkr</w>
  <w>.</w>
  <w>Bedömningen</w>
  <w>ska</w>
  <w>inte</w>
  <w>ses</w>
  <w>som</w>
  <w>en</w>
  <w>reformram</w>
  <w>utan</w>
  <w>ambitionen</w>
  <w>är</w>
  <w>,</w>
  <w>som</w>
  <w>alltid</w>
  <w>,</w>
  <w>att</w>
  <w>genomföra</w>
  <w>de</w>
  <w>aktuella</w>
  <w>förslagen</w>
  <w>på</w>
  <w>ett</w>
  <w>kostnadseffektivt</w>
  <w>sätt</w>
  <w>.</w>
  <w>Den</w>
  <w>exakta</w>
  <w>budgetramen</w>
  <w>kan</w>
  <w>fastställas</w>
  <w>först</w>
  <w>efter</w>
  <w>att</w>
  <w>utredningar</w>
  <w>och</w>
  <w>fullständig</w>
  <w>budgetberedning</w>
  <w>är</w>
  <w>genomförd</w>
  <w>.</w>
  <w>I</w>
  <w>den</w>
  <w>fortsatta</w>
  <w>hanteringen</w>
  <w>ska</w>
  <w>de</w>
  <w>samlade</w>
  <w>effekterna</w>
  <w>beaktas</w>
  <w>.</w>
  <absaspan id=12>
    <w>Regeringen</w>
    <w>och</w>
    <w>Miljöpartiet</w>
  </absaspan>
  <w>är</w>
  <w>överens</w>
  <w>om</w>
  <w>att</w>
  <w>samarbetet</w>
  <w>ska</w>
  <w>ske</w>
  <w>i</w>
  <w>en</w>
  <w>anda</w>
  <w>av</w>
  <w>samförstånd</w>
  <w>och</w>
  <w>att</w>
  <absaspan id=13>
    <w>gemensamma</w>
    <w>lösningar</w>
  </absaspan>
  <absaspan id=14 senti=4>
    <w>ska</w>
    <w>eftersträvas</w>
  </absaspan>
  <w>.</w>
  <w>Överenskommelsen</w>
  <w>skapar</w>
  <w>förutsättningar</w>
  <w>för</w>
  <w>att</w>
  <absaspan id=15>
    <w>Sverige</w>
  </absaspan>
  <w>även</w>
  <w>i</w>
  <w>fortsättningen</w>
  <w>kommer</w>
  <w>att</w>
  <w>vara</w>
  <w>ett</w>
  <w>land</w>
  <w>,</w>
  <w>öppet</w>
  <w>mot</w>
  <w>omvärlden</w>
  <w>,</w>
  <absaspan id=16>
    <w>som</w>
  </absaspan>
  <absaspan id=17 senti=4>
    <w>kan</w>
    <w>utgöra</w>
    <w>en</w>
    <w>fristad</w>
  </absaspan>
  <w>för</w>
  <w>dem</w>
  <w>som</w>
  <w>flyr</w>
  <w>undan</w>
  <w>förföljelse</w>
  <w>och</w>
  <w>förtryck</w>
  <w>.</w>
  <w>Med</w>
  <w>de</w>
  <w>överenskomna</w>
  <w>åtgärderna</w>
  <w>kommer</w>
  <w>fler</w>
  <w>människor</w>
  <w>att</w>
  <w>kunna</w>
  <w>bygga</w>
  <w>sin</w>
  <w>framtid</w>
  <w>i</w>
  <w>Sverige</w>
  <w>.</w>
  <w></w>
  <w>.</w>
</absapar>
<absapar id=8 senti=2>
  <w>Om</w>
  <w>man</w>
  <w>skall</w>
  <w>tro</w>
  <w>verksamhetschefen</w>
  <w>Jonas</w>
  <w>Lindgren</w>
  <w>på</w>
  <w>Migrationsverket</w>
  <w>som</w>
  <w>besökt</w>
  <w>ambassaden</w>
  <w>i</w>
  <w>Etiopiens</w>
  <w>huvudstad</w>
  <w>Addis</w>
  <w>Abeba</w>
  <w>,</w>
  <w>köar</w>
  <w>där</w>
  <w>mellan</w>
  <w>250</w>
  <w>-</w>
  <w>450</w>
  <w>personer</w>
  <w>varje</w>
  <w>dag</w>
  <w>för</w>
  <w>att</w>
  <w>unerteckna</w>
  <w>handlingar</w>
  <w>för</w>
  <w>inresa</w>
  <w>till</w>
  <w>Sverige</w>
  <w>.</w>
  <w>Men</w>
  <w>verksamhetschef</w>
  <w>Jonas</w>
  <w>Lindgren</w>
  <w>anser</w>
  <w>att</w>
  <w>regeringen</w>
  <w>och</w>
  <w>Migrationsverket</w>
  <w>underskattat</w>
  <w>antalet</w>
  <w>personer</w>
  <w>som</w>
  <w>kommer</w>
  <w>att</w>
  <w>söka</w>
  <w>sig</w>
  <w>till</w>
  <w>Sverige</w>
  <w>efter</w>
  <w>regeringens</w>
  <w>ramöverenskommelse</w>
  <w>med</w>
  <w>Miljöpartiet</w>
  <w>.</w>
  <w>Enligt</w>
  <w>Jonas</w>
  <w>Lindgren</w>
  <w>så</w>
  <w>kan</w>
  <w>så</w>
  <w>mycket</w>
  <w>som</w>
  <w>2000</w>
  <w>somalier</w>
  <w>komma</w>
  <w>till</w>
  <w>Sverige</w>
  <w>,</w>
  <w>inte</w>
  <w>årligen</w>
  <w>utan</w>
  <w>varje</w>
  <w>vecka</w>
  <w>.</w>
  <w>Det</w>
  <w>handlar</w>
  <w>om</w>
  <w>mer</w>
  <w>än</w>
  <w>en</w>
  <w>Airbus</w>
  <w>om</w>
  <w>dagen</w>
  <w>från</w>
  <w>Somalia</w>
  <w>.</w>
  <w>Då</w>
  <w>talar</w>
  <w>vi</w>
  <w>om</w>
  <w>över</w>
  <w>100.000</w>
  <w>personer</w>
  <w>på</w>
  <w>ett</w>
  <w>år</w>
  <w>från</w>
  <w>,</w>
  <w>ett</w>
  <w>enda</w>
  <w>land</w>
  <w>,</w>
  <w>vars</w>
  <w>invånare</w>
  <w>anses</w>
  <w>vara</w>
  <w>de</w>
  <w>mest</w>
  <w>svårintegrerade</w>
  <w>personer</w>
  <w>som</w>
  <w>vi</w>
  <w>idag</w>
  <w>har</w>
  <w>i</w>
  <w>Sverige</w>
  <w>.</w>
  <w>Utbildningsnivån</w>
  <w>är</w>
  <w>så</w>
  <w>gott</w>
  <w>som</w>
  <w>obefintlig</w>
  <w>med</w>
  <w>en</w>
  <w>stor</w>
  <w>andel</w>
  <w>analfabeter</w>
  <w>.</w>
</absapar>
<absapar id=9 senti=2>
  <absaspan id=18>
    <w>Ekonomiskt</w>
  </absaspan>
  <absaspan id=19>
    <w>bistånd</w>
  </absaspan>
  <w>kommer</w>
  <w>att</w>
  <w>bli</w>
  <w>extremt</w>
  <w>stort</w>
  <w>för</w>
  <w>de</w>
  <w>flesta</w>
  <w>svenska</w>
  <w>kommuner</w>
  <w>och</w>
  <w>för</w>
  <w>vissa</w>
  <absaspan id=20 senti=2>
    <w>kommer</w>
  </absaspan>
  <absaspan id=21>
    <w>det</w>
  </absaspan>
  <absaspan id=22 senti=2>
    <w>innebära</w>
  </absaspan>
  <absaspan id=23 senti=2>
    <w>rena</w>
    <w>katastrofen</w>
  </absaspan>
  <w>.</w>
  <absaspan id=24>
    <w>Kommunerna</w>
    <w>Växjö</w>
    <w>,</w>
    <w>Borlänge</w>
    <w>och</w>
    <w>Katrineholm</w>
    <w>,</w>
    <w>m</w>
    <w>fl</w>
  </absaspan>
  <absaspan id=25 senti=2>
    <w>har</w>
    <w>varnat</w>
    <w>för</w>
  </absaspan>
  <absaspan id=26>
    <w>konsekvenserna</w>
  </absaspan>
  <w>men</w>
  <w>sanningen</w>
  <w>lär</w>
  <w>bli</w>
  <w>än</w>
  <w>värre</w>
  <w>än</w>
  <w>befarat</w>
  <w>om</w>
  <w>Migrationsverkets</w>
  <w>förutsägelser</w>
  <w>stämmer</w>
  <w>.</w>
  <w>Alltså</w>
  <w>-</w>
  <w>det</w>
  <w>finns</w>
  <w></w>
  <w>ingen</w>
  <w>som</w>
  <w>vet</w>
  <w></w>
  <w>hur</w>
  <w>många</w>
  <w>anhöriginvandrare</w>
  <w>från</w>
  <w>Somalia</w>
  <w>som</w>
  <w>tar</w>
  <w>sig</w>
  <w>till</w>
  <w>Sverige</w>
  <w>.</w>
  <w>DNA-testerna</w>
  <w>som</w>
  <w>gränsdragning</w>
  <w>tycks</w>
  <w>ha</w>
  <w>kollapsat</w>
  <w>.</w>
</absapar>
<absapar id=10>
  <w>DN</w>
  <w>skriver</w>
  <w>2012</w>
  <w>-</w>
  <w>07</w>
  <w>-</w>
  <w>31</w>
  <w>.</w>
</absapar>
<absapar id=11>
  <w>Länk</w>
  <w>:</w>
  <w>.</w>
</absapar>
<absapar id=12 senti=3>
  <w></w>
  <w>Migrationsverket</w>
  <w>spår</w>
  <w>en</w>
  <w>kraftig</w>
  <w>ökning</w>
  <w>av</w>
  <w>antalet</w>
  <w>asylsökande</w>
  <w>de</w>
  <w>närmaste</w>
  <w>två</w>
  <w>åren</w>
  <w>.</w>
  <w>I</w>
  <w>år</w>
  <w>förväntas</w>
  <w>38</w>
  <w>.</w>
  <w>000</w>
  <w>söka</w>
  <w>asyl</w>
  <w>i</w>
  <w>Sverige</w>
  <w>,</w>
  <w>vilket</w>
  <w>är</w>
  <w>den</w>
  <w>högsta</w>
  <w>siffran</w>
  <w>under</w>
  <w>2000</w>
  <w>-</w>
  <w>talet</w>
  <w>.</w>
  <w>Störst</w>
  <w>ökning</w>
  <w>väntas</w>
  <w>från</w>
  <w>Syrien</w>
  <w>.</w>
  <w>Det</w>
  <w>ökade</w>
  <w>våldet</w>
  <w>i</w>
  <w>Syrien</w>
  <w>har</w>
  <w>inneburit</w>
  <w>att</w>
  <w>närmare</w>
  <w>100</w>
  <w>000</w>
  <w>syrier</w>
  <w>befinner</w>
  <w>sig</w>
  <w>på</w>
  <w>flykt</w>
  <w>i</w>
  <w>grann</w>
  <w>¬</w>
  <w>länderna</w>
  <w>.</w>
  <w>Men</w>
  <w>även</w>
  <w>i</w>
  <w>Sverige</w>
  <w>och</w>
  <w>Tyskland</w>
  <w>,</w>
  <w>det</w>
  <w>land</w>
  <w>som</w>
  <w>tagit</w>
  <w>emot</w>
  <w>flest</w>
  <w>asylsökande</w>
  <w>,</w>
  <w>har</w>
  <w>antalet</w>
  <w>fördubblats</w>
  <w>under</w>
  <w>sommaren</w>
  <w>.</w>
  <w>Sammanlagt</w>
  <w>har</w>
  <w>nu</w>
  <w>1</w>
  <w>.</w>
  <w>212</w>
  <w>syrier</w>
  <w>sökt</w>
  <w>asyl</w>
  <w>i</w>
  <w>Sverige</w>
  <w>i</w>
  <w>år</w>
  <w>.</w>
  <w>Migrationsverket</w>
  <w>jämför</w>
  <w>situationen</w>
  <w>med</w>
  <w>år</w>
  <w>2006</w>
  <w>då</w>
  <w>antalet</w>
  <w>asylsökande</w>
  <w>från</w>
  <w>Irak</w>
  <w>steg</w>
  <w>med</w>
  <w>över</w>
  <w>10</w>
  <w>.</w>
  <w>000</w>
  <w>på</w>
  <w>ett</w>
  <w>år</w>
  <w>.</w>
  <w>Samtidigt</w>
  <w>pågår</w>
  <w>fler</w>
  <w>stora</w>
  <w>konflikter</w>
  <w>ute</w>
  <w>i</w>
  <w>världen</w>
  <w>.</w>
  <w>Somalier</w>
  <w>och</w>
  <w>afghaner</w>
  <w>är</w>
  <w>fortfarande</w>
  <w>de</w>
  <w>största</w>
  <w>grupperna</w>
  <w>.</w>
  <w>Även</w>
  <w>härifrån</w>
  <w>stiger</w>
  <w>¬</w>
  <w>antalet</w>
  <w>.</w>
  <w>Migrationsverket</w>
  <w>begär</w>
  <w>därför</w>
  <w>en</w>
  <w>anslagskredit</w>
  <w>motsvarande</w>
  <w>125</w>
  <w>miljoner</w>
  <w>kronor</w>
  <w>för</w>
  <w>2012</w>
  <w></w>
  <w>.</w>
  <w>Just</w>
  <w>nu</w>
  <w>väntar</w>
  <w>redan</w>
  <w>3</w>
  <w>.</w>
  <w>000</w>
  <w>personer</w>
  <w>på</w>
  <w>att</w>
  <w>få</w>
  <w>en</w>
  <w>kommunplats</w>
  <w>.</w>
  <w>Enligt</w>
  <w>prognosen</w>
  <w>kan</w>
  <w>det</w>
  <w>snart</w>
  <w>vara</w>
  <w>6</w>
  <w>.000</w>
  <w>.</w>
</absapar>
<absapar id=13 senti=3>
  <w>.</w>
  <w>:</w>
  <w></w>
  <w>Utvecklingen</w>
  <w>i</w>
  <w>Syrien</w>
  <w>är</w>
  <w>förstås</w>
  <w>avgörande</w>
  <w>för</w>
  <w>hur</w>
  <w>många</w>
  <w>som</w>
  <w>¬</w>
  <w>söker</w>
  <w>sig</w>
  <w>hit</w>
  <w>.</w>
  <w>Vi</w>
  <w>tar</w>
  <w>prognosen</w>
  <w>på</w>
  <w>största</w>
  <w>allvar</w>
  <w>.</w>
  <w>Men</w>
  <w>det</w>
  <w>är</w>
  <w>svårt</w>
  <w>att</w>
  <w>här</w>
  <w>och</w>
  <w>nu</w>
  <w>ta</w>
  <w>ställning</w>
  <w>till</w>
  <w>om</w>
  <w>Migrationsverket</w>
  <w>ska</w>
  <w>beviljas</w>
  <w>mer</w>
  <w>pengar</w>
  <w></w>
  <w>,</w>
  <w>säger</w>
  <w>migrations</w>
  <w>¬</w>
  <w>minister</w>
  <w>Tobias</w>
  <w>Billström</w>
  <w>(</w>
  <w>M</w>
  <w>)</w>
  <w>.</w>
  <w>[</w>
  <w>.</w>
  <w>.</w>
  <w>.</w>
  <w>]</w>
  <w>.</w>
</absapar>
<absapar id=14>
  <w>.</w>
  <w>-</w>
  <w>med</w>
  <w>det</w>
  <w>nya</w>
  <w>regelverket</w>
  <w>för</w>
  <w></w>
  <w>arbetskraftsinvandrare</w>
  <w></w>
  <w>,</w>
  <w>skall</w>
  <w>statliga</w>
  <w>medel</w>
  <w>stå</w>
  <w>för</w>
  <w>introduktion</w>
  <w>under</w>
  <w>två</w>
  <w>år</w>
  <w>så</w>
  <w>att</w>
  <w>den</w>
  <w>nyanlände</w>
  <w>kan</w>
  <w>bli</w>
  <w>arbetsför</w>
  <w>.</w>
  <w>Men</w>
  <w>om</w>
  <w>så</w>
  <w>inte</w>
  <w>sker</w>
  <w>faller</w>
  <w>kostnaderna</w>
  <w>på</w>
  <w>den</w>
  <w>kommun</w>
  <w>som</w>
  <w>de</w>
  <w></w>
  <w>arbetsvilliga</w>
  <w></w>
  <w>landat</w>
  <w>.</w>
</absapar>
<absapar id=15>
  <w>.</w>
  <w>-</w>
  <w>DN</w>
  <w>skrev</w>
  <w>2012</w>
  <w>-</w>
  <w>07</w>
  <w>-</w>
  <w>27</w>
  <w>13</w>
  <w>:</w>
  <w>37</w>
  <w>.</w>
</absapar>
<absapar id=16>
  <w>Länk</w>
  <w>:</w>
  <w>.</w>
</absapar>
<absapar id=17>
  <w>Den</w>
  <w>höga</w>
  <w>ungdomsarbetslösheten</w>
  <w>i</w>
  <w>Sverige</w>
  <w>får</w>
  <w>många</w>
  <w>att</w>
  <w>söka</w>
  <w>sig</w>
  <w>utomlands</w>
  <w>för</w>
  <w>sommarjobb</w>
  <w>.</w>
  <w>Norge</w>
  <w>är</w>
  <w>klart</w>
  <w>vanligaste</w>
  <w>målet</w>
  <w>,</w>
  <w>men</w>
  <w>även</w>
  <absaspan id=27 senti=2>
    <w>krisländerna</w>
  </absaspan>
  <w>i</w>
  <w>Sydeuropa</w>
  <w>anställer</w>
  <w>svenskar</w>
  <w>.</w>
  <w>Arbetsförmedlingen</w>
  <w>i</w>
  <w>Göteborg</w>
  <w>tar</w>
  <w>emot</w>
  <w>många</w>
  <w>ungdomar</w>
  <w>som</w>
  <w>vill</w>
  <w>arbeta</w>
  <w>utomlands</w>
  <w>.</w>
  <w>Där</w>
  <w>får</w>
  <w>de</w>
  <w>information</w>
  <w>både</w>
  <w>före</w>
  <w>och</w>
  <w>efter</w>
  <w>resan</w>
  <w>,</w>
  <w>om</w>
  <w>var</w>
  <w>man</w>
  <w>kan</w>
  <w>hitta</w>
  <w>jobb</w>
  <w>och</w>
  <w>bostad</w>
  <w>och</w>
  <w>vad</w>
  <w>som</w>
  <w>gäller</w>
  <w>när</w>
  <w>man</w>
  <w>kommer</w>
  <w>hem</w>
  <w>.</w>
  <w>:</w>
  <w></w>
  <w>Många</w>
  <w>ungdomar</w>
  <w>har</w>
  <w>svårt</w>
  <w>att</w>
  <w>få</w>
  <w>jobb</w>
  <w>i</w>
  <w>Sverige</w>
  <w>,</w>
  <w>då</w>
  <w>söker</w>
  <w>de</w>
  <w>sig</w>
  <w>till</w>
  <w>andra</w>
  <w>länder</w>
  <w>,</w>
  <w>säger</w>
  <w>Lena</w>
  <w>Westling</w>
  <w>Seljee</w>
  <w>,</w>
  <w>Euresrådgivare</w>
  <w>på</w>
  <w>Arbetsförmedlingen</w>
  <w>i</w>
  <w>Göteborg</w>
  <w></w>
  <w>.</w>
  <w>[</w>
  <w>.</w>
  <w>.</w>
  <w>.</w>
  <w>]</w>
  <w>.</w>
</absapar>
<absapar id=18>
  <w>Några</w>
  <w>siffror</w>
  <w>över</w>
  <w>exakt</w>
  <w>hur</w>
  <w>många</w>
  <w>svenskar</w>
  <w>som</w>
  <w>jobbar</w>
  <w>i</w>
  <w>andra</w>
  <w>länder</w>
  <w>finns</w>
  <w>inte</w>
  <w>.</w>
  <w>Men</w>
  <w>bara</w>
  <w>i</w>
  <w>Norge</w>
  <w>finns</w>
  <w>nära</w>
  <w>68.000</w>
  <w>svenskar</w>
  <w>med</w>
  <w>skattekort</w>
  <w>för</w>
  <w>2012</w>
  <w>,</w>
  <w>enligt</w>
  <w>det</w>
  <w>norska</w>
  <w>skatteverket</w>
  <w>.</w>
  <w>Det</w>
  <w>är</w>
  <w>en</w>
  <w>ökning</w>
  <w>med</w>
  <w>drygt</w>
  <w>2</w>
  <w>000</w>
  <w>personer</w>
  <w>från</w>
  <w>förra</w>
  <w>året</w>
  <w>.</w>
  <w>Skattekort</w>
  <w>har</w>
  <w>alla</w>
  <w>som</w>
  <w>arbetar</w>
  <w>i</w>
  <w>Norge</w>
  <w>,</w>
  <w>tillfälligt</w>
  <w>eller</w>
  <w>under</w>
  <w>en</w>
  <w>längre</w>
  <w>period</w>
  <w>,</w>
  <w>men</w>
  <w>också</w>
  <w>pensionärer</w>
  <w>.</w>
  <w>:</w>
  <w></w>
  <w>Norge</w>
  <w>är</w>
  <w>absolut</w>
  <w>vanligast</w>
  <w>att</w>
  <w>jobba</w>
  <w>i</w>
  <w>,</w>
  <w>säger</w>
  <w>Lena</w>
  <w>Westling</w>
  <w>Seljee</w>
  <w></w>
  <w>.</w>
</absapar>
<absapar id=19>
  <w></w>
  <w>De</w>
  <w>flesta</w>
  <w>arbetena</w>
  <w>finns</w>
  <w>inom</w>
  <w>service</w>
  <w>-</w>
  <w>och</w>
  <w>bemanningsbranschen</w>
  <w>,</w>
  <w>men</w>
  <w>akademiker</w>
  <w>har</w>
  <w>också</w>
  <w>lätt</w>
  <w>att</w>
  <w>få</w>
  <w>anställning</w>
  <w>.</w>
  <w>:</w>
  <w></w>
  <w>Sjuksköterskor</w>
  <w>och</w>
  <w>undersköterskor</w>
  <w>har</w>
  <w>en</w>
  <w>gyllene</w>
  <w>marknad</w>
  <w>i</w>
  <w>Norge</w>
  <w>just</w>
  <w>nu</w>
  <w>.</w>
  <w></w>
  <w>Men</w>
  <absaspan id=28>
    <w>svensk</w>
    <w>arbetskraft</w>
  </absaspan>
  <absaspan id=29 senti=4>
    <w>är</w>
    <w>inte</w>
    <w>bara</w>
    <w>populär</w>
  </absaspan>
  <absaspan id=30>
    <w>i</w>
    <w>Norge</w>
  </absaspan>
  <w>.</w>
  <w>Även</w>
  <absaspan id=31 senti=2>
    <w>krisländer</w>
    <w>som</w>
  </absaspan>
  <absaspan id=32>
    <w>Spanien</w>
    <w>och</w>
    <w>Grekland</w>
  </absaspan>
  <absaspan id=33>
    <w>anställer</w>
  </absaspan>
  <absaspan id=34 senti=4>
    <w>gärna</w>
  </absaspan>
  <absaspan id=35>
    <w>svenska</w>
  </absaspan>
  <absaspan id=36>
    <w>ungdomar</w>
  </absaspan>
  <w>.</w>
  <absaspan id=37>
    <w>De</w>
  </absaspan>
  <w>är</w>
  <w>kända</w>
  <w>för</w>
  <w>att</w>
  <w>vara</w>
  <w>punktliga</w>
  <w>och</w>
  <w>språkkunniga</w>
  <w>och</w>
  <absaspan id=38 senti=4>
    <w>är</w>
    <w>därför</w>
    <w>eftertraktade</w>
  </absaspan>
  <absaspan id=39>
    <w>i</w>
    <w>turism</w>
    <w>-</w>
    <w>och</w>
    <w>servicebranschen</w>
  </absaspan>
  <w></w>
  <w>.</w>
  <w>[</w>
  <w>.</w>
  <w>.</w>
  <w>.</w>
  <w>]</w>
  <w>.</w>
</absapar>
<absapar id=20 senti=2>
  <w>.</w>
  <w>-</w>
  <w>lägg</w>
  <w>märke</w>
  <w>till</w>
  <w>DN</w>
  <absaspan id=40 senti=2>
    <w>schaskiga</w>
  </absaspan>
  <absaspan id=41>
    <w>rubrik</w>
    <w></w>
    <w>Jobbsugna</w>
  </absaspan>
  <w></w>
  <w>.</w>
  <w>Frågan</w>
  <w>än</w>
  <w>om</w>
  <w>de</w>
  <w>som</w>
  <w>nu</w>
  <w>hit</w>
  <w>kommer</w>
  <w>från</w>
  <w>Somalia</w>
  <w>,</w>
  <w>Afghanistan</w>
  <w>också</w>
  <w>är</w>
  <w></w>
  <w>Jobbsugna</w>
  <w></w>
  <w>?</w>
  <w>Eljest</w>
  <w>finns</w>
  <w>ju</w>
  <w>alltid</w>
  <w>möjligheten</w>
  <w>att</w>
  <w>söka</w>
  <w>arbete</w>
  <w>i</w>
  <w>Norge</w>
  <w>eller</w>
  <w>andra</w>
  <w>länder</w>
  <w>i</w>
  <w>Europa</w>
  <w>.</w>
  <w>Frågan</w>
  <w>är</w>
  <w>om</w>
  <w>Billström</w>
  <w>skulle</w>
  <w>godta</w>
  <w>att</w>
  <w>hit</w>
  <w>komna</w>
  <w>från</w>
  <w>fjärran</w>
  <w>länder</w>
  <w>av</w>
  <w>någon</w>
  <w>anledning</w>
  <w>skulle</w>
  <w>söka</w>
  <w>jobb</w>
  <w>i</w>
  <w>Norge</w>
  <w>?</w>
  <w>Vilken</w>
  <w>skandal</w>
  <w>det</w>
  <w>skulle</w>
  <w>bli</w>
  <w>!</w>
  <w>.</w>
</absapar>
<absapar id=21 senti=2>
  <w>Jag</w>
  <w>finner</w>
  <w>troligt</w>
  <w>att</w>
  <w>läsarna</w>
  <w>att</w>
  <w>läsarna</w>
  <w>omedelbart</w>
  <w>ser</w>
  <absaspan id=42 senti=2>
    <w>det</w>
  </absaspan>
  <absaspan id=43 senti=2>
    <w>skriande</w>
    <w>vansinne</w>
  </absaspan>
  <absaspan id=44>
    <w>som</w>
    <w>våra</w>
    <w>folkvalda</w>
    <w>nyligen</w>
    <w>har</w>
    <w>fört</w>
    <w>in</w>
    <w>Sverige</w>
  </absaspan>
  <w>och</w>
  <absaspan id=45>
    <w>som</w>
  </absaspan>
  <absaspan id=46 senti=2>
    <w>drabbar</w>
  </absaspan>
  <w>svenska</w>
  <w>folket</w>
  <w>.</w>
  <w>Hit</w>
  <w>kommer</w>
  <w>nu</w>
  <w>Somalier</w>
  <w>och</w>
  <w>Afghaner</w>
  <w>ävensom</w>
  <w>Syrianer</w>
  <w>,</w>
  <w>som</w>
  <w>enligt</w>
  <w>Tobias</w>
  <w>Billström</w>
  <w></w>
  <w>snabbt</w>
  <w></w>
  <w>måste</w>
  <w>komma</w>
  <w>i</w>
  <w>arbete</w>
  <w>.</w>
</absapar>
<absapar id=22 senti=2>
  <w>Om</w>
  <w>nu</w>
  <w>Tobias</w>
  <w>Billström</w>
  <w>och</w>
  <w>kamarillan</w>
  <w>i</w>
  <w>riksdagshuset</w>
  <w>till</w>
  <w>äventyr</w>
  <w>har</w>
  <w>läst</w>
  <w>huru</w>
  <w>svenska</w>
  <w>ungdomar</w>
  <w>nödgas</w>
  <w>fara</w>
  <w>till</w>
  <w>Norge</w>
  <w>eller</w>
  <w>andra</w>
  <w>länder</w>
  <w>i</w>
  <w>Europa</w>
  <w>för</w>
  <w>att</w>
  <w>få</w>
  <w>arbete</w>
  <w>,</w>
  <w>skäms</w>
  <w>de</w>
  <w>inte</w>
  <w>ögonen</w>
  <w>ur</w>
  <w>sig</w>
  <w>!</w>
  <w>Kan</w>
  <absaspan id=47>
    <w>de</w>
    <w>folkvaldas</w>
  </absaspan>
  <absaspan id=48 senti=2>
    <w>förräderi</w>
  </absaspan>
  <w>bli</w>
  <w>större</w>
  <w>!</w>
  <w>Naturligtvis</w>
  <w>upptäcker</w>
  <absaspan id=49>
    <w>de</w>
  </absaspan>
  <absaspan id=50>
    <w></w>
    <w>nyanlända</w>
  </absaspan>
  <w></w>
  <w>att</w>
  <absaspan id=51>
    <w>de</w>
  </absaspan>
  <absaspan id=52 senti=4>
    <w>omhuldas</w>
  </absaspan>
  <w>jämfört</w>
  <w>med</w>
  <w>ursprungsbefolkning</w>
  <w>och</w>
  <w>uppträder</w>
  <w>givetvis</w>
  <w>därefter</w>
  <absaspan id=53>
    <w>.</w>
  </absaspan>
  <absaspan id=54 senti=2>
    <w>Illa</w>
    <w>nog</w>
  </absaspan>
  <absaspan id=55>
    <w>har</w>
    <w>flertalet</w>
    <w>svenskar</w>
    <w>ännu</w>
    <w>ej</w>
    <w>förmärkt</w>
    <w>att</w>
    <w>de</w>
    <w>sakta</w>
    <w>,</w>
    <w>sakta</w>
    <w>håller</w>
    <w>på</w>
    <w>att</w>
    <w>bytas</w>
    <w>ut</w>
  </absaspan>
  <w>.</w>
</absapar>
<absapar id=23>
  <w>Mvh</w>
  <w>/</w>
  <w>Skribenten</w>
  <w>.</w>
</absapar>
</absadoc>
