<absadoc annotators=1 senti=0>
<absatitle>
  <w>Mattias</w>
  <w>Karlsson</w>
  <w>(</w>
  <w>SD</w>
  <w>)</w>
  <w>:</w>
  <w>"</w>
  <w>En</w>
  <w>röst</w>
  <w>på</w>
  <w>Hanif</w>
  <w>Bali</w>
  <w>är</w>
  <w>en</w>
  <w>röst</w>
  <w>för</w>
  <w>fortsatt</w>
  <absaspan id=1 senti=1>
    <w>massinvandring</w>
  </absaspan>
  <w>"</w>
  <w>.</w>
</absatitle>
<absapar id=1 senti=3>
  <w>Mattias</w>
  <w>Karlsson</w>
  <w>(</w>
  <w>SD</w>
  <w>)</w>
  <w>säger</w>
  <w>att</w>
  <w>en</w>
  <w>röst</w>
  <w>på</w>
  <w>Hanif</w>
  <w>Bali</w>
  <w>är</w>
  <w>en</w>
  <w>röst</w>
  <w>för</w>
  <w>mer</w>
  <absaspan id=2 senti=1>
    <w>massinvandring</w>
  </absaspan>
  <w>.</w>
  <w>Han</w>
  <w>påpekar</w>
  <w>även</w>
  <w>att</w>
  <w>hans</w>
  <w>parti</w>
  <w>vill</w>
  <w>samarbeta</w>
  <w>med</w>
  <w>mångkulturalister</w>
  <w>inom</w>
  <w>borgerligheten</w>
  <w>.</w>
</absapar>
<absapar id=2>
  <w>Detta</w>
  <w>fick</w>
  <w>Bali</w>
  <w>att</w>
  <w>gå</w>
  <w>i</w>
  <w>taket</w>
  <w>.</w>
  <w>Men</w>
  <w>faktumet</w>
  <w>kvarstår</w>
  <w>att</w>
  <w>inget</w>
  <w>som</w>
  <w>Mattias</w>
  <w>Karlsson</w>
  <w>sagt</w>
  <w>är</w>
  <w>fel</w>
  <w>.</w>
</absapar>
<absapar id=3>
  <w>Vad</w>
  <w>tycker</w>
  <w>ni</w>
  <w>om</w>
  <w>denna</w>
  <w>debacle</w>
  <w>?</w>
  <w>.</w>
</absapar>
<absapar id=4>
  <w>Anser</w>
  <w>ni</w>
  <w>att</w>
  <w>Mattias</w>
  <w>Karlsson</w>
  <w>har</w>
  <w>rätt</w>
  <w>?</w>
  <w>.</w>
</absapar>
<absapar id=5>
  <w>Är</w>
  <w>det</w>
  <absaspan id=3 senti=2>
    <w>problematiskt</w>
  </absaspan>
  <absaspan id=4>
    <w>att</w>
    <w>Hanif</w>
    <w>Bali</w>
    <w>slår</w>
    <w>ifrån</w>
    <w>sig</w>
    <w>med</w>
    <w>att</w>
    <w>vänstermoderater</w>
    <w>tar</w>
    <w>över</w>
    <w>hans</w>
    <w>parti</w>
    <w>om</w>
    <w>han</w>
    <w>kritiseras</w>
    <w>av</w>
    <w>SD</w>
  </absaspan>
  <w>?</w>
  <w>.</w>
</absapar>
</absadoc>
