<absadoc annotators=1 senti=>
<absatitle>
  <w>Det</w>
  <w>finns</w>
  <absaspan id=1 senti=4 target=2>
    <w>viktigare</w>
  </absaspan>
  <absaspan id=2>
    <w>frågor</w>
  </absaspan>
  <w>än</w>
  <w>Carl</w>
  <w>Bildts</w>
  <w>twittrande</w>
  <w>.</w>
</absatitle>
<absapar id=1>
  <w>Attentaten</w>
  <w>i</w>
  <w>Stockholm</w>
  <w>visar</w>
  <w>att</w>
  <absaspan id=3 senti=2>
    <w>inte</w>
    <w>heller</w>
    <w>Sverige</w>
    <w>kan</w>
    <w>räkna</w>
    <w>med</w>
  </absaspan>
  <w>att</w>
  <absaspan id=4>
    <w>vara</w>
    <w>förskonat</w>
    <w>från</w>
    <w>terrorism</w>
  </absaspan>
  <w>.</w>
  <w>Men</w>
  <w>istället</w>
  <w>för</w>
  <w>att</w>
  <w>diskutera</w>
  <w>hur</w>
  <w>vi</w>
  <w>kan</w>
  <w>skydda</w>
  <w>Sverige</w>
  <w>från</w>
  <w>nya</w>
  <w>attacker</w>
  <w>,</w>
  <w>verkar</w>
  <w>oppositionspolitiker</w>
  <w>hellre</w>
  <w>vilja</w>
  <w>prata</w>
  <w>om</w>
  <w>Carl</w>
  <w>Bildts</w>
  <w>twitterflöden</w>
  <w>.</w>
</absapar>
<absapar id=2>
  <absaspan id=5 senti=3>
    <w>Mycket</w>
    <w>talar</w>
    <w>för</w>
  </absaspan>
  <w>att</w>
  <absaspan id=6>
    <w>vi</w>
    <w>vaknade</w>
    <w>upp</w>
    <w>till</w>
    <w>ett</w>
    <w>nytt</w>
    <w>Sverige</w>
    <w>i</w>
    <w>söndags</w>
    <w>morse</w>
  </absaspan>
  <w>.</w>
  <w>Ett</w>
  <w>terroristattentat</w>
  <w>av</w>
  <w>den</w>
  <w>här</w>
  <w>sorten</w>
  <w>ställer</w>
  <w>många</w>
  <w>viktiga</w>
  <w>frågor</w>
  <w>:</w>
  <w>Hur</w>
  <w>kunde</w>
  <w>det</w>
  <w>ske</w>
  <w>?</w>
  <w>Vilka</w>
  <w>var</w>
  <w>inblandade</w>
  <w>?</w>
  <w>Och</w>
  <absaspan id=7 senti=5>
    <w>viktigast</w>
    <w>av</w>
    <w>allt</w>
  </absaspan>
  <w>att</w>
  <w>få</w>
  <w>svar</w>
  <w>på</w>
  <w>;</w>
  <absaspan id=8>
    <w>hur</w>
    <w>ser</w>
    <w>vi</w>
    <w>till</w>
    <w>att</w>
    <w>det</w>
    <w>aldrig</w>
    <w>någonsin</w>
    <w>inträffar</w>
    <w>i</w>
    <w>Sverige</w>
    <w>igen</w>
  </absaspan>
  <w>?</w>
  <w>.</w>
</absapar>
<absapar id=3>
  <w>Det</w>
  <w>är</w>
  <absaspan id=9 senti=4>
    <w>stora</w>
    <w>och</w>
    <w>viktiga</w>
  </absaspan>
  <absaspan id=10>
    <w>ämnen</w>
  </absaspan>
  <w>.</w>
  <w>Men</w>
  <w>det</w>
  <w>är</w>
  <w>också</w>
  <w>både</w>
  <absaspan id=11 senti=2>
    <w>komplexa</w>
    <w>och</w>
    <w>svåra</w>
  </absaspan>
  <absaspan id=12>
    <w>frågor</w>
  </absaspan>
  <w>att</w>
  <w>svara</w>
  <w>på</w>
  <w>.</w>
  <w>Måhända</w>
  <w>är</w>
  <w>det</w>
  <w>därför</w>
  <w>som</w>
  <absaspan id=13>
    <w>vissa</w>
    <w>politiker</w>
  </absaspan>
  <w>istället</w>
  <w>verkar</w>
  <w>vara</w>
  <w>fullt</w>
  <w>upptagna</w>
  <w>med</w>
  <w>att</w>
  <w>diskutera</w>
  <w>andra</w>
  <w>politikers</w>
  <w>närvaro</w>
  <w>i</w>
  <w>sociala</w>
  <w>medier</w>
  <absaspan id=14 senti=2>
    <w>.</w>
  </absaspan>
</absapar>
<absapar id=4>
  <w>Ett</w>
  <w>exempel</w>
  <w>är</w>
  <w>socialdemokraten</w>
  <w>Håkan</w>
  <w>Juholt</w>
  <w>.</w>
  <w>Som</w>
  <w>ordförande</w>
  <w>i</w>
  <w>riksdagens</w>
  <w>försvarsutskott</w>
  <absaspan id=15 senti=4>
    <w>vore</w>
    <w>det</w>
    <w>naturligtvis</w>
    <w>intressant</w>
  </absaspan>
  <w>att</w>
  <absaspan id=16>
    <w>få</w>
    <w>veta</w>
    <w>hans</w>
    <w>åsikt</w>
    <w>om</w>
    <w>hur</w>
    <w>vi</w>
    <w>kan</w>
    <w>göra</w>
    <w>Sverige</w>
    <w>säkrare</w>
    <w>i</w>
    <w>tider</w>
    <w>av</w>
    <w>terrorism</w>
  </absaspan>
  <w>.</w>
  <w>Men</w>
  <w>det</w>
  <w>har</w>
  <w>vi</w>
  <w>inte</w>
  <w>fått</w>
  <w>.</w>
  <w>Istället</w>
  <w>får</w>
  <w>vi</w>
  <w>ta</w>
  <w>del</w>
  <w>av</w>
  <w>långa</w>
  <w>utläggningar</w>
  <w>där</w>
  <absaspan id=17>
    <w>Juholt</w>
  </absaspan>
  <absaspan id=18 senti=2>
    <w>ondgör</w>
    <w>sig</w>
    <w>över</w>
  </absaspan>
  <w>att</w>
  <absaspan id=19>
    <w>utrikesminister</w>
    <w>Carl</w>
    <w>Bildt</w>
    <w>tidigt</w>
    <w>var</w>
    <w>ute</w>
    <w>och</w>
    <w>twittrade</w>
    <w>om</w>
    <w>bombattentaten</w>
  </absaspan>
  <w>.</w>
</absapar>
<absapar id=5>
  <w>Onekligen</w>
  <w>ett</w>
  <absaspan id=20 senti=2>
    <w>mycket</w>
    <w>påvert</w>
  </absaspan>
  <absaspan id=21>
    <w>bidrag</w>
    <w>till</w>
    <w>debatten</w>
  </absaspan>
  <w>.</w>
  <w>Frågan</w>
  <w>man</w>
  <w>ställer</w>
  <w>sig</w>
  <w>är</w>
  <w>naturligtvis</w>
  <w>om</w>
  <w>detta</w>
  <w>verkligen</w>
  <w>är</w>
  <w>det</w>
  <w>viktigaste</w>
  <w>budskapet</w>
  <w>från</w>
  <absaspan id=22>
    <w>försvarsutskottets</w>
    <w>ordförande</w>
  </absaspan>
  <w>när</w>
  <w>Sverige</w>
  <w>har</w>
  <w>drabbats</w>
  <w>av</w>
  <w>ett</w>
  <w>omfattande</w>
  <w>terrordåd</w>
  <absaspan id=23 senti=2>
    <w>.</w>
  </absaspan>
  <w>Dels</w>
  <w>för</w>
  <w>att</w>
  <w>det</w>
  <w>direkt</w>
  <w>gjorde</w>
  <w>partipolitik</w>
  <w>när</w>
  <w>vi</w>
  <w>istället</w>
  <absaspan id=24 senti=4>
    <w>borde</w>
    <w>mana</w>
    <w>till</w>
  </absaspan>
  <absaspan id=25>
    <w>samling</w>
    <w>och</w>
    <w>återhållsamhet</w>
  </absaspan>
  <w>.</w>
  <w>Men</w>
  <w>också</w>
  <w>för</w>
  <w>att</w>
  <absaspan id=26>
    <w>det</w>
  </absaspan>
  <w>så</w>
  <absaspan id=27 senti=2>
    <w>fullständigt</w>
    <w>missar</w>
  </absaspan>
  <w>de</w>
  <w>stora</w>
  <w>frågor</w>
  <w>om</w>
  <w>landet</w>
  <w>säkerhet</w>
  <w>vi</w>
  <w>istället</w>
  <w>borde</w>
  <w>adressera</w>
  <w>.</w>
</absapar>
<absapar id=6>
  <w>Låt</w>
  <w>oss</w>
  <w>konstatera</w>
  <w>att</w>
  <absaspan id=28>
    <w>Carl</w>
    <w>Bildt</w>
  </absaspan>
  <w>är</w>
  <w>en</w>
  <w>utrikesminister</w>
  <w>med</w>
  <w>en</w>
  <absaspan id=29 senti=4>
    <w>hög</w>
    <w>närvaro</w>
  </absaspan>
  <w>i</w>
  <w>debatten</w>
  <w>.</w>
  <w>Via</w>
  <w>sin</w>
  <w>blogg</w>
  <w>och</w>
  <w>sina</w>
  <w>Twitterflöden</w>
  <w>har</w>
  <absaspan id=30>
    <w>han</w>
  </absaspan>
  <w>på</w>
  <w>ett</w>
  <w>aldrig</w>
  <w>tidigare</w>
  <w>skådat</w>
  <w>sätt</w>
  <w>,</w>
  <w>erbjudit</w>
  <w>medborgarna</w>
  <w>en</w>
  <w>möjlighet</w>
  <w>att</w>
  <absaspan id=31 senti=4>
    <w>snabbt</w>
    <w>och</w>
    <w>enkelt</w>
  </absaspan>
  <w>kunna</w>
  <absaspan id=32>
    <w>informera</w>
  </absaspan>
  <w>sig</w>
  <w>på</w>
  <w>utrikesområdet</w>
  <absaspan id=33 senti=4>
    <w>.</w>
  </absaspan>
  <w>Många</w>
  <w>andra</w>
  <w>politiker</w>
  <w>av</w>
  <w>skiftande</w>
  <w>partifärg</w>
  <w>har</w>
  <w>tagit</w>
  <w>efter</w>
  <w>och</w>
  <w>gjort</w>
  <w>samma</w>
  <w>sak</w>
  <w>.</w>
</absapar>
<absapar id=7>
  <w>Genom</w>
  <w>att</w>
  <w>läsa</w>
  <w>bloggar</w>
  <w>,</w>
  <w>hemsidor</w>
  <w>och</w>
  <w>Twitter</w>
  <w>har</w>
  <absaspan id=34>
    <w>väljarna</w>
  </absaspan>
  <absaspan id=35 senti=4>
    <w>fått</w>
    <w>en</w>
    <w>möjlighet</w>
  </absaspan>
  <w>att</w>
  <w>snabbt</w>
  <w>bilda</w>
  <w>sig</w>
  <w>en</w>
  <w>uppfattning</w>
  <w>om</w>
  <w>olika</w>
  <w>politiska</w>
  <w>frågor</w>
  <w>.</w>
  <w>Samtidigt</w>
  <w>har</w>
  <absaspan id=36>
    <w>vi</w>
    <w>politiker</w>
  </absaspan>
  <absaspan id=37 senti=4>
    <w>fått</w>
    <w>möjligheten</w>
  </absaspan>
  <w>att</w>
  <w>kunna</w>
  <w>förklara</w>
  <w>vad</w>
  <w>vi</w>
  <w>vill</w>
  <w>med</w>
  <w>olika</w>
  <w>beslut</w>
  <w>och</w>
  <w>vara</w>
  <w>interaktiva</w>
  <w>med</w>
  <w>våra</w>
  <w>väljare</w>
  <absaspan id=38>
    <w>.</w>
  </absaspan>
  <w>Vi</w>
  <w>ska</w>
  <w>slå</w>
  <w>vakt</w>
  <w>om</w>
  <w>det</w>
  <w>eftersom</w>
  <w>det</w>
  <w>är</w>
  <w>ett</w>
  <absaspan id=39 senti=4>
    <w>viktigt</w>
    <w>framsteg</w>
  </absaspan>
  <w>för</w>
  <w>kontakten</w>
  <w>mellan</w>
  <w>väljare</w>
  <w>och</w>
  <w>förtroendevalda</w>
  <w>.</w>
</absapar>
<absapar id=8>
  <w>Man</w>
  <w>kan</w>
  <w>som</w>
  <absaspan id=40>
    <w>delar</w>
    <w>av</w>
    <w>oppositionen</w>
  </absaspan>
  <absaspan id=41 senti=4>
    <w>tycka</w>
  </absaspan>
  <w>att</w>
  <absaspan id=42>
    <w>Carl</w>
    <w>Bildt</w>
    <w>borde</w>
    <w>ha</w>
    <w>väntat</w>
    <w>med</w>
    <w>sitt</w>
    <w>Twittermeddelande</w>
  </absaspan>
  <w>.</w>
  <w>Alltid</w>
  <w>finns</w>
  <w>det</w>
  <w>något</w>
  <w>att</w>
  <w>vänta</w>
  <w>på</w>
  <w>.</w>
  <w>Men</w>
  <w>i</w>
  <w>sak</w>
  <w>var</w>
  <w>det</w>
  <absaspan id=43 senti=4>
    <w>faktiskt</w>
    <w>inga</w>
    <w>felaktigheter</w>
  </absaspan>
  <w>i</w>
  <w>det</w>
  <absaspan id=44>
    <w>meddelande</w>
    <w>han</w>
    <w>sände</w>
    <w>ut</w>
  </absaspan>
  <w>.</w>
  <w>Att</w>
  <w>det</w>
  <w>rörde</w>
  <w>sig</w>
  <w>om</w>
  <w>terrorism</w>
  <w>stod</w>
  <w>tidigt</w>
  <w>klart</w>
  <w>för</w>
  <w>svenska</w>
  <w>folket</w>
  <w>.</w>
</absapar>
<absapar id=9>
  <w>Låt</w>
  <w>oss</w>
  <w>inte</w>
  <w>heller</w>
  <w>glömma</w>
  <w>bort</w>
  <w>var</w>
  <w>vi</w>
  <w>kommer</w>
  <w>ifrån</w>
  <w>.</w>
  <w>Under</w>
  <w>tsunamikatastrofen</w>
  <w>julen</w>
  <w>2004</w>
  <absaspan id=45 senti=2>
    <w>tog</w>
    <w>det</w>
    <w>mycket</w>
    <w>lång</w>
    <w>tid</w>
  </absaspan>
  <absaspan id=46>
    <w>innan</w>
    <w>ansvariga</w>
    <w>politiker</w>
    <w>började</w>
    <w>informera</w>
    <w>allmänheten</w>
  </absaspan>
  <w>.</w>
  <w>När</w>
  <absaspan id=47>
    <w>informationen</w>
  </absaspan>
  <w>väl</w>
  <w>kom</w>
  <w>var</w>
  <w>den</w>
  <absaspan id=48 senti=2>
    <w>till</w>
    <w>stora</w>
    <w>delar</w>
    <w>felaktig</w>
  </absaspan>
  <w>.</w>
  <w>Och</w>
  <w>medan</w>
  <w>sanningen</w>
  <w>sakta</w>
  <w>sipprade</w>
  <w>fram</w>
  <w>hade</w>
  <w>vi</w>
  <w>en</w>
  <w>utrikesminister</w>
  <w>som</w>
  <w>inte</w>
  <w>ens</w>
  <w>visste</w>
  <w>var</w>
  <w>Khao</w>
  <w>Lak</w>
  <w>låg</w>
  <w>någonstans</w>
  <w>.</w>
</absapar>
<absapar id=10>
  <absaspan id=49>
    <w>Twitter</w>
    <w>och</w>
    <w>andra</w>
    <w>sociala</w>
    <w>medier</w>
  </absaspan>
  <absaspan id=50 senti=4>
    <w>är</w>
    <w>bra</w>
    <w>verktyg</w>
  </absaspan>
  <w>också</w>
  <w>för</w>
  <w>våra</w>
  <w>toppolitiker</w>
  <w>,</w>
  <w>eftersom</w>
  <w>de</w>
  <absaspan id=51 senti=4>
    <w>möjliggör</w>
    <w>en</w>
    <w>snabb</w>
    <w>informationsspridning</w>
  </absaspan>
  <w>.</w>
  <w>Visst</w>
  <w>kan</w>
  <w>man</w>
  <absaspan id=52 senti=2>
    <w>oroa</w>
    <w>sig</w>
    <w>för</w>
  </absaspan>
  <w>att</w>
  <absaspan id=53>
    <w>det</w>
    <w>ibland</w>
    <w>går</w>
    <w>undan</w>
    <w>när</w>
    <w>politiker</w>
    <w>twittrar</w>
  </absaspan>
  <w>.</w>
  <w>Men</w>
  <w>i</w>
  <w>ärlighetens</w>
  <w>namn</w>
  <w>är</w>
  <absaspan id=54 senti=2>
    <w>paragrafrytteri</w>
  </absaspan>
  <absaspan id=55>
    <w>och</w>
  </absaspan>
  <absaspan id=56 senti=2>
    <w>senfärdiga</w>
  </absaspan>
  <absaspan id=57>
    <w>politiker</w>
  </absaspan>
  <absaspan id=58>
    <w>utan</w>
    <w>väljarkontakt</w>
  </absaspan>
  <w>någonting</w>
  <absaspan id=59 senti=2>
    <w>betydligt</w>
    <w>värre</w>
    <w>att</w>
    <w>oroa</w>
    <w>sig</w>
    <w>för</w>
  </absaspan>
  <w>.</w>
</absapar>
<absapar id=11>
  <w>Det</w>
  <w>borde</w>
  <w>inte</w>
  <w>minst</w>
  <w>fler</w>
  <w>politiker</w>
  <w>ta</w>
  <w>till</w>
  <w>sig</w>
  <w>när</w>
  <w>vi</w>
  <w>nu</w>
  <absaspan id=60 senti=4>
    <w>förhoppningsvis</w>
  </absaspan>
  <absaspan id=61>
    <w>får</w>
    <w>en</w>
    <w>bred</w>
    <w>debatt</w>
    <w>om</w>
    <w>hur</w>
    <w>vi</w>
    <w>kan</w>
    <w>skydda</w>
    <w>Sverige</w>
    <w>mot</w>
    <w>terrorism</w>
  </absaspan>
  <w>.</w>
</absapar>
<absapar id=12>
  <w>Johan</w>
  <w>Forssell</w>
  <w>Riksdagsledamot</w>
  <w>(</w>
  <w>M</w>
  <w>)</w>
  <w>.</w>
</absapar>
</absadoc>
