<absadoc annotators=1 senti=>
<absatitle>
  <absaspan id=1>
    <w>Den</w>
  </absaspan>
  <w>som</w>
  <absaspan id=2 senti=1 target=1 source=3>
    <w>utsätts</w>
    <w>för</w>
    <w>rasism</w>
  </absaspan>
  <w>glömmer</w>
  <w>inte</w>
  <absaspan id=3>
    <w>.</w>
  </absaspan>
</absatitle>
<absapar id=1>
  <w>Över</w>
  <w>6</w>
  <w>000</w>
  <w>hatbrott</w>
  <w>anmäls</w>
  <w>i</w>
  <w>Sverige</w>
  <w>enligt</w>
  <w>den</w>
  <w>senaste</w>
  <w>tillgängliga</w>
  <w>statistiken</w>
  <w>som</w>
  <w>gäller</w>
  <w>för</w>
  <w>2014</w>
  <w>.</w>
  <absaspan id=4>
    <w>Det</w>
    <w>innebär</w>
    <w>att</w>
    <w>sjutton</w>
    <w>personer</w>
    <w>attackeras</w>
    <w>varje</w>
    <w>dag</w>
    <w>på</w>
    <w>grund</w>
    <w>av</w>
    <w>sin</w>
    <w>religion</w>
    <w>,</w>
    <w>etnicitet</w>
    <w>,</w>
    <w>sexuella</w>
    <w>läggning</w>
    <w>eller</w>
    <w>liknande</w>
  </absaspan>
  <w>.</w>
</absapar>
<absapar id=2>
  <absaspan id=5 senti=1>
    <w>Så</w>
    <w>ska</w>
    <w>det</w>
    <w>inte</w>
    <w>behöva</w>
    <w>vara</w>
  </absaspan>
  <w>.</w>
</absapar>
<absapar id=3>
  <w>Det</w>
  <w>är</w>
  <w>värt</w>
  <w>att</w>
  <w>notera</w>
  <w>att</w>
  <w>mer</w>
  <w>än</w>
  <w>hälften</w>
  <w>av</w>
  <w>de</w>
  <w>anmälda</w>
  <w>hatbrotten</w>
  <w>,</w>
  <w>69</w>
  <w>procent</w>
  <w>,</w>
  <w>har</w>
  <w>rasistiskt</w>
  <w>motiv</w>
  <w>.</w>
  <w>Av</w>
  <w>dessa</w>
  <w>utgör</w>
  <absaspan id=6 senti=1>
    <w>afrofobiska</w>
  </absaspan>
  <w>och</w>
  <absaspan id=7 senti=1>
    <w>antiromska</w>
  </absaspan>
  <w>brott</w>
  <w>en</w>
  <w>stor</w>
  <w>och</w>
  <w>ökande</w>
  <w>andel</w>
  <w>.</w>
  <w>Ett</w>
  <w>av</w>
  <w>tio</w>
  <w>anmälda</w>
  <w>hatbrott</w>
  <w>rör</w>
  <w>sexuell</w>
  <w>läggning</w>
  <w>.</w>
  <w>Också</w>
  <w>antireligiösa</w>
  <w>brott</w>
  <w>–</w>
  <absaspan id=8 senti=1>
    <w>islamofobiska</w>
  </absaspan>
  <w>,</w>
  <absaspan id=9 senti=1>
    <w>antisemitiska</w>
  </absaspan>
  <w>och</w>
  <absaspan id=10 senti=1>
    <w>kristofobiska</w>
  </absaspan>
  <w>–</w>
  <w>sticker</w>
  <w>ut</w>
  <w>i</w>
  <w>statistiken</w>
  <w>.</w>
</absapar>
<absapar id=4>
  <w>Under</w>
  <w>flera</w>
  <w>år</w>
  <w>har</w>
  <w>Brottsförebyggande</w>
  <w>rådet</w>
  <w>,</w>
  <w>BRÅ</w>
  <w>,</w>
  <w>rapporterat</w>
  <w>mellan</w>
  <w>5</w>
  <w>000</w>
  <w>och</w>
  <w>6</w>
  <w>000</w>
  <w>anmälda</w>
  <w>hatbrott</w>
  <w>och</w>
  <w>nu</w>
  <w>ses</w>
  <w>en</w>
  <w>viss</w>
  <w>ökning</w>
  <w>.</w>
  <absaspan id=11 senti=2>
    <w>Ett</w>
    <w>problem</w>
    <w>är</w>
  </absaspan>
  <absaspan id=12>
    <w>att</w>
    <w>mycket</w>
    <w>få</w>
    <w>anmälningar</w>
    <w>leder</w>
    <w>till</w>
    <w>åtal</w>
    <w>och</w>
    <w>i</w>
    <w>princip</w>
    <w>inga</w>
    <w>åtal</w>
    <w>leder</w>
    <w>till</w>
    <w>fällande</w>
    <w>dom</w>
  </absaspan>
  <w>.</w>
  <absaspan id=13 senti=2>
    <w>Det</w>
    <w>minskar</w>
    <w>förtroendet</w>
    <w>för</w>
  </absaspan>
  <absaspan id=14>
    <w>de</w>
    <w>rättsvårdande</w>
    <w>myndigheterna</w>
  </absaspan>
  <w>och</w>
  <w>viljan</w>
  <w>att</w>
  <w>anmäla</w>
  <absaspan id=15>
    <w>.</w>
  </absaspan>
  <w>Det</w>
  <w>finns</w>
  <w>anledning</w>
  <w>att</w>
  <w>tro</w>
  <w>att</w>
  <w>mörkertalet</w>
  <w>är</w>
  <w>stort</w>
  <w>.</w>
</absapar>
<absapar id=5>
  <absaspan id=16>
    <w>Sverige</w>
  </absaspan>
  <w>har</w>
  <w>ganska</w>
  <w>långtgående</w>
  <w>lagstiftning</w>
  <w>mot</w>
  <w>hatbrott</w>
  <w>,</w>
  <w>vilket</w>
  <w>också</w>
  <w>regeringen</w>
  <w>ofta</w>
  <w>framhåller</w>
  <w>när</w>
  <absaspan id=17>
    <w>FN</w>
  </absaspan>
  <absaspan id=18 senti=2>
    <w>framför</w>
    <w>återkommande</w>
    <w>kritik</w>
  </absaspan>
  <w>och</w>
  <w>efterlyser</w>
  <w>agerande</w>
  <w>.</w>
  <w>Men</w>
  <w>ett</w>
  <w>reellt</w>
  <w>skydd</w>
  <w>mot</w>
  <w>hatbrott</w>
  <w>kräver</w>
  <w>att</w>
  <w>lagstiftningen</w>
  <w>också</w>
  <w>tillämpas</w>
  <w>.</w>
  <w>Vi</w>
  <w>föreslår</w>
  <w>följande</w>
  <w>åtgärder</w>
  <w>:</w>
  <w>.</w>
</absapar>
<absapar id=6>
  <w>Fler</w>
  <w>hatbrottsgrupper</w>
  <w>.</w>
  <w>Polisen</w>
  <w>i</w>
  <w>Stockholm</w>
  <w>,</w>
  <w>Göteborg</w>
  <w>och</w>
  <w>Malmö</w>
  <w>har</w>
  <absaspan id=19>
    <w>särskilda</w>
  </absaspan>
  <absaspan id=20>
    <w>grupper</w>
    <w>som</w>
    <w>hanterar</w>
    <w>hatbrott</w>
  </absaspan>
  <w>.</w>
  <absaspan id=21>
    <w>De</w>
  </absaspan>
  <absaspan id=22 senti=4>
    <w>gör</w>
    <w>ett</w>
    <w>viktigt</w>
    <w>arbete</w>
  </absaspan>
  <w>och</w>
  <w>bör</w>
  <w>få</w>
  <w>efterföljare</w>
  <w>i</w>
  <w>hela</w>
  <w>landet</w>
  <w>.</w>
</absapar>
<absapar id=7>
  <w>Utbilda</w>
  <w>åklagare</w>
  <w>och</w>
  <w>domare</w>
  <w>.</w>
  <w>Större</w>
  <w>kunskap</w>
  <w>i</w>
  <w>hela</w>
  <w>rättskedjan</w>
  <w>och</w>
  <w>en</w>
  <w>gemensam</w>
  <w>syn</w>
  <w>på</w>
  <w>hatbrott</w>
  <w>skulle</w>
  <w>kunna</w>
  <w>bidra</w>
  <w>till</w>
  <w>mer</w>
  <w>effektiv</w>
  <w>rättsskipning</w>
  <w>.</w>
</absapar>
<absapar id=8>
  <w>Prioritera</w>
  <w>hatbrott</w>
  <w>.</w>
  <w>I</w>
  <w>regleringsbrevet</w>
  <w>för</w>
  <w>Polisen</w>
  <w>var</w>
  <w>hatbrott</w>
  <w>tidigare</w>
  <w>ett</w>
  <w>prioriterat</w>
  <w>brott</w>
  <w>men</w>
  <w>det</w>
  <w>ändrades</w>
  <w>2008</w>
  <w>.</w>
  <w>Regeringen</w>
  <w>måste</w>
  <w>åter</w>
  <absaspan id=23 senti=3>
    <w>understryka</w>
    <w>vikten</w>
    <w>av</w>
  </absaspan>
  <absaspan id=24>
    <w>att</w>
    <w>arbeta</w>
    <w>med</w>
    <w>frågorna</w>
  </absaspan>
  <w>.</w>
</absapar>
<absapar id=9>
  <w>Stoppa</w>
  <w>olagliga</w>
  <w>demonstrationer</w>
  <w>.</w>
  <w>Rasistiska</w>
  <w>organisationer</w>
  <w>sprider</w>
  <w>sina</w>
  <w>budskap</w>
  <w>på</w>
  <w>gator</w>
  <w>och</w>
  <w>torg</w>
  <w>,</w>
  <w>särskilt</w>
  <w>när</w>
  <w>det</w>
  <w>är</w>
  <w>valår</w>
  <w>i</w>
  <w>Sverige</w>
  <w>.</w>
  <w>Centralisera</w>
  <w>tillståndsgivningen</w>
  <w>,</w>
  <w>följ</w>
  <w>demonstrationer</w>
  <w>på</w>
  <w>nära</w>
  <w>håll</w>
  <w>och</w>
  <w>avbryt</w>
  <w>dem</w>
  <w>när</w>
  <w>det</w>
  <w>är</w>
  <w>påkallat</w>
  <w>enligt</w>
  <w>hetslagstiftningen</w>
  <w>.</w>
</absapar>
<absapar id=10>
  <w>Agera</w>
  <w>mot</w>
  <w>hatbrott</w>
  <w>på</w>
  <w>nätet</w>
  <w>.</w>
  <w>Internet</w>
  <w>används</w>
  <w>för</w>
  <w>spridning</w>
  <w>av</w>
  <absaspan id=25 senti=1>
    <w>rasistisk</w>
    <w>propaganda</w>
  </absaspan>
  <w>.</w>
  <w>2014</w>
  <w>noterades</w>
  <w>368</w>
  <w>anmälda</w>
  <w>fall</w>
  <w>av</w>
  <w>rasistiska</w>
  <w>hatbrott</w>
  <w>på</w>
  <w>internet</w>
  <w>trots</w>
  <w>att</w>
  <w>bloggar</w>
  <w>,</w>
  <w>chattar</w>
  <w>eller</w>
  <w>öppna</w>
  <w>Facebook-konton</w>
  <w>inte</w>
  <w>får</w>
  <w>innehålla</w>
  <w>uppenbar</w>
  <absaspan id=26 senti=1>
    <w>uppvigling</w>
  </absaspan>
  <w>eller</w>
  <w>hets</w>
  <w>mot</w>
  <w>folkgrupp</w>
  <w>.</w>
</absapar>
<absapar id=11>
  <w>Den</w>
  <w>som</w>
  <w>har</w>
  <w>utsatts</w>
  <w>för</w>
  <w>rasism</w>
  <w>bär</w>
  <w>alltid</w>
  <w>med</w>
  <w>sig</w>
  <w>kränkningen</w>
  <w>.</w>
  <w>Det</w>
  <w>skapar</w>
  <w>misstanke</w>
  <w>och</w>
  <w>vaksamhet</w>
  <w>hos</w>
  <w>den</w>
  <w>som</w>
  <w>drabbats</w>
  <w>.</w>
  <w>Därför</w>
  <w>är</w>
  <w>det</w>
  <absaspan id=27 senti=4>
    <w>viktigt</w>
    <w>att</w>
    <w>samhället</w>
    <w>tar</w>
    <w>parti</w>
    <w>för</w>
  </absaspan>
  <absaspan id=28>
    <w>den</w>
    <w>som</w>
    <w>är</w>
    <w>i</w>
    <w>en</w>
    <w>orättvis</w>
    <w>situation</w>
  </absaspan>
  <w>.</w>
</absapar>
<absapar id=12>
  <w>I</w>
  <w>dag</w>
  <w>på</w>
  <w>FN</w>
  <w>:</w>
  <w>s</w>
  <w>internationella</w>
  <w>dag</w>
  <w>mot</w>
  <w>rasism</w>
  <w>överlämnar</w>
  <w>Svenska</w>
  <w>FN-förbundet</w>
  <w>ett</w>
  <w>upprop</w>
  <w>till</w>
  <w>regeringen</w>
  <w>.</w>
  <w>Över</w>
  <w>hela</w>
  <w>Sverige</w>
  <w>har</w>
  <absaspan id=29>
    <w>människor</w>
  </absaspan>
  <w>ställt</w>
  <w>sig</w>
  <w>bakom</w>
  <w>kravet</w>
  <w>på</w>
  <absaspan id=30 senti=1>
    <w>hårdare</w>
    <w>tag</w>
    <w>mot</w>
  </absaspan>
  <absaspan id=31>
    <w>hatbrott</w>
  </absaspan>
  <w>.</w>
  <w>Deras</w>
  <w>budskap</w>
  <w>är</w>
  <w>tydligt</w>
  <w>:</w>
  <w>politiker</w>
  <w>och</w>
  <w>myndigheter</w>
  <w>måste</w>
  <w>agera</w>
  <w>.</w>
</absapar>
<absapar id=13>
  <absaspan id=32 senti=5>
    <w>Sverige</w>
    <w>ska</w>
    <w>vara</w>
    <w>ett</w>
    <w>land</w>
    <w>där</w>
  </absaspan>
  <absaspan id=33>
    <w>alla</w>
    <w>människors</w>
    <w>lika</w>
    <w>värde</w>
    <w>och</w>
    <w>rättigheter</w>
    <w>respekteras</w>
  </absaspan>
  <w>.</w>
  <absaspan id=34>
    <w>Hatbrott</w>
  </absaspan>
  <w>är</w>
  <absaspan id=35 senti=1>
    <w>ett</w>
    <w>hot</w>
    <w>mot</w>
    <w>demokratin</w>
    <w>och</w>
    <w>det</w>
    <w>öppna</w>
    <w>samhället</w>
  </absaspan>
  <w>.</w>
  <absaspan id=36 senti=1>
    <w>Därför</w>
    <w>måste</w>
    <w>Sveriges</w>
    <w>regering</w>
    <w>ta</w>
    <w>krafttag</w>
    <w>mot</w>
  </absaspan>
  <absaspan id=37>
    <w>hatbrott</w>
  </absaspan>
  <w>,</w>
  <w>stoppa</w>
  <w>rasistiska</w>
  <w>handlingar</w>
  <w>och</w>
  <w>se</w>
  <w>till</w>
  <w>att</w>
  <w>hela</w>
  <w>rättsväsendet</w>
  <w>får</w>
  <w>kunskap</w>
  <w>om</w>
  <w>hur</w>
  <w>hatbrott</w>
  <w>ska</w>
  <w>bekämpas</w>
  <w>.</w>
</absapar>
<absapar id=14>
  <w>Jason</w>
  <w>”</w>
  <w>Timbuktu</w>
  <w>”</w>
  <w>Diakité</w>
  <w>.</w>
</absapar>
<absapar id=15>
  <w>Aleksander</w>
  <w>Gabelic</w>
  <w>.</w>
</absapar>
<absapar id=16>
  <w>Häng</w>
  <w>med</w>
  <w>i</w>
  <w>debatten</w>
  <w>–</w>
  <w>följ</w>
  <w>Debatt</w>
  <w>på</w>
  <w>Facebook</w>
  <w>.</w>
</absapar>
<absapar id=17>
  <w>FAKTA</w>
  <w>.</w>
</absapar>
<absapar id=18>
  <w>RERNA</w>
  <w>.</w>
</absapar>
<absapar id=19>
  <w>N</w>
  <w>.</w>
</absapar>
</absadoc>
