<absadoc annotators=1 senti=1>
<absatitle>
  <w>Ifall</w>
  <w>Sverige</w>
  <w>hade</w>
  <w>haft</w>
  <w>ett</w>
  <w>TV-program</w>
  <w>som</w>
  <w>'</w>
  <w>Gränsbevakarna</w>
  <w>Australien</w>
  <w>'</w>
  <w>.</w>
</absatitle>
<absapar id=1 senti=1>
  <w>Tidigare</w>
  <w>idag</w>
  <w>kollade</w>
  <w>jag</w>
  <w>på</w>
  <w>detta</w>
  <w>program</w>
  <w>.</w>
  <w>Där</w>
  <w>ser</w>
  <w>man</w>
  <w>klart</w>
  <w>och</w>
  <w>tydligt</w>
  <w>hur</w>
  <absaspan id=1>
    <w>de</w>
    <w>vägrar</w>
    <w>släppa</w>
    <w>in</w>
    <w>folk</w>
    <w>utan</w>
    <w>tillräckligt</w>
    <w>med</w>
    <w>pengar</w>
  </absaspan>
  <w>vilket</w>
  <absaspan id=2>
    <w>jag</w>
  </absaspan>
  <absaspan id=3 senti=5>
    <w>har</w>
    <w>full</w>
    <w>förståelse</w>
    <w>för</w>
  </absaspan>
  <w>.</w>
  <w>Filmteamet</w>
  <w>fick</w>
  <w>även</w>
  <w>följa</w>
  <w>med</w>
  <w>för</w>
  <w>att</w>
  <w>leta</w>
  <w>rätt</w>
  <w>på</w>
  <w>illegala</w>
  <w>invandrare</w>
  <w>som</w>
  <w>jobbade</w>
  <w>utan</w>
  <w>arbetsvisum</w>
  <w>,</w>
  <w>för</w>
  <w>att</w>
  <w>sedan</w>
  <w>frihetsberöva</w>
  <w>dem</w>
  <w>och</w>
  <w>ev</w>
  <w>ställa</w>
  <w>inför</w>
  <w>rätta</w>
  <w>.</w>
</absapar>
<absapar id=2 senti=2>
  <w>Tror</w>
  <w>ni</w>
  <w>att</w>
  <absaspan id=4>
    <w>Australienare</w>
  </absaspan>
  <absaspan id=5 senti=2>
    <w>reagerar</w>
    <w>hårt</w>
  </absaspan>
  <w>mot</w>
  <absaspan id=6>
    <w>deras</w>
    <w>regering</w>
  </absaspan>
  <w>och</w>
  <w>säger</w>
  <w>att</w>
  <absaspan id=7>
    <w>dem</w>
  </absaspan>
  <absaspan id=8 senti=2>
    <w>är</w>
    <w>främlingsfientliga</w>
  </absaspan>
  <w>när</w>
  <w>det</w>
  <w>ser</w>
  <w>att</w>
  <w>dem</w>
  <w>kastar</w>
  <w>ut</w>
  <absaspan id=9>
    <w>människor</w>
  </absaspan>
  <absaspan id=10 senti=2>
    <w>som</w>
    <w>inte</w>
    <w>ska</w>
    <w>vara</w>
    <w>där</w>
  </absaspan>
  <w>?</w>
  <w>.</w>
</absapar>
<absapar id=3 senti=1>
  <w>Jag</w>
  <w>tror</w>
  <w>att</w>
  <w>ifall</w>
  <w>Sverige</w>
  <w>hade</w>
  <w>haft</w>
  <w>ett</w>
  <w>liknande</w>
  <w>program</w>
  <w>så</w>
  <w>hade</w>
  <w>det</w>
  <w>blivit</w>
  <w>stora</w>
  <w>debatter</w>
  <w>och</w>
  <w>mycket</w>
  <absaspan id=11 senti=2>
    <w>reaktioner</w>
  </absaspan>
  <w>på</w>
  <absaspan id=12>
    <w>hur</w>
    <w>synd</w>
    <w>det</w>
    <w>är</w>
    <w>om</w>
    <w>de</w>
    <w>papperslösa</w>
  </absaspan>
  <w>,</w>
  <w>eller</w>
  <w>just</w>
  <w>det</w>
  <absaspan id=13>
    <w>.</w>
  </absaspan>
  <w>Jag</w>
  <w>glömde</w>
  <w>att</w>
  <w>ingen</w>
  <w>kanal</w>
  <w>hade</w>
  <w>vågat</w>
  <w>sända</w>
  <w>programmet</w>
  <w>då</w>
  <w>de</w>
  <w>visas</w>
  <absaspan id=14 senti=1 irony>
    <w>rasistiskt</w>
  </absaspan>
  <absaspan id=15>
    <w>material</w>
  </absaspan>
  <absaspan id=16 senti=2>
    <w>.</w>
  </absaspan>
</absapar>
<absapar id=4>
  <w>/</w>
  <w>Ywlk</w>
  <w>.</w>
</absapar>
</absadoc>
