<absadoc annotators=1 senti=>
<absatitle>
  <w>Eldväxling</w>
  <w>Nord-Sydkorea</w>
  <w>.</w>
</absatitle>
<absapar id=1>
  <w>Nordkorea</w>
  <w>har</w>
  <w>skjutit</w>
  <w>mot</w>
  <w>Sydkorea</w>
  <w>och</w>
  <w>60</w>
  <w>-</w>
  <w>70</w>
  <w>hus</w>
  <w>står</w>
  <w>i</w>
  <w>brand</w>
  <w>.</w>
</absapar>
<absapar id=2>
  <w>En</w>
  <w>vanlig</w>
  <w>skärmytsling</w>
  <w>mellan</w>
  <w>grannarna</w>
  <w>eller</w>
  <w>slutet</w>
  <w>för</w>
  <w>Nordkorea</w>
  <w>?</w>
  <w>.</w>
</absapar>
<absapar id=3>
  <w>Edit</w>
  <w>:</w>
  <w>Elden</w>
  <w>har</w>
  <w>enligt</w>
  <w>obekräftade</w>
  <w>uppgifter</w>
  <w>besvarats</w>
  <w>.</w>
</absapar>
</absadoc>
