<absadoc annotators=1 senti=1>
<absatitle>
  <w>Hur</w>
  <w>är</w>
  <w>det</w>
  <w>med</w>
  <w>invandringen</w>
  <w>i</w>
  <w>Halmstad</w>
  <w>?</w>
</absatitle>
<absapar id=1>
  <w>Någon</w>
  <w>som</w>
  <w>vet</w>
  <w>?</w>
  <w>?</w>
  <w>.</w>
</absapar>
<absapar id=2 senti=1>
  <w>Finns</w>
  <w>det</w>
  <absaspan id=1 senti=1>
    <w>pack</w>
  </absaspan>
  <absaspan id=2 senti=1>
    <w>områden</w>
    <w>som</w>
  </absaspan>
  <w>tex</w>
  <absaspan id=3>
    <w>Bergsjön</w>
  </absaspan>
  <w>,</w>
  <absaspan id=4>
    <w>Hjällbo</w>
  </absaspan>
  <w>,</w>
  <absaspan id=5>
    <w>Angered</w>
  </absaspan>
  <w>och</w>
  <w>liknande</w>
  <w>där</w>
  <w>?</w>
  <w>.</w>
</absapar>
<absapar id=3 senti=1>
  <w>Bor</w>
  <w>i</w>
  <absaspan id=6>
    <w>Gbg</w>
  </absaspan>
  <w>nu</w>
  <w>och</w>
  <absaspan id=7 senti=1>
    <w>vill</w>
    <w>bort</w>
    <w>från</w>
  </absaspan>
  <absaspan id=8 senti=1>
    <w>skiten</w>
  </absaspan>
  <w>.</w>
  <w>Har</w>
  <w>fått</w>
  <w>jobb</w>
  <w>nära</w>
  <w>Halmstad</w>
  <w>och</w>
  <w>om</w>
  <w>det</w>
  <w>fungerar</w>
  <w>bra</w>
  <w>under</w>
  <w>provanställningen</w>
  <w>så</w>
  <w>kanske</w>
  <w>man</w>
  <w>vill</w>
  <w>bosätta</w>
  <w>sig</w>
  <w>där</w>
  <w>.</w>
</absapar>
<absapar id=4>
  <w>Har</w>
  <w>en</w>
  <w>son</w>
  <w>som</w>
  <w>fyller</w>
  <w>4</w>
  <w>i</w>
  <w>år</w>
  <w>och</w>
  <absaspan id=9 senti=4>
    <w>vill</w>
  </absaspan>
  <absaspan id=10>
    <w>att</w>
    <w>han</w>
    <w>ska</w>
    <w>börja</w>
    <w>på</w>
    <w>en</w>
    <w>dagis</w>
    <w>/</w>
    <w>skola</w>
    <w>där</w>
    <w>det</w>
    <w>inte</w>
    <w>är</w>
    <w>95%</w>
  </absaspan>
  <absaspan id=11 senti=1>
    <w>svartingar</w>
  </absaspan>
  <w>.</w>
</absapar>
</absadoc>
