<absadoc annotators=1 senti=>
<absatitle>
  <w>Tjej</w>
  <w>som</w>
  <w>lekt</w>
  <w>av</w>
  <w>sig</w>
  <w>med</w>
  <w>invandrarkille</w>
  <w>-</w>
  <w>mitt</w>
  <w>intresse</w>
  <w>svalna</w>
  <w>-</w>
  <w>är</w>
  <w>jag</w>
  <w>en</w>
  <w>rasist</w>
  <w>?</w>
</absatitle>
<absapar id=1>
  <w>Haha</w>
  <w>nej</w>
  <w>jag</w>
  <w>är</w>
  <w>så</w>
  <w>klart</w>
  <w>inte</w>
  <w>en</w>
  <w>rasist</w>
  <w>.</w>
</absapar>
<absapar id=2>
  <w>#</w>
  <w>P</w>
  <w>IMM</w>
  <w>.</w>
  <w>1</w>
  <w>.</w>
  <w>Jag</w>
  <absaspan id=1 senti=2>
    <w>tycker</w>
    <w>inte</w>
  </absaspan>
  <absaspan id=2>
    <w>att</w>
    <w>ena</w>
    <w>rasen</w>
    <w>är</w>
    <w>överlägsen</w>
    <w>den</w>
    <w>andra</w>
  </absaspan>
  <w>.</w>
</absapar>
<absapar id=3>
  <w>#</w>
  <w>P</w>
  <w>IMM</w>
  <w>.</w>
  <w>2</w>
  <w>.</w>
  <w>Jag</w>
  <absaspan id=3 senti=2>
    <w>tycker</w>
    <w>inte</w>
  </absaspan>
  <absaspan id=4>
    <w>att</w>
    <w>man</w>
    <w>kan</w>
    <w>dela</w>
    <w>upp</w>
    <w>människan</w>
    <w>i</w>
    <w>raser</w>
  </absaspan>
  <w>.</w>
</absapar>
<absapar id=4>
  <w>Men</w>
  <w>i</w>
  <w>alla</w>
  <w>fall</w>
  <w>så</w>
  <w>är</w>
  <w>jag</w>
  <w>väl</w>
  <w>svensk</w>
  <w>alltså</w>
  <w>typiskt</w>
  <w>svenskt</w>
  <w>utseende</w>
  <w>och</w>
  <w>svensk</w>
  <w>mentalitet</w>
  <w>.</w>
  <w>Jag</w>
  <w>är</w>
  <w>så</w>
  <w>klart</w>
  <w>en</w>
  <w>hycklare</w>
  <w>av</w>
  <w>råge</w>
  <w>då</w>
  <w>jag</w>
  <w>haft</w>
  <w>sex</w>
  <w>med</w>
  <w>invandrartjejer</w>
  <w>och</w>
  <w>mer</w>
  <w>än</w>
  <w>gärna</w>
  <w>umgås</w>
  <w>med</w>
  <w>invandrare</w>
  <w>så</w>
  <w>länge</w>
  <w>de</w>
  <w>inte</w>
  <w>är</w>
  <w>helt</w>
  <w>körda</w>
  <w>i</w>
  <w>skallen</w>
  <w>.</w>
</absapar>
<absapar id=5>
  <w>För</w>
  <w>ett</w>
  <w>tag</w>
  <w>sedan</w>
  <w>blev</w>
  <w>jag</w>
  <w>intresserad</w>
  <w>av</w>
  <w>en</w>
  <w>tjej</w>
  <w>och</w>
  <w>hon</w>
  <w>blev</w>
  <w>intresserad</w>
  <w>av</w>
  <w>mig</w>
  <w>.</w>
  <w>Det</w>
  <w>här</w>
  <w>är</w>
  <w>en</w>
  <w>typisk</w>
  <w>svensk</w>
  <w>tjej</w>
  <w>,</w>
  <w>ljust</w>
  <w>hår</w>
  <w>,</w>
  <w>blå</w>
  <w>ögon</w>
  <w>(</w>
  <w>och</w>
  <w>extremt</w>
  <w>naiv</w>
  <w>)</w>
  <w>.</w>
</absapar>
<absapar id=6>
  <w>Fick</w>
  <w>i</w>
  <w>alla</w>
  <w>fall</w>
  <w>reda</w>
  <w>på</w>
  <w>att</w>
  <w>hon</w>
  <w>har</w>
  <w>förflutet</w>
  <w>med</w>
  <w>minst</w>
  <w>en</w>
  <w>utländsk</w>
  <w>kille</w>
  <w>som</w>
  <w>är</w>
  <w>det</w>
  <w>motsatta</w>
  <w>av</w>
  <w>vad</w>
  <w>jag</w>
  <w>är</w>
  <w>alltså</w>
  <w>mörk</w>
  <w>och</w>
  <w>"</w>
  <w>spännande</w>
  <w>"</w>
  <w>antar</w>
  <w>jag</w>
  <w>?</w>
  <w>.</w>
</absapar>
<absapar id=7>
  <w>Mitt</w>
  <w>intresse</w>
  <w>försvann</w>
  <w>nu</w>
  <w>i</w>
  <w>alla</w>
  <w>fall</w>
  <w>för</w>
  <w>tjejen</w>
  <w>.</w>
  <absaspan id=5>
    <w>Hon</w>
  </absaspan>
  <absaspan id=6 senti=1>
    <w>hade</w>
  </absaspan>
  <w>ändå</w>
  <absaspan id=7 senti=1>
    <w>en</w>
  </absaspan>
  <absaspan id=8 senti=1>
    <w>del</w>
    <w>svagheter</w>
    <w>som</w>
    <w>jag</w>
    <w>uppfattade</w>
    <w>som</w>
    <w>direkt</w>
    <w>avtändade</w>
  </absaspan>
  <w>till</w>
  <w>att</w>
  <w>börja</w>
  <w>med</w>
  <w>.</w>
  <w>Framförallt</w>
  <absaspan id=9 senti=1>
    <w>verkade</w>
  </absaspan>
  <absaspan id=10>
    <w>hon</w>
  </absaspan>
  <absaspan id=11 senti=1>
    <w>ha</w>
  </absaspan>
  <absaspan id=12 senti=1>
    <w>väldigt</w>
    <w>dåligt</w>
    <w>självförtroende</w>
  </absaspan>
  <w>och</w>
  <w>vara</w>
  <w>för</w>
  <w>mycket</w>
  <w>sosse</w>
  <w>för</w>
  <w>att</w>
  <w>jag</w>
  <w>skulle</w>
  <w>stå</w>
  <w>ut</w>
  <w>med</w>
  <w>henne</w>
  <w>.</w>
  <w>Men</w>
  <w>nu</w>
  <w>försvann</w>
  <w>liksom</w>
  <w>även</w>
  <w>det</w>
  <w>sexuella</w>
  <w>intresset</w>
  <w>.</w>
</absapar>
<absapar id=8>
  <w>Frågan</w>
  <w>är</w>
  <w>om</w>
  <w>det</w>
  <w>är</w>
  <w>en</w>
  <w>form</w>
  <w>av</w>
  <w>rasism</w>
  <w>?</w>
  <w>Dvs</w>
  <w>är</w>
  <w>det</w>
  <w>rasism</w>
  <w>att</w>
  <w>känna</w>
  <w>sig</w>
  <w>avtänd</w>
  <w>av</w>
  <w>att</w>
  <w>en</w>
  <w>tjej</w>
  <w>tänder</w>
  <w>på</w>
  <w>någon</w>
  <w>som</w>
  <w>är</w>
  <w>så</w>
  <w>olik</w>
  <w>dig</w>
  <w>själv</w>
  <w>?</w>
  <w>Eller</w>
  <w>är</w>
  <w>det</w>
  <w>bara</w>
  <w>en</w>
  <w>normal</w>
  <w>reaktion</w>
  <w>?</w>
  <w>.</w>
</absapar>
<absapar id=9>
  <w>Kan</w>
  <w>man</w>
  <w>påstå</w>
  <w>att</w>
  <w>det</w>
  <w>är</w>
  <w>rasism</w>
  <w>när</w>
  <w>det</w>
  <w>handlar</w>
  <w>om</w>
  <w>sexuell</w>
  <w>attraktion</w>
  <w>?</w>
  <w>Jag</w>
  <absaspan id=13 senti=2>
    <w>vill</w>
    <w>inte</w>
    <w>ha</w>
  </absaspan>
  <absaspan id=14>
    <w>en</w>
    <w>tjej</w>
    <w>som</w>
    <w>blivit</w>
    <w>dominerad</w>
    <w>av</w>
    <w>en</w>
    <w>invandrarkille</w>
  </absaspan>
  <w>helt</w>
  <w>enkelt</w>
  <w>.</w>
  <w>Det</w>
  <w>är</w>
  <absaspan id=15 senti=2>
    <w>någon</w>
    <w>ursprunglig</w>
    <w>stolthet</w>
    <w>antar</w>
    <w>jag</w>
    <w>som</w>
    <w>liksom</w>
    <w>skulle</w>
    <w>få</w>
    <w>sig</w>
    <w>en</w>
    <w>knäck</w>
  </absaspan>
  <w>ens</w>
  <absaspan id=16>
    <w>om</w>
    <w>jag</w>
    <w>hade</w>
    <w>sex</w>
    <w>med</w>
    <w>henne</w>
  </absaspan>
  <w>.</w>
</absapar>
<absapar id=10>
  <absaspan id=17>
    <w>Att</w>
    <w>vara</w>
    <w>en</w>
    <w>dominant</w>
    <w>hane</w>
  </absaspan>
  <w>är</w>
  <w>något</w>
  <absaspan id=18>
    <w>de</w>
    <w>flesta</w>
    <w>män</w>
  </absaspan>
  <absaspan id=19 senti=4>
    <w>vill</w>
  </absaspan>
  <w>vara</w>
  <w>så</w>
  <w>därför</w>
  <absaspan id=20 senti=2>
    <w>kan</w>
  </absaspan>
  <w>man</w>
  <absaspan id=21 senti=2>
    <w>inte</w>
  </absaspan>
  <absaspan id=22 senti=2>
    <w>förnedra</w>
    <w>sig</w>
    <w>genom</w>
  </absaspan>
  <absaspan id=23>
    <w>att</w>
    <w>ha</w>
    <w>sex</w>
    <w>med</w>
    <w>kvinnor</w>
    <w>som</w>
    <w>blivit</w>
    <w>erövrade</w>
    <w>av</w>
    <w>andra</w>
    <w>män</w>
  </absaspan>
  <w>.</w>
</absapar>
<absapar id=11>
  <w>Nej</w>
  <w>är</w>
  <w>absolut</w>
  <w>inte</w>
  <w>bög</w>
  <w>.</w>
  <w>Tänder</w>
  <w>bara</w>
  <w>på</w>
  <w>tjejer</w>
  <w>.</w>
  <absaspan id=24 senti=2>
    <w>Börja</w>
    <w>inte</w>
  </absaspan>
  <absaspan id=25>
    <w>tjata</w>
    <w>om</w>
    <w>det</w>
    <w>som</w>
    <w>jag</w>
    <w>vet</w>
    <w>att</w>
    <w>ni</w>
    <w>ändå</w>
    <w>kommer</w>
    <w>att</w>
    <w>göra</w>
  </absaspan>
  <w>.</w>
</absapar>
<absapar id=12>
  <w>Visst</w>
  <w>tjejen</w>
  <w>är</w>
  <w>snygg</w>
  <w>,</w>
  <w>hon</w>
  <w>är</w>
  <w>säg</w>
  <w>en</w>
  <w>7</w>
  <w>-</w>
  <w>8</w>
  <w>utseendemässigt</w>
  <w>och</w>
  <w>välutbildad</w>
  <w>.</w>
  <w>Men</w>
  <w>fan</w>
  <absaspan id=26 senti=2>
    <w>kan</w>
    <w>inte</w>
  </absaspan>
  <absaspan id=27>
    <w>gå</w>
    <w>vidare</w>
    <w>med</w>
    <w>henne</w>
  </absaspan>
  <w>nu</w>
  <w>då</w>
  <w>jag</w>
  <absaspan id=28 senti=2>
    <w>inte</w>
    <w>vill</w>
  </absaspan>
  <absaspan id=29>
    <w>leva</w>
    <w>med</w>
    <w>en</w>
    <w>tjej</w>
    <w>som</w>
    <w>gosat</w>
    <w>med</w>
    <w>en</w>
    <w>utländsk</w>
    <w>kille</w>
  </absaspan>
  <w>.</w>
  <w>Fan</w>
  <absaspan id=30>
    <w>livet</w>
  </absaspan>
  <absaspan id=31 senti=1>
    <w>suger</w>
  </absaspan>
  <w>.</w>
  <absaspan id=32 senti=2>
    <w>Varför</w>
  </absaspan>
  <absaspan id=33>
    <w>måste</w>
    <w>man</w>
    <w>ha</w>
    <w>en</w>
    <w>primitiv</w>
    <w>stenåldershjärna</w>
    <w>för</w>
    <w>?</w>
  </absaspan>
  <w>.</w>
</absapar>
<absapar id=13>
  <w>Jag</w>
  <absaspan id=34 senti=4>
    <w>är</w>
  </absaspan>
  <w>faktiskt</w>
  <absaspan id=35 senti=4>
    <w>hellre</w>
  </absaspan>
  <absaspan id=36>
    <w>i</w>
    <w>ett</w>
    <w>förhållande</w>
    <w>med</w>
    <w>en</w>
    <w>utländsk</w>
    <w>tjej</w>
    <w>än</w>
    <w>en</w>
    <w>svensk</w>
    <w>tjej</w>
  </absaspan>
  <w>eftersom</w>
  <w>jag</w>
  <absaspan id=37 senti=2>
    <w>inte</w>
    <w>vill</w>
  </absaspan>
  <absaspan id=38>
    <w>känna</w>
    <w>att</w>
    <w>jag</w>
    <w>är</w>
    <w>i</w>
    <w>ockuperat</w>
    <w>/</w>
    <w>erövrat</w>
    <w>område</w>
  </absaspan>
  <w>.</w>
  <w>Jag</w>
  <absaspan id=39 senti=4>
    <w>vill</w>
    <w>ha</w>
  </absaspan>
  <absaspan id=40>
    <w>någonting</w>
    <w>fräscht</w>
    <w>som</w>
    <w>bekräftar</w>
    <w>min</w>
    <w>manlighet</w>
  </absaspan>
  <w>.</w>
</absapar>
<absapar id=14>
  <w>I</w>
  <w>alla</w>
  <w>fall</w>
  <w>vad</w>
  <w>är</w>
  <w>er</w>
  <w>syn</w>
  <w>på</w>
  <w>detta</w>
  <w>?</w>
  <w>.</w>
</absapar>
</absadoc>
