<absadoc annotators=1 senti=>
<absatitle>
  <w>Man</w>
  <w>gripen</w>
  <w>i</w>
  <w>GBG</w>
  <w>med</w>
  <w>ca</w>
  <w>50</w>
  <w>id-handlingar</w>
  <w>med</w>
  <w>mera</w>
  <w>.</w>
</absatitle>
<absapar id=1>
  <w>Är</w>
  <w>detta</w>
  <w>rekord</w>
  <w>?</w>
  <w>Svensk</w>
  <w>eller</w>
  <w>en</w>
  <w>utlänning</w>
  <w>?</w>
  <w>Ett</w>
  <w>sådant</w>
  <w>antal</w>
  <w>måste</w>
  <w>väl</w>
  <w>bringa</w>
  <w>in</w>
  <w>en</w>
  <w>nätt</w>
  <w>summa</w>
  <w>,</w>
  <w>i</w>
  <w>fall</w>
  <w>han</w>
  <w>skulle</w>
  <w>sälja</w>
  <w>?</w>
  <w>.</w>
</absapar>
</absadoc>
