<absadoc annotators=1 senti=>
<absatitle>
  <absaspan id=1>
    <w>Bloggare</w>
  </absaspan>
  <absaspan id=2 senti=1 partof=4>
    <w>hänger</w>
    <w>ut</w>
  </absaspan>
  <absaspan id=3>
    <w>19</w>
    <w>-</w>
    <w>årig</w>
    <w>tjej</w>
  </absaspan>
  <absaspan id=4 senti=1 target=3 source=1>
    <w>som</w>
  </absaspan>
  <absaspan id=5 senti=1>
    <w>rasist</w>
  </absaspan>
  <w>.</w>
</absatitle>
<absapar id=1>
  <w>Hej</w>
  <w>Flashback</w>
  <w>.</w>
</absapar>
<absapar id=2>
  <w>För</w>
  <w>några</w>
  <w>dagar</w>
  <w>sedan</w>
  <w>poppade</w>
  <w>den</w>
  <w>här</w>
  <w>statusen</w>
  <w>upp</w>
  <w>i</w>
  <w>Calle</w>
  <w>Schulmans</w>
  <w>(</w>
  <w>producenten</w>
  <w>av</w>
  <w>Kungarna</w>
  <w>av</w>
  <w>Tylösand</w>
  <w>)</w>
  <w>wall</w>
  <w>på</w>
  <w>Facebook</w>
  <w>:</w>
  <w>.</w>
</absapar>
<absapar id=3>
  <w>Senare</w>
  <w>kommer</w>
  <w>denna</w>
  <w>statusuppdatering</w>
  <w>:</w>
  <w>.</w>
</absapar>
<absapar id=4>
  <w>Och</w>
  <w>vidare</w>
  <w>denna</w>
  <w>:</w>
  <w>.</w>
</absapar>
<absapar id=5>
  <w>Om</w>
  <w>ni</w>
  <w>läser</w>
  <w>kommentarerna</w>
  <w>till</w>
  <w>uppdateringarna</w>
  <w>så</w>
  <w>kan</w>
  <w>ni</w>
  <w>se</w>
  <w>att</w>
  <absaspan id=6>
    <w>Alexandra</w>
  </absaspan>
  <absaspan id=7 senti=3>
    <w>varken</w>
    <w>har</w>
    <w>några</w>
    <w>rasistiska</w>
    <w>åsikter</w>
  </absaspan>
  <w>,</w>
  <w>inte</w>
  <w>heller</w>
  <w>röstat</w>
  <w>på</w>
  <w>SD</w>
  <w>eller</w>
  <w>går</w>
  <w>ut</w>
  <w>med</w>
  <w>att</w>
  <w>ha</w>
  <w>några</w>
  <absaspan id=8 senti=1>
    <w>extremistiska</w>
  </absaspan>
  <absaspan id=9>
    <w>åsikter</w>
  </absaspan>
  <w>.</w>
  <w>Trots</w>
  <w>detta</w>
  <w>så</w>
  <w>hänger</w>
  <w>Calle</w>
  <w>ut</w>
  <w>AL</w>
  <w>helt</w>
  <w>öppet</w>
  <w>inför</w>
  <w>sina</w>
  <w>drygt</w>
  <w>4500</w>
  <w>vänner</w>
  <w>på</w>
  <w>Facebook</w>
  <w>.</w>
</absapar>
<absapar id=6>
  <w>Senare</w>
  <w>skriver</w>
  <w>han</w>
  <w>ett</w>
  <w>inlägg</w>
  <w>i</w>
  <w>sin</w>
  <w>.</w>
</absapar>
<absapar id=7>
  <w>på</w>
  <w>kanal5</w>
  <w>.</w>
  <w>se</w>
  <w>.</w>
</absapar>
<absapar id=8>
  <w>Som</w>
  <w>ni</w>
  <w>kan</w>
  <w>se</w>
  <w>så</w>
  <w>är</w>
  <absaspan id=10>
    <w>blogginlägget</w>
  </absaspan>
  <absaspan id=11 senti=2>
    <w>väldigt</w>
    <w>vinklat</w>
  </absaspan>
  <w>,</w>
  <w>och</w>
  <absaspan id=12>
    <w>Calle</w>
    <w>refererar</w>
  </absaspan>
  <w>tillbaka</w>
  <w>till</w>
  <w>vad</w>
  <w>Alexandra</w>
  <w>skrivit</w>
  <absaspan id=13 senti=2>
    <w>på</w>
    <w>ett</w>
    <w>mycket</w>
    <w>konstigt</w>
    <w>sätt</w>
  </absaspan>
  <w>.</w>
  <w>Till</w>
  <w>och</w>
  <w>med</w>
  <w>citatet</w>
  <w>är</w>
  <w>ändrat</w>
  <w>från</w>
  <absaspan id=14>
    <w>AL's</w>
  </absaspan>
  <w>citat</w>
  <w>"</w>
  <w>Som</w>
  <w>sagt</w>
  <w>,</w>
  <absaspan id=15>
    <w>jag</w>
  </absaspan>
  <absaspan id=16 senti=3>
    <w>försvarar</w>
    <w>inte</w>
  </absaspan>
  <absaspan id=17>
    <w>SD</w>
  </absaspan>
  <w>på</w>
  <w>något</w>
  <w>sätt</w>
  <w>men</w>
  <absaspan id=18>
    <w>jag</w>
  </absaspan>
  <absaspan id=19 senti=2>
    <w>tycker</w>
    <w>det</w>
    <w>är</w>
    <w>fel</w>
  </absaspan>
  <w>att</w>
  <absaspan id=20>
    <w>smutskasta</w>
    <w>de</w>
    <w>som</w>
    <w>röstat</w>
    <w>på</w>
    <w>dem</w>
  </absaspan>
  <w>när</w>
  <w>de</w>
  <w>gjort</w>
  <w>det</w>
  <w>av</w>
  <w>en</w>
  <absaspan id=21 senti=4>
    <w>grymt</w>
    <w>vettig</w>
  </absaspan>
  <absaspan id=22>
    <w>anledning</w>
  </absaspan>
  <w>.</w>
  <w>"</w>
  <w>till</w>
  <w>"</w>
  <w>Att</w>
  <absaspan id=23>
    <w>Sverigedemokraterna</w>
  </absaspan>
  <w>ha</w>
  <w>'</w>
  <absaspan id=24 senti=4>
    <w>grymt</w>
    <w>vettiga</w>
    <w>åsikter</w>
  </absaspan>
  <w>'</w>
  <w>.</w>
  <w>"</w>
  <absaspan id=25>
    <w>.</w>
  </absaspan>
</absapar>
<absapar id=9>
  <absaspan id=26>
    <w>Han</w>
  </absaspan>
  <w>har</w>
  <w>alltså</w>
  <w>dels</w>
  <absaspan id=27 senti=1>
    <w>hängt</w>
    <w>ut</w>
  </absaspan>
  <absaspan id=28>
    <w>Alexandra</w>
  </absaspan>
  <absaspan id=29 senti=1>
    <w>som</w>
  </absaspan>
  <absaspan id=30 senti=1>
    <w>rasist</w>
  </absaspan>
  <w>på</w>
  <w>sin</w>
  <w>Facebook</w>
  <w>,</w>
  <w>skrivit</w>
  <w>ett</w>
  <absaspan id=31 senti=2>
    <w>extremt</w>
    <w>vinklat</w>
  </absaspan>
  <absaspan id=32>
    <w>blogginlägg</w>
  </absaspan>
  <w>,</w>
  <w>ändrat</w>
  <w>på</w>
  <w>ett</w>
  <w>citat</w>
  <w>,</w>
  <w>samt</w>
  <absaspan id=33 senti=2>
    <w>vägrat</w>
  </absaspan>
  <w>att</w>
  <absaspan id=34>
    <w>ta</w>
    <w>bort</w>
    <w>dessa</w>
    <w>texter</w>
  </absaspan>
  <w>då</w>
  <w>hon</w>
  <w>skickat</w>
  <w>mail</w>
  <w>och</w>
  <w>bett</w>
  <w>honom</w>
  <w>göra</w>
  <w>det</w>
  <w>.</w>
</absapar>
<absapar id=10>
  <w>En</w>
  <w>fråga</w>
  <w>:</w>
  <w>Hur</w>
  <w>ska</w>
  <w>man</w>
  <w>gå</w>
  <w>tillväga</w>
  <w>för</w>
  <w>att</w>
  <absaspan id=35 senti=2>
    <w>sätta</w>
    <w>dit</w>
  </absaspan>
  <absaspan id=36>
    <w>den</w>
    <w>här</w>
    <w>killen</w>
  </absaspan>
  <w>?</w>
  <absaspan id=37>
    <w>Polisanmälan</w>
  </absaspan>
  <absaspan id=38 senti=4>
    <w>är</w>
    <w>ju</w>
    <w>en</w>
    <w>självklarhet</w>
  </absaspan>
  <w>,</w>
  <w>men</w>
  <w>finns</w>
  <w>det</w>
  <w>något</w>
  <w>ytterligare</w>
  <w>man</w>
  <w>borde</w>
  <w>tänka</w>
  <w>på</w>
  <w>?</w>
  <w>.</w>
</absapar>
<absapar id=11>
  <w>(</w>
  <w>Ja</w>
  <w>,</w>
  <w>jag</w>
  <w>känner</w>
  <w>Alexandra</w>
  <w>och</w>
  <w>jag</w>
  <w>har</w>
  <w>fått</w>
  <absaspan id=39>
    <w>hennes</w>
  </absaspan>
  <absaspan id=40 senti=4>
    <w>tillåtelse</w>
  </absaspan>
  <w>att</w>
  <absaspan id=41>
    <w>skriva</w>
    <w>det</w>
    <w>här</w>
  </absaspan>
  <w>)</w>
  <w>.</w>
</absapar>
</absadoc>
