<absadoc annotators=1 senti=2>
<absatitle>
  <w>Ni</w>
  <w>invandrare</w>
  <w>som</w>
  <w>kom</w>
  <w>runt</w>
  <w>70</w>
  <w>-</w>
  <w>80</w>
  <w>talet</w>
  <w>.</w>
</absatitle>
<absapar id=1 senti=2>
  <w>Ni</w>
  <w>invandrare</w>
  <w>som</w>
  <w>kom</w>
  <w>till</w>
  <w>Sverige</w>
  <w>runt</w>
  <w>70</w>
  <w>och</w>
  <w>80</w>
  <w>talet</w>
  <w>,</w>
  <w>borde</w>
  <w>inte</w>
  <w>ni</w>
  <w>rösta</w>
  <w>på</w>
  <w>SD</w>
  <w>?</w>
  <w>Jag</w>
  <w>menar</w>
  <w>ni</w>
  <w>som</w>
  <w>inte</w>
  <w>gör</w>
  <w>det</w>
  <w>,</w>
  <absaspan id=1>
    <w>jag</w>
  </absaspan>
  <absaspan id=2 senti=4>
    <w>förutsätter</w>
  </absaspan>
  <w>att</w>
  <absaspan id=3>
    <w>ni</w>
    <w>som</w>
    <w>har</w>
    <w>varit</w>
    <w>invandrare</w>
    <w>i</w>
    <w>Sverige</w>
    <w>ända</w>
    <w>sedan</w>
    <w>70</w>
    <w>-</w>
    <w>80</w>
    <w>talet</w>
    <w>har</w>
    <w>sett</w>
    <w>den</w>
  </absaspan>
  <absaspan id=4 senti=2>
    <w>sjuka</w>
  </absaspan>
  <absaspan id=5>
    <w>förändringen</w>
  </absaspan>
  <absaspan id=6>
    <w>år</w>
    <w>efter</w>
    <w>år</w>
  </absaspan>
  <w>,</w>
  <w>så</w>
  <absaspan id=7 senti=4>
    <w>ert</w>
    <w>enda</w>
    <w>rätta</w>
    <w>val</w>
  </absaspan>
  <w>är</w>
  <absaspan id=8>
    <w>SD</w>
  </absaspan>
  <w>.</w>
</absapar>
<absapar id=2 senti=2>
  <w>Ta</w>
  <w>som</w>
  <w>ett</w>
  <w>exempel</w>
  <w>en</w>
  <w>iransk</w>
  <w>pojke</w>
  <w>som</w>
  <w>kom</w>
  <w>hit</w>
  <w>på</w>
  <w>80</w>
  <w>-</w>
  <w>talet</w>
  <w>,</w>
  <w>hade</w>
  <w>flest</w>
  <w>svenska</w>
  <w>kompisar</w>
  <w>,</w>
  <absaspan id=9>
    <w>han</w>
  </absaspan>
  <absaspan id=10 senti=4>
    <w>var</w>
    <w>som</w>
    <w>vilken</w>
    <w>svensk</w>
    <w>som</w>
    <w>helst</w>
    <w>i</w>
    <w>sättet</w>
  </absaspan>
  <w>,</w>
  <absaspan id=11 senti=2>
    <w>inte</w>
    <w>fan</w>
    <w>tro</w>
  </absaspan>
  <absaspan id=12>
    <w>jag</w>
  </absaspan>
  <w>att</w>
  <absaspan id=13>
    <w>han</w>
    <w>vill</w>
    <w>ha</w>
    <w>Sverige</w>
    <w>som</w>
    <w>det</w>
    <w>är</w>
    <w>idag</w>
  </absaspan>
  <w>.</w>
</absapar>
</absadoc>
