<absadoc annotators=1 senti=>
<absatitle>
  <w>Tv-kockar</w>
  <w>,</w>
  <absaspan id=1 senti=1 target=2>
    <w>sluta</w>
  </absaspan>
  <absaspan id=2>
    <w>tillaga</w>
    <w>jätteräkor</w>
  </absaspan>
  <w>!</w>
  <w>.</w>
</absatitle>
<absapar id=1>
  <w>Matlagningsprogram</w>
  <w>i</w>
  <w>varenda</w>
  <w>kanal</w>
  <w>.</w>
  <absaspan id=3 senti=4>
    <w>Folkkära</w>
  </absaspan>
  <absaspan id=4>
    <w>Plura</w>
  </absaspan>
  <w>rör</w>
  <w>aningslöst</w>
  <w>runt</w>
  <w>bland</w>
  <w>tigerräkorna</w>
  <w>i</w>
  <w>TV3</w>
  <w>,</w>
  <w>Marcus</w>
  <w>Aujalay</w>
  <w>tillreder</w>
  <w>sallad</w>
  <w>med</w>
  <w>jätteräkor</w>
  <w>och</w>
  <w>lime</w>
  <w>i</w>
  <w>TV4</w>
  <w>:</w>
  <w>s</w>
  <w>Nyhetsmorgon</w>
  <w>och</w>
  <w>i</w>
  <w>dag</w>
  <w>torsdag</w>
  <w>återvänder</w>
  <w>Meny</w>
  <w>i</w>
  <w>P1</w>
  <w>till</w>
  <w>80</w>
  <w>-</w>
  <w>talet</w>
  <w>och</w>
  <w>bjuda</w>
  <w>bland</w>
  <w>annat</w>
  <w>på</w>
  <w>wokad</w>
  <w>scampi</w>
  <w>.</w>
</absapar>
<absapar id=2>
  <w>Men</w>
  <absaspan id=5>
    <w>vissa</w>
    <w>gammalmodigheter</w>
  </absaspan>
  <absaspan id=6 senti=2>
    <w>bör</w>
    <w>inte</w>
    <w>dammas</w>
    <w>av</w>
    <w>och</w>
    <w>återanvändas</w>
  </absaspan>
  <w>.</w>
  <w>De</w>
  <w>passade</w>
  <w>otvivelaktigt</w>
  <w>bäst</w>
  <w>i</w>
  <w>ett</w>
  <absaspan id=7 senti=2>
    <w>ignorant</w>
  </absaspan>
  <absaspan id=8>
    <w>80</w>
    <w>-</w>
    <w>tal</w>
  </absaspan>
  <w>,</w>
  <w>där</w>
  <w>vi</w>
  <w>konsumerade</w>
  <w>för</w>
  <w>glatta</w>
  <w>livet</w>
  <absaspan id=9 senti=3>
    <w>utan</w>
    <w>en</w>
    <w>tanke</w>
    <w>på</w>
    <w>morgondagen</w>
  </absaspan>
  <w>.</w>
</absapar>
<absapar id=3>
  <w>Naturskyddsföreningen</w>
  <w>utmanar</w>
  <w>nu</w>
  <w>alla</w>
  <w>kockar</w>
  <w>och</w>
  <w>matkreatörer</w>
  <w>som</w>
  <w>gör</w>
  <w>anspråk</w>
  <w>på</w>
  <w>att</w>
  <w>vara</w>
  <w>medvetna</w>
  <w>och</w>
  <w>moderna</w>
  <w>att</w>
  <w>utnyttja</w>
  <w>svenskarnas</w>
  <w>intresse</w>
  <w>för</w>
  <w>mat</w>
  <w>.</w>
  <w>Instruera</w>
  <w>oss</w>
  <w>i</w>
  <w>hur</w>
  <w>vi</w>
  <w>äter</w>
  <w>musslor</w>
  <w>,</w>
  <w>ostron</w>
  <w>,</w>
  <w>burfångade</w>
  <w>kräftor</w>
  <w>,</w>
  <w>hummer</w>
  <w>och</w>
  <w>pilgrimsmusslor</w>
  <w>.</w>
  <w>Inspirera</w>
  <w>oss</w>
  <w>till</w>
  <w>moderna</w>
  <w>,</w>
  <w>gröna</w>
  <w>,</w>
  <absaspan id=10 senti=4>
    <w>klimatsmarta</w>
  </absaspan>
  <w>och</w>
  <absaspan id=11 senti=4>
    <w>nyttiga</w>
  </absaspan>
  <w>anrättningar</w>
  <w>.</w>
  <w>Och</w>
  <absaspan id=12 senti=2>
    <w>låt</w>
    <w>oss</w>
    <w>för</w>
    <w>all</w>
    <w>del</w>
    <w>slippa</w>
  </absaspan>
  <absaspan id=13>
    <w>antibiotikauppfödda</w>
    <w>,</w>
    <w>vattenfyllda</w>
    <w>och</w>
    <w>klimatvidriga</w>
    <w>jätteräkor</w>
  </absaspan>
  <w>på</w>
  <w>bästa</w>
  <w>sändningstid</w>
  <w>.</w>
  <absaspan id=14 senti=2>
    <w>Skona</w>
    <w>oss</w>
    <w>från</w>
  </absaspan>
  <absaspan id=15>
    <w>smakupplevelser</w>
    <w>som</w>
    <w>sargar</w>
    <w>ekosystem</w>
  </absaspan>
  <w>och</w>
  <absaspan id=16 senti=2>
    <w>sabbar</w>
  </absaspan>
  <w>fattiga</w>
  <w>människors</w>
  <w>möjlighet</w>
  <w>att</w>
  <w>försörja</w>
  <w>sig</w>
  <w>och</w>
  <w>sina</w>
  <w>familjer</w>
  <w>.</w>
  <absaspan id=17 senti=2>
    <w>Den</w>
  </absaspan>
  <absaspan id=18 senti=2>
    <w>beska</w>
    <w>eftersmaken</w>
  </absaspan>
  <w>går</w>
  <w>inte</w>
  <w>att</w>
  <w>dölja</w>
  <w>med</w>
  <w>vitlök</w>
  <w>och</w>
  <w>chili</w>
  <w>.</w>
  <w>Räkorna</w>
  <w>i</w>
  <w>fråga</w>
  <w>,</w>
  <w>som</w>
  <w>också</w>
  <w>kallas</w>
  <w>jätteräkor</w>
  <w>,</w>
  <w>scampi</w>
  <w>,</w>
  <w>gambas</w>
  <w>eller</w>
  <w>tigerräkor</w>
  <w>härstammar</w>
  <w>från</w>
  <w>länder</w>
  <w>som</w>
  <w>Bangladesh</w>
  <w>,</w>
  <w>Vietnam</w>
  <w>,</w>
  <w>Kina</w>
  <w>,</w>
  <w>Indonesien</w>
  <w>och</w>
  <w>Ecuador</w>
  <w>.</w>
  <w>De</w>
  <w>flesta</w>
  <w>räkor</w>
  <w>är</w>
  <w>odlade</w>
  <w>men</w>
  <w>en</w>
  <w>del</w>
  <w>fångas</w>
  <w>med</w>
  <w>trålar</w>
  <w>i</w>
  <w>havet</w>
  <w>.</w>
  <absaspan id=19>
    <w>Räkproduktion</w>
  </absaspan>
  <w>är</w>
  <absaspan id=20 senti=1>
    <w>förödande</w>
    <w>för</w>
    <w>såväl</w>
    <w>miljö</w>
    <w>som</w>
    <w>för</w>
    <w>människor</w>
  </absaspan>
  <w>.</w>
  <w>Lägg</w>
  <w>därtill</w>
  <w>alla</w>
  <w>kemikalier</w>
  <w>och</w>
  <w>mediciner</w>
  <w>som</w>
  <w>räkorna</w>
  <w>behandlats</w>
  <w>med</w>
  <w>.</w>
  <w>Förvisso</w>
  <w>stannar</w>
  <w>det</w>
  <w>mesta</w>
  <w>av</w>
  <w>dessa</w>
  <w>ofta</w>
  <w>cancerframkallande</w>
  <w>ämnen</w>
  <w>och</w>
  <w>klorföreningar</w>
  <w>kvar</w>
  <w>i</w>
  <w>produktionslandet</w>
  <w>,</w>
  <w>förutom</w>
  <w>det</w>
  <w>grumliga</w>
  <w>vatten</w>
  <w>de</w>
  <w>injiceras</w>
  <w>med</w>
  <w>för</w>
  <w>att</w>
  <w>bli</w>
  <w>större</w>
  <w>.</w>
</absapar>
<absapar id=4>
  <absaspan id=21 senti=2>
    <w>Fräscht</w>
    <w>känns</w>
    <w>det</w>
    <w>ändå</w>
    <w>inte</w>
  </absaspan>
  <absaspan id=22>
    <w>när</w>
    <w>vad</w>
    <w>man</w>
    <w>vet</w>
    <w>vad</w>
    <w>som</w>
    <w>pumpats</w>
    <w>i</w>
    <w>en</w>
    <w>räka</w>
  </absaspan>
  <w>under</w>
  <w>dess</w>
  <w>korta</w>
  <w>livstid</w>
  <w>.</w>
</absapar>
<absapar id=5>
  <w>En</w>
  <w>räka</w>
  <w>måste</w>
  <w>äta</w>
  <w>för</w>
  <w>att</w>
  <w>växa</w>
  <w>.</w>
  <w>Tättlevande</w>
  <w>räkor</w>
  <w>i</w>
  <w>en</w>
  <w>räkodling</w>
  <w>blir</w>
  <w>matade</w>
  <w>med</w>
  <w>fiskmjöl</w>
  <w>.</w>
  <w>Var</w>
  <w>fiskmjölet</w>
  <w>kommer</w>
  <w>ifrån</w>
  <w>är</w>
  <w>det</w>
  <w>få</w>
  <w>som</w>
  <w>funderar</w>
  <w>över</w>
  <w>.</w>
  <w>Det</w>
  <w>kommer</w>
  <w>från</w>
  <w>fisk</w>
  <w>,</w>
  <w>som</w>
  <w>hade</w>
  <w>kunnat</w>
  <w>bli</w>
  <w>mat</w>
  <w>för</w>
  <w>människorna</w>
  <w>i</w>
  <w>landet</w>
  <w>där</w>
  <w>räkan</w>
  <w>odlas</w>
  <w>.</w>
  <w>Istället</w>
  <w>mals</w>
  <w>fisken</w>
  <w>ner</w>
  <w>,</w>
  <w>matas</w>
  <w>till</w>
  <w>räkor</w>
  <w>som</w>
  <w>kanske</w>
  <w>tillagas</w>
  <w>i</w>
  <w>svensk</w>
  <w>teve</w>
  <w>av</w>
  <w>en</w>
  <w>kändiskock</w>
  <w>.</w>
</absapar>
<absapar id=6>
  <w>I</w>
  <w>räkodlingarnas</w>
  <w>spår</w>
  <w>förstörs</w>
  <w>ekosystemen</w>
  <w>,</w>
  <w>kemikalierna</w>
  <w>från</w>
  <w>odlingen</w>
  <w>dödar</w>
  <w>fiskar</w>
  <w>och</w>
  <w>kliar</w>
  <w>och</w>
  <w>svider</w>
  <w>på</w>
  <w>lokalbefolkningarnas</w>
  <w>kroppar</w>
  <w>samtidigt</w>
  <w>som</w>
  <w>människorna</w>
  <w>som</w>
  <w>protesterar</w>
  <w>förföljs</w>
  <w>och</w>
  <w>miljöorganisationer</w>
  <w>,</w>
  <w>om</w>
  <w>sådana</w>
  <w>tillåts</w>
  <w>,</w>
  <w>protesterar</w>
  <absaspan id=23 senti=2>
    <w>förgäves</w>
  </absaspan>
  <w>.</w>
  <w>I</w>
  <w>Sverige</w>
  <w>har</w>
  <w>vi</w>
  <w>ingen</w>
  <w>lång</w>
  <w>tradition</w>
  <w>av</w>
  <w>jätteräkskonsumtion</w>
  <w>.</w>
  <w>Vi</w>
  <w>har</w>
  <w>gott</w>
  <w>om</w>
  <w>skaldjur</w>
  <w>att</w>
  <w>ersätta</w>
  <w>jätteräkan</w>
  <w>med</w>
  <w>.</w>
  <w>Och</w>
  <w>vi</w>
  <w>har</w>
  <w>så</w>
  <w>många</w>
  <absaspan id=24 senti=5>
    <w>spännande</w>
  </absaspan>
  <absaspan id=25>
    <w>matlagningsprogram</w>
  </absaspan>
  <w>som</w>
  <w>kan</w>
  <w>ledsaga</w>
  <w>och</w>
  <w>inspirera</w>
  <w>till</w>
  <absaspan id=26 senti=5>
    <w>kulinariska</w>
    <w>stordåd</w>
  </absaspan>
  <w>.</w>
  <w>Sammanfattningsvis</w>
  <w>är</w>
  <w>det</w>
  <w>vår</w>
  <w>övertygelse</w>
  <w>att</w>
  <w>en</w>
  <absaspan id=27>
    <w>årets</w>
    <w>kampanj</w>
    <w>mot</w>
    <w>jätteräkor</w>
  </absaspan>
  <w>kommer</w>
  <w>att</w>
  <w>bli</w>
  <absaspan id=28 senti=5>
    <w>så</w>
    <w>mycket</w>
    <w>bättre</w>
  </absaspan>
  <w>och</w>
  <absaspan id=29 senti=4>
    <w>roligare</w>
  </absaspan>
  <w>om</w>
  <w>vi</w>
  <w>får</w>
  <w>dem</w>
  <w>som</w>
  <w>brinner</w>
  <w>för</w>
  <w>mat</w>
  <w>och</w>
  <w>spännande</w>
  <w>recept</w>
  <w>med</w>
  <w>oss</w>
  <w>–</w>
  <w>i</w>
  <w>stället</w>
  <w>för</w>
  <w>emot</w>
  <w>oss</w>
  <w>.</w>
</absapar>
<absapar id=7>
  <w>Låt</w>
  <w>oss</w>
  <w>göra</w>
  <w>Sverige</w>
  <w>till</w>
  <w>ett</w>
  <w>föregångsland</w>
  <w>fritt</w>
  <w>från</w>
  <w>jätteräkor</w>
  <w>i</w>
  <w>alla</w>
  <w>former</w>
  <w>och</w>
  <w>förrättningar</w>
  <w>.</w>
  <w>Sluta</w>
  <w>tillaga</w>
  <absaspan id=30>
    <w>jätteräkor</w>
  </absaspan>
  <w>.</w>
  <absaspan id=31>
    <w>Det</w>
  </absaspan>
  <w>är</w>
  <absaspan id=32 senti=2>
    <w>inte</w>
    <w>fräscht</w>
  </absaspan>
  <w>,</w>
  <w>det</w>
  <w>är</w>
  <absaspan id=33 senti=2>
    <w>inte</w>
    <w>schysst</w>
  </absaspan>
  <w>och</w>
  <w>det</w>
  <w>är</w>
  <w>inte</w>
  <w>medvetet</w>
  <w>.</w>
  <w>Och</w>
  <w>det</w>
  <w>är</w>
  <w>inte</w>
  <w>2011</w>
  <w>.</w>
</absapar>
<absapar id=8>
  <w>Kajsa</w>
  <w>GarpeHandläggare</w>
  <w>marina</w>
  <w>ekosystem</w>
  <w>och</w>
  <w>fiske</w>
  <w>,</w>
  <w>Naturskyddsföreningen</w>
  <w>.</w>
</absapar>
</absadoc>
