<absadoc annotators=1 senti=>
<absatitle>
  <w>Den</w>
  <w>spanska</w>
  <w>nationen</w>
  <w>är</w>
  <w>en</w>
  <w>odelbar</w>
  <w>enhet</w>
  <w>.</w>
</absatitle>
<absapar id=1>
  <w>I</w>
  <w>motsats</w>
  <w>till</w>
  <w>vad</w>
  <w>Raül</w>
  <w>Romeva</w>
  <w>påstår</w>
  <w>,</w>
  <w>är</w>
  <w>Spanien</w>
  <w>en</w>
  <w>helt</w>
  <w>konsoliderad</w>
  <w>demokrati</w>
  <w>och</w>
  <absaspan id=1>
    <w>dess</w>
    <w>institutioner</w>
  </absaspan>
  <absaspan id=2 senti=4>
    <w>fungerar</w>
    <w>helt</w>
    <w>normalt</w>
    <w>i</w>
    <w>enighet</w>
    <w>med</w>
    <w>en</w>
    <w>rättsstat</w>
  </absaspan>
  <w>,</w>
  <w>skriver</w>
  <absaspan id=3>
    <w>Javier</w>
    <w>Jiménez-Ugarte</w>
    <w>,</w>
    <w>Spaniens</w>
    <w>ambassadör</w>
  </absaspan>
  <w>,</w>
  <w>i</w>
  <w>en</w>
  <w>replik</w>
  <w>.</w>
</absapar>
<absapar id=2>
  <w>Utan</w>
  <w>respekt</w>
  <w>för</w>
  <w>lagen</w>
  <w>finns</w>
  <w>ingen</w>
  <w>demokrati</w>
  <w>.</w>
</absapar>
<absapar id=3>
  <w>Det</w>
  <w>här</w>
  <w>är</w>
  <w>en</w>
  <w>argumenterande</w>
  <w>text</w>
  <w>med</w>
  <w>syfte</w>
  <w>att</w>
  <w>påverka</w>
  <w>.</w>
  <w>Åsikterna</w>
  <w>som</w>
  <w>uttrycks</w>
  <w>är</w>
  <w>skribentens</w>
  <w>egna</w>
  <w>.</w>
</absapar>
<absapar id=4>
  <w>#</w>
  <w>P</w>
  <w>IMM</w>
  <w>.</w>
  <w>1</w>
  <w>.</w>
  <w>Raül</w>
  <w>Romeva</w>
  <w>är</w>
  <w>inte</w>
  <w>"</w>
  <w>Minister</w>
  <w>"</w>
  <w>utan</w>
  <w>"</w>
  <w>Råd</w>
  <w>"</w>
  <w>i</w>
  <w>Regionala</w>
  <w>Styret</w>
  <w>(</w>
  <w>Generalitat</w>
  <w>)</w>
  <w>i</w>
  <w>autonoma</w>
  <w>regionen</w>
  <w>Katalonien</w>
  <w>,</w>
  <w>som</w>
  <w>är</w>
  <w>en</w>
  <w>del</w>
  <w>av</w>
  <w>den</w>
  <w>spanska</w>
  <w>nationen</w>
  <w>.</w>
</absapar>
<absapar id=5>
  <w>#</w>
  <w>P</w>
  <w>IMM</w>
  <w>.</w>
  <w>2</w>
  <w>.</w>
  <w>Den</w>
  <w>spanska</w>
  <w>Författningen</w>
  <w>från</w>
  <w>1978</w>
  <w>förkunnar</w>
  <w>att</w>
  <w>den</w>
  <w>Spanska</w>
  <w>Nationen</w>
  <w>är</w>
  <w>en</w>
  <w>odelbar</w>
  <w>enhet</w>
  <w>,</w>
  <w>och</w>
  <w>alla</w>
  <w>spanjorers</w>
  <w>gemensamma</w>
  <w>och</w>
  <w>odelbara</w>
  <w>land</w>
  <w>.</w>
</absapar>
<absapar id=6>
  <w>#</w>
  <w>P</w>
  <w>IMM</w>
  <w>.</w>
  <w>3</w>
  <w>.</w>
  <w>I</w>
  <w>motsats</w>
  <w>till</w>
  <w>vad</w>
  <w>Raül</w>
  <w>Romeva</w>
  <w>påstår</w>
  <w>(</w>
  <w>13</w>
  <w>/</w>
  <w>5</w>
  <w>)</w>
  <w>,</w>
  <w>är</w>
  <w>Spanien</w>
  <w>en</w>
  <w>helt</w>
  <w>konsoliderad</w>
  <w>demokrati</w>
  <w>och</w>
  <absaspan id=4>
    <w>dess</w>
    <w>institutioner</w>
  </absaspan>
  <absaspan id=5 senti=4>
    <w>fungerar</w>
    <w>helt</w>
    <w>normalt</w>
    <w>i</w>
    <w>enighet</w>
    <w>med</w>
    <w>en</w>
    <w>rättsstat</w>
  </absaspan>
  <w>.</w>
  <w>Just</w>
  <w>nu</w>
  <w>har</w>
  <w>landet</w>
  <w>en</w>
  <w>tillförordnad</w>
  <w>regering</w>
  <w>.</w>
</absapar>
<absapar id=7>
  <w>#</w>
  <w>P</w>
  <w>IMM</w>
  <w>.</w>
  <w>4</w>
  <w>.</w>
  <w>Den</w>
  <w>nuvarande</w>
  <w>,</w>
  <w>såväl</w>
  <w>som</w>
  <w>tidigare</w>
  <w>regeringar</w>
  <w>,</w>
  <w>har</w>
  <w>haft</w>
  <w>konstant</w>
  <w>dialog</w>
  <w>med</w>
  <w>Kataloniens</w>
  <w>autonoma</w>
  <w>regering</w>
  <w>,</w>
  <w>och</w>
  <w>har</w>
  <w>insisterat</w>
  <w>om</w>
  <w>att</w>
  <w>all</w>
  <w>politisk</w>
  <w>aktion</w>
  <w>från</w>
  <w>Katalonien</w>
  <w>måste</w>
  <w>respektera</w>
  <w>Konstitutionen</w>
  <w>och</w>
  <w>Författningsdomstolens</w>
  <w>rättspraxis</w>
  <w>.</w>
  <w>Statsministern</w>
  <w>Mariano</w>
  <w>Rajoy</w>
  <w>bekräftade</w>
  <w>detta</w>
  <w>nyligen</w>
  <w>när</w>
  <w>han</w>
  <w>tog</w>
  <w>emot</w>
  <w>Generalitats</w>
  <w>President</w>
  <w>Carles</w>
  <w>Puigdemont</w>
  <w>.</w>
</absapar>
<absapar id=8>
  <w>#</w>
  <w>P</w>
  <w>IMM</w>
  <w>.</w>
  <w>5</w>
  <w>.</w>
  <absaspan id=6>
    <w>De</w>
    <w>spanska</w>
    <w>regeringarna</w>
  </absaspan>
  <w>har</w>
  <w>agerat</w>
  <w>med</w>
  <absaspan id=7 senti=4>
    <w>ett</w>
    <w>överväldigande</w>
    <w>stöd</w>
    <w>från</w>
  </absaspan>
  <absaspan id=8>
    <w>Parlamentet</w>
  </absaspan>
  <w>,</w>
  <w>som</w>
  <w>konsekvent</w>
  <w>har</w>
  <w>krävt</w>
  <absaspan id=9>
    <w>skrupulös</w>
  </absaspan>
  <absaspan id=10>
    <w>respekt</w>
    <w>mot</w>
    <w>den</w>
    <w>nuvarande</w>
    <w>konstitutionella</w>
    <w>ramen</w>
  </absaspan>
  <w>.</w>
</absapar>
<absapar id=9>
  <w>#</w>
  <w>P</w>
  <w>IMM</w>
  <w>.</w>
  <w>6</w>
  <w>.</w>
  <absaspan id=11>
    <w>Detta</w>
  </absaspan>
  <w>har</w>
  <w>också</w>
  <w>varit</w>
  <w>alternativet</w>
  <absaspan id=12>
    <w>som</w>
  </absaspan>
  <absaspan id=13>
    <w>52</w>
    <w>procent</w>
    <w>av</w>
    <w>den</w>
    <w>katalanska</w>
    <w>befolkningen</w>
  </absaspan>
  <absaspan id=14 senti=4>
    <w>föredrog</w>
  </absaspan>
  <w>i</w>
  <w>det</w>
  <w>regionala</w>
  <w>valet</w>
  <w>den</w>
  <w>27</w>
  <w>september</w>
  <w>i</w>
  <w>fjol</w>
  <w>,</w>
  <w>en</w>
  <w>bekräftelse</w>
  <w>på</w>
  <w>att</w>
  <w>majoriteten</w>
  <w>av</w>
  <w>katalanerna</w>
  <w>uttryckligen</w>
  <w>är</w>
  <w>emot</w>
  <w>en</w>
  <w>process</w>
  <w>mot</w>
  <w>en</w>
  <w>eventuell</w>
  <w>självständighet</w>
  <w>som</w>
  <w>inte</w>
  <w>respekterar</w>
  <w>rättsstaten</w>
  <w>.</w>
  <w>Utan</w>
  <w>respekt</w>
  <w>för</w>
  <w>lagen</w>
  <w>finns</w>
  <w>ingen</w>
  <w>demokrati</w>
  <w>.</w>
</absapar>
<absapar id=10>
  <w>#</w>
  <w>P</w>
  <w>IMM</w>
  <w>.</w>
  <w>7</w>
  <w>.</w>
  <w>Den</w>
  <w>spanska</w>
  <w>regeringen</w>
  <w>har</w>
  <w>bett</w>
  <w>Författningsdomstolen</w>
  <w>att</w>
  <w>åter</w>
  <w>bekräfta</w>
  <w>att</w>
  <w>,</w>
  <w>enligt</w>
  <w>artikel</w>
  <w>149</w>
  <w>av</w>
  <w>den</w>
  <w>spanska</w>
  <w>Författningen</w>
  <w>från</w>
  <w>1978</w>
  <w>,</w>
  <w>är</w>
  <w>kompetenser</w>
  <w>inom</w>
  <w>utrikespolitik</w>
  <w>exklusivt</w>
  <w>förbehållna</w>
  <w>staten</w>
  <w>.</w>
  <w>Således</w>
  <w>kan</w>
  <w>inte</w>
  <w>Katalonien</w>
  <w>,</w>
  <w>som</w>
  <w>inte</w>
  <w>är</w>
  <w>en</w>
  <w>stat</w>
  <w>utan</w>
  <w>en</w>
  <w>autonom</w>
  <w>region</w>
  <w>,</w>
  <w>utöva</w>
  <w>dessa</w>
  <w>.</w>
</absapar>
<absapar id=11>
  <w>Javier</w>
  <w>Jiménez-Ugarte</w>
  <w>.</w>
</absapar>
<absapar id=12>
  <w>Spaniens</w>
  <w>ambassadör</w>
  <w>i</w>
  <w>Stockholm</w>
  <w>.</w>
</absapar>
<absapar id=13>
  <w>Redaktör</w>
  <w>:</w>
  <w>Carina</w>
  <w>StenssonBiträdande</w>
  <w>redaktör</w>
  <w>:</w>
  <w>Carl-Johan</w>
  <w>BilkenrothMejl</w>
  <w>:</w>
  <w>debatt</w>
  <w>@</w>
  <w>svd.seTelefonnummer</w>
  <w>:</w>
  <w>08</w>
  <w>-</w>
  <w>135149Twitter</w>
  <w>:</w>
  <w>@</w>
  <w>SvDDebattFacebook</w>
  <w>:</w>
  <w>SvD</w>
  <w>Debatt</w>
  <w>.</w>
</absapar>
<absapar id=14>
  <w>Redaktör</w>
  <w>:</w>
  <w>Carina</w>
  <w>Stensson</w>
  <w>,</w>
  <w>Biträdande</w>
  <w>redaktör</w>
  <w>:</w>
  <w>Björn</w>
  <w>Jorner</w>
  <w>,</w>
  <w>Mejl</w>
  <w>:</w>
  <w>debatt</w>
  <w>@</w>
  <w>svd.se</w>
  <w>,</w>
  <w>Telefonnummer</w>
  <w>:</w>
  <w>08</w>
  <w>-</w>
  <w>135149</w>
  <w>,</w>
  <w>Twitter</w>
  <w>:</w>
  <w>@</w>
  <w>SvDDebatt</w>
  <w>,</w>
  <w>Facebook</w>
  <w>:</w>
  <w>SvD</w>
  <w>Debatt</w>
  <w>.</w>
</absapar>
</absadoc>
