<absadoc annotators=1 senti=1>
<absatitle>
  <w>Skapandet</w>
  <w>av</w>
  <w>ett</w>
  <w>NYTT</w>
  <w>parti</w>
  <w>för</w>
  <w>SVERIGE</w>
  <w>med</w>
  <w>fokus</w>
  <w>på</w>
  <w>återvandring</w>
  <w>och</w>
  <w>arbete</w>
  <w>!</w>
</absatitle>
<absapar id=1>
  <w>Hej</w>
  <w>FB</w>
  <w>!</w>
  <w>.</w>
</absapar>
<absapar id=2 senti=1>
  <w>Jag</w>
  <w>undrar</w>
  <w>om</w>
  <w>ni</w>
  <w>skulle</w>
  <w>rösta</w>
  <w>på</w>
  <w>mig</w>
  <w>om</w>
  <w>jag</w>
  <w>fixade</w>
  <w>ett</w>
  <w>nytt</w>
  <w>parti</w>
  <w>som</w>
  <w>riktar</w>
  <w>in</w>
  <w>sig</w>
  <w>på</w>
  <w>invandring</w>
  <w>och</w>
  <w>hederligt</w>
  <w>Svenskt</w>
  <w>arbete</w>
  <w>?</w>
  <w>Kanske</w>
  <w>år</w>
  <w>2026</w>
  <w>eller</w>
  <w>år</w>
  <w>2030</w>
  <w>typ</w>
  <w>?</w>
  <w>?</w>
  <w>.</w>
</absapar>
<absapar id=3 senti=1>
  <w>Jag</w>
  <w>har</w>
  <w>lagt</w>
  <w>ut</w>
  <w>lite</w>
  <w>punkter</w>
  <w>som</w>
  <w>jag</w>
  <w>vill</w>
  <w>fixa</w>
  <w>.</w>
  <w>Dessa</w>
  <w>punkter</w>
  <w>riktar</w>
  <w>sig</w>
  <w>främst</w>
  <w>till</w>
  <w>återvandring</w>
  <w>,</w>
  <w>invandring</w>
  <w>och</w>
  <w>assimilering</w>
  <w>till</w>
  <w>ett</w>
  <w>nytt</w>
  <w>Svenskt</w>
  <w>system</w>
  <w>som</w>
  <absaspan id=1 senti=4>
    <w>främjar</w>
  </absaspan>
  <absaspan id=2>
    <w>hederligt</w>
    <w>arbete</w>
    <w>.</w>
  </absaspan>
  <w>Ett</w>
  <absaspan id=3 senti=4>
    <w>rättvist</w>
  </absaspan>
  <absaspan id=4>
    <w>system</w>
  </absaspan>
  <w>helt</w>
  <w>enkelt</w>
  <w>.</w>
  <w>Notera</w>
  <w>att</w>
  <w>detta</w>
  <w>är</w>
  <w>bara</w>
  <w>början</w>
  <w>.</w>
  <w>Har</w>
  <w>många</w>
  <w>idéer</w>
  <w>men</w>
  <w>inte</w>
  <w>hunnit</w>
  <w>skriva</w>
  <w>ned</w>
  <w>allt</w>
  <w>.</w>
</absapar>
<absapar id=4>
  <w>Vad</w>
  <w>tycker</w>
  <w>ni</w>
  <w>?</w>
  <w>Det</w>
  <w>här</w>
  <w>är</w>
  <w>bara</w>
  <w>en</w>
  <w>början</w>
  <w>på</w>
  <w>idéer</w>
  <w>som</w>
  <w>jag</w>
  <w>kommit</w>
  <w>fram</w>
  <w>till</w>
  <w>och</w>
  <w>punkter</w>
  <w>jag</w>
  <w>VILL</w>
  <w>förändra</w>
  <w>.</w>
  <w>Har</w>
  <w>ni</w>
  <w>några</w>
  <w>andra</w>
  <w>idéer</w>
  <w>som</w>
  <w>passar</w>
  <w>in</w>
  <w>här</w>
  <w>eller</w>
  <w>saker</w>
  <w>ni</w>
  <w>vill</w>
  <w>förändra</w>
  <w>som</w>
  <w>är</w>
  <w>kompatibelt</w>
  <w>med</w>
  <w>mitt</w>
  <w>parti</w>
  <w>?</w>
  <w>Jag</w>
  <w>är</w>
  <w>öppen</w>
  <w>för</w>
  <w>förslag</w>
  <w>!</w>
  <absaspan id=5 senti=4>
    <w>.</w>
  </absaspan>
</absapar>
</absadoc>
