<absadoc annotators=1 senti=>
<absatitle>
  <w>Samarbete</w>
  <w>med</w>
  <w>Finland</w>
  <w>kan</w>
  <w>stärka</w>
  <w>försvaret</w>
  <w>.</w>
</absatitle>
<absapar id=1>
  <absaspan id=1 senti=2>
    <w>Problemet</w>
    <w>med</w>
    <w>den</w>
    <w>svenska</w>
    <w>försvarspolitiken</w>
    <w>har</w>
    <w>varit</w>
  </absaspan>
  <absaspan id=2>
    <w>avsaknaden</w>
    <w>av</w>
    <w>stabilitet</w>
    <w>och</w>
    <w>en</w>
    <w>reformiver</w>
  </absaspan>
  <w>.</w>
  <w>Men</w>
  <w>när</w>
  <w>de</w>
  <w>svenska</w>
  <w>politikerna</w>
  <w>rustade</w>
  <w>ned</w>
  <w>glömde</w>
  <w>de</w>
  <w>enkla</w>
  <w>sanningar</w>
  <w>om</w>
  <w>säkerhetsdilemmat</w>
  <w>i</w>
  <w>världspolitiken</w>
  <w>,</w>
  <w>skriver</w>
  <w>statsvetaren</w>
  <absaspan id=3>
    <w>Marco</w>
    <w>Nilsson</w>
  </absaspan>
  <w>.</w>
</absapar>
<absapar id=2>
  <w>Det</w>
  <w>främsta</w>
  <w>syftet</w>
  <w>med</w>
  <w>en</w>
  <w>stark</w>
  <w>militärmakt</w>
  <w>är</w>
  <w>inte</w>
  <w>att</w>
  <w>den</w>
  <w>ska</w>
  <w>användas</w>
  <w>i</w>
  <w>krig</w>
  <w>utan</w>
  <w>visas</w>
  <w>upp.Marco</w>
  <w>Nilsson</w>
  <w>.</w>
</absapar>
<absapar id=3>
  <w>Det</w>
  <w>här</w>
  <w>är</w>
  <w>en</w>
  <w>argumenterande</w>
  <w>text</w>
  <w>med</w>
  <w>syfte</w>
  <w>att</w>
  <w>påverka</w>
  <w>.</w>
  <w>Åsikterna</w>
  <w>som</w>
  <w>uttrycks</w>
  <w>är</w>
  <w>skribentens</w>
  <w>egna</w>
  <w>.</w>
</absapar>
<absapar id=4>
  <w>Den</w>
  <w>ryska</w>
  <w>militären</w>
  <w>har</w>
  <w>övat</w>
  <w>anfall</w>
  <w>mot</w>
  <w>Sverige</w>
  <w>minst</w>
  <w>två</w>
  <w>gånger</w>
  <w>i</w>
  <w>år</w>
  <w>.</w>
  <w>I</w>
  <w>våras</w>
  <w>fick</w>
  <w>Sverige</w>
  <w>inte</w>
  <w>upp</w>
  <w>några</w>
  <w>plan</w>
  <w>för</w>
  <w>att</w>
  <w>markera</w>
  <w>sin</w>
  <w>försvarsförmåga</w>
  <w>vid</w>
  <w>Gotska</w>
  <w>Sandön</w>
  <w>,</w>
  <w>men</w>
  <w>i</w>
  <w>förra</w>
  <w>veckan</w>
  <w>lyfte</w>
  <w>till</w>
  <w>sist</w>
  <w>två</w>
  <w>Jasplan</w>
  <w>när</w>
  <w>offensiva</w>
  <w>övningar</w>
  <w>gjordes</w>
  <w>vid</w>
  <w>Ölands</w>
  <w>södra</w>
  <w>udde</w>
  <w>.</w>
  <w>Att</w>
  <w>några</w>
  <w>plan</w>
  <w>närvarar</w>
  <w>har</w>
  <w>dock</w>
  <w>högst</w>
  <w>ett</w>
  <w>symbolvärde</w>
  <w>när</w>
  <w>det</w>
  <w>är</w>
  <w>allmänt</w>
  <w>känt</w>
  <w>att</w>
  <w>Sverige</w>
  <w>inte</w>
  <w>längre</w>
  <w>har</w>
  <w>någon</w>
  <w>kapacitet</w>
  <w>att</w>
  <w>försvara</w>
  <w>hela</w>
  <w>landet</w>
  <w>och</w>
  <w>när</w>
  <w>mycket</w>
  <w>begränsade</w>
  <w>områden</w>
  <w>kan</w>
  <w>hållas</w>
  <w>bara</w>
  <w>en</w>
  <w>kort</w>
  <w>tid</w>
  <w>.</w>
</absapar>
<absapar id=5>
  <w>Efter</w>
  <w>att</w>
  <w>Sverige</w>
  <w>har</w>
  <w>avskaffat</w>
  <w>allmän</w>
  <w>värnplikt</w>
  <w>och</w>
  <w>i</w>
  <w>stället</w>
  <w>satsat</w>
  <w>stora</w>
  <w>mängder</w>
  <w>pengar</w>
  <w>på</w>
  <w>högteknologiska</w>
  <w>flygplansprojekt</w>
  <w>kvarstår</w>
  <w>endast</w>
  <w>två</w>
  <w>stöttepelare</w>
  <w>för</w>
  <w>den</w>
  <w>svenska</w>
  <w>suveräniteten</w>
  <w>.</w>
  <w>Finland</w>
  <w>med</w>
  <w>sina</w>
  <w>minst</w>
  <w>300</w>
  <w>000</w>
  <w>soldater</w>
  <w>som</w>
  <w>kan</w>
  <w>mobiliseras</w>
  <w>på</w>
  <w>relativt</w>
  <w>kort</w>
  <w>varsel</w>
  <w>har</w>
  <w>traditionellt</w>
  <w>agerat</w>
  <w>som</w>
  <w>en</w>
  <w>buffert</w>
  <w>mot</w>
  <w>öster</w>
  <w>.</w>
  <w>Och</w>
  <w>medan</w>
  <w>drömmen</w>
  <w>om</w>
  <w>neutraliteten</w>
  <w>fortfarande</w>
  <w>lever</w>
  <w>vidare</w>
  <w>i</w>
  <w>officiella</w>
  <w>uttalanden</w>
  <w>,</w>
  <w>har</w>
  <w>förhoppningarna</w>
  <w>om</w>
  <w>att</w>
  <w>skapa</w>
  <w>säkerhet</w>
  <w>med</w>
  <w>hjälp</w>
  <w>av</w>
  <w>Nato</w>
  <w>blivit</w>
  <w>mer</w>
  <w>framträdande</w>
  <w>.</w>
  <w>I</w>
  <w>dagarna</w>
  <w>har</w>
  <w>Sverige</w>
  <w>till</w>
  <w>exempel</w>
  <w>deltagit</w>
  <w>i</w>
  <w>Natos</w>
  <w>övning</w>
  <w>Steadfast</w>
  <w>Jazz</w>
  <w>2013</w>
  <w>.</w>
</absapar>
<absapar id=6>
  <absaspan id=4 senti=2>
    <w>Problemet</w>
    <w>med</w>
    <w>den</w>
    <w>svenska</w>
    <w>försvarspolitiken</w>
    <w>har</w>
    <w>varit</w>
  </absaspan>
  <absaspan id=5>
    <w>avsaknaden</w>
    <w>av</w>
    <w>stabilitet</w>
    <w>och</w>
    <w>en</w>
    <w>reformiver</w>
  </absaspan>
  <w>.</w>
  <w>På</w>
  <w>1990</w>
  <w>-</w>
  <w>talet</w>
  <w>gjorde</w>
  <w>man</w>
  <w>bedömningen</w>
  <w>att</w>
  <w>frånvaron</w>
  <w>av</w>
  <w>akuta</w>
  <w>hotbilder</w>
  <w>berättigar</w>
  <w>stora</w>
  <w>besparingar</w>
  <w>,</w>
  <w>vilket</w>
  <w>bland</w>
  <w>annat</w>
  <w>ledde</w>
  <w>till</w>
  <w>skapandet</w>
  <w>av</w>
  <w>en</w>
  <w>yrkesarmé</w>
  <w>med</w>
  <w>fokus</w>
  <w>på</w>
  <w>snabbinsatsstyrkor</w>
  <w>som</w>
  <w>kan</w>
  <w>skickas</w>
  <w>till</w>
  <w>fjärran</w>
  <w>konflikthärdar</w>
  <w>.</w>
  <w>Men</w>
  <w>när</w>
  <w>den</w>
  <w>ryska</w>
  <w>militären</w>
  <w>de</w>
  <w>senaste</w>
  <w>åren</w>
  <w>genomgått</w>
  <w>en</w>
  <w>målmedveten</w>
  <w>förnyelse</w>
  <w>och</w>
  <w>upprustning</w>
  <w>,</w>
  <absaspan id=6 senti=4>
    <w>borde</w>
    <w>den</w>
    <w>logiska</w>
    <w>följden</w>
    <w>i</w>
    <w>dag</w>
    <w>vara</w>
  </absaspan>
  <absaspan id=7>
    <w>att</w>
    <w>Sverige</w>
    <w>inleder</w>
    <w>upprustning</w>
    <w>eller</w>
    <w>närmar</w>
    <w>sig</w>
    <w>en</w>
    <w>försvarsallians</w>
    <w>.</w>
  </absaspan>
  <w>I</w>
  <w>dag</w>
  <w>verkar</w>
  <w>det</w>
  <w>luta</w>
  <w>mer</w>
  <w>åt</w>
  <w>det</w>
  <w>senare</w>
  <w>.</w>
  <absaspan id=8>
    <w>Försvarsminister</w>
    <w>Karin</w>
    <w>Enström</w>
  </absaspan>
  <w>sade</w>
  <w>att</w>
  <w>"</w>
  <absaspan id=9>
    <w>det</w>
  </absaspan>
  <absaspan id=10 senti=4>
    <w>är</w>
    <w>viktigt</w>
    <w>för</w>
    <w>att</w>
    <w>bibehålla</w>
    <w>och</w>
    <w>utveckla</w>
    <w>vår</w>
    <w>försvarsförmåga</w>
  </absaspan>
  <w>"</w>
  <w>,</w>
  <w>när</w>
  <w>beslutet</w>
  <w>om</w>
  <w>det</w>
  <w>svenska</w>
  <w>deltagandet</w>
  <w>i</w>
  <w>Natoövningen</w>
  <w>fattades</w>
  <w>i</w>
  <w>oktober</w>
  <w>.</w>
</absapar>
<absapar id=7>
  <w>Men</w>
  <w>när</w>
  <w>de</w>
  <w>svenska</w>
  <w>politikerna</w>
  <w>rustade</w>
  <w>ned</w>
  <w>glömde</w>
  <w>de</w>
  <w>enkla</w>
  <w>sanningar</w>
  <w>om</w>
  <w>säkerhetsdilemmat</w>
  <w>i</w>
  <w>världspolitiken</w>
  <w>:</w>
  <w>Om</w>
  <w>ett</w>
  <w>land</w>
  <w>senare</w>
  <w>behöver</w>
  <w>rusta</w>
  <w>upp</w>
  <w>eller</w>
  <w>närmar</w>
  <w>sig</w>
  <w>en</w>
  <w>försvarsallians</w>
  <w>,</w>
  <w>oavsett</w>
  <w>vad</w>
  <w>syftet</w>
  <w>är</w>
  <w>,</w>
  <w>väcker</w>
  <w>det</w>
  <w>misstänksamhet</w>
  <w>hos</w>
  <w>möjliga</w>
  <w>motståndare</w>
  <w>.</w>
  <w>När</w>
  <w>Sverige</w>
  <w>deltar</w>
  <w>i</w>
  <w>den</w>
  <w>största</w>
  <w>Natoövningen</w>
  <w>på</w>
  <w>sju</w>
  <w>år</w>
  <w>som</w>
  <w>hålls</w>
  <w>i</w>
  <w>Baltikum</w>
  <w>och</w>
  <w>Polen</w>
  <w>,</w>
  <w>borde</w>
  <w>det</w>
  <w>därför</w>
  <w>inte</w>
  <w>vara</w>
  <w>förvånande</w>
  <w>att</w>
  <w>Ryssland</w>
  <w>direkt</w>
  <w>svarar</w>
  <w>genom</w>
  <w>att</w>
  <w>genomföra</w>
  <w>en</w>
  <w>övning</w>
  <w>där</w>
  <w>bombplan</w>
  <w>simulerar</w>
  <w>attacker</w>
  <w>mot</w>
  <w>just</w>
  <w>Sverige</w>
  <w>,</w>
  <w>Baltikum</w>
  <w>och</w>
  <w>Polen</w>
  <w>.</w>
</absapar>
<absapar id=8>
  <w>Dessutom</w>
  <w>styrs</w>
  <w>de</w>
  <w>svenska</w>
  <w>farhågorna</w>
  <w>om</w>
  <w>Rysslands</w>
  <w>avsikter</w>
  <w>i</w>
  <w>dag</w>
  <w>av</w>
  <w>den</w>
  <w>preussiska</w>
  <w>militärstrategen</w>
  <w>von</w>
  <w>Clausewitzs</w>
  <w>argument</w>
  <w>att</w>
  <w>krig</w>
  <w>är</w>
  <w>en</w>
  <w>fortsättning</w>
  <w>på</w>
  <w>politiken</w>
  <w>med</w>
  <w>andra</w>
  <w>medel</w>
  <w>.</w>
  <w>Men</w>
  <w>att</w>
  <w>Ryssland</w>
  <w>rustar</w>
  <w>upp</w>
  <w>betyder</w>
  <w>inte</w>
  <w>att</w>
  <w>Moskva</w>
  <w>har</w>
  <w>ett</w>
  <w>intresse</w>
  <w>av</w>
  <w>att</w>
  <w>inleda</w>
  <w>ett</w>
  <w>militärt</w>
  <w>angrepp</w>
  <w>mot</w>
  <w>Sverige</w>
  <w>eller</w>
  <w>något</w>
  <w>annat</w>
  <w>land</w>
  <w>i</w>
  <w>Västeuropa</w>
  <w>.</w>
  <absaspan id=11>
    <w>Alla</w>
  </absaspan>
  <w>vet</w>
  <w>att</w>
  <absaspan id=12>
    <w>sådana</w>
    <w>äventyr</w>
  </absaspan>
  <absaspan id=13 senti=2>
    <w>kostar</w>
    <w>mer</w>
    <w>än</w>
    <w>de</w>
    <w>smakar</w>
  </absaspan>
  <w>.</w>
</absapar>
<absapar id=9>
  <w>Skräddarsydda</w>
  <w>kurser</w>
  <w>i</w>
  <w>ämnen</w>
  <w>som</w>
  <w>intresserar</w>
  <w>och</w>
  <w>engagerar</w>
  <w>både</w>
  <w>kropp</w>
  <w>och</w>
  <w>själ</w>
  <w>.</w>
</absapar>
<absapar id=10>
  <w>Det</w>
  <w>är</w>
  <w>dock</w>
  <w>lättare</w>
  <w>att</w>
  <w>förstå</w>
  <w>Rysslands</w>
  <w>agerande</w>
  <w>om</w>
  <w>man</w>
  <w>erinrar</w>
  <w>sig</w>
  <w>principen</w>
  <w>bakom</w>
  <w>Roosevelts</w>
  <w>utrikespolitik</w>
  <w>:</w>
  <w>"</w>
  <w>Tala</w>
  <w>mjukt</w>
  <w>,</w>
  <w>bär</w>
  <w>en</w>
  <w>stor</w>
  <w>käpp</w>
  <w>"</w>
  <w>–</w>
  <w>hota</w>
  <w>inte</w>
  <w>med</w>
  <w>krig</w>
  <w>men</w>
  <w>visa</w>
  <w>upp</w>
  <w>styrka</w>
  <w>.</w>
  <w>Den</w>
  <w>ryska</w>
  <w>ledningen</w>
  <w>vet</w>
  <w>att</w>
  <w>det</w>
  <w>främsta</w>
  <w>syftet</w>
  <w>med</w>
  <w>en</w>
  <w>stark</w>
  <w>militärmakt</w>
  <w>inte</w>
  <w>är</w>
  <w>att</w>
  <w>den</w>
  <w>ska</w>
  <w>användas</w>
  <w>i</w>
  <w>krig</w>
  <w>utan</w>
  <w>visas</w>
  <w>upp</w>
  <w>som</w>
  <w>en</w>
  <w>stor</w>
  <w>käpp</w>
  <w>som</w>
  <w>ger</w>
  <w>politiskt</w>
  <w>inflytande</w>
  <w>.</w>
  <w>Detta</w>
  <w>är</w>
  <w>lätt</w>
  <w>att</w>
  <w>glömma</w>
  <w>när</w>
  <w>Sverige</w>
  <w>har</w>
  <w>fokuserat</w>
  <w>mer</w>
  <w>på</w>
  <w>sin</w>
  <w>egen</w>
  <w>strävan</w>
  <w>att</w>
  <w>bli</w>
  <w>en</w>
  <w>moralisk</w>
  <w>makt</w>
  <w>i</w>
  <w>internationell</w>
  <w>politik</w>
  <w>.</w>
</absapar>
<absapar id=11>
  <w>Även</w>
  <w>om</w>
  <w>Ryssland</w>
  <w>inte</w>
  <w>har</w>
  <w>offensiva</w>
  <w>avsikter</w>
  <w>,</w>
  <w>måste</w>
  <w>Sverige</w>
  <w>på</w>
  <w>något</w>
  <w>sätt</w>
  <w>skapa</w>
  <w>ett</w>
  <w>trovärdigt</w>
  <w>försvar</w>
  <w>för</w>
  <w>att</w>
  <w>inte</w>
  <w>tappa</w>
  <w>i</w>
  <w>politiskt</w>
  <w>inflytande</w>
  <w>.</w>
  <w>Både</w>
  <absaspan id=14>
    <w>intern</w>
    <w>balansering</w>
    <w>med</w>
    <w>upprustning</w>
  </absaspan>
  <w>och</w>
  <absaspan id=15>
    <w>extern</w>
    <w>balansering</w>
    <w>med</w>
    <w>ett</w>
    <w>möjligt</w>
    <w>Natomedlemskap</w>
  </absaspan>
  <absaspan id=16 senti=2>
    <w>skulle</w>
    <w>väcka</w>
    <w>farhågor</w>
    <w>hos</w>
  </absaspan>
  <absaspan id=17>
    <w>Moskva</w>
  </absaspan>
  <w>.</w>
  <w>Men</w>
  <w>ett</w>
  <absaspan id=18>
    <w>Natomedlemskap</w>
  </absaspan>
  <absaspan id=19 senti=2>
    <w>skulle</w>
    <w>reta</w>
    <w>upp</w>
  </absaspan>
  <absaspan id=20>
    <w>Ryssland</w>
  </absaspan>
  <w>mest</w>
  <w>eftersom</w>
  <w>Nato</w>
  <w>har</w>
  <w>stor</w>
  <w>offensiv</w>
  <w>kapacitet</w>
  <w>.</w>
  <absaspan id=21 senti=4>
    <w>Det</w>
    <w>säkraste</w>
    <w>alternativet</w>
    <w>är</w>
  </absaspan>
  <w>därför</w>
  <absaspan id=22>
    <w>återinförandet</w>
    <w>av</w>
    <w>värnplikten</w>
  </absaspan>
  <w>eftersom</w>
  <w>det</w>
  <w>endast</w>
  <w>kan</w>
  <w>uppfattas</w>
  <w>som</w>
  <w>en</w>
  <w>defensiv</w>
  <w>åtgärd</w>
  <w>.</w>
  <w>Det</w>
  <absaspan id=23 senti=4>
    <w>skulle</w>
  </absaspan>
  <w>också</w>
  <absaspan id=24 senti=4>
    <w>löna</w>
  </absaspan>
  <absaspan id=25 senti=4>
    <w>sig</w>
  </absaspan>
  <absaspan id=26>
    <w>att</w>
    <w>utveckla</w>
    <w>försvarssamarbetet</w>
    <w>med</w>
    <w>Finland</w>
  </absaspan>
  <w>som</w>
  <w>i</w>
  <w>dag</w>
  <w>har</w>
  <w>stora</w>
  <w>erfarenheter</w>
  <w>av</w>
  <w>en</w>
  <w>mer</w>
  <w>kostnadseffektiv</w>
  <w>försvarspolitik</w>
  <w>.</w>
</absapar>
<absapar id=12>
  <w>Men</w>
  <w>när</w>
  <absaspan id=27 senti=2>
    <w>ödesdigra</w>
    <w>beslut</w>
    <w>om</w>
  </absaspan>
  <absaspan id=28>
    <w>en</w>
    <w>omstrukturering</w>
    <w>av</w>
    <w>militären</w>
  </absaspan>
  <w>redan</w>
  <w>fattats</w>
  <w>är</w>
  <w>det</w>
  <w>oklart</w>
  <w>om</w>
  <w>politikerna</w>
  <w>är</w>
  <w>beredda</w>
  <w>att</w>
  <w>vidta</w>
  <w>nödvändiga</w>
  <w>åtgärder</w>
  <w>för</w>
  <w>att</w>
  <w>återskapa</w>
  <w>både</w>
  <w>en</w>
  <w>mer</w>
  <w>trovärdig</w>
  <w>neutralitet</w>
  <w>och</w>
  <w>en</w>
  <w>försvarsförmåga</w>
  <w>.</w>
</absapar>
<absapar id=13>
  <w>MARCO</w>
  <w>NILSSON</w>
  <w>.</w>
</absapar>
<absapar id=14>
  <w>statsvetare</w>
  <w>vid</w>
  <w>Göteborgs</w>
  <w>universitet</w>
  <w>.</w>
</absapar>
<absapar id=15>
  <w>Redaktör</w>
  <w>:</w>
  <w>Carina</w>
  <w>Stensson</w>
  <w>,</w>
  <w>Biträdande</w>
  <w>redaktör</w>
  <w>:</w>
  <w>Björn</w>
  <w>Jorner</w>
  <w>,</w>
  <w>Mejl</w>
  <w>:</w>
  <w>debatt</w>
  <w>@</w>
  <w>svd.se</w>
  <w>,</w>
  <w>Telefonnummer</w>
  <w>:</w>
  <w>08</w>
  <w>-</w>
  <w>135149</w>
  <w>,</w>
  <w>Twitter</w>
  <w>:</w>
  <w>@</w>
  <w>SvDDebatt</w>
  <w>,</w>
  <w>Facebook</w>
  <w>:</w>
  <w>SvD</w>
  <w>Debatt</w>
  <w>.</w>
</absapar>
</absadoc>
