<absadoc annotators=1 senti=>
<absatitle>
  <w>Alla</w>
  <w>har</w>
  <w>rätt</w>
  <w>att</w>
  <w>veta</w>
  <w>sitt</w>
  <w>ursprung</w>
  <w>.</w>
</absatitle>
<absapar id=1>
  <w>Med</w>
  <w>drygt</w>
  <w>56</w>
  <w>000</w>
  <w>internationellt</w>
  <w>adopterade</w>
  <w>,</w>
  <w>varav</w>
  <w>runt</w>
  <w>9</w>
  <w>000</w>
  <w>från</w>
  <w>Korea</w>
  <w>,</w>
  <w>är</w>
  <w>Sverige</w>
  <w>ett</w>
  <w>av</w>
  <w>de</w>
  <w>länder</w>
  <w>med</w>
  <w>högst</w>
  <w>andel</w>
  <w>utlandsadopterade</w>
  <w>per</w>
  <w>invånare</w>
  <w>.</w>
  <w>Regeringen</w>
  <w>har</w>
  <w>uttalat</w>
  <w>att</w>
  <w>Barnkonventionen</w>
  <w>ska</w>
  <w>bli</w>
  <w>lag</w>
  <w>.</w>
  <w>Enligt</w>
  <w>artikel</w>
  <w>7.1</w>
  <w>har</w>
  <w>barn</w>
  <w>”</w>
  <w>[</w>
  <w>.</w>
  <w>.</w>
  <w>.</w>
  <w>]</w>
  <w>så</w>
  <w>långt</w>
  <w>det</w>
  <w>är</w>
  <w>möjligt</w>
  <w>,</w>
  <w>rätt</w>
  <w>att</w>
  <w>få</w>
  <w>vetskap</w>
  <w>om</w>
  <w>sina</w>
  <w>föräldrar</w>
  <w>[</w>
  <w>.</w>
  <w>.</w>
  <w>.</w>
  <w>]</w>
  <w>”</w>
  <w>.</w>
  <w>Inhemskt</w>
  <w>adopterade</w>
  <w>och</w>
  <w>fosterhemsplacerade</w>
  <w>kan</w>
  <w>vända</w>
  <w>sig</w>
  <w>till</w>
  <w>Skatteverket</w>
  <w>,</w>
  <w>och</w>
  <w>via</w>
  <w>folkbokföringen</w>
  <w>få</w>
  <w>information</w>
  <w>om</w>
  <w>sina</w>
  <w>ursprungsföräldrar</w>
  <w>.</w>
</absapar>
<absapar id=2>
  <w>Namn</w>
  <w>på</w>
  <w>ursprungsföräldrar</w>
  <w>till</w>
  <w>utlandsadopterade</w>
  <w>kan</w>
  <w>registreras</w>
  <w>i</w>
  <w>folkbokföringen</w>
  <w>,</w>
  <w>men</w>
  <w>lagkrav</w>
  <w>på</w>
  <w>detta</w>
  <w>saknas</w>
  <w>.</w>
</absapar>
<absapar id=3>
  <w>Det</w>
  <w>gör</w>
  <w>det</w>
  <w>möjligt</w>
  <w>för</w>
  <w>Sveriges</w>
  <w>största</w>
  <w>adoptionsbyrå</w>
  <w>,</w>
  <absaspan id=1>
    <w>Adoptionscentrum</w>
  </absaspan>
  <absaspan id=2>
    <w>(</w>
    <w>AC</w>
    <w>)</w>
  </absaspan>
  <w>,</w>
  <w>att</w>
  <w>uppmana</w>
  <w>adoptanter</w>
  <w>att</w>
  <w>inte</w>
  <w>göra</w>
  <w>det</w>
  <w>.</w>
  <absaspan id=3>
    <w>AC</w>
  </absaspan>
  <w>menar</w>
  <w>att</w>
  <w>det</w>
  <absaspan id=4 senti=4>
    <w>är</w>
    <w>bättre</w>
  </absaspan>
  <absaspan id=5>
    <w>att</w>
    <w>informationen</w>
    <w>finns</w>
    <w>hos</w>
    <w>socialkontoret</w>
    <w>,</w>
    <w>som</w>
    <w>har</w>
    <w>hårdare</w>
    <w>regler</w>
    <w>för</w>
    <w>informationsutlämning</w>
  </absaspan>
  <w>.</w>
  <w>AC</w>
  <w>:</w>
  <w>s</w>
  <w>motivering</w>
  <w>är</w>
  <w>att</w>
  <w>skydda</w>
  <w>ursprungsföräldrarnas</w>
  <w>identitet</w>
  <w>,</w>
  <w>ett</w>
  <w>skydd</w>
  <w>de</w>
  <w>inte</w>
  <w>anser</w>
  <w>att</w>
  <w>svenskar</w>
  <w>som</w>
  <w>vars</w>
  <w>barn</w>
  <w>har</w>
  <w>vuxit</w>
  <w>upp</w>
  <w>i</w>
  <w>en</w>
  <w>annan</w>
  <w>familj</w>
  <w>bör</w>
  <w>åtnjuta</w>
  <absaspan id=6 senti=2>
    <w>.</w>
  </absaspan>
</absapar>
<absapar id=4>
  <w>På</w>
  <w>så</w>
  <w>sätt</w>
  <w>minskar</w>
  <w>utlandsadopterades</w>
  <w>möjlighet</w>
  <w>att</w>
  <w>få</w>
  <w>offentlig</w>
  <w>hjälp</w>
  <w>.</w>
  <absaspan id=7>
    <w>Vi</w>
    <w>blir</w>
    <w>då</w>
    <w>i</w>
    <w>praktiken</w>
  </absaspan>
  <absaspan id=8 senti=2>
    <w>utlämnade</w>
  </absaspan>
  <absaspan id=9>
    <w>till</w>
    <w>att</w>
    <w>förhandla</w>
    <w>med</w>
    <w>privata</w>
    <w>adoptionsbyråer</w>
    <w>för</w>
    <w>att</w>
    <w>få</w>
    <w>tillgång</w>
    <w>till</w>
    <w>informationen</w>
  </absaspan>
  <w>.</w>
</absapar>
<absapar id=5>
  <w>Röttersök</w>
  <w>har</w>
  <w>blivit</w>
  <w>ytterligare</w>
  <w>en</w>
  <w>möjlighet</w>
  <w>för</w>
  <w>adoptionsbyråerna</w>
  <w>att</w>
  <w>tjäna</w>
  <w>pengar</w>
  <w>.</w>
  <w>Att</w>
  <w>få</w>
  <w>hjälp</w>
  <w>av</w>
  <w>AC</w>
  <w>med</w>
  <w>röttersök</w>
  <w>i</w>
  <w>Korea</w>
  <w>kostar</w>
  <w>3</w>
  <w>000</w>
  <w>kronor</w>
  <w>.</w>
  <w>Samtidigt</w>
  <w>är</w>
  <w>det</w>
  <w>är</w>
  <w>gratis</w>
  <w>att</w>
  <w>få</w>
  <w>hjälp</w>
  <w>med</w>
  <w>röttersök</w>
  <w>av</w>
  <w>koreanska</w>
  <w>adoptionsmyndigheten</w>
  <w>,</w>
  <w>adoptionsbyrån</w>
  <w>,</w>
  <w>polisen</w>
  <w>och</w>
  <w>ett</w>
  <w>flertal</w>
  <w>frivilligorganisationer</w>
  <w>.</w>
  <w>För</w>
  <w>att</w>
  <w>locka</w>
  <w>adopterade</w>
  <w>att</w>
  <w>betala</w>
  <w>,</w>
  <absaspan id=10 senti=2>
    <w>skriver</w>
  </absaspan>
  <w>AC</w>
  <absaspan id=11 senti=2>
    <w>felaktigt</w>
  </absaspan>
  <absaspan id=12>
    <w>att</w>
    <w>den</w>
    <w>koreanska</w>
    <w>adoptionsbyrån</w>
    <w>föredrar</w>
    <w>att</w>
    <w>röttersök</w>
    <w>går</w>
    <w>via</w>
    <w>dem</w>
  </absaspan>
  <w>.</w>
</absapar>
<absapar id=6>
  <w>De</w>
  <w>som</w>
  <w>inte</w>
  <w>har</w>
  <w>råd</w>
  <w>att</w>
  <w>betala</w>
  <w>,</w>
  <absaspan id=13 senti=2>
    <w>riskerar</w>
  </absaspan>
  <absaspan id=14>
    <w>att</w>
    <w>deras</w>
    <w>mänskliga</w>
    <w>rättighet</w>
    <w>att</w>
    <w>ha</w>
    <w>vetskap</w>
    <w>om</w>
    <w>sitt</w>
    <w>ursprung</w>
    <w>inte</w>
    <w>uppfylls</w>
  </absaspan>
  <w>.</w>
  <w>Vi</w>
  <w>vet</w>
  <w>att</w>
  <w>adopterade</w>
  <w>har</w>
  <w>betalat</w>
  <w>AC</w>
  <w>,</w>
  <w>för</w>
  <w>att</w>
  <w>senare</w>
  <w>ha</w>
  <w>fått</w>
  <w>gratis</w>
  <w>hjälp</w>
  <w>av</w>
  <w>den</w>
  <w>koreanska</w>
  <w>adoptionsbyrån</w>
  <w>.</w>
</absapar>
<absapar id=7>
  <w>Trots</w>
  <w>att</w>
  <w>Myndigheten</w>
  <w>för</w>
  <w>familjerätt</w>
  <w>och</w>
  <w>föräldraskapsstöd</w>
  <w>(</w>
  <w>MFoF</w>
  <w>)</w>
  <w>,</w>
  <w>och</w>
  <w>dess</w>
  <w>föregångare</w>
  <w>MIA</w>
  <w>,</w>
  <w>under</w>
  <w>flera</w>
  <w>år</w>
  <w>har</w>
  <w>uppvaktat</w>
  <w>Socialdepartementet</w>
  <w>och</w>
  <w>önskat</w>
  <w>få</w>
  <w>ansvar</w>
  <w>för</w>
  <w>röttersöksfrågan</w>
  <w>,</w>
  <w>har</w>
  <w>inga</w>
  <w>sådana</w>
  <w>direktiv</w>
  <w>getts</w>
  <w>i</w>
  <w>regleringsbrevet</w>
  <w>.</w>
  <w>Vidare</w>
  <w>borde</w>
  <w>det</w>
  <w>finnas</w>
  <w>ett</w>
  <w>statligt</w>
  <w>ekonomiskt</w>
  <w>stöd</w>
  <w>,</w>
  <w>då</w>
  <w>ett</w>
  <w>röttersök</w>
  <w>inte</w>
  <w>bara</w>
  <w>är</w>
  <w>tidskrävande</w>
  <w>,</w>
  <w>utan</w>
  <w>i</w>
  <w>många</w>
  <w>fall</w>
  <w>även</w>
  <w>innebär</w>
  <w>kostsamma</w>
  <w>resor</w>
  <w>.</w>
  <w>Hanteringen</w>
  <w>av</w>
  <w>utlandsadopterades</w>
  <w>rätt</w>
  <w>till</w>
  <w>kunskap</w>
  <w>om</w>
  <w>vårt</w>
  <w>ursprung</w>
  <w>är</w>
  <w>exempel</w>
  <w>på</w>
  <w>delegationsdemokrati</w>
  <w>.</w>
  <w>En</w>
  <w>sådan</w>
  <w>demokrati</w>
  <w>innebär</w>
  <w>av</w>
  <w>att</w>
  <w>offentligt</w>
  <w>ansvar</w>
  <w>för</w>
  <w>demokratiska</w>
  <w>rättigheter</w>
  <w>delegeras</w>
  <w>till</w>
  <w>privata</w>
  <w>aktörer</w>
  <w>.</w>
  <w>Vidare</w>
  <w>fattas</w>
  <w>besluten</w>
  <w>om</w>
  <w>vem</w>
  <w>som</w>
  <w>ska</w>
  <w>ha</w>
  <w>rätt</w>
  <w>att</w>
  <w>få</w>
  <w>hjälp</w>
  <w>,</w>
  <w>av</w>
  <w>privata</w>
  <w>aktörer</w>
  <w>,</w>
  <w>på</w>
  <w>arenor</w>
  <w>utan</w>
  <w>offentlig</w>
  <w>insyn</w>
  <w>.</w>
</absapar>
<absapar id=8>
  <w>Privata</w>
  <w>aktörer</w>
  <w>har</w>
  <w>även</w>
  <absaspan id=15 senti=2>
    <w>informationsövertag</w>
  </absaspan>
  <w>.</w>
  <w>Det</w>
  <w>märks</w>
  <w>genom</w>
  <w>att</w>
  <w>ingen</w>
  <w>svensk</w>
  <w>offentlig</w>
  <w>aktör</w>
  <w>tillhandahåller</w>
  <w>kontaktinformation</w>
  <w>till</w>
  <w>relevanta</w>
  <w>aktörer</w>
  <w>i</w>
  <w>ursprungslandet</w>
  <w>.</w>
</absapar>
<absapar id=9>
  <w>Politikerna</w>
  <w>valt</w>
  <w>att</w>
  <w>endast</w>
  <w>delegera</w>
  <w>ansvaret</w>
  <w>för</w>
  <w>utlandsadopterades</w>
  <w>röttersök</w>
  <w>.</w>
  <w>På</w>
  <w>så</w>
  <w>sätt</w>
  <w>exkluderas</w>
  <w>vår</w>
  <w>rättighet</w>
  <w>från</w>
  <w>det</w>
  <w>offentligas</w>
  <w>ansvar</w>
  <w>,</w>
  <w>enkom</w>
  <w>baserat</w>
  <w>på</w>
  <w>etniskt</w>
  <w>ursprung</w>
  <w>.</w>
  <w>Om</w>
  <w>regeringen</w>
  <w>menar</w>
  <w>allvar</w>
  <w>med</w>
  <w>att</w>
  <w>Barnkonventionen</w>
  <w>ska</w>
  <w>bli</w>
  <w>lag</w>
  <w>,</w>
  <w>bör</w>
  <w>den</w>
  <w>snarast</w>
  <w>ge</w>
  <w>MFoF</w>
  <w>ansvar</w>
  <w>för</w>
  <w>röttersök</w>
  <w>för</w>
  <w>utlandsadopterade</w>
  <w>,</w>
  <w>ändra</w>
  <w>lagen</w>
  <w>så</w>
  <w>att</w>
  <w>kända</w>
  <w>ursprungsföräldrar</w>
  <w>bokförs</w>
  <w>och</w>
  <w>ge</w>
  <w>ekonomiskt</w>
  <w>stöd</w>
  <w>till</w>
  <w>röttersök</w>
  <w>.</w>
</absapar>
<absapar id=10>
  <w>Först</w>
  <w>om</w>
  <w>så</w>
  <w>sker</w>
  <w>,</w>
  <w>blir</w>
  <w>utlandsadopterades</w>
  <w>mänskliga</w>
  <w>rättigheter</w>
  <w>en</w>
  <w>demokratisk</w>
  <w>rättighet</w>
  <w>i</w>
  <w>stället</w>
  <w>för</w>
  <w>en</w>
  <w>pengatransaktion</w>
  <absaspan id=16 senti=2>
    <w>.</w>
  </absaspan>
</absapar>
<absapar id=11>
  <w>Hanna</w>
  <w>Sofia</w>
  <w>Jung</w>
  <w>Johansson</w>
  <w>.</w>
</absapar>
<absapar id=12>
  <w>Maria</w>
  <w>Fredriksson</w>
  <w>.</w>
</absapar>
<absapar id=13>
  <w>Adopterade</w>
  <w>från</w>
  <w>Korea</w>
  <w>.</w>
</absapar>
<absapar id=14>
  <w>Häng</w>
  <w>med</w>
  <w>i</w>
  <w>debatten</w>
  <w>och</w>
  <w>kommentera</w>
  <w>artikeln</w>
  <w>–</w>
  <w>följ</w>
  <w>Debatt</w>
  <w>på</w>
  <w>Facebook</w>
  <w>.</w>
</absapar>
</absadoc>
