<absadoc annotators=1 senti=>
<absatitle>
  <w>Varför</w>
  <w>så</w>
  <w>tyst</w>
  <w>från</w>
  <w>S</w>
  <w>och</w>
  <w>M</w>
  <w>?</w>
  <w>.</w>
</absatitle>
<absapar id=1>
  <w>Bristen</w>
  <w>på</w>
  <w>specialistsjuksköterskor</w>
  <w>gör</w>
  <w>att</w>
  <w>väntetider</w>
  <w>för</w>
  <w>operationer</w>
  <w>och</w>
  <w>behandlingar</w>
  <w>förlängs</w>
  <w>och</w>
  <w>att</w>
  <w>hela</w>
  <w>avdelningar</w>
  <w>får</w>
  <w>hållas</w>
  <w>stängda</w>
  <w>.</w>
  <w>Vi</w>
  <w>undrar</w>
  <w>varför</w>
  <w>S</w>
  <w>och</w>
  <w>M</w>
  <w>tiger</w>
  <w>om</w>
  <w>hur</w>
  <w>kompetensförsörjningen</w>
  <w>ska</w>
  <w>lösas</w>
  <w>,</w>
  <w>skriver</w>
  <w>Sineva</w>
  <w>Ribeiro</w>
  <w>,</w>
  <w>Vårdförbundet</w>
  <w>,</w>
  <w>och</w>
  <w>Ania</w>
  <w>Willman</w>
  <w>,</w>
  <w>Svensk</w>
  <w>sjuksköterskeförening</w>
  <w>.</w>
</absapar>
<absapar id=2>
  <w>Sjuksköterskor</w>
  <w>är</w>
  <w>avgörande</w>
  <w>för</w>
  <w>patientsäkerheten.Sineva</w>
  <w>Ribeiro</w>
  <w>och</w>
  <w>Ania</w>
  <w>Willman</w>
  <w>.</w>
</absapar>
<absapar id=3>
  <w>Det</w>
  <w>här</w>
  <w>är</w>
  <w>en</w>
  <w>argumenterande</w>
  <w>text</w>
  <w>med</w>
  <w>syfte</w>
  <w>att</w>
  <w>påverka</w>
  <w>.</w>
  <w>Åsikterna</w>
  <w>som</w>
  <w>uttrycks</w>
  <w>är</w>
  <w>skribentens</w>
  <w>egna</w>
  <w>.</w>
</absapar>
<absapar id=4>
  <w>Är</w>
  <absaspan id=1>
    <w>hälso</w>
    <w>-</w>
    <w>och</w>
    <w>sjukvården</w>
  </absaspan>
  <w>på</w>
  <w>väg</w>
  <w>att</w>
  <w>bli</w>
  <w>nästa</w>
  <absaspan id=2 senti=1>
    <w>krishärd</w>
  </absaspan>
  <w>i</w>
  <w>välfärden</w>
  <w>?</w>
  <w>Sverige</w>
  <w>sjunker</w>
  <w>i</w>
  <w>internationella</w>
  <w>vårdmätningar</w>
  <w>,</w>
  <w>liknande</w>
  <w>den</w>
  <w>utveckling</w>
  <w>vi</w>
  <w>har</w>
  <w>sett</w>
  <w>i</w>
  <w>Pisa-mätningar</w>
  <w>för</w>
  <w>skolan</w>
  <w>.</w>
  <w>Därför</w>
  <w>blir</w>
  <w>det</w>
  <absaspan id=3 senti=2>
    <w>helt</w>
    <w>obegripligt</w>
  </absaspan>
  <w>för</w>
  <w>oss</w>
  <absaspan id=4>
    <w>att</w>
    <w>Moderaterna</w>
    <w>och</w>
    <w>Socialdemokraterna</w>
    <w>inte</w>
    <w>tar</w>
    <w>ställning</w>
    <w>för</w>
    <w>kompetensförsörjningen</w>
    <w>i</w>
    <w>vården</w>
    <w>och</w>
    <w>ger</w>
    <w>nationellt</w>
    <w>klartecken</w>
    <w>för</w>
    <w>akademisk</w>
    <w>specialisttjänstgöring</w>
    <w>för</w>
    <w>sjuksköterskor</w>
  </absaspan>
  <w>.</w>
  <absaspan id=5>
    <w>Den</w>
    <w>akuta</w>
    <w>och</w>
    <w>långsiktiga</w>
    <w>bristen</w>
    <w>på</w>
    <w>både</w>
    <w>specialistsjuksköterskor</w>
    <w>och</w>
    <w>barnmorskor</w>
  </absaspan>
  <absaspan id=6 senti=1>
    <w>hotar</w>
    <w>välfärden</w>
  </absaspan>
  <w>.</w>
</absapar>
<absapar id=5>
  <w>Euro</w>
  <w>Health</w>
  <w>Consumer</w>
  <w>Index</w>
  <w>2013</w>
  <w>bygger</w>
  <w>på</w>
  <w>48</w>
  <w>faktorer</w>
  <w>som</w>
  <w>påverkar</w>
  <w>vårdkvaliteten</w>
  <w>ur</w>
  <w>patientens</w>
  <w>perspektiv</w>
  <w>i</w>
  <w>35</w>
  <w>europeiska</w>
  <w>länder</w>
  <w>samt</w>
  <w>Kanada</w>
  <w>.</w>
  <w>Sverige</w>
  <w>har</w>
  <w>på</w>
  <w>ett</w>
  <w>år</w>
  <w>sjunkit</w>
  <w>från</w>
  <w>sjätte</w>
  <w>till</w>
  <w>elfte</w>
  <w>plats</w>
  <w>.</w>
  <w>Svensk</w>
  <w>sjukvård</w>
  <w>är</w>
  <w>nu</w>
  <w>,</w>
  <w>enligt</w>
  <w>detta</w>
  <w>sätt</w>
  <w>att</w>
  <w>mäta</w>
  <w>,</w>
  <w>sämst</w>
  <w>i</w>
  <w>Norden</w>
  <w>.</w>
  <w>Det</w>
  <w>beror</w>
  <w>främst</w>
  <w>på</w>
  <w>de</w>
  <w>långa</w>
  <w>väntetiderna</w>
  <w>.</w>
</absapar>
<absapar id=6>
  <w>Nyligen</w>
  <w>har</w>
  <w>svensk</w>
  <w>cancervård</w>
  <w>granskats</w>
  <w>.</w>
  <w>Där</w>
  <w>är</w>
  <w>det</w>
  <w>tydligt</w>
  <w>att</w>
  <w>personer</w>
  <w>med</w>
  <w>mycket</w>
  <w>allvarlig</w>
  <w>sjukdom</w>
  <w>får</w>
  <w>vänta</w>
  <w>alldeles</w>
  <w>för</w>
  <w>länge</w>
  <w>på</w>
  <w>behandling</w>
  <w>på</w>
  <w>grund</w>
  <w>av</w>
  <w>bristen</w>
  <w>på</w>
  <w>specialistsjuksköterskor</w>
  <w>.</w>
  <absaspan id=7>
    <w>Patienter</w>
  </absaspan>
  <w>beskriver</w>
  <w>allt</w>
  <w>från</w>
  <absaspan id=8 senti=3>
    <w>oro</w>
  </absaspan>
  <w>till</w>
  <w>panikångest</w>
  <w>under</w>
  <w>de</w>
  <w>långa</w>
  <w>väntetiderna</w>
  <w>.</w>
  <w>Onkologer</w>
  <w>(</w>
  <w>cancerläkare</w>
  <w>)</w>
  <w>i</w>
  <w>Västra</w>
  <w>Götaland</w>
  <w>skriver</w>
  <w>i</w>
  <w>ett</w>
  <w>gemensamt</w>
  <w>brev</w>
  <w>att</w>
  <w>vården</w>
  <w>inte</w>
  <w>längre</w>
  <w>är</w>
  <w>patientsäker</w>
  <w>.</w>
  <absaspan id=9>
    <w>Regeringens</w>
    <w>åtgärder</w>
    <w>med</w>
    <w>exempelvis</w>
    <w>kömiljarder</w>
  </absaspan>
  <w>är</w>
  <w>säkert</w>
  <absaspan id=10 senti=4>
    <w>välmenta</w>
  </absaspan>
  <w>men</w>
  <w>ger</w>
  <w>ingen</w>
  <w>effekt</w>
  <w>eftersom</w>
  <w>det</w>
  <w>inte</w>
  <w>finns</w>
  <w>tillräckligt</w>
  <w>med</w>
  <w>vårdplatser</w>
  <w>och</w>
  <w>personal</w>
  <w>med</w>
  <w>rätt</w>
  <w>kunskap</w>
  <w>.</w>
  <w>Det</w>
  <w>går</w>
  <w>inte</w>
  <w>att</w>
  <w>prata</w>
  <w>om</w>
  <w>ökad</w>
  <w>valfrihet</w>
  <w>och</w>
  <w>kortare</w>
  <w>vårdköer</w>
  <w>om</w>
  <w>det</w>
  <w>inte</w>
  <w>finns</w>
  <w>vårdplatser</w>
  <w>och</w>
  <w>kvalificerad</w>
  <w>personal</w>
  <w>.</w>
  <w>Pengarna</w>
  <w>bör</w>
  <w>i</w>
  <w>stället</w>
  <w>användas</w>
  <w>till</w>
  <w>att</w>
  <w>säkra</w>
  <w>kompetensen</w>
  <w>i</w>
  <w>vården</w>
  <w>.</w>
</absapar>
<absapar id=7>
  <w>Sjuksköterskor</w>
  <w>är</w>
  <w>avgörande</w>
  <w>för</w>
  <w>patientsäkerheten</w>
  <w>.</w>
  <w>I</w>
  <w>studie</w>
  <w>efter</w>
  <w>studie</w>
  <w>har</w>
  <w>den</w>
  <w>internationella</w>
  <w>forskaren</w>
  <w>professor</w>
  <w>Linda</w>
  <w>Aiken</w>
  <w>från</w>
  <w>USA</w>
  <w>visat</w>
  <w>att</w>
  <w>det</w>
  <w>finns</w>
  <w>ett</w>
  <w>samband</w>
  <w>mellan</w>
  <w>sjuksköterskans</w>
  <w>kunskap</w>
  <w>och</w>
  <w>patienternas</w>
  <w>möjligheter</w>
  <w>till</w>
  <w>överlevnad</w>
  <w>,</w>
  <w>symtomminskning</w>
  <w>och</w>
  <w>välbefinnande</w>
  <w>.</w>
  <w>Ju</w>
  <w>färre</w>
  <w>sjuksköterskor</w>
  <w>som</w>
  <w>arbetar</w>
  <w>på</w>
  <w>ett</w>
  <w>sjukhus</w>
  <w>desto</w>
  <w>fler</w>
  <w>infektioner</w>
  <w>,</w>
  <w>fallolyckor</w>
  <w>och</w>
  <w>till</w>
  <w>och</w>
  <w>med</w>
  <w>dödsfall</w>
  <w>.</w>
</absapar>
<absapar id=8>
  <w>Vårdförbundet</w>
  <w>och</w>
  <w>Svensk</w>
  <w>sjuksköterskeförening</w>
  <w>har</w>
  <w>länge</w>
  <w>varnat</w>
  <w>för</w>
  <w>konsekvenserna</w>
  <w>av</w>
  <w>den</w>
  <w>omfattande</w>
  <w>bristen</w>
  <w>på</w>
  <w>specialistsjuksköterskor</w>
  <w>.</w>
  <w>Och</w>
  <w>vi</w>
  <w>ser</w>
  <w>nu</w>
  <w>i</w>
  <w>mätning</w>
  <w>efter</w>
  <w>mätning</w>
  <w>hos</w>
  <w>olika</w>
  <w>opinionsinstitut</w>
  <w>att</w>
  <w>vårdfrågan</w>
  <w>hamnar</w>
  <w>högst</w>
  <w>på</w>
  <w>agendan</w>
  <w>hos</w>
  <w>väljarna</w>
  <w>.</w>
  <w>Det</w>
  <w>är</w>
  <w>personalens</w>
  <w>arbetsmiljö</w>
  <w>,</w>
  <w>vårdens</w>
  <w>kvalitet</w>
  <w>,</w>
  <w>tillgänglighet</w>
  <w>och</w>
  <w>bemötande</w>
  <w>människor</w>
  <w>i</w>
  <w>Sverige</w>
  <w>vill</w>
  <w>att</w>
  <w>politikerna</w>
  <w>ska</w>
  <w>diskutera</w>
  <w>.</w>
  <absaspan id=11>
    <w>Frågor</w>
    <w>om</w>
    <w>driftsformer</w>
    <w>och</w>
    <w>valfrihet</w>
  </absaspan>
  <absaspan id=12 senti=2>
    <w>är</w>
    <w>inte</w>
    <w>alls</w>
    <w>lika</w>
    <w>intressanta</w>
    <w>för</w>
  </absaspan>
  <absaspan id=13>
    <w>väljarna</w>
  </absaspan>
  <w>som</w>
  <w>för</w>
  <w>politikerna</w>
  <w>.</w>
</absapar>
<absapar id=9>
  <w>Människor</w>
  <w>i</w>
  <w>Sverige</w>
  <w>har</w>
  <w>förstått</w>
  <w>att</w>
  <w>det</w>
  <w>finns</w>
  <w>ett</w>
  <w>direkt</w>
  <w>samband</w>
  <w>mellan</w>
  <w>personalens</w>
  <w>kunskap</w>
  <w>och</w>
  <w>arbetsvillkor</w>
  <w>och</w>
  <w>den</w>
  <w>vård</w>
  <w>patienten</w>
  <w>får</w>
  <w>.</w>
  <w>Det</w>
  <w>visar</w>
  <w>både</w>
  <w>Sifos</w>
  <w>och</w>
  <w>Novus</w>
  <w>undersökningar</w>
  <w>.</w>
  <w>Men</w>
  <w>ska</w>
  <w>hälso</w>
  <w>-</w>
  <w>och</w>
  <w>sjukvården</w>
  <w>behöva</w>
  <w>hamna</w>
  <w>i</w>
  <w>den</w>
  <w>kris</w>
  <w>skolan</w>
  <w>befinner</w>
  <w>sig</w>
  <w>i</w>
  <w>innan</w>
  <w>rikspolitikerna</w>
  <w>i</w>
  <w>våra</w>
  <w>två</w>
  <w>största</w>
  <w>partier</w>
  <w>vaknar</w>
  <w>?</w>
  <w>.</w>
</absapar>
<absapar id=10>
  <absaspan id=14>
    <w>Bristen</w>
  </absaspan>
  <absaspan id=15>
    <w>på</w>
    <w>specialistsjuksköterskor</w>
  </absaspan>
  <w>gör</w>
  <w>att</w>
  <w>väntetider</w>
  <w>för</w>
  <w>operationer</w>
  <w>och</w>
  <w>behandlingar</w>
  <w>förlängs</w>
  <w>och</w>
  <w>att</w>
  <w>hela</w>
  <w>avdelningar</w>
  <w>får</w>
  <w>hållas</w>
  <w>stängda</w>
  <w>.</w>
  <absaspan id=16>
    <w>Bristen</w>
  </absaspan>
  <absaspan id=17 senti=2>
    <w>drabbar</w>
    <w>dagligen</w>
  </absaspan>
  <w>exempelvis</w>
  <absaspan id=18>
    <w>personer</w>
    <w>med</w>
    <w>cancer</w>
  </absaspan>
  <w>,</w>
  <absaspan id=19>
    <w>psykisk</w>
    <w>ohälsa</w>
  </absaspan>
  <w>,</w>
  <absaspan id=20>
    <w>födande</w>
    <w>kvinnor</w>
  </absaspan>
  <w>och</w>
  <absaspan id=21>
    <w>sköra</w>
    <w>äldre</w>
  </absaspan>
  <w>,</w>
  <absaspan id=22>
    <w>multisjuka</w>
    <w>personer</w>
  </absaspan>
  <w>.</w>
</absapar>
<absapar id=11>
  <w>Socialstyrelsens</w>
  <w>siffror</w>
  <w>visar</w>
  <w>dessvärre</w>
  <w>att</w>
  <absaspan id=23 senti=2>
    <w>utvecklingen</w>
    <w>går</w>
    <w>åt</w>
    <w>helt</w>
    <w>fel</w>
    <w>håll</w>
  </absaspan>
  <w>.</w>
  <w>Antalet</w>
  <w>specialistsjuksköterskor</w>
  <w>i</w>
  <w>vården</w>
  <w>sjönk</w>
  <w>med</w>
  <w>600</w>
  <w>mellan</w>
  <w>år</w>
  <w>2010</w>
  <w>och</w>
  <w>2011</w>
  <w>.</w>
  <w>Och</w>
  <w>SCB</w>
  <w>:</w>
  <w>s</w>
  <w>siffror</w>
  <w>visar</w>
  <w>att</w>
  <w>det</w>
  <w>år</w>
  <w>2030</w>
  <w>saknas</w>
  <w>30000</w>
  <w>sjuksköterskor</w>
  <w>om</w>
  <w>ingenting</w>
  <w>drastiskt</w>
  <w>görs</w>
  <w>.</w>
  <w>Vi</w>
  <w>har</w>
  <w>både</w>
  <w>akut</w>
  <w>och</w>
  <w>långsiktig</w>
  <w>brist</w>
  <w>på</w>
  <w>specialistutbildade</w>
  <w>sjuksköterskor</w>
  <w>.</w>
  <w>Det</w>
  <w>gäller</w>
  <w>exempelvis</w>
  <w>barnsjuksköterskor</w>
  <w>,</w>
  <w>skolsköterskor</w>
  <w>,</w>
  <w>distriktssköterskor</w>
  <w>,</w>
  <w>onkologisjuksköterskor</w>
  <w>(</w>
  <w>cancervården</w>
  <w>)</w>
  <w>,</w>
  <w>medicin</w>
  <w>-</w>
  <w>,</w>
  <w>kirurgi</w>
  <w>-</w>
  <w>och</w>
  <w>anestesisjuksköterskor</w>
  <w>.</w>
  <w>Det</w>
  <w>finns</w>
  <w>få</w>
  <w>specialistutbildade</w>
  <w>sjuksköterskor</w>
  <w>i</w>
  <w>psykiatrisk</w>
  <w>vård</w>
  <w>och</w>
  <w>för</w>
  <w>vård</w>
  <w>av</w>
  <w>äldre</w>
  <w>är</w>
  <absaspan id=24>
    <w>läget</w>
  </absaspan>
  <absaspan id=25 senti=1>
    <w>katastrofalt</w>
  </absaspan>
  <w>.</w>
  <w>Strax</w>
  <w>under</w>
  <w>två</w>
  <w>procent</w>
  <w>av</w>
  <w>sjuksköterskorna</w>
  <w>i</w>
  <w>kommunal</w>
  <w>vård</w>
  <w>har</w>
  <w>den</w>
  <w>kompetensen</w>
  <w>.</w>
  <w>Samtidigt</w>
  <w>som</w>
  <w>vi</w>
  <w>får</w>
  <w>allt</w>
  <w>fler</w>
  <w>äldre</w>
  <w>och</w>
  <w>kommunerna</w>
  <w>tar</w>
  <w>över</w>
  <w>allt</w>
  <w>mer</w>
  <w>av</w>
  <w>avancerad</w>
  <w>sjukvård</w>
  <w>i</w>
  <w>hemmen</w>
  <w>och</w>
  <w>på</w>
  <w>äldreboendena</w>
  <w>.</w>
</absapar>
<absapar id=12>
  <w>Bristen</w>
  <w>beror</w>
  <w>till</w>
  <w>stor</w>
  <w>del</w>
  <w>på</w>
  <w>att</w>
  <w>sjuksköterskor</w>
  <w>har</w>
  <w>fått</w>
  <w>bekosta</w>
  <w>sin</w>
  <w>egen</w>
  <w>specialistutbildning</w>
  <w>.</w>
  <w>Enligt</w>
  <w>en</w>
  <w>studie</w>
  <w>från</w>
  <w>Handelshögskolan</w>
  <w>tar</w>
  <w>det</w>
  <w>i</w>
  <w>genomsnitt</w>
  <w>19</w>
  <w>år</w>
  <w>för</w>
  <w>en</w>
  <w>sjuksköterska</w>
  <w>att</w>
  <w>tjäna</w>
  <w>in</w>
  <w>sin</w>
  <w>specialistutbildning</w>
  <w>.</w>
  <w>För</w>
  <w>exempelvis</w>
  <w>skolsköterskor</w>
  <w>lönar</w>
  <w>det</w>
  <w>sig</w>
  <w>aldrig</w>
  <w>.</w>
</absapar>
<absapar id=13>
  <w>Vårdförbundet</w>
  <w>har</w>
  <w>tagit</w>
  <w>ansvar</w>
  <w>för</w>
  <w>hälso</w>
  <w>-</w>
  <w>och</w>
  <w>sjukvårdens</w>
  <w>utveckling</w>
  <w>och</w>
  <w>utarbetat</w>
  <w>ett</w>
  <w>förslag</w>
  <w>på</w>
  <w>akademisk</w>
  <w>specialisttjänstgöring</w>
  <w>för</w>
  <w>sjuksköterskor</w>
  <w>.</w>
  <absaspan id=26>
    <w>Vi</w>
  </absaspan>
  <absaspan id=27 senti=4>
    <w>vill</w>
    <w>se</w>
  </absaspan>
  <absaspan id=28>
    <w>utbildningsanställningar</w>
    <w>där</w>
    <w>huvudmännens</w>
    <w>ansvar</w>
    <w>för</w>
    <w>specialistutbildningen</w>
    <w>blir</w>
    <w>tydligt</w>
  </absaspan>
  <w>.</w>
  <w>Största</w>
  <w>delen</w>
  <w>av</w>
  <w>utbildningen</w>
  <w>bör</w>
  <w>vara</w>
  <w>förlagd</w>
  <w>till</w>
  <w>verksamheten</w>
  <w>.</w>
  <w>Då</w>
  <w>integreras</w>
  <w>vetenskaplig</w>
  <w>teoretisk</w>
  <w>kunskap</w>
  <w>med</w>
  <w>klinisk</w>
  <w>verksamhet</w>
  <w>.</w>
  <w>Men</w>
  <w>det</w>
  <w>är</w>
  <w>bråttom</w>
  <w>om</w>
  <w>vi</w>
  <w>ska</w>
  <w>kunna</w>
  <w>vända</w>
  <absaspan id=29 senti=2>
    <w>den</w>
    <w>negativa</w>
    <w>utvecklingen</w>
  </absaspan>
  <w>.</w>
</absapar>
<absapar id=14>
  <absaspan id=30>
    <w>Folkpartiet</w>
  </absaspan>
  <w>,</w>
  <absaspan id=31>
    <w>Centerpartiet</w>
  </absaspan>
  <w>,</w>
  <absaspan id=32>
    <w>Kristdemokraterna</w>
  </absaspan>
  <w>,</w>
  <absaspan id=33>
    <w>Miljöpartiet</w>
  </absaspan>
  <w>och</w>
  <absaspan id=34>
    <w>Vänsterpartiet</w>
  </absaspan>
  <absaspan id=35 senti=4>
    <w>är</w>
    <w>positiva</w>
    <w>till</w>
  </absaspan>
  <absaspan id=36>
    <w>Vårdförbundets</w>
    <w>idé</w>
  </absaspan>
  <w>.</w>
  <w>Men</w>
  <w>de</w>
  <w>största</w>
  <w>partierna</w>
  <w>–</w>
  <w>Socialdemokraterna</w>
  <w>och</w>
  <w>Moderaterna</w>
  <w>–</w>
  <w>tiger</w>
  <w>.</w>
</absapar>
<absapar id=15>
  <w>I</w>
  <w>Västra</w>
  <w>Götaland</w>
  <w>har</w>
  <w>regionen</w>
  <w>kommit</w>
  <w>långt</w>
  <w>i</w>
  <w>utvecklingen</w>
  <w>.</w>
  <absaspan id=37>
    <w>De</w>
  </absaspan>
  <w>arbetar</w>
  <w>över</w>
  <w>partigränserna</w>
  <w>för</w>
  <w>att</w>
  <absaspan id=38>
    <w>frågan</w>
    <w>om</w>
    <w>specialistsjuksköterskor</w>
  </absaspan>
  <absaspan id=39 senti=3>
    <w>anses</w>
    <w>så</w>
    <w>viktig</w>
  </absaspan>
  <w>.</w>
  <w>FP</w>
  <w>,</w>
  <w>M</w>
  <w>och</w>
  <w>C</w>
  <w>har</w>
  <w>dessutom</w>
  <w>motionerat</w>
  <w>till</w>
  <w>regionstyrelsen</w>
  <w>om</w>
  <w>att</w>
  <w>Västra</w>
  <w>Götaland</w>
  <w>som</w>
  <w>huvudman</w>
  <w>ska</w>
  <w>permanenta</w>
  <w>finansieringen</w>
  <w>.</w>
  <w>Detta</w>
  <w>borde</w>
  <w>inspirera</w>
  <w>andra</w>
  <w>regioner</w>
  <w>och</w>
  <w>rikspolitiker</w>
  <w>att</w>
  <w>utarbeta</w>
  <w>nationella</w>
  <w>riktlinjer</w>
  <w>.</w>
  <w>Vilken</w>
  <w>vård</w>
  <w>du</w>
  <w>får</w>
  <w>ska</w>
  <w>inte</w>
  <w>vara</w>
  <w>beroende</w>
  <w>av</w>
  <w>var</w>
  <w>i</w>
  <w>landet</w>
  <w>du</w>
  <w>bor</w>
  <w>.</w>
</absapar>
<absapar id=16>
  <w>Vi</w>
  <w>och</w>
  <w>våra</w>
  <w>medlemmar</w>
  <w>gör</w>
  <w>allt</w>
  <w>vi</w>
  <w>kan</w>
  <w>för</w>
  <w>att</w>
  <w>finna</w>
  <w>lösningar</w>
  <w>på</w>
  <w>kort</w>
  <w>och</w>
  <w>lång</w>
  <w>sikt</w>
  <w>i</w>
  <w>svensk</w>
  <w>hälso</w>
  <w>-</w>
  <w>och</w>
  <w>sjukvård</w>
  <w>.</w>
  <w>Människor</w>
  <w>i</w>
  <w>Sverige</w>
  <w>har</w>
  <w>rätt</w>
  <w>till</w>
  <absaspan id=40 senti=4>
    <w>god</w>
    <w>och</w>
    <w>säker</w>
  </absaspan>
  <absaspan id=41>
    <w>vård</w>
  </absaspan>
  <w>.</w>
  <w>Väljarna</w>
  <w>visar</w>
  <w>tydligt</w>
  <w>att</w>
  <w>detta</w>
  <w>står</w>
  <w>högt</w>
  <w>på</w>
  <w>agendan</w>
  <w>.</w>
  <w>Ett</w>
  <w>av</w>
  <w>vårdpolitikens</w>
  <w>måsten</w>
  <w>är</w>
  <w>att</w>
  <w>säkra</w>
  <w>kompetensförsörjningen</w>
  <w>.</w>
  <w>Vi</w>
  <w>undrar</w>
  <w>varför</w>
  <w>Socialdemokraterna</w>
  <w>och</w>
  <w>Moderaterna</w>
  <w>på</w>
  <w>riksnivå</w>
  <w>tiger</w>
  <w>om</w>
  <w>den</w>
  <w>akuta</w>
  <w>bristen</w>
  <w>specialistsjuksköterskor</w>
  <w>och</w>
  <w>hur</w>
  <w>kompetensförsörjningen</w>
  <w>ska</w>
  <w>lösas</w>
  <absaspan id=42 senti=2>
    <w>?</w>
  </absaspan>
  <absaspan id=43>
    <w>Vi</w>
    <w>bidrar</w>
  </absaspan>
  <absaspan id=44 senti=4>
    <w>gärna</w>
  </absaspan>
  <w>med</w>
  <w>vår</w>
  <w>kunskap</w>
  <w>för</w>
  <w>att</w>
  <w>skapa</w>
  <w>en</w>
  <absaspan id=45 senti=4>
    <w>god</w>
  </absaspan>
  <w>,</w>
  <w>säker</w>
  <w>och</w>
  <w>kostnadseffektiv</w>
  <absaspan id=46>
    <w>vård</w>
  </absaspan>
  <w>,</w>
  <w>men</w>
  <w>vi</w>
  <w>måste</w>
  <w>få</w>
  <w>rätt</w>
  <w>förutsättningar</w>
  <w>.</w>
</absapar>
<absapar id=17>
  <w>SINEVA</w>
  <w>RIBEIRO</w>
  <w>.</w>
</absapar>
<absapar id=18>
  <w>specialistsjuksköterska</w>
  <w>i</w>
  <w>kirurgi</w>
  <w>,</w>
  <w>ordförande</w>
  <w>Vårdförbundet</w>
  <w>.</w>
</absapar>
<absapar id=19>
  <w>ANIA</w>
  <w>WILLMAN</w>
  <w>.</w>
</absapar>
<absapar id=20>
  <w>professor</w>
  <w>i</w>
  <w>vårdvetenskap</w>
  <w>,</w>
  <w>ordförande</w>
  <w>i</w>
  <w>Svensk</w>
  <w>sjuksköterskeförening</w>
  <w>.</w>
</absapar>
<absapar id=21>
  <w>Redaktör</w>
  <w>:</w>
  <w>Carina</w>
  <w>Stensson</w>
  <w>,</w>
  <w>Biträdande</w>
  <w>redaktör</w>
  <w>:</w>
  <w>Björn</w>
  <w>Jorner</w>
  <w>,</w>
  <w>Mejl</w>
  <w>:</w>
  <w>debatt</w>
  <w>@</w>
  <w>svd.se</w>
  <w>,</w>
  <w>Telefonnummer</w>
  <w>:</w>
  <w>08</w>
  <w>-</w>
  <w>135149</w>
  <w>,</w>
  <w>Twitter</w>
  <w>:</w>
  <w>@</w>
  <w>SvDDebatt</w>
  <w>,</w>
  <w>Facebook</w>
  <w>:</w>
  <w>SvD</w>
  <w>Debatt</w>
  <w>.</w>
</absapar>
</absadoc>
