<absadoc annotators=1 senti=>
<absatitle>
  <w>Behöver</w>
  <w>vi</w>
  <w>i</w>
  <w>Europa</w>
  <w>ett</w>
  <w>starkt</w>
  <w>USA</w>
  <w>?</w>
  <w>.</w>
</absatitle>
<absapar id=1>
  <w>USA</w>
  <w>har</w>
  <w>många</w>
  <w>problem</w>
  <w>på</w>
  <w>hemmaplan</w>
  <w>.</w>
  <w>När</w>
  <w>Europa</w>
  <w>nu</w>
  <w>hamnat</w>
  <w>i</w>
  <w>en</w>
  <w>säkerhetspolitisk</w>
  <w>kris</w>
  <w>,</w>
  <w>vänds</w>
  <w>ändå</w>
  <w>blickarna</w>
  <w>västerut</w>
  <w>.</w>
  <w>Är</w>
  <w>det</w>
  <w>ett</w>
  <w>problem</w>
  <w>för</w>
  <w>oss</w>
  <w>med</w>
  <w>ett</w>
  <w>passivt</w>
  <w>,</w>
  <w>introvert</w>
  <w>USA</w>
  <w>?</w>
  <w>Eller</w>
  <w>behöver</w>
  <w>Europa</w>
  <w>stå</w>
  <w>på</w>
  <w>egna</w>
  <w>ben</w>
  <w>?</w>
  <w>Vad</w>
  <w>tycker</w>
  <w>du</w>
  <w>?</w>
  <w>Läs</w>
  <w>hela</w>
  <w>dagens</w>
  <w>diskussion</w>
  <w>!</w>
  <w>.</w>
</absapar>
<absapar id=2>
  <w>#</w>
  <w>P</w>
  <w>IMM</w>
  <w>.</w>
  <w>10</w>
  <w>:</w>
  <w>00</w>
  <w>Carina</w>
  <w>Stensson</w>
  <w>:</w>
  <w>Hej</w>
  <w>och</w>
  <w>välkomna</w>
  <w>till</w>
  <w>dagens</w>
  <w>diskussion</w>
  <w>,</w>
  <w>om</w>
  <w>USA</w>
  <w>,</w>
  <w>Europa</w>
  <w>och</w>
  <w>Ryssland</w>
  <w>.</w>
  <w>Nu</w>
  <w>startar</w>
  <w>vi</w>
  <w>!</w>
  <w>.</w>
</absapar>
<absapar id=3>
  <w>Det</w>
  <w>här</w>
  <w>är</w>
  <w>en</w>
  <w>argumenterande</w>
  <w>text</w>
  <w>med</w>
  <w>syfte</w>
  <w>att</w>
  <w>påverka</w>
  <w>.</w>
  <w>Åsikterna</w>
  <w>som</w>
  <w>uttrycks</w>
  <w>är</w>
  <w>skribentens</w>
  <w>egna</w>
  <w>.</w>
</absapar>
<absapar id=4>
  <w>#</w>
  <w>P</w>
  <w>IMM</w>
  <w>.</w>
  <w>10</w>
  <w>:</w>
  <w>00</w>
  <w>Lars</w>
  <w>:</w>
  <w>Europa</w>
  <w>behöver</w>
  <w>kunna</w>
  <w>stå</w>
  <w>påm</w>
  <w>egna</w>
  <w>ben</w>
  <w>eftersom</w>
  <w>USA</w>
  <w>inte</w>
  <w>i</w>
  <w>alla</w>
  <w>tider</w>
  <w>kommer</w>
  <w>ha</w>
  <w>resurser</w>
  <w>eller</w>
  <w>intresse</w>
  <w>att</w>
  <w>bry</w>
  <w>sig</w>
  <w>om</w>
  <w>Europa</w>
  <w>.</w>
  <w>USA</w>
  <w>vänder</w>
  <w>sig</w>
  <w>just</w>
  <w>nu</w>
  <w>mot</w>
  <w>Östasien</w>
  <w>.</w>
  <w>Då</w>
  <w>behöver</w>
  <w>Europa</w>
  <w>kunna</w>
  <w>kompensera</w>
  <w>USAs</w>
  <w>frånvaro</w>
  <w>.</w>
  <w>Alternativet</w>
  <w>är</w>
  <w>inte</w>
  <w>den</w>
  <w>eviga</w>
  <w>freden</w>
  <w>utan</w>
  <w>att</w>
  <w>"</w>
  <w>någon</w>
  <w>annan</w>
  <w>"</w>
  <w>,</w>
  <w>exempelvis</w>
  <w>Ryssland</w>
  <w>gör</w>
  <w>vad</w>
  <w>de</w>
  <w>vill</w>
  <w>.</w>
</absapar>
<absapar id=5>
  <w>#</w>
  <w>P</w>
  <w>IMM</w>
  <w>.</w>
  <w>10</w>
  <w>:</w>
  <w>02</w>
  <absaspan id=1>
    <w>Anders</w>
    <w>Ahlström</w>
  </absaspan>
  <w>:</w>
  <w>är</w>
  <w>det</w>
  <w>inte</w>
  <w>så</w>
  <w>att</w>
  <absaspan id=2>
    <w>USA</w>
  </absaspan>
  <w>har</w>
  <absaspan id=3 senti=2>
    <w>ställt</w>
    <w>till</w>
    <w>med</w>
    <w>krig</w>
    <w>och</w>
    <w>elände</w>
    <w>så</w>
    <w>det</w>
    <w>räcker</w>
  </absaspan>
  <w>?</w>
  <w>.</w>
</absapar>
<absapar id=6>
  <w>#</w>
  <w>P</w>
  <w>IMM</w>
  <w>.</w>
  <w>10</w>
  <w>:</w>
  <w>02</w>
  <w>Dag</w>
  <w>:</w>
  <w>I</w>
  <w>början</w>
  <w>av</w>
  <w>50</w>
  <w>talet</w>
  <w>levde</w>
  <w>hälften</w>
  <w>av</w>
  <w>jordens</w>
  <w>befolkning</w>
  <w>under</w>
  <w>kommunistisk</w>
  <w>diktatur</w>
  <w>och</w>
  <w>kommunismen</w>
  <w>utgjorde</w>
  <w>det</w>
  <w>snabbast</w>
  <w>växande</w>
  <w>styrelseskicket</w>
  <w>i</w>
  <w>världen</w>
  <w>.</w>
  <w>Den</w>
  <w>enda</w>
  <w>motvikten</w>
  <w>mot</w>
  <w>det</w>
  <w>var</w>
  <w>ett</w>
  <w>ekonomiskt</w>
  <w>och</w>
  <w>militärt</w>
  <w>starkt</w>
  <w>USA</w>
  <w>som</w>
  <w>med</w>
  <w>alla</w>
  <w>tillgängliga</w>
  <w>medel</w>
  <w>-</w>
  <w>även</w>
  <w>samarbete</w>
  <w>med</w>
  <w>militärdiktaturer</w>
  <w>och</w>
  <w>en</w>
  <w>del</w>
  <w>andra</w>
  <w>mer</w>
  <w>eller</w>
  <w>mindre</w>
  <w>suspekta</w>
  <w>metoder</w>
  <w>-</w>
  <w>vände</w>
  <w>trenden</w>
  <w>.</w>
  <w>Ett</w>
  <w>historiskt</w>
  <w>starkt</w>
  <w>USA</w>
  <w>är</w>
  <w>det</w>
  <w>enda</w>
  <w>skälet</w>
  <w>till</w>
  <w>att</w>
  <w>vi</w>
  <w>europeer</w>
  <w>inte</w>
  <w>vuxit</w>
  <w>upp</w>
  <w>i</w>
  <w>ett</w>
  <w>kommunistist</w>
  <w>eller</w>
  <w>nazistiskt</w>
  <w>Europa</w>
  <w>.</w>
  <w>Demokrati</w>
  <w>är</w>
  <w>fortfarande</w>
  <w>inget</w>
  <w>som</w>
  <w>kan</w>
  <w>tas</w>
  <w>för</w>
  <w>givet</w>
  <w>.</w>
  <w>USA</w>
  <w>har</w>
  <w>så</w>
  <w>här</w>
  <w>långt</w>
  <w>garanterat</w>
  <w>för</w>
  <w>att</w>
  <w>ett</w>
  <w>revanschistiskt</w>
  <w>Ryssland</w>
  <w>,</w>
  <w>ett</w>
  <w>auktoritärt</w>
  <w>Kina</w>
  <w>och</w>
  <w>religiös</w>
  <w>fundmantalism</w>
  <w>inte</w>
  <w>lyckats</w>
  <w>driva</w>
  <w>tillbaks</w>
  <w>den</w>
  <w>demokratiska</w>
  <w>utvecklingen</w>
  <w>i</w>
  <w>världen</w>
  <w>.</w>
  <w>Europa</w>
  <w>har</w>
  <w>ingenting</w>
  <w>som</w>
  <w>helst</w>
  <w>att</w>
  <w>sätta</w>
  <w>emot</w>
  <w>dessa</w>
  <w>krafter</w>
  <w>på</w>
  <w>egen</w>
  <w>hand</w>
  <w>.</w>
  <w>Därför</w>
  <w>är</w>
  <w>ett</w>
  <w>ekonomiskt</w>
  <w>och</w>
  <w>miltärt</w>
  <w>överlägset</w>
  <w>USA</w>
  <w>helt</w>
  <w>avgörande</w>
  <w>för</w>
  <w>Europas</w>
  <w>säkerhet</w>
  <w>och</w>
  <w>demokratins</w>
  <w>vidare</w>
  <w>utveckling</w>
  <w>i</w>
  <w>världen</w>
  <w>.</w>
  <w>Like</w>
  <w>it</w>
  <w>or</w>
  <w>not</w>
  <w>,</w>
  <w>men</w>
  <w>så</w>
  <w>är</w>
  <w>det</w>
  <w>.</w>
</absapar>
<absapar id=7>
  <w>#</w>
  <w>P</w>
  <w>IMM</w>
  <w>.</w>
  <w>10</w>
  <w>:</w>
  <w>06</w>
  <w>Carina</w>
  <w>Stensson</w>
  <w>:</w>
  <w>I</w>
  <w>en</w>
  <w>debattartikel</w>
  <w>på</w>
  <w>Brännpunkt</w>
  <w>idag</w>
  <w>varnar</w>
  <w>analytiker</w>
  <w>för</w>
  <w>ett</w>
  <w>USA</w>
  <w>som</w>
  <w>inte</w>
  <w>tar</w>
  <w>ledningen</w>
  <w>,</w>
  <w>missa</w>
  <w>inte</w>
  <w>att</w>
  <w>läsa</w>
  <w>,</w>
  <w>här</w>
  <w>är</w>
  <w>länk</w>
  <w>:</w>
  <w>http</w>
  <w>:</w>
  <w>/</w>
  <w>/</w>
  <w>bit.ly</w>
  <w>/</w>
  <w>1cDMWEH</w>
  <w>.</w>
</absapar>
<absapar id=8>
  <w>#</w>
  <w>P</w>
  <w>IMM</w>
  <w>.</w>
  <w>10</w>
  <w>:</w>
  <w>06</w>
  <w>Lena</w>
  <w>:</w>
  <w>Vad</w>
  <w>vi</w>
  <w>ser</w>
  <w>nu</w>
  <w>är</w>
  <w>början</w>
  <w>till</w>
  <w>ett</w>
  <w>maktskifte</w>
  <w>i</w>
  <w>världen</w>
  <w>.</w>
  <w>Jobb</w>
  <w>,</w>
  <w>teknik</w>
  <w>och</w>
  <w>arbetstillfällen</w>
  <w>flyttar</w>
  <w>österut</w>
  <w>.</w>
  <w>De</w>
  <w>multinationella</w>
  <w>företagen</w>
  <w>växer</w>
  <w>sig</w>
  <w>starkare</w>
  <w>och</w>
  <w>får</w>
  <w>allt</w>
  <w>större</w>
  <w>politisk</w>
  <w>makt</w>
  <w>.</w>
  <w>Usa</w>
  <w>är</w>
  <w>ett</w>
  <w>land</w>
  <w>i</w>
  <w>ekonomisk</w>
  <w>ruin</w>
  <w>med</w>
  <w>gigantiska</w>
  <w>skulder</w>
  <w>,</w>
  <w>och</w>
  <w>allt</w>
  <w>fler</w>
  <w>länder</w>
  <w>söker</w>
  <w>en</w>
  <w>alternativ</w>
  <w>handelsvaluta</w>
  <w>.</w>
  <w>Europa</w>
  <w>behöver</w>
  <w>skapa</w>
  <w>en</w>
  <w>stark</w>
  <w>valuta</w>
  <w>,</w>
  <w>satsa</w>
  <w>på</w>
  <w>teknik</w>
  <w>,</w>
  <w>och</w>
  <w>ett</w>
  <w>eget</w>
  <w>försvar</w>
  <w>.</w>
  <w>Frågan</w>
  <w>är</w>
  <w>bara</w>
  <w>om</w>
  <w>maktförskjutningen</w>
  <w>i</w>
  <w>världen</w>
  <w>kommer</w>
  <w>att</w>
  <w>ske</w>
  <w>utan</w>
  <w>ett</w>
  <w>stort</w>
  <w>krig</w>
  <w>?</w>
  <w>.</w>
</absapar>
<absapar id=9>
  <w>Skräddarsydda</w>
  <w>kurser</w>
  <w>i</w>
  <w>ämnen</w>
  <w>som</w>
  <w>intresserar</w>
  <w>och</w>
  <w>engagerar</w>
  <w>både</w>
  <w>kropp</w>
  <w>och</w>
  <w>själ</w>
  <w>.</w>
</absapar>
<absapar id=10>
  <w>#</w>
  <w>P</w>
  <w>IMM</w>
  <w>.</w>
  <w>10</w>
  <w>:</w>
  <w>08</w>
  <w>Christopher</w>
  <w>:</w>
  <w>Givetvis</w>
  <w>behöver</w>
  <w>vi</w>
  <w>ett</w>
  <w>starkt</w>
  <w>USA</w>
  <w>.</w>
  <w>Västeuropa</w>
  <w>och</w>
  <w>USA</w>
  <w>delar</w>
  <w>många</w>
  <w>intressen</w>
  <w>som</w>
  <w>försvaret</w>
  <w>av</w>
  <w>det</w>
  <w>öppna</w>
  <w>och</w>
  <w>demokratiska</w>
  <w>samhället</w>
  <w>.</w>
  <w>Det</w>
  <w>är</w>
  <w>till</w>
  <w>fördel</w>
  <w>för</w>
  <w>bägge</w>
  <w>parter</w>
  <w>att</w>
  <w>hålla</w>
  <w>samarbetet</w>
  <w>tätt</w>
  <w>och</w>
  <w>vid</w>
  <w>liv</w>
  <w>.</w>
  <absaspan id=4>
    <w>Vänstern</w>
  </absaspan>
  <w>har</w>
  <w>förstås</w>
  <w>en</w>
  <w>annan</w>
  <w>åsikt</w>
  <w>då</w>
  <w>de</w>
  <w>aldrig</w>
  <w>kommer</w>
  <w>att</w>
  <w>förlåta</w>
  <w>USA</w>
  <w>för</w>
  <w>dess</w>
  <w>seger</w>
  <w>i</w>
  <w>kalla</w>
  <w>kriget</w>
  <w>och</w>
  <w>att</w>
  <w>vi</w>
  <w>därmed</w>
  <w>fick</w>
  <w>empiriska</w>
  <w>bevis</w>
  <w>på</w>
  <w>marknadsekonomins</w>
  <w>totala</w>
  <w>överlägsenhet</w>
  <w>vs</w>
  <w>planekonomin</w>
  <w>.</w>
  <w>Det</w>
  <w>avspeglar</w>
  <w>sig</w>
  <w>bl.a</w>
  <w>.</w>
  <w>i</w>
  <w>en</w>
  <absaspan id=5 senti=2>
    <w>beröringsskräck</w>
  </absaspan>
  <w>mot</w>
  <absaspan id=6>
    <w>NATO</w>
  </absaspan>
  <w>t.ex</w>
  <w>.</w>
  <w>,</w>
  <w>vilket</w>
  <w>vi</w>
  <w>förstås</w>
  <w>borde</w>
  <w>gå</w>
  <w>med</w>
  <w>i</w>
  <w>snarast</w>
  <w>.</w>
</absapar>
<absapar id=11>
  <w>#</w>
  <w>P</w>
  <w>IMM</w>
  <w>.</w>
  <w>10</w>
  <w>:</w>
  <w>09</w>
  <w>Lars</w>
  <w>Andersson</w>
  <w>:</w>
  <w>USA</w>
  <w>har</w>
  <w>fullt</w>
  <w>upp</w>
  <w>på</w>
  <w>hemmaplan</w>
  <w>.</w>
  <w>Låt</w>
  <w>Världen</w>
  <w>sköta</w>
  <w>sig</w>
  <w>själv</w>
  <w>och</w>
  <w>USA</w>
  <w>löser</w>
  <w>sina</w>
  <w>problem</w>
  <w>hemma</w>
  <w>.</w>
  <w>50</w>
  <w>miljoner</w>
  <w>av</w>
  <w>USA</w>
  <w>:</w>
  <w>s</w>
  <w>befolkning</w>
  <w>har</w>
  <w>socialhjälp</w>
  <w>i</w>
  <w>form</w>
  <w>av</w>
  <w>matkuponger</w>
  <w>för</w>
  <w>att</w>
  <w>överleva</w>
  <w>.</w>
  <absaspan id=7>
    <w>Det</w>
    <w>nuvarande</w>
    <w>amerikanska</w>
    <w>systemet</w>
  </absaspan>
  <w>har</w>
  <w>inget</w>
  <w>att</w>
  <w>ge</w>
  <w>Världen</w>
  <w>de</w>
  <absaspan id=8 senti=1>
    <w>är</w>
    <w>som</w>
    <w>parasiter</w>
    <w>de</w>
    <w>suger</w>
    <w>ur</w>
    <w>alla</w>
    <w>länder</w>
    <w>de</w>
    <w>kommer</w>
    <w>till</w>
  </absaspan>
  <w>.</w>
  <w>Vad</w>
  <w>har</w>
  <w>USA</w>
  <w>att</w>
  <w>göra</w>
  <w>med</w>
  <w>Ukraina</w>
  <w>?</w>
  <w>Ställ</w>
  <w>er</w>
  <w>den</w>
  <w>frågan</w>
  <w>!</w>
  <w>Jo</w>
  <w>man</w>
  <w>vill</w>
  <w>åt</w>
  <w>Ukraina</w>
  <w>för</w>
  <w>att</w>
  <w>bygga</w>
  <w>baser</w>
  <w>närmare</w>
  <w>Moskva</w>
  <w>på</w>
  <w>sikt</w>
  <w>.</w>
  <w>Det</w>
  <w>är</w>
  <w>egentligen</w>
  <w>förberedelser</w>
  <w>för</w>
  <w>ett</w>
  <w>kommande</w>
  <w>storkrig</w>
  <w>USA</w>
  <w>håller</w>
  <w>på</w>
  <w>med</w>
  <w>och</w>
  <w>inget</w>
  <w>annat</w>
  <w>.</w>
</absapar>
<absapar id=12>
  <w>#</w>
  <w>P</w>
  <w>IMM</w>
  <w>.</w>
  <w>10</w>
  <w>:</w>
  <w>10</w>
  <w>Gustav</w>
  <w>:</w>
  <w>Svenska</w>
  <w>försvarets</w>
  <w>kollaps</w>
  <w>gör</w>
  <w>att</w>
  <w>vi</w>
  <w>ej</w>
  <w>har</w>
  <w>tid</w>
  <w>eller</w>
  <w>ekonomiska</w>
  <w>resurser</w>
  <w>att</w>
  <w>bygga</w>
  <w>upp</w>
  <w>igen.Vi</w>
  <w>måste</w>
  <w>se</w>
  <w>sanningen</w>
  <w>i</w>
  <w>vitögat</w>
  <w>.</w>
  <w>Enda</w>
  <w>säkerheten</w>
  <w>vi</w>
  <w>kan</w>
  <w>få</w>
  <w>är</w>
  <w>att</w>
  <w>gå</w>
  <w>med</w>
  <w>i</w>
  <w>Nato</w>
  <w>.</w>
  <w>Norrmän</w>
  <w>och</w>
  <w>danskar</w>
  <w>verkar</w>
  <w>inte</w>
  <w>lida</w>
  <w>av</w>
  <w>att</w>
  <w>va</w>
  <w>med</w>
  <w>i</w>
  <w>Nato</w>
  <w>.</w>
</absapar>
<absapar id=13>
  <w>#</w>
  <w>P</w>
  <w>IMM</w>
  <w>.</w>
  <w>10</w>
  <w>:</w>
  <w>11</w>
  <w>Lars</w>
  <w>J</w>
  <w>:</w>
  <w>Europa</w>
  <w>har</w>
  <w>under</w>
  <w>hela</w>
  <w>efterkrigstiden</w>
  <w>haft</w>
  <w>ett</w>
  <w>samarbete</w>
  <w>med</w>
  <w>USA</w>
  <w>genom</w>
  <w>NATO</w>
  <w>för</w>
  <w>att</w>
  <w>bevara</w>
  <w>sin</w>
  <w>fred</w>
  <w>och</w>
  <w>frihet</w>
  <w>.</w>
  <w>Efter</w>
  <w>att</w>
  <w>östblocket</w>
  <w>upplöstes</w>
  <w>så</w>
  <w>har</w>
  <w>Europa</w>
  <w>rustat</w>
  <w>ned</w>
  <w>och</w>
  <w>blivit</w>
  <w>mer</w>
  <w>beroende</w>
  <w>av</w>
  <w>Ryssland</w>
  <w>inte</w>
  <w>minst</w>
  <w>på</w>
  <w>energisektorn</w>
  <w>.</w>
  <w>Så</w>
  <w>jag</w>
  <w>anser</w>
  <w>att</w>
  <w>vi</w>
  <w>behöver</w>
  <w>ett</w>
  <w>starkt</w>
  <w>USA</w>
  <w>och</w>
  <w>sedan</w>
  <w>måste</w>
  <w>vi</w>
  <w>ta</w>
  <w>tag</w>
  <w>i</w>
  <w>att</w>
  <w>diskutera</w>
  <w>en</w>
  <w>gemensam</w>
  <w>säkerhetspolitik</w>
  <w>och</w>
  <w>försvarspolitik</w>
  <w>.</w>
</absapar>
<absapar id=14>
  <w>#</w>
  <w>P</w>
  <w>IMM</w>
  <w>.</w>
  <w>10</w>
  <w>:</w>
  <w>13</w>
  <w>Petter</w>
  <w>:</w>
  <w>Europa</w>
  <w>behöver</w>
  <w>stå</w>
  <w>på</w>
  <w>egna</w>
  <w>ben</w>
  <w>men</w>
  <w>först</w>
  <w>måste</w>
  <w>unionen</w>
  <w>lära</w>
  <w>sig</w>
  <w>att</w>
  <w>gå</w>
  <w>.</w>
  <w>I</w>
  <w>dag</w>
  <w>saknar</w>
  <w>Europa</w>
  <w>förmågan</w>
  <w>att</w>
  <w>axla</w>
  <w>USA</w>
  <w>:</w>
  <w>s</w>
  <w>roll</w>
  <w>.</w>
  <w>Vi</w>
  <w>är</w>
  <w>ingen</w>
  <w>ekonomisk</w>
  <w>och</w>
  <w>militär</w>
  <w>stormakt</w>
  <w>och</w>
  <w>därför</w>
  <w>är</w>
  <w>vi</w>
  <w>fortfarande</w>
  <w>beroende</w>
  <w>av</w>
  <w>USA</w>
  <w>:</w>
  <w>s</w>
  <w>välvilja</w>
  <w>.</w>
</absapar>
<absapar id=15>
  <w>#</w>
  <w>P</w>
  <w>IMM</w>
  <w>.</w>
  <w>10</w>
  <w>:</w>
  <w>14</w>
  <absaspan id=9>
    <w>Patrick</w>
  </absaspan>
  <absaspan id=10>
    <w>Tersmeden</w>
  </absaspan>
  <w>:</w>
  <absaspan id=11>
    <w>Jag</w>
  </absaspan>
  <absaspan id=12 senti=1>
    <w>tycker</w>
    <w>det</w>
    <w>är</w>
    <w>fel</w>
    <w>att</w>
    <w>beskriva</w>
    <w>USA</w>
    <w>som</w>
    <w>passivt</w>
    <w>,</w>
    <w>introvert</w>
  </absaspan>
  <absaspan id=13>
    <w>!</w>
  </absaspan>
  <w>Även</w>
  <w>om</w>
  <w>det</w>
  <w>är</w>
  <w>korrekt</w>
  <w>att</w>
  <w>USA</w>
  <w>vill</w>
  <w>att</w>
  <w>Europa</w>
  <w>ska</w>
  <w>ta</w>
  <w>ett</w>
  <w>större</w>
  <w>ansvar</w>
  <w>så</w>
  <w>har</w>
  <w>USA</w>
  <w>alltid</w>
  <w>ställt</w>
  <w>upp</w>
  <w>för</w>
  <w>Europa</w>
  <w>när</w>
  <w>det</w>
  <w>hettat</w>
  <w>till</w>
  <w>!</w>
  <w>Det</w>
  <w>ligger</w>
  <w>också</w>
  <w>sannolikt</w>
  <w>i</w>
  <w>USAs</w>
  <w>intresse</w>
  <w>att</w>
  <w>motverka</w>
  <w>Putins</w>
  <w>ambitioner</w>
  <w>att</w>
  <w>utvidga</w>
  <w>sina</w>
  <w>domäner</w>
  <w>på</w>
  <w>Västs</w>
  <w>bekostnad</w>
  <w>.</w>
  <w>Nato</w>
  <w>är</w>
  <w>ju</w>
  <w>för</w>
  <w>övrigt</w>
  <w>den</w>
  <w>säkerhetspolitiska</w>
  <w>garanten</w>
  <w>för</w>
  <w>ett</w>
  <w>amerikanskt</w>
  <w>stöd</w>
  <w>vid</w>
  <w>en</w>
  <w>ytterligare</w>
  <w>upptrappad</w>
  <w>kris</w>
  <w>.</w>
  <w>Det</w>
  <w>är</w>
  <w>viktigt</w>
  <w>att</w>
  <w>samtidigt</w>
  <w>som</w>
  <w>goda</w>
  <w>förhandlingslösningar</w>
  <w>söks</w>
  <w>markera</w>
  <w>att</w>
  <absaspan id=14 senti=4>
    <w>våld</w>
    <w>aldrig</w>
    <w>kan</w>
    <w>accepteras</w>
  </absaspan>
  <w>!</w>
  <w>För</w>
  <w>Sveriges</w>
  <w>del</w>
  <w>tycker</w>
  <w>jag</w>
  <w>det</w>
  <w>skulle</w>
  <w>vara</w>
  <w>en</w>
  <w>viktig</w>
  <w>markering</w>
  <w>om</w>
  <w>vi</w>
  <w>söker</w>
  <w>medlemskap</w>
  <w>i</w>
  <w>Nato</w>
  <w>nu</w>
  <w>-</w>
  <w>både</w>
  <w>för</w>
  <w>egen</w>
  <w>del</w>
  <w>och</w>
  <w>i</w>
  <w>synnerhet</w>
  <w>för</w>
  <w>att</w>
  <w>visa</w>
  <w>vårt</w>
  <w>stöd</w>
  <w>genemot</w>
  <w>de</w>
  <w>baltiska</w>
  <w>staterna</w>
  <w>,</w>
  <w>som</w>
  <w>kan</w>
  <w>komma</w>
  <w>att</w>
  <w>bli</w>
  <w>föremål</w>
  <w>för</w>
  <w>ryska</w>
  <w>påtryckningar</w>
  <w>vid</w>
  <w>en</w>
  <w>utvidgad</w>
  <w>kris</w>
  <w>.</w>
  <w>-</w>
  <w>För</w>
  <w>att</w>
  <w>lösa</w>
  <w>krisen</w>
  <w>tycker</w>
  <w>jag</w>
  <w>man</w>
  <w>borde</w>
  <w>syna</w>
  <w>problematiken</w>
  <w>utifrån</w>
  <w>ett</w>
  <w>rättighetsperspektiv</w>
  <w>.</w>
  <w>Vilka</w>
  <w>är</w>
  <w>de</w>
  <w>grundläggande</w>
  <w>problemen</w>
  <w>och</w>
  <w>vilka</w>
  <w>intressen</w>
  <w>ligger</w>
  <w>i</w>
  <w>vågskålen</w>
  <w>?</w>
  <w>Problematiken</w>
  <w>kring</w>
  <w>Ukrainas</w>
  <w>vidare</w>
  <w>utveckling</w>
  <w>borde</w>
  <w>exempelvis</w>
  <w>diskuteras</w>
  <w>med</w>
  <w>hänsyn</w>
  <w>till</w>
  <w>både</w>
  <w>EUs</w>
  <w>intressen</w>
  <w>och</w>
  <w>ryska</w>
  <w>intressen</w>
  <w>om</w>
  <w>ekonomiskt</w>
  <w>samarbete</w>
  <w>.</w>
  <w>Ukrainas</w>
  <w>intresse</w>
  <w>borde</w>
  <w>kunna</w>
  <w>tas</w>
  <w>till</w>
  <w>vara</w>
  <w>inom</w>
  <w>ramen</w>
  <w>för</w>
  <w>sådana</w>
  <w>diskusssioner</w>
  <w>!</w>
  <w>.</w>
</absapar>
<absapar id=16>
  <w>#</w>
  <w>P</w>
  <w>IMM</w>
  <w>.</w>
  <w>10</w>
  <w>:</w>
  <w>16</w>
  <absaspan id=15>
    <w>Jonas</w>
    <w>S</w>
  </absaspan>
  <w>:</w>
  <w>Vi</w>
  <w>behöver</w>
  <w>USA</w>
  <w>likväl</w>
  <w>som</w>
  <w>alla</w>
  <w>andra</w>
  <w>länder</w>
  <w>med</w>
  <w>stark</w>
  <w>demokrati</w>
  <w>.</w>
  <w>Det</w>
  <absaspan id=16 senti=2>
    <w>är</w>
    <w>moraliskt</w>
    <w>korrupt</w>
    <w>att</w>
    <w>låta</w>
    <w>ekonomiska</w>
    <w>kortsiktiga</w>
    <w>intressen</w>
    <w>blända</w>
    <w>oss</w>
    <w>och</w>
    <w>göda</w>
    <w>dessa</w>
    <w>diktaturer</w>
  </absaspan>
  <absaspan id=17>
    <w>.</w>
  </absaspan>
  <absaspan id=18>
    <w>Dom</w>
  </absaspan>
  <absaspan id=19 senti=2>
    <w>är</w>
    <w>en</w>
    <w>slumrande</w>
    <w>fara</w>
    <w>för</w>
    <w>fred</w>
    <w>och</w>
    <w>demokrati</w>
    <w>globalt</w>
  </absaspan>
  <w>.</w>
  <w>Vapenskrammel</w>
  <w>kommer</w>
  <w>så</w>
  <w>snart</w>
  <w>vi</w>
  <w>inte</w>
  <w>gör</w>
  <w>som</w>
  <w>dom</w>
  <w>vill</w>
  <w>.</w>
  <w>Bättre</w>
  <w>svälta</w>
  <w>ut</w>
  <w>med</w>
  <w>handelshinder</w>
  <w>.</w>
  <w>Ja</w>
  <w>,</w>
  <w>vi</w>
  <w>är</w>
  <w>och</w>
  <w>behöver</w>
  <w>vara</w>
  <w>beroende</w>
  <w>av</w>
  <w>starka</w>
  <w>demokratier</w>
  <w>och</w>
  <w>ge</w>
  <w>varandra</w>
  <w>stöd</w>
  <w>och</w>
  <w>erkännande</w>
  <w>.</w>
</absapar>
<absapar id=17>
  <w>#</w>
  <w>P</w>
  <w>IMM</w>
  <w>.</w>
  <w>10</w>
  <w>:</w>
  <w>16</w>
  <w>Jan</w>
  <w>:</w>
  <w>Håller</w>
  <w>helt</w>
  <w>med</w>
  <w>Dag</w>
  <w>och</w>
  <w>Sverige</w>
  <w>bör</w>
  <w>snarast</w>
  <w>gå</w>
  <w>med</w>
  <w>fullt</w>
  <w>ut</w>
  <w>i</w>
  <w>NATO</w>
  <w>istället</w>
  <w>för</w>
  <w>att</w>
  <w>smyga</w>
  <w>med</w>
  <w>NATO-relationen</w>
  <w>för</w>
  <w>att</w>
  <w>tillfredsställa</w>
  <w>sossarnas</w>
  <w>självbild</w>
  <w>av</w>
  <w>Sverige</w>
  <w>.</w>
</absapar>
<absapar id=18>
  <w>#</w>
  <w>P</w>
  <w>IMM</w>
  <w>.</w>
  <w>10</w>
  <w>:</w>
  <w>18</w>
  <absaspan id=20>
    <w>Rawi</w>
  </absaspan>
  <w>:</w>
  <w>Det</w>
  <w>är</w>
  <w>snarare</w>
  <w>tvärtom</w>
  <w>.</w>
  <w>Världen</w>
  <w>behöver</w>
  <w>en</w>
  <w>motvikt</w>
  <w>för</w>
  <w>att</w>
  <w>balansera</w>
  <w>USA</w>
  <w>;</w>
  <w>s</w>
  <w>makt</w>
  <w>.</w>
  <w>Kom</w>
  <w>ihåg</w>
  <w>att</w>
  <w>USA</w>
  <w>är</w>
  <w>den</w>
  <w>enda</w>
  <w>nationen</w>
  <w>i</w>
  <w>hela</w>
  <w>människans</w>
  <w>historia</w>
  <w>som</w>
  <w>använt</w>
  <w>atombomben</w>
  <w>.</w>
  <absaspan id=21>
    <w>USA</w>
  </absaspan>
  <w>är</w>
  <w>stormakten</w>
  <w>som</w>
  <w>struntade</w>
  <w>i</w>
  <w>FN</w>
  <w>och</w>
  <absaspan id=22 senti=2>
    <w>invaderade</w>
    <w>Irak</w>
    <w>på</w>
    <w>falska</w>
    <w>grunder</w>
  </absaspan>
  <w>.</w>
  <w>Varför</w>
  <w>ska</w>
  <w>man</w>
  <w>lita</w>
  <w>på</w>
  <w>USA</w>
  <w>?</w>
  <w>Kan</w>
  <w>någon</w>
  <w>ge</w>
  <w>mig</w>
  <w>en</w>
  <w>enda</w>
  <w>anledning</w>
  <w>till</w>
  <w>att</w>
  <w>lita</w>
  <w>på</w>
  <w>USA</w>
  <w>?</w>
  <w>Har</w>
  <w>vi</w>
  <w>glömt</w>
  <w>hur</w>
  <absaspan id=23>
    <w>G</w>
    <w>W</w>
    <w>Bush</w>
  </absaspan>
  <absaspan id=24 senti=2>
    <w>delade</w>
    <w>in</w>
    <w>världen</w>
    <w>till</w>
    <w>för</w>
    <w>och</w>
    <w>emot</w>
    <w>USA</w>
  </absaspan>
  <w>?</w>
  <w>och</w>
  <w>hur</w>
  <absaspan id=25>
    <w>EU</w>
    <w>ledarna</w>
  </absaspan>
  <absaspan id=26 senti=1>
    <w>fegades</w>
    <w>ut</w>
  </absaspan>
  <w>?</w>
  <w>Vem</w>
  <w>ska</w>
  <w>stoppa</w>
  <w>USA</w>
  <w>om</w>
  <w>en</w>
  <w>ny</w>
  <w>Bush</w>
  <w>kommer</w>
  <w>till</w>
  <w>makten</w>
  <w>?</w>
  <w>.</w>
</absapar>
<absapar id=19>
  <w>#</w>
  <w>P</w>
  <w>IMM</w>
  <w>.</w>
  <w>10</w>
  <w>:</w>
  <w>18</w>
  <w>Carina</w>
  <w>Stensson</w>
  <w>:</w>
  <w>I</w>
  <w>en</w>
  <w>debattartikel</w>
  <w>den</w>
  <w>23</w>
  <w>februari</w>
  <w>här</w>
  <w>på</w>
  <w>Brännpunkt</w>
  <w>varnade</w>
  <absaspan id=27>
    <w>Frida</w>
    <w>Stranne</w>
  </absaspan>
  <w>,</w>
  <w>gästforskare</w>
  <w>i</w>
  <w>USA</w>
  <w>,</w>
  <w>för</w>
  <w>att</w>
  <w>den</w>
  <w>amerikanska</w>
  <w>politiken</w>
  <w>har</w>
  <w>lamslagits</w>
  <w>och</w>
  <w>att</w>
  <w>världen</w>
  <w>har</w>
  <w>svårt</w>
  <w>att</w>
  <w>se</w>
  <w>hur</w>
  <absaspan id=28 senti=2>
    <w>dysfunktionellt</w>
  </absaspan>
  <absaspan id=29>
    <w>Washington</w>
  </absaspan>
  <w>har</w>
  <w>blivit</w>
  <w>,</w>
  <w>se</w>
  <w>artikeln</w>
  <w>:</w>
  <w>http</w>
  <w>:</w>
  <w>/</w>
  <w>/</w>
  <w>bit.ly</w>
  <w>/</w>
  <w>1ccLGrK</w>
  <w>.</w>
</absapar>
<absapar id=20>
  <w>#</w>
  <w>P</w>
  <w>IMM</w>
  <w>.</w>
  <w>10</w>
  <w>:</w>
  <w>20</w>
  <w>lennart</w>
  <w>:</w>
  <w>Starkt</w>
  <w>usa</w>
  <w>?</w>
  <w>Vad</w>
  <w>menas</w>
  <w>med</w>
  <w>det</w>
  <w>?</w>
  <w>Många</w>
  <w>bomber</w>
  <w>och</w>
  <w>soldater</w>
  <w>?</w>
  <w>Eller</w>
  <w>en</w>
  <w>fungerande</w>
  <w>demokrati</w>
  <w>i</w>
  <w>ett</w>
  <w>socialt</w>
  <w>acceptabelt</w>
  <w>samhälle</w>
  <w>.</w>
  <w>USA</w>
  <w>har</w>
  <w>lång</w>
  <w>väg</w>
  <w>innan</w>
  <w>det</w>
  <w>blir</w>
  <w>demokratiskt</w>
  <w>starkt</w>
  <w>igen</w>
  <w>.</w>
</absapar>
<absapar id=21>
  <w>#</w>
  <w>P</w>
  <w>IMM</w>
  <w>.</w>
  <w>10</w>
  <w>:</w>
  <w>20</w>
  <w>lennart</w>
  <w>:</w>
  <w>Starkt</w>
  <w>usa</w>
  <w>?</w>
  <w>Vad</w>
  <w>menas</w>
  <w>med</w>
  <w>det</w>
  <w>?</w>
  <w>Många</w>
  <w>bomber</w>
  <w>och</w>
  <w>soldater</w>
  <w>?</w>
  <w>Eller</w>
  <w>en</w>
  <w>fungerande</w>
  <w>demokrati</w>
  <w>i</w>
  <w>ett</w>
  <w>socialt</w>
  <w>acceptabelt</w>
  <w>samhälle</w>
  <w>.</w>
  <w>USA</w>
  <w>har</w>
  <w>lång</w>
  <w>väg</w>
  <w>innan</w>
  <w>det</w>
  <w>blir</w>
  <w>demokratiskt</w>
  <w>starkt</w>
  <w>igen</w>
  <w>.</w>
</absapar>
<absapar id=22>
  <w>#</w>
  <w>P</w>
  <w>IMM</w>
  <w>.</w>
  <w>10</w>
  <w>:</w>
  <w>21</w>
  <w>Karl</w>
  <w>Rätt</w>
  <w>:</w>
  <w>Makt</w>
  <w>(</w>
  <w>Politikerna</w>
  <w>)</w>
  <w>och</w>
  <w>rätt</w>
  <w>(</w>
  <w>Domstolarna</w>
  <w>)</w>
  <w>.</w>
  <w>Tror</w>
  <w>att</w>
  <w>USA</w>
  <w>och</w>
  <w>västeuropa</w>
  <w>är</w>
  <w>en</w>
  <w>garant</w>
  <w>för</w>
  <w>detta</w>
  <w>.</w>
</absapar>
<absapar id=23>
  <w>#</w>
  <w>P</w>
  <w>IMM</w>
  <w>.</w>
  <w>10</w>
  <w>:</w>
  <w>21</w>
  <w>Per</w>
  <w>:</w>
  <w>USA</w>
  <w>gick</w>
  <w>in</w>
  <w>i</w>
  <w>Afganistan</w>
  <w>för</w>
  <w>att</w>
  <w>leta</w>
  <w>efter</w>
  <w>Bin</w>
  <w>Laden</w>
  <w>!</w>
  <w>Nu</w>
  <w>heter</w>
  <w>det</w>
  <w>att</w>
  <w>vi</w>
  <w>måste</w>
  <w>hjälpa</w>
  <w>kvinnorna</w>
  <w>där</w>
  <w>.</w>
  <w>Bin</w>
  <w>Laden</w>
  <w>är</w>
  <w>nu</w>
  <w>borta</w>
  <w>,</w>
  <w>varför</w>
  <w>stannar</w>
  <w>de</w>
  <w>då</w>
  <w>kvar</w>
  <w>där</w>
  <w>.</w>
  <w>Vi</w>
  <w>kan</w>
  <w>ju</w>
  <w>inte</w>
  <w>med</w>
  <w>tvång</w>
  <w>ändra</w>
  <w>tusenåriga</w>
  <w>kulturer</w>
  <w>.</w>
  <w>Och</w>
  <w>,</w>
  <w>vad</w>
  <w>hade</w>
  <w>USA</w>
  <w>att</w>
  <w>göra</w>
  <w>i</w>
  <w>Vietnam</w>
  <w>.</w>
  <w>Var</w>
  <w>det</w>
  <w>en</w>
  <w>FN-insats</w>
  <w>?</w>
  <w>?</w>
  <w>USA</w>
  <w>går</w>
  <w>in</w>
  <w>överallt</w>
  <w>där</w>
  <w>pengar</w>
  <w>finns</w>
  <w>att</w>
  <w>hämta</w>
  <w>.</w>
</absapar>
<absapar id=24>
  <w>#</w>
  <w>P</w>
  <w>IMM</w>
  <w>.</w>
  <w>10</w>
  <w>:</w>
  <w>21</w>
  <w>Bert</w>
  <w>Ohlsson</w>
  <w>:</w>
  <w>Åsa</w>
  <w>Linderborg</w>
  <w>skrev</w>
  <w>i</w>
  <w>att</w>
  <w>USA</w>
  <w>har</w>
  <w>över</w>
  <w>700</w>
  <w>baser</w>
  <w>runt</w>
  <w>om</w>
  <w>i</w>
  <w>världen</w>
  <w>och</w>
  <w>att</w>
  <w>Ryssland</w>
  <w>har</w>
  <w>en</w>
  <w>-</w>
  <w>på</w>
  <w>Krim</w>
  <w>.</w>
  <w>Stämmer</w>
  <w>det</w>
  <w>?</w>
  <w>Carina</w>
  <w>Stensson</w>
  <w>:</w>
  <w>Här</w>
  <w>är</w>
  <w>länk</w>
  <w>till</w>
  <w>artikeln</w>
  <w>som</w>
  <w>Bert</w>
  <w>Ohlsson</w>
  <w>tar</w>
  <w>upp</w>
  <w>:</w>
  <w>http</w>
  <w>:</w>
  <w>/</w>
  <w>/</w>
  <w>www.aftonbladet.se</w>
  <w>/</w>
  <w>kultur</w>
  <w>/</w>
  <w>article18478974</w>
  <w>.</w>
  <w>ab</w>
  <w>Ja</w>
  <w>,</w>
  <w>någon</w>
  <w>som</w>
  <w>vet</w>
  <w>om</w>
  <w>hon</w>
  <w>har</w>
  <w>rätt</w>
  <w>eller</w>
  <w>fel</w>
  <w>?</w>
  <w>.</w>
</absapar>
<absapar id=25>
  <w>#</w>
  <w>P</w>
  <w>IMM</w>
  <w>.</w>
  <w>10</w>
  <w>:</w>
  <w>24</w>
  <w>Dag</w>
  <w>:</w>
  <w>Förr</w>
  <w>så</w>
  <w>sa</w>
  <w>man</w>
  <w>att</w>
  <w>"</w>
  <w>Alla</w>
  <w>länder</w>
  <w>har</w>
  <w>en</w>
  <w>armé</w>
  <w>.</w>
  <w>Sin</w>
  <w>egen</w>
  <w>eller</w>
  <w>någon</w>
  <w>annans</w>
  <w>"</w>
  <w>Men</w>
  <w>nu</w>
  <w>när</w>
  <w>Sverige</w>
  <w>inte</w>
  <w>har</w>
  <w>någon</w>
  <w>egen</w>
  <w>längre</w>
  <w>,</w>
  <w>så</w>
  <w>får</w>
  <w>vi</w>
  <w>väl</w>
  <w>fråga</w>
  <w>vem</w>
  <w>vi</w>
  <w>helst</w>
  <w>vill</w>
  <w>bli</w>
  <w>skyddade</w>
  <w>av</w>
  <w>?</w>
  <w>Det</w>
  <w>handlar</w>
  <w>inte</w>
  <w>om</w>
  <w>"</w>
  <w>världen</w>
  <w>vs</w>
  <w>.</w>
  <w>USA</w>
  <w>"</w>
  <w>"</w>
  <w>det</w>
  <w>handlar</w>
  <w>om</w>
  <w>demokrati</w>
  <w>och</w>
  <w>frihet</w>
  <w>vs</w>
  <w>.</w>
  <w>diktatur</w>
  <w>/</w>
  <w>auktoritärt</w>
  <w>styre</w>
  <w>"</w>
  <w>.</w>
  <w>Välj</w>
  <w>själva</w>
  <w>.</w>
  <w>.</w>
</absapar>
<absapar id=26>
  <w>#</w>
  <w>P</w>
  <w>IMM</w>
  <w>.</w>
  <w>10</w>
  <w>:</w>
  <w>25</w>
  <w>lennart</w>
  <w>:</w>
  <w>Ja</w>
  <w>vi</w>
  <w>behöver</w>
  <w>ett</w>
  <w>starkt</w>
  <w>antifascistiskt</w>
  <w>USA</w>
  <w>som</w>
  <w>tar</w>
  <w>strid</w>
  <w>för</w>
  <w>FN-stadgan</w>
  <w>och</w>
  <w>mänskliga</w>
  <w>rättigheter</w>
  <w>för</w>
  <w>även</w>
  <w>muslimer</w>
  <w>och</w>
  <w>ryssar</w>
  <w>.</w>
  <w>Hur</w>
  <w>får</w>
  <w>vi</w>
  <w>detta</w>
  <w>?</w>
  <w>.</w>
</absapar>
<absapar id=27>
  <w>#</w>
  <w>P</w>
  <w>IMM</w>
  <w>.</w>
  <w>10</w>
  <w>:</w>
  <w>26</w>
  <w>alex</w>
  <w>:</w>
  <w>11</w>
  <w>baser</w>
  <w>,</w>
  <w>http</w>
  <w>:</w>
  <w>/</w>
  <w>/</w>
  <w>en.wikipedia.org</w>
  <w>/</w>
  <w>wiki</w>
  <w>/</w>
  <w>List_of_Russian_military_bases_abroad</w>
  <w>.</w>
</absapar>
<absapar id=28>
  <w>#</w>
  <w>P</w>
  <w>IMM</w>
  <w>.</w>
  <w>10</w>
  <w>:</w>
  <w>26</w>
  <w>alex</w>
  <w>:</w>
  <w>nej</w>
  <w>,</w>
  <w>mer</w>
  <w>!</w>
  <w>http</w>
  <w>:</w>
  <w>/</w>
  <w>/</w>
  <w>en.wikipedia.org</w>
  <w>/</w>
  <w>wiki</w>
  <w>/</w>
  <w>List_of_Russian_military_bases_abroad</w>
  <w>.</w>
</absapar>
<absapar id=29>
  <w>#</w>
  <w>P</w>
  <w>IMM</w>
  <w>.</w>
  <w>10</w>
  <w>:</w>
  <w>29</w>
  <w>Carina</w>
  <w>Stensson</w>
  <w>:</w>
  <w>Vi</w>
  <w>verkar</w>
  <w>få</w>
  <w>snabbt</w>
  <w>svar</w>
  <w>på</w>
  <w>frågan</w>
  <w>om</w>
  <w>hur</w>
  <w>många</w>
  <w>baser</w>
  <w>Ryssland</w>
  <w>har</w>
  <w>.</w>
  <w>Tycks</w>
  <w>inte</w>
  <w>stämma</w>
  <w>att</w>
  <w>det</w>
  <w>är</w>
  <w>en</w>
  <w>enda</w>
  <w>,</w>
  <w>som</w>
  <w>s</w>
  <w>Linderborg</w>
  <w>skriver</w>
  <w>.</w>
</absapar>
<absapar id=30>
  <w>#</w>
  <w>P</w>
  <w>IMM</w>
  <w>.</w>
  <w>10</w>
  <w>:</w>
  <w>31</w>
  <w>Benny</w>
  <w>:</w>
  <w>USA</w>
  <w>kan</w>
  <w>väl</w>
  <w>knappast</w>
  <w>ses</w>
  <w>som</w>
  <w>en</w>
  <w>ekonomisk</w>
  <w>faktor</w>
  <w>då</w>
  <w>allt</w>
  <w>är</w>
  <w>lånat</w>
  <w>?</w>
  <w>/</w>
  <w>/</w>
  <w>B</w>
  <w>.</w>
</absapar>
<absapar id=31>
  <w>#</w>
  <w>P</w>
  <w>IMM</w>
  <w>.</w>
  <w>10</w>
  <w>:</w>
  <w>31</w>
  <w>Lars</w>
  <w>:</w>
  <w>Kommentar</w>
  <w>angående</w>
  <w>artikeln</w>
  <w>i</w>
  <w>.</w>
  <w>Åsa</w>
  <w>har</w>
  <w>fel</w>
  <w>.</w>
  <w>Ryssland</w>
  <w>har</w>
  <w>fler</w>
  <w>baser</w>
  <w>i</w>
  <w>Världen</w>
  <w>med</w>
  <w>dock</w>
  <w>inte</w>
  <w>många</w>
  <w>.</w>
  <w>Ett</w>
  <w>exempel</w>
  <w>är</w>
  <w>en</w>
  <w>flottbas</w>
  <w>som</w>
  <w>är</w>
  <w>belägen</w>
  <w>i</w>
  <w>Syrien</w>
  <w>.</w>
  <w>Måhända</w>
  <w>glömde</w>
  <w>Åsa</w>
  <w>bort</w>
  <w>den</w>
  <w>basen</w>
  <w>.</w>
  <w>Jag</w>
  <w>vet</w>
  <w>inte</w>
  <w>riktigt</w>
  <w>om</w>
  <w>Basen</w>
  <w>i</w>
  <w>Vietnam</w>
  <w>ska</w>
  <w>öppnas</w>
  <w>igen</w>
  <w>.</w>
  <w>USA</w>
  <w>har</w>
  <w>nog</w>
  <w>inte</w>
  <w>riktigt</w>
  <w>700</w>
  <w>baser</w>
  <w>,</w>
  <w>men</w>
  <w>det</w>
  <w>finns</w>
  <w>en</w>
  <w>hel</w>
  <w>del</w>
  <w>,</w>
  <w>särskilt</w>
  <w>om</w>
  <w>förråd</w>
  <w>på</w>
  <w>allierades</w>
  <w>territorum</w>
  <w>räknas</w>
  <w>med</w>
  <w>.</w>
  <w>Så</w>
  <w>Åsa</w>
  <w>har</w>
  <w>fel</w>
  <w>i</w>
  <w>dubbel</w>
  <w>bemärkelse</w>
  <w>.</w>
  <w>Ryyssalnd</w>
  <w>har</w>
  <w>fler</w>
  <w>baser</w>
  <w>utomlands</w>
  <w>och</w>
  <w>USA</w>
  <w>har</w>
  <w>inte</w>
  <w>700</w>
  <w>baser</w>
  <w>med</w>
  <w>full</w>
  <w>stridsfunktionalitet</w>
  <w>.</w>
</absapar>
<absapar id=32>
  <w>#</w>
  <w>P</w>
  <w>IMM</w>
  <w>.</w>
  <w>10</w>
  <w>:</w>
  <w>32</w>
  <absaspan id=30>
    <w>Alexander</w>
    <w>Jonson</w>
  </absaspan>
  <w>:</w>
  <w>Är</w>
  <w>förvånad</w>
  <w>över</w>
  <w>svensk</w>
  <w>medias</w>
  <w>bild</w>
  <w>av</w>
  <w>Ryssland</w>
  <w>.</w>
  <w>Folk</w>
  <w>verkar</w>
  <w>ha</w>
  <w>glömt</w>
  <w>bort</w>
  <w>att</w>
  <w>det</w>
  <w>skett</w>
  <w>en</w>
  <w>statskupp</w>
  <w>och</w>
  <w>Ryssland</w>
  <w>har</w>
  <w>rätt</w>
  <w>att</w>
  <w>försvara</w>
  <w>sina</w>
  <w>intressen</w>
  <w>.</w>
  <absaspan id=31 senti=4>
    <w>Det</w>
    <w>är</w>
    <w>dags</w>
    <w>att</w>
  </absaspan>
  <absaspan id=32>
    <w>Europa</w>
  </absaspan>
  <absaspan id=33 senti=4>
    <w>börjar</w>
  </absaspan>
  <absaspan id=34 senti=4>
    <w>stå</w>
    <w>på</w>
    <w>egna</w>
    <w>ben</w>
    <w>och</w>
    <w>lösa</w>
    <w>konflikter</w>
    <w>själva</w>
  </absaspan>
  <w>,</w>
  <w>man</w>
  <w>ska</w>
  <w>inte</w>
  <w>behöva</w>
  <w>vara</w>
  <w>beroende</w>
  <w>av</w>
  <w>USA</w>
  <w>.</w>
</absapar>
<absapar id=33>
  <w>#</w>
  <w>P</w>
  <w>IMM</w>
  <w>.</w>
  <w>10</w>
  <w>:</w>
  <w>32</w>
  <w>Dag</w>
  <w>:</w>
  <w>Det</w>
  <w>går</w>
  <w>att</w>
  <w>kritisera</w>
  <absaspan id=35>
    <w>USA</w>
  </absaspan>
  <w>för</w>
  <w>många</w>
  <w>saker</w>
  <w>-</w>
  <w>men</w>
  <w>saken</w>
  <w>handlar</w>
  <w>om</w>
  <w>vilket</w>
  <w>maktcentrum</w>
  <w>i</w>
  <w>världen</w>
  <w>vi</w>
  <w>i</w>
  <w>Europa</w>
  <w>har</w>
  <w>bäst</w>
  <w>av</w>
  <w>att</w>
  <w>tillhöra</w>
  <w>.</w>
  <w>Och</w>
  <w>vad</w>
  <w>jag</w>
  <absaspan id=36 senti=4>
    <w>vet</w>
    <w>så</w>
    <w>finns</w>
    <w>det</w>
    <w>bara</w>
    <w>ett</w>
    <w>maktcentrum</w>
    <w>i</w>
    <w>världen</w>
    <w>som</w>
    <w>är</w>
    <w>demokratiskt</w>
    <w>-</w>
    <w>om</w>
    <w>än</w>
    <w>bristfälligt</w>
    <w>och</w>
    <w>dysfunktionellt</w>
  </absaspan>
  <w>.</w>
  <w>Jag</w>
  <w>anser</w>
  <w>att</w>
  <w>vår</w>
  <w>bästa</w>
  <w>chans</w>
  <w>är</w>
  <w>att</w>
  <w>ena</w>
  <w>Europa</w>
  <w>så</w>
  <w>långt</w>
  <w>det</w>
  <w>är</w>
  <w>möjligt</w>
  <w>och</w>
  <w>associera</w>
  <w>oss</w>
  <w>med</w>
  <w>USA</w>
  <w>och</w>
  <w>andra</w>
  <w>starka</w>
  <w>demokratier</w>
  <w>i</w>
  <w>världen</w>
  <w>.</w>
  <w>Inte</w>
  <w>för</w>
  <w>att</w>
  <w>de</w>
  <w>är</w>
  <w>felfria</w>
  <w>-</w>
  <w>men</w>
  <w>för</w>
  <w>att</w>
  <w>det</w>
  <w>är</w>
  <w>det</w>
  <w>minst</w>
  <w>dåliga</w>
  <w>alternativet</w>
  <w>.</w>
</absapar>
<absapar id=34>
  <w>#</w>
  <w>P</w>
  <w>IMM</w>
  <w>.</w>
  <w>10</w>
  <w>:</w>
  <w>34</w>
  <w>Vladislav</w>
  <w>Savic</w>
  <w>:</w>
  <w>Angående</w>
  <w>USAs</w>
  <w>700</w>
  <w>baser</w>
  <w>utomlands</w>
  <w>som</w>
  <w>Åsa</w>
  <w>Linderborg</w>
  <w>skrev</w>
  <w>.</w>
  <w>Svar</w>
  <w>:</w>
  <w>hur</w>
  <w>baser</w>
  <w>som</w>
  <w>finns</w>
  <w>just</w>
  <w>i</w>
  <w>dag</w>
  <w>vet</w>
  <w>jag</w>
  <w>inte</w>
  <w>.</w>
  <w>Men</w>
  <w>det</w>
  <w>har</w>
  <w>inte</w>
  <w>varit</w>
  <w>någon</w>
  <w>hemlighet</w>
  <w>att</w>
  <w>USA</w>
  <w>hade</w>
  <w>runt</w>
  <w>700</w>
  <w>baser</w>
  <w>2005</w>
  <w>.</w>
  <w>Läs</w>
  <w>gärna</w>
  <w>den</w>
  <w>amerikanska</w>
  <w>statsvetare</w>
  <w>perofeasorn</w>
  <w>Chalmers</w>
  <w>Johnsons</w>
  <w>bok</w>
  <w>Imeriedrömmar</w>
  <w>-</w>
  <w>finns</w>
  <w>på</w>
  <w>svenska</w>
  <w>.</w>
  <w>Där</w>
  <w>finns</w>
  <w>både</w>
  <w>kunskap</w>
  <w>källhänvisningar</w>
  <w>och</w>
  <w>annat</w>
  <w>.</w>
</absapar>
<absapar id=35>
  <w>#</w>
  <w>P</w>
  <w>IMM</w>
  <w>.</w>
  <w>10</w>
  <w>:</w>
  <w>35</w>
  <absaspan id=37>
    <w>Linda</w>
  </absaspan>
  <w>:</w>
  <w>Dags</w>
  <w>för</w>
  <w>EU</w>
  <w>att</w>
  <w>bli</w>
  <w>tightare</w>
  <w>så</w>
  <w>att</w>
  <w>EU</w>
  <w>kan</w>
  <w>få</w>
  <w>en</w>
  <w>starkare</w>
  <w>roll</w>
  <w>som</w>
  <w>aktör</w>
  <w>på</w>
  <w>världsarenan</w>
  <w>.</w>
  <absaspan id=38>
    <w>USA</w>
  </absaspan>
  <absaspan id=39 senti=2>
    <w>bör</w>
    <w>inte</w>
    <w>leka</w>
    <w>världspolis</w>
  </absaspan>
  <w>,</w>
  <w>vi</w>
  <w>i</w>
  <w>Europa</w>
  <w>skulle</w>
  <w>vara</w>
  <w>fullt</w>
  <w>kapabla</w>
  <w>till</w>
  <w>att</w>
  <w>sköta</w>
  <w>det</w>
  <w>själva</w>
  <w>,</w>
  <w>om</w>
  <w>vi</w>
  <w>hade</w>
  <w>rätt</w>
  <w>verktyg</w>
  <w>.</w>
  <w>Därför</w>
  <w>bör</w>
  <w>EU</w>
  <w>få</w>
  <w>större</w>
  <w>befogenheter</w>
  <w>.</w>
</absapar>
<absapar id=36>
  <w>#</w>
  <w>P</w>
  <w>IMM</w>
  <w>.</w>
  <w>10</w>
  <w>:</w>
  <w>35</w>
  <w>alex</w>
  <w>:</w>
  <w>vad</w>
  <w>säger</w>
  <w>ni</w>
  <w>om</w>
  <w>Breaking</w>
  <w>:</w>
  <w>Estonian</w>
  <w>Foreign</w>
  <w>Minister</w>
  <w>Urmas</w>
  <w>Paet</w>
  <w>and</w>
  <w>Catherine</w>
  <w>https</w>
  <w>:</w>
  <w>/</w>
  <w>/</w>
  <w>www.youtube.com</w>
  <w>/</w>
  <w>watch</w>
  <w>?</w>
  <w>v</w>
  <w>=</w>
  <w>ZEgJ0oo3OA8</w>
  <w>Det</w>
  <w>är</w>
  <w>inte</w>
  <w>falsk</w>
  <w>,</w>
  <w>bara</w>
  <w>lyssna</w>
  <w>,</w>
  <w>Estonia</w>
  <w>erkänner</w>
  <w>samtalCarina</w>
  <w>Stensson</w>
  <w>:</w>
  <w>Ja</w>
  <w>,</w>
  <w>det</w>
  <w>här</w>
  <w>är</w>
  <w>ju</w>
  <w>morgonens</w>
  <w>stora</w>
  <w>nyhet</w>
  <w>,</w>
  <w>att</w>
  <w>samtalet</w>
  <w>lagts</w>
  <w>ut</w>
  <w>på</w>
  <w>Youtube</w>
  <w>.</w>
  <w>Missa</w>
  <w>inte</w>
  <w>detta</w>
  <w>!</w>
  <w>.</w>
</absapar>
<absapar id=37>
  <w>#</w>
  <w>P</w>
  <w>IMM</w>
  <w>.</w>
  <w>10</w>
  <w>:</w>
  <w>37</w>
  <absaspan id=40>
    <w>Andreas</w>
  </absaspan>
  <w>:</w>
  <w>Vi</w>
  <w>behöver</w>
  <w>inte</w>
  <w>alls</w>
  <absaspan id=41>
    <w>USA</w>
  </absaspan>
  <w>.</w>
  <absaspan id=42>
    <w>De</w>
  </absaspan>
  <absaspan id=43 senti=2>
    <w>ställer</w>
    <w>till</w>
    <w>med</w>
    <w>mycket</w>
    <w>mer</w>
    <w>problem</w>
    <w>än</w>
    <w>vad</w>
    <w>de</w>
    <w>löser</w>
    <w>för</w>
    <w>vår</w>
    <w>del</w>
  </absaspan>
  <w>.</w>
  <w>Om</w>
  <w>USA</w>
  <w>skulle</w>
  <w>koncentrera</w>
  <w>sina</w>
  <w>enorma</w>
  <w>resurser</w>
  <w>på</w>
  <w>att</w>
  <w>hjälpa</w>
  <w>sin</w>
  <w>egen</w>
  <w>befolkning</w>
  <w>och</w>
  <w>andras</w>
  <w>utan</w>
  <w>våld</w>
  <w>,</w>
  <w>hot</w>
  <w>om</w>
  <w>våld</w>
  <w>,</w>
  <w>ekonomiska</w>
  <w>sanktioner</w>
  <w>eller</w>
  <w>hot</w>
  <w>om</w>
  <w>sådana</w>
  <w>och</w>
  <w>i</w>
  <w>förhandlingar</w>
  <w>faktiskt</w>
  <w>förhandlade</w>
  <w>och</w>
  <w>inte</w>
  <w>dikterade</w>
  <w>villkoren</w>
  <w>så</w>
  <w>skulle</w>
  <w>i</w>
  <w>alla</w>
  <w>vinna</w>
  <w>på</w>
  <w>detta</w>
  <w>.</w>
  <w>Även</w>
  <w>USA</w>
  <w>.</w>
</absapar>
<absapar id=38>
  <w>#</w>
  <w>P</w>
  <w>IMM</w>
  <w>.</w>
  <w>10</w>
  <w>:</w>
  <w>37</w>
  <absaspan id=44>
    <w>Wisewoman</w>
  </absaspan>
  <w>:</w>
  <w>@</w>
  <w>Gustav</w>
  <w>:</w>
  <w>Du</w>
  <w>skrev</w>
  <w>"</w>
  <w>Svenska</w>
  <w>försvarets</w>
  <w>kollaps</w>
  <w>gör</w>
  <w>att</w>
  <w>vi</w>
  <w>ej</w>
  <w>har</w>
  <w>tid</w>
  <w>eller</w>
  <w>ekonomiska</w>
  <w>resurser</w>
  <w>att</w>
  <w>bygga</w>
  <w>upp</w>
  <w>igen</w>
  <w>.</w>
  <w>"</w>
  <w>Min</w>
  <w>fråga</w>
  <w>:</w>
  <w>Har</w>
  <w>du</w>
  <w>funderat</w>
  <w>över</w>
  <w>vad</w>
  <w>det</w>
  <w>kostar</w>
  <w>att</w>
  <w>"</w>
  <w>gå</w>
  <w>med</w>
  <w>"</w>
  <w>i</w>
  <w>NATO</w>
  <w>?</w>
  <w>Dessutom</w>
  <w>måst</w>
  <w>e</w>
  <w>jag</w>
  <w>tyvärr</w>
  <w>hålla</w>
  <w>med</w>
  <w>Lennart</w>
  <w>och</w>
  <w>Rawi</w>
  <w>.</w>
  <absaspan id=45 senti=2>
    <w>Huvva</w>
    <w>,</w>
    <w>vilken</w>
    <w>nation</w>
  </absaspan>
  <absaspan id=46 senti=2>
    <w>!</w>
  </absaspan>
  <w>Borde</w>
  <w>vi</w>
  <w>inte</w>
  <w>se</w>
  <w>oss</w>
  <w>om</w>
  <w>nästgårds</w>
  <w>istället</w>
  <w>?</w>
  <w>-</w>
  <w>Ena</w>
  <w>Norden</w>
  <w>?</w>
  <w>.</w>
</absapar>
<absapar id=39>
  <w>#</w>
  <w>P</w>
  <w>IMM</w>
  <w>.</w>
  <w>10</w>
  <w>:</w>
  <w>39</w>
  <w>Per</w>
  <w>:</w>
  <w>Någon</w>
  <w>skrev</w>
  <w>om</w>
  <w>att</w>
  <w>svälta</w>
  <w>ut</w>
  <w>genom</w>
  <w>sanktioner</w>
  <w>.</w>
  <w>Tror</w>
  <w>ni</w>
  <w>inte</w>
  <w>att</w>
  <w>motparten</w>
  <w>har</w>
  <w>sådana</w>
  <w>vapen</w>
  <w>.</w>
  <w>Tänk</w>
  <w>om</w>
  <w>Ryssland</w>
  <w>och</w>
  <w>Kina</w>
  <w>börjar</w>
  <w>dumpa</w>
  <w>alla</w>
  <w>sina</w>
  <w>USA</w>
  <w>obligationer</w>
  <w>!</w>
  <w>Då</w>
  <w>kollapsar</w>
  <w>dollarn</w>
  <w>omedelbart</w>
  <w>.</w>
  <w>Visst</w>
  <w>,</w>
  <w>de</w>
  <w>drabbar</w>
  <w>givetvis</w>
  <w>även</w>
  <w>Ryssland</w>
  <w>och</w>
  <w>Kina</w>
  <w>,</w>
  <w>men</w>
  <w>de</w>
  <w>kanske</w>
  <w>tål</w>
  <w>bättre</w>
  <w>en</w>
  <w>försämring</w>
  <w>!</w>
  <w>!</w>
  <w>Många</w>
  <w>verkar</w>
  <w>ovetande</w>
  <w>om</w>
  <w>USA</w>
  <w>:</w>
  <w>s</w>
  <w>enorma</w>
  <w>skulder</w>
  <w>.</w>
</absapar>
<absapar id=40>
  <w>#</w>
  <w>P</w>
  <w>IMM</w>
  <w>.</w>
  <w>10</w>
  <w>:</w>
  <w>39</w>
  <w>Eric</w>
  <w>:</w>
  <w>Eftersom</w>
  <w>vi</w>
  <w>aldrig</w>
  <w>tycks</w>
  <w>få</w>
  <w>till</w>
  <w>ett</w>
  <w>handlingskraftigt</w>
  <w>"</w>
  <w>Europas</w>
  <w>förenta</w>
  <w>stater</w>
  <w>"</w>
  <w>så</w>
  <w>blir</w>
  <w>vi</w>
  <w>väl</w>
  <w>beroende</w>
  <w>/</w>
  <w>hamnar</w>
  <w>i</w>
  <w>skuggan</w>
  <w>av</w>
  <w>antingen</w>
  <w>ett</w>
  <w>demokratiskt</w>
  <w>USA</w>
  <w>eller</w>
  <w>Putins</w>
  <w>nya</w>
  <w>storryska</w>
  <w>välde</w>
  <w>och</w>
  <w>då</w>
  <w>tror</w>
  <w>jag</w>
  <w>att</w>
  <w>vi</w>
  <w>som</w>
  <w>föredrar</w>
  <w>det</w>
  <w>förra</w>
  <w>är</w>
  <w>i</w>
  <w>majoritet</w>
  <w>.</w>
  <w>.</w>
  <w>.</w>
</absapar>
<absapar id=41>
  <w>#</w>
  <w>P</w>
  <w>IMM</w>
  <w>.</w>
  <w>10</w>
  <w>:</w>
  <w>41</w>
  <w>Andreas</w>
  <w>:</w>
  <w>NATO</w>
  <w>är</w>
  <w>inte</w>
  <w>lösningen</w>
  <w>på</w>
  <w>något</w>
  <w>det</w>
  <w>är</w>
  <w>en</w>
  <w>stor</w>
  <w>del</w>
  <w>av</w>
  <w>problemet</w>
  <w>.</w>
  <w>Har</w>
  <w>lyckats</w>
  <w>knuffa</w>
  <w>in</w>
  <w>Ryssland</w>
  <w>i</w>
  <w>ett</w>
  <w>hörn</w>
  <w>där</w>
  <w>de</w>
  <w>blir</w>
  <w>farligare</w>
  <w>än</w>
  <w>vad</w>
  <w>de</w>
  <w>annars</w>
  <w>skulle</w>
  <w>vara</w>
  <w>.</w>
</absapar>
<absapar id=42>
  <w>#</w>
  <w>P</w>
  <w>IMM</w>
  <w>.</w>
  <w>10</w>
  <w>:</w>
  <w>41</w>
  <absaspan id=47>
    <w>Niklas</w>
  </absaspan>
  <w>:</w>
  <w>Utifrån</w>
  <w>det</w>
  <w>som</w>
  <w>har</w>
  <w>hänt</w>
  <w>i</w>
  <w>Ukraina</w>
  <w>så</w>
  <w>skulle</w>
  <w>jag</w>
  <w>inte</w>
  <w>kalla</w>
  <w>USA</w>
  <w>för</w>
  <w>passivt</w>
  <w>och</w>
  <w>inåtvänt</w>
  <w>.</w>
  <absaspan id=48>
    <w>Vi</w>
    <w>här</w>
    <w>i</w>
    <w>Europa</w>
  </absaspan>
  <absaspan id=49 senti=4>
    <w>är</w>
    <w>tillräkligt</w>
    <w>mogna</w>
    <w>att</w>
    <w>ta</w>
    <w>hand</w>
    <w>om</w>
    <w>oss</w>
    <w>själva</w>
  </absaspan>
  <w>.</w>
  <w>Så</w>
  <w>om</w>
  <w>USA</w>
  <w>vill</w>
  <w>dra</w>
  <w>sig</w>
  <w>tillbaka</w>
  <w>så</w>
  <w>skulle</w>
  <w>det</w>
  <w>vara</w>
  <w>bra</w>
  <w>för</w>
  <w>freden</w>
  <w>och</w>
  <w>stabiliteten</w>
  <w>i</w>
  <w>Europa</w>
  <w>.</w>
  <w>Ett</w>
  <w>tredje</w>
  <w>världskrig</w>
  <w>ar</w>
  <w>ju</w>
  <w>trots</w>
  <w>allt</w>
  <w>otänkbart</w>
  <w>då</w>
  <w>det</w>
  <w>finns</w>
  <w>kärnvapen</w>
  <w>som</w>
  <w>effektivt</w>
  <w>satter</w>
  <w>punkt</w>
  <w>för</w>
  <w>sådana</w>
  <w>aggressioner</w>
  <w>.</w>
</absapar>
<absapar id=43>
  <w>#</w>
  <w>P</w>
  <w>IMM</w>
  <w>.</w>
  <w>10</w>
  <w>:</w>
  <w>43</w>
  <w>Andreas</w>
  <w>:</w>
  <w>Störst</w>
  <w>ekonomi</w>
  <w>har</w>
  <w>störst</w>
  <w>makt</w>
  <w>,</w>
  <w>det</w>
  <w>innebär</w>
  <w>att</w>
  <w>svaret</w>
  <w>på</w>
  <w>frågan</w>
  <w>om</w>
  <w>framtida</w>
  <w>maktcentrum</w>
  <w>är</w>
  <w>givet</w>
  <w>-</w>
  <w>Kina</w>
  <w>.</w>
  <w>Den</w>
  <w>som</w>
  <w>oroar</w>
  <w>sig</w>
  <w>för</w>
  <w>framtiden</w>
  <w>ska</w>
  <w>hålla</w>
  <w>sig</w>
  <w>väl</w>
  <w>med</w>
  <w>Kina</w>
  <w>.</w>
  <w>Och</w>
  <w>USA</w>
  <w>så</w>
  <w>att</w>
  <w>de</w>
  <w>inte</w>
  <w>skickar</w>
  <w>drönare</w>
  <w>hit</w>
  <w>av</w>
  <w>någon</w>
  <w>random</w>
  <w>orsak</w>
  <w>.</w>
</absapar>
<absapar id=44>
  <w>#</w>
  <w>P</w>
  <w>IMM</w>
  <w>.</w>
  <w>10</w>
  <w>:</w>
  <w>44</w>
  <w>Evgeniy</w>
  <w>:</w>
  <w>Klart</w>
  <w>vi</w>
  <w>behöver</w>
  <w>USA</w>
  <w>.</w>
  <w>Vi</w>
  <w>ska</w>
  <w>oxå</w>
  <w>gå</w>
  <w>med</w>
  <w>i</w>
  <w>NATO</w>
  <w>,</w>
  <w>hela</w>
  <w>NATO</w>
  <w>behöver</w>
  <w>rusta</w>
  <w>upp</w>
  <w>i</w>
  <w>takt</w>
  <w>med</w>
  <w>att</w>
  <w>diktaturstater</w>
  <w>gör</w>
  <w>det</w>
  <w>.</w>
</absapar>
<absapar id=45>
  <w>#</w>
  <w>P</w>
  <w>IMM</w>
  <w>.</w>
  <w>10</w>
  <w>:</w>
  <w>45</w>
  <absaspan id=50>
    <w>Mikael</w>
  </absaspan>
  <w>:</w>
  <absaspan id=51>
    <w>USA</w>
  </absaspan>
  <absaspan id=52 senti=4>
    <w>är</w>
    <w>en</w>
    <w>fortfarande</w>
    <w>en</w>
    <w>garant</w>
    <w>för</w>
    <w>väst</w>
    <w>och</w>
    <w>den</w>
    <w>demokrati</w>
    <w>och</w>
    <w>frihet</w>
    <w>som</w>
    <w>råder</w>
  </absaspan>
  <w>.</w>
  <w>Det</w>
  <w>har</w>
  <w>visat</w>
  <w>sig</w>
  <w>i</w>
  <w>konkret</w>
  <w>handling</w>
  <w>under</w>
  <w>Ukraina</w>
  <w>krisen</w>
  <w>.</w>
  <w>Skulle</w>
  <w>spänningarna</w>
  <w>öka</w>
  <w>i</w>
  <w>Europa</w>
  <w>har</w>
  <w>vi</w>
  <w>Nordatlantiska</w>
  <w>fördragsorganisationen</w>
  <w>(</w>
  <w>Nato</w>
  <w>)</w>
  <w>.</w>
  <w>Totalt</w>
  <w>ingår</w>
  <w>28</w>
  <w>medlemsstater</w>
  <w>i</w>
  <w>försvarsalliansen</w>
  <w>,</w>
  <w>varav</w>
  <w>22</w>
  <w>är</w>
  <w>medlemmar</w>
  <w>i</w>
  <w>Europeiska</w>
  <w>unionen</w>
  <w>Denna</w>
  <w>skyddsmekanism</w>
  <w>har</w>
  <w>funnits</w>
  <w>sedan</w>
  <w>1949</w>
  <w>.</w>
  <w>Att</w>
  <w>EU</w>
  <w>skulle</w>
  <w>bygga</w>
  <w>upp</w>
  <w>ett</w>
  <w>eget</w>
  <w>försvar</w>
  <w>är</w>
  <w>helt</w>
  <w>uteslutet</w>
  <w>.</w>
</absapar>
<absapar id=46>
  <w>#</w>
  <w>P</w>
  <w>IMM</w>
  <w>.</w>
  <w>10</w>
  <w>:</w>
  <w>47</w>
  <w>Mortal</w>
  <w>:</w>
  <w>När</w>
  <w>vi</w>
  <w>står</w>
  <w>där</w>
  <w>ensamma</w>
  <w>utan</w>
  <w>USA</w>
  <w>så</w>
  <w>lär</w>
  <w>det</w>
  <w>inte</w>
  <w>bli</w>
  <w>mycket</w>
  <w>gjort</w>
  <w>.</w>
  <w>Visst</w>
  <w>,</w>
  <w>allt</w>
  <w>USA</w>
  <w>gör</w>
  <w>är</w>
  <w>inte</w>
  <w>rätt</w>
  <w>men</w>
  <w>hur</w>
  <w>tror</w>
  <w>ni</w>
  <w>världen</w>
  <w>skulle</w>
  <w>se</w>
  <w>ut</w>
  <w>utan</w>
  <w>?</w>
  <w>Fråga</w>
  <w>dock</w>
  <w>inte</w>
  <w>Jonas</w>
  <w>.</w>
  <w>.</w>
  <w>.</w>
</absapar>
<absapar id=47>
  <w>#</w>
  <w>P</w>
  <w>IMM</w>
  <w>.</w>
  <w>10</w>
  <w>:</w>
  <w>47</w>
  <absaspan id=53>
    <w>Andreas</w>
  </absaspan>
  <w>:</w>
  <absaspan id=54 senti=2 irony>
    <w>Gulligt</w>
    <w>med</w>
  </absaspan>
  <absaspan id=55>
    <w>svensk</w>
    <w>oro</w>
  </absaspan>
  <absaspan id=56 senti=2>
    <w>för</w>
  </absaspan>
  <absaspan id=57 senti=2>
    <w>Ryssen</w>
    <w>för</w>
    <w>den</w>
    <w>delen</w>
  </absaspan>
  <w>.</w>
  <w>Svensken</w>
  <w>tror</w>
  <w>verkligen</w>
  <w>att</w>
  <w>någon</w>
  <w>bryr</w>
  <w>sig</w>
  <w>om</w>
  <w>oss</w>
  <w>.</w>
  <w>Ställer</w>
  <w>två</w>
  <w>plan</w>
  <w>på</w>
  <w>Gotland</w>
  <w>och</w>
  <w>oroar</w>
  <w>oss</w>
  <w>mycket</w>
  <w>.</w>
</absapar>
<absapar id=48>
  <w>#</w>
  <w>P</w>
  <w>IMM</w>
  <w>.</w>
  <w>10</w>
  <w>:</w>
  <w>49</w>
  <w>Hans</w>
  <w>:</w>
  <w>Många</w>
  <w>pratar</w>
  <w>om</w>
  <w>USA</w>
  <w>som</w>
  <w>bankrutt</w>
  <w>.</w>
  <w>Inget</w>
  <w>kan</w>
  <w>vara</w>
  <w>felaktigare</w>
  <w>.</w>
  <w>Var</w>
  <w>finns</w>
  <w>världens</w>
  <w>största</w>
  <w>företag</w>
  <w>?</w>
  <w>Jo</w>
  <w>i</w>
  <w>USA</w>
  <w>.</w>
  <w>Vem</w>
  <w>har</w>
  <w>flest</w>
  <w>Nobelpris</w>
  <w>över</w>
  <w>tid</w>
  <w>?</w>
  <w>Jo</w>
  <w>USA</w>
  <w>.</w>
  <w>Det</w>
  <w>finns</w>
  <w>massa</w>
  <w>vapen</w>
  <w>annat</w>
  <w>än</w>
  <w>med</w>
  <w>med</w>
  <w>fysiskt</w>
  <w>våld</w>
  <w>som</w>
  <w>man</w>
  <w>kan</w>
  <w>använda</w>
  <w>mot</w>
  <w>Ryssarna</w>
  <w>.</w>
  <w>Det</w>
  <w>kommer</w>
  <w>kosta</w>
  <w>för</w>
  <w>dem</w>
  <w>.</w>
</absapar>
<absapar id=49>
  <w>#</w>
  <w>P</w>
  <w>IMM</w>
  <w>.</w>
  <w>10</w>
  <w>:</w>
  <w>50</w>
  <w>Joel</w>
  <w>:</w>
  <w>Vi</w>
  <w>behöver</w>
  <w>verkligen</w>
  <w>USA</w>
  <w>,</w>
  <w>det</w>
  <w>krävs</w>
  <w>en</w>
  <w>motvikt</w>
  <w>till</w>
  <w>regimer</w>
  <w>som</w>
  <w>Ryssland</w>
  <w>och</w>
  <w>Kina</w>
  <w>för</w>
  <w>att</w>
  <w>säkerställa</w>
  <w>Europas</w>
  <w>säkerhet</w>
  <w>.</w>
</absapar>
<absapar id=50>
  <w>#</w>
  <w>P</w>
  <w>IMM</w>
  <w>.</w>
  <w>10</w>
  <w>:</w>
  <w>50</w>
  <w>Bo</w>
  <w>A</w>
  <w>:</w>
  <w>Det</w>
  <w>är</w>
  <w>en</w>
  <w>fördel</w>
  <w>just</w>
  <w>nu</w>
  <w>med</w>
  <w>ett</w>
  <w>passivt</w>
  <w>USA</w>
  <w>.</w>
  <w>Det</w>
  <w>stora</w>
  <w>problemet</w>
  <w>är</w>
  <w>att</w>
  <w>EU</w>
  <w>vill</w>
  <w>expandera</w>
  <w>för</w>
  <w>mycket</w>
  <w>.</w>
  <w>Det</w>
  <w>gör</w>
  <w>säkerhetsläget</w>
  <w>osäkert</w>
  <w>.</w>
  <w>Fredsprojektet</w>
  <w>EU</w>
  <w>håller</w>
  <w>på</w>
  <w>att</w>
  <w>haverera</w>
  <w>,</w>
  <w>och</w>
  <w>det</w>
  <w>bästa</w>
  <w>vi</w>
  <w>kan</w>
  <w>göra</w>
  <w>är</w>
  <w>att</w>
  <w>sakta</w>
  <w>dra</w>
  <w>oss</w>
  <w>tillbaka</w>
  <w>och</w>
  <w>fundera</w>
  <w>på</w>
  <w>hur</w>
  <w>vi</w>
  <w>bäst</w>
  <w>hanterar</w>
  <w>hela</w>
  <w>vår</w>
  <w>omvärld</w>
  <w>.</w>
</absapar>
<absapar id=51>
  <w>#</w>
  <w>P</w>
  <w>IMM</w>
  <w>.</w>
  <w>10</w>
  <w>:</w>
  <w>52</w>
  <w>Stefan</w>
  <w>:</w>
  <w>Håller</w>
  <w>fullständigt</w>
  <w>med</w>
  <w>Wisewoman</w>
  <w>.</w>
  <w>Ska</w>
  <w>vi</w>
  <w>överhuvud-taget</w>
  <w>ha</w>
  <w>ett</w>
  <w>försvar</w>
  <w>,</w>
  <w>borde</w>
  <w>vi</w>
  <w>satsa</w>
  <w>på</w>
  <w>ett</w>
  <w>gemensamt</w>
  <w>nordiskt</w>
  <w>som</w>
  <w>utgår</w>
  <w>från</w>
  <w>de</w>
  <w>värderingar</w>
  <w>vi</w>
  <w>har</w>
  <w>här</w>
  <w>.</w>
  <w>Vi</w>
  <w>ska</w>
  <w>inte</w>
  <w>vara</w>
  <w>beroende</w>
  <w>av</w>
  <w>befintliga</w>
  <w>stormakter</w>
  <w>.</w>
</absapar>
<absapar id=52>
  <w>#</w>
  <w>P</w>
  <w>IMM</w>
  <w>.</w>
  <w>10</w>
  <w>:</w>
  <w>52</w>
  <absaspan id=58>
    <w>Lennart</w>
    <w>Bengtsson</w>
  </absaspan>
  <w>:</w>
  <absaspan id=59>
    <w>USA</w>
    <w>och</w>
    <w>Storbritannien</w>
  </absaspan>
  <w>har</w>
  <w>räddat</w>
  <w>Europa</w>
  <w>i</w>
  <w>två</w>
  <w>världskrig</w>
  <w>,</w>
  <w>ett</w>
  <w>kallt</w>
  <w>och</w>
  <absaspan id=60 senti=4>
    <w>håller</w>
    <w>islamofaschismen</w>
    <w>stången</w>
  </absaspan>
  <w>!</w>
  <w>Utan</w>
  <w>USA</w>
  <w>och</w>
  <w>NATO</w>
  <w>står</w>
  <w>vi</w>
  <w>oss</w>
  <w>slätt</w>
  <w>.</w>
  <w>EU</w>
  <w>har</w>
  <w>inte</w>
  <w>den</w>
  <w>enighet</w>
  <w>och</w>
  <w>militära</w>
  <w>kraft</w>
  <w>som</w>
  <w>krävs</w>
  <w>för</w>
  <w>att</w>
  <w>markera</w>
  <w>mot</w>
  <w>den</w>
  <w>aggression</w>
  <w>och</w>
  <w>"</w>
  <w>Lebens</w>
  <w>raum</w>
  <w>"</w>
  <w>politik</w>
  <w>vi</w>
  <w>ser</w>
  <w>idag</w>
  <w>från</w>
  <w>Ryssland</w>
  <w>.</w>
</absapar>
<absapar id=53>
  <w>#</w>
  <w>P</w>
  <w>IMM</w>
  <w>.</w>
  <w>10</w>
  <w>:</w>
  <w>54</w>
  <w>Joel</w>
  <w>:</w>
  <w>Andreas</w>
  <w>,</w>
  <w>Sverige</w>
  <w>kanske</w>
  <w>inte</w>
  <w>har</w>
  <w>ett</w>
  <w>uttalat</w>
  <w>hot</w>
  <w>mot</w>
  <w>sig</w>
  <w>.</w>
  <w>Men</w>
  <w>vi</w>
  <w>kommer</w>
  <w>dras</w>
  <w>in</w>
  <w>om</w>
  <w>baltländerna</w>
  <w>attackeras</w>
  <w>.</w>
  <w>Sverige</w>
  <w>har</w>
  <w>en</w>
  <w>stor</w>
  <w>del</w>
  <w>av</w>
  <w>Östersjön</w>
  <w>som</w>
  <w>kommer</w>
  <w>bli</w>
  <w>en</w>
  <w>militär</w>
  <w>arena</w>
  <w>,</w>
  <w>där</w>
  <w>Gotland</w>
  <w>är</w>
  <w>en</w>
  <w>enormt</w>
  <w>strategisk</w>
  <w>punkt</w>
  <w>.</w>
  <w>Du</w>
  <w>får</w>
  <w>tänka</w>
  <w>längre</w>
  <w>än</w>
  <w>att</w>
  <w>bara</w>
  <w>avfärda</w>
  <w>ett</w>
  <w>hot</w>
  <w>mot</w>
  <w>Sverige</w>
  <w>!</w>
  <w>.</w>
</absapar>
<absapar id=54>
  <w>#</w>
  <w>P</w>
  <w>IMM</w>
  <w>.</w>
  <w>10</w>
  <w>:</w>
  <w>55</w>
  <w>Carina</w>
  <w>Stensson</w>
  <w>:</w>
  <w>Statsvetaren</w>
  <w>Björn</w>
  <w>Ottosson</w>
  <w>skrev</w>
  <w>i</w>
  <w>veckan</w>
  <w>på</w>
  <w>Brännpunkt</w>
  <w>,</w>
  <w>om</w>
  <w>hur</w>
  <w>Putin</w>
  <w>gör</w>
  <w>för</w>
  <w>att</w>
  <w>manövrera</w>
  <w>ut</w>
  <w>Obama</w>
  <w>,</w>
  <w>intressant</w>
  <w>analys</w>
  <w>,</w>
  <w>här</w>
  <w>är</w>
  <w>länk</w>
  <w>för</w>
  <w>den</w>
  <w>som</w>
  <w>missat</w>
  <w>:</w>
  <w>http</w>
  <w>:</w>
  <w>/</w>
  <w>/</w>
  <w>bit.ly</w>
  <w>/</w>
  <w>1i1ymKx</w>
  <w>.</w>
</absapar>
<absapar id=55>
  <w>#</w>
  <w>P</w>
  <w>IMM</w>
  <w>.</w>
  <w>10</w>
  <w>:</w>
  <w>56</w>
  <absaspan id=61>
    <w>Andreas</w>
  </absaspan>
  <w>:</w>
  <absaspan id=62>
    <w>USA</w>
  </absaspan>
  <w>är</w>
  <w>ingen</w>
  <w>garant</w>
  <w>för</w>
  <w>vår</w>
  <w>frihet</w>
  <w>.</w>
  <w>Istället</w>
  <absaspan id=63 senti=2>
    <w>ställer</w>
    <w>deras</w>
    <w>spionage</w>
    <w>och</w>
    <w>krigföring</w>
    <w>och</w>
    <w>intrigmakande</w>
    <w>till</w>
    <w>det</w>
    <w>för</w>
    <w>oss</w>
  </absaspan>
  <w>.</w>
  <w>Vi</w>
  <w>i</w>
  <w>Europa</w>
  <w>tar</w>
  <w>emot</w>
  <w>mängder</w>
  <w>av</w>
  <w>flyktingar</w>
  <w>från</w>
  <w>krishärdar</w>
  <w>som</w>
  <w>USA</w>
  <w>väldigt</w>
  <w>ofta</w>
  <w>är</w>
  <w>inblandade</w>
  <w>i</w>
  <w>.</w>
</absapar>
<absapar id=56>
  <w>#</w>
  <w>P</w>
  <w>IMM</w>
  <w>.</w>
  <w>10</w>
  <w>:</w>
  <w>59</w>
  <w>Joel</w>
  <w>:</w>
  <w>Andreas</w>
  <w>,</w>
  <w>NATO</w>
  <w>är</w>
  <w>visst</w>
  <w>det</w>
  <w>en</w>
  <w>lösning</w>
  <w>på</w>
  <w>problemet</w>
  <w>.</w>
  <w>En</w>
  <w>försvarsalliansen</w>
  <w>som</w>
  <w>kan</w>
  <w>balansera</w>
  <w>mot</w>
  <w>Rysslands</w>
  <w>upprustning</w>
  <w>.</w>
</absapar>
<absapar id=57>
  <w>#</w>
  <w>P</w>
  <w>IMM</w>
  <w>.</w>
  <w>10</w>
  <w>:</w>
  <w>59</w>
  <w>Göran</w>
  <w>P</w>
  <w>:</w>
  <w>@</w>
  <w>Stefan</w>
  <w>,</w>
  <w>Wisewoman</w>
  <w>Ett</w>
  <w>gemensamt</w>
  <w>nordiskt</w>
  <w>försvar</w>
  <w>är</w>
  <w>orealistiskt</w>
  <w>eftersom</w>
  <w>NATO</w>
  <w>medlemmarna</w>
  <w>Danmark</w>
  <w>och</w>
  <w>Norge</w>
  <w>är</w>
  <w>fullständigt</w>
  <w>ointresserade</w>
  <w>.</w>
  <w>Alltså</w>
  <w>återstår</w>
  <w>endast</w>
  <w>att</w>
  <w>stå</w>
  <w>själva</w>
  <w>eventuellt</w>
  <w>tillsammans</w>
  <w>med</w>
  <w>Finland</w>
  <w>eller</w>
  <w>gp</w>
  <w>med</w>
  <w>i</w>
  <w>NATO</w>
  <w>.</w>
  <w>Det</w>
  <w>är</w>
  <w>de</w>
  <w>två</w>
  <w>alternativ</w>
  <w>som</w>
  <w>finns</w>
  <w>.</w>
</absapar>
<absapar id=58>
  <w>#</w>
  <w>P</w>
  <w>IMM</w>
  <w>.</w>
  <w>11</w>
  <w>:</w>
  <w>00</w>
  <absaspan id=64>
    <w>erwo</w>
  </absaspan>
  <w>:</w>
  <w>Har</w>
  <w>bott</w>
  <w>i</w>
  <absaspan id=65>
    <w>USA</w>
  </absaspan>
  <w>,</w>
  <absaspan id=66 senti=4>
    <w>har</w>
    <w>alltid</w>
    <w>älskat</w>
    <w>landet</w>
    <w>och</w>
    <w>människorna</w>
  </absaspan>
  <w>men</w>
  <absaspan id=67 senti=2>
    <w>tar</w>
    <w>alltmer</w>
    <w>avstånd</w>
    <w>från</w>
  </absaspan>
  <absaspan id=68>
    <w>den</w>
    <w>amerikanska</w>
    <w>politiken</w>
  </absaspan>
  <w>.</w>
  <absaspan id=69>
    <w>Obama</w>
  </absaspan>
  <absaspan id=70 senti=2>
    <w>är</w>
    <w>en</w>
    <w>pratsjuk</w>
    <w>PRgubbe</w>
  </absaspan>
  <w>.</w>
  <absaspan id=71>
    <w>Hans</w>
    <w>regering</w>
  </absaspan>
  <absaspan id=72 senti=2>
    <w>har</w>
    <w>ställt</w>
    <w>till</w>
    <w>med</w>
    <w>ett</w>
    <w>elände</w>
    <w>på</w>
    <w>hemmaplan</w>
    <w>och</w>
    <w>på</w>
    <w>bortaplan</w>
  </absaspan>
  <w>.</w>
  <w>Jag</w>
  <w>säger</w>
  <w>bara</w>
  <w>NSAspioneriet</w>
  <w>,</w>
  <w>Snowdenförföljelsen</w>
  <w>,</w>
  <w>interventionen</w>
  <w>i</w>
  <w>den</w>
  <w>s</w>
  <w>k</w>
  <w>"</w>
  <w>arabiska</w>
  <w>våren</w>
  <w>"</w>
  <w>,</w>
  <w>framförallt</w>
  <w>i</w>
  <w>Syrien</w>
  <w>där</w>
  <w>man</w>
  <w>inte</w>
  <w>drog</w>
  <w>sig</w>
  <w>för</w>
  <w>att</w>
  <w>gå</w>
  <w>ihop</w>
  <w>med</w>
  <w>Al</w>
  <w>Qaida</w>
  <w>.</w>
  <w>och</w>
  <w>nu</w>
  <w>Ukraina</w>
  <w>,</w>
  <w>där</w>
  <w>man</w>
  <w>inte</w>
  <w>drar</w>
  <w>sig</w>
  <w>för</w>
  <w>Svoboda</w>
  <w>.</w>
  <w>Man</w>
  <w>vill</w>
  <w>försvaga</w>
  <w>för</w>
  <w>att</w>
  <w>skaffa</w>
  <w>makt</w>
  <w>och</w>
  <w>drar</w>
  <w>sig</w>
  <w>inte</w>
  <w>för</w>
  <w>att</w>
  <w>provocera</w>
  <w>fram</w>
  <w>krigsliknande</w>
  <w>tillstånd</w>
  <w>.</w>
  <w>Det</w>
  <absaspan id=73 senti=2>
    <w>är</w>
    <w>obehagligt</w>
  </absaspan>
  <absaspan id=74>
    <w>.</w>
  </absaspan>
  <w>Det</w>
  <w>blir</w>
  <w>också</w>
  <w>alltmer</w>
  <w>tydligt</w>
  <w>att</w>
  <w>det</w>
  <w>finns</w>
  <w>starka</w>
  <w>makter</w>
  <w>ovanför</w>
  <w>politikerlakejerna</w>
  <w>som</w>
  <w>drar</w>
  <w>i</w>
  <w>trådarna</w>
  <w>.</w>
  <absaspan id=75>
    <w>Jag</w>
  </absaspan>
  <w>säger</w>
  <w>bara</w>
  <w>,</w>
  <absaspan id=76 senti=5>
    <w>tack</w>
    <w>gode</w>
    <w>gud</w>
  </absaspan>
  <w>för</w>
  <w>att</w>
  <absaspan id=77>
    <w>Internet</w>
  </absaspan>
  <w>finns</w>
  <w>,</w>
  <w>där</w>
  <w>vi</w>
  <w>utanför</w>
  <w>media</w>
  <w>kan</w>
  <w>hitta</w>
  <w>material</w>
  <w>utan</w>
  <w>att</w>
  <w>bli</w>
  <w>styrda</w>
  <w>i</w>
  <w>en</w>
  <w>riktning</w>
  <w>av</w>
  <w>vanlig</w>
  <w>media</w>
  <w>.</w>
</absapar>
<absapar id=59>
  <w>#</w>
  <w>P</w>
  <w>IMM</w>
  <w>.</w>
  <w>11</w>
  <w>:</w>
  <w>03</w>
  <w>David</w>
  <w>:</w>
  <w>Nej</w>
  <w>.</w>
  <w>Det</w>
  <w>vi</w>
  <w>behöver</w>
  <w>är</w>
  <w>ett</w>
  <w>fredligt</w>
  <w>USA</w>
  <w>som</w>
  <w>går</w>
  <w>att</w>
  <w>lita</w>
  <w>på</w>
  <w>.</w>
  <w>Inte</w>
  <w>som</w>
  <w>i</w>
  <w>dag</w>
  <w>då</w>
  <w>de</w>
  <w>startar</w>
  <w>krig</w>
  <w>,</w>
  <w>proxy</w>
  <w>krig</w>
  <w>,</w>
  <w>krigshetsar</w>
  <w>,</w>
  <w>spionerar</w>
  <w>,</w>
  <w>intrigerar</w>
  <w>och</w>
  <w>skapar</w>
  <w>oroligheter</w>
  <w>som</w>
  <w>drabbar</w>
  <w>oss</w>
  <w>.</w>
  <w>Sveriges</w>
  <w>enda</w>
  <w>självmordsbombare</w>
  <w>är</w>
  <w>ett</w>
  <w>direkt</w>
  <w>resultat</w>
  <w>av</w>
  <w>detta</w>
  <w>.</w>
</absapar>
<absapar id=60>
  <w>#</w>
  <w>P</w>
  <w>IMM</w>
  <w>.</w>
  <w>11</w>
  <w>:</w>
  <w>03</w>
  <w>Carina</w>
  <w>Stensson</w>
  <w>:</w>
  <w>Vi</w>
  <w>tar</w>
  <w>några</w>
  <w>inlägg</w>
  <w>till</w>
  <w>i</w>
  <w>diskussionen</w>
  <w>,</w>
  <w>som</w>
  <w>är</w>
  <w>på</w>
  <w>väg</w>
  <w>mot</w>
  <w>sitt</w>
  <w>slut</w>
  <w>för</w>
  <w>dagen</w>
  <w>.</w>
</absapar>
<absapar id=61>
  <w>#</w>
  <w>P</w>
  <w>IMM</w>
  <w>.</w>
  <w>11</w>
  <w>:</w>
  <w>03</w>
  <w>Linus</w>
  <w>:</w>
  <w>Europa</w>
  <w>behöver</w>
  <w>stå</w>
  <w>på</w>
  <w>egna</w>
  <w>ben</w>
  <w>.</w>
  <w>Hade</w>
  <w>vi</w>
  <w>haft</w>
  <w>ett</w>
  <w>självständigt</w>
  <w>Europa</w>
  <w>hade</w>
  <w>denna</w>
  <w>kris</w>
  <w>inte</w>
  <w>existerat</w>
  <w>.</w>
  <w>Man</w>
  <w>hade</w>
  <w>inkorporerat</w>
  <w>Ryssland</w>
  <w>(</w>
  <w>som</w>
  <w>också</w>
  <w>är</w>
  <w>Europa</w>
  <w>)</w>
  <w>och</w>
  <w>skippat</w>
  <w>amerikanernas</w>
  <w>antagonistiska</w>
  <w>retorik</w>
  <w>mot</w>
  <w>ryssarna</w>
  <w>.</w>
  <w>Men</w>
  <w>jag</w>
  <w>anser</w>
  <w>att</w>
  <w>hela</w>
  <w>EU</w>
  <w>är</w>
  <w>en</w>
  <w>amerikansk</w>
  <w>koloni</w>
  <w>,</w>
  <w>till</w>
  <w>De</w>
  <w>Gaulle's</w>
  <w>fasa</w>
  <w>.</w>
</absapar>
<absapar id=62>
  <w>#</w>
  <w>P</w>
  <w>IMM</w>
  <w>.</w>
  <w>11</w>
  <w>:</w>
  <w>05</w>
  <w>Johannes</w>
  <w>:</w>
  <w>Världen</w>
  <w>behöver</w>
  <w>ett</w>
  <w>starkt</w>
  <w>USA</w>
  <w>och</w>
  <w>Nato</w>
  <w>.</w>
  <w>Sverige</w>
  <w>borde</w>
  <w>gå</w>
  <w>med</w>
  <w>i</w>
  <w>Nato</w>
  <w>,</w>
  <w>särskilt</w>
  <w>nu</w>
  <w>när</w>
  <w>vi</w>
  <w>bara</w>
  <w>har</w>
  <w>yrkesmilitärer</w>
  <w>.</w>
</absapar>
<absapar id=63>
  <w>#</w>
  <w>P</w>
  <w>IMM</w>
  <w>.</w>
  <w>11</w>
  <w>:</w>
  <w>05</w>
  <absaspan id=78>
    <w>Henrik</w>
  </absaspan>
  <w>:</w>
  <absaspan id=79 senti=1>
    <w>USA</w>
    <w>:</w>
    <w>s</w>
    <w>giriga</w>
  </absaspan>
  <absaspan id=80>
    <w>banksters</w>
  </absaspan>
  <w>är</w>
  <w>ju</w>
  <w>mer</w>
  <w>eller</w>
  <w>mindre</w>
  <w>roten</w>
  <w>till</w>
  <w>krisen</w>
  <w>som</w>
  <w>varit</w>
  <w>i</w>
  <w>världen</w>
  <w>sedan</w>
  <w>2008</w>
  <w>.</w>
  <w>Med</w>
  <w>Wall</w>
  <w>Streets</w>
  <w>"</w>
  <w>Credit</w>
  <w>Default</w>
  <w>Swops</w>
  <w>"</w>
  <w>.</w>
  <w>Samt</w>
  <w>USA</w>
  <w>har</w>
  <w>petat</w>
  <w>i</w>
  <w>världens</w>
  <w>konflikter</w>
  <w>ända</w>
  <w>sedan</w>
  <w>slutet</w>
  <w>av</w>
  <w>vietnamkriget</w>
  <w>.</w>
  <w>Deras</w>
  <w>hjältegloria</w>
  <w>från</w>
  <w>slutet</w>
  <w>av</w>
  <w>WWII</w>
  <w>och</w>
  <w>Koreakriget</w>
  <w>har</w>
  <w>sedan</w>
  <w>länge</w>
  <w>hamnat</w>
  <w>på</w>
  <w>sniskan</w>
  <w>.</w>
  <absaspan id=81>
    <w>Amerika</w>
  </absaspan>
  <absaspan id=82 senti=2>
    <w>är</w>
    <w>inte</w>
    <w>längre</w>
    <w>en</w>
    <w>förebild</w>
  </absaspan>
  <w>.</w>
  <w>Pengarna</w>
  <w>och</w>
  <w>lobbyisterna</w>
  <w>styr</w>
  <w>särintressen</w>
  <w>i</w>
  <w>Washington</w>
  <w>.</w>
  <w>Sverige</w>
  <w>har</w>
  <w>inte</w>
  <w>råd</w>
  <w>med</w>
  <w>Nato</w>
  <w>,</w>
  <w>så</w>
  <w>glöm</w>
  <w>det</w>
  <w>.</w>
</absapar>
<absapar id=64>
  <w>#</w>
  <w>P</w>
  <w>IMM</w>
  <w>.</w>
  <w>11</w>
  <w>:</w>
  <w>09</w>
  <w>Wisewoman</w>
  <w>:</w>
  <w>Ja</w>
  <w>,</w>
  <w>Göran</w>
  <w>,</w>
  <w>jag</w>
  <w>är</w>
  <w>medveten</w>
  <w>om</w>
  <w>Danmarks</w>
  <w>och</w>
  <w>Norges</w>
  <w>nuvarande</w>
  <w>inställning</w>
  <w>.</w>
  <w>(</w>
  <w>En</w>
  <w>sanning</w>
  <w>med</w>
  <w>modifikation</w>
  <w>,</w>
  <w>dock</w>
  <w>.</w>
  <w>)</w>
  <w>Realism</w>
  <w>i</w>
  <w>denna</w>
  <w>debattsträng</w>
  <w>?</w>
  <w>Njaa</w>
  <w>.</w>
  <w>.</w>
  <w>.</w>
</absapar>
<absapar id=65>
  <w>#</w>
  <w>P</w>
  <w>IMM</w>
  <w>.</w>
  <w>11</w>
  <w>:</w>
  <w>09</w>
  <w>Peter</w>
  <w>:</w>
  <w>Om</w>
  <w>vi</w>
  <w>behöver</w>
  <w>USA</w>
  <w>?</w>
  <w>Det</w>
  <w>är</w>
  <w>en</w>
  <w>evig</w>
  <w>fråga</w>
  <w>för</w>
  <w>Sverige</w>
  <w>efter</w>
  <w>andra</w>
  <w>världskriget</w>
  <w>och</w>
  <w>särskild</w>
  <w>när</w>
  <w>Sverige</w>
  <w>är</w>
  <w>"</w>
  <w>neutral</w>
  <w>"</w>
  <w>i</w>
  <w>många</w>
  <w>frågor</w>
  <w>.</w>
  <w>Det</w>
  <w>blir</w>
  <w>svårare</w>
  <w>att</w>
  <w>göra</w>
  <w>ifall</w>
  <w>dagens</w>
  <w>"</w>
  <w>bombnyhet</w>
  <w>"</w>
  <w>stämmer</w>
  <w>:</w>
  <w>http</w>
  <w>:</w>
  <w>/</w>
  <w>/</w>
  <w>www.theguardian.com</w>
  <w>/</w>
  <w>world</w>
  <w>/</w>
  <w>2014</w>
  <w>/</w>
  <w>mar</w>
  <w>/</w>
  <w>05</w>
  <w>/</w>
  <w>ukraine-bugged-call-catherine-ashton-urmas-paet</w>
  <w>.</w>
</absapar>
<absapar id=66>
  <w>#</w>
  <w>P</w>
  <w>IMM</w>
  <w>.</w>
  <w>11</w>
  <w>:</w>
  <w>09</w>
  <w>Per</w>
  <w>:</w>
  <w>Om</w>
  <w>vi</w>
  <w>ska</w>
  <w>vara</w>
  <w>neutrala</w>
  <w>måste</w>
  <w>vi</w>
  <w>ha</w>
  <w>ett</w>
  <w>starkt</w>
  <w>försvar</w>
  <w>med</w>
  <w>huvuduppgift</w>
  <w>att</w>
  <w>försvara</w>
  <w>landet</w>
  <w>.</w>
  <w>Det</w>
  <w>kan</w>
  <w>gärna</w>
  <w>ske</w>
  <w>i</w>
  <w>samarbete</w>
  <w>med</w>
  <w>NATO</w>
  <w>och</w>
  <w>Norden</w>
  <w>,</w>
  <w>men</w>
  <w>vi</w>
  <w>bör</w>
  <w>inte</w>
  <w>och</w>
  <w>kan</w>
  <w>inte</w>
  <w>förlita</w>
  <w>oss</w>
  <w>på</w>
  <w>hjälp</w>
  <w>utifrån</w>
  <w>.</w>
  <w>För</w>
  <w>att</w>
  <w>bibehålla</w>
  <w>frihet</w>
  <w>och</w>
  <w>självbestämmande</w>
  <w>bör</w>
  <w>vi</w>
  <w>ha</w>
  <w>ett</w>
  <w>eget</w>
  <w>starkt</w>
  <w>försvar</w>
  <w>,</w>
  <w>med</w>
  <w>inslag</w>
  <w>av</w>
  <w>värnpliktiga</w>
  <w>.</w>
  <w>Gotland</w>
  <w>måste</w>
  <w>befästas</w>
  <w>.</w>
  <w>Om</w>
  <w>man</w>
  <w>tittar</w>
  <w>på</w>
  <w>kartan</w>
  <w>inser</w>
  <w>ett</w>
  <w>barn</w>
  <w>att</w>
  <w>Gotland</w>
  <w>är</w>
  <w>Östersjöns</w>
  <w>mest</w>
  <w>strategiska</w>
  <w>plats</w>
  <w>!</w>
  <w>.</w>
</absapar>
<absapar id=67>
  <w>#</w>
  <w>P</w>
  <w>IMM</w>
  <w>.</w>
  <w>11</w>
  <w>:</w>
  <w>10</w>
  <w>Carina</w>
  <w>Stensson</w>
  <w>:</w>
  <w>Jag</w>
  <w>tackar</w>
  <w>för</w>
  <w>alla</w>
  <w>inlägg</w>
  <w>i</w>
  <w>dagens</w>
  <w>USA-diskussion</w>
  <w>!</w>
  <w>För</w>
  <w>att</w>
  <w>hänga</w>
  <w>med</w>
  <w>i</w>
  <w>den</w>
  <w>mest</w>
  <w>nyhetsaktuella</w>
  <w>och</w>
  <w>intressanta</w>
  <w>debatten</w>
  <w>i</w>
  <w>svenska</w>
  <w>medier</w>
  <w>:</w>
  <w>följ</w>
  <w>oss</w>
  <w>på</w>
  <w>Twitter</w>
  <w>,</w>
  <w>Facebook</w>
  <w>och</w>
  <w>www.svd.se</w>
  <w>/</w>
  <w>opinion</w>
  <w>.</w>
</absapar>
<absapar id=68>
  <w>Redaktör</w>
  <w>:</w>
  <w>Carina</w>
  <w>Stensson</w>
  <w>,</w>
  <w>Biträdande</w>
  <w>redaktör</w>
  <w>:</w>
  <w>Björn</w>
  <w>Jorner</w>
  <w>,</w>
  <w>Mejl</w>
  <w>:</w>
  <w>debatt</w>
  <w>@</w>
  <w>svd.se</w>
  <w>,</w>
  <w>Telefonnummer</w>
  <w>:</w>
  <w>08</w>
  <w>-</w>
  <w>135149</w>
  <w>,</w>
  <w>Twitter</w>
  <w>:</w>
  <w>@</w>
  <w>SvDDebatt</w>
  <w>,</w>
  <w>Facebook</w>
  <w>:</w>
  <w>SvD</w>
  <w>Debatt</w>
  <w>.</w>
</absapar>
</absadoc>
