<absadoc annotators=1 senti=>
<absatitle>
  <w>Så</w>
  <w>kan</w>
  <w>Stefan</w>
  <w>Löfven</w>
  <w>ta</w>
  <w>initiativet</w>
  <w>i</w>
  <w>sitt</w>
  <w>1</w>
  <w>maj-tal</w>
  <w>.</w>
</absatitle>
<absapar id=1>
  <w>När</w>
  <absaspan id=1>
    <w>Stefan</w>
    <w>Löfven</w>
  </absaspan>
  <absaspan id=2 senti=4>
    <w>talar</w>
    <w>sig</w>
    <w>varm</w>
    <w>för</w>
  </absaspan>
  <absaspan id=3>
    <w>en</w>
    <w>aktiv</w>
    <w>näringspolitik</w>
  </absaspan>
  <w>hakar</w>
  <w>han</w>
  <w>på</w>
  <absaspan id=4>
    <w>en</w>
    <w>dold</w>
    <w>revolution</w>
  </absaspan>
  <w>som</w>
  <w>håller</w>
  <w>på</w>
  <w>att</w>
  <absaspan id=5 senti=2>
    <w>vända</w>
    <w>världen</w>
    <w>ut</w>
    <w>och</w>
    <w>in</w>
  </absaspan>
  <w>.</w>
  <w>Den</w>
  <w>borde</w>
  <w>han</w>
  <w>tala</w>
  <w>om</w>
  <w>i</w>
  <w>sitt</w>
  <w>1</w>
  <w>maj-tal</w>
  <w>,</w>
  <w>och</w>
  <w>följa</w>
  <w>upp</w>
  <w>de</w>
  <absaspan id=6 senti=5 irony>
    <w>vackra</w>
  </absaspan>
  <absaspan id=7>
    <w>orden</w>
  </absaspan>
  <w>med</w>
  <w>konkreta</w>
  <w>förslag</w>
  <w>.</w>
</absapar>
<absapar id=2>
  <w>Varför</w>
  <w>växer</w>
  <w>många</w>
  <w>fattiga</w>
  <w>länder</w>
  <w>så</w>
  <w>det</w>
  <w>knakar</w>
  <w>,</w>
  <w>medan</w>
  <w>de</w>
  <w>rika</w>
  <w>ekonomierna</w>
  <w>hackar</w>
  <w>?</w>
  <w>Varför</w>
  <w>har</w>
  <w>världsfattigdomen</w>
  <w>halverats</w>
  <w>sedan</w>
  <w>1990</w>
  <w>,</w>
  <w>trots</w>
  <w>att</w>
  <w>forskare</w>
  <w>är</w>
  <w>ganska</w>
  <w>eniga</w>
  <w>om</w>
  <w>att</w>
  <absaspan id=8>
    <w>det</w>
    <w>statliga</w>
    <w>biståndet</w>
  </absaspan>
  <absaspan id=9 senti=2>
    <w>knappt</w>
    <w>har</w>
    <w>gjort</w>
    <w>skillnad</w>
  </absaspan>
  <w>?</w>
  <w>Och</w>
  <w>trots</w>
  <w>att</w>
  <absaspan id=10>
    <w>de</w>
    <w>flesta</w>
    <w>av</w>
    <w>snabbväxande</w>
    <w>länder</w>
  </absaspan>
  <absaspan id=11 senti=2>
    <w>beskrivs</w>
    <w>som</w>
    <w>korrupta</w>
  </absaspan>
  <w>,</w>
  <w>tyngda</w>
  <w>av</w>
  <absaspan id=12 senti=2>
    <w>ineffektiva</w>
  </absaspan>
  <absaspan id=13>
    <w>byråkratier</w>
  </absaspan>
  <w>,</w>
  <w>och</w>
  <w>med</w>
  <w>demokratiska</w>
  <w>underskott</w>
  <w>?</w>
  <absaspan id=14>
    <w>.</w>
  </absaspan>
</absapar>
<absapar id=3>
  <w>Nu</w>
  <w>finns</w>
  <w>ett</w>
  <w>tydligt</w>
  <w>svar</w>
  <w>,</w>
  <w>som</w>
  <w>föga</w>
  <w>uppmärksammas</w>
  <w>i</w>
  <w>väst</w>
  <absaspan id=15 senti=2>
    <w>.</w>
  </absaspan>
  <w>Trots</w>
  <w>bristerna</w>
  <w>sker</w>
  <w>en</w>
  <w>dramatisk</w>
  <w>förbättring</w>
  <w>av</w>
  <w>företagsklimatet</w>
  <w>i</w>
  <w>de</w>
  <w>flesta</w>
  <w>av</w>
  <w>världens</w>
  <w>länder</w>
  <w>.</w>
  <w>Alla</w>
  <w>länder</w>
  <w>som</w>
  <w>beskrivs</w>
  <w>som</w>
  <w>”</w>
  <w>tigerekonomier</w>
  <w>”</w>
  <w>,</w>
  <w>såsom</w>
  <w>Kina</w>
  <w>,</w>
  <w>Sydkorea</w>
  <w>eller</w>
  <w>Indien</w>
  <w>har</w>
  <w>först</w>
  <w>vässat</w>
  <w>sitt</w>
  <w>företagsklimat</w>
  <w>,</w>
  <w>och</w>
  <w>därefter</w>
  <absaspan id=16 senti=5>
    <w>belönats</w>
    <w>med</w>
  </absaspan>
  <absaspan id=17>
    <w>tillväxt</w>
  </absaspan>
  <w>.</w>
  <w>Sambandet</w>
  <w>har</w>
  <absaspan id=18 senti=4>
    <w>övertygande</w>
  </absaspan>
  <absaspan id=19>
    <w>klarlagts</w>
    <w>i</w>
    <w>forskningslitteraturen</w>
  </absaspan>
  <w>.</w>
</absapar>
<absapar id=4>
  <w>Under</w>
  <w>senare</w>
  <w>år</w>
  <w>har</w>
  <w>förbättringen</w>
  <w>varit</w>
  <w>störst</w>
  <w>i</w>
  <w>östeuropeiska</w>
  <w>och</w>
  <w>centralasiatiska</w>
  <w>länder</w>
  <w>,</w>
  <w>enligt</w>
  <w>Världsbanken</w>
  <w>,</w>
  <w>som</w>
  <w>mäter</w>
  <w>företagsklimatet</w>
  <w>i</w>
  <w>detalj</w>
  <w>.</w>
  <w>Där</w>
  <w>ökar</w>
  <w>också</w>
  <w>inkomster</w>
  <w>mest</w>
  <w>.</w>
</absapar>
<absapar id=5>
  <w>Vi</w>
  <w>uppmärksammar</w>
  <w>knappt</w>
  <w>att</w>
  <w>företag</w>
  <w>växer</w>
  <w>fram</w>
  <w>i</w>
  <w>länder</w>
  <w>som</w>
  <w>om</w>
  <w>tio</w>
  <w>år</w>
  <w>kommer</w>
  <w>att</w>
  <w>vara</w>
  <absaspan id=20 senti=4>
    <w>vassa</w>
  </absaspan>
  <absaspan id=21>
    <w>konkurrenter</w>
  </absaspan>
  <w>på</w>
  <w>världsmarknaden</w>
  <w>.</w>
</absapar>
<absapar id=6>
  <w>Ett</w>
  <absaspan id=22 senti=4>
    <w>hypermodernt</w>
  </absaspan>
  <absaspan id=23>
    <w>skattesystem</w>
  </absaspan>
  <w>är</w>
  <w>till</w>
  <w>exempel</w>
  <w>en</w>
  <w>viktig</w>
  <w>anledning</w>
  <w>till</w>
  <w>att</w>
  <absaspan id=24>
    <w>Azerbajdzjan</w>
  </absaspan>
  <w>,</w>
  <w>som</w>
  <w>dock</w>
  <w>i</w>
  <w>praktiken</w>
  <w>fortfarande</w>
  <w>är</w>
  <w>en</w>
  <w>diktatur</w>
  <w>,</w>
  <absaspan id=25 senti=5>
    <w>rankas</w>
    <w>som</w>
    <w>ett</w>
    <w>av</w>
    <w>världens</w>
    <w>mest</w>
    <w>snabbrörliga</w>
    <w>länder</w>
  </absaspan>
  <absaspan id=26>
    <w>.</w>
  </absaspan>
  <w>Företagare</w>
  <w>kan</w>
  <absaspan id=27 senti=4>
    <w>enkelt</w>
  </absaspan>
  <absaspan id=28>
    <w>deklarera</w>
    <w>på</w>
    <w>nätet</w>
  </absaspan>
  <w>.</w>
  <absaspan id=29>
    <w>Korrupta</w>
    <w>skattehandläggare</w>
  </absaspan>
  <absaspan id=30 senti=2>
    <w>är</w>
    <w>bortkopplade</w>
  </absaspan>
  <w>.</w>
  <w>Antalet</w>
  <w>timmar</w>
  <w>som</w>
  <w>företagare</w>
  <w>i</w>
  <w>Azerbajdzjan</w>
  <w>behöver</w>
  <w>spendera</w>
  <w>på</w>
  <w>att</w>
  <w>hantera</w>
  <absaspan id=31 senti=2>
    <w>skattebyråkratin</w>
  </absaspan>
  <w>har</w>
  <w>minskat</w>
  <w>med</w>
  <w>två</w>
  <w>tredjedelar</w>
  <w>.</w>
  <w>För</w>
  <w>företagare</w>
  <w>har</w>
  <w>det</w>
  <w>rentav</w>
  <w>blivit</w>
  <w>enklare</w>
  <w>att</w>
  <w>deklarera</w>
  <w>än</w>
  <w>i</w>
  <w>Sverige</w>
  <w>.</w>
</absapar>
<absapar id=7>
  <absaspan id=32 senti=2>
    <w>Till</w>
    <w>och</w>
    <w>med</w>
  </absaspan>
  <w>i</w>
  <absaspan id=33>
    <w>Afrika</w>
  </absaspan>
  <w>lyckas</w>
  <w>många</w>
  <w>länder</w>
  <w>rycka</w>
  <w>upp</w>
  <w>företagsklimatet</w>
  <w>.</w>
  <w>I</w>
  <w>Rwanda</w>
  <w>har</w>
  <w>det</w>
  <w>blivit</w>
  <w>lätt</w>
  <w>att</w>
  <w>starta</w>
  <w>företag</w>
  <w>eller</w>
  <w>att</w>
  <w>få</w>
  <w>förhandsbesked</w>
  <w>för</w>
  <w>byggärenden</w>
  <w>.</w>
  <w>Ur</w>
  <w>ett</w>
  <w>svenskt</w>
  <w>perspektiv</w>
  <w>är</w>
  <w>rättssystemet</w>
  <w>för</w>
  <w>företag</w>
  <w>intressant</w>
  <w>.</w>
  <w>Det</w>
  <w>har</w>
  <w>införts</w>
  <w>medlingskommittéer</w>
  <w>för</w>
  <w>enklare</w>
  <w>mål</w>
  <w>.</w>
  <w>Näringslivskunniga</w>
  <w>specialdomstolar</w>
  <w>har</w>
  <w>bildats</w>
  <w>.</w>
  <w>Alla</w>
  <w>dokument</w>
  <w>som</w>
  <w>företag</w>
  <w>behöver</w>
  <w>lämna</w>
  <w>till</w>
  <w>myndigheter</w>
  <w>och</w>
  <w>domstolar</w>
  <w>sköts</w>
  <w>elektroniskt</w>
  <w>.</w>
  <w>Komplicerade</w>
  <w>rättsfall</w>
  <w>tar</w>
  <w>nu</w>
  <w>två-tre</w>
  <w>år</w>
  <w>med</w>
  <absaspan id=34 senti=4>
    <w>bättre</w>
  </absaspan>
  <absaspan id=35>
    <w>kvalitet</w>
  </absaspan>
  <w>.</w>
  <w>Tidigare</w>
  <w>tog</w>
  <w>det</w>
  <w>ofta</w>
  <w>fem-tio</w>
  <w>år</w>
  <w>att</w>
  <w>processa</w>
  <w>genom</w>
  <w>rättsväsendet</w>
  <w>,</w>
  <w>vilket</w>
  <w>fortfarande</w>
  <w>är</w>
  <w>ganska</w>
  <w>vanligt</w>
  <w>i</w>
  <w>Sverige</w>
  <w>.</w>
</absapar>
<absapar id=8>
  <w>Även</w>
  <w>i</w>
  <w>den</w>
  <w>rika</w>
  <w>världen</w>
  <w>har</w>
  <w>många</w>
  <w>länder</w>
  <w>förbättrat</w>
  <w>sitt</w>
  <w>företagsklimat</w>
  <w>,</w>
  <w>men</w>
  <w>i</w>
  <w>maka</w>
  <w>takt</w>
  <w>och</w>
  <w>ofta</w>
  <w>enbart</w>
  <w>när</w>
  <w>de</w>
  <w>tvingats</w>
  <w>till</w>
  <w>det</w>
  <w>.</w>
  <w>Sverige</w>
  <w>gjorde</w>
  <w>sina</w>
  <w>största</w>
  <w>förbättringar</w>
  <w>i</w>
  <w>samband</w>
  <w>med</w>
  <w>1990</w>
  <w>-</w>
  <w>talskrisen</w>
  <w>,</w>
  <w>och</w>
  <w>under</w>
  <w>åren</w>
  <w>2006</w>
  <w>-</w>
  <w>2008</w>
  <w>.</w>
</absapar>
<absapar id=9>
  <w>När</w>
  <w>företag</w>
  <w>väljer</w>
  <w>var</w>
  <w>stora</w>
  <w>investeringar</w>
  <w>skall</w>
  <w>ske</w>
  <w>måste</w>
  <w>de</w>
  <w>självklart</w>
  <w>väga</w>
  <w>in</w>
  <w>var</w>
  <w>företagsklimat</w>
  <w>och</w>
  <w>tillväxt</w>
  <w>utvecklas</w>
  <w>bäst</w>
  <w>under</w>
  <w>investeringens</w>
  <w>livstid</w>
  <w>.</w>
  <w>Därför</w>
  <w>har</w>
  <w>det</w>
  <w>varit</w>
  <w>helt</w>
  <w>rationellt</w>
  <w>för</w>
  <w>många</w>
  <w>företag</w>
  <w>att</w>
  <w>investera</w>
  <w>allt</w>
  <w>mer</w>
  <w>i</w>
  <w>olika</w>
  <w>tigerekonomier</w>
  <w>runt</w>
  <w>om</w>
  <w>i</w>
  <w>världen</w>
  <w>.</w>
  <w>Och</w>
  <w>så</w>
  <w>kommer</w>
  <w>det</w>
  <w>att</w>
  <w>fortsätta</w>
  <w>så</w>
  <w>länge</w>
  <w>vi</w>
  <w>är</w>
  <w>nöjda</w>
  <w>med</w>
  <w>att</w>
  <w>det</w>
  <w>går</w>
  <w>bättre</w>
  <w>i</w>
  <w>Sverige</w>
  <w>än</w>
  <w>i</w>
  <w>Grekland</w>
  <w>och</w>
  <w>Italien</w>
  <absaspan id=36 senti=2>
    <w>.</w>
  </absaspan>
</absapar>
<absapar id=10>
  <w>Svenska</w>
  <w>företag</w>
  <w>väljer</w>
  <w>inte</w>
  <w>mellan</w>
  <w>Sverige</w>
  <w>och</w>
  <w>Grekland</w>
  <w>.</w>
  <w>De</w>
  <w>ser</w>
  <w>på</w>
  <w>Sydkorea</w>
  <w>som</w>
  <w>nyss</w>
  <w>avskaffat</w>
  <w>600</w>
  <w>onödiga</w>
  <w>lagar</w>
  <w>och</w>
  <w>3500</w>
  <w>regler</w>
  <w>på</w>
  <w>ett</w>
  <w>bräde</w>
  <w>.</w>
</absapar>
<absapar id=11>
  <w>Och</w>
  <w>så</w>
  <w>jämför</w>
  <w>de</w>
  <w>med</w>
  <w>Sverige</w>
  <w>där</w>
  <w>regelförenkling</w>
  <w>kryper</w>
  <w>fram</w>
  <w>i</w>
  <absaspan id=37 senti=2>
    <w>snigelfart</w>
  </absaspan>
  <w>.</w>
  <w>Där</w>
  <absaspan id=38>
    <w>regeringen</w>
  </absaspan>
  <absaspan id=39 senti=2>
    <w>inte</w>
    <w>förmår</w>
  </absaspan>
  <w>sig</w>
  <absaspan id=40>
    <w>att</w>
    <w>backa</w>
    <w>från</w>
    <w>en</w>
  </absaspan>
  <absaspan id=41 senti=2>
    <w>framhastad</w>
  </absaspan>
  <absaspan id=42>
    <w>omreglering</w>
    <w>av</w>
    <w>fartygsbränsle</w>
    <w>som</w>
    <w>kommer</w>
    <w>att</w>
    <w>kosta</w>
    <w>20</w>
    <w>miljarder</w>
    <w>kronor</w>
    <w>med</w>
  </absaspan>
  <absaspan id=43 senti=2>
    <w>försumbara</w>
  </absaspan>
  <absaspan id=44>
    <w>miljövinster</w>
  </absaspan>
  <w>.</w>
  <w>Där</w>
  <w>även</w>
  <w>investeringar</w>
  <w>i</w>
  <w>miljöförbättrande</w>
  <w>åtgärder</w>
  <w>får</w>
  <w>vänta</w>
  <w>i</w>
  <w>snitt</w>
  <w>fyra</w>
  <w>år</w>
  <w>på</w>
  <w>tillstånd</w>
  <w>.</w>
  <w>Där</w>
  <w>teleoperatörer</w>
  <w>sedan</w>
  <w>flera</w>
  <w>år</w>
  <w>vill</w>
  <w>investera</w>
  <w>miljarder</w>
  <w>men</w>
  <w>stoppas</w>
  <w>av</w>
  <w>att</w>
  <w>prisregleringsfrågan</w>
  <w>har</w>
  <w>gått</w>
  <w>i</w>
  <w>stå</w>
  <w>.</w>
  <w>För</w>
  <w>att</w>
  <w>nämna</w>
  <w>bara</w>
  <w>några</w>
  <w>exempel</w>
  <absaspan id=45 senti=2>
    <w>.</w>
  </absaspan>
</absapar>
<absapar id=12>
  <w>I</w>
  <w>sitt</w>
  <w>1</w>
  <w>maj-tal</w>
  <w>har</w>
  <w>Stefan</w>
  <w>Löfven</w>
  <w>chansen</w>
  <w>att</w>
  <w>ta</w>
  <w>initiativet</w>
  <w>och</w>
  <w>berätta</w>
  <w>hur</w>
  <w>de</w>
  <w>länder</w>
  <w>som</w>
  <w>konkurrerar</w>
  <w>om</w>
  <w>svenska</w>
  <w>investeringar</w>
  <w>tar</w>
  <w>rejäla</w>
  <w>krafttag</w>
  <w>.</w>
  <w>Om</w>
  <w>detta</w>
  <w>följs</w>
  <w>upp</w>
  <w>med</w>
  <w>konkreta</w>
  <w>förslag</w>
  <w>om</w>
  <w>hur</w>
  <w>företagsklimatet</w>
  <w>i</w>
  <w>Sverige</w>
  <w>kan</w>
  <w>lyftas</w>
  <w>,</w>
  <w>så</w>
  <w>kan</w>
  <w>det</w>
  <w>inleda</w>
  <w>en</w>
  <w>ny</w>
  <w>era</w>
  <w>för</w>
  <w>Sverige</w>
  <w>där</w>
  <w>"</w>
  <w>arbete</w>
  <w>åt</w>
  <w>alla</w>
  <w>"</w>
  <w>inte</w>
  <w>bara</w>
  <w>är</w>
  <w>en</w>
  <absaspan id=46 senti=2>
    <w>majtalsfras</w>
  </absaspan>
  <w>.</w>
</absapar>
<absapar id=13>
  <w>FAKTA</w>
  <w>.</w>
</absapar>
</absadoc>
