<absadoc annotators=1 senti=>
<absatitle>
  <w>Var</w>
  <w>lär</w>
  <w>hen</w>
  <w>sig</w>
  <w>rasism</w>
  <w>?</w>
</absatitle>
<absapar id=1>
  <w>Ja</w>
  <w>,</w>
  <w>var</w>
  <w>lär</w>
  <w>sig</w>
  <w>rasisterna</w>
  <w>på</w>
  <w>FB</w>
  <w>om</w>
  <w>olika</w>
  <w>folks</w>
  <w>genuppsättningar</w>
  <w>m.m</w>
  <w>?</w>
  <w>.</w>
</absapar>
<absapar id=2>
  <w>Skillnaden</w>
  <w>mellan</w>
  <w>olika</w>
  <w>skallar</w>
  <w>osv</w>
  <w>.</w>
</absapar>
<absapar id=3>
  <w>Inte</w>
  <w>kan</w>
  <w>det</w>
  <w>vara</w>
  <w>i</w>
  <w>skolan</w>
  <w>?</w>
  <w>.</w>
</absapar>
<absapar id=4>
  <w>Är</w>
  <w>det</w>
  <w>familjer</w>
  <w>som</w>
  <w>fört</w>
  <w>över</w>
  <w>social</w>
  <w>darwismen</w>
  <w>vid</w>
  <w>köksbordet</w>
  <w>sedan</w>
  <w>modersmjölken</w>
  <w>eller</w>
  <w>var</w>
  <w>kommer</w>
  <w>den</w>
  <w>(</w>
  <w>"</w>
  <w>kunskapen</w>
  <w>"</w>
  <w>,</w>
  <w>värderingarna</w>
  <w>)</w>
  <w>egentligen</w>
  <w>från</w>
  <w>?</w>
  <w>.</w>
</absapar>
</absadoc>
