<absadoc annotators=1 senti=>
<absatitle>
  <w>Självklart</w>
  <w>att</w>
  <w>neka</w>
  <w>SD</w>
  <w>fackliga</w>
  <w>uppdrag</w>
  <w>.</w>
</absatitle>
<absapar id=1>
  <w>Rätten</w>
  <w>att</w>
  <w>bli</w>
  <w>företrädd</w>
  <w>och</w>
  <w>representerad</w>
  <w>fackligt</w>
  <w>,</w>
  <w>är</w>
  <w>inte</w>
  <w>densamma</w>
  <w>som</w>
  <w>rätten</w>
  <w>att</w>
  <w>företräda</w>
  <w>andra</w>
  <w>.</w>
  <w>Det</w>
  <w>skriver</w>
  <w>Jenny</w>
  <w>Bengtsson</w>
  <w>,</w>
  <w>Hotell</w>
  <w>-</w>
  <w>och</w>
  <w>restaurangfacket</w>
  <w>.</w>
</absapar>
<absapar id=2>
  <w>Hur</w>
  <w>ska</w>
  <w>en</w>
  <w>aktiv</w>
  <w>Sverigedemokrat</w>
  <w>kunna</w>
  <w>hantera</w>
  <w>fall</w>
  <w>av</w>
  <w>diskriminering</w>
  <w>på</w>
  <w>grund</w>
  <w>av</w>
  <w>etnicitet</w>
  <w>eller</w>
  <w>sexuell</w>
  <w>läggning</w>
  <w>rättvist</w>
  <w>?</w>
  <w>Jenny</w>
  <w>Bengtsson</w>
  <w>.</w>
</absapar>
<absapar id=3>
  <w>Det</w>
  <w>här</w>
  <w>är</w>
  <w>en</w>
  <w>argumenterande</w>
  <w>text</w>
  <w>med</w>
  <w>syfte</w>
  <w>att</w>
  <w>påverka</w>
  <w>.</w>
  <w>Åsikterna</w>
  <w>som</w>
  <w>uttrycks</w>
  <w>är</w>
  <w>skribentens</w>
  <w>egna</w>
  <w>.</w>
</absapar>
<absapar id=4>
  <absaspan id=1>
    <w>Att</w>
  </absaspan>
  <absaspan id=2>
    <w>fackföreningarna</w>
  </absaspan>
  <absaspan id=3 senti=2>
    <w>säger</w>
    <w>nej</w>
    <w>till</w>
  </absaspan>
  <absaspan id=4>
    <w>aktiva</w>
    <w>Sverigedemokrater</w>
  </absaspan>
  <absaspan id=5 senti=4>
    <w>är</w>
    <w>helt</w>
    <w>naturligt</w>
  </absaspan>
  <w>.</w>
  <w>Sverigedemokraterna</w>
  <w>har</w>
  <w>sin</w>
  <w>ideologiska</w>
  <w>grund</w>
  <w>i</w>
  <w>nazismen</w>
  <w>och</w>
  <w>fascismen</w>
  <w>.</w>
  <w>Partiets</w>
  <w>företrädare</w>
  <w>uppvisar</w>
  <w>inget</w>
  <w>intresse</w>
  <w>för</w>
  <w>frågor</w>
  <w>om</w>
  <w>vårt</w>
  <w>likaberättigande</w>
  <w>på</w>
  <w>arbetsmarknaden</w>
  <w>oberoende</w>
  <w>av</w>
  <w>kön</w>
  <w>,</w>
  <w>ålder</w>
  <w>,</w>
  <w>hud</w>
  <w>-</w>
  <w>,</w>
  <w>hårfärg</w>
  <w>eller</w>
  <w>sexuell</w>
  <w>läggning</w>
  <w>.</w>
</absapar>
<absapar id=5>
  <w>Fackföreningsrörelsen</w>
  <w>har</w>
  <w>sin</w>
  <w>ideologiska</w>
  <w>grund</w>
  <w>i</w>
  <w>demokrati</w>
  <w>,</w>
  <w>jämställdhet</w>
  <w>och</w>
  <w>jämlikhet</w>
  <w>.</w>
  <w>Det</w>
  <w>är</w>
  <w>självklart</w>
  <w>att</w>
  <w>dessa</w>
  <w>två</w>
  <w>inte</w>
  <w>går</w>
  <w>ihop</w>
  <w>.</w>
</absapar>
<absapar id=6>
  <w>Hotell</w>
  <w>-</w>
  <w>och</w>
  <w>restaurangfackets</w>
  <w>medlemmar</w>
  <w>verkar</w>
  <w>dessutom</w>
  <w>vara</w>
  <w>minimalt</w>
  <w>intresserade</w>
  <w>av</w>
  <w>Sverigedemokraternas</w>
  <w>politik</w>
  <w>.</w>
  <w>Och</w>
  <w>hittills</w>
  <w>har</w>
  <w>vi</w>
  <w>heller</w>
  <w>inte</w>
  <w>behövt</w>
  <w>driva</w>
  <w>några</w>
  <w>uteslutningsärenden</w>
  <w>mot</w>
  <w>fackliga</w>
  <w>företrädare</w>
  <w>som</w>
  <w>visat</w>
  <w>sig</w>
  <w>sympatisera</w>
  <w>med</w>
  <w>eller</w>
  <w>vara</w>
  <w>aktiva</w>
  <w>Sverigedemokrater</w>
  <w>.</w>
</absapar>
<absapar id=7>
  <w>Men</w>
  <w>om</w>
  <w>det</w>
  <w>vid</w>
  <w>något</w>
  <w>tillfälle</w>
  <w>skulle</w>
  <w>visa</w>
  <w>sig</w>
  <w>att</w>
  <w>vi</w>
  <w>i</w>
  <w>vår</w>
  <w>organisation</w>
  <w>skulle</w>
  <w>ha</w>
  <absaspan id=6>
    <w>någon</w>
  </absaspan>
  <absaspan id=7>
    <w>som</w>
  </absaspan>
  <absaspan id=8 senti=2>
    <w>inte</w>
    <w>ställer</w>
    <w>upp</w>
    <w>på</w>
  </absaspan>
  <absaspan id=9>
    <w>våra</w>
    <w>grundläggande</w>
    <w>värderingar</w>
    <w>om</w>
    <w>demokrati</w>
    <w>,</w>
    <w>jämlikhet</w>
    <w>och</w>
    <w>jämställdhet</w>
  </absaspan>
  <w>,</w>
  <w>då</w>
  <w>kommer</w>
  <w>vi</w>
  <w>givetvis</w>
  <w>att</w>
  <w>driva</w>
  <w>på</w>
  <w>om</w>
  <w>uteslutning</w>
  <w>.</w>
  <w>Det</w>
  <w>är</w>
  <w>inget</w>
  <w>konstigt</w>
  <w>-</w>
  <w>i</w>
  <w>våra</w>
  <w>stadgar</w>
  <w>slår</w>
  <w>vi</w>
  <w>fast</w>
  <w>att</w>
  <w>vårt</w>
  <w>fackförbund</w>
  <w>ska</w>
  <w>"</w>
  <w>verka</w>
  <w>för</w>
  <w>en</w>
  <w>samhällsutveckling</w>
  <w>på</w>
  <w>grundval</w>
  <w>av</w>
  <w>politisk</w>
  <w>,</w>
  <w>social</w>
  <w>och</w>
  <w>ekonomisk</w>
  <w>demokrati</w>
  <w>präglad</w>
  <w>av</w>
  <w>jämlikhet</w>
  <w>och</w>
  <w>jämställdhet</w>
  <w>"</w>
  <w>.</w>
  <w>Längre</w>
  <w>ned</w>
  <w>,</w>
  <w>under</w>
  <w>uteslutning</w>
  <w>,</w>
  <w>står</w>
  <w>att</w>
  <w>"</w>
  <w>uteslutning</w>
  <w>kan</w>
  <w>också</w>
  <w>ske</w>
  <w>,</w>
  <w>då</w>
  <w>medlem</w>
  <w>bedriver</w>
  <w>eller</w>
  <w>stöder</w>
  <w>sådan</w>
  <w>verksamhet</w>
  <w>som</w>
  <w>är</w>
  <w>oförenlig</w>
  <w>med</w>
  <w>organisationens</w>
  <w>ändamål</w>
  <w>,</w>
  <w>eller</w>
  <w>på</w>
  <w>annat</w>
  <w>sätt</w>
  <w>uppträder</w>
  <w>illojalt</w>
  <w>"</w>
  <w>.</w>
</absapar>
<absapar id=8>
  <w>*</w>
  <w>*</w>
  <w>Vi</w>
  <w>som</w>
  <w>är</w>
  <w>medlemmar</w>
  <w>*</w>
  <w>*</w>
  <w>i</w>
  <w>facket</w>
  <w>har</w>
  <w>bestämt</w>
  <w>vår</w>
  <w>värdegrund</w>
  <w>och</w>
  <w>våra</w>
  <w>stadgar</w>
  <w>gemensamt</w>
  <w>genom</w>
  <w>att</w>
  <w>delta</w>
  <w>i</w>
  <w>vår</w>
  <w>demokratiska</w>
  <w>organisation</w>
  <w>.</w>
  <absaspan id=10>
    <w>Vi</w>
  </absaspan>
  <w>tar</w>
  <w>arbetsmarknadens</w>
  <w>och</w>
  <w>branschernas</w>
  <w>bästa</w>
  <w>i</w>
  <w>försvar</w>
  <w>och</w>
  <absaspan id=11 senti=4>
    <w>sätter</w>
  </absaspan>
  <absaspan id=12>
    <w>solidariteten</w>
    <w>mellan</w>
    <w>varandra</w>
  </absaspan>
  <absaspan id=13 senti=4>
    <w>i</w>
  </absaspan>
  <absaspan id=14 senti=4>
    <w>första</w>
    <w>ledet</w>
  </absaspan>
  <w>.</w>
  <w>Att</w>
  <w>Sverigedemokraterna</w>
  <w>är</w>
  <w>ett</w>
  <w>riksdagsparti</w>
  <w>har</w>
  <w>inte</w>
  <w>undgått</w>
  <w>oss</w>
  <w>.</w>
  <w>Men</w>
  <w>att</w>
  <w>Sverige</w>
  <w>har</w>
  <w>ett</w>
  <w>rasistiskt</w>
  <w>parti</w>
  <w>i</w>
  <w>riksdagen</w>
  <w>betyder</w>
  <w>på</w>
  <w>noll</w>
  <w>och</w>
  <w>intet</w>
  <w>sätt</w>
  <w>att</w>
  <w>partiets</w>
  <w>företrädare</w>
  <w>eller</w>
  <w>medlemmar</w>
  <w>genom</w>
  <w>detta</w>
  <w>skulle</w>
  <w>vara</w>
  <w>automatiskt</w>
  <w>berättigade</w>
  <w>till</w>
  <w>förtroendeposter</w>
  <w>i</w>
  <w>våra</w>
  <w>föreningar</w>
  <w>.</w>
</absapar>
<absapar id=9>
  <w>Skräddarsydda</w>
  <w>kurser</w>
  <w>i</w>
  <w>ämnen</w>
  <w>som</w>
  <w>intresserar</w>
  <w>och</w>
  <w>engagerar</w>
  <w>både</w>
  <w>kropp</w>
  <w>och</w>
  <w>själ</w>
  <w>.</w>
</absapar>
<absapar id=10>
  <w>Det</w>
  <w>är</w>
  <w>enkelt</w>
  <w>:</w>
  <w>rätten</w>
  <w>att</w>
  <w>bli</w>
  <w>företrädd</w>
  <w>och</w>
  <w>representerad</w>
  <w>fackligt</w>
  <w>,</w>
  <w>i</w>
  <w>tvister</w>
  <w>mot</w>
  <w>arbetsgivare</w>
  <w>eller</w>
  <w>i</w>
  <w>intressefrågor</w>
  <w>på</w>
  <w>arbetsplatserna</w>
  <w>,</w>
  <w>är</w>
  <w>inte</w>
  <w>densamma</w>
  <w>som</w>
  <w>rätten</w>
  <w>att</w>
  <w>företräda</w>
  <w>andra</w>
  <w>.</w>
  <w>Det</w>
  <w>är</w>
  <w>inte</w>
  <w>möjligt</w>
  <w>för</w>
  <w>våra</w>
  <w>medlemmar</w>
  <w>,</w>
  <w>som</w>
  <w>arbetar</w>
  <w>i</w>
  <w>en</w>
  <w>av</w>
  <w>de</w>
  <w>mest</w>
  <w>mångkulturella</w>
  <w>branscherna</w>
  <w>i</w>
  <w>Sverige</w>
  <w>,</w>
  <w>att</w>
  <w>bli</w>
  <w>företrädda</w>
  <w>rättvist</w>
  <w>av</w>
  <absaspan id=15>
    <w>personer</w>
  </absaspan>
  <absaspan id=16>
    <w>som</w>
  </absaspan>
  <absaspan id=17 senti=2>
    <w>inte</w>
    <w>ställer</w>
    <w>upp</w>
    <w>på</w>
  </absaspan>
  <absaspan id=18>
    <w>den</w>
    <w>väldigt</w>
    <w>grundläggande</w>
    <w>principen</w>
    <w>om</w>
    <w>allas</w>
    <w>lika</w>
    <w>värde</w>
  </absaspan>
  <w>.</w>
  <w>Det</w>
  <absaspan id=19 senti=2>
    <w>skulle</w>
    <w>vara</w>
  </absaspan>
  <absaspan id=20 senti=2>
    <w>djupt</w>
    <w>problematiskt</w>
  </absaspan>
  <absaspan id=21>
    <w>för</w>
    <w>väldigt</w>
    <w>många</w>
  </absaspan>
  <w>och</w>
  <absaspan id=22 senti=2>
    <w>kontraproduktivt</w>
  </absaspan>
  <absaspan id=23 senti=2>
    <w>för</w>
    <w>vår</w>
    <w>förening</w>
    <w>som</w>
    <w>helhet</w>
  </absaspan>
  <absaspan id=24>
    <w>att</w>
    <w>tvingas</w>
    <w>företrädas</w>
    <w>av</w>
    <w>aktiva</w>
    <w>i</w>
    <w>ett</w>
    <w>parti</w>
    <w>som</w>
    <w>vilar</w>
    <w>på</w>
    <w>nazistisk</w>
    <w>och</w>
    <w>fascistisk</w>
    <w>grund</w>
    <w>och</w>
    <w>dessutom</w>
    <w>uppvisar</w>
  </absaspan>
  <absaspan id=25>
    <w>en</w>
    <w>kvinnosyn</w>
  </absaspan>
  <absaspan id=26 senti=2>
    <w>daterad</w>
    <w>medeltiden</w>
  </absaspan>
  <w>.</w>
</absapar>
<absapar id=11>
  <w>*</w>
  <w>*</w>
  <w>Hur</w>
  <w>ska</w>
  <w>en</w>
  <w>aktiv</w>
  <w>*</w>
  <w>*</w>
  <w>Sverigedemokrat</w>
  <w>kunna</w>
  <w>hantera</w>
  <w>fall</w>
  <w>av</w>
  <w>diskriminering</w>
  <w>på</w>
  <w>grund</w>
  <w>av</w>
  <w>etnicitet</w>
  <w>eller</w>
  <w>sexuell</w>
  <w>läggning</w>
  <w>rättvist</w>
  <w>?</w>
  <w>Hur</w>
  <w>ska</w>
  <w>en</w>
  <w>Sverigedemokrat</w>
  <w>kunna</w>
  <w>företräda</w>
  <w>unga</w>
  <w>tjejer</w>
  <w>och</w>
  <w>killar</w>
  <w>som</w>
  <w>blivit</w>
  <w>sexuellt</w>
  <w>trakasserade</w>
  <w>på</w>
  <w>sina</w>
  <w>jobb</w>
  <w>rättvist</w>
  <w>?</w>
  <w>Sitta</w>
  <w>i</w>
  <w>en</w>
  <w>lönerevision</w>
  <w>och</w>
  <w>sträva</w>
  <w>efter</w>
  <w>jämlikhet</w>
  <w>och</w>
  <w>motverka</w>
  <w>olika</w>
  <w>behandling</w>
  <w>?</w>
  <w>Företräda</w>
  <w>rasifierade</w>
  <w>?</w>
  <w>Eller</w>
  <w>kvinnor</w>
  <w>?</w>
  <w>.</w>
</absapar>
<absapar id=12>
  <absaspan id=27>
    <w>Att</w>
    <w>Sverigedemokrater</w>
    <w>,</w>
    <w>en</w>
    <w>och</w>
    <w>annan</w>
    <w>liberal</w>
    <w>ledarskribent</w>
    <w>,</w>
    <w>rasister</w>
    <w>,</w>
    <w>nazister</w>
    <w>och</w>
    <w>fascister</w>
    <w>i</w>
    <w>övrigt</w>
    <w>skulle</w>
    <w>få</w>
    <w>bestämma</w>
    <w>över</w>
    <w>vår</w>
    <w>interna</w>
    <w>demokrati</w>
  </absaspan>
  <absaspan id=28 senti=2>
    <w>är</w>
    <w>bara</w>
    <w>löjligt</w>
  </absaspan>
  <w>.</w>
</absapar>
<absapar id=13>
  <w>*</w>
  <w>*</w>
  <w>Med</w>
  <w>samma</w>
  <w>logik</w>
  <w>*</w>
  <w>*</w>
  <w>skulle</w>
  <w>jag</w>
  <w>,</w>
  <w>som</w>
  <w>inte</w>
  <w>är</w>
  <w>medlem</w>
  <w>i</w>
  <absaspan id=29>
    <w>Sverigedemokraterna</w>
  </absaspan>
  <w>,</w>
  <w>kunna</w>
  <w>kräva</w>
  <w>att</w>
  <w>de</w>
  <w>tar</w>
  <w>bort</w>
  <absaspan id=30>
    <w>sin</w>
  </absaspan>
  <absaspan id=31 senti=2>
    <w>"</w>
    <w>nolltolerans</w>
    <w>"</w>
    <w>mot</w>
  </absaspan>
  <absaspan id=32>
    <w>rasister</w>
  </absaspan>
  <w>och</w>
  <w>omedelbart</w>
  <w>slutar</w>
  <w>utesluta</w>
  <w>dessa</w>
  <w>.</w>
  <w>Det</w>
  <w>är</w>
  <w>faktiskt</w>
  <w>inte</w>
  <w>brukligt</w>
  <w>att</w>
  <w>ett</w>
  <w>riksdagsparti</w>
  <w>inte</w>
  <w>ser</w>
  <w>till</w>
  <w>sina</w>
  <w>medlemmars</w>
  <w>bästa</w>
  <w>och</w>
  <w>inte</w>
  <w>representerar</w>
  <w>dessa</w>
  <w>.</w>
  <w>Och</w>
  <w>jag</w>
  <w>kräver</w>
  <w>också</w>
  <w>att</w>
  <w>jag</w>
  <w>och</w>
  <w>mina</w>
  <w>kamrater</w>
  <w>,</w>
  <w>fackligt</w>
  <w>aktiva</w>
  <w>,</w>
  <w>socialister</w>
  <w>,</w>
  <w>feminister</w>
  <w>och</w>
  <w>antirasister</w>
  <w>,</w>
  <w>får</w>
  <w>skriva</w>
  <w>om</w>
  <w>Sverigedemokraternas</w>
  <w>stadgar</w>
  <w>.</w>
  <w>Vi</w>
  <w>skulle</w>
  <w>kunna</w>
  <w>börja</w>
  <w>med</w>
  <w>att</w>
  <w>tydliggöra</w>
  <w>frågor</w>
  <w>om</w>
  <w>rasbiologi</w>
  <w>och</w>
  <w>uppluckrande</w>
  <w>av</w>
  <w>arbetsrätten</w>
  <w>.</w>
  <w>Och</w>
  <w>så</w>
  <w>tar</w>
  <w>vi</w>
  <w>hand</w>
  <w>om</w>
  <w>frågan</w>
  <w>om</w>
  <w>att</w>
  <w>lägga</w>
  <w>ned</w>
  <w>partiet</w>
  <w>också</w>
  <w>,</w>
  <w>så</w>
  <w>klart</w>
  <w>.</w>
  <w>Det</w>
  <absaspan id=33 senti=4 irony>
    <w>är</w>
    <w>inte</w>
    <w>mer</w>
    <w>än</w>
    <w>rätt</w>
  </absaspan>
  <absaspan id=34>
    <w>att</w>
    <w>vi</w>
    <w>,</w>
    <w>som</w>
    <w>skiter</w>
    <w>fullständigt</w>
    <w>i</w>
    <w>partiets</w>
    <w>interna</w>
    <w>demokrati</w>
    <w>egentligen</w>
    <w>skulle</w>
    <w>få</w>
    <w>göra</w>
    <w>detta</w>
  </absaspan>
  <w>-</w>
  <w>eller</w>
  <w>?</w>
  <w>.</w>
</absapar>
<absapar id=14>
  <w>JENNY</w>
  <w>BENGTSSON</w>
  <w>.</w>
</absapar>
<absapar id=15>
  <w>ordförande</w>
  <w>Hotell</w>
  <w>-</w>
  <w>och</w>
  <w>restaurangfacket</w>
  <w>Stockholm</w>
  <w>Gotland</w>
  <w>.</w>
</absapar>
<absapar id=16>
  <w>Redaktör</w>
  <w>:</w>
  <w>Carina</w>
  <w>Stensson</w>
  <w>,</w>
  <w>Biträdande</w>
  <w>redaktör</w>
  <w>:</w>
  <w>Björn</w>
  <w>Jorner</w>
  <w>,</w>
  <w>Mejl</w>
  <w>:</w>
  <w>debatt</w>
  <w>@</w>
  <w>svd.se</w>
  <w>,</w>
  <w>Telefonnummer</w>
  <w>:</w>
  <w>08</w>
  <w>-</w>
  <w>135149</w>
  <w>,</w>
  <w>Twitter</w>
  <w>:</w>
  <w>@</w>
  <w>SvDDebatt</w>
  <w>,</w>
  <w>Facebook</w>
  <w>:</w>
  <w>SvD</w>
  <w>Debatt</w>
  <w>.</w>
</absapar>
</absadoc>
