<absadoc annotators=1 senti=>
<absatitle>
  <w>Så</w>
  <w>ska</w>
  <w>alla</w>
  <w>kunna</w>
  <w>få</w>
  <w>chans</w>
  <w>att</w>
  <w>delta</w>
  <w>.</w>
</absatitle>
<absapar id=1>
  <w>Bristande</w>
  <w>tillgänglighet</w>
  <w>ska</w>
  <w>ses</w>
  <w>som</w>
  <w>diskriminering</w>
  <w>.</w>
  <w>Det</w>
  <w>är</w>
  <w>ett</w>
  <w>sätt</w>
  <w>att</w>
  <w>markera</w>
  <w>att</w>
  <w>självklara</w>
  <w>åtgärder</w>
  <w>inte</w>
  <w>ska</w>
  <w>ses</w>
  <w>som</w>
  <w>en</w>
  <w>gåva</w>
  <w>från</w>
  <w>goda</w>
  <w>givare</w>
  <w>utan</w>
  <w>en</w>
  <w>rättighet</w>
  <w>.</w>
  <w>Därför</w>
  <w>föreslår</w>
  <w>regeringen</w>
  <w>i</w>
  <w>dag</w>
  <w>en</w>
  <w>ny</w>
  <w>lag</w>
  <w>kring</w>
  <w>detta</w>
  <w>,</w>
  <w>skriver</w>
  <w>integrationsminister</w>
  <w>Erik</w>
  <w>Ullenhag</w>
  <w>(</w>
  <w>FP</w>
  <w>)</w>
  <w>.</w>
</absapar>
<absapar id=2>
  <w>Att</w>
  <absaspan id=1 senti=4>
    <w>förebygga</w>
    <w>och</w>
    <w>motverka</w>
    <w>diskriminering</w>
    <w>är</w>
    <w>grundläggande</w>
    <w>i</w>
    <w>en</w>
  </absaspan>
  <absaspan id=2 senti=4>
    <w>demokrati.Erik</w>
  </absaspan>
  <absaspan id=3>
    <w>Ullenhag</w>
  </absaspan>
  <absaspan id=4>
    <w>.</w>
  </absaspan>
</absapar>
<absapar id=3>
  <w>Det</w>
  <w>här</w>
  <w>är</w>
  <w>en</w>
  <w>argumenterande</w>
  <w>text</w>
  <w>med</w>
  <w>syfte</w>
  <w>att</w>
  <w>påverka</w>
  <w>.</w>
  <w>Åsikterna</w>
  <w>som</w>
  <w>uttrycks</w>
  <w>är</w>
  <w>skribentens</w>
  <w>egna</w>
  <w>.</w>
</absapar>
<absapar id=4>
  <w>Regeringen</w>
  <w>har</w>
  <w>nu</w>
  <w>fattat</w>
  <w>beslut</w>
  <w>om</w>
  <w>en</w>
  <w>lagrådsremiss</w>
  <w>med</w>
  <w>ett</w>
  <w>förslag</w>
  <w>som</w>
  <w>innebär</w>
  <w>att</w>
  <w>bristande</w>
  <w>tillgänglighet</w>
  <w>för</w>
  <w>personer</w>
  <w>med</w>
  <w>funktionsnedsättning</w>
  <w>ska</w>
  <w>införas</w>
  <w>som</w>
  <w>ny</w>
  <w>form</w>
  <w>av</w>
  <w>diskriminering</w>
  <w>i</w>
  <w>diskrimineringslagen</w>
  <w>.</w>
  <w>Det</w>
  <w>är</w>
  <w>ytterligare</w>
  <w>ett</w>
  <w>steg</w>
  <w>mot</w>
  <w>ett</w>
  <w>samhälle</w>
  <w>där</w>
  <w>alla</w>
  <w>ses</w>
  <w>som</w>
  <w>individer</w>
  <w>och</w>
  <w>där</w>
  <absaspan id=5 senti=4>
    <w>fler</w>
    <w>kan</w>
    <w>delta</w>
    <w>på</w>
    <w>lika</w>
    <w>villkor</w>
  </absaspan>
  <absaspan id=6>
    <w>.</w>
  </absaspan>
  <w>Att</w>
  <w>införa</w>
  <w>bristande</w>
  <w>tillgänglighet</w>
  <w>som</w>
  <w>en</w>
  <w>form</w>
  <w>av</w>
  <w>diskriminering</w>
  <w>handlar</w>
  <w>om</w>
  <w>att</w>
  <absaspan id=7 senti=4>
    <w>öka</w>
    <w>friheten</w>
    <w>för</w>
    <w>den</w>
    <w>enskilde</w>
    <w>i</w>
    <w>det</w>
    <w>dagliga</w>
    <w>livet</w>
  </absaspan>
  <absaspan id=8>
    <w>.</w>
  </absaspan>
  <w>Genom</w>
  <w>att</w>
  <w>lagstifta</w>
  <w>mot</w>
  <w>diskriminering</w>
  <w>på</w>
  <w>grund</w>
  <w>av</w>
  <w>bristande</w>
  <w>tillgänglighet</w>
  <w>får</w>
  <w>människor</w>
  <w>med</w>
  <w>funktionsnedsättning</w>
  <w>ett</w>
  <w>verktyg</w>
  <w>att</w>
  <w>agera</w>
  <w>och</w>
  <w>genomdriva</w>
  <w>sina</w>
  <w>rättigheter</w>
  <w>.</w>
</absapar>
<absapar id=5>
  <w>*</w>
  <w>*</w>
  <w>I</w>
  <w>lagförslaget</w>
  <w>anges</w>
  <w>*</w>
  <w>*</w>
  <w>att</w>
  <w>med</w>
  <w>bristande</w>
  <w>tillgänglighet</w>
  <w>ska</w>
  <w>avses</w>
  <w>att</w>
  <w>en</w>
  <w>person</w>
  <w>med</w>
  <w>en</w>
  <w>funktionsnedsättning</w>
  <w>missgynnas</w>
  <w>genom</w>
  <w>att</w>
  <w>skäliga</w>
  <w>åtgärder</w>
  <w>för</w>
  <w>tillgänglighet</w>
  <w>inte</w>
  <w>har</w>
  <w>vidtagits</w>
  <w>för</w>
  <w>att</w>
  <w>personen</w>
  <w>ska</w>
  <w>komma</w>
  <w>i</w>
  <w>en</w>
  <w>jämförbar</w>
  <w>situation</w>
  <w>med</w>
  <w>personer</w>
  <w>utan</w>
  <w>sådan</w>
  <w>funktionsnedsättning</w>
  <w>.</w>
  <w>Vad</w>
  <w>som</w>
  <w>är</w>
  <w>skäligt</w>
  <w>i</w>
  <w>ett</w>
  <w>enskilt</w>
  <w>fall</w>
  <w>bör</w>
  <w>bedömas</w>
  <w>utifrån</w>
  <w>krav</w>
  <w>på</w>
  <w>tillgänglighet</w>
  <w>i</w>
  <w>lag</w>
  <w>eller</w>
  <w>annan</w>
  <w>författning</w>
  <w>och</w>
  <w>med</w>
  <w>hänsyn</w>
  <w>till</w>
  <w>bland</w>
  <w>annat</w>
  <w>ekonomiska</w>
  <w>och</w>
  <w>praktiska</w>
  <w>förutsättningar</w>
  <w>.</w>
  <w>Förbudet</w>
  <w>föreslås</w>
  <w>gälla</w>
  <w>inom</w>
  <w>alla</w>
  <w>samhällsområden</w>
  <w>som</w>
  <w>omfattas</w>
  <w>av</w>
  <w>diskrimineringslagen</w>
  <w>,</w>
  <w>exempelvis</w>
  <w>utbildning</w>
  <w>,</w>
  <w>hälso</w>
  <w>-</w>
  <w>och</w>
  <w>sjukvård</w>
  <w>samt</w>
  <w>varor</w>
  <w>och</w>
  <w>tjänster</w>
  <w>.</w>
</absapar>
<absapar id=6>
  <w>När</w>
  <w>det</w>
  <w>gäller</w>
  <w>tillhandahållande</w>
  <w>av</w>
  <w>varor</w>
  <w>och</w>
  <w>tjänster</w>
  <w>samt</w>
  <w>på</w>
  <w>hälso</w>
  <w>-</w>
  <w>och</w>
  <w>sjukvårdens</w>
  <w>område</w>
  <w>föreslås</w>
  <w>att</w>
  <w>förbudet</w>
  <w>inte</w>
  <w>ska</w>
  <w>gälla</w>
  <w>för</w>
  <w>privatpersoner</w>
  <w>eller</w>
  <w>för</w>
  <w>företag</w>
  <w>med</w>
  <w>färre</w>
  <w>än</w>
  <w>tio</w>
  <w>anställda</w>
  <w>.</w>
</absapar>
<absapar id=7>
  <w>För</w>
  <w>att</w>
  <w>avgöra</w>
  <w>om</w>
  <w>en</w>
  <w>person</w>
  <w>har</w>
  <w>diskriminerats</w>
  <w>i</w>
  <w>det</w>
  <w>enskilda</w>
  <w>fallet</w>
  <w>föreslår</w>
  <w>regeringen</w>
  <w>att</w>
  <w>man</w>
  <w>ska</w>
  <w>utgå</w>
  <w>från</w>
  <w>gällande</w>
  <w>regler</w>
  <w>om</w>
  <w>tillgänglighet</w>
  <w>,</w>
  <w>till</w>
  <w>exempel</w>
  <w>i</w>
  <w>plan</w>
  <w>-</w>
  <w>och</w>
  <w>bygglagen</w>
  <w>eller</w>
  <w>i</w>
  <w>EU-förordningar</w>
  <w>.</w>
  <w>Där</w>
  <w>det</w>
  <w>inte</w>
  <w>finns</w>
  <w>tillämpliga</w>
  <w>regler</w>
  <w>bör</w>
  <w>en</w>
  <w>skälighetsbedömning</w>
  <w>göras</w>
  <w>som</w>
  <w>kan</w>
  <w>leda</w>
  <w>till</w>
  <w>att</w>
  <w>enklare</w>
  <w>åtgärder</w>
  <w>kan</w>
  <w>komma</w>
  <w>ifråga</w>
  <w>.</w>
  <w>Det</w>
  <w>nya</w>
  <w>diskrimineringsförbudet</w>
  <w>kan</w>
  <w>till</w>
  <w>exempel</w>
  <w>komma</w>
  <w>att</w>
  <w>träffa</w>
  <w>situationer</w>
  <w>som</w>
  <w>när</w>
  <w>trösklar</w>
  <w>inte</w>
  <w>har</w>
  <w>tagits</w>
  <w>bort</w>
  <w>i</w>
  <w>en</w>
  <w>restaurang</w>
  <w>så</w>
  <w>att</w>
  <w>en</w>
  <w>rullstol</w>
  <w>eller</w>
  <w>rullator</w>
  <w>lättare</w>
  <w>kan</w>
  <w>komma</w>
  <w>in</w>
  <w>.</w>
  <w>Eller</w>
  <w>om</w>
  <w>en</w>
  <w>butiksägare</w>
  <w>inte</w>
  <w>flyttar</w>
  <w>varor</w>
  <w>som</w>
  <w>har</w>
  <w>placerats</w>
  <w>så</w>
  <w>att</w>
  <w>framkomligheten</w>
  <w>hindras</w>
  <w>.</w>
  <w>Andra</w>
  <w>exempel</w>
  <w>är</w>
  <w>om</w>
  <w>en</w>
  <w>person</w>
  <w>med</w>
  <w>funktionsnedsättning</w>
  <w>inte</w>
  <w>har</w>
  <w>fått</w>
  <w>en</w>
  <w>turlista</w>
  <w>uppläst</w>
  <w>,</w>
  <w>inte</w>
  <w>har</w>
  <w>fått</w>
  <w>särskild</w>
  <w>hjälp</w>
  <w>att</w>
  <w>boka</w>
  <w>en</w>
  <w>biljett</w>
  <w>eller</w>
  <w>blivit</w>
  <w>ledsagad</w>
  <w>inom</w>
  <w>stationsområdet</w>
  <w>.</w>
  <w>Information</w>
  <w>kan</w>
  <w>också</w>
  <w>behöva</w>
  <w>ges</w>
  <w>genom</w>
  <w>särskilt</w>
  <w>anpassade</w>
  <w>format</w>
  <w>som</w>
  <w>exempelvis</w>
  <w>storstil</w>
  <w>,</w>
  <w>daisy</w>
  <w>,</w>
  <w>lättläst</w>
  <w>eller</w>
  <w>klarspråk</w>
  <w>.</w>
</absapar>
<absapar id=8>
  <w>Att</w>
  <absaspan id=9 senti=4>
    <w>förebygga</w>
    <w>och</w>
    <w>motverka</w>
    <w>diskriminering</w>
    <w>är</w>
    <w>grundläggande</w>
    <w>i</w>
    <w>en</w>
    <w>demokrati</w>
  </absaspan>
  <absaspan id=10>
    <w>.</w>
  </absaspan>
  <absaspan id=11 senti=4>
    <w>Varje</w>
    <w>människa</w>
    <w>ska</w>
    <w>bemötas</w>
    <w>med</w>
    <w>respekt</w>
    <w>för</w>
    <w>sin</w>
    <w>person</w>
    <w>och</w>
    <w>sin</w>
    <w>särart</w>
  </absaspan>
  <absaspan id=12>
    <w>.</w>
  </absaspan>
  <w>För</w>
  <w>att</w>
  <w>uppnå</w>
  <w>detta</w>
  <w>måste</w>
  <w>samhället</w>
  <w>bygga</w>
  <w>på</w>
  <w>en</w>
  <w>gemensam</w>
  <w>förståelse</w>
  <w>av</w>
  <w>och</w>
  <w>respekt</w>
  <w>för</w>
  <w>de</w>
  <w>mänskliga</w>
  <w>rättigheterna</w>
  <w>.</w>
  <absaspan id=13>
    <w>Ett</w>
    <w>samhälle</w>
  </absaspan>
  <w>som</w>
  <absaspan id=14 senti=4>
    <w>slår</w>
    <w>vakt</w>
    <w>om</w>
    <w>alla</w>
    <w>människors</w>
    <w>lika</w>
    <w>värde</w>
    <w>är</w>
    <w>ett</w>
    <w>samhälle</w>
    <w>som</w>
    <w>ger</w>
    <w>alla</w>
    <w>möjlighet</w>
    <w>att</w>
    <w>utvecklas</w>
    <w>utifrån</w>
    <w>sina</w>
    <w>individuella</w>
    <w>egenskaper</w>
    <w>och</w>
    <w>förutsättningar</w>
    <w>och</w>
    <w>efter</w>
    <w>sin</w>
    <w>egen</w>
    <w>förmåga</w>
    <w>och</w>
    <w>sina</w>
    <w>egna</w>
    <w>val</w>
  </absaspan>
  <w>.</w>
  <w>Delaktighet</w>
  <w>i</w>
  <w>samhällslivet</w>
  <w>för</w>
  <w>personer</w>
  <w>med</w>
  <w>funktionsnedsättning</w>
  <w>är</w>
  <w>därför</w>
  <w>en</w>
  <w>fråga</w>
  <w>om</w>
  <w>mänskliga</w>
  <w>rättigheter</w>
  <w>.</w>
</absapar>
<absapar id=9>
  <w>Skräddarsydda</w>
  <w>kurser</w>
  <w>i</w>
  <w>ämnen</w>
  <w>som</w>
  <w>intresserar</w>
  <w>och</w>
  <w>engagerar</w>
  <w>både</w>
  <w>kropp</w>
  <w>och</w>
  <w>själ</w>
  <w>.</w>
</absapar>
<absapar id=10>
  <w>Men</w>
  <w>personer</w>
  <w>med</w>
  <w>funktionsnedsättning</w>
  <w>står</w>
  <w>fortfarande</w>
  <w>i</w>
  <w>stor</w>
  <w>utsträckning</w>
  <w>utanför</w>
  <w>samhället</w>
  <w>.</w>
  <w>Delaktigheten</w>
  <w>bygger</w>
  <w>inte</w>
  <w>på</w>
  <w>den</w>
  <w>enskilda</w>
  <w>individens</w>
  <w>vilja</w>
  <w>till</w>
  <w>att</w>
  <w>delta</w>
  <w>utan</w>
  <w>på</w>
  <w>om</w>
  <w>samhället</w>
  <w>öppnar</w>
  <w>sina</w>
  <w>dörrar</w>
  <w>.</w>
  <w>Hälsosituationen</w>
  <w>för</w>
  <w>personer</w>
  <w>med</w>
  <w>funktionsnedsättning</w>
  <w>är</w>
  <w>sämre</w>
  <w>än</w>
  <w>för</w>
  <w>resten</w>
  <w>av</w>
  <w>befolkningen</w>
  <w>.</w>
  <w>Utbildningsnivån</w>
  <w>och</w>
  <w>sysselsättningsnivån</w>
  <w>är</w>
  <w>lägre</w>
  <w>.</w>
  <absaspan id=15 senti=2>
    <w>Personer</w>
    <w>med</w>
    <w>psykisk</w>
    <w>funktionsnedsättning</w>
    <w>får</w>
    <w>sämre</w>
    <w>vård</w>
    <w>än</w>
    <w>andra</w>
  </absaspan>
  <absaspan id=16>
    <w>.</w>
  </absaspan>
  <w>Och</w>
  <w>på</w>
  <w>område</w>
  <w>efter</w>
  <w>område</w>
  <w>ser</w>
  <absaspan id=17>
    <w>vi</w>
  </absaspan>
  <w>hur</w>
  <absaspan id=18 senti=2>
    <w>personer</w>
    <w>med</w>
    <w>funktionsnedsättning</w>
    <w>utestängs</w>
    <w>från</w>
    <w>att</w>
    <w>fullt</w>
    <w>ut</w>
    <w>kunna</w>
    <w>delta</w>
    <w>i</w>
    <w>samhället</w>
  </absaspan>
  <absaspan id=19>
    <w>.</w>
  </absaspan>
  <w>Ännu</w>
  <w>fler</w>
  <w>riskerar</w>
  <w>att</w>
  <w>utestängas</w>
  <w>när</w>
  <w>vi</w>
  <w>lever</w>
  <w>allt</w>
  <w>längre</w>
  <w>.</w>
  <w>Vi</w>
  <w>måste</w>
  <w>bli</w>
  <w>bättre</w>
  <w>på</w>
  <w>att</w>
  <w>ta</w>
  <w>tillvara</w>
  <w>alla</w>
  <w>människors</w>
  <w>kraft</w>
  <w>och</w>
  <w>potential</w>
  <w>.</w>
  <w>Det</w>
  <w>är</w>
  <w>viktigt</w>
  <w>för</w>
  <w>den</w>
  <w>enskilde</w>
  <w>individen</w>
  <w>,</w>
  <w>men</w>
  <w>det</w>
  <w>är</w>
  <w>också</w>
  <w>utifrån</w>
  <w>samhällsperspektiv</w>
  <w>.</w>
</absapar>
<absapar id=11>
  <w>I</w>
  <w>dag</w>
  <w>är</w>
  <w>det</w>
  <w>en</w>
  <w>självklarhet</w>
  <w>att</w>
  <w>funktionshinderspolitiken</w>
  <w>bygger</w>
  <w>på</w>
  <w>full</w>
  <w>delaktighet</w>
  <w>,</w>
  <w>jämlikhet</w>
  <w>och</w>
  <w>alla</w>
  <w>människors</w>
  <w>lika</w>
  <w>värde</w>
  <w>.</w>
  <w>Och</w>
  <w>under</w>
  <w>årens</w>
  <w>lopp</w>
  <w>har</w>
  <w>reformer</w>
  <w>förändrat</w>
  <w>och</w>
  <w>förenklat</w>
  <w>livet</w>
  <w>för</w>
  <w>personer</w>
  <w>med</w>
  <w>funktionsnedsättningar</w>
  <w>.</w>
</absapar>
<absapar id=12>
  <w>Dåvarande</w>
  <w>socialministern</w>
  <w>och</w>
  <w>Folkpartiledaren</w>
  <w>Bengt</w>
  <w>Westerberg</w>
  <w>drev</w>
  <w>i</w>
  <w>början</w>
  <w>på</w>
  <w>1990</w>
  <w>-</w>
  <w>talet</w>
  <w>igenom</w>
  <w>LSS</w>
  <w>(</w>
  <w>lagen</w>
  <w>om</w>
  <w>stöd</w>
  <w>och</w>
  <w>service</w>
  <w>till</w>
  <w>vissa</w>
  <w>funktionshindrade</w>
  <w>)</w>
  <w>och</w>
  <w>LASS</w>
  <w>(</w>
  <w>lagen</w>
  <w>om</w>
  <w>assistansersättning</w>
  <w>)</w>
  <w>.</w>
  <w>Dessa</w>
  <absaspan id=20 senti=4>
    <w>frihetsreformer</w>
  </absaspan>
  <w>har</w>
  <w>haft</w>
  <w>stor</w>
  <w>betydelse</w>
  <w>för</w>
  <w>att</w>
  <w>personer</w>
  <w>med</w>
  <w>funktionsnedsättning</w>
  <w>ska</w>
  <w>kunna</w>
  <w>skapa</w>
  <w>sig</w>
  <w>så</w>
  <w>bra</w>
  <w>livsvillkor</w>
  <w>som</w>
  <w>möjligt</w>
  <w>.</w>
  <w>Lagarna</w>
  <w>har</w>
  <w>gett</w>
  <w>människor</w>
  <w>större</w>
  <w>makt</w>
  <w>och</w>
  <w>ett</w>
  <w>ökat</w>
  <w>självbestämmande</w>
  <w>över</w>
  <w>vardagen</w>
  <w>.</w>
  <w>Andra</w>
  <w>viktiga</w>
  <w>reformer</w>
  <w>är</w>
  <w>diskrimineringslagen</w>
  <w>och</w>
  <w>inrättandet</w>
  <w>av</w>
  <w>Handikappombudsmannen</w>
  <w>som</w>
  <w>senare</w>
  <w>gick</w>
  <w>upp</w>
  <w>i</w>
  <w>Diskrimineringsombudsmannen</w>
  <w>.</w>
  <w>I</w>
  <w>dag</w>
  <w>pågår</w>
  <w>arbete</w>
  <w>inom</w>
  <w>ramen</w>
  <w>för</w>
  <w>regeringens</w>
  <w>strategi</w>
  <w>för</w>
  <w>funktionshinderspolitiken</w>
  <w>.</w>
</absapar>
<absapar id=13>
  <w>Och</w>
  <w>nu</w>
  <w>kan</w>
  <w>vi</w>
  <w>lägga</w>
  <w>ännu</w>
  <w>en</w>
  <w>pusselbit</w>
  <w>då</w>
  <w>regeringen</w>
  <w>föreslår</w>
  <w>att</w>
  <w>bristande</w>
  <w>tillgänglighet</w>
  <w>ska</w>
  <w>ses</w>
  <w>som</w>
  <w>diskriminering</w>
  <w>.</w>
  <w>Det</w>
  <w>är</w>
  <w>ett</w>
  <w>sätt</w>
  <w>att</w>
  <w>markera</w>
  <w>att</w>
  <w>självklara</w>
  <w>åtgärder</w>
  <w>för</w>
  <w>tillgänglighet</w>
  <w>inte</w>
  <w>ska</w>
  <w>ses</w>
  <w>som</w>
  <w>en</w>
  <w>gåva</w>
  <w>från</w>
  <w>goda</w>
  <w>givare</w>
  <w>utan</w>
  <w>en</w>
  <w>rättighet</w>
  <w>.</w>
  <w>Ett</w>
  <w>tillgängligt</w>
  <w>samhälle</w>
  <w>är</w>
  <w>centralt</w>
  <w>för</w>
  <w>människors</w>
  <w>självbestämmande</w>
  <w>och</w>
  <w>delaktighet</w>
  <w>.</w>
  <w>Tillgängliga</w>
  <w>verksamheter</w>
  <w>upplevs</w>
  <w>också</w>
  <w>ofta</w>
  <w>som</w>
  <w>bättre</w>
  <w>av</w>
  <w>människor</w>
  <w>som</w>
  <w>inte</w>
  <w>har</w>
  <w>funktionsnedsättningar</w>
  <w>.</w>
  <w>Det</w>
  <absaspan id=21 senti=4>
    <w>handlar</w>
    <w>om</w>
    <w>individens</w>
    <w>frihet</w>
    <w>,</w>
    <w>en</w>
    <w>frihet</w>
    <w>som</w>
    <w>innebär</w>
    <w>att</w>
    <w>varje</w>
    <w>individ</w>
    <w>i</w>
    <w>så</w>
    <w>stor</w>
    <w>utsträckning</w>
    <w>som</w>
    <w>möjligt</w>
    <w>har</w>
    <w>makt</w>
    <w>att</w>
    <w>forma</w>
    <w>sitt</w>
    <w>eget</w>
    <w>liv</w>
  </absaspan>
  <absaspan id=22>
    <w>.</w>
  </absaspan>
</absapar>
<absapar id=14>
  <w>ERIK</w>
  <w>ULLENHAG</w>
  <w>(</w>
  <w>FP</w>
  <w>)</w>
  <w>.</w>
</absapar>
<absapar id=15>
  <w>integrationsminister</w>
  <w>.</w>
</absapar>
<absapar id=16>
  <w>Redaktör</w>
  <w>:</w>
  <w>Carina</w>
  <w>Stensson</w>
  <w>,</w>
  <w>Biträdande</w>
  <w>redaktör</w>
  <w>:</w>
  <w>Björn</w>
  <w>Jorner</w>
  <w>,</w>
  <w>Mejl</w>
  <w>:</w>
  <w>debatt</w>
  <w>@</w>
  <w>svd.se</w>
  <w>,</w>
  <w>Telefonnummer</w>
  <w>:</w>
  <w>08</w>
  <w>-</w>
  <w>135149</w>
  <w>,</w>
  <w>Twitter</w>
  <w>:</w>
  <w>@</w>
  <w>SvDDebatt</w>
  <w>,</w>
  <w>Facebook</w>
  <w>:</w>
  <w>SvD</w>
  <w>Debatt</w>
  <w>.</w>
</absapar>
</absadoc>
