<absadoc annotators=1 senti=>
<absatitle>
  <w>Ararad</w>
  <w>Wartanian</w>
  <w>hittad</w>
  <w>död</w>
  <w>i</w>
  <w>Sollentuna</w>
  <w>(</w>
  <w>Rotebro</w>
  <w>)</w>
  <w>.</w>
</absatitle>
<absapar id=1>
  <w>#</w>
  <w>P</w>
  <w>IMM</w>
  <w>.</w>
  <w>-</w>
  <w>-</w>
  <w>-</w>
  <w>-</w>
  <w>-</w>
  <w>-</w>
  <w>-</w>
  <w>-</w>
  <w>-</w>
  <w>-</w>
  <w>-</w>
  <w>-</w>
  <w>-</w>
  <w>-</w>
  <w>-</w>
  <w>-</w>
  <w>-</w>
  <w>-</w>
  <w>-</w>
  <w>-</w>
  <w>-</w>
  <w>-</w>
  <w>-</w>
  <w>-</w>
  <w>-</w>
  <w>-</w>
  <w>-</w>
  <w>-</w>
  <w>-</w>
  <w>-</w>
  <w>-</w>
  <w>-</w>
  <w>-</w>
  <w>-</w>
  <w>-</w>
  <w>-</w>
  <w>-</w>
  <w>-</w>
  <w>-</w>
  <w>-</w>
  <w>-</w>
  <w>-</w>
  <w>-</w>
  <w>-</w>
  <w>-</w>
  <w>-</w>
  <w>-</w>
  <w>-</w>
  <w>-</w>
  <w>-</w>
  <w>-</w>
  <w>-</w>
  <w>-</w>
  <w>-</w>
  <w>-</w>
  <w>-</w>
  <w>-</w>
  <w>-</w>
  <w>-</w>
  <w>-</w>
  <w>-</w>
  <w>-</w>
  <w>-</w>
  <w>-</w>
  <w>-</w>
  <w>-</w>
  <w>-</w>
  <w>-</w>
  <w>-</w>
  <w>-</w>
  <w>-</w>
  <w>-</w>
  <w>-</w>
  <w>-</w>
  <w>-</w>
  <w>-</w>
  <w>-</w>
  <w>-</w>
  <w>-</w>
  <w>-</w>
  <w>-</w>
  <w>-</w>
  <w>-</w>
  <w>-</w>
  <w>-</w>
  <w>-</w>
  <w>-</w>
  <w>-</w>
  <w>-</w>
  <w>-</w>
  <w>-</w>
  <w>-</w>
  <w>-</w>
  <w>-</w>
  <w>.</w>
</absapar>
<absapar id=2>
  <w>En</w>
  <w>man</w>
  <w>har</w>
  <w>hittats</w>
  <w>död</w>
  <w>i</w>
  <w>Rotebro</w>
  <w>i</w>
  <w>Sollentuna</w>
  <w>och</w>
  <absaspan id=1>
    <w>polisen</w>
  </absaspan>
  <absaspan id=2 senti=2>
    <w>misstänker</w>
  </absaspan>
  <w>att</w>
  <absaspan id=3>
    <w>han</w>
    <w>blivit</w>
    <w>mördad</w>
  </absaspan>
  <w>.</w>
</absapar>
<absapar id=3>
  <w>Någon</w>
  <w>som</w>
  <w>sitter</w>
  <w>på</w>
  <w>mer</w>
  <w>info</w>
  <w>?</w>
  <w>.</w>
</absapar>
</absadoc>
