<absadoc annotators=1 senti=>
<absatitle>
  <absaspan id=1 senti=2 target=2>
    <w>Bedrövligt</w>
  </absaspan>
  <absaspan id=2>
    <w>borgerligt</w>
    <w>facit</w>
    <w>i</w>
    <w>jobbfrågan</w>
  </absaspan>
  <w>.</w>
</absatitle>
<absapar id=1>
  <w>Det</w>
  <w>är</w>
  <w>sällan</w>
  <w>man</w>
  <w>ser</w>
  <w>ett</w>
  <w>så</w>
  <absaspan id=3 senti=2>
    <w>krampaktigt</w>
  </absaspan>
  <absaspan id=4>
    <w>debattinlägg</w>
    <w>som</w>
    <w>Gunnar</w>
    <w>Hökmarks</w>
  </absaspan>
  <w>.</w>
  <absaspan id=5>
    <w>De</w>
  </absaspan>
  <absaspan id=6>
    <w>borgerliga</w>
  </absaspan>
  <w>är</w>
  <w>nu</w>
  <w>tydligt</w>
  <w>störda</w>
  <w>av</w>
  <w>den</w>
  <w>offensiva</w>
  <w>S-linjen</w>
  <w>i</w>
  <w>jobbfrågan</w>
  <w>.</w>
  <w>De</w>
  <w>kritiserar</w>
  <absaspan id=7 senti=2>
    <w>utan</w>
    <w>att</w>
  </absaspan>
  <absaspan id=8>
    <w>själva</w>
  </absaspan>
  <absaspan id=9 senti=2>
    <w>ha</w>
  </absaspan>
  <absaspan id=10 senti=2>
    <w>något</w>
    <w>alls</w>
    <w>att</w>
    <w>komma</w>
    <w>med</w>
  </absaspan>
  <w>.</w>
</absapar>
<absapar id=2>
  <w>Hökmarks</w>
  <w>politik</w>
  <w>har</w>
  <w>testats</w>
  <w>.</w>
  <absaspan id=11>
    <w>Facit</w>
  </absaspan>
  <absaspan id=12 senti=2>
    <w>är</w>
    <w>bedrövligt</w>
  </absaspan>
  <w>.</w>
  <w>Genom</w>
  <absaspan id=13 senti=2>
    <w>ensidiga</w>
  </absaspan>
  <absaspan id=14>
    <w>åtstramningar</w>
  </absaspan>
  <w>,</w>
  <w>minskade</w>
  <w>investeringar</w>
  <w>och</w>
  <absaspan id=15 senti=2>
    <w>passiv</w>
  </absaspan>
  <absaspan id=16>
    <w>arbetsmarknadspolitik</w>
  </absaspan>
  <w>har</w>
  <w>högermajoriteten</w>
  <w>i</w>
  <w>Europa</w>
  <w>drivit</w>
  <w>ner</w>
  <w>kontinenten</w>
  <w>i</w>
  <w>en</w>
  <absaspan id=17 senti=1>
    <w>extrem</w>
  </absaspan>
  <absaspan id=18 senti=2>
    <w>jobbkris</w>
  </absaspan>
  <w>.</w>
  <w>I</w>
  <w>Sverige</w>
  <absaspan id=19 senti=2>
    <w>är</w>
  </absaspan>
  <absaspan id=20>
    <w>den</w>
    <w>borgerliga</w>
    <w>regeringen</w>
  </absaspan>
  <absaspan id=21 senti=2>
    <w>klart</w>
  </absaspan>
  <absaspan id=22 senti=2>
    <w>sämre</w>
    <w>än</w>
    <w>jämförbara</w>
    <w>länder</w>
  </absaspan>
  <w>–</w>
  <w>såsom</w>
  <w>Tyskland</w>
  <w>,</w>
  <w>Österrike</w>
  <w>och</w>
  <w>Danmark</w>
  <w>–</w>
  <w>vad</w>
  <w>gäller</w>
  <w>arbetslöshet</w>
  <w>och</w>
  <w>ungdomsarbetslöshet</w>
  <w>.</w>
  <absaspan id=23>
    <w>Över</w>
  </absaspan>
  <absaspan id=24>
    <w>40</w>
    <w>000</w>
    <w>unga</w>
    <w>svenskar</w>
    <w>har</w>
    <w>varit</w>
    <w>utan</w>
    <w>jobb</w>
    <w>i</w>
    <w>mer</w>
    <w>än</w>
    <w>sex</w>
    <w>månader</w>
  </absaspan>
  <w>.</w>
</absapar>
<absapar id=3>
  <absaspan id=25>
    <w>Detta</w>
  </absaspan>
  <absaspan id=26 senti=2>
    <w>duger</w>
    <w>inte</w>
  </absaspan>
  <w>.</w>
  <w>Därför</w>
  <w>har</w>
  <w>vi</w>
  <w>satt</w>
  <w>upp</w>
  <absaspan id=27 senti=4>
    <w>ett</w>
  </absaspan>
  <absaspan id=28 senti=4>
    <w>ambitiöst</w>
    <w>men</w>
    <w>fullt</w>
    <w>realistiskt</w>
  </absaspan>
  <absaspan id=29 senti=4>
    <w>mål</w>
  </absaspan>
  <w>:</w>
  <absaspan id=30>
    <w>Till</w>
    <w>2020</w>
    <w>ska</w>
    <w>antalet</w>
    <w>personer</w>
    <w>som</w>
    <w>arbetar</w>
    <w>och</w>
    <w>antalet</w>
    <w>arbetade</w>
    <w>timmar</w>
    <w>öka</w>
    <w>så</w>
    <w>mycket</w>
    <w>att</w>
    <w>Sverige</w>
    <w>når</w>
    <w>lägst</w>
    <w>arbetslöshet</w>
    <w>i</w>
    <w>EU</w>
  </absaspan>
  <w>.</w>
  <w>Vi</w>
  <w>vill</w>
  <w>se</w>
  <w>större</w>
  <w>investeringar</w>
  <w>i</w>
  <w>utbildning</w>
  <w>,</w>
  <w>forskning</w>
  <w>och</w>
  <w>innovationer</w>
  <w>.</w>
</absapar>
<absapar id=4>
  <w>Sverige</w>
  <w>ska</w>
  <w>konkurrera</w>
  <w>med</w>
  <w>kunskap</w>
  <w>–</w>
  <w>inte</w>
  <absaspan id=31 senti=2>
    <w>låga</w>
  </absaspan>
  <absaspan id=32>
    <w>löner</w>
  </absaspan>
  <absaspan id=33 senti=2>
    <w>.</w>
  </absaspan>
  <w>Vi</w>
  <w>vill</w>
  <w>se</w>
  <w>en</w>
  <w>starkare</w>
  <w>välfärd</w>
  <w>som</w>
  <w>gör</w>
  <w>det</w>
  <w>möjligt</w>
  <w>för</w>
  <w>fler</w>
  <w>att</w>
  <w>jobba</w>
  <w>mer</w>
  <w>.</w>
  <w>Vi</w>
  <w>vill</w>
  <w>se</w>
  <w>en</w>
  <w>aktiv</w>
  <w>arbetsmarknadspolitik</w>
  <w>med</w>
  <w>insatser</w>
  <w>från</w>
  <w>första</w>
  <w>dagen</w>
  <w>och</w>
  <w>snabba</w>
  <w>kompetensförstärkningar</w>
  <w>som</w>
  <w>gör</w>
  <w>de</w>
  <w>arbetslösa</w>
  <w>kvalificerade</w>
  <w>att</w>
  <w>ta</w>
  <w>alla</w>
  <w>de</w>
  <w>jobb</w>
  <w>som</w>
  <w>faktiskt</w>
  <w>finns</w>
  <w>.</w>
</absapar>
<absapar id=5>
  <w>Vi</w>
  <w>är</w>
  <w>fast</w>
  <w>beslutna</w>
  <w>att</w>
  <w>komma</w>
  <w>till</w>
  <w>rätta</w>
  <w>med</w>
  <w>arbetslösheten</w>
  <absaspan id=34 senti=4>
    <w>.</w>
  </absaspan>
  <w>Hökmark</w>
  <w>och</w>
  <w>borgerligheten</w>
  <w>verkar</w>
  <w>lika</w>
  <w>fast</w>
  <w>beslutna</w>
  <w>att</w>
  <w>inte</w>
  <w>göra</w>
  <w>något</w>
  <w>alls</w>
  <absaspan id=35 senti=1>
    <w>.</w>
  </absaspan>
  <w>Vi</w>
  <w>tar</w>
  <w>ansvar</w>
  <w>för</w>
  <w>jobben</w>
  <absaspan id=36 senti=4>
    <w>.</w>
  </absaspan>
  <w>De</w>
  <w>har</w>
  <w>kört</w>
  <w>fast</w>
  <w>i</w>
  <w>en</w>
  <w>återvändsgränd</w>
  <absaspan id=37 senti=2>
    <w>.</w>
  </absaspan>
</absapar>
<absapar id=6>
  <w>Ylva</w>
  <w>Johansson</w>
  <w>(</w>
  <w>S</w>
  <w>)</w>
  <w>.</w>
</absapar>
<absapar id=7>
  <w>vice</w>
  <w>ordförande</w>
  <w>i</w>
  <w>riksdagens</w>
  <w>.</w>
</absapar>
<absapar id=8>
  <w>arbetsmarknadsutskott</w>
  <w>.</w>
</absapar>
<absapar id=9>
  <w>Olle</w>
  <w>Ludvigsson</w>
  <w>(</w>
  <w>S</w>
  <w>)</w>
  <w>.</w>
</absapar>
<absapar id=10>
  <w>Europaparlamentariker</w>
  <w>.</w>
</absapar>
</absadoc>
