<absadoc annotators=1 senti=>
<absatitle>
  <w>Vad</w>
  <w>är</w>
  <w>det</w>
  <w>med</w>
  <absaspan id=1 senti=1 target=1>
    <w>anti-rasist</w>
    <w>fjollor</w>
  </absaspan>
  <w>?</w>
</absatitle>
<absapar id=1>
  <w>Ex</w>
  <w>.</w>
</absapar>
<absapar id=2>
  <w>En</w>
  <absaspan id=2 senti=1>
    <w>negerboll</w>
  </absaspan>
  <w>,</w>
  <w>tack</w>
  <absaspan id=3>
    <w>.</w>
  </absaspan>
</absapar>
<absapar id=3>
  <w>Ne</w>
  <w>men</w>
  <absaspan id=4 senti=1>
    <w>är</w>
  </absaspan>
  <absaspan id=5>
    <w>du</w>
  </absaspan>
  <absaspan id=6 senti=1>
    <w>rasist</w>
  </absaspan>
  <w>?</w>
  <absaspan id=7>
    <w>.</w>
  </absaspan>
</absapar>
<absapar id=4>
  <w>Kom</w>
  <w>med</w>
  <w>i</w>
  <w>min</w>
  <absaspan id=8 senti=4 irony>
    <w>goda</w>
  </absaspan>
  <absaspan id=9>
    <w>anti-rasist</w>
    <w>grupp</w>
  </absaspan>
  <w>,</w>
  <w>så</w>
  <w>runkar</w>
  <w>vi</w>
  <w>balle</w>
  <w>och</w>
  <absaspan id=10 senti=1>
    <w>mobbar</w>
  </absaspan>
  <absaspan id=11>
    <w>vetenskapliga</w>
    <w>rasister</w>
  </absaspan>
  <w>.</w>
</absapar>
<absapar id=5>
  <w>Varför</w>
  <w>tror</w>
  <w>ni</w>
  <w>att</w>
  <w>man</w>
  <absaspan id=12 senti=4>
    <w>har</w>
    <w>status</w>
  </absaspan>
  <w>,</w>
  <absaspan id=13>
    <w>om</w>
    <w>man</w>
    <w>är</w>
    <w>anti-rasist</w>
  </absaspan>
  <w>?</w>
  <absaspan id=14>
    <w>.</w>
  </absaspan>
</absapar>
<absapar id=6>
  <absaspan id=15>
    <w>Ni</w>
  </absaspan>
  <absaspan id=16 senti=2>
    <w>förnekar</w>
    <w>vetenskap</w>
  </absaspan>
  <w>,</w>
  <w>trodde</w>
  <w>att</w>
  <w>vi</w>
  <w>höll</w>
  <w>vetenskap</w>
  <w>högt</w>
  <w>inom</w>
  <w>västvärlden</w>
  <w>.</w>
</absapar>
</absadoc>
