<absadoc annotators=1 senti=>
<absatitle>
  <w>Finns</w>
  <w>det</w>
  <w>statistik</w>
  <w>på</w>
  <w>våldtäktsoffers</w>
  <w>etnicitet</w>
  <w>?</w>
</absatitle>
<absapar id=1>
  <w>Finns</w>
  <w>det</w>
  <w>någon</w>
  <w>svettig</w>
  <absaspan id=1 senti=2>
    <w>illaluktande</w>
  </absaspan>
  <absaspan id=2 senti=1>
    <w>kamelfitta</w>
  </absaspan>
  <w>som</w>
  <w>överhuvudtaget</w>
  <w>borde</w>
  <w>vara</w>
  <w>orolig</w>
  <w>att</w>
  <w>vistas</w>
  <w>ute</w>
  <w>i</w>
  <w>mörka</w>
  <w>tunnlar</w>
  <w>på</w>
  <w>natten</w>
  <w>?</w>
  <w>Dom</w>
  <w>borde</w>
  <w>vara</w>
  <w>säkrare</w>
  <w>ute</w>
  <w>än</w>
  <w>hemma</w>
  <w>med</w>
  <w>sina</w>
  <w>muhammedknullande</w>
  <absaspan id=3 senti=1>
    <w>sandnegrer</w>
  </absaspan>
  <w>.</w>
</absapar>
<absapar id=2>
  <w>Registreras</w>
  <w>någonsin</w>
  <w>offrens</w>
  <w>etnicitet</w>
  <w>vid</w>
  <w>överfallsvåldtäkter</w>
  <w>?</w>
  <w>Skulle</w>
  <w>vilja</w>
  <w>se</w>
  <w>hur</w>
  <w>fan</w>
  <w>verkligheten</w>
  <w>är</w>
  <w>.</w>
  <w>Jag</w>
  <w>får</w>
  <w>en</w>
  <w>känsla</w>
  <w>att</w>
  <w>detta</w>
  <w>endast</w>
  <w>drabbar</w>
  <w>vita</w>
  <w>"</w>
  <w>skyll</w>
  <w>dig</w>
  <w>själv</w>
  <w>,</w>
  <w>du</w>
  <w>har</w>
  <w>kjol</w>
  <w>"</w>
  <w>tjejer</w>
  <w>och</w>
  <w>om</w>
  <w>så</w>
  <w>är</w>
  <w>fallet</w>
  <w>bör</w>
  <w>snarast</w>
  <w>ett</w>
  <w>medborgargarde</w>
  <w>trä</w>
  <w>på</w>
  <w>dubbel</w>
  <w>regnkappa</w>
  <w>och</w>
  <w>rikta</w>
  <w>in</w>
  <w>sig</w>
  <w>på</w>
  <absaspan id=4 senti=1>
    <w>dessa</w>
    <w>jävla</w>
    <w>apors</w>
  </absaspan>
  <w>mammor</w>
  <w>.</w>
</absapar>
</absadoc>
