<absadoc annotators=1 senti=>
<absatitle>
  <w>Vi</w>
  <w>är</w>
  <w>beredda</w>
  <w>att</w>
  <w>ta</w>
  <w>vårt</w>
  <w>ansvar</w>
  <w>för</w>
  <w>platsbrist</w>
  <w>.</w>
</absatitle>
<absapar id=1>
  <absaspan id=1>
    <w>Ansvar</w>
    <w>för</w>
    <w>sjukvården</w>
  </absaspan>
  <w>handlar</w>
  <w>om</w>
  <w>att</w>
  <w>skapa</w>
  <absaspan id=2 senti=4>
    <w>en</w>
    <w>trygg</w>
    <w>,</w>
    <w>säker</w>
    <w>och</w>
    <w>tillgänglig</w>
  </absaspan>
  <absaspan id=3 senti=4>
    <w>sjukvård</w>
  </absaspan>
  <w>som</w>
  <w>människor</w>
  <absaspan id=4 senti=4>
    <w>känner</w>
    <w>förtroende</w>
    <w>för</w>
  </absaspan>
  <w>.</w>
  <w>Alliansen</w>
  <w>i</w>
  <w>Stockholms</w>
  <w>läns</w>
  <w>landsting</w>
  <w>satsade</w>
  <w>under</w>
  <w>förra</w>
  <w>mandatperioden</w>
  <w>över</w>
  <w>8</w>
  <w>miljarder</w>
  <w>kronor</w>
  <w>mer</w>
  <w>på</w>
  <w>sjukvården</w>
  <w>.</w>
  <w>Det</w>
  <w>var</w>
  <absaspan id=5>
    <w>Miljöpartiet</w>
    <w>och</w>
    <w>övriga</w>
    <w>vänsterpartier</w>
  </absaspan>
  <absaspan id=6 senti=2>
    <w>inte</w>
    <w>ens</w>
    <w>i</w>
    <w>närheten</w>
    <w>av</w>
  </absaspan>
  <w>(</w>
  <w>Brännpunkt</w>
  <w>28</w>
  <w>/</w>
  <w>10</w>
  <w>)</w>
  <w>.</w>
</absapar>
<absapar id=2>
  <w>Det</w>
  <w>här</w>
  <w>är</w>
  <w>en</w>
  <w>argumenterande</w>
  <w>text</w>
  <w>med</w>
  <w>syfte</w>
  <w>att</w>
  <w>påverka</w>
  <w>.</w>
  <w>Åsikterna</w>
  <w>som</w>
  <w>uttrycks</w>
  <w>är</w>
  <w>skribentens</w>
  <w>egna</w>
  <w>.</w>
</absapar>
<absapar id=3>
  <w>Våra</w>
  <w>satsningar</w>
  <w>har</w>
  <w>lett</w>
  <w>till</w>
  <w>att</w>
  <w>det</w>
  <w>har</w>
  <w>blivit</w>
  <w>enklare</w>
  <w>att</w>
  <w>träffa</w>
  <w>en</w>
  <w>doktor</w>
  <w>.</w>
  <w>I</w>
  <w>och</w>
  <w>med</w>
  <w>Vårdval</w>
  <w>Stockholm</w>
  <w>har</w>
  <w>40</w>
  <w>nya</w>
  <w>vårdcentraler</w>
  <w>öppnat</w>
  <w>och</w>
  <w>120</w>
  <w>nya</w>
  <w>läkare</w>
  <w>tillkommit</w>
  <w>.</w>
  <w>Tre</w>
  <w>av</w>
  <w>fyra</w>
  <w>nya</w>
  <w>vårdcentraler</w>
  <w>har</w>
  <w>öppnats</w>
  <w>utanför</w>
  <w>Stockholms</w>
  <w>innerstad</w>
  <w>och</w>
  <w>i</w>
  <w>stor</w>
  <w>utsträckning</w>
  <w>i</w>
  <w>förorter</w>
  <w>med</w>
  <w>lägre</w>
  <w>inkomster</w>
  <w>.</w>
  <w>Genom</w>
  <w>nu</w>
  <w>bättre</w>
  <w>tillgänglighet</w>
  <w>till</w>
  <w>primärvården</w>
  <w>utförs</w>
  <w>mer</w>
  <w>vård</w>
  <w>på</w>
  <w>rätt</w>
  <w>vårdnivå</w>
  <w>,</w>
  <w>vilket</w>
  <w>är</w>
  <w>bättre</w>
  <w>för</w>
  <w>patienterna</w>
  <w>samtidigt</w>
  <w>som</w>
  <w>det</w>
  <w>avlastar</w>
  <w>de</w>
  <w>stora</w>
  <w>akutsjukhusen</w>
  <w>.</w>
  <w>Många</w>
  <w>av</w>
  <w>våra</w>
  <w>äldsta</w>
  <w>patienter</w>
  <w>får</w>
  <w>i</w>
  <w>dag</w>
  <w>dessutom</w>
  <w>ett</w>
  <w>snabbt</w>
  <w>omhändertagande</w>
  <w>vid</w>
  <w>geriatrisk</w>
  <w>klinik</w>
  <w>i</w>
  <w>stället</w>
  <w>för</w>
  <w>att</w>
  <w>behöva</w>
  <w>vänta</w>
  <w>på</w>
  <w>akuten</w>
  <w>.</w>
</absapar>
<absapar id=4>
  <w>En</w>
  <w>växande</w>
  <w>befolkning</w>
  <w>ställer</w>
  <w>samtidigt</w>
  <w>högre</w>
  <w>krav</w>
  <w>på</w>
  <w>vården</w>
  <w>.</w>
  <absaspan id=7>
    <w>Överbeläggningar</w>
    <w>på</w>
    <w>akutavdelningar</w>
    <w>både</w>
    <w>inom</w>
    <w>och</w>
    <w>utanför</w>
    <w>Stockholm</w>
  </absaspan>
  <w>är</w>
  <absaspan id=8 senti=2>
    <w>ett</w>
    <w>problem</w>
    <w>som</w>
    <w>måste</w>
    <w>tas</w>
    <w>på</w>
    <w>allvar</w>
  </absaspan>
  <w>och</w>
  <w>mötas</w>
  <w>med</w>
  <w>effektiva</w>
  <w>lösningar</w>
  <w>.</w>
  <w>Vi</w>
  <w>välkomnar</w>
  <w>Socialstyrelsens</w>
  <w>granskning</w>
  <w>av</w>
  <absaspan id=9>
    <w>överbeläggningar</w>
    <w>på</w>
    <w>sjukhus</w>
    <w>runtom</w>
    <w>i</w>
    <w>Sverige</w>
  </absaspan>
  <w>,</w>
  <w>vilka</w>
  <w>är</w>
  <w>ett</w>
  <w>tecken</w>
  <w>på</w>
  <absaspan id=10 senti=2>
    <w>bristande</w>
    <w>kvalitet</w>
  </absaspan>
  <w>som</w>
  <w>måste</w>
  <w>åtgärdas</w>
  <w>.</w>
  <w>Ett</w>
  <w>ansvar</w>
  <w>som</w>
  <w>delas</w>
  <w>av</w>
  <w>flera</w>
  <w>.</w>
  <w>Politiken</w>
  <w>,</w>
  <w>som</w>
  <w>planerar</w>
  <w>vårdens</w>
  <w>förutsättningar</w>
  <w>,</w>
  <w>och</w>
  <w>sjukhusen</w>
  <w>,</w>
  <w>som</w>
  <w>planerar</w>
  <w>och</w>
  <w>utför</w>
  <w>vården</w>
  <w>.</w>
  <absaspan id=11>
    <w>Vi</w>
  </absaspan>
  <absaspan id=12 senti=4>
    <w>är</w>
    <w>beredda</w>
    <w>att</w>
    <w>ta</w>
    <w>vårt</w>
    <w>ansvar</w>
  </absaspan>
  <absaspan id=13>
    <w>i</w>
    <w>denna</w>
    <w>fråga</w>
  </absaspan>
  <w>och</w>
  <w>landstinget</w>
  <w>har</w>
  <w>påbörjat</w>
  <w>ett</w>
  <w>omfattande</w>
  <w>arbete</w>
  <w>för</w>
  <w>att</w>
  <w>lösa</w>
  <w>situationen</w>
  <w>med</w>
  <w>bland</w>
  <w>annat</w>
  <w>fler</w>
  <w>vårdplatser</w>
  <w>,</w>
  <w>både</w>
  <w>på</w>
  <w>kort</w>
  <w>och</w>
  <w>lång</w>
  <w>sikt</w>
  <w>.</w>
</absapar>
<absapar id=5>
  <w>Det</w>
  <w>är</w>
  <w>inte</w>
  <w>bara</w>
  <w>pengar</w>
  <w>och</w>
  <w>sjukhussängar</w>
  <w>som</w>
  <w>räknas</w>
  <w>.</w>
  <w>Flerårsavtalen</w>
  <w>har</w>
  <w>gett</w>
  <w>landstingets</w>
  <w>vårdgivare</w>
  <w>mer</w>
  <w>befogenheter</w>
  <w>men</w>
  <w>också</w>
  <w>större</w>
  <w>ansvar</w>
  <w>och</w>
  <w>bättre</w>
  <w>förutsättningar</w>
  <w>att</w>
  <w>planera</w>
  <w>sin</w>
  <w>verksamhet</w>
  <w>och</w>
  <w>väntetiderna</w>
  <w>på</w>
  <w>akuten</w>
  <w>har</w>
  <w>minskat</w>
  <w>.</w>
  <w>Detta</w>
  <w>väljer</w>
  <absaspan id=14>
    <w>Miljöpartiet</w>
  </absaspan>
  <absaspan id=15 senti=2>
    <w>att</w>
    <w>missuppfatta</w>
    <w>eller</w>
    <w>medvetet</w>
    <w>feltolka</w>
  </absaspan>
  <w>.</w>
</absapar>
<absapar id=6>
  <w>Alliansen</w>
  <w>avser</w>
  <w>att</w>
  <w>gå</w>
  <w>vidare</w>
  <w>med</w>
  <w>krafttag</w>
  <w>mot</w>
  <w>överbeläggningar</w>
  <w>.</w>
  <w>Allt</w>
  <w>för</w>
  <w>att</w>
  <w>skapa</w>
  <w>en</w>
  <w>trygg</w>
  <w>,</w>
  <w>säker</w>
  <w>och</w>
  <w>tillgänglig</w>
  <w>vård</w>
  <w>för</w>
  <w>ett</w>
  <w>växande</w>
  <w>antal</w>
  <w>stockholmare</w>
  <w>.</w>
</absapar>
<absapar id=7>
  <w>FILIPPA</w>
  <w>REINFELDT</w>
  <w>(</w>
  <w>M</w>
  <w>)</w>
  <w>.</w>
</absapar>
<absapar id=8>
  <w>sjukvårdslandstingsråd</w>
  <w>i</w>
  <w>Stockholm</w>
  <w>.</w>
</absapar>
<absapar id=9>
  <w>Redaktör</w>
  <w>:</w>
  <w>Carina</w>
  <w>Stensson</w>
  <w>,</w>
  <w>Biträdande</w>
  <w>redaktör</w>
  <w>:</w>
  <w>Björn</w>
  <w>Jorner</w>
  <w>,</w>
  <w>Mejl</w>
  <w>:</w>
  <w>debatt</w>
  <w>@</w>
  <w>svd.se</w>
  <w>,</w>
  <w>Telefonnummer</w>
  <w>:</w>
  <w>08</w>
  <w>-</w>
  <w>135149</w>
  <w>,</w>
  <w>Twitter</w>
  <w>:</w>
  <w>@</w>
  <w>SvDDebatt</w>
  <w>,</w>
  <w>Facebook</w>
  <w>:</w>
  <w>SvD</w>
  <w>Debatt</w>
  <w>.</w>
</absapar>
</absadoc>
