<absadoc annotators=1 senti=>
<absatitle>
  <absaspan id=1>
    <w>Ålderdomlig</w>
    <w>lag</w>
  </absaspan>
  <absaspan id=2 senti=2 target=1>
    <w>ett</w>
    <w>hinder</w>
    <w>för</w>
    <w>god</w>
    <w>service</w>
  </absaspan>
  <w>.</w>
</absatitle>
<absapar id=1>
  <absaspan id=3>
    <w>Den</w>
  </absaspan>
  <absaspan id=4 senti=4>
    <w>mycket</w>
    <w>uppskattade</w>
  </absaspan>
  <absaspan id=5>
    <w>Linköpingsmodellen</w>
  </absaspan>
  <absaspan id=6>
    <w>får</w>
    <w>inte</w>
    <w>fortsätta</w>
  </absaspan>
  <absaspan id=7>
    <w>.</w>
  </absaspan>
  <absaspan id=8>
    <w>Det</w>
  </absaspan>
  <absaspan id=9 senti=2>
    <w>är</w>
    <w>ett</w>
    <w>rejält</w>
    <w>kliv</w>
    <w>bakåt</w>
  </absaspan>
  <w>för</w>
  <w>alla</w>
  <w>som</w>
  <w>vill</w>
  <w>modernisera</w>
  <w>och</w>
  <w>förenkla</w>
  <w>service</w>
  <w>till</w>
  <w>invånarna</w>
  <w>.</w>
  <w>Nu</w>
  <w>måste</w>
  <absaspan id=10>
    <w>denna</w>
  </absaspan>
  <absaspan id=11 senti=2>
    <w>ålderdomliga</w>
  </absaspan>
  <absaspan id=12>
    <w>lagstiftning</w>
  </absaspan>
  <w>ändras</w>
  <w>,</w>
  <w>skriver</w>
  <w>Lena</w>
  <w>Micko</w>
  <w>,</w>
  <w>SKL</w>
  <w>.</w>
</absapar>
<absapar id=2>
  <w>Över</w>
  <w>hundra</w>
  <w>kommuner</w>
  <w>i</w>
  <w>Sverige</w>
  <w>använder</w>
  <w>i</w>
  <w>dag</w>
  <w>olika</w>
  <w>former</w>
  <w>av</w>
  <w>service</w>
  <w>utan</w>
  <w>biståndsutredningar</w>
  <w>.</w>
</absapar>
<absapar id=3>
  <w>Det</w>
  <w>här</w>
  <w>är</w>
  <w>en</w>
  <w>argumenterande</w>
  <w>text</w>
  <w>med</w>
  <w>syfte</w>
  <w>att</w>
  <w>påverka</w>
  <w>.</w>
  <w>Åsikterna</w>
  <w>som</w>
  <w>uttrycks</w>
  <w>är</w>
  <w>skribentens</w>
  <w>egna</w>
  <w>.</w>
</absapar>
<absapar id=4>
  <w>Sedan</w>
  <w>1990</w>
  <w>-</w>
  <w>talet</w>
  <w>har</w>
  <w>Linköpings</w>
  <w>kommun</w>
  <w>steg</w>
  <w>för</w>
  <w>steg</w>
  <w>utvecklat</w>
  <w>en</w>
  <w>serviceinriktad</w>
  <w>socialtjänst</w>
  <w>som</w>
  <w>respekterar</w>
  <w>den</w>
  <w>enskilde</w>
  <w>medborgaren</w>
  <w>.</w>
</absapar>
<absapar id=5>
  <w>Arbetssättet</w>
  <w>har</w>
  <w>i</w>
  <w>Kommunsverige</w>
  <w>fått</w>
  <w>benämningen</w>
  <w>"</w>
  <w>Linköpingsmodellen</w>
  <w>"</w>
  <w>.</w>
  <w>Enkelt</w>
  <w>uttryckt</w>
  <w>innebär</w>
  <w>arbetssättet</w>
  <w>att</w>
  <w>en</w>
  <w>medborgare</w>
  <w>som</w>
  <w>behöver</w>
  <w>stöd</w>
  <w>eller</w>
  <w>hjälp</w>
  <w>vänder</w>
  <w>sig</w>
  <w>direkt</w>
  <w>till</w>
  <w>en</w>
  <w>utförarenhet</w>
  <w>som</w>
  <w>kan</w>
  <w>ge</w>
  <w>stödet</w>
  <w>.</w>
  <w>Med</w>
  <w>stöd</w>
  <w>av</w>
  <w>kommunens</w>
  <w>riktlinjer</w>
  <w>kommer</w>
  <w>man</w>
  <w>där</w>
  <w>överens</w>
  <w>om</w>
  <w>vilken</w>
  <w>hjälp</w>
  <w>den</w>
  <w>enskilde</w>
  <w>kan</w>
  <w>få</w>
  <w>.</w>
</absapar>
<absapar id=6>
  <w>Överenskommelsen</w>
  <w>kallas</w>
  <w>serviceavtal</w>
  <w>och</w>
  <w>registreras</w>
  <w>som</w>
  <w>ett</w>
  <w>bistånd</w>
  <w>.</w>
  <w>Samma</w>
  <w>möjlighet</w>
  <w>att</w>
  <w>få</w>
  <w>stöd</w>
  <w>finns</w>
  <w>även</w>
  <w>inom</w>
  <w>missbruksvård</w>
  <w>och</w>
  <w>boendestöd</w>
  <w>.</w>
</absapar>
<absapar id=7>
  <w>*</w>
  <w>*</w>
  <absaspan id=13>
    <w>Linköpings</w>
    <w>arbetssätt</w>
  </absaspan>
  <w>*</w>
  <w>*</w>
  <absaspan id=14 senti=4>
    <w>uppskattas</w>
    <w>av</w>
  </absaspan>
  <absaspan id=15>
    <w>berörda</w>
    <w>brukare</w>
  </absaspan>
  <w>.</w>
  <w>De</w>
  <w>frigjorda</w>
  <w>resurserna</w>
  <w>har</w>
  <w>styrts</w>
  <w>om</w>
  <w>till</w>
  <w>information</w>
  <w>och</w>
  <w>vägledning</w>
  <w>samt</w>
  <w>uppföljning</w>
  <w>och</w>
  <w>kontroll</w>
  <w>av</w>
  <w>att</w>
  <w>vårdtagare</w>
  <w>/</w>
  <w>brukare</w>
  <w>får</w>
  <w>den</w>
  <w>hjälp</w>
  <w>de</w>
  <w>önskar</w>
  <w>och</w>
  <w>har</w>
  <w>rätt</w>
  <w>till</w>
  <w>.</w>
</absapar>
<absapar id=8>
  <w>Men</w>
  <w>den</w>
  <absaspan id=16 senti=4>
    <w>mycket</w>
    <w>uppskattade</w>
  </absaspan>
  <absaspan id=17>
    <w>Linköpingsmodellen</w>
  </absaspan>
  <w>får</w>
  <w>inte</w>
  <w>fortsätta</w>
  <absaspan id=18>
    <w>.</w>
  </absaspan>
  <absaspan id=19>
    <w>Inspektionen</w>
    <w>för</w>
    <w>vård</w>
    <w>och</w>
    <w>omsorg</w>
    <w>,</w>
    <w>IVO</w>
  </absaspan>
  <w>,</w>
  <absaspan id=20 senti=2>
    <w>har</w>
    <w>motsatt</w>
    <w>sig</w>
  </absaspan>
  <absaspan id=21>
    <w>modellen</w>
  </absaspan>
  <w>och</w>
  <w>kammarrätten</w>
  <w>ger</w>
  <w>IVO</w>
  <w>rätt</w>
  <w>.</w>
  <w>Orsaken</w>
  <w>är</w>
  <w>de</w>
  <w>lagkrav</w>
  <w>på</w>
  <w>att</w>
  <w>utreda</w>
  <w>,</w>
  <w>bedöma</w>
  <w>och</w>
  <w>fatta</w>
  <w>individuella</w>
  <w>biståndsbeslut</w>
  <w>när</w>
  <w>det</w>
  <w>gäller</w>
  <w>insatser</w>
  <w>i</w>
  <w>socialtjänsten</w>
  <w>som</w>
  <w>finns</w>
  <w>.</w>
  <w>Myndigheten</w>
  <w>hävdar</w>
  <w>att</w>
  <w>avsaknaden</w>
  <w>av</w>
  <w>biståndsbeslut</w>
  <w>innebär</w>
  <w>att</w>
  <w>den</w>
  <w>enskilde</w>
  <w>får</w>
  <w>svårare</w>
  <w>att</w>
  <w>till</w>
  <w>exempel</w>
  <w>överklaga</w>
  <absaspan id=22 senti=2>
    <w>bristfälliga</w>
  </absaspan>
  <absaspan id=23>
    <w>insatser</w>
  </absaspan>
  <w>.</w>
  <w>Kommunen</w>
  <w>har</w>
  <w>å</w>
  <w>sin</w>
  <w>sida</w>
  <w>hävdat</w>
  <w>att</w>
  <absaspan id=24>
    <w>den</w>
  </absaspan>
  <absaspan id=25>
    <w>som</w>
  </absaspan>
  <absaspan id=26 senti=2>
    <w>är</w>
    <w>missnöjd</w>
  </absaspan>
  <w>kan</w>
  <w>få</w>
  <w>ett</w>
  <w>biståndsbeslut</w>
  <w>som</w>
  <w>sen</w>
  <w>kan</w>
  <w>överklagas</w>
  <w>.</w>
</absapar>
<absapar id=9>
  <w>Skräddarsydda</w>
  <w>kurser</w>
  <w>i</w>
  <w>ämnen</w>
  <w>som</w>
  <w>intresserar</w>
  <w>och</w>
  <w>engagerar</w>
  <w>både</w>
  <w>kropp</w>
  <w>och</w>
  <w>själ</w>
  <w>.</w>
</absapar>
<absapar id=10>
  <absaspan id=27>
    <w>Domen</w>
  </absaspan>
  <absaspan id=28 senti=2>
    <w>är</w>
    <w>ett</w>
    <w>rejält</w>
    <w>kliv</w>
    <w>bakåt</w>
  </absaspan>
  <w>för</w>
  <w>alla</w>
  <w>som</w>
  <w>vill</w>
  <w>modernisera</w>
  <w>och</w>
  <w>förenkla</w>
  <w>service</w>
  <w>till</w>
  <w>invånarna</w>
  <w>.</w>
  <w>Över</w>
  <w>hundra</w>
  <w>kommuner</w>
  <w>i</w>
  <w>Sverige</w>
  <absaspan id=29>
    <w>använder</w>
    <w>i</w>
    <w>dag</w>
    <w>olika</w>
    <w>former</w>
    <w>av</w>
    <w>service</w>
    <w>utan</w>
    <w>biståndsutredningar</w>
  </absaspan>
  <w>–</w>
  <w>oftast</w>
  <w>i</w>
  <w>total</w>
  <w>enighet</w>
  <w>hos</w>
  <w>de</w>
  <w>politiska</w>
  <w>partierna</w>
  <w>och</w>
  <absaspan id=30 senti=4>
    <w>applåderat</w>
    <w>av</w>
  </absaspan>
  <absaspan id=31>
    <w>olika</w>
    <w>brukarorganisationer</w>
  </absaspan>
  <w>.</w>
  <w>Detta</w>
  <w>hotas</w>
  <w>nu</w>
  <w>av</w>
  <w>domen</w>
  <w>och</w>
  <w>en</w>
  <absaspan id=32 senti=2>
    <w>ålderdomlig</w>
  </absaspan>
  <absaspan id=33>
    <w>lagstiftning</w>
  </absaspan>
  <w>.</w>
</absapar>
<absapar id=11>
  <w>SKL</w>
  <w>vill</w>
  <w>att</w>
  <w>kommunerna</w>
  <w>ska</w>
  <w>kunna</w>
  <w>ge</w>
  <w>individuellt</w>
  <w>anpassad</w>
  <w>hjälp</w>
  <w>(</w>
  <w>service</w>
  <w>)</w>
  <w>utan</w>
  <w>att</w>
  <w>vara</w>
  <w>tvingad</w>
  <w>till</w>
  <w>myndighetsutredningar</w>
  <w>.</w>
</absapar>
<absapar id=12>
  <w>Det</w>
  <w>är</w>
  <w>viktigt</w>
  <w>,</w>
  <w>bland</w>
  <w>annat</w>
  <w>inom</w>
  <w>sociala</w>
  <w>barn</w>
  <w>-</w>
  <w>och</w>
  <w>ungdomsvården</w>
  <w>,</w>
  <w>för</w>
  <w>att</w>
  <w>kunna</w>
  <w>ge</w>
  <w>tidiga</w>
  <w>förebyggande</w>
  <w>insatser</w>
  <w>samt</w>
  <w>inom</w>
  <w>missbruksvården</w>
  <w>och</w>
  <w>äldreomsorgen</w>
  <w>för</w>
  <w>att</w>
  <w>ge</w>
  <w>lättillgänglig</w>
  <w>vård</w>
  <w>och</w>
  <w>omsorg</w>
  <w>snabbt</w>
  <w>och</w>
  <w>smidigt</w>
  <w>.</w>
</absapar>
<absapar id=13>
  <w>Utredningen</w>
  <w>Nationell</w>
  <w>kvalitetsplan</w>
  <w>inom</w>
  <w>äldreomsorgen</w>
  <w>,</w>
  <w>som</w>
  <w>nu</w>
  <w>utreder</w>
  <w>frågan</w>
  <w>,</w>
  <w>har</w>
  <w>möjlighet</w>
  <w>att</w>
  <w>komma</w>
  <w>med</w>
  <w>förslag</w>
  <w>som</w>
  <w>ändrar</w>
  <w>denna</w>
  <absaspan id=34 senti=2>
    <w>ålderdomliga</w>
  </absaspan>
  <absaspan id=35>
    <w>lagstiftning</w>
  </absaspan>
  <w>.</w>
  <absaspan id=36>
    <w>Vi</w>
  </absaspan>
  <absaspan id=37 senti=4>
    <w>ser</w>
    <w>fram</w>
    <w>emot</w>
  </absaspan>
  <absaspan id=38>
    <w>utredningen</w>
  </absaspan>
  <w>och</w>
  <absaspan id=39 senti=4>
    <w>hoppas</w>
  </absaspan>
  <absaspan id=40>
    <w>att</w>
    <w>den</w>
    <w>möjliggör</w>
    <w>för</w>
    <w>Linköpingsbor</w>
    <w>och</w>
    <w>invånare</w>
    <w>i</w>
    <w>övriga</w>
    <w>Sverige</w>
    <w>att</w>
    <w>få</w>
    <w>en</w>
    <w>lättillgänglig</w>
    <w>social</w>
    <w>service</w>
    <w>utan</w>
    <w>krångel</w>
  </absaspan>
  <w>–</w>
  <w>med</w>
  <w>bibehållen</w>
  <w>kvalitet</w>
  <w>och</w>
  <w>rättssäkerhet</w>
  <w>för</w>
  <w>den</w>
  <w>enskilde</w>
  <w>.</w>
</absapar>
<absapar id=14>
  <w>Lena</w>
  <w>Micko</w>
  <w>.</w>
</absapar>
<absapar id=15>
  <w>ordförande</w>
  <w>SKL</w>
  <w>,</w>
  <w>Sveriges</w>
  <w>Kommuner</w>
  <w>och</w>
  <w>Landsting</w>
  <w>.</w>
</absapar>
<absapar id=16>
  <w>Redaktör</w>
  <w>:</w>
  <w>Carina</w>
  <w>StenssonBiträdande</w>
  <w>redaktör</w>
  <w>:</w>
  <w>Carl-Johan</w>
  <w>BilkenrothMejl</w>
  <w>:</w>
  <w>debatt</w>
  <w>@</w>
  <w>svd.seTelefonnummer</w>
  <w>:</w>
  <w>08</w>
  <w>-</w>
  <w>135149Twitter</w>
  <w>:</w>
  <w>@</w>
  <w>SvDDebattFacebook</w>
  <w>:</w>
  <w>SvD</w>
  <w>Debatt</w>
  <w>.</w>
</absapar>
<absapar id=17>
  <w>Redaktör</w>
  <w>:</w>
  <w>Carina</w>
  <w>Stensson</w>
  <w>,</w>
  <w>Biträdande</w>
  <w>redaktör</w>
  <w>:</w>
  <w>Björn</w>
  <w>Jorner</w>
  <w>,</w>
  <w>Mejl</w>
  <w>:</w>
  <w>debatt</w>
  <w>@</w>
  <w>svd.se</w>
  <w>,</w>
  <w>Telefonnummer</w>
  <w>:</w>
  <w>08</w>
  <w>-</w>
  <w>135149</w>
  <w>,</w>
  <w>Twitter</w>
  <w>:</w>
  <w>@</w>
  <w>SvDDebatt</w>
  <w>,</w>
  <w>Facebook</w>
  <w>:</w>
  <w>SvD</w>
  <w>Debatt</w>
  <w>.</w>
</absapar>
</absadoc>
