<absadoc annotators=1 senti=0>
<absatitle>
  <w>Almedalen</w>
  <w>2017</w>
  <w>-</w>
  <w>fokus</w>
  <w>på</w>
  <w>samhällskontraktet</w>
  <w>?</w>
</absatitle>
<absapar id=1>
  <w>Dagens</w>
  <w>Samhälle</w>
  <w>ordnade</w>
  <w>idag</w>
  <w>en</w>
  <w>lunchdiskussion</w>
  <w>mellan</w>
  <w>socialdemokraten</w>
  <w>Johan</w>
  <w>Westerholm</w>
  <w>,</w>
  <w>samhällskritiker</w>
  <w>och</w>
  <w>grundare</w>
  <w>av</w>
  <w>ledarsidorna.se</w>
  <w>samt</w>
  <w>Michaela</w>
  <w>Fletcher</w>
  <w>,</w>
  <w>moderat</w>
  <w>och</w>
  <w>kommunstyrelsens</w>
  <w>ordförande</w>
  <w>i</w>
  <w>Österåker</w>
  <w>.</w>
</absapar>
<absapar id=2 senti=3>
  <w>Michaela</w>
  <w>Fletcher</w>
  <w>gjorde</w>
  <w>sig</w>
  <w>känd</w>
  <w>för</w>
  <w>att</w>
  <w>deklarera</w>
  <w>att</w>
  <w>hennes</w>
  <w>kommun</w>
  <w>på</w>
  <w>egen</w>
  <w>hand</w>
  <w>kommer</w>
  <w>att</w>
  <w>börja</w>
  <w>ålderstesta</w>
  <w>minderåriga</w>
  <w>asylsökande</w>
  <w>för</w>
  <w>att</w>
  <w>skilja</w>
  <w>barn</w>
  <w>från</w>
  <w>vuxna</w>
  <w>:</w>
  <w>.</w>
</absapar>
<absapar id=3 senti=3>
  <w>Temat</w>
  <w>var</w>
  <w>:</w>
  <w>"</w>
  <w>Klarar</w>
  <w>kommunerna</w>
  <w>ansvaret</w>
  <w>för</w>
  <w>flyktingmottagandet</w>
  <w>,</w>
  <w>eller</w>
  <w>får</w>
  <w>vi</w>
  <w>se</w>
  <w>ett</w>
  <w>uppror</w>
  <w>underifrån</w>
  <w>?</w>
  <w>"</w>
  <w>.</w>
</absapar>
<absapar id=4>
  <w>Debatten</w>
  <w>är</w>
  <w>på</w>
  <w>20</w>
  <w>minuter</w>
  <w>och</w>
  <w>sevärd</w>
  <w>:</w>
  <w>.</w>
</absapar>
<absapar id=5 senti=3>
  <w>Till</w>
  <w>skillnad</w>
  <w>från</w>
  <absaspan id=1>
    <w>de</w>
    <w>flesta</w>
    <w>andra</w>
    <w>seminarier</w>
  </absaspan>
  <w>som</w>
  <absaspan id=2 senti=2>
    <w>utmålat</w>
  </absaspan>
  <absaspan id=3>
    <w>de</w>
    <w>svårigheter</w>
    <w>som</w>
    <w>vi</w>
    <w>står</w>
    <w>inför</w>
  </absaspan>
  <w>som</w>
  <w>närmast</w>
  <absaspan id=4 senti=3>
    <w>ett</w>
    <w>övergående</w>
    <w>problem</w>
  </absaspan>
  <w>"</w>
  <w>nu</w>
  <w>när</w>
  <w>vi</w>
  <w>tagit</w>
  <w>-</w>
  <w>tillfällig</w>
  <w>-</w>
  <w>kontroll</w>
  <w>"</w>
  <w>stack</w>
  <w>dessa</w>
  <w>två</w>
  <w>inte</w>
  <w>under</w>
  <w>stol</w>
  <w>med</w>
  <w>att</w>
  <w>vi</w>
  <w>bara</w>
  <w>ser</w>
  <w>början</w>
  <w>på</w>
  <w>.</w>
  <w>En</w>
  <w>fråga</w>
  <w>som</w>
  <w>diskuterades</w>
  <w>var</w>
  <w>undanträngningseffekterna</w>
  <w>i</w>
  <w>vård</w>
  <w>och</w>
  <w>omsorg</w>
  <w>samt</w>
  <w>hur</w>
  <w>kommunerna</w>
  <w>ska</w>
  <w>hantera</w>
  <w>situationen</w>
  <w>när</w>
  <w>kostnaderna</w>
  <w>för</w>
  <w>2015</w>
  <w>års</w>
  <w>rekordmigration</w>
  <w>(</w>
  <w>samt</w>
  <w>efterkommande</w>
  <w>anhöriginvandring</w>
  <w>)</w>
  <w>övergår</w>
  <w>från</w>
  <w>statlig</w>
  <w>till</w>
  <w>kommunal</w>
  <w>finansiering</w>
  <w>2018</w>
  <w>.</w>
  <w>De</w>
  <w>problem</w>
  <w>vi</w>
  <w>har</w>
  <w>kommer</w>
  <w>med</w>
  <w>andra</w>
  <w>ord</w>
  <w>att</w>
  <w>växa</w>
  <w>och</w>
  <w>i</w>
  <w>mångt</w>
  <w>och</w>
  <w>mycket</w>
  <w>står</w>
  <w>vi</w>
  <w>utan</w>
  <w>svar</w>
  <w>på</w>
  <w>hur</w>
  <w>vi</w>
  <w>ska</w>
  <w>kunna</w>
  <w>hantera</w>
  <w>dem</w>
  <w>.</w>
</absapar>
<absapar id=6>
  <w>Det</w>
  <w>hela</w>
  <w>mynnade</w>
  <w>ut</w>
  <w>i</w>
  <w>en</w>
  <w>diskussion</w>
  <w>om</w>
  <w>vad</w>
  <w>Almedalen</w>
  <w>kommer</w>
  <w>att</w>
  <w>handla</w>
  <w>om</w>
  <w>nästa</w>
  <w>år</w>
  <w>och</w>
  <w>valåret</w>
  <w>2018</w>
  <w>.</w>
  <absaspan id=5>
    <w>Johan</w>
    <w>Westerholm</w>
  </absaspan>
  <w>trodde</w>
  <w>(</w>
  <absaspan id=6 senti=4>
    <w>hoppades</w>
  </absaspan>
  <w>)</w>
  <w>på</w>
  <absaspan id=7>
    <w>att</w>
    <w>kommande</w>
    <w>år</w>
    <w>i</w>
    <w>Almedalen</w>
    <w>kommer</w>
    <w>att</w>
    <w>fokusera</w>
    <w>på</w>
    <w>samhällkontraktet</w>
  </absaspan>
  <w>.</w>
  <w>Vad</w>
  <w>kan</w>
  <w>vi</w>
  <w>förvänta</w>
  <w>oss</w>
  <w>att</w>
  <w>stat</w>
  <w>och</w>
  <w>kommun</w>
  <w>-</w>
  <w>givet</w>
  <w>den</w>
  <w>uppkomna</w>
  <w>situationen</w>
  <w>-</w>
  <w>kan</w>
  <w>stå</w>
  <w>för</w>
  <w>.</w>
</absapar>
<absapar id=7>
  <w>Diskussion</w>
  <w>.</w>
</absapar>
<absapar id=8>
  <w>#</w>
  <w>P</w>
  <w>IMM</w>
  <w>.</w>
  <w>1</w>
  <w>)</w>
  <w>Tror</w>
  <w>ni</w>
  <w>han</w>
  <w>kommer</w>
  <w>att</w>
  <w>få</w>
  <w>rätt</w>
  <w>-</w>
  <w>blir</w>
  <w>temat</w>
  <w>nästa</w>
  <w>år</w>
  <w>"</w>
  <w>Samhällskontraktet</w>
  <w>"</w>
  <w>?</w>
  <w>.</w>
</absapar>
<absapar id=9>
  <w>#</w>
  <w>P</w>
  <w>IMM</w>
  <w>.</w>
  <w>2</w>
  <w>)</w>
  <w>Hur</w>
  <w>skulle</w>
  <w>ett</w>
  <w>samhällskontrakt</w>
  <w>kunna</w>
  <w>se</w>
  <w>ut</w>
  <w>för</w>
  <w>medborgare</w>
  <w>respektera</w>
  <w>icke-medborgare</w>
  <w>-</w>
  <w>är</w>
  <w>en</w>
  <w>åtskillnad</w>
  <w>i</w>
  <w>rättigheter</w>
  <w>/</w>
  <w>skyldigheter</w>
  <w>nödvändig</w>
  <w>?</w>
  <w>.</w>
</absapar>
<absapar id=10>
  <w>#</w>
  <w>P</w>
  <w>IMM</w>
  <w>.</w>
  <w>3</w>
  <w>)</w>
  <w>Faror</w>
  <w>med</w>
  <w>en</w>
  <w>åtskillnad</w>
  <w>?</w>
  <w>.</w>
</absapar>
<absapar id=11>
  <w>#</w>
  <w>P</w>
  <w>IMM</w>
  <w>.</w>
  <w>4</w>
  <w>)</w>
  <w>Vilka</w>
  <w>partier</w>
  <w>kommer</w>
  <w>att</w>
  <w>bli</w>
  <w>först</w>
  <w>på</w>
  <w>plan</w>
  <w>med</w>
  <w>att</w>
  <w>driva</w>
  <w>detta</w>
  <w>?</w>
  <w>.</w>
</absapar>
<absapar id=12>
  <w>#</w>
  <w>P</w>
  <w>IMM</w>
  <w>.</w>
  <w>5</w>
  <w>)</w>
  <w>Var</w>
  <w>hamnar</w>
  <w>socialdemokratin</w>
  <w>?</w>
  <w>.</w>
</absapar>
</absadoc>
