<absadoc annotators=1 senti=>
<absatitle>
  <w>Göra</w>
  <w>om</w>
  <w>figurers</w>
  <w>etnicitet</w>
  <w>.</w>
</absatitle>
<absapar id=1>
  <w>Erkänner</w>
  <w>att</w>
  <w>wikipedia</w>
  <w>är</w>
  <w>en</w>
  <w>svag</w>
  <w>källa</w>
  <w>men</w>
  <w>vi</w>
  <w>förutsätter</w>
  <w>att</w>
  <w>det</w>
  <w>stämmer</w>
  <w>.</w>
</absapar>
<absapar id=2>
  <w>Varför</w>
  <w>har</w>
  <w>hollywood</w>
  <w>börjar</w>
  <w>göra</w>
  <w>om</w>
  <w>figures</w>
  <w>etnicitet</w>
  <w>?</w>
  <w>.</w>
</absapar>
<absapar id=3>
  <absaspan id=1>
    <w>Jag</w>
  </absaspan>
  <absaspan id=2 senti=4>
    <w>gillar</w>
  </absaspan>
  <absaspan id=3>
    <w>Samuel</w>
    <w>Jacksson</w>
  </absaspan>
  <w>,</w>
  <w>men</w>
  <w>tycker</w>
  <w>ändå</w>
  <w>det</w>
  <w>känns</w>
  <w>märkligt</w>
  <w>att</w>
  <w>han</w>
  <w>ska</w>
  <w>spela</w>
  <w>Nick</w>
  <w>Fury</w>
  <w>som</w>
  <w>(</w>
  <w>vad</w>
  <w>jag</w>
  <w>vet</w>
  <w>)</w>
  <w>alltid</w>
  <w>varit</w>
  <w>en</w>
  <w>vit</w>
  <w>man</w>
  <w>i</w>
  <w>marvels</w>
  <w>värld</w>
  <w>.</w>
</absapar>
<absapar id=4>
  <w>Vad</w>
  <w>skulle</w>
  <w>hända</w>
  <w>om</w>
  <w>t</w>
  <w>ex</w>
  <w>Nicholas</w>
  <w>Cage</w>
  <w>eller</w>
  <w>någon</w>
  <w>annan</w>
  <w>vit</w>
  <w>skådespelare</w>
  <w>skulle</w>
  <w>börja</w>
  <w>få</w>
  <w>svarta</w>
  <w>roller</w>
  <w>?</w>
  <w>Typ</w>
  <w>istället</w>
  <w>för</w>
  <w>Will</w>
  <w>smith</w>
  <w>som</w>
  <w>Muhammed</w>
  <w>Ali</w>
  <w>så</w>
  <w>ser</w>
  <w>vi</w>
  <w>Cage</w>
  <w>som</w>
  <w>Ali</w>
  <w>.</w>
  <w>Misstänker</w>
  <w>att</w>
  <w>the</w>
  <w>black</w>
  <w>comunity</w>
  <w>hade</w>
  <w>varit</w>
  <w>negativa</w>
  <w>till</w>
  <w>detta</w>
  <w>.</w>
</absapar>
</absadoc>
