<absadoc annotators=1 senti=>
<absatitle>
  <w>Mellanösterndebatten</w>
  <w>måste</w>
  <w>bli</w>
  <w>fri</w>
  <w>från</w>
  <w>rasism</w>
  <w>.</w>
</absatitle>
<absapar id=1>
  <absaspan id=1 senti=2>
    <w>Att</w>
    <w>kritisera</w>
  </absaspan>
  <absaspan id=2>
    <w>Sharons</w>
    <w>regering</w>
  </absaspan>
  <w>är</w>
  <w>inte</w>
  <w>detsamma</w>
  <w>som</w>
  <w>att</w>
  <w>vända</w>
  <w>sig</w>
  <w>emot</w>
  <w>staten</w>
  <w>Israel</w>
  <w>eller</w>
  <w>det</w>
  <w>judiska</w>
  <w>folket</w>
  <w>.</w>
  <absaspan id=3 senti=2>
    <w>Att</w>
    <w>fördöma</w>
  </absaspan>
  <absaspan id=4>
    <w>självmordsbombningarna</w>
    <w>i</w>
    <w>Mellanöstern</w>
  </absaspan>
  <w>är</w>
  <w>inte</w>
  <w>att</w>
  <w>stämpla</w>
  <w>alla</w>
  <w>palestinier</w>
  <w>.</w>
</absapar>
<absapar id=2>
  <w>Det</w>
  <absaspan id=5 senti=4>
    <w>är</w>
    <w>avgörande</w>
    <w>viktigt</w>
  </absaspan>
  <absaspan id=6>
    <w>att</w>
    <w>dessa</w>
    <w>distinktioner</w>
    <w>inte</w>
    <w>suddas</w>
    <w>ut</w>
  </absaspan>
  <w>.</w>
  <w>Det</w>
  <w>handlar</w>
  <w>om</w>
  <w>gränsen</w>
  <w>mellan</w>
  <absaspan id=7 senti=4>
    <w>saklig</w>
  </absaspan>
  <absaspan id=8>
    <w>debatt</w>
  </absaspan>
  <w>och</w>
  <w>ohöljd</w>
  <w>rasism</w>
  <w>.</w>
</absapar>
<absapar id=3>
  <absaspan id=9>
    <w>Konflikten</w>
    <w>i</w>
    <w>Mellanöstern</w>
  </absaspan>
  <absaspan id=10 senti=1>
    <w>har</w>
    <w>provocerat</w>
    <w>fram</w>
    <w>hatkänslor</w>
  </absaspan>
  <absaspan id=11>
    <w>.</w>
  </absaspan>
  <w>Där</w>
  <w>finns</w>
  <w>klara</w>
  <w>inslag</w>
  <w>av</w>
  <absaspan id=12 senti=2>
    <w>antijudiska</w>
  </absaspan>
  <w>och</w>
  <absaspan id=13 senti=2>
    <w>antiarabiska</w>
  </absaspan>
  <w>stämningar</w>
  <absaspan id=14>
    <w>.</w>
  </absaspan>
  <absaspan id=15 senti=2>
    <w>Tyvärr</w>
  </absaspan>
  <absaspan id=16>
    <w>verkar</w>
    <w>det</w>
    <w>som</w>
    <w>om</w>
    <w>dessa</w>
    <w>hatkänslor</w>
    <w>sprider</w>
    <w>sig</w>
    <w>utanför</w>
    <w>regionen</w>
    <w>,</w>
    <w>också</w>
    <w>hit</w>
    <w>till</w>
    <w>Europa</w>
  </absaspan>
  <w>.</w>
</absapar>
<absapar id=4>
  <w>Det</w>
  <w>gör</w>
  <w>det</w>
  <w>ännu</w>
  <w>mer</w>
  <w>angeläget</w>
  <w>att</w>
  <w>vår</w>
  <w>egen</w>
  <w>debatt</w>
  <w>om</w>
  <w>Mellanöstern</w>
  <w>blir</w>
  <w>saklig</w>
  <w>och</w>
  <w>att</w>
  <w>vi</w>
  <w>uppmuntrar</w>
  <w>de</w>
  <w>krafter</w>
  <w>på</w>
  <w>bägge</w>
  <w>sidor</w>
  <w>som</w>
  <w>verkar</w>
  <w>för</w>
  <w>dialog</w>
  <w>och</w>
  <w>fred</w>
  <w>.</w>
  <absaspan id=17 senti=2>
    <w>Tyvärr</w>
  </absaspan>
  <w>finns</w>
  <w>här</w>
  <w>i</w>
  <w>vårt</w>
  <w>land</w>
  <absaspan id=18>
    <w>”</w>
  </absaspan>
  <absaspan id=19>
    <w>vänner</w>
  </absaspan>
  <absaspan id=20>
    <w>”</w>
    <w>till</w>
    <w>respektive</w>
    <w>sida</w>
  </absaspan>
  <absaspan id=21>
    <w>som</w>
  </absaspan>
  <absaspan id=22 senti=4>
    <w>försvarar</w>
  </absaspan>
  <absaspan id=23>
    <w>övergreppen</w>
  </absaspan>
  <absaspan id=24 senti=3>
    <w>snarare</w>
    <w>än</w>
    <w>att</w>
    <w>kritisera</w>
  </absaspan>
  <absaspan id=25>
    <w>dem</w>
  </absaspan>
  <w>.</w>
</absapar>
<absapar id=5>
  <absaspan id=26>
    <w>En</w>
  </absaspan>
  <absaspan id=27>
    <w>islamkännare</w>
  </absaspan>
  <absaspan id=28>
    <w>skrev</w>
    <w>nyligen</w>
    <w>i</w>
    <w>Dagens</w>
    <w>Nyheter</w>
    <w>att</w>
    <w>den</w>
    <w>israeliska</w>
    <w>politiken</w>
  </absaspan>
  <absaspan id=29 senti=4>
    <w>gjort</w>
  </absaspan>
  <absaspan id=30>
    <w>judehatet</w>
  </absaspan>
  <absaspan id=31 senti=4>
    <w>”</w>
  </absaspan>
  <absaspan id=32 senti=4>
    <w>rimligt</w>
    <w>”</w>
    <w>och</w>
    <w>till</w>
    <w>och</w>
    <w>med</w>
    <w>”</w>
    <w>befogat</w>
  </absaspan>
  <absaspan id=33 senti=4>
    <w>”</w>
  </absaspan>
  <w>.</w>
  <absaspan id=34>
    <w>Det</w>
  </absaspan>
  <absaspan id=35 senti=2>
    <w>är</w>
    <w>en</w>
    <w>helt</w>
    <w>oacceptabel</w>
    <w>ståndpunkt</w>
  </absaspan>
  <w>.</w>
</absapar>
<absapar id=6>
  <absaspan id=36 senti=1>
    <w>En</w>
  </absaspan>
  <absaspan id=37 senti=1>
    <w>särskilt</w>
    <w>vidrig</w>
  </absaspan>
  <absaspan id=38 senti=1>
    <w>aspekt</w>
    <w>av</w>
    <w>självmordsbombningarna</w>
  </absaspan>
  <absaspan id=39 senti=1>
    <w>inne</w>
    <w>i</w>
    <w>Israel</w>
    <w>är</w>
  </absaspan>
  <absaspan id=40>
    <w>att</w>
    <w>de</w>
    <w>medvetet</w>
    <w>slår</w>
    <w>slumpmässigt</w>
    <w>mot</w>
    <w>helt</w>
    <w>oskyldiga</w>
    <w>människor</w>
    <w>samtidigt</w>
    <w>som</w>
    <w>de</w>
    <w>är</w>
    <w>riktade</w>
    <w>mot</w>
    <w>judar</w>
    <w>–</w>
    <w>därför</w>
    <w>att</w>
    <w>de</w>
    <w>är</w>
    <w>judar</w>
  </absaspan>
  <w>.</w>
  <absaspan id=41>
    <w>Både</w>
    <w>handling</w>
    <w>och</w>
    <w>avsikt</w>
  </absaspan>
  <absaspan id=42 senti=2>
    <w>måste</w>
    <w>fördömas</w>
  </absaspan>
  <w>.</w>
</absapar>
<absapar id=7>
  <w>Regeringen</w>
  <w>Sharons</w>
  <w>ockupationspolitik</w>
  <w>gör</w>
  <w>inte</w>
  <w>heller</w>
  <w>den</w>
  <w>nödvändiga</w>
  <w>distinktionen</w>
  <w>mellan</w>
  <w>förövare</w>
  <w>och</w>
  <w>oskyldiga</w>
  <w>.</w>
  <absaspan id=43>
    <w>De</w>
    <w>kollektiva</w>
    <w>straffen</w>
    <w>med</w>
    <w>bland</w>
    <w>annat</w>
    <w>utegångsförbuden</w>
    <w>och</w>
    <w>raserandet</w>
    <w>av</w>
    <w>hus</w>
  </absaspan>
  <absaspan id=44 senti=2>
    <w>drabbar</w>
  </absaspan>
  <w>helt</w>
  <w>oskyldiga</w>
  <w>.</w>
  <w>Samma</w>
  <w>gäller</w>
  <w>helikopterattackerna</w>
  <w>i</w>
  <w>tätbefolkade</w>
  <w>områden</w>
  <w>.</w>
  <w>Dessa</w>
  <w>brott</w>
  <w>mot</w>
  <w>folkrätten</w>
  <w>måste</w>
  <w>påtalas</w>
  <w>.</w>
</absapar>
<absapar id=8>
  <w>Några</w>
  <w>av</w>
  <w>Israels</w>
  <w>mer</w>
  <w>aktiva</w>
  <w>”</w>
  <w>vänner</w>
  <w>”</w>
  <w>i</w>
  <w>Sverige</w>
  <w>hävdar</w>
  <w>emellertid</w>
  <w>att</w>
  <absaspan id=45 senti=2>
    <w>kritiken</w>
    <w>mot</w>
  </absaspan>
  <absaspan id=46>
    <w>sådana</w>
    <w>övergrepp</w>
  </absaspan>
  <w>i</w>
  <w>själva</w>
  <w>verket</w>
  <w>är</w>
  <absaspan id=47 senti=2>
    <w>antisemitism</w>
  </absaspan>
  <w>i</w>
  <w>förklädnad</w>
  <absaspan id=48>
    <w>.</w>
  </absaspan>
</absapar>
<absapar id=9>
  <w>Säkert</w>
  <w>finns</w>
  <w>en</w>
  <w>del</w>
  <absaspan id=49 senti=2>
    <w>antisemiter</w>
  </absaspan>
  <w>bland</w>
  <absaspan id=50>
    <w>dem</w>
  </absaspan>
  <absaspan id=51>
    <w>som</w>
  </absaspan>
  <absaspan id=52 senti=2>
    <w>kritiserar</w>
  </absaspan>
  <absaspan id=53>
    <w>den</w>
    <w>israeliska</w>
    <w>ockupationspolitiken</w>
  </absaspan>
  <w>.</w>
  <w>Men</w>
  <w>det</w>
  <w>betyder</w>
  <w>inte</w>
  <w>att</w>
  <w>all</w>
  <absaspan id=54 senti=2>
    <w>kritik</w>
    <w>mot</w>
  </absaspan>
  <absaspan id=55>
    <w>regeringen</w>
    <w>Sharon</w>
  </absaspan>
  <w>är</w>
  <w>antisemitisk</w>
  <absaspan id=56>
    <w>.</w>
  </absaspan>
</absapar>
<absapar id=10>
  <w>Det</w>
  <absaspan id=57 senti=2>
    <w>är</w>
    <w>verkligen</w>
    <w>synd</w>
  </absaspan>
  <absaspan id=58>
    <w>att</w>
    <w>flera</w>
    <w>av</w>
    <w>de</w>
    <w>mest</w>
    <w>aktiva</w>
  </absaspan>
  <absaspan id=59 senti=4>
    <w>proisraeliska</w>
  </absaspan>
  <absaspan id=60>
    <w>debattörerna</w>
  </absaspan>
  <absaspan id=61>
    <w>har</w>
    <w>så</w>
    <w>få</w>
    <w>kontakter</w>
    <w>med</w>
    <w>palestinier</w>
  </absaspan>
  <w>.</w>
  <w>De</w>
  <w>har</w>
  <w>aldrig</w>
  <w>besökt</w>
  <w>flyktingläger</w>
  <w>,</w>
  <w>aldrig</w>
  <w>satt</w>
  <w>sig</w>
  <w>ned</w>
  <w>för</w>
  <w>att</w>
  <w>lyssna</w>
  <w>till</w>
  <w>vanliga</w>
  <w>palestinier</w>
  <w>.</w>
</absapar>
<absapar id=11>
  <absaspan id=62 senti=2>
    <w>Motsvarande</w>
    <w>kritik</w>
    <w>kan</w>
    <w>riktas</w>
    <w>mot</w>
  </absaspan>
  <absaspan id=63>
    <w>en</w>
    <w>del</w>
    <w>av</w>
    <w>palestiniernas</w>
    <w>”</w>
    <w>vänner</w>
  </absaspan>
  <w>”</w>
  <w>,</w>
  <w>de</w>
  <w>har</w>
  <w>svårt</w>
  <w>att</w>
  <w>ta</w>
  <w>till</w>
  <w>sig</w>
  <w>det</w>
  <absaspan id=64 senti=2>
    <w>ohyggliga</w>
  </absaspan>
  <absaspan id=65>
    <w>trauma</w>
  </absaspan>
  <w>som</w>
  <w>följer</w>
  <w>av</w>
  <w>självmordsbombningarna</w>
  <w>.</w>
</absapar>
<absapar id=12>
  <w>Om</w>
  <w>fler</w>
  <w>svenskar</w>
  <w>försökte</w>
  <w>relatera</w>
  <w>till</w>
  <w>såväl</w>
  <w>judiska</w>
  <w>israeler</w>
  <w>som</w>
  <w>palestinier</w>
  <w>–</w>
  <w>i</w>
  <w>Sverige</w>
  <w>och</w>
  <w>i</w>
  <w>Mellanöstern</w>
  <w>–</w>
  <w>så</w>
  <w>skulle</w>
  <w>vi</w>
  <w>kanske</w>
  <w>bidra</w>
  <w>till</w>
  <w>den</w>
  <w>dialog</w>
  <w>som</w>
  <w>varit</w>
  <w>så</w>
  <w>svår</w>
  <w>att</w>
  <w>etablera</w>
  <w>mellan</w>
  <w>de</w>
  <w>två</w>
  <w>folken</w>
  <w>.</w>
</absapar>
<absapar id=13>
  <w>Vi</w>
  <absaspan id=66 senti=4>
    <w>borde</w>
    <w>också</w>
    <w>ge</w>
    <w>ett</w>
    <w>helhjärtat</w>
    <w>stöd</w>
    <w>till</w>
  </absaspan>
  <absaspan id=67>
    <w>det</w>
    <w>fredsinitiativ</w>
    <w>som</w>
    <w>nu</w>
    <w>tagits</w>
    <w>av</w>
    <w>en</w>
    <w>grupp</w>
    <w>politiker</w>
    <w>på</w>
    <w>bägge</w>
    <w>sidor</w>
  </absaspan>
  <w>,</w>
  <w>bland</w>
  <w>annat</w>
  <w>Yossi</w>
  <w>Beilin</w>
  <w>och</w>
  <w>Yassir</w>
  <w>Abed</w>
  <w>Rabbo</w>
  <w>,</w>
  <w>för</w>
  <w>att</w>
  <w>uppnå</w>
  <w>en</w>
  <w>verklig</w>
  <w>fred</w>
  <w>mellan</w>
  <w>parterna</w>
  <w>.</w>
</absapar>
<absapar id=14>
  <absaspan id=68>
    <w>Premiärminister</w>
    <w>Ariel</w>
    <w>Sharon</w>
  </absaspan>
  <absaspan id=69 senti=2>
    <w>har</w>
  </absaspan>
  <absaspan id=70 senti=2>
    <w>tyvärr</w>
  </absaspan>
  <absaspan id=71 senti=2>
    <w>redan</w>
    <w>fördömt</w>
  </absaspan>
  <absaspan id=72>
    <w>initiativet</w>
  </absaspan>
  <absaspan id=73>
    <w>,</w>
    <w>desto</w>
    <w>viktigare</w>
    <w>att</w>
    <w>Israels</w>
    <w>verkliga</w>
    <w>vänner</w>
    <w>stöder</w>
    <w>det</w>
  </absaspan>
  <w>.</w>
</absapar>
<absapar id=15>
  <w>Thomas</w>
  <w>Hammarberg</w>
  <w>(</w>
  <w>Generalsekreterare</w>
  <w>Palmecentret</w>
  <w>)</w>
  <w>.</w>
</absapar>
</absadoc>
