<absadoc annotators=1 senti=>
<absatitle>
  <w>Personalen</w>
  <w>på</w>
  <w>Migrationsverket</w>
  <w>varnad</w>
  <w>:</w>
  <w>allvarlig</w>
  <w>smitta</w>
  <w>i</w>
  <w>omlopp</w>
  <w>.</w>
</absatitle>
<absapar id=1>
  <w>Vågar</w>
  <w>man</w>
  <w>åka</w>
  <w>buss</w>
  <w>i</w>
  <w>Malmö</w>
  <w>?</w>
  <w>Stå</w>
  <w>i</w>
  <w>kö</w>
  <w>med</w>
  <w>hostande</w>
  <w>nysvenskar</w>
  <w>?</w>
  <w>Köpa</w>
  <w>apelsiner</w>
  <w>som</w>
  <w>andra</w>
  <w>klämt</w>
  <w>på</w>
  <w>?</w>
  <w>.</w>
</absapar>
</absadoc>
