<absadoc annotators=1 senti=>
<absatitle>
  <w>Rätten</w>
  <w>att</w>
  <w>slippa</w>
  <w>hat</w>
  <w>måste</w>
  <w>tas</w>
  <w>på</w>
  <w>allvar</w>
  <w>.</w>
</absatitle>
<absapar id=1>
  <w>Det</w>
  <w>vilar</w>
  <w>idag</w>
  <w>ett</w>
  <w>tungt</w>
  <w>ansvar</w>
  <w>på</w>
  <w>polisen</w>
  <w>att</w>
  <w>bevaka</w>
  <w>demonstranternas</w>
  <w>agerande</w>
  <w>och</w>
  <w>ingripa</w>
  <w>mot</w>
  <w>förbjudna</w>
  <w>rasistiska</w>
  <w>uttryck</w>
  <w>.</w>
  <w>Om</w>
  <w>vi</w>
  <w>ska</w>
  <w>fortsätta</w>
  <w>att</w>
  <w>låta</w>
  <w>rasistiska</w>
  <w>organisationer</w>
  <w>verka</w>
  <w>mitt</w>
  <w>ibland</w>
  <w>oss</w>
  <w>måste</w>
  <w>det</w>
  <w>finnas</w>
  <w>ett</w>
  <w>reellt</w>
  <w>skydd</w>
  <w>mot</w>
  <w>rasistiska</w>
  <w>uttryck</w>
  <w>,</w>
  <w>skriver</w>
  <w>Robert</w>
  <w>Hårdh</w>
  <w>och</w>
  <w>John</w>
  <w>Stauffer</w>
  <w>,</w>
  <w>Civil</w>
  <w>Rights</w>
  <w>Defenders</w>
  <w>.</w>
</absapar>
<absapar id=2>
  <absaspan id=1>
    <w>FN</w>
  </absaspan>
  <absaspan id=2 senti=2>
    <w>uttrycker</w>
    <w>också</w>
    <w>allvarlig</w>
    <w>oro</w>
    <w>för</w>
  </absaspan>
  <absaspan id=3>
    <w>utvecklingen</w>
    <w>i</w>
    <w>Sverige</w>
  </absaspan>
  <w>och</w>
  <w>att</w>
  <w>retorik</w>
  <w>som</w>
  <w>kränker</w>
  <w>och</w>
  <w>hotar</w>
  <w>etniska</w>
  <w>minoriteter</w>
  <w>i</w>
  <w>samhället</w>
  <w>ökar</w>
  <w>i</w>
  <w>medier</w>
  <w>,</w>
  <w>på</w>
  <w>internet</w>
  <w>och</w>
  <w>bland</w>
  <w>politiker</w>
  <w>.</w>
  <w>*</w>
  <w>*</w>
  <w>Robert</w>
  <w>Hårdh</w>
  <w>och</w>
  <w>John</w>
  <w>Stauffer</w>
  <w>*</w>
  <w>*</w>
  <w>.</w>
</absapar>
<absapar id=3>
  <w>Det</w>
  <w>här</w>
  <w>är</w>
  <w>en</w>
  <w>argumenterande</w>
  <w>text</w>
  <w>med</w>
  <w>syfte</w>
  <w>att</w>
  <w>påverka</w>
  <w>.</w>
  <w>Åsikterna</w>
  <w>som</w>
  <w>uttrycks</w>
  <w>är</w>
  <w>skribentens</w>
  <w>egna</w>
  <w>.</w>
</absapar>
<absapar id=4>
  <w>När</w>
  <w>Svenskarnas</w>
  <w>parti</w>
  <w>demonstrerar</w>
  <w>i</w>
  <w>Stockholm</w>
  <w>idag</w>
  <w>är</w>
  <w>det</w>
  <w>ett</w>
  <w>tydligt</w>
  <w>exempel</w>
  <w>på</w>
  <w>att</w>
  <w>rasistiska</w>
  <w>aktiviteter</w>
  <w>i</w>
  <w>vårt</w>
  <w>samhälle</w>
  <w>ökar</w>
  <w>.</w>
  <w>I</w>
  <w>kölvattnet</w>
  <w>av</w>
  <w>det</w>
  <w>ligger</w>
  <w>antalet</w>
  <w>anmälningar</w>
  <w>om</w>
  <w>hatbrott</w>
  <w>på</w>
  <w>en</w>
  <w>fortsatt</w>
  <w>hög</w>
  <w>nivå</w>
  <w>i</w>
  <w>Sverige</w>
  <w>och</w>
  <w>hatbrott</w>
  <w>riktade</w>
  <w>mot</w>
  <w>judar</w>
  <w>och</w>
  <w>romer</w>
  <w>ökar</w>
  <w>.</w>
  <absaspan id=4 senti=2>
    <w>Något</w>
    <w>som</w>
    <w>också</w>
    <w>oroar</w>
    <w>är</w>
  </absaspan>
  <absaspan id=5>
    <w>att</w>
    <w>endast</w>
    <w>6</w>
    <w>procent</w>
    <w>av</w>
    <w>fallen</w>
    <w>leder</w>
    <w>till</w>
    <w>åtal</w>
  </absaspan>
  <w>.</w>
</absapar>
<absapar id=5>
  <w>Den</w>
  <w>högerextrema</w>
  <w>organisation</w>
  <w>som</w>
  <w>oftast</w>
  <w>kan</w>
  <w>kopplas</w>
  <w>till</w>
  <w>hatbrott</w>
  <w>är</w>
  <w>just</w>
  <w>Svenskarnas</w>
  <w>parti</w>
  <w>.</w>
  <w>Partiets</w>
  <w>nazistiska</w>
  <w>och</w>
  <w>anti-demokratiska</w>
  <w>retorik</w>
  <w>är</w>
  <w>tydlig</w>
  <w>och</w>
  <absaspan id=6 senti=2>
    <w>upprördheten</w>
    <w>är</w>
    <w>stor</w>
    <w>över</w>
  </absaspan>
  <absaspan id=7>
    <w>att</w>
    <w>de</w>
    <w>sprider</w>
    <w>sitt</w>
    <w>budskap</w>
    <w>på</w>
    <w>våra</w>
    <w>gator</w>
    <w>och</w>
    <w>torg</w>
  </absaspan>
  <absaspan id=8>
    <w>.</w>
  </absaspan>
  <w>Ett</w>
  <w>budskap</w>
  <w>som</w>
  <w>ofta</w>
  <w>gränsar</w>
  <w>till</w>
  <w>hets</w>
  <w>mot</w>
  <w>folkgrupp</w>
  <w>.</w>
  <w>Samtidigt</w>
  <w>visar</w>
  <w>statistik</w>
  <w>från</w>
  <w>Brottsförebyggande</w>
  <w>rådet</w>
  <w>att</w>
  <w>hatbrott</w>
  <w>med</w>
  <w>koppling</w>
  <w>till</w>
  <w>högerextrema</w>
  <w>organisationer</w>
  <w>klaras</w>
  <w>upp</w>
  <w>i</w>
  <w>ännu</w>
  <w>lägre</w>
  <w>grad</w>
  <w>än</w>
  <w>andra</w>
  <w>hatbrott</w>
  <w>.</w>
</absapar>
<absapar id=6>
  <w>Svenskarnas</w>
  <w>partis</w>
  <w>ståndpunkt</w>
  <w>är</w>
  <w>att</w>
  <w>hets</w>
  <w>mot</w>
  <w>folkgrupp</w>
  <w>inte</w>
  <w>borde</w>
  <w>vara</w>
  <w>brottsligt</w>
  <w>eftersom</w>
  <w>detta</w>
  <w>brott</w>
  <w>,</w>
  <w>enligt</w>
  <w>organisationen</w>
  <w>,</w>
  <w>begränsar</w>
  <w>yttrandefriheten</w>
  <w>.</w>
  <w>Men</w>
  <absaspan id=9>
    <w>hets</w>
    <w>mot</w>
    <w>folkgrupp</w>
  </absaspan>
  <absaspan id=10 senti=2>
    <w>är</w>
    <w>ett</w>
    <w>mycket</w>
    <w>allvarligt</w>
    <w>brott</w>
  </absaspan>
  <w>.</w>
  <w>Det</w>
  <w>är</w>
  <w>ett</w>
  <w>rent</w>
  <w>hatbrott</w>
  <w>som</w>
  <w>strider</w>
  <w>mot</w>
  <w>principen</w>
  <w>om</w>
  <w>alla</w>
  <w>människors</w>
  <w>lika</w>
  <w>värde</w>
  <w>.</w>
  <w>Där</w>
  <w>går</w>
  <w>gränsen</w>
  <w>för</w>
  <w>den</w>
  <w>svenska</w>
  <w>yttrandefriheten</w>
  <w>,</w>
  <w>som</w>
  <w>annars</w>
  <w>av</w>
  <w>tradition</w>
  <w>åtnjuter</w>
  <w>ett</w>
  <w>starkt</w>
  <w>skydd</w>
  <w>i</w>
  <w>Sverige</w>
  <w>.</w>
</absapar>
<absapar id=7>
  <w>Mot</w>
  <w>bakgrund</w>
  <w>av</w>
  <w>yttrandefrihetens</w>
  <w>starka</w>
  <w>ställning</w>
  <w>har</w>
  <w>Sverige</w>
  <w>till</w>
  <w>skillnad</w>
  <w>från</w>
  <w>många</w>
  <w>andra</w>
  <w>länder</w>
  <w>valt</w>
  <w>att</w>
  <w>inte</w>
  <w>förbjuda</w>
  <w>rasistiska</w>
  <w>organisationer</w>
  <w>som</w>
  <w>Svenskarnas</w>
  <w>parti</w>
  <w>.</w>
  <w>Sverige</w>
  <w>försvarar</w>
  <w>sin</w>
  <w>hållning</w>
  <w>med</w>
  <w>att</w>
  <w>vi</w>
  <w>har</w>
  <w>en</w>
  <w>lagstiftning</w>
  <w>som</w>
  <w>förbjuder</w>
  <w>och</w>
  <w>effektivt</w>
  <w>förhindrar</w>
  <w>rasistiska</w>
  <w>uttryck</w>
  <w>som</w>
  <w>hitlerhälsningar</w>
  <w>,</w>
  <w>hakkors</w>
  <w>,</w>
  <w>och</w>
  <w>annan</w>
  <w>offentligt</w>
  <w>uttryckt</w>
  <absaspan id=11 senti=2>
    <w>missaktning</w>
    <w>mot</w>
  </absaspan>
  <absaspan id=12>
    <w>vissa</w>
    <w>grupper</w>
  </absaspan>
  <absaspan id=13>
    <w>.</w>
  </absaspan>
</absapar>
<absapar id=8>
  <w>*</w>
  <w>*</w>
  <w>I</w>
  <w>praktiken</w>
  <w>fungerar</w>
  <w>*</w>
  <w>*</w>
  <w>det</w>
  <w>inte</w>
  <w>så</w>
  <w>.</w>
  <w>Regeringen</w>
  <w>tog</w>
  <w>år</w>
  <w>2008</w>
  <w>bort</w>
  <w>formuleringen</w>
  <w>i</w>
  <w>direktivet</w>
  <w>till</w>
  <w>rikspolisstyrelsen</w>
  <w>att</w>
  <w>hatbrott</w>
  <w>ska</w>
  <w>vara</w>
  <w>en</w>
  <w>särskilt</w>
  <w>prioriterad</w>
  <w>fråga</w>
  <w>.</w>
  <w>Hatbrottslagstiftningen</w>
  <w>är</w>
  <w>svårtillämpad</w>
  <w>och</w>
  <w>resurser</w>
  <w>och</w>
  <w>expertis</w>
  <w>saknas</w>
  <w>inom</w>
  <w>stora</w>
  <w>delar</w>
  <w>av</w>
  <w>polis</w>
  <w>,</w>
  <w>åklagarväsen</w>
  <w>och</w>
  <w>domstolsväsen</w>
  <w>för</w>
  <w>en</w>
  <w>effektiv</w>
  <w>tillämpning</w>
  <w>av</w>
  <w>lagstiftningen</w>
  <w>.</w>
  <w>Och</w>
  <w>statistiken</w>
  <w>talar</w>
  <w>sitt</w>
  <w>tydliga</w>
  <w>språk</w>
  <w>:</w>
  <w>En</w>
  <w>bråkdel</w>
  <w>av</w>
  <w>de</w>
  <w>anmälningar</w>
  <w>som</w>
  <w>kommer</w>
  <w>in</w>
  <w>leder</w>
  <w>till</w>
  <w>fällande</w>
  <w>dom</w>
  <w>.</w>
</absapar>
<absapar id=9>
  <absaspan id=14>
    <w>FN</w>
    <w>:</w>
    <w>s</w>
    <w>rasdiskrimineringskommitté</w>
  </absaspan>
  <absaspan id=15 senti=2>
    <w>riktade</w>
    <w>förra</w>
    <w>året</w>
    <w>svidande</w>
    <w>kritik</w>
    <w>mot</w>
  </absaspan>
  <absaspan id=16>
    <w>Sveriges</w>
    <w>handfallenhet</w>
    <w>inför</w>
    <w>att</w>
    <w>bekämpa</w>
    <w>hatbrott</w>
    <w>i</w>
    <w>praktiken</w>
  </absaspan>
  <w>.</w>
  <absaspan id=17>
    <w>FN</w>
  </absaspan>
  <absaspan id=18 senti=2>
    <w>uttrycker</w>
    <w>också</w>
    <w>allvarlig</w>
    <w>oro</w>
    <w>för</w>
  </absaspan>
  <absaspan id=19>
    <w>utvecklingen</w>
    <w>i</w>
    <w>Sverige</w>
  </absaspan>
  <w>och</w>
  <w>att</w>
  <w>retorik</w>
  <w>som</w>
  <w>kränker</w>
  <w>och</w>
  <w>hotar</w>
  <w>etniska</w>
  <w>minoriteter</w>
  <w>i</w>
  <w>samhället</w>
  <w>ökar</w>
  <w>i</w>
  <w>medier</w>
  <w>,</w>
  <w>på</w>
  <w>internet</w>
  <w>och</w>
  <w>bland</w>
  <w>politiker</w>
  <w>.</w>
  <w>Långtgående</w>
  <w>krav</w>
  <w>på</w>
  <w>åtgärder</w>
  <w>ställs</w>
  <w>på</w>
  <w>regeringen</w>
  <w>för</w>
  <w>att</w>
  <w>säkerställa</w>
  <w>att</w>
  <w>de</w>
  <w>som</w>
  <w>gör</w>
  <w>sig</w>
  <w>skyldiga</w>
  <w>till</w>
  <w>hets</w>
  <w>mot</w>
  <w>folkgrupp</w>
  <w>och</w>
  <w>andra</w>
  <w>hatbrott</w>
  <w>straffas</w>
  <w>.</w>
</absapar>
<absapar id=10>
  <w>Polismyndigheten</w>
  <w>har</w>
  <w>valt</w>
  <w>att</w>
  <w>ge</w>
  <w>Svenskarnas</w>
  <w>parti</w>
  <w>tillstånd</w>
  <w>att</w>
  <w>demonstrera</w>
  <w>idag</w>
  <w>,</w>
  <w>lördag</w>
  <w>.</w>
  <w>Partiet</w>
  <w>har</w>
  <w>blivit</w>
  <w>skickligt</w>
  <w>på</w>
  <w>att</w>
  <w>hålla</w>
  <w>sig</w>
  <w>inom</w>
  <w>lagens</w>
  <w>råmärken</w>
  <w>och</w>
  <w>den</w>
  <w>rasism</w>
  <w>som</w>
  <w>uttrycks</w>
  <w>vid</w>
  <w>dess</w>
  <w>möten</w>
  <w>är</w>
  <w>numera</w>
  <w>inte</w>
  <w>lika</w>
  <w>lätt</w>
  <w>att</w>
  <w>klassa</w>
  <w>som</w>
  <w>hets</w>
  <w>mot</w>
  <w>folkgrupp</w>
  <w>enligt</w>
  <w>rådande</w>
  <w>praxis</w>
  <w>–</w>
  <w>även</w>
  <w>om</w>
  <w>budskapet</w>
  <w>är</w>
  <w>detsamma</w>
  <w>som</w>
  <w>tidigare</w>
  <w>och</w>
  <absaspan id=20 senti=1>
    <w>hatet</w>
    <w>mot</w>
  </absaspan>
  <absaspan id=21>
    <w>invandrare</w>
  </absaspan>
  <w>uppenbart</w>
  <absaspan id=22>
    <w>.</w>
  </absaspan>
</absapar>
<absapar id=11>
  <w>Det</w>
  <w>vilar</w>
  <w>ett</w>
  <w>tungt</w>
  <w>ansvar</w>
  <w>på</w>
  <w>polisen</w>
  <w>att</w>
  <w>bevaka</w>
  <w>demonstranternas</w>
  <w>agerande</w>
  <w>och</w>
  <w>ingripa</w>
  <w>mot</w>
  <w>förbjudna</w>
  <w>rasistiska</w>
  <w>uttryck</w>
  <w>.</w>
  <w>Samtidigt</w>
  <w>måste</w>
  <w>åklagare</w>
  <w>och</w>
  <w>domstolsväsende</w>
  <w>följa</w>
  <w>utvecklingen</w>
  <w>och</w>
  <w>försäkra</w>
  <w>sig</w>
  <w>om</w>
  <w>att</w>
  <w>brottet</w>
  <w>hets</w>
  <w>mot</w>
  <w>folkgrupp</w>
  <w>tolkas</w>
  <w>i</w>
  <w>ljuset</w>
  <w>av</w>
  <w>de</w>
  <w>hatiska</w>
  <w>uttryck</w>
  <w>och</w>
  <w>symboler</w>
  <w>som</w>
  <w>rasistiska</w>
  <w>grupper</w>
  <w>använder</w>
  <w>sig</w>
  <w>av</w>
  <w>i</w>
  <w>dag</w>
  <w>.</w>
</absapar>
<absapar id=12>
  <w>*</w>
  <w>*</w>
  <w>Nästa</w>
  <w>år</w>
  <w>kommer</w>
  <w>*</w>
  <w>*</w>
  <w>polismyndigheten</w>
  <w>att</w>
  <w>genomgå</w>
  <w>en</w>
  <w>omfattande</w>
  <w>omorganisation</w>
  <w>.</w>
  <w>De</w>
  <w>21</w>
  <w>regionala</w>
  <w>polismyndigheter</w>
  <w>vi</w>
  <w>har</w>
  <w>i</w>
  <w>dag</w>
  <w>kommer</w>
  <w>att</w>
  <w>slås</w>
  <w>samman</w>
  <w>till</w>
  <w>en</w>
  <w>myndighet</w>
  <w>.</w>
  <w>I</w>
  <w>dag</w>
  <w>finns</w>
  <absaspan id=23 senti=4>
    <w>goda</w>
    <w>exempel</w>
    <w>på</w>
    <w>polisens</w>
    <w>arbete</w>
    <w>mot</w>
    <w>hatbrott</w>
  </absaspan>
  <w>på</w>
  <w>ett</w>
  <w>fåtal</w>
  <w>ställen</w>
  <w>i</w>
  <w>landet</w>
  <w>,</w>
  <w>men</w>
  <w>någon</w>
  <w>central</w>
  <w>organisering</w>
  <w>av</w>
  <w>det</w>
  <w>arbetet</w>
  <w>finns</w>
  <w>inte</w>
  <w>och</w>
  <w>i</w>
  <w>vissa</w>
  <w>delar</w>
  <w>av</w>
  <w>landet</w>
  <w>saknas</w>
  <w>expertis</w>
  <w>och</w>
  <w>resurser</w>
  <w>helt</w>
  <w>.</w>
  <w>Hur</w>
  <w>kommer</w>
  <w>rikspolisstyrelsen</w>
  <w>att</w>
  <w>säkra</w>
  <w>att</w>
  <w>kampen</w>
  <w>mot</w>
  <w>hatbrott</w>
  <w>ges</w>
  <w>en</w>
  <w>prioriterad</w>
  <w>plats</w>
  <w>i</w>
  <w>den</w>
  <w>nya</w>
  <w>organisationen</w>
  <w>–</w>
  <w>och</w>
  <w>att</w>
  <absaspan id=24>
    <w>den</w>
    <w>expertis</w>
    <w>som</w>
    <w>finns</w>
  </absaspan>
  <absaspan id=25 senti=4>
    <w>tas</w>
    <w>till</w>
    <w>vara</w>
  </absaspan>
  <w>och</w>
  <w>återskapas</w>
  <w>över</w>
  <w>hela</w>
  <w>landet</w>
  <w>?</w>
  <w>.</w>
</absapar>
<absapar id=13>
  <w>Idag</w>
  <absaspan id=26 senti=4>
    <w>är</w>
  </absaspan>
  <absaspan id=27 senti=4>
    <w>det</w>
    <w>inte</w>
    <w>bara</w>
  </absaspan>
  <absaspan id=28>
    <w>yttrandefriheten</w>
  </absaspan>
  <absaspan id=29 senti=4>
    <w>som</w>
  </absaspan>
  <absaspan id=30 senti=4>
    <w>ska</w>
    <w>värnas</w>
  </absaspan>
  <absaspan id=31 senti=4>
    <w>utan</w>
    <w>även</w>
  </absaspan>
  <absaspan id=32>
    <w>rätten</w>
    <w>att</w>
    <w>inte</w>
    <w>utsättas</w>
    <w>för</w>
    <w>hat</w>
  </absaspan>
  <w>.</w>
  <w>Om</w>
  <w>vi</w>
  <w>ska</w>
  <w>fortsätta</w>
  <w>att</w>
  <w>låta</w>
  <w>rasistiska</w>
  <w>organisationer</w>
  <w>verka</w>
  <w>mitt</w>
  <w>ibland</w>
  <w>oss</w>
  <w>måste</w>
  <w>det</w>
  <w>finnas</w>
  <w>ett</w>
  <w>reellt</w>
  <w>skydd</w>
  <w>mot</w>
  <w>rasistiska</w>
  <w>uttryck</w>
  <w>.</w>
  <w>Det</w>
  <w>är</w>
  <w>dags</w>
  <w>för</w>
  <w>regering</w>
  <w>och</w>
  <w>rättsvårdande</w>
  <w>myndigheter</w>
  <w>att</w>
  <w>ta</w>
  <absaspan id=33>
    <w>FN</w>
    <w>:</w>
    <w>s</w>
  </absaspan>
  <absaspan id=34 senti=2>
    <w>kritik</w>
  </absaspan>
  <w>på</w>
  <w>allvar</w>
  <w>.</w>
  <w>Den</w>
  <w>nya</w>
  <w>polismyndigheten</w>
  <w>måste</w>
  <w>sätta</w>
  <w>in</w>
  <w>resurser</w>
  <w>och</w>
  <w>expertis</w>
  <w>för</w>
  <w>att</w>
  <w>effektivt</w>
  <w>kunna</w>
  <w>beivra</w>
  <w>hatbrott</w>
  <w>över</w>
  <w>hela</w>
  <w>landet</w>
  <w>.</w>
  <absaspan id=35>
    <w>Kampen</w>
    <w>mot</w>
    <w>hatbrott</w>
  </absaspan>
  <absaspan id=36 senti=4>
    <w>måste</w>
    <w>åter</w>
    <w>högt</w>
    <w>upp</w>
    <w>på</w>
    <w>den</w>
    <w>politiska</w>
    <w>dagordningen</w>
  </absaspan>
  <w>.</w>
  <w>Det</w>
  <w>är</w>
  <w>en</w>
  <w>fråga</w>
  <w>om</w>
  <w>demokrati</w>
  <w>.</w>
  <w>Och</w>
  <w>mänskliga</w>
  <w>rättigheter</w>
  <w>.</w>
</absapar>
<absapar id=14>
  <w>ROBERT</w>
  <w>HÅRDH</w>
  <w>.</w>
</absapar>
<absapar id=15>
  <w>chef</w>
  <w>Civil</w>
  <w>Rights</w>
  <w>Defenders</w>
  <w>.</w>
</absapar>
<absapar id=16>
  <w>JOHN</w>
  <w>STAUFFER</w>
  <w>.</w>
</absapar>
<absapar id=17>
  <w>chefsjurist</w>
  <w>Civil</w>
  <w>Rights</w>
  <w>Defenders</w>
  <w>.</w>
</absapar>
<absapar id=18>
  <w>Redaktör</w>
  <w>:</w>
  <w>Carina</w>
  <w>Stensson</w>
  <w>,</w>
  <w>Biträdande</w>
  <w>redaktör</w>
  <w>:</w>
  <w>Björn</w>
  <w>Jorner</w>
  <w>,</w>
  <w>Mejl</w>
  <w>:</w>
  <w>debatt</w>
  <w>@</w>
  <w>svd.se</w>
  <w>,</w>
  <w>Telefonnummer</w>
  <w>:</w>
  <w>08</w>
  <w>-</w>
  <w>135149</w>
  <w>,</w>
  <w>Twitter</w>
  <w>:</w>
  <w>@</w>
  <w>SvDDebatt</w>
  <w>,</w>
  <w>Facebook</w>
  <w>:</w>
  <w>SvD</w>
  <w>Debatt</w>
  <w>.</w>
</absapar>
</absadoc>
