<absadoc annotators=1 senti=5>
<absatitle>
  <w>SD</w>
  <w>:</w>
  <w>s</w>
  <w>hembygd</w>
  <w>är</w>
  <w>inte</w>
  <w>vår</w>
  <w>hembygd</w>
  <w>.</w>
</absatitle>
<absapar id=1>
  <absaspan id=1>
    <w>Hembygdsrörelsen</w>
  </absaspan>
  <w>är</w>
  <w>med</w>
  <w>nära</w>
  <w>450</w>
  <w>000</w>
  <w>medlemmar</w>
  <w>en</w>
  <w>av</w>
  <w>Sveriges</w>
  <w>största</w>
  <w>folkrörelser</w>
  <w>.</w>
  <w>Gemensamt</w>
  <w>för</w>
  <w>rörelsen</w>
  <w>är</w>
  <w>att</w>
  <absaspan id=2>
    <w>vi</w>
  </absaspan>
  <absaspan id=3 senti=5>
    <w>älskar</w>
  </absaspan>
  <absaspan id=4>
    <w>hembygden</w>
    <w>,</w>
    <w>kvarteret</w>
    <w>,</w>
    <w>socknen</w>
    <w>,</w>
    <w>förorten</w>
    <w>och</w>
    <w>dess</w>
    <w>historia</w>
  </absaspan>
  <w>.</w>
</absapar>
<absapar id=2>
  <w>Vi</w>
  <w>gräver</w>
  <w>där</w>
  <w>vi</w>
  <w>står</w>
  <w>,</w>
  <w>i</w>
  <w>ett</w>
  <absaspan id=5 senti=5>
    <w>rikt</w>
  </absaspan>
  <absaspan id=6>
    <w>folkligt</w>
    <w>kulturarv</w>
  </absaspan>
  <w>av</w>
  <w>berättelser</w>
  <w>från</w>
  <w>förr</w>
  <w>.</w>
  <w>Vi</w>
  <w>forskar</w>
  <w>i</w>
  <w>arkiven</w>
  <w>,</w>
  <w>vi</w>
  <absaspan id=7 senti=4>
    <w>tar</w>
    <w>hand</w>
    <w>om</w>
  </absaspan>
  <absaspan id=8>
    <w>gamla</w>
    <w>gårdar</w>
  </absaspan>
  <w>,</w>
  <w>vi</w>
  <w>samlar</w>
  <w>föremål</w>
  <w>och</w>
  <w>minnen</w>
  <w>.</w>
  <w>Sedan</w>
  <w>visar</w>
  <w>vi</w>
  <w>upp</w>
  <w>allt</w>
  <w>för</w>
  <w>alla</w>
  <w>som</w>
  <w>vill</w>
  <w>se</w>
  <w>.</w>
  <w>Ungefär</w>
  <w>3,7</w>
  <w>miljoner</w>
  <w>människor</w>
  <w>besöker</w>
  <w>våra</w>
  <w>2</w>
  <w>000</w>
  <w>föreningar</w>
  <w>och</w>
  <w>museer</w>
  <w>varje</w>
  <w>år</w>
  <w>.</w>
  <w>Det</w>
  <w>är</w>
  <w>högtider</w>
  <w>,</w>
  <w>slåtterfest</w>
  <w>,</w>
  <w>bygdespel</w>
  <w>,</w>
  <w>konserter</w>
  <w>,</w>
  <w>marknader</w>
  <w>,</w>
  <w>hemvändardagar</w>
  <w>,</w>
  <w>stadsvandringar</w>
  <w>och</w>
  <w>en</w>
  <w>mängd</w>
  <w>andra</w>
  <w>aktiviteter</w>
  <w>.</w>
  <w>Det</w>
  <w>är</w>
  <w>folk</w>
  <w>av</w>
  <w>alla</w>
  <w>slag</w>
  <w>.</w>
</absapar>
<absapar id=3>
  <w>Vi</w>
  <w>tror</w>
  <w>att</w>
  <w>du</w>
  <w>också</w>
  <w>någon</w>
  <w>gång</w>
  <w>besökt</w>
  <w>en</w>
  <w>hembygdsförening</w>
  <w>.</w>
  <w>Eller</w>
  <w>så</w>
  <w>har</w>
  <w>du</w>
  <w>läst</w>
  <w>någon</w>
  <w>av</w>
  <w>de</w>
  <w>över</w>
  <w>500</w>
  <w>böcker</w>
  <w>och</w>
  <w>tidskrifter</w>
  <w>som</w>
  <w>vi</w>
  <w>ger</w>
  <w>ut</w>
  <w>varje</w>
  <w>år</w>
  <w>.</w>
</absapar>
<absapar id=4>
  <w>I</w>
  <absaspan id=9>
    <w>riksmedia</w>
  </absaspan>
  <w>är</w>
  <w>det</w>
  <w>vanligt</w>
  <w>att</w>
  <w>man</w>
  <absaspan id=10 senti=2>
    <w>gör</w>
    <w>sig</w>
    <w>lite</w>
    <w>lustig</w>
    <w>över</w>
  </absaspan>
  <absaspan id=11>
    <w>oss</w>
  </absaspan>
  <w>.</w>
  <absaspan id=12>
    <w>Vi</w>
  </absaspan>
  <absaspan id=13>
    <w>framställs</w>
  </absaspan>
  <absaspan id=14 senti=4>
    <w>gärna</w>
  </absaspan>
  <absaspan id=15>
    <w>som</w>
  </absaspan>
  <absaspan id=16 senti=2>
    <w>sinnebilden</w>
    <w>för</w>
    <w>något</w>
    <w>mossigt</w>
    <w>och</w>
    <w>bakåtsträvande</w>
  </absaspan>
  <absaspan id=17>
    <w>.</w>
  </absaspan>
  <w>Man</w>
  <absaspan id=18 senti=4 irony>
    <w>kan</w>
  </absaspan>
  <absaspan id=19 senti=4 irony>
    <w>le</w>
  </absaspan>
  <absaspan id=20 senti=4 irony>
    <w>avfärdande</w>
  </absaspan>
  <absaspan id=21 senti=4 irony>
    <w>åt</w>
  </absaspan>
  <absaspan id=22>
    <w>”</w>
    <w>knätofsar</w>
    <w>och</w>
    <w>folkdans</w>
    <w>”</w>
  </absaspan>
  <w>.</w>
  <w>I</w>
  <w>lokaltidningar</w>
  <w>är</w>
  <w>det</w>
  <w>annorlunda</w>
  <w>.</w>
  <w>De</w>
  <w>vet</w>
  <w>i</w>
  <w>allmänhet</w>
  <w>att</w>
  <absaspan id=23>
    <w>hembygdsföreningen</w>
  </absaspan>
  <w>ofta</w>
  <absaspan id=24 senti=4>
    <w>är</w>
    <w>en</w>
  </absaspan>
  <absaspan id=25 senti=4>
    <w>samlande</w>
  </absaspan>
  <absaspan id=26 senti=4>
    <w>kraft</w>
  </absaspan>
  <w>,</w>
  <w>att</w>
  <w>våra</w>
  <w>gårdar</w>
  <w>är</w>
  <w>mötesplatser</w>
  <w>för</w>
  <w>lokalt</w>
  <w>föreningsliv</w>
  <w>och</w>
  <w>att</w>
  <w>vi</w>
  <w>kan</w>
  <w>bidra</w>
  <w>till</w>
  <w>lokal</w>
  <w>och</w>
  <w>regional</w>
  <w>utveckling</w>
  <w>till</w>
  <w>exempel</w>
  <w>för</w>
  <w>kulturturism</w>
  <w>.</w>
  <w>Vi</w>
  <w>kan</w>
  <w>tillägga</w>
  <w>att</w>
  <w>det</w>
  <w>bildas</w>
  <w>nya</w>
  <w>föreningar</w>
  <w>varje</w>
  <w>år</w>
  <w>och</w>
  <w>att</w>
  <absaspan id=27>
    <w>våra</w>
    <w>medlemmar</w>
  </absaspan>
  <absaspan id=28 senti=5>
    <w>har</w>
  </absaspan>
  <absaspan id=29 senti=5>
    <w>väldigt</w>
  </absaspan>
  <absaspan id=30 senti=5>
    <w>trevligt</w>
  </absaspan>
  <w>ihop</w>
  <w>.</w>
  <w>Många</w>
  <w>av</w>
  <w>de</w>
  <w>aktiva</w>
  <w>är</w>
  <w>äldre</w>
  <w>,</w>
  <w>men</w>
  <w>de</w>
  <w>som</w>
  <w>deltar</w>
  <w>i</w>
  <w>våra</w>
  <w>aktiviteter</w>
  <w>är</w>
  <w>människor</w>
  <w>i</w>
  <w>alla</w>
  <w>åldrar</w>
  <w>.</w>
</absapar>
<absapar id=5 senti=5>
  <w>Hembygdsrörelsen</w>
  <w>är</w>
  <w>öppen</w>
  <w>för</w>
  <w>alla</w>
  <w>oavsett</w>
  <w>bakgrund</w>
  <absaspan id=31 senti=4>
    <w>.</w>
  </absaspan>
  <w>Vi</w>
  <absaspan id=32 senti=5>
    <w>välkomnar</w>
  </absaspan>
  <absaspan id=33>
    <w>alla</w>
    <w>människor</w>
    <w>som</w>
    <w>delar</w>
    <w>vårt</w>
    <w>intresse</w>
    <w>för</w>
    <w>hembygden</w>
    <w>och</w>
    <w>vår</w>
    <w>demokratiska</w>
    <w>grundsyn</w>
  </absaspan>
  <w>.</w>
  <w>Vi</w>
  <absaspan id=34 senti=4>
    <w>gillar</w>
  </absaspan>
  <absaspan id=35>
    <w>det</w>
    <w>mångkulturella</w>
    <w>samhället</w>
  </absaspan>
  <w>och</w>
  <w>vi</w>
  <w>vet</w>
  <w>att</w>
  <w>det</w>
  <absaspan id=36 senti=2>
    <w>inte</w>
    <w>alls</w>
    <w>var</w>
    <w>bättre</w>
  </absaspan>
  <absaspan id=37>
    <w>förr</w>
  </absaspan>
  <w>.</w>
  <w>Våra</w>
  <w>arkiv</w>
  <w>berättar</w>
  <w>om</w>
  <w>tider</w>
  <w>när</w>
  <w>klasskillnaderna</w>
  <w>var</w>
  <w>stora</w>
  <w>,</w>
  <w>när</w>
  <w>okunskapen</w>
  <w>bredde</w>
  <w>ut</w>
  <w>sig</w>
  <w>och</w>
  <w>när</w>
  <w>folk</w>
  <w>fick</w>
  <w>arbeta</w>
  <w>hårt</w>
  <w>från</w>
  <w>späd</w>
  <w>ålder</w>
  <w>till</w>
  <w>ett</w>
  <w>liv</w>
  <w>på</w>
  <w>undantag</w>
  <w>i</w>
  <w>livets</w>
  <w>slutskede</w>
  <w>.</w>
</absapar>
<absapar id=6 senti=4>
  <w>Där</w>
  <w>finns</w>
  <w>människor</w>
  <w>som</w>
  <w>sökt</w>
  <w>sig</w>
  <w>bort</w>
  <w>från</w>
  <w>armodet</w>
  <w>till</w>
  <w>nya</w>
  <w>hembygder</w>
  <w>,</w>
  <w>till</w>
  <w>Amerika</w>
  <w>och</w>
  <w>Argentina</w>
  <w>eller</w>
  <w>Alingsås</w>
  <w>och</w>
  <w>Askersund</w>
  <w>.</w>
  <w>Där</w>
  <w>finns</w>
  <w>också</w>
  <w>berättelser</w>
  <w>om</w>
  <w>valloner</w>
  <w>,</w>
  <w>tyskar</w>
  <w>och</w>
  <w>franska</w>
  <w>adelsmän</w>
  <w>och</w>
  <w>om</w>
  <w>de</w>
  <w>som</w>
  <w>förr</w>
  <w>kallades</w>
  <w>tattare</w>
  <w>,</w>
  <w>finnar</w>
  <w>,</w>
  <w>lappar</w>
  <w>och</w>
  <w>zigenare</w>
  <w>.</w>
  <w>Vi</w>
  <w>kan</w>
  <w>även</w>
  <w>läsa</w>
  <w>om</w>
  <w>smålänningar</w>
  <w>och</w>
  <w>dalkarlar</w>
  <w>,</w>
  <w>om</w>
  <w>gutar</w>
  <w>och</w>
  <w>upplänningar</w>
  <w>som</w>
  <w>lämnat</w>
  <w>sina</w>
  <w>hembygder</w>
  <w>för</w>
  <w>att</w>
  <w>leva</w>
  <w>någon</w>
  <w>annanstans</w>
  <w>i</w>
  <w>Sverige</w>
  <w>.</w>
  <w>I</w>
  <w>dokumenten</w>
  <w>från</w>
  <w>efterkrigstiden</w>
  <w>är</w>
  <w>det</w>
  <w>italienare</w>
  <w>,</w>
  <w>greker</w>
  <w>,</w>
  <w>jugoslaver</w>
  <w>och</w>
  <w>chilenare</w>
  <w>som</w>
  <w>bosatt</w>
  <w>sig</w>
  <w>i</w>
  <w>hembygden</w>
  <w>.</w>
  <w>Nu</w>
  <w>är</w>
  <w>det</w>
  <w>holländare</w>
  <w>,</w>
  <w>polacker</w>
  <w>,</w>
  <w>iranier</w>
  <w>,</w>
  <w>irakier</w>
  <w>,</w>
  <w>somalier</w>
  <w>och</w>
  <w>människor</w>
  <w>från</w>
  <w>alla</w>
  <w>världens</w>
  <w>hörn</w>
  <w>.</w>
</absapar>
<absapar id=7 senti=5>
  <w>Alla</w>
  <w>dessa</w>
  <w>människor</w>
  <w>har</w>
  <w>fört</w>
  <w>med</w>
  <w>sig</w>
  <w>sina</w>
  <w>historier</w>
  <w>och</w>
  <w>alla</w>
  <w>har</w>
  <w>de</w>
  <w>satt</w>
  <w>spår</w>
  <w>i</w>
  <w>hembygden</w>
  <w>och</w>
  <w>i</w>
  <w>det</w>
  <w>lokala</w>
  <w>kulturarvet</w>
  <w>.</w>
  <w>Vår</w>
  <w>kultur</w>
  <w>är</w>
  <w>en</w>
  <w>levande</w>
  <w>mångfald</w>
  <w>som</w>
  <w>ständigt</w>
  <w>förnyas</w>
  <w>,</w>
  <w>genom</w>
  <w>möten</w>
  <w>mellan</w>
  <w>människor</w>
  <w>lokalt</w>
  <w>,</w>
  <w>regionalt</w>
  <w>,</w>
  <w>nationellt</w>
  <w>och</w>
  <w>internationellt</w>
  <w>.</w>
  <w>Det</w>
  <w>är</w>
  <w>det</w>
  <w>som</w>
  <w>är</w>
  <w>den</w>
  <w>svenska</w>
  <w>kulturen</w>
  <w>och</w>
  <w>vi</w>
  <w>föreställer</w>
  <w>oss</w>
  <w>att</w>
  <w>det</w>
  <w>är</w>
  <w>likadant</w>
  <w>i</w>
  <w>alla</w>
  <w>samhällen</w>
  <w>som</w>
  <w>är</w>
  <w>öppna</w>
  <w>för</w>
  <w>utveckling</w>
  <w>.</w>
</absapar>
<absapar id=8>
  <w>Nu</w>
  <w>efter</w>
  <w>riksdagsvalet</w>
  <absaspan id=38 senti=4>
    <w>är</w>
  </absaspan>
  <absaspan id=39>
    <w>begrepp</w>
    <w>som</w>
    <w>svensk</w>
    <w>kultur</w>
    <w>och</w>
    <w>kulturarv</w>
  </absaspan>
  <w>plötsligt</w>
  <absaspan id=40 senti=4>
    <w>rena</w>
  </absaspan>
  <absaspan id=41 senti=4>
    <w>dynamiten</w>
  </absaspan>
  <absaspan id=42>
    <w>.</w>
  </absaspan>
  <w>Hembygdsrörelsen</w>
  <w>har</w>
  <w>plötsligt</w>
  <w>blivit</w>
  <w>politisk</w>
  <w>.</w>
  <absaspan id=43>
    <w>Grupper</w>
    <w>som</w>
    <w>närs</w>
    <w>av</w>
    <w>främlingsrädsla</w>
  </absaspan>
  <w>projicerar</w>
  <w>sina</w>
  <absaspan id=44 senti=5>
    <w>drömmar</w>
    <w>om</w>
  </absaspan>
  <absaspan id=45>
    <w>en</w>
    <w>ren</w>
    <w>och</w>
    <w>okomplicerad</w>
    <w>värld</w>
    <w>fri</w>
    <w>från</w>
    <w>sociala</w>
    <w>problem</w>
    <w>,</w>
    <w>segregation</w>
    <w>och</w>
    <w>konflikter</w>
  </absaspan>
  <w>på</w>
  <w>hembygdsrörelsen</w>
  <w>som</w>
  <w>om</w>
  <absaspan id=46>
    <w>gamla</w>
    <w>tider</w>
  </absaspan>
  <absaspan id=47 senti=4>
    <w>vore</w>
    <w>värda</w>
    <w>att</w>
    <w>sträva</w>
    <w>efter</w>
  </absaspan>
  <w>.</w>
  <w>Det</w>
  <w>är</w>
  <w>de</w>
  <w>inte</w>
  <absaspan id=48 senti=2>
    <w>.</w>
  </absaspan>
</absapar>
<absapar id=9 senti=4>
  <w>Men</w>
  <w>vi</w>
  <w>kan</w>
  <w>lära</w>
  <w>oss</w>
  <w>mycket</w>
  <w>,</w>
  <w>till</w>
  <w>exempel</w>
  <w>hur</w>
  <w>man</w>
  <absaspan id=49>
    <w>förr</w>
  </absaspan>
  <absaspan id=50 senti=4>
    <w>levde</w>
    <w>i</w>
    <w>bättre</w>
    <w>balans</w>
    <w>med</w>
    <w>naturen</w>
  </absaspan>
  <w>.</w>
  <absaspan id=51>
    <w>Eller</w>
  </absaspan>
  <absaspan id=52>
    <w>vad</w>
    <w>som</w>
    <w>kan</w>
    <w>hända</w>
    <w>när</w>
    <w>man</w>
    <w>försöker</w>
    <w>sortera</w>
    <w>upp</w>
    <w>människor</w>
  </absaspan>
  <w>.</w>
  <absaspan id=53>
    <w>Det</w>
  </absaspan>
  <absaspan id=54 senti=1>
    <w>kommer</w>
    <w>vi</w>
    <w>aldrig</w>
    <w>att</w>
    <w>medverka</w>
    <w>till</w>
  </absaspan>
  <w>.</w>
  <w>Tvärtom</w>
  <w>vill</w>
  <w>vi</w>
  <w>bidra</w>
  <w>till</w>
  <w>att</w>
  <w>alla</w>
  <w>nya</w>
  <w>svenskar</w>
  <w>känner</w>
  <w>sig</w>
  <w>välkomna</w>
  <w>till</w>
  <w>det</w>
  <w>här</w>
  <absaspan id=55 senti=5>
    <w>fantastiska</w>
  </absaspan>
  <absaspan id=56>
    <w>landet</w>
  </absaspan>
  <absaspan id=57 senti=4>
    <w>.</w>
  </absaspan>
</absapar>
<absapar id=10>
  <w>Välkommen</w>
  <w>till</w>
  <w>hembygden</w>
  <w>!</w>
  <absaspan id=58 senti=5>
    <w>.</w>
  </absaspan>
</absapar>
<absapar id=11>
  <w>FAKTA</w>
  <w>.</w>
</absapar>
<absapar id=12>
  <w>Jan</w>
  <w>NordwallBirger</w>
  <w>Svanström</w>
  <w>.</w>
</absapar>
</absadoc>
