<absadoc annotators=1 senti=4>
<absatitle>
  <w>Humanitära</w>
  <w>flyktingar</w>
  <w>.</w>
</absatitle>
<absapar id=1 senti=4>
  <w>Det</w>
  <w>finns</w>
  <w>fortfarande</w>
  <w>folk</w>
  <w>som</w>
  <w>kalla</w>
  <w>majoriteten</w>
  <w>av</w>
  <w>flyktingarna</w>
  <w>för</w>
  <absaspan id=1 senti=2>
    <w>"</w>
    <w>oriktiga</w>
    <w>"</w>
  </absaspan>
  <absaspan id=2>
    <w>flyktingar</w>
  </absaspan>
  <w>eller</w>
  <absaspan id=3 senti=2>
    <w>"</w>
    <w>snyftare</w>
    <w>"</w>
  </absaspan>
  <w>.</w>
</absapar>
<absapar id=2>
  <w>Här</w>
  <w>är</w>
  <w>fakta</w>
  <w>:</w>
  <w>.</w>
</absapar>
<absapar id=3 senti=3>
  <w>Konventionsflykting</w>
  <w>är</w>
  <w>den</w>
  <w>person</w>
  <w>som</w>
  <w>bedöms</w>
  <w>ha</w>
  <w>flytt</w>
  <w>av</w>
  <w>de</w>
  <w>skäl</w>
  <w>som</w>
  <w>finns</w>
  <w>angivna</w>
  <w>i</w>
  <w>1951</w>
  <w>års</w>
  <w>konvention</w>
  <w>angående</w>
  <w>flyktingars</w>
  <w>rättsliga</w>
  <w>ställning</w>
  <w>samt</w>
  <w>dess</w>
  <w>tilläggsprotokoll</w>
  <w>.</w>
  <w>Det</w>
  <w>är</w>
  <w>en</w>
  <w>person</w>
  <w>som</w>
  <w>flytt</w>
  <w>med</w>
  <w>anledning</w>
  <w>av</w>
  <w>fruktan</w>
  <w>för</w>
  <w>förföljelse</w>
  <w>på</w>
  <w>grund</w>
  <w>av</w>
  <w>sin</w>
  <w>ras</w>
  <w>,</w>
  <w>religion</w>
  <w>,</w>
  <w>nationalitet</w>
  <w>,</w>
  <w>tillhörighet</w>
  <w>till</w>
  <w>en</w>
  <w>viss</w>
  <w>samhällsgrupp</w>
  <w>eller</w>
  <w>politisk</w>
  <w>åskådning</w>
  <w>.</w>
  <w>För</w>
  <w>att</w>
  <w>en</w>
  <w>person</w>
  <w>skall</w>
  <w>kunna</w>
  <w>anses</w>
  <w>som</w>
  <w>konventionsflykting</w>
  <w>krävs</w>
  <w>dessutom</w>
  <w>att</w>
  <w>man</w>
  <w>befinner</w>
  <w>sig</w>
  <w>utanför</w>
  <w>sitt</w>
  <w>hemland</w>
  <w>.</w>
  <w>I</w>
  <w>1951</w>
  <w>års</w>
  <w>konvention</w>
  <w>anges</w>
  <w>också</w>
  <w>att</w>
  <w>stater</w>
  <w>inte</w>
  <w>får</w>
  <w>avvisa</w>
  <w>en</w>
  <w>person</w>
  <w>till</w>
  <w>länder</w>
  <w>där</w>
  <w>dennes</w>
  <w>liv</w>
  <w>eller</w>
  <w>frihet</w>
  <w>hotas</w>
  <w>på</w>
  <w>grund</w>
  <w>av</w>
  <w>de</w>
  <w>anledningar</w>
  <w>som</w>
  <w>nämns</w>
  <w>i</w>
  <w>definitionen</w>
  <w>ovan</w>
  <w>.</w>
  <w>Denna</w>
  <w>princip</w>
  <w>kallas</w>
  <w>"</w>
  <w>non-refoulementprincipen</w>
  <w>"</w>
  <w>och</w>
  <w>kan</w>
  <w>sägas</w>
  <w>vara</w>
  <w>den</w>
  <w>del</w>
  <w>i</w>
  <w>konventionen</w>
  <w>som</w>
  <w>Amnesty</w>
  <w>International</w>
  <w>utgår</w>
  <w>ifrån</w>
  <w>i</w>
  <w>dess</w>
  <w>arbete</w>
  <w>för</w>
  <w>flyktingar</w>
  <w>.</w>
</absapar>
<absapar id=4 senti=3>
  <w>De</w>
  <w>facto</w>
  <w>flykting</w>
  <w>anses</w>
  <w>den</w>
  <w>person</w>
  <w>vara</w>
  <w>som</w>
  <w>inte</w>
  <w>uppfyller</w>
  <w>flyktingkonventionens</w>
  <w>kriterier</w>
  <w>,</w>
  <w>men</w>
  <w>som</w>
  <w>befinner</w>
  <w>sig</w>
  <w>i</w>
  <w>liknande</w>
  <w>omständigheter</w>
  <w>och</w>
  <w>som</w>
  <w>därför</w>
  <w>bör</w>
  <w>få</w>
  <w>skydd</w>
  <w>.</w>
  <w>Sverige</w>
  <w>har</w>
  <w>tidigare</w>
  <w>tillämpat</w>
  <w>denna</w>
  <w>definition</w>
  <w>för</w>
  <w>att</w>
  <w>kunna</w>
  <w>erbjuda</w>
  <w>skydd</w>
  <w>åt</w>
  <w>denna</w>
  <w>kategori</w>
  <w>flyktingar</w>
  <w>.</w>
  <w>Humanitära</w>
  <w>skäl</w>
  <w>utgjorde</w>
  <w>tidigare</w>
  <w>grund</w>
  <w>för</w>
  <w>uppehållstillstånd</w>
  <w>för</w>
  <w>personer</w>
  <w>där</w>
  <w>det</w>
  <w>inte</w>
  <w>fanns</w>
  <w>skäl</w>
  <w>att</w>
  <w>bevilja</w>
  <w>asyl</w>
  <w>,</w>
  <w>men</w>
  <w>där</w>
  <w>det</w>
  <w>på</w>
  <w>grund</w>
  <w>av</w>
  <w>den</w>
  <w>asylsökandes</w>
  <w>sjukdom</w>
  <w>eller</w>
  <w>situationen</w>
  <w>i</w>
  <w>hemlandet</w>
  <absaspan id=4 senti=2>
    <w>vore</w>
    <w>inhumant</w>
  </absaspan>
  <absaspan id=5>
    <w>att</w>
    <w>återsända</w>
    <w>honom</w>
    <w>eller</w>
    <w>henne</w>
    <w>dit</w>
  </absaspan>
  <w>.</w>
  <w>Men</w>
  <w>enligt</w>
  <w>den</w>
  <w>nya</w>
  <w>utlänningslagen</w>
  <w>som</w>
  <w>träder</w>
  <w>i</w>
  <w>kraft</w>
  <w>den</w>
  <w>1</w>
  <w>januari</w>
  <w>1997</w>
  <w>,</w>
  <w>har</w>
  <w>man</w>
  <w>istället</w>
  <w>valt</w>
  <w>begreppet</w>
  <w>övriga</w>
  <w>skyddsbehövande</w>
  <w>.</w>
  <w>Det</w>
  <w>är</w>
  <w>dock</w>
  <w>oklart</w>
  <w>huruvida</w>
  <w>ändringen</w>
  <w>innebär</w>
  <w>någon</w>
  <w>egentlig</w>
  <w>skillnad</w>
  <w>.</w>
</absapar>
<absapar id=5 senti=3>
  <absaspan id=6 senti=2>
    <w>Krigsvägrare</w>
  </absaspan>
  <w>är</w>
  <w>den</w>
  <w>som</w>
  <w>övergett</w>
  <w>en</w>
  <w>krigsskådeplats</w>
  <w>eller</w>
  <w>som</w>
  <w>har</w>
  <w>flytt</w>
  <w>sitt</w>
  <w>hemland</w>
  <w>för</w>
  <w>att</w>
  <w>undgå</w>
  <w>militärtjänstgöring</w>
  <w>.</w>
  <w>Även</w>
  <w>detta</w>
  <w>begrepp</w>
  <w>kommer</w>
  <w>att</w>
  <w>ingå</w>
  <w>i</w>
  <w>den</w>
  <w>nya</w>
  <w>begreppet</w>
  <w>övriga</w>
  <w>skyddsbehövande</w>
  <w>när</w>
  <w>den</w>
  <w>nya</w>
  <w>utlänningslagen</w>
  <w>träder</w>
  <w>i</w>
  <w>kraft</w>
  <w>i</w>
  <w>Sverige</w>
  <w>.</w>
</absapar>
<absapar id=6 senti=3>
  <w>Asylsökande</w>
  <w>är</w>
  <w>den</w>
  <w>person</w>
  <w>som</w>
  <w>ansöker</w>
  <w>om</w>
  <w>varaktig</w>
  <w>fristad</w>
  <w>i</w>
  <w>ett</w>
  <w>land</w>
  <w>,</w>
  <w>men</w>
  <w>vars</w>
  <w>ärende</w>
  <w>ännu</w>
  <w>inte</w>
  <w>har</w>
  <w>prövats</w>
  <w>eller</w>
  <w>avgjorts</w>
  <w>.</w>
</absapar>
<absapar id=7 senti=3>
  <w>Kvotflykting</w>
  <w>är</w>
  <w>en</w>
  <w>flykting</w>
  <w>som</w>
  <w>genom</w>
  <w>UNHCRs</w>
  <w>(</w>
  <w>FNs</w>
  <w>Flyktingkommissariat</w>
  <w>)</w>
  <w>försorg</w>
  <w>kommer</w>
  <w>till</w>
  <w>ett</w>
  <w>land</w>
  <w>där</w>
  <w>han</w>
  <w>eller</w>
  <w>hon</w>
  <w>får</w>
  <w>bosätta</w>
  <w>sig</w>
  <w>permanent</w>
  <w>.</w>
  <w>Under</w>
  <w>1995</w>
  <w>fick</w>
  <w>närmare</w>
  <w>2000</w>
  <w>personer</w>
  <w>uppehållstillstånd</w>
  <w>i</w>
  <w>Sverige</w>
  <w>på</w>
  <w>detta</w>
  <w>sätt</w>
  <w>.</w>
</absapar>
<absapar id=8 senti=3>
  <w>Internflykting</w>
  <w>är</w>
  <w>en</w>
  <w>person</w>
  <w>som</w>
  <w>flytt</w>
  <w>inom</w>
  <w>hemlandets</w>
  <w>gränser</w>
  <w>till</w>
  <w>följd</w>
  <w>av</w>
  <w>händelser</w>
  <w>orsakat</w>
  <w>av</w>
  <w>människan</w>
  <w>,</w>
  <w>t.ex</w>
  <w>.</w>
  <w>inbördeskrig</w>
  <w>.</w>
</absapar>
<absapar id=9 senti=3>
  <w>Invandrare</w>
  <w>är</w>
  <w>en</w>
  <w>samlande</w>
  <w>beteckning</w>
  <w>för</w>
  <w>alla</w>
  <w>de</w>
  <w>personer</w>
  <w>som</w>
  <w>inte</w>
  <w>är</w>
  <w>födda</w>
  <w>i</w>
  <w>Sverige</w>
  <w>och</w>
  <w>som</w>
  <w>av</w>
  <w>någon</w>
  <w>anledning</w>
  <w>har</w>
  <w>flyttat</w>
  <w>hit</w>
  <w>från</w>
  <w>ett</w>
  <w>annat</w>
  <w>land</w>
  <w>.</w>
</absapar>
<absapar id=10 senti=4>
  <w>Vilka</w>
  <w>av</w>
  <w>dessa</w>
  <w>är</w>
  <absaspan id=7 senti=2>
    <w>"</w>
    <w>snyftare</w>
    <w>"</w>
  </absaspan>
  <absaspan id=8 senti=2>
    <w>?</w>
  </absaspan>
  <absaspan id=9 senti=2>
    <w>.</w>
  </absaspan>
</absapar>
</absadoc>
