<absadoc annotators=1 senti=>
<absatitle>
  <w>Är</w>
  <w>situationen</w>
  <w>bättre</w>
  <w>i</w>
  <w>Frankrike</w>
  <w>och</w>
  <w>Tyskland</w>
  <w>vad</w>
  <w>gäller</w>
  <w>invandring</w>
  <w>?</w>
</absatitle>
<absapar id=1>
  <w>Hur</w>
  <w>ser</w>
  <w>läget</w>
  <w>ut</w>
  <w>i</w>
  <w>Frankrike</w>
  <w>och</w>
  <w>Tyskland</w>
  <w>relativt</w>
  <w>Sverige</w>
  <w>vad</w>
  <w>gäller</w>
  <w>invandringspolitik</w>
  <w>och</w>
  <w>det</w>
  <w>rådande</w>
  <w>läget</w>
  <w>?</w>
  <w>.</w>
</absapar>
<absapar id=2>
  <w>Är</w>
  <w>det</w>
  <w>fördelaktigt</w>
  <w>att</w>
  <w>flytta</w>
  <w>dit</w>
  <w>i</w>
  <w>det</w>
  <w>närmaste</w>
  <w>?</w>
  <w>Ser</w>
  <w>det</w>
  <w>bättre</w>
  <w>ut</w>
  <w>än</w>
  <w>i</w>
  <w>Sverige</w>
  <w>?</w>
  <w>.</w>
</absapar>
</absadoc>
