<absadoc annotators=1 senti=>
<absatitle>
  <w>Nej</w>
  <w>,</w>
  <w>fångar</w>
  <w>blir</w>
  <w>inte</w>
  <w>friska</w>
  <w>av</w>
  <w>att</w>
  <w>drogas</w>
  <w>.</w>
</absatitle>
<absapar id=1>
  <w>#</w>
  <w>P</w>
  <w>IMM</w>
  <w>.</w>
  <w>”</w>
  <w>Brottsdömda</w>
  <w>med</w>
  <w>adhd</w>
  <w>kan</w>
  <w>lättare</w>
  <w>återanpassas</w>
  <w>till</w>
  <w>ett</w>
  <w>vanligt</w>
  <w>liv</w>
  <w>om</w>
  <w>de</w>
  <w>får</w>
  <w>läkemedelsbehandling</w>
  <w>visar</w>
  <w>studier</w>
  <w>från</w>
  <w>Kriminalvården</w>
  <w>i</w>
  <w>samverkan</w>
  <w>med</w>
  <w>Karolinska</w>
  <w>Institutet</w>
  <w>.</w>
  <w>Från</w>
  <w>årsskiftet</w>
  <w>ska</w>
  <w>man</w>
  <w>därför</w>
  <w>börja</w>
  <w>screena</w>
  <w>intagna</w>
  <w>på</w>
  <w>landets</w>
  <w>fängelser</w>
  <w>så</w>
  <w>att</w>
  <w>de</w>
  <w>kan</w>
  <w>erbjudas</w>
  <w>medicin</w>
  <w>för</w>
  <w>sin</w>
  <w>diagnos</w>
  <w>”</w>
  <w>.</w>
  <w>Detta</w>
  <w>enligt</w>
  <w>nyhetsartikel</w>
  <w>i</w>
  <w>DN</w>
  <w>den</w>
  <w>28</w>
  <w>juli</w>
  <w>.</w>
</absapar>
<absapar id=2>
  <w>Kriminalvården</w>
  <w>som</w>
  <w>hävdar</w>
  <w>att</w>
  <w>30</w>
  <w>-</w>
  <w>40</w>
  <w>procent</w>
  <w>av</w>
  <w>de</w>
  <w>intagna</w>
  <w>har</w>
  <w>adhd</w>
  <w>kommer</w>
  <w>här</w>
  <w>på</w>
  <w>kollisionskurs</w>
  <w>med</w>
  <w>Kamratföreningen</w>
  <w>KRIS</w>
  <w>,</w>
  <w>Kriminellas</w>
  <w>Revansch</w>
  <w>i</w>
  <w>Samhället</w>
  <w>som</w>
  <absaspan id=1 senti=5>
    <w>kräver</w>
  </absaspan>
  <absaspan id=2>
    <w>drogfrihet</w>
  </absaspan>
  <absaspan id=3 senti=5>
    <w>av</w>
  </absaspan>
  <absaspan id=4 senti=5>
    <w>sina</w>
    <w>medlemmar</w>
  </absaspan>
  <w>.</w>
</absapar>
<absapar id=3>
  <w>När</w>
  <w>detta</w>
  <w>krav</w>
  <w>drivs</w>
  <w>konsekvent</w>
  <w>omfattar</w>
  <w>det</w>
  <w>även</w>
  <w>narkotikaklassade</w>
  <w>adhd-preparat</w>
  <w>som</w>
  <w>nu</w>
  <w>ska</w>
  <w>erbjudas</w>
  <w>under</w>
  <w>fängelsetiden</w>
  <w>och</w>
  <w>som</w>
  <w>enligt</w>
  <w>europeiska</w>
  <w>läkemedelsmyndigheters</w>
  <w>prövning</w>
  <w>kan</w>
  <w>orsaka</w>
  <w>aggression</w>
  <w>,</w>
  <w>depression</w>
  <w>,</w>
  <w>ångest</w>
  <w>,</w>
  <w>maniska</w>
  <w>tillstånd</w>
  <w>och</w>
  <w>hjärtproblem</w>
  <w>.</w>
  <w>Den</w>
  <w>euforiska</w>
  <w>effekten</w>
  <absaspan id=5 senti=2>
    <w>ger</w>
    <w>risk</w>
    <w>för</w>
  </absaspan>
  <absaspan id=6>
    <w>spridning</w>
    <w>och</w>
    <w>missbruk</w>
  </absaspan>
  <w>.</w>
</absapar>
<absapar id=4>
  <w>Adhd</w>
  <w>har</w>
  <w>hittills</w>
  <w>inom</w>
  <w>svensk</w>
  <w>psykiatri</w>
  <w>definierats</w>
  <w>som</w>
  <w>ett</w>
  <w>ärftligt</w>
  <w>neuropsykiatriskt</w>
  <w>handikapp</w>
  <w>orsakat</w>
  <w>av</w>
  <w>kemisk</w>
  <w>obalans</w>
  <w>i</w>
  <w>hjärnan</w>
  <w>.</w>
  <w>Denna</w>
  <w>rent</w>
  <w>biologiska</w>
  <w>definition</w>
  <w>som</w>
  <w>utesluter</w>
  <w>psykosociala</w>
  <w>faktorer</w>
  <w>är</w>
  <w>numera</w>
  <w>unik</w>
  <w>för</w>
  <w>Sverige</w>
  <w>eftersom</w>
  <w>varken</w>
  <w>ärftlighet</w>
  <w>eller</w>
  <w>kemisk</w>
  <w>obalans</w>
  <w>kunnat</w>
  <w>beläggas</w>
  <w>.</w>
  <w>Detta</w>
  <w>enligt</w>
  <w>Allen</w>
  <w>Frances</w>
  <w>,</w>
  <w>tidigare</w>
  <w>chef</w>
  <w>för</w>
  <w>den</w>
  <w>amerikanska</w>
  <w>diagnosmanualen</w>
  <w>DSM</w>
  <w>.</w>
</absapar>
<absapar id=5>
  <w>Kriminalvårdens</w>
  <w>hänvisar</w>
  <w>till</w>
  <w>tre</w>
  <w>studier</w>
  <w>.</w>
  <absaspan id=7>
    <w>En</w>
    <w>vid</w>
    <w>Hågaanstalten</w>
  </absaspan>
  <w>som</w>
  <absaspan id=8 senti=2>
    <w>har</w>
    <w>underkänts</w>
    <w>av</w>
  </absaspan>
  <absaspan id=9>
    <w>Socialstyrelsen</w>
  </absaspan>
  <w>på</w>
  <w>grund</w>
  <w>av</w>
  <w>för</w>
  <w>högt</w>
  <w>bortfall</w>
  <w>.</w>
  <absaspan id=10>
    <w>En</w>
    <w>andra</w>
    <w>i</w>
    <w>Norrtälje</w>
    <w>i</w>
    <w>nära</w>
    <w>allians</w>
    <w>med</w>
    <w>medicinindustrin</w>
  </absaspan>
  <absaspan id=11 senti=2>
    <w>saknar</w>
    <w>annat</w>
    <w>än</w>
    <w>anekdotisk</w>
    <w>uppföljning</w>
  </absaspan>
  <w>.</w>
  <absaspan id=12>
    <w>Dessa</w>
    <w>två</w>
    <w>studier</w>
  </absaspan>
  <absaspan id=13 senti=2>
    <w>uppges</w>
    <w>felaktigt</w>
    <w>vara</w>
    <w>blinda</w>
    <w>för</w>
    <w>deltagarna</w>
  </absaspan>
  <w>och</w>
  <absaspan id=14 senti=2>
    <w>har</w>
  </absaspan>
  <w>därmed</w>
  <w>enligt</w>
  <absaspan id=15>
    <w>Läkemedelsverket</w>
  </absaspan>
  <absaspan id=16 senti=2>
    <w>ringa</w>
  </absaspan>
  <absaspan id=17 senti=2>
    <w>vetenskapligt</w>
    <w>värde</w>
  </absaspan>
  <w>.</w>
  <w>Den</w>
  <w>tredje</w>
  <w>,</w>
  <w>en</w>
  <w>registerstudie</w>
  <w>,</w>
  <w>utesluter</w>
  <w>faktiskt</w>
  <w>orsaksanalyser</w>
  <w>men</w>
  <w>anses</w>
  <w>ändå</w>
  <w>bevisa</w>
  <w>att</w>
  <w>medicinering</w>
  <w>minskar</w>
  <w>kriminalitet</w>
  <w>.</w>
</absapar>
<absapar id=6>
  <w>En</w>
  <w>möjlig</w>
  <w>förklaring</w>
  <w>till</w>
  <w>marginellt</w>
  <w>minskad</w>
  <w>brottslighet</w>
  <w>under</w>
  <w>medicinering</w>
  <w>är</w>
  <w>att</w>
  <w>individen</w>
  <w>uppmärksammas</w>
  <w>och</w>
  <w>inte</w>
  <w>själv</w>
  <w>behöver</w>
  <w>förse</w>
  <w>sig</w>
  <w>med</w>
  <w>narkotika</w>
  <w>.</w>
  <w>Under</w>
  <w>medicineringsfria</w>
  <w>perioder</w>
  <w>kan</w>
  <w>en</w>
  <w>eventuellt</w>
  <w>svagt</w>
  <w>ökad</w>
  <w>brottsfrekvens</w>
  <w>orsakas</w>
  <w>av</w>
  <w>abstinensproblem</w>
  <w>efter</w>
  <w>medicinering</w>
  <w>.</w>
</absapar>
<absapar id=7>
  <w>Den</w>
  <w>respekterade</w>
  <w>forskaren</w>
  <w>Nora</w>
  <w>Volkow</w>
  <w>har</w>
  <w>konstaterat</w>
  <w>att</w>
  <w>efter</w>
  <w>ett</w>
  <w>års</w>
  <w>adhd-medicinering</w>
  <w>återfinns</w>
  <w>i</w>
  <w>hjärnan</w>
  <w>25</w>
  <w>procent</w>
  <w>mer</w>
  <w>av</w>
  <w>ett</w>
  <w>protein</w>
  <w>som</w>
  <w>transporterar</w>
  <w>bort</w>
  <w>dopamin</w>
  <w>.</w>
  <w>Detta</w>
  <w>ger</w>
  <w>behov</w>
  <w>av</w>
  <w>allt</w>
  <w>högre</w>
  <w>doser</w>
  <w>samt</w>
  <w>försvårade</w>
  <w>adhd-problem</w>
  <w>när</w>
  <w>medicinering</w>
  <w>upphör</w>
  <w>.</w>
  <w>Utan</w>
  <w>medicinering</w>
  <w>uppkommer</w>
  <w>inte</w>
  <w>denna</w>
  <w>förändring</w>
  <w>.</w>
</absapar>
<absapar id=8>
  <absaspan id=18 senti=5>
    <w>KRIS</w>
    <w>tycks</w>
    <w>ha</w>
    <w>goda</w>
    <w>skäl</w>
  </absaspan>
  <absaspan id=19>
    <w>att</w>
    <w>konsekvent</w>
    <w>försvara</w>
    <w>sitt</w>
    <w>krav</w>
    <w>på</w>
    <w>drogfrihet</w>
  </absaspan>
  <w>.</w>
</absapar>
<absapar id=9>
  <w>Kriminalvården</w>
  <absaspan id=20 senti=2>
    <w>bör</w>
    <w>ompröva</w>
  </absaspan>
  <absaspan id=21>
    <w>beslutet</w>
    <w>om</w>
    <w>medicinering</w>
  </absaspan>
  <w>eftersom</w>
  <w>det</w>
  <w>saknas</w>
  <w>replikerat</w>
  <w>forskningsunderlag</w>
  <w>och</w>
  <w>Karolinska</w>
  <w>Institutet</w>
  <w>borde</w>
  <w>beakta</w>
  <w>sitt</w>
  <w>rykte</w>
  <w>och</w>
  <w>upphöra</w>
  <w>med</w>
  <w>sin</w>
  <w>sanktionering</w>
  <w>.</w>
</absapar>
<absapar id=10>
  <absaspan id=22>
    <w>Ärftlig</w>
    <w>kriminalitet</w>
    <w>och</w>
    <w>medicinska</w>
    <w>experiment</w>
    <w>med</w>
    <w>fångar</w>
  </absaspan>
  <absaspan id=23 senti=2>
    <w>ger</w>
    <w>obehagliga</w>
    <w>associationer</w>
  </absaspan>
  <w>.</w>
</absapar>
<absapar id=11>
  <w>Lars</w>
  <w>Lundström</w>
  <w>.</w>
</absapar>
<absapar id=12>
  <w>Dr</w>
  <w>i</w>
  <w>psykologi</w>
  <w>,</w>
  <w>leg</w>
  <w>psykolog</w>
  <w>.</w>
</absapar>
<absapar id=13>
  <w>Häng</w>
  <w>med</w>
  <w>i</w>
  <w>debatten</w>
  <w>och</w>
  <w>kommentera</w>
  <w>artikeln</w>
  <w>–</w>
  <w>följ</w>
  <w>Debatt</w>
  <w>på</w>
  <w>Facebook</w>
  <w>.</w>
</absapar>
</absadoc>
