<absadoc annotators=1 senti=>
<absatitle>
  <absaspan id=1 senti=2 target=1>
    <w>Nationens</w>
    <w>undergång</w>
  </absaspan>
  <w>får</w>
  <w>vänta</w>
  <w>.</w>
</absatitle>
<absapar id=1>
  <w>Jag</w>
  <w>erkänner</w>
  <w>att</w>
  <w>jag</w>
  <w>läser</w>
  <w>operasångerskans</w>
  <w>uppdateringar</w>
  <w>på</w>
  <w>Facebook</w>
  <w>.</w>
  <w>Nu</w>
  <w>har</w>
  <w>Ernman</w>
  <w>delat</w>
  <w>denna</w>
  <w>artikel</w>
  <w>som</w>
  <w>mäter</w>
  <w>välfärdsystemets</w>
  <w>fördelar</w>
  <w>.</w>
  <absaspan id=2>
    <w>Hon</w>
  </absaspan>
  <w>förenklar</w>
  <w>och</w>
  <absaspan id=3 senti=2>
    <w>skriver</w>
    <w>hånfullt</w>
    <w>att</w>
    <w>nationens</w>
    <w>undergång</w>
    <w>får</w>
    <w>vänta</w>
  </absaspan>
  <w>.</w>
  <w>Eftersom</w>
  <w>många</w>
  <w>följer</w>
  <w>och</w>
  <w>litar</w>
  <w>på</w>
  <w>henne</w>
  <w>undrar</w>
  <w>jag</w>
  <w>hur</w>
  <w>samhället</w>
  <w>ser</w>
  <w>ut</w>
  <w>om</w>
  <w>man</w>
  <w>kollar</w>
  <w>på</w>
  <w>brottslighet</w>
  <w>,</w>
  <w>svensk</w>
  <w>ekonomi</w>
  <w>,</w>
  <w>integration</w>
  <w>,</w>
  <w>nedskärningar</w>
  <w>i</w>
  <w>offentlig</w>
  <w>sektor</w>
  <w>och</w>
  <w>privat</w>
  <w>belåning</w>
  <w>.</w>
  <w>Hur</w>
  <w>ser</w>
  <w>Sveriges</w>
  <w>och</w>
  <w>medborgares</w>
  <w>läge</w>
  <w>egentligen</w>
  <w>ut</w>
  <w>.</w>
  <w>Ekonomiskt</w>
  <w>och</w>
  <w>socialpolitiskt</w>
  <w>.</w>
</absapar>
<absapar id=2>
  <w>Kommentarerna</w>
  <w>jag</w>
  <w>är</w>
  <w>där</w>
  <w>för</w>
  <w>.</w>
</absapar>
<absapar id=3>
  <w>Flytta</w>
  <w>gärna</w>
  <w>tråden</w>
  <w>om</w>
  <w>den</w>
  <w>ligger</w>
  <w>fel</w>
  <w>.</w>
  <w>Jag</w>
  <w>är</w>
  <w>osäker</w>
  <w>om</w>
  <w>tråden</w>
  <w>ligger</w>
  <w>rätt</w>
  <w>.</w>
</absapar>
</absadoc>
