<absadoc annotators=1 senti=>
<absatitle>
  <w>Tydligt</w>
  <w>att</w>
  <w>även</w>
  <absaspan id=1>
    <w>Sveriges</w>
    <w>demokrati</w>
  </absaspan>
  <absaspan id=2 senti=4 target=1>
    <w>måste</w>
    <w>skyddas</w>
  </absaspan>
  <w>.</w>
</absatitle>
<absapar id=1>
  <w>Det</w>
  <w>ungerska</w>
  <w>folket</w>
  <w>har</w>
  <w>allt</w>
  <w>mindre</w>
  <w>val</w>
  <w>och</w>
  <w>allt</w>
  <w>svagare</w>
  <w>skydd</w>
  <w>av</w>
  <w>rättsstaten</w>
  <w>,</w>
  <w>när</w>
  <w>landet</w>
  <w>går</w>
  <w>till</w>
  <w>val</w>
  <w>på</w>
  <w>söndag</w>
  <w>.</w>
  <absaspan id=3 senti=2>
    <w>EU</w>
    <w>måste</w>
    <w>nu</w>
    <w>agera</w>
    <w>hårdare</w>
    <w>mot</w>
  </absaspan>
  <absaspan id=4>
    <w>Ungern</w>
  </absaspan>
  <w>och</w>
  <w>i</w>
  <w>Sverige</w>
  <w>måste</w>
  <w>vi</w>
  <w>införa</w>
  <w>en</w>
  <w>författningsdomstol</w>
  <w>för</w>
  <w>att</w>
  <absaspan id=5 senti=4>
    <w>skydda</w>
  </absaspan>
  <absaspan id=6>
    <w>den</w>
    <w>liberala</w>
    <w>demokratin</w>
  </absaspan>
  <w>,</w>
  <w>skriver</w>
  <w>Cecilia</w>
  <w>Wikström</w>
  <w>,</w>
  <w>Europaparlamentariker</w>
  <w>och</w>
  <w>Morgan</w>
  <w>Olofsson</w>
  <w>,</w>
  <w>riksdagskandidat</w>
  <w>för</w>
  <w>Liberalerna</w>
  <w>.</w>
</absapar>
<absapar id=2>
  <w>Precis</w>
  <w>som</w>
  <w>andra</w>
  <w>auktoritära</w>
  <w>regimer</w>
  <w>använder</w>
  <w>sig</w>
  <w>Ungerns</w>
  <w>premiärminister</w>
  <w>Viktor</w>
  <w>Orbán</w>
  <w>av</w>
  <absaspan id=7 senti=1>
    <w>populistisk</w>
    <w>skrämselpropaganda</w>
  </absaspan>
  <w>.</w>
  <w>Orbán</w>
  <w>hävdar</w>
  <w>att</w>
  <w>"</w>
  <w>globalister</w>
  <w>"</w>
  <w>har</w>
  <w>planerat</w>
  <w>massinvandring</w>
  <w>genom</w>
  <w>att</w>
  <w>ta</w>
  <w>flyktingar</w>
  <w>till</w>
  <w>Europa</w>
  <w>för</w>
  <w>att</w>
  <w>försvaga</w>
  <w>nationerna</w>
  <w>och</w>
  <w>ta</w>
  <w>död</w>
  <w>på</w>
  <w>den</w>
  <w>kristna</w>
  <w>kulturen</w>
  <w>.</w>
  <w>"</w>
  <w>Globalister</w>
  <w>"</w>
  <w>är</w>
  <w>ett</w>
  <w>nyord</w>
  <w>och</w>
  <w>en</w>
  <w>variant</w>
  <w>på</w>
  <w>fascismens</w>
  <w>och</w>
  <w>nazismens</w>
  <w>"</w>
  <w>kosmopoliter</w>
  <w>"</w>
  <w>,</w>
  <w>som</w>
  <w>också</w>
  <w>den</w>
  <w>utgick</w>
  <w>ifrån</w>
  <w>en</w>
  <w>påhittad</w>
  <w>judisk</w>
  <w>konspiration</w>
  <w>.</w>
</absapar>
<absapar id=3>
  <w>Det</w>
  <w>här</w>
  <w>är</w>
  <w>en</w>
  <w>argumenterande</w>
  <w>text</w>
  <w>med</w>
  <w>syfte</w>
  <w>att</w>
  <w>påverka</w>
  <w>.</w>
  <w>Åsikterna</w>
  <w>som</w>
  <w>uttrycks</w>
  <w>är</w>
  <w>skribentens</w>
  <w>egna</w>
  <w>.</w>
</absapar>
<absapar id=4>
  <w>I</w>
  <w>skottgluggen</w>
  <w>för</w>
  <absaspan id=8>
    <w>Orbáns</w>
  </absaspan>
  <absaspan id=9 senti=1>
    <w>hat</w>
  </absaspan>
  <w>står</w>
  <w>också</w>
  <w>finansmannen</w>
  <w>George</w>
  <w>Soros</w>
  <w>,</w>
  <w>judisk</w>
  <w>ungrare</w>
  <w>som</w>
  <w>överlevde</w>
  <w>förintelselägren</w>
  <w>.</w>
  <w>Förra</w>
  <w>året</w>
  <w>satte</w>
  <w>regeringen</w>
  <w>upp</w>
  <w>affischer</w>
  <w>med</w>
  <w>en</w>
  <w>leende</w>
  <w>Soros</w>
  <w>bredvid</w>
  <w>en</w>
  <w>gränsbom</w>
  <w>och</w>
  <w>orden</w>
  <w>"</w>
  <w>Låt</w>
  <w>inte</w>
  <w>Soros</w>
  <w>få</w>
  <w>sista</w>
  <w>skrattet</w>
  <w>"</w>
  <w>och</w>
  <w>tillägget</w>
  <w>att</w>
  <absaspan id=10>
    <w>99</w>
    <w>procent</w>
  </absaspan>
  <absaspan id=11 senti=2>
    <w>är</w>
    <w>mot</w>
  </absaspan>
  <absaspan id=12>
    <w>illegal</w>
    <w>invandring</w>
  </absaspan>
  <w>.</w>
  <w>En</w>
  <w>av</w>
  <w>Orbáns</w>
  <w>parlamentsledamöter</w>
  <w>delade</w>
  <w>ett</w>
  <w>inlägg</w>
  <w>på</w>
  <w>Facebook</w>
  <w>med</w>
  <w>en</w>
  <w>död</w>
  <w>gris</w>
  <w>omgiven</w>
  <w>av</w>
  <w>leende</w>
  <w>människor</w>
  <w>och</w>
  <w>orden</w>
  <w>"</w>
  <w>Det</w>
  <w>här</w>
  <w>var</w>
  <w>Soros</w>
  <w>"</w>
  <w>.</w>
</absapar>
<absapar id=5>
  <w>Precis</w>
  <w>som</w>
  <w>andra</w>
  <w>auktoritära</w>
  <w>regimer</w>
  <w>monterar</w>
  <w>Ungern</w>
  <w>ner</w>
  <w>den</w>
  <w>liberala</w>
  <w>demokratin</w>
  <w>.</w>
  <w>Viktor</w>
  <w>Orbán</w>
  <w>har</w>
  <w>till</w>
  <w>och</w>
  <w>med</w>
  <w>ett</w>
  <w>ord</w>
  <w>för</w>
  <w>det</w>
  <w>nya</w>
  <w>,</w>
  <w>"</w>
  <w>illiberal</w>
  <w>demokrati</w>
  <w>"</w>
  <w>,</w>
  <w>men</w>
  <w>också</w>
  <w>det</w>
  <w>är</w>
  <w>ett</w>
  <w>nyord</w>
  <w>för</w>
  <w>i</w>
  <w>det</w>
  <w>här</w>
  <w>fallet</w>
  <w>ett</w>
  <w>allt</w>
  <w>mer</w>
  <w>auktoritärt</w>
  <w>styre</w>
  <w>.</w>
  <w>Vägen</w>
  <w>dit</w>
  <w>går</w>
  <w>via</w>
  <w>att</w>
  <w>ta</w>
  <w>makten</w>
  <w>över</w>
  <w>rättsväsende</w>
  <w>och</w>
  <w>medier</w>
  <w>,</w>
  <w>ändra</w>
  <w>på</w>
  <w>grundlagar</w>
  <w>och</w>
  <w>vallagar</w>
  <w>så</w>
  <w>att</w>
  <w>de</w>
  <absaspan id=13 senti=4>
    <w>gynnar</w>
  </absaspan>
  <w>det</w>
  <w>egna</w>
  <w>partiet</w>
  <w>.</w>
  <w>Förebilderna</w>
  <w>är</w>
  <w>Kina</w>
  <w>och</w>
  <w>Ryssland</w>
  <w>.</w>
</absapar>
<absapar id=6>
  <w>Nu</w>
  <w>är</w>
  <w>det</w>
  <w>tid</w>
  <w>för</w>
  <w>oss</w>
  <w>som</w>
  <w>tror</w>
  <w>på</w>
  <w>den</w>
  <w>liberala</w>
  <w>demokratin</w>
  <w>att</w>
  <w>slå</w>
  <w>tillbaka</w>
  <w>och</w>
  <absaspan id=14 senti=4>
    <w>stå</w>
    <w>upp</w>
    <w>för</w>
  </absaspan>
  <absaspan id=15>
    <w>våra</w>
    <w>värderingar</w>
  </absaspan>
  <w>,</w>
  <w>för</w>
  <w>vår</w>
  <absaspan id=16 senti=4>
    <w>tro</w>
    <w>på</w>
  </absaspan>
  <absaspan id=17>
    <w>demokrati</w>
    <w>,</w>
    <w>frihet</w>
    <w>och</w>
    <w>mänskliga</w>
    <w>rättigheter</w>
  </absaspan>
  <w>.</w>
  <w>Men</w>
  <absaspan id=18 senti=3>
    <w>det</w>
    <w>räcker</w>
    <w>inte</w>
    <w>med</w>
  </absaspan>
  <absaspan id=19>
    <w>bara</w>
    <w>ord</w>
  </absaspan>
  <w>.</w>
  <w>Vi</w>
  <w>måste</w>
  <w>bygga</w>
  <w>ett</w>
  <w>effektivt</w>
  <w>och</w>
  <w>hållbart</w>
  <w>skydd</w>
  <w>för</w>
  <w>dessa</w>
  <w>värderingar</w>
  <w>.</w>
</absapar>
<absapar id=7>
  <absaspan id=20 senti=2>
    <w>EU</w>
    <w>måste</w>
    <w>agera</w>
    <w>hårdare</w>
    <w>mot</w>
  </absaspan>
  <absaspan id=21>
    <w>Ungern</w>
  </absaspan>
  <w>och</w>
  <w>andra</w>
  <absaspan id=22>
    <w>medlemsländer</w>
    <w>som</w>
    <w>bryter</w>
    <w>mot</w>
    <w>yttrandefrihet</w>
  </absaspan>
  <w>,</w>
  <w>frihet</w>
  <w>för</w>
  <w>medier</w>
  <w>och</w>
  <w>andra</w>
  <w>grundläggande</w>
  <w>mänskliga</w>
  <w>rättigheter</w>
  <w>.</w>
  <w>Ett</w>
  <w>första</w>
  <w>viktigt</w>
  <w>steg</w>
  <w>i</w>
  <w>detta</w>
  <w>vore</w>
  <w>att</w>
  <w>EU-kommissionen</w>
  <w>börjar</w>
  <w>granska</w>
  <w>och</w>
  <w>rapportera</w>
  <w>om</w>
  <w>hur</w>
  <w>medlemsländerna</w>
  <w>följer</w>
  <w>de</w>
  <w>rättigheter</w>
  <w>,</w>
  <w>värden</w>
  <w>och</w>
  <w>värderingar</w>
  <w>som</w>
  <w>utgör</w>
  <w>stommen</w>
  <w>för</w>
  <w>EU-medlemskapet</w>
  <w>.</w>
  <absaspan id=23>
    <w>De</w>
    <w>länder</w>
    <w>som</w>
    <w>bryter</w>
    <w>mot</w>
    <w>de</w>
    <w>grundläggande</w>
    <w>rättigheterna</w>
  </absaspan>
  <absaspan id=24 senti=1>
    <w>måste</w>
    <w>bestraffas</w>
  </absaspan>
  <w>,</w>
  <w>vilket</w>
  <w>kan</w>
  <w>ske</w>
  <w>genom</w>
  <w>att</w>
  <w>EU-medel</w>
  <w>fryser</w>
  <w>inne</w>
  <w>eller</w>
  <w>att</w>
  <w>rösträtten</w>
  <w>i</w>
  <w>det</w>
  <w>Europeiska</w>
  <w>rådet</w>
  <w>tillfälligt</w>
  <w>dras</w>
  <w>in</w>
  <w>.</w>
</absapar>
<absapar id=8>
  <w>I</w>
  <w>Sverige</w>
  <w>har</w>
  <w>vi</w>
  <w>den</w>
  <w>gångna</w>
  <w>tiden</w>
  <w>sett</w>
  <w>hur</w>
  <absaspan id=25>
    <w>den</w>
    <w>sittande</w>
    <w>S</w>
    <w>-</w>
    <w>och</w>
    <w>MP-regeringen</w>
  </absaspan>
  <w>gång</w>
  <w>på</w>
  <w>gång</w>
  <absaspan id=26 senti=1>
    <w>fått</w>
    <w>hård</w>
    <w>kritik</w>
    <w>av</w>
  </absaspan>
  <w>det</w>
  <w>rådgivande</w>
  <absaspan id=27>
    <w>Lagrådet</w>
  </absaspan>
  <w>för</w>
  <absaspan id=28>
    <w>lagförslag</w>
  </absaspan>
  <absaspan id=29>
    <w>,</w>
    <w>som</w>
    <w>regeringen</w>
    <w>ändå</w>
    <w>gått</w>
    <w>vidare</w>
    <w>med</w>
  </absaspan>
  <w>.</w>
  <absaspan id=30>
    <w>Det</w>
  </absaspan>
  <absaspan id=31 senti=1>
    <w>urholkar</w>
    <w>rättsväsendet</w>
    <w>och</w>
    <w>därmed</w>
    <w>demokratin</w>
  </absaspan>
  <w>.</w>
  <w>Det</w>
  <w>gör</w>
  <w>det</w>
  <w>än</w>
  <w>enklare</w>
  <w>för</w>
  <w>auktoritära</w>
  <w>krafter</w>
  <w>att</w>
  <w>ta</w>
  <w>rättsstaten</w>
  <w>i</w>
  <w>besittning</w>
  <w>om</w>
  <w>de</w>
  <w>skulle</w>
  <w>komma</w>
  <w>till</w>
  <w>makten</w>
  <w>.</w>
  <absaspan id=32 senti=4>
    <w>Det</w>
    <w>är</w>
    <w>därför</w>
    <w>hög</w>
    <w>tid</w>
    <w>att</w>
  </absaspan>
  <absaspan id=33>
    <w>Sverige</w>
    <w>får</w>
    <w>en</w>
    <w>författningsdomstol</w>
  </absaspan>
  <w>.</w>
</absapar>
<absapar id=9>
  <w>Skräddarsydda</w>
  <w>kurser</w>
  <w>i</w>
  <w>ämnen</w>
  <w>som</w>
  <w>intresserar</w>
  <w>och</w>
  <w>engagerar</w>
  <w>både</w>
  <w>kropp</w>
  <w>och</w>
  <w>själ</w>
  <w>.</w>
</absapar>
<absapar id=10>
  <w>I</w>
  <w>dag</w>
  <w>har</w>
  <w>också</w>
  <w>regeringen</w>
  <w>makt</w>
  <w>över</w>
  <w>vilka</w>
  <w>som</w>
  <w>sitter</w>
  <w>i</w>
  <w>Sveriges</w>
  <w>Televisions</w>
  <w>,</w>
  <w>Sveriges</w>
  <w>Radios</w>
  <w>och</w>
  <w>UR</w>
  <w>:</w>
  <w>s</w>
  <w>styrelser</w>
  <w>.</w>
  <w>Det</w>
  <w>gör</w>
  <w>det</w>
  <w>enkelt</w>
  <w>för</w>
  <w>auktoritära</w>
  <w>krafter</w>
  <w>att</w>
  <w>ta</w>
  <w>medierna</w>
  <w>i</w>
  <w>besittning</w>
  <w>om</w>
  <w>de</w>
  <w>skulle</w>
  <w>komma</w>
  <w>till</w>
  <w>makten</w>
  <w>.</w>
  <absaspan id=34 senti=3>
    <w>Det</w>
    <w>är</w>
    <w>dags</w>
    <w>att</w>
  </absaspan>
  <absaspan id=35>
    <w>politikernas</w>
    <w>makt</w>
    <w>över</w>
    <w>public</w>
    <w>service-företagen</w>
  </absaspan>
  <absaspan id=36 senti=2>
    <w>begränsas</w>
  </absaspan>
  <w>,</w>
  <w>men</w>
  <w>det</w>
  <w>kan</w>
  <w>också</w>
  <w>behövas</w>
  <w>skydd</w>
  <w>i</w>
  <w>grundlagen</w>
  <w>.</w>
</absapar>
<absapar id=11>
  <absaspan id=37 senti=3>
    <w>Det</w>
    <w>räcker</w>
    <w>inte</w>
    <w>bara</w>
    <w>med</w>
  </absaspan>
  <absaspan id=38>
    <w>ord</w>
  </absaspan>
  <w>,</w>
  <w>skriver</w>
  <w>vi</w>
  <w>.</w>
  <w>Samtidigt</w>
  <w>visar</w>
  <w>utvecklingen</w>
  <w>i</w>
  <w>Ungern</w>
  <w>och</w>
  <w>på</w>
  <w>andra</w>
  <w>håll</w>
  <w>att</w>
  <w>institutionerna</w>
  <w>som</w>
  <w>skyddar</w>
  <w>demokratin</w>
  <w>går</w>
  <w>att</w>
  <w>montera</w>
  <w>ned</w>
  <w>.</w>
  <w>Utan</w>
  <w>ord</w>
  <w>,</w>
  <w>utan</w>
  <w>att</w>
  <w>vi</w>
  <w>ständigt</w>
  <w>för</w>
  <w>kampen</w>
  <w>för</w>
  <w>demokratin</w>
  <absaspan id=39 senti=3>
    <w>räcker</w>
    <w>inte</w>
  </absaspan>
  <w>heller</w>
  <absaspan id=40>
    <w>starkare</w>
    <w>institutioner</w>
  </absaspan>
  <w>.</w>
  <absaspan id=41>
    <w>Både</w>
    <w>ord</w>
    <w>och</w>
    <w>starka</w>
    <w>institutioner</w>
  </absaspan>
  <absaspan id=42 senti=4>
    <w>behövs</w>
    <w>för</w>
    <w>att</w>
    <w>trygga</w>
    <w>den</w>
    <w>demokrati</w>
    <w>som</w>
    <w>i</w>
    <w>år</w>
    <w>fyller</w>
    <w>hundra</w>
    <w>år</w>
    <w>i</w>
    <w>Sverige</w>
  </absaspan>
  <w>.</w>
</absapar>
<absapar id=12>
  <w>Cecilia</w>
  <w>Wikström</w>
  <w>(</w>
  <w>L</w>
  <w>)</w>
  <w>Europaparlamentariker</w>
  <w>.</w>
</absapar>
<absapar id=13>
  <w>Morgan</w>
  <w>Olofsson</w>
  <w>(</w>
  <w>L</w>
  <w>)</w>
  <w>riksdagskandidat</w>
  <w>.</w>
</absapar>
<absapar id=14>
  <w>Redaktör</w>
  <w>:</w>
  <w>Carina</w>
  <w>Stensson</w>
  <w>,</w>
  <w>Biträdande</w>
  <w>redaktör</w>
  <w>:</w>
  <w>Björn</w>
  <w>Jorner</w>
  <w>,</w>
  <w>Mejl</w>
  <w>:</w>
  <w>debatt</w>
  <w>@</w>
  <w>svd.se</w>
  <w>,</w>
  <w>Telefonnummer</w>
  <w>:</w>
  <w>08</w>
  <w>-</w>
  <w>135149</w>
  <w>,</w>
  <w>Twitter</w>
  <w>:</w>
  <w>@</w>
  <w>SvDDebatt</w>
  <w>,</w>
  <w>Facebook</w>
  <w>:</w>
  <w>SvD</w>
  <w>Debatt</w>
  <w>.</w>
</absapar>
</absadoc>
