<absadoc annotators=1 senti=>
<absatitle>
  <w>Läkare</w>
  <w>använder</w>
  <absaspan id=1>
    <w>medicin</w>
  </absaspan>
  <w>som</w>
  <absaspan id=2 senti=2 source=3 target=1>
    <w>inte</w>
    <w>är</w>
    <w>godkänd</w>
  </absaspan>
  <absaspan id=3>
    <w>.</w>
  </absaspan>
</absatitle>
<absapar id=1>
  <absaspan id=4 senti=2>
    <w>Kritiken</w>
  </absaspan>
  <w>mot</w>
  <absaspan id=5>
    <w>läkemedelsbranschen</w>
  </absaspan>
  <absaspan id=6 senti=2>
    <w>är</w>
    <w>osaklig</w>
  </absaspan>
  <absaspan id=7>
    <w>.</w>
  </absaspan>
  <w>MS-läkare</w>
  <w>undviker</w>
  <w>frågan</w>
  <w>om</w>
  <w>patientsäkerhet</w>
  <w>,</w>
  <w>skriver</w>
  <w>Anders</w>
  <w>Blanck</w>
  <w>,</w>
  <w>vd</w>
  <w>LIF</w>
  <w>–</w>
  <w>de</w>
  <w>forskande</w>
  <w>läkemedelsföretagen</w>
  <w>,</w>
  <w>i</w>
  <w>en</w>
  <w>replik</w>
  <w>.</w>
</absapar>
<absapar id=2>
  <w>Flera</w>
  <w>neurologer</w>
  <w>från</w>
  <w>Norrlands</w>
  <w>universitetssjukhus</w>
  <w>skriver</w>
  <w>om</w>
  <w>behandling</w>
  <w>av</w>
  <w>sjukdomen</w>
  <w>MS</w>
  <w>(</w>
  <w>SvD</w>
  <w>Debatt</w>
  <w>25</w>
  <w>/</w>
  <w>5</w>
  <w>)</w>
  <w>.</w>
  <w>Artikeln</w>
  <w>innehåller</w>
  <absaspan id=8 senti=1>
    <w>svepande</w>
    <w>och</w>
    <w>grovt</w>
    <w>osaklig</w>
  </absaspan>
  <absaspan id=9 senti=2>
    <w>kritik</w>
  </absaspan>
  <w>mot</w>
  <absaspan id=10>
    <w>läkemedelsbranschen</w>
  </absaspan>
  <w>,</w>
  <w>och</w>
  <w>saknar</w>
  <w>helt</w>
  <w>det</w>
  <w>viktigaste</w>
  <w>perspektivet</w>
  <w>:</w>
  <w>patientsäkerheten</w>
  <absaspan id=11>
    <w>.</w>
  </absaspan>
  <w>Vi</w>
  <w>vill</w>
  <w>fokusera</w>
  <w>på</w>
  <w>sakfrågan</w>
  <w>,</w>
  <w>som</w>
  <w>har</w>
  <absaspan id=12 senti=4>
    <w>stor</w>
    <w>principiell</w>
  </absaspan>
  <absaspan id=13>
    <w>betydelse</w>
  </absaspan>
  <w>.</w>
</absapar>
<absapar id=3>
  <w>Det</w>
  <w>här</w>
  <w>är</w>
  <w>en</w>
  <w>argumenterande</w>
  <w>text</w>
  <w>med</w>
  <w>syfte</w>
  <w>att</w>
  <w>påverka</w>
  <w>.</w>
  <w>Åsikterna</w>
  <w>som</w>
  <w>uttrycks</w>
  <w>är</w>
  <w>skribentens</w>
  <w>egna</w>
  <w>.</w>
</absapar>
<absapar id=4>
  <w>Inga</w>
  <w>andra</w>
  <w>produkter</w>
  <w>i</w>
  <w>vårt</w>
  <w>samhälle</w>
  <w>är</w>
  <w>i</w>
  <w>lika</w>
  <w>hög</w>
  <w>grad</w>
  <w>granskade</w>
  <w>och</w>
  <w>prövade</w>
  <w>som</w>
  <w>läkemedel</w>
  <w>innan</w>
  <w>de</w>
  <w>får</w>
  <w>börja</w>
  <w>användas</w>
  <w>.</w>
  <w>Regelverket</w>
  <w>har</w>
  <w>byggts</w>
  <w>upp</w>
  <w>av</w>
  <w>företag</w>
  <w>och</w>
  <w>myndigheter</w>
  <w>gemensamt</w>
  <w>i</w>
  <w>över</w>
  <w>50</w>
  <w>år</w>
  <w>,</w>
  <w>och</w>
  <absaspan id=14>
    <w>syftet</w>
  </absaspan>
  <absaspan id=15 senti=4>
    <w>är</w>
    <w>glasklart</w>
  </absaspan>
  <w>:</w>
  <w>läkemedel</w>
  <w>ska</w>
  <w>vara</w>
  <w>så</w>
  <w>säkra</w>
  <w>som</w>
  <w>möjligt</w>
  <w>för</w>
  <w>patienterna</w>
  <w>,</w>
  <w>och</w>
  <w>ska</w>
  <w>ge</w>
  <w>den</w>
  <w>medicinska</w>
  <w>effekt</w>
  <w>som</w>
  <w>är</w>
  <w>tänkt</w>
  <w>.</w>
</absapar>
<absapar id=5>
  <w>Innan</w>
  <w>läkemedelsmyndigheterna</w>
  <w>ger</w>
  <w>sitt</w>
  <w>slutliga</w>
  <w>godkännande</w>
  <w>till</w>
  <w>ett</w>
  <w>läkemedel</w>
  <w>måste</w>
  <w>det</w>
  <w>ha</w>
  <w>genomgått</w>
  <w>en</w>
  <w>eller</w>
  <w>flera</w>
  <w>så</w>
  <w>kallade</w>
  <w>fas</w>
  <w>III-prövningar</w>
  <w>på</w>
  <w>ett</w>
  <w>stort</w>
  <w>antal</w>
  <w>patienter</w>
  <w>.</w>
  <w>Ibland</w>
  <w>visar</w>
  <w>det</w>
  <w>sig</w>
  <w>att</w>
  <w>ett</w>
  <absaspan id=16>
    <w>läkemedel</w>
  </absaspan>
  <absaspan id=17 senti=4>
    <w>kan</w>
    <w>ha</w>
    <w>god</w>
    <w>effekt</w>
  </absaspan>
  <w>mot</w>
  <w>någon</w>
  <w>annan</w>
  <w>sjukdom</w>
  <w>.</w>
  <absaspan id=18>
    <w>Läkemedlet</w>
  </absaspan>
  <w>måste</w>
  <w>då</w>
  <w>genomgå</w>
  <w>en</w>
  <w>ny</w>
  <w>fas</w>
  <w>III-prövning</w>
  <w>innan</w>
  <w>det</w>
  <w>enligt</w>
  <absaspan id=19>
    <w>EU</w>
    <w>:</w>
    <w>s</w>
    <w>regelverk</w>
  </absaspan>
  <absaspan id=20 senti=4>
    <w>kan</w>
    <w>godkännas</w>
  </absaspan>
  <w>för</w>
  <w>den</w>
  <w>nya</w>
  <w>sjukdomen</w>
  <w>.</w>
  <w>Detta</w>
  <w>görs</w>
  <w>framför</w>
  <w>allt</w>
  <w>av</w>
  <w>patientsäkerhetsskäl</w>
  <w>,</w>
  <w>eftersom</w>
  <absaspan id=21 senti=2>
    <w>allvarliga</w>
  </absaspan>
  <absaspan id=22>
    <w>biverkningar</w>
  </absaspan>
  <w>kan</w>
  <w>uppstå</w>
  <w>när</w>
  <w>ett</w>
  <w>läkemedel</w>
  <w>används</w>
  <w>på</w>
  <w>ett</w>
  <w>helt</w>
  <w>annat</w>
  <w>område</w>
  <w>än</w>
  <w>det</w>
  <w>togs</w>
  <w>fram</w>
  <w>för</w>
  <w>.</w>
  <w>Läkemedlet</w>
  <w>måste</w>
  <w>även</w>
  <w>ha</w>
  <w>bevisat</w>
  <w>god</w>
  <w>effekt</w>
  <w>på</w>
  <w>den</w>
  <w>nya</w>
  <w>indikationen</w>
  <w>.</w>
</absapar>
<absapar id=6>
  <w>Så</w>
  <w>här</w>
  <w>ser</w>
  <w>den</w>
  <w>tvingande</w>
  <w>EU-lagstiftningen</w>
  <w>ut</w>
  <w>som</w>
  <w>gäller</w>
  <w>för</w>
  <w>alla</w>
  <w>läkemedel</w>
  <w>.</w>
  <w>Det</w>
  <w>är</w>
  <w>alltså</w>
  <w>inga</w>
  <w>lagar</w>
  <w>som</w>
  <w>vare</w>
  <w>sig</w>
  <w>företagen</w>
  <w>eller</w>
  <w>sjukvården</w>
  <w>kan</w>
  <w>välja</w>
  <w>att</w>
  <w>åsidosätta</w>
  <w>efter</w>
  <w>eget</w>
  <w>huvud</w>
  <w>.</w>
  <w>Och</w>
  <w>lagarna</w>
  <w>har</w>
  <w>patienternas</w>
  <w>säkerhet</w>
  <w>som</w>
  <w>huvudsyfte</w>
  <w>.</w>
</absapar>
<absapar id=7>
  <w>Inom</w>
  <w>MS-området</w>
  <w>har</w>
  <w>betydande</w>
  <w>medicinska</w>
  <w>framsteg</w>
  <w>gjorts</w>
  <w>och</w>
  <w>i</w>
  <w>dag</w>
  <w>finns</w>
  <w>elva</w>
  <w>godkända</w>
  <w>läkemedel</w>
  <w>för</w>
  <w>behandling</w>
  <w>av</w>
  <w>skovvis</w>
  <w>förlöpande</w>
  <w>MS</w>
  <w>.</w>
  <w>Men</w>
  <w>vissa</w>
  <w>MS-läkare</w>
  <w>använder</w>
  <w>i</w>
  <w>stället</w>
  <w>i</w>
  <w>stor</w>
  <w>och</w>
  <w>systematisk</w>
  <w>omfattning</w>
  <w>ett</w>
  <w>annat</w>
  <w>läkemedel</w>
  <w>,</w>
  <w>som</w>
  <w>inte</w>
  <w>är</w>
  <w>godkänt</w>
  <w>av</w>
  <w>myndigheterna</w>
  <w>för</w>
  <w>behandling</w>
  <w>av</w>
  <w>MS</w>
  <w>.</w>
</absapar>
<absapar id=8>
  <w>Ibland</w>
  <w>finns</w>
  <w>situationer</w>
  <w>där</w>
  <w>det</w>
  <w>saknas</w>
  <w>en</w>
  <w>godkänd</w>
  <w>behandling</w>
  <w>för</w>
  <w>en</w>
  <w>enskild</w>
  <w>patient</w>
  <w>.</w>
  <w>Läkaren</w>
  <w>kan</w>
  <w>då</w>
  <w>grundat</w>
  <w>på</w>
  <w>vetenskap</w>
  <w>och</w>
  <absaspan id=23 senti=4>
    <w>beprövad</w>
    <w>erfarenhet</w>
  </absaspan>
  <w>använda</w>
  <w>ett</w>
  <absaspan id=24>
    <w>läkemedel</w>
  </absaspan>
  <w>som</w>
  <absaspan id=25 senti=2>
    <w>inte</w>
    <w>är</w>
    <w>godkänt</w>
  </absaspan>
  <w>för</w>
  <w>den</w>
  <w>aktuella</w>
  <w>sjukdomen</w>
  <absaspan id=26>
    <w>.</w>
  </absaspan>
  <absaspan id=27>
    <w>Sådan</w>
    <w>användning</w>
    <w>i</w>
    <w>det</w>
    <w>enskilda</w>
    <w>fallet</w>
  </absaspan>
  <w>,</w>
  <w>som</w>
  <w>även</w>
  <w>innebär</w>
  <w>att</w>
  <w>läkaren</w>
  <w>tar</w>
  <w>ett</w>
  <w>större</w>
  <w>ansvar</w>
  <w>för</w>
  <w>patientens</w>
  <w>säkerhet</w>
  <w>,</w>
  <absaspan id=28 senti=4>
    <w>är</w>
    <w>ett</w>
    <w>helt</w>
    <w>acceptabelt</w>
    <w>avsteg</w>
  </absaspan>
  <w>från</w>
  <w>regelverket</w>
  <w>.</w>
  <w>Det</w>
  <w>ger</w>
  <w>möjlighet</w>
  <w>till</w>
  <w>viktig</w>
  <w>behandling</w>
  <w>av</w>
  <w>patienter</w>
  <w>som</w>
  <w>annars</w>
  <w>skulle</w>
  <absaspan id=29 senti=2>
    <w>riskera</w>
  </absaspan>
  <w>att</w>
  <absaspan id=30>
    <w>stå</w>
    <w>utan</w>
    <w>läkemedel</w>
    <w>mot</w>
    <w>sin</w>
    <w>sjukdom</w>
  </absaspan>
  <w>.</w>
  <w>Men</w>
  <absaspan id=31>
    <w>denna</w>
    <w>situation</w>
  </absaspan>
  <absaspan id=32 senti=2>
    <w>råder</w>
    <w>ju</w>
    <w>dock</w>
    <w>inte</w>
    <w>alls</w>
    <w>inom</w>
    <w>MS</w>
  </absaspan>
  <w>där</w>
  <w>det</w>
  <w>finns</w>
  <w>11</w>
  <w>godkända</w>
  <w>läkemedel</w>
  <w>.</w>
</absapar>
<absapar id=9>
  <w>Skräddarsydda</w>
  <w>kurser</w>
  <w>i</w>
  <w>ämnen</w>
  <w>som</w>
  <w>intresserar</w>
  <w>och</w>
  <w>engagerar</w>
  <w>både</w>
  <w>kropp</w>
  <w>och</w>
  <w>själ</w>
  <w>.</w>
</absapar>
<absapar id=10>
  <w>Ett</w>
  <w>antal</w>
  <w>MS-läkare</w>
  <w>står</w>
  <w>nu</w>
  <w>bakom</w>
  <w>en</w>
  <w>systematisk</w>
  <w>och</w>
  <w>omfattande</w>
  <w>användning</w>
  <w>av</w>
  <w>ett</w>
  <absaspan id=33>
    <w>läkemedel</w>
  </absaspan>
  <w>som</w>
  <absaspan id=34 senti=2>
    <w>inte</w>
    <w>är</w>
    <w>godkänt</w>
  </absaspan>
  <w>för</w>
  <w>sjukdomen</w>
  <absaspan id=35>
    <w>.</w>
  </absaspan>
  <w>Eftersom</w>
  <w>detta</w>
  <w>är</w>
  <w>en</w>
  <absaspan id=36 senti=2>
    <w>extremt</w>
  </absaspan>
  <absaspan id=37>
    <w>ovanlig</w>
  </absaspan>
  <w>situation</w>
  <w>har</w>
  <w>vi</w>
  <w>som</w>
  <w>branschorganisation</w>
  <w>skrivit</w>
  <w>till</w>
  <w>Socialdepartementet</w>
  <w>med</w>
  <w>ett</w>
  <absaspan id=38 senti=4>
    <w>önskemål</w>
  </absaspan>
  <w>om</w>
  <w>att</w>
  <absaspan id=39>
    <w>departementet</w>
    <w>låter</w>
    <w>ansvariga</w>
    <w>myndigheter</w>
    <w>,</w>
    <w>Socialstyrelsen</w>
    <w>och</w>
    <w>Läkemedelsverket</w>
    <w>,</w>
    <w>utreda</w>
    <w>frågan</w>
  </absaspan>
  <w>.</w>
</absapar>
<absapar id=11>
  <absaspan id=40>
    <w>Vi</w>
  </absaspan>
  <absaspan id=41 senti=2>
    <w>ifrågasätter</w>
  </absaspan>
  <absaspan id=42>
    <w>om</w>
    <w>det</w>
    <w>är</w>
    <w>rimligt</w>
    <w>med</w>
    <w>systematisk</w>
    <w>användning</w>
    <w>av</w>
    <w>ett</w>
    <w>läkemedel</w>
    <w>som</w>
    <w>inte</w>
    <w>är</w>
    <w>godkänt</w>
    <w>för</w>
    <w>sjukdomen</w>
    <w>MS</w>
    <w>,</w>
    <w>samtidigt</w>
    <w>som</w>
    <w>det</w>
    <w>finns</w>
  </absaspan>
  <absaspan id=43>
    <w>elva</w>
    <w>andra</w>
    <w>läkemedel</w>
    <w>mot</w>
    <w>MS</w>
  </absaspan>
  <absaspan id=44>
    <w>som</w>
    <w>genomgått</w>
    <w>alla</w>
    <w>kliniska</w>
    <w>prövningar</w>
  </absaspan>
  <w>och</w>
  <w>som</w>
  <absaspan id=45 senti=4>
    <w>bedömts</w>
    <w>vara</w>
    <w>patientsäkra</w>
  </absaspan>
  <w>och</w>
  <w>ha</w>
  <w>bevisad</w>
  <w>effekt</w>
  <absaspan id=46>
    <w>.</w>
  </absaspan>
  <w>Därför</w>
  <w>måste</w>
  <w>myndigheterna</w>
  <w>ge</w>
  <absaspan id=47 senti=4>
    <w>tydliga</w>
  </absaspan>
  <absaspan id=48>
    <w>besked</w>
  </absaspan>
  <w>om</w>
  <w>vad</w>
  <w>som</w>
  <w>ska</w>
  <w>gälla</w>
  <w>.</w>
</absapar>
<absapar id=12>
  <w>Anders</w>
  <w>Blanck</w>
  <w>.</w>
</absapar>
<absapar id=13>
  <w>vd</w>
  <w>LIF</w>
  <w>–</w>
  <w>de</w>
  <w>forskande</w>
  <w>läkemedelsföretagen</w>
  <w>.</w>
</absapar>
<absapar id=14>
  <w>Redaktör</w>
  <w>:</w>
  <w>Carina</w>
  <w>Stensson</w>
  <w>,</w>
  <w>Biträdande</w>
  <w>redaktör</w>
  <w>:</w>
  <w>Björn</w>
  <w>Jorner</w>
  <w>,</w>
  <w>Mejl</w>
  <w>:</w>
  <w>debatt</w>
  <w>@</w>
  <w>svd.se</w>
  <w>,</w>
  <w>Telefonnummer</w>
  <w>:</w>
  <w>08</w>
  <w>-</w>
  <w>135149</w>
  <w>,</w>
  <w>Twitter</w>
  <w>:</w>
  <w>@</w>
  <w>SvDDebatt</w>
  <w>,</w>
  <w>Facebook</w>
  <w>:</w>
  <w>SvD</w>
  <w>Debatt</w>
  <w>.</w>
</absapar>
</absadoc>
