<absadoc annotators=1 senti=>
<absatitle>
  <w>Integration</w>
  <w>/</w>
  <w>segregation</w>
  <w>på</w>
  <w>större</w>
  <w>svenska</w>
  <w>arbetsplatser</w>
  <w>?</w>
</absatitle>
<absapar id=1>
  <w>I</w>
  <w>den</w>
  <w>här</w>
  <w>tråden</w>
  <w>tänkte</w>
  <w>jag</w>
  <w>vi</w>
  <w>skulle</w>
  <w>diskutera</w>
  <w>hur</w>
  <w>integrationen</w>
  <w>(</w>
  <w>eller</w>
  <w>segregationen</w>
  <w>)</w>
  <w>ser</w>
  <w>ut</w>
  <w>på</w>
  <w>våra</w>
  <w>svenska</w>
  <w>arbetsplatser</w>
  <w>modell</w>
  <w>större</w>
  <w>.</w>
</absapar>
<absapar id=2>
  <w>Jag</w>
  <w>arbetar</w>
  <w>själv</w>
  <w>på</w>
  <w>ett</w>
  <w>företag</w>
  <w>inom</w>
  <w>industrin</w>
  <w>med</w>
  <w>mellan</w>
  <w>100</w>
  <w>-</w>
  <w>150</w>
  <w>man</w>
  <w>på</w>
  <w>avdelningen</w>
  <w>.</w>
  <w>Demografin</w>
  <w>är</w>
  <w>i</w>
  <w>huvudsak</w>
  <w>svensk</w>
  <w>,</w>
  <w>och</w>
  <w>de</w>
  <w>invandrade</w>
  <w>elementen</w>
  <w>i</w>
  <w>första</w>
  <w>hand</w>
  <w>sydeuropéer</w>
  <w>,</w>
  <w>med</w>
  <w>några</w>
  <w>enstaka</w>
  <w>sydamerikaner</w>
  <w>och</w>
  <w>någon</w>
  <w>sekulär</w>
  <w>muslim</w>
  <w>.</w>
</absapar>
<absapar id=3>
  <w>Ingen</w>
  <w>direkt</w>
  <w>uttalad</w>
  <w>rasism</w>
  <w>råder</w>
  <w>,</w>
  <w>men</w>
  <w>segregationen</w>
  <w>är</w>
  <w>ändå</w>
  <w>tydlig</w>
  <w>.</w>
  <w>Manskapet</w>
  <w>är</w>
  <w>uppdelat</w>
  <w>i</w>
  <w>arbetslag</w>
  <w>om</w>
  <w>ca</w>
  <w>10</w>
  <w>personer</w>
  <w>,</w>
  <w>och</w>
  <w>av</w>
  <w>någon</w>
  <w>anledning</w>
  <w>tyr</w>
  <w>sig</w>
  <w>sydeuropéerna</w>
  <w>till</w>
  <w>varandra</w>
  <w>.</w>
  <w>Tendenser</w>
  <w>kan</w>
  <w>då</w>
  <w>skönjas</w>
  <w>i</w>
  <absaspan id=1>
    <w>deras</w>
  </absaspan>
  <absaspan id=2>
    <w>arbetslag</w>
  </absaspan>
  <w>-</w>
  <absaspan id=3>
    <w>de</w>
  </absaspan>
  <absaspan id=4 senti=3>
    <w>kan</w>
    <w>inte</w>
    <w>klandras</w>
    <w>för</w>
    <w>att</w>
    <w>vara</w>
    <w>oflitiga</w>
  </absaspan>
  <w>,</w>
  <w>men</w>
  <absaspan id=5 senti=2>
    <w>generellt</w>
    <w>vårdslösa</w>
    <w>i</w>
    <w>större</w>
    <w>utsträckning</w>
    <w>än</w>
    <w>svenska</w>
    <w>lag</w>
  </absaspan>
  <w>,</w>
  <w>och</w>
  <w>med</w>
  <w>bristande</w>
  <w>respekt</w>
  <w>för</w>
  <w>överenskomna</w>
  <w>säkerhetsföreskrifter</w>
  <w>.</w>
  <w>De</w>
  <w>har</w>
  <w>också</w>
  <w>i</w>
  <w>högre</w>
  <w>grad</w>
  <w>auktoritetsproblem</w>
  <w>men</w>
  <w>min</w>
  <w>uppfattning</w>
  <w>är</w>
  <w>att</w>
  <w>företagsledningen</w>
  <w>låter</w>
  <w>dem</w>
  <w>hållas</w>
  <w>eftersom</w>
  <w>de</w>
  <w>uppvisar</w>
  <w>goda</w>
  <w>siffror</w>
  <w>i</w>
  <w>statistiken</w>
  <w>.</w>
</absapar>
<absapar id=4>
  <w>Hur</w>
  <w>ser</w>
  <w>det</w>
  <w>ut</w>
  <w>på</w>
  <w>företaget</w>
  <w>där</w>
  <w>du</w>
  <w>arbetar</w>
  <w>?</w>
  <w>.</w>
</absapar>
<absapar id=5>
  <w>Finns</w>
  <w>liknande</w>
  <w>tendenser</w>
  <w>bland</w>
  <w>invandrare</w>
  <w>att</w>
  <w>koncentreras</w>
  <w>i</w>
  <w>samma</w>
  <w>grupp</w>
  <w>och</w>
  <w>"</w>
  <w>köra</w>
  <w>sitt</w>
  <w>eget</w>
  <w>race</w>
  <w>"</w>
  <w>?</w>
  <w>.</w>
</absapar>
<absapar id=6>
  <w>Om</w>
  <w>ja</w>
  <w>,</w>
  <absaspan id=6 senti=3>
    <w>upplever</w>
  </absaspan>
  <absaspan id=7>
    <w>du</w>
  </absaspan>
  <absaspan id=8>
    <w>detta</w>
    <w>arbetsklimat</w>
  </absaspan>
  <absaspan id=9 senti=3>
    <w>som</w>
  </absaspan>
  <absaspan id=10 senti=3>
    <w>bra</w>
    <w>eller</w>
    <w>dåligt</w>
  </absaspan>
  <w>?</w>
  <w>.</w>
</absapar>
</absadoc>
