<absadoc annotators=1 senti=0>
<absatitle>
  <w>Rasistsajter</w>
  <w>tappar</w>
  <w>stort</w>
  <w>på</w>
  <w>Facebook</w>
  <w>.</w>
</absatitle>
<absapar id=1>
  <w>De</w>
  <w>rasistiska</w>
  <w>sajternas</w>
  <w>delningsmakt</w>
  <w>har</w>
  <w>minskat</w>
  <w>dramatiskt</w>
  <w>.</w>
  <absaspan id=1>
    <w>Svenskarnas</w>
  </absaspan>
  <absaspan id=2 senti=2>
    <w>intresse</w>
    <w>av</w>
  </absaspan>
  <absaspan id=3>
    <w>att</w>
    <w>sprida</w>
    <w>,</w>
    <w>kommentera</w>
    <w>och</w>
    <w>gillamarkera</w>
    <w>material</w>
    <w>från</w>
    <w>SD-anknutna</w>
    <w>,</w>
    <w>ofta</w>
    <w>rasistiska</w>
    <w>,</w>
    <w>sajter</w>
  </absaspan>
  <absaspan id=4 senti=2>
    <w>minskar</w>
  </absaspan>
  <absaspan id=5 senti=2>
    <w>kraftigt</w>
  </absaspan>
  <w>.</w>
  <w>Vår</w>
  <w>granskning</w>
  <w>visar</w>
  <w>att</w>
  <w>spridningen</w>
  <w>i</w>
  <w>sociala</w>
  <w>medier</w>
  <w>har</w>
  <w>minskat</w>
  <w>med</w>
  <w>hela</w>
  <w>74</w>
  <w>procent</w>
  <w>sedan</w>
  <w>november</w>
  <w>förra</w>
  <w>året</w>
  <w>.</w>
</absapar>
<absapar id=2>
  <w>Jag</w>
  <w>är</w>
  <w>nog</w>
  <w>inte</w>
  <w>ensam</w>
  <w>om</w>
  <w>att</w>
  <w>ibland</w>
  <w>se</w>
  <w>rasistiskt</w>
  <w>material</w>
  <w>,</w>
  <w>maskerat</w>
  <w>som</w>
  <w>nyheter</w>
  <w>,</w>
  <w>spridas</w>
  <w>i</w>
  <w>sociala</w>
  <w>medier</w>
  <w>.</w>
  <w>Varannan</w>
  <w>svensk</w>
  <w>går</w>
  <w>in</w>
  <w>dagligen</w>
  <w>på</w>
  <w>Facebook</w>
  <w>och</w>
  <w>får</w>
  <w>på</w>
  <w>så</w>
  <w>vis</w>
  <w>delvis</w>
  <w>sin</w>
  <w>verklighetsbild</w>
  <w>därifrån</w>
  <w>.</w>
  <w>Innehållet</w>
  <w>baseras</w>
  <w>på</w>
  <w>vad</w>
  <w>personen</w>
  <w>och</w>
  <w>dennes</w>
  <w>vänner</w>
  <w>delat</w>
  <w>,</w>
  <w>gillat</w>
  <w>och</w>
  <w>kommenterat</w>
  <w>.</w>
</absapar>
<absapar id=3>
  <w>I</w>
  <w>en</w>
  <w>tidigare</w>
  <w>granskning</w>
  <w>presenterad</w>
  <w>av</w>
  <w>LO</w>
  <w>i</w>
  <w>höstas</w>
  <w>upptäcktes</w>
  <w>att</w>
  <absaspan id=6>
    <w>vissa</w>
    <w>artiklar</w>
    <w>med</w>
    <w>rasistiskt</w>
    <w>innehåll</w>
  </absaspan>
  <w>,</w>
  <absaspan id=7 senti=1>
    <w>ofta</w>
    <w>rena</w>
    <w>lögner</w>
  </absaspan>
  <w>,</w>
  <w>kunde</w>
  <w>få</w>
  <w>lika</w>
  <w>stor</w>
  <w>spridning</w>
  <w>på</w>
  <w>Facebook</w>
  <w>som</w>
  <w>riktiga</w>
  <w>nyheter</w>
  <w>,</w>
  <w>skrivna</w>
  <w>av</w>
  <w>riktiga</w>
  <w>journalister</w>
  <w>.</w>
</absapar>
<absapar id=4>
  <w>Ett</w>
  <w>exempel</w>
  <w>var</w>
  <w>hur</w>
  <w>falska</w>
  <w>rykten</w>
  <w>om</w>
  <w>dubbelmordet</w>
  <w>på</w>
  <w>Ikea</w>
  <w>i</w>
  <w>Västerås</w>
  <w>fick</w>
  <w>en</w>
  <w>större</w>
  <w>spridning</w>
  <w>i</w>
  <w>sociala</w>
  <w>medier</w>
  <w>än</w>
  <w>i</w>
  <w>traditionella</w>
  <w>nyhetskanaler</w>
  <w>,</w>
  <w>som</w>
  <w>exempelvis</w>
  <w>Sveriges</w>
  <w>Radio</w>
  <w>.</w>
</absapar>
<absapar id=5>
  <w>Rasistiska</w>
  <w>sajter</w>
  <w>som</w>
  <w>Avpixlat</w>
  <w>,</w>
  <w>Exponerat</w>
  <w>,</w>
  <w>Samtiden</w>
  <w>och</w>
  <w>Fria</w>
  <w>Tider</w>
  <w>lever</w>
  <w>på</w>
  <w>den</w>
  <w>spridning</w>
  <w>de</w>
  <w>får</w>
  <w>genom</w>
  <w>sociala</w>
  <w>medier</w>
  <w>,</w>
  <w>framförallt</w>
  <w>Facebook</w>
  <w>.</w>
  <w>Det</w>
  <w>är</w>
  <w>genom</w>
  <w>den</w>
  <w>omfattande</w>
  <w>spridningen</w>
  <w>,</w>
  <w>delningsmakten</w>
  <w>,</w>
  <w>i</w>
  <w>sociala</w>
  <w>medier</w>
  <w>som</w>
  <w>sajterna</w>
  <w>spridit</w>
  <w>sina</w>
  <w>budskap</w>
  <w>och</w>
  <w>därigenom</w>
  <w>kunnat</w>
  <w>påverka</w>
  <w>det</w>
  <w>politiska</w>
  <w>samtalet</w>
  <w>.</w>
</absapar>
<absapar id=6>
  <w>Men</w>
  <w>trenden</w>
  <w>har</w>
  <w>brutits</w>
  <w>tvärt</w>
  <w>och</w>
  <w>det</w>
  <w>skedde</w>
  <w>under</w>
  <w>vårvintern</w>
  <w>.</w>
</absapar>
<absapar id=7 senti=3>
  <w>Även</w>
  <w>om</w>
  <w>diskussionen</w>
  <w>om</w>
  <w>flyktingkrisen</w>
  <w>och</w>
  <w>regeringens</w>
  <w>åtgärder</w>
  <w>fortfarande</w>
  <w>är</w>
  <w>aktuell</w>
  <w>,</w>
  <w>har</w>
  <w>den</w>
  <w>på</w>
  <w>senare</w>
  <w>tid</w>
  <w>blandats</w>
  <w>upp</w>
  <w>med</w>
  <w>andra</w>
  <w>diskussioner</w>
  <w>.</w>
  <w>Ett</w>
  <w>exempel</w>
  <w>är</w>
  <w>den</w>
  <w>flera</w>
  <w>månader</w>
  <w>långa</w>
  <w>debatten</w>
  <w>om</w>
  <w>sänkta</w>
  <w>löner</w>
  <w>och</w>
  <w>arbetstagares</w>
  <w>villkor</w>
  <w>som</w>
  <w>rasat</w>
  <w>i</w>
  <w>Sverige</w>
  <w>.</w>
  <w>Ett</w>
  <w>annat</w>
  <w>är</w>
  <w>diskussionen</w>
  <w>om</w>
  <w>den</w>
  <w>svenska</w>
  <w>modellen</w>
  <w>som</w>
  <w>återigen</w>
  <w>blivit</w>
  <w>en</w>
  <w>konfliktfråga</w>
  <w>i</w>
  <w>politiken</w>
  <w>.</w>
</absapar>
<absapar id=8>
  <w>Sammantaget</w>
  <w>flyttas</w>
  <w>fokus</w>
  <w>alltmer</w>
  <w>till</w>
  <w>klassiska</w>
  <w>höger-vänster</w>
  <w>frågor</w>
  <w>och</w>
  <w>det</w>
  <w>gör</w>
  <w>det</w>
  <w>svårare</w>
  <w>för</w>
  <w>rasistiska</w>
  <w>sajter</w>
  <w>att</w>
  <w>nå</w>
  <w>ut</w>
  <w>.</w>
  <w>Förmodligen</w>
  <w>har</w>
  <w>vi</w>
  <w>som</w>
  <w>läsare</w>
  <w>blivit</w>
  <w>bättre</w>
  <w>på</w>
  <w>att</w>
  <w>genomskåda</w>
  <w>lögner</w>
  <w>i</w>
  <w>sociala</w>
  <w>medier</w>
  <w>.</w>
  <w>Det</w>
  <w>har</w>
  <w>skrivits</w>
  <w>omfattande</w>
  <w>nyhetsreportage</w>
  <w>om</w>
  <w>de</w>
  <w>här</w>
  <w>rasistsajterna</w>
  <w>och</w>
  <w>de</w>
  <w>har</w>
  <w>granskats</w>
  <w>kritiskt</w>
  <w>.</w>
  <w>Något</w>
  <w>som</w>
  <w>allmänheten</w>
  <w>tar</w>
  <w>till</w>
  <w>sig</w>
  <w>av</w>
  <w>.</w>
</absapar>
<absapar id=9>
  <w>Trendbrottet</w>
  <w>sammanfaller</w>
  <w>också</w>
  <w>med</w>
  <w>att</w>
  <w>Sverigedemokraternas</w>
  <w>uppgång</w>
  <w>i</w>
  <w>opinionsundersökningarna</w>
  <w>tydligt</w>
  <w>stannat</w>
  <w>av</w>
  <w>och</w>
  <w>i</w>
  <w>vissa</w>
  <w>avseende</w>
  <w>kan</w>
  <w>vi</w>
  <w>till</w>
  <w>och</w>
  <w>med</w>
  <w>tala</w>
  <w>om</w>
  <w>ett</w>
  <w>ras</w>
  <w>,</w>
  <w>till</w>
  <w>exempel</w>
  <w>bland</w>
  <w>LO-anslutna</w>
  <w>män</w>
  <w>där</w>
  <w>sympatierna</w>
  <w>för</w>
  <w>SD</w>
  <w>har</w>
  <w>rasat</w>
  <w>med</w>
  <w>över</w>
  <w>7</w>
  <w>procentenheter</w>
  <w>,</w>
  <w>enligt</w>
  <w>SCB</w>
  <w>:</w>
  <w>s</w>
  <w>maj-mätning</w>
  <w>.</w>
</absapar>
<absapar id=10>
  <w>Under</w>
  <w>flera</w>
  <w>månaders</w>
  <w>tid</w>
  <w>har</w>
  <w>LO</w>
  <w>,</w>
  <w>andra</w>
  <w>organisationer</w>
  <w>och</w>
  <w>även</w>
  <w>media</w>
  <w>granskat</w>
  <w>Sverigedemokraternas</w>
  <w>politik</w>
  <w>,</w>
  <w>till</w>
  <w>exempel</w>
  <w>deras</w>
  <w>förslag</w>
  <w>om</w>
  <w>enorma</w>
  <w>nedskärningar</w>
  <w>i</w>
  <w>svensk</w>
  <w>välfärd</w>
  <w>på</w>
  <w>över</w>
  <w>90</w>
  <w>miljarder</w>
  <w>kronor</w>
  <w>.</w>
  <w>Sådana</w>
  <w>förslag</w>
  <w>passerar</w>
  <w>inte</w>
  <w>obemärkt</w>
  <w>i</w>
  <w>opinionen</w>
  <w>.</w>
  <w>Även</w>
  <w>SD</w>
  <w>:</w>
  <w>s</w>
  <w>nazistiska</w>
  <w>rötter</w>
  <w>har</w>
  <w>granskats</w>
  <w>.</w>
  <w>Men</w>
  <w>trots</w>
  <w>att</w>
  <w>partiet</w>
  <absaspan id=8 senti=2>
    <w>inte</w>
    <w>vill</w>
  </absaspan>
  <absaspan id=9>
    <w>tala</w>
    <w>om</w>
    <w>detta</w>
  </absaspan>
  <w>har</w>
  <w>de</w>
  <w>inte</w>
  <w>lyckats</w>
  <w>skriva</w>
  <w>om</w>
  <w>historien</w>
  <w>.</w>
</absapar>
<absapar id=11>
  <w>Jag</w>
  <absaspan id=10 senti=4>
    <w>önskar</w>
  </absaspan>
  <absaspan id=11>
    <w>att</w>
    <w>jag</w>
    <w>skulle</w>
    <w>kunna</w>
    <w>säga</w>
    <w>att</w>
    <w>det</w>
    <w>här</w>
    <w>är</w>
    <w>en</w>
    <w>seger</w>
  </absaspan>
  <w>.</w>
  <w>Men</w>
  <absaspan id=12>
    <w>de</w>
  </absaspan>
  <absaspan id=13>
    <w>här</w>
    <w>sajterna</w>
  </absaspan>
  <w>är</w>
  <w>lika</w>
  <w>aktiva</w>
  <w>i</w>
  <w>dag</w>
  <w>,</w>
  <w>som</w>
  <w>tidigare</w>
  <w>.</w>
  <absaspan id=14>
    <w>De</w>
  </absaspan>
  <w>satsar</w>
  <w>stora</w>
  <w>resurser</w>
  <w>på</w>
  <w>att</w>
  <w>gemensamt</w>
  <w>publicera</w>
  <w>cirka</w>
  <w>30</w>
  <w>artiklar</w>
  <w>dagligen</w>
  <w>och</w>
  <w>de</w>
  <absaspan id=15 senti=1>
    <w>drar</w>
    <w>sig</w>
    <w>inte</w>
    <w>för</w>
    <w>att</w>
    <w>systematiskt</w>
    <w>snedvrida</w>
    <w>perspektiv</w>
    <w>och</w>
    <w>använda</w>
    <w>sig</w>
    <w>av</w>
    <w>rena</w>
    <w>lögner</w>
    <w>.</w>
  </absaspan>
</absapar>
<absapar id=12>
  <w>Även</w>
  <w>om</w>
  <w>de</w>
  <w>här</w>
  <w>propagandakanalerna</w>
  <w>har</w>
  <w>kommit</w>
  <w>för</w>
  <w>att</w>
  <w>stanna</w>
  <w>,</w>
  <absaspan id=16 senti=4>
    <w>är</w>
  </absaspan>
  <w>det</w>
  <absaspan id=17 senti=4>
    <w>positivt</w>
  </absaspan>
  <absaspan id=18>
    <w>att</w>
    <w>folk</w>
    <w>har</w>
    <w>slutat</w>
    <w>att</w>
    <w>sprida</w>
    <w>mycket</w>
    <w>av</w>
    <w>innehållet</w>
    <w>till</w>
    <w>sina</w>
    <w>Facebook-vänner</w>
    <w>och</w>
    <w>att</w>
    <w>lögnerna</w>
    <w>i</w>
    <w>större</w>
    <w>utsträckning</w>
    <w>genomskådas</w>
  </absaspan>
  <w>.</w>
</absapar>
<absapar id=13>
  <absaspan id=19>
    <w>Granskning</w>
    <w>och</w>
    <w>motstånd</w>
  </absaspan>
  <absaspan id=20 senti=4>
    <w>spelar</w>
    <w>roll</w>
  </absaspan>
  <w>och</w>
  <absaspan id=21 senti=4>
    <w>trycker</w>
    <w>tillbaka</w>
    <w>rasistsajternas</w>
    <w>utrymme</w>
  </absaspan>
  <w>.</w>
  <w>LO</w>
  <w>kommer</w>
  <w>att</w>
  <w>fortsätta</w>
  <w>granska</w>
  <w>och</w>
  <w>ifrågasätta</w>
  <w>.</w>
  <w>Kampen</w>
  <w>mot</w>
  <w>högerextremism</w>
  <w>,</w>
  <w>rasism</w>
  <w>och</w>
  <w>nationalism</w>
  <w>har</w>
  <w>fackföreningsrörelsen</w>
  <w>fört</w>
  <w>sedan</w>
  <w>sedan</w>
  <w>1930</w>
  <w>-</w>
  <w>talet</w>
  <w>.</w>
  <w>Den</w>
  <w>kampen</w>
  <w>är</w>
  <w>inte</w>
  <w>över</w>
  <w>.</w>
</absapar>
<absapar id=14>
  <w>Johan</w>
  <w>Ulvenlöv</w>
  <w>.</w>
</absapar>
<absapar id=15>
  <w>Strategi</w>
  <w>och</w>
  <w>opinion</w>
  <w>i</w>
  <w>digitala</w>
  <w>medier</w>
  <w>,</w>
  <w>LO</w>
  <w>.</w>
</absapar>
<absapar id=16>
  <w>Häng</w>
  <w>med</w>
  <w>i</w>
  <w>debatten</w>
  <w>och</w>
  <w>kommentera</w>
  <w>artikeln</w>
  <w>–</w>
  <w>följ</w>
  <w>Debatt</w>
  <w>på</w>
  <w>Facebook</w>
  <w>.</w>
</absapar>
<absapar id=17>
  <w>Fakta</w>
  <w>om</w>
  <w>granskningen</w>
  <w>.</w>
</absapar>
</absadoc>
