<absadoc annotators=1 senti=2>
<absatitle>
  <w>Olika</w>
  <w>lagar</w>
  <w>beroende</w>
  <w>på</w>
  <w>etnisk</w>
  <w>tillhörighet</w>
  <w>.</w>
</absatitle>
<absapar id=1>
  <w>Lyssna</w>
  <w>på</w>
  <w>det</w>
  <w>här</w>
  <w>radioprogrammet</w>
  <w>med</w>
  <w>en</w>
  <w>kvinna</w>
  <w>som</w>
  <w>kämpar</w>
  <w>med</w>
  <w>det</w>
  <w>hela</w>
  <w>som</w>
  <w>yrke</w>
  <w>.</w>
  <w>Vad</w>
  <w>ska</w>
  <w>vi</w>
  <w>göra</w>
  <w>med</w>
  <w>de</w>
  <w>som</w>
  <w>tycker</w>
  <w>att</w>
  <absaspan id=1 senti=2>
    <w>primitiva</w>
    <w>seder</w>
  </absaspan>
  <w>står</w>
  <w>över</w>
  <w>civilisation</w>
  <w>.</w>
</absapar>
</absadoc>
