<absadoc annotators=1 senti=>
<absatitle>
  <w>Vi</w>
  <w>måste</w>
  <w>satsa</w>
  <w>mer</w>
  <w>på</w>
  <w>att</w>
  <w>få</w>
  <w>ner</w>
  <w>självmorden</w>
  <w>.</w>
</absatitle>
<absapar id=1>
  <w>Förra</w>
  <w>året</w>
  <w>begick</w>
  <w>1</w>
  <w>606</w>
  <w>personer</w>
  <w>självmord</w>
  <w>i</w>
  <w>Sverige</w>
  <w>.</w>
  <w>1</w>
  <w>606</w>
  <w>människor</w>
  <w>som</w>
  <w>av</w>
  <w>olika</w>
  <w>anledningar</w>
  <w>inte</w>
  <w>orkade</w>
  <w>leva</w>
  <w>längre</w>
  <w>.</w>
  <w>1</w>
  <w>606</w>
  <w>människor</w>
  <w>med</w>
  <w>anhöriga</w>
  <w>;</w>
  <w>syskon</w>
  <w>,</w>
  <w>föräldrar</w>
  <w>,</w>
  <w>barn</w>
  <w>och</w>
  <w>vänner</w>
  <w>.</w>
  <absaspan id=1>
    <w>Varje</w>
    <w>självmord</w>
  </absaspan>
  <w>är</w>
  <absaspan id=2 senti=1>
    <w>en</w>
    <w>tragedi</w>
  </absaspan>
  <w>.</w>
</absapar>
<absapar id=2>
  <w>Förra</w>
  <w>årets</w>
  <w>antal</w>
  <w>självmord</w>
  <w>innebär</w>
  <w>en</w>
  <w>ökning</w>
  <w>jämfört</w>
  <w>med</w>
  <w>året</w>
  <w>innan</w>
  <w>.</w>
  <w>Bland</w>
  <w>unga</w>
  <w>är</w>
  <w>ökningen</w>
  <w>störst</w>
  <w>,</w>
  <w>nästan</w>
  <w>20</w>
  <w>procent</w>
  <w>.</w>
</absapar>
<absapar id=3>
  <w>Under</w>
  <w>2013</w>
  <w>dog</w>
  <w>sex</w>
  <w>gånger</w>
  <w>fler</w>
  <w>av</w>
  <w>självmord</w>
  <w>än</w>
  <w>i</w>
  <w>trafikolyckor</w>
  <w>.</w>
</absapar>
<absapar id=4>
  <absaspan id=3>
    <w>Vi</w>
  </absaspan>
  <absaspan id=4 senti=5>
    <w>måste</w>
    <w>nu</w>
    <w>göra</w>
    <w>allt</w>
    <w>för</w>
    <w>att</w>
    <w>hjälpa</w>
  </absaspan>
  <absaspan id=5>
    <w>människor</w>
    <w>som</w>
    <w>är</w>
    <w>självmordsbenägna</w>
  </absaspan>
  <w>.</w>
</absapar>
<absapar id=5>
  <w>Forskningen</w>
  <w>bör</w>
  <w>ännu</w>
  <w>mer</w>
  <w>inriktas</w>
  <w>på</w>
  <w>att</w>
  <w>studera</w>
  <w>de</w>
  <w>bakomliggande</w>
  <w>orsakerna</w>
  <w>till</w>
  <w>självmord</w>
  <w>.</w>
  <w>Psykisk</w>
  <w>ohälsa</w>
  <w>,</w>
  <w>alkohol</w>
  <w>och</w>
  <w>andra</w>
  <w>drogers</w>
  <w>inverkan</w>
  <w>,</w>
  <absaspan id=6>
    <w>ungdomars</w>
  </absaspan>
  <absaspan id=7 senti=2>
    <w>upplevda</w>
    <w>otrygghet</w>
  </absaspan>
  <w>och</w>
  <w>andra</w>
  <w>faktorer</w>
  <w>måste</w>
  <w>tas</w>
  <w>på</w>
  <w>ännu</w>
  <w>större</w>
  <w>allvar</w>
  <w>.</w>
  <w>Att</w>
  <w>minska</w>
  <w>förekomsten</w>
  <w>av</w>
  <w>självskadande</w>
  <w>beteende</w>
  <w>,</w>
  <w>självmordsförsök</w>
  <w>och</w>
  <w>självmord</w>
  <w>hos</w>
  <w>barn</w>
  <w>och</w>
  <w>unga</w>
  <w>är</w>
  <w>ett</w>
  <w>av</w>
  <w>delmålen</w>
  <w>i</w>
  <w>regeringens</w>
  <w>handlingsplan</w>
  <w>PRIO</w>
  <w>psykisk</w>
  <w>ohälsa</w>
  <w>-</w>
  <w>plan</w>
  <w>för</w>
  <w>riktade</w>
  <w>insatser</w>
  <w>inom</w>
  <w>området</w>
  <w>psykisk</w>
  <w>ohälsa</w>
  <w>2012</w>
  <w>-</w>
  <w>2016</w>
  <w>.</w>
  <w>Det</w>
  <w>är</w>
  <absaspan id=8 senti=4>
    <w>positivt</w>
  </absaspan>
  <absaspan id=9>
    <w>att</w>
    <w>den</w>
    <w>dåvarande</w>
    <w>regeringen</w>
    <w>arbetade</w>
    <w>aktivt</w>
    <w>med</w>
    <w>frågorna</w>
  </absaspan>
  <w>.</w>
  <w>Men</w>
  <w>arbetet</w>
  <w>med</w>
  <w>självmordsprevention</w>
  <w>behöver</w>
  <w>intensifieras</w>
  <w>kraftigt</w>
  <w>.</w>
</absapar>
<absapar id=6>
  <w>För</w>
  <w>att</w>
  <w>minska</w>
  <w>antalet</w>
  <w>självmord</w>
  <w>bland</w>
  <w>unga</w>
  <w>måste</w>
  <w>följande</w>
  <w>göras</w>
  <w>:</w>
  <w>.</w>
</absapar>
<absapar id=7>
  <w>Inför</w>
  <w>så</w>
  <w>väl</w>
  <w>lokalt</w>
  <w>som</w>
  <w>nationellt</w>
  <w>utformade</w>
  <w>handlingsplaner</w>
  <w>som</w>
  <w>klargör</w>
  <w>ansvarsfördelningen</w>
  <w>.</w>
  <w>I</w>
  <w>exempelvis</w>
  <w>Jönköping</w>
  <w>har</w>
  <w>samverkan</w>
  <w>kommit</w>
  <w>långt</w>
  <w>mellan</w>
  <w>de</w>
  <w>aktörer</w>
  <w>som</w>
  <w>är</w>
  <w>berörda</w>
  <w>när</w>
  <w>det</w>
  <w>gäller</w>
  <w>arbete</w>
  <w>med</w>
  <w>att</w>
  <w>förebygga</w>
  <w>självmord</w>
  <w>.</w>
  <w>Där</w>
  <w>bedriver</w>
  <w>sjukvården</w>
  <w>,</w>
  <w>polisen</w>
  <w>och</w>
  <w>räddningstjänsten</w>
  <w>tillsammans</w>
  <w>med</w>
  <w>SOS</w>
  <w>Alarm</w>
  <w>gemensamma</w>
  <w>insatser</w>
  <w>/</w>
  <w>utryckningar</w>
  <w>vid</w>
  <w>akut</w>
  <w>risk</w>
  <w>för</w>
  <w>självmord</w>
  <w>.</w>
  <w>Sådan</w>
  <w>samverkan</w>
  <w>behövs</w>
  <w>i</w>
  <w>hela</w>
  <w>landet</w>
  <w>.</w>
  <w>Dessutom</w>
  <w>måste</w>
  <w>det</w>
  <w>finnas</w>
  <w>ett</w>
  <w>tydligare</w>
  <w>myndighetsansvar</w>
  <w>på</w>
  <w>nationell</w>
  <w>nivå</w>
  <w>.</w>
</absapar>
<absapar id=8>
  <w>Det</w>
  <w>självmordspreventiva</w>
  <w>arbetet</w>
  <w>berör</w>
  <w>många</w>
  <w>olika</w>
  <w>områden</w>
  <w>och</w>
  <absaspan id=10 senti=2>
    <w>det</w>
    <w>finns</w>
    <w>en</w>
    <w>uppenbar</w>
    <w>risk</w>
  </absaspan>
  <absaspan id=11>
    <w>att</w>
    <w>denna</w>
    <w>livsavgörande</w>
    <w>fråga</w>
    <w>hamnar</w>
    <w>mellan</w>
    <w>stolarna</w>
  </absaspan>
  <w>.</w>
  <absaspan id=12 senti=2>
    <w>Så</w>
    <w>får</w>
    <w>det</w>
    <w>inte</w>
    <w>vara</w>
  </absaspan>
  <w>.</w>
  <w>Varje</w>
  <w>människa</w>
  <w>måste</w>
  <w>stå</w>
  <w>före</w>
  <w>systemet</w>
  <w>.</w>
</absapar>
<absapar id=9>
  <w>Inför</w>
  <w>en</w>
  <w>elevhälsogaranti</w>
  <w>.</w>
  <w>En</w>
  <w>sådan</w>
  <w>skulle</w>
  <w>ytterligare</w>
  <w>skärpa</w>
  <w>skolans</w>
  <w>ansvar</w>
  <w>.</w>
  <w>Den</w>
  <w>ska</w>
  <w>ge</w>
  <w>eleven</w>
  <w>rätt</w>
  <w>att</w>
  <w>inom</w>
  <w>ett</w>
  <w>dygn</w>
  <w>få</w>
  <w>kontakt</w>
  <w>med</w>
  <w>elevhälsovården</w>
  <w>.</w>
  <w>Behovet</w>
  <w>av</w>
  <w>att</w>
  <w>se</w>
  <w>varningssignalerna</w>
  <w>gäller</w>
  <w>dock</w>
  <w>inte</w>
  <w>enbart</w>
  <w>skolpersonalen</w>
  <w>.</w>
</absapar>
<absapar id=10>
  <w>Förbättra</w>
  <w>informationen</w>
  <w>till</w>
  <w>föräldrarna</w>
  <w>.</w>
  <w>Även</w>
  <w>föräldrar</w>
  <w>behöver</w>
  <w>ha</w>
  <w>större</w>
  <w>kunskap</w>
  <w>om</w>
  <w>psykisk</w>
  <w>ohälsa</w>
  <w>.</w>
</absapar>
<absapar id=11>
  <absaspan id=13>
    <w>Varje</w>
    <w>ung</w>
    <w>människa</w>
    <w>som</w>
    <w>avslutar</w>
    <w>sitt</w>
    <w>liv</w>
    <w>genom</w>
    <w>självmord</w>
  </absaspan>
  <w>är</w>
  <absaspan id=14 senti=1>
    <w>en</w>
    <w>tragedi</w>
  </absaspan>
  <w>och</w>
  <absaspan id=15 senti=1>
    <w>ett</w>
    <w>misslyckande</w>
    <w>för</w>
    <w>hela</w>
    <w>samhället</w>
  </absaspan>
  <w>.</w>
</absapar>
<absapar id=12>
  <w>För</w>
  <w>att</w>
  <w>skapa</w>
  <w>förutsättningar</w>
  <w>för</w>
  <w>föräldrar</w>
  <w>att</w>
  <w>se</w>
  <w>varningssignaler</w>
  <w>i</w>
  <w>tid</w>
  <w>,</w>
  <w>bör</w>
  <w>man</w>
  <w>överväga</w>
  <w>och</w>
  <w>undersöka</w>
  <w>nya</w>
  <w>sätt</w>
  <w>att</w>
  <w>nå</w>
  <w>ut</w>
  <w>med</w>
  <w>information</w>
  <w>till</w>
  <w>föräldrar</w>
  <w>med</w>
  <w>barn</w>
  <w>i</w>
  <w>åldrarna</w>
  <w>10</w>
  <w>till</w>
  <w>18</w>
  <w>år</w>
  <w>.</w>
</absapar>
<absapar id=13>
  <w>Skapa</w>
  <absaspan id=16 senti=4>
    <w>trygga</w>
    <w>miljöer</w>
  </absaspan>
  <w>särskilt</w>
  <w>för</w>
  <w>män</w>
  <w>.</w>
  <w>Av</w>
  <w>de</w>
  <w>1</w>
  <w>606</w>
  <w>självmord</w>
  <w>som</w>
  <w>begicks</w>
  <w>under</w>
  <w>år</w>
  <w>2013</w>
  <w>var</w>
  <w>1</w>
  <w>107</w>
  <w>män</w>
  <w>och</w>
  <w>499</w>
  <w>kvinnor</w>
  <w>.</w>
  <w>Att</w>
  <w>män</w>
  <w>avslutar</w>
  <w>sina</w>
  <w>liv</w>
  <w>i</w>
  <w>den</w>
  <w>utsträckningen</w>
  <w>måste</w>
  <w>uppmärksammas</w>
  <w>mer</w>
  <w>.</w>
</absapar>
<absapar id=14>
  <w>Det</w>
  <w>bör</w>
  <w>utredas</w>
  <w>hur</w>
  <w>det</w>
  <w>kan</w>
  <w>skapas</w>
  <w>miljöer</w>
  <w>för</w>
  <absaspan id=17>
    <w>unga</w>
    <w>män</w>
  </absaspan>
  <w>som</w>
  <absaspan id=18 senti=2>
    <w>mår</w>
    <w>dåligt</w>
  </absaspan>
  <w>där</w>
  <w>de</w>
  <w>kan</w>
  <w>få</w>
  <w>hjälp</w>
  <w>med</w>
  <w>de</w>
  <absaspan id=19>
    <w>problem</w>
  </absaspan>
  <w>som</w>
  <w>i</w>
  <w>dag</w>
  <w>ofta</w>
  <absaspan id=20 senti=2>
    <w>tystas</w>
    <w>ned</w>
  </absaspan>
  <w>och</w>
  <w>hålls</w>
  <w>gömda</w>
  <absaspan id=21>
    <w>.</w>
  </absaspan>
</absapar>
<absapar id=15>
  <w>Vi</w>
  <w>måste</w>
  <w>ta</w>
  <w>itu</w>
  <w>med</w>
  <w>problemen</w>
  <w>och</w>
  <w>se</w>
  <w>de</w>
  <w>utsatta</w>
  <w>i</w>
  <w>tid</w>
  <w>,</w>
  <w>innan</w>
  <w>tragedin</w>
  <w>är</w>
  <w>ett</w>
  <w>faktum</w>
  <absaspan id=22 senti=3>
    <w>.</w>
  </absaspan>
  <w>Ingen</w>
  <w>människa</w>
  <w>ska</w>
  <w>behöva</w>
  <w>må</w>
  <w>så</w>
  <w>dåligt</w>
  <w>att</w>
  <w>de</w>
  <w>inte</w>
  <w>ser</w>
  <w>någon</w>
  <w>annan</w>
  <w>utväg</w>
  <w>än</w>
  <w>att</w>
  <w>avsluta</w>
  <w>sitt</w>
  <w>eget</w>
  <w>liv</w>
  <absaspan id=23 senti=3>
    <w>.</w>
  </absaspan>
  <w>Vi</w>
  <w>måste</w>
  <w>alla</w>
  <w>se</w>
  <w>våra</w>
  <w>medmänniskor</w>
  <w>och</w>
  <absaspan id=24 senti=4>
    <w>vi</w>
    <w>måste</w>
    <w>skapa</w>
    <w>ett</w>
    <w>samhälle</w>
    <w>som</w>
    <w>ser</w>
    <w>och</w>
    <w>hjälper</w>
  </absaspan>
  <absaspan id=25>
    <w>de</w>
    <w>personer</w>
    <w>som</w>
    <w>befinner</w>
    <w>sig</w>
    <w>i</w>
    <w>detta</w>
    <w>mörker</w>
    <w>.</w>
  </absaspan>
</absapar>
<absapar id=16>
  <w>Vi</w>
  <w>får</w>
  <w>aldrig</w>
  <w>ge</w>
  <w>upp</w>
  <w>om</w>
  <w>att</w>
  <w>det</w>
  <w>går</w>
  <w>att</w>
  <w>komma</w>
  <w>ur</w>
  <absaspan id=26 senti=2>
    <w>detta</w>
    <w>lidande</w>
  </absaspan>
  <w>.</w>
</absapar>
<absapar id=17>
  <w>Tuve</w>
  <w>Skånberg</w>
  <w>.</w>
</absapar>
<absapar id=18>
  <w>FAKTA</w>
  <w>.</w>
</absapar>
<absapar id=19>
  <w>REN</w>
  <w>.</w>
</absapar>
<absapar id=20>
  <w>N</w>
  <w>.</w>
</absapar>
</absadoc>
