<absadoc annotators=1 senti=>
<absatitle>
  <w>Jonas</w>
  <w>Andersson</w>
  <w>kandiderar</w>
  <w>för</w>
  <w>SD</w>
  <w>i</w>
  <w>Riksdagen</w>
  <w>2018</w>
  <w>-</w>
  <w>02</w>
  <w>-</w>
  <w>28</w>
  <w>.</w>
</absatitle>
<absapar id=1>
  <absaspan id=1>
    <w>Jonas</w>
    <w>Andersson</w>
  </absaspan>
  <w>,</w>
  <w>skellefteå</w>
  <w>,</w>
  <w>känd</w>
  <w>som</w>
  <w>debattör</w>
  <w>inom</w>
  <w>migrationspolitik</w>
  <w>och</w>
  <w>ensamkommande</w>
  <w>med</w>
  <w>lång</w>
  <w>erfarenhet</w>
  <w>inom</w>
  <w>boendestöd</w>
  <w>har</w>
  <w>tagit</w>
  <w>steget</w>
  <w>och</w>
  <w>kommit</w>
  <w>ut</w>
  <w>som</w>
  <w>Sverigedemokrat</w>
  <w>och</w>
  <w>ska</w>
  <w>nu</w>
  <w>kandidera</w>
  <w>för</w>
  <w>en</w>
  <w>riksdagsplats</w>
  <w>:</w>
  <w>.</w>
</absapar>
<absapar id=2>
  <w>Vad</w>
  <w>tycker</w>
  <w>vi</w>
  <w>om</w>
  <w>detta</w>
  <w>?</w>
  <w>Vad</w>
  <w>får</w>
  <w>det</w>
  <w>för</w>
  <w>konsekvenser</w>
  <w>att</w>
  <w>en</w>
  <w>känd</w>
  <w>och</w>
  <w>synnerligen</w>
  <w>balanserad</w>
  <w>person</w>
  <w>och</w>
  <w>som</w>
  <absaspan id=2>
    <w>många</w>
  </absaspan>
  <absaspan id=3 senti=4>
    <w>tycks</w>
    <w>hysa</w>
    <w>stor</w>
    <w>respekt</w>
    <w>för</w>
  </absaspan>
  <w>,</w>
  <w>att</w>
  <w>denne</w>
  <w>tar</w>
  <w>steget</w>
  <w>och</w>
  <w>öppet</w>
  <w>deklarerar</w>
  <w>sitt</w>
  <w>stöd</w>
  <w>för</w>
  <w>SD</w>
  <w>?</w>
  <w>Det</w>
  <w>blir</w>
  <w>mycket</w>
  <w>intressant</w>
  <w>att</w>
  <w>se</w>
  <w>hur</w>
  <w>det</w>
  <w>här</w>
  <w>kommer</w>
  <w>att</w>
  <w>kommenteras</w>
  <w>.</w>
</absapar>
</absadoc>
