<absadoc annotators=1 senti=>
<absatitle>
  <w>Varför</w>
  <w>är</w>
  <w>vi</w>
  <w>inte</w>
  <w>där</w>
  <w>?</w>
</absatitle>
<absapar id=1>
  <w>I</w>
  <w>?</w>
  <w>dag</w>
  <w>möts</w>
  <w>den</w>
  <w>så</w>
  <w>kallade</w>
  <w>G20</w>
  <w>-</w>
  <w>gruppen</w>
  <w>för</w>
  <w>det</w>
  <absaspan id=1 senti=4>
    <w>viktigaste</w>
    <w>mötet</w>
    <w>hittills</w>
  </absaspan>
  <absaspan id=2>
    <w>i</w>
    <w>denna</w>
    <w>informella</w>
    <w>grupperings</w>
    <w>historia</w>
  </absaspan>
  <w>.</w>
  <w>På</w>
  <w>agendan</w>
  <w>står</w>
  <w>den</w>
  <absaspan id=3>
    <w>ekonomiska</w>
  </absaspan>
  <absaspan id=4 senti=1>
    <w>krisen</w>
  </absaspan>
  <w>.</w>
  <absaspan id=5>
    <w>Prognosen</w>
    <w>för</w>
    <w>framgång</w>
  </absaspan>
  <absaspan id=6 senti=2>
    <w>är</w>
    <w>inte</w>
    <w>gynnsam</w>
  </absaspan>
  <w>efter</w>
  <w>EU-mötets</w>
  <w>avvisande</w>
  <w>hållning</w>
  <w>till</w>
  <w>samordnade</w>
  <w>stimulansåtgärder</w>
  <w>.</w>
  <w>Norden</w>
  <w>är</w>
  <w>inte</w>
  <w>närvarande</w>
  <w>.</w>
</absapar>
<absapar id=2>
  <w>Vi</w>
  <w>befinner</w>
  <w>oss</w>
  <w>mitt</w>
  <w>i</w>
  <absaspan id=7>
    <w>den</w>
    <w>första</w>
    <w>globala</w>
    <w>ekonomiska</w>
  </absaspan>
  <absaspan id=8 senti=1>
    <w>krisen</w>
  </absaspan>
  <w>någonsin</w>
  <w>.</w>
  <w>Det</w>
  <w>enda</w>
  <w>som</w>
  <absaspan id=9 senti=4>
    <w>skulle</w>
    <w>kunna</w>
    <w>begränsa</w>
    <w>skadorna</w>
  </absaspan>
  <w>är</w>
  <absaspan id=10>
    <w>politiskt</w>
    <w>ledarskap</w>
    <w>och</w>
    <w>samarbete</w>
  </absaspan>
  <w>.</w>
</absapar>
<absapar id=3>
  <w>Samtidigt</w>
  <w>som</w>
  <w>vi</w>
  <w>ska</w>
  <w>möta</w>
  <absaspan id=11 senti=1>
    <w>finanskrisen</w>
  </absaspan>
  <w>tornar</w>
  <w>en</w>
  <absaspan id=12 senti=1>
    <w>ännu</w>
    <w>större</w>
    <w>utmaning</w>
  </absaspan>
  <w>upp</w>
  <w>sig</w>
  <w>:</w>
  <absaspan id=13>
    <w>Den</w>
    <w>globala</w>
    <w>uppvärmningen</w>
  </absaspan>
  <w>.</w>
  <absaspan id=14>
    <w>De</w>
    <w>klimatplaner</w>
    <w>som</w>
    <w>finns</w>
  </absaspan>
  <absaspan id=15 senti=1>
    <w>är</w>
    <w>med</w>
    <w>all</w>
    <w>sannolikhet</w>
    <w>helt</w>
    <w>otillräckliga</w>
  </absaspan>
  <w>och</w>
  <w>även</w>
  <w>här</w>
  <w>är</w>
  <w>det</w>
  <w>bråttom</w>
  <w>.</w>
  <w>Det</w>
  <w>kommer</w>
  <w>att</w>
  <w>krävas</w>
  <w>mycket</w>
  <w>stora</w>
  <w>insatser</w>
  <w>från</w>
  <w>världens</w>
  <w>regeringar</w>
  <w>de</w>
  <w>närmaste</w>
  <w>åren</w>
  <w>om</w>
  <absaspan id=16>
    <w>katastrofer</w>
    <w>och</w>
    <w>höga</w>
    <w>kostnader</w>
  </absaspan>
  <absaspan id=17 senti=3>
    <w>ska</w>
    <w>kunna</w>
    <w>undvikas</w>
  </absaspan>
  <w>.</w>
</absapar>
<absapar id=4>
  <w>Den</w>
  <absaspan id=18>
    <w>ekonomiska</w>
  </absaspan>
  <absaspan id=19 senti=1>
    <w>krisen</w>
  </absaspan>
  <w>kan</w>
  <w>erbjuda</w>
  <w>en</w>
  <w>ny</w>
  <w>möjlighet</w>
  <w>:</w>
  <w>För</w>
  <w>att</w>
  <w>stoppa</w>
  <w>det</w>
  <w>branta</w>
  <w>efterfrågefallet</w>
  <w>i</w>
  <w>ekonomierna</w>
  <w>krävs</w>
  <w>en</w>
  <w>omfattande</w>
  <w>och</w>
  <w>globalt</w>
  <w>samordnad</w>
  <w>stimulanspolitik</w>
  <w>.</w>
  <absaspan id=20>
    <w>Om</w>
    <w>stimulansen</w>
    <w>får</w>
    <w>ett</w>
    <w>innehåll</w>
    <w>som</w>
    <w>snabbar</w>
    <w>upp</w>
    <w>omställningen</w>
    <w>till</w>
    <w>ett</w>
    <w>fossilfritt</w>
    <w>samhälle</w>
  </absaspan>
  <absaspan id=21 senti=4>
    <w>kan</w>
    <w>man</w>
    <w>uppnå</w>
    <w>långsiktigt</w>
    <w>gynnsamma</w>
    <w>effekter</w>
  </absaspan>
  <w>för</w>
  <w>både</w>
  <w>klimatet</w>
  <w>och</w>
  <w>ekonomin</w>
  <w>.</w>
</absapar>
<absapar id=5>
  <w>För</w>
  <w>att</w>
  <absaspan id=22 senti=2>
    <w>bryta</w>
  </absaspan>
  <absaspan id=23>
    <w>beroendet</w>
    <w>av</w>
    <w>fossila</w>
    <w>bränslen</w>
  </absaspan>
  <w>krävs</w>
  <w>stora</w>
  <w>offentliga</w>
  <w>investeringar</w>
  <w>i</w>
  <w>transportsystem</w>
  <w>,</w>
  <w>boende</w>
  <w>,</w>
  <w>energieffektivisering</w>
  <w>,</w>
  <w>infrastruktur</w>
  <w>och</w>
  <w>förnyelsebar</w>
  <w>energiproduktion</w>
  <w>.</w>
  <w>Det</w>
  <w>är</w>
  <w>också</w>
  <absaspan id=24>
    <w>offentliga</w>
    <w>investeringar</w>
  </absaspan>
  <w>som</w>
  <absaspan id=25 senti=5>
    <w>kan</w>
    <w>ge</w>
    <w>de</w>
    <w>bästa</w>
    <w>effekterna</w>
  </absaspan>
  <w>för</w>
  <w>den</w>
  <w>ekonomiska</w>
  <w>tillväxten</w>
  <w>.</w>
</absapar>
<absapar id=6>
  <absaspan id=26>
    <w>Den</w>
    <w>globala</w>
    <w>uppvärmningen</w>
  </absaspan>
  <w>och</w>
  <w>dess</w>
  <absaspan id=27 senti=2>
    <w>risker</w>
  </absaspan>
  <w>har</w>
  <w>varit</w>
  <w>kända</w>
  <w>i</w>
  <w>20</w>
  <w>år</w>
  <w>.</w>
  <w>Trots</w>
  <w>detta</w>
  <w>har</w>
  <w>det</w>
  <w>inte</w>
  <w>hänt</w>
  <w>särskilt</w>
  <w>mycket</w>
  <w>för</w>
  <w>att</w>
  <w>styra</w>
  <w>konsumtion</w>
  <w>och</w>
  <w>produktion</w>
  <w>bort</w>
  <w>från</w>
  <w>ökande</w>
  <w>koldioxidutsläpp</w>
  <w>.</w>
</absapar>
<absapar id=7>
  <absaspan id=28 senti=2>
    <w>Det</w>
    <w>räcker</w>
    <w>sannolikt</w>
    <w>inte</w>
  </absaspan>
  <w>att</w>
  <absaspan id=29>
    <w>reducera</w>
    <w>utsläppen</w>
    <w>till</w>
    <w>nära</w>
    <w>noll</w>
    <w>2050</w>
  </absaspan>
  <w>,</w>
  <w>de</w>
  <w>rika</w>
  <w>länderna</w>
  <w>måste</w>
  <w>snart</w>
  <w>börja</w>
  <w>ta</w>
  <w>hem</w>
  <w>CO2</w>
  <w>från</w>
  <w>atmosfären</w>
  <w>.</w>
  <w>Stockholm</w>
  <w>Environment</w>
  <w>Institute</w>
  <w>har</w>
  <w>visat</w>
  <w>att</w>
  <w>ett</w>
  <w>land</w>
  <w>som</w>
  <w>Sverige</w>
  <w>borde</w>
  <w>minska</w>
  <w>sina</w>
  <w>utsläpp</w>
  <w>med</w>
  <w>100</w>
  <w>procent</w>
  <w>fram</w>
  <w>till</w>
  <w>2020</w>
  <w>–</w>
  <w>genom</w>
  <w>åtgärder</w>
  <w>hemma</w>
  <w>,</w>
  <w>bistånd</w>
  <w>,</w>
  <w>handel</w>
  <w>och</w>
  <w>investeringar</w>
  <w>.</w>
</absapar>
<absapar id=8>
  <absaspan id=30>
    <w>De</w>
    <w>nordiska</w>
    <w>länderna</w>
  </absaspan>
  <absaspan id=31 senti=4>
    <w>skulle</w>
    <w>tillsammans</w>
    <w>kunna</w>
    <w>spela</w>
    <w>en</w>
    <w>nyckelroll</w>
  </absaspan>
  <w>för</w>
  <w>att</w>
  <w>dessa</w>
  <w>genomgripande</w>
  <w>och</w>
  <w>komplexa</w>
  <w>processer</w>
  <w>ska</w>
  <w>ta</w>
  <w>fart</w>
  <w>.</w>
  <w>Men</w>
  <w>det</w>
  <w>förutsätter</w>
  <w>en</w>
  <w>helt</w>
  <w>annan</w>
  <absaspan id=32 senti=4>
    <w>vilja</w>
  </absaspan>
  <w>till</w>
  <absaspan id=33>
    <w>samarbete</w>
    <w>.</w>
  </absaspan>
  <w>Tillsammans</w>
  <w>skulle</w>
  <w>Norden</w>
  <w>också</w>
  <w>kunna</w>
  <w>få</w>
  <w>en</w>
  <w>plats</w>
  <w>i</w>
  <w>G20</w>
  <w>-</w>
  <w>gruppen</w>
  <w>–</w>
  <w>om</w>
  <absaspan id=34>
    <w>regeringarna</w>
  </absaspan>
  <absaspan id=35 senti=4>
    <w>ville</w>
    <w>och</w>
    <w>kunde</w>
    <w>enas</w>
    <w>om</w>
  </absaspan>
  <w>en</w>
  <absaspan id=36>
    <w>gemensam</w>
    <w>representant</w>
  </absaspan>
  <w>.</w>
</absapar>
<absapar id=9>
  <absaspan id=37 senti=4>
    <w>Det</w>
    <w>kändes</w>
    <w>hoppfullt</w>
  </absaspan>
  <w>när</w>
  <absaspan id=38>
    <w>de</w>
    <w>nordiska</w>
    <w>statsministrarna</w>
    <w>i</w>
    <w>juni</w>
    <w>2007</w>
    <w>möttes</w>
    <w>i</w>
    <w>Punkaharju</w>
    <w>och</w>
    <w>kom</w>
    <w>överens</w>
    <w>om</w>
    <w>att</w>
    <w>fördjupa</w>
    <w>sitt</w>
    <w>samarbete</w>
    <w>för</w>
    <w>en</w>
    <w>global</w>
    <w>politik</w>
  </absaspan>
  <w>.</w>
  <w>Men</w>
  <w>så</w>
  <w>värst</w>
  <w>mycket</w>
  <w>har</w>
  <w>inte</w>
  <w>hänt</w>
  <w>.</w>
  <w>Inte</w>
  <w>heller</w>
  <w>när</w>
  <w>de</w>
  <w>fem</w>
  <w>nordiska</w>
  <w>statsministrarna</w>
  <w>nyligen</w>
  <w>möttes</w>
  <w>på</w>
  <w>Island</w>
  <w>för</w>
  <w>att</w>
  <w>diskutera</w>
  <w>den</w>
  <w>ekonomiska</w>
  <w>krisen</w>
  <w>och</w>
  <w>klimatet</w>
  <w>ledde</w>
  <w>det</w>
  <w>till</w>
  <w>några</w>
  <w>statsmannamässiga</w>
  <w>initiativ</w>
  <w>.</w>
</absapar>
<absapar id=10>
  <absaspan id=39>
    <w>Norden</w>
  </absaspan>
  <w>skulle</w>
  <w>kunna</w>
  <w>agera</w>
  <w>pådrivande</w>
  <w>och</w>
  <absaspan id=40 senti=4>
    <w>bidra</w>
    <w>till</w>
    <w>ett</w>
    <w>bättre</w>
    <w>ledarskap</w>
  </absaspan>
  <w>på</w>
  <w>många</w>
  <w>sätt</w>
  <w>.</w>
  <absaspan id=41>
    <w>Norden</w>
  </absaspan>
  <absaspan id=42 senti=5>
    <w>ses</w>
    <w>på</w>
    <w>med</w>
    <w>stor</w>
    <w>respekt</w>
  </absaspan>
  <w>i</w>
  <absaspan id=43>
    <w>omvärlden</w>
  </absaspan>
  <w>,</w>
  <w>vår</w>
  <absaspan id=44>
    <w>ekonomiska</w>
    <w>utveckling</w>
    <w>,</w>
    <w>välfärd</w>
    <w>och</w>
    <w>rättvisa</w>
  </absaspan>
  <w>lyfts</w>
  <w>ofta</w>
  <w>fram</w>
  <w>som</w>
  <absaspan id=45 senti=5>
    <w>föredöme</w>
  </absaspan>
  <absaspan id=46>
    <w>för</w>
    <w>andra</w>
    <w>länder</w>
  </absaspan>
  <w>.</w>
  <absaspan id=47 senti=4>
    <w>Vi</w>
    <w>har</w>
    <w>legitimitet</w>
  </absaspan>
  <w>att</w>
  <absaspan id=48>
    <w>utöva</w>
    <w>inflytande</w>
  </absaspan>
  <w>men</w>
  <absaspan id=49>
    <w>vi</w>
  </absaspan>
  <absaspan id=50 senti=2>
    <w>utnyttjar</w>
    <w>det</w>
    <w>inte</w>
  </absaspan>
  <w>.</w>
</absapar>
<absapar id=11>
  <w>Om</w>
  <w>inte</w>
  <w>vi</w>
  <w>klarar</w>
  <w>av</w>
  <w>att</w>
  <w>samarbeta</w>
  <w>,</w>
  <w>hur</w>
  <w>kan</w>
  <w>vi</w>
  <w>då</w>
  <w>tro</w>
  <w>att</w>
  <w>Europas</w>
  <w>alla</w>
  <w>länder</w>
  <w>ska</w>
  <w>kunna</w>
  <w>göra</w>
  <w>det</w>
  <w>?</w>
  <w>Eller</w>
  <w>att</w>
  <w>resten</w>
  <w>av</w>
  <w>världen</w>
  <w>ska</w>
  <w>kunna</w>
  <w>hantera</w>
  <absaspan id=51 senti=2>
    <w>klimathotet</w>
  </absaspan>
  <w>tillsammans</w>
  <w>.</w>
</absapar>
<absapar id=12>
  <w>Norden</w>
  <w>bör</w>
  <w>gå</w>
  <w>före</w>
  <w>med</w>
  <absaspan id=52 senti=4>
    <w>starka</w>
  </absaspan>
  <absaspan id=53>
    <w>styrmedel</w>
  </absaspan>
  <w>för</w>
  <w>att</w>
  <w>bryta</w>
  <w>utsläppskurvorna</w>
  <w>.</w>
  <w>Det</w>
  <absaspan id=54 senti=4>
    <w>stimulerar</w>
  </absaspan>
  <absaspan id=55>
    <w>vår</w>
    <w>egen</w>
    <w>strukturomvandling</w>
  </absaspan>
  <w>och</w>
  <absaspan id=56 senti=4>
    <w>stärker</w>
  </absaspan>
  <w>på</w>
  <w>sikt</w>
  <absaspan id=57>
    <w>vår</w>
    <w>konkurrenskraft</w>
  </absaspan>
  <w>.</w>
</absapar>
<absapar id=13>
  <w>Vi</w>
  <w>bör</w>
  <w>samarbeta</w>
  <w>om</w>
  <w>forskning</w>
  <w>och</w>
  <w>innovation</w>
  <w>.</w>
  <w>Bygg</w>
  <w>ut</w>
  <w>det</w>
  <w>nordiska</w>
  <w>så</w>
  <w>kallade</w>
  <w>toppforskningsinitiativet</w>
  <w>.</w>
  <w>Lägg</w>
  <w>mer</w>
  <w>resurser</w>
  <w>på</w>
  <w>innovation</w>
  <w>för</w>
  <w>energisparande</w>
  <w>och</w>
  <w>förnyelsebar</w>
  <w>energi</w>
  <w>och</w>
  <w>på</w>
  <w>utveckling</w>
  <w>av</w>
  <w>fossilfria</w>
  <w>transportsystem</w>
  <w>.</w>
</absapar>
<absapar id=14>
  <w>Det</w>
  <absaspan id=58 senti=4>
    <w>är</w>
    <w>nu</w>
    <w>vi</w>
    <w>har</w>
    <w>chansen</w>
  </absaspan>
  <w>att</w>
  <absaspan id=59>
    <w>göra</w>
    <w>något</w>
  </absaspan>
  <w>.</w>
  <w>Vad</w>
  <w>som</w>
  <w>krävs</w>
  <w>är</w>
  <w>att</w>
  <absaspan id=60>
    <w>regeringarna</w>
  </absaspan>
  <absaspan id=61 senti=2>
    <w>slutar</w>
    <w>tänka</w>
    <w>nationellt</w>
    <w>och</w>
    <w>kortsiktigt</w>
  </absaspan>
  <w>,</w>
  <w>formulerar</w>
  <w>mandat</w>
  <w>och</w>
  <w>sätter</w>
  <w>av</w>
  <w>resurser</w>
  <w>och</w>
  <w>kompetens</w>
  <w>för</w>
  <w>att</w>
  <w>genomföra</w>
  <w>omställningen</w>
  <w>.</w>
  <w>Kort</w>
  <w>sagt</w>
  <w>,</w>
  <w>visar</w>
  <w>ledarskap</w>
  <w>.</w>
  <w>Vad</w>
  <w>väntar</w>
  <w>ni</w>
  <w>på</w>
  <w>?</w>
  <w>.</w>
</absapar>
<absapar id=15>
  <w>Dagens</w>
  <w>debattörer</w>
  <w>.</w>
</absapar>
<absapar id=16>
  <w>Svend</w>
  <w>AukenSinikka</w>
  <w>BohlinKristina</w>
  <w>PerssonUlf</w>
  <w>Sundqvist</w>
  <w>.</w>
</absapar>
</absadoc>
